# File generated by FabConvert.com - Free Image and 3D model conversion tools

mtllib mtl/bb_corn.mtl

o obj1
v -0.40774248 1.93091178 0.22086858
v -0.45351084 1.89327609 0.19018043
v -0.48962987 1.85384416 0.1933884
v -0.46670404 1.89473162 0.14665386
v -0.44495263 1.93501723 0.0981062
v -0.49926173 1.85490696 0.16161149
v 0.44030638 2.08197742 0.38684923
v 0.47203987 2.02772404 0.40926573
v 0.50780387 1.98888581 0.40019562
v 0.46763095 2.00705622 0.44956636
v 0.42787142 2.0236857 0.50051324
v 0.50458501 1.9737971 0.42961736
v -0.33708381 2.18627588 0.23838244
v -0.38870019 2.15384243 0.21123877
v -0.4288364 2.11889599 0.21736913
v -0.40433525 2.15631743 0.16857539
v -0.3811809 2.19325623 0.11805465
v -0.44025086 2.12070297 0.18622243
v 0.04320385 2.38029224 0.32357864
v 0.00753749 2.36106809 0.34314828
v -0.00520852 2.3378398 0.36769969
v -0.02221803 2.36571496 0.33727292
v -0.04071871 2.39339817 0.30700771
v -0.0269318 2.34123225 0.36341032
v -0.10196392 2.3487059 -0.22923075
v -0.0778419 2.32604238 -0.2597122
v -0.07668155 2.30013818 -0.28485995
v -0.04828411 2.32964942 -0.26711703
v -0.01859909 2.35887902 -0.25011541
v -0.05510271 2.30277147 -0.2902659
v -0.20447601 2.36918143 0.22234359
v -0.23983288 2.34995723 0.20222024
v -0.26742265 2.32672888 0.20422894
v -0.25042047 2.35460408 0.1737981
v -0.23433723 2.38228736 0.14218185
v -0.27515223 2.33012134 0.18347915
v 0.28689515 2.35946009 -0.0014677
v 0.31236311 2.34023599 0.03025681
v 0.33875539 2.31700778 0.03854395
v 0.31174618 2.34488299 0.06058053
v 0.28515502 2.37256619 0.08405752
v 0.33830497 2.32040027 0.06068203
v 0.19870103 1.59803793 -0.08653223
v 0.20683723 1.57842157 -0.08478214
v 0.20711074 1.56224396 -0.09033495
v 0.2169559 1.57364827 -0.07550969
v 0.22723969 1.58457534 -0.06038016
v 0.21449795 1.55875925 -0.08356554
v 0.26902911 1.56157015 0.02624442
v 0.27208314 1.54938986 0.04345988
v 0.27450014 1.53375575 0.04996801
v 0.27295479 1.55349315 0.05737218
v 0.27148759 1.57314323 0.06548277
v 0.27513649 1.53675145 0.06012483
v 0.22992915 1.61520925 0.16857711
v 0.21625377 1.62032724 0.18409642
v 0.20845992 1.6158811 0.19866039
v 0.20852019 1.63253206 0.18564061
v 0.2081175 1.6496317 0.17293241
v 0.20281399 1.62479132 0.19978779
v -0.10856951 1.18652016 0.33857049
v -0.12154839 1.16329524 0.33658764
v -0.12178001 1.14219685 0.3402649
v -0.13794857 1.16010278 0.32938757
v -0.1548245 1.17751632 0.31826326
v -0.13375311 1.13986626 0.3350084
v -0.24325151 1.17066704 0.23186925
v -0.25572385 1.1595762 0.21105543
v -0.26344313 1.14188666 0.20177059
v -0.26200442 1.16767983 0.19602607
v -0.26096504 1.19352274 0.18948034
v -0.26802828 1.1478029 0.19079827
v -0.24962691 1.26464451 0.05926694
v -0.23939402 1.27334727 0.03621631
v -0.23697533 1.27046867 0.01513123
v -0.22929134 1.2881804 0.03323124
v -0.22113308 1.30647997 0.05084805
v -0.22959976 1.28129776 0.01295204
v 0.4856497 0.82906261 -0.00997183
v 0.52237245 0.7975562 0.05972543
v 0.56949381 0.75651558 0.08682958
v 0.51001894 0.80892952 0.11509451
v 0.45080787 0.86114015 0.14619113
v 0.56047504 0.76481868 0.12725216
v 0.46069866 1.35685814 0.15913333
v 0.49243221 1.31466854 0.19994965
v 0.52819619 1.27521907 0.20581554
v 0.48802326 1.31028979 0.24502878
v 0.44826379 1.34450822 0.28627471
v 0.52497736 1.27202225 0.23872593
v -0.21678113 0.61363521 0.56643104
v -0.25993259 0.56400998 0.57775611
v -0.270691 0.51781367 0.60265374
v -0.30182857 0.55859903 0.56083887
v -0.33494454 0.59837432 0.51871769
v -0.30127738 0.51386331 0.59030318
v -0.35806321 1.02422999 -0.22696153
v -0.32672693 1.0043716 -0.28242895
v -0.32547733 0.97156821 -0.3247623
v -0.28800356 1.02031058 -0.30023875
v -0.2488475 1.06918424 -0.27719244
v -0.29720699 0.98320452 -0.33776449
v -0.11668153 0.65467936 -0.3568001
v -0.09343339 0.61416073 -0.40445215
v -0.10307978 0.57469778 -0.43937178
v -0.05133443 0.61194777 -0.42158493
v 0.0020543 0.64843804 -0.40512124
v -0.07234516 0.57308227 -0.45187951
v -0.30865992 1.13786164 0.22414444
v -0.36115023 1.10614753 0.1978397
v -0.40194062 1.07211539 0.20474665
v -0.37708212 1.10839148 0.15527352
v -0.35359418 1.14419054 0.10409067
v -0.4135718 1.07375367 0.17367089
v 0.09162077 0.8457756 0.50319277
v 0.03370152 0.82202495 0.52630611
v 0.00818627 0.78780146 0.55867077
v -0.00852825 0.83475314 0.51510868
v -0.02748403 0.88167454 0.47161152
v -0.02264385 0.79709386 0.55049596
v -0.1594896 1.00672706 -0.16749511
v -0.16079312 0.98221553 -0.17794824
v -0.1701604 0.96295546 -0.17808399
v -0.15062464 0.97504394 -0.19122108
v -0.13081039 0.9865003 -0.2049298
v -0.16273681 0.95771988 -0.18777393
v -0.02932389 0.94547781 -0.2627899
v -0.00999107 0.9277849 -0.26778851
v -0.00443511 0.90740982 -0.27135248
v 0.00784854 0.93079319 -0.26971103
v 0.02099106 0.95396234 -0.26821208
v 0.00858886 0.90960604 -0.27275596
v 0.15788283 0.98996789 -0.22231351
v 0.17875704 0.99375887 -0.20613709
v 0.19663423 0.98590354 -0.19733854
v 0.18299912 1.00856775 -0.1964573
v 0.16984709 1.0317349 -0.19501248
v 0.19973119 0.99671499 -0.19027177
v -0.01406665 2.15415663 0.09179736
v -0.01291853 2.22122896 0.09033388
v -0.02729962 2.22053591 0.04728856
v -0.02844774 2.15346358 0.04875204
v -0.02844774 2.15346358 0.04875204
v -0.02729962 2.22053591 0.04728856
v -0.00261298 2.21928271 0.00922028
v -0.0037611 2.15221038 0.01068375
v 0.04255179 2.21841304 0.0047952
v 0.04140367 2.15134071 0.00625867
v 0.07418474 2.21858179 0.03734553
v 0.07303662 2.15150946 0.03880901
v 0.07303662 2.15150946 0.03880901
v 0.07418474 2.21858179 0.03734553
v 0.06846558 2.21966188 0.08236018
v 0.06731746 2.15258955 0.08382365
v 0.02970099 2.22083998 0.10594224
v 0.02855287 2.15376765 0.10740571
v 0.02855287 2.15376765 0.10740571
v 0.02970099 2.22083998 0.10594224
v -0.00373752 2.29139173 0.08104789
v -0.01506032 2.29084606 0.04715655
v -0.01506032 2.29084606 0.04715655
v 0.00437646 2.28985936 0.01718381
v 0.03993653 2.28917464 0.01369975
v 0.06484247 2.2893075 0.03932799
v 0.06484247 2.2893075 0.03932799
v 0.06033954 2.2901579 0.07476987
v 0.02981857 2.29108547 0.09333696
v 0.02981857 2.29108547 0.09333696
v 0.01893232 2.34863391 0.05872021
v 0.01592204 2.34848884 0.04970978
v 0.01592204 2.34848884 0.04970978
v 0.02108955 2.34822651 0.04174121
v 0.03054359 2.34804447 0.04081494
v 0.0371651 2.34807979 0.04762848
v 0.0371651 2.34807979 0.04762848
v 0.03596794 2.34830588 0.05705109
v 0.02785362 2.34855249 0.06198739
v 0.02785362 2.34855249 0.06198739
v -0.02966852 2.08214617 0.05030814
v -0.01528744 2.08283922 0.09335346
v -0.00498189 2.08089296 0.01223985
v -0.02966852 2.08214617 0.05030814
v 0.04018288 2.0800233 0.00781477
v 0.07181583 2.08019205 0.04036511
v 0.06609667 2.08127213 0.08537975
v 0.07181583 2.08019205 0.04036511
v 0.02733208 2.08245024 0.10896181
v 0.02733208 2.08245024 0.10896181
v -0.01981133 2.01780345 0.05310434
v -0.00846714 2.01835015 0.0870597
v -0.00033784 2.01681489 0.023075
v -0.01981133 2.01780345 0.05310434
v 0.03528941 2.01612887 0.01958437
v 0.06024238 2.01626199 0.045261
v 0.05573095 2.01711399 0.08076984
v 0.06024238 2.01626199 0.045261
v 0.02515234 2.01804331 0.099372
v 0.02515234 2.01804331 0.099372
v 0.01108808 1.95519716 0.05853232
v 0.01357233 1.95531688 0.06596816
v 0.01535254 1.95498068 0.05195627
v 0.01108808 1.95519716 0.05853232
v 0.02315449 1.95483045 0.05119186
v 0.0286189 1.9548596 0.05681474
v 0.02763094 1.95504618 0.06459076
v 0.0286189 1.9548596 0.05681474
v 0.02093461 1.95524969 0.06866441
v 0.02093461 1.95524969 0.06866441
v 0.00478536 1.32768157 0.0419187
v 0.00397188 1.3271338 0.04193706
v -0.13097322 1.50177281 0.01607227
v -0.11769386 1.507547 0.04496392
v -0.18817038 1.6901096 -0.00757407
v -0.158446 1.69167143 0.02691498
v -0.20472496 1.8273605 0.0178662
v -0.29051686 1.83654402 -0.01332848
v -0.37474573 1.91284693 0.03555359
v -0.2681687 1.89207996 0.0320298
v -0.23017439 1.90120055 0.11998794
v -0.24917154 1.89664013 0.07600883
v -0.4972797 1.85110498 0.17824955
v -0.2681687 1.89207996 0.0320298
v -0.37474573 1.91284693 0.03555359
v 0.02541073 1.33645598 0.0885814
v 0.02588262 1.3368552 0.08781973
v -0.08388493 1.52224799 0.11852166
v -0.07060562 1.52802223 0.14741328
v 0.01614399 1.3310612 0.06473818
v -0.1007894 1.5148975 0.08174279
v -0.31467865 1.92277167 0.21814394
v -0.40774248 1.93091178 0.22086858
v -0.37169278 1.90310692 0.03507868
v -0.42884997 1.91575083 0.09214275
v -0.54061729 1.80109133 0.18971274
v -0.20985573 1.85906422 0.18570225
v -0.16877221 1.83739819 0.10657938
v -0.23017439 1.90120055 0.11998794
v -0.31467865 1.92277167 0.21814394
v -0.18674853 1.83237926 0.06222282
v -0.24917154 1.89664013 0.07600883
v -0.49203936 1.84809483 0.15919453
v -0.53339468 1.79427892 0.18729568
v -0.4824075 1.84703176 0.19097145
v -0.3930308 1.91327775 0.21495073
v -0.29223858 1.82663757 -0.01150978
v -0.37169278 1.90310692 0.03507868
v -0.31602163 1.91168439 0.21703986
v -0.3930308 1.91327775 0.21495073
v -0.31602163 1.91168439 0.21703986
v -0.21157755 1.84915772 0.18752091
v -0.1255314 1.71401608 0.16085915
v -0.12746627 1.70420745 0.16297093
v -0.07799699 1.52257627 0.15189897
v 0.02359455 1.33511781 0.08968362
v 0.00215563 1.32579558 0.04303929
v -0.13836459 1.49632675 0.02055796
v -0.44495263 1.93501723 0.0981062
v -0.42884997 1.91575083 0.09214275
v -0.18817038 1.6901096 -0.00757407
v -0.19010525 1.68030092 -0.00546229
v -0.29223858 1.82663757 -0.01150978
v -0.29051686 1.83654402 -0.01332848
v -0.158446 1.69167143 0.02691498
v -0.20472496 1.8273605 0.0178662
v -0.1255314 1.71401608 0.16085915
v -0.12519052 1.7043635 0.11633737
v -0.16877221 1.83739819 0.10657938
v -0.20985573 1.85906422 0.18570225
v -0.14181827 1.69801756 0.0716262
v -0.18674853 1.83237926 0.06222282
v -0.14181827 1.69801756 0.0716262
v -0.12519052 1.7043635 0.11633737
v -0.21157755 1.84915772 0.18752091
v -0.12746627 1.70420745 0.16297093
v -0.19010525 1.68030092 -0.00546229
v 0.00862085 1.53809943 0.0971339
v 0.00939584 1.53749809 0.09713701
v 0.11916045 1.65708071 0.24889281
v 0.11770927 1.67742438 0.22382417
v 0.15750279 1.80209029 0.37852155
v 0.14310437 1.82392328 0.34121902
v 0.17845443 1.93122656 0.42994086
v 0.24561535 1.91134706 0.48920228
v 0.33982847 1.98698283 0.5158338
v 0.24058589 1.98421858 0.47172467
v 0.23866532 2.03835741 0.39217171
v 0.23962555 2.01128798 0.43194809
v 0.50919508 1.97836628 0.41370894
v 0.24058589 1.98421858 0.47172467
v 0.33982847 1.98698283 0.5158338
v 0.00705298 1.57034209 0.05666484
v 0.00631539 1.57041997 0.05730663
v 0.11401445 1.72921906 0.15999978
v 0.11256341 1.74956276 0.13493115
v 0.00670502 1.55327218 0.07646319
v 0.11586186 1.70332172 0.19191201
v 0.35348768 2.08847562 0.35286632
v 0.44030638 2.08197742 0.38684923
v 0.33711177 1.97872501 0.51046335
v 0.41128403 2.00666938 0.49044518
v 0.55508294 1.93287025 0.39539693
v 0.2461244 2.03465125 0.31193878
v 0.17868142 1.9861864 0.35092992
v 0.23866532 2.03835741 0.39217171
v 0.35348768 2.08847562 0.35286632
v 0.1785679 1.95870653 0.39043541
v 0.23962555 2.01128798 0.43194809
v 0.4971897 1.96788418 0.42577595
v 0.54768728 1.92695732 0.39155537
v 0.50040839 1.98297278 0.3963541
v 0.42497406 2.06618937 0.37801358
v 0.24818956 1.90322577 0.48356056
v 0.33711177 1.97872501 0.51046335
v 0.35463446 2.07804914 0.34887618
v 0.42497406 2.06618937 0.37801358
v 0.35463446 2.07804914 0.34887618
v 0.24869881 2.02653006 0.30629709
v 0.16298767 1.90978629 0.23279448
v 0.16586759 1.90185019 0.22703786
v 0.12126188 1.74565701 0.13125803
v 0.00919047 1.56938233 0.05576227
v 0.01153333 1.53653838 0.09623444
v 0.12785905 1.65317498 0.24521973
v 0.42787142 2.0236857 0.50051324
v 0.41128403 2.00666938 0.49044518
v 0.15750279 1.80209029 0.37852155
v 0.16038271 1.79415428 0.372765
v 0.24818956 1.90322577 0.48356056
v 0.24561535 1.91134706 0.48920228
v 0.14310437 1.82392328 0.34121902
v 0.17845443 1.93122656 0.42994086
v 0.16298767 1.90978629 0.23279448
v 0.14601639 1.88109982 0.26385144
v 0.17868142 1.9861864 0.35092992
v 0.2461244 2.03465125 0.31193878
v 0.14456038 1.85251156 0.30253523
v 0.1785679 1.95870653 0.39043541
v 0.14456038 1.85251156 0.30253523
v 0.14601639 1.88109982 0.26385144
v 0.24869881 2.02653006 0.30629709
v 0.16586759 1.90185019 0.22703786
v 0.16038271 1.79415428 0.372765
v -0.00855704 1.53733992 0.04592131
v -0.00942531 1.5368902 0.04599926
v -0.12477613 1.72566865 0.02514663
v -0.10914085 1.730197 0.05306509
v -0.16133495 1.91907731 0.00152611
v -0.12952943 1.91758238 0.03410896
v -0.16039608 2.057604 0.02537093
v -0.24634791 2.07629937 -0.0007149
v -0.31803472 2.16239364 0.05177181
v -0.2149778 2.12939021 0.04216077
v -0.17076124 2.13505725 0.12746126
v -0.19286956 2.13222368 0.08481094
v -0.43768191 2.11688776 0.20277705
v -0.2149778 2.12939021 0.04216077
v -0.31803472 2.16239364 0.05177181
v 0.01581717 1.54420105 0.09107241
v 0.01628316 1.5445343 0.09027619
v -0.06933365 1.74172626 0.12414511
v -0.05369833 1.74625471 0.1520636
v 0.0045193 1.53964283 0.06794115
v -0.08923723 1.73596164 0.08860512
v -0.24592417 2.16738693 0.230156
v -0.33708381 2.18627588 0.23838244
v -0.3161561 2.15236096 0.05129322
v -0.36780185 2.1721883 0.11148228
v -0.48567339 2.07236132 0.2177815
v -0.15134562 2.09160675 0.1925902
v -0.1180511 2.06442689 0.11153198
v -0.17076124 2.13505725 0.12746126
v -0.24592417 2.16738693 0.230156
v -0.13922357 2.06101529 0.06845148
v -0.19286956 2.13222368 0.08481094
v -0.43402393 2.11307341 0.18349785
v -0.47944625 2.06473155 0.21505678
v -0.42260944 2.11126621 0.21464451
v -0.32489346 2.16699087 0.23190979
v -0.24907864 2.06668021 0.0013889
v -0.3161561 2.15236096 0.05129322
v -0.24859776 2.15651783 0.22934184
v -0.32489346 2.16699087 0.23190979
v -0.24859776 2.15651783 0.22934184
v -0.1540764 2.08198769 0.19469397
v -0.08595446 1.93749773 0.1653656
v -0.08886688 1.92800401 0.16777296
v -0.061371 1.74175263 0.15709079
v 0.01393177 1.54309482 0.09230772
v -0.01131071 1.53578392 0.04723457
v -0.13244885 1.72116645 0.03017394
v -0.3811809 2.19325623 0.11805465
v -0.36780185 2.1721883 0.11148228
v -0.16133495 1.91907731 0.00152611
v -0.16424737 1.90958342 0.00393347
v -0.24907864 2.06668021 0.0013889
v -0.24634791 2.07629937 -0.0007149
v -0.12952943 1.91758238 0.03410896
v -0.16039608 2.057604 0.02537093
v -0.08595446 1.93749773 0.1653656
v -0.08950934 1.9273619 0.12109251
v -0.1180511 2.06442689 0.11153198
v -0.15134562 2.09160675 0.1925902
v -0.10951934 1.92247233 0.07760073
v -0.13922357 2.06101529 0.06845148
v -0.10951934 1.92247233 0.07760073
v -0.08950934 1.9273619 0.12109251
v -0.1540764 2.08198769 0.19469397
v -0.08886688 1.92800401 0.16777296
v -0.16424737 1.90958342 0.00393347
v 0.0071839 1.95217143 0.0537648
v 0.00689616 1.95187793 0.054283
v -0.03356369 2.08166959 0.11727382
v -0.0118123 2.08267127 0.11813136
v -0.04772137 2.21353611 0.13400674
v -0.01801413 2.20994728 0.12705996
v -0.02501504 2.30494368 0.14463471
v -0.06888241 2.32048836 0.18539374
v -0.05850866 2.37598407 0.24680901
v -0.02999633 2.35287286 0.18341269
v 0.0347024 2.35050641 0.18791358
v 0.00235308 2.35168967 0.18566313
v -0.01679064 2.33756718 0.36764663
v -0.02999633 2.35287286 0.18341269
v -0.05850866 2.37598407 0.24680901
v 0.04201286 1.95349515 0.05566743
v 0.04174097 1.95376282 0.05512715
v 0.0435664 2.08522159 0.1203145
v 0.06531779 2.08622332 0.12117204
v 0.0245206 1.95209858 0.05398639
v 0.01587705 2.08394646 0.11922296
v 0.06923078 2.36674617 0.26780728
v 0.04320385 2.38029224 0.32357864
v -0.0587564 2.36925373 0.24535503
v -0.04112344 2.37947821 0.29657185
v -0.02780839 2.30745985 0.39963316
v 0.07606973 2.31685955 0.1986388
v 0.03959388 2.30332623 0.15053844
v 0.0347024 2.35050641 0.18791358
v 0.06923078 2.36674617 0.26780728
v 0.00728943 2.30413493 0.14758659
v 0.00235308 2.35168967 0.18566313
v -0.02679173 2.33619216 0.35871454
v -0.02766823 2.3024197 0.39493729
v -0.00506847 2.33279955 0.36300386
v 0.04255214 2.36758062 0.31389868
v -0.06923948 2.31394002 0.18750689
v -0.0587564 2.36925373 0.24535503
v 0.06714382 2.35954604 0.26884075
v 0.04255214 2.36758062 0.31389868
v 0.06714382 2.35954604 0.26884075
v 0.07571274 2.31031126 0.20075194
v 0.07367815 2.21419417 0.14830476
v 0.07343927 2.20771319 0.15063134
v 0.06522648 2.08299653 0.12725908
v 0.04199042 1.95270225 0.05716318
v 0.00687376 1.95108505 0.05577879
v -0.03365507 2.07844281 0.12336094
v -0.04071871 2.39339817 0.30700771
v -0.04112344 2.37947821 0.29657185
v -0.04772137 2.21353611 0.13400674
v -0.04796022 2.20705513 0.13633337
v -0.06923948 2.31394002 0.18750689
v -0.06888241 2.32048836 0.18539374
v -0.01801413 2.20994728 0.12705996
v -0.02501504 2.30494368 0.14463471
v 0.07367815 2.21419417 0.14830476
v 0.04643769 2.21029666 0.1346509
v 0.03959388 2.30332623 0.15053844
v 0.07606973 2.31685955 0.1986388
v 0.01421178 2.21012202 0.13085542
v 0.00728943 2.30413493 0.14758659
v 0.01421178 2.21012202 0.13085542
v 0.04643769 2.21029666 0.1346509
v 0.07571274 2.31031126 0.20075194
v 0.07343927 2.20771319 0.15063134
v -0.04796022 2.20705513 0.13633337
v 0.03824434 1.94445615 0.04336358
v 0.03828798 1.94410426 0.04280522
v 0.05032995 2.06565986 -0.04396994
v 0.03019629 2.06769879 -0.03588659
v 0.05766323 2.19466355 -0.07822601
v 0.03348196 2.19322457 -0.05933543
v 0.03356425 2.28584153 -0.08769544
v 0.05672179 2.29549977 -0.14424382
v 0.02238418 2.34588903 -0.20117421
v 0.02251052 2.32988805 -0.12968905
v -0.03824231 2.33046422 -0.1068737
v -0.00786597 2.33017611 -0.1182813
v -0.06612563 2.29927672 -0.28955588
v 0.02251052 2.32988805 -0.12968905
v 0.02238418 2.34588903 -0.20117421
v 0.00578302 1.94739605 0.05585553
v 0.0062575 1.9476955 0.05620584
v -0.02106367 2.07288993 -0.01530647
v -0.04119729 2.07492887 -0.00722309
v 0.02237951 1.94525483 0.05031226
v 0.00456637 2.07029439 -0.02559655
v -0.10263957 2.34142849 -0.1666374
v -0.10196392 2.3487059 -0.22923075
v 0.02314161 2.3393072 -0.19928217
v -0.01404737 2.34591951 -0.23943033
v -0.0696962 2.26596929 -0.32003287
v -0.08068412 2.2981796 -0.09615896
v -0.0276812 2.28703601 -0.0662627
v -0.03824231 2.33046422 -0.1068737
v -0.10263957 2.34142849 -0.1666374
v 0.00294153 2.28643879 -0.07697907
v -0.00786597 2.33017611 -0.1182813
v -0.05333476 2.29817381 -0.28544842
v -0.06792825 2.2613716 -0.31521517
v -0.07491365 2.29554037 -0.28004238
v -0.09748849 2.33687002 -0.21945353
v 0.0561002 2.28878251 -0.14564565
v 0.02314161 2.3393072 -0.19928217
v -0.10124627 2.33406804 -0.1677085
v -0.09748849 2.33687002 -0.21945353
v -0.10124627 2.33406804 -0.1677085
v -0.08130574 2.29146245 -0.09756081
v -0.05870713 2.20030676 -0.04122894
v -0.05952408 2.19364391 -0.04278224
v -0.04367457 2.07118329 -0.01244864
v 0.00517432 1.94647567 0.05457146
v 0.03767924 1.94318383 0.04152125
v 0.04785267 2.06191427 -0.04919549
v -0.01859909 2.35887902 -0.25011541
v -0.01404737 2.34591951 -0.23943033
v 0.05766323 2.19466355 -0.07822601
v 0.05684628 2.1880007 -0.07977931
v 0.0561002 2.28878251 -0.14564565
v 0.05672179 2.29549977 -0.14424382
v 0.03348196 2.19322457 -0.05933543
v 0.03356425 2.28584153 -0.08769544
v -0.05870713 2.20030676 -0.04122894
v -0.02829991 2.19622057 -0.0396935
v -0.0276812 2.28703601 -0.0662627
v -0.08068412 2.2981796 -0.09615896
v 0.00259108 2.19472259 -0.04951452
v 0.00294153 2.28643879 -0.07697907
v 0.00259108 2.19472259 -0.04951452
v -0.02829991 2.19622057 -0.0396935
v -0.08130574 2.29146245 -0.09756081
v -0.05952408 2.19364391 -0.04278224
v 0.05684628 2.1880007 -0.07977931
v 0.00645601 1.941061 0.05028359
v 0.00586388 1.94076761 0.05031009
v -0.06898756 2.0705591 0.04885636
v -0.05832027 2.07156078 0.06783185
v -0.09065789 2.20242563 0.04556592
v -0.06917474 2.1988368 0.06722819
v -0.087812 2.29383314 0.0704744
v -0.14551357 2.30937774 0.0544692
v -0.19238654 2.36487341 0.09548599
v -0.12345018 2.34176232 0.0865512
v -0.0933819 2.33939584 0.14401492
v -0.10841604 2.34057906 0.1152831
v -0.27344648 2.32645629 0.19433638
v -0.12345018 2.34176232 0.0865512
v -0.19238654 2.36487341 0.09548599
v 0.02308574 1.94238479 0.08094514
v 0.0234034 1.94265244 0.08043045
v -0.03116159 2.07411108 0.11614304
v -0.02049433 2.07511281 0.13511849
v 0.01535157 1.94098821 0.06516569
v -0.04474096 2.07283598 0.09198741
v -0.14333637 2.35563541 0.21528735
v -0.20447601 2.36918143 0.22234359
v -0.19127793 2.35814303 0.09451309
v -0.22566086 2.36836739 0.13636877
v -0.30646335 2.29634889 0.20171309
v -0.0808405 2.3057489 0.18486825
v -0.05898547 2.2922157 0.12859674
v -0.0933819 2.33939584 0.14401492
v -0.14333637 2.35563541 0.21528735
v -0.07339875 2.29302439 0.09953555
v -0.10841604 2.34057906 0.1152831
v -0.27107935 2.32508126 0.18113788
v -0.30239026 2.29130871 0.19937183
v -0.26334981 2.32168864 0.20188764
v -0.19657286 2.35646982 0.21671625
v -0.14750051 2.3028294 0.05527234
v -0.19127793 2.35814303 0.09451309
v -0.14531014 2.34843531 0.21405145
v -0.19657286 2.35646982 0.21671625
v -0.14531014 2.34843531 0.21405145
v -0.0828274 2.29920071 0.1856715
v -0.0392231 2.20308369 0.15645654
v -0.04132982 2.19660263 0.15747224
v -0.02572666 2.07188603 0.13823028
v 0.02179996 1.94159184 0.08170974
v 0.00457811 1.93997464 0.0510747
v -0.07421993 2.06733233 0.05196818
v -0.23433723 2.38228736 0.14218185
v -0.22566086 2.36836739 0.13636877
v -0.09065789 2.20242563 0.04556592
v -0.09276465 2.19594462 0.04658166
v -0.14750051 2.3028294 0.05527234
v -0.14551357 2.30937774 0.0544692
v -0.06917474 2.1988368 0.06722819
v -0.087812 2.29383314 0.0704744
v -0.0392231 2.20308369 0.15645654
v -0.04186765 2.19918614 0.12610078
v -0.05898547 2.2922157 0.12859674
v -0.0808405 2.3057489 0.18486825
v -0.05552121 2.19901147 0.0966645
v -0.07339875 2.29302439 0.09953555
v -0.05552121 2.19901147 0.0966645
v -0.04186765 2.19918614 0.12610078
v -0.0828274 2.29920071 0.1856715
v -0.04132982 2.19660263 0.15747224
v -0.09276465 2.19594462 0.04658166
v 0.02744089 1.93133915 0.08087606
v 0.02800121 1.93104577 0.08106943
v 0.0970629 2.06083748 0.10997152
v 0.09412876 2.06183913 0.0884018
v 0.1160008 2.19270409 0.12100705
v 0.10399905 2.18911521 0.09295826
v 0.12252278 2.28411158 0.0967997
v 0.17028268 2.29965636 0.13291955
v 0.22896208 2.35515214 0.11203455
v 0.16157653 2.33204083 0.09496882
v 0.15476961 2.32967419 0.03047191
v 0.15817311 2.33085754 0.06272037
v 0.34071523 2.31673521 0.04995918
v 0.16157653 2.33204083 0.09496882
v 0.22896208 2.35515214 0.11203455
v 0.02326419 1.93266283 0.04624619
v 0.02277932 1.9329305 0.04660778
v 0.08665852 2.06438932 0.03348589
v 0.08372435 2.06539097 0.0119162
v 0.02464742 1.93126633 0.0637645
v 0.09039361 2.06311423 0.06094388
v 0.22745045 2.34591389 -0.01741039
v 0.28689515 2.35946009 -0.0014677
v 0.22757315 2.34842178 0.11253113
v 0.2749481 2.35864624 0.086269
v 0.37412937 2.28662789 0.0552528
v 0.15814549 2.29602722 -0.01212957
v 0.11711305 2.282494 0.03214753
v 0.15476961 2.32967419 0.03047191
v 0.22745045 2.34591389 -0.01741039
v 0.11981791 2.28330279 0.06447362
v 0.15817311 2.33085754 0.06272037
v 0.33365634 2.31536019 0.0613599
v 0.3694805 2.28158772 0.05593061
v 0.33410667 2.31196756 0.03922181
v 0.27747555 2.34674849 0.00085566
v 0.17242566 2.2931081 0.13290404
v 0.22757315 2.34842178 0.11253113
v 0.22883072 2.33871376 -0.01553481
v 0.27747555 2.34674849 0.00085566
v 0.22883072 2.33871376 -0.01553481
v 0.16028859 2.28947901 -0.01214512
v 0.10899223 2.19336185 -0.00103046
v 0.11132492 2.18688082 -0.00119931
v 0.08973473 2.06216421 0.01094877
v 0.02474108 1.93186993 0.04600844
v 0.02947814 1.9302528 0.08083171
v 0.10307331 2.05761077 0.10900406
v 0.28515502 2.37256619 0.08405752
v 0.2749481 2.35864624 0.086269
v 0.1160008 2.19270409 0.12100705
v 0.11833356 2.18622311 0.12083813
v 0.17242566 2.2931081 0.13290404
v 0.17028268 2.29965636 0.13291955
v 0.10399905 2.18911521 0.09295826
v 0.12252278 2.28411158 0.0967997
v 0.10899223 2.19336185 -0.00103046
v 0.10027816 2.1894644 0.02816774
v 0.11711305 2.282494 0.03214753
v 0.15814549 2.29602722 -0.01212957
v 0.10213862 2.18928983 0.06056302
v 0.11981791 2.28330279 0.06447362
v 0.10213862 2.18928983 0.06056302
v 0.10027816 2.1894644 0.02816774
v 0.16028859 2.28947901 -0.01214512
v 0.11132492 2.18688082 -0.00119931
v 0.11833356 2.18622311 0.12083813
v 0.03473222 1.49425103 0.05512121
v 0.03480648 1.493973 0.05499745
v 0.09817324 1.51613995 0.03201327
v 0.0916722 1.52183845 0.0263777
v 0.14704511 1.55491805 0.02127528
v 0.13540521 1.56259991 0.01713596
v 0.17039766 1.59024788 0.00640042
v 0.19529693 1.57637968 -0.00038467
v 0.21859235 1.58601462 -0.0308022
v 0.19288428 1.59787123 -0.01075279
v 0.17213316 1.61257993 -0.02800432
v 0.18250869 1.60522561 -0.01937852
v 0.21071422 1.55921967 -0.08751183
v 0.19288428 1.59787123 -0.01075279
v 0.21859235 1.58601462 -0.0308022
v 0.02431087 1.50317308 0.04589908
v 0.0244038 1.50330445 0.04616781
v 0.07512075 1.5363469 0.01202957
v 0.06861971 1.54204545 0.00639399
v 0.02920635 1.49858299 0.05086479
v 0.08339646 1.5290927 0.01920361
v 0.17794003 1.61105991 -0.06950122
v 0.19870103 1.59803793 -0.08653223
v 0.2163201 1.58390856 -0.0297783
v 0.22142082 1.58172669 -0.05528687
v 0.20933582 1.53961548 -0.09609945
v 0.14979917 1.60928348 -0.04040618
v 0.15011813 1.60491395 -0.01143821
v 0.17213316 1.61257993 -0.02800432
v 0.17794003 1.61105991 -0.06950122
v 0.16025786 1.59758089 -0.0025189
v 0.18250869 1.60522561 -0.01937852
v 0.21216565 1.55798329 -0.08141981
v 0.20700335 1.53883952 -0.09395357
v 0.2047783 1.56146795 -0.08818917
v 0.1934553 1.59539468 -0.0817525
v 0.19363851 1.57359847 -0.00078592
v 0.2163201 1.58390856 -0.0297783
v 0.17646903 1.6078286 -0.06901355
v 0.1934553 1.59539468 -0.0817525
v 0.17646903 1.6078286 -0.06901355
v 0.14814083 1.60650227 -0.04080744
v 0.11058326 1.58311845 -0.01374529
v 0.10893973 1.58034807 -0.01426502
v 0.06851254 1.53969132 0.00413718
v 0.02428453 1.50259459 0.04534454
v 0.03478014 1.49339451 0.05444291
v 0.09806604 1.51378577 0.02975642
v 0.22723969 1.58457534 -0.06038016
v 0.22142082 1.58172669 -0.05528687
v 0.14704511 1.55491805 0.02127528
v 0.14540154 1.55214762 0.02075561
v 0.19363851 1.57359847 -0.00078592
v 0.19529693 1.57637968 -0.00038467
v 0.13540521 1.56259991 0.01713596
v 0.17039766 1.59024788 0.00640042
v 0.11058326 1.58311845 -0.01374529
v 0.11604738 1.57757168 -0.00145672
v 0.15011813 1.60491395 -0.01143821
v 0.14979917 1.60928348 -0.04040618
v 0.12572632 1.57008582 0.00783963
v 0.16025786 1.59758089 -0.0025189
v 0.12572632 1.57008582 0.00783963
v 0.11604738 1.57757168 -0.00145672
v 0.14814083 1.60650227 -0.04080744
v 0.10893973 1.58034807 -0.01426502
v 0.14540154 1.55214762 0.02075561
v 0.04377837 1.49149153 0.07178848
v 0.04389028 1.49123265 0.07192482
v 0.10813216 1.51934529 0.08277182
v 0.1075994 1.51898411 0.07247221
v 0.15501297 1.56188388 0.08237222
v 0.1498625 1.56210712 0.06876869
v 0.18544886 1.59098598 0.0668311
v 0.20712242 1.58495324 0.08559808
v 0.245513 1.58578182 0.07631279
v 0.21421827 1.59638352 0.06574349
v 0.21170691 1.59278807 0.03532412
v 0.21296259 1.59458577 0.05053384
v 0.27500814 1.5339176 0.05542859
v 0.21421827 1.59638352 0.06574349
v 0.245513 1.58578182 0.07631279
v 0.04303014 1.49064962 0.0552965
v 0.04293193 1.49091779 0.0554252
v 0.10624291 1.5180647 0.04624953
v 0.10571012 1.51770357 0.03594988
v 0.04292285 1.49103271 0.06363522
v 0.10692116 1.51852441 0.05936084
v 0.24351356 1.57331543 0.01616228
v 0.26902911 1.56157015 0.02624442
v 0.24295586 1.58381571 0.07680527
v 0.26352633 1.57136029 0.06664724
v 0.27791006 1.51348732 0.06127248
v 0.20313997 1.57652638 0.01727848
v 0.18367376 1.58722996 0.03637929
v 0.21170691 1.59278807 0.03532412
v 0.24351356 1.57331543 0.01616228
v 0.18456131 1.58910797 0.05160515
v 0.21296259 1.59458577 0.05053384
v 0.27190965 1.53638207 0.06043597
v 0.27468302 1.51311799 0.06158364
v 0.2712731 1.53338632 0.05027918
v 0.26171995 1.55999414 0.02744442
v 0.2059072 1.58195725 0.08603845
v 0.24295586 1.58381571 0.07680527
v 0.24180339 1.57045373 0.01747724
v 0.26171995 1.55999414 0.02744442
v 0.24180339 1.57045373 0.01747724
v 0.20192473 1.57353044 0.01771893
v 0.15395336 1.55516881 0.0248834
v 0.15282909 1.55212883 0.02525917
v 0.10691843 1.51467286 0.03599363
v 0.04332701 1.48990492 0.05530726
v 0.04418718 1.49048796 0.07193554
v 0.10934039 1.51631458 0.08281557
v 0.27148759 1.57314323 0.06548277
v 0.26352633 1.57136029 0.06664724
v 0.15501297 1.56188388 0.08237222
v 0.15388862 1.55884395 0.08274799
v 0.2059072 1.58195725 0.08603845
v 0.20712242 1.58495324 0.08559808
v 0.1498625 1.56210712 0.06876869
v 0.18544886 1.59098598 0.0668311
v 0.15395336 1.55516881 0.0248834
v 0.14929996 1.55854201 0.03824749
v 0.18367376 1.58722996 0.03637929
v 0.20313997 1.57652638 0.01727848
v 0.14958123 1.56032457 0.05350813
v 0.18456131 1.58910797 0.05160515
v 0.14958123 1.56032457 0.05350813
v 0.14929996 1.55854201 0.03824749
v 0.20192473 1.57353044 0.01771893
v 0.15282909 1.55212883 0.02525917
v 0.15388862 1.55884395 0.08274799
v 0.02937469 1.51065097 0.08752957
v 0.02927298 1.51062547 0.08782475
v 0.07258779 1.56143668 0.11184663
v 0.07922371 1.55411926 0.10886065
v 0.11681425 1.60672684 0.11127803
v 0.12289077 1.59569985 0.10399016
v 0.15652154 1.62685604 0.10553818
v 0.15587193 1.64438791 0.12900198
v 0.1876267 1.65424585 0.1503372
v 0.17776664 1.64114756 0.11976469
v 0.19596163 1.61757618 0.1121551
v 0.18686408 1.62936189 0.11595988
v 0.20507991 1.61983333 0.20040886
v 0.17776664 1.64114756 0.11976469
v 0.1876267 1.65424585 0.1503372
v 0.03998644 1.49881188 0.08300399
v 0.03991744 1.49902562 0.08278563
v 0.09611878 1.53548928 0.10125827
v 0.10275474 1.5281719 0.09827225
v 0.03429012 1.50457482 0.08501219
v 0.08767125 1.54480427 0.10505946
v 0.22386905 1.6054899 0.14101881
v 0.22992915 1.61520925 0.16857711
v 0.18500081 1.65231103 0.15024762
v 0.20155295 1.64607261 0.16944592
v 0.19656094 1.61214289 0.21852669
v 0.19771027 1.59189977 0.11322297
v 0.17517 1.60346074 0.09850504
v 0.19596163 1.61757618 0.1121551
v 0.22386905 1.6054899 0.14101881
v 0.16584575 1.61515836 0.10202163
v 0.18686408 1.62936189 0.11595988
v 0.2003746 1.62346211 0.19807654
v 0.19412135 1.61081368 0.21681538
v 0.20602038 1.61455179 0.19694914
v 0.22383107 1.61206699 0.16536956
v 0.15383711 1.64231791 0.1304923
v 0.18500081 1.65231103 0.15024762
v 0.22095005 1.60388737 0.14234327
v 0.22383107 1.61206699 0.16536956
v 0.22095005 1.60388737 0.14234327
v 0.19567546 1.58982982 0.1147133
v 0.15363551 1.56372211 0.09919679
v 0.15169087 1.56161829 0.10075851
v 0.10256672 1.52679639 0.10122512
v 0.03994022 1.49847385 0.08372957
v 0.02922675 1.51028749 0.08855032
v 0.07239969 1.56006111 0.11479949
v 0.2081175 1.6496317 0.17293241
v 0.20155295 1.64607261 0.16944592
v 0.11681425 1.60672684 0.11127803
v 0.11486958 1.60462302 0.11283979
v 0.15383711 1.64231791 0.1304923
v 0.15587193 1.64438791 0.12900198
v 0.12289077 1.59569985 0.10399016
v 0.15652154 1.62685604 0.10553818
v 0.15363551 1.56372211 0.09919679
v 0.14243945 1.57286839 0.09757612
v 0.17517 1.60346074 0.09850504
v 0.19771027 1.59189977 0.11322297
v 0.13266515 1.58428407 0.10078314
v 0.16584575 1.61515836 0.10202163
v 0.13266515 1.58428407 0.10078314
v 0.14243945 1.57286839 0.09757612
v 0.19567546 1.58982982 0.1147133
v 0.15169087 1.56161829 0.10075851
v 0.11486958 1.60462302 0.11283979
v 0.17418749 1.62337318 -0.00171539
v 0.22260382 1.66933392 -0.00847012
v 0.24732042 1.64792309 0.02300777
v 0.19890405 1.60196235 0.02976253
v 0.19890405 1.60196235 0.02976253
v 0.24732042 1.64792309 0.02300777
v 0.24755851 1.6542773 0.06794952
v 0.19914218 1.60831656 0.07470432
v 0.22313888 1.68361172 0.09251306
v 0.17472252 1.63765093 0.09926783
v 0.19244996 1.71383687 0.07820152
v 0.14403366 1.66787613 0.08495629
v 0.14403366 1.66787613 0.08495629
v 0.19244996 1.71383687 0.07820152
v 0.17860119 1.72219271 0.0357918
v 0.13018481 1.67623192 0.04254658
v 0.19202088 1.70238702 -0.00278073
v 0.14360455 1.65642622 0.00397407
v 0.14360455 1.65642622 0.00397407
v 0.19202088 1.70238702 -0.00278073
v 0.27181491 1.72090965 -0.00507064
v 0.2912753 1.70405203 0.01971331
v 0.2912753 1.70405203 0.01971331
v 0.29146278 1.70905497 0.05509775
v 0.27223623 1.7321512 0.07443765
v 0.24807354 1.75594867 0.0631696
v 0.24807354 1.75594867 0.0631696
v 0.23716982 1.76252754 0.02977867
v 0.24773573 1.74693375 -0.0005911
v 0.24773573 1.74693375 -0.0005911
v 0.30923191 1.76964011 0.01761054
v 0.31440569 1.76515833 0.02419963
v 0.31440569 1.76515833 0.02419963
v 0.31445548 1.76648846 0.03360701
v 0.3093439 1.7726288 0.03874874
v 0.30292001 1.77895566 0.035753
v 0.30292001 1.77895566 0.035753
v 0.30002108 1.78070474 0.02687567
v 0.30283019 1.77655891 0.01880152
v 0.30283019 1.77655891 0.01880152
v 0.14742338 1.55309267 0.03694481
v 0.12270682 1.57450346 0.00546689
v 0.14766152 1.55944689 0.08188661
v 0.14742338 1.55309267 0.03694481
v 0.12324185 1.58878125 0.10645011
v 0.09255296 1.61900645 0.09213861
v 0.07870415 1.62736224 0.04972886
v 0.09255296 1.61900645 0.09213861
v 0.09212389 1.60755655 0.01115635
v 0.09212389 1.60755655 0.01115635
v 0.09422621 1.51689619 0.04718463
v 0.07472908 1.53378566 0.02235396
v 0.09441403 1.52190857 0.08263595
v 0.09422621 1.51689619 0.04718463
v 0.07515113 1.54504836 0.10201234
v 0.05094289 1.56889086 0.09072303
v 0.04001854 1.57548215 0.05726901
v 0.05094289 1.56889086 0.09072303
v 0.05060444 1.55985888 0.02684191
v 0.05060444 1.55985888 0.02684191
v 0.02933741 1.49702575 0.06445894
v 0.02506779 1.50072434 0.05902128
v 0.02937857 1.49812342 0.07222235
v 0.02933741 1.49702575 0.06445894
v 0.0251602 1.50319073 0.07646558
v 0.0198589 1.50841195 0.07399333
v 0.01746658 1.50985538 0.06666727
v 0.0198589 1.50841195 0.07399333
v 0.01978476 1.50643407 0.06000414
v 0.01978476 1.50643407 0.06000414
v 0.00989464 1.07792478 0.0842876
v 0.00982095 1.07756092 0.08441397
v -0.05174119 1.10425867 0.14263904
v -0.04097538 1.10962002 0.14736079
v -0.09915048 1.15305375 0.18330261
v -0.08271539 1.16082746 0.18440325
v -0.11540068 1.19496545 0.21703287
v -0.14365321 1.17813259 0.23328032
v -0.15687972 1.18505489 0.2804369
v -0.1335126 1.20220634 0.24808953
v -0.09993825 1.21519143 0.26168572
v -0.11672541 1.20869888 0.25488758
v -0.12760299 1.13932589 0.33802036
v -0.1335126 1.20220634 0.24808953
v -0.15687972 1.18505489 0.2804369
v 0.02720189 1.08621667 0.09203716
v 0.02699863 1.0864426 0.09178933
v -0.01356571 1.12327012 0.15938256
v -0.0027999 1.12863157 0.16410438
v 0.01875124 1.08196645 0.08759058
v -0.02727057 1.11644507 0.15337169
v -0.08957415 1.2047968 0.31208811
v -0.10856951 1.18652016 0.33857049
v -0.1549371 1.18252572 0.27788353
v -0.15053286 1.17470452 0.30931116
v -0.12510171 1.1132422 0.3438878
v -0.06902948 1.2069365 0.26575592
v -0.08213896 1.20780411 0.23150808
v -0.09993825 1.21519143 0.26168572
v -0.08957415 1.2047968 0.31208811
v -0.09876982 1.20138473 0.22427044
v -0.11672541 1.20869888 0.25488758
v -0.13202602 1.13921226 0.33136451
v -0.12337453 1.11258809 0.34024374
v -0.12005286 1.14154274 0.33662088
v -0.10478985 1.18393332 0.33026859
v -0.14192633 1.17450753 0.23252744
v -0.1549371 1.18252572 0.27788353
v -0.08850141 1.20082144 0.3103054
v -0.10478985 1.18393332 0.33026859
v -0.08850141 1.20082144 0.3103054
v -0.06730265 1.20331145 0.26500309
v -0.03785951 1.17775898 0.2130745
v -0.03609903 1.17412286 0.2124675
v -0.00205466 1.1252399 0.16625628
v 0.02738504 1.08538323 0.09256595
v 0.01000407 1.07672748 0.08494272
v -0.05099591 1.1008669 0.1447909
v -0.1548245 1.17751632 0.31826326
v -0.15053286 1.17470452 0.30931116
v -0.09915048 1.15305375 0.18330261
v -0.09738992 1.14941753 0.18269561
v -0.14192633 1.17450753 0.23252744
v -0.14365321 1.17813259 0.23328032
v -0.08271539 1.16082746 0.18440325
v -0.11540068 1.19496545 0.21703287
v -0.03785951 1.17775898 0.2130745
v -0.05017558 1.17394365 0.20020936
v -0.08213896 1.20780411 0.23150808
v -0.06902948 1.2069365 0.26575592
v -0.06644546 1.16738551 0.19230632
v -0.09876982 1.20138473 0.22427044
v -0.06644546 1.16738551 0.19230632
v -0.05017558 1.17394365 0.20020936
v -0.06730265 1.20331145 0.26500309
v -0.03609903 1.17412286 0.2124675
v -0.09738992 1.14941753 0.18269561
v -0.00806732 1.07872863 0.06839996
v -0.00829132 1.07844682 0.06824443
v -0.08422525 1.1197992 0.08866073
v -0.07933746 1.11710402 0.10031352
v -0.13311122 1.17531158 0.11713311
v -0.12134797 1.17230958 0.13071131
v -0.15824355 1.20989531 0.15361204
v -0.19233405 1.20798398 0.1402063
v -0.2333165 1.20963724 0.16785243
v -0.19075355 1.21827878 0.16837028
v -0.1755684 1.20713983 0.2019268
v -0.18316095 1.2127093 0.18514848
v -0.26630284 1.14329461 0.19568555
v -0.19075355 1.21827878 0.16837028
v -0.2333165 1.20963724 0.16785243
v -0.00040017 1.07409542 0.08705741
v -0.00030191 1.07444659 0.08691312
v -0.06689318 1.11024187 0.12998142
v -0.06200535 1.10754659 0.14163425
v -0.0037137 1.07635239 0.0774046
v -0.07311528 1.11367295 0.11514747
v -0.2075064 1.18121741 0.23454366
v -0.24325151 1.17066704 0.23186925
v -0.23079819 1.20714663 0.16581647
v -0.25237031 1.1910322 0.18434299
v -0.27497534 1.11958871 0.18652765
v -0.16022055 1.18264724 0.21623118
v -0.14392975 1.19860212 0.18749831
v -0.1755684 1.20713983 0.2019268
v -0.2075064 1.18121741 0.23454366
v -0.15108663 1.20424867 0.1705552
v -0.18316095 1.2127093 0.18514848
v -0.26442841 1.14719389 0.18896561
v -0.27137532 1.11897979 0.18469485
v -0.25984315 1.14127765 0.19993783
v -0.23540707 1.16848349 0.22701155
v -0.19150862 1.20430583 0.13863183
v -0.23079819 1.20714663 0.16581647
v -0.20644875 1.17785867 0.23176282
v -0.23540707 1.16848349 0.22701155
v -0.20644875 1.17785867 0.23176282
v -0.15939519 1.17896899 0.21465671
v -0.10872191 1.15461121 0.18217113
v -0.10798212 1.15087108 0.18070334
v -0.06385852 1.10390641 0.14156959
v -0.00085555 1.07320084 0.0870415
v -0.00874669 1.07755224 0.06822853
v -0.0860784 1.11615892 0.08859603
v -0.26096504 1.19352274 0.18948034
v -0.25237031 1.1910322 0.18434299
v -0.13311122 1.17531158 0.11713311
v -0.13237135 1.17157155 0.11566531
v -0.19150862 1.20430583 0.13863183
v -0.19233405 1.20798398 0.1402063
v -0.12134797 1.17230958 0.13071131
v -0.15824355 1.20989531 0.15361204
v -0.10872191 1.15461121 0.18217113
v -0.1083995 1.16131956 0.16524046
v -0.14392975 1.19860212 0.18749831
v -0.16022055 1.18264724 0.21623118
v -0.11487376 1.16681457 0.14797588
v -0.15108663 1.20424867 0.1705552
v -0.11487376 1.16681457 0.14797588
v -0.1083995 1.16131956 0.16524046
v -0.15939519 1.17896899 0.21465671
v -0.10798212 1.15087108 0.18070334
v -0.13237135 1.17157155 0.11566531
v 0.00486738 1.10472175 0.04727802
v 0.00485943 1.10474678 0.04688673
v -0.04893175 1.1754527 0.04694722
v -0.05646882 1.16625356 0.05199804
v -0.09425616 1.2341356 0.07494977
v -0.09984899 1.2194048 0.08408639
v -0.13559797 1.2604106 0.10249722
v -0.14223943 1.28700118 0.07811778
v -0.18702155 1.30590236 0.06895756
v -0.16447488 1.28252415 0.09779593
v -0.18586758 1.2531052 0.11034918
v -0.17517122 1.26781462 0.10407257
v -0.23320054 1.27548045 0.0123347
v -0.16447488 1.28252415 0.09779593
v -0.18702155 1.30590236 0.06895756
v -0.0073089 1.08989513 0.05504114
v -0.007107 1.09010677 0.05530247
v -0.07565815 1.14283253 0.06485748
v -0.08319526 1.13363339 0.06990834
v -0.00067824 1.09703415 0.05125691
v -0.06606349 1.154543 0.0584278
v -0.23232825 1.24633586 0.08686625
v -0.24962691 1.26464451 0.05926694
v -0.18417451 1.30332042 0.06757252
v -0.21247278 1.30089783 0.05139843
v -0.23186894 1.26932066 -0.01376754
v -0.19191375 1.22183282 0.10529449
v -0.15773912 1.23136343 0.11461059
v -0.18586758 1.2531052 0.11034918
v -0.23232825 1.24633586 0.08686625
v -0.14666854 1.24588701 0.1085539
v -0.17517122 1.26781462 0.10407257
v -0.22620839 1.27912585 0.01363761
v -0.22847735 1.26714874 -0.01308199
v -0.23358385 1.26829666 0.01581678
v -0.24157234 1.25966766 0.0597712
v -0.14076535 1.2846329 0.07513316
v -0.18417451 1.30332042 0.06757252
v -0.22968398 1.24444708 0.08377217
v -0.24157234 1.25966766 0.0597712
v -0.22968398 1.24444708 0.08377217
v -0.19043968 1.21946454 0.10230987
v -0.138289 1.18109773 0.09734133
v -0.13695519 1.17870931 0.09430714
v -0.08440174 1.13256124 0.06615538
v -0.00760531 1.08963177 0.05411894
v 0.00456301 1.10448342 0.04596452
v -0.0501382 1.17438055 0.04319421
v -0.22113308 1.30647997 0.05084805
v -0.21247278 1.30089783 0.05139843
v -0.09425616 1.2341356 0.07494977
v -0.0929223 1.23174728 0.07191553
v -0.14076535 1.2846329 0.07513316
v -0.14223943 1.28700118 0.07811778
v -0.09984899 1.2194048 0.08408639
v -0.13559797 1.2604106 0.10249722
v -0.138289 1.18109773 0.09734133
v -0.12322632 1.19124666 0.0959743
v -0.15773912 1.23136343 0.11461059
v -0.19191375 1.22183282 0.10529449
v -0.11153767 1.20532578 0.09003033
v -0.14666854 1.24588701 0.1085539
v -0.11153767 1.20532578 0.09003033
v -0.12322632 1.19124666 0.0959743
v -0.19043968 1.21946454 0.10230987
v -0.13695519 1.17870931 0.09430714
v -0.0929223 1.23174728 0.07191553
v -0.11186299 1.23427551 0.23400536
v -0.15941357 1.29274134 0.27112988
v -0.20451917 1.27483201 0.24156141
v -0.15696858 1.21636618 0.20443688
v -0.15696858 1.21636618 0.20443688
v -0.20451917 1.27483201 0.24156141
v -0.22274109 1.29233459 0.1906579
v -0.17519047 1.23386876 0.15353333
v -0.20035788 1.33206925 0.15675073
v -0.15280726 1.27360342 0.11962616
v -0.15422452 1.36411505 0.16537266
v -0.10667397 1.30564922 0.12824809
v -0.10667397 1.30564922 0.12824809
v -0.15422452 1.36411505 0.16537266
v -0.1190804 1.36434083 0.21003125
v -0.07152981 1.30587495 0.17290672
v -0.12138974 1.33257656 0.25709762
v -0.07383916 1.27411073 0.2199731
v -0.07383916 1.27411073 0.2199731
v -0.12138974 1.33257656 0.25709762
v -0.2113717 1.36035959 0.29782099
v -0.24688527 1.34625878 0.27454053
v -0.24688527 1.34625878 0.27454053
v -0.26123212 1.36003927 0.23446208
v -0.24360887 1.39132406 0.20776551
v -0.20728619 1.41655503 0.21455395
v -0.20728619 1.41655503 0.21455395
v -0.17961576 1.41673276 0.24971551
v -0.18143401 1.39172342 0.28677282
v -0.18143401 1.39172342 0.28677282
v -0.25797809 1.42781084 0.29649642
v -0.26741974 1.42406203 0.29030704
v -0.26741974 1.42406203 0.29030704
v -0.27123405 1.42772575 0.27965173
v -0.26654868 1.43604314 0.27255413
v -0.25689192 1.44275109 0.27435893
v -0.25689192 1.44275109 0.27435893
v -0.24953542 1.44279835 0.28370705
v -0.25001879 1.43614934 0.29355913
v -0.25001879 1.43614934 0.29355913
v -0.10640844 1.15419993 0.16496265
v -0.06130285 1.17210926 0.19453113
v -0.12463036 1.17170251 0.11405914
v -0.10640844 1.15419993 0.16496265
v -0.10224716 1.21143717 0.08015197
v -0.05611379 1.24348297 0.08877391
v -0.02096967 1.2437087 0.13343249
v -0.05611379 1.24348297 0.08877391
v -0.02327902 1.21194448 0.18049888
v -0.02327902 1.21194448 0.18049888
v -0.05336525 1.10818097 0.12345283
v -0.0177847 1.12230839 0.14677725
v -0.06773919 1.12198752 0.08329868
v -0.05336525 1.10818097 0.12345283
v -0.05008271 1.15333137 0.05655172
v -0.01369143 1.17860995 0.06335295
v 0.01403125 1.17878808 0.09858094
v -0.01369143 1.17860995 0.06335295
v 0.01220956 1.15373153 0.13570821
v 0.01220956 1.15373153 0.13570821
v 0.01268917 1.08297981 0.07159858
v 0.0204809 1.08607356 0.07670638
v 0.00954144 1.08600332 0.0628053
v 0.01268917 1.08297981 0.07159858
v 0.01340803 1.09286726 0.05694805
v 0.02137726 1.09840297 0.05843745
v 0.02744821 1.09844192 0.06615195
v 0.02137726 1.09840297 0.05843745
v 0.02704929 1.09295489 0.07428236
v 0.02704929 1.09295489 0.07428236
v -0.00024385 0.01138618 0.09245092
v 0.00073926 0.01089234 0.09303845
v 0.11083626 0.26282381 0.15813041
v 0.11314419 0.26259118 0.11710508
v 0.13454816 0.513386 0.17204323
v 0.12267771 0.50327313 0.1162564
v 0.15027298 0.68377574 0.1204311
v 0.22471153 0.71974192 0.20273522
v 0.33771943 0.8266829 0.17954774
v 0.22051348 0.77670648 0.12620381
v 0.23135113 0.76606499 0.00477452
v 0.22593241 0.77138583 0.06548918
v 0.56901097 0.75715339 0.10866103
v 0.22051348 0.77670648 0.12620381
v 0.33771943 0.8266829 0.17954774
v 0.00446526 0.01051716 0.02680487
v 0.00342294 0.01101688 0.02727279
v 0.1190202 0.26199945 0.01265511
v 0.12132812 0.26176682 -0.02837008
v 0.00077391 0.0095347 0.0598255
v 0.11608214 0.26229542 0.06488014
v 0.38219572 0.79777431 -0.05935962
v 0.4856497 0.82906261 -0.00997183
v 0.3353451 0.81395662 0.18064567
v 0.43190163 0.8343822 0.14802621
v 0.63058608 0.70341971 0.1334367
v 0.25485641 0.69923081 -0.06938635
v 0.16370938 0.67463344 -0.00086049
v 0.23135113 0.76606499 0.00477452
v 0.38219572 0.79777431 -0.05935962
v 0.15699114 0.67920464 0.05978531
v 0.22593241 0.77138583 0.06548918
v 0.55191105 0.75504925 0.12734812
v 0.62202177 0.69365008 0.13353264
v 0.56092976 0.74674576 0.08692571
v 0.4680923 0.80464715 -0.00776963
v 0.22904576 0.70757383 0.20413243
v 0.3353451 0.81395662 0.18064567
v 0.38447211 0.78448991 -0.05467373
v 0.4680923 0.80464715 -0.00776963
v 0.38447211 0.78448991 -0.05467373
v 0.2591906 0.68706282 -0.06798901
v 0.16562934 0.50335027 -0.05613376
v 0.17036617 0.49130936 -0.05495902
v 0.13297568 0.25605191 -0.02768234
v 0.00732738 0.00911272 0.02697387
v 0.00360137 0.0094879 0.09320738
v 0.12248378 0.2571087 0.15881804
v 0.45080787 0.86114015 0.14619113
v 0.43190163 0.8343822 0.14802621
v 0.13454816 0.513386 0.17204323
v 0.13928502 0.50134519 0.17321803
v 0.22904576 0.70757383 0.20413243
v 0.22471153 0.71974192 0.20273522
v 0.12267771 0.50327313 0.1162564
v 0.15027298 0.68377574 0.1204311
v 0.16562934 0.50335027 -0.05613376
v 0.13917898 0.49794517 -0.00488433
v 0.16370938 0.67463344 -0.00086049
v 0.25485641 0.69923081 -0.06938635
v 0.13092833 0.50060925 0.05568609
v 0.15699114 0.67920464 0.05978531
v 0.13092833 0.50060925 0.05568609
v 0.13917898 0.49794517 -0.00488433
v 0.2591906 0.68706282 -0.06798901
v 0.17036617 0.49130936 -0.05495902
v 0.13928502 0.50134519 0.17321803
v 0.04720314 -0.01954607 0.04217072
v 0.02311838 -0.01954615 0.03057212
v 0.02311842 1.95758743 0.04213791
v 0.03816043 1.95758751 0.04938176
v 0.05315161 -0.01954612 0.06823249
v 0.04187562 1.9575874 0.06565857
v 0.03648443 -0.01954614 0.08913249
v 0.03146614 1.95758742 0.07871157
v 0.00975238 -0.01954625 0.08913249
v 0.01477072 1.95758745 0.07871149
v -0.00691484 -0.01954611 0.06823246
v 0.00436135 1.95758742 0.0656586
v -0.0009664 -0.0195463 0.04217066
v 0.00807637 1.95758739 0.0493817
v 0.0290132 0.7445188 0.09000534
v 0.02978816 0.74396091 0.09022964
v 0.13955277 0.91101542 0.18729975
v 0.13810157 0.92070068 0.15650201
v 0.17789511 1.09356445 0.25443563
v 0.16349667 1.10013034 0.21171505
v 0.19884677 1.23256094 0.25469954
v 0.26600761 1.23589599 0.31711749
v 0.36022071 1.31602386 0.31403189
v 0.26097821 1.2972142 0.2740386
v 0.25905761 1.31826159 0.18014133
v 0.26001789 1.30773789 0.22708991
v 0.52958738 1.2704136 0.22225272
v 0.26097821 1.2972142 0.2740386
v 0.36022071 1.31602386 0.31403189
v 0.02744534 0.75959735 0.04050811
v 0.0267077 0.75990601 0.04107617
v 0.13440684 0.94535918 0.0780916
v 0.1329556 0.95504454 0.04729391
v 0.02709732 0.7510155 0.06520036
v 0.13625419 0.93302993 0.11729687
v 0.37387994 1.35038849 0.12514498
v 0.46069866 1.35685814 0.15913333
v 0.35750412 1.30636892 0.31207888
v 0.43167639 1.32498039 0.28317865
v 0.57547527 1.22137138 0.22197704
v 0.26651674 1.28527662 0.10690844
v 0.19907371 1.25457121 0.16100388
v 0.25905761 1.31826159 0.18014133
v 0.37387994 1.35038849 0.12514498
v 0.19896016 1.24356608 0.20785171
v 0.26001789 1.30773789 0.22708991
v 0.51758203 1.26511048 0.23733129
v 0.56807962 1.21445951 0.22058229
v 0.52080067 1.268307 0.20442087
v 0.44536645 1.33892606 0.15673095
v 0.26858189 1.22626794 0.31486204
v 0.35750412 1.30636892 0.31207888
v 0.37502678 1.33922537 0.12527378
v 0.44536645 1.33892606 0.15673095
v 0.37502678 1.33922537 0.12527378
v 0.26909117 1.27564877 0.10465299
v 0.18337999 1.1400439 0.07929434
v 0.18625986 1.13054583 0.0768639
v 0.14165417 0.95006082 0.04531676
v 0.02958271 0.75837267 0.04002225
v 0.03192568 0.74273623 0.08974378
v 0.14825137 0.90603169 0.18532264
v 0.44826379 1.34450822 0.28627471
v 0.43167639 1.32498039 0.28317865
v 0.17789511 1.09356445 0.25443563
v 0.18077502 1.08406648 0.25200521
v 0.26858189 1.22626794 0.31486204
v 0.26600761 1.23589599 0.31711749
v 0.16349667 1.10013034 0.21171505
v 0.19884677 1.23256094 0.25469954
v 0.18337999 1.1400439 0.07929434
v 0.16640867 1.12480659 0.1187313
v 0.19907371 1.25457121 0.16100388
v 0.26651674 1.28527662 0.10690844
v 0.16495263 1.11246842 0.16522321
v 0.19896016 1.24356608 0.20785171
v 0.16495263 1.11246842 0.16522321
v 0.16640867 1.12480659 0.1187313
v 0.26909117 1.27564877 0.10465299
v 0.18625986 1.13054583 0.0768639
v 0.18077502 1.08406648 0.25200521
v 0.01738089 0.10715391 0.06171917
v 0.01702532 0.10643867 0.06228863
v -0.12019583 0.24272518 0.17171534
v -0.09110772 0.25388472 0.18030353
v -0.21222258 0.41022861 0.22439479
v -0.16810682 0.42154612 0.22330527
v -0.23124311 0.54176804 0.27016273
v -0.30849548 0.52836579 0.31780881
v -0.33688751 0.58741703 0.42275128
v -0.27170585 0.59128907 0.33592567
v -0.18282185 0.61650579 0.36289093
v -0.22726387 0.60389753 0.34940824
v -0.28640538 0.51208618 0.59872166
v -0.27170585 0.59128907 0.33592567
v -0.33688751 0.58741703 0.42275128
v 0.06398683 0.12445495 0.0761538
v 0.06359412 0.12488317 0.07536352
v -0.01704975 0.28229655 0.20216889
v 0.01203843 0.29345588 0.21075709
v 0.04112284 0.11502109 0.06768544
v -0.05407872 0.26809053 0.19123623
v -0.16169263 0.62673785 0.49207983
v -0.21678113 0.61363521 0.56643104
v -0.33338715 0.57862736 0.41889078
v -0.32591269 0.58284385 0.50018962
v -0.29284658 0.45470464 0.63302616
v -0.11093248 0.58603872 0.38314885
v -0.14318415 0.56747433 0.29928644
v -0.18282185 0.61650579 0.36289093
v -0.16169263 0.62673785 0.49207983
v -0.1872136 0.55462118 0.28472459
v -0.22726387 0.60389753 0.34940824
v -0.29741147 0.50869399 0.58238226
v -0.28898052 0.44953531 0.62510497
v -0.26682484 0.51264404 0.59473273
v -0.20888667 0.59937454 0.54920559
v -0.30602982 0.51852612 0.31903882
v -0.33338715 0.57862736 0.41889078
v -0.16101738 0.61558387 0.49104105
v -0.20888667 0.59937454 0.54920559
v -0.16101738 0.61558387 0.49104105
v -0.10846693 0.57619915 0.38437881
v -0.049403 0.46245414 0.28462109
v -0.04685789 0.45268643 0.28621071
v 0.01225194 0.28688148 0.21857644
v 0.06403946 0.12283943 0.07807522
v 0.01707788 0.10482314 0.06420998
v -0.11998224 0.23615098 0.17953475
v -0.33494454 0.59837432 0.51871769
v -0.32591269 0.58284385 0.50018962
v -0.21222258 0.41022861 0.22439479
v -0.2096776 0.4004609 0.22598453
v -0.30602982 0.51852612 0.31903882
v -0.30849548 0.52836579 0.31780881
v -0.16810682 0.42154612 0.22330527
v -0.23124311 0.54176804 0.27016273
v -0.049403 0.46245414 0.28462109
v -0.08166465 0.44927309 0.25527977
v -0.14318415 0.56747433 0.29928644
v -0.11093248 0.58603872 0.38314885
v -0.12488575 0.43540951 0.23929252
v -0.1872136 0.55462118 0.28472459
v -0.12488575 0.43540951 0.23929252
v -0.08166465 0.44927309 0.25527977
v -0.10846693 0.57619915 0.38437881
v -0.04685789 0.45268643 0.28621071
v -0.2096776 0.4004609 0.22598453
v 0.04067137 0.44387801 0.03816263
v 0.04066087 0.44347642 0.03726773
v -0.00363297 0.63627695 -0.06394473
v -0.03035007 0.63139329 -0.04643017
v -0.04050949 0.82974866 -0.08653278
v -0.06865275 0.81680187 -0.05312903
v -0.10366306 0.9546396 -0.07338185
v -0.09095579 0.98518659 -0.15895705
v -0.17173292 1.0558025 -0.22055661
v -0.14490176 1.02123249 -0.12112147
v -0.22441986 0.99873161 -0.07178612
v -0.18466087 1.0099821 -0.09645386
v -0.31167033 0.97450156 -0.33455887
v -0.14490176 1.02123249 -0.12112147
v -0.17173292 1.0558025 -0.22055661
v -0.00247258 0.43559208 0.06554424
v -0.00177474 0.43611919 0.06598855
v -0.09837114 0.61895963 -0.00183831
v -0.12508815 0.61407597 0.01567632
v 0.02002801 0.43877373 0.05261837
v -0.06436062 0.62517646 -0.02413429
v -0.33760425 1.00339054 -0.13818262
v -0.35806321 1.02422999 -0.22696153
v -0.1681972 1.04627367 -0.21950014
v -0.23538236 1.05028183 -0.26590328
v -0.31668951 0.93038618 -0.38495281
v -0.27228224 0.93684614 -0.05213712
v -0.18448502 0.93309304 -0.02576946
v -0.22441986 0.99873161 -0.07178612
v -0.33760425 1.00339054 -0.13818262
v -0.14407399 0.94386632 -0.04957556
v -0.18466087 1.0099821 -0.09645386
v -0.29189476 0.97638152 -0.33232069
v -0.31137716 0.92356289 -0.37950873
v -0.32016496 0.96474501 -0.31931837
v -0.34530672 1.00706644 -0.21670991
v -0.09036128 0.97555176 -0.16230802
v -0.1681972 1.04627367 -0.21950014
v -0.33385867 0.99342806 -0.14174159
v -0.34530672 1.00706644 -0.21670991
v -0.33385867 0.99342806 -0.14174159
v -0.27168786 0.92721141 -0.05548821
v -0.19618886 0.79426568 -0.00068515
v -0.19593451 0.78467054 -0.00418984
v -0.1291608 0.60873604 0.00797491
v -0.00347328 0.43427985 0.06365178
v 0.03966013 0.44216418 0.03537524
v -0.00770561 0.63093702 -0.07164614
v -0.2488475 1.06918424 -0.27719244
v -0.23538236 1.05028183 -0.26590328
v -0.04050949 0.82974866 -0.08653278
v -0.04025515 0.82015373 -0.09003748
v -0.09036128 0.97555176 -0.16230802
v -0.09095579 0.98518659 -0.15895705
v -0.06865275 0.81680187 -0.05312903
v -0.10366306 0.9546396 -0.07338185
v -0.19618886 0.79426568 -0.00068515
v -0.15130405 0.79796366 -0.00755197
v -0.18448502 0.93309304 -0.02576946
v -0.27228224 0.93684614 -0.05213712
v -0.10997831 0.80738276 -0.03034049
v -0.14407399 0.94386632 -0.04957556
v -0.10997831 0.80738276 -0.03034049
v -0.15130405 0.79796366 -0.00755197
v -0.27168786 0.92721141 -0.05548821
v -0.19593451 0.78467054 -0.00418984
v -0.04025515 0.82015373 -0.09003748
v 0.05126951 0.04383154 0.04908905
v 0.05113265 0.04327754 0.0482911
v 0.07817012 0.21367753 -0.09174736
v 0.05117809 0.22191714 -0.07600105
v 0.11127645 0.39881456 -0.15443453
v 0.07991478 0.40349898 -0.12172397
v 0.09536984 0.53746782 -0.17120779
v 0.1191312 0.54310565 -0.25964584
v 0.0688737 0.62211513 -0.34050211
v 0.08057582 0.60237489 -0.23431507
v -0.00249407 0.61900097 -0.18863834
v 0.03904096 0.61068803 -0.21147675
v -0.08897755 0.57065769 -0.4483166
v 0.08057582 0.60237489 -0.23431507
v 0.0688737 0.62211513 -0.34050211
v 0.00755526 0.05657999 0.07371294
v 0.00838643 0.05692205 0.07410564
v -0.01754314 0.24289505 -0.03591103
v -0.04453513 0.25113466 -0.02016468
v 0.0299373 0.04917246 0.06241481
v 0.01681749 0.23240609 -0.05595612
v -0.10602104 0.64743114 -0.2642347
v -0.11668153 0.65467936 -0.3568001
v 0.06885555 0.61240467 -0.33732059
v 0.00793502 0.6289422 -0.38926606
v -0.10832347 0.5212298 -0.4894693
v -0.06918037 0.58254086 -0.16161427
v 0.01143449 0.55504506 -0.12751241
v -0.00249407 0.61900097 -0.18863834
v -0.10602104 0.64743114 -0.2642347
v 0.05340217 0.54625649 -0.1493601
v 0.03904096 0.61068803 -0.21147675
v -0.06981845 0.56618191 -0.44477946
v -0.10579649 0.51432934 -0.48236896
v -0.10055305 0.56779733 -0.43227149
v -0.11084509 0.63679824 -0.34235683
v 0.11638202 0.53335862 -0.26100584
v 0.06885555 0.61240467 -0.33732059
v -0.10592769 0.63627613 -0.26546163
v -0.11084509 0.63679824 -0.34235683
v -0.10592769 0.63627613 -0.26546163
v -0.07192948 0.57279392 -0.16297428
v -0.04822093 0.43695415 -0.0771632
v -0.05127293 0.42732598 -0.07871047
v -0.05010202 0.24598238 -0.02701128
v 0.00618729 0.05531396 0.07203063
v 0.04976475 0.0420115 0.04660879
v 0.07260328 0.20852525 -0.09859399
v 0.0020543 0.64843804 -0.40512124
v 0.00793502 0.6289422 -0.38926606
v 0.11127645 0.39881456 -0.15443453
v 0.1082244 0.38918639 -0.15598174
v 0.11638202 0.53335862 -0.26100584
v 0.1191312 0.54310565 -0.25964584
v 0.07991478 0.40349898 -0.12172397
v 0.09536984 0.53746782 -0.17120779
v -0.04822093 0.43695415 -0.0771632
v -0.00476353 0.42374742 -0.08070005
v 0.01143449 0.55504506 -0.12751241
v -0.06918037 0.58254086 -0.16161427
v 0.03757564 0.4136233 -0.10121196
v 0.05340217 0.54625649 -0.1493601
v 0.03757564 0.4136233 -0.10121196
v -0.00476353 0.42374742 -0.08070005
v -0.07192948 0.57279392 -0.16297428
v -0.05127293 0.42732598 -0.07871047
v 0.1082244 0.38918639 -0.15598174
v 0.00493635 0.47987818 0.03758562
v 0.00405978 0.47944744 0.03767635
v -0.10757546 0.670271 0.01527332
v -0.09162158 0.67483767 0.04300464
v -0.14036594 0.86406868 -0.01058558
v -0.10833046 0.86234177 0.02175969
v -0.1363991 1.00284337 0.01143522
v -0.22216262 1.02296219 -0.01420762
v -0.2916399 1.1111826 0.03771666
v -0.18936183 1.07594712 0.02771799
v -0.1443379 1.08180651 0.112582
v -0.16684988 1.07887672 0.07015001
v -0.41094518 1.07010082 0.190253
v -0.18936183 1.07594712 0.02771799
v -0.2916399 1.1111826 0.03771666
v 0.02981663 0.48682019 0.08244741
v 0.03028277 0.4871334 0.08164319
v -0.05100318 0.68646433 0.11360827
v -0.03504926 0.6910311 0.14133963
v 0.01823791 0.4821963 0.05946857
v -0.07131237 0.680651 0.07830647
v -0.21797627 1.11699878 0.21544014
v -0.30865992 1.13786164 0.22414444
v -0.28997079 1.10110824 0.03735452
v -0.34070312 1.12276895 0.09768831
v -0.45971179 1.02676764 0.20622098
v -0.12527913 1.03881174 0.17811759
v -0.09321562 1.00990797 0.09715956
v -0.1443379 1.08180651 0.112582
v -0.21797627 1.11699878 0.21544014
v -0.11480735 1.00637547 0.05429741
v -0.16684988 1.07887672 0.07015001
v -0.40752485 1.0659632 0.17099689
v -0.45366451 1.01897697 0.20354686
v -0.39589361 1.06432452 0.20207265
v -0.29692005 1.11824811 0.21782785
v -0.22507202 1.01342924 -0.01195636
v -0.28997079 1.10110824 0.03735452
v -0.22087816 1.10617719 0.21478969
v -0.29692005 1.11824811 0.21782785
v -0.22087816 1.10617719 0.21478969
v -0.12818858 1.02927879 0.1803688
v -0.06327843 0.88305262 0.15239307
v -0.06636441 0.87365256 0.15494768
v -0.04277075 0.68675296 0.14648632
v 0.02791927 0.48576895 0.08371208
v 0.00216242 0.4783962 0.03894103
v -0.11529695 0.66599286 0.02042008
v -0.35359418 1.14419054 0.10409067
v -0.34070312 1.12276895 0.09768831
v -0.14036594 0.86406868 -0.01058558
v -0.14345196 0.85466853 -0.00803094
v -0.22507202 1.01342924 -0.01195636
v -0.22216262 1.02296219 -0.01420762
v -0.10833046 0.86234177 0.02175969
v -0.1363991 1.00284337 0.01143522
v -0.06327843 0.88305262 0.15239307
v -0.06740413 0.87242039 0.1082862
v -0.09321562 1.00990797 0.09715956
v -0.12527913 1.03881174 0.17811759
v -0.08786728 0.86738113 0.06502296
v -0.11480735 1.00637547 0.05429741
v -0.08786728 0.86738113 0.06502296
v -0.06740413 0.87242039 0.1082862
v -0.12818858 1.02927879 0.1803688
v -0.06636441 0.87365256 0.15494768
v -0.14345196 0.85466853 -0.00803094
v -0.00383244 0.24955339 0.05430751
v -0.00436472 0.24912373 0.05501039
v -0.04873072 0.44091126 0.15809854
v -0.01671247 0.43840209 0.16169633
v -0.04881621 0.63552893 0.19585286
v -0.00500773 0.62560939 0.18824395
v -0.00100442 0.76470213 0.22391382
v -0.06742917 0.79143601 0.28127887
v -0.04970543 0.86513076 0.37905937
v -0.00453756 0.83223288 0.28589327
v 0.08955918 0.81672697 0.29888398
v 0.0425108 0.82447998 0.29238866
v -0.0088642 0.78948136 0.55737913
v -0.00453756 0.83223288 0.28589327
v -0.04970543 0.86513076 0.37905937
v 0.0473274 0.24507269 0.06081904
v 0.04703599 0.24556713 0.06002363
v 0.0648055 0.43201397 0.17085633
v 0.09682378 0.4295048 0.1744543
v 0.02159074 0.24631881 0.05639793
v 0.02404651 0.43520783 0.16627637
v 0.13390638 0.82663284 0.42207537
v 0.09162077 0.8457756 0.50319277
v -0.05105745 0.85542976 0.37614806
v -0.02927158 0.86231311 0.45464096
v -0.03387274 0.74412078 0.60013304
v 0.14331164 0.75884694 0.31523162
v 0.0929283 0.75017635 0.23904747
v 0.08955918 0.81672697 0.29888398
v 0.13390638 0.82663284 0.42207537
v 0.04596192 0.75743929 0.23148059
v 0.0425108 0.82447998 0.29238866
v -0.02276513 0.79012136 0.54302745
v -0.03399397 0.73714807 0.59266427
v 0.0080649 0.78082875 0.55120203
v 0.08959114 0.82816003 0.48744514
v -0.0693189 0.7816755 0.2836393
v -0.05105745 0.85542976 0.37614806
v 0.12948787 0.81632961 0.42259455
v 0.08959114 0.82816003 0.48744514
v 0.12948787 0.81632961 0.42259455
v 0.14142202 0.74908643 0.31759224
v 0.12794961 0.61335478 0.22942463
v 0.12622049 0.60365122 0.23211969
v 0.09543903 0.42418957 0.18307084
v 0.04698717 0.24376658 0.06293634
v -0.004705 0.24781742 0.05712774
v -0.05011544 0.43559603 0.16671505
v -0.02748403 0.88167454 0.47161152
v -0.02927158 0.86231311 0.45464096
v -0.04881621 0.63552893 0.19585286
v -0.05054529 0.62582536 0.19854789
v -0.0693189 0.7816755 0.2836393
v -0.06742917 0.79143601 0.28127887
v -0.00500773 0.62560939 0.18824395
v -0.00100442 0.76470213 0.22391382
v 0.12794961 0.61335478 0.22942463
v 0.08883849 0.613837 0.20606744
v 0.0929283 0.75017635 0.23904747
v 0.14331164 0.75884694 0.31523162
v 0.04191533 0.6197232 0.19715567
v 0.04596192 0.75743929 0.23148059
v 0.04191533 0.6197232 0.19715567
v 0.08883849 0.613837 0.20606744
v 0.14142202 0.74908643 0.31759224
v 0.12622049 0.60365122 0.23211969
v -0.05054529 0.62582536 0.19854789
v 0.01055792 0.85366022 0.02780151
v 0.01035758 0.85333468 0.02771395
v -0.01866276 0.88538492 -0.04989679
v -0.02439647 0.89321447 -0.04136658
v -0.02907546 0.93599126 -0.11000249
v -0.0323377 0.9459762 -0.09512253
v -0.04359345 0.98252583 -0.13796933
v -0.05563885 0.96672021 -0.16880149
v -0.09335037 0.98367339 -0.1959498
v -0.06509643 0.99495882 -0.16495137
v -0.08301238 1.01551333 -0.13779922
v -0.07405435 1.00523608 -0.15137526
v -0.167335 0.95882797 -0.18279235
v -0.06509643 0.99495882 -0.16495137
v -0.09335037 0.98367339 -0.1959498
v 0.00110072 0.8659753 0.04148559
v 0.00144855 0.86609941 0.04135377
v -0.03899451 0.91314858 -0.01964875
v -0.04472823 0.92097814 -0.01111847
v 0.00626917 0.85959871 0.03501444
v -0.03169549 0.90318158 -0.03050763
v -0.13510655 1.01999758 -0.14248433
v -0.1594896 1.00672706 -0.16749511
v -0.09226099 0.98086444 -0.1931906
v -0.1245667 0.98209545 -0.19799609
v -0.18088935 0.93574208 -0.18070274
v -0.09754768 1.01293235 -0.10912642
v -0.06227333 1.00312376 -0.11137065
v -0.08301238 1.01551333 -0.13779922
v -0.13510655 1.01999758 -0.14248433
v -0.05293339 0.99282474 -0.12466998
v -0.07405435 1.00523608 -0.15137526
v -0.16004921 0.95639317 -0.18499807
v -0.17820162 0.93441538 -0.17792676
v -0.16747271 0.96162866 -0.17530805
v -0.15363879 1.00263423 -0.1612568
v -0.05645852 0.96329775 -0.16672675
v -0.09226099 0.98086444 -0.1931906
v -0.13490264 1.0158843 -0.14070337
v -0.15363879 1.00263423 -0.1612568
v -0.13490264 1.0158843 -0.14070337
v -0.09836734 1.00950989 -0.10705176
v -0.06604145 0.97574757 -0.06197919
v -0.06700748 0.97235671 -0.05991563
v -0.04788077 0.91839235 -0.01086405
v 0.00032604 0.8653399 0.0415481
v 0.00958294 0.85269928 0.02777642
v -0.02181529 0.88279903 -0.04964229
v -0.13081039 0.9865003 -0.2049298
v -0.1245667 0.98209545 -0.19799609
v -0.02907546 0.93599126 -0.11000249
v -0.03004145 0.9326004 -0.1079389
v -0.05645852 0.96329775 -0.16672675
v -0.05563885 0.96672021 -0.16880149
v -0.0323377 0.9459762 -0.09512253
v -0.04359345 0.98252583 -0.13796933
v -0.06604145 0.97574757 -0.06197919
v -0.0519632 0.96708304 -0.06962664
v -0.06227333 1.00312376 -0.11137065
v -0.09754768 1.01293235 -0.10912642
v -0.04215047 0.95652967 -0.08237461
v -0.05293339 0.99282474 -0.12466998
v -0.04215047 0.95652967 -0.08237461
v -0.0519632 0.96708304 -0.06962664
v -0.09836734 1.00950989 -0.10705176
v -0.06700748 0.97235671 -0.05991563
v -0.03004145 0.9326004 -0.1079389
v 0.03027681 0.84785506 0.01542581
v 0.03039991 0.84751453 0.01527512
v 0.04422405 0.88184839 -0.06548936
v 0.03141684 0.88294953 -0.06418356
v 0.04733678 0.93553154 -0.12371786
v 0.03079837 0.93778428 -0.11642664
v 0.03061429 0.9745419 -0.1605544
v 0.05167331 0.96455508 -0.18887942
v 0.03793601 0.9676104 -0.23629838
v 0.02833268 0.98187923 -0.19641448
v -0.00981997 0.98197348 -0.19140731
v 0.00925638 0.98192636 -0.19391088
v 0.00233671 0.90679288 -0.27232696
v 0.02833268 0.98187923 -0.19641448
v 0.03793601 0.9676104 -0.23629838
v 0.0097231 0.84929225 0.01738319
v 0.0099296 0.84960446 0.01750029
v -0.0011903 0.88575306 -0.06085913
v -0.01399758 0.8868542 -0.0595534
v 0.02013865 0.84850479 0.01700035
v 0.01511325 0.88435125 -0.06252136
v -0.03850065 0.96118756 -0.23015303
v -0.02932389 0.94547781 -0.2627899
v 0.03840428 0.96505106 -0.2331486
v 0.02265032 0.95144174 -0.25834506
v 0.00630985 0.88056568 -0.27649748
v -0.03416897 0.96435654 -0.17970968
v -0.00764791 0.97445337 -0.15646723
v -0.00981997 0.98197348 -0.19140731
v -0.03850065 0.96118756 -0.23015303
v 0.01148319 0.97449758 -0.15851077
v 0.00925638 0.98192636 -0.19391088
v 0.00911538 0.90904783 -0.26874353
v 0.00683643 0.88000737 -0.27248478
v -0.00390853 0.90685151 -0.26733985
v -0.02762875 0.94321945 -0.25373863
v 0.05183876 0.96074558 -0.18741328
v 0.03840428 0.96505106 -0.2331486
v -0.03719908 0.95740448 -0.22812142
v -0.02762875 0.94321945 -0.25373863
v -0.03719908 0.95740448 -0.22812142
v -0.03400352 0.96054704 -0.17824353
v -0.02497932 0.93586861 -0.11886395
v -0.02490627 0.93201557 -0.11750787
v -0.01447728 0.88310074 -0.0610933
v 0.00960522 0.84836991 0.01700481
v 0.03028199 0.84659219 0.01489677
v 0.04374434 0.87809492 -0.06702918
v 0.02099106 0.95396234 -0.26821208
v 0.02265032 0.95144174 -0.25834506
v 0.04733678 0.93553154 -0.12371786
v 0.04740983 0.93167861 -0.12236169
v 0.05183876 0.96074558 -0.18741328
v 0.05167331 0.96455508 -0.18887942
v 0.03079837 0.93778428 -0.11642664
v 0.03061429 0.9745419 -0.1605544
v -0.02497932 0.93586861 -0.11886395
v -0.00759471 0.93796315 -0.11384969
v -0.00764791 0.97445337 -0.15646723
v -0.03416897 0.96435654 -0.17970968
v 0.01160185 0.93787371 -0.11513818
v 0.01148319 0.97449758 -0.15851077
v 0.01160185 0.93787371 -0.11513818
v -0.00759471 0.93796315 -0.11384969
v -0.03400352 0.96054704 -0.17824353
v -0.02490627 0.93201557 -0.11750787
v 0.04740983 0.93167861 -0.12236169
v 0.05360408 0.86905065 0.03262076
v 0.0539728 0.86897276 0.03272934
v 0.08887379 0.92918352 -0.02249216
v 0.08365145 0.92064883 -0.03066719
v 0.09235643 0.98626876 -0.07736718
v 0.08126467 0.973766 -0.08460641
v 0.08587231 1.01279481 -0.12648657
v 0.11770104 1.03102148 -0.12698638
v 0.14374859 1.04055716 -0.16793996
v 0.10440941 1.02874615 -0.15381632
v 0.09027455 1.00089839 -0.17629776
v 0.09734195 1.01482227 -0.165057
v 0.19961085 0.99049603 -0.19318688
v 0.10440941 1.02874615 -0.15381632
v 0.14374859 1.04055716 -0.16793996
v 0.04554158 0.85519399 0.01953104
v 0.04530723 0.85549155 0.01963282
v 0.07035545 0.89891983 -0.05148075
v 0.06513312 0.89038524 -0.05965579
v 0.04925683 0.86195995 0.02657869
v 0.07700343 0.90978438 -0.04107399
v 0.12256726 0.98196134 -0.21310038
v 0.15788283 0.98996789 -0.22231351
v 0.14350328 1.03812379 -0.16466759
v 0.1653783 1.02773335 -0.18661714
v 0.22145055 0.9780595 -0.18373146
v 0.08759236 0.96885561 -0.17877353
v 0.07245206 0.98508587 -0.14956947
v 0.09027455 1.00089839 -0.17629776
v 0.12256726 0.98196134 -0.21310038
v 0.0791622 0.99894029 -0.138028
v 0.09734195 1.01482227 -0.165057
v 0.19755361 0.99528262 -0.18712613
v 0.21927284 0.97662704 -0.18058563
v 0.19445664 0.98447108 -0.19419284
v 0.15379519 0.98644969 -0.21451522
v 0.11936031 1.02819058 -0.12455283
v 0.14350328 1.03812379 -0.16466759
v 0.12414548 0.97972216 -0.20954681
v 0.15379519 0.98644969 -0.21451522
v 0.12414548 0.97972216 -0.20954681
v 0.08925169 0.96602471 -0.17633997
v 0.06858413 0.93524784 -0.12302923
v 0.07032143 0.93236553 -0.12071325
v 0.06860096 0.88822595 -0.05961684
v 0.0463937 0.85466342 0.01954068
v 0.05482492 0.86844209 0.0327389
v 0.09234159 0.92702414 -0.02245317
v 0.16984709 1.0317349 -0.19501248
v 0.1653783 1.02773335 -0.18661714
v 0.09235643 0.98626876 -0.07736718
v 0.09409376 0.98338656 -0.07505117
v 0.11936031 1.02819058 -0.12455283
v 0.11770104 1.03102148 -0.12698638
v 0.08126467 0.973766 -0.08460641
v 0.08587231 1.01279481 -0.12648657
v 0.06858413 0.93524784 -0.12302923
v 0.06864379 0.94667858 -0.10884872
v 0.07245206 0.98508587 -0.14956947
v 0.08759236 0.96885561 -0.17877353
v 0.07495426 0.96022234 -0.09672758
v 0.0791622 0.99894029 -0.138028
v 0.07495426 0.96022234 -0.09672758
v 0.06864379 0.94667858 -0.10884872
v 0.08925169 0.96602471 -0.17633997
v 0.07032143 0.93236553 -0.12071325
v 0.09409376 0.98338656 -0.07505117
v -0.04886534 1.02498169 -0.14191487
v -0.05321475 1.08390428 -0.20163725
v -0.01889952 1.05293208 -0.23469378
v -0.01455007 0.99400949 -0.17497137
v -0.01455007 0.99400949 -0.17497137
v -0.01889952 1.05293208 -0.23469378
v 0.03783725 1.0540319 -0.23774068
v 0.04218666 0.99510941 -0.17801829
v 0.07427151 1.0863757 -0.20848358
v 0.07862093 1.02745321 -0.14876121
v 0.06296767 1.12560782 -0.16895371
v 0.06731705 1.06668523 -0.10923129
v 0.06731705 1.06668523 -0.10923129
v 0.06296767 1.12560782 -0.16895371
v 0.01243761 1.14218574 -0.14891781
v 0.01678699 1.08326315 -0.0891954
v -0.03926841 1.12362582 -0.16346337
v -0.03491904 1.06470334 -0.10374095
v -0.03491904 1.06470334 -0.10374095
v -0.03926841 1.12362582 -0.16346337
v -0.04415496 1.14828116 -0.26293844
v -0.01713714 1.12389537 -0.28896516
v -0.01713714 1.12389537 -0.28896516
v 0.02753403 1.12476145 -0.29136418
v 0.0562203 1.15022703 -0.26832882
v 0.04732026 1.18111603 -0.23720528
v 0.04732026 1.18111603 -0.23720528
v 0.00753585 1.19416852 -0.22143021
v -0.03317444 1.17955558 -0.23288248
v -0.03317444 1.17955558 -0.23288248
v -0.01087525 1.20601366 -0.31071931
v -0.00369224 1.19953042 -0.31763883
v -0.00369224 1.19953042 -0.31763883
v 0.00818407 1.19976064 -0.31827663
v 0.01581065 1.20653092 -0.31215241
v 0.01344446 1.21474317 -0.30387789
v 0.01344446 1.21474317 -0.30387789
v 0.00286734 1.21821326 -0.29968391
v -0.00795594 1.21432825 -0.30272865
v -0.00795594 1.21432825 -0.30272865
v -0.00992538 0.93135775 -0.11146906
v -0.04424065 0.96232995 -0.07841257
v 0.04681134 0.93245757 -0.11451598
v -0.00992538 0.93135775 -0.11146906
v 0.08324561 0.96480136 -0.08525889
v 0.07194174 1.00403349 -0.04572898
v 0.02141168 1.02061141 -0.02569309
v 0.07194174 1.00403349 -0.04572898
v -0.03029431 1.00205149 -0.0402386
v -0.03029431 1.00205149 -0.0402386
v 0.00052455 0.88396517 -0.04590134
v -0.02654427 0.90839692 -0.01982542
v 0.04528008 0.88483281 -0.0483048
v 0.00052455 0.88396517 -0.04590134
v 0.07402049 0.91034651 -0.02522598
v 0.06510368 0.94129387 0.00595631
v 0.02524416 0.95437095 0.02176123
v 0.06510368 0.94129387 0.00595631
v -0.01554304 0.93973051 0.01028727
v -0.01554304 0.93973051 0.01028727
v 0.02289881 0.8556084 0.03398881
v 0.01697103 0.8609587 0.03969911
v 0.03269974 0.85579842 0.03346249
v 0.02289881 0.8556084 0.03398881
v 0.03899356 0.86138559 0.03851646
v 0.03704085 0.86816266 0.04534501
v 0.02831211 0.87102641 0.04880611
v 0.03704085 0.86816266 0.04534501
v 0.01938018 0.86782037 0.04629341
v 0.01938018 0.86782037 0.04629341
v 0.0371651 2.34807979 0.04762848
v 0.02785362 2.34855249 0.06198739
v 0.03596794 2.34830588 0.05705109
v 0.01893232 2.34863391 0.05872021
v 0.03054359 2.34804447 0.04081494
v 0.01592204 2.34848884 0.04970978
v 0.02108955 2.34822651 0.04174121
v 0.02093461 1.95524969 0.06866441
v 0.0286189 1.9548596 0.05681474
v 0.02763094 1.95504618 0.06459076
v 0.01357233 1.95531688 0.06596816
v 0.02315449 1.95483045 0.05119186
v 0.01108808 1.95519716 0.05853232
v 0.01535254 1.95498068 0.05195627
v 0.31445548 1.76648846 0.03360701
v 0.30292001 1.77895566 0.035753
v 0.3093439 1.7726288 0.03874874
v 0.31440569 1.76515833 0.02419963
v 0.30002108 1.78070474 0.02687567
v 0.30923191 1.76964011 0.01761054
v 0.30283019 1.77655891 0.01880152
v 0.0198589 1.50841195 0.07399333
v 0.02937857 1.49812342 0.07222235
v 0.0251602 1.50319073 0.07646558
v 0.02933741 1.49702575 0.06445894
v 0.01746658 1.50985538 0.06666727
v 0.02506779 1.50072434 0.05902128
v 0.01978476 1.50643407 0.06000414
v -0.25797809 1.42781084 0.29649642
v -0.27123405 1.42772575 0.27965173
v -0.26741974 1.42406203 0.29030704
v -0.25001879 1.43614934 0.29355913
v -0.26654868 1.43604314 0.27255413
v -0.24953542 1.44279835 0.28370705
v -0.25689192 1.44275109 0.27435893
v 0.00954144 1.08600332 0.0628053
v 0.0204809 1.08607356 0.07670638
v 0.01268917 1.08297981 0.07159858
v 0.02704929 1.09295489 0.07428236
v 0.01340803 1.09286726 0.05694805
v 0.02744821 1.09844192 0.06615195
v 0.02137726 1.09840297 0.05843745
v 0.01581065 1.20653092 -0.31215241
v 0.00286734 1.21821326 -0.29968391
v 0.01344446 1.21474317 -0.30387789
v 0.00818407 1.19976064 -0.31827663
v -0.00795594 1.21432825 -0.30272865
v -0.00369224 1.19953042 -0.31763883
v -0.01087525 1.20601366 -0.31071931
v 0.02831211 0.87102641 0.04880611
v 0.03899356 0.86138559 0.03851646
v 0.03704085 0.86816266 0.04534501
v 0.03269974 0.85579842 0.03346249
v 0.01938018 0.86782037 0.04629341
v 0.02289881 0.8556084 0.03398881
v 0.01697103 0.8609587 0.03969911
vn -0.30144 0.60709 0.73524
vn 0.43517 0.27919 0.85597
vn -0.26716 0.92272 0.27788
vn -0.1153 0.49139 0.86327
vn 0.54862 0.06827 0.83328
vn 0.8762 0.33763 0.34392
vn -0.24361 -0.3152 0.91723
vn -0.76137 0.23195 0.60541
vn -0.26274 -0.76435 0.58884
vn -0.39141 -0.10886 0.91375
vn -0.75853 0.43847 0.48205
vn -0.99466 0.10163 -0.01801
vn -0.38854 0.51501 0.76407
vn 0.35903 0.22246 0.90643
vn -0.34591 0.87417 0.34084
vn -0.20374 0.39916 0.89396
vn 0.48758 0.02191 0.8728
vn 0.82741 0.35598 0.43435
vn -0.69017 -0.08701 0.7184
vn -0.06333 0.39529 0.91637
vn -0.94717 0.14848 0.28429
vn -0.50424 0.00678 0.86354
vn 0.17646 0.40193 0.89851
vn 0.09547 0.87866 0.46781
vn 0.62504 0.34594 0.69975
vn 0.26341 -0.35796 0.89581
vn 0.93595 0.24998 0.248
vn 0.50142 0.17963 0.84635
vn 0.04724 -0.46297 0.88511
vn 0.29789 -0.85141 0.43169
vn -0.45379 0.54914 0.7018
vn 0.28026 0.27025 0.9211
vn -0.37706 0.88713 0.26613
vn -0.28017 0.44143 0.85243
vn 0.41204 0.0694 0.90852
vn 0.7863 0.38406 0.48398
vn 0.22185 -0.6385 0.73695
vn -0.35738 -0.09775 0.92883
vn 0.02478 -0.94775 0.31804
vn 0.1005 -0.46649 0.8788
vn -0.40599 0.13645 0.90363
vn -0.87104 -0.04108 0.48949
vn 0.35223 -0.65641 0.66713
vn -0.42373 -0.78477 0.45232
vn 0.66167 -0.72017 0.20869
vn 0.10547 -0.70545 0.70087
vn -0.62638 -0.66145 0.41247
vn -0.5499 -0.80742 -0.21373
vn -0.03378 -0.96091 0.27479
vn -0.67009 -0.51966 0.53003
vn -0.04556 -0.95839 -0.28181
vn -0.20772 -0.87453 0.43823
vn -0.71798 -0.30433 0.626
vn -0.98694 -0.15049 0.05741
vn -0.76337 -0.64545 0.0257
vn -0.5959 -0.29992 0.74495
vn -0.91719 -0.2372 -0.32015
vn -0.72154 -0.63505 0.27586
vn -0.40654 -0.24125 0.8812
vn -0.54701 0.37658 0.74764
vn -0.67289 0.53733 0.50842
vn 0.04282 0.91363 0.40429
vn -0.89011 0.45574 0.00232
vn -0.46795 0.67197 0.574
vn 0.27855 0.86659 0.41405
vn 0.28191 0.93142 -0.23021
vn -0.34078 0.92889 0.14503
vn 0.34288 0.75788 0.55502
vn -0.22035 0.8909 -0.39717
vn -0.18351 0.92081 0.34413
vn 0.43969 0.58042 0.68541
vn 0.84999 0.49032 0.19261
vn 0.48583 0.87202 0.05963
vn 0.3052 0.54203 0.78298
vn 0.83064 0.51989 -0.19938
vn 0.40182 0.86551 0.29906
vn 0.12321 0.43066 0.89407
vn 0.48364 -0.1067 0.86874
vn 0.13386 -0.68113 0.71983
vn -0.31932 -0.04245 0.9467
vn -0.14115 -0.93994 0.31078
vn 0.05567 -0.49133 0.86919
vn -0.32319 0.19712 0.92557
vn -0.83522 0.11887 0.53692
vn -0.0065 -0.5476 0.83671
vn -0.56498 0.04627 0.82381
vn -0.12995 -0.89743 0.42158
vn -0.14136 -0.35167 0.92539
vn -0.58613 0.27755 0.76119
vn -0.95927 0.07416 0.27259
vn -0.60486 0.32952 0.72496
vn 0.11472 0.71152 0.69324
vn -0.86695 0.43401 0.24501
vn -0.38967 0.43035 0.81422
vn 0.34826 0.66182 0.66386
vn 0.30028 0.94997 0.08594
vn 0.56531 0.61588 0.54874
vn 0.3575 -0.07361 0.93101
vn 0.87473 0.47225 0.10874
vn 0.48199 0.4703 0.73926
vn 0.16633 -0.21632 0.96205
vn 0.47494 -0.65 0.59324
vn 0.52146 0.31878 0.79149
vn 0.25618 -0.44949 0.85576
vn 0.87112 0.33553 0.35857
vn 0.41476 0.11689 0.90239
vn 0.05902 -0.58026 0.81229
vn 0.39254 -0.85787 0.33162
vn -0.39639 0.49347 0.77419
vn 0.35296 0.20381 0.91317
vn -0.35479 0.86294 0.3598
vn -0.21123 0.37609 0.90219
vn 0.48334 0.00522 0.87542
vn 0.82238 0.35241 0.44665
vn -0.78555 -0.06 0.61589
vn -0.16056 0.36955 0.91523
vn -0.96495 0.20692 0.16144
vn -0.61518 0.01553 0.78823
vn 0.07932 0.35958 0.92974
vn 0.08954 0.85428 0.51204
vn 0.59137 0.35066 0.72617
vn 0.77446 -0.40631 0.48489
vn 0.66883 0.68534 0.28804
vn 0.65103 0.10526 0.75172
vn 0.66493 -0.61259 0.42733
vn 0.84771 -0.49784 -0.18315
vn 0.94109 0.00024 0.33815
vn 0.51819 -0.66908 0.53275
vn 0.97599 0.01611 -0.21724
vn 0.85342 -0.18568 0.48703
vn 0.29982 -0.73233 0.61139
vn 0.19831 -0.9799 0.0217
vn 0.68179 -0.73074 0.03443
vn 0.28111 -0.6167 0.7353
vn 0.30598 -0.88719 -0.34535
vn 0.65266 -0.70202 0.28496
vn 0.20365 -0.43749 0.87586
vn -0.39572 -0.6016 0.69389
vn 0 1 0
vn 0 0.99707 0.07651
vn 0.77955 0.62165 0.07651
vn 0.78184 0.62348 0
vn 0.97208 -0.22185 0.07651
vn 0.97493 -0.22251 0
vn 0.43261 -0.89833 0.07651
vn 0.43388 -0.90097 0
vn -0.43261 -0.89833 0.07651
vn -0.43388 -0.90097 0
vn -0.97208 -0.22185 0.07651
vn -0.97493 -0.22251 0
vn -0.77955 0.62165 0.07651
vn -0.78184 0.62348 0
vn 0 0.95384 0.30031
vn 0.74575 0.59471 0.30031
vn 0.92993 -0.21223 0.30031
vn 0.41384 -0.85939 0.30031
vn -0.41384 -0.85939 0.30031
vn -0.92993 -0.21223 0.30031
vn -0.74575 0.59471 0.30031
vn 0 0.61077 0.79181
vn 0.47751 0.38079 0.79183
vn 0.59545 -0.1359 0.79181
vn 0.26499 -0.55028 0.79181
vn -0.26499 -0.55028 0.79181
vn -0.59545 -0.1359 0.79181
vn -0.47751 0.38079 0.79183
vn 0.77912 0.62134 -0.08313
vn 0 0.99654 -0.08313
vn 0.97155 -0.22175 -0.08313
vn 0.43237 -0.89786 -0.08313
vn -0.43237 -0.89786 -0.08313
vn -0.97155 -0.22175 -0.08313
vn -0.77912 0.62134 -0.08313
vn 0.74421 0.59348 -0.30648
vn 0 0.95188 -0.30647
vn 0.92802 -0.2118 -0.30647
vn 0.41299 -0.85762 -0.30647
vn -0.41299 -0.85762 -0.30647
vn -0.92802 -0.2118 -0.30647
vn -0.74421 0.59348 -0.30648
vn 0.47805 0.38125 -0.79127
vn 0 0.61148 -0.79126
vn 0.59613 -0.13606 -0.79127
vn 0.2653 -0.55091 -0.79128
vn -0.2653 -0.55091 -0.79128
vn -0.59613 -0.13606 -0.79127
vn -0.47805 0.38125 -0.79127
vn -0.18845 -0.82831 0.52763
vn 0.45354 -0.88087 0.13552
vn 0.50967 -0.86016 0.0192
vn -0.22321 -0.90464 0.36305
vn 0.49511 -0.86729 0.05176
vn -0.16719 -0.9581 0.23259
vn 0.00745 -0.88395 0.46752
vn 0.75007 -0.61588 0.24101
vn 0.64069 -0.13667 0.75554
vn -0.03284 -0.48467 0.87408
vn -0.16871 -0.37883 0.90996
vn -0.10026 -0.35518 0.9294
vn 0.28343 0.59788 0.7498
vn -0.8307 -0.42002 0.36539
vn -0.21317 -0.81944 0.53205
vn -0.32088 -0.86118 0.39421
vn -0.90297 -0.33965 0.26323
vn -0.19992 -0.82262 0.53229
vn -0.27482 -0.88569 0.37419
vn -0.56464 0.33324 0.75507
vn 0.77757 0.1215 -0.61695
vn 0.64701 -0.13172 -0.75102
vn 0.4509 0.84484 -0.28798
vn -0.90729 0.01166 0.42035
vn -0.52377 -0.65805 0.54095
vn -0.28267 -0.80787 0.51715
vn 0.52096 -0.57898 -0.6272
vn 0.11576 0.1345 -0.98413
vn -0.72092 0.05036 -0.69119
vn -0.55188 0.37939 -0.74263
vn 0.839 0.08112 -0.53805
vn -0.52093 0.59656 -0.61053
vn -0.56536 0.71582 -0.40984
vn -0.93929 -0.21571 0.26683
vn -0.53973 0.7971 -0.2708
vn -0.5094 0.81957 -0.26234
vn -0.45302 0.83728 -0.30616
vn 0.76866 0.38042 -0.51424
vn 0.8191 0.32054 -0.47573
vn 0.8549 0.22801 -0.466
vn -0.49994 -0.81111 0.30358
vn -0.34385 -0.90558 0.24836
vn 0.34837 0.87713 0.33058
vn -0.04469 0.95006 -0.30884
vn -0.06375 0.90122 -0.42864
vn 0.46331 0.86637 0.18641
vn -0.05881 0.91638 -0.39596
vn 0.48094 0.87601 0.03604
vn 0.22651 0.95787 0.17655
vn -0.44299 0.84945 -0.2867
vn -0.72262 0.61128 0.32275
vn -0.04221 0.76521 0.6424
vn 0.01505 0.64857 0.76101
vn -0.05909 0.65589 0.75254
vn -0.73734 -0.13135 0.66263
vn 0.76509 0.27087 0.58418
vn 0.36395 0.86406 0.34776
vn 0.51691 0.81297 0.26811
vn 0.82391 0.13877 0.54947
vn 0.35408 0.87076 0.34118
vn 0.49509 0.83947 0.22401
vn 0.09037 -0.14631 0.9851
vn -0.51071 -0.12974 -0.84991
vn -0.24825 -0.00266 -0.96869
vn -0.65342 -0.71791 -0.2401
vn 0.62534 -0.10309 0.77351
vn 0.55313 0.63758 0.53622
vn 0.4223 0.82778 0.36938
vn 0.01181 0.39849 -0.9171
vn 0.15894 -0.48238 -0.86142
vn 0.80702 -0.53366 -0.25285
vn 0.53864 -0.79054 -0.2914
vn -0.57028 -0.04489 -0.82023
vn 0.37637 -0.91611 -0.13816
vn 0.29808 -0.95089 0.08344
vn 0.79978 0.02228 0.59988
vn 0.19685 -0.95743 0.21113
vn 0.15882 -0.96466 0.21025
vn 0.11767 -0.98141 0.15164
vn -0.64805 -0.315 -0.6934
vn -0.67699 -0.23283 -0.6982
vn -0.67026 -0.13831 -0.72913
vn 0.67518 0.68077 0.28405
vn 0.60212 0.78557 0.14259
vn -0.1663 -0.88464 0.43561
vn 0.50186 -0.86058 0.08681
vn 0.56391 -0.82552 -0.02283
vn -0.1851 -0.94695 0.26274
vn 0.54776 -0.8366 0.00778
vn -0.11729 -0.98425 0.13227
vn 0.03635 -0.92232 0.38472
vn 0.77246 -0.58932 0.23664
vn 0.59802 -0.16874 0.78352
vn -0.05689 -0.56668 0.82197
vn -0.20158 -0.47317 0.8576
vn -0.13627 -0.44738 0.8839
vn 0.19343 0.53998 0.81915
vn -0.82262 -0.50253 0.266
vn -0.19179 -0.87775 0.43906
vn -0.28731 -0.91265 0.29073
vn -0.89333 -0.41735 0.1667
vn -0.1784 -0.88012 0.43995
vn -0.23851 -0.93231 0.27187
vn -0.63351 0.22502 0.74029
vn 0.80605 0.22661 -0.54675
vn 0.70176 -0.02017 -0.71213
vn 0.41094 0.89422 -0.17747
vn -0.93138 -0.08347 0.35436
vn -0.51243 -0.73711 0.44055
vn -0.26081 -0.86905 0.42039
vn 0.59821 -0.48401 -0.63865
vn 0.17008 0.23427 -0.95718
vn -0.6763 0.07196 -0.7331
vn -0.52674 0.41406 -0.74236
vn 0.8648 0.18275 -0.46768
vn -0.51907 0.61917 -0.58923
vn -0.58431 0.71588 -0.38222
vn -0.93804 -0.29674 0.17894
vn -0.57328 0.78496 -0.23491
vn -0.5451 0.80836 -0.2223
vn -0.48734 0.83353 -0.26024
vn 0.77315 0.47358 -0.42185
vn 0.8249 0.41347 -0.38546
vn 0.86611 0.3228 -0.38164
vn -0.46304 -0.86517 0.19255
vn -0.29775 -0.9443 0.14018
vn 0.64083 -0.61438 0.4603
vn 0.98833 -0.0209 0.15091
vn 0.99761 0.05353 0.04376
vn 0.69554 -0.65769 0.28926
vn 0.99672 0.03308 0.07383
vn 0.77093 -0.61527 0.16465
vn 0.78104 -0.45934 0.42306
vn 0.88688 0.34663 0.30543
vn 0.40212 0.39986 0.82365
vn 0.4008 -0.36726 0.83933
vn 0.24388 -0.44335 0.86253
vn 0.25392 -0.37496 0.89159
vn -0.41426 0.42138 0.80674
vn -0.0135 -0.97143 0.23694
vn 0.62155 -0.63268 0.46195
vn 0.61164 -0.72798 0.30974
vn -0.11628 -0.98463 0.13029
vn 0.63044 -0.6225 0.46373
vn 0.65485 -0.69596 0.29463
vn -0.56768 -0.44612 0.69189
vn 0.25874 0.8223 -0.50683
vn 0.42627 0.60996 -0.66801
vn -0.53936 0.82065 -0.18873
vn -0.43315 -0.84931 0.30174
vn 0.33568 -0.83353 0.4388
vn 0.57965 -0.68656 0.4389
vn 0.7639 0.27846 -0.58216
vn -0.04975 0.2953 -0.95411
vn -0.36327 -0.51849 -0.77408
vn -0.57736 -0.21278 -0.78828
vn 0.3214 0.84735 -0.42273
vn -0.75844 -0.10425 -0.64335
vn -0.8882 -0.11591 -0.4446
vn -0.24311 -0.96056 0.13499
vn -0.95105 -0.07496 -0.29982
vn -0.95728 -0.03913 -0.28652
vn -0.94644 0.02441 -0.32195
vn 0.0228 0.91877 -0.39414
vn 0.09845 0.93067 -0.35237
vn 0.19691 0.91866 -0.34249
vn 0.48666 -0.85051 0.1995
vn 0.64304 -0.74888 0.16026
vn -0.81532 0.28076 0.50639
vn -0.9005 -0.3948 0.1823
vn -0.88315 -0.46349 0.07233
vn -0.8909 0.30208 0.33919
vn -0.88939 -0.44534 0.10325
vn -0.94772 0.23558 0.21525
vn -0.88052 0.08259 0.46676
vn -0.6492 -0.69123 0.3174
vn -0.1623 -0.55264 0.81746
vn -0.47735 0.14527 0.86662
vn -0.36498 0.27891 0.88826
vn -0.3445 0.21177 0.91459
vn 0.58828 -0.23325 0.77429
vn -0.3781 0.88283 0.27864
vn -0.80526 0.30535 0.50824
vn -0.84269 0.40023 0.36012
vn -0.295 0.94034 0.16954
vn -0.80906 0.29236 0.50985
vn -0.86947 0.3536 0.34496
vn 0.36404 0.62254 0.69276
vn 0.08094 -0.84159 -0.53402
vn -0.16663 -0.71357 -0.68048
vn 0.82085 -0.51777 -0.24107
vn 0.05701 0.94399 0.325
vn -0.62934 0.60718 0.48504
vn -0.79051 0.37234 0.48627
vn -0.60669 -0.55432 -0.56979
vn 0.12302 -0.22227 -0.96719
vn 0.08027 0.64308 -0.76158
vn 0.40063 0.45416 -0.79576
vn 0.03818 -0.89262 -0.44918
vn 0.61688 0.42662 -0.6614
vn 0.73927 0.48566 -0.46649
vn -0.16947 0.9709 0.16923
vn 0.82007 0.47057 -0.32564
vn 0.84116 0.4402 -0.31413
vn 0.85592 0.37886 -0.35195
vn 0.34061 -0.83455 -0.43304
vn 0.27864 -0.87788 -0.38948
vn 0.18458 -0.90804 -0.37603
vn -0.78477 0.56647 0.25151
vn -0.88682 0.41024 0.21272
vn -0.19884 -0.86322 0.46401
vn 0.49628 -0.85098 0.1719
vn 0.56722 -0.8209 0.0662
vn -0.20274 -0.9342 0.29354
vn 0.54858 -0.83058 0.09592
vn -0.124 -0.97739 0.17127
vn 0.00754 -0.90168 0.43233
vn 0.75214 -0.57034 0.33015
vn 0.53042 -0.12455 0.83854
vn -0.12376 -0.52554 0.84172
vn -0.27135 -0.43157 0.8603
vn -0.2086 -0.40398 0.89067
vn 0.12134 0.58166 0.80433
vn -0.84006 -0.49553 0.22079
vn -0.22456 -0.85638 0.46495
vn -0.30705 -0.89943 0.31105
vn -0.90249 -0.41598 0.11173
vn -0.21128 -0.8586 0.46709
vn -0.25676 -0.91959 0.29738
vn -0.69468 0.25627 0.67212
vn 0.8484 0.20585 -0.48769
vn 0.75946 -0.04972 -0.64865
vn 0.42077 0.88769 -0.18699
vn -0.95762 -0.07352 0.27848
vn -0.54477 -0.71852 0.43237
vn -0.2918 -0.8492 0.44012
vn 0.65201 -0.51016 -0.56091
vn 0.24934 0.18776 -0.95004
vn -0.61228 0.02976 -0.79008
vn -0.46386 0.37218 -0.80394
vn 0.90044 0.16645 -0.40188
vn -0.47 0.58472 -0.66121
vn -0.55292 0.69105 -0.46554
vn -0.94857 -0.2953 0.11408
vn -0.55462 0.76749 -0.32149
vn -0.52771 0.79171 -0.30776
vn -0.46705 0.81545 -0.34191
vn 0.80405 0.45844 -0.37859
vn 0.8528 0.40066 -0.33498
vn 0.89391 0.31062 -0.32317
vn -0.47409 -0.85835 0.19615
vn -0.30461 -0.93861 0.16193
vn 0.50401 0.75347 0.4222
vn -0.14765 0.98184 0.11914
vn -0.22499 0.97426 0.01392
vn 0.53326 0.80867 0.24837
vn -0.20402 0.978 0.0434
vn 0.47558 0.87108 0.12269
vn 0.32616 0.86336 0.385
vn -0.4884 0.82399 0.28722
vn -0.44485 0.35625 0.8217
vn 0.31102 0.48812 0.81548
vn 0.41369 0.34765 0.84143
vn 0.3453 0.34673 0.87209
vn -0.3246 -0.45162 0.83107
vn 0.96413 0.16311 0.2094
vn 0.52541 0.73771 0.42393
vn 0.6175 0.73897 0.26946
vn 0.99257 0.06037 0.10569
vn 0.51389 0.74477 0.42572
vn 0.57813 0.77544 0.25389
vn 0.55353 -0.45682 0.69636
vn -0.86604 0.09433 -0.49099
vn -0.68974 0.29018 -0.66337
vn -0.71855 -0.67951 -0.14817
vn 0.91827 -0.26872 0.29082
vn 0.77229 0.49023 0.40404
vn 0.58521 0.70497 0.40069
vn -0.42007 0.68287 -0.59769
vn -0.30375 -0.13425 -0.94324
vn 0.55599 -0.29573 -0.7768
vn 0.29192 -0.55981 -0.77549
vn -0.89967 0.15473 -0.40822
vn 0.2198 -0.7516 -0.62192
vn 0.25832 -0.87017 -0.41961
vn 0.991 -0.06846 0.11506
vn 0.23219 -0.93392 -0.27181
vn 0.19831 -0.94576 -0.25731
vn 0.13306 -0.94735 -0.29123
vn -0.91746 -0.1505 -0.36825
vn -0.94138 -0.07657 -0.32854
vn -0.94643 0.02274 -0.3221
vn 0.75734 0.63319 0.15974
vn 0.62922 0.76814 0.11851
vn -0.5262 0.50301 0.68563
vn -0.90464 0.42448 0.03808
vn -0.8965 0.43337 -0.09211
vn -0.49423 0.64951 0.57782
vn -0.90041 0.43142 -0.056
vn -0.52603 0.72249 0.44867
vn -0.68435 0.48417 0.54521
vn -0.99683 0.0383 -0.06977
vn -0.7923 -0.50927 0.33601
vn -0.54422 0.01459 0.83882
vn -0.39233 -0.02231 0.91955
vn -0.43459 -0.08002 0.89707
vn -0.08735 -0.91916 0.38409
vn 0.24188 0.54404 0.80344
vn -0.50413 0.50531 0.70037
vn -0.40633 0.64612 0.64609
vn 0.37557 0.55811 0.73991
vn -0.51585 0.50171 0.6944
vn -0.44849 0.65318 0.61009
vn 0.37484 -0.3326 0.86537
vn -0.30214 -0.17811 -0.93648
vn -0.31569 0.13642 -0.93901
vn 0.26732 -0.73799 -0.61961
vn 0.53971 0.21779 0.81319
vn -0.18205 0.51547 0.83735
vn -0.4414 0.53406 0.72108
vn -0.53082 0.48874 -0.69236
vn 0.30815 0.26899 -0.91252
vn 0.77899 0.58494 -0.22588
vn 0.86864 0.27419 -0.41265
vn -0.3965 -0.20844 -0.89406
vn 0.93431 0.03351 -0.35488
vn 0.97478 -0.12644 -0.18388
vn 0.47549 0.47619 0.7397
vn 0.96059 -0.26164 -0.09382
vn 0.94912 -0.29653 -0.10602
vn 0.93226 -0.3168 -0.17471
vn -0.17283 -0.4207 -0.89058
vn -0.25801 -0.41338 -0.87324
vn -0.34289 -0.3615 -0.86703
vn -0.21605 0.727 0.65177
vn -0.3698 0.75432 0.54245
vn 0.27229 0.31129 0.91047
vn -0.23191 0.77238 0.59131
vn -0.26433 0.83563 0.48151
vn 0.36086 0.44537 0.81941
vn -0.25597 0.81935 0.51297
vn 0.35064 0.57413 0.73988
vn 0.11536 0.45199 0.88453
vn -0.602 0.60889 0.51657
vn -0.73511 -0.07212 0.6741
vn -0.03849 -0.08683 0.99548
vn 0.05442 -0.23414 0.97068
vn -0.02033 -0.23988 0.97059
vn -0.58518 -0.76515 0.26854
vn 0.80841 -0.13971 0.5718
vn 0.29231 0.29374 0.91009
vn 0.43481 0.36226 0.82444
vn 0.87846 -0.17368 0.44512
vn 0.2806 0.30055 0.91156
vn 0.40216 0.40738 0.81995
vn 0.27949 -0.8447 0.45647
vn -0.62656 0.4873 -0.60825
vn -0.40938 0.71213 -0.57034
vn -0.57651 -0.36126 -0.73289
vn 0.75811 -0.53269 0.37618
vn 0.54147 0.05832 0.8387
vn 0.35809 0.26909 0.89407
vn -0.20387 0.95611 -0.21046
vn 0.07416 0.44674 -0.89159
vn 0.81846 0.07935 -0.56906
vn 0.5867 -0.09522 -0.80418
vn -0.6915 0.49841 -0.52289
vn 0.4729 -0.32412 -0.81933
vn 0.43994 -0.53726 -0.71959
vn 0.88023 -0.28496 0.37947
vn 0.36434 -0.66496 -0.65199
vn 0.32814 -0.67685 -0.65894
vn 0.28025 -0.64898 -0.70731
vn -0.707 0.22762 -0.66958
vn -0.74769 0.27141 -0.60605
vn -0.7599 0.35091 -0.54718
vn 0.6106 0.31023 0.72865
vn 0.50003 0.46548 0.73027
vn 0.63294 -0.64121 0.43387
vn 0.71981 0.06223 0.69137
vn 0.72999 0.18803 0.65708
vn 0.76201 -0.55485 0.33388
vn 0.72824 0.15336 0.66794
vn 0.84627 -0.43023 0.31423
vn 0.67747 -0.47653 0.56031
vn 0.39693 0.22108 0.89082
vn -0.20213 -0.15522 0.96698
vn 0.17841 -0.7403 0.64817
vn 0.08637 -0.8398 0.53598
vn 0.04859 -0.80534 0.59082
vn -0.8397 -0.27226 0.46987
vn 0.39049 -0.88152 -0.26542
vn 0.6266 -0.65937 0.41546
vn 0.72471 -0.63538 0.26664
vn 0.35783 -0.84147 -0.40483
vn 0.62768 -0.65132 0.42639
vn 0.74778 -0.59412 0.2964
vn -0.47695 -0.87601 -0.07157
vn -0.02274 0.98529 0.16935
vn 0.27547 0.95861 0.07199
vn -0.76133 0.64029 -0.10202
vn -0.02118 -0.90537 -0.42409
vn 0.51513 -0.8455 0.1406
vn 0.63007 -0.69242 0.35152
vn 0.67222 0.71495 0.19227
vn 0.17362 0.82155 -0.54306
vn 0.27342 0.04157 -0.961
vn -0.04163 0.24192 -0.9694
vn -0.01865 0.96143 0.27443
vn -0.29179 0.19883 -0.93559
vn -0.46179 0.04038 -0.88607
vn 0.24553 -0.84878 -0.46829
vn -0.58606 -0.03244 -0.80962
vn -0.61402 -0.01517 -0.78914
vn -0.62431 0.05696 -0.7791
vn -0.29712 0.94405 0.14316
vn -0.26026 0.93964 0.22212
vn -0.18162 0.94169 0.28327
vn 0.73142 -0.67887 0.06452
vn 0.81625 -0.55006 0.17656
vn 0.57401 -0.77224 -0.27233
vn 0.53918 -0.81349 -0.218
vn -0.21797 -0.74452 -0.63102
vn -0.18534 -0.70305 -0.68657
vn -0.83595 -0.14765 -0.52856
vn -0.80515 -0.10444 -0.5838
vn -0.84941 0.52759 0.01221
vn -0.81866 0.57279 -0.04138
vn -0.24821 0.7728 0.5841
vn -0.21568 0.81872 0.53214
vn 0.51492 0.40328 0.75645
vn 0.54969 0.44812 0.705
vn 0.86535 -0.30266 0.39947
vn 0.90115 -0.25991 0.34695
vn 0.41738 -0.90737 -0.04975
vn -0.3069 -0.84138 -0.44485
vn -0.89811 -0.2704 -0.34682
vn -0.91097 0.37557 0.17051
vn -0.33583 0.61014 0.7176
vn 0.39421 0.25666 0.88245
vn 0.72943 -0.41869 0.54095
vn 0.00754 -0.92191 0.38734
vn -0.45626 -0.87965 0.13434
vn -0.83482 -0.51403 0.19709
vn -0.84306 -0.10038 0.52838
vn -0.47476 0.04978 0.87871
vn -0.00729 -0.17652 0.98427
vn 0.20735 -0.60898 0.7656
vn -0.14869 -0.65333 -0.74233
vn 0.60805 -0.72228 -0.32952
vn -0.76635 -0.0568 -0.63991
vn -0.77979 0.6181 -0.0994
vn -0.1789 0.86317 0.47216
vn 0.5838 0.49386 0.64442
vn 0.93405 -0.21171 0.28762
vn -0.04364 -0.49493 -0.86784
vn 0.67917 -0.56079 -0.47354
vn -0.63364 0.07483 -0.77
vn -0.64648 0.71951 -0.2537
vn -0.07251 0.9536 0.29222
vn 0.65602 0.60084 0.45676
vn 0.99056 -0.07312 0.11594
vn 0.22945 0.02002 -0.97312
vn 0.6938 -0.02225 -0.71983
vn -0.14951 0.38607 -0.91027
vn -0.15776 0.80019 -0.57862
vn 0.21092 0.95057 -0.22788
vn 0.67894 0.72395 -0.1222
vn 0.89384 0.291 -0.34114
vn 0.51843 -0.2365 0.82177
vn 0.96823 -0.07688 0.23794
vn 0.9891 -0.09733 0.11045
vn 0.5585 -0.39223 0.73091
vn 0.98503 -0.09153 0.14609
vn 0.63725 -0.45846 0.61946
vn 0.68562 -0.17353 0.70698
vn 0.9465 0.30837 0.09516
vn 0.49704 0.77712 0.38604
vn 0.34335 0.23689 0.90884
vn 0.17515 0.22392 0.95874
vn 0.19941 0.29103 0.9357
vn -0.29884 0.91646 0.26607
vn -0.20001 -0.53543 0.82056
vn 0.49594 -0.24533 0.83298
vn 0.46291 -0.41497 0.78327
vn -0.30635 -0.59992 0.73909
vn 0.50673 -0.23829 0.82852
vn 0.5112 -0.40935 0.75572
vn -0.62522 0.24116 0.74226
vn 0.40282 0.2053 -0.89196
vn 0.52002 -0.0839 -0.85002
vn -0.3702 0.55133 -0.74766
vn -0.5849 -0.33434 0.73899
vn 0.17524 -0.35784 0.91719
vn 0.4435 -0.29265 0.84715
vn 0.78716 -0.31997 -0.52726
vn -0.01709 -0.42433 -0.90534
vn -0.48119 -0.83527 -0.26603
vn -0.63041 -0.58979 -0.5047
vn 0.47159 0.2697 -0.83956
vn -0.78204 -0.38388 -0.49097
vn -0.90579 -0.23644 -0.35162
vn -0.42568 -0.55841 0.71202
vn -0.95507 -0.09879 -0.27943
vn -0.95365 -0.06305 -0.29423
vn -0.93139 -0.04313 -0.36147
vn 0.19416 0.38983 -0.90019
vn 0.27183 0.41405 -0.86872
vn 0.36615 0.39578 -0.8422
vn 0.31295 -0.55674 0.76949
vn 0.48526 -0.5362 0.69066
vn -0.32608 -0.32106 0.88915
vn 0.35441 -0.59789 0.71897
vn 0.42675 -0.65345 0.62522
vn -0.34566 -0.48379 0.80403
vn 0.40752 -0.63892 0.65247
vn -0.278 -0.60618 0.74516
vn -0.12955 -0.39934 0.9076
vn 0.6565 -0.32091 0.68266
vn 0.52302 0.37298 0.76638
vn -0.18769 0.16569 0.96815
vn -0.3174 0.26894 0.90936
vn -0.25026 0.30046 0.92038
vn 0.23427 0.93874 0.25276
vn -0.90421 -0.11182 0.41219
vn -0.3503 -0.31171 0.88325
vn -0.44241 -0.43173 0.78606
vn -0.9554 -0.11365 0.27257
vn -0.33752 -0.31386 0.88745
vn -0.39645 -0.46276 0.79289
vn -0.62695 0.72361 0.28865
vn 0.85861 -0.2791 -0.42999
vn 0.7252 -0.56244 -0.39718
vn 0.55567 0.48697 -0.67387
vn -0.94975 0.25883 0.17603
vn -0.64434 -0.18421 0.74222
vn -0.41603 -0.31288 0.85383
vn 0.54602 -0.83656 -0.04505
vn 0.25365 -0.5069 -0.82384
vn -0.61807 -0.40142 -0.67591
vn -0.41603 -0.17399 -0.89255
vn 0.90556 -0.26063 -0.3347
vn -0.38387 0.07856 -0.92004
vn -0.44351 0.29628 -0.84588
vn -0.98105 -0.01502 0.19315
vn -0.42923 0.44687 -0.7849
vn -0.39841 0.47013 -0.78756
vn -0.33551 0.45742 -0.82353
vn 0.85882 -0.01279 -0.51212
vn 0.89849 -0.03488 -0.43762
vn 0.9246 -0.10065 -0.36741
vn -0.60321 -0.45156 0.65744
vn -0.45003 -0.5577 0.69745
vn -0.88141 0.40815 0.23774
vn -0.77889 -0.26086 0.57033
vn -0.73992 -0.38433 0.5521
vn -0.95243 0.27513 0.13105
vn -0.75191 -0.35058 0.55832
vn -0.98508 0.12784 0.11521
vn -0.89268 0.24779 0.37645
vn -0.46719 -0.28187 0.83802
vn -0.05368 0.28483 0.95707
vn -0.53653 0.67521 0.50619
vn -0.46261 0.79234 0.39773
vn -0.42703 0.7773 0.462
vn 0.59315 0.58195 0.55634
vn -0.6006 0.66755 -0.44006
vn -0.87798 0.42602 0.2183
vn -0.93153 0.35863 0.06037
vn -0.52996 0.63162 -0.56585
vn -0.87845 0.4189 0.22991
vn -0.94497 0.31414 0.09137
vn 0.16407 0.98007 -0.11198
vn 0.31429 -0.90013 0.30165
vn 0.04917 -0.98662 0.15546
vn 0.9348 -0.33864 0.10706
vn -0.19749 0.82267 -0.53311
vn -0.78306 0.61926 -0.0578
vn -0.87965 0.4511 0.15076
vn -0.42126 -0.88943 0.17738
vn 0.21791 -0.86688 -0.44836
vn -0.05088 -0.20323 -0.97781
vn 0.30794 -0.2806 -0.90909
vn 0.28209 -0.87177 0.40056
vn 0.51797 -0.15031 -0.84209
vn 0.61274 0.06073 -0.78795
vn -0.41634 0.67325 -0.61106
vn 0.68839 0.17774 -0.70322
vn 0.71593 0.17286 -0.67644
vn 0.74735 0.10982 -0.65529
vn 0.55901 -0.76739 0.31404
vn 0.50812 -0.77053 0.38482
vn 0.42424 -0.79563 0.43242
vn -0.91266 0.38243 -0.1442
vn -0.97018 0.24043 -0.03076
vn -0.73247 0.50071 -0.46128
vn -0.72459 0.55533 -0.40814
vn 0.07785 0.72659 -0.68264
vn 0.07233 0.67248 -0.73657
vn 0.82601 0.39294 -0.40411
vn 0.82269 0.33785 -0.45721
vn 0.95647 -0.19435 0.21769
vn 0.95353 -0.25117 0.16642
vn 0.37099 -0.59308 0.71458
vn 0.36636 -0.65107 0.66475
vn -0.4895 -0.50296 0.71233
vn -0.4967 -0.56069 0.66251
vn -0.97709 0.00812 0.21266
vn -0.98572 -0.0481 0.16135
vn -0.67615 0.69766 -0.23683
vn 0.0915 0.8615 -0.49945
vn 0.80722 0.54232 -0.23298
vn 0.93203 -0.0195 0.36187
vn 0.37194 -0.40093 0.83721
vn -0.45125 -0.31474 0.83505
vn -0.91771 0.17417 0.35704
vn -0.38799 0.88603 0.2538
vn 0.10352 0.99093 0.08567
vn 0.56184 0.78655 0.25627
vn 0.64176 0.42678 0.63718
vn 0.2831 0.18254 0.94156
vn -0.244 0.23775 0.94018
vn -0.5427 0.55081 0.6341
vn 0.06583 0.60922 -0.79026
vn -0.73619 0.43804 -0.5159
vn 0.81361 0.27574 -0.51187
vn 0.94399 -0.31124 0.10959
vn 0.35884 -0.70975 0.6062
vn -0.50121 -0.61969 0.60397
vn -0.98854 -0.10886 0.10456
vn 0.04587 0.41554 -0.90842
vn -0.7202 0.25203 -0.64637
vn 0.76011 0.09702 -0.64252
vn 0.88466 -0.46368 -0.04886
vn 0.32573 -0.84432 0.42547
vn -0.49576 -0.75829 0.42334
vn -0.96127 -0.27034 -0.05365
vn -0.01508 -0.16859 -0.98557
vn -0.5072 -0.2736 -0.81724
vn 0.44371 -0.37321 -0.81476
vn 0.52373 -0.7334 -0.4334
vn 0.16468 -0.97791 -0.1287
vn -0.36303 -0.92266 -0.13007
vn -0.66206 -0.60923 -0.43649
vn 0.6615 0.63576 0.39778
vn 0.05073 0.98985 0.13274
vn -0.03214 0.99897 0.03195
vn 0.69149 0.68713 0.22291
vn -0.00928 0.99814 0.06024
vn 0.64026 0.76149 0.10099
vn 0.5064 0.77833 0.37117
vn -0.30452 0.89763 0.31862
vn -0.32335 0.42159 0.84718
vn 0.44234 0.40599 0.79969
vn 0.5173 0.24803 0.81907
vn 0.45172 0.25978 0.8535
vn -0.36055 -0.3944 0.84525
vn 0.98729 -0.02838 0.15638
vn 0.67952 0.61616 0.39824
vn 0.76174 0.60222 0.2389
vn 0.98983 -0.13294 0.05066
vn 0.66969 0.62527 0.4007
vn 0.72935 0.64582 0.22575
vn 0.49166 -0.56586 0.66187
vn -0.85667 0.2668 -0.44152
vn -0.65543 0.42791 -0.62234
vn -0.84281 -0.52645 -0.11185
vn 0.86356 -0.44467 0.23778
vn 0.8727 0.32622 0.36327
vn 0.73057 0.57293 0.37151
vn -0.31206 0.76044 -0.56952
vn -0.37392 -0.05808 -0.92564
vn 0.44629 -0.38427 -0.80819
vn 0.13675 -0.59274 -0.7937
vn -0.87357 0.33114 -0.35669
vn 0.03739 -0.7696 -0.63743
vn 0.06311 -0.89663 -0.43826
vn 0.96399 -0.25923 0.05939
vn 0.03314 -0.95657 -0.2896
vn -0.00153 -0.96193 -0.2733
vn -0.06761 -0.95041 -0.30356
vn -0.94763 0.03439 -0.31751
vn -0.95471 0.11088 -0.27611
vn -0.94019 0.20921 -0.26885
vn 0.87252 0.47336 0.12098
vn 0.77077 0.63105 0.08768
vn -0.09777 -0.99467 0.03282
vn 0.7171 -0.69642 0.02766
vn 0.55838 -0.52752 0.64026
vn -0.07874 -0.76072 0.64429
vn -0.83904 -0.54379 0.01768
vn -0.65833 -0.40817 0.63245
vn -0.94851 0.3167 -0.00638
vn -0.74391 0.2646 0.61366
vn -0.34375 0.93882 -0.02123
vn -0.27107 0.75105 0.60203
vn 0.51984 0.85412 -0.01569
vn 0.40414 0.68483 0.60636
vn 0.99196 0.12637 0.00607
vn 0.77329 0.11579 0.62338
vn 0.45907 0.77211 0.43942
vn -0.085 0.99585 -0.03237
vn -0.13694 0.97897 -0.15119
vn 0.5315 0.80214 0.27217
vn -0.12293 0.98535 -0.11823
vn 0.5093 0.85069 0.13016
vn 0.30443 0.88624 0.34914
vn -0.46727 0.8815 0.06793
vn -0.58628 0.48651 0.64775
vn 0.15998 0.57248 0.80416
vn 0.24159 0.43096 0.86943
vn 0.16819 0.43804 0.88308
vn -0.54178 -0.31868 0.77776
vn 0.90237 0.13327 0.40984
vn 0.47808 0.75551 0.44793
vn 0.60242 0.73108 0.32033
vn 0.94447 0.0163 0.3282
vn 0.46711 0.76339 0.44614
vn 0.57089 0.7674 0.29185
vn 0.34023 -0.39236 0.85458
vn -0.72126 0.07874 -0.68818
vn -0.49429 0.23964 -0.83562
vn -0.72269 -0.65042 -0.23381
vn 0.80202 -0.28072 0.52722
vn 0.70063 0.49371 0.51514
vn 0.53851 0.71659 0.44329
vn -0.21339 0.62131 -0.75395
vn -0.09336 -0.23954 -0.96639
vn 0.68924 -0.42711 -0.58526
vn 0.40979 -0.67302 -0.61573
vn -0.76735 0.15135 -0.62311
vn 0.2885 -0.83843 -0.4624
vn 0.26991 -0.93133 -0.24449
vn 0.92965 -0.10987 0.35168
vn 0.20567 -0.97344 -0.10062
vn 0.16847 -0.98129 -0.09324
vn 0.11269 -0.98356 -0.14113
vn -0.82012 -0.1444 -0.55367
vn -0.84588 -0.06464 -0.52945
vn -0.84361 0.03479 -0.53583
vn 0.7537 0.60385 0.25941
vn 0.6504 0.73939 0.17402
vn 0.57517 -0.5164 0.63443
vn 0.98072 -0.16515 0.10447
vn 0.98995 -0.13947 -0.02341
vn 0.60096 -0.63038 0.49139
vn 0.98912 -0.14661 0.01224
vn 0.66724 -0.65375 0.35695
vn 0.73462 -0.41856 0.53399
vn 0.9632 0.24586 0.10865
vn 0.55969 0.58594 0.58603
vn 0.42794 -0.10261 0.89796
vn 0.26411 -0.13074 0.95559
vn 0.28917 -0.06006 0.95539
vn -0.23692 0.76624 0.59729
vn -0.15275 -0.78879 0.59538
vn 0.55335 -0.52841 0.64388
vn 0.50921 -0.66925 0.54113
vn -0.26811 -0.81935 0.50674
vn 0.56401 -0.52035 0.64119
vn 0.55521 -0.65473 0.51291
vn -0.55017 -0.03055 0.83449
vn 0.33483 0.50323 -0.79665
vn 0.44296 0.21672 -0.86995
vn -0.40822 0.78337 -0.46871
vn -0.53436 -0.5682 0.62579
vn 0.23643 -0.66034 0.71277
vn 0.50037 -0.57718 0.64536
vn 0.72611 -0.12061 -0.67692
vn -0.11066 -0.07703 -0.99087
vn -0.53628 -0.68286 -0.49609
vn -0.69461 -0.36751 -0.61843
vn 0.41039 0.54434 -0.73163
vn -0.8358 -0.17826 -0.51929
vn -0.94117 -0.08838 -0.32618
vn -0.38745 -0.76982 0.5072
vn -0.97843 0.01535 -0.20603
vn -0.97676 0.05399 -0.20741
vn -0.9594 0.09618 -0.26514
vn 0.1341 0.68076 -0.72013
vn 0.2151 0.69156 -0.68955
vn 0.31047 0.66421 -0.68002
vn 0.35281 -0.79558 0.49252
vn 0.51862 -0.75017 0.41021
vn -0.83855 0.23915 0.48953
vn -0.79761 -0.49872 0.33926
vn -0.77041 -0.58763 0.2473
vn -0.92208 0.20469 0.32842
vn -0.77917 -0.56399 0.27351
vn -0.9684 0.10065 0.22819
vn -0.86419 0.02875 0.50235
vn -0.48819 -0.70128 0.5195
vn -0.02316 -0.3571 0.93378
vn -0.4692 0.26072 0.84373
vn -0.38509 0.41405 0.82478
vn -0.35082 0.36037 0.86433
vn 0.64704 0.07581 0.75868
vn -0.53741 0.83803 0.09433
vn -0.83354 0.26488 0.48481
vn -0.89376 0.31218 0.32207
vn -0.47092 0.88162 -0.03131
vn -0.83463 0.2522 0.48969
vn -0.91118 0.25911 0.32033
vn 0.25438 0.82896 0.49811
vn 0.23008 -0.91618 -0.32814
vn -0.04248 -0.87597 -0.4805
vn 0.89954 -0.39911 -0.17762
vn -0.12192 0.98837 0.09086
vn -0.72209 0.57923 0.37826
vn -0.83312 0.32604 0.44677
vn -0.50174 -0.77916 -0.37572
vn 0.13432 -0.42431 -0.8955
vn -0.07343 0.44156 -0.89422
vn 0.27687 0.31291 -0.90853
vn 0.20106 -0.95203 -0.23069
vn 0.49841 0.35958 -0.78886
vn 0.61267 0.48602 -0.62323
vn -0.35405 0.93397 -0.04856
vn 0.69926 0.52096 -0.48953
vn 0.72631 0.49878 -0.47296
vn 0.7518 0.43391 -0.49651
vn 0.4862 -0.83664 -0.25228
vn 0.4355 -0.87879 -0.19511
vn 0.34982 -0.92169 -0.16767
vn -0.87355 0.45474 0.17356
vn -0.94362 0.2776 0.18034
vn -0.87827 0.08683 0.47022
vn -0.84196 -0.53735 0.04862
vn -0.80772 -0.58563 -0.068
vn -0.94543 0.12257 0.3019
vn -0.81851 -0.57339 -0.03549
vn -0.98384 0.06836 0.1655
vn -0.91082 -0.11011 0.39785
vn -0.55866 -0.81352 0.16151
vn -0.13023 -0.68656 0.71531
vn -0.54748 -0.0538 0.83509
vn -0.4577 0.08912 0.88463
vn -0.42923 0.02222 0.90292
vn 0.56608 -0.26454 0.78075
vn -0.52131 0.77053 0.36677
vn -0.8721 0.112 0.47634
vn -0.91369 0.22212 0.34035
vn -0.44091 0.85463 0.27422
vn -0.87403 0.09852 0.47578
vn -0.93226 0.17506 0.3166
vn 0.2234 0.55487 0.80138
vn 0.23808 -0.73233 -0.63797
vn -0.0159 -0.61881 -0.78538
vn 0.90198 -0.35811 -0.24122
vn -0.10382 0.883 0.45775
vn -0.74162 0.43508 0.51059
vn -0.86605 0.18293 0.4653
vn -0.48077 -0.53985 -0.69095
vn 0.21549 -0.0549 -0.97496
vn 0.03235 0.75544 -0.65442
vn 0.37863 0.61952 -0.68764
vn 0.19807 -0.80093 -0.56504
vn 0.58765 0.60191 -0.54071
vn 0.68739 0.64708 -0.32983
vn -0.32151 0.9018 0.28877
vn 0.76045 0.62214 -0.18617
vn 0.78501 0.59357 -0.17729
vn 0.81105 0.54123 -0.22197
vn 0.48695 -0.7051 -0.51548
vn 0.42944 -0.76256 -0.48382
vn 0.34023 -0.807 -0.4827
vn -0.87422 0.40917 0.26139
vn -0.94939 0.24809 0.19264
vn -0.1609 -0.89608 0.4137
vn 0.50865 -0.85822 0.0688
vn 0.5709 -0.82006 -0.03971
vn -0.17838 -0.95441 0.23933
vn 0.55472 -0.83199 -0.00937
vn -0.10965 -0.98805 0.10834
vn 0.0423 -0.93086 0.36293
vn 0.77627 -0.58836 0.22634
vn 0.59579 -0.18235 0.78217
vn -0.05594 -0.58649 0.80802
vn -0.20158 -0.49508 0.84514
vn -0.13663 -0.46938 0.87236
vn 0.18513 0.52194 0.83265
vn -0.8196 -0.5155 0.25004
vn -0.18646 -0.88948 0.41719
vn -0.28099 -0.92165 0.26759
vn -0.89055 -0.42858 0.15244
vn -0.17306 -0.89177 0.41809
vn -0.23195 -0.94045 0.24852
vn -0.6388 0.20213 0.74235
vn 0.80665 0.2462 -0.53732
vn 0.70518 0.00253 -0.70902
vn 0.40426 0.90155 -0.15422
vn -0.93228 -0.09955 0.34777
vn -0.50827 -0.75158 0.42047
vn -0.25548 -0.88091 0.3984
vn 0.60519 -0.46374 -0.64706
vn 0.17256 0.25834 -0.95052
vn -0.67349 0.08377 -0.73444
vn -0.52673 0.42721 -0.73488
vn 0.8654 0.20094 -0.45904
vn -0.52149 0.6287 -0.57688
vn -0.58854 0.71989 -0.36794
vn -0.93633 -0.30867 0.16734
vn -0.57873 0.78556 -0.21901
vn -0.55083 0.80887 -0.2057
vn -0.49309 0.83543 -0.24275
vn 0.7711 0.48984 -0.40677
vn 0.82317 0.42932 -0.37158
vn 0.86513 0.33892 -0.36971
vn -0.45666 -0.8733 0.16972
vn -0.29045 -0.94979 0.11631
vn 0.52994 -0.67303 0.51593
vn 0.95506 -0.09654 0.28024
vn 0.98376 -0.01953 0.17842
vn 0.60435 -0.71471 0.35207
vn 0.97744 -0.0408 0.20726
vn 0.69861 -0.67389 0.24046
vn 0.68397 -0.52734 0.50409
vn 0.85835 0.27229 0.43484
vn 0.31239 0.3437 0.8856
vn 0.25774 -0.42148 0.86944
vn 0.0944 -0.48681 0.86839
vn 0.10492 -0.42027 0.90131
vn -0.49086 0.42421 0.76099
vn -0.1104 -0.97498 0.19292
vn 0.50944 -0.68994 0.51425
vn 0.51391 -0.77943 0.3583
vn -0.19837 -0.9774 0.07309
vn 0.51866 -0.68049 0.51761
vn 0.56084 -0.75012 0.35039
vn -0.68486 -0.42596 0.5912
vn 0.37948 0.81728 -0.43365
vn 0.55276 0.59869 -0.57968
vn -0.45272 0.86278 -0.22505
vn -0.52584 -0.8252 0.20622
vn 0.21657 -0.86895 0.445
vn 0.46755 -0.73993 0.48363
vn 0.85273 0.24128 -0.46328
vn 0.10004 0.32821 -0.93929
vn -0.28862 -0.4663 -0.83622
vn -0.47793 -0.14576 -0.86622
vn 0.43166 0.8351 -0.34099
vn -0.66935 -0.02915 -0.74238
vn -0.82537 -0.03775 -0.56333
vn -0.3228 -0.94445 0.06183
vn -0.90442 0.00296 -0.42663
vn -0.90999 0.0387 -0.41283
vn -0.89022 0.10241 -0.44388
vn 0.13738 0.9268 -0.34953
vn 0.20732 0.93191 -0.29759
vn 0.30248 0.91256 -0.27519
vn 0.39717 -0.88911 0.22746
vn 0.56388 -0.79776 0.21358
vn -0.5187 -0.58404 0.62438
vn -0.37768 -0.92535 -0.03309
vn -0.37835 -0.91118 -0.16312
vn -0.65926 -0.55403 0.50837
vn -0.37856 -0.9168 -0.12717
vn -0.72175 -0.58292 0.37319
vn -0.48229 -0.73386 0.47838
vn 0.01911 -0.99278 -0.11841
vn 0.52712 -0.78183 0.33299
vn -0.0412 -0.58542 0.80968
vn -0.01776 -0.43611 0.89972
vn 0.04343 -0.47426 0.87931
vn 0.8951 -0.0607 0.44171
vn -0.60796 0.17423 0.77462
vn -0.52313 -0.56287 0.63993
vn -0.66502 -0.46958 0.58073
vn -0.62485 0.31008 0.71653
vn -0.51853 -0.57408 0.63369
vn -0.66745 -0.51019 0.54242
vn 0.25444 0.34724 0.9026
vn 0.25532 -0.24586 -0.93507
vn -0.05719 -0.27485 -0.95978
vn 0.76216 0.33416 -0.55448
vn -0.29924 0.48702 0.82053
vn -0.55933 -0.24891 0.79069
vn -0.55646 -0.50275 0.66151
vn -0.41317 -0.51925 -0.74811
vn -0.22398 0.33956 -0.91353
vn -0.60907 0.75932 -0.22905
vn -0.29186 0.87347 -0.3897
vn 0.28774 -0.3406 -0.8951
vn -0.0593 0.94803 -0.31261
vn 0.08661 0.98781 -0.12934
vn -0.5485 0.41381 0.72658
vn 0.21611 0.97588 -0.03098
vn 0.25231 0.96677 -0.04129
vn 0.27793 0.95438 -0.10913
vn 0.48717 -0.10714 -0.86671
vn 0.48321 -0.19334 -0.85389
vn 0.4356 -0.2809 -0.85519
vn -0.75605 -0.28407 0.58966
vn -0.7679 -0.43335 0.47174
vn -0.38473 0.21078 0.89864
vn -0.79643 -0.29914 0.52557
vn -0.85049 -0.32912 0.4103
vn -0.51697 0.29702 0.80282
vn -0.83679 -0.32156 0.44315
vn -0.63951 0.28438 0.71425
vn -0.51491 0.04856 0.85587
vn -0.60905 -0.65645 0.44513
vn 0.06617 -0.76332 0.64262
vn 0.0228 -0.08371 0.99623
vn 0.1663 0.01752 0.98592
vn 0.17594 -0.05676 0.98276
vn 0.7756 -0.55915 0.2929
vn 0.05871 0.78482 0.61694
vn -0.36827 0.23164 0.9004
vn -0.43841 0.37465 0.81697
vn 0.09723 0.86271 0.49627
vn -0.37453 0.21954 0.90085
vn -0.48135 0.34007 0.80787
vn 0.79674 0.29793 0.52579
vn -0.41225 -0.61884 -0.66865
vn -0.65024 -0.41525 -0.6362
vn 0.43887 -0.52063 -0.73235
vn 0.46587 0.76389 0.44658
vn -0.14216 0.49542 0.85694
vn -0.34615 0.29927 0.88917
vn -0.92799 -0.24031 -0.28474
vn -0.39013 0.09626 -0.91571
vn -0.08472 0.84086 -0.53457
vn 0.11701 0.63007 -0.76768
vn -0.42554 -0.68843 -0.58735
vn 0.3521 0.52866 -0.77236
vn 0.55964 0.50138 -0.65987
vn 0.21235 0.87325 0.43856
vn 0.68641 0.42892 -0.58725
vn 0.70063 0.39376 -0.59504
vn 0.67858 0.34701 -0.64739
vn -0.14519 -0.68315 -0.7157
vn -0.19087 -0.72908 -0.65727
vn -0.27336 -0.74814 -0.60461
vn -0.38955 0.55738 0.7332
vn -0.53848 0.43929 0.71907
vn 0.57679 0.64154 0.5057
vn -0.1457 0.68048 0.71814
vn -0.26933 0.6861 0.67582
vn 0.49053 0.771 0.40612
vn -0.23542 0.68552 0.68894
vn 0.36318 0.84984 0.38192
vn 0.402 0.67148 0.6225
vn -0.30012 0.34056 0.89103
vn 0.10145 -0.24217 0.96492
vn 0.6854 0.18235 0.70496
vn 0.7968 0.10108 0.59573
vn 0.76083 0.05893 0.64627
vn 0.28459 -0.84755 0.44796
vn 0.87526 0.44647 -0.18596
vn 0.59644 0.63704 0.4883
vn 0.57718 0.74113 0.34291
vn 0.84629 0.41887 -0.32915
vn 0.58763 0.63717 0.4987
vn 0.53288 0.76062 0.37082
vn 0.90281 -0.42873 -0.03342
vn -0.99175 -0.07999 0.10016
vn -0.97449 0.22365 0.0188
vn -0.59104 -0.78609 -0.18092
vn 0.93127 0.04489 -0.36156
vn 0.80594 0.54879 0.222
vn 0.6334 0.64533 0.42703
vn -0.7606 0.62553 0.17378
vn -0.79189 0.15953 -0.58946
vn 0.0076 0.31859 -0.94786
vn -0.17482 -0.00519 -0.98459
vn -0.97513 -0.07996 0.20671
vn -0.12086 -0.25428 -0.95955
vn 0.0427 -0.41848 -0.90722
vn 0.86371 0.31036 -0.39709
vn 0.1168 -0.54264 -0.83181
vn 0.09971 -0.57241 -0.81388
vn 0.02772 -0.58675 -0.8093
vn -0.93441 -0.35037 0.06414
vn -0.93719 -0.31731 0.14485
vn -0.94743 -0.24198 0.20933
vn 0.63349 0.76008 0.14478
vn 0.49328 0.83271 0.25154
vn 0.75712 0.62448 -0.19181
vn 0.79649 0.58905 -0.13648
vn 0.79505 -0.14902 -0.58795
vn 0.75568 -0.11579 -0.64462
vn 0.22624 -0.80021 -0.55541
vn 0.18519 -0.76887 -0.612
vn -0.48162 -0.87409 -0.06339
vn -0.52475 -0.84297 -0.11851
vn -0.79551 -0.31505 0.5176
vn -0.83955 -0.28227 0.4642
vn -0.47903 0.45593 0.7501
vn -0.52215 0.49096 0.69736
vn 0.22945 0.8583 0.45899
vn 0.18842 0.89452 0.40539
vn 0.88533 0.46386 0.03195
vn 0.88397 -0.24223 -0.3999
vn 0.3398 -0.86519 -0.36876
vn -0.33733 -0.93585 0.1019
vn -0.63761 -0.40106 0.65773
vn -0.33488 0.3365 0.88013
vn 0.34288 0.72142 0.60166
vn 0.89261 0.03394 0.44954
vn 0.89174 -0.41817 0.17301
vn 0.5433 -0.81706 0.19294
vn 0.10969 -0.86233 0.49432
vn -0.08259 -0.51987 0.85024
vn 0.11124 -0.04758 0.99265
vn 0.54525 0.19886 0.81434
vn 0.7079 -0.07889 -0.70189
vn 0.70933 0.65879 -0.25069
vn 0.13938 -0.72972 -0.66939
vn -0.56809 -0.80357 -0.17762
vn -0.88182 -0.24482 0.40306
vn -0.56552 0.52575 0.63544
vn 0.14259 0.92791 0.34447
vn 0.5528 0.02426 -0.83296
vn 0.55417 0.72892 -0.40197
vn 0.00977 -0.59738 -0.8019
vn -0.66599 -0.66792 -0.33217
vn -0.96566 -0.13419 0.22248
vn -0.66355 0.60181 0.44445
vn 0.01285 0.98596 0.16651
vn 0.03217 0.27641 -0.9605
vn 0.03305 0.72908 -0.68363
vn -0.31664 -0.1229 -0.94055
vn -0.75075 -0.16822 -0.63881
vn -0.94325 0.1746 -0.28248
vn -0.74918 0.64743 -0.1399
vn -0.31465 0.8942 -0.31843
vt 0.0911 0.2447
vt 0.10968 0.22364
vt 0.11366 0.15783
vt 0.1385 0.22292
vt 0.16354 0.26251
vt 0.13321 0.15734
vt 0.36803 0.50626
vt 0.36803 0.36167
vt 0.48864 0.36167
vt 0.48864 0.50626
vt 0.28603 0.50591
vt 0.28603 0.3605
vt 0.34551 0.36035
vt 0.34551 0.50577
vt 0.44091 0.36035
vt 0.44091 0.50577
vt 0.50039 0.36049
vt 0.50039 0.50591
vt 0.30956 0.49524
vt 0.30956 0.35
vt 0.41539 0.35
vt 0.41539 0.49524
vt 0.48137 0.35014
vt 0.48137 0.49538
vt 0.29283 0.50641
vt 0.29283 0.36182
vt 0.38086 0.2098
vt 0.47582 0.2098
vt 0.30882 0.20772
vt 0.35565 0.20761
vt 0.43076 0.20761
vt 0.4776 0.20772
vt 0.32081 0.19744
vt 0.40413 0.19744
vt 0.45609 0.19756
vt 0.32165 0.20992
vt 0.41572 0.08473
vt 0.44096 0.08473
vt 0.37077 0.08185
vt 0.38322 0.08182
vt 0.40319 0.08182
vt 0.41564 0.08185
vt 0.3514 0.07181
vt 0.37355 0.07181
vt 0.38736 0.07183
vt 0.39997 0.08476
vt 0.48864 0.66
vt 0.36803 0.66
vt 0.34551 0.66039
vt 0.28603 0.66054
vt 0.44091 0.66039
vt 0.50039 0.66054
vt 0.41539 0.64967
vt 0.30956 0.64967
vt 0.48137 0.64982
vt 0.29283 0.66015
vt 0.47591 0.79841
vt 0.38077 0.79841
vt 0.35558 0.79959
vt 0.30866 0.79971
vt 0.43083 0.79959
vt 0.47775 0.79971
vt 0.40421 0.7887
vt 0.32073 0.7887
vt 0.45626 0.78882
vt 0.32145 0.79852
vt 0.43876 0.9325
vt 0.41792 0.9325
vt 0.38497 0.93445
vt 0.37469 0.93448
vt 0.40145 0.93445
vt 0.41172 0.93448
vt 0.37161 0.9234
vt 0.35333 0.9234
vt 0.38301 0.92342
vt 0.40493 0.93253
vt 0.14725 0.9395
vt 0.15836 0.93923
vt 0.17236 0.72998
vt 0.15334 0.73046
vt 0.17658 0.64574
vt 0.15464 0.65416
vt 0.15501 0.48505
vt 0.18956 0.41725
vt 0.1817 0.32087
vt 0.15436 0.41966
vt 0.10569 0.28945
vt 0.1244 0.25454
vt 0.12357 0.17163
vt 0.14379 0.2885
vt 0.16959 0.28196
vt 0.10593 0.94053
vt 0.11704 0.94025
vt 0.10493 0.73166
vt 0.08591 0.73213
vt 0.13216 0.94128
vt 0.12913 0.73106
vt 0.07977 0.28419
vt 0.08543 0.26445
vt 0.1712 0.28192
vt 0.16515 0.26247
vt 0.12275 0.08872
vt 0.0625 0.4204
vt 0.09838 0.48646
vt 0.09773 0.42107
vt 0.06844 0.32368
vt 0.1267 0.48576
vt 0.12605 0.42036
vt 0.13482 0.1573
vt 0.12436 0.08868
vt 0.11527 0.15779
vt 0.09271 0.24466
vt 0.19117 0.41721
vt 0.18331 0.32083
vt 0.08138 0.28415
vt 0.08704 0.26441
vt 0.07005 0.32364
vt 0.06411 0.42036
vt 0.08002 0.64814
vt 0.08163 0.6481
vt 0.08752 0.73209
vt 0.10661 0.94051
vt 0.15904 0.93921
vt 0.17397 0.72995
vt 0.15748 0.24305
vt 0.1591 0.24301
vt 0.1808 0.5615
vt 0.18241 0.56146
vt 0.18679 0.48933
vt 0.18518 0.48937
vt 0.15594 0.57786
vt 0.15548 0.53146
vt 0.07412 0.56415
vt 0.0993 0.57927
vt 0.09884 0.53286
vt 0.06831 0.49227
vt 0.12762 0.57856
vt 0.12716 0.53216
vt 0.12838 0.65481
vt 0.10211 0.65546
vt 0.06992 0.49223
vt 0.07573 0.56411
vt 0.17819 0.6457
vt 0.10311 0.88784
vt 0.10311 0.88801
vt 0.10185 0.19766
vt 0.10186 0.19742
vt 0.10312 0.88784
vt 0.10196 0.19705
vt 0.10313 0.88801
vt 0.10207 0.19741
vt 0.10313 0.88836
vt 0.10208 0.19766
vt 0.10312 0.88889
vt 0.10201 0.19779
vt 0.10311 0.88836
vt 0.10192 0.1978
vt 0.48465 0.87533
vt 0.47505 0.83329
vt 0.48997 0.852
vt 0.45112 0.83329
vt 0.46309 0.88571
vt 0.4362 0.852
vt 0.44153 0.87533
vt 0.32468 0.87954
vt 0.34989 0.91115
vt 0.32967 0.90142
vt 0.33867 0.86199
vt 0.37011 0.90142
vt 0.36111 0.86199
vt 0.37511 0.87954
usemtl mat0
f 1/1/1 2/2/2 3/3/3
f 4/4/4 5/5/5 6/6/6
f 7/1/7 8/2/8 9/3/9
f 10/4/10 11/5/11 12/6/12
f 13/1/13 14/2/14 15/3/15
f 16/4/16 17/5/17 18/6/18
f 19/1/19 20/2/20 21/3/21
f 22/4/22 23/5/23 24/6/24
f 25/1/25 26/2/26 27/3/27
f 28/4/28 29/5/29 30/6/30
f 31/1/31 32/2/32 33/3/33
f 34/4/34 35/5/35 36/6/36
f 37/1/37 38/2/38 39/3/39
f 40/4/40 41/5/41 42/6/42
f 43/1/43 44/2/44 45/3/45
f 46/4/46 47/5/47 48/6/48
f 49/1/49 50/2/50 51/3/51
f 52/4/52 53/5/53 54/6/54
f 55/1/55 56/2/56 57/3/57
f 58/4/58 59/5/59 60/6/60
f 61/1/61 62/2/62 63/3/63
f 64/4/64 65/5/65 66/6/66
f 67/1/67 68/2/68 69/3/69
f 70/4/70 71/5/71 72/6/72
f 73/1/73 74/2/74 75/3/75
f 76/4/76 77/5/77 78/6/78
f 79/1/79 80/2/80 81/3/81
f 82/4/82 83/5/83 84/6/84
f 85/1/85 86/2/86 87/3/87
f 88/4/88 89/5/89 90/6/90
f 91/1/91 92/2/92 93/3/93
f 94/4/94 95/5/95 96/6/96
f 97/1/97 98/2/98 99/3/99
f 100/4/100 101/5/101 102/6/102
f 103/1/103 104/2/104 105/3/105
f 106/4/106 107/5/107 108/6/108
f 109/1/109 110/2/110 111/3/111
f 112/4/112 113/5/113 114/6/114
f 115/1/115 116/2/116 117/3/117
f 118/4/118 119/5/119 120/6/120
f 121/1/121 122/2/122 123/3/123
f 124/4/124 125/5/125 126/6/126
f 127/1/127 128/2/128 129/3/129
f 130/4/130 131/5/131 132/6/132
f 133/1/133 134/2/134 135/3/135
f 136/4/136 137/5/137 138/6/138
f 139/7/139 140/8/140 141/9/141
f 139/7/139 141/9/141 142/10/142
f 143/11/142 144/12/141 145/13/143
f 143/11/142 145/13/143 146/14/144
f 146/14/144 145/13/143 147/15/145
f 146/14/144 147/15/145 148/16/146
f 148/16/146 147/15/145 149/17/147
f 148/16/146 149/17/147 150/18/148
f 151/19/148 152/20/147 153/21/149
f 151/19/148 153/21/149 154/22/150
f 154/22/150 153/21/149 155/23/151
f 154/22/150 155/23/151 156/24/152
f 157/25/152 158/26/151 140/8/140
f 157/25/152 140/8/140 139/7/139
f 140/8/140 159/27/153 160/28/154
f 140/8/140 160/28/154 141/9/141
f 144/12/141 161/29/154 162/30/155
f 144/12/141 162/30/155 145/13/143
f 145/13/143 162/30/155 163/31/156
f 145/13/143 163/31/156 147/15/145
f 147/15/145 163/31/156 164/32/157
f 147/15/145 164/32/157 149/17/147
f 152/20/147 165/33/157 166/34/158
f 152/20/147 166/34/158 153/21/149
f 153/21/149 166/34/158 167/35/159
f 153/21/149 167/35/159 155/23/151
f 158/26/151 168/36/159 159/27/153
f 158/26/151 159/27/153 140/8/140
f 159/27/153 169/37/160 170/38/161
f 159/27/153 170/38/161 160/28/154
f 161/29/154 171/39/161 172/40/162
f 161/29/154 172/40/162 162/30/155
f 162/30/155 172/40/162 173/41/163
f 162/30/155 173/41/163 163/31/156
f 163/31/156 173/41/163 174/42/164
f 163/31/156 174/42/164 164/32/157
f 165/33/157 175/43/164 176/44/165
f 165/33/157 176/44/165 166/34/158
f 166/34/158 176/44/165 177/45/166
f 166/34/158 177/45/166 167/35/159
f 168/36/159 178/46/166 169/37/160
f 168/36/159 169/37/160 159/27/153
f 142/10/142 179/47/167 180/48/168
f 142/10/142 180/48/168 139/7/139
f 146/14/144 181/49/169 182/50/167
f 146/14/144 182/50/167 143/11/142
f 148/16/146 183/51/170 181/49/169
f 148/16/146 181/49/169 146/14/144
f 150/18/148 184/52/171 183/51/170
f 150/18/148 183/51/170 148/16/146
f 154/22/150 185/53/172 186/54/171
f 154/22/150 186/54/171 151/19/148
f 156/24/152 187/55/173 185/53/172
f 156/24/152 185/53/172 154/22/150
f 139/7/139 180/48/168 188/56/173
f 139/7/139 188/56/173 157/25/152
f 179/47/167 189/57/174 190/58/175
f 179/47/167 190/58/175 180/48/168
f 181/49/169 191/59/176 192/60/174
f 181/49/169 192/60/174 182/50/167
f 183/51/170 193/61/177 191/59/176
f 183/51/170 191/59/176 181/49/169
f 184/52/171 194/62/178 193/61/177
f 184/52/171 193/61/177 183/51/170
f 185/53/172 195/63/179 196/64/178
f 185/53/172 196/64/178 186/54/171
f 187/55/173 197/65/180 195/63/179
f 187/55/173 195/63/179 185/53/172
f 180/48/168 190/58/175 198/66/180
f 180/48/168 198/66/180 188/56/173
f 189/57/174 199/67/181 200/68/182
f 189/57/174 200/68/182 190/58/175
f 191/59/176 201/69/183 202/70/181
f 191/59/176 202/70/181 192/60/174
f 193/61/177 203/71/184 201/69/183
f 193/61/177 201/69/183 191/59/176
f 194/62/178 204/72/185 203/71/184
f 194/62/178 203/71/184 193/61/177
f 195/63/179 205/73/186 206/74/185
f 195/63/179 206/74/185 196/64/178
f 197/65/180 207/75/187 205/73/186
f 197/65/180 205/73/186 195/63/179
f 190/58/175 200/68/182 208/76/187
f 190/58/175 208/76/187 198/66/180
f 209/77/188 210/78/189 211/79/190
f 209/77/188 211/79/190 212/80/191
f 212/80/191 211/79/190 213/81/192
f 212/80/191 213/81/192 214/82/193
f 215/83/194 216/84/195 217/85/196
f 215/83/194 217/85/196 218/86/197
f 219/87/198 220/88/199 221/89/200
f 219/87/198 221/89/200 2/2/2
f 222/90/197 223/91/196 5/5/5
f 222/90/197 5/5/5 4/4/4
f 224/92/201 225/93/202 226/94/203
f 224/92/201 226/94/203 227/95/204
f 225/93/202 228/96/205 229/97/206
f 225/93/202 229/97/206 226/94/203
f 228/96/205 209/77/188 212/80/191
f 228/96/205 212/80/191 229/97/206
f 230/98/207 219/87/198 2/2/2
f 230/98/207 2/2/2 231/99/1
f 223/91/196 232/100/208 233/101/209
f 223/91/196 233/101/209 5/5/5
f 221/89/200 4/4/4 6/6/6
f 221/89/200 6/6/6 234/102/210
f 235/103/211 236/104/212 237/105/198
f 235/103/211 237/105/198 238/106/207
f 236/104/212 239/107/213 240/108/199
f 236/104/212 240/108/199 237/105/198
f 239/107/213 215/83/194 218/86/197
f 239/107/213 218/86/197 240/108/199
f 6/6/6 241/109/214 242/110/215
f 6/6/6 242/110/215 234/102/210
f 234/102/210 242/110/215 243/111/216
f 234/102/210 243/111/216 3/3/3
f 3/3/3 243/111/216 244/112/217
f 3/3/3 244/112/217 1/1/1
f 216/84/195 245/113/218 246/114/208
f 216/84/195 246/114/208 217/85/196
f 247/115/219 248/116/217 233/101/209
f 247/115/219 233/101/209 232/100/208
f 238/106/207 249/117/219 250/118/220
f 238/106/207 250/118/220 235/103/211
f 251/119/221 252/120/222 253/121/223
f 251/119/221 253/121/223 227/95/204
f 227/95/204 253/121/223 254/122/224
f 227/95/204 254/122/224 224/92/201
f 210/78/189 255/123/225 256/124/226
f 210/78/189 256/124/226 211/79/190
f 257/125/5 258/126/209 241/109/214
f 257/125/5 241/109/214 6/6/6
f 259/127/192 260/128/227 261/129/218
f 259/127/192 261/129/218 262/130/195
f 263/131/193 259/127/192 262/130/195
f 263/131/193 262/130/195 264/132/194
f 265/133/221 266/134/228 267/135/212
f 265/133/221 267/135/212 268/136/211
f 266/134/228 269/137/229 270/138/213
f 266/134/228 270/138/213 267/135/212
f 269/137/229 263/131/193 264/132/194
f 269/137/229 264/132/194 270/138/213
f 231/99/1 248/116/217 247/115/219
f 231/99/1 247/115/219 230/98/207
f 226/94/203 229/97/206 271/139/229
f 226/94/203 271/139/229 272/140/228
f 227/95/204 226/94/203 272/140/228
f 227/95/204 272/140/228 251/119/221
f 268/136/211 273/141/220 274/142/222
f 268/136/211 274/142/222 265/133/221
f 261/129/218 260/128/227 252/120/222
f 261/129/218 252/120/222 273/141/220
f 220/88/199 222/90/197 4/4/4
f 220/88/199 4/4/4 221/89/200
f 229/97/206 212/80/191 214/82/193
f 229/97/206 214/82/193 271/139/229
f 211/79/190 256/124/226 275/143/227
f 211/79/190 275/143/227 213/81/192
f 2/2/2 221/89/200 234/102/210
f 2/2/2 234/102/210 3/3/3
f 249/117/219 232/100/208 245/113/218
f 249/117/219 245/113/218 273/141/220
f 276/77/230 277/78/231 278/79/232
f 276/77/230 278/79/232 279/80/233
f 279/80/233 278/79/232 280/81/234
f 279/80/233 280/81/234 281/82/235
f 282/83/236 283/84/237 284/85/238
f 282/83/236 284/85/238 285/86/239
f 286/87/240 287/88/241 288/89/242
f 286/87/240 288/89/242 8/2/8
f 289/90/239 290/91/238 11/5/11
f 289/90/239 11/5/11 10/4/10
f 291/92/243 292/93/244 293/94/245
f 291/92/243 293/94/245 294/95/246
f 292/93/244 295/96/247 296/97/248
f 292/93/244 296/97/248 293/94/245
f 295/96/247 276/77/230 279/80/233
f 295/96/247 279/80/233 296/97/248
f 297/98/249 286/87/240 8/2/8
f 297/98/249 8/2/8 298/99/7
f 290/91/238 299/100/250 300/101/251
f 290/91/238 300/101/251 11/5/11
f 288/89/242 10/4/10 12/6/12
f 288/89/242 12/6/12 301/102/252
f 302/103/253 303/104/254 304/105/240
f 302/103/253 304/105/240 305/106/249
f 303/104/254 306/107/255 307/108/241
f 303/104/254 307/108/241 304/105/240
f 306/107/255 282/83/236 285/86/239
f 306/107/255 285/86/239 307/108/241
f 12/6/12 308/109/256 309/110/257
f 12/6/12 309/110/257 301/102/252
f 301/102/252 309/110/257 310/111/258
f 301/102/252 310/111/258 9/3/9
f 9/3/9 310/111/258 311/112/259
f 9/3/9 311/112/259 7/1/7
f 283/84/237 312/113/260 313/114/250
f 283/84/237 313/114/250 284/85/238
f 314/115/261 315/116/259 300/101/251
f 314/115/261 300/101/251 299/100/250
f 305/106/249 316/117/261 317/118/262
f 305/106/249 317/118/262 302/103/253
f 318/119/263 319/120/264 320/121/265
f 318/119/263 320/121/265 294/95/246
f 294/95/246 320/121/265 321/122/266
f 294/95/246 321/122/266 291/92/243
f 277/78/231 322/123/267 323/124/268
f 277/78/231 323/124/268 278/79/232
f 324/125/11 325/126/251 308/109/256
f 324/125/11 308/109/256 12/6/12
f 326/127/234 327/128/269 328/129/260
f 326/127/234 328/129/260 329/130/237
f 330/131/235 326/127/234 329/130/237
f 330/131/235 329/130/237 331/132/236
f 332/133/263 333/134/270 334/135/254
f 332/133/263 334/135/254 335/136/253
f 333/134/270 336/137/271 337/138/255
f 333/134/270 337/138/255 334/135/254
f 336/137/271 330/131/235 331/132/236
f 336/137/271 331/132/236 337/138/255
f 298/99/7 315/116/259 314/115/261
f 298/99/7 314/115/261 297/98/249
f 293/94/245 296/97/248 338/139/271
f 293/94/245 338/139/271 339/140/270
f 294/95/246 293/94/245 339/140/270
f 294/95/246 339/140/270 318/119/263
f 335/136/253 340/141/262 341/142/264
f 335/136/253 341/142/264 332/133/263
f 328/129/260 327/128/269 319/120/264
f 328/129/260 319/120/264 340/141/262
f 287/88/241 289/90/239 10/4/10
f 287/88/241 10/4/10 288/89/242
f 296/97/248 279/80/233 281/82/235
f 296/97/248 281/82/235 338/139/271
f 278/79/232 323/124/268 342/143/269
f 278/79/232 342/143/269 280/81/234
f 8/2/8 288/89/242 301/102/252
f 8/2/8 301/102/252 9/3/9
f 316/117/261 299/100/250 312/113/260
f 316/117/261 312/113/260 340/141/262
f 343/77/272 344/78/273 345/79/274
f 343/77/272 345/79/274 346/80/275
f 346/80/275 345/79/274 347/81/276
f 346/80/275 347/81/276 348/82/277
f 349/83/278 350/84/279 351/85/280
f 349/83/278 351/85/280 352/86/281
f 353/87/282 354/88/283 355/89/284
f 353/87/282 355/89/284 14/2/14
f 356/90/281 357/91/280 17/5/17
f 356/90/281 17/5/17 16/4/16
f 358/92/285 359/93/286 360/94/287
f 358/92/285 360/94/287 361/95/288
f 359/93/286 362/96/289 363/97/290
f 359/93/286 363/97/290 360/94/287
f 362/96/289 343/77/272 346/80/275
f 362/96/289 346/80/275 363/97/290
f 364/98/291 353/87/282 14/2/14
f 364/98/291 14/2/14 365/99/13
f 357/91/280 366/100/292 367/101/293
f 357/91/280 367/101/293 17/5/17
f 355/89/284 16/4/16 18/6/18
f 355/89/284 18/6/18 368/102/294
f 369/103/295 370/104/296 371/105/282
f 369/103/295 371/105/282 372/106/291
f 370/104/296 373/107/297 374/108/283
f 370/104/296 374/108/283 371/105/282
f 373/107/297 349/83/278 352/86/281
f 373/107/297 352/86/281 374/108/283
f 18/6/18 375/109/298 376/110/299
f 18/6/18 376/110/299 368/102/294
f 368/102/294 376/110/299 377/111/300
f 368/102/294 377/111/300 15/3/15
f 15/3/15 377/111/300 378/112/301
f 15/3/15 378/112/301 13/1/13
f 350/84/279 379/113/302 380/114/292
f 350/84/279 380/114/292 351/85/280
f 381/115/303 382/116/301 367/101/293
f 381/115/303 367/101/293 366/100/292
f 372/106/291 383/117/303 384/118/304
f 372/106/291 384/118/304 369/103/295
f 385/119/305 386/120/306 387/121/307
f 385/119/305 387/121/307 361/95/288
f 361/95/288 387/121/307 388/122/308
f 361/95/288 388/122/308 358/92/285
f 344/78/273 389/123/309 390/124/310
f 344/78/273 390/124/310 345/79/274
f 391/125/17 392/126/293 375/109/298
f 391/125/17 375/109/298 18/6/18
f 393/127/276 394/128/311 395/129/302
f 393/127/276 395/129/302 396/130/279
f 397/131/277 393/127/276 396/130/279
f 397/131/277 396/130/279 398/132/278
f 399/133/305 400/134/312 401/135/296
f 399/133/305 401/135/296 402/136/295
f 400/134/312 403/137/313 404/138/297
f 400/134/312 404/138/297 401/135/296
f 403/137/313 397/131/277 398/132/278
f 403/137/313 398/132/278 404/138/297
f 365/99/13 382/116/301 381/115/303
f 365/99/13 381/115/303 364/98/291
f 360/94/287 363/97/290 405/139/313
f 360/94/287 405/139/313 406/140/312
f 361/95/288 360/94/287 406/140/312
f 361/95/288 406/140/312 385/119/305
f 402/136/295 407/141/304 408/142/306
f 402/136/295 408/142/306 399/133/305
f 395/129/302 394/128/311 386/120/306
f 395/129/302 386/120/306 407/141/304
f 354/88/283 356/90/281 16/4/16
f 354/88/283 16/4/16 355/89/284
f 363/97/290 346/80/275 348/82/277
f 363/97/290 348/82/277 405/139/313
f 345/79/274 390/124/310 409/143/311
f 345/79/274 409/143/311 347/81/276
f 14/2/14 355/89/284 368/102/294
f 14/2/14 368/102/294 15/3/15
f 383/117/303 366/100/292 379/113/302
f 383/117/303 379/113/302 407/141/304
f 410/77/314 411/78/315 412/79/316
f 410/77/314 412/79/316 413/80/317
f 413/80/317 412/79/316 414/81/318
f 413/80/317 414/81/318 415/82/319
f 416/83/320 417/84/321 418/85/322
f 416/83/320 418/85/322 419/86/323
f 420/87/324 421/88/325 422/89/326
f 420/87/324 422/89/326 20/2/20
f 423/90/323 424/91/322 23/5/23
f 423/90/323 23/5/23 22/4/22
f 425/92/327 426/93/328 427/94/329
f 425/92/327 427/94/329 428/95/330
f 426/93/328 429/96/331 430/97/332
f 426/93/328 430/97/332 427/94/329
f 429/96/331 410/77/314 413/80/317
f 429/96/331 413/80/317 430/97/332
f 431/98/333 420/87/324 20/2/20
f 431/98/333 20/2/20 432/99/19
f 424/91/322 433/100/334 434/101/335
f 424/91/322 434/101/335 23/5/23
f 422/89/326 22/4/22 24/6/24
f 422/89/326 24/6/24 435/102/336
f 436/103/337 437/104/338 438/105/324
f 436/103/337 438/105/324 439/106/333
f 437/104/338 440/107/339 441/108/325
f 437/104/338 441/108/325 438/105/324
f 440/107/339 416/83/320 419/86/323
f 440/107/339 419/86/323 441/108/325
f 24/6/24 442/109/340 443/110/341
f 24/6/24 443/110/341 435/102/336
f 435/102/336 443/110/341 444/111/342
f 435/102/336 444/111/342 21/3/21
f 21/3/21 444/111/342 445/112/343
f 21/3/21 445/112/343 19/1/19
f 417/84/321 446/113/344 447/114/334
f 417/84/321 447/114/334 418/85/322
f 448/115/345 449/116/343 434/101/335
f 448/115/345 434/101/335 433/100/334
f 439/106/333 450/117/345 451/118/346
f 439/106/333 451/118/346 436/103/337
f 452/119/347 453/120/348 454/121/349
f 452/119/347 454/121/349 428/95/330
f 428/95/330 454/121/349 455/122/350
f 428/95/330 455/122/350 425/92/327
f 411/78/315 456/123/351 457/124/352
f 411/78/315 457/124/352 412/79/316
f 458/125/23 459/126/335 442/109/340
f 458/125/23 442/109/340 24/6/24
f 460/127/318 461/128/353 462/129/344
f 460/127/318 462/129/344 463/130/321
f 464/131/319 460/127/318 463/130/321
f 464/131/319 463/130/321 465/132/320
f 466/133/347 467/134/354 468/135/338
f 466/133/347 468/135/338 469/136/337
f 467/134/354 470/137/355 471/138/339
f 467/134/354 471/138/339 468/135/338
f 470/137/355 464/131/319 465/132/320
f 470/137/355 465/132/320 471/138/339
f 432/99/19 449/116/343 448/115/345
f 432/99/19 448/115/345 431/98/333
f 427/94/329 430/97/332 472/139/355
f 427/94/329 472/139/355 473/140/354
f 428/95/330 427/94/329 473/140/354
f 428/95/330 473/140/354 452/119/347
f 469/136/337 474/141/346 475/142/348
f 469/136/337 475/142/348 466/133/347
f 462/129/344 461/128/353 453/120/348
f 462/129/344 453/120/348 474/141/346
f 421/88/325 423/90/323 22/4/22
f 421/88/325 22/4/22 422/89/326
f 430/97/332 413/80/317 415/82/319
f 430/97/332 415/82/319 472/139/355
f 412/79/316 457/124/352 476/143/353
f 412/79/316 476/143/353 414/81/318
f 20/2/20 422/89/326 435/102/336
f 20/2/20 435/102/336 21/3/21
f 450/117/345 433/100/334 446/113/344
f 450/117/345 446/113/344 474/141/346
f 477/77/356 478/78/357 479/79/358
f 477/77/356 479/79/358 480/80/359
f 480/80/359 479/79/358 481/81/360
f 480/80/359 481/81/360 482/82/361
f 483/83/362 484/84/363 485/85/364
f 483/83/362 485/85/364 486/86/365
f 487/87/366 488/88/367 489/89/368
f 487/87/366 489/89/368 26/2/26
f 490/90/365 491/91/364 29/5/29
f 490/90/365 29/5/29 28/4/28
f 492/92/369 493/93/370 494/94/371
f 492/92/369 494/94/371 495/95/372
f 493/93/370 496/96/373 497/97/374
f 493/93/370 497/97/374 494/94/371
f 496/96/373 477/77/356 480/80/359
f 496/96/373 480/80/359 497/97/374
f 498/98/375 487/87/366 26/2/26
f 498/98/375 26/2/26 499/99/25
f 491/91/364 500/100/376 501/101/377
f 491/91/364 501/101/377 29/5/29
f 489/89/368 28/4/28 30/6/30
f 489/89/368 30/6/30 502/102/378
f 503/103/379 504/104/380 505/105/366
f 503/103/379 505/105/366 506/106/375
f 504/104/380 507/107/381 508/108/367
f 504/104/380 508/108/367 505/105/366
f 507/107/381 483/83/362 486/86/365
f 507/107/381 486/86/365 508/108/367
f 30/6/30 509/109/382 510/110/383
f 30/6/30 510/110/383 502/102/378
f 502/102/378 510/110/383 511/111/384
f 502/102/378 511/111/384 27/3/27
f 27/3/27 511/111/384 512/112/385
f 27/3/27 512/112/385 25/1/25
f 484/84/363 513/113/386 514/114/376
f 484/84/363 514/114/376 485/85/364
f 515/115/387 516/116/385 501/101/377
f 515/115/387 501/101/377 500/100/376
f 506/106/375 517/117/387 518/118/388
f 506/106/375 518/118/388 503/103/379
f 519/119/389 520/120/390 521/121/391
f 519/119/389 521/121/391 495/95/372
f 495/95/372 521/121/391 522/122/392
f 495/95/372 522/122/392 492/92/369
f 478/78/357 523/123/393 524/124/394
f 478/78/357 524/124/394 479/79/358
f 525/125/29 526/126/377 509/109/382
f 525/125/29 509/109/382 30/6/30
f 527/127/360 528/128/395 529/129/386
f 527/127/360 529/129/386 530/130/363
f 531/131/361 527/127/360 530/130/363
f 531/131/361 530/130/363 532/132/362
f 533/133/389 534/134/396 535/135/380
f 533/133/389 535/135/380 536/136/379
f 534/134/396 537/137/397 538/138/381
f 534/134/396 538/138/381 535/135/380
f 537/137/397 531/131/361 532/132/362
f 537/137/397 532/132/362 538/138/381
f 499/99/25 516/116/385 515/115/387
f 499/99/25 515/115/387 498/98/375
f 494/94/371 497/97/374 539/139/397
f 494/94/371 539/139/397 540/140/396
f 495/95/372 494/94/371 540/140/396
f 495/95/372 540/140/396 519/119/389
f 536/136/379 541/141/388 542/142/390
f 536/136/379 542/142/390 533/133/389
f 529/129/386 528/128/395 520/120/390
f 529/129/386 520/120/390 541/141/388
f 488/88/367 490/90/365 28/4/28
f 488/88/367 28/4/28 489/89/368
f 497/97/374 480/80/359 482/82/361
f 497/97/374 482/82/361 539/139/397
f 479/79/358 524/124/394 543/143/395
f 479/79/358 543/143/395 481/81/360
f 26/2/26 489/89/368 502/102/378
f 26/2/26 502/102/378 27/3/27
f 517/117/387 500/100/376 513/113/386
f 517/117/387 513/113/386 541/141/388
f 544/77/398 545/78/399 546/79/400
f 544/77/398 546/79/400 547/80/401
f 547/80/401 546/79/400 548/81/402
f 547/80/401 548/81/402 549/82/403
f 550/83/404 551/84/405 552/85/406
f 550/83/404 552/85/406 553/86/407
f 554/87/408 555/88/409 556/89/410
f 554/87/408 556/89/410 32/2/32
f 557/90/407 558/91/406 35/5/35
f 557/90/407 35/5/35 34/4/34
f 559/92/411 560/93/412 561/94/413
f 559/92/411 561/94/413 562/95/414
f 560/93/412 563/96/415 564/97/416
f 560/93/412 564/97/416 561/94/413
f 563/96/415 544/77/398 547/80/401
f 563/96/415 547/80/401 564/97/416
f 565/98/417 554/87/408 32/2/32
f 565/98/417 32/2/32 566/99/31
f 558/91/406 567/100/418 568/101/419
f 558/91/406 568/101/419 35/5/35
f 556/89/410 34/4/34 36/6/36
f 556/89/410 36/6/36 569/102/420
f 570/103/421 571/104/422 572/105/408
f 570/103/421 572/105/408 573/106/417
f 571/104/422 574/107/423 575/108/409
f 571/104/422 575/108/409 572/105/408
f 574/107/423 550/83/404 553/86/407
f 574/107/423 553/86/407 575/108/409
f 36/6/36 576/109/424 577/110/425
f 36/6/36 577/110/425 569/102/420
f 569/102/420 577/110/425 578/111/426
f 569/102/420 578/111/426 33/3/33
f 33/3/33 578/111/426 579/112/427
f 33/3/33 579/112/427 31/1/31
f 551/84/405 580/113/428 581/114/418
f 551/84/405 581/114/418 552/85/406
f 582/115/429 583/116/427 568/101/419
f 582/115/429 568/101/419 567/100/418
f 573/106/417 584/117/429 585/118/430
f 573/106/417 585/118/430 570/103/421
f 586/119/431 587/120/432 588/121/433
f 586/119/431 588/121/433 562/95/414
f 562/95/414 588/121/433 589/122/434
f 562/95/414 589/122/434 559/92/411
f 545/78/399 590/123/435 591/124/436
f 545/78/399 591/124/436 546/79/400
f 592/125/35 593/126/419 576/109/424
f 592/125/35 576/109/424 36/6/36
f 594/127/402 595/128/437 596/129/428
f 594/127/402 596/129/428 597/130/405
f 598/131/403 594/127/402 597/130/405
f 598/131/403 597/130/405 599/132/404
f 600/133/431 601/134/438 602/135/422
f 600/133/431 602/135/422 603/136/421
f 601/134/438 604/137/439 605/138/423
f 601/134/438 605/138/423 602/135/422
f 604/137/439 598/131/403 599/132/404
f 604/137/439 599/132/404 605/138/423
f 566/99/31 583/116/427 582/115/429
f 566/99/31 582/115/429 565/98/417
f 561/94/413 564/97/416 606/139/439
f 561/94/413 606/139/439 607/140/438
f 562/95/414 561/94/413 607/140/438
f 562/95/414 607/140/438 586/119/431
f 603/136/421 608/141/430 609/142/432
f 603/136/421 609/142/432 600/133/431
f 596/129/428 595/128/437 587/120/432
f 596/129/428 587/120/432 608/141/430
f 555/88/409 557/90/407 34/4/34
f 555/88/409 34/4/34 556/89/410
f 564/97/416 547/80/401 549/82/403
f 564/97/416 549/82/403 606/139/439
f 546/79/400 591/124/436 610/143/437
f 546/79/400 610/143/437 548/81/402
f 32/2/32 556/89/410 569/102/420
f 32/2/32 569/102/420 33/3/33
f 584/117/429 567/100/418 580/113/428
f 584/117/429 580/113/428 608/141/430
f 611/77/440 612/78/441 613/79/442
f 611/77/440 613/79/442 614/80/443
f 614/80/443 613/79/442 615/81/444
f 614/80/443 615/81/444 616/82/445
f 617/83/446 618/84/447 619/85/448
f 617/83/446 619/85/448 620/86/449
f 621/87/450 622/88/451 623/89/452
f 621/87/450 623/89/452 38/2/38
f 624/90/449 625/91/448 41/5/41
f 624/90/449 41/5/41 40/4/40
f 626/92/453 627/93/454 628/94/455
f 626/92/453 628/94/455 629/95/456
f 627/93/454 630/96/457 631/97/458
f 627/93/454 631/97/458 628/94/455
f 630/96/457 611/77/440 614/80/443
f 630/96/457 614/80/443 631/97/458
f 632/98/459 621/87/450 38/2/38
f 632/98/459 38/2/38 633/99/37
f 625/91/448 634/100/460 635/101/461
f 625/91/448 635/101/461 41/5/41
f 623/89/452 40/4/40 42/6/42
f 623/89/452 42/6/42 636/102/462
f 637/103/463 638/104/464 639/105/450
f 637/103/463 639/105/450 640/106/459
f 638/104/464 641/107/465 642/108/451
f 638/104/464 642/108/451 639/105/450
f 641/107/465 617/83/446 620/86/449
f 641/107/465 620/86/449 642/108/451
f 42/6/42 643/109/466 644/110/467
f 42/6/42 644/110/467 636/102/462
f 636/102/462 644/110/467 645/111/468
f 636/102/462 645/111/468 39/3/39
f 39/3/39 645/111/468 646/112/469
f 39/3/39 646/112/469 37/1/37
f 618/84/447 647/113/470 648/114/460
f 618/84/447 648/114/460 619/85/448
f 649/115/471 650/116/469 635/101/461
f 649/115/471 635/101/461 634/100/460
f 640/106/459 651/117/471 652/118/472
f 640/106/459 652/118/472 637/103/463
f 653/119/473 654/120/474 655/121/475
f 653/119/473 655/121/475 629/95/456
f 629/95/456 655/121/475 656/122/476
f 629/95/456 656/122/476 626/92/453
f 612/78/441 657/123/477 658/124/478
f 612/78/441 658/124/478 613/79/442
f 659/125/41 660/126/461 643/109/466
f 659/125/41 643/109/466 42/6/42
f 661/127/444 662/128/479 663/129/470
f 661/127/444 663/129/470 664/130/447
f 665/131/445 661/127/444 664/130/447
f 665/131/445 664/130/447 666/132/446
f 667/133/473 668/134/480 669/135/464
f 667/133/473 669/135/464 670/136/463
f 668/134/480 671/137/481 672/138/465
f 668/134/480 672/138/465 669/135/464
f 671/137/481 665/131/445 666/132/446
f 671/137/481 666/132/446 672/138/465
f 633/99/37 650/116/469 649/115/471
f 633/99/37 649/115/471 632/98/459
f 628/94/455 631/97/458 673/139/481
f 628/94/455 673/139/481 674/140/480
f 629/95/456 628/94/455 674/140/480
f 629/95/456 674/140/480 653/119/473
f 670/136/463 675/141/472 676/142/474
f 670/136/463 676/142/474 667/133/473
f 663/129/470 662/128/479 654/120/474
f 663/129/470 654/120/474 675/141/472
f 622/88/451 624/90/449 40/4/40
f 622/88/451 40/4/40 623/89/452
f 631/97/458 614/80/443 616/82/445
f 631/97/458 616/82/445 673/139/481
f 613/79/442 658/124/478 677/143/479
f 613/79/442 677/143/479 615/81/444
f 38/2/38 623/89/452 636/102/462
f 38/2/38 636/102/462 39/3/39
f 651/117/471 634/100/460 647/113/470
f 651/117/471 647/113/470 675/141/472
f 678/77/482 679/78/483 680/79/484
f 678/77/482 680/79/484 681/80/485
f 681/80/485 680/79/484 682/81/486
f 681/80/485 682/81/486 683/82/487
f 684/83/488 685/84/489 686/85/490
f 684/83/488 686/85/490 687/86/491
f 688/87/492 689/88/493 690/89/494
f 688/87/492 690/89/494 44/2/44
f 691/90/491 692/91/490 47/5/47
f 691/90/491 47/5/47 46/4/46
f 693/92/495 694/93/496 695/94/497
f 693/92/495 695/94/497 696/95/498
f 694/93/496 697/96/499 698/97/500
f 694/93/496 698/97/500 695/94/497
f 697/96/499 678/77/482 681/80/485
f 697/96/499 681/80/485 698/97/500
f 699/98/501 688/87/492 44/2/44
f 699/98/501 44/2/44 700/99/43
f 692/91/490 701/100/502 702/101/503
f 692/91/490 702/101/503 47/5/47
f 690/89/494 46/4/46 48/6/48
f 690/89/494 48/6/48 703/102/504
f 704/103/505 705/104/506 706/105/492
f 704/103/505 706/105/492 707/106/501
f 705/104/506 708/107/507 709/108/493
f 705/104/506 709/108/493 706/105/492
f 708/107/507 684/83/488 687/86/491
f 708/107/507 687/86/491 709/108/493
f 48/6/48 710/109/508 711/110/509
f 48/6/48 711/110/509 703/102/504
f 703/102/504 711/110/509 712/111/510
f 703/102/504 712/111/510 45/3/45
f 45/3/45 712/111/510 713/112/511
f 45/3/45 713/112/511 43/1/43
f 685/84/489 714/113/512 715/114/502
f 685/84/489 715/114/502 686/85/490
f 716/115/513 717/116/511 702/101/503
f 716/115/513 702/101/503 701/100/502
f 707/106/501 718/117/513 719/118/514
f 707/106/501 719/118/514 704/103/505
f 720/119/515 721/120/516 722/121/517
f 720/119/515 722/121/517 696/95/498
f 696/95/498 722/121/517 723/122/518
f 696/95/498 723/122/518 693/92/495
f 679/78/483 724/123/519 725/124/520
f 679/78/483 725/124/520 680/79/484
f 726/125/47 727/126/503 710/109/508
f 726/125/47 710/109/508 48/6/48
f 728/127/486 729/128/521 730/129/512
f 728/127/486 730/129/512 731/130/489
f 732/131/487 728/127/486 731/130/489
f 732/131/487 731/130/489 733/132/488
f 734/133/515 735/134/522 736/135/506
f 734/133/515 736/135/506 737/136/505
f 735/134/522 738/137/523 739/138/507
f 735/134/522 739/138/507 736/135/506
f 738/137/523 732/131/487 733/132/488
f 738/137/523 733/132/488 739/138/507
f 700/99/43 717/116/511 716/115/513
f 700/99/43 716/115/513 699/98/501
f 695/94/497 698/97/500 740/139/523
f 695/94/497 740/139/523 741/140/522
f 696/95/498 695/94/497 741/140/522
f 696/95/498 741/140/522 720/119/515
f 737/136/505 742/141/514 743/142/516
f 737/136/505 743/142/516 734/133/515
f 730/129/512 729/128/521 721/120/516
f 730/129/512 721/120/516 742/141/514
f 689/88/493 691/90/491 46/4/46
f 689/88/493 46/4/46 690/89/494
f 698/97/500 681/80/485 683/82/487
f 698/97/500 683/82/487 740/139/523
f 680/79/484 725/124/520 744/143/521
f 680/79/484 744/143/521 682/81/486
f 44/2/44 690/89/494 703/102/504
f 44/2/44 703/102/504 45/3/45
f 718/117/513 701/100/502 714/113/512
f 718/117/513 714/113/512 742/141/514
f 745/77/524 746/78/525 747/79/526
f 745/77/524 747/79/526 748/80/527
f 748/80/527 747/79/526 749/81/528
f 748/80/527 749/81/528 750/82/529
f 751/83/530 752/84/531 753/85/532
f 751/83/530 753/85/532 754/86/533
f 755/87/534 756/88/535 757/89/536
f 755/87/534 757/89/536 50/2/50
f 758/90/533 759/91/532 53/5/53
f 758/90/533 53/5/53 52/4/52
f 760/92/537 761/93/538 762/94/539
f 760/92/537 762/94/539 763/95/540
f 761/93/538 764/96/541 765/97/542
f 761/93/538 765/97/542 762/94/539
f 764/96/541 745/77/524 748/80/527
f 764/96/541 748/80/527 765/97/542
f 766/98/543 755/87/534 50/2/50
f 766/98/543 50/2/50 767/99/49
f 759/91/532 768/100/544 769/101/545
f 759/91/532 769/101/545 53/5/53
f 757/89/536 52/4/52 54/6/54
f 757/89/536 54/6/54 770/102/546
f 771/103/547 772/104/548 773/105/534
f 771/103/547 773/105/534 774/106/543
f 772/104/548 775/107/549 776/108/535
f 772/104/548 776/108/535 773/105/534
f 775/107/549 751/83/530 754/86/533
f 775/107/549 754/86/533 776/108/535
f 54/6/54 777/109/550 778/110/551
f 54/6/54 778/110/551 770/102/546
f 770/102/546 778/110/551 779/111/552
f 770/102/546 779/111/552 51/3/51
f 51/3/51 779/111/552 780/112/553
f 51/3/51 780/112/553 49/1/49
f 752/84/531 781/113/554 782/114/544
f 752/84/531 782/114/544 753/85/532
f 783/115/555 784/116/553 769/101/545
f 783/115/555 769/101/545 768/100/544
f 774/106/543 785/117/555 786/118/556
f 774/106/543 786/118/556 771/103/547
f 787/119/557 788/120/558 789/121/559
f 787/119/557 789/121/559 763/95/540
f 763/95/540 789/121/559 790/122/560
f 763/95/540 790/122/560 760/92/537
f 746/78/525 791/123/561 792/124/562
f 746/78/525 792/124/562 747/79/526
f 793/125/53 794/126/545 777/109/550
f 793/125/53 777/109/550 54/6/54
f 795/127/528 796/128/563 797/129/554
f 795/127/528 797/129/554 798/130/531
f 799/131/529 795/127/528 798/130/531
f 799/131/529 798/130/531 800/132/530
f 801/133/557 802/134/564 803/135/548
f 801/133/557 803/135/548 804/136/547
f 802/134/564 805/137/565 806/138/549
f 802/134/564 806/138/549 803/135/548
f 805/137/565 799/131/529 800/132/530
f 805/137/565 800/132/530 806/138/549
f 767/99/49 784/116/553 783/115/555
f 767/99/49 783/115/555 766/98/543
f 762/94/539 765/97/542 807/139/565
f 762/94/539 807/139/565 808/140/564
f 763/95/540 762/94/539 808/140/564
f 763/95/540 808/140/564 787/119/557
f 804/136/547 809/141/556 810/142/558
f 804/136/547 810/142/558 801/133/557
f 797/129/554 796/128/563 788/120/558
f 797/129/554 788/120/558 809/141/556
f 756/88/535 758/90/533 52/4/52
f 756/88/535 52/4/52 757/89/536
f 765/97/542 748/80/527 750/82/529
f 765/97/542 750/82/529 807/139/565
f 747/79/526 792/124/562 811/143/563
f 747/79/526 811/143/563 749/81/528
f 50/2/50 757/89/536 770/102/546
f 50/2/50 770/102/546 51/3/51
f 785/117/555 768/100/544 781/113/554
f 785/117/555 781/113/554 809/141/556
f 812/77/566 813/78/567 814/79/568
f 812/77/566 814/79/568 815/80/569
f 815/80/569 814/79/568 816/81/570
f 815/80/569 816/81/570 817/82/571
f 818/83/572 819/84/573 820/85/574
f 818/83/572 820/85/574 821/86/575
f 822/87/576 823/88/577 824/89/578
f 822/87/576 824/89/578 56/2/56
f 825/90/575 826/91/574 59/5/59
f 825/90/575 59/5/59 58/4/58
f 827/92/579 828/93/580 829/94/581
f 827/92/579 829/94/581 830/95/582
f 828/93/580 831/96/583 832/97/584
f 828/93/580 832/97/584 829/94/581
f 831/96/583 812/77/566 815/80/569
f 831/96/583 815/80/569 832/97/584
f 833/98/585 822/87/576 56/2/56
f 833/98/585 56/2/56 834/99/55
f 826/91/574 835/100/586 836/101/587
f 826/91/574 836/101/587 59/5/59
f 824/89/578 58/4/58 60/6/60
f 824/89/578 60/6/60 837/102/588
f 838/103/589 839/104/590 840/105/576
f 838/103/589 840/105/576 841/106/585
f 839/104/590 842/107/591 843/108/577
f 839/104/590 843/108/577 840/105/576
f 842/107/591 818/83/572 821/86/575
f 842/107/591 821/86/575 843/108/577
f 60/6/60 844/109/592 845/110/593
f 60/6/60 845/110/593 837/102/588
f 837/102/588 845/110/593 846/111/594
f 837/102/588 846/111/594 57/3/57
f 57/3/57 846/111/594 847/112/595
f 57/3/57 847/112/595 55/1/55
f 819/84/573 848/113/596 849/114/586
f 819/84/573 849/114/586 820/85/574
f 850/115/597 851/116/595 836/101/587
f 850/115/597 836/101/587 835/100/586
f 841/106/585 852/117/597 853/118/598
f 841/106/585 853/118/598 838/103/589
f 854/119/599 855/120/600 856/121/601
f 854/119/599 856/121/601 830/95/582
f 830/95/582 856/121/601 857/122/602
f 830/95/582 857/122/602 827/92/579
f 813/78/567 858/123/603 859/124/604
f 813/78/567 859/124/604 814/79/568
f 860/125/59 861/126/587 844/109/592
f 860/125/59 844/109/592 60/6/60
f 862/127/570 863/128/605 864/129/596
f 862/127/570 864/129/596 865/130/573
f 866/131/571 862/127/570 865/130/573
f 866/131/571 865/130/573 867/132/572
f 868/133/599 869/134/606 870/135/590
f 868/133/599 870/135/590 871/136/589
f 869/134/606 872/137/607 873/138/591
f 869/134/606 873/138/591 870/135/590
f 872/137/607 866/131/571 867/132/572
f 872/137/607 867/132/572 873/138/591
f 834/99/55 851/116/595 850/115/597
f 834/99/55 850/115/597 833/98/585
f 829/94/581 832/97/584 874/139/607
f 829/94/581 874/139/607 875/140/606
f 830/95/582 829/94/581 875/140/606
f 830/95/582 875/140/606 854/119/599
f 871/136/589 876/141/598 877/142/600
f 871/136/589 877/142/600 868/133/599
f 864/129/596 863/128/605 855/120/600
f 864/129/596 855/120/600 876/141/598
f 823/88/577 825/90/575 58/4/58
f 823/88/577 58/4/58 824/89/578
f 832/97/584 815/80/569 817/82/571
f 832/97/584 817/82/571 874/139/607
f 814/79/568 859/124/604 878/143/605
f 814/79/568 878/143/605 816/81/570
f 56/2/56 824/89/578 837/102/588
f 56/2/56 837/102/588 57/3/57
f 852/117/597 835/100/586 848/113/596
f 852/117/597 848/113/596 876/141/598
f 879/7/608 880/8/609 881/9/610
f 879/7/608 881/9/610 882/10/611
f 883/11/611 884/12/610 885/13/612
f 883/11/611 885/13/612 886/14/613
f 886/14/613 885/13/612 887/15/614
f 886/14/613 887/15/614 888/16/615
f 888/16/615 887/15/614 889/17/616
f 888/16/615 889/17/616 890/18/617
f 891/19/617 892/20/616 893/21/618
f 891/19/617 893/21/618 894/22/619
f 894/22/619 893/21/618 895/23/620
f 894/22/619 895/23/620 896/24/621
f 897/25/621 898/26/620 880/8/609
f 897/25/621 880/8/609 879/7/608
f 880/8/609 899/27/622 900/28/623
f 880/8/609 900/28/623 881/9/610
f 884/12/610 901/29/623 902/30/624
f 884/12/610 902/30/624 885/13/612
f 885/13/612 902/30/624 903/31/625
f 885/13/612 903/31/625 887/15/614
f 887/15/614 903/31/625 904/32/626
f 887/15/614 904/32/626 889/17/616
f 892/20/616 905/33/626 906/34/627
f 892/20/616 906/34/627 893/21/618
f 893/21/618 906/34/627 907/35/628
f 893/21/618 907/35/628 895/23/620
f 898/26/620 908/36/628 899/27/622
f 898/26/620 899/27/622 880/8/609
f 899/27/622 909/37/629 910/38/630
f 899/27/622 910/38/630 900/28/623
f 901/29/623 911/39/630 912/40/631
f 901/29/623 912/40/631 902/30/624
f 902/30/624 912/40/631 913/41/632
f 902/30/624 913/41/632 903/31/625
f 903/31/625 913/41/632 914/42/633
f 903/31/625 914/42/633 904/32/626
f 905/33/626 915/43/633 916/44/634
f 905/33/626 916/44/634 906/34/627
f 906/34/627 916/44/634 917/45/635
f 906/34/627 917/45/635 907/35/628
f 908/36/628 918/46/635 909/37/629
f 908/36/628 909/37/629 899/27/622
f 882/10/611 919/47/636 920/48/637
f 882/10/611 920/48/637 879/7/608
f 886/14/613 921/49/638 922/50/636
f 886/14/613 922/50/636 883/11/611
f 888/16/615 923/51/639 921/49/638
f 888/16/615 921/49/638 886/14/613
f 890/18/617 924/52/640 923/51/639
f 890/18/617 923/51/639 888/16/615
f 894/22/619 925/53/641 926/54/640
f 894/22/619 926/54/640 891/19/617
f 896/24/621 927/55/642 925/53/641
f 896/24/621 925/53/641 894/22/619
f 879/7/608 920/48/637 928/56/642
f 879/7/608 928/56/642 897/25/621
f 919/47/636 929/57/643 930/58/644
f 919/47/636 930/58/644 920/48/637
f 921/49/638 931/59/645 932/60/643
f 921/49/638 932/60/643 922/50/636
f 923/51/639 933/61/646 931/59/645
f 923/51/639 931/59/645 921/49/638
f 924/52/640 934/62/647 933/61/646
f 924/52/640 933/61/646 923/51/639
f 925/53/641 935/63/648 936/64/647
f 925/53/641 936/64/647 926/54/640
f 927/55/642 937/65/649 935/63/648
f 927/55/642 935/63/648 925/53/641
f 920/48/637 930/58/644 938/66/649
f 920/48/637 938/66/649 928/56/642
f 929/57/643 939/67/650 940/68/651
f 929/57/643 940/68/651 930/58/644
f 931/59/645 941/69/652 942/70/650
f 931/59/645 942/70/650 932/60/643
f 933/61/646 943/71/653 941/69/652
f 933/61/646 941/69/652 931/59/645
f 934/62/647 944/72/654 943/71/653
f 934/62/647 943/71/653 933/61/646
f 935/63/648 945/73/655 946/74/654
f 935/63/648 946/74/654 936/64/647
f 937/65/649 947/75/656 945/73/655
f 937/65/649 945/73/655 935/63/648
f 930/58/644 940/68/651 948/76/656
f 930/58/644 948/76/656 938/66/649
f 949/77/657 950/78/658 951/79/659
f 949/77/657 951/79/659 952/80/660
f 952/80/660 951/79/659 953/81/661
f 952/80/660 953/81/661 954/82/662
f 955/83/663 956/84/664 957/85/665
f 955/83/663 957/85/665 958/86/666
f 959/87/667 960/88/668 961/89/669
f 959/87/667 961/89/669 62/2/62
f 962/90/666 963/91/665 65/5/65
f 962/90/666 65/5/65 64/4/64
f 964/92/670 965/93/671 966/94/672
f 964/92/670 966/94/672 967/95/673
f 965/93/671 968/96/674 969/97/675
f 965/93/671 969/97/675 966/94/672
f 968/96/674 949/77/657 952/80/660
f 968/96/674 952/80/660 969/97/675
f 970/98/676 959/87/667 62/2/62
f 970/98/676 62/2/62 971/99/61
f 963/91/665 972/100/677 973/101/678
f 963/91/665 973/101/678 65/5/65
f 961/89/669 64/4/64 66/6/66
f 961/89/669 66/6/66 974/102/679
f 975/103/680 976/104/681 977/105/667
f 975/103/680 977/105/667 978/106/676
f 976/104/681 979/107/682 980/108/668
f 976/104/681 980/108/668 977/105/667
f 979/107/682 955/83/663 958/86/666
f 979/107/682 958/86/666 980/108/668
f 66/6/66 981/109/683 982/110/684
f 66/6/66 982/110/684 974/102/679
f 974/102/679 982/110/684 983/111/685
f 974/102/679 983/111/685 63/3/63
f 63/3/63 983/111/685 984/112/686
f 63/3/63 984/112/686 61/1/61
f 956/84/664 985/113/687 986/114/677
f 956/84/664 986/114/677 957/85/665
f 987/115/688 988/116/686 973/101/678
f 987/115/688 973/101/678 972/100/677
f 978/106/676 989/117/688 990/118/689
f 978/106/676 990/118/689 975/103/680
f 991/119/690 992/120/691 993/121/692
f 991/119/690 993/121/692 967/95/673
f 967/95/673 993/121/692 994/122/693
f 967/95/673 994/122/693 964/92/670
f 950/78/658 995/123/694 996/124/695
f 950/78/658 996/124/695 951/79/659
f 997/125/65 998/126/678 981/109/683
f 997/125/65 981/109/683 66/6/66
f 999/127/661 1000/128/696 1001/129/687
f 999/127/661 1001/129/687 1002/130/664
f 1003/131/662 999/127/661 1002/130/664
f 1003/131/662 1002/130/664 1004/132/663
f 1005/133/690 1006/134/697 1007/135/681
f 1005/133/690 1007/135/681 1008/136/680
f 1006/134/697 1009/137/698 1010/138/682
f 1006/134/697 1010/138/682 1007/135/681
f 1009/137/698 1003/131/662 1004/132/663
f 1009/137/698 1004/132/663 1010/138/682
f 971/99/61 988/116/686 987/115/688
f 971/99/61 987/115/688 970/98/676
f 966/94/672 969/97/675 1011/139/698
f 966/94/672 1011/139/698 1012/140/697
f 967/95/673 966/94/672 1012/140/697
f 967/95/673 1012/140/697 991/119/690
f 1008/136/680 1013/141/689 1014/142/691
f 1008/136/680 1014/142/691 1005/133/690
f 1001/129/687 1000/128/696 992/120/691
f 1001/129/687 992/120/691 1013/141/689
f 960/88/668 962/90/666 64/4/64
f 960/88/668 64/4/64 961/89/669
f 969/97/675 952/80/660 954/82/662
f 969/97/675 954/82/662 1011/139/698
f 951/79/659 996/124/695 1015/143/696
f 951/79/659 1015/143/696 953/81/661
f 62/2/62 961/89/669 974/102/679
f 62/2/62 974/102/679 63/3/63
f 989/117/688 972/100/677 985/113/687
f 989/117/688 985/113/687 1013/141/689
f 1016/77/699 1017/78/700 1018/79/701
f 1016/77/699 1018/79/701 1019/80/702
f 1019/80/702 1018/79/701 1020/81/703
f 1019/80/702 1020/81/703 1021/82/704
f 1022/83/705 1023/84/706 1024/85/707
f 1022/83/705 1024/85/707 1025/86/708
f 1026/87/709 1027/88/710 1028/89/711
f 1026/87/709 1028/89/711 68/2/68
f 1029/90/708 1030/91/707 71/5/71
f 1029/90/708 71/5/71 70/4/70
f 1031/92/712 1032/93/713 1033/94/714
f 1031/92/712 1033/94/714 1034/95/715
f 1032/93/713 1035/96/716 1036/97/717
f 1032/93/713 1036/97/717 1033/94/714
f 1035/96/716 1016/77/699 1019/80/702
f 1035/96/716 1019/80/702 1036/97/717
f 1037/98/718 1026/87/709 68/2/68
f 1037/98/718 68/2/68 1038/99/67
f 1030/91/707 1039/100/719 1040/101/720
f 1030/91/707 1040/101/720 71/5/71
f 1028/89/711 70/4/70 72/6/72
f 1028/89/711 72/6/72 1041/102/721
f 1042/103/722 1043/104/723 1044/105/709
f 1042/103/722 1044/105/709 1045/106/718
f 1043/104/723 1046/107/724 1047/108/710
f 1043/104/723 1047/108/710 1044/105/709
f 1046/107/724 1022/83/705 1025/86/708
f 1046/107/724 1025/86/708 1047/108/710
f 72/6/72 1048/109/725 1049/110/726
f 72/6/72 1049/110/726 1041/102/721
f 1041/102/721 1049/110/726 1050/111/727
f 1041/102/721 1050/111/727 69/3/69
f 69/3/69 1050/111/727 1051/112/728
f 69/3/69 1051/112/728 67/1/67
f 1023/84/706 1052/113/729 1053/114/719
f 1023/84/706 1053/114/719 1024/85/707
f 1054/115/730 1055/116/728 1040/101/720
f 1054/115/730 1040/101/720 1039/100/719
f 1045/106/718 1056/117/730 1057/118/731
f 1045/106/718 1057/118/731 1042/103/722
f 1058/119/732 1059/120/733 1060/121/734
f 1058/119/732 1060/121/734 1034/95/715
f 1034/95/715 1060/121/734 1061/122/735
f 1034/95/715 1061/122/735 1031/92/712
f 1017/78/700 1062/123/736 1063/124/737
f 1017/78/700 1063/124/737 1018/79/701
f 1064/125/71 1065/126/720 1048/109/725
f 1064/125/71 1048/109/725 72/6/72
f 1066/127/703 1067/128/738 1068/129/729
f 1066/127/703 1068/129/729 1069/130/706
f 1070/131/704 1066/127/703 1069/130/706
f 1070/131/704 1069/130/706 1071/132/705
f 1072/133/732 1073/134/739 1074/135/723
f 1072/133/732 1074/135/723 1075/136/722
f 1073/134/739 1076/137/740 1077/138/724
f 1073/134/739 1077/138/724 1074/135/723
f 1076/137/740 1070/131/704 1071/132/705
f 1076/137/740 1071/132/705 1077/138/724
f 1038/99/67 1055/116/728 1054/115/730
f 1038/99/67 1054/115/730 1037/98/718
f 1033/94/714 1036/97/717 1078/139/740
f 1033/94/714 1078/139/740 1079/140/739
f 1034/95/715 1033/94/714 1079/140/739
f 1034/95/715 1079/140/739 1058/119/732
f 1075/136/722 1080/141/731 1081/142/733
f 1075/136/722 1081/142/733 1072/133/732
f 1068/129/729 1067/128/738 1059/120/733
f 1068/129/729 1059/120/733 1080/141/731
f 1027/88/710 1029/90/708 70/4/70
f 1027/88/710 70/4/70 1028/89/711
f 1036/97/717 1019/80/702 1021/82/704
f 1036/97/717 1021/82/704 1078/139/740
f 1018/79/701 1063/124/737 1082/143/738
f 1018/79/701 1082/143/738 1020/81/703
f 68/2/68 1028/89/711 1041/102/721
f 68/2/68 1041/102/721 69/3/69
f 1056/117/730 1039/100/719 1052/113/729
f 1056/117/730 1052/113/729 1080/141/731
f 1083/77/741 1084/78/742 1085/79/743
f 1083/77/741 1085/79/743 1086/80/744
f 1086/80/744 1085/79/743 1087/81/745
f 1086/80/744 1087/81/745 1088/82/746
f 1089/83/747 1090/84/748 1091/85/749
f 1089/83/747 1091/85/749 1092/86/750
f 1093/87/751 1094/88/752 1095/89/753
f 1093/87/751 1095/89/753 74/2/74
f 1096/90/750 1097/91/749 77/5/77
f 1096/90/750 77/5/77 76/4/76
f 1098/92/754 1099/93/755 1100/94/756
f 1098/92/754 1100/94/756 1101/95/757
f 1099/93/755 1102/96/758 1103/97/759
f 1099/93/755 1103/97/759 1100/94/756
f 1102/96/758 1083/77/741 1086/80/744
f 1102/96/758 1086/80/744 1103/97/759
f 1104/98/760 1093/87/751 74/2/74
f 1104/98/760 74/2/74 1105/99/73
f 1097/91/749 1106/100/761 1107/101/762
f 1097/91/749 1107/101/762 77/5/77
f 1095/89/753 76/4/76 78/6/78
f 1095/89/753 78/6/78 1108/102/763
f 1109/103/764 1110/104/765 1111/105/751
f 1109/103/764 1111/105/751 1112/106/760
f 1110/104/765 1113/107/766 1114/108/752
f 1110/104/765 1114/108/752 1111/105/751
f 1113/107/766 1089/83/747 1092/86/750
f 1113/107/766 1092/86/750 1114/108/752
f 78/6/78 1115/109/767 1116/110/768
f 78/6/78 1116/110/768 1108/102/763
f 1108/102/763 1116/110/768 1117/111/769
f 1108/102/763 1117/111/769 75/3/75
f 75/3/75 1117/111/769 1118/112/770
f 75/3/75 1118/112/770 73/1/73
f 1090/84/748 1119/113/771 1120/114/761
f 1090/84/748 1120/114/761 1091/85/749
f 1121/115/772 1122/116/770 1107/101/762
f 1121/115/772 1107/101/762 1106/100/761
f 1112/106/760 1123/117/772 1124/118/773
f 1112/106/760 1124/118/773 1109/103/764
f 1125/119/774 1126/120/775 1127/121/776
f 1125/119/774 1127/121/776 1101/95/757
f 1101/95/757 1127/121/776 1128/122/777
f 1101/95/757 1128/122/777 1098/92/754
f 1084/78/742 1129/123/778 1130/124/779
f 1084/78/742 1130/124/779 1085/79/743
f 1131/125/77 1132/126/762 1115/109/767
f 1131/125/77 1115/109/767 78/6/78
f 1133/127/745 1134/128/780 1135/129/771
f 1133/127/745 1135/129/771 1136/130/748
f 1137/131/746 1133/127/745 1136/130/748
f 1137/131/746 1136/130/748 1138/132/747
f 1139/133/774 1140/134/781 1141/135/765
f 1139/133/774 1141/135/765 1142/136/764
f 1140/134/781 1143/137/782 1144/138/766
f 1140/134/781 1144/138/766 1141/135/765
f 1143/137/782 1137/131/746 1138/132/747
f 1143/137/782 1138/132/747 1144/138/766
f 1105/99/73 1122/116/770 1121/115/772
f 1105/99/73 1121/115/772 1104/98/760
f 1100/94/756 1103/97/759 1145/139/782
f 1100/94/756 1145/139/782 1146/140/781
f 1101/95/757 1100/94/756 1146/140/781
f 1101/95/757 1146/140/781 1125/119/774
f 1142/136/764 1147/141/773 1148/142/775
f 1142/136/764 1148/142/775 1139/133/774
f 1135/129/771 1134/128/780 1126/120/775
f 1135/129/771 1126/120/775 1147/141/773
f 1094/88/752 1096/90/750 76/4/76
f 1094/88/752 76/4/76 1095/89/753
f 1103/97/759 1086/80/744 1088/82/746
f 1103/97/759 1088/82/746 1145/139/782
f 1085/79/743 1130/124/779 1149/143/780
f 1085/79/743 1149/143/780 1087/81/745
f 74/2/74 1095/89/753 1108/102/763
f 74/2/74 1108/102/763 75/3/75
f 1123/117/772 1106/100/761 1119/113/771
f 1123/117/772 1119/113/771 1147/141/773
f 1150/7/783 1151/8/784 1152/9/785
f 1150/7/783 1152/9/785 1153/10/786
f 1154/11/786 1155/12/785 1156/13/787
f 1154/11/786 1156/13/787 1157/14/788
f 1157/14/788 1156/13/787 1158/15/789
f 1157/14/788 1158/15/789 1159/16/790
f 1159/16/790 1158/15/789 1160/17/791
f 1159/16/790 1160/17/791 1161/18/792
f 1162/19/792 1163/20/791 1164/21/793
f 1162/19/792 1164/21/793 1165/22/794
f 1165/22/794 1164/21/793 1166/23/795
f 1165/22/794 1166/23/795 1167/24/796
f 1168/25/796 1169/26/795 1151/8/784
f 1168/25/796 1151/8/784 1150/7/783
f 1151/8/784 1170/27/797 1171/28/798
f 1151/8/784 1171/28/798 1152/9/785
f 1155/12/785 1172/29/798 1173/30/799
f 1155/12/785 1173/30/799 1156/13/787
f 1156/13/787 1173/30/799 1174/31/800
f 1156/13/787 1174/31/800 1158/15/789
f 1158/15/789 1174/31/800 1175/32/801
f 1158/15/789 1175/32/801 1160/17/791
f 1163/20/791 1176/33/801 1177/34/802
f 1163/20/791 1177/34/802 1164/21/793
f 1164/21/793 1177/34/802 1178/35/803
f 1164/21/793 1178/35/803 1166/23/795
f 1169/26/795 1179/36/803 1170/27/797
f 1169/26/795 1170/27/797 1151/8/784
f 1170/27/797 1180/37/804 1181/38/805
f 1170/27/797 1181/38/805 1171/28/798
f 1172/29/798 1182/39/805 1183/40/806
f 1172/29/798 1183/40/806 1173/30/799
f 1173/30/799 1183/40/806 1184/41/807
f 1173/30/799 1184/41/807 1174/31/800
f 1174/31/800 1184/41/807 1185/42/808
f 1174/31/800 1185/42/808 1175/32/801
f 1176/33/801 1186/43/808 1187/44/809
f 1176/33/801 1187/44/809 1177/34/802
f 1177/34/802 1187/44/809 1188/45/810
f 1177/34/802 1188/45/810 1178/35/803
f 1179/36/803 1189/46/810 1180/37/804
f 1179/36/803 1180/37/804 1170/27/797
f 1153/10/786 1190/47/811 1191/48/812
f 1153/10/786 1191/48/812 1150/7/783
f 1157/14/788 1192/49/813 1193/50/811
f 1157/14/788 1193/50/811 1154/11/786
f 1159/16/790 1194/51/814 1192/49/813
f 1159/16/790 1192/49/813 1157/14/788
f 1161/18/792 1195/52/815 1194/51/814
f 1161/18/792 1194/51/814 1159/16/790
f 1165/22/794 1196/53/816 1197/54/815
f 1165/22/794 1197/54/815 1162/19/792
f 1167/24/796 1198/55/817 1196/53/816
f 1167/24/796 1196/53/816 1165/22/794
f 1150/7/783 1191/48/812 1199/56/817
f 1150/7/783 1199/56/817 1168/25/796
f 1190/47/811 1200/57/818 1201/58/819
f 1190/47/811 1201/58/819 1191/48/812
f 1192/49/813 1202/59/820 1203/60/818
f 1192/49/813 1203/60/818 1193/50/811
f 1194/51/814 1204/61/821 1202/59/820
f 1194/51/814 1202/59/820 1192/49/813
f 1195/52/815 1205/62/822 1204/61/821
f 1195/52/815 1204/61/821 1194/51/814
f 1196/53/816 1206/63/823 1207/64/822
f 1196/53/816 1207/64/822 1197/54/815
f 1198/55/817 1208/65/824 1206/63/823
f 1198/55/817 1206/63/823 1196/53/816
f 1191/48/812 1201/58/819 1209/66/824
f 1191/48/812 1209/66/824 1199/56/817
f 1200/57/818 1210/67/825 1211/68/826
f 1200/57/818 1211/68/826 1201/58/819
f 1202/59/820 1212/69/827 1213/70/825
f 1202/59/820 1213/70/825 1203/60/818
f 1204/61/821 1214/71/828 1212/69/827
f 1204/61/821 1212/69/827 1202/59/820
f 1205/62/822 1215/72/829 1214/71/828
f 1205/62/822 1214/71/828 1204/61/821
f 1206/63/823 1216/73/830 1217/74/829
f 1206/63/823 1217/74/829 1207/64/822
f 1208/65/824 1218/75/831 1216/73/830
f 1208/65/824 1216/73/830 1206/63/823
f 1201/58/819 1211/68/826 1219/76/831
f 1201/58/819 1219/76/831 1209/66/824
f 1220/77/832 1221/78/833 1222/79/834
f 1220/77/832 1222/79/834 1223/80/835
f 1223/80/835 1222/79/834 1224/81/836
f 1223/80/835 1224/81/836 1225/82/837
f 1226/83/838 1227/84/839 1228/85/840
f 1226/83/838 1228/85/840 1229/86/841
f 1230/87/842 1231/88/843 1232/89/844
f 1230/87/842 1232/89/844 80/2/80
f 1233/90/841 1234/91/840 83/5/83
f 1233/90/841 83/5/83 82/4/82
f 1235/92/845 1236/93/846 1237/94/847
f 1235/92/845 1237/94/847 1238/95/848
f 1236/93/846 1239/96/849 1240/97/850
f 1236/93/846 1240/97/850 1237/94/847
f 1239/96/849 1220/77/832 1223/80/835
f 1239/96/849 1223/80/835 1240/97/850
f 1241/98/851 1230/87/842 80/2/80
f 1241/98/851 80/2/80 1242/99/79
f 1234/91/840 1243/100/852 1244/101/853
f 1234/91/840 1244/101/853 83/5/83
f 1232/89/844 82/4/82 84/6/84
f 1232/89/844 84/6/84 1245/102/854
f 1246/103/855 1247/104/856 1248/105/842
f 1246/103/855 1248/105/842 1249/106/851
f 1247/104/856 1250/107/857 1251/108/843
f 1247/104/856 1251/108/843 1248/105/842
f 1250/107/857 1226/83/838 1229/86/841
f 1250/107/857 1229/86/841 1251/108/843
f 84/6/84 1252/109/858 1253/110/859
f 84/6/84 1253/110/859 1245/102/854
f 1245/102/854 1253/110/859 1254/111/860
f 1245/102/854 1254/111/860 81/3/81
f 81/3/81 1254/111/860 1255/112/861
f 81/3/81 1255/112/861 79/1/79
f 1227/84/839 1256/113/862 1257/114/852
f 1227/84/839 1257/114/852 1228/85/840
f 1258/115/863 1259/116/861 1244/101/853
f 1258/115/863 1244/101/853 1243/100/852
f 1249/106/851 1260/117/863 1261/118/864
f 1249/106/851 1261/118/864 1246/103/855
f 1262/119/865 1263/120/866 1264/121/867
f 1262/119/865 1264/121/867 1238/95/848
f 1238/95/848 1264/121/867 1265/122/868
f 1238/95/848 1265/122/868 1235/92/845
f 1221/78/833 1266/123/869 1267/124/870
f 1221/78/833 1267/124/870 1222/79/834
f 1268/125/83 1269/126/853 1252/109/858
f 1268/125/83 1252/109/858 84/6/84
f 1270/127/836 1271/128/871 1272/129/862
f 1270/127/836 1272/129/862 1273/130/839
f 1274/131/837 1270/127/836 1273/130/839
f 1274/131/837 1273/130/839 1275/132/838
f 1276/133/865 1277/134/872 1278/135/856
f 1276/133/865 1278/135/856 1279/136/855
f 1277/134/872 1280/137/873 1281/138/857
f 1277/134/872 1281/138/857 1278/135/856
f 1280/137/873 1274/131/837 1275/132/838
f 1280/137/873 1275/132/838 1281/138/857
f 1242/99/79 1259/116/861 1258/115/863
f 1242/99/79 1258/115/863 1241/98/851
f 1237/94/847 1240/97/850 1282/139/873
f 1237/94/847 1282/139/873 1283/140/872
f 1238/95/848 1237/94/847 1283/140/872
f 1238/95/848 1283/140/872 1262/119/865
f 1279/136/855 1284/141/864 1285/142/866
f 1279/136/855 1285/142/866 1276/133/865
f 1272/129/862 1271/128/871 1263/120/866
f 1272/129/862 1263/120/866 1284/141/864
f 1231/88/843 1233/90/841 82/4/82
f 1231/88/843 82/4/82 1232/89/844
f 1240/97/850 1223/80/835 1225/82/837
f 1240/97/850 1225/82/837 1282/139/873
f 1222/79/834 1267/124/870 1286/143/871
f 1222/79/834 1286/143/871 1224/81/836
f 80/2/80 1232/89/844 1245/102/854
f 80/2/80 1245/102/854 81/3/81
f 1260/117/863 1243/100/852 1256/113/862
f 1260/117/863 1256/113/862 1284/141/864
f 1287/144/874 1288/145/875 1289/146/876
f 1287/144/874 1289/146/876 1290/147/877
f 1291/148/878 1287/144/874 1290/147/877
f 1291/148/878 1290/147/877 1292/149/879
f 1293/150/880 1291/148/878 1292/149/879
f 1293/150/880 1292/149/879 1294/151/881
f 1295/152/882 1293/150/880 1294/151/881
f 1295/152/882 1294/151/881 1296/153/883
f 1297/154/884 1295/152/882 1296/153/883
f 1297/154/884 1296/153/883 1298/155/885
f 1299/156/886 1297/154/884 1298/155/885
f 1299/156/886 1298/155/885 1300/157/887
f 1288/145/875 1299/156/886 1300/157/887
f 1288/145/875 1300/157/887 1289/146/876
f 1301/77/888 1302/78/889 1303/79/890
f 1301/77/888 1303/79/890 1304/80/891
f 1304/80/891 1303/79/890 1305/81/892
f 1304/80/891 1305/81/892 1306/82/893
f 1307/83/894 1308/84/895 1309/85/896
f 1307/83/894 1309/85/896 1310/86/897
f 1311/87/898 1312/88/899 1313/89/900
f 1311/87/898 1313/89/900 86/2/86
f 1314/90/897 1315/91/896 89/5/89
f 1314/90/897 89/5/89 88/4/88
f 1316/92/901 1317/93/902 1318/94/903
f 1316/92/901 1318/94/903 1319/95/904
f 1317/93/902 1320/96/905 1321/97/906
f 1317/93/902 1321/97/906 1318/94/903
f 1320/96/905 1301/77/888 1304/80/891
f 1320/96/905 1304/80/891 1321/97/906
f 1322/98/907 1311/87/898 86/2/86
f 1322/98/907 86/2/86 1323/99/85
f 1315/91/896 1324/100/908 1325/101/909
f 1315/91/896 1325/101/909 89/5/89
f 1313/89/900 88/4/88 90/6/90
f 1313/89/900 90/6/90 1326/102/910
f 1327/103/911 1328/104/912 1329/105/898
f 1327/103/911 1329/105/898 1330/106/907
f 1328/104/912 1331/107/913 1332/108/899
f 1328/104/912 1332/108/899 1329/105/898
f 1331/107/913 1307/83/894 1310/86/897
f 1331/107/913 1310/86/897 1332/108/899
f 90/6/90 1333/109/914 1334/110/915
f 90/6/90 1334/110/915 1326/102/910
f 1326/102/910 1334/110/915 1335/111/916
f 1326/102/910 1335/111/916 87/3/87
f 87/3/87 1335/111/916 1336/112/917
f 87/3/87 1336/112/917 85/1/85
f 1308/84/895 1337/113/918 1338/114/908
f 1308/84/895 1338/114/908 1309/85/896
f 1339/115/919 1340/116/917 1325/101/909
f 1339/115/919 1325/101/909 1324/100/908
f 1330/106/907 1341/117/919 1342/118/920
f 1330/106/907 1342/118/920 1327/103/911
f 1343/119/921 1344/120/922 1345/121/923
f 1343/119/921 1345/121/923 1319/95/904
f 1319/95/904 1345/121/923 1346/122/924
f 1319/95/904 1346/122/924 1316/92/901
f 1302/78/889 1347/123/925 1348/124/926
f 1302/78/889 1348/124/926 1303/79/890
f 1349/125/89 1350/126/909 1333/109/914
f 1349/125/89 1333/109/914 90/6/90
f 1351/127/892 1352/128/927 1353/129/918
f 1351/127/892 1353/129/918 1354/130/895
f 1355/131/893 1351/127/892 1354/130/895
f 1355/131/893 1354/130/895 1356/132/894
f 1357/133/921 1358/134/928 1359/135/912
f 1357/133/921 1359/135/912 1360/136/911
f 1358/134/928 1361/137/929 1362/138/913
f 1358/134/928 1362/138/913 1359/135/912
f 1361/137/929 1355/131/893 1356/132/894
f 1361/137/929 1356/132/894 1362/138/913
f 1323/99/85 1340/116/917 1339/115/919
f 1323/99/85 1339/115/919 1322/98/907
f 1318/94/903 1321/97/906 1363/139/929
f 1318/94/903 1363/139/929 1364/140/928
f 1319/95/904 1318/94/903 1364/140/928
f 1319/95/904 1364/140/928 1343/119/921
f 1360/136/911 1365/141/920 1366/142/922
f 1360/136/911 1366/142/922 1357/133/921
f 1353/129/918 1352/128/927 1344/120/922
f 1353/129/918 1344/120/922 1365/141/920
f 1312/88/899 1314/90/897 88/4/88
f 1312/88/899 88/4/88 1313/89/900
f 1321/97/906 1304/80/891 1306/82/893
f 1321/97/906 1306/82/893 1363/139/929
f 1303/79/890 1348/124/926 1367/143/927
f 1303/79/890 1367/143/927 1305/81/892
f 86/2/86 1313/89/900 1326/102/910
f 86/2/86 1326/102/910 87/3/87
f 1341/117/919 1324/100/908 1337/113/918
f 1341/117/919 1337/113/918 1365/141/920
f 1368/77/930 1369/78/931 1370/79/932
f 1368/77/930 1370/79/932 1371/80/933
f 1371/80/933 1370/79/932 1372/81/934
f 1371/80/933 1372/81/934 1373/82/935
f 1374/83/936 1375/84/937 1376/85/938
f 1374/83/936 1376/85/938 1377/86/939
f 1378/87/940 1379/88/941 1380/89/942
f 1378/87/940 1380/89/942 92/2/92
f 1381/90/939 1382/91/938 95/5/95
f 1381/90/939 95/5/95 94/4/94
f 1383/92/943 1384/93/944 1385/94/945
f 1383/92/943 1385/94/945 1386/95/946
f 1384/93/944 1387/96/947 1388/97/948
f 1384/93/944 1388/97/948 1385/94/945
f 1387/96/947 1368/77/930 1371/80/933
f 1387/96/947 1371/80/933 1388/97/948
f 1389/98/949 1378/87/940 92/2/92
f 1389/98/949 92/2/92 1390/99/91
f 1382/91/938 1391/100/950 1392/101/951
f 1382/91/938 1392/101/951 95/5/95
f 1380/89/942 94/4/94 96/6/96
f 1380/89/942 96/6/96 1393/102/952
f 1394/103/953 1395/104/954 1396/105/940
f 1394/103/953 1396/105/940 1397/106/949
f 1395/104/954 1398/107/955 1399/108/941
f 1395/104/954 1399/108/941 1396/105/940
f 1398/107/955 1374/83/936 1377/86/939
f 1398/107/955 1377/86/939 1399/108/941
f 96/6/96 1400/109/956 1401/110/957
f 96/6/96 1401/110/957 1393/102/952
f 1393/102/952 1401/110/957 1402/111/958
f 1393/102/952 1402/111/958 93/3/93
f 93/3/93 1402/111/958 1403/112/959
f 93/3/93 1403/112/959 91/1/91
f 1375/84/937 1404/113/960 1405/114/950
f 1375/84/937 1405/114/950 1376/85/938
f 1406/115/961 1407/116/959 1392/101/951
f 1406/115/961 1392/101/951 1391/100/950
f 1397/106/949 1408/117/961 1409/118/962
f 1397/106/949 1409/118/962 1394/103/953
f 1410/119/963 1411/120/964 1412/121/965
f 1410/119/963 1412/121/965 1386/95/946
f 1386/95/946 1412/121/965 1413/122/966
f 1386/95/946 1413/122/966 1383/92/943
f 1369/78/931 1414/123/967 1415/124/968
f 1369/78/931 1415/124/968 1370/79/932
f 1416/125/95 1417/126/951 1400/109/956
f 1416/125/95 1400/109/956 96/6/96
f 1418/127/934 1419/128/969 1420/129/960
f 1418/127/934 1420/129/960 1421/130/937
f 1422/131/935 1418/127/934 1421/130/937
f 1422/131/935 1421/130/937 1423/132/936
f 1424/133/963 1425/134/970 1426/135/954
f 1424/133/963 1426/135/954 1427/136/953
f 1425/134/970 1428/137/971 1429/138/955
f 1425/134/970 1429/138/955 1426/135/954
f 1428/137/971 1422/131/935 1423/132/936
f 1428/137/971 1423/132/936 1429/138/955
f 1390/99/91 1407/116/959 1406/115/961
f 1390/99/91 1406/115/961 1389/98/949
f 1385/94/945 1388/97/948 1430/139/971
f 1385/94/945 1430/139/971 1431/140/970
f 1386/95/946 1385/94/945 1431/140/970
f 1386/95/946 1431/140/970 1410/119/963
f 1427/136/953 1432/141/962 1433/142/964
f 1427/136/953 1433/142/964 1424/133/963
f 1420/129/960 1419/128/969 1411/120/964
f 1420/129/960 1411/120/964 1432/141/962
f 1379/88/941 1381/90/939 94/4/94
f 1379/88/941 94/4/94 1380/89/942
f 1388/97/948 1371/80/933 1373/82/935
f 1388/97/948 1373/82/935 1430/139/971
f 1370/79/932 1415/124/968 1434/143/969
f 1370/79/932 1434/143/969 1372/81/934
f 92/2/92 1380/89/942 1393/102/952
f 92/2/92 1393/102/952 93/3/93
f 1408/117/961 1391/100/950 1404/113/960
f 1408/117/961 1404/113/960 1432/141/962
f 1435/77/972 1436/78/973 1437/79/974
f 1435/77/972 1437/79/974 1438/80/975
f 1438/80/975 1437/79/974 1439/81/976
f 1438/80/975 1439/81/976 1440/82/977
f 1441/83/978 1442/84/979 1443/85/980
f 1441/83/978 1443/85/980 1444/86/981
f 1445/87/982 1446/88/983 1447/89/984
f 1445/87/982 1447/89/984 98/2/98
f 1448/90/981 1449/91/980 101/5/101
f 1448/90/981 101/5/101 100/4/100
f 1450/92/985 1451/93/986 1452/94/987
f 1450/92/985 1452/94/987 1453/95/988
f 1451/93/986 1454/96/989 1455/97/990
f 1451/93/986 1455/97/990 1452/94/987
f 1454/96/989 1435/77/972 1438/80/975
f 1454/96/989 1438/80/975 1455/97/990
f 1456/98/991 1445/87/982 98/2/98
f 1456/98/991 98/2/98 1457/99/97
f 1449/91/980 1458/100/992 1459/101/993
f 1449/91/980 1459/101/993 101/5/101
f 1447/89/984 100/4/100 102/6/102
f 1447/89/984 102/6/102 1460/102/994
f 1461/103/995 1462/104/996 1463/105/982
f 1461/103/995 1463/105/982 1464/106/991
f 1462/104/996 1465/107/997 1466/108/983
f 1462/104/996 1466/108/983 1463/105/982
f 1465/107/997 1441/83/978 1444/86/981
f 1465/107/997 1444/86/981 1466/108/983
f 102/6/102 1467/109/998 1468/110/999
f 102/6/102 1468/110/999 1460/102/994
f 1460/102/994 1468/110/999 1469/111/1000
f 1460/102/994 1469/111/1000 99/3/99
f 99/3/99 1469/111/1000 1470/112/1001
f 99/3/99 1470/112/1001 97/1/97
f 1442/84/979 1471/113/1002 1472/114/992
f 1442/84/979 1472/114/992 1443/85/980
f 1473/115/1003 1474/116/1001 1459/101/993
f 1473/115/1003 1459/101/993 1458/100/992
f 1464/106/991 1475/117/1003 1476/118/1004
f 1464/106/991 1476/118/1004 1461/103/995
f 1477/119/1005 1478/120/1006 1479/121/1007
f 1477/119/1005 1479/121/1007 1453/95/988
f 1453/95/988 1479/121/1007 1480/122/1008
f 1453/95/988 1480/122/1008 1450/92/985
f 1436/78/973 1481/123/1009 1482/124/1010
f 1436/78/973 1482/124/1010 1437/79/974
f 1483/125/101 1484/126/993 1467/109/998
f 1483/125/101 1467/109/998 102/6/102
f 1485/127/976 1486/128/1011 1487/129/1002
f 1485/127/976 1487/129/1002 1488/130/979
f 1489/131/977 1485/127/976 1488/130/979
f 1489/131/977 1488/130/979 1490/132/978
f 1491/133/1005 1492/134/1012 1493/135/996
f 1491/133/1005 1493/135/996 1494/136/995
f 1492/134/1012 1495/137/1013 1496/138/997
f 1492/134/1012 1496/138/997 1493/135/996
f 1495/137/1013 1489/131/977 1490/132/978
f 1495/137/1013 1490/132/978 1496/138/997
f 1457/99/97 1474/116/1001 1473/115/1003
f 1457/99/97 1473/115/1003 1456/98/991
f 1452/94/987 1455/97/990 1497/139/1013
f 1452/94/987 1497/139/1013 1498/140/1012
f 1453/95/988 1452/94/987 1498/140/1012
f 1453/95/988 1498/140/1012 1477/119/1005
f 1494/136/995 1499/141/1004 1500/142/1006
f 1494/136/995 1500/142/1006 1491/133/1005
f 1487/129/1002 1486/128/1011 1478/120/1006
f 1487/129/1002 1478/120/1006 1499/141/1004
f 1446/88/983 1448/90/981 100/4/100
f 1446/88/983 100/4/100 1447/89/984
f 1455/97/990 1438/80/975 1440/82/977
f 1455/97/990 1440/82/977 1497/139/1013
f 1437/79/974 1482/124/1010 1501/143/1011
f 1437/79/974 1501/143/1011 1439/81/976
f 98/2/98 1447/89/984 1460/102/994
f 98/2/98 1460/102/994 99/3/99
f 1475/117/1003 1458/100/992 1471/113/1002
f 1475/117/1003 1471/113/1002 1499/141/1004
f 1502/77/1014 1503/78/1015 1504/79/1016
f 1502/77/1014 1504/79/1016 1505/80/1017
f 1505/80/1017 1504/79/1016 1506/81/1018
f 1505/80/1017 1506/81/1018 1507/82/1019
f 1508/83/1020 1509/84/1021 1510/85/1022
f 1508/83/1020 1510/85/1022 1511/86/1023
f 1512/87/1024 1513/88/1025 1514/89/1026
f 1512/87/1024 1514/89/1026 104/2/104
f 1515/90/1023 1516/91/1022 107/5/107
f 1515/90/1023 107/5/107 106/4/106
f 1517/92/1027 1518/93/1028 1519/94/1029
f 1517/92/1027 1519/94/1029 1520/95/1030
f 1518/93/1028 1521/96/1031 1522/97/1032
f 1518/93/1028 1522/97/1032 1519/94/1029
f 1521/96/1031 1502/77/1014 1505/80/1017
f 1521/96/1031 1505/80/1017 1522/97/1032
f 1523/98/1033 1512/87/1024 104/2/104
f 1523/98/1033 104/2/104 1524/99/103
f 1516/91/1022 1525/100/1034 1526/101/1035
f 1516/91/1022 1526/101/1035 107/5/107
f 1514/89/1026 106/4/106 108/6/108
f 1514/89/1026 108/6/108 1527/102/1036
f 1528/103/1037 1529/104/1038 1530/105/1024
f 1528/103/1037 1530/105/1024 1531/106/1033
f 1529/104/1038 1532/107/1039 1533/108/1025
f 1529/104/1038 1533/108/1025 1530/105/1024
f 1532/107/1039 1508/83/1020 1511/86/1023
f 1532/107/1039 1511/86/1023 1533/108/1025
f 108/6/108 1534/109/1040 1535/110/1041
f 108/6/108 1535/110/1041 1527/102/1036
f 1527/102/1036 1535/110/1041 1536/111/1042
f 1527/102/1036 1536/111/1042 105/3/105
f 105/3/105 1536/111/1042 1537/112/1043
f 105/3/105 1537/112/1043 103/1/103
f 1509/84/1021 1538/113/1044 1539/114/1034
f 1509/84/1021 1539/114/1034 1510/85/1022
f 1540/115/1045 1541/116/1043 1526/101/1035
f 1540/115/1045 1526/101/1035 1525/100/1034
f 1531/106/1033 1542/117/1045 1543/118/1046
f 1531/106/1033 1543/118/1046 1528/103/1037
f 1544/119/1047 1545/120/1048 1546/121/1049
f 1544/119/1047 1546/121/1049 1520/95/1030
f 1520/95/1030 1546/121/1049 1547/122/1050
f 1520/95/1030 1547/122/1050 1517/92/1027
f 1503/78/1015 1548/123/1051 1549/124/1052
f 1503/78/1015 1549/124/1052 1504/79/1016
f 1550/125/107 1551/126/1035 1534/109/1040
f 1550/125/107 1534/109/1040 108/6/108
f 1552/127/1018 1553/128/1053 1554/129/1044
f 1552/127/1018 1554/129/1044 1555/130/1021
f 1556/131/1019 1552/127/1018 1555/130/1021
f 1556/131/1019 1555/130/1021 1557/132/1020
f 1558/133/1047 1559/134/1054 1560/135/1038
f 1558/133/1047 1560/135/1038 1561/136/1037
f 1559/134/1054 1562/137/1055 1563/138/1039
f 1559/134/1054 1563/138/1039 1560/135/1038
f 1562/137/1055 1556/131/1019 1557/132/1020
f 1562/137/1055 1557/132/1020 1563/138/1039
f 1524/99/103 1541/116/1043 1540/115/1045
f 1524/99/103 1540/115/1045 1523/98/1033
f 1519/94/1029 1522/97/1032 1564/139/1055
f 1519/94/1029 1564/139/1055 1565/140/1054
f 1520/95/1030 1519/94/1029 1565/140/1054
f 1520/95/1030 1565/140/1054 1544/119/1047
f 1561/136/1037 1566/141/1046 1567/142/1048
f 1561/136/1037 1567/142/1048 1558/133/1047
f 1554/129/1044 1553/128/1053 1545/120/1048
f 1554/129/1044 1545/120/1048 1566/141/1046
f 1513/88/1025 1515/90/1023 106/4/106
f 1513/88/1025 106/4/106 1514/89/1026
f 1522/97/1032 1505/80/1017 1507/82/1019
f 1522/97/1032 1507/82/1019 1564/139/1055
f 1504/79/1016 1549/124/1052 1568/143/1053
f 1504/79/1016 1568/143/1053 1506/81/1018
f 104/2/104 1514/89/1026 1527/102/1036
f 104/2/104 1527/102/1036 105/3/105
f 1542/117/1045 1525/100/1034 1538/113/1044
f 1542/117/1045 1538/113/1044 1566/141/1046
f 1569/77/1056 1570/78/1057 1571/79/1058
f 1569/77/1056 1571/79/1058 1572/80/1059
f 1572/80/1059 1571/79/1058 1573/81/1060
f 1572/80/1059 1573/81/1060 1574/82/1061
f 1575/83/1062 1576/84/1063 1577/85/1064
f 1575/83/1062 1577/85/1064 1578/86/1065
f 1579/87/1066 1580/88/1067 1581/89/1068
f 1579/87/1066 1581/89/1068 110/2/110
f 1582/90/1065 1583/91/1064 113/5/113
f 1582/90/1065 113/5/113 112/4/112
f 1584/92/1069 1585/93/1070 1586/94/1071
f 1584/92/1069 1586/94/1071 1587/95/1072
f 1585/93/1070 1588/96/1073 1589/97/1074
f 1585/93/1070 1589/97/1074 1586/94/1071
f 1588/96/1073 1569/77/1056 1572/80/1059
f 1588/96/1073 1572/80/1059 1589/97/1074
f 1590/98/1075 1579/87/1066 110/2/110
f 1590/98/1075 110/2/110 1591/99/109
f 1583/91/1064 1592/100/1076 1593/101/1077
f 1583/91/1064 1593/101/1077 113/5/113
f 1581/89/1068 112/4/112 114/6/114
f 1581/89/1068 114/6/114 1594/102/1078
f 1595/103/1079 1596/104/1080 1597/105/1066
f 1595/103/1079 1597/105/1066 1598/106/1075
f 1596/104/1080 1599/107/1081 1600/108/1067
f 1596/104/1080 1600/108/1067 1597/105/1066
f 1599/107/1081 1575/83/1062 1578/86/1065
f 1599/107/1081 1578/86/1065 1600/108/1067
f 114/6/114 1601/109/1082 1602/110/1083
f 114/6/114 1602/110/1083 1594/102/1078
f 1594/102/1078 1602/110/1083 1603/111/1084
f 1594/102/1078 1603/111/1084 111/3/111
f 111/3/111 1603/111/1084 1604/112/1085
f 111/3/111 1604/112/1085 109/1/109
f 1576/84/1063 1605/113/1086 1606/114/1076
f 1576/84/1063 1606/114/1076 1577/85/1064
f 1607/115/1087 1608/116/1085 1593/101/1077
f 1607/115/1087 1593/101/1077 1592/100/1076
f 1598/106/1075 1609/117/1087 1610/118/1088
f 1598/106/1075 1610/118/1088 1595/103/1079
f 1611/119/1089 1612/120/1090 1613/121/1091
f 1611/119/1089 1613/121/1091 1587/95/1072
f 1587/95/1072 1613/121/1091 1614/122/1092
f 1587/95/1072 1614/122/1092 1584/92/1069
f 1570/78/1057 1615/123/1093 1616/124/1094
f 1570/78/1057 1616/124/1094 1571/79/1058
f 1617/125/113 1618/126/1077 1601/109/1082
f 1617/125/113 1601/109/1082 114/6/114
f 1619/127/1060 1620/128/1095 1621/129/1086
f 1619/127/1060 1621/129/1086 1622/130/1063
f 1623/131/1061 1619/127/1060 1622/130/1063
f 1623/131/1061 1622/130/1063 1624/132/1062
f 1625/133/1089 1626/134/1096 1627/135/1080
f 1625/133/1089 1627/135/1080 1628/136/1079
f 1626/134/1096 1629/137/1097 1630/138/1081
f 1626/134/1096 1630/138/1081 1627/135/1080
f 1629/137/1097 1623/131/1061 1624/132/1062
f 1629/137/1097 1624/132/1062 1630/138/1081
f 1591/99/109 1608/116/1085 1607/115/1087
f 1591/99/109 1607/115/1087 1590/98/1075
f 1586/94/1071 1589/97/1074 1631/139/1097
f 1586/94/1071 1631/139/1097 1632/140/1096
f 1587/95/1072 1586/94/1071 1632/140/1096
f 1587/95/1072 1632/140/1096 1611/119/1089
f 1628/136/1079 1633/141/1088 1634/142/1090
f 1628/136/1079 1634/142/1090 1625/133/1089
f 1621/129/1086 1620/128/1095 1612/120/1090
f 1621/129/1086 1612/120/1090 1633/141/1088
f 1580/88/1067 1582/90/1065 112/4/112
f 1580/88/1067 112/4/112 1581/89/1068
f 1589/97/1074 1572/80/1059 1574/82/1061
f 1589/97/1074 1574/82/1061 1631/139/1097
f 1571/79/1058 1616/124/1094 1635/143/1095
f 1571/79/1058 1635/143/1095 1573/81/1060
f 110/2/110 1581/89/1068 1594/102/1078
f 110/2/110 1594/102/1078 111/3/111
f 1609/117/1087 1592/100/1076 1605/113/1086
f 1609/117/1087 1605/113/1086 1633/141/1088
f 1636/77/1098 1637/78/1099 1638/79/1100
f 1636/77/1098 1638/79/1100 1639/80/1101
f 1639/80/1101 1638/79/1100 1640/81/1102
f 1639/80/1101 1640/81/1102 1641/82/1103
f 1642/83/1104 1643/84/1105 1644/85/1106
f 1642/83/1104 1644/85/1106 1645/86/1107
f 1646/87/1108 1647/88/1109 1648/89/1110
f 1646/87/1108 1648/89/1110 116/2/116
f 1649/90/1107 1650/91/1106 119/5/119
f 1649/90/1107 119/5/119 118/4/118
f 1651/92/1111 1652/93/1112 1653/94/1113
f 1651/92/1111 1653/94/1113 1654/95/1114
f 1652/93/1112 1655/96/1115 1656/97/1116
f 1652/93/1112 1656/97/1116 1653/94/1113
f 1655/96/1115 1636/77/1098 1639/80/1101
f 1655/96/1115 1639/80/1101 1656/97/1116
f 1657/98/1117 1646/87/1108 116/2/116
f 1657/98/1117 116/2/116 1658/99/115
f 1650/91/1106 1659/100/1118 1660/101/1119
f 1650/91/1106 1660/101/1119 119/5/119
f 1648/89/1110 118/4/118 120/6/120
f 1648/89/1110 120/6/120 1661/102/1120
f 1662/103/1121 1663/104/1122 1664/105/1108
f 1662/103/1121 1664/105/1108 1665/106/1117
f 1663/104/1122 1666/107/1123 1667/108/1109
f 1663/104/1122 1667/108/1109 1664/105/1108
f 1666/107/1123 1642/83/1104 1645/86/1107
f 1666/107/1123 1645/86/1107 1667/108/1109
f 120/6/120 1668/109/1124 1669/110/1125
f 120/6/120 1669/110/1125 1661/102/1120
f 1661/102/1120 1669/110/1125 1670/111/1126
f 1661/102/1120 1670/111/1126 117/3/117
f 117/3/117 1670/111/1126 1671/112/1127
f 117/3/117 1671/112/1127 115/1/115
f 1643/84/1105 1672/113/1128 1673/114/1118
f 1643/84/1105 1673/114/1118 1644/85/1106
f 1674/115/1129 1675/116/1127 1660/101/1119
f 1674/115/1129 1660/101/1119 1659/100/1118
f 1665/106/1117 1676/117/1129 1677/118/1130
f 1665/106/1117 1677/118/1130 1662/103/1121
f 1678/119/1131 1679/120/1132 1680/121/1133
f 1678/119/1131 1680/121/1133 1654/95/1114
f 1654/95/1114 1680/121/1133 1681/122/1134
f 1654/95/1114 1681/122/1134 1651/92/1111
f 1637/78/1099 1682/123/1135 1683/124/1136
f 1637/78/1099 1683/124/1136 1638/79/1100
f 1684/125/119 1685/126/1119 1668/109/1124
f 1684/125/119 1668/109/1124 120/6/120
f 1686/127/1102 1687/128/1137 1688/129/1128
f 1686/127/1102 1688/129/1128 1689/130/1105
f 1690/131/1103 1686/127/1102 1689/130/1105
f 1690/131/1103 1689/130/1105 1691/132/1104
f 1692/133/1131 1693/134/1138 1694/135/1122
f 1692/133/1131 1694/135/1122 1695/136/1121
f 1693/134/1138 1696/137/1139 1697/138/1123
f 1693/134/1138 1697/138/1123 1694/135/1122
f 1696/137/1139 1690/131/1103 1691/132/1104
f 1696/137/1139 1691/132/1104 1697/138/1123
f 1658/99/115 1675/116/1127 1674/115/1129
f 1658/99/115 1674/115/1129 1657/98/1117
f 1653/94/1113 1656/97/1116 1698/139/1139
f 1653/94/1113 1698/139/1139 1699/140/1138
f 1654/95/1114 1653/94/1113 1699/140/1138
f 1654/95/1114 1699/140/1138 1678/119/1131
f 1695/136/1121 1700/141/1130 1701/142/1132
f 1695/136/1121 1701/142/1132 1692/133/1131
f 1688/129/1128 1687/128/1137 1679/120/1132
f 1688/129/1128 1679/120/1132 1700/141/1130
f 1647/88/1109 1649/90/1107 118/4/118
f 1647/88/1109 118/4/118 1648/89/1110
f 1656/97/1116 1639/80/1101 1641/82/1103
f 1656/97/1116 1641/82/1103 1698/139/1139
f 1638/79/1100 1683/124/1136 1702/143/1137
f 1638/79/1100 1702/143/1137 1640/81/1102
f 116/2/116 1648/89/1110 1661/102/1120
f 116/2/116 1661/102/1120 117/3/117
f 1676/117/1129 1659/100/1118 1672/113/1128
f 1676/117/1129 1672/113/1128 1700/141/1130
f 1703/77/1140 1704/78/1141 1705/79/1142
f 1703/77/1140 1705/79/1142 1706/80/1143
f 1706/80/1143 1705/79/1142 1707/81/1144
f 1706/80/1143 1707/81/1144 1708/82/1145
f 1709/83/1146 1710/84/1147 1711/85/1148
f 1709/83/1146 1711/85/1148 1712/86/1149
f 1713/87/1150 1714/88/1151 1715/89/1152
f 1713/87/1150 1715/89/1152 122/2/122
f 1716/90/1149 1717/91/1148 125/5/125
f 1716/90/1149 125/5/125 124/4/124
f 1718/92/1153 1719/93/1154 1720/94/1155
f 1718/92/1153 1720/94/1155 1721/95/1156
f 1719/93/1154 1722/96/1157 1723/97/1158
f 1719/93/1154 1723/97/1158 1720/94/1155
f 1722/96/1157 1703/77/1140 1706/80/1143
f 1722/96/1157 1706/80/1143 1723/97/1158
f 1724/98/1159 1713/87/1150 122/2/122
f 1724/98/1159 122/2/122 1725/99/121
f 1717/91/1148 1726/100/1160 1727/101/1161
f 1717/91/1148 1727/101/1161 125/5/125
f 1715/89/1152 124/4/124 126/6/126
f 1715/89/1152 126/6/126 1728/102/1162
f 1729/103/1163 1730/104/1164 1731/105/1150
f 1729/103/1163 1731/105/1150 1732/106/1159
f 1730/104/1164 1733/107/1165 1734/108/1151
f 1730/104/1164 1734/108/1151 1731/105/1150
f 1733/107/1165 1709/83/1146 1712/86/1149
f 1733/107/1165 1712/86/1149 1734/108/1151
f 126/6/126 1735/109/1166 1736/110/1167
f 126/6/126 1736/110/1167 1728/102/1162
f 1728/102/1162 1736/110/1167 1737/111/1168
f 1728/102/1162 1737/111/1168 123/3/123
f 123/3/123 1737/111/1168 1738/112/1169
f 123/3/123 1738/112/1169 121/1/121
f 1710/84/1147 1739/113/1170 1740/114/1160
f 1710/84/1147 1740/114/1160 1711/85/1148
f 1741/115/1171 1742/116/1169 1727/101/1161
f 1741/115/1171 1727/101/1161 1726/100/1160
f 1732/106/1159 1743/117/1171 1744/118/1172
f 1732/106/1159 1744/118/1172 1729/103/1163
f 1745/119/1173 1746/120/1174 1747/121/1175
f 1745/119/1173 1747/121/1175 1721/95/1156
f 1721/95/1156 1747/121/1175 1748/122/1176
f 1721/95/1156 1748/122/1176 1718/92/1153
f 1704/78/1141 1749/123/1177 1750/124/1178
f 1704/78/1141 1750/124/1178 1705/79/1142
f 1751/125/125 1752/126/1161 1735/109/1166
f 1751/125/125 1735/109/1166 126/6/126
f 1753/127/1144 1754/128/1179 1755/129/1170
f 1753/127/1144 1755/129/1170 1756/130/1147
f 1757/131/1145 1753/127/1144 1756/130/1147
f 1757/131/1145 1756/130/1147 1758/132/1146
f 1759/133/1173 1760/134/1180 1761/135/1164
f 1759/133/1173 1761/135/1164 1762/136/1163
f 1760/134/1180 1763/137/1181 1764/138/1165
f 1760/134/1180 1764/138/1165 1761/135/1164
f 1763/137/1181 1757/131/1145 1758/132/1146
f 1763/137/1181 1758/132/1146 1764/138/1165
f 1725/99/121 1742/116/1169 1741/115/1171
f 1725/99/121 1741/115/1171 1724/98/1159
f 1720/94/1155 1723/97/1158 1765/139/1181
f 1720/94/1155 1765/139/1181 1766/140/1180
f 1721/95/1156 1720/94/1155 1766/140/1180
f 1721/95/1156 1766/140/1180 1745/119/1173
f 1762/136/1163 1767/141/1172 1768/142/1174
f 1762/136/1163 1768/142/1174 1759/133/1173
f 1755/129/1170 1754/128/1179 1746/120/1174
f 1755/129/1170 1746/120/1174 1767/141/1172
f 1714/88/1151 1716/90/1149 124/4/124
f 1714/88/1151 124/4/124 1715/89/1152
f 1723/97/1158 1706/80/1143 1708/82/1145
f 1723/97/1158 1708/82/1145 1765/139/1181
f 1705/79/1142 1750/124/1178 1769/143/1179
f 1705/79/1142 1769/143/1179 1707/81/1144
f 122/2/122 1715/89/1152 1728/102/1162
f 122/2/122 1728/102/1162 123/3/123
f 1743/117/1171 1726/100/1160 1739/113/1170
f 1743/117/1171 1739/113/1170 1767/141/1172
f 1770/77/1182 1771/78/1183 1772/79/1184
f 1770/77/1182 1772/79/1184 1773/80/1185
f 1773/80/1185 1772/79/1184 1774/81/1186
f 1773/80/1185 1774/81/1186 1775/82/1187
f 1776/83/1188 1777/84/1189 1778/85/1190
f 1776/83/1188 1778/85/1190 1779/86/1191
f 1780/87/1192 1781/88/1193 1782/89/1194
f 1780/87/1192 1782/89/1194 128/2/128
f 1783/90/1191 1784/91/1190 131/5/131
f 1783/90/1191 131/5/131 130/4/130
f 1785/92/1195 1786/93/1196 1787/94/1197
f 1785/92/1195 1787/94/1197 1788/95/1198
f 1786/93/1196 1789/96/1199 1790/97/1200
f 1786/93/1196 1790/97/1200 1787/94/1197
f 1789/96/1199 1770/77/1182 1773/80/1185
f 1789/96/1199 1773/80/1185 1790/97/1200
f 1791/98/1201 1780/87/1192 128/2/128
f 1791/98/1201 128/2/128 1792/99/127
f 1784/91/1190 1793/100/1202 1794/101/1203
f 1784/91/1190 1794/101/1203 131/5/131
f 1782/89/1194 130/4/130 132/6/132
f 1782/89/1194 132/6/132 1795/102/1204
f 1796/103/1205 1797/104/1206 1798/105/1192
f 1796/103/1205 1798/105/1192 1799/106/1201
f 1797/104/1206 1800/107/1207 1801/108/1193
f 1797/104/1206 1801/108/1193 1798/105/1192
f 1800/107/1207 1776/83/1188 1779/86/1191
f 1800/107/1207 1779/86/1191 1801/108/1193
f 132/6/132 1802/109/1208 1803/110/1209
f 132/6/132 1803/110/1209 1795/102/1204
f 1795/102/1204 1803/110/1209 1804/111/1210
f 1795/102/1204 1804/111/1210 129/3/129
f 129/3/129 1804/111/1210 1805/112/1211
f 129/3/129 1805/112/1211 127/1/127
f 1777/84/1189 1806/113/1212 1807/114/1202
f 1777/84/1189 1807/114/1202 1778/85/1190
f 1808/115/1213 1809/116/1211 1794/101/1203
f 1808/115/1213 1794/101/1203 1793/100/1202
f 1799/106/1201 1810/117/1213 1811/118/1214
f 1799/106/1201 1811/118/1214 1796/103/1205
f 1812/119/1215 1813/120/1216 1814/121/1217
f 1812/119/1215 1814/121/1217 1788/95/1198
f 1788/95/1198 1814/121/1217 1815/122/1218
f 1788/95/1198 1815/122/1218 1785/92/1195
f 1771/78/1183 1816/123/1219 1817/124/1220
f 1771/78/1183 1817/124/1220 1772/79/1184
f 1818/125/131 1819/126/1203 1802/109/1208
f 1818/125/131 1802/109/1208 132/6/132
f 1820/127/1186 1821/128/1221 1822/129/1212
f 1820/127/1186 1822/129/1212 1823/130/1189
f 1824/131/1187 1820/127/1186 1823/130/1189
f 1824/131/1187 1823/130/1189 1825/132/1188
f 1826/133/1215 1827/134/1222 1828/135/1206
f 1826/133/1215 1828/135/1206 1829/136/1205
f 1827/134/1222 1830/137/1223 1831/138/1207
f 1827/134/1222 1831/138/1207 1828/135/1206
f 1830/137/1223 1824/131/1187 1825/132/1188
f 1830/137/1223 1825/132/1188 1831/138/1207
f 1792/99/127 1809/116/1211 1808/115/1213
f 1792/99/127 1808/115/1213 1791/98/1201
f 1787/94/1197 1790/97/1200 1832/139/1223
f 1787/94/1197 1832/139/1223 1833/140/1222
f 1788/95/1198 1787/94/1197 1833/140/1222
f 1788/95/1198 1833/140/1222 1812/119/1215
f 1829/136/1205 1834/141/1214 1835/142/1216
f 1829/136/1205 1835/142/1216 1826/133/1215
f 1822/129/1212 1821/128/1221 1813/120/1216
f 1822/129/1212 1813/120/1216 1834/141/1214
f 1781/88/1193 1783/90/1191 130/4/130
f 1781/88/1193 130/4/130 1782/89/1194
f 1790/97/1200 1773/80/1185 1775/82/1187
f 1790/97/1200 1775/82/1187 1832/139/1223
f 1772/79/1184 1817/124/1220 1836/143/1221
f 1772/79/1184 1836/143/1221 1774/81/1186
f 128/2/128 1782/89/1194 1795/102/1204
f 128/2/128 1795/102/1204 129/3/129
f 1810/117/1213 1793/100/1202 1806/113/1212
f 1810/117/1213 1806/113/1212 1834/141/1214
f 1837/77/1224 1838/78/1225 1839/79/1226
f 1837/77/1224 1839/79/1226 1840/80/1227
f 1840/80/1227 1839/79/1226 1841/81/1228
f 1840/80/1227 1841/81/1228 1842/82/1229
f 1843/83/1230 1844/84/1231 1845/85/1232
f 1843/83/1230 1845/85/1232 1846/86/1233
f 1847/87/1234 1848/88/1235 1849/89/1236
f 1847/87/1234 1849/89/1236 134/2/134
f 1850/90/1233 1851/91/1232 137/5/137
f 1850/90/1233 137/5/137 136/4/136
f 1852/92/1237 1853/93/1238 1854/94/1239
f 1852/92/1237 1854/94/1239 1855/95/1240
f 1853/93/1238 1856/96/1241 1857/97/1242
f 1853/93/1238 1857/97/1242 1854/94/1239
f 1856/96/1241 1837/77/1224 1840/80/1227
f 1856/96/1241 1840/80/1227 1857/97/1242
f 1858/98/1243 1847/87/1234 134/2/134
f 1858/98/1243 134/2/134 1859/99/133
f 1851/91/1232 1860/100/1244 1861/101/1245
f 1851/91/1232 1861/101/1245 137/5/137
f 1849/89/1236 136/4/136 138/6/138
f 1849/89/1236 138/6/138 1862/102/1246
f 1863/103/1247 1864/104/1248 1865/105/1234
f 1863/103/1247 1865/105/1234 1866/106/1243
f 1864/104/1248 1867/107/1249 1868/108/1235
f 1864/104/1248 1868/108/1235 1865/105/1234
f 1867/107/1249 1843/83/1230 1846/86/1233
f 1867/107/1249 1846/86/1233 1868/108/1235
f 138/6/138 1869/109/1250 1870/110/1251
f 138/6/138 1870/110/1251 1862/102/1246
f 1862/102/1246 1870/110/1251 1871/111/1252
f 1862/102/1246 1871/111/1252 135/3/135
f 135/3/135 1871/111/1252 1872/112/1253
f 135/3/135 1872/112/1253 133/1/133
f 1844/84/1231 1873/113/1254 1874/114/1244
f 1844/84/1231 1874/114/1244 1845/85/1232
f 1875/115/1255 1876/116/1253 1861/101/1245
f 1875/115/1255 1861/101/1245 1860/100/1244
f 1866/106/1243 1877/117/1255 1878/118/1256
f 1866/106/1243 1878/118/1256 1863/103/1247
f 1879/119/1257 1880/120/1258 1881/121/1259
f 1879/119/1257 1881/121/1259 1855/95/1240
f 1855/95/1240 1881/121/1259 1882/122/1260
f 1855/95/1240 1882/122/1260 1852/92/1237
f 1838/78/1225 1883/123/1261 1884/124/1262
f 1838/78/1225 1884/124/1262 1839/79/1226
f 1885/125/137 1886/126/1245 1869/109/1250
f 1885/125/137 1869/109/1250 138/6/138
f 1887/127/1228 1888/128/1263 1889/129/1254
f 1887/127/1228 1889/129/1254 1890/130/1231
f 1891/131/1229 1887/127/1228 1890/130/1231
f 1891/131/1229 1890/130/1231 1892/132/1230
f 1893/133/1257 1894/134/1264 1895/135/1248
f 1893/133/1257 1895/135/1248 1896/136/1247
f 1894/134/1264 1897/137/1265 1898/138/1249
f 1894/134/1264 1898/138/1249 1895/135/1248
f 1897/137/1265 1891/131/1229 1892/132/1230
f 1897/137/1265 1892/132/1230 1898/138/1249
f 1859/99/133 1876/116/1253 1875/115/1255
f 1859/99/133 1875/115/1255 1858/98/1243
f 1854/94/1239 1857/97/1242 1899/139/1265
f 1854/94/1239 1899/139/1265 1900/140/1264
f 1855/95/1240 1854/94/1239 1900/140/1264
f 1855/95/1240 1900/140/1264 1879/119/1257
f 1896/136/1247 1901/141/1256 1902/142/1258
f 1896/136/1247 1902/142/1258 1893/133/1257
f 1889/129/1254 1888/128/1263 1880/120/1258
f 1889/129/1254 1880/120/1258 1901/141/1256
f 1848/88/1235 1850/90/1233 136/4/136
f 1848/88/1235 136/4/136 1849/89/1236
f 1857/97/1242 1840/80/1227 1842/82/1229
f 1857/97/1242 1842/82/1229 1899/139/1265
f 1839/79/1226 1884/124/1262 1903/143/1263
f 1839/79/1226 1903/143/1263 1841/81/1228
f 134/2/134 1849/89/1236 1862/102/1246
f 134/2/134 1862/102/1246 135/3/135
f 1877/117/1255 1860/100/1244 1873/113/1254
f 1877/117/1255 1873/113/1254 1901/141/1256
f 1904/7/1266 1905/8/1267 1906/9/1268
f 1904/7/1266 1906/9/1268 1907/10/1269
f 1908/11/1269 1909/12/1268 1910/13/1270
f 1908/11/1269 1910/13/1270 1911/14/1271
f 1911/14/1271 1910/13/1270 1912/15/1272
f 1911/14/1271 1912/15/1272 1913/16/1273
f 1913/16/1273 1912/15/1272 1914/17/1274
f 1913/16/1273 1914/17/1274 1915/18/1275
f 1916/19/1275 1917/20/1274 1918/21/1276
f 1916/19/1275 1918/21/1276 1919/22/1277
f 1919/22/1277 1918/21/1276 1920/23/1278
f 1919/22/1277 1920/23/1278 1921/24/1279
f 1922/25/1279 1923/26/1278 1905/8/1267
f 1922/25/1279 1905/8/1267 1904/7/1266
f 1905/8/1267 1924/27/1280 1925/28/1281
f 1905/8/1267 1925/28/1281 1906/9/1268
f 1909/12/1268 1926/29/1281 1927/30/1282
f 1909/12/1268 1927/30/1282 1910/13/1270
f 1910/13/1270 1927/30/1282 1928/31/1283
f 1910/13/1270 1928/31/1283 1912/15/1272
f 1912/15/1272 1928/31/1283 1929/32/1284
f 1912/15/1272 1929/32/1284 1914/17/1274
f 1917/20/1274 1930/33/1284 1931/34/1285
f 1917/20/1274 1931/34/1285 1918/21/1276
f 1918/21/1276 1931/34/1285 1932/35/1286
f 1918/21/1276 1932/35/1286 1920/23/1278
f 1923/26/1278 1933/36/1286 1924/27/1280
f 1923/26/1278 1924/27/1280 1905/8/1267
f 1924/27/1280 1934/37/1287 1935/38/1288
f 1924/27/1280 1935/38/1288 1925/28/1281
f 1926/29/1281 1936/39/1288 1937/40/1289
f 1926/29/1281 1937/40/1289 1927/30/1282
f 1927/30/1282 1937/40/1289 1938/41/1290
f 1927/30/1282 1938/41/1290 1928/31/1283
f 1928/31/1283 1938/41/1290 1939/42/1291
f 1928/31/1283 1939/42/1291 1929/32/1284
f 1930/33/1284 1940/43/1291 1941/44/1292
f 1930/33/1284 1941/44/1292 1931/34/1285
f 1931/34/1285 1941/44/1292 1942/45/1293
f 1931/34/1285 1942/45/1293 1932/35/1286
f 1933/36/1286 1943/46/1293 1934/37/1287
f 1933/36/1286 1934/37/1287 1924/27/1280
f 1907/10/1269 1944/47/1294 1945/48/1295
f 1907/10/1269 1945/48/1295 1904/7/1266
f 1911/14/1271 1946/49/1296 1947/50/1294
f 1911/14/1271 1947/50/1294 1908/11/1269
f 1913/16/1273 1948/51/1297 1946/49/1296
f 1913/16/1273 1946/49/1296 1911/14/1271
f 1915/18/1275 1949/52/1298 1948/51/1297
f 1915/18/1275 1948/51/1297 1913/16/1273
f 1919/22/1277 1950/53/1299 1951/54/1298
f 1919/22/1277 1951/54/1298 1916/19/1275
f 1921/24/1279 1952/55/1300 1950/53/1299
f 1921/24/1279 1950/53/1299 1919/22/1277
f 1904/7/1266 1945/48/1295 1953/56/1300
f 1904/7/1266 1953/56/1300 1922/25/1279
f 1944/47/1294 1954/57/1301 1955/58/1302
f 1944/47/1294 1955/58/1302 1945/48/1295
f 1946/49/1296 1956/59/1303 1957/60/1301
f 1946/49/1296 1957/60/1301 1947/50/1294
f 1948/51/1297 1958/61/1304 1956/59/1303
f 1948/51/1297 1956/59/1303 1946/49/1296
f 1949/52/1298 1959/62/1305 1958/61/1304
f 1949/52/1298 1958/61/1304 1948/51/1297
f 1950/53/1299 1960/63/1306 1961/64/1305
f 1950/53/1299 1961/64/1305 1951/54/1298
f 1952/55/1300 1962/65/1307 1960/63/1306
f 1952/55/1300 1960/63/1306 1950/53/1299
f 1945/48/1295 1955/58/1302 1963/66/1307
f 1945/48/1295 1963/66/1307 1953/56/1300
f 1954/57/1301 1964/67/1308 1965/68/1309
f 1954/57/1301 1965/68/1309 1955/58/1302
f 1956/59/1303 1966/69/1310 1967/70/1308
f 1956/59/1303 1967/70/1308 1957/60/1301
f 1958/61/1304 1968/71/1311 1966/69/1310
f 1958/61/1304 1966/69/1310 1956/59/1303
f 1959/62/1305 1969/72/1312 1968/71/1311
f 1959/62/1305 1968/71/1311 1958/61/1304
f 1960/63/1306 1970/73/1313 1971/74/1312
f 1960/63/1306 1971/74/1312 1961/64/1305
f 1962/65/1307 1972/75/1314 1970/73/1313
f 1962/65/1307 1970/73/1313 1960/63/1306
f 1955/58/1302 1965/68/1309 1973/76/1314
f 1955/58/1302 1973/76/1314 1963/66/1307
f 1974/158/164 1975/159/166 1976/160/165
f 1975/159/166 1974/158/164 1977/161/160
f 1977/161/160 1974/158/164 1978/162/163
f 1977/161/160 1978/162/163 1979/163/161
f 1979/163/161 1978/162/163 1980/164/162
f 1981/165/187 1982/166/185 1983/167/186
f 1982/166/185 1981/165/187 1984/168/182
f 1982/166/185 1984/168/182 1985/169/184
f 1985/169/184 1984/168/182 1986/170/181
f 1985/169/184 1986/170/181 1987/171/183
f 254/122/224 256/124/226 255/123/225
f 256/124/226 254/122/224 253/121/223
f 256/124/226 253/121/223 275/143/227
f 275/143/227 253/121/223 252/120/222
f 242/110/215 241/109/214 243/111/216
f 243/111/216 258/126/209 248/116/217
f 258/126/209 243/111/216 241/109/214
f 321/122/266 323/124/268 322/123/267
f 323/124/268 321/122/266 320/121/265
f 323/124/268 320/121/265 342/143/269
f 342/143/269 320/121/265 319/120/264
f 308/109/256 310/111/258 309/110/257
f 310/111/258 308/109/256 315/116/259
f 315/116/259 308/109/256 325/126/251
f 388/122/308 390/124/310 389/123/309
f 390/124/310 388/122/308 387/121/307
f 390/124/310 387/121/307 409/143/311
f 409/143/311 387/121/307 386/120/306
f 376/110/299 375/109/298 377/111/300
f 377/111/300 392/126/293 382/116/301
f 392/126/293 377/111/300 375/109/298
f 455/122/350 457/124/352 456/123/351
f 457/124/352 455/122/350 454/121/349
f 457/124/352 454/121/349 476/143/353
f 476/143/353 454/121/349 453/120/348
f 442/109/340 444/111/342 443/110/341
f 444/111/342 442/109/340 449/116/343
f 449/116/343 442/109/340 459/126/335
f 524/124/394 520/120/390 543/143/395
f 520/120/390 524/124/394 523/123/393
f 520/120/390 523/123/393 521/121/391
f 521/121/391 523/123/393 522/122/392
f 516/116/385 509/109/382 526/126/377
f 509/109/382 516/116/385 511/111/384
f 509/109/382 511/111/384 510/110/383
f 589/122/434 591/124/436 590/123/435
f 591/124/436 589/122/434 588/121/433
f 591/124/436 588/121/433 610/143/437
f 610/143/437 588/121/433 587/120/432
f 577/110/425 576/109/424 578/111/426
f 578/111/426 593/126/419 583/116/427
f 593/126/419 578/111/426 576/109/424
f 656/122/476 658/124/478 657/123/477
f 658/124/478 656/122/476 655/121/475
f 658/124/478 655/121/475 677/143/479
f 677/143/479 655/121/475 654/120/474
f 643/109/466 645/111/468 644/110/467
f 645/111/468 643/109/466 660/126/461
f 645/111/468 660/126/461 650/116/469
f 725/124/520 721/120/516 744/143/521
f 721/120/516 725/124/520 724/123/519
f 721/120/516 724/123/519 722/121/517
f 722/121/517 724/123/519 723/122/518
f 710/109/508 712/111/510 711/110/509
f 712/111/510 710/109/508 727/126/503
f 712/111/510 727/126/503 717/116/511
f 792/124/562 788/120/558 811/143/563
f 788/120/558 792/124/562 791/123/561
f 788/120/558 791/123/561 789/121/559
f 789/121/559 791/123/561 790/122/560
f 777/109/550 779/111/552 778/110/551
f 779/111/552 777/109/550 784/116/553
f 784/116/553 777/109/550 794/126/545
f 878/143/605 856/121/601 855/120/600
f 856/121/601 878/143/605 857/122/602
f 857/122/602 878/143/605 859/124/604
f 857/122/602 859/124/604 858/123/603
f 846/111/594 861/126/587 851/116/595
f 861/126/587 846/111/594 844/109/592
f 844/109/592 846/111/594 845/110/593
f 1988/164/631 1989/158/633 1990/162/632
f 1989/158/633 1988/164/631 1991/163/630
f 1989/158/633 1991/163/630 1992/160/634
f 1992/160/634 1991/163/630 1993/161/629
f 1992/160/634 1993/161/629 1994/159/635
f 1995/166/654 1996/171/652 1997/169/653
f 1996/171/652 1995/166/654 1998/170/650
f 1998/170/650 1995/166/654 1999/167/655
f 1998/170/650 1999/167/655 2000/168/651
f 2000/168/651 1999/167/655 2001/165/656
f 1015/143/696 993/121/692 992/120/691
f 993/121/692 1015/143/696 994/122/693
f 994/122/693 1015/143/696 996/124/695
f 995/123/694 994/122/693 996/124/695
f 981/109/683 983/111/685 982/110/684
f 983/111/685 981/109/683 998/126/678
f 983/111/685 998/126/678 988/116/686
f 1060/121/734 1062/123/736 1061/122/735
f 1062/123/736 1060/121/734 1059/120/733
f 1062/123/736 1059/120/733 1082/143/738
f 1062/123/736 1082/143/738 1063/124/737
f 1048/109/725 1050/111/727 1049/110/726
f 1050/111/727 1048/109/725 1055/116/728
f 1055/116/728 1048/109/725 1065/126/720
f 1128/122/777 1130/124/779 1129/123/778
f 1130/124/779 1128/122/777 1127/121/776
f 1130/124/779 1127/121/776 1149/143/780
f 1149/143/780 1127/121/776 1126/120/775
f 1115/109/767 1117/111/769 1116/110/768
f 1117/111/769 1115/109/767 1132/126/762
f 1117/111/769 1132/126/762 1122/116/770
f 2002/161/804 2003/164/806 2004/163/805
f 2003/164/806 2002/161/804 2005/159/810
f 2003/164/806 2005/159/810 2006/162/807
f 2006/162/807 2005/159/810 2007/160/809
f 2006/162/807 2007/160/809 2008/158/808
f 2009/171/827 2010/168/826 2011/170/825
f 2010/168/826 2009/171/827 2012/165/831
f 2012/165/831 2009/171/827 2013/169/828
f 2012/165/831 2013/169/828 2014/167/830
f 2014/167/830 2013/169/828 2015/166/829
f 1286/143/871 1264/121/867 1263/120/866
f 1264/121/867 1286/143/871 1265/122/868
f 1265/122/868 1286/143/871 1267/124/870
f 1266/123/869 1265/122/868 1267/124/870
f 1252/109/858 1254/111/860 1253/110/859
f 1254/111/860 1252/109/858 1269/126/853
f 1254/111/860 1269/126/853 1259/116/861
f 1292/149/879 1296/153/883 1294/151/881
f 1296/153/883 1292/149/879 1290/147/877
f 1296/153/883 1290/147/877 1298/155/885
f 1298/155/885 1290/147/877 1289/146/876
f 1298/155/885 1289/146/876 1300/157/887
f 1346/122/924 1348/124/926 1347/123/925
f 1348/124/926 1346/122/924 1345/121/923
f 1348/124/926 1345/121/923 1367/143/927
f 1367/143/927 1345/121/923 1344/120/922
f 1333/109/914 1335/111/916 1334/110/915
f 1335/111/916 1333/109/914 1350/126/909
f 1335/111/916 1350/126/909 1340/116/917
f 1413/122/966 1415/124/968 1414/123/967
f 1415/124/968 1413/122/966 1412/121/965
f 1415/124/968 1412/121/965 1434/143/969
f 1434/143/969 1412/121/965 1411/120/964
f 1400/109/956 1402/111/958 1401/110/957
f 1402/111/958 1400/109/956 1417/126/951
f 1402/111/958 1417/126/951 1407/116/959
f 1481/123/1009 1501/143/1011 1482/124/1010
f 1501/143/1011 1481/123/1009 1478/120/1006
f 1478/120/1006 1481/123/1009 1480/122/1008
f 1478/120/1006 1480/122/1008 1479/121/1007
f 1474/116/1001 1467/109/998 1484/126/993
f 1467/109/998 1474/116/1001 1469/111/1000
f 1467/109/998 1469/111/1000 1468/110/999
f 1549/124/1052 1545/120/1048 1568/143/1053
f 1545/120/1048 1549/124/1052 1548/123/1051
f 1545/120/1048 1548/123/1051 1546/121/1049
f 1546/121/1049 1548/123/1051 1547/122/1050
f 1541/116/1043 1534/109/1040 1551/126/1035
f 1534/109/1040 1541/116/1043 1536/111/1042
f 1534/109/1040 1536/111/1042 1535/110/1041
f 1614/122/1092 1616/124/1094 1615/123/1093
f 1616/124/1094 1614/122/1092 1613/121/1091
f 1616/124/1094 1613/121/1091 1635/143/1095
f 1635/143/1095 1613/121/1091 1612/120/1090
f 1602/110/1083 1601/109/1082 1603/111/1084
f 1603/111/1084 1618/126/1077 1608/116/1085
f 1618/126/1077 1603/111/1084 1601/109/1082
f 1680/121/1133 1682/123/1135 1681/122/1134
f 1682/123/1135 1680/121/1133 1683/124/1136
f 1683/124/1136 1680/121/1133 1679/120/1132
f 1683/124/1136 1679/120/1132 1702/143/1137
f 1668/109/1124 1670/111/1126 1669/110/1125
f 1670/111/1126 1685/126/1119 1675/116/1127
f 1685/126/1119 1670/111/1126 1668/109/1124
f 1750/124/1178 1746/120/1174 1769/143/1179
f 1746/120/1174 1750/124/1178 1749/123/1177
f 1746/120/1174 1749/123/1177 1747/121/1175
f 1747/121/1175 1749/123/1177 1748/122/1176
f 1742/116/1169 1735/109/1166 1752/126/1161
f 1735/109/1166 1742/116/1169 1737/111/1168
f 1736/110/1167 1735/109/1166 1737/111/1168
f 1815/122/1218 1817/124/1220 1816/123/1219
f 1817/124/1220 1815/122/1218 1814/121/1217
f 1817/124/1220 1814/121/1217 1836/143/1221
f 1836/143/1221 1814/121/1217 1813/120/1216
f 1809/116/1211 1802/109/1208 1819/126/1203
f 1802/109/1208 1809/116/1211 1804/111/1210
f 1804/111/1210 1803/110/1209 1802/109/1208
f 1881/121/1259 1883/123/1261 1882/122/1260
f 1883/123/1261 1881/121/1259 1884/124/1262
f 1884/124/1262 1881/121/1259 1880/120/1258
f 1884/124/1262 1880/120/1258 1903/143/1263
f 1869/109/1250 1871/111/1252 1870/110/1251
f 1871/111/1252 1869/109/1250 1876/116/1253
f 1876/116/1253 1869/109/1250 1886/126/1245
f 2016/162/1290 2017/160/1292 2018/158/1291
f 2017/160/1292 2016/162/1290 2019/164/1289
f 2017/160/1292 2019/164/1289 2020/159/1293
f 2020/159/1293 2019/164/1289 2021/163/1288
f 2020/159/1293 2021/163/1288 2022/161/1287
f 2023/167/1313 2024/169/1311 2025/166/1312
f 2024/169/1311 2023/167/1313 2026/171/1310
f 2026/171/1310 2023/167/1313 2027/165/1314
f 2026/171/1310 2027/165/1314 2028/170/1308
f 2028/170/1308 2027/165/1314 2029/168/1309
# Vertices: 2029, normals: 1314, texture coordinates: 171, faces: 2396

o obj2
v 0.37408345 1.94159252 -0.42172128
v 0.41234537 1.95218348 -0.36917557
v 0.45215274 1.93573065 -0.33851939
v 0.41121974 1.98660975 -0.34035762
v 0.37090898 2.03868854 -0.34044339
v 0.4513311 1.96086386 -0.31748077
v 0.37408343 0.9597659 -0.42172124
v 0.41234534 0.97035683 -0.36917552
v 0.45215276 0.95390401 -0.33851931
v 0.41121972 1.00478313 -0.34035758
v 0.37090899 1.05686194 -0.3404433
v 0.45133112 0.97903718 -0.31748069
v 0.01670775 1.54161469 0.09176902
v 0.01754255 1.54150136 0.09224568
v 0.11188013 1.71453179 -0.00395798
v 0.1075247 1.69464033 -0.02850622
v 0.13278374 1.87062352 -0.12005299
v 0.11539822 1.83907638 -0.14696093
v 0.13759414 1.9477348 -0.23527481
v 0.20667129 2.00158304 -0.21230581
v 0.28962829 2.04450739 -0.29094301
v 0.19224501 2.00004781 -0.28499619
v 0.18237519 1.93476152 -0.35328104
v 0.1873101 1.96740462 -0.31913865
v 0.45503977 1.94655591 -0.32579105
v 0.19224501 2.00004781 -0.28499619
v 0.28962829 2.04450739 -0.29094301
v 0.01051104 1.5093875 0.05261356
v 0.00978831 1.51001255 0.0527685
v 0.09643604 1.64399702 -0.09100581
v 0.09208065 1.62410556 -0.11555401
v 0.0126161 1.52486485 0.07314956
v 0.1019803 1.66931862 -0.05975609
v 0.28782247 1.90901922 -0.4240682
v 0.37408345 1.94159252 -0.42172128
v 0.28794424 2.03755013 -0.28383937
v 0.35669851 2.02516472 -0.32419788
v 0.50547157 1.91992707 -0.29200984
v 0.18902565 1.85673799 -0.36762124
v 0.12972904 1.88317347 -0.30450304
v 0.18237519 1.93476152 -0.35328104
v 0.28782247 1.90901922 -0.4240682
v 0.13366158 1.91545418 -0.26988889
v 0.1873101 1.96740462 -0.31913865
v 0.44479176 1.95581166 -0.31170076
v 0.49893193 1.91487483 -0.28622969
v 0.44561336 1.93067845 -0.33273927
v 0.36096249 1.9295331 -0.40654902
v 0.21014373 1.99446542 -0.20606252
v 0.28794424 2.03755013 -0.28383937
v 0.2902142 1.90298769 -0.41509187
v 0.36096249 1.9295331 -0.40654902
v 0.2902142 1.90298769 -0.41509187
v 0.19249822 1.8496204 -0.36137814
v 0.12243112 1.75295238 -0.25442861
v 0.12617739 1.74576738 -0.24842547
v 0.1010382 1.6198592 -0.11370246
v 0.01271211 1.508344 0.05306863
v 0.01974369 1.54045786 0.09270067
v 0.12083762 1.71028533 -0.00210631
v 0.37090898 2.03868854 -0.34044339
v 0.35669851 2.02516472 -0.32419788
v 0.13278374 1.87062352 -0.12005299
v 0.13653009 1.86343862 -0.11404994
v 0.21014373 1.99446542 -0.20606252
v 0.20667129 2.00158304 -0.21230581
v 0.11539822 1.83907638 -0.14696093
v 0.13759414 1.9477348 -0.23527481
v 0.12243112 1.75295238 -0.25442861
v 0.10990188 1.77660388 -0.21830179
v 0.12972904 1.88317347 -0.30450304
v 0.18902565 1.85673799 -0.36762124
v 0.11265001 1.80784014 -0.18263133
v 0.13366158 1.91545418 -0.26988889
v 0.11265001 1.80784014 -0.18263133
v 0.10990188 1.77660388 -0.21830179
v 0.19249822 1.8496204 -0.36137814
v 0.12617739 1.74576738 -0.24842547
v 0.13653009 1.86343862 -0.11404994
v 0.01670772 0.55978809 0.09176915
v 0.01754252 0.55967471 0.0922458
v 0.11188006 0.73270509 -0.00395789
v 0.10752468 0.71281368 -0.0285061
v 0.13278371 0.88879685 -0.12005287
v 0.1153982 0.85724973 -0.14696082
v 0.13759411 0.96590817 -0.2352747
v 0.20667127 1.01975638 -0.21230569
v 0.28962823 1.06268076 -0.29094286
v 0.19224499 1.01822115 -0.28499607
v 0.18237521 0.95293482 -0.35328095
v 0.18731004 0.98557798 -0.31913856
v 0.45503978 0.9647293 -0.32579096
v 0.19224499 1.01822115 -0.28499607
v 0.28962823 1.06268076 -0.29094286
v 0.01051101 0.52756085 0.05261369
v 0.00978824 0.5281859 0.05276859
v 0.09643601 0.66217037 -0.09100568
v 0.09208067 0.64227896 -0.11555393
v 0.01261607 0.5430382 0.07314969
v 0.10198027 0.68749202 -0.05975597
v 0.28782245 0.92719256 -0.42406816
v 0.37408343 0.9597659 -0.42172124
v 0.28794418 1.05572352 -0.28383921
v 0.35669852 1.04333809 -0.3241978
v 0.50547158 0.93810047 -0.29200976
v 0.18902571 0.87491131 -0.36762118
v 0.12972902 0.9013468 -0.30450292
v 0.18237521 0.95293482 -0.35328095
v 0.28782245 0.92719256 -0.42406816
v 0.13366154 0.93362748 -0.26988875
v 0.18731004 0.98557798 -0.31913856
v 0.44479177 0.97398503 -0.31170067
v 0.4989319 0.93304813 -0.28622964
v 0.44561337 0.94885176 -0.33273919
v 0.3609625 0.94770643 -0.40654894
v 0.21014371 1.0126388 -0.2060624
v 0.28794418 1.05572352 -0.28383921
v 0.29021421 0.92116103 -0.41509178
v 0.3609625 0.94770643 -0.40654894
v 0.29021421 0.92116103 -0.41509178
v 0.19249809 0.86779382 -0.36137799
v 0.12243105 0.77112581 -0.2544285
v 0.12617735 0.76394071 -0.24842533
v 0.10103816 0.63803255 -0.11370233
v 0.01271208 0.5265173 0.05306875
v 0.01974366 0.55863126 0.09270079
v 0.12083759 0.72845868 -0.00210618
v 0.37090899 1.05686194 -0.3404433
v 0.35669852 1.04333809 -0.3241978
v 0.13278371 0.88879685 -0.12005287
v 0.13653006 0.88161195 -0.11404981
v 0.21014371 1.0126388 -0.2060624
v 0.20667127 1.01975638 -0.21230569
v 0.1153982 0.85724973 -0.14696082
v 0.13759411 0.96590817 -0.2352747
v 0.12243105 0.77112581 -0.2544285
v 0.10990186 0.79477725 -0.21830167
v 0.12972902 0.9013468 -0.30450292
v 0.18902571 0.87491131 -0.36762118
v 0.11264999 0.82601349 -0.1826312
v 0.13366154 0.93362748 -0.26988875
v 0.11264999 0.82601349 -0.1826312
v 0.10990186 0.79477725 -0.21830167
v 0.19249809 0.86779382 -0.36137799
v 0.12617735 0.76394071 -0.24842533
v 0.13653006 0.88161195 -0.11404981
vn 0.47665 -0.86398 0.1623
vn 0.14109 -0.53888 0.83049
vn 0.06116 -0.97995 -0.18965
vn 0.46404 -0.78819 0.40426
vn 0.11591 -0.32539 0.93845
vn -0.51116 -0.35954 0.78067
vn 0.73616 0.54804 0.39714
vn 0.05419 0.80323 0.59319
vn -0.06537 0.83303 0.54935
vn 0.68201 0.67703 0.27656
vn -0.03229 0.82603 0.56271
vn 0.57789 0.78054 0.23833
vn 0.57852 0.64005 0.50561
vn -0.175 0.54666 0.81886
vn 0.06922 -0.09867 0.99271
vn 0.73224 0.11536 0.6712
vn 0.8159 -0.00827 0.57813
vn 0.7722 -0.03104 0.63462
vn 0.07682 -0.80686 0.58572
vn 0.95279 0.17315 -0.24941
vn 0.75346 0.53591 0.38092
vn 0.75622 0.61622 0.22002
vn 0.91307 0.13074 -0.38628
vn 0.74532 0.53997 0.39107
vn 0.71919 0.65061 0.24388
vn 0.7642 -0.64325 0.04715
vn -0.97607 0.19172 0.10264
vn -0.88564 0.46353 -0.02802
vn -0.77555 -0.62906 -0.05292
vn 0.90005 -0.25264 -0.35509
vn 0.92504 0.35503 0.13508
vn 0.78927 0.52439 0.31948
vn -0.57245 0.81776 0.05976
vn -0.74534 0.25651 -0.61536
vn 0.05606 0.14664 -0.9876
vn -0.20307 -0.12177 -0.97156
vn -0.95645 0.20497 0.20784
vn -0.21278 -0.36879 -0.90483
vn -0.09412 -0.55829 -0.82429
vn 0.90034 0.01175 -0.43502
vn -0.05121 -0.68311 -0.72852
vn -0.07462 -0.7042 -0.70607
vn -0.14775 -0.69887 -0.69982
vn -0.98986 -0.08643 0.11275
vn -0.98155 -0.04102 0.18677
vn -0.97035 0.04392 0.23768
vn 0.80887 0.58758 0.02207
vn 0.69507 0.70987 0.11387
vn 0.73616 0.54804 0.39714
vn 0.05418 0.80323 0.59319
vn 0.95279 0.17315 -0.24941
vn 0.75346 0.53591 0.38093
vn 0.74532 0.53997 0.39107
vn -0.88564 0.46353 -0.02805
vn -0.77555 -0.62906 -0.05295
vn -0.14775 -0.69887 -0.69982
vn -0.98986 -0.08642 0.11275
vt 0.0911 0.2447
vt 0.10968 0.22364
vt 0.11366 0.15783
vt 0.1385 0.22292
vt 0.16354 0.26251
vt 0.13321 0.15734
vt 0.14725 0.9395
vt 0.15836 0.93923
vt 0.17236 0.72998
vt 0.15334 0.73046
vt 0.17658 0.64574
vt 0.15464 0.65416
vt 0.15501 0.48505
vt 0.18956 0.41725
vt 0.1817 0.32087
vt 0.15436 0.41966
vt 0.10569 0.28945
vt 0.1244 0.25454
vt 0.12357 0.17163
vt 0.14379 0.2885
vt 0.16959 0.28196
vt 0.10593 0.94053
vt 0.11704 0.94025
vt 0.10493 0.73166
vt 0.08591 0.73213
vt 0.13216 0.94128
vt 0.12913 0.73106
vt 0.07977 0.28419
vt 0.08543 0.26445
vt 0.1712 0.28192
vt 0.16515 0.26247
vt 0.12275 0.08872
vt 0.0625 0.4204
vt 0.09838 0.48646
vt 0.09773 0.42107
vt 0.06844 0.32368
vt 0.1267 0.48576
vt 0.12605 0.42036
vt 0.13482 0.1573
vt 0.12436 0.08868
vt 0.11527 0.15779
vt 0.09271 0.24466
vt 0.19117 0.41721
vt 0.18331 0.32083
vt 0.08138 0.28415
vt 0.08704 0.26441
vt 0.07005 0.32364
vt 0.06411 0.42036
vt 0.08002 0.64814
vt 0.08163 0.6481
vt 0.08752 0.73209
vt 0.10661 0.94051
vt 0.15904 0.93921
vt 0.17397 0.72995
vt 0.15748 0.24305
vt 0.1591 0.24301
vt 0.1808 0.5615
vt 0.18241 0.56146
vt 0.18679 0.48933
vt 0.18518 0.48937
vt 0.15594 0.57786
vt 0.15548 0.53146
vt 0.07412 0.56415
vt 0.0993 0.57927
vt 0.09884 0.53286
vt 0.06831 0.49227
vt 0.12762 0.57856
vt 0.12716 0.53216
vt 0.12838 0.65481
vt 0.10211 0.65546
vt 0.06992 0.49223
vt 0.07573 0.56411
vt 0.17819 0.6457
usemtl mat1
f 2030/172/1315 2031/173/1316 2032/174/1317
f 2033/175/1318 2034/176/1319 2035/177/1320
f 2036/172/1315 2037/173/1316 2038/174/1317
f 2039/175/1318 2040/176/1319 2041/177/1320
f 2042/178/1321 2043/179/1322 2044/180/1323
f 2042/178/1321 2044/180/1323 2045/181/1324
f 2045/181/1324 2044/180/1323 2046/182/1325
f 2045/181/1324 2046/182/1325 2047/183/1326
f 2048/184/1327 2049/185/1328 2050/186/1329
f 2048/184/1327 2050/186/1329 2051/187/1330
f 2052/188/1331 2053/189/1332 2054/190/1333
f 2052/188/1331 2054/190/1333 2031/173/1316
f 2055/191/1330 2056/192/1329 2034/176/1319
f 2055/191/1330 2034/176/1319 2033/175/1318
f 2057/193/1334 2058/194/1335 2059/195/1336
f 2057/193/1334 2059/195/1336 2060/196/1337
f 2058/194/1335 2061/197/1338 2062/198/1339
f 2058/194/1335 2062/198/1339 2059/195/1336
f 2061/197/1338 2042/178/1321 2045/181/1324
f 2061/197/1338 2045/181/1324 2062/198/1339
f 2063/199/1340 2052/188/1331 2031/173/1316
f 2063/199/1340 2031/173/1316 2064/200/1315
f 2056/192/1329 2065/201/1341 2066/202/1342
f 2056/192/1329 2066/202/1342 2034/176/1319
f 2054/190/1333 2033/175/1318 2035/177/1320
f 2054/190/1333 2035/177/1320 2067/203/1343
f 2068/204/1344 2069/205/1345 2070/206/1331
f 2068/204/1344 2070/206/1331 2071/207/1340
f 2069/205/1345 2072/208/1346 2073/209/1332
f 2069/205/1345 2073/209/1332 2070/206/1331
f 2072/208/1346 2048/184/1327 2051/187/1330
f 2072/208/1346 2051/187/1330 2073/209/1332
f 2035/177/1320 2074/210/1347 2075/211/1348
f 2035/177/1320 2075/211/1348 2067/203/1343
f 2067/203/1343 2075/211/1348 2076/212/1349
f 2067/203/1343 2076/212/1349 2032/174/1317
f 2032/174/1317 2076/212/1349 2077/213/1350
f 2032/174/1317 2077/213/1350 2030/172/1315
f 2049/185/1328 2078/214/1351 2079/215/1341
f 2049/185/1328 2079/215/1341 2050/186/1329
f 2080/216/1352 2081/217/1350 2066/202/1342
f 2080/216/1352 2066/202/1342 2065/201/1341
f 2071/207/1340 2082/218/1352 2083/219/1353
f 2071/207/1340 2083/219/1353 2068/204/1344
f 2084/220/1354 2085/221/1355 2086/222/1356
f 2084/220/1354 2086/222/1356 2060/196/1337
f 2060/196/1337 2086/222/1356 2087/223/1357
f 2060/196/1337 2087/223/1357 2057/193/1334
f 2043/179/1322 2088/224/1358 2089/225/1359
f 2043/179/1322 2089/225/1359 2044/180/1323
f 2090/226/1319 2091/227/1342 2074/210/1347
f 2090/226/1319 2074/210/1347 2035/177/1320
f 2092/228/1325 2093/229/1360 2094/230/1351
f 2092/228/1325 2094/230/1351 2095/231/1328
f 2096/232/1326 2092/228/1325 2095/231/1328
f 2096/232/1326 2095/231/1328 2097/233/1327
f 2098/234/1354 2099/235/1361 2100/236/1345
f 2098/234/1354 2100/236/1345 2101/237/1344
f 2099/235/1361 2102/238/1362 2103/239/1346
f 2099/235/1361 2103/239/1346 2100/236/1345
f 2102/238/1362 2096/232/1326 2097/233/1327
f 2102/238/1362 2097/233/1327 2103/239/1346
f 2064/200/1315 2081/217/1350 2080/216/1352
f 2064/200/1315 2080/216/1352 2063/199/1340
f 2059/195/1336 2062/198/1339 2104/240/1362
f 2059/195/1336 2104/240/1362 2105/241/1361
f 2060/196/1337 2059/195/1336 2105/241/1361
f 2060/196/1337 2105/241/1361 2084/220/1354
f 2101/237/1344 2106/242/1353 2107/243/1355
f 2101/237/1344 2107/243/1355 2098/234/1354
f 2094/230/1351 2093/229/1360 2085/221/1355
f 2094/230/1351 2085/221/1355 2106/242/1353
f 2053/189/1332 2055/191/1330 2033/175/1318
f 2053/189/1332 2033/175/1318 2054/190/1333
f 2062/198/1339 2045/181/1324 2047/183/1326
f 2062/198/1339 2047/183/1326 2104/240/1362
f 2044/180/1323 2089/225/1359 2108/244/1360
f 2044/180/1323 2108/244/1360 2046/182/1325
f 2031/173/1316 2054/190/1333 2067/203/1343
f 2031/173/1316 2067/203/1343 2032/174/1317
f 2082/218/1352 2065/201/1341 2078/214/1351
f 2082/218/1352 2078/214/1351 2106/242/1353
f 2109/178/1363 2110/179/1364 2111/180/1323
f 2109/178/1363 2111/180/1323 2112/181/1324
f 2112/181/1324 2111/180/1323 2113/182/1325
f 2112/181/1324 2113/182/1325 2114/183/1326
f 2115/184/1327 2116/185/1328 2117/186/1329
f 2115/184/1327 2117/186/1329 2118/187/1330
f 2119/188/1331 2120/189/1332 2121/190/1333
f 2119/188/1331 2121/190/1333 2037/173/1316
f 2122/191/1330 2123/192/1329 2040/176/1319
f 2122/191/1330 2040/176/1319 2039/175/1318
f 2124/193/1365 2125/194/1366 2126/195/1336
f 2124/193/1365 2126/195/1336 2127/196/1337
f 2125/194/1366 2128/197/1367 2129/198/1339
f 2125/194/1366 2129/198/1339 2126/195/1336
f 2128/197/1367 2109/178/1363 2112/181/1324
f 2128/197/1367 2112/181/1324 2129/198/1339
f 2130/199/1340 2119/188/1331 2037/173/1316
f 2130/199/1340 2037/173/1316 2131/200/1315
f 2123/192/1329 2132/201/1341 2133/202/1368
f 2123/192/1329 2133/202/1368 2040/176/1319
f 2121/190/1333 2039/175/1318 2041/177/1320
f 2121/190/1333 2041/177/1320 2134/203/1369
f 2135/204/1344 2136/205/1345 2137/206/1331
f 2135/204/1344 2137/206/1331 2138/207/1340
f 2136/205/1345 2139/208/1346 2140/209/1332
f 2136/205/1345 2140/209/1332 2137/206/1331
f 2139/208/1346 2115/184/1327 2118/187/1330
f 2139/208/1346 2118/187/1330 2140/209/1332
f 2041/177/1320 2141/210/1347 2142/211/1348
f 2041/177/1320 2142/211/1348 2134/203/1369
f 2134/203/1369 2142/211/1348 2143/212/1349
f 2134/203/1369 2143/212/1349 2038/174/1317
f 2038/174/1317 2143/212/1349 2144/213/1350
f 2038/174/1317 2144/213/1350 2036/172/1315
f 2116/185/1328 2145/214/1351 2146/215/1341
f 2116/185/1328 2146/215/1341 2117/186/1329
f 2147/216/1352 2148/217/1350 2133/202/1368
f 2147/216/1352 2133/202/1368 2132/201/1341
f 2138/207/1340 2149/218/1352 2150/219/1353
f 2138/207/1340 2150/219/1353 2135/204/1344
f 2151/220/1354 2152/221/1355 2153/222/1356
f 2151/220/1354 2153/222/1356 2127/196/1337
f 2127/196/1337 2153/222/1356 2154/223/1370
f 2127/196/1337 2154/223/1370 2124/193/1365
f 2110/179/1364 2155/224/1371 2156/225/1359
f 2110/179/1364 2156/225/1359 2111/180/1323
f 2157/226/1319 2158/227/1368 2141/210/1347
f 2157/226/1319 2141/210/1347 2041/177/1320
f 2159/228/1325 2160/229/1360 2161/230/1351
f 2159/228/1325 2161/230/1351 2162/231/1328
f 2163/232/1326 2159/228/1325 2162/231/1328
f 2163/232/1326 2162/231/1328 2164/233/1327
f 2165/234/1354 2166/235/1361 2167/236/1345
f 2165/234/1354 2167/236/1345 2168/237/1344
f 2166/235/1361 2169/238/1362 2170/239/1346
f 2166/235/1361 2170/239/1346 2167/236/1345
f 2169/238/1362 2163/232/1326 2164/233/1327
f 2169/238/1362 2164/233/1327 2170/239/1346
f 2131/200/1315 2148/217/1350 2147/216/1352
f 2131/200/1315 2147/216/1352 2130/199/1340
f 2126/195/1336 2129/198/1339 2171/240/1362
f 2126/195/1336 2171/240/1362 2172/241/1361
f 2127/196/1337 2126/195/1336 2172/241/1361
f 2127/196/1337 2172/241/1361 2151/220/1354
f 2168/237/1344 2173/242/1353 2174/243/1355
f 2168/237/1344 2174/243/1355 2165/234/1354
f 2161/230/1351 2160/229/1360 2152/221/1355
f 2161/230/1351 2152/221/1355 2173/242/1353
f 2120/189/1332 2122/191/1330 2039/175/1318
f 2120/189/1332 2039/175/1318 2121/190/1333
f 2129/198/1339 2112/181/1324 2114/183/1326
f 2129/198/1339 2114/183/1326 2171/240/1362
f 2111/180/1323 2156/225/1359 2175/244/1360
f 2111/180/1323 2175/244/1360 2113/182/1325
f 2037/173/1316 2121/190/1333 2134/203/1369
f 2037/173/1316 2134/203/1369 2038/174/1317
f 2149/218/1352 2132/201/1341 2145/214/1351
f 2149/218/1352 2145/214/1351 2173/242/1353
f 2108/244/1360 2086/222/1356 2085/221/1355
f 2086/222/1356 2108/244/1360 2089/225/1359
f 2086/222/1356 2089/225/1359 2087/223/1357
f 2087/223/1357 2089/225/1359 2088/224/1358
f 2074/210/1347 2076/212/1349 2075/211/1348
f 2076/212/1349 2091/227/1342 2081/217/1350
f 2091/227/1342 2076/212/1349 2074/210/1347
f 2175/244/1360 2153/222/1356 2152/221/1355
f 2153/222/1356 2175/244/1360 2156/225/1359
f 2153/222/1356 2156/225/1359 2154/223/1370
f 2154/223/1370 2156/225/1359 2155/224/1371
f 2141/210/1347 2143/212/1349 2142/211/1348
f 2143/212/1349 2158/227/1368 2148/217/1350
f 2158/227/1368 2143/212/1349 2141/210/1347
# Vertices: 146, normals: 57, texture coordinates: 73, faces: 174
