# File generated by FabConvert.com - Free Image and 3D model conversion tools

mtllib mtl/buildings.mtl

o obj1
v -0.19356419 0.0073179 -4.51333593
v -0.19356419 1.33821857 -4.51333593
v -0.19356419 1.33821857 -4.90046431
v -0.19356419 0.0073179 -4.90046431
v -0.19356419 0.0073179 -4.90046431
v -0.19356419 1.33821857 -4.90046431
v 0.19356419 1.33821857 -4.90046431
v 0.19356419 0.0073179 -4.90046431
v 0.19356419 0.0073179 -4.90046431
v 0.19356419 1.33821857 -4.90046431
v 0.19356419 1.33821857 -4.51333593
v 0.19356419 0.0073179 -4.51333593
v 0.19356419 0.0073179 -4.51333593
v 0.19356419 1.33821857 -4.51333593
v -0.19356419 1.33821857 -4.51333593
v -0.19356419 0.0073179 -4.51333593
v -0.19356419 0.0073179 -4.90046431
v 0.19356419 0.0073179 -4.90046431
v 0.19356419 0.0073179 -4.51333593
v -0.19356419 0.0073179 -4.51333593
v 0.19356419 1.33821857 -4.90046431
v -0.19356419 1.33821857 -4.90046431
v -0.19356419 1.33821857 -4.51333593
v 0.19356419 1.33821857 -4.51333593
vn -1 0 0
vn 0 0 -1
vn 1 0 0
vn 0 0 1
vn 0 -1 -0
vn 0 1 0
vt 0.99182 0.97027
vt 0.99182 0.02099
vt 0.65884 0.02099
vt 0.65884 0.97027
vt 0.125 0.5
vt 0.375 0.5
vt 0.375 0.25
vt 0.125 0.25
vt 0.8154 0.3371
vt 0.83972 0.3355
vt 0.85078 0.09034
vt 0.80317 0.08807
usemtl mat0
f 1/1/1 2/2/1 3/3/1
f 1/1/1 3/3/1 4/4/1
f 5/1/2 6/2/2 7/3/2
f 5/1/2 7/3/2 8/4/2
f 9/1/3 10/2/3 11/3/3
f 9/1/3 11/3/3 12/4/3
f 13/1/4 14/2/4 15/3/4
f 13/1/4 15/3/4 16/4/4
f 17/5/5 18/6/5 19/7/5
f 17/5/5 19/7/5 20/8/5
f 21/9/6 22/10/6 23/11/6
f 21/9/6 23/11/6 24/12/6
# Vertices: 24, normals: 6, texture coordinates: 12, faces: 12

o obj2
v -0.28998864 -0.00101227 -6.15353021
v -0.28998864 1.09028488 -6.15353021
v -0.28998864 1.09028488 -6.40435094
v -0.28998864 -0.00101227 -6.40435094
v 0 -0.00101227 -6.40435094
v 0 1.09028488 -6.40435094
v 0.28998864 1.09028488 -6.40435094
v 0.28998864 -0.00101227 -6.40435094
v 0.28998864 -0.00101227 -5.65188876
v 0.28998864 1.09028488 -5.65188876
v 0.28998864 1.09028488 -5.40106803
v 0.28998864 -0.00101227 -5.40106803
v 0 -0.00101227 -5.40106803
v 0 1.09028488 -5.40106803
v -0.28998864 1.09028488 -5.40106803
v -0.28998864 -0.00101227 -5.40106803
v 0 -0.00101227 -5.65188876
v 0.28998864 -0.00101227 -5.65188876
v 0.28998864 -0.00101227 -5.40106803
v 0 -0.00101227 -5.40106803
v 0 1.09028488 -5.65188876
v -0.28998864 1.09028488 -5.65188876
v -0.28998864 1.09028488 -5.40106803
v 0 1.09028488 -5.40106803
v 0 1.09028488 -6.40435094
v -0.28998864 1.09028488 -6.40435094
v -0.28998864 1.09028488 -6.15353021
v 0 1.09028488 -6.15353021
v 0 1.09028488 -6.15353021
v -0.28998864 1.09028488 -6.15353021
v -0.28998864 1.09028488 -5.90270948
v 0 1.09028488 -5.90270948
v 0 1.09028488 -5.90270948
v -0.28998864 1.09028488 -5.90270948
v -0.28998864 1.09028488 -5.65188876
v 0 1.09028488 -5.65188876
v 0 -0.00101227 -6.40435094
v 0.28998864 -0.00101227 -6.40435094
v 0.28998864 -0.00101227 -6.15353021
v 0 -0.00101227 -6.15353021
v 0.28998864 -0.00101227 -5.90270948
v 0 -0.00101227 -5.90270948
v 0.28998864 -0.00101227 -6.40435094
v 0.28998864 1.09028488 -6.40435094
v 0.28998864 1.09028488 -6.15353021
v 0.28998864 -0.00101227 -6.15353021
v 0.28998864 -0.00101227 -6.15353021
v 0.28998864 1.09028488 -6.15353021
v 0.28998864 1.09028488 -5.90270948
v 0.28998864 -0.00101227 -5.90270948
v 0.28998864 -0.00101227 -5.90270948
v 0.28998864 1.09028488 -5.90270948
v 0.28998864 1.09028488 -5.65188876
v 0.28998864 -0.00101227 -5.65188876
v -0.28998864 -0.00101227 -5.40106803
v -0.28998864 1.09028488 -5.40106803
v -0.28998864 1.09028488 -5.65188876
v -0.28998864 -0.00101227 -5.65188876
v -0.28998864 -0.00101227 -5.65188876
v -0.28998864 1.09028488 -5.65188876
v -0.28998864 1.09028488 -5.90270948
v -0.28998864 -0.00101227 -5.90270948
v -0.28998864 -0.00101227 -5.90270948
v -0.28998864 1.09028488 -5.90270948
v -0.28998864 1.09028488 -6.15353021
v -0.28998864 -0.00101227 -6.15353021
v -0.28998864 -0.00101227 -5.90270948
v -0.28998864 -0.00101227 -5.65188876
v -0.28998864 -0.00101227 -6.15353021
v -0.28998864 -0.00101227 -6.40435094
v 0.28998864 1.09028488 -5.90270948
v 0 1.09028488 -5.90270948
v 0 1.09028488 -5.65188876
v 0.28998864 1.09028488 -5.65188876
v 0.28998864 1.09028488 -6.15353021
v 0 1.09028488 -6.15353021
v 0 1.09028488 -5.90270948
v 0.28998864 1.09028488 -5.90270948
v 0.28998864 1.09028488 -6.40435094
v 0 1.09028488 -6.40435094
v 0 1.09028488 -6.15353021
v 0.28998864 1.09028488 -6.15353021
v 0.28998864 1.09028488 -5.65188876
v 0 1.09028488 -5.65188876
v 0 1.09028488 -5.40106803
v 0.28998864 1.09028488 -5.40106803
v -0.28998864 -0.00101227 -5.40106803
v 0.28998864 -0.00101227 -5.40106803
v 0.28998864 1.09028488 -5.40106803
v 0 1.09028488 -5.40106803
v 0 -0.00101227 -5.40106803
v -0.28998864 -0.00101227 -6.40435094
v -0.28998864 1.09028488 -6.40435094
v 0 1.09028488 -6.40435094
v 0 -0.00101227 -6.40435094
vn -1 0 0
vn 0 0 -1
vn 1 0 0
vn 0 0 1
vn 0 -1 -0
vn 0 1 0
vt 0.75941 0.99548
vt 0.75175 0.35896
vt 0.55509 0.35973
vt 0.56274 0.99624
vt 0.25 0.3125
vt 0.375 0.3125
vt 0.375 0.25
vt 0.25 0.25
vt 0.02609 0.01735
vt 0.0312 0.07338
vt 0.11369 0.07338
vt 0.10859 0.01735
vt 0.25 0.5
vt 0.375 0.5
vt 0.375 0.4375
vt 0.25 0.4375
vt 0.375 0.375
vt 0.25 0.375
vt 0.125 0.375
vt 0.125 0.3125
vt 0.125 0.4375
vt 0.125 0.5
vt 0.125 0.25
usemtl mat1
f 25/13/7 26/14/7 27/15/7
f 25/13/7 27/15/7 28/16/7
f 29/13/8 30/14/8 31/15/8
f 29/13/8 31/15/8 32/16/8
f 33/13/9 34/14/9 35/15/9
f 33/13/9 35/15/9 36/16/9
f 37/13/10 38/14/10 39/15/10
f 37/13/10 39/15/10 40/16/10
f 41/17/11 42/18/11 43/19/11
f 41/17/11 43/19/11 44/20/11
f 45/21/12 46/22/12 47/23/12
f 45/21/12 47/23/12 48/24/12
f 49/21/12 50/22/12 51/23/12
f 49/21/12 51/23/12 52/24/12
f 53/21/12 54/22/12 55/23/12
f 53/21/12 55/23/12 56/24/12
f 57/21/12 58/22/12 59/23/12
f 57/21/12 59/23/12 60/24/12
f 61/25/11 62/26/11 63/27/11
f 61/25/11 63/27/11 64/28/11
f 64/28/11 63/27/11 65/29/11
f 64/28/11 65/29/11 66/30/11
f 66/30/11 65/29/11 42/18/11
f 66/30/11 42/18/11 41/17/11
f 67/13/9 68/14/9 69/15/9
f 67/13/9 69/15/9 70/16/9
f 71/13/9 72/14/9 73/15/9
f 71/13/9 73/15/9 74/16/9
f 75/13/9 76/14/9 77/15/9
f 75/13/9 77/15/9 78/16/9
f 79/13/7 80/14/7 81/15/7
f 79/13/7 81/15/7 82/16/7
f 83/13/7 84/14/7 85/15/7
f 83/13/7 85/15/7 86/16/7
f 87/13/7 88/14/7 89/15/7
f 87/13/7 89/15/7 90/16/7
f 91/31/11 66/30/11 41/17/11
f 91/31/11 41/17/11 92/32/11
f 93/33/11 64/28/11 66/30/11
f 93/33/11 66/30/11 91/31/11
f 94/34/11 61/25/11 64/28/11
f 94/34/11 64/28/11 93/33/11
f 95/21/12 96/22/12 97/23/12
f 95/21/12 97/23/12 98/24/12
f 99/21/12 100/22/12 101/23/12
f 99/21/12 101/23/12 102/24/12
f 103/21/12 104/22/12 105/23/12
f 103/21/12 105/23/12 106/24/12
f 107/21/12 108/22/12 109/23/12
f 107/21/12 109/23/12 110/24/12
f 92/32/11 41/17/11 44/20/11
f 92/32/11 44/20/11 111/35/11
f 112/13/10 113/14/10 114/15/10
f 112/13/10 114/15/10 115/16/10
f 116/13/8 117/14/8 118/15/8
f 116/13/8 118/15/8 119/16/8
# Vertices: 95, normals: 6, texture coordinates: 23, faces: 56

o obj3
v -0.21551923 -0.00560057 -6.85994454
v -0.21551923 1.22523993 -6.85994454
v -0.21551923 1.22523993 -7.29098301
v -0.21551923 -0.00560057 -7.29098301
v 0 1.22523993 -7.29098301
v 0.21551923 1.22523993 -7.29098301
v 0.21551923 1.22523993 -7.52995447
v 0 1.22523993 -7.52995447
v 0.21551923 -0.00560057 -7.29098301
v 0.21551923 1.22523993 -7.29098301
v 0.21551923 1.22523993 -6.85994454
v 0.21551923 -0.00560057 -6.85994454
v 0 -0.00560057 -6.85994454
v 0 1.22523993 -6.85994454
v -0.21551923 1.22523993 -6.85994454
v -0.21551923 -0.00560057 -6.85994454
v 0 -0.00560057 -7.29098301
v 0.21551923 -0.00560057 -7.29098301
v 0.21551923 -0.00560057 -6.85994454
v 0 -0.00560057 -6.85994454
v -0.21551923 1.22523993 -7.29098301
v -0.21551923 1.22523993 -6.85994454
v 0 1.22523993 -6.85994454
v 0.21551923 1.22523993 -7.29098301
v 0 1.22523993 -7.29098301
v 0 1.22523993 -6.85994454
v 0.21551923 1.22523993 -6.85994454
v -0.21551923 -0.00560057 -7.29098301
v -0.21551923 -0.00560057 -6.85994454
v 0.21551923 -0.00560057 -6.85994454
v 0.21551923 1.22523993 -6.85994454
v 0 1.22523993 -6.85994454
v 0 -0.00560057 -6.85994454
v -0.21551923 -0.00560057 -7.29098301
v -0.21551923 1.22523993 -7.29098301
v 0 1.22523993 -7.29098301
v 0 -0.00560057 -7.29098301
v 0 -0.00560057 -7.52995447
v 0 1.22523993 -7.52995447
v 0.21551923 1.22523993 -7.52995447
v 0.21551923 -0.00560057 -7.52995447
v 0 -0.00560057 -7.52995447
v 0.21551923 -0.00560057 -7.52995447
v 0 -0.00560057 -7.29098301
v 0 1.22523993 -7.29098301
v 0 1.22523993 -7.52995447
v 0 -0.00560057 -7.52995447
v 0.21551923 1.22523993 -7.29098301
v 0.21551923 -0.00560057 -7.29098301
v 0.21551923 -0.00560057 -7.52995447
v 0.21551923 1.22523993 -7.52995447
vn -1 0 0
vn 0 1 -0
vn 1 0 0
vn 0 0 1
vn 0 -1 -0
vn 0 0 -1
vt 0.36415 0.9945
vt 0.36415 0.00659
vt 0.00601 0.00659
vt 0.00601 0.9945
vt 0.00428 0.08934
vt 0.13055 0.08934
vt 0.13055 0.00227
vt 0.00428 0.00227
vt 0.1793 0.9945
vt 0.1793 0.00659
vt 0.51236 0.80896
vt 0.63864 0.80896
vt 0.63864 0.46438
vt 0.51236 0.46438
vt 0.38609 0.80896
vt 0.38609 0.46438
vt 0.17405 0.00659
vt 0.17405 0.9945
vt 0.01839 0.99453
vt 0.01452 0.00738
vt 0.1389 0.00738
vt 0.14278 0.99453
vt 0.51236 1
vt 0.63864 1
vt 0.14278 0.99453
vt 0.0003 0.99453
vt -0.00358 0.00738
usemtl mat2
f 120/36/13 121/37/13 122/38/13
f 120/36/13 122/38/13 123/39/13
f 124/40/14 125/41/14 126/42/14
f 124/40/14 126/42/14 127/43/14
f 128/36/15 129/37/15 130/38/15
f 128/36/15 130/38/15 131/39/15
f 132/44/16 133/45/16 134/38/16
f 132/44/16 134/38/16 135/39/16
f 136/46/17 137/47/17 138/48/17
f 136/46/17 138/48/17 139/49/17
f 124/40/14 140/41/14 141/42/14
f 124/40/14 141/42/14 142/43/14
f 143/40/14 144/41/14 145/42/14
f 143/40/14 145/42/14 146/43/14
f 147/50/17 136/46/17 139/49/17
f 147/50/17 139/49/17 148/51/17
f 149/36/16 150/37/16 151/52/16
f 149/36/16 151/52/16 152/53/16
f 153/54/18 154/55/18 155/56/18
f 153/54/18 155/56/18 156/57/18
f 157/54/18 158/55/18 159/56/18
f 157/54/18 159/56/18 160/57/18
f 137/47/17 136/46/17 161/58/17
f 137/47/17 161/58/17 162/59/17
f 163/54/13 164/55/13 165/56/13
f 163/54/13 165/56/13 166/57/13
f 167/56/15 168/60/15 169/61/15
f 167/56/15 169/61/15 170/62/15
# Vertices: 51, normals: 6, texture coordinates: 27, faces: 28

o obj4
v -0.2455886 0.00420725 -3.30954599
v -0.2455886 1.79073691 -3.30954599
v -0.2455886 1.79073691 -4.00116634
v -0.2455886 0.00420725 -4.00116634
v -0.01009268 0.00420725 -4.00116634
v -0.01009268 1.79073691 -4.00116634
v 0.2455886 1.79073691 -4.00116634
v 0.2455886 0.00420725 -4.00116634
v 0.2455886 0.00420725 -4.00116634
v 0.2455886 1.79073691 -4.00116634
v 0.2455886 1.79073691 -3.30954599
v 0.2455886 0.00420725 -3.30954599
v -0.01009268 0.00420725 -3.30954599
v -0.01009268 1.79073691 -3.30954599
v -0.2455886 1.79073691 -3.30954599
v -0.2455886 0.00420725 -3.30954599
v -0.01009268 0.00420725 -4.00116634
v 0.2455886 0.00420725 -4.00116634
v 0.2455886 0.00420725 -3.30954599
v -0.01009268 0.00420725 -3.30954599
v -0.01009268 1.79073691 -4.00116634
v -0.2455886 1.79073691 -4.00116634
v -0.2455886 1.79073691 -3.30954599
v -0.01009268 1.79073691 -3.30954599
v 0.2455886 1.79073691 -4.00116634
v 0.2455886 1.79073691 -3.30954599
v -0.2455886 0.00420725 -4.00116634
v -0.2455886 0.00420725 -3.30954599
v 0.2455886 0.00420725 -3.14358217
v -0.01009268 0.00420725 -3.14358217
v -0.2455886 0.00420725 -4.00116634
v -0.2455886 1.79073691 -4.00116634
v -0.2455886 1.79073691 -4.13351794
v -0.2455886 0.00420725 -4.13351794
v -0.2455886 0.00420725 -4.13351794
v -0.2455886 1.79073691 -4.13351794
v -0.01009268 1.79073691 -4.13351794
v -0.01009268 0.00420725 -4.13351794
v -0.01009268 1.79073691 -4.00116634
v -0.01009268 0.00420725 -4.00116634
v -0.01009268 0.00420725 -4.13351794
v -0.01009268 1.79073691 -4.13351794
v -0.2455886 0.00420725 -4.13351794
v -0.01009268 0.00420725 -4.13351794
v -0.2455886 1.79073691 -4.00116634
v -0.01009268 1.79073691 -4.00116634
v -0.01009268 1.79073691 -4.13351794
v -0.2455886 1.79073691 -4.13351794
v 0.2455886 0.00420725 -3.14358217
v 0.2455886 1.79073691 -3.14358217
v -0.01009268 1.79073691 -3.14358217
v -0.01009268 0.00420725 -3.14358217
v 0.2455886 1.79073691 -3.30954599
v -0.01009268 1.79073691 -3.30954599
v -0.01009268 1.79073691 -3.14358217
v 0.2455886 1.79073691 -3.14358217
v 0.2455886 0.00420725 -3.30954599
v 0.2455886 1.79073691 -3.30954599
v 0.2455886 1.79073691 -3.14358217
v 0.2455886 0.00420725 -3.14358217
v -0.01009268 1.79073691 -3.30954599
v -0.01009268 0.00420725 -3.30954599
v -0.01009268 0.00420725 -3.14358217
v -0.01009268 1.79073691 -3.14358217
vn -1 0 0
vn 0 0 -1
vn 1 0 0
vn 0 0 1
vn 0 -1 -0
vn 0 1 0
vt 0.82356 0.85882
vt 0.82491 0.00019
vt 0.32458 0.00019
vt 0.32323 0.85882
vt 0.1616 0.9968
vt 0.1616 0.00079
vt 0 0.00079
vt 0 0.9968
vt 0.14884 0.9968
vt 0.14884 0.00079
vt 0.49315 0.64913
vt 0.66667 0.64913
vt 0.66667 0.35087
vt 0.49315 0.35087
vt 0.08238 0.35087
vt 0.15825 0.35087
vt 0.15825 0.05261
vt 0.08238 0.05261
vt 0 0.35087
vt 0 0.05261
vt 0.33333 0.64913
vt 0.33333 0.35087
vt 0.31044 0.9968
vt 0.31044 0.00079
vt 0.14884 0.00079
vt 0.14884 0.9968
vt 0 0.9968
usemtl mat3
f 171/63/19 172/64/19 173/65/19
f 171/63/19 173/65/19 174/66/19
f 175/67/20 176/68/20 177/69/20
f 175/67/20 177/69/20 178/70/20
f 179/63/21 180/64/21 181/65/21
f 179/63/21 181/65/21 182/66/21
f 183/71/22 184/72/22 185/69/22
f 183/71/22 185/69/22 186/70/22
f 187/73/23 188/74/23 189/75/23
f 187/73/23 189/75/23 190/76/23
f 191/77/24 192/78/24 193/79/24
f 191/77/24 193/79/24 194/80/24
f 195/81/24 191/77/24 194/80/24
f 195/81/24 194/80/24 196/82/24
f 197/83/23 187/73/23 190/76/23
f 197/83/23 190/76/23 198/84/23
f 190/76/23 189/75/23 199/75/23
f 190/76/23 199/75/23 200/76/23
f 201/85/19 202/86/19 203/68/19
f 201/85/19 203/68/19 204/67/19
f 205/85/20 206/86/20 207/68/20
f 205/85/20 207/68/20 208/67/20
f 209/67/21 210/68/21 211/69/21
f 209/67/21 211/69/21 212/70/21
f 187/73/23 197/83/23 213/83/23
f 187/73/23 213/83/23 214/73/23
f 215/77/24 216/78/24 217/79/24
f 215/77/24 217/79/24 218/80/24
f 219/85/22 220/86/22 221/72/22
f 219/85/22 221/72/22 222/71/22
f 223/77/24 224/78/24 225/79/24
f 223/77/24 225/79/24 226/80/24
f 227/85/21 228/86/21 229/72/21
f 227/85/21 229/72/21 230/71/21
f 231/87/19 232/88/19 233/89/19
f 231/87/19 233/89/19 234/69/19
# Vertices: 64, normals: 6, texture coordinates: 27, faces: 36

o obj5
v -0.23467684 -0.00130099 -7.89127862
v -0.23467684 1.11163926 -7.89127862
v -0.23467684 1.11163926 -9.19846022
v -0.23467684 -0.00130099 -9.19846022
v -0.23467684 -0.00130099 -9.19846022
v -0.23467684 1.11163926 -9.19846022
v 0.23467684 1.11163926 -9.19846022
v 0.23467684 -0.00130099 -9.19846022
v 0.23467684 -0.00130099 -9.19846022
v 0.23467684 1.11163926 -9.19846022
v 0.23467684 1.11163926 -7.89127862
v 0.23467684 -0.00130099 -7.89127862
v 0.23467684 -0.00130099 -7.89127862
v 0.23467684 1.11163926 -7.89127862
v -0.23467684 1.11163926 -7.89127862
v -0.23467684 -0.00130099 -7.89127862
v -0.23467684 -0.00130099 -9.19846022
v 0.23467684 -0.00130099 -9.19846022
v 0.23467684 -0.00130099 -7.89127862
v -0.23467684 -0.00130099 -7.89127862
v 0.23467684 1.11163926 -9.19846022
v -0.23467684 1.11163926 -9.19846022
v -0.23467684 1.11163926 -7.89127862
v 0.23467684 1.11163926 -7.89127862
vn -1 0 0
vn 0 0 -1
vn 1 0 0
vn 0 0 1
vn 0 -1 -0
vn 0 1 0
vt 0.48401 1.00351
vt 0.48401 0.04859
vt 0.0039 0.03082
vt 0.0039 1.00351
vt 0.48401 0.03566
vt 0.99944 1.00351
vt 0.99944 0.04859
vt 0.125 0.5
vt 0.375 0.5
vt 0.375 0.25
vt 0.125 0.25
vt 0.71696 0.0231
vt 0.71696 0.12306
vt 0.89981 0.12916
vt 0.89981 0.03226
usemtl mat4
f 235/90/25 236/91/25 237/92/25
f 235/90/25 237/92/25 238/93/25
f 239/90/26 240/94/26 241/92/26
f 239/90/26 241/92/26 242/93/26
f 243/95/27 244/96/27 245/92/27
f 243/95/27 245/92/27 246/93/27
f 247/90/28 248/94/28 249/92/28
f 247/90/28 249/92/28 250/93/28
f 251/97/29 252/98/29 253/99/29
f 251/97/29 253/99/29 254/100/29
f 255/101/30 256/102/30 257/103/30
f 255/101/30 257/103/30 258/104/30
# Vertices: 24, normals: 6, texture coordinates: 15, faces: 12

o obj6
v -0.20620929 0.01445699 -2.65626037
v -0.20620929 1.84885252 -2.65626037
v 0.39175558 1.84885252 -2.65626037
v 0.39175558 0.01445699 -2.65626037
v 0.20620929 0.01445699 -1.54213965
v 0.20620929 1.84885252 -1.54213965
v -0.39175558 1.84885252 -1.54213965
v -0.39175558 0.01445699 -1.54213965
v -0.39175558 0.01445699 -1.54213965
v -0.39175558 1.84885252 -1.54213965
v -0.39175558 1.84885252 -2.39242116
v -0.39175558 0.01445699 -2.39242116
v 0.39175558 0.01445699 -2.65626037
v 0.39175558 1.84885252 -2.65626037
v 0.39175558 1.84885252 -1.80597886
v 0.39175558 0.01445699 -1.80597886
v -0.20620929 1.84885252 -2.65626037
v -0.20620929 0.01445699 -2.65626037
v -0.39175558 0.01445699 -2.39242116
v -0.39175558 1.84885252 -2.39242116
v 0.20620929 1.84885252 -1.54213965
v 0.20620929 0.01445699 -1.54213965
v 0.39175558 0.01445699 -1.80597886
v 0.39175558 1.84885252 -1.80597886
v -0.39175558 1.84885252 -2.39242116
v 0.39175558 1.84885252 -2.65626037
v -0.20620929 1.84885252 -2.65626037
v 0.39175558 1.84885252 -1.80597886
v -0.39175558 1.84885252 -1.54213965
v 0.20620929 1.84885252 -1.54213965
v 0.39175558 0.01445699 -1.80597886
v -0.20620929 0.01445699 -2.65626037
v 0.39175558 0.01445699 -2.65626037
v -0.39175558 0.01445699 -2.39242116
v -0.39175558 0.01445699 -1.54213965
v 0.20620929 0.01445699 -1.54213965
vn 0 0 -1
vn 0 0 1
vn -1 0 0
vn 1 0 0
vn -0.70711 0 -0.70711
vn 0.70711 0 0.70711
vn 0 1 -0
vn 0 -1 -0
vt 0.97821 0.88212
vt 0.97821 0.0302
vt 0.58416 0.0302
vt 0.58416 0.88212
vt 0.57158 0.89838
vt 0.57158 0.02264
vt 0.13098 0.02264
vt 0.13098 0.89838
vt 0.14171 0.01497
vt 0.14171 0.89643
vt 0.00498 0.89643
vt 0.00498 0.01497
vt 0.16219 0.14227
vt 0.07654 0.16255
vt 0.1419 0.16255
vt 0.07654 0.09718
vt 0.16219 0.0769
vt 0.09682 0.0769
vt 0.375 0.3092
vt 0.1842 0.5
vt 0.375 0.5
vt 0.125 0.4408
vt 0.125 0.25
vt 0.3158 0.25
usemtl mat5
f 259/105/31 260/106/31 261/107/31
f 259/105/31 261/107/31 262/108/31
f 263/105/32 264/106/32 265/107/32
f 263/105/32 265/107/32 266/108/32
f 267/109/33 268/110/33 269/111/33
f 267/109/33 269/111/33 270/112/33
f 271/109/34 272/110/34 273/111/34
f 271/109/34 273/111/34 274/112/34
f 275/113/35 276/114/35 277/115/35
f 275/113/35 277/115/35 278/116/35
f 279/113/36 280/114/36 281/115/36
f 279/113/36 281/115/36 282/116/36
f 283/117/37 284/118/37 285/119/37
f 284/118/37 283/117/37 286/120/37
f 286/120/37 283/117/37 287/121/37
f 286/120/37 287/121/37 288/122/37
f 289/123/38 290/124/38 291/125/38
f 290/124/38 289/123/38 292/126/38
f 292/126/38 289/123/38 293/127/38
f 293/127/38 289/123/38 294/128/38
# Vertices: 36, normals: 8, texture coordinates: 24, faces: 20

o obj7
v -2.26179188 0.01323497 0.24856234
v -2.26179188 3.21122634 0.24856234
v -2.81790286 3.21122634 0.24856234
v -2.81790286 0.01323497 0.24856234
v -2.81790286 0.01323497 0.24856234
v -2.81790286 3.21122634 0.24856234
v -2.81790286 3.21122634 -0.30754864
v -2.81790286 0.01323497 -0.30754864
v -2.81790286 0.01323497 -0.30754864
v -2.81790286 3.21122634 -0.30754864
v -2.26179188 3.21122634 -0.30754864
v -2.26179188 0.01323497 -0.30754864
v -2.26179188 0.01323497 -0.30754864
v -2.26179188 3.21122634 -0.30754864
v -2.26179188 3.21122634 0.24856234
v -2.26179188 0.01323497 0.24856234
v -2.81790286 0.01323497 0.24856234
v -2.81790286 0.01323497 -0.30754864
v -2.26179188 0.01323497 -0.30754864
v -2.26179188 0.01323497 0.24856234
v -2.81790286 3.21122634 -0.30754864
v -2.81790286 3.21122634 0.24856234
v -2.26179188 3.21122634 0.24856234
v -2.26179188 3.21122634 -0.30754864
vn -1 0 0
vn 0 0 -1
vn 1 0 0
vn 0 0 1
vn 0 -1 -0
vn 0 1 0
vt 0.95408 0.97458
vt 0.97932 0.0152
vt 0.0375 0.01371
vt 0.02909 0.97756
vt 0.125 0.5
vt 0.375 0.5
vt 0.375 0.25
vt 0.125 0.25
vt 0.14534 0.00521
vt 0.14534 0.09393
vt 0.84985 0.09393
vt 0.84985 0.00521
usemtl mat6
f 295/129/39 296/130/39 297/131/39
f 295/129/39 297/131/39 298/132/39
f 299/129/40 300/130/40 301/131/40
f 299/129/40 301/131/40 302/132/40
f 303/129/41 304/130/41 305/131/41
f 303/129/41 305/131/41 306/132/41
f 307/129/42 308/130/42 309/131/42
f 307/129/42 309/131/42 310/132/42
f 311/133/43 312/134/43 313/135/43
f 311/133/43 313/135/43 314/136/43
f 315/137/44 316/138/44 317/139/44
f 315/137/44 317/139/44 318/140/44
# Vertices: 24, normals: 6, texture coordinates: 12, faces: 12

o obj8
v -3.61688879 4.15016359 -0.30305667
v -4.18050551 3.58506006 -0.31542069
v -3.60865045 3.58005804 -0.31542069
v -3.61688879 4.15016359 0.26879838
v -3.60865045 3.58005804 0.25643438
v -4.18050551 3.58506006 0.25643438
v -3.60865045 -0.00894123 0.25643438
v -3.60865045 3.58005804 0.25643438
v -4.18050551 3.58506006 0.25643438
v -4.18050551 -0.00894123 0.25643438
v -4.18050551 -0.00894123 0.25643438
v -4.18050551 3.58506006 0.25643438
v -4.18050551 3.58506006 -0.31542069
v -4.18050551 -0.00894123 -0.31542069
v -4.18050551 -0.00894123 -0.31542069
v -4.18050551 3.58506006 -0.31542069
v -3.60865045 3.58005804 -0.31542069
v -3.60865045 -0.00894123 -0.31542069
v -3.60865045 -0.00894123 -0.31542069
v -3.60865045 3.58005804 -0.31542069
v -3.60865045 3.58005804 0.25643438
v -3.60865045 -0.00894123 0.25643438
v -4.18050551 -0.00894123 0.25643438
v -4.18050551 -0.00894123 -0.31542069
v -3.60865045 -0.00894123 -0.31542069
v -3.60865045 -0.00894123 0.25643438
v -4.18050551 3.58506006 -0.31542069
v -4.18050551 3.58506006 0.25643438
v -3.60865045 3.58005804 0.25643438
v -3.60865045 3.58005804 -0.31542069
v -3.60865045 3.58005804 -0.31542069
v -3.60865045 3.58005804 0.25643438
v -3.61688879 4.15016359 0.26879838
v -3.61688879 4.15016359 -0.30305667
v -3.61688879 4.15016359 0.26879838
v -4.18050551 3.58506006 0.25643438
v -4.18050551 3.58506006 -0.31542069
v -3.61688879 4.15016359 -0.30305667
vn -0.99714 -0.07564 -0.00019
vn 0.99714 0.07564 0.00019
vn -1 0 0
vn 0 0 -1
vn 1 0 0
vn 0 0 1
vn 0 -1 -0
vn 0 1 0.0025
vn 0 -0.05047 -0.99873
vn 0 -0.96128 0.27558
vt 0.61623 0.36132
vt 0.87445 0.35781
vt 0.61936 0.02651
vt 0.62591 0.09712
vt 0.62599 0.49167
vt 0.89387 0.49674
vt 0.87383 1.00008
vt 0.86608 0.04244
vt 0.57723 0.01789
vt 0.57336 1.00008
vt 0.125 0.5
vt 0.375 0.5
vt 0.375 0.25
vt 0.125 0.25
vt 0.33133 0.02729
vt 0.02652 0.57583
vt 0.42767 0.57407
vt 0.625 0.25
vt 0.88584 0.04692
vt 0.61429 0.02566
vt 0.60838 0.17674
vt 0.87698 0.19532
vt 0.54998 0.97318
vt 0.55305 0.59007
vt 0.0076 0.59007
vt 0.00452 0.97318
usemtl mat7
f 319/141/45 320/142/45 321/143/45
f 322/144/46 323/145/46 324/146/46
f 325/147/47 326/148/47 327/149/47
f 325/147/47 327/149/47 328/150/47
f 329/147/48 330/148/48 331/149/48
f 329/147/48 331/149/48 332/150/48
f 333/147/49 334/148/49 335/149/49
f 333/147/49 335/149/49 336/150/49
f 337/147/50 338/148/50 339/149/50
f 337/147/50 339/149/50 340/150/50
f 341/151/51 342/152/51 343/153/51
f 341/151/51 343/153/51 344/154/51
f 345/155/52 346/156/52 347/157/52
f 345/155/52 347/157/52 348/158/52
f 349/159/53 350/160/53 351/161/53
f 349/159/53 351/161/53 352/162/53
f 353/163/54 354/164/54 355/165/54
f 353/163/54 355/165/54 356/166/54
# Vertices: 38, normals: 10, texture coordinates: 26, faces: 18

o obj9
v -5.52035135 1.92181307 -0.02949315
v -5.52035135 3.68530476 -0.02949315
v -5.42912237 3.68530476 -0.24973939
v -5.42912237 1.92181307 -0.24973939
v -5.42912237 1.92181307 -0.24973939
v -5.42912237 3.68530476 -0.24973939
v -5.20887612 3.68530476 -0.34096837
v -5.20887612 1.92181307 -0.34096837
v -5.20887612 1.92181307 -0.34096837
v -5.20887612 3.68530476 -0.34096837
v -4.9886299 3.68530476 -0.24973939
v -4.9886299 1.92181307 -0.24973939
v -4.9886299 1.92181307 -0.24973939
v -4.9886299 3.68530476 -0.24973939
v -4.89740092 3.68530476 -0.02949313
v -4.89740092 1.92181307 -0.02949313
v -4.89740092 1.92181307 -0.02949313
v -4.89740092 3.68530476 -0.02949313
v -4.98862988 3.68530476 0.19075306
v -4.98862988 1.92181307 0.19075306
v -4.98862988 1.92181307 0.19075306
v -4.98862988 3.68530476 0.19075306
v -5.20887614 3.68530476 0.28198206
v -5.20887614 1.92181307 0.28198206
v -5.20887614 1.92181307 0.28198206
v -5.20887614 3.68530476 0.28198206
v -5.42912235 3.68530476 0.19075312
v -5.42912235 1.92181307 0.19075312
v -5.42912235 1.92181307 0.19075312
v -5.42912235 3.68530476 0.19075312
v -5.52035135 3.68530476 -0.02949315
v -5.52035135 1.92181307 -0.02949315
v -5.42912235 0.02088225 0.19075312
v -5.42912235 1.92181307 0.19075312
v -5.52035135 1.92181307 -0.02949315
v -5.52035135 0.02088225 -0.02949315
v -5.20887614 0.02088225 0.28198206
v -5.20887614 1.92181307 0.28198206
v -5.42912235 1.92181307 0.19075312
v -5.42912235 0.02088225 0.19075312
v -4.98862988 0.02088225 0.19075306
v -4.98862988 1.92181307 0.19075306
v -5.20887614 1.92181307 0.28198206
v -5.20887614 0.02088225 0.28198206
v -4.89740092 0.02088225 -0.02949313
v -4.89740092 1.92181307 -0.02949313
v -4.98862988 1.92181307 0.19075306
v -4.98862988 0.02088225 0.19075306
v -4.9886299 0.02088225 -0.24973939
v -4.9886299 1.92181307 -0.24973939
v -4.89740092 1.92181307 -0.02949313
v -4.89740092 0.02088225 -0.02949313
v -5.20887612 0.02088225 -0.34096837
v -5.20887612 1.92181307 -0.34096837
v -4.9886299 1.92181307 -0.24973939
v -4.9886299 0.02088225 -0.24973939
v -5.42912237 0.02088225 -0.24973939
v -5.42912237 1.92181307 -0.24973939
v -5.20887612 1.92181307 -0.34096837
v -5.20887612 0.02088225 -0.34096837
v -5.52035135 0.02088225 -0.02949315
v -5.52035135 1.92181307 -0.02949315
v -5.42912237 1.92181307 -0.24973939
v -5.42912237 0.02088225 -0.24973939
v -5.42912235 3.68530476 0.19075312
v -5.42912237 3.68530476 -0.24973939
v -5.52035135 3.68530476 -0.02949315
v -5.20887612 3.68530476 -0.34096837
v -5.20887614 3.68530476 0.28198206
v -4.98862988 3.68530476 0.19075306
v -4.9886299 3.68530476 -0.24973939
v -4.89740092 3.68530476 -0.02949313
v -5.42912237 0.02088225 -0.24973939
v -5.42912235 0.02088225 0.19075312
v -5.52035135 0.02088225 -0.02949315
v -5.20887612 0.02088225 -0.34096837
v -5.20887614 0.02088225 0.28198206
v -4.98862988 0.02088225 0.19075306
v -4.9886299 0.02088225 -0.24973939
v -4.89740092 0.02088225 -0.02949313
vn 0.38268 0 -0.92388
vn 0.92388 0 -0.38268
vn 0.92388 0 0.38268
vn 0.38268 0 0.92388
vn -0.38268 0 0.92388
vn -0.92388 0 0.38268
vn -0.92388 0 -0.38268
vn -0.38268 0 -0.92388
vn -0.38268 0 -0.92388
vn -0.92388 0 0.38268
vn -0.38268 0 0.92388
vn 0.38268 0 0.92388
vn 0.92388 0 0.38268
vn 0.92388 0 -0.38268
vn 0.38268 0 -0.92388
vn 0 1 -0
vn 0 -1 -0
vt 0.99949 0.54276
vt 0.99546 0.02307
vt 0.68358 0.02111
vt 0.69241 0.54692
vt 0.99543 0.99205
vt 0.99953 0.46089
vt 0.68765 0.45893
vt 0.68834 0.99621
vt 0.24042 0.02216
vt 0.2426 0.06085
vt 0.27772 0.04106
vt 0.15563 0.06996
vt 0.15255 0.01524
vt 0.06557 0.02434
vt 0.06776 0.06303
vt 0.03045 0.04414
vt 0.91971 0.58029
vt 0.58029 0.58029
vt 0.75 0.51
vt 0.99 0.75
vt 0.51 0.75
vt 0.58029 0.91971
vt 0.91971 0.91971
vt 0.75 0.99
usemtl mat8
f 357/167/55 358/168/55 359/169/55
f 357/167/55 359/169/55 360/170/55
f 361/167/56 362/168/56 363/169/56
f 361/167/56 363/169/56 364/170/56
f 365/167/57 366/168/57 367/169/57
f 365/167/57 367/169/57 368/170/57
f 369/167/58 370/168/58 371/169/58
f 369/167/58 371/169/58 372/170/58
f 373/167/59 374/168/59 375/169/59
f 373/167/59 375/169/59 376/170/59
f 377/167/60 378/168/60 379/169/60
f 377/167/60 379/169/60 380/170/60
f 381/167/61 382/168/61 383/169/61
f 381/167/61 383/169/61 384/170/61
f 385/167/62 386/168/62 387/169/62
f 385/167/62 387/169/62 388/170/62
f 389/171/63 390/172/63 391/173/63
f 389/171/63 391/173/63 392/174/63
f 393/171/61 394/172/61 395/173/61
f 393/171/61 395/173/61 396/174/61
f 397/171/64 398/172/64 399/173/64
f 397/171/64 399/173/64 400/174/64
f 401/171/65 402/172/65 403/173/65
f 401/171/65 403/173/65 404/174/65
f 405/171/66 406/172/66 407/173/66
f 405/171/66 407/173/66 408/174/66
f 409/171/67 410/172/67 411/173/67
f 409/171/67 411/173/67 412/174/67
f 413/171/68 414/172/68 415/173/68
f 413/171/68 415/173/68 416/174/68
f 417/171/69 418/172/69 419/173/69
f 417/171/69 419/173/69 420/174/69
f 421/175/70 422/176/70 423/177/70
f 422/176/70 421/175/70 424/178/70
f 424/178/70 421/175/70 425/179/70
f 424/178/70 425/179/70 426/180/70
f 424/178/70 426/180/70 427/181/70
f 427/181/70 426/180/70 428/182/70
f 429/183/71 430/184/71 431/185/71
f 430/184/71 429/183/71 432/186/71
f 430/184/71 432/186/71 433/187/71
f 433/187/71 432/186/71 434/188/71
f 434/188/71 432/186/71 435/189/71
f 434/188/71 435/189/71 436/190/71
# Vertices: 80, normals: 17, texture coordinates: 24, faces: 44

o obj10
v -6.19031987 0.02088225 0.36198983
v -6.19031987 2.02088225 0.36198983
v -6.97328582 2.02088225 0.36198983
v -6.97328582 0.02088225 0.36198983
v -6.97328582 0.02088225 0.36198983
v -6.97328582 2.02088225 0.36198983
v -6.97328582 2.02088225 -0.42097613
v -6.97328582 0.02088225 -0.42097613
v -6.97328582 0.02088225 -0.42097613
v -6.97328582 2.02088225 -0.42097613
v -6.19031987 2.02088225 -0.42097613
v -6.19031987 0.02088225 -0.42097613
v -6.19031987 0.02088225 -0.42097613
v -6.19031987 2.02088225 -0.42097613
v -6.19031987 2.02088225 0.36198983
v -6.19031987 0.02088225 0.36198983
v -6.97328582 0.02088225 0.36198983
v -6.97328582 0.02088225 -0.42097613
v -6.19031987 0.02088225 -0.42097613
v -6.19031987 0.02088225 0.36198983
v -6.97328582 2.02088225 -0.42097613
v -6.97328582 2.02088225 0.36198983
v -6.19031987 2.02088225 0.36198983
v -6.19031987 2.02088225 -0.42097613
vn -1 0 0
vn 0 0 -1
vn 1 0 0
vn 0 0 1
vn 0 -1 -0
vn 0 1 0
vt 0.99131 0.52917
vt 0.98941 0.00503
vt 0.74467 0.00503
vt 0.74657 0.52917
vt 0.125 0.5
vt 0.375 0.5
vt 0.375 0.25
vt 0.125 0.25
vt 0.80676 0.00348
vt 0.80676 0.18413
vt 0.94427 0.18413
vt 0.94427 0.00348
usemtl mat9
f 437/191/72 438/192/72 439/193/72
f 437/191/72 439/193/72 440/194/72
f 441/191/73 442/192/73 443/193/73
f 441/191/73 443/193/73 444/194/73
f 445/191/74 446/192/74 447/193/74
f 445/191/74 447/193/74 448/194/74
f 449/191/75 450/192/75 451/193/75
f 449/191/75 451/193/75 452/194/75
f 453/195/76 454/196/76 455/197/76
f 453/195/76 455/197/76 456/198/76
f 457/199/77 458/200/77 459/201/77
f 457/199/77 459/201/77 460/202/77
# Vertices: 24, normals: 6, texture coordinates: 12, faces: 12

o obj11
v -7.75035334 0.00941169 0.26333633
v -7.75035334 2.8192395 0.26333633
v -8.64028311 2.8192395 0.26333633
v -8.64028311 0.00941169 0.26333633
v -8.64028311 0.00941169 0.26333633
v -8.64028311 2.8192395 0.26333633
v -8.64028311 2.8192395 -0.32232264
v -8.64028311 0.00941169 -0.32232264
v -8.64028311 0.00941169 -0.32232264
v -8.64028311 2.8192395 -0.32232264
v -7.75035334 2.8192395 -0.32232264
v -7.75035334 0.00941169 -0.32232264
v -7.75035334 0.00941169 -0.32232264
v -7.75035334 2.8192395 -0.32232264
v -7.75035334 2.8192395 0.26333633
v -7.75035334 0.00941169 0.26333633
v -8.64028311 0.00941169 0.26333633
v -8.64028311 0.00941169 -0.32232264
v -7.75035334 0.00941169 -0.32232264
v -7.75035334 0.00941169 0.26333633
v -8.64028311 2.8192395 -0.32232264
v -8.64028311 2.8192395 0.26333633
v -7.75035334 2.8192395 0.26333633
v -7.75035334 2.8192395 -0.32232264
vn -1 0 0
vn 0 0 -1
vn 1 0 0
vn 0 0 1
vn 0 -1 -0
vn 0 1 0
vt 0.9886 0.50932
vt 0.99416 0.00333
vt 0.74801 0.00235
vt 0.74492 0.50985
vt 0.125 0.5
vt 0.375 0.5
vt 0.375 0.25
vt 0.125 0.25
vt 0.40921 0.14112
vt 0.39964 0.09441
vt 0.10274 0.09179
vt 0.11231 0.1385
usemtl mat10
f 461/203/78 462/204/78 463/205/78
f 461/203/78 463/205/78 464/206/78
f 465/203/79 466/204/79 467/205/79
f 465/203/79 467/205/79 468/206/79
f 469/203/80 470/204/80 471/205/80
f 469/203/80 471/205/80 472/206/80
f 473/203/81 474/204/81 475/205/81
f 473/203/81 475/205/81 476/206/81
f 477/207/82 478/208/82 479/209/82
f 477/207/82 479/209/82 480/210/82
f 481/211/83 482/212/83 483/213/83
f 481/211/83 483/213/83 484/214/83
# Vertices: 24, normals: 6, texture coordinates: 12, faces: 12

o obj12
v -9.94210055 3.52047652 0.2524813
v -9.39845573 3.26560873 0.22228362
v -9.94592342 3.25921696 0.25643453
v -9.94210083 3.52047652 -0.31937378
v -9.94592371 3.25921696 -0.31542054
v -9.39845602 3.26560873 -0.34957141
v -9.94592371 1.62513787 -0.31542054
v -9.94592371 3.25921696 -0.31542054
v -9.39845602 3.26560873 -0.34957141
v -9.38626235 1.62833375 -0.36739063
v -9.38626235 1.62833375 -0.36739063
v -9.39845602 3.26560873 -0.34957141
v -9.39845573 3.26560873 0.22228362
v -9.38626206 1.62833375 0.20446441
v -9.38626206 1.62833375 0.20446441
v -9.39845573 3.26560873 0.22228362
v -9.94592342 3.25921696 0.25643453
v -9.94592342 1.62513787 0.25643453
v -9.94592342 1.62513787 0.25643453
v -9.94592342 3.25921696 0.25643453
v -9.94592371 3.25921696 -0.31542054
v -9.94592371 1.62513787 -0.31542054
v -9.37406864 -0.00894123 -0.31542083
v -9.37406835 -0.00894123 0.25643424
v -9.94592342 -0.00894123 0.25643453
v -9.94592371 -0.00894123 -0.31542054
v -9.39845573 3.26560873 0.22228362
v -9.39845602 3.26560873 -0.34957141
v -9.94592371 3.25921696 -0.31542054
v -9.94592342 3.25921696 0.25643453
v -9.94592342 3.25921696 0.25643453
v -9.94592371 3.25921696 -0.31542054
v -9.94210083 3.52047652 -0.31937378
v -9.94210055 3.52047652 0.2524813
v -9.94210083 3.52047652 -0.31937378
v -9.39845602 3.26560873 -0.34957141
v -9.39845573 3.26560873 0.22228362
v -9.94210055 3.52047652 0.2524813
v -9.94592342 -0.00894123 0.25643453
v -9.94592342 1.62513787 0.25643453
v -9.94592371 1.62513787 -0.31542054
v -9.94592371 -0.00894123 -0.31542054
v -9.37406835 -0.00894123 0.25643424
v -9.38626206 1.62833375 0.20446441
v -9.94592342 1.62513787 0.25643453
v -9.94592342 -0.00894123 0.25643453
v -9.37406864 -0.00894123 -0.31542083
v -9.38626235 1.62833375 -0.36739063
v -9.38626206 1.62833375 0.20446441
v -9.37406835 -0.00894123 0.25643424
v -9.94592371 -0.00894123 -0.31542054
v -9.94592371 1.62513787 -0.31542054
v -9.38626235 1.62833375 -0.36739063
v -9.37406864 -0.00894123 -0.31542083
vn -0.99684 -0.04958 0.06202
vn 0.99684 0.04958 -0.06202
vn -0.99682 0.01798 0.07758
vn 0 0.02604 -0.99966
vn 0.99682 -0.01798 -0.07758
vn 0 0 1
vn 0 -1 -0
vn 0 0.99999 0.00334
vn 0 -0.05111 -0.99869
vn 0 -0.99114 0.13286
vn 0.99738 0.05601 -0.04576
vn -0.99738 -0.05601 0.04576
vt 0.30044 0.01078
vt 0.10379 0.00977
vt 0.10484 0.09003
vt 0.85994 0.55681
vt 0.86608 0.01638
vt 0.57723 0.01789
vt 0.56861 0.5552
vt 0.125 0.5
vt 0.375 0.5
vt 0.375 0.25
vt 0.125 0.25
vt 0.33133 0.02729
vt 0.02652 0.57583
vt 0.42767 0.57407
vt 0.625 0.25
vt 0.36907 0.00648
vt 0.08957 0.00685
vt 0.08631 0.08646
vt 0.36286 0.08341
vt 0.49904 0.09116
vt 0.50575 0.01259
vt 0.22814 0.01635
vt 0.22143 0.09492
vt 0.00294 0.27111
vt 0.01683 0.69543
vt 0.30568 0.69391
vt 0.29426 0.27272
usemtl mat11
f 485/215/84 486/216/84 487/217/84
f 488/215/85 489/216/85 490/217/85
f 491/218/86 492/219/86 493/220/86
f 491/218/86 493/220/86 494/221/86
f 495/218/87 496/219/87 497/220/87
f 495/218/87 497/220/87 498/221/87
f 499/218/88 500/219/88 501/220/88
f 499/218/88 501/220/88 502/221/88
f 503/218/89 504/219/89 505/220/89
f 503/218/89 505/220/89 506/221/89
f 507/222/90 508/223/90 509/224/90
f 507/222/90 509/224/90 510/225/90
f 511/226/91 512/227/91 513/228/91
f 511/226/91 513/228/91 514/229/91
f 515/230/92 516/231/92 517/232/92
f 515/230/92 517/232/92 518/233/92
f 519/234/93 520/235/93 521/236/93
f 519/234/93 521/236/93 522/237/93
f 523/238/89 524/239/89 525/240/89
f 523/238/89 525/240/89 526/241/89
f 527/238/94 528/239/94 529/240/94
f 527/238/94 529/240/94 530/241/94
f 531/238/87 532/239/87 533/240/87
f 531/238/87 533/240/87 534/241/87
f 535/238/95 536/239/95 537/240/95
f 535/238/95 537/240/95 538/241/95
# Vertices: 54, normals: 12, texture coordinates: 27, faces: 26

o obj13
v -0.13748074 4.04277531 3.00216785
v -0.13748074 4.14598354 3.00216785
v -0.12741327 4.14598354 3.00315941
v -0.12741327 4.04277531 3.00315941
v -0.12741327 4.04277531 3.00315941
v -0.12741327 4.14598354 3.00315941
v -0.11773269 4.14598354 3.00609599
v -0.11773269 4.04277531 3.00609599
v -0.11773269 4.04277531 3.00609599
v -0.11773269 4.14598354 3.00609599
v -0.10881102 4.14598354 3.01086472
v -0.10881102 4.04277531 3.01086472
v -0.10881102 4.04277531 3.01086472
v -0.10881102 4.14598354 3.01086472
v -0.10099111 4.14598354 3.01728235
v -0.10099111 4.04277531 3.01728235
v -0.10099111 4.04277531 3.01728235
v -0.10099111 4.14598354 3.01728235
v -0.09457348 4.14598354 3.02510226
v -0.09457348 4.04277531 3.02510226
v -0.09457348 4.04277531 3.02510226
v -0.09457348 4.14598354 3.02510226
v -0.08980475 4.14598354 3.03402393
v -0.08980475 4.04277531 3.03402393
v -0.08980475 4.04277531 3.03402393
v -0.08980475 4.14598354 3.03402393
v -0.08686818 4.14598354 3.04370451
v -0.08686818 4.04277531 3.04370451
v -0.08686818 4.04277531 3.04370451
v -0.08686818 4.14598354 3.04370451
v -0.08587662 4.14598354 3.05377197
v -0.08587662 4.04277531 3.05377197
v -0.08587662 4.04277531 3.05377197
v -0.08587662 4.14598354 3.05377197
v -0.08686818 4.14598354 3.06383944
v -0.08686818 4.04277531 3.06383944
v -0.08686818 4.04277531 3.06383944
v -0.08686818 4.14598354 3.06383944
v -0.08980475 4.14598354 3.07352001
v -0.08980475 4.04277531 3.07352001
v -0.08980475 4.04277531 3.07352001
v -0.08980475 4.14598354 3.07352001
v -0.09457348 4.14598354 3.08244168
v -0.09457348 4.04277531 3.08244168
v -0.09457348 4.04277531 3.08244168
v -0.09457348 4.14598354 3.08244168
v -0.10099111 4.14598354 3.09026159
v -0.10099111 4.04277531 3.09026159
v -0.10099111 4.04277531 3.09026159
v -0.10099111 4.14598354 3.09026159
v -0.10881103 4.14598354 3.09667923
v -0.10881103 4.04277531 3.09667923
v -0.10881103 4.04277531 3.09667923
v -0.10881103 4.14598354 3.09667923
v -0.11773269 4.14598354 3.10144796
v -0.11773269 4.04277531 3.10144796
v -0.11773269 4.04277531 3.10144796
v -0.11773269 4.14598354 3.10144796
v -0.12741327 4.14598354 3.10438453
v -0.12741327 4.04277531 3.10438453
v -0.12741327 4.04277531 3.10438453
v -0.12741327 4.14598354 3.10438453
v -0.13748074 4.14598354 3.10537609
v -0.13748074 4.04277531 3.10537609
v -0.13748074 4.04277531 3.10537609
v -0.13748074 4.14598354 3.10537609
v -0.1475482 4.14598354 3.10438453
v -0.1475482 4.04277531 3.10438453
v -0.1475482 4.04277531 3.10438453
v -0.1475482 4.14598354 3.10438453
v -0.15722878 4.14598354 3.10144796
v -0.15722878 4.04277531 3.10144796
v -0.15722878 4.04277531 3.10144796
v -0.15722878 4.14598354 3.10144796
v -0.16615045 4.14598354 3.09667922
v -0.16615045 4.04277531 3.09667922
v -0.16615045 4.04277531 3.09667922
v -0.16615045 4.14598354 3.09667922
v -0.17397035 4.14598354 3.0902616
v -0.17397035 4.04277531 3.0902616
v -0.17397035 4.04277531 3.0902616
v -0.17397035 4.14598354 3.0902616
v -0.18038798 4.14598354 3.08244169
v -0.18038798 4.04277531 3.08244169
v -0.18038798 4.04277531 3.08244169
v -0.18038798 4.14598354 3.08244169
v -0.18515672 4.14598354 3.07352002
v -0.18515672 4.04277531 3.07352002
v -0.18515672 4.04277531 3.07352002
v -0.18515672 4.14598354 3.07352002
v -0.18809329 4.14598354 3.06383944
v -0.18809329 4.04277531 3.06383944
v -0.18809329 4.04277531 3.06383944
v -0.18809329 4.14598354 3.06383944
v -0.18908485 4.14598354 3.05377197
v -0.18908485 4.04277531 3.05377197
v -0.18908485 4.04277531 3.05377197
v -0.18908485 4.14598354 3.05377197
v -0.18809329 4.14598354 3.0437045
v -0.18809329 4.04277531 3.0437045
v -0.18809329 4.04277531 3.0437045
v -0.18809329 4.14598354 3.0437045
v -0.18515672 4.14598354 3.03402392
v -0.18515672 4.04277531 3.03402392
v -0.18515672 4.04277531 3.03402392
v -0.18515672 4.14598354 3.03402392
v -0.180388 4.14598354 3.02510227
v -0.180388 4.04277531 3.02510227
v -0.180388 4.04277531 3.02510227
v -0.180388 4.14598354 3.02510227
v -0.17397036 4.14598354 3.01728235
v -0.17397036 4.04277531 3.01728235
v -0.17397036 4.04277531 3.01728235
v -0.17397036 4.14598354 3.01728235
v -0.16615045 4.14598354 3.01086472
v -0.16615045 4.04277531 3.01086472
v -0.16615045 4.04277531 3.01086472
v -0.16615045 4.14598354 3.01086472
v -0.15722878 4.14598354 3.00609598
v -0.15722878 4.04277531 3.00609598
v -0.11773269 4.27275785 3.10144796
v -0.10881102 4.27275786 3.09667923
v -0.10881102 4.29471179 3.09667923
v -0.11773268 4.29471179 3.10144796
v -0.15722878 4.04277531 3.00609598
v -0.15722878 4.14598354 3.00609598
v -0.1475482 4.14598354 3.00315941
v -0.1475482 4.04277531 3.00315941
v -0.1475482 4.04277531 3.00315941
v -0.1475482 4.14598354 3.00315941
v -0.13748074 4.14598354 3.00216785
v -0.13748074 4.04277531 3.00216785
v -0.10881102 4.29471179 3.09667923
v -0.10099111 4.29471179 3.09026159
v -0.09837778 4.29471181 3.09287492
v -0.10675774 4.29471181 3.09975218
v -0.18809329 4.27275785 3.06383944
v -0.18515672 4.27275786 3.07352002
v -0.18515672 4.29471179 3.07352002
v -0.18809329 4.29471179 3.06383944
v -0.12741327 4.27275785 3.00315941
v -0.13748073 4.27275786 3.00216785
v -0.13748073 4.29471179 3.00216785
v -0.12741326 4.29471179 3.00315941
v -0.14754819 4.27275786 3.00315941
v -0.14754819 4.29471179 3.00315941
v -0.08980474 4.27275785 3.07352001
v -0.08686817 4.27275786 3.06383944
v -0.08686817 4.29471179 3.06383944
v -0.08980474 4.29471179 3.07352001
v -0.16615045 4.27275785 3.09667922
v -0.15722877 4.27275786 3.10144796
v -0.15722877 4.29471179 3.10144796
v -0.16615045 4.29471179 3.09667922
v -0.17397036 4.27275785 3.01728235
v -0.18038799 4.27275786 3.02510227
v -0.18038799 4.29471179 3.02510227
v -0.17397036 4.29471179 3.01728235
v -0.08980474 4.27275785 3.03402393
v -0.09457347 4.27275786 3.02510226
v -0.09457347 4.29471179 3.02510226
v -0.08980474 4.29471179 3.03402393
v -0.12741327 4.27275785 3.10438453
v -0.12741327 4.29471179 3.10438453
v -0.18908485 4.27275785 3.05377197
v -0.18908485 4.29471179 3.05377197
v -0.11773269 4.27275785 3.00609599
v -0.11773269 4.29471179 3.00609599
v -0.09457347 4.27275785 3.08244168
v -0.09457347 4.29471179 3.08244168
v -0.17397035 4.27275785 3.0902616
v -0.17397035 4.29471179 3.0902616
v -0.16615045 4.27275785 3.01086472
v -0.16615045 4.29471179 3.01086472
v -0.08686817 4.27275785 3.04370451
v -0.08980474 4.27275785 3.03402393
v -0.08980474 4.29471179 3.03402393
v -0.08686817 4.29471179 3.04370451
v -0.13748073 4.27275785 3.10537609
v -0.13748073 4.29471179 3.10537609
v -0.18809329 4.27275785 3.0437045
v -0.18809329 4.29471179 3.0437045
v -0.10881102 4.27275785 3.01086472
v -0.11773269 4.27275785 3.00609599
v -0.11773269 4.29471179 3.00609599
v -0.10881102 4.29471179 3.01086472
v -0.10099111 4.27275785 3.09026159
v -0.10099111 4.29471179 3.09026159
v -0.18038798 4.27275785 3.08244169
v -0.18038798 4.29471179 3.08244169
v -0.15722877 4.27275785 3.00609598
v -0.15722877 4.29471179 3.00609598
v -0.08587661 4.27275785 3.05377197
v -0.08587661 4.29471179 3.05377197
v -0.14754819 4.27275785 3.10438453
v -0.14754819 4.29471179 3.10438453
v -0.18515671 4.27275785 3.03402392
v -0.18515671 4.29471179 3.03402392
v -0.10099111 4.27275785 3.01728235
v -0.10099111 4.29471179 3.01728235
v -0.10881102 4.27275786 3.09667923
v -0.10881102 4.29471179 3.09667923
v -0.18038798 4.27275785 3.08244169
v -0.18038798 4.29471179 3.08244169
v -0.15722877 4.27275785 3.00609598
v -0.15722877 4.29471179 3.00609598
v -0.08686817 4.27275786 3.06383944
v -0.08587661 4.27275785 3.05377197
v -0.08587661 4.29471179 3.05377197
v -0.08686817 4.29471179 3.06383944
v -0.14754819 4.27275785 3.10438453
v -0.14754819 4.29471179 3.10438453
v -0.18515671 4.27275785 3.03402392
v -0.18515671 4.29471179 3.03402392
v -0.09457348 4.14598354 3.02510226
v -0.10099111 4.14598354 3.01728235
v -0.10099111 4.26441217 3.01728235
v -0.09457348 4.26441219 3.02510226
v -0.14754819 4.27275785 3.10438453
v -0.15722877 4.27275786 3.10144796
v -0.15821963 4.27296718 3.10384011
v -0.14805333 4.27296715 3.10692403
v -0.180388 4.14598354 3.02510227
v -0.18515672 4.14598354 3.03402392
v -0.18515672 4.26441217 3.03402392
v -0.18038799 4.26441219 3.02510227
v -0.18908485 4.27275785 3.05377197
v -0.18809329 4.27275785 3.0437045
v -0.19063279 4.27296715 3.04319937
v -0.19167409 4.27296715 3.05377197
v -0.15722878 4.14598354 3.10144796
v -0.1475482 4.14598354 3.10438453
v -0.14754819 4.26441217 3.10438453
v -0.15722877 4.26441219 3.10144796
v -0.14754819 4.27275786 3.00315941
v -0.13748073 4.27275786 3.00216785
v -0.13748073 4.27296718 2.99957861
v -0.14805333 4.27296718 3.00061992
v -0.08686818 4.14598354 3.06383944
v -0.08587662 4.14598354 3.05377197
v -0.08587661 4.26441217 3.05377197
v -0.08686817 4.26441219 3.06383944
v -0.15722877 4.26441219 3.10144796
v -0.14754819 4.26441217 3.10438453
v -0.14805333 4.26420273 3.10692403
v -0.15821963 4.26420277 3.10384011
v -0.1475482 4.14598354 3.00315941
v -0.15722878 4.14598354 3.00609598
v -0.15722877 4.26441217 3.00609598
v -0.14754819 4.26441219 3.00315941
v -0.18809329 4.26441217 3.0437045
v -0.18908485 4.26441217 3.05377197
v -0.19167409 4.26420273 3.05377197
v -0.19063279 4.26420273 3.04319937
v -0.18515672 4.14598354 3.07352002
v -0.18038798 4.14598354 3.08244169
v -0.18038798 4.26441217 3.08244169
v -0.18515672 4.26441219 3.07352002
v -0.13748073 4.26441219 3.00216785
v -0.14754819 4.26441219 3.00315941
v -0.14805333 4.26420277 3.00061992
v -0.13748073 4.26420277 2.99957861
v -0.10881103 4.14598354 3.09667923
v -0.10099111 4.14598354 3.09026159
v -0.10099111 4.26441217 3.09026159
v -0.10881102 4.26441219 3.09667923
v -0.18515671 4.27275785 3.03402392
v -0.18038799 4.27275786 3.02510227
v -0.18254087 4.27296718 3.02366376
v -0.18754887 4.27296715 3.03303306
v -0.10099111 4.14598354 3.01728235
v -0.10881102 4.14598354 3.01086472
v -0.10881102 4.26441217 3.01086472
v -0.10099111 4.26441217 3.01728235
v -0.11773269 4.27275785 3.00609599
v -0.10881102 4.27275785 3.01086472
v -0.10737251 4.27296715 3.00871184
v -0.11674183 4.27296715 3.00370383
v -0.18515672 4.14598354 3.03402392
v -0.18809329 4.14598354 3.0437045
v -0.18809329 4.26441217 3.0437045
v -0.18515672 4.26441217 3.03402392
v -0.08686817 4.27275786 3.06383944
v -0.08980474 4.27275785 3.07352001
v -0.08741259 4.27296715 3.07451087
v -0.08432867 4.27296718 3.06434457
v -0.1475482 4.14598354 3.10438453
v -0.13748074 4.14598354 3.10537609
v -0.13748074 4.26441217 3.10537609
v -0.14754819 4.26441217 3.10438453
v -0.18038799 4.26441219 3.02510227
v -0.18515672 4.26441217 3.03402392
v -0.18754887 4.26420273 3.03303306
v -0.18254087 4.26420277 3.02366376
v -0.08587662 4.14598354 3.05377197
v -0.08686818 4.14598354 3.04370451
v -0.08686817 4.26441217 3.04370451
v -0.08587661 4.26441217 3.05377197
v -0.10881102 4.26441217 3.01086472
v -0.11773269 4.26441217 3.00609599
v -0.11674183 4.26420273 3.00370383
v -0.10737251 4.26420273 3.00871184
v -0.15722878 4.14598354 3.00609598
v -0.16615045 4.14598354 3.01086472
v -0.16615045 4.26441217 3.01086472
v -0.15722877 4.26441217 3.00609598
v -0.08980474 4.26441217 3.07352001
v -0.08686817 4.26441219 3.06383944
v -0.08432867 4.26420277 3.06434457
v -0.08741259 4.26420273 3.07451087
v -0.18038798 4.14598354 3.08244169
v -0.17397035 4.14598354 3.0902616
v -0.17397035 4.26441217 3.0902616
v -0.18038798 4.26441217 3.08244169
v -0.10099111 4.27275785 3.01728235
v -0.09457347 4.27275786 3.02510226
v -0.09242059 4.27296718 3.02366375
v -0.09916024 4.27296715 3.01545148
v -0.10099111 4.14598354 3.09026159
v -0.09457348 4.14598354 3.08244168
v -0.09457347 4.26441217 3.08244168
v -0.10099111 4.26441217 3.09026159
v -0.09457347 4.27275785 3.08244168
v -0.10099111 4.27275785 3.09026159
v -0.09916024 4.27296715 3.09209247
v -0.09242059 4.27296715 3.08388019
v -0.10881102 4.14598354 3.01086472
v -0.11773269 4.14598354 3.00609599
v -0.11773269 4.26441217 3.00609599
v -0.10881102 4.26441217 3.01086472
v -0.16615045 4.27275785 3.09667922
v -0.16758895 4.27296715 3.0988321
v -0.18809329 4.14598354 3.0437045
v -0.18908485 4.14598354 3.05377197
v -0.18908485 4.26441217 3.05377197
v -0.18809329 4.26441217 3.0437045
v -0.09457348 4.26441219 3.02510226
v -0.10099111 4.26441217 3.01728235
v -0.09916024 4.26420273 3.01545148
v -0.0924206 4.26420277 3.02366375
v -0.13748074 4.14598354 3.10537609
v -0.12741327 4.14598354 3.10438453
v -0.12741327 4.26441217 3.10438453
v -0.13748074 4.26441217 3.10537609
v -0.10099111 4.26441217 3.09026159
v -0.09457347 4.26441217 3.08244168
v -0.09242059 4.26420273 3.08388019
v -0.09916024 4.26420273 3.09209247
v -0.08686818 4.14598354 3.04370451
v -0.08980475 4.14598354 3.03402393
v -0.08980475 4.26441217 3.03402393
v -0.08686817 4.26441217 3.04370451
v -0.16615045 4.26441217 3.09667922
v -0.16758896 4.26420273 3.0988321
v -0.16615045 4.14598354 3.01086472
v -0.17397036 4.14598354 3.01728235
v -0.17397036 4.26441217 3.01728235
v -0.16615045 4.26441217 3.01086472
v -0.17397035 4.27275785 3.0902616
v -0.18038798 4.27275785 3.08244169
v -0.18254086 4.27296715 3.0838802
v -0.17580122 4.27296715 3.09209247
v -0.17397035 4.14598354 3.0902616
v -0.16615045 4.14598354 3.09667922
v -0.16615045 4.26441217 3.09667922
v -0.17397035 4.26441217 3.0902616
v -0.17397036 4.27275785 3.01728235
v -0.17580123 4.27296715 3.01545148
v -0.09457348 4.14598354 3.08244168
v -0.08980475 4.14598354 3.07352001
v -0.08980474 4.26441217 3.07352001
v -0.09457347 4.26441217 3.08244168
v -0.18038798 4.26441217 3.08244169
v -0.17397035 4.26441217 3.0902616
v -0.17580122 4.26420273 3.09209247
v -0.18254086 4.26420273 3.0838802
v -0.11773269 4.14598354 3.00609599
v -0.12741327 4.14598354 3.00315941
v -0.12741327 4.26441217 3.00315941
v -0.11773269 4.26441217 3.00609599
v -0.17397036 4.26441217 3.01728235
v -0.17580124 4.26420273 3.01545148
v -0.18908485 4.14598354 3.05377197
v -0.18809329 4.14598354 3.06383944
v -0.18809329 4.26441217 3.06383944
v -0.18908485 4.26441217 3.05377197
v -0.16615045 4.27275785 3.01086472
v -0.15722877 4.27275785 3.00609598
v -0.15821963 4.27296715 3.00370383
v -0.16758895 4.27296715 3.00871184
v -0.12741327 4.14598354 3.10438453
v -0.11773269 4.14598354 3.10144796
v -0.11773269 4.26441217 3.10144796
v -0.12741327 4.26441217 3.10438453
v -0.08980474 4.27275785 3.03402393
v -0.08741259 4.27296715 3.03303307
v -0.08980475 4.14598354 3.03402393
v -0.09457348 4.14598354 3.02510226
v -0.09457348 4.26441219 3.02510226
v -0.08980475 4.26441217 3.03402393
v -0.15722877 4.26441217 3.00609598
v -0.16615045 4.26441217 3.01086472
v -0.16758896 4.26420273 3.00871184
v -0.15821963 4.26420273 3.00370383
v -0.17397036 4.14598354 3.01728235
v -0.180388 4.14598354 3.02510227
v -0.18038799 4.26441219 3.02510227
v -0.17397036 4.26441217 3.01728235
v -0.08980475 4.26441217 3.03402393
v -0.08741259 4.26420273 3.03303307
v -0.16615045 4.14598354 3.09667922
v -0.15722878 4.14598354 3.10144796
v -0.15722877 4.26441219 3.10144796
v -0.16615045 4.26441217 3.09667922
v -0.08686817 4.27275785 3.04370451
v -0.08587661 4.27275785 3.05377197
v -0.08328736 4.27296715 3.05377198
v -0.08432867 4.27296715 3.04319937
v -0.08980475 4.14598354 3.07352001
v -0.08686818 4.14598354 3.06383944
v -0.08686817 4.26441219 3.06383944
v -0.08980474 4.26441217 3.07352001
v -0.11773269 4.27275785 3.10144796
v -0.12741327 4.27275785 3.10438453
v -0.12690813 4.27296715 3.10692403
v -0.11674182 4.27296715 3.10384011
v -0.13748074 4.14598354 3.00216785
v -0.1475482 4.14598354 3.00315941
v -0.14754819 4.26441219 3.00315941
v -0.13748073 4.26441219 3.00216785
v -0.08587661 4.26441217 3.05377197
v -0.08686817 4.26441217 3.04370451
v -0.08432868 4.26420273 3.04319937
v -0.08328736 4.26420273 3.05377198
v -0.12741327 4.14598354 3.00315941
v -0.13748074 4.14598354 3.00216785
v -0.13748073 4.26441219 3.00216785
v -0.12741327 4.26441217 3.00315941
v -0.12741327 4.26441217 3.10438453
v -0.11773269 4.26441217 3.10144796
v -0.11674183 4.26420273 3.10384011
v -0.12690813 4.26420273 3.10692403
v -0.18809329 4.14598354 3.06383944
v -0.18515672 4.14598354 3.07352002
v -0.18515672 4.26441219 3.07352002
v -0.18809329 4.26441217 3.06383944
v -0.13748073 4.27275785 3.10537609
v -0.13748073 4.27296715 3.10796534
v -0.11773269 4.14598354 3.10144796
v -0.10881103 4.14598354 3.09667923
v -0.10881102 4.26441219 3.09667923
v -0.11773269 4.26441217 3.10144796
v -0.18809329 4.27275785 3.06383944
v -0.19063279 4.27296715 3.06434458
v -0.0924206 4.26420277 3.02366375
v -0.09916024 4.26420273 3.01545148
v -0.09916024 4.27296715 3.01545148
v -0.09242059 4.27296718 3.02366375
v -0.18254087 4.26420277 3.02366376
v -0.18754887 4.26420273 3.03303306
v -0.18754887 4.27296715 3.03303306
v -0.18254087 4.27296718 3.02366376
v -0.15821963 4.26420277 3.10384011
v -0.14805333 4.26420273 3.10692403
v -0.14805333 4.27296715 3.10692403
v -0.15821963 4.27296718 3.10384011
v -0.08432867 4.26420277 3.06434457
v -0.08328736 4.26420273 3.05377198
v -0.08328736 4.27296715 3.05377198
v -0.08432867 4.27296718 3.06434457
v -0.14805333 4.26420277 3.00061992
v -0.15821963 4.26420273 3.00370383
v -0.15821963 4.27296715 3.00370383
v -0.14805333 4.27296718 3.00061992
v -0.18754887 4.26420277 3.07451088
v -0.18254086 4.26420273 3.0838802
v -0.18254086 4.27296715 3.0838802
v -0.18754887 4.27296718 3.07451088
v -0.10737252 4.26420277 3.09883211
v -0.09916024 4.26420273 3.09209247
v -0.09916024 4.27296715 3.09209247
v -0.10737251 4.27296718 3.09883211
v -0.09916024 4.26420273 3.01545148
v -0.10737251 4.26420273 3.00871184
v -0.10737251 4.27296715 3.00871184
v -0.09916024 4.27296715 3.01545148
v -0.18754887 4.26420273 3.03303306
v -0.19063279 4.26420273 3.04319937
v -0.19063279 4.27296715 3.04319937
v -0.18754887 4.27296715 3.03303306
v -0.14805333 4.26420273 3.10692403
v -0.13748074 4.26420273 3.10796534
v -0.13748073 4.27296715 3.10796534
v -0.14805333 4.27296715 3.10692403
v -0.08328736 4.26420273 3.05377198
v -0.08432868 4.26420273 3.04319937
v -0.08432867 4.27296715 3.04319937
v -0.08328736 4.27296715 3.05377198
v -0.15821963 4.26420273 3.00370383
v -0.16758896 4.26420273 3.00871184
v -0.16758895 4.27296715 3.00871184
v -0.15821963 4.27296715 3.00370383
v -0.18254086 4.26420273 3.0838802
v -0.17580122 4.26420273 3.09209247
v -0.17580122 4.27296715 3.09209247
v -0.18254086 4.27296715 3.0838802
v -0.09916024 4.26420273 3.09209247
v -0.09242059 4.26420273 3.08388019
v -0.09242059 4.27296715 3.08388019
v -0.09916024 4.27296715 3.09209247
v -0.10737251 4.26420273 3.00871184
v -0.11674183 4.26420273 3.00370383
v -0.11674183 4.27296715 3.00370383
v -0.10737251 4.27296715 3.00871184
v -0.19063279 4.26420273 3.04319937
v -0.19167409 4.26420273 3.05377197
v -0.19167409 4.27296715 3.05377197
v -0.19063279 4.27296715 3.04319937
v -0.13748074 4.26420273 3.10796534
v -0.12690813 4.26420273 3.10692403
v -0.12690813 4.27296715 3.10692403
v -0.13748073 4.27296715 3.10796534
v -0.08432868 4.26420273 3.04319937
v -0.08741259 4.26420273 3.03303307
v -0.08741259 4.27296715 3.03303307
v -0.08432867 4.27296715 3.04319937
v -0.16758896 4.26420273 3.00871184
v -0.17580124 4.26420273 3.01545148
v -0.17580123 4.27296715 3.01545148
v -0.16758895 4.27296715 3.00871184
v -0.17580122 4.26420273 3.09209247
v -0.16758896 4.26420273 3.0988321
v -0.16758895 4.27296715 3.0988321
v -0.17580122 4.27296715 3.09209247
v -0.09242059 4.26420273 3.08388019
v -0.08741259 4.26420273 3.07451087
v -0.08741259 4.27296715 3.07451087
v -0.09242059 4.27296715 3.08388019
v -0.11674183 4.26420273 3.00370383
v -0.12690813 4.26420273 3.00061992
v -0.12690813 4.27296715 3.00061992
v -0.11674183 4.27296715 3.00370383
v -0.19167409 4.26420273 3.05377197
v -0.19063279 4.26420273 3.06434458
v -0.19063279 4.27296715 3.06434458
v -0.19167409 4.27296715 3.05377197
v -0.12690813 4.26420273 3.10692403
v -0.11674183 4.26420273 3.10384011
v -0.11674182 4.27296715 3.10384011
v -0.12690813 4.27296715 3.10692403
v -0.08741259 4.26420273 3.03303307
v -0.0924206 4.26420277 3.02366375
v -0.09242059 4.27296718 3.02366375
v -0.08741259 4.27296715 3.03303307
v -0.17580124 4.26420273 3.01545148
v -0.18254087 4.26420277 3.02366376
v -0.18254087 4.27296718 3.02366376
v -0.17580123 4.27296715 3.01545148
v -0.16758896 4.26420273 3.0988321
v -0.15821963 4.26420277 3.10384011
v -0.15821963 4.27296718 3.10384011
v -0.16758895 4.27296715 3.0988321
v -0.08741259 4.26420273 3.07451087
v -0.08432867 4.26420277 3.06434457
v -0.08432867 4.27296718 3.06434457
v -0.08741259 4.27296715 3.07451087
v -0.13748073 4.26420277 2.99957861
v -0.14805333 4.26420277 3.00061992
v -0.14805333 4.27296718 3.00061992
v -0.13748073 4.27296718 2.99957861
v -0.12690813 4.26420273 3.00061992
v -0.13748073 4.26420277 2.99957861
v -0.13748073 4.27296718 2.99957861
v -0.12690813 4.27296715 3.00061992
v -0.19063279 4.26420273 3.06434458
v -0.18754887 4.26420277 3.07451088
v -0.18754887 4.27296718 3.07451088
v -0.19063279 4.27296715 3.06434458
v -0.11674183 4.26420273 3.10384011
v -0.10737252 4.26420277 3.09883211
v -0.10737251 4.27296718 3.09883211
v -0.11674182 4.27296715 3.10384011
v -0.12741327 4.26441217 3.00315941
v -0.12690813 4.26420273 3.00061992
v -0.13748074 4.26441217 3.10537609
v -0.13748074 4.26420273 3.10796534
v -0.12741327 4.27275785 3.00315941
v -0.12690813 4.27296715 3.00061992
v -0.18809329 4.26441217 3.06383944
v -0.18515672 4.26441219 3.07352002
v -0.18754887 4.26420277 3.07451088
v -0.19063279 4.26420273 3.06434458
v -0.18515672 4.27275786 3.07352002
v -0.18754887 4.27296718 3.07451088
v -0.10881102 4.26441219 3.09667923
v -0.10737252 4.26420277 3.09883211
v -0.10881102 4.27275786 3.09667923
v -0.10737251 4.27296718 3.09883211
v -0.18346093 4.29471181 3.08449497
v -0.17658368 4.29471181 3.09287493
v -0.17658368 4.29861921 3.09287493
v -0.18346093 4.29861921 3.08449497
v -0.18038799 4.29471179 3.02510227
v -0.18515671 4.29471179 3.03402392
v -0.18857119 4.29471181 3.0326096
v -0.18346094 4.29471181 3.02304899
v -0.11773268 4.29471179 3.10144796
v -0.11631836 4.29471181 3.10486244
v -0.12741326 4.29471179 3.00315941
v -0.13748073 4.29471179 3.00216785
v -0.13748073 4.29471181 2.99847205
v -0.12669225 4.29471181 2.99953462
v -0.17397036 4.29471179 3.01728235
v -0.17658369 4.29471181 3.01466902
v -0.12741327 4.29471179 3.10438453
v -0.12669225 4.29471181 3.10800933
v -0.11773269 4.29471179 3.00609599
v -0.11631836 4.29471181 3.00268151
v -0.16615045 4.29471179 3.01086472
v -0.16820373 4.29471181 3.00779177
v -0.13748073 4.29471179 3.10537609
v -0.13748073 4.29471181 3.1090719
v -0.10881102 4.29471179 3.01086472
v -0.10675774 4.29471181 3.00779177
v -0.15722877 4.29471179 3.00609598
v -0.15864309 4.29471181 3.0026815
v -0.14754819 4.29471179 3.10438453
v -0.1482692 4.29471181 3.10800933
v -0.10099111 4.29471179 3.01728235
v -0.09837778 4.29471181 3.01466902
v -0.14754819 4.29471179 3.00315941
v -0.1482692 4.29471181 2.99953462
v -0.15722877 4.29471179 3.10144796
v -0.15864309 4.29471181 3.10486244
v -0.09457347 4.29471179 3.02510226
v -0.09150052 4.29471181 3.02304898
v -0.16615045 4.29471179 3.09667922
v -0.16820373 4.29471181 3.09975218
v -0.08980474 4.29471179 3.03402393
v -0.08639026 4.29471181 3.03260961
v -0.17397035 4.29471179 3.0902616
v -0.17658368 4.29471181 3.09287493
v -0.08686817 4.29471179 3.04370451
v -0.08324338 4.29471181 3.04298349
v -0.18038798 4.29471179 3.08244169
v -0.18346093 4.29471181 3.08449497
v -0.08587661 4.29471179 3.05377197
v -0.08218081 4.29471181 3.05377197
v -0.18515672 4.29471179 3.07352002
v -0.1885712 4.29471181 3.07493435
v -0.08686817 4.29471179 3.06383944
v -0.08324338 4.29471181 3.06456045
v -0.18809329 4.29471179 3.06383944
v -0.19171808 4.29471181 3.06456046
v -0.08980474 4.29471179 3.07352001
v -0.08639026 4.29471181 3.07493434
v -0.18908485 4.29471179 3.05377197
v -0.19278065 4.29471181 3.05377197
v -0.09457347 4.29471179 3.08244168
v -0.09150052 4.29471181 3.08449496
v -0.18809329 4.29471179 3.0437045
v -0.19171808 4.29471181 3.04298349
v -0.19278065 4.29861921 3.05377197
v -0.19171808 4.29861921 3.06456046
v -0.18978533 4.29861925 3.06417601
v -0.19081005 4.29861925 3.05377197
v -0.08218081 4.29471181 3.05377197
v -0.08324338 4.29471181 3.04298349
v -0.08324338 4.29861921 3.04298349
v -0.08218081 4.29861921 3.05377197
v -0.1885712 4.29471181 3.07493435
v -0.18346093 4.29471181 3.08449497
v -0.18346093 4.29861921 3.08449497
v -0.1885712 4.29861921 3.07493435
v -0.08324338 4.29471181 3.06456045
v -0.08218081 4.29471181 3.05377197
v -0.08218081 4.29861921 3.05377197
v -0.08324338 4.29861921 3.06456045
v -0.19171808 4.29471181 3.06456046
v -0.1885712 4.29471181 3.07493435
v -0.1885712 4.29861921 3.07493435
v -0.19171808 4.29861921 3.06456046
v -0.08639026 4.29471181 3.07493434
v -0.08324338 4.29471181 3.06456045
v -0.08324338 4.29861921 3.06456045
v -0.08639026 4.29861921 3.07493434
v -0.19278065 4.29471181 3.05377197
v -0.19171808 4.29471181 3.06456046
v -0.19171808 4.29861921 3.06456046
v -0.19278065 4.29861921 3.05377197
v -0.09150052 4.29471181 3.08449496
v -0.08639026 4.29471181 3.07493434
v -0.08639026 4.29861921 3.07493434
v -0.09150052 4.29861921 3.08449496
v -0.19171808 4.29471181 3.04298349
v -0.19278065 4.29471181 3.05377197
v -0.19278065 4.29861921 3.05377197
v -0.19171808 4.29861921 3.04298349
v -0.09837778 4.29471181 3.09287492
v -0.09150052 4.29471181 3.08449496
v -0.09150052 4.29861921 3.08449496
v -0.09837778 4.29861921 3.09287492
v -0.18857119 4.29471181 3.0326096
v -0.19171808 4.29471181 3.04298349
v -0.19171808 4.29861921 3.04298349
v -0.18857119 4.29861921 3.0326096
v -0.10675774 4.29471181 3.09975218
v -0.09837778 4.29471181 3.09287492
v -0.09837778 4.29861921 3.09287492
v -0.10675774 4.29861921 3.09975218
v -0.18346094 4.29471181 3.02304899
v -0.18857119 4.29471181 3.0326096
v -0.18857119 4.29861921 3.0326096
v -0.18346094 4.29861921 3.02304899
v -0.11631836 4.29471181 3.10486244
v -0.10675774 4.29471181 3.09975218
v -0.10675774 4.29861921 3.09975218
v -0.11631836 4.29861921 3.10486244
v -0.12669225 4.29471181 2.99953462
v -0.13748073 4.29471181 2.99847205
v -0.13748073 4.29861921 2.99847205
v -0.12669225 4.29861921 2.99953462
v -0.17658369 4.29471181 3.01466902
v -0.18346094 4.29471181 3.02304899
v -0.18346094 4.29861921 3.02304899
v -0.17658369 4.29861921 3.01466902
v -0.12669225 4.29471181 3.10800933
v -0.11631836 4.29471181 3.10486244
v -0.11631836 4.29861921 3.10486244
v -0.12669225 4.29861921 3.10800933
v -0.11631836 4.29471181 3.00268151
v -0.12669225 4.29471181 2.99953462
v -0.12669225 4.29861921 2.99953462
v -0.11631836 4.29861921 3.00268151
v -0.16820373 4.29471181 3.00779177
v -0.17658369 4.29471181 3.01466902
v -0.17658369 4.29861921 3.01466902
v -0.16820373 4.29861921 3.00779177
v -0.13748073 4.29471181 3.1090719
v -0.12669225 4.29471181 3.10800933
v -0.12669225 4.29861921 3.10800933
v -0.13748073 4.29861921 3.1090719
v -0.10675774 4.29471181 3.00779177
v -0.11631836 4.29471181 3.00268151
v -0.11631836 4.29861921 3.00268151
v -0.10675774 4.29861921 3.00779177
v -0.15864309 4.29471181 3.0026815
v -0.16820373 4.29471181 3.00779177
v -0.16820373 4.29861921 3.00779177
v -0.15864309 4.29861921 3.0026815
v -0.1482692 4.29471181 3.10800933
v -0.13748073 4.29471181 3.1090719
v -0.13748073 4.29861921 3.1090719
v -0.1482692 4.29861921 3.10800933
v -0.09837778 4.29471181 3.01466902
v -0.10675774 4.29471181 3.00779177
v -0.10675774 4.29861921 3.00779177
v -0.09837778 4.29861921 3.01466902
v -0.1482692 4.29471181 2.99953462
v -0.15864309 4.29471181 3.0026815
v -0.15864309 4.29861921 3.0026815
v -0.1482692 4.29861921 2.99953462
v -0.15864309 4.29471181 3.10486244
v -0.1482692 4.29471181 3.10800933
v -0.1482692 4.29861921 3.10800933
v -0.15864309 4.29861921 3.10486244
v -0.09150052 4.29471181 3.02304898
v -0.09837778 4.29471181 3.01466902
v -0.09837778 4.29861921 3.01466902
v -0.09150052 4.29861921 3.02304898
v -0.13748073 4.29471181 2.99847205
v -0.1482692 4.29471181 2.99953462
v -0.1482692 4.29861921 2.99953462
v -0.13748073 4.29861921 2.99847205
v -0.16820373 4.29471181 3.09975218
v -0.15864309 4.29471181 3.10486244
v -0.15864309 4.29861921 3.10486244
v -0.16820373 4.29861921 3.09975218
v -0.08639026 4.29471181 3.03260961
v -0.09150052 4.29471181 3.02304898
v -0.09150052 4.29861921 3.02304898
v -0.08639026 4.29861921 3.03260961
v -0.17658368 4.29471181 3.09287493
v -0.16820373 4.29471181 3.09975218
v -0.16820373 4.29861921 3.09975218
v -0.17658368 4.29861921 3.09287493
v -0.08324338 4.29471181 3.04298349
v -0.08639026 4.29471181 3.03260961
v -0.08639026 4.29861921 3.03260961
v -0.08324338 4.29861921 3.04298349
v -0.18182244 4.29861925 3.0241438
v -0.18675059 4.29861925 3.03336372
v -0.18675059 4.30159896 3.03336372
v -0.18182244 4.30159896 3.0241438
v -0.09150052 4.29861921 3.08449496
v -0.08639026 4.29861921 3.07493434
v -0.08821086 4.29861925 3.07418022
v -0.09313902 4.29861925 3.08340015
v -0.19171808 4.29861921 3.04298349
v -0.18978533 4.29861925 3.04336793
v -0.09837778 4.29861921 3.09287492
v -0.09977121 4.29861925 3.0914815
v -0.18857119 4.29861921 3.0326096
v -0.18675059 4.29861925 3.03336372
v -0.10675774 4.29861921 3.09975218
v -0.10785255 4.29861925 3.09811368
v -0.18346094 4.29861921 3.02304899
v -0.18182244 4.29861925 3.0241438
v -0.11631836 4.29861921 3.10486244
v -0.11707248 4.29861925 3.10304184
v -0.12669225 4.29861921 2.99953462
v -0.13748073 4.29861921 2.99847205
v -0.13748073 4.29861925 3.00044266
v -0.12707669 4.29861925 3.00146737
v -0.17658369 4.29861921 3.01466902
v -0.17519026 4.29861925 3.01606245
v -0.12669225 4.29861921 3.10800933
v -0.1270767 4.29861925 3.10607658
v -0.11631836 4.29861921 3.00268151
v -0.11707248 4.29861925 3.00450211
v -0.16820373 4.29861921 3.00779177
v -0.16710892 4.29861925 3.00943027
v -0.13748073 4.29861921 3.1090719
v -0.13748073 4.29861925 3.10710129
v -0.10675774 4.29861921 3.00779177
v -0.10785255 4.29861925 3.00943027
v -0.15864309 4.29861921 3.0026815
v -0.15788897 4.29861925 3.0045021
v -0.1482692 4.29861921 3.10800933
v -0.14788476 4.29861925 3.10607658
v -0.09837778 4.29861921 3.01466902
v -0.09977121 4.29861925 3.01606245
v -0.1482692 4.29861921 2.99953462
v -0.14788476 4.29861925 3.00146736
v -0.15864309 4.29861921 3.10486244
v -0.15788897 4.29861925 3.10304184
v -0.09150052 4.29861921 3.02304898
v -0.09313902 4.29861925 3.02414379
v -0.16820373 4.29861921 3.09975218
v -0.16710892 4.29861925 3.09811368
v -0.08639026 4.29861921 3.03260961
v -0.08821086 4.29861925 3.03336373
v -0.17658368 4.29861921 3.09287493
v -0.17519025 4.29861925 3.0914815
v -0.08324338 4.29861921 3.04298349
v -0.08517612 4.29861925 3.04336794
v -0.18346093 4.29861921 3.08449497
v -0.18182243 4.29861925 3.08340016
v -0.08218081 4.29861921 3.05377197
v -0.08415141 4.29861925 3.05377197
v -0.1885712 4.29861921 3.07493435
v -0.1867506 4.29861925 3.07418023
v -0.08324338 4.29861921 3.06456045
v -0.08517612 4.29861925 3.06417601
v -0.10785255 4.30159896 3.00943027
v -0.11707248 4.30159896 3.00450211
v -0.11583781 4.30159891 3.00152134
v -0.10606008 4.30159891 3.00674765
v -0.11707248 4.29861925 3.10304184
v -0.10785255 4.29861925 3.09811368
v -0.10785255 4.30159896 3.09811368
v -0.11707248 4.30159896 3.10304184
v -0.12707669 4.29861925 3.00146737
v -0.13748073 4.29861925 3.00044266
v -0.13748073 4.30159896 3.00044266
v -0.12707669 4.30159896 3.00146737
v -0.17519026 4.29861925 3.01606245
v -0.18182244 4.29861925 3.0241438
v -0.18182244 4.30159896 3.0241438
v -0.17519026 4.30159896 3.01606245
v -0.1270767 4.29861925 3.10607658
v -0.11707248 4.29861925 3.10304184
v -0.11707248 4.30159896 3.10304184
v -0.1270767 4.30159896 3.10607658
v -0.11707248 4.29861925 3.00450211
v -0.12707669 4.29861925 3.00146737
v -0.12707669 4.30159896 3.00146737
v -0.11707248 4.30159896 3.00450211
v -0.16710892 4.29861925 3.00943027
v -0.17519026 4.29861925 3.01606245
v -0.17519026 4.30159896 3.01606245
v -0.16710892 4.30159896 3.00943027
v -0.13748073 4.29861925 3.10710129
v -0.1270767 4.29861925 3.10607658
v -0.1270767 4.30159896 3.10607658
v -0.13748073 4.30159896 3.10710129
v -0.10785255 4.29861925 3.00943027
v -0.11707248 4.29861925 3.00450211
v -0.11707248 4.30159896 3.00450211
v -0.10785255 4.30159896 3.00943027
v -0.15788897 4.29861925 3.0045021
v -0.16710892 4.29861925 3.00943027
v -0.16710892 4.30159896 3.00943027
v -0.15788897 4.30159896 3.0045021
v -0.14788476 4.29861925 3.10607658
v -0.13748073 4.29861925 3.10710129
v -0.13748073 4.30159896 3.10710129
v -0.14788476 4.30159896 3.10607658
v -0.09977121 4.29861925 3.01606245
v -0.10785255 4.29861925 3.00943027
v -0.10785255 4.30159896 3.00943027
v -0.09977121 4.30159896 3.01606245
v -0.14788476 4.29861925 3.00146736
v -0.15788897 4.29861925 3.0045021
v -0.15788897 4.30159896 3.0045021
v -0.14788476 4.30159896 3.00146736
v -0.15788897 4.29861925 3.10304184
v -0.14788476 4.29861925 3.10607658
v -0.14788476 4.30159896 3.10607658
v -0.15788897 4.30159896 3.10304184
v -0.09313902 4.29861925 3.02414379
v -0.09977121 4.29861925 3.01606245
v -0.09977121 4.30159896 3.01606245
v -0.09313902 4.30159896 3.02414379
v -0.13748073 4.29861925 3.00044266
v -0.14788476 4.29861925 3.00146736
v -0.14788476 4.30159896 3.00146736
v -0.13748073 4.30159896 3.00044266
v -0.16710892 4.29861925 3.09811368
v -0.15788897 4.29861925 3.10304184
v -0.15788897 4.30159896 3.10304184
v -0.16710892 4.30159896 3.09811368
v -0.08821086 4.29861925 3.03336373
v -0.09313902 4.29861925 3.02414379
v -0.09313902 4.30159896 3.02414379
v -0.08821086 4.30159896 3.03336373
v -0.17519025 4.29861925 3.0914815
v -0.16710892 4.29861925 3.09811368
v -0.16710892 4.30159896 3.09811368
v -0.17519025 4.30159896 3.0914815
v -0.08517612 4.29861925 3.04336794
v -0.08821086 4.29861925 3.03336373
v -0.08821086 4.30159896 3.03336373
v -0.08517612 4.30159896 3.04336794
v -0.18182243 4.29861925 3.08340016
v -0.17519025 4.29861925 3.0914815
v -0.17519025 4.30159896 3.0914815
v -0.18182243 4.30159896 3.08340016
v -0.08415141 4.29861925 3.05377197
v -0.08517612 4.29861925 3.04336794
v -0.08517612 4.30159896 3.04336794
v -0.08415141 4.30159896 3.05377197
v -0.1867506 4.29861925 3.07418023
v -0.18182243 4.29861925 3.08340016
v -0.18182243 4.30159896 3.08340016
v -0.1867506 4.30159896 3.07418023
v -0.08517612 4.29861925 3.06417601
v -0.08415141 4.29861925 3.05377197
v -0.08415141 4.30159896 3.05377197
v -0.08517612 4.30159896 3.06417601
v -0.18978533 4.29861925 3.06417601
v -0.1867506 4.29861925 3.07418023
v -0.1867506 4.30159896 3.07418023
v -0.18978533 4.30159896 3.06417601
v -0.08821086 4.29861925 3.07418022
v -0.08517612 4.29861925 3.06417601
v -0.08517612 4.30159896 3.06417601
v -0.08821086 4.30159896 3.07418022
v -0.19081005 4.29861925 3.05377197
v -0.18978533 4.29861925 3.06417601
v -0.18978533 4.30159896 3.06417601
v -0.19081005 4.30159896 3.05377197
v -0.09313902 4.29861925 3.08340015
v -0.08821086 4.29861925 3.07418022
v -0.08821086 4.30159896 3.07418022
v -0.09313902 4.30159896 3.08340015
v -0.18978533 4.29861925 3.04336793
v -0.19081005 4.29861925 3.05377197
v -0.19081005 4.30159896 3.05377197
v -0.18978533 4.30159896 3.04336793
v -0.09977121 4.29861925 3.0914815
v -0.09313902 4.29861925 3.08340015
v -0.09313902 4.30159896 3.08340015
v -0.09977121 4.30159896 3.0914815
v -0.18675059 4.29861925 3.03336372
v -0.18978533 4.29861925 3.04336793
v -0.18978533 4.30159896 3.04336793
v -0.18675059 4.30159896 3.03336372
v -0.10785255 4.29861925 3.09811368
v -0.09977121 4.29861925 3.0914815
v -0.09977121 4.30159896 3.0914815
v -0.10785255 4.30159896 3.09811368
v -0.0852301 4.30159891 3.03212906
v -0.09045641 4.30159891 3.02235132
v -0.09355845 4.30515688 3.02442405
v -0.08867691 4.30515688 3.03355677
v -0.15788897 4.30159896 3.0045021
v -0.16710892 4.30159896 3.00943027
v -0.16890138 4.30159891 3.00674765
v -0.15912365 4.30159891 3.00152134
v -0.14788476 4.30159896 3.10607658
v -0.13748073 4.30159896 3.10710129
v -0.13748073 4.30159891 3.11032764
v -0.14851419 4.30159891 3.10924095
v -0.09977121 4.30159896 3.01606245
v -0.09748983 4.30159891 3.01378107
v -0.14788476 4.30159896 3.00146736
v -0.14851419 4.30159891 2.998303
v -0.15788897 4.30159896 3.10304184
v -0.15912365 4.30159891 3.1060226
v -0.09313902 4.30159896 3.02414379
v -0.09045641 4.30159891 3.02235132
v -0.13748073 4.30159896 3.00044266
v -0.13748073 4.30159891 2.9972163
v -0.16710892 4.30159896 3.09811368
v -0.16890138 4.30159891 3.10079629
v -0.08821086 4.30159896 3.03336373
v -0.0852301 4.30159891 3.03212906
v -0.17519025 4.30159896 3.0914815
v -0.17747163 4.30159891 3.09376288
v -0.08517612 4.30159896 3.04336794
v -0.08201176 4.30159891 3.04273851
v -0.18182243 4.30159896 3.08340016
v -0.18450505 4.30159891 3.08519263
v -0.08415141 4.30159896 3.05377197
v -0.08092506 4.30159891 3.05377198
v -0.1867506 4.30159896 3.07418023
v -0.18973136 4.30159891 3.0754149
v -0.08517612 4.30159896 3.06417601
v -0.08201176 4.30159891 3.06480544
v -0.18978533 4.30159896 3.06417601
v -0.1929497 4.30159891 3.06480544
v -0.08821086 4.30159896 3.07418022
v -0.0852301 4.30159891 3.07541489
v -0.19081005 4.30159896 3.05377197
v -0.1940364 4.30159891 3.05377197
v -0.09313902 4.30159896 3.08340015
v -0.0904564 4.30159891 3.08519262
v -0.18978533 4.30159896 3.04336793
v -0.1929497 4.30159891 3.0427385
v -0.09977121 4.30159896 3.0914815
v -0.09748983 4.30159891 3.09376287
v -0.18675059 4.30159896 3.03336372
v -0.18973135 4.30159891 3.03212905
v -0.10785255 4.30159896 3.09811368
v -0.10606008 4.30159891 3.1007963
v -0.18182244 4.30159896 3.0241438
v -0.18450506 4.30159891 3.02235133
v -0.11707248 4.30159896 3.10304184
v -0.11583781 4.30159891 3.1060226
v -0.12707669 4.30159896 3.00146737
v -0.12644726 4.30159891 2.99830301
v -0.17519026 4.30159896 3.01606245
v -0.17747164 4.30159891 3.01378107
v -0.1270767 4.30159896 3.10607658
v -0.12644726 4.30159891 3.10924095
v -0.08567088 4.30515688 3.06407759
v -0.08465586 4.30515688 3.05377198
v -0.10295539 4.30515666 3.05377197
v -0.10361878 4.30515666 3.06050753
v -0.17747163 4.30159891 3.09376288
v -0.16890138 4.30159891 3.10079629
v -0.16682866 4.30515688 3.09769424
v -0.17483355 4.30515688 3.0911248
v -0.08201176 4.30159891 3.04273851
v -0.0852301 4.30159891 3.03212906
v -0.08867691 4.30515688 3.03355677
v -0.08567088 4.30515688 3.04346635
v -0.18450505 4.30159891 3.08519263
v -0.17747163 4.30159891 3.09376288
v -0.17483355 4.30515688 3.0911248
v -0.181403 4.30515688 3.08311991
v -0.08092506 4.30159891 3.05377198
v -0.08201176 4.30159891 3.04273851
v -0.08567088 4.30515688 3.04346635
v -0.08465586 4.30515688 3.05377198
v -0.18973136 4.30159891 3.0754149
v -0.18450505 4.30159891 3.08519263
v -0.181403 4.30515688 3.08311991
v -0.18628454 4.30515688 3.07398718
v -0.08201176 4.30159891 3.06480544
v -0.08092506 4.30159891 3.05377198
v -0.08465586 4.30515688 3.05377198
v -0.08567088 4.30515688 3.06407759
v -0.1929497 4.30159891 3.06480544
v -0.18973136 4.30159891 3.0754149
v -0.18628454 4.30515688 3.07398718
v -0.18929058 4.30515688 3.0640776
v -0.0852301 4.30159891 3.07541489
v -0.08201176 4.30159891 3.06480544
v -0.08567088 4.30515688 3.06407759
v -0.08867691 4.30515688 3.07398717
v -0.1940364 4.30159891 3.05377197
v -0.1929497 4.30159891 3.06480544
v -0.18929058 4.30515688 3.0640776
v -0.1903056 4.30515688 3.05377197
v -0.0904564 4.30159891 3.08519262
v -0.0852301 4.30159891 3.07541489
v -0.08867691 4.30515688 3.07398717
v -0.09355845 4.30515688 3.0831199
v -0.1929497 4.30159891 3.0427385
v -0.1940364 4.30159891 3.05377197
v -0.1903056 4.30515688 3.05377197
v -0.18929058 4.30515688 3.04346635
v -0.09748983 4.30159891 3.09376287
v -0.0904564 4.30159891 3.08519262
v -0.09355845 4.30515688 3.0831199
v -0.1001279 4.30515688 3.0911248
v -0.18973135 4.30159891 3.03212905
v -0.1929497 4.30159891 3.0427385
v -0.18929058 4.30515688 3.04346635
v -0.18628454 4.30515688 3.03355676
v -0.10606008 4.30159891 3.1007963
v -0.09748983 4.30159891 3.09376287
v -0.1001279 4.30515688 3.0911248
v -0.10813281 4.30515688 3.09769425
v -0.18450506 4.30159891 3.02235133
v -0.18973135 4.30159891 3.03212905
v -0.18628454 4.30515688 3.03355676
v -0.18140301 4.30515688 3.02442405
v -0.11583781 4.30159891 3.1060226
v -0.10606008 4.30159891 3.1007963
v -0.10813281 4.30515688 3.09769425
v -0.11726552 4.30515688 3.10257579
v -0.12644726 4.30159891 2.99830301
v -0.13748073 4.30159891 2.9972163
v -0.13748073 4.30515688 3.00094711
v -0.12717511 4.30515688 3.00196212
v -0.17747164 4.30159891 3.01378107
v -0.18450506 4.30159891 3.02235133
v -0.18140301 4.30515688 3.02442405
v -0.17483356 4.30515688 3.01641915
v -0.12644726 4.30159891 3.10924095
v -0.11583781 4.30159891 3.1060226
v -0.11726552 4.30515688 3.10257579
v -0.12717511 4.30515688 3.10558183
v -0.11583781 4.30159891 3.00152134
v -0.12644726 4.30159891 2.99830301
v -0.12717511 4.30515688 3.00196212
v -0.11726552 4.30515688 3.00496816
v -0.16890138 4.30159891 3.00674765
v -0.17747164 4.30159891 3.01378107
v -0.17483356 4.30515688 3.01641915
v -0.16682866 4.30515688 3.0098497
v -0.13748073 4.30159891 3.11032764
v -0.12644726 4.30159891 3.10924095
v -0.12717511 4.30515688 3.10558183
v -0.13748073 4.30515688 3.10659684
v -0.10606008 4.30159891 3.00674765
v -0.11583781 4.30159891 3.00152134
v -0.11726552 4.30515688 3.00496816
v -0.1081328 4.30515688 3.0098497
v -0.15912365 4.30159891 3.00152134
v -0.16890138 4.30159891 3.00674765
v -0.16682866 4.30515688 3.0098497
v -0.15769593 4.30515688 3.00496816
v -0.14851419 4.30159891 3.10924095
v -0.13748073 4.30159891 3.11032764
v -0.13748073 4.30515688 3.10659684
v -0.14778635 4.30515688 3.10558183
v -0.09748983 4.30159891 3.01378107
v -0.10606008 4.30159891 3.00674765
v -0.1081328 4.30515688 3.0098497
v -0.1001279 4.30515688 3.01641915
v -0.14851419 4.30159891 2.998303
v -0.15912365 4.30159891 3.00152134
v -0.15769593 4.30515688 3.00496816
v -0.14778634 4.30515688 3.00196212
v -0.15912365 4.30159891 3.1060226
v -0.14851419 4.30159891 3.10924095
v -0.14778635 4.30515688 3.10558183
v -0.15769593 4.30515688 3.10257579
v -0.09045641 4.30159891 3.02235132
v -0.09748983 4.30159891 3.01378107
v -0.1001279 4.30515688 3.01641915
v -0.09355845 4.30515688 3.02442405
v -0.13748073 4.30159891 2.9972163
v -0.14851419 4.30159891 2.998303
v -0.14778634 4.30515688 3.00196212
v -0.13748073 4.30515688 3.00094711
v -0.16890138 4.30159891 3.10079629
v -0.15912365 4.30159891 3.1060226
v -0.15769593 4.30515688 3.10257579
v -0.16682866 4.30515688 3.09769424
v -0.11306762 4.30515666 3.07818508
v -0.10877395 4.30515666 3.07295323
v -0.10877395 4.42024716 3.07295323
v -0.11306761 4.42024716 3.07818508
v -0.18929058 4.30515688 3.0640776
v -0.18628454 4.30515688 3.07398718
v -0.16937799 4.30515666 3.06698426
v -0.17134267 4.30515666 3.06050754
v -0.08867691 4.30515688 3.07398717
v -0.10558347 4.30515666 3.06698425
v -0.1903056 4.30515688 3.05377197
v -0.17200607 4.30515666 3.05377197
v -0.09355845 4.30515688 3.0831199
v -0.10877395 4.30515666 3.07295323
v -0.18929058 4.30515688 3.04346635
v -0.17134267 4.30515666 3.04703641
v -0.1001279 4.30515688 3.0911248
v -0.11306762 4.30515666 3.07818508
v -0.18628454 4.30515688 3.03355676
v -0.16937798 4.30515666 3.04055969
v -0.10813281 4.30515688 3.09769425
v -0.11829948 4.30515666 3.08247875
v -0.18140301 4.30515688 3.02442405
v -0.16618751 4.30515666 3.03459073
v -0.11726552 4.30515688 3.10257579
v -0.12426845 4.30515666 3.08566924
v -0.12717511 4.30515688 3.00196212
v -0.13748073 4.30515688 3.00094711
v -0.13748073 4.30515666 3.01924663
v -0.13074517 4.30515666 3.01991003
v -0.17483356 4.30515688 3.01641915
v -0.16189384 4.30515666 3.02935887
v -0.12717511 4.30515688 3.10558183
v -0.13074517 4.30515666 3.08763393
v -0.11726552 4.30515688 3.00496816
v -0.12426845 4.30515666 3.02187471
v -0.16682866 4.30515688 3.0098497
v -0.15666199 4.30515666 3.0250652
v -0.13748073 4.30515688 3.10659684
v -0.13748073 4.30515666 3.08829732
v -0.1081328 4.30515688 3.0098497
v -0.11829947 4.30515666 3.0250652
v -0.15769593 4.30515688 3.00496816
v -0.15069301 4.30515666 3.02187471
v -0.14778635 4.30515688 3.10558183
v -0.14421629 4.30515666 3.08763393
v -0.1001279 4.30515688 3.01641915
v -0.11306762 4.30515666 3.02935887
v -0.14778634 4.30515688 3.00196212
v -0.14421629 4.30515666 3.01991002
v -0.15769593 4.30515688 3.10257579
v -0.15069301 4.30515666 3.08566924
v -0.09355845 4.30515688 3.02442405
v -0.10877395 4.30515666 3.03459072
v -0.16682866 4.30515688 3.09769424
v -0.15666199 4.30515666 3.08247874
v -0.08867691 4.30515688 3.03355677
v -0.10558347 4.30515666 3.0405597
v -0.17483355 4.30515688 3.0911248
v -0.16189384 4.30515666 3.07818508
v -0.08567088 4.30515688 3.04346635
v -0.10361878 4.30515666 3.04703641
v -0.181403 4.30515688 3.08311991
v -0.1661875 4.30515666 3.07295324
v -0.13074516 4.42024716 3.08763393
v -0.12426844 4.42024716 3.08566924
v -0.12008091 4.42024696 3.09577884
v -0.12861037 4.42024696 3.09836622
v -0.16937798 4.30515666 3.04055969
v -0.17134267 4.30515666 3.04703641
v -0.17134267 4.42024716 3.04703641
v -0.16937798 4.42024716 3.04055969
v -0.11829948 4.30515666 3.08247875
v -0.11306762 4.30515666 3.07818508
v -0.11306761 4.42024716 3.07818508
v -0.11829947 4.42024716 3.08247875
v -0.16618751 4.30515666 3.03459073
v -0.1661875 4.42024716 3.03459073
v -0.12426845 4.30515666 3.08566924
v -0.12426844 4.42024716 3.08566924
v -0.13074517 4.30515666 3.01991003
v -0.13748073 4.30515666 3.01924663
v -0.13748072 4.42024716 3.01924663
v -0.13074516 4.42024716 3.01991003
v -0.16189384 4.30515666 3.02935887
v -0.16189383 4.42024716 3.02935887
v -0.13074517 4.30515666 3.08763393
v -0.12426845 4.30515666 3.08566924
v -0.12426844 4.42024716 3.08566924
v -0.13074516 4.42024716 3.08763393
v -0.12426845 4.30515666 3.02187471
v -0.12426844 4.42024716 3.02187471
v -0.15666199 4.30515666 3.0250652
v -0.16189384 4.30515666 3.02935887
v -0.16189383 4.42024716 3.02935887
v -0.15666198 4.42024716 3.0250652
v -0.13748073 4.30515666 3.08829732
v -0.13748072 4.42024716 3.08829732
v -0.11829947 4.30515666 3.0250652
v -0.11829947 4.42024716 3.0250652
v -0.15069301 4.30515666 3.02187471
v -0.150693 4.42024716 3.02187471
v -0.14421629 4.30515666 3.08763393
v -0.14421628 4.42024716 3.08763393
v -0.11306762 4.30515666 3.02935887
v -0.11306761 4.42024716 3.02935887
v -0.14421629 4.30515666 3.01991002
v -0.14421628 4.42024716 3.01991002
v -0.15069301 4.30515666 3.08566924
v -0.150693 4.42024716 3.08566924
v -0.10877395 4.30515666 3.03459072
v -0.11306762 4.30515666 3.02935887
v -0.11306761 4.42024716 3.02935887
v -0.10877395 4.42024716 3.03459072
v -0.15666199 4.30515666 3.08247874
v -0.15666198 4.42024716 3.08247874
v -0.10558347 4.30515666 3.0405597
v -0.10558346 4.42024716 3.0405597
v -0.16189384 4.30515666 3.07818508
v -0.16189383 4.42024716 3.07818508
v -0.10361878 4.30515666 3.04703641
v -0.10361878 4.42024716 3.04703641
v -0.1661875 4.30515666 3.07295324
v -0.16189384 4.30515666 3.07818508
v -0.16189383 4.42024716 3.07818508
v -0.16618749 4.42024716 3.07295324
v -0.10295539 4.30515666 3.05377197
v -0.10295538 4.42024716 3.05377197
v -0.16937799 4.30515666 3.06698426
v -0.16937798 4.42024716 3.06698426
v -0.10361878 4.30515666 3.06050753
v -0.10361878 4.42024716 3.06050753
v -0.17134267 4.30515666 3.06050754
v -0.17134267 4.42024716 3.06050754
v -0.10558347 4.30515666 3.06698425
v -0.10558346 4.42024716 3.06698425
v -0.17200607 4.30515666 3.05377197
v -0.17200607 4.42024716 3.05377197
v -0.15488053 4.42024696 3.09577884
v -0.14635107 4.42024696 3.09836622
v -0.14269903 4.43890056 3.08000612
v -0.14771679 4.43890056 3.078484
v -0.12426844 4.42024716 3.02187471
v -0.13074516 4.42024716 3.01991003
v -0.12861037 4.42024696 3.00917773
v -0.12008091 4.42024696 3.01176511
v -0.15666198 4.42024716 3.0250652
v -0.16189383 4.42024716 3.02935887
v -0.16963139 4.42024696 3.02162131
v -0.16274134 4.42024696 3.01596679
v -0.13748072 4.42024716 3.08829732
v -0.13748073 4.42024696 3.09923988
v -0.11829947 4.42024716 3.0250652
v -0.11222011 4.42024696 3.01596679
v -0.150693 4.42024716 3.02187471
v -0.15488053 4.42024696 3.01176511
v -0.14421628 4.42024716 3.08763393
v -0.14635107 4.42024696 3.09836622
v -0.11306761 4.42024716 3.02935887
v -0.10533006 4.42024696 3.02162131
v -0.14421628 4.42024716 3.01991002
v -0.14635107 4.42024696 3.00917773
v -0.150693 4.42024716 3.08566924
v -0.15488053 4.42024696 3.09577884
v -0.10877395 4.42024716 3.03459072
v -0.09967554 4.42024696 3.02851136
v -0.13748072 4.42024716 3.01924663
v -0.13748072 4.42024696 3.00830408
v -0.15666198 4.42024716 3.08247874
v -0.16274134 4.42024696 3.09157714
v -0.10558346 4.42024716 3.0405597
v -0.09547386 4.42024696 3.03637216
v -0.16189383 4.42024716 3.07818508
v -0.16963138 4.42024696 3.08592264
v -0.10361878 4.42024716 3.04703641
v -0.09288648 4.42024696 3.04490162
v -0.16618749 4.42024716 3.07295324
v -0.1752859 4.42024696 3.0790326
v -0.10295538 4.42024716 3.05377197
v -0.09201283 4.42024696 3.05377197
v -0.16937798 4.42024716 3.06698426
v -0.17948759 4.42024696 3.07117179
v -0.10361878 4.42024716 3.06050753
v -0.09288648 4.42024696 3.06264232
v -0.17134267 4.42024716 3.06050754
v -0.18207497 4.42024696 3.06264232
v -0.10558346 4.42024716 3.06698425
v -0.09547386 4.42024696 3.07117178
v -0.17200607 4.42024716 3.05377197
v -0.18294862 4.42024696 3.05377197
v -0.10877395 4.42024716 3.07295323
v -0.09967554 4.42024696 3.07903258
v -0.17134267 4.42024716 3.04703641
v -0.18207497 4.42024696 3.04490162
v -0.11306761 4.42024716 3.07818508
v -0.10533006 4.42024696 3.08592263
v -0.16937798 4.42024716 3.04055969
v -0.17948758 4.42024696 3.03637215
v -0.11829947 4.42024716 3.08247875
v -0.11222011 4.42024696 3.09157715
v -0.1661875 4.42024716 3.03459073
v -0.17528591 4.42024696 3.02851137
v -0.15972096 4.43890056 3.06863243
v -0.1563945 4.43890056 3.07268574
v -0.1479902 4.43890085 3.06428144
v -0.14983856 4.43890085 3.06202921
v -0.09967554 4.42024696 3.02851136
v -0.10533006 4.42024696 3.02162131
v -0.11856697 4.43890056 3.03485821
v -0.1152405 4.43890056 3.03891152
v -0.13748072 4.42024696 3.00830408
v -0.14635107 4.42024696 3.00917773
v -0.14269903 4.43890056 3.02753783
v -0.13748073 4.43890056 3.02702387
v -0.16274134 4.42024696 3.09157714
v -0.15488053 4.42024696 3.09577884
v -0.14771679 4.43890056 3.078484
v -0.15234119 4.43890056 3.0760122
v -0.09547386 4.42024696 3.03637216
v -0.09967554 4.42024696 3.02851136
v -0.1152405 4.43890056 3.03891152
v -0.11276871 4.43890056 3.04353592
v -0.16963138 4.42024696 3.08592264
v -0.16274134 4.42024696 3.09157714
v -0.15234119 4.43890056 3.0760122
v -0.1563945 4.43890056 3.07268574
v -0.09288648 4.42024696 3.04490162
v -0.09547386 4.42024696 3.03637216
v -0.11276871 4.43890056 3.04353592
v -0.11124659 4.43890056 3.04855368
v -0.1752859 4.42024696 3.0790326
v -0.16963138 4.42024696 3.08592264
v -0.1563945 4.43890056 3.07268574
v -0.15972096 4.43890056 3.06863243
v -0.09201283 4.42024696 3.05377197
v -0.09288648 4.42024696 3.04490162
v -0.11124659 4.43890056 3.04855368
v -0.11073264 4.43890056 3.05377197
v -0.17948759 4.42024696 3.07117179
v -0.1752859 4.42024696 3.0790326
v -0.15972096 4.43890056 3.06863243
v -0.16219276 4.43890056 3.06400803
v -0.09288648 4.42024696 3.06264232
v -0.09201283 4.42024696 3.05377197
v -0.11073264 4.43890056 3.05377197
v -0.11124659 4.43890056 3.05899027
v -0.18207497 4.42024696 3.06264232
v -0.17948759 4.42024696 3.07117179
v -0.16219276 4.43890056 3.06400803
v -0.16371487 4.43890056 3.05899027
v -0.09547386 4.42024696 3.07117178
v -0.09288648 4.42024696 3.06264232
v -0.11124659 4.43890056 3.05899027
v -0.11276871 4.43890056 3.06400803
v -0.18294862 4.42024696 3.05377197
v -0.18207497 4.42024696 3.06264232
v -0.16371487 4.43890056 3.05899027
v -0.16422884 4.43890056 3.05377197
v -0.09967554 4.42024696 3.07903258
v -0.09547386 4.42024696 3.07117178
v -0.11276871 4.43890056 3.06400803
v -0.1152405 4.43890056 3.06863242
v -0.18207497 4.42024696 3.04490162
v -0.18294862 4.42024696 3.05377197
v -0.16422884 4.43890056 3.05377197
v -0.16371487 4.43890056 3.04855368
v -0.10533006 4.42024696 3.08592263
v -0.09967554 4.42024696 3.07903258
v -0.1152405 4.43890056 3.06863242
v -0.11856697 4.43890056 3.07268574
v -0.17948758 4.42024696 3.03637215
v -0.18207497 4.42024696 3.04490162
v -0.16371487 4.43890056 3.04855368
v -0.16219275 4.43890056 3.04353591
v -0.11222011 4.42024696 3.09157715
v -0.10533006 4.42024696 3.08592263
v -0.11856697 4.43890056 3.07268574
v -0.12262029 4.43890056 3.07601221
v -0.17528591 4.42024696 3.02851137
v -0.17948758 4.42024696 3.03637215
v -0.16219275 4.43890056 3.04353591
v -0.15972097 4.43890056 3.03891153
v -0.12008091 4.42024696 3.09577884
v -0.11222011 4.42024696 3.09157715
v -0.12262029 4.43890056 3.07601221
v -0.12724468 4.43890056 3.078484
v -0.12861037 4.42024696 3.00917773
v -0.13748072 4.42024696 3.00830408
v -0.13748073 4.43890056 3.02702387
v -0.13226244 4.43890056 3.02753783
v -0.16963139 4.42024696 3.02162131
v -0.17528591 4.42024696 3.02851137
v -0.15972097 4.43890056 3.03891153
v -0.1563945 4.43890056 3.03485821
v -0.12861037 4.42024696 3.09836622
v -0.12008091 4.42024696 3.09577884
v -0.12724468 4.43890056 3.078484
v -0.13226244 4.43890056 3.08000612
v -0.12008091 4.42024696 3.01176511
v -0.12861037 4.42024696 3.00917773
v -0.13226244 4.43890056 3.02753783
v -0.12724468 4.43890056 3.02905995
v -0.16274134 4.42024696 3.01596679
v -0.16963139 4.42024696 3.02162131
v -0.1563945 4.43890056 3.03485821
v -0.15234119 4.43890056 3.03153174
v -0.13748073 4.42024696 3.09923988
v -0.12861037 4.42024696 3.09836622
v -0.13226244 4.43890056 3.08000612
v -0.13748074 4.43890056 3.08052008
v -0.11222011 4.42024696 3.01596679
v -0.12008091 4.42024696 3.01176511
v -0.12724468 4.43890056 3.02905995
v -0.12262028 4.43890056 3.03153174
v -0.15488053 4.42024696 3.01176511
v -0.16274134 4.42024696 3.01596679
v -0.15234119 4.43890056 3.03153174
v -0.14771679 4.43890056 3.02905995
v -0.14635107 4.42024696 3.09836622
v -0.13748073 4.42024696 3.09923988
v -0.13748074 4.43890056 3.08052008
v -0.14269903 4.43890056 3.08000612
v -0.10533006 4.42024696 3.02162131
v -0.11222011 4.42024696 3.01596679
v -0.12262028 4.43890056 3.03153174
v -0.11856697 4.43890056 3.03485821
v -0.14635107 4.42024696 3.00917773
v -0.15488053 4.42024696 3.01176511
v -0.14771679 4.43890056 3.02905995
v -0.14269903 4.43890056 3.02753783
v -0.15234336 4.43890085 3.05377197
v -0.15205778 4.43890085 3.05667153
v -0.14523136 4.56166512 3.0553137
v -0.14538321 4.56166512 3.05377197
v -0.11073264 4.43890056 3.05377197
v -0.11124659 4.43890056 3.04855368
v -0.12290369 4.43890085 3.05087242
v -0.1226181 4.43890085 3.05377197
v -0.16219276 4.43890056 3.06400803
v -0.15121201 4.43890085 3.05945966
v -0.11124659 4.43890056 3.05899027
v -0.12290369 4.43890085 3.05667153
v -0.16371487 4.43890056 3.05899027
v -0.15205778 4.43890085 3.05667153
v -0.11276871 4.43890056 3.06400803
v -0.12374945 4.43890085 3.05945965
v -0.16422884 4.43890056 3.05377197
v -0.15234336 4.43890085 3.05377197
v -0.1152405 4.43890056 3.06863242
v -0.12512291 4.43890085 3.06202921
v -0.16371487 4.43890056 3.04855368
v -0.15205778 4.43890085 3.05087242
v -0.11856697 4.43890056 3.07268574
v -0.12697127 4.43890085 3.06428144
v -0.16219275 4.43890056 3.04353591
v -0.15121201 4.43890085 3.04808429
v -0.12262029 4.43890056 3.07601221
v -0.1292235 4.43890085 3.0661298
v -0.15972097 4.43890056 3.03891153
v -0.14983856 4.43890085 3.04551474
v -0.12724468 4.43890056 3.078484
v -0.13179305 4.43890085 3.06750326
v -0.13226244 4.43890056 3.02753783
v -0.13748073 4.43890056 3.02702387
v -0.13748073 4.43890085 3.03890934
v -0.13458118 4.43890085 3.03919493
v -0.1563945 4.43890056 3.03485821
v -0.1479902 4.43890085 3.04326251
v -0.13226244 4.43890056 3.08000612
v -0.13458118 4.43890085 3.06834902
v -0.12724468 4.43890056 3.02905995
v -0.13179305 4.43890085 3.04004069
v -0.15234119 4.43890056 3.03153174
v -0.14573797 4.43890085 3.04141415
v -0.13748074 4.43890056 3.08052008
v -0.13748073 4.43890085 3.0686346
v -0.12262028 4.43890056 3.03153174
v -0.1292235 4.43890085 3.04141415
v -0.14771679 4.43890056 3.02905995
v -0.14316841 4.43890085 3.04004069
v -0.14269903 4.43890056 3.08000612
v -0.14038029 4.43890085 3.06834902
v -0.11856697 4.43890056 3.03485821
v -0.12697127 4.43890085 3.04326251
v -0.14269903 4.43890056 3.02753783
v -0.14038029 4.43890085 3.03919492
v -0.14771679 4.43890056 3.078484
v -0.14316841 4.43890085 3.06750326
v -0.1152405 4.43890056 3.03891152
v -0.12512291 4.43890085 3.04551474
v -0.15234119 4.43890056 3.0760122
v -0.14573797 4.43890085 3.0661298
v -0.11276871 4.43890056 3.04353592
v -0.12374945 4.43890085 3.04808429
v -0.14405138 4.56166512 3.04938152
v -0.14478166 4.56166512 3.05074777
v -0.14116554 4.76679254 3.05224581
v -0.140797 4.76679254 3.05155633
v -0.12512291 4.43890085 3.06202921
v -0.12374945 4.43890085 3.05945965
v -0.13017952 4.56166512 3.05679617
v -0.1309098 4.56166512 3.05816243
v -0.15205778 4.43890085 3.05087242
v -0.14523136 4.56166512 3.05223025
v -0.12697127 4.43890085 3.06428144
v -0.1318926 4.56166512 3.05935997
v -0.15121201 4.43890085 3.04808429
v -0.1292235 4.43890085 3.0661298
v -0.12697127 4.43890085 3.06428144
v -0.1318926 4.56166512 3.05935997
v -0.13309013 4.56166512 3.06034276
v -0.14983856 4.43890085 3.04551474
v -0.13179305 4.43890085 3.06750326
v -0.13445639 4.56166512 3.06107304
v -0.13458118 4.43890085 3.03919493
v -0.13748073 4.43890085 3.03890934
v -0.13748059 4.56166512 3.04586936
v -0.13593887 4.56166512 3.0460212
v -0.1479902 4.43890085 3.04326251
v -0.14306859 4.56166512 3.04818398
v -0.13458118 4.43890085 3.06834902
v -0.13593887 4.56166512 3.06152275
v -0.13179305 4.43890085 3.04004069
v -0.13445639 4.56166512 3.04647091
v -0.14573797 4.43890085 3.04141415
v -0.1479902 4.43890085 3.04326251
v -0.14306859 4.56166512 3.04818398
v -0.14187105 4.56166512 3.04720119
v -0.13748073 4.43890085 3.0686346
v -0.13748059 4.56166512 3.06167459
v -0.1292235 4.43890085 3.04141415
v -0.13179305 4.43890085 3.04004069
v -0.13445639 4.56166512 3.04647091
v -0.13309013 4.56166512 3.04720119
v -0.14316841 4.43890085 3.04004069
v -0.14050479 4.56166512 3.04647091
v -0.14038029 4.43890085 3.06834902
v -0.13902232 4.56166512 3.06152275
v -0.12697127 4.43890085 3.04326251
v -0.1318926 4.56166512 3.04818398
v -0.14038029 4.43890085 3.03919492
v -0.13902232 4.56166512 3.0460212
v -0.14316841 4.43890085 3.06750326
v -0.14050479 4.56166512 3.06107304
v -0.12512291 4.43890085 3.04551474
v -0.12697127 4.43890085 3.04326251
v -0.1318926 4.56166512 3.04818398
v -0.1309098 4.56166512 3.04938151
v -0.14573797 4.43890085 3.0661298
v -0.14316841 4.43890085 3.06750326
v -0.14050479 4.56166512 3.06107304
v -0.14187105 4.56166512 3.06034276
v -0.12374945 4.43890085 3.04808429
v -0.13017952 4.56166512 3.05074777
v -0.1479902 4.43890085 3.06428144
v -0.14306859 4.56166512 3.05935997
v -0.12290369 4.43890085 3.05087242
v -0.12972982 4.56166512 3.05223025
v -0.14983856 4.43890085 3.06202921
v -0.1479902 4.43890085 3.06428144
v -0.14306859 4.56166512 3.05935997
v -0.14405138 4.56166512 3.05816244
v -0.1226181 4.43890085 3.05377197
v -0.12957797 4.56166512 3.05377197
v -0.15121201 4.43890085 3.05945966
v -0.14478166 4.56166512 3.05679618
v -0.12290369 4.43890085 3.05667153
v -0.12972982 4.56166512 3.0553137
v -0.1352654 4.76679254 3.05708792
v -0.13595489 4.76679254 3.05745646
v -0.13748105 4.76679254 3.04978391
v -0.13670302 4.76679254 3.04986054
v -0.14030104 4.76679254 3.05095199
v -0.13670302 4.76679254 3.0576834
v -0.13595489 4.76679254 3.05008749
v -0.14030104 4.76679254 3.05095199
v -0.1396967 4.76679254 3.05045602
v -0.13748105 4.76679254 3.05776003
v -0.13595489 4.76679254 3.05008749
v -0.1352654 4.76679254 3.05045602
v -0.13900721 4.76679254 3.05008749
v -0.13825908 4.76679254 3.0576834
v -0.13466107 4.76679254 3.05095199
v -0.13825908 4.76679254 3.04986054
v -0.13900721 4.76679254 3.05745646
v -0.13466107 4.76679254 3.05095199
v -0.1341651 4.76679254 3.05155633
v -0.14187105 4.56166512 3.06034276
v -0.1396967 4.76679254 3.05708792
v -0.13379657 4.76679254 3.05224581
v -0.1396967 4.76679254 3.05708792
v -0.14030103 4.76679254 3.05659196
v -0.13356962 4.76679254 3.05299394
v -0.14030103 4.76679254 3.05659196
v -0.140797 4.76679254 3.05598762
v -0.13349299 4.76679254 3.05377197
v -0.14116554 4.76679254 3.05529814
v -0.13356962 4.76679254 3.05455001
v -0.14139248 4.76679254 3.05455001
v -0.13379657 4.76679254 3.05529814
v -0.14146911 4.76679254 3.05377197
v -0.1341651 4.76679254 3.05598762
v -0.14139248 4.76679254 3.05299394
v -0.13466107 4.76679254 3.05659196
v -0.13466107 4.76679254 3.05659196
v -0.50352085 3.00399282 3.41781756
v -0.43798539 3.01517019 3.3522821
v -0.43798539 3.01517019 2.75245741
v -0.50352085 3.00399282 2.68692195
v -0.50352085 3.00399282 2.68692195
v -0.43798539 3.01517019 2.75245741
v 0.1618393 3.01517019 2.75245741
v 0.22737476 3.00399282 2.68692195
v 0.22737476 3.00399282 2.68692195
v 0.1618393 3.01517019 2.75245741
v 0.1618393 3.01517019 3.3522821
v 0.22737476 3.00399282 3.41781756
v 0.22737476 3.00399282 3.41781756
v 0.1618393 3.01517019 3.3522821
v -0.43798539 3.01517019 3.3522821
v -0.50352085 3.00399282 3.41781756
v -0.50352085 0.00447313 2.68692195
v 0.22737476 0.00447313 2.68692195
v 0.22737476 0.00447313 3.41781756
v -0.50352085 0.00447313 3.41781756
v 0.1618393 3.01517019 3.3522821
v 0.1618393 3.01517019 2.75245741
v 0.1618393 3.51322797 2.75245741
v 0.1618393 3.51322797 3.3522821
v 0.22737476 0.00447313 3.41781756
v 0.22737476 3.00399282 3.41781756
v -0.50352085 3.00399282 3.41781756
v -0.50352085 0.00447313 3.41781756
v 0.22737476 0.00447313 2.68692195
v 0.22737476 3.00399282 2.68692195
v 0.22737476 3.00399282 3.41781756
v 0.22737476 0.00447313 3.41781756
v -0.50352085 0.00447313 2.68692195
v -0.50352085 3.00399282 2.68692195
v 0.22737476 3.00399282 2.68692195
v 0.22737476 0.00447313 2.68692195
v -0.50352085 0.00447313 3.41781756
v -0.50352085 3.00399282 3.41781756
v -0.50352085 3.00399282 2.68692195
v -0.50352085 0.00447313 2.68692195
v -0.43798539 3.51322797 3.3522821
v 0.1618393 3.51322797 3.3522821
v 0.10466685 3.51322797 3.29510965
v -0.38081294 3.51322797 3.29510965
v -0.43798539 3.01517019 2.75245741
v -0.43798539 3.01517019 3.3522821
v -0.43798539 3.51322797 3.3522821
v -0.43798539 3.51322797 2.75245741
v -0.43798539 3.01517019 3.3522821
v 0.1618393 3.01517019 3.3522821
v 0.1618393 3.51322797 3.3522821
v -0.43798539 3.51322797 3.3522821
v 0.1618393 3.01517019 2.75245741
v -0.43798539 3.01517019 2.75245741
v -0.43798539 3.51322797 2.75245741
v 0.1618393 3.51322797 2.75245741
v 0.1618393 3.51322797 2.75245741
v -0.43798539 3.51322797 2.75245741
v -0.38081294 3.51322797 2.80962987
v 0.10466685 3.51322797 2.80962987
v 0.1618393 3.51322797 3.3522821
v 0.1618393 3.51322797 2.75245741
v 0.10466685 3.51322797 2.80962987
v 0.10466685 3.51322797 3.29510965
v -0.43798539 3.51322797 2.75245741
v -0.43798539 3.51322797 3.3522821
v -0.38081294 3.51322797 3.29510965
v -0.38081294 3.51322797 2.80962987
v -0.38081294 3.51322797 3.29510965
v 0.10466685 3.51322797 3.29510965
v 0.10466685 3.8177014 3.29510965
v -0.38081294 3.8177014 3.29510965
v -0.31164644 3.88686785 3.22594315
v 0.03550035 3.88686785 3.22594315
v -0.00457443 3.92595559 3.18586837
v -0.27157166 3.92595559 3.18586837
v 0.10466685 3.51322797 2.80962987
v -0.38081294 3.51322797 2.80962987
v -0.38081294 3.8177014 2.80962987
v 0.10466685 3.8177014 2.80962987
v 0.10466685 3.51322797 3.29510965
v 0.10466685 3.51322797 2.80962987
v 0.10466685 3.8177014 2.80962987
v 0.10466685 3.8177014 3.29510965
v -0.31164644 3.88686785 3.22594315
v -0.31164644 3.88686785 2.87879636
v -0.34622968 3.87760134 2.84421312
v -0.34622968 3.87760134 3.26052639
v -0.37154637 3.85228453 2.81889643
v -0.37154637 3.85228453 3.28584309
v -0.37154637 3.85228453 3.28584309
v -0.37154637 3.85228453 2.81889643
v -0.38081294 3.8177014 2.80962987
v -0.38081294 3.8177014 3.29510965
v -0.31164644 3.88686785 2.87879636
v 0.03550035 3.88686785 2.87879636
v 0.07008359 3.87760134 2.84421312
v -0.34622968 3.87760134 2.84421312
v 0.09540028 3.85228453 2.81889643
v -0.37154637 3.85228453 2.81889643
v -0.37154637 3.85228453 2.81889643
v 0.09540028 3.85228453 2.81889643
v 0.10466685 3.8177014 2.80962987
v -0.38081294 3.8177014 2.80962987
v 0.03550035 3.88686785 2.87879636
v 0.03550035 3.88686785 3.22594315
v 0.07008359 3.87760134 3.26052639
v 0.07008359 3.87760134 2.84421312
v 0.09540028 3.85228453 3.28584309
v 0.09540028 3.85228453 2.81889643
v 0.09540028 3.85228453 2.81889643
v 0.09540028 3.85228453 3.28584309
v 0.10466685 3.8177014 3.29510965
v 0.10466685 3.8177014 2.80962987
v -0.34622968 3.87760134 3.26052639
v 0.07008359 3.87760134 3.26052639
v -0.37154637 3.85228453 3.28584309
v 0.09540028 3.85228453 3.28584309
v 0.09540028 3.85228453 3.28584309
v -0.37154637 3.85228453 3.28584309
v -0.38081294 3.8177014 3.29510965
v 0.10466685 3.8177014 3.29510965
v -0.38081294 3.51322797 2.80962987
v -0.38081294 3.51322797 3.29510965
v -0.38081294 3.8177014 3.29510965
v -0.38081294 3.8177014 2.80962987
v -0.06210481 4.03332316 3.12833798
v -0.21404128 4.03332316 3.12833798
v -0.27157166 3.92595559 3.18586837
v -0.27157166 3.92595559 2.91887114
v -0.27157166 3.92595559 2.91887114
v -0.00457443 3.92595559 2.91887114
v -0.00457443 3.92595559 2.91887114
v -0.00457443 3.92595559 3.18586837
v -0.21404128 4.03332316 2.97640152
v -0.06210481 4.03332316 2.97640152
v -0.06210481 4.03332316 2.97640152
v -0.06210481 4.03332316 3.12833798
v -0.21404128 4.03332316 3.12833798
v -0.21404128 4.03332316 2.97640152
v -0.06210481 4.03332316 2.97640152
v -0.21404128 4.03332316 2.97640152
v -0.21404128 4.04212214 2.97640152
v -0.06210481 4.04212214 2.97640152
v -0.06210481 4.04212214 2.97640152
v -0.21404128 4.04212214 2.97640152
v -0.21404128 4.04212214 3.12833798
v -0.06210481 4.04212214 3.12833798
v -0.06210481 4.03332316 3.12833798
v -0.06210481 4.04212214 3.12833798
v -0.21404128 4.03332316 3.12833798
v -0.21404128 4.04212214 3.12833798
v -0.06210481 4.03332316 3.12833798
v -0.06210481 4.04212214 3.12833798
v -0.12741327 4.04277531 3.00315941
v -0.1475482 4.04277531 3.00315941
v -0.13748074 4.04277531 3.00216785
v -0.15722878 4.04277531 3.00609598
v -0.11773269 4.04277531 3.00609599
v -0.16615045 4.04277531 3.01086472
v -0.10881102 4.04277531 3.01086472
v -0.10099111 4.04277531 3.01728235
v -0.17397036 4.04277531 3.01728235
v -0.09457348 4.04277531 3.02510226
v -0.180388 4.04277531 3.02510227
v -0.08980475 4.04277531 3.03402393
v -0.18515672 4.04277531 3.03402392
v -0.18809329 4.04277531 3.0437045
v -0.08686818 4.04277531 3.04370451
v -0.18908485 4.04277531 3.05377197
v -0.08587662 4.04277531 3.05377197
v -0.18809329 4.04277531 3.06383944
v -0.08686818 4.04277531 3.06383944
v -0.08980475 4.04277531 3.07352001
v -0.18515672 4.04277531 3.07352002
v -0.09457348 4.04277531 3.08244168
v -0.18038798 4.04277531 3.08244169
v -0.10099111 4.04277531 3.09026159
v -0.17397035 4.04277531 3.0902616
v -0.10881103 4.04277531 3.09667923
v -0.16615045 4.04277531 3.09667922
v -0.15722878 4.04277531 3.10144796
v -0.11773269 4.04277531 3.10144796
v -0.12741327 4.04277531 3.10438453
v -0.1475482 4.04277531 3.10438453
v -0.13748074 4.04277531 3.10537609
v -0.13825908 4.76679254 3.04986054
v -0.13670302 4.76679254 3.04986054
v -0.13748105 4.76679254 3.04978391
v -0.13900721 4.76679254 3.05008749
v -0.13595489 4.76679254 3.05008749
v -0.1396967 4.76679254 3.05045602
v -0.1352654 4.76679254 3.05045602
v -0.14030104 4.76679254 3.05095199
v -0.13466107 4.76679254 3.05095199
v -0.1341651 4.76679254 3.05155633
v -0.140797 4.76679254 3.05155633
v -0.13379657 4.76679254 3.05224581
v -0.14116554 4.76679254 3.05224581
v -0.14139248 4.76679254 3.05299394
v -0.13356962 4.76679254 3.05299394
v -0.14146911 4.76679254 3.05377197
v -0.13349299 4.76679254 3.05377197
v -0.14139248 4.76679254 3.05455001
v -0.13356962 4.76679254 3.05455001
v -0.13379657 4.76679254 3.05529814
v -0.14116554 4.76679254 3.05529814
v -0.1341651 4.76679254 3.05598762
v -0.140797 4.76679254 3.05598762
v -0.13466107 4.76679254 3.05659196
v -0.14030103 4.76679254 3.05659196
v -0.1352654 4.76679254 3.05708792
v -0.1396967 4.76679254 3.05708792
v -0.13900721 4.76679254 3.05745646
v -0.13595489 4.76679254 3.05745646
v -0.13825908 4.76679254 3.0576834
v -0.13670302 4.76679254 3.0576834
v -0.13748105 4.76679254 3.05776003
vn 0.09802 0 -0.99518
vn 0.29028 0 -0.95694
vn 0.4714 0 -0.88192
vn 0.63439 0 -0.77301
vn 0.77301 0 -0.63439
vn 0.88192 0 -0.4714
vn 0.95694 0 -0.29028
vn 0.99518 0 -0.09802
vn 0.99518 0 0.09802
vn 0.95694 0 0.29028
vn 0.88192 0 0.4714
vn 0.77301 0 0.63439
vn 0.63439 0 0.77301
vn 0.4714 0 0.88192
vn 0.29028 0 0.95694
vn 0.09802 0 0.99518
vn -0.09802 0 0.99518
vn -0.29028 0 0.95694
vn -0.4714 0 0.88192
vn -0.63439 0 0.77301
vn -0.77301 0 0.63439
vn -0.88192 0 0.4714
vn -0.95694 0 0.29028
vn -0.99518 0 0.09802
vn -0.99518 0 -0.09802
vn -0.95694 0 -0.29028
vn -0.88192 0 -0.4714
vn -0.77301 0 -0.63439
vn -0.63439 0 -0.77301
vn -0.4714 0 -0.88192
vn 0.4714 -0 0.88192
vn -0.29028 0 -0.95694
vn -0.09802 0 -0.99518
vn 0 -1 1E-05
vn -0.95694 0 0.29028
vn 0.09802 0 -0.99518
vn -0.09802 0 -0.99518
vn 0.95694 0 0.29028
vn -0.4714 0 0.88192
vn -0.77301 0 -0.63439
vn 0.88192 0 -0.4714
vn 0.29028 0 0.95694
vn -0.99518 0 0.09802
vn 0.29028 0 -0.95694
vn 0.88192 0 0.4714
vn -0.63439 0 0.77301
vn -0.63439 0 -0.77301
vn 0.95694 0 -0.29028
vn 0.09802 0 0.99518
vn -0.99518 0 -0.09802
vn 0.4714 0 -0.88192
vn 0.77301 0 0.63439
vn -0.77301 0 0.63439
vn -0.4714 0 -0.88192
vn 0.99518 0 -0.09802
vn -0.09802 0 0.99518
vn -0.95694 0 -0.29029
vn 0.63439 0 -0.77301
vn 0.63439 0 0.77301
vn -0.88192 0 0.4714
vn -0.29028 0 -0.95694
vn 0.99518 0 0.09802
vn -0.29028 0 0.95694
vn -0.88192 0 -0.4714
vn 0.77301 0 -0.63439
vn 0.77301 -0 -0.63439
vn 0.0235 0.99672 -0.07748
vn -0.88192 0 -0.4714
vn 0.08057 0.99672 0.00794
vn -0.29028 0 0.95694
vn 0.00794 0.99672 0.08058
vn 0.99518 -0 0.09802
vn 0.02351 -0.99671 -0.07752
vn -0.29028 0 -0.95694
vn 0.08063 -0.99671 0.00794
vn -0.88192 0 0.4714
vn 0.00794 -0.99671 0.08062
vn 0.63439 -0 0.77301
vn 0.0714 0.99672 0.03817
vn 0.63439 -0 -0.77301
vn -0.03816 0.99672 0.0714
vn -0.95694 0 -0.29029
vn -0.07748 0.99672 -0.0235
vn -0.09802 0 0.99518
vn 0.07145 -0.99671 0.03819
vn 0.99518 -0 -0.09802
vn -0.03819 -0.99671 0.07145
vn -0.4714 0 -0.88192
vn -0.07752 -0.99671 -0.02352
vn -0.77301 0 0.63439
vn -0.06259 0.99672 0.05136
vn 0.77301 -0 0.63439
vn -0.06259 0.99672 -0.05136
vn 0.4714 -0 -0.88192
vn 0.03817 0.99672 -0.0714
vn -0.99518 0 -0.09802
vn -0.06262 -0.99671 0.05139
vn -0.06262 -0.99671 -0.05139
vn 0.95694 -0 -0.29028
vn 0.03819 -0.99671 -0.07144
vn -0.63439 0 -0.77301
vn 0.06259 0.99672 -0.05136
vn -0.63439 0 0.77301
vn 0.06259 0.99672 0.05136
vn 0.88192 -0 0.4714
vn 0.06262 -0.99671 -0.05139
vn 0.06262 -0.99671 0.05139
vn -0.99518 0 0.09802
vn 0.03816 0.99672 0.0714
vn 0.29028 0 0.95694
vn -0.0714 0.99672 0.03817
vn 0.88192 -0 -0.4714
vn 0.03819 -0.99671 0.07145
vn -0.77301 0 -0.63439
vn -0.07144 -0.99671 0.03819
vn -0.4714 0 0.88192
vn -0.08057 0.99672 0.00794
vn 0.95694 -0 0.29028
vn -0.0235 0.99672 -0.07747
vn -0.09802 0 -0.99518
vn -0.08063 -0.99671 0.00794
vn 0.09802 0 -0.99518
vn -0.02352 -0.99671 -0.07752
vn -0.95694 0 0.29029
vn 0.00794 0.99672 -0.08057
vn 0.4714 -0 0.88192
vn 0.08057 0.99672 -0.00794
vn 0.77301 -0 -0.63439
vn -0.88192 0 -0.4714
vn -0.29028 0 0.95694
vn 0.99518 0 0.09802
vn -0.88192 0 0.4714
vn 0.63439 0 0.77301
vn 0.63439 0 -0.77301
vn -0.95694 0 -0.29028
vn -0.09802 0 0.99518
vn 0.99518 -0 -0.09802
vn -0.4714 0 -0.88192
vn -0.77301 0 0.63439
vn 0.77301 -0 0.63439
vn 0.4714 -0 -0.88192
vn -0.99518 0 -0.09802
vn 0.09802 0 0.99518
vn 0.95694 -0 -0.29028
vn -0.63439 0 -0.77301
vn -0.63439 0 0.77301
vn 0.88192 -0 0.4714
vn 0.29028 0 -0.95694
vn -0.99518 0 0.09802
vn 0.29028 0 0.95694
vn 0.88192 -0 -0.4714
vn -0.77301 0 -0.63439
vn -0.4714 0 0.88192
vn 0.95694 -0 0.29028
vn -0.09802 0 -0.99518
vn 0.09802 0 -0.99518
vn -0.95694 0 0.29028
vn 0.4714 -0 0.88192
vn -0.00794 -0.99671 0.08062
vn -0.00794 -0.99671 -0.08062
vn -0.08063 -0.99671 -0.00794
vn -0.00794 0.99672 0.08057
vn -0.00794 0.99672 -0.08057
vn -0.08057 0.99672 -0.00794
vn 0.07752 -0.99671 -0.02351
vn -0.07752 -0.99671 0.02352
vn 0.02352 -0.99671 0.07752
vn 0.07748 0.99672 -0.0235
vn -0.07747 0.99672 0.0235
vn 0.0235 0.99672 0.07748
vn -0.03818 -0.99671 -0.07145
vn 0.05139 -0.99671 0.06262
vn 0.07145 -0.99671 -0.03819
vn -0.03817 0.99672 -0.0714
vn 0.05136 0.99672 0.06258
vn 0.07141 0.99672 -0.03816
vn 0.05139 -0.99671 -0.06262
vn -0.05139 -0.99671 -0.06262
vn 0.05136 0.99672 -0.06258
vn -0.05136 0.99672 -0.06259
vn -0.07145 -0.99671 -0.03819
vn -0.05139 -0.99671 0.06262
vn -0.07141 0.99672 -0.03816
vn -0.05136 0.99672 0.06258
vn -0.02352 -0.99671 0.07752
vn 0.07752 -0.99671 0.02352
vn -0.0235 0.99672 0.07747
vn 0.07748 0.99672 0.0235
vn 0.08063 -0.99671 -0.00794
vn 0.00794 -0.99671 -0.08062
vn -0.77301 0 0.63439
vn -1E-05 -1 -0
vn 0 -1 1E-05
vn 0 -1 -1E-05
vn -0 -1 -0
vn 0 -1 1E-05
vn 0 -1 -1E-05
vn -0 -1 -1E-05
vn 0 -1 1E-05
vn 0 -1 -1E-05
vn -0 -1 -1E-05
vn -0 -1 1E-05
vn 0 -1 -1E-05
vn -0 -1 -1E-05
vn -0 -1 1E-05
vn 0 -1 -0
vn 0 -1 -1E-05
vn -0 -1 1E-05
vn 1E-05 -1 -0
vn -0 -1 1E-05
vn 0 -1 -0
vn -0 -1 0
vn 0 -1 -0
vn -1E-05 -1 0
vn 1E-05 -1 0
vn -1E-05 -1 0
vn 0 -1 0
vn -0 -1 0
vn 1E-05 -1 0
vn -0 -1 -0
vn 1E-05 -1 0
vn -1E-05 -1 -0
vn -2E-05 1 0
vn 0.99518 0 -0.09802
vn -0.88192 0 0.4714
vn 0.99518 0 0.09802
vn -0.95694 0 0.29028
vn 0.95694 0 0.29028
vn -0.99518 0 0.09802
vn 0.88192 0 0.4714
vn -0.99518 0 -0.09802
vn 0.77301 0 0.63439
vn -0.95694 0 -0.29028
vn 0.63439 0 0.77301
vn -0.88192 0 -0.4714
vn 0.4714 0 0.88192
vn 0.09802 0 -0.99518
vn -0.77301 0 -0.63439
vn 0.29028 0 -0.95694
vn -0.63439 0 -0.77301
vn 0.09802 0 0.99518
vn 0.4714 0 -0.88192
vn -0.4714 0 -0.88192
vn -0.09802 0 0.99518
vn 0.63439 0 -0.77301
vn -0.29028 0 -0.95694
vn -0.29028 0 0.95694
vn 0.77301 0 -0.63439
vn -0.4714 0 0.88192
vn 0.88192 0 -0.4714
vn -0.63439 0 0.77301
vn 0.95694 0 -0.29028
vn -0.88192 0 -0.4714
vn 2E-05 1 1E-05
vn -2E-05 1 -0
vn 2E-05 1 1E-05
vn -2E-05 1 -1E-05
vn 1E-05 1 1E-05
vn -2E-05 1 -1E-05
vn 1E-05 1 2E-05
vn 0 1 -2E-05
vn -2E-05 1 -1E-05
vn 1E-05 1 2E-05
vn 0 1 -2E-05
vn -1E-05 1 -1E-05
vn 0 1 2E-05
vn 1E-05 1 -2E-05
vn -1E-05 1 -2E-05
vn -0 1 2E-05
vn 2E-05 1 -1E-05
vn -1E-05 1 -2E-05
vn -0 1 2E-05
vn 2E-05 1 -1E-05
vn -0 1 -2E-05
vn -1E-05 1 2E-05
vn 1E-05 1 -1E-05
vn -2E-05 1 1E-05
vn 2E-05 1 -1E-05
vn -2E-05 1 1E-05
vn 2E-05 1 -0
vn -1E-05 1 1E-05
vn 2E-05 1 0
vn -2E-05 1 1E-05
vn 2E-05 1 1E-05
vn -1E-05 -1 1E-05
vn 0.4714 0 0.88192
vn 0.09802 0 -0.99518
vn -0.77301 0 -0.63439
vn 0.29028 0 0.95694
vn 0.29028 0 -0.95694
vn -0.63439 0 -0.77301
vn 0.09802 0 0.99518
vn 0.4714 0 -0.88192
vn -0.4714 0 -0.88192
vn -0.09802 0 0.99518
vn 0.63439 0 -0.77301
vn -0.29028 0 -0.95694
vn -0.29028 0 0.95694
vn 0.77301 0 -0.63439
vn -0.09802 0 -0.99518
vn -0.4714 0 0.88192
vn 0.88192 0 -0.4714
vn -0.63439 0 0.77301
vn 0.95694 0 -0.29028
vn -0.77301 0 0.63439
vn 0.99518 0 -0.09802
vn -0.88192 0 0.4714
vn 0.99518 0 0.09802
vn -0.95694 0 0.29028
vn 0.95694 0 0.29028
vn -0.99518 0 0.09802
vn 0.88192 0 0.4714
vn -0.99518 0 -0.09802
vn 0.77301 0 0.63439
vn -0.95694 0 -0.29028
vn 0.63439 0 0.77301
vn 0.61019 0.72201 -0.32615
vn 1E-05 -1 1E-05
vn 0 -1 -2E-05
vn -1E-05 -1 1E-05
vn 0 -1 1E-05
vn 0 -1 -1E-05
vn -1E-05 -1 1E-05
vn 0 -1 2E-05
vn 1E-05 -1 -1E-05
vn -1E-05 -1 1E-05
vn 1E-05 -1 -1E-05
vn -1E-05 -1 0
vn 1E-05 -1 -1E-05
vn -1E-05 -1 0
vn 1E-05 -1 -1E-05
vn -2E-05 -1 -0
vn 1E-05 -1 -0
vn -1E-05 -1 -0
vn 2E-05 -1 -0
vn -1E-05 -1 -1E-05
vn 1E-05 -1 0
vn -1E-05 -1 -1E-05
vn 1E-05 -1 0
vn -1E-05 -1 -1E-05
vn 1E-05 -1 1E-05
vn -1E-05 -1 -1E-05
vn -0 -1 2E-05
vn 1E-05 -1 1E-05
vn -0 -1 -1E-05
vn -0 -1 1E-05
vn 1E-05 -1 1E-05
vn -0 -1 -2E-05
vn -1E-05 1 -0
vn -0.43893 0.722 0.53484
vn 0.66209 0.72201 -0.20085
vn -0.53483 0.72201 0.43893
vn 0.68856 0.722 -0.06782
vn -0.61019 0.72201 0.32615
vn 0.68856 0.72201 0.06782
vn -0.66209 0.72201 0.20084
vn 0.66209 0.72201 0.20085
vn -0.68856 0.722 0.06782
vn 0.61019 0.722 0.32615
vn -0.68856 0.722 -0.06782
vn 0.53484 0.72201 0.43893
vn -0.66209 0.72201 -0.20085
vn 0.43893 0.722 0.53484
vn -0.61019 0.722 -0.32615
vn 0.32615 0.722 0.61019
vn 0.06782 0.72201 -0.68856
vn -0.53484 0.722 -0.43893
vn 0.20084 0.72201 0.6621
vn 0.20084 0.722 -0.6621
vn -0.43893 0.722 -0.53484
vn 0.06782 0.72201 0.68856
vn 0.32615 0.72201 -0.61019
vn -0.32615 0.722 -0.61019
vn -0.06782 0.722 0.68856
vn 0.43893 0.722 -0.53484
vn -0.20084 0.72201 -0.66209
vn -0.20084 0.722 0.6621
vn 0.53483 0.72201 -0.43893
vn -0.06782 0.72201 -0.68856
vn -0.32616 0.722 0.61019
vn 0.77301 -0 0.63439
vn 1E-05 1 -0
vn -1E-05 1 -0
vn 1E-05 1 -0
vn -1E-05 1 -1E-05
vn 1E-05 1 0
vn -1E-05 1 -1E-05
vn 1E-05 1 0
vn -1E-05 1 -1E-05
vn 1E-05 1 1E-05
vn -1E-05 1 -1E-05
vn -0 1 1E-05
vn 1E-05 1 1E-05
vn -0 1 -1E-05
vn -0 1 1E-05
vn 1E-05 1 1E-05
vn -0 1 -1E-05
vn -1E-05 1 1E-05
vn 1E-05 1 1E-05
vn 0 1 -1E-05
vn -1E-05 1 1E-05
vn 0 1 1E-05
vn 0 1 -1E-05
vn -1E-05 1 1E-05
vn 0 1 1E-05
vn 1E-05 1 -1E-05
vn -1E-05 1 1E-05
vn 1E-05 1 -1E-05
vn -1E-05 1 0
vn 1E-05 1 -1E-05
vn -1E-05 1 0
vn 1E-05 1 -1E-05
vn -1E-05 -1 -2E-05
vn -0.95694 0 -0.29028
vn 0.63439 -0 0.77301
vn -0.88192 0 -0.4714
vn 0.4714 -0 0.88192
vn 0.09802 -0 -0.99518
vn -0.77301 0 -0.63439
vn 0.29028 -0 0.95694
vn 0.29028 -0 -0.95694
vn -0.63439 0 -0.77301
vn 0.09802 0 0.99518
vn 0.4714 -0 -0.88192
vn -0.4714 0 -0.88192
vn -0.09802 0 0.99518
vn 0.63439 -0 -0.77301
vn -0.29028 0 -0.95694
vn -0.29028 0 0.95694
vn 0.77301 -0 -0.63439
vn -0.09802 0 -0.99518
vn -0.4714 0 0.88192
vn 0.88192 -0 -0.4714
vn -0.63439 0 0.77301
vn 0.95694 -0 -0.29028
vn -0.77301 0 0.63439
vn 0.99518 -0 -0.09802
vn -0.88192 0 0.4714
vn 0.99518 -0 0.09802
vn -0.95694 0 0.29028
vn 0.95694 -0 0.29028
vn -0.99518 0 0.09802
vn 0.88192 -0 0.4714
vn -0.99518 0 -0.09802
vn -0.2054 0.70665 0.67709
vn -1E-05 -1 2E-05
vn 1E-05 -1 1E-05
vn -0 -1 -2E-05
vn -1E-05 -1 2E-05
vn 1E-05 -1 2E-05
vn 0 -1 -2E-05
vn -1E-05 -1 1E-05
vn 1E-05 -1 2E-05
vn 1E-05 -1 -2E-05
vn -1E-05 -1 1E-05
vn 0 -1 2E-05
vn 1E-05 -1 -2E-05
vn -2E-05 -1 1E-05
vn 1E-05 -1 -1E-05
vn -2E-05 -1 1E-05
vn 1E-05 -1 -1E-05
vn -2E-05 -1 0
vn 2E-05 -1 -1E-05
vn -2E-05 -1 -0
vn 2E-05 -1 -1E-05
vn -2E-05 -1 -1E-05
vn 2E-05 -1 -0
vn -1E-05 -1 -1E-05
vn 2E-05 -1 0
vn -1E-05 -1 -1E-05
vn 2E-05 -1 1E-05
vn -1E-05 -1 -1E-05
vn 1E-05 -1 1E-05
vn -1E-05 -1 -2E-05
vn -0 -1 2E-05
vn 1E-05 -1 1E-05
vn -1E-05 1 2E-05
vn 0.54695 0.70665 -0.44887
vn -0.06935 0.70665 -0.70415
vn -0.33354 0.70665 0.62401
vn 0.62401 0.70665 -0.33354
vn -0.44887 0.70665 0.54695
vn 0.67709 0.70665 -0.20539
vn -0.54695 0.70665 0.44887
vn 0.70415 0.70665 -0.06935
vn -0.62401 0.70665 0.33354
vn 0.70415 0.70665 0.06935
vn -0.67709 0.70665 0.20539
vn 0.67709 0.70665 0.20539
vn -0.70415 0.70665 0.06935
vn 0.62401 0.70665 0.33354
vn -0.70415 0.70665 -0.06935
vn 0.54695 0.70665 0.44887
vn -0.67709 0.70665 -0.20539
vn 0.44887 0.70665 0.54695
vn -0.62401 0.70665 -0.33354
vn 0.33354 0.70665 0.62401
vn 0.06935 0.70665 -0.70415
vn -0.54695 0.70665 -0.44887
vn 0.2054 0.70665 0.67709
vn 0.20539 0.70665 -0.67709
vn -0.44887 0.70665 -0.54695
vn 0.06935 0.70665 0.70415
vn 0.33354 0.70665 -0.62401
vn -0.33354 0.70665 -0.62401
vn -0.06935 0.70665 0.70415
vn 0.44887 0.70665 -0.54695
vn -0.2054 0.70665 -0.67709
vn -0.9936 0.05633 0.09786
vn 3E-05 1 -0
vn -3E-05 1 1E-05
vn 3E-05 1 0
vn -2E-05 1 1E-05
vn 2E-05 1 1E-05
vn -3E-05 1 0
vn 2E-05 1 1E-05
vn -2E-05 1 -0
vn 2E-05 1 2E-05
vn -2E-05 1 -1E-05
vn 1E-05 1 2E-05
vn -2E-05 1 -1E-05
vn 1E-05 1 2E-05
vn 0 1 -2E-05
vn -2E-05 1 -2E-05
vn 1E-05 1 2E-05
vn 1E-05 1 -2E-05
vn -1E-05 1 -2E-05
vn 1E-05 1 2E-05
vn 1E-05 1 -2E-05
vn -1E-05 1 -2E-05
vn -1E-05 1 2E-05
vn 1E-05 1 -2E-05
vn -1E-05 1 -2E-05
vn -1E-05 1 2E-05
vn 1E-05 1 -2E-05
vn 0 1 -2E-05
vn -1E-05 1 2E-05
vn 2E-05 1 -1E-05
vn -2E-05 1 2E-05
vn 2E-05 1 -1E-05
vn -0.88176 0.01899 -0.47131
vn 0.88052 0.05633 0.47065
vn -0.9936 0.05633 -0.09786
vn 0.77178 0.05633 0.63339
vn -0.95542 0.05633 -0.28982
vn 0.63339 0.05633 0.77178
vn -0.88052 0.05633 -0.47065
vn 0.47065 0.05633 0.88052
vn 0.09786 0.05633 -0.9936
vn -0.77178 0.05633 -0.63339
vn 0.28982 0.05633 0.95542
vn 0.28982 0.05633 -0.95542
vn -0.63339 0.05633 -0.77178
vn 0.09786 0.05633 0.9936
vn 0.47065 0.05633 -0.88052
vn -0.47065 0.05633 -0.88052
vn -0.09786 0.05633 0.9936
vn 0.63339 0.05633 -0.77178
vn -0.28982 0.05633 -0.95542
vn -0.28982 0.05633 0.95542
vn 0.77178 0.05633 -0.63339
vn -0.09786 0.05633 -0.9936
vn -0.47065 0.05633 0.88052
vn 0.88052 0.05633 -0.47065
vn -0.63339 0.05633 0.77178
vn 0.95542 0.05633 -0.28982
vn -0.77178 0.05633 0.63339
vn 0.9936 0.05633 -0.09786
vn -0.88052 0.05633 0.47065
vn 0.9936 0.05633 0.09786
vn -0.95542 0.05633 0.28982
vn 0.95542 0.05633 0.28982
vn 0.47131 0.01899 0.88176
vn 0.098 0.01899 -0.99501
vn -0.77287 0.01899 -0.63428
vn 0.29023 0.01899 0.95677
vn 0.29023 0.01899 -0.95677
vn -0.63428 0.01899 -0.77287
vn 0.098 0.01899 0.99501
vn 0.47131 0.01899 -0.88176
vn -0.47131 0.01899 -0.88176
vn -0.098 0.01899 0.99501
vn 0.63428 0.01899 -0.77287
vn -0.29023 0.01899 -0.95677
vn -0.29023 0.01899 0.95677
vn 0.77287 0.01899 -0.63428
vn -0.098 0.01899 -0.99501
vn -0.47131 0.01899 0.88176
vn 0.88176 0.01899 -0.47131
vn -0.63428 0.01899 0.77287
vn 0.95677 0.01899 -0.29023
vn -0.77287 0.01899 0.63428
vn 0.99501 0.01899 -0.098
vn -0.88176 0.01899 0.47131
vn 0.99501 0.01899 0.098
vn -0.95677 0.01899 0.29023
vn 0.95677 0.01899 0.29023
vn -0.99501 0.01899 0.098
vn 0.88176 0.01899 0.47131
vn -0.99501 0.01899 -0.098
vn 0.77287 0.01899 0.63428
vn -0.95677 0.01899 -0.29023
vn 0.63428 0.01899 0.77287
vn -0.16813 0.98577 -0
vn 0 0.98577 -0.16813
vn 0.16813 0.98577 -0
vn 0 0.98577 0.16813
vn 0 -1 -0
vn 1 0 -0
vn 0 0 1
vn 0 0 -1
vn -1 0 -0
vn 0 1 -0
vn 0 0.71587 0.69824
vn -0.25882 0.96593 -0
vn -0.70711 0.7071 -0
vn -0.96593 0.25882 -0
vn 0 0.96593 -0.25882
vn 0 0.7071 -0.70711
vn 0 0.25882 -0.96593
vn 0.25882 0.96593 -0
vn 0.70711 0.7071 -0
vn 0.96593 0.25882 -0
vn 0 0.96593 0.25882
vn 0 0.7071 0.70711
vn 0 0.25882 0.96593
vn 0 0.4723 0.88144
vn -0.69824 0.71587 -0
vn 0 0.71587 -0.69824
vn 0.69824 0.71587 -0
vn 0 0.4723 -0.88144
vn 0.88144 0.4723 -0
vn -0.88144 0.4723 -0
vn 0 -1 -0
vn 1E-05 1 -0
vt 0.37919 0.41694
vt 0.39415 0.63342
vt 0.42122 0.6253
vt 0.40626 0.40882
vt 0.50517 0.28734
vt 0.54564 0.2884
vt 0.54786 0.24085
vt 0.50738 0.23978
vt 0.54451 0.05912
vt 0.54195 0.05806
vt 0.54148 0.05895
vt 0.54422 0.06009
vt 0.498 0.28696
vt 0.53848 0.28802
vt 0.5407 0.24045
vt 0.50022 0.23939
vt 0.42644 0.28598
vt 0.46692 0.28704
vt 0.46914 0.23945
vt 0.42866 0.23838
vt 0.5074 0.2881
vt 0.50962 0.24051
vt 0.49685 0.2892
vt 0.53733 0.29026
vt 0.53954 0.24272
vt 0.49907 0.24165
vt 0.45792 0.28891
vt 0.4984 0.28997
vt 0.50062 0.24241
vt 0.46014 0.24135
vt 0.45829 0.28743
vt 0.49876 0.28849
vt 0.50098 0.24091
vt 0.46051 0.23985
vt 0.38147 0.28259
vt 0.42195 0.28366
vt 0.42417 0.23606
vt 0.38369 0.23499
vt 0.46469 0.28628
vt 0.4669 0.23872
vt 0.45753 0.2859
vt 0.45975 0.23832
vt 0.38596 0.28491
vt 0.38818 0.23732
vt 0.45637 0.28814
vt 0.45859 0.24059
vt 0.41744 0.28785
vt 0.41966 0.24028
vt 0.41781 0.28637
vt 0.42003 0.23879
vt 0.41971 0.29117
vt 0.46018 0.29223
vt 0.46241 0.24463
vt 0.42193 0.24356
vt 0.42421 0.28522
vt 0.42643 0.23766
vt 0.41705 0.28484
vt 0.41927 0.23726
vt 0.50291 0.28578
vt 0.54339 0.28684
vt 0.54561 0.23925
vt 0.50513 0.23818
vt 0.41589 0.28708
vt 0.41811 0.23953
vt 0.37696 0.28679
vt 0.37918 0.23922
vt 0.37733 0.28531
vt 0.37955 0.23772
vt 0.37923 0.2901
vt 0.38145 0.2425
vt 0.38373 0.28415
vt 0.38595 0.23659
vt 0.37657 0.28377
vt 0.37879 0.2362
vt 0.46243 0.28472
vt 0.46465 0.23712
vt 0.37541 0.28602
vt 0.37763 0.23846
vt 0.57896 0.28908
vt 0.58118 0.24151
vt 0.54787 0.28916
vt 0.55009 0.24157
vt 0.43762 0.29026
vt 0.4781 0.29132
vt 0.48032 0.24378
vt 0.43984 0.24272
vt 0.53888 0.29104
vt 0.54109 0.24347
vt 0.53924 0.28955
vt 0.54146 0.24198
vt 0.39342 0.63773
vt 0.41973 0.63649
vt 0.40076 0.33757
vt 0.37445 0.33881
vt 0.76566 0.17479
vt 0.76512 0.17751
vt 0.7658 0.17771
vt 0.76636 0.17486
vt 0.39171 0.62232
vt 0.41801 0.62108
vt 0.39904 0.32215
vt 0.37274 0.32339
vt 0.75299 0.18746
vt 0.75022 0.18746
vt 0.75015 0.18817
vt 0.75306 0.18817
vt 0.3936 0.61888
vt 0.4199 0.61764
vt 0.40093 0.31871
vt 0.37462 0.31995
vt 0.73809 0.17751
vt 0.73755 0.17479
vt 0.73685 0.17486
vt 0.73742 0.17771
vt 0.39343 0.6146
vt 0.41973 0.61336
vt 0.40076 0.31445
vt 0.37446 0.31569
vt 0.59088 0.03925
vt 0.59194 0.04181
vt 0.59262 0.0416
vt 0.59151 0.03892
vt 0.39421 0.62484
vt 0.42052 0.6236
vt 0.40154 0.32468
vt 0.37524 0.32592
vt 0.57433 0.03239
vt 0.57704 0.03185
vt 0.57697 0.03115
vt 0.57412 0.03172
vt 0.39203 0.61516
vt 0.41833 0.61393
vt 0.39936 0.31499
vt 0.37306 0.31623
vt 0.56438 0.04729
vt 0.56438 0.04452
vt 0.56367 0.04445
vt 0.56367 0.04736
vt 0.39392 0.62329
vt 0.42022 0.62205
vt 0.40125 0.32311
vt 0.37494 0.32435
vt 0.74751 0.18692
vt 0.74495 0.18586
vt 0.74462 0.18649
vt 0.7473 0.1876
vt 0.39576 0.64134
vt 0.42206 0.6401
vt 0.40309 0.34119
vt 0.37679 0.34243
vt 0.73809 0.16931
vt 0.73915 0.16675
vt 0.73853 0.16642
vt 0.73742 0.1691
vt 0.39439 0.623
vt 0.4207 0.62177
vt 0.40173 0.32284
vt 0.37542 0.32408
vt 0.75299 0.15936
vt 0.75571 0.1599
vt 0.75591 0.15922
vt 0.75306 0.15865
vt 0.39628 0.62728
vt 0.42259 0.62604
vt 0.40361 0.3271
vt 0.37731 0.32834
vt 0.56947 0.03499
vt 0.57177 0.03345
vt 0.57144 0.03283
vt 0.56902 0.03444
vt 0.39386 0.6202
vt 0.42016 0.61896
vt 0.40119 0.32005
vt 0.37489 0.32129
vt 0.56751 0.05486
vt 0.56597 0.05256
vt 0.56535 0.0529
vt 0.56696 0.05531
vt 0.39242 0.62057
vt 0.41872 0.61933
vt 0.39975 0.3204
vt 0.37344 0.32164
vt 0.58508 0.05836
vt 0.58253 0.05942
vt 0.58273 0.0601
vt 0.58542 0.05898
vt 0.39209 0.6226
vt 0.41839 0.62136
vt 0.39942 0.32242
vt 0.37312 0.32366
vt 0.74069 0.16445
vt 0.74265 0.16249
vt 0.7422 0.16195
vt 0.74014 0.164
vt 0.39136 0.62879
vt 0.41766 0.62756
vt 0.39869 0.32861
vt 0.37238 0.32985
vt 0.75826 0.16095
vt 0.76056 0.16249
vt 0.76101 0.16195
vt 0.7586 0.16033
vt 0.39562 0.63343
vt 0.42192 0.63219
vt 0.40295 0.33327
vt 0.37664 0.33451
vt 0.76406 0.18006
vt 0.76468 0.1804
vt 0.39315 0.61984
vt 0.41945 0.6186
vt 0.40048 0.31967
vt 0.37418 0.32091
vt 0.57177 0.05836
vt 0.56947 0.05682
vt 0.56902 0.05737
vt 0.57144 0.05898
vt 0.39241 0.61737
vt 0.41871 0.61613
vt 0.39974 0.31719
vt 0.37344 0.31843
vt 0.58934 0.05486
vt 0.58739 0.05682
vt 0.58784 0.05737
vt 0.58989 0.05531
vt 0.39289 0.63959
vt 0.41919 0.63836
vt 0.40022 0.33944
vt 0.37392 0.34068
vt 0.58934 0.03695
vt 0.58989 0.0365
vt 0.39145 0.62418
vt 0.41775 0.62295
vt 0.39878 0.32402
vt 0.37247 0.32526
vt 0.76252 0.18237
vt 0.76056 0.18432
vt 0.76101 0.18487
vt 0.76307 0.18282
vt 0.39216 0.6175
vt 0.41846 0.61627
vt 0.39949 0.31733
vt 0.37318 0.31857
vt 0.74265 0.18432
vt 0.7422 0.18487
vt 0.3933 0.63441
vt 0.41961 0.63317
vt 0.40064 0.33426
vt 0.37433 0.3355
vt 0.58508 0.03345
vt 0.58739 0.03499
vt 0.58784 0.03444
vt 0.58542 0.03283
vt 0.39217 0.63037
vt 0.41847 0.62913
vt 0.3995 0.33021
vt 0.37319 0.33145
vt 0.56751 0.03695
vt 0.56696 0.0365
vt 0.39452 0.6186
vt 0.42083 0.61736
vt 0.40185 0.31843
vt 0.37555 0.31967
vt 0.74069 0.18237
vt 0.73915 0.18006
vt 0.73853 0.1804
vt 0.74014 0.18282
vt 0.39904 0.62384
vt 0.42534 0.6226
vt 0.40637 0.32366
vt 0.38006 0.3249
vt 0.74495 0.16095
vt 0.74462 0.16033
vt 0.39605 0.63472
vt 0.42235 0.63348
vt 0.40338 0.33456
vt 0.37708 0.3358
vt 0.56492 0.04181
vt 0.56597 0.03925
vt 0.56535 0.03892
vt 0.56424 0.0416
vt 0.39295 0.62355
vt 0.41926 0.62232
vt 0.40029 0.32339
vt 0.37398 0.32463
vt 0.57433 0.05942
vt 0.57412 0.0601
vt 0.39353 0.6259
vt 0.41983 0.62466
vt 0.40086 0.32573
vt 0.37456 0.32696
vt 0.74751 0.1599
vt 0.75022 0.15936
vt 0.75015 0.15865
vt 0.7473 0.15922
vt 0.39468 0.63414
vt 0.42098 0.6329
vt 0.40201 0.33399
vt 0.37571 0.33523
vt 0.76406 0.16675
vt 0.76512 0.16931
vt 0.7658 0.1691
vt 0.76468 0.16642
vt 0.39518 0.62244
vt 0.42149 0.6212
vt 0.40251 0.32228
vt 0.37621 0.32351
vt 0.57981 0.05996
vt 0.57704 0.05996
vt 0.57697 0.06066
vt 0.57988 0.06066
vt 0.39037 0.62853
vt 0.41667 0.62729
vt 0.3977 0.32837
vt 0.3714 0.32961
vt 0.59248 0.04729
vt 0.59194 0.05
vt 0.59262 0.05021
vt 0.59319 0.04736
vt 0.3959 0.62025
vt 0.4222 0.61902
vt 0.40323 0.32008
vt 0.37693 0.32132
vt 0.76566 0.17202
vt 0.76636 0.17195
vt 0.39254 0.62549
vt 0.41884 0.62425
vt 0.39987 0.32531
vt 0.37357 0.32655
vt 0.75571 0.18692
vt 0.75591 0.1876
vt 0.48607 0.11646
vt 0.47252 0.11656
vt 0.47262 0.12262
vt 0.48617 0.12252
vt 0.56492 0.05
vt 0.56424 0.05021
vt 0.59248 0.04452
vt 0.59319 0.04445
vt 0.73755 0.17202
vt 0.73685 0.17195
vt 0.57981 0.03185
vt 0.58253 0.03239
vt 0.58273 0.03172
vt 0.57988 0.03115
vt 0.75826 0.18586
vt 0.7586 0.18649
vt 0.59088 0.05256
vt 0.59151 0.0529
vt 0.76252 0.16445
vt 0.76307 0.164
vt 0.46369 0.48736
vt 0.46344 0.447
vt 0.44823 0.447
vt 0.44849 0.48736
vt 0.55757 0.03469
vt 0.55953 0.03665
vt 0.56031 0.036
vt 0.55821 0.03391
vt 0.54723 0.05966
vt 0.54713 0.06066
vt 0.54195 0.03315
vt 0.54451 0.03209
vt 0.54422 0.03112
vt 0.54148 0.03226
vt 0.55527 0.03315
vt 0.55574 0.03226
vt 0.54999 0.05966
vt 0.55009 0.06066
vt 0.53965 0.03469
vt 0.53901 0.03391
vt 0.55271 0.03209
vt 0.553 0.03112
vt 0.55271 0.05912
vt 0.553 0.06009
vt 0.5377 0.03665
vt 0.53691 0.036
vt 0.55 0.03155
vt 0.55009 0.03055
vt 0.55527 0.05806
vt 0.55574 0.05895
vt 0.53616 0.03895
vt 0.53527 0.03847
vt 0.54723 0.03155
vt 0.54713 0.03055
vt 0.55757 0.05652
vt 0.55821 0.0573
vt 0.5351 0.04151
vt 0.53413 0.04121
vt 0.55953 0.05456
vt 0.56031 0.0552
vt 0.53456 0.04422
vt 0.53355 0.04412
vt 0.56106 0.05226
vt 0.56196 0.05274
vt 0.53456 0.04699
vt 0.53355 0.04709
vt 0.56212 0.0497
vt 0.56309 0.05
vt 0.5351 0.0497
vt 0.53413 0.05
vt 0.56266 0.04699
vt 0.56367 0.04709
vt 0.53616 0.05226
vt 0.53527 0.05274
vt 0.56266 0.04422
vt 0.56367 0.04412
vt 0.5377 0.05456
vt 0.53691 0.0552
vt 0.56212 0.04151
vt 0.56309 0.04121
vt 0.53965 0.05652
vt 0.53901 0.0573
vt 0.56106 0.03895
vt 0.56196 0.03847
vt 0.50515 0.05274
vt 0.5068 0.0552
vt 0.50721 0.05486
vt 0.50562 0.05248
vt 0.45767 0.52969
vt 0.45755 0.51131
vt 0.45208 0.51131
vt 0.4522 0.52969
vt 0.53355 0.04709
vt 0.53355 0.04412
vt 0.53302 0.04417
vt 0.53302 0.04704
vt 0.50401 0.05
vt 0.50453 0.04984
vt 0.53297 0.05
vt 0.53246 0.04984
vt 0.50343 0.04709
vt 0.50397 0.04704
vt 0.53184 0.05274
vt 0.53136 0.05248
vt 0.50343 0.04412
vt 0.50397 0.04417
vt 0.53019 0.0552
vt 0.52977 0.05486
vt 0.5141 0.03112
vt 0.51136 0.03226
vt 0.51161 0.03273
vt 0.51426 0.03164
vt 0.50401 0.04121
vt 0.50453 0.04137
vt 0.52809 0.0573
vt 0.52775 0.05689
vt 0.51701 0.03055
vt 0.51706 0.03108
vt 0.50515 0.03847
vt 0.50562 0.03873
vt 0.52563 0.05895
vt 0.52537 0.05847
vt 0.51998 0.03055
vt 0.51992 0.03108
vt 0.5068 0.03601
vt 0.50721 0.03635
vt 0.52289 0.06009
vt 0.52273 0.05957
vt 0.52289 0.03112
vt 0.52273 0.03164
vt 0.50889 0.03391
vt 0.50923 0.03432
vt 0.51998 0.06066
vt 0.51992 0.06013
vt 0.52563 0.03226
vt 0.52537 0.03273
vt 0.51701 0.06066
vt 0.51706 0.06013
vt 0.52809 0.03391
vt 0.52775 0.03432
vt 0.5141 0.06009
vt 0.51426 0.05957
vt 0.53019 0.03601
vt 0.52977 0.03635
vt 0.51136 0.05895
vt 0.51161 0.05847
vt 0.53184 0.03847
vt 0.53136 0.03873
vt 0.50889 0.0573
vt 0.50923 0.05689
vt 0.53297 0.04121
vt 0.53246 0.04137
vt 0.47407 0.0495
vt 0.47351 0.04669
vt 0.47263 0.04678
vt 0.47322 0.04975
vt 0.4802 0.47835
vt 0.44855 0.47833
vt 0.44696 0.48499
vt 0.47652 0.485
vt 0.47675 0.03601
vt 0.47877 0.03398
vt 0.47821 0.0333
vt 0.47607 0.03544
vt 0.50255 0.04669
vt 0.502 0.0495
vt 0.50284 0.04975
vt 0.50343 0.04678
vt 0.47516 0.05214
vt 0.47438 0.05256
vt 0.47516 0.03838
vt 0.47438 0.03797
vt 0.50255 0.04383
vt 0.50343 0.04375
vt 0.47675 0.05452
vt 0.47607 0.05508
vt 0.47407 0.04103
vt 0.47322 0.04077
vt 0.502 0.04103
vt 0.50284 0.04077
vt 0.47877 0.05654
vt 0.47821 0.05723
vt 0.5009 0.03838
vt 0.50168 0.03797
vt 0.48115 0.05813
vt 0.48074 0.05891
vt 0.49931 0.03601
vt 0.49999 0.03544
vt 0.4838 0.05923
vt 0.48354 0.06007
vt 0.49729 0.03398
vt 0.49785 0.0333
vt 0.4866 0.05979
vt 0.48652 0.06066
vt 0.49491 0.03239
vt 0.49533 0.03161
vt 0.48946 0.05979
vt 0.48955 0.06066
vt 0.49227 0.0313
vt 0.49252 0.03045
vt 0.49227 0.05923
vt 0.49252 0.06007
vt 0.48946 0.03074
vt 0.48955 0.02986
vt 0.49491 0.05813
vt 0.49533 0.05891
vt 0.4866 0.03074
vt 0.48652 0.02986
vt 0.49729 0.05654
vt 0.49785 0.05723
vt 0.4838 0.0313
vt 0.48354 0.03045
vt 0.49931 0.05452
vt 0.49999 0.05508
vt 0.47351 0.04383
vt 0.47263 0.04375
vt 0.48115 0.03239
vt 0.48074 0.03161
vt 0.5009 0.05214
vt 0.50168 0.05256
vt 0.74161 0.03306
vt 0.73899 0.03197
vt 0.73754 0.03676
vt 0.73925 0.03747
vt 0.90232 0.28067
vt 0.91087 0.28076
vt 0.91087 0.16997
vt 0.90232 0.16988
vt 0.73338 0.06019
vt 0.73621 0.06019
vt 0.73572 0.05521
vt 0.73387 0.05521
vt 0.74397 0.03463
vt 0.74079 0.0385
vt 0.7306 0.05964
vt 0.73205 0.05485
vt 0.74597 0.03664
vt 0.7421 0.03981
vt 0.72798 0.05855
vt 0.73034 0.05414
vt 0.74754 0.03899
vt 0.74313 0.04135
vt 0.72563 0.05698
vt 0.7288 0.05311
vt 0.74863 0.04161
vt 0.74384 0.04306
vt 0.72362 0.05498
vt 0.72749 0.0518
vt 0.74918 0.04439
vt 0.7442 0.04488
vt 0.72205 0.03899
vt 0.72096 0.04161
vt 0.72576 0.04306
vt 0.72646 0.04135
vt 0.72205 0.05262
vt 0.72646 0.05026
vt 0.74918 0.04722
vt 0.7442 0.04673
vt 0.72362 0.03664
vt 0.72749 0.03981
vt 0.72096 0.05
vt 0.72575 0.04855
vt 0.74863 0.05
vt 0.74384 0.04855
vt 0.72563 0.03463
vt 0.7288 0.0385
vt 0.72041 0.04722
vt 0.72539 0.04673
vt 0.74754 0.05262
vt 0.74313 0.05026
vt 0.72798 0.03306
vt 0.73034 0.03747
vt 0.72041 0.04439
vt 0.72539 0.04488
vt 0.74597 0.05498
vt 0.7421 0.0518
vt 0.7306 0.03197
vt 0.73205 0.03676
vt 0.74397 0.05698
vt 0.74079 0.05311
vt 0.73338 0.03142
vt 0.73387 0.0364
vt 0.74161 0.05855
vt 0.73925 0.05414
vt 0.73621 0.03142
vt 0.73572 0.0364
vt 0.73899 0.05964
vt 0.73754 0.05485
vt 0.41255 0.08159
vt 0.41649 0.08322
vt 0.41974 0.07714
vt 0.41455 0.07499
vt 0.91944 0.28035
vt 0.931 0.28039
vt 0.931 0.16798
vt 0.91944 0.16794
vt 0.96327 0.27899
vt 0.97206 0.2789
vt 0.97206 0.16909
vt 0.96327 0.16917
vt 0.90878 0.28029
vt 0.90878 0.16788
vt 0.95326 0.27905
vt 0.95326 0.16924
vt 0.93238 0.27888
vt 0.94279 0.27889
vt 0.94279 0.16888
vt 0.93238 0.16887
vt 0.89944 0.2802
vt 0.89944 0.16779
vt 0.9726 0.28019
vt 0.98751 0.28015
vt 0.98751 0.16672
vt 0.9726 0.16676
vt 0.92237 0.27884
vt 0.92237 0.16883
vt 0.97243 0.27878
vt 0.98052 0.27869
vt 0.98052 0.16868
vt 0.97243 0.16877
vt 0.9571 0.2802
vt 0.9571 0.16677
vt 0.91315 0.27878
vt 0.91315 0.16877
vt 0.96321 0.27884
vt 0.96321 0.16883
vt 0.94159 0.28019
vt 0.94159 0.16676
vt 0.90506 0.27869
vt 0.90506 0.16868
vt 0.9532 0.27888
vt 0.9532 0.16887
vt 0.92668 0.28015
vt 0.92668 0.16672
vt 0.97362 0.28076
vt 0.98218 0.28067
vt 0.98218 0.16988
vt 0.97362 0.16997
vt 0.91294 0.28008
vt 0.91294 0.16665
vt 0.96386 0.28083
vt 0.96386 0.17003
vt 0.9009 0.27999
vt 0.9009 0.16657
vt 0.95326 0.28086
vt 0.95326 0.17007
vt 0.97728 0.28029
vt 0.98662 0.2802
vt 0.98662 0.16779
vt 0.97728 0.16788
vt 0.94225 0.28088
vt 0.94225 0.17008
vt 0.96662 0.28035
vt 0.96662 0.16794
vt 0.93123 0.28086
vt 0.93123 0.17007
vt 0.95505 0.28039
vt 0.95505 0.16798
vt 0.92064 0.28083
vt 0.92064 0.17003
vt 0.94303 0.28041
vt 0.94303 0.168
vt 0.4485 0.56892
vt 0.48723 0.5742
vt 0.47231 0.50179
vt 0.44953 0.49868
vt 0.41255 0.12322
vt 0.40837 0.12405
vt 0.40904 0.13092
vt 0.41455 0.12982
vt 0.39243 0.11922
vt 0.38942 0.11621
vt 0.38409 0.12058
vt 0.38806 0.12455
vt 0.40837 0.08076
vt 0.40904 0.0739
vt 0.41649 0.12159
vt 0.41974 0.12767
vt 0.39598 0.12159
vt 0.39273 0.12767
vt 0.4041 0.08076
vt 0.40343 0.0739
vt 0.42004 0.11922
vt 0.42441 0.12455
vt 0.39992 0.12322
vt 0.39792 0.12982
vt 0.39992 0.08159
vt 0.39792 0.07499
vt 0.42305 0.11621
vt 0.42838 0.12058
vt 0.4041 0.12405
vt 0.40343 0.13092
vt 0.39598 0.08322
vt 0.39273 0.07714
vt 0.42542 0.11266
vt 0.4315 0.11591
vt 0.39243 0.08559
vt 0.38806 0.08026
vt 0.42705 0.10872
vt 0.43365 0.11072
vt 0.38942 0.08861
vt 0.38409 0.08423
vt 0.42788 0.10454
vt 0.43475 0.10521
vt 0.38705 0.09215
vt 0.38097 0.0889
vt 0.42788 0.10027
vt 0.43475 0.0996
vt 0.38542 0.09609
vt 0.37882 0.09409
vt 0.42705 0.09609
vt 0.43365 0.09409
vt 0.38459 0.10027
vt 0.37772 0.0996
vt 0.42542 0.09215
vt 0.4315 0.0889
vt 0.38459 0.10454
vt 0.37772 0.10521
vt 0.42305 0.08861
vt 0.42838 0.08423
vt 0.38542 0.10872
vt 0.37882 0.11072
vt 0.42004 0.08559
vt 0.42441 0.08026
vt 0.38705 0.11266
vt 0.38097 0.11591
vt 0.48862 0.09177
vt 0.48652 0.08921
vt 0.48123 0.09451
vt 0.48239 0.09593
vt 0.4606 0.67316
vt 0.46341 0.67315
vt 0.46209 0.55432
vt 0.4606 0.55432
vt 0.45775 0.10113
vt 0.45807 0.10442
vt 0.46542 0.10296
vt 0.46524 0.10113
vt 0.49017 0.09468
vt 0.48326 0.09755
vt 0.45807 0.09784
vt 0.46542 0.0993
vt 0.49113 0.09784
vt 0.48379 0.0993
vt 0.45903 0.09468
vt 0.46595 0.09755
vt 0.49146 0.10113
vt 0.48397 0.10113
vt 0.46059 0.09177
vt 0.46682 0.09593
vt 0.49113 0.10442
vt 0.48379 0.10296
vt 0.46269 0.08921
vt 0.46798 0.09451
vt 0.49017 0.10758
vt 0.48326 0.10471
vt 0.46524 0.08712
vt 0.4694 0.09334
vt 0.48862 0.11049
vt 0.48239 0.10633
vt 0.46815 0.08556
vt 0.47102 0.09248
vt 0.47132 0.11766
vt 0.4746 0.11798
vt 0.4746 0.11049
vt 0.47278 0.11031
vt 0.48652 0.11305
vt 0.48123 0.10775
vt 0.47132 0.0846
vt 0.47278 0.09195
vt 0.46815 0.1167
vt 0.47102 0.10978
vt 0.48397 0.11514
vt 0.47981 0.10892
vt 0.4746 0.08428
vt 0.4746 0.09177
vt 0.46524 0.11514
vt 0.4694 0.10892
vt 0.48105 0.1167
vt 0.47819 0.10978
vt 0.47789 0.0846
vt 0.47643 0.09195
vt 0.46269 0.11305
vt 0.46798 0.10775
vt 0.47789 0.11766
vt 0.47643 0.11031
vt 0.48105 0.08556
vt 0.47819 0.09248
vt 0.46059 0.11049
vt 0.46682 0.10633
vt 0.48397 0.08712
vt 0.47981 0.09334
vt 0.45903 0.10758
vt 0.46595 0.10471
vt 0.45636 0.55429
vt 0.45768 0.55431
vt 0.45913 0.3559
vt 0.45846 0.35589
vt 0.45689 0.65526
vt 0.45881 0.65529
vt 0.4608 0.56345
vt 0.45978 0.56343
vt 0.4578 0.67315
vt 0.45911 0.55432
vt 0.45521 0.65524
vt 0.45888 0.56342
vt 0.4551 0.67314
vt 0.47535 0.49997
vt 0.47622 0.49995
vt 0.47433 0.45262
vt 0.47386 0.45263
vt 0.45262 0.67311
vt 0.47436 0.49998
vt 0.47334 0.45263
vt 0.46659 0.63324
vt 0.46786 0.63325
vt 0.46786 0.57938
vt 0.46718 0.57938
vt 0.45044 0.67307
vt 0.4552 0.55427
vt 0.47329 0.49998
vt 0.47277 0.45264
vt 0.46536 0.63324
vt 0.46653 0.57938
vt 0.47148 0.63322
vt 0.47246 0.63321
vt 0.47031 0.57936
vt 0.46978 0.57937
vt 0.47217 0.49999
vt 0.47217 0.45264
vt 0.4565 0.63097
vt 0.45749 0.63098
vt 0.45851 0.58363
vt 0.45799 0.58363
vt 0.47035 0.63324
vt 0.46918 0.57938
vt 0.47105 0.49998
vt 0.47158 0.45264
vt 0.45563 0.63095
vt 0.45752 0.58362
vt 0.46913 0.63324
vt 0.46853 0.57938
vt 0.46998 0.49998
vt 0.47101 0.45263
vt 0.46923 0.65526
vt 0.47092 0.65524
vt 0.46724 0.56342
vt 0.46634 0.56343
vt 0.47673 0.48483
vt 0.47786 0.48484
vt 0.47903 0.43098
vt 0.47843 0.43097
vt 0.46731 0.65529
vt 0.46532 0.56345
vt 0.47575 0.48481
vt 0.4779 0.43096
vt 0.46523 0.6553
vt 0.46421 0.56345
vt 0.46859 0.67311
vt 0.47077 0.67307
vt 0.46601 0.55427
vt 0.46485 0.55429
vt 0.46306 0.6553
vt 0.46306 0.56345
vt 0.4661 0.67314
vt 0.46353 0.55431
vt 0.46089 0.6553
vt 0.46191 0.56345
vt 0.47303 0.37358
vt 0.47276 0.37358
vt 0.46786 0.48945
vt 0.46752 0.48945
vt 0.45788 0.35588
vt 0.47247 0.37358
vt 0.46719 0.48944
vt 0.46909 0.48944
vt 0.46883 0.48944
vt 0.47217 0.37358
vt 0.45909 0.50458
vt 0.45882 0.50458
vt 0.46853 0.48944
vt 0.47187 0.37358
vt 0.45859 0.50457
vt 0.4682 0.48945
vt 0.47158 0.37358
vt 0.46517 0.41009
vt 0.46472 0.41009
vt 0.47048 0.45263
vt 0.47132 0.37358
vt 0.4642 0.4101
vt 0.47938 0.34104
vt 0.47912 0.34104
vt 0.46364 0.4101
vt 0.46333 0.35588
vt 0.46275 0.35589
vt 0.46306 0.41011
vt 0.46208 0.3559
vt 0.46248 0.4101
vt 0.46136 0.3559
vt 0.46192 0.4101
vt 0.4606 0.3559
vt 0.4614 0.41009
vt 0.45985 0.3559
vt 0.46095 0.41009
vt 0.47326 0.37357
vt 0.41839 0.99121
vt 0.43848 1.0005
vt 0.4329 0.87689
vt 0.41636 0.89417
vt 0.8 0.8
vt 1 0.8
vt 1 0.6
vt 0.8 0.6
vt 0.33419 1.00082
vt 0.61878 1.00082
vt 0.61878 0.87562
vt 0.33419 0.87562
vt 0.31526 1.00023
vt 0.31526 0.00027
vt 0.00392 0.00027
vt 0.00392 1.00023
vt 0.31114 0.99567
vt 0.31114 -0.00128
vt 0.00652 -0.00128
vt 0.00652 0.99567
vt 0.3147 1
vt 0.3147 0.0005
vt 0.00541 0.0005
vt 0.00541 1
vt 0.31462 1
vt 0.31462 -0.00103
vt 0.00401 -0.00103
vt 0.00401 1
vt 0.41799 0.87988
vt 0.41752 0.9993
vt 0.43209 1.00006
vt 0.43103 0.87772
vt 0.33033 1.00071
vt 0.61782 1.00071
vt 0.61782 0.87673
vt 0.33033 0.87673
vt 0.33182 0.99996
vt 0.62097 0.99996
vt 0.62097 0.87659
vt 0.33182 0.87659
vt 0.32815 1.00071
vt 0.61729 1.00071
vt 0.61729 0.87612
vt 0.32815 0.87612
vt 0.33149 0.86908
vt 0.55788 0.86908
vt 0.55788 0.79397
vt 0.33149 0.79397
vt 0.36491 0.10857
vt 0.64686 0.10857
vt 0.63528 0.08514
vt 0.37648 0.08514
vt 0.33132 0.86832
vt 0.5577 0.86832
vt 0.5577 0.7932
vt 0.33132 0.7932
vt 0.33296 0.86832
vt 0.55935 0.86832
vt 0.55935 0.7932
vt 0.33296 0.7932
vt 0.60821 0.11194
vt 0.3539 0.11194
vt 0.34635 0.12721
vt 0.61576 0.12721
vt 0.33969 0.14067
vt 0.62241 0.14067
vt 0.65308 0.08426
vt 0.33075 0.08214
vt 0.3242 0.09503
vt 0.65932 0.09724
vt 0.61593 0.11028
vt 0.36444 0.11028
vt 0.35697 0.12539
vt 0.6234 0.12539
vt 0.35039 0.1387
vt 0.62998 0.1387
vt 0.68454 0.10619
vt 0.35237 0.10619
vt 0.34251 0.12614
vt 0.69441 0.12614
vt 0.33382 0.14371
vt 0.7031 0.14371
vt 0.35653 0.1255
vt 0.65523 0.1255
vt 0.34916 0.14042
vt 0.66261 0.14042
vt 0.33279 0.86908
vt 0.55918 0.86908
vt 0.55918 0.79397
vt 0.33279 0.79397
vt 0.61262 0.03931
vt 0.39914 0.03931
vt 0.59776 0.09081
vt 0.36434 0.09081
vt 0.6056 0.08939
vt 0.37476 0.08939
vt 0.6709 0.07859
vt 0.36601 0.07859
vt 0.58539 0.04851
vt 0.39497 0.04851
vt 0.6442 0.0246
vt 0.3927 0.0246
vt 0.57732 0.04947
vt 0.38477 0.04947
vt 0.49671 0.10465
vt 0.60699 0.10593
vt 0.60706 0.10248
vt 0.49679 0.1012
vt 0.35909 0.04507
vt 0.35909 0.09638
vt 0.45428 0.09638
vt 0.45428 0.04507
vt 0.38644 0.10337
vt 0.38651 0.09992
vt 0.71726 0.10721
vt 0.71734 0.10376
vt 0.82754 0.10849
vt 0.82761 0.10504
vt 0.93626 0.14803
vt 0.93786 0.14276
vt 0.9368 0.14531
vt 0.93939 0.14046
vt 0.93626 0.1508
vt 0.94135 0.1385
vt 0.9368 0.15351
vt 0.93786 0.15607
vt 0.94365 0.13696
vt 0.93939 0.15837
vt 0.94621 0.1359
vt 0.94135 0.16033
vt 0.94893 0.13536
vt 0.95169 0.13536
vt 0.94365 0.16187
vt 0.95441 0.1359
vt 0.94621 0.16293
vt 0.95697 0.13696
vt 0.94893 0.16347
vt 0.95169 0.16347
vt 0.95927 0.1385
vt 0.95441 0.16293
vt 0.96123 0.14046
vt 0.95697 0.16187
vt 0.96276 0.14276
vt 0.95927 0.16033
vt 0.96382 0.14531
vt 0.96436 0.14803
vt 0.96123 0.15837
vt 0.96276 0.15607
vt 0.96436 0.1508
vt 0.96382 0.15351
vt 0.45677 0.34994
vt 0.45788 0.34961
vt 0.45731 0.34972
vt 0.45628 0.35027
vt 0.45846 0.34961
vt 0.45587 0.35068
vt 0.45904 0.34972
vt 0.45554 0.35117
vt 0.45958 0.34994
vt 0.46006 0.35027
vt 0.45532 0.35171
vt 0.46048 0.35068
vt 0.45521 0.35228
vt 0.45521 0.35286
vt 0.4608 0.35117
vt 0.45532 0.35344
vt 0.46102 0.35171
vt 0.45554 0.35398
vt 0.46114 0.35228
vt 0.46114 0.35286
vt 0.45587 0.35446
vt 0.46102 0.35344
vt 0.45628 0.35488
vt 0.4608 0.35398
vt 0.45677 0.3552
vt 0.46048 0.35446
vt 0.45731 0.35542
vt 0.45788 0.35554
vt 0.46006 0.35488
vt 0.45846 0.35554
vt 0.45958 0.3552
vt 0.45904 0.35542
usemtl mat12
f 539/242/96 540/243/96 541/244/96
f 539/242/96 541/244/96 542/245/96
f 543/242/97 544/243/97 545/244/97
f 543/242/97 545/244/97 546/245/97
f 547/242/98 548/243/98 549/244/98
f 547/242/98 549/244/98 550/245/98
f 551/242/99 552/243/99 553/244/99
f 551/242/99 553/244/99 554/245/99
f 555/242/100 556/243/100 557/244/100
f 555/242/100 557/244/100 558/245/100
f 559/242/101 560/243/101 561/244/101
f 559/242/101 561/244/101 562/245/101
f 563/242/102 564/243/102 565/244/102
f 563/242/102 565/244/102 566/245/102
f 567/242/103 568/243/103 569/244/103
f 567/242/103 569/244/103 570/245/103
f 571/242/104 572/243/104 573/244/104
f 571/242/104 573/244/104 574/245/104
f 575/242/105 576/243/105 577/244/105
f 575/242/105 577/244/105 578/245/105
f 579/242/106 580/243/106 581/244/106
f 579/242/106 581/244/106 582/245/106
f 583/242/107 584/243/107 585/244/107
f 583/242/107 585/244/107 586/245/107
f 587/242/108 588/243/108 589/244/108
f 587/242/108 589/244/108 590/245/108
f 591/242/109 592/243/109 593/244/109
f 591/242/109 593/244/109 594/245/109
f 595/242/110 596/243/110 597/244/110
f 595/242/110 597/244/110 598/245/110
f 599/242/111 600/243/111 601/244/111
f 599/242/111 601/244/111 602/245/111
f 603/242/112 604/243/112 605/244/112
f 603/242/112 605/244/112 606/245/112
f 607/242/113 608/243/113 609/244/113
f 607/242/113 609/244/113 610/245/113
f 611/242/114 612/243/114 613/244/114
f 611/242/114 613/244/114 614/245/114
f 615/242/115 616/243/115 617/244/115
f 615/242/115 617/244/115 618/245/115
f 619/242/116 620/243/116 621/244/116
f 619/242/116 621/244/116 622/245/116
f 623/242/117 624/243/117 625/244/117
f 623/242/117 625/244/117 626/245/117
f 627/242/118 628/243/118 629/244/118
f 627/242/118 629/244/118 630/245/118
f 631/242/119 632/243/119 633/244/119
f 631/242/119 633/244/119 634/245/119
f 635/242/120 636/243/120 637/244/120
f 635/242/120 637/244/120 638/245/120
f 639/242/121 640/243/121 641/244/121
f 639/242/121 641/244/121 642/245/121
f 643/242/122 644/243/122 645/244/122
f 643/242/122 645/244/122 646/245/122
f 647/242/123 648/243/123 649/244/123
f 647/242/123 649/244/123 650/245/123
f 651/242/124 652/243/124 653/244/124
f 651/242/124 653/244/124 654/245/124
f 655/242/125 656/243/125 657/244/125
f 655/242/125 657/244/125 658/245/125
f 659/246/126 660/247/126 661/248/126
f 659/246/126 661/248/126 662/249/126
f 663/242/127 664/243/127 665/244/127
f 663/242/127 665/244/127 666/245/127
f 667/242/128 668/243/128 669/244/128
f 667/242/128 669/244/128 670/245/128
f 671/250/129 672/251/129 673/252/129
f 671/250/129 673/252/129 674/253/129
f 675/254/130 676/255/130 677/256/130
f 675/254/130 677/256/130 678/257/130
f 679/258/131 680/259/131 681/260/131
f 679/258/131 681/260/131 682/261/131
f 680/259/132 683/262/132 684/263/132
f 680/259/132 684/263/132 681/260/132
f 685/264/133 686/265/133 687/266/133
f 685/264/133 687/266/133 688/267/133
f 689/268/134 690/269/134 691/270/134
f 689/268/134 691/270/134 692/271/134
f 693/272/135 694/273/135 695/274/135
f 693/272/135 695/274/135 696/275/135
f 697/276/136 698/277/136 699/278/136
f 697/276/136 699/278/136 700/279/136
f 701/280/137 659/246/137 662/249/137
f 701/280/137 662/249/137 702/281/137
f 703/282/138 675/254/138 678/257/138
f 703/282/138 678/257/138 704/283/138
f 705/284/139 679/258/139 682/261/139
f 705/284/139 682/261/139 706/285/139
f 707/286/140 685/264/140 688/267/140
f 707/286/140 688/267/140 708/287/140
f 709/288/141 689/268/141 692/271/141
f 709/288/141 692/271/141 710/289/141
f 711/290/142 693/272/142 696/275/142
f 711/290/142 696/275/142 712/291/142
f 713/292/143 714/293/143 715/294/143
f 713/292/143 715/294/143 716/295/143
f 717/296/144 701/280/144 702/281/144
f 717/296/144 702/281/144 718/297/144
f 719/298/145 703/282/145 704/283/145
f 719/298/145 704/283/145 720/299/145
f 721/300/146 722/301/146 723/302/146
f 721/300/146 723/302/146 724/303/146
f 725/304/147 707/286/147 708/287/147
f 725/304/147 708/287/147 726/305/147
f 727/306/148 709/288/148 710/289/148
f 727/306/148 710/289/148 728/307/148
f 729/308/149 711/290/149 712/291/149
f 729/308/149 712/291/149 730/309/149
f 731/310/150 713/292/150 716/295/150
f 731/310/150 716/295/150 732/311/150
f 733/312/151 717/296/151 718/297/151
f 733/312/151 718/297/151 734/313/151
f 735/314/152 719/298/152 720/299/152
f 735/314/152 720/299/152 736/315/152
f 737/316/153 721/300/153 724/303/153
f 737/316/153 724/303/153 738/317/153
f 739/318/154 725/304/154 726/305/154
f 739/318/154 726/305/154 740/319/154
f 676/255/155 741/320/155 742/321/155
f 676/255/155 742/321/155 677/256/155
f 683/262/156 743/322/156 744/323/156
f 683/262/156 744/323/156 684/263/156
f 745/324/157 746/325/157 747/326/157
f 745/324/157 747/326/157 748/327/157
f 690/269/158 749/328/158 750/329/158
f 690/269/158 750/329/158 691/270/158
f 694/273/159 751/330/159 752/331/159
f 694/273/159 752/331/159 695/274/159
f 698/277/160 737/316/160 738/317/160
f 698/277/160 738/317/160 699/278/160
f 753/332/161 754/333/161 755/334/161
f 753/332/161 755/334/161 756/335/161
f 757/336/162 758/337/162 759/338/162
f 757/336/162 759/338/162 760/339/162
f 761/340/163 762/341/163 763/342/163
f 761/340/163 763/342/163 764/343/163
f 765/344/164 766/345/164 767/346/164
f 765/344/164 767/346/164 768/347/164
f 769/348/165 770/349/165 771/350/165
f 769/348/165 771/350/165 772/351/165
f 773/352/166 774/353/166 775/354/166
f 773/352/166 775/354/166 776/355/166
f 777/356/167 778/357/167 779/358/167
f 777/356/167 779/358/167 780/359/167
f 781/360/168 782/361/168 783/362/168
f 781/360/168 783/362/168 784/363/168
f 785/364/169 786/365/169 787/366/169
f 785/364/169 787/366/169 788/367/169
f 789/368/170 790/369/170 791/370/170
f 789/368/170 791/370/170 792/371/170
f 793/372/171 794/373/171 795/374/171
f 793/372/171 795/374/171 796/375/171
f 797/376/172 798/377/172 799/378/172
f 797/376/172 799/378/172 800/379/172
f 801/380/173 802/381/173 803/382/173
f 801/380/173 803/382/173 804/383/173
f 805/384/174 806/385/174 807/386/174
f 805/384/174 807/386/174 808/387/174
f 809/388/175 810/389/175 811/390/175
f 809/388/175 811/390/175 812/391/175
f 813/392/176 814/393/176 815/394/176
f 813/392/176 815/394/176 816/395/176
f 817/396/177 818/397/177 819/398/177
f 817/396/177 819/398/177 820/399/177
f 821/400/178 822/401/178 823/402/178
f 821/400/178 823/402/178 824/403/178
f 825/404/179 826/405/179 827/406/179
f 825/404/179 827/406/179 828/407/179
f 829/408/180 830/409/180 831/410/180
f 829/408/180 831/410/180 832/411/180
f 833/412/181 834/413/181 835/414/181
f 833/412/181 835/414/181 836/415/181
f 837/416/182 838/417/182 839/418/182
f 837/416/182 839/418/182 840/419/182
f 841/420/183 842/421/183 843/422/183
f 841/420/183 843/422/183 844/423/183
f 845/424/184 846/425/184 847/426/184
f 845/424/184 847/426/184 848/427/184
f 849/428/185 850/429/185 851/430/185
f 849/428/185 851/430/185 852/431/185
f 853/432/186 854/433/186 855/434/186
f 853/432/186 855/434/186 856/435/186
f 857/436/187 858/437/187 859/438/187
f 857/436/187 859/438/187 860/439/187
f 861/440/188 862/441/188 863/442/188
f 861/440/188 863/442/188 864/443/188
f 865/444/189 866/445/189 867/446/189
f 865/444/189 867/446/189 868/447/189
f 758/337/190 869/448/190 870/449/190
f 758/337/190 870/449/190 759/338/190
f 871/450/191 872/451/191 873/452/191
f 871/450/191 873/452/191 874/453/191
f 875/454/192 876/455/192 877/456/192
f 875/454/192 877/456/192 878/457/192
f 879/458/111 880/459/111 881/460/111
f 879/458/111 881/460/111 882/461/111
f 883/462/193 884/463/193 885/464/193
f 883/462/193 885/464/193 886/465/193
f 887/466/194 888/467/194 889/468/194
f 887/466/194 889/468/194 890/469/194
f 891/470/195 781/360/195 784/363/195
f 891/470/195 784/363/195 892/471/195
f 893/472/196 894/473/196 895/474/196
f 893/472/196 895/474/196 896/475/196
f 897/476/197 898/477/197 899/478/197
f 897/476/197 899/478/197 900/479/197
f 901/480/198 902/481/198 903/482/198
f 901/480/198 903/482/198 904/483/198
f 806/385/199 905/484/199 906/485/199
f 806/385/199 906/485/199 807/386/199
f 907/486/200 908/487/200 909/488/200
f 907/486/200 909/488/200 910/489/200
f 911/490/201 912/491/201 913/492/201
f 911/490/201 913/492/201 914/493/201
f 915/494/139 916/495/139 917/496/139
f 915/494/139 917/496/139 918/497/139
f 919/498/202 829/408/202 832/411/202
f 919/498/202 832/411/202 920/499/202
f 921/500/203 922/501/203 923/502/203
f 921/500/203 923/502/203 924/503/203
f 925/504/204 926/505/204 927/506/204
f 925/504/204 927/506/204 928/507/204
f 929/508/205 930/509/205 931/510/205
f 929/508/205 931/510/205 932/511/205
f 854/433/206 933/512/206 934/513/206
f 854/433/206 934/513/206 855/434/206
f 935/514/207 936/515/207 937/516/207
f 935/514/207 937/516/207 938/517/207
f 939/518/208 940/519/208 941/520/208
f 939/518/208 941/520/208 942/521/208
f 943/522/209 944/523/209 945/524/209
f 943/522/209 945/524/209 946/525/209
f 947/526/210 875/454/210 878/457/210
f 947/526/210 878/457/210 948/527/210
f 949/528/211 950/529/211 951/530/211
f 949/528/211 951/530/211 952/531/211
f 953/532/212 954/533/212 955/534/212
f 953/532/212 955/534/212 956/535/212
f 957/536/213 958/537/213 959/538/213
f 957/536/213 959/538/213 960/539/213
f 961/540/214 962/541/214 963/542/214
f 961/540/214 963/542/214 964/543/214
f 965/544/215 966/545/215 967/546/215
f 965/544/215 967/546/215 968/547/215
f 969/548/216 970/549/216 971/550/216
f 969/548/216 971/550/216 972/551/216
f 973/552/217 974/553/217 975/554/217
f 973/552/217 975/554/217 976/555/217
f 977/556/218 978/557/218 979/558/218
f 977/556/218 979/558/218 980/559/218
f 981/560/219 982/561/219 983/562/219
f 981/560/219 983/562/219 984/563/219
f 985/564/220 757/336/220 760/339/220
f 985/564/220 760/339/220 986/565/220
f 987/566/221 988/567/221 989/568/221
f 987/566/221 989/568/221 990/569/221
f 991/570/222 765/344/222 768/347/222
f 991/570/222 768/347/222 992/571/222
f 993/572/223 994/573/223 995/574/223
f 993/572/223 995/574/223 996/575/223
f 997/572/224 998/573/224 999/574/224
f 997/572/224 999/574/224 1000/575/224
f 1001/572/225 1002/573/225 1003/574/225
f 1001/572/225 1003/574/225 1004/575/225
f 1005/572/226 1006/573/226 1007/574/226
f 1005/572/226 1007/574/226 1008/575/226
f 1009/572/169 1010/573/169 1011/574/169
f 1009/572/169 1011/574/169 1012/575/169
f 1013/572/227 1014/573/227 1015/574/227
f 1013/572/227 1015/574/227 1016/575/227
f 1017/572/228 1018/573/228 1019/574/228
f 1017/572/228 1019/574/228 1020/575/228
f 1021/572/229 1022/573/229 1023/574/229
f 1021/572/229 1023/574/229 1024/575/229
f 1025/572/230 1026/573/230 1027/574/230
f 1025/572/230 1027/574/230 1028/575/230
f 1029/572/231 1030/573/231 1031/574/231
f 1029/572/231 1031/574/231 1032/575/231
f 1033/572/232 1034/573/232 1035/574/232
f 1033/572/232 1035/574/232 1036/575/232
f 1037/572/233 1038/573/233 1039/574/233
f 1037/572/233 1039/574/233 1040/575/233
f 1041/572/234 1042/573/234 1043/574/234
f 1041/572/234 1043/574/234 1044/575/234
f 1045/572/235 1046/573/235 1047/574/235
f 1045/572/235 1047/574/235 1048/575/235
f 1049/572/236 1050/573/236 1051/574/236
f 1049/572/236 1051/574/236 1052/575/236
f 1053/572/237 1054/573/237 1055/574/237
f 1053/572/237 1055/574/237 1056/575/237
f 1057/572/238 1058/573/238 1059/574/238
f 1057/572/238 1059/574/238 1060/575/238
f 1061/572/239 1062/573/239 1063/574/239
f 1061/572/239 1063/574/239 1064/575/239
f 1065/572/240 1066/573/240 1067/574/240
f 1065/572/240 1067/574/240 1068/575/240
f 1069/572/241 1070/573/241 1071/574/241
f 1069/572/241 1071/574/241 1072/575/241
f 1073/572/242 1074/573/242 1075/574/242
f 1073/572/242 1075/574/242 1076/575/242
f 1077/572/243 1078/573/243 1079/574/243
f 1077/572/243 1079/574/243 1080/575/243
f 1081/572/244 1082/573/244 1083/574/244
f 1081/572/244 1083/574/244 1084/575/244
f 1085/572/245 1086/573/245 1087/574/245
f 1085/572/245 1087/574/245 1088/575/245
f 1089/572/246 1090/573/246 1091/574/246
f 1089/572/246 1091/574/246 1092/575/246
f 1093/572/247 1094/573/247 1095/574/247
f 1093/572/247 1095/574/247 1096/575/247
f 1097/572/248 1098/573/248 1099/574/248
f 1097/572/248 1099/574/248 1100/575/248
f 1101/572/249 1102/573/249 1103/574/249
f 1101/572/249 1103/574/249 1104/575/249
f 1105/572/250 1106/573/250 1107/574/250
f 1105/572/250 1107/574/250 1108/575/250
f 1109/572/251 1110/573/251 1111/574/251
f 1109/572/251 1111/574/251 1112/575/251
f 1113/572/252 1114/573/252 1115/574/252
f 1113/572/252 1115/574/252 1116/575/252
f 1117/572/253 1118/573/253 1119/574/253
f 1117/572/253 1119/574/253 1120/575/253
f 1121/576/254 797/376/254 800/379/254
f 1121/576/254 800/379/254 1122/577/254
f 1123/578/255 977/556/255 980/559/255
f 1123/578/255 980/559/255 1124/579/255
f 846/425/256 969/548/256 972/551/256
f 846/425/256 972/551/256 847/426/256
f 774/353/257 1125/580/257 1126/581/257
f 774/353/257 1126/581/257 775/354/257
f 962/541/258 985/564/258 986/565/258
f 962/541/258 986/565/258 963/542/258
f 954/533/259 821/400/259 824/403/259
f 954/533/259 824/403/259 955/534/259
f 1127/582/260 1128/583/260 1129/584/260
f 1127/582/260 1129/584/260 1130/585/260
f 970/549/261 947/526/261 948/527/261
f 970/549/261 948/527/261 971/550/261
f 798/377/262 939/518/262 942/521/262
f 798/377/262 942/521/262 799/378/262
f 1131/586/263 991/570/263 992/571/263
f 1131/586/263 992/571/263 1132/587/263
f 933/512/264 953/532/264 956/535/264
f 933/512/264 956/535/264 934/513/264
f 926/505/265 773/352/265 776/355/265
f 926/505/265 776/355/265 927/506/265
f 978/557/266 1133/588/266 1134/589/266
f 978/557/266 1134/589/266 979/558/266
f 940/519/267 919/498/267 920/499/267
f 940/519/267 920/499/267 941/520/267
f 1128/583/268 911/490/268 914/493/268
f 1128/583/268 914/493/268 1129/584/268
f 1135/590/269 961/540/269 964/543/269
f 1135/590/269 964/543/269 1136/591/269
f 905/484/270 925/504/270 928/507/270
f 905/484/270 928/507/270 906/485/270
f 898/477/271 1131/586/271 1132/587/271
f 898/477/271 1132/587/271 899/478/271
f 912/491/272 891/470/272 892/471/272
f 912/491/272 892/471/272 913/492/272
f 1133/588/273 883/462/273 886/465/273
f 1133/588/273 886/465/273 1134/589/273
f 869/448/274 897/476/274 900/479/274
f 869/448/274 900/479/274 870/449/274
f 862/441/275 1135/590/275 1136/591/275
f 862/441/275 1136/591/275 863/442/275
f 884/463/276 845/424/276 848/427/276
f 884/463/276 848/427/276 885/464/276
f 876/455/277 837/416/277 840/419/277
f 876/455/277 840/419/277 877/456/277
f 822/401/278 861/440/278 864/443/278
f 822/401/278 864/443/278 823/402/278
f 814/393/279 853/432/279 856/435/279
f 814/393/279 856/435/279 815/394/279
f 838/417/280 1121/576/280 1122/577/280
f 838/417/280 1122/577/280 839/418/280
f 830/409/281 789/368/281 792/371/281
f 830/409/281 792/371/281 831/410/281
f 1125/580/282 813/392/282 816/395/282
f 1125/580/282 816/395/282 1126/581/282
f 766/345/283 805/384/283 808/387/283
f 766/345/283 808/387/283 767/346/283
f 790/369/284 1127/582/284 1130/585/284
f 790/369/284 1130/585/284 791/370/284
f 782/361/285 1123/578/285 1124/579/285
f 782/361/285 1124/579/285 783/362/285
f 1137/592/286 1138/593/286 1139/594/286
f 1137/592/286 1139/594/286 1140/595/286
f 1141/596/287 1142/597/287 1143/598/287
f 1141/596/287 1143/598/287 1144/599/287
f 1145/600/288 671/250/288 674/253/288
f 1145/600/288 674/253/288 1146/601/288
f 1147/602/289 1148/603/289 1149/604/289
f 1147/602/289 1149/604/289 1150/605/289
f 1151/606/290 1141/596/290 1144/599/290
f 1151/606/290 1144/599/290 1152/607/290
f 1153/608/291 1145/600/291 1146/601/291
f 1153/608/291 1146/601/291 1154/609/291
f 1155/610/292 1147/602/292 1150/605/292
f 1155/610/292 1150/605/292 1156/611/292
f 1157/612/293 1151/606/293 1152/607/293
f 1157/612/293 1152/607/293 1158/613/293
f 1159/614/294 1153/608/294 1154/609/294
f 1159/614/294 1154/609/294 1160/615/294
f 1161/616/295 1155/610/295 1156/611/295
f 1161/616/295 1156/611/295 1162/617/295
f 1163/618/296 1157/612/296 1158/613/296
f 1163/618/296 1158/613/296 1164/619/296
f 1165/620/297 1159/614/297 1160/615/297
f 1165/620/297 1160/615/297 1166/621/297
f 1167/622/298 1161/616/298 1162/617/298
f 1167/622/298 1162/617/298 1168/623/298
f 1169/624/299 1163/618/299 1164/619/299
f 1169/624/299 1164/619/299 1170/625/299
f 1171/626/300 1165/620/300 1166/621/300
f 1171/626/300 1166/621/300 1172/627/300
f 1173/628/301 1167/622/301 1168/623/301
f 1173/628/301 1168/623/301 1174/629/301
f 1148/603/302 1169/624/302 1170/625/302
f 1148/603/302 1170/625/302 1149/604/302
f 1175/630/303 1171/626/303 1172/627/303
f 1175/630/303 1172/627/303 1176/631/303
f 1177/632/304 1173/628/304 1174/629/304
f 1177/632/304 1174/629/304 1178/633/304
f 1179/634/305 1175/630/305 1176/631/305
f 1179/634/305 1176/631/305 1180/635/305
f 1181/636/306 1177/632/306 1178/633/306
f 1181/636/306 1178/633/306 1182/637/306
f 1183/638/307 1179/634/307 1180/635/307
f 1183/638/307 1180/635/307 1184/639/307
f 1185/640/308 1181/636/308 1182/637/308
f 1185/640/308 1182/637/308 1186/641/308
f 1187/642/309 1183/638/309 1184/639/309
f 1187/642/309 1184/639/309 1188/643/309
f 1189/644/310 1185/640/310 1186/641/310
f 1189/644/310 1186/641/310 1190/645/310
f 1191/646/311 1187/642/311 1188/643/311
f 1191/646/311 1188/643/311 1192/647/311
f 1193/648/312 1189/644/312 1190/645/312
f 1193/648/312 1190/645/312 1194/649/312
f 1195/650/313 1191/646/313 1192/647/313
f 1195/650/313 1192/647/313 1196/651/313
f 1197/652/314 1193/648/314 1194/649/314
f 1197/652/314 1194/649/314 1198/653/314
f 1199/654/315 1195/650/315 1196/651/315
f 1199/654/315 1196/651/315 1200/655/315
f 672/251/316 1197/652/316 1198/653/316
f 672/251/316 1198/653/316 673/252/316
f 1142/597/317 1199/654/317 1200/655/317
f 1142/597/317 1200/655/317 1143/598/317
f 1201/656/318 1202/657/318 1203/658/318
f 1201/656/318 1203/658/318 1204/659/318
f 1205/592/319 1206/593/319 1207/594/319
f 1205/592/319 1207/594/319 1208/595/319
f 1209/592/320 1210/593/320 1211/594/320
f 1209/592/320 1211/594/320 1212/595/320
f 1213/592/321 1214/593/321 1215/594/321
f 1213/592/321 1215/594/321 1216/595/321
f 1217/592/322 1218/593/322 1219/594/322
f 1217/592/322 1219/594/322 1220/595/322
f 1221/592/323 1222/593/323 1223/594/323
f 1221/592/323 1223/594/323 1224/595/323
f 1225/592/324 1226/593/324 1227/594/324
f 1225/592/324 1227/594/324 1228/595/324
f 1229/592/325 1230/593/325 1231/594/325
f 1229/592/325 1231/594/325 1232/595/325
f 1233/592/326 1234/593/326 1235/594/326
f 1233/592/326 1235/594/326 1236/595/326
f 1237/592/327 1238/593/327 1239/594/327
f 1237/592/327 1239/594/327 1240/595/327
f 1241/592/328 1242/593/328 1243/594/328
f 1241/592/328 1243/594/328 1244/595/328
f 1245/592/329 1246/593/329 1247/594/329
f 1245/592/329 1247/594/329 1248/595/329
f 1249/592/330 1250/593/330 1251/594/330
f 1249/592/330 1251/594/330 1252/595/330
f 1253/592/331 1254/593/331 1255/594/331
f 1253/592/331 1255/594/331 1256/595/331
f 1257/592/332 1258/593/332 1259/594/332
f 1257/592/332 1259/594/332 1260/595/332
f 1261/592/333 1262/593/333 1263/594/333
f 1261/592/333 1263/594/333 1264/595/333
f 1265/592/205 1266/593/205 1267/594/205
f 1265/592/205 1267/594/205 1268/595/205
f 1269/592/334 1270/593/334 1271/594/334
f 1269/592/334 1271/594/334 1272/595/334
f 1273/592/335 1274/593/335 1275/594/335
f 1273/592/335 1275/594/335 1276/595/335
f 1277/592/336 1278/593/336 1279/594/336
f 1277/592/336 1279/594/336 1280/595/336
f 1281/592/337 1282/593/337 1283/594/337
f 1281/592/337 1283/594/337 1284/595/337
f 1285/592/338 1286/593/338 1287/594/338
f 1285/592/338 1287/594/338 1288/595/338
f 1289/592/339 1290/593/339 1291/594/339
f 1289/592/339 1291/594/339 1292/595/339
f 1293/592/340 1294/593/340 1295/594/340
f 1293/592/340 1295/594/340 1296/595/340
f 1297/592/341 1298/593/341 1299/594/341
f 1297/592/341 1299/594/341 1300/595/341
f 1301/592/342 1302/593/342 1303/594/342
f 1301/592/342 1303/594/342 1304/595/342
f 1305/592/343 1306/593/343 1307/594/343
f 1305/592/343 1307/594/343 1308/595/343
f 1309/592/132 1310/593/132 1311/594/132
f 1309/592/132 1311/594/132 1312/595/132
f 1313/592/344 1314/593/344 1315/594/344
f 1313/592/344 1315/594/344 1316/595/344
f 1317/592/345 1318/593/345 1319/594/345
f 1317/592/345 1319/594/345 1320/595/345
f 1321/592/346 1322/593/346 1323/594/346
f 1321/592/346 1323/594/346 1324/595/346
f 1325/592/347 1326/593/347 1327/594/347
f 1325/592/347 1327/594/347 1328/595/347
f 1329/660/348 1330/661/348 1331/662/348
f 1329/660/348 1331/662/348 1332/663/348
f 1333/664/349 1334/665/349 1335/666/349
f 1333/664/349 1335/666/349 1336/667/349
f 1337/668/350 1201/656/350 1204/659/350
f 1337/668/350 1204/659/350 1338/669/350
f 1339/670/351 1333/664/351 1336/667/351
f 1339/670/351 1336/667/351 1340/671/351
f 1341/672/352 1337/668/352 1338/669/352
f 1341/672/352 1338/669/352 1342/673/352
f 1343/674/353 1339/670/353 1340/671/353
f 1343/674/353 1340/671/353 1344/675/353
f 1345/676/354 1341/672/354 1342/673/354
f 1345/676/354 1342/673/354 1346/677/354
f 1347/678/355 1343/674/355 1344/675/355
f 1347/678/355 1344/675/355 1348/679/355
f 1349/680/356 1350/681/356 1351/682/356
f 1349/680/356 1351/682/356 1352/683/356
f 1353/684/357 1345/676/357 1346/677/357
f 1353/684/357 1346/677/357 1354/685/357
f 1355/686/358 1347/678/358 1348/679/358
f 1355/686/358 1348/679/358 1356/687/358
f 1357/688/359 1349/680/359 1352/683/359
f 1357/688/359 1352/683/359 1358/689/359
f 1359/690/360 1353/684/360 1354/685/360
f 1359/690/360 1354/685/360 1360/691/360
f 1361/692/361 1355/686/361 1356/687/361
f 1361/692/361 1356/687/361 1362/693/361
f 1363/694/362 1357/688/362 1358/689/362
f 1363/694/362 1358/689/362 1364/695/362
f 1365/696/363 1359/690/363 1360/691/363
f 1365/696/363 1360/691/363 1366/697/363
f 1367/698/364 1361/692/364 1362/693/364
f 1367/698/364 1362/693/364 1368/699/364
f 1369/700/365 1363/694/365 1364/695/365
f 1369/700/365 1364/695/365 1370/701/365
f 1371/702/366 1365/696/366 1366/697/366
f 1371/702/366 1366/697/366 1372/703/366
f 1373/704/367 1367/698/367 1368/699/367
f 1373/704/367 1368/699/367 1374/705/367
f 1375/706/368 1369/700/368 1370/701/368
f 1375/706/368 1370/701/368 1376/707/368
f 1350/681/369 1371/702/369 1372/703/369
f 1350/681/369 1372/703/369 1351/682/369
f 1377/708/370 1373/704/370 1374/705/370
f 1377/708/370 1374/705/370 1378/709/370
f 1379/710/371 1375/706/371 1376/707/371
f 1379/710/371 1376/707/371 1380/711/371
f 1381/712/372 1377/708/372 1378/709/372
f 1381/712/372 1378/709/372 1382/713/372
f 1383/714/373 1379/710/373 1380/711/373
f 1383/714/373 1380/711/373 1384/715/373
f 1385/716/374 1381/712/374 1382/713/374
f 1385/716/374 1382/713/374 1386/717/374
f 1387/718/375 1383/714/375 1384/715/375
f 1387/718/375 1384/715/375 1388/719/375
f 1389/720/376 1385/716/376 1386/717/376
f 1389/720/376 1386/717/376 1390/721/376
f 1391/722/377 1387/718/377 1388/719/377
f 1391/722/377 1388/719/377 1392/723/377
f 1202/657/378 1389/720/378 1390/721/378
f 1202/657/378 1390/721/378 1203/658/378
f 1334/665/379 1391/722/379 1392/723/379
f 1334/665/379 1392/723/379 1335/666/379
f 1393/724/380 1394/725/380 1395/726/380
f 1393/724/380 1395/726/380 1396/727/380
f 1397/660/381 1398/661/381 1399/662/381
f 1397/660/381 1399/662/381 1400/663/381
f 1401/660/382 1402/661/382 1403/662/382
f 1401/660/382 1403/662/382 1404/663/382
f 1405/660/383 1406/661/383 1407/662/383
f 1405/660/383 1407/662/383 1408/663/383
f 1409/660/384 1410/661/384 1411/662/384
f 1409/660/384 1411/662/384 1412/663/384
f 1413/660/385 1414/661/385 1415/662/385
f 1413/660/385 1415/662/385 1416/663/385
f 1417/660/386 1418/661/386 1419/662/386
f 1417/660/386 1419/662/386 1420/663/386
f 1421/660/387 1422/661/387 1423/662/387
f 1421/660/387 1423/662/387 1424/663/387
f 1425/660/388 1426/661/388 1427/662/388
f 1425/660/388 1427/662/388 1428/663/388
f 1429/660/389 1430/661/389 1431/662/389
f 1429/660/389 1431/662/389 1432/663/389
f 1433/660/390 1434/661/390 1435/662/390
f 1433/660/390 1435/662/390 1436/663/390
f 1437/660/391 1438/661/391 1439/662/391
f 1437/660/391 1439/662/391 1440/663/391
f 1441/660/392 1442/661/392 1443/662/392
f 1441/660/392 1443/662/392 1444/663/392
f 1445/660/393 1446/661/393 1447/662/393
f 1445/660/393 1447/662/393 1448/663/393
f 1449/660/394 1450/661/394 1451/662/394
f 1449/660/394 1451/662/394 1452/663/394
f 1453/660/395 1454/661/395 1455/662/395
f 1453/660/395 1455/662/395 1456/663/395
f 1457/660/396 1458/661/396 1459/662/396
f 1457/660/396 1459/662/396 1460/663/396
f 1461/660/397 1462/661/397 1463/662/397
f 1461/660/397 1463/662/397 1464/663/397
f 1465/660/398 1466/661/398 1467/662/398
f 1465/660/398 1467/662/398 1468/663/398
f 1469/660/399 1470/661/399 1471/662/399
f 1469/660/399 1471/662/399 1472/663/399
f 1473/660/400 1474/661/400 1475/662/400
f 1473/660/400 1475/662/400 1476/663/400
f 1477/660/401 1478/661/401 1479/662/401
f 1477/660/401 1479/662/401 1480/663/401
f 1481/660/402 1482/661/402 1483/662/402
f 1481/660/402 1483/662/402 1484/663/402
f 1485/660/403 1486/661/403 1487/662/403
f 1485/660/403 1487/662/403 1488/663/403
f 1489/660/404 1490/661/404 1491/662/404
f 1489/660/404 1491/662/404 1492/663/404
f 1493/660/405 1494/661/405 1495/662/405
f 1493/660/405 1495/662/405 1496/663/405
f 1497/660/406 1498/661/406 1499/662/406
f 1497/660/406 1499/662/406 1500/663/406
f 1501/660/407 1502/661/407 1503/662/407
f 1501/660/407 1503/662/407 1504/663/407
f 1505/660/408 1506/661/408 1507/662/408
f 1505/660/408 1507/662/408 1508/663/408
f 1509/660/409 1510/661/409 1511/662/409
f 1509/660/409 1511/662/409 1512/663/409
f 1513/660/410 1514/661/410 1515/662/410
f 1513/660/410 1515/662/410 1516/663/410
f 1517/660/411 1518/661/411 1519/662/411
f 1517/660/411 1519/662/411 1520/663/411
f 1521/728/412 1522/729/412 1523/730/412
f 1521/728/412 1523/730/412 1524/731/412
f 1525/732/413 1526/733/413 1527/734/413
f 1525/732/413 1527/734/413 1528/735/413
f 1529/736/414 1530/737/414 1531/738/414
f 1529/736/414 1531/738/414 1532/739/414
f 1533/740/415 1393/724/415 1396/727/415
f 1533/740/415 1396/727/415 1534/741/415
f 1535/742/416 1525/732/416 1528/735/416
f 1535/742/416 1528/735/416 1536/743/416
f 1537/744/417 1529/736/417 1532/739/417
f 1537/744/417 1532/739/417 1538/745/417
f 1539/746/418 1533/740/418 1534/741/418
f 1539/746/418 1534/741/418 1540/747/418
f 1541/748/419 1535/742/419 1536/743/419
f 1541/748/419 1536/743/419 1542/749/419
f 1543/750/420 1537/744/420 1538/745/420
f 1543/750/420 1538/745/420 1544/751/420
f 1545/752/421 1539/746/421 1540/747/421
f 1545/752/421 1540/747/421 1546/753/421
f 1547/754/422 1543/750/422 1544/751/422
f 1547/754/422 1544/751/422 1548/755/422
f 1549/756/423 1545/752/423 1546/753/423
f 1549/756/423 1546/753/423 1550/757/423
f 1551/758/424 1547/754/424 1548/755/424
f 1551/758/424 1548/755/424 1552/759/424
f 1553/760/425 1549/756/425 1550/757/425
f 1553/760/425 1550/757/425 1554/761/425
f 1555/762/426 1551/758/426 1552/759/426
f 1555/762/426 1552/759/426 1556/763/426
f 1557/764/427 1553/760/427 1554/761/427
f 1557/764/427 1554/761/427 1558/765/427
f 1559/766/428 1555/762/428 1556/763/428
f 1559/766/428 1556/763/428 1560/767/428
f 1561/768/429 1557/764/429 1558/765/429
f 1561/768/429 1558/765/429 1562/769/429
f 1563/770/430 1559/766/430 1560/767/430
f 1563/770/430 1560/767/430 1564/771/430
f 1565/772/431 1561/768/431 1562/769/431
f 1565/772/431 1562/769/431 1566/773/431
f 1567/774/432 1563/770/432 1564/771/432
f 1567/774/432 1564/771/432 1568/775/432
f 1569/776/433 1565/772/433 1566/773/433
f 1569/776/433 1566/773/433 1570/777/433
f 1571/778/434 1567/774/434 1568/775/434
f 1571/778/434 1568/775/434 1572/779/434
f 1573/780/435 1569/776/435 1570/777/435
f 1573/780/435 1570/777/435 1574/781/435
f 1575/782/436 1571/778/436 1572/779/436
f 1575/782/436 1572/779/436 1576/783/436
f 1577/784/437 1573/780/437 1574/781/437
f 1577/784/437 1574/781/437 1578/785/437
f 1579/786/438 1541/748/438 1542/749/438
f 1579/786/438 1542/749/438 1580/787/438
f 1581/788/439 1575/782/439 1576/783/439
f 1581/788/439 1576/783/439 1582/789/439
f 1583/790/440 1577/784/440 1578/785/440
f 1583/790/440 1578/785/440 1584/791/440
f 1394/725/441 1579/786/441 1580/787/441
f 1394/725/441 1580/787/441 1395/726/441
f 1526/733/442 1581/788/442 1582/789/442
f 1526/733/442 1582/789/442 1527/734/442
f 1530/737/443 1583/790/443 1584/791/443
f 1530/737/443 1584/791/443 1531/738/443
f 1585/792/444 1586/793/444 1587/794/444
f 1585/792/444 1587/794/444 1588/795/444
f 1589/728/445 1590/729/445 1591/730/445
f 1589/728/445 1591/730/445 1592/731/445
f 1593/728/446 1594/729/446 1595/730/446
f 1593/728/446 1595/730/446 1596/731/446
f 1597/728/447 1598/729/447 1599/730/447
f 1597/728/447 1599/730/447 1600/731/447
f 1601/728/448 1602/729/448 1603/730/448
f 1601/728/448 1603/730/448 1604/731/448
f 1605/728/449 1606/729/449 1607/730/449
f 1605/728/449 1607/730/449 1608/731/449
f 1609/728/450 1610/729/450 1611/730/450
f 1609/728/450 1611/730/450 1612/731/450
f 1613/728/451 1614/729/451 1615/730/451
f 1613/728/451 1615/730/451 1616/731/451
f 1617/728/452 1618/729/452 1619/730/452
f 1617/728/452 1619/730/452 1620/731/452
f 1621/728/453 1622/729/453 1623/730/453
f 1621/728/453 1623/730/453 1624/731/453
f 1625/728/454 1626/729/454 1627/730/454
f 1625/728/454 1627/730/454 1628/731/454
f 1629/728/455 1630/729/455 1631/730/455
f 1629/728/455 1631/730/455 1632/731/455
f 1633/728/456 1634/729/456 1635/730/456
f 1633/728/456 1635/730/456 1636/731/456
f 1637/728/457 1638/729/457 1639/730/457
f 1637/728/457 1639/730/457 1640/731/457
f 1641/728/458 1642/729/458 1643/730/458
f 1641/728/458 1643/730/458 1644/731/458
f 1645/728/459 1646/729/459 1647/730/459
f 1645/728/459 1647/730/459 1648/731/459
f 1649/728/460 1650/729/460 1651/730/460
f 1649/728/460 1651/730/460 1652/731/460
f 1653/728/461 1654/729/461 1655/730/461
f 1653/728/461 1655/730/461 1656/731/461
f 1657/728/462 1658/729/462 1659/730/462
f 1657/728/462 1659/730/462 1660/731/462
f 1661/728/463 1662/729/463 1663/730/463
f 1661/728/463 1663/730/463 1664/731/463
f 1665/728/464 1666/729/464 1667/730/464
f 1665/728/464 1667/730/464 1668/731/464
f 1669/728/465 1670/729/465 1671/730/465
f 1669/728/465 1671/730/465 1672/731/465
f 1673/728/466 1674/729/466 1675/730/466
f 1673/728/466 1675/730/466 1676/731/466
f 1677/728/467 1678/729/467 1679/730/467
f 1677/728/467 1679/730/467 1680/731/467
f 1681/728/468 1682/729/468 1683/730/468
f 1681/728/468 1683/730/468 1684/731/468
f 1685/728/469 1686/729/469 1687/730/469
f 1685/728/469 1687/730/469 1688/731/469
f 1689/728/470 1690/729/470 1691/730/470
f 1689/728/470 1691/730/470 1692/731/470
f 1693/728/471 1694/729/471 1695/730/471
f 1693/728/471 1695/730/471 1696/731/471
f 1697/728/472 1698/729/472 1699/730/472
f 1697/728/472 1699/730/472 1700/731/472
f 1701/728/473 1702/729/473 1703/730/473
f 1701/728/473 1703/730/473 1704/731/473
f 1705/728/474 1706/729/474 1707/730/474
f 1705/728/474 1707/730/474 1708/731/474
f 1709/728/475 1710/729/475 1711/730/475
f 1709/728/475 1711/730/475 1712/731/475
f 1713/796/476 1714/797/476 1715/798/476
f 1713/796/476 1715/798/476 1716/799/476
f 1717/800/477 1718/801/477 1719/802/477
f 1717/800/477 1719/802/477 1720/803/477
f 1721/804/478 1585/792/478 1588/795/478
f 1721/804/478 1588/795/478 1722/805/478
f 1723/806/479 1717/800/479 1720/803/479
f 1723/806/479 1720/803/479 1724/807/479
f 1725/808/480 1721/804/480 1722/805/480
f 1725/808/480 1722/805/480 1726/809/480
f 1727/810/481 1723/806/481 1724/807/481
f 1727/810/481 1724/807/481 1728/811/481
f 1729/812/482 1725/808/482 1726/809/482
f 1729/812/482 1726/809/482 1730/813/482
f 1731/814/483 1727/810/483 1728/811/483
f 1731/814/483 1728/811/483 1732/815/483
f 1733/816/484 1729/812/484 1730/813/484
f 1733/816/484 1730/813/484 1734/817/484
f 1735/818/485 1731/814/485 1732/815/485
f 1735/818/485 1732/815/485 1736/819/485
f 1737/820/486 1733/816/486 1734/817/486
f 1737/820/486 1734/817/486 1738/821/486
f 1739/822/487 1740/823/487 1741/824/487
f 1739/822/487 1741/824/487 1742/825/487
f 1743/826/488 1735/818/488 1736/819/488
f 1743/826/488 1736/819/488 1744/827/488
f 1745/828/489 1737/820/489 1738/821/489
f 1745/828/489 1738/821/489 1746/829/489
f 1747/830/490 1739/822/490 1742/825/490
f 1747/830/490 1742/825/490 1748/831/490
f 1749/832/491 1743/826/491 1744/827/491
f 1749/832/491 1744/827/491 1750/833/491
f 1751/834/492 1745/828/492 1746/829/492
f 1751/834/492 1746/829/492 1752/835/492
f 1753/836/493 1747/830/493 1748/831/493
f 1753/836/493 1748/831/493 1754/837/493
f 1755/838/494 1749/832/494 1750/833/494
f 1755/838/494 1750/833/494 1756/839/494
f 1757/840/495 1751/834/495 1752/835/495
f 1757/840/495 1752/835/495 1758/841/495
f 1759/842/496 1753/836/496 1754/837/496
f 1759/842/496 1754/837/496 1760/843/496
f 1761/844/497 1755/838/497 1756/839/497
f 1761/844/497 1756/839/497 1762/845/497
f 1763/846/498 1757/840/498 1758/841/498
f 1763/846/498 1758/841/498 1764/847/498
f 1765/848/499 1759/842/499 1760/843/499
f 1765/848/499 1760/843/499 1766/849/499
f 1740/823/500 1761/844/500 1762/845/500
f 1740/823/500 1762/845/500 1741/824/500
f 1767/850/501 1763/846/501 1764/847/501
f 1767/850/501 1764/847/501 1768/851/501
f 1769/852/502 1765/848/502 1766/849/502
f 1769/852/502 1766/849/502 1770/853/502
f 1771/854/503 1767/850/503 1768/851/503
f 1771/854/503 1768/851/503 1772/855/503
f 1773/856/504 1769/852/504 1770/853/504
f 1773/856/504 1770/853/504 1774/857/504
f 1775/858/505 1771/854/505 1772/855/505
f 1775/858/505 1772/855/505 1776/859/505
f 1586/793/506 1773/856/506 1774/857/506
f 1586/793/506 1774/857/506 1587/794/506
f 1718/801/507 1775/858/507 1776/859/507
f 1718/801/507 1776/859/507 1719/802/507
f 1777/860/508 1778/861/508 1779/862/508
f 1777/860/508 1779/862/508 1780/863/508
f 1781/864/509 1782/865/509 1783/866/509
f 1781/864/509 1783/866/509 1784/867/509
f 1785/868/510 1786/869/510 1787/870/510
f 1785/868/510 1787/870/510 1788/871/510
f 1789/872/511 1781/864/511 1784/867/511
f 1789/872/511 1784/867/511 1790/873/511
f 1791/874/512 1785/868/512 1788/871/512
f 1791/874/512 1788/871/512 1792/875/512
f 1793/876/513 1794/877/513 1795/878/513
f 1793/876/513 1795/878/513 1796/879/513
f 1797/880/514 1789/872/514 1790/873/514
f 1797/880/514 1790/873/514 1798/881/514
f 1799/882/515 1800/883/515 1801/884/515
f 1799/882/515 1801/884/515 1802/885/515
f 1803/886/516 1793/876/516 1796/879/516
f 1803/886/516 1796/879/516 1804/887/516
f 1805/888/517 1806/889/517 1807/890/517
f 1805/888/517 1807/890/517 1808/891/517
f 1809/892/518 1799/882/518 1802/885/518
f 1809/892/518 1802/885/518 1810/893/518
f 1811/894/519 1803/886/519 1804/887/519
f 1811/894/519 1804/887/519 1812/895/519
f 1813/896/520 1805/888/520 1808/891/520
f 1813/896/520 1808/891/520 1814/897/520
f 1815/898/521 1809/892/521 1810/893/521
f 1815/898/521 1810/893/521 1816/899/521
f 1817/900/522 1811/894/522 1812/895/522
f 1817/900/522 1812/895/522 1818/901/522
f 1819/902/523 1813/896/523 1814/897/523
f 1819/902/523 1814/897/523 1820/903/523
f 1821/904/524 1815/898/524 1816/899/524
f 1821/904/524 1816/899/524 1822/905/524
f 1823/906/525 1824/907/525 1825/908/525
f 1823/906/525 1825/908/525 1826/909/525
f 1794/877/526 1819/902/526 1820/903/526
f 1794/877/526 1820/903/526 1795/878/526
f 1827/910/527 1821/904/527 1822/905/527
f 1827/910/527 1822/905/527 1828/911/527
f 1829/912/528 1823/906/528 1826/909/528
f 1829/912/528 1826/909/528 1830/913/528
f 1831/914/529 1827/910/529 1828/911/529
f 1831/914/529 1828/911/529 1832/915/529
f 1833/916/530 1829/912/530 1830/913/530
f 1833/916/530 1830/913/530 1834/917/530
f 1835/918/531 1836/919/531 1837/920/531
f 1835/918/531 1837/920/531 1838/921/531
f 1839/922/532 1833/916/532 1834/917/532
f 1839/922/532 1834/917/532 1840/923/532
f 1841/924/533 1835/918/533 1838/921/533
f 1841/924/533 1838/921/533 1842/925/533
f 1843/926/534 1839/922/534 1840/923/534
f 1843/926/534 1840/923/534 1844/927/534
f 1845/928/535 1841/924/535 1842/925/535
f 1845/928/535 1842/925/535 1846/929/535
f 1847/930/536 1843/926/536 1844/927/536
f 1847/930/536 1844/927/536 1848/931/536
f 1849/932/537 1845/928/537 1846/929/537
f 1849/932/537 1846/929/537 1850/933/537
f 1714/797/538 1847/930/538 1848/931/538
f 1714/797/538 1848/931/538 1715/798/538
f 1782/865/539 1849/932/539 1850/933/539
f 1782/865/539 1850/933/539 1783/866/539
f 1851/934/540 1852/935/540 1853/936/540
f 1851/934/540 1853/936/540 1854/937/540
f 1855/938/541 1856/939/541 1857/940/541
f 1855/938/541 1857/940/541 1858/941/541
f 1859/942/542 1860/943/542 1861/944/542
f 1859/942/542 1861/944/542 1862/945/542
f 1863/946/543 1777/860/543 1780/863/543
f 1863/946/543 1780/863/543 1864/947/543
f 1865/948/544 1855/938/544 1858/941/544
f 1865/948/544 1858/941/544 1866/949/544
f 1867/950/545 1859/942/545 1862/945/545
f 1867/950/545 1862/945/545 1868/951/545
f 1869/952/546 1863/946/546 1864/947/546
f 1869/952/546 1864/947/546 1870/953/546
f 1871/954/547 1865/948/547 1866/949/547
f 1871/954/547 1866/949/547 1872/955/547
f 1873/956/548 1867/950/548 1868/951/548
f 1873/956/548 1868/951/548 1874/957/548
f 1875/958/549 1869/952/549 1870/953/549
f 1875/958/549 1870/953/549 1876/959/549
f 1877/960/550 1871/954/550 1872/955/550
f 1877/960/550 1872/955/550 1878/961/550
f 1879/962/551 1873/956/551 1874/957/551
f 1879/962/551 1874/957/551 1880/963/551
f 1881/964/552 1875/958/552 1876/959/552
f 1881/964/552 1876/959/552 1882/965/552
f 1883/966/553 1877/960/553 1878/961/553
f 1883/966/553 1878/961/553 1884/967/553
f 1885/968/554 1881/964/554 1882/965/554
f 1885/968/554 1882/965/554 1886/969/554
f 1887/970/555 1883/966/555 1884/967/555
f 1887/970/555 1884/967/555 1888/971/555
f 1889/972/556 1885/968/556 1886/969/556
f 1889/972/556 1886/969/556 1890/973/556
f 1891/974/557 1887/970/557 1888/971/557
f 1891/974/557 1888/971/557 1892/975/557
f 1893/976/558 1889/972/558 1890/973/558
f 1893/976/558 1890/973/558 1894/977/558
f 1895/978/559 1891/974/559 1892/975/559
f 1895/978/559 1892/975/559 1896/979/559
f 1897/980/560 1893/976/560 1894/977/560
f 1897/980/560 1894/977/560 1898/981/560
f 1899/982/561 1895/978/561 1896/979/561
f 1899/982/561 1896/979/561 1900/983/561
f 1901/984/562 1897/980/562 1898/981/562
f 1901/984/562 1898/981/562 1902/985/562
f 1903/986/563 1899/982/563 1900/983/563
f 1903/986/563 1900/983/563 1904/987/563
f 1905/988/564 1901/984/564 1902/985/564
f 1905/988/564 1902/985/564 1906/989/564
f 1907/990/565 1903/986/565 1904/987/565
f 1907/990/565 1904/987/565 1908/991/565
f 1909/992/566 1905/988/566 1906/989/566
f 1909/992/566 1906/989/566 1910/993/566
f 1911/994/567 1907/990/567 1908/991/567
f 1911/994/567 1908/991/567 1912/995/567
f 1913/996/568 1909/992/568 1910/993/568
f 1913/996/568 1910/993/568 1914/997/568
f 1778/861/569 1911/994/569 1912/995/569
f 1778/861/569 1912/995/569 1779/862/569
f 1856/939/570 1879/962/570 1880/963/570
f 1856/939/570 1880/963/570 1857/940/570
f 1860/943/571 1913/996/571 1914/997/571
f 1860/943/571 1914/997/571 1861/944/571
f 1915/998/572 1916/999/572 1917/1000/572
f 1915/998/572 1917/1000/572 1918/1001/572
f 1919/934/573 1920/935/573 1921/936/573
f 1919/934/573 1921/936/573 1922/937/573
f 1923/934/574 1924/935/574 1925/936/574
f 1923/934/574 1925/936/574 1926/937/574
f 1927/934/575 1928/935/575 1929/936/575
f 1927/934/575 1929/936/575 1930/937/575
f 1931/934/576 1932/935/576 1933/936/576
f 1931/934/576 1933/936/576 1934/937/576
f 1935/934/577 1936/935/577 1937/936/577
f 1935/934/577 1937/936/577 1938/937/577
f 1939/934/578 1940/935/578 1941/936/578
f 1939/934/578 1941/936/578 1942/937/578
f 1943/934/579 1944/935/579 1945/936/579
f 1943/934/579 1945/936/579 1946/937/579
f 1947/934/580 1948/935/580 1949/936/580
f 1947/934/580 1949/936/580 1950/937/580
f 1951/934/581 1952/935/581 1953/936/581
f 1951/934/581 1953/936/581 1954/937/581
f 1955/934/582 1956/935/582 1957/936/582
f 1955/934/582 1957/936/582 1958/937/582
f 1959/934/583 1960/935/583 1961/936/583
f 1959/934/583 1961/936/583 1962/937/583
f 1963/934/584 1964/935/584 1965/936/584
f 1963/934/584 1965/936/584 1966/937/584
f 1967/934/585 1968/935/585 1969/936/585
f 1967/934/585 1969/936/585 1970/937/585
f 1971/934/586 1972/935/586 1973/936/586
f 1971/934/586 1973/936/586 1974/937/586
f 1975/934/587 1976/935/587 1977/936/587
f 1975/934/587 1977/936/587 1978/937/587
f 1979/934/588 1980/935/588 1981/936/588
f 1979/934/588 1981/936/588 1982/937/588
f 1983/934/589 1984/935/589 1985/936/589
f 1983/934/589 1985/936/589 1986/937/589
f 1987/934/590 1988/935/590 1989/936/590
f 1987/934/590 1989/936/590 1990/937/590
f 1991/934/591 1992/935/591 1993/936/591
f 1991/934/591 1993/936/591 1994/937/591
f 1995/934/592 1996/935/592 1997/936/592
f 1995/934/592 1997/936/592 1998/937/592
f 1999/934/593 2000/935/593 2001/936/593
f 1999/934/593 2001/936/593 2002/937/593
f 2003/934/594 2004/935/594 2005/936/594
f 2003/934/594 2005/936/594 2006/937/594
f 2007/934/595 2008/935/595 2009/936/595
f 2007/934/595 2009/936/595 2010/937/595
f 2011/934/596 2012/935/596 2013/936/596
f 2011/934/596 2013/936/596 2014/937/596
f 2015/934/597 2016/935/597 2017/936/597
f 2015/934/597 2017/936/597 2018/937/597
f 2019/934/598 2020/935/598 2021/936/598
f 2019/934/598 2021/936/598 2022/937/598
f 2023/934/599 2024/935/599 2025/936/599
f 2023/934/599 2025/936/599 2026/937/599
f 2027/934/600 2028/935/600 2029/936/600
f 2027/934/600 2029/936/600 2030/937/600
f 2031/934/601 2032/935/601 2033/936/601
f 2031/934/601 2033/936/601 2034/937/601
f 2035/934/602 2036/935/602 2037/936/602
f 2035/934/602 2037/936/602 2038/937/602
f 2039/934/603 2040/935/603 2041/936/603
f 2039/934/603 2041/936/603 2042/937/603
f 2043/1002/604 2044/1003/604 2045/1004/604
f 2043/1002/604 2045/1004/604 2046/1005/604
f 2047/1006/605 2048/1007/605 2049/1008/605
f 2047/1006/605 2049/1008/605 2050/1009/605
f 2051/1010/606 1915/998/606 1918/1001/606
f 2051/1010/606 1918/1001/606 2052/1011/606
f 2053/1012/607 2047/1006/607 2050/1009/607
f 2053/1012/607 2050/1009/607 2054/1013/607
f 2055/1014/608 2051/1010/608 2052/1011/608
f 2055/1014/608 2052/1011/608 2056/1015/608
f 2057/1016/609 2053/1012/609 2054/1013/609
f 2057/1016/609 2054/1013/609 2058/1017/609
f 2059/1018/610 2055/1014/610 2056/1015/610
f 2059/1018/610 2056/1015/610 2060/1019/610
f 2061/1020/611 2057/1016/611 2058/1017/611
f 2061/1020/611 2058/1017/611 2062/1021/611
f 2063/1022/612 2059/1018/612 2060/1019/612
f 2063/1022/612 2060/1019/612 2064/1023/612
f 2065/1024/613 2061/1020/613 2062/1021/613
f 2065/1024/613 2062/1021/613 2066/1025/613
f 2067/1026/614 2063/1022/614 2064/1023/614
f 2067/1026/614 2064/1023/614 2068/1027/614
f 2069/1028/615 2065/1024/615 2066/1025/615
f 2069/1028/615 2066/1025/615 2070/1029/615
f 2071/1030/616 2067/1026/616 2068/1027/616
f 2071/1030/616 2068/1027/616 2072/1031/616
f 2073/1032/617 2069/1028/617 2070/1029/617
f 2073/1032/617 2070/1029/617 2074/1033/617
f 2075/1034/618 2076/1035/618 2077/1036/618
f 2075/1034/618 2077/1036/618 2078/1037/618
f 2079/1038/619 2071/1030/619 2072/1031/619
f 2079/1038/619 2072/1031/619 2080/1039/619
f 2081/1040/620 2073/1032/620 2074/1033/620
f 2081/1040/620 2074/1033/620 2082/1041/620
f 2083/1042/621 2075/1034/621 2078/1037/621
f 2083/1042/621 2078/1037/621 2084/1043/621
f 2085/1044/622 2079/1038/622 2080/1039/622
f 2085/1044/622 2080/1039/622 2086/1045/622
f 2087/1046/623 2081/1040/623 2082/1041/623
f 2087/1046/623 2082/1041/623 2088/1047/623
f 2089/1048/624 2083/1042/624 2084/1043/624
f 2089/1048/624 2084/1043/624 2090/1049/624
f 2091/1050/625 2085/1044/625 2086/1045/625
f 2091/1050/625 2086/1045/625 2092/1051/625
f 2093/1052/626 2087/1046/626 2088/1047/626
f 2093/1052/626 2088/1047/626 2094/1053/626
f 2095/1054/627 2089/1048/627 2090/1049/627
f 2095/1054/627 2090/1049/627 2096/1055/627
f 2097/1056/628 2091/1050/628 2092/1051/628
f 2097/1056/628 2092/1051/628 2098/1057/628
f 2099/1058/629 2093/1052/629 2094/1053/629
f 2099/1058/629 2094/1053/629 2100/1059/629
f 2101/1060/630 2095/1054/630 2096/1055/630
f 2101/1060/630 2096/1055/630 2102/1061/630
f 2076/1035/631 2097/1056/631 2098/1057/631
f 2076/1035/631 2098/1057/631 2077/1036/631
f 2103/1062/632 2099/1058/632 2100/1059/632
f 2103/1062/632 2100/1059/632 2104/1063/632
f 2105/1064/633 2101/1060/633 2102/1061/633
f 2105/1064/633 2102/1061/633 2106/1065/633
f 1916/999/634 2103/1062/634 2104/1063/634
f 1916/999/634 2104/1063/634 1917/1000/634
f 2048/1007/635 2105/1064/635 2106/1065/635
f 2048/1007/635 2106/1065/635 2049/1008/635
f 2107/1066/636 2108/1067/636 2109/1068/636
f 2107/1066/636 2109/1068/636 2110/1069/636
f 2111/1070/637 2112/1071/637 2113/1072/637
f 2111/1070/637 2113/1072/637 2114/1073/637
f 2115/1074/638 2043/1002/638 2046/1005/638
f 2115/1074/638 2046/1005/638 2116/1075/638
f 2117/1076/639 2111/1070/639 2114/1073/639
f 2117/1076/639 2114/1073/639 2118/1077/639
f 2119/1078/640 2115/1074/640 2116/1075/640
f 2119/1078/640 2116/1075/640 2108/1067/640
f 2120/1079/641 2121/1080/641 2122/1081/641
f 2120/1079/641 2122/1081/641 2123/1082/641
f 2124/1083/642 2119/1078/642 2108/1067/642
f 2124/1083/642 2108/1067/642 2107/1066/642
f 2125/1084/643 2120/1079/643 2123/1082/643
f 2125/1084/643 2123/1082/643 2126/1085/643
f 2127/1086/644 2128/1087/644 2129/1088/644
f 2127/1086/644 2129/1088/644 2130/1089/644
f 2131/1090/645 2124/1083/645 2107/1066/645
f 2131/1090/645 2107/1066/645 2132/1091/645
f 2133/1092/646 2125/1084/646 2126/1085/646
f 2133/1092/646 2126/1085/646 2134/1093/646
f 2135/1094/647 2127/1086/647 2130/1089/647
f 2135/1094/647 2130/1089/647 2136/1095/647
f 2137/1096/648 2138/1097/648 2139/1098/648
f 2137/1096/648 2139/1098/648 2140/1099/648
f 2141/1100/649 2133/1092/649 2134/1093/649
f 2141/1100/649 2134/1093/649 2142/1101/649
f 2143/1102/650 2144/1103/650 2145/1104/650
f 2143/1102/650 2145/1104/650 2146/1105/650
f 2147/1106/651 2137/1096/651 2140/1099/651
f 2147/1106/651 2140/1099/651 2148/1107/651
f 2149/1108/652 2141/1100/652 2142/1101/652
f 2149/1108/652 2142/1101/652 2150/1109/652
f 2151/1110/653 2143/1102/653 2146/1105/653
f 2151/1110/653 2146/1105/653 2152/1111/653
f 2153/1112/654 2147/1106/654 2148/1107/654
f 2153/1112/654 2148/1107/654 2154/1113/654
f 2155/1114/655 2149/1108/655 2150/1109/655
f 2155/1114/655 2150/1109/655 2156/1115/655
f 2157/1116/656 2158/1117/656 2159/1118/656
f 2157/1116/656 2159/1118/656 2160/1119/656
f 2128/1087/657 2153/1112/657 2154/1113/657
f 2128/1087/657 2154/1113/657 2129/1088/657
f 2161/1120/658 2162/1121/658 2163/1122/658
f 2161/1120/658 2163/1122/658 2164/1123/658
f 2165/1124/659 2157/1116/659 2160/1119/659
f 2165/1124/659 2160/1119/659 2166/1125/659
f 2167/1126/660 2161/1120/660 2164/1123/660
f 2167/1126/660 2164/1123/660 2168/1127/660
f 2169/1128/661 2165/1124/661 2166/1125/661
f 2169/1128/661 2166/1125/661 2170/1129/661
f 2171/1130/662 2172/1131/662 2173/1132/662
f 2171/1130/662 2173/1132/662 2174/1133/662
f 2175/1134/663 2169/1128/663 2170/1129/663
f 2175/1134/663 2170/1129/663 2176/1135/663
f 2177/1136/664 2171/1130/664 2174/1133/664
f 2177/1136/664 2174/1133/664 2178/1137/664
f 2179/1138/665 2175/1134/665 2176/1135/665
f 2179/1138/665 2176/1135/665 2180/1139/665
f 2044/1003/666 2177/1136/666 2178/1137/666
f 2044/1003/666 2178/1137/666 2045/1004/666
f 2112/1071/667 2179/1138/667 2180/1139/667
f 2112/1071/667 2180/1139/667 2113/1072/667
f 2126/1085/668 2123/1082/668 2181/1140/668
f 2126/1085/668 2181/1140/668 2182/1141/668
f 2130/1089/669 2129/1088/669 2183/1142/669
f 2130/1089/669 2183/1142/669 2184/1143/669
f 2132/1091/670 2107/1066/670 2110/1069/670
f 2132/1091/670 2110/1069/670 2185/1144/670
f 2134/1093/671 2126/1085/671 2182/1141/671
f 2134/1093/671 2182/1141/671 2186/1145/671
f 2136/1095/672 2130/1089/672 2184/1143/672
f 2136/1095/672 2184/1143/672 2187/1146/672
f 2140/1099/673 2139/1098/673 2188/1147/673
f 2140/1099/673 2188/1147/673 2189/1148/673
f 2142/1101/674 2134/1093/674 2186/1145/674
f 2142/1101/674 2186/1145/674 2190/1149/674
f 2146/1105/675 2145/1104/675 2191/1150/675
f 2146/1105/675 2191/1150/675 2192/1151/675
f 2148/1107/676 2140/1099/676 2189/1148/676
f 2148/1107/676 2189/1148/676 2193/1152/676
f 2150/1109/677 2142/1101/677 2190/1149/677
f 2150/1109/677 2190/1149/677 2194/1153/677
f 2152/1111/678 2146/1105/678 2192/1151/678
f 2152/1111/678 2192/1151/678 2195/1154/678
f 2154/1113/679 2148/1107/679 2193/1152/679
f 2154/1113/679 2193/1152/679 2196/1155/679
f 2156/1115/680 2150/1109/680 2194/1153/680
f 2156/1115/680 2194/1153/680 2197/1156/680
f 2160/1119/681 2159/1118/681 2198/1157/681
f 2160/1119/681 2198/1157/681 2199/1158/681
f 2129/1088/682 2154/1113/682 2196/1155/682
f 2129/1088/682 2196/1155/682 2183/1142/682
f 2200/1159/683 2156/1115/683 2197/1156/683
f 2200/1159/683 2197/1156/683 2201/1160/683
f 2166/1125/684 2160/1119/684 2199/1158/684
f 2166/1125/684 2199/1158/684 2202/1161/684
f 2168/1127/685 2164/1123/685 2203/1162/685
f 2168/1127/685 2203/1162/685 2204/1163/685
f 2170/1129/686 2166/1125/686 2202/1161/686
f 2170/1129/686 2202/1161/686 2205/1164/686
f 2174/1133/687 2173/1132/687 2206/1165/687
f 2174/1133/687 2206/1165/687 2207/1166/687
f 2176/1135/688 2170/1129/688 2205/1164/688
f 2176/1135/688 2205/1164/688 2208/1167/688
f 2178/1137/689 2174/1133/689 2207/1166/689
f 2178/1137/689 2207/1166/689 2209/1168/689
f 2180/1139/690 2176/1135/690 2208/1167/690
f 2180/1139/690 2208/1167/690 2210/1169/690
f 2045/1004/691 2178/1137/691 2209/1168/691
f 2045/1004/691 2209/1168/691 2211/1170/691
f 2113/1072/692 2180/1139/692 2210/1169/692
f 2113/1072/692 2210/1169/692 2212/1171/692
f 2046/1005/693 2045/1004/693 2211/1170/693
f 2046/1005/693 2211/1170/693 2213/1172/693
f 2114/1073/694 2113/1072/694 2212/1171/694
f 2114/1073/694 2212/1171/694 2214/1173/694
f 2116/1075/695 2046/1005/695 2213/1172/695
f 2116/1075/695 2213/1172/695 2215/1174/695
f 2118/1077/696 2114/1073/696 2214/1173/696
f 2118/1077/696 2214/1173/696 2216/1175/696
f 2108/1067/697 2116/1075/697 2215/1174/697
f 2108/1067/697 2215/1174/697 2109/1068/697
f 2123/1082/698 2122/1081/698 2217/1176/698
f 2123/1082/698 2217/1176/698 2181/1140/698
f 2218/1177/699 2219/1178/699 2220/1179/699
f 2218/1177/699 2220/1179/699 2221/1180/699
f 2222/1177/700 2223/1178/700 2224/1179/700
f 2222/1177/700 2224/1179/700 2225/1180/700
f 2226/1177/701 2227/1178/701 2228/1179/701
f 2226/1177/701 2228/1179/701 2229/1180/701
f 2230/1177/702 2231/1178/702 2232/1179/702
f 2230/1177/702 2232/1179/702 2233/1180/702
f 2234/1181/703 2235/1182/703 2236/1183/703
f 2234/1181/703 2236/1183/703 2237/1184/703
f 2238/1185/704 2239/1186/704 2240/1187/704
f 2238/1185/704 2240/1187/704 2241/1188/704
f 2242/1189/705 2243/1190/705 2244/1191/705
f 2242/1189/705 2244/1191/705 2245/1192/705
f 2246/1193/704 2247/1194/704 2248/1195/704
f 2246/1193/704 2248/1195/704 2249/1196/704
f 2250/1197/706 2251/1198/706 2252/1199/706
f 2250/1197/706 2252/1199/706 2253/1200/706
f 2254/1201/707 2255/1202/707 2256/1203/707
f 2254/1201/707 2256/1203/707 2257/1204/707
f 2258/1205/708 2259/1206/708 2260/1207/708
f 2258/1205/708 2260/1207/708 2261/1208/708
f 2262/1209/707 2263/1210/707 2264/1211/707
f 2262/1209/707 2264/1211/707 2265/1212/707
f 2266/1213/705 2267/1214/705 2268/1215/705
f 2266/1213/705 2268/1215/705 2269/1216/705
f 2270/1217/706 2271/1218/706 2272/1219/706
f 2270/1217/706 2272/1219/706 2273/1220/706
f 2274/1205/708 2275/1206/708 2276/1207/708
f 2274/1205/708 2276/1207/708 2277/1208/708
f 2278/1205/708 2279/1206/708 2280/1207/708
f 2278/1205/708 2280/1207/708 2281/1208/708
f 2282/1205/708 2283/1206/708 2284/1207/708
f 2282/1205/708 2284/1207/708 2285/1208/708
f 2286/1221/705 2287/1222/705 2288/1223/705
f 2286/1221/705 2288/1223/705 2289/1224/705
f 2290/1225/709 2291/1226/709 2292/1227/709
f 2290/1225/709 2292/1227/709 2293/1228/709
f 2294/1229/706 2295/1230/706 2296/1231/706
f 2294/1229/706 2296/1231/706 2297/1232/706
f 2298/1233/704 2299/1234/704 2300/1235/704
f 2298/1233/704 2300/1235/704 2301/1236/704
f 2302/1237/710 2303/1238/710 2304/1239/710
f 2302/1237/710 2304/1239/710 2305/1240/710
f 2305/1240/711 2304/1239/711 2306/1241/711
f 2305/1240/711 2306/1241/711 2307/1242/711
f 2308/1243/712 2309/1244/712 2310/1245/712
f 2308/1243/712 2310/1245/712 2311/1246/712
f 2312/1247/713 2313/1248/713 2314/1249/713
f 2312/1247/713 2314/1249/713 2315/1250/713
f 2315/1250/714 2314/1249/714 2316/1251/714
f 2315/1250/714 2316/1251/714 2317/1252/714
f 2318/1243/715 2319/1244/715 2320/1245/715
f 2318/1243/715 2320/1245/715 2321/1246/715
f 2322/1253/716 2323/1254/716 2324/1255/716
f 2322/1253/716 2324/1255/716 2325/1256/716
f 2325/1256/717 2324/1255/717 2326/1257/717
f 2325/1256/717 2326/1257/717 2327/1258/717
f 2328/1243/718 2329/1244/718 2330/1245/718
f 2328/1243/718 2330/1245/718 2331/1246/718
f 2291/1226/719 2290/1225/719 2332/1259/719
f 2291/1226/719 2332/1259/719 2333/1260/719
f 2333/1260/720 2332/1259/720 2334/1261/720
f 2333/1260/720 2334/1261/720 2335/1262/720
f 2336/1243/721 2337/1244/721 2338/1245/721
f 2336/1243/721 2338/1245/721 2339/1246/721
f 2340/1263/707 2341/1264/707 2342/1265/707
f 2340/1263/707 2342/1265/707 2343/1266/707
f 2293/1228/722 2292/1227/722 2344/1267/722
f 2293/1228/722 2344/1267/722 2345/1268/722
f 2303/1238/723 2302/1237/723 2346/1269/723
f 2303/1238/723 2346/1269/723 2347/1270/723
f 2313/1248/724 2312/1247/724 2348/1271/724
f 2313/1248/724 2348/1271/724 2349/1272/724
f 2323/1254/725 2322/1253/725 2350/1273/725
f 2323/1254/725 2350/1273/725 2351/1274/725
f 2349/1272/726 2348/1271/726 2352/1275/726
f 2349/1272/726 2352/1275/726 2353/1276/726
f 2351/1274/727 2350/1273/727 2354/1277/727
f 2351/1274/727 2354/1277/727 2355/1278/727
f 2347/1270/728 2346/1269/728 2356/1279/728
f 2347/1270/728 2356/1279/728 2357/1280/728
f 2358/1281/706 2359/1282/706 2360/1283/706
f 2358/1281/706 2360/1283/706 2361/1284/706
f 2362/1285/708 2363/1286/708 2364/1287/708
f 2362/1285/708 2364/1287/708 2365/1288/708
f 2366/1289/704 2358/1281/704 2361/1284/704
f 2366/1289/704 2361/1284/704 2367/1290/704
f 2359/1282/707 2368/1291/707 2369/1292/707
f 2359/1282/707 2369/1292/707 2360/1283/707
f 2368/1291/705 2370/1293/705 2371/1294/705
f 2368/1291/705 2371/1294/705 2369/1292/705
f 2372/1295/729 2373/1296/729 2374/1297/729
f 2373/1296/729 2372/1295/729 2375/1298/729
f 2375/1298/729 2372/1295/729 2376/1299/729
f 2375/1298/729 2376/1299/729 2377/1300/729
f 2377/1300/729 2376/1299/729 2378/1301/729
f 2377/1300/729 2378/1301/729 2379/1302/729
f 2377/1300/729 2379/1302/729 2380/1303/729
f 2380/1303/729 2379/1302/729 2381/1304/729
f 2380/1303/729 2381/1304/729 2382/1305/729
f 2382/1305/729 2381/1304/729 2383/1306/729
f 2382/1305/729 2383/1306/729 2384/1307/729
f 2384/1307/729 2383/1306/729 2385/1308/729
f 2385/1308/729 2383/1306/729 2386/1309/729
f 2385/1308/729 2386/1309/729 2387/1310/729
f 2387/1310/729 2386/1309/729 2388/1311/729
f 2387/1310/729 2388/1311/729 2389/1312/729
f 2389/1312/729 2388/1311/729 2390/1313/729
f 2389/1312/729 2390/1313/729 2391/1314/729
f 2389/1312/729 2391/1314/729 2392/1315/729
f 2392/1315/729 2391/1314/729 2393/1316/729
f 2392/1315/729 2393/1316/729 2394/1317/729
f 2394/1317/729 2393/1316/729 2395/1318/729
f 2394/1317/729 2395/1318/729 2396/1319/729
f 2396/1319/729 2395/1318/729 2397/1320/729
f 2396/1319/729 2397/1320/729 2398/1321/729
f 2398/1321/729 2397/1320/729 2399/1322/729
f 2399/1322/729 2397/1320/729 2400/1323/729
f 2399/1322/729 2400/1323/729 2401/1324/729
f 2399/1322/729 2401/1324/729 2402/1325/729
f 2402/1325/729 2401/1324/729 2403/1326/729
f 2404/1327/730 2405/1328/730 2406/1329/730
f 2405/1328/730 2404/1327/730 2407/1330/730
f 2405/1328/730 2407/1330/730 2408/1331/730
f 2408/1331/730 2407/1330/730 2409/1332/730
f 2408/1331/730 2409/1332/730 2410/1333/730
f 2410/1333/730 2409/1332/730 2411/1334/730
f 2410/1333/730 2411/1334/730 2412/1335/730
f 2412/1335/730 2411/1334/730 2413/1336/730
f 2413/1336/730 2411/1334/730 2414/1337/730
f 2413/1336/730 2414/1337/730 2415/1338/730
f 2415/1338/730 2414/1337/730 2416/1339/730
f 2415/1338/730 2416/1339/730 2417/1340/730
f 2415/1338/730 2417/1340/730 2418/1341/730
f 2418/1341/730 2417/1340/730 2419/1342/730
f 2418/1341/730 2419/1342/730 2420/1343/730
f 2420/1343/730 2419/1342/730 2421/1344/730
f 2420/1343/730 2421/1344/730 2422/1345/730
f 2422/1345/730 2421/1344/730 2423/1346/730
f 2423/1346/730 2421/1344/730 2424/1347/730
f 2423/1346/730 2424/1347/730 2425/1348/730
f 2425/1348/730 2424/1347/730 2426/1349/730
f 2425/1348/730 2426/1349/730 2427/1350/730
f 2427/1350/730 2426/1349/730 2428/1351/730
f 2427/1350/730 2428/1351/730 2429/1352/730
f 2429/1352/730 2428/1351/730 2430/1353/730
f 2429/1352/730 2430/1353/730 2431/1354/730
f 2429/1352/730 2431/1354/730 2432/1355/730
f 2432/1355/730 2431/1354/730 2433/1356/730
f 2432/1355/730 2433/1356/730 2434/1357/730
f 2434/1357/730 2433/1356/730 2435/1358/730
# Vertices: 1897, normals: 635, texture coordinates: 1117, faces: 1368

o obj14
v -0.46462811 -0.00794917 4.8900198
v -0.46462811 2.98283231 4.8900198
v -0.29491143 2.98283231 4.19199848
v -0.29491143 -0.00794917 4.19199848
v -0.29491143 -0.00794917 4.19199848
v -0.29491143 2.98283231 4.19199848
v 0.1990066 2.98283231 4.19199848
v 0.1990066 -0.00794917 4.19199848
v 0.36872328 -0.00794917 5.55668643
v 0.36872328 2.98283231 5.55668643
v 0.1990066 2.98283231 6.19199848
v 0.1990066 -0.00794917 6.19199848
v 0.1990066 -0.00794917 6.19199848
v 0.1990066 2.98283231 6.19199848
v -0.29491143 2.98283231 6.19199848
v -0.29491143 -0.00794917 6.19199848
v -0.46462811 -0.00794917 5.55668643
v 0.36872328 -0.00794917 5.55668643
v 0.1990066 -0.00794917 6.19199848
v -0.29491143 -0.00794917 6.19199848
v 0.36872328 2.98283231 5.55668643
v -0.46462811 2.98283231 5.55668643
v -0.29491143 2.98283231 6.19199848
v 0.1990066 2.98283231 6.19199848
v 0.1990066 2.98283231 4.19199848
v -0.29491143 2.98283231 4.19199848
v -0.46462811 2.98283231 4.8900198
v 0.36872328 2.98283231 4.8900198
v 0.36872328 2.98283231 4.8900198
v -0.46462811 2.98283231 4.8900198
v -0.46462811 2.98283231 5.55668643
v 0.36872328 2.98283231 5.55668643
v -0.29491143 -0.00794917 4.19199848
v 0.1990066 -0.00794917 4.19199848
v 0.36872328 -0.00794917 4.8900198
v -0.46462811 -0.00794917 4.8900198
v 0.1990066 -0.00794917 4.19199848
v 0.1990066 2.98283231 4.19199848
v 0.36872328 2.98283231 4.8900198
v 0.36872328 -0.00794917 4.8900198
v -0.29491143 -0.00794917 6.19199848
v -0.29491143 2.98283231 6.19199848
v -0.46462811 2.98283231 5.55668643
v -0.46462811 -0.00794917 5.55668643
vn -0.74876 0 -0.66285
vn 0 0 -1
vn 0.71684 0 0.69723
vn 0 0 1
vn 0 -1 -0
vn 0 1 0
vn 0.74876 0 -0.66285
vn 1 0 0
vn -0.71684 0 0.69723
vn -1 0 0
vt 0.28067 0.99739
vt 0.28067 0.0023
vt 0.00163 0.0023
vt 0.00163 0.99739
vt 0.99867 0.99739
vt 0.99867 0.0023
vt 0.68092 0.0023
vt 0.68092 0.99739
vt 0.00343 0.0023
vt 0.00343 0.99739
vt 0.125 0.32941
vt 0.375 0.32941
vt 0.375 0.25
vt 0.125 0.25
vt 0.99516 0.76512
vt 0.77016 0.76474
vt 0.76774 0.77739
vt 0.89355 0.77701
vt 0.81935 0.77549
vt 0.97419 0.77322
vt 0.99032 0.76436
vt 0.75403 0.76247
vt 0.75081 0.78194
vt 1.00081 0.78194
vt 1.00081 0.75943
vt 0.75081 0.75943
vt 0.125 0.5
vt 0.375 0.5
vt 0.375 0.41275
vt 0.125 0.41275
vt 1.01301 0.99739
vt 1.01301 0.0023
usemtl mat13
f 2436/1359/731 2437/1360/731 2438/1361/731
f 2436/1359/731 2438/1361/731 2439/1362/731
f 2440/1363/732 2441/1364/732 2442/1365/732
f 2440/1363/732 2442/1365/732 2443/1366/732
f 2444/1359/733 2445/1360/733 2446/1367/733
f 2444/1359/733 2446/1367/733 2447/1368/733
f 2448/1359/734 2449/1360/734 2450/1367/734
f 2448/1359/734 2450/1367/734 2451/1368/734
f 2452/1369/735 2453/1370/735 2454/1371/735
f 2452/1369/735 2454/1371/735 2455/1372/735
f 2456/1373/736 2457/1374/736 2458/1375/736
f 2456/1373/736 2458/1375/736 2459/1376/736
f 2460/1377/736 2461/1378/736 2462/1379/736
f 2460/1377/736 2462/1379/736 2463/1380/736
f 2464/1381/736 2465/1382/736 2466/1383/736
f 2464/1381/736 2466/1383/736 2467/1384/736
f 2468/1385/735 2469/1386/735 2470/1387/735
f 2468/1385/735 2470/1387/735 2471/1388/735
f 2471/1388/735 2470/1387/735 2453/1370/735
f 2471/1388/735 2453/1370/735 2452/1369/735
f 2472/1363/737 2473/1364/737 2474/1365/737
f 2472/1363/737 2474/1365/737 2475/1366/737
f 2475/1366/738 2474/1365/738 2445/1360/738
f 2475/1366/738 2445/1360/738 2444/1359/738
f 2476/1389/739 2477/1390/739 2478/1365/739
f 2476/1389/739 2478/1365/739 2479/1366/739
f 2479/1366/740 2478/1365/740 2437/1360/740
f 2479/1366/740 2437/1360/740 2436/1359/740
# Vertices: 44, normals: 10, texture coordinates: 32, faces: 28

o obj15
v 0.17018714 4.64104366 1.7698046
v -0.22595635 4.64104366 2.15424687
v 0.1177391 0.74825847 2.14600185
v -0.22595635 4.64104366 1.38536233
v 0.17018714 4.64104366 1.7698046
v 0.1177391 0.74825847 1.39360735
v 0.17018714 4.64104366 1.7698046
v 0.1177391 0.74825847 2.14600185
v 0.1177391 0.74825847 1.39360735
v -0.22595635 4.64104366 1.38536233
v -0.5696518 0.74825847 1.39360735
v -0.62209984 4.64104366 1.7698046
v 0.1177391 0.74825847 1.39360735
v -0.5696518 0.74825847 1.39360735
v -0.22595635 4.64104366 1.38536233
v -0.62209984 4.64104366 1.7698046
v -0.5696518 0.74825847 2.14600185
v -0.22595635 4.64104366 2.15424687
v -0.22595635 4.64104366 2.15424687
v -0.5696518 0.74825847 2.14600185
v 0.1177391 0.74825847 2.14600185
v -0.5696518 0.74825847 1.39360735
v -0.5696518 0.74825847 2.14600185
v -0.62209984 4.64104366 1.7698046
v -0.05824916 0.01481485 1.58170597
v -0.05824916 0.01481485 1.39360735
v 0.10945803 0.01481485 1.39360735
v 0.10945803 0.01481485 1.58170597
v -0.05824916 0.01481485 1.95790322
v -0.05824916 0.01481485 1.7698046
v 0.10945803 0.01481485 1.7698046
v 0.10945803 0.01481485 1.95790322
v -0.39366354 0.01481485 1.95790322
v -0.39366354 0.01481485 1.7698046
v -0.22595635 0.01481485 1.7698046
v -0.22595635 0.01481485 1.95790322
v -0.39366354 0.01481485 1.58170597
v -0.39366354 0.01481485 1.39360735
v -0.22595635 0.01481485 1.39360735
v -0.22595635 0.01481485 1.58170597
v 0.17018714 4.64104366 1.7698046
v -0.22595635 4.64104366 1.38536233
v -0.62209984 4.64104366 1.7698046
v -0.22595635 4.64104366 2.15424687
v -0.56137073 0.01481485 1.58170597
v -0.56137073 0.01481485 1.39360735
v -0.56137073 0.01481485 1.95790322
v -0.56137073 0.01481485 1.7698046
v -0.22595635 0.01481485 2.14600185
v -0.05824916 0.01481485 2.14600185
v -0.56137073 0.01481485 2.14600185
v -0.39366354 0.01481485 2.14600185
v 0.10945803 0.01481485 2.14600185
v 0.1177391 0.74825847 1.39360735
v -0.5696518 0.74825847 1.39360735
v -0.5696518 0.74825847 2.14600185
v 0.1177391 0.74825847 2.14600185
v 0.02566309 3.87621069 -0.61674693
v 0.02046379 3.87621093 -0.61571277
v 0.01927645 3.87621093 -0.61962677
v 0.02417409 3.87621069 -0.62165543
v 0.02566309 3.87621069 -0.6065376
v 0.02046379 3.87621093 -0.60757193
v 0.02086467 3.87621093 -0.61164217
v 0.02616584 3.87621069 -0.61164217
v 0.01734837 3.87621093 -0.62323402
v 0.02175613 3.87621069 -0.62617916
v 0.02417409 3.87621069 -0.60162909
v 0.01927645 3.87621093 -0.60365775
v 0.1177391 0.74825847 1.39360735
v -0.56137073 0.01481485 1.39360735
v -0.5696518 0.74825847 1.39360735
v -0.39366354 0.01481485 1.39360735
v -0.22595635 0.01481485 1.39360735
v -0.05824916 0.01481485 1.39360735
v 0.10945803 0.01481485 1.39360735
v 0.1177391 0.74825847 1.39360735
v 0.10945803 0.01481485 1.58170597
v 0.10945803 0.01481485 1.39360735
v 0.10945803 0.01481485 1.7698046
v 0.10945803 0.01481485 1.95790322
v 0.10945803 0.01481485 2.14600185
v 0.1177391 0.74825847 2.14600185
v -0.56137073 0.01481485 2.14600185
v 0.1177391 0.74825847 2.14600185
v -0.5696518 0.74825847 2.14600185
v -0.39366354 0.01481485 2.14600185
v -0.22595635 0.01481485 2.14600185
v -0.05824916 0.01481485 2.14600185
v 0.10945803 0.01481485 2.14600185
v -0.5696518 0.74825847 2.14600185
v -0.56137073 0.01481485 1.95790322
v -0.56137073 0.01481485 2.14600185
v -0.56137073 0.01481485 1.7698046
v -0.56137073 0.01481485 1.58170597
v -0.56137073 0.01481485 1.39360735
vn 0.64528 0.16566 -0.74577
vn 0.64528 0.16566 0.74577
vn 0.99919 -0.04014 -0
vn -0.64528 0.16566 0.74577
vn 0 -0.00563 0.99998
vn -0.64528 0.16566 -0.74577
vn 0 -0.00563 -0.99998
vn -0.99919 -0.04014 -0
vn 0 -1 -0
vn 0 1 -0
vn -1E-05 -1 -0
vn -2E-05 -1 0
vn -1E-05 -1 -1E-05
vn -2E-05 -1 -0
vn -1E-05 -1 0
vn 0 -0 1
vn 0.99943 -0.03364 -0
vn 0 0 -1
vn -0.99943 -0.03364 -0
vt 0.01105 -3E-05
vt 0.50087 -0.00303
vt 0.29001 0.99848
vt -0.00308 0.00443
vt 0.25102 0.87483
vt 0.00688 0.87376
vt 0.49859 -3E-05
vt 0.28973 0.99925
vt 0.00977 -0.00102
vt 0.2473 0.86462
vt -0.00308 0.8696
vt -0.0008 0.00165
vt 0.01891 -0.00102
vt 0.24425 0.86462
vt 0.00606 0.8685
vt 0.0053 0.00165
vt 0.71344 0.42673
vt 0.71344 0.40601
vt 0.77075 0.40601
vt 0.77075 0.42673
vt 0.71344 0.46818
vt 0.71344 0.44746
vt 0.77075 0.44746
vt 0.77075 0.46818
vt 0.59882 0.46818
vt 0.59882 0.44746
vt 0.65613 0.44746
vt 0.65613 0.46818
vt 0.59882 0.42673
vt 0.59882 0.40601
vt 0.65613 0.40601
vt 0.65613 0.42673
vt 0.0871 0.08379
vt 0.35221 0.08705
vt 0.37295 0.14294
vt 0.10784 0.13969
vt 0.54151 0.42673
vt 0.54151 0.40601
vt 0.54151 0.46818
vt 0.54151 0.44746
vt 0.65613 0.48891
vt 0.71344 0.48891
vt 0.54151 0.48891
vt 0.59882 0.48891
vt 0.77075 0.48891
vt 0.24981 0.40615
vt 0.48472 0.40615
vt 0.48472 0.48905
vt 0.24981 0.48905
vt 0.78125 0
vt 0.8125 0
vt 0.71875 0
vt 0.75 0
vt 0.84375 0
vt 0.6875 0
vt 0.4449 0.15422
vt 0.05264 0.06097
vt 0.44968 0.06097
vt 0.05742 0.15422
vt 0.15429 0.15422
vt 0.25116 0.15422
vt 0.34803 0.15422
usemtl mat14
f 2480/1391/741 2481/1392/741 2482/1393/741
f 2483/1391/742 2484/1392/742 2485/1393/742
f 2486/1394/743 2487/1395/743 2488/1396/743
f 2489/1397/744 2490/1398/744 2491/1399/744
f 2492/1400/745 2493/1401/745 2494/1402/745
f 2495/1397/746 2496/1398/746 2497/1403/746
f 2498/1394/747 2499/1395/747 2500/1396/747
f 2501/1404/748 2502/1405/748 2503/1406/748
f 2504/1407/749 2505/1408/749 2506/1409/749
f 2504/1407/749 2506/1409/749 2507/1410/749
f 2508/1411/749 2509/1412/749 2510/1413/749
f 2508/1411/749 2510/1413/749 2511/1414/749
f 2512/1415/749 2513/1416/749 2514/1417/749
f 2512/1415/749 2514/1417/749 2515/1418/749
f 2516/1419/749 2517/1420/749 2518/1421/749
f 2516/1419/749 2518/1421/749 2519/1422/749
f 2520/1423/750 2521/1424/750 2522/1425/750
f 2520/1423/750 2522/1425/750 2523/1426/750
f 2524/1427/749 2525/1428/749 2517/1420/749
f 2524/1427/749 2517/1420/749 2516/1419/749
f 2526/1429/749 2527/1430/749 2513/1416/749
f 2526/1429/749 2513/1416/749 2512/1415/749
f 2515/1418/749 2514/1417/749 2509/1412/749
f 2515/1418/749 2509/1412/749 2508/1411/749
f 2519/1422/749 2518/1421/749 2505/1408/749
f 2519/1422/749 2505/1408/749 2504/1407/749
f 2514/1417/749 2519/1422/749 2504/1407/749
f 2514/1417/749 2504/1407/749 2509/1412/749
f 2527/1430/749 2524/1427/749 2516/1419/749
f 2527/1430/749 2516/1419/749 2513/1416/749
f 2513/1416/749 2516/1419/749 2519/1422/749
f 2513/1416/749 2519/1422/749 2514/1417/749
f 2509/1412/749 2504/1407/749 2507/1410/749
f 2509/1412/749 2507/1410/749 2510/1413/749
f 2528/1431/749 2515/1418/749 2508/1411/749
f 2528/1431/749 2508/1411/749 2529/1432/749
f 2530/1433/749 2526/1429/749 2512/1415/749
f 2530/1433/749 2512/1415/749 2531/1434/749
f 2531/1434/749 2512/1415/749 2515/1418/749
f 2531/1434/749 2515/1418/749 2528/1431/749
f 2529/1432/749 2508/1411/749 2511/1414/749
f 2529/1432/749 2511/1414/749 2532/1435/749
f 2533/1436/750 2534/1437/750 2535/1438/750
f 2533/1436/750 2535/1438/750 2536/1439/750
f 2537/1440/751 2538/1440/751 2539/1441/751
f 2537/1440/751 2539/1441/751 2540/1441/751
f 2541/1442/752 2542/1442/752 2543/1443/752
f 2541/1442/752 2543/1443/752 2544/1443/752
f 2540/1441/753 2539/1441/753 2545/1444/753
f 2540/1441/753 2545/1444/753 2546/1444/753
f 2544/1443/754 2543/1443/754 2538/1440/754
f 2544/1443/754 2538/1440/754 2537/1440/754
f 2547/1445/755 2548/1445/755 2542/1442/755
f 2547/1445/755 2542/1442/755 2541/1442/755
f 2549/1446/756 2550/1447/756 2551/1448/756
f 2550/1447/756 2549/1446/756 2552/1449/756
f 2552/1449/756 2549/1446/756 2553/1450/756
f 2553/1450/756 2549/1446/756 2554/1451/756
f 2554/1451/756 2549/1446/756 2555/1452/756
f 2556/1448/757 2557/1449/757 2558/1447/757
f 2557/1449/757 2556/1448/757 2559/1450/757
f 2559/1450/757 2556/1448/757 2560/1451/757
f 2560/1451/757 2556/1448/757 2561/1452/757
f 2561/1452/757 2556/1448/757 2562/1446/757
f 2563/1446/758 2564/1447/758 2565/1448/758
f 2564/1447/758 2563/1446/758 2566/1452/758
f 2564/1447/758 2566/1452/758 2567/1451/758
f 2564/1447/758 2567/1451/758 2568/1450/758
f 2564/1447/758 2568/1450/758 2569/1449/758
f 2570/1447/759 2571/1450/759 2572/1449/759
f 2571/1450/759 2570/1447/759 2573/1451/759
f 2573/1451/759 2570/1447/759 2574/1452/759
f 2574/1452/759 2570/1447/759 2575/1446/759
f 2575/1446/759 2570/1447/759 2551/1448/759
# Vertices: 96, normals: 19, texture coordinates: 62, faces: 74

o obj16
v -0.22052619 4.7902956 1.78191484
v -0.22522816 4.7902956 1.78145174
v -0.22522816 4.63525462 1.78145174
v -0.22052619 4.63525462 1.78191484
v -0.22974943 4.7902956 1.78008023
v -0.22974943 4.63525462 1.78008023
v -0.23391626 4.7902956 1.77785301
v -0.23391626 4.63525462 1.77785301
v -0.23756852 4.7902956 1.77485568
v -0.23756852 4.63525462 1.77485568
v -0.24056585 4.7902956 1.77120343
v -0.24056585 4.63525462 1.77120343
v -0.24279306 4.7902956 1.7670366
v -0.24279306 4.63525462 1.7670366
v -0.24416458 4.7902956 1.76251533
v -0.24416458 4.63525462 1.76251533
v -0.24462768 4.7902956 1.75781336
v -0.24462768 4.63525462 1.75781336
v -0.24416458 4.7902956 1.75311139
v -0.24416458 4.63525462 1.75311139
v -0.24279306 4.7902956 1.74859012
v -0.24279306 4.63525462 1.74859012
v -0.24056585 4.7902956 1.74442329
v -0.24056585 4.63525462 1.74442329
v -0.23756852 4.7902956 1.74077103
v -0.23756852 4.63525462 1.74077103
v -0.23391626 4.7902956 1.7377737
v -0.23391626 4.63525462 1.7377737
v -0.22974943 4.7902956 1.73554649
v -0.22974943 4.63525462 1.73554649
v -0.22522816 4.7902956 1.73417497
v -0.22522816 4.63525462 1.73417497
v -0.22052619 4.7902956 1.73371187
v -0.22052619 4.63525462 1.73371187
v -0.21582423 4.7902956 1.73417497
v -0.21582423 4.63525462 1.73417497
v -0.21130295 4.7902956 1.73554649
v -0.21130295 4.63525462 1.73554649
v -0.20713612 4.7902956 1.7377737
v -0.20713612 4.63525462 1.7377737
v -0.20348387 4.7902956 1.74077103
v -0.20348387 4.63525462 1.74077103
v -0.20048655 4.7902956 1.74442329
v -0.20048655 4.63525462 1.74442329
v -0.19825933 4.7902956 1.74859011
v -0.19825933 4.63525462 1.74859011
v -0.19688781 4.7902956 1.75311139
v -0.19688781 4.63525462 1.75311139
v -0.19642471 4.7902956 1.75781336
v -0.19642471 4.63525462 1.75781336
v -0.19688781 4.7902956 1.76251533
v -0.19688781 4.63525462 1.76251533
v -0.19825933 4.7902956 1.7670366
v -0.19825933 4.63525462 1.7670366
v -0.20048654 4.7902956 1.77120342
v -0.20048654 4.63525462 1.77120342
v -0.20348387 4.7902956 1.77485568
v -0.20348387 4.63525462 1.77485568
v -0.20713612 4.7902956 1.77785301
v -0.20713612 4.63525462 1.77785301
v -0.21130295 4.7902956 1.78008023
v -0.21130295 4.63525462 1.78008023
v -0.21582423 4.7902956 1.78145174
v -0.21582423 4.63525462 1.78145174
v -0.22052619 4.7902956 1.78191484
v -0.22052619 4.63525462 1.78191484
v -0.22052618 4.87995458 1.7482868
v -0.21866765 4.87995458 1.74846985
v -0.2137899 4.87995458 1.75107706
v -0.20578766 4.87995481 1.74307478
v -0.2031955 4.87995481 1.74623333
v -0.21260515 4.87995458 1.75252068
v -0.21118269 4.87995458 1.75967189
v -0.2117248 4.87995458 1.76145901
v -0.22581885 4.87995458 1.76573439
v -0.22726247 4.87995458 1.76454964
v -0.22726247 4.87995458 1.75107706
v -0.22581885 4.87995458 1.74989231
v -0.2117248 4.87995458 1.7541677
v -0.21688053 4.87995458 1.76661474
v -0.21866765 4.87995458 1.76715685
v -0.23005273 4.87995458 1.75781335
v -0.22986968 4.87995458 1.75595481
v -0.21688053 4.87995458 1.74901197
v -0.21260515 4.87995458 1.76310602
v -0.22844722 4.87995458 1.76310602
v -0.22417184 4.87995458 1.74901197
v -0.21118269 4.87995458 1.75595481
v -0.22052618 4.87995458 1.7673399
v -0.22238472 4.87995458 1.76715685
v -0.22052618 4.87995458 1.7673399
v -0.22932757 4.87995458 1.7541677
v -0.21523352 4.87995458 1.74989231
v -0.2137899 4.87995458 1.76454964
v -0.22932757 4.87995458 1.76145901
v -0.22238472 4.87995458 1.74846985
v -0.21099963 4.87995458 1.75781335
v -0.22417184 4.87995458 1.76661474
v -0.22844722 4.87995458 1.75252069
v -0.21523352 4.87995458 1.76573439
v -0.22986968 4.87995458 1.75967189
v -0.20008324 4.87995481 1.75374699
v -0.20008324 4.89571118 1.75374699
v -0.19968273 4.89571118 1.75781336
v -0.19968274 4.87995481 1.75781336
v -0.24096921 4.87995481 1.76187972
v -0.24136972 4.87995481 1.75781336
v -0.20126935 4.87995481 1.7498369
v -0.24096921 4.87995481 1.75374699
v -0.2397831 4.87995481 1.7498369
v -0.23785696 4.87995481 1.74623334
v -0.20008324 4.87995481 1.76187972
v -0.2352648 4.87995481 1.74307478
v -0.20126935 4.87995481 1.76578982
v -0.23210625 4.87995481 1.74048263
v -0.2031955 4.87995481 1.76939338
v -0.22850269 4.87995481 1.73855648
v -0.22052623 4.87995481 1.77865685
v -0.22459259 4.87995481 1.77825635
v -0.20578765 4.87995481 1.77255193
v -0.22459259 4.87995481 1.73737037
v -0.22850269 4.87995481 1.77707023
v -0.2089462 4.87995481 1.77514409
v -0.22052623 4.87995481 1.73696987
v -0.23210625 4.87995481 1.77514409
v -0.21254977 4.87995481 1.77707023
v -0.21645987 4.87995481 1.73737037
v -0.2352648 4.87995481 1.77255193
v -0.21645987 4.87995481 1.77825634
v -0.21254977 4.87995481 1.73855648
v -0.23785696 4.87995481 1.76939338
v -0.22052623 4.87995481 1.77865685
v -0.2089462 4.87995481 1.74048263
v -0.2397831 4.87995481 1.76578981
v -0.20126935 4.89571118 1.76578982
v -0.21015647 4.89571118 1.76210865
v -0.21119369 4.89571118 1.76404915
v -0.20319549 4.89571118 1.76939338
v -0.2397831 4.89571118 1.7498369
v -0.23785695 4.89571118 1.74623334
v -0.20008324 4.89571118 1.76187972
v -0.2352648 4.89571118 1.74307478
v -0.23210625 4.89571118 1.74048263
v -0.22850268 4.89571118 1.73855648
v -0.22052622 4.89571118 1.77865685
v -0.22459259 4.89571118 1.77825635
v -0.20578765 4.89571118 1.77255193
v -0.22459259 4.89571118 1.73737037
v -0.22850268 4.89571118 1.77707023
v -0.2089462 4.89571118 1.77514409
v -0.22052622 4.89571118 1.73696987
v -0.23210625 4.89571118 1.77514409
v -0.21254977 4.89571118 1.77707023
v -0.21645986 4.89571118 1.73737037
v -0.2352648 4.89571118 1.77255193
v -0.21645986 4.89571118 1.77825634
v -0.21254977 4.89571118 1.73855648
v -0.23785695 4.89571118 1.76939338
v -0.22052622 4.89571118 1.77865685
v -0.2089462 4.89571118 1.74048263
v -0.2397831 4.89571118 1.76578981
v -0.20578765 4.89571118 1.74307478
v -0.24096921 4.89571118 1.76187972
v -0.2031955 4.89571118 1.74623333
v -0.24136971 4.89571118 1.75781336
v -0.20126935 4.89571118 1.7498369
v -0.24096921 4.89571118 1.75374699
v -0.21429042 4.89571118 1.76714588
v -0.21429039 4.96838069 1.76714588
v -0.2162309 4.96838069 1.7681831
v -0.21623093 4.89571118 1.7681831
v -0.22676202 4.89571118 1.74848083
v -0.22482151 4.89571118 1.74744361
v -0.22052622 4.89571118 1.76903749
v -0.22271594 4.89571118 1.76882182
v -0.21258956 4.89571118 1.76575001
v -0.22271594 4.89571118 1.74680489
v -0.22482151 4.89571118 1.7681831
v -0.22052622 4.89571118 1.74658922
v -0.22676202 4.89571118 1.76714588
v -0.2183365 4.89571118 1.74680489
v -0.22846288 4.89571118 1.76575002
v -0.2183365 4.89571118 1.76882182
v -0.21623093 4.89571118 1.74744361
v -0.22985875 4.89571118 1.76404915
v -0.22052622 4.89571118 1.76903749
v -0.21429042 4.89571118 1.74848083
v -0.23089597 4.89571118 1.76210864
v -0.21258956 4.89571118 1.74987669
v -0.23153469 4.89571118 1.76000307
v -0.21119369 4.89571118 1.75157756
v -0.23175035 4.89571118 1.75781335
v -0.21015647 4.89571118 1.75351806
v -0.23153469 4.89571118 1.75562363
v -0.20951776 4.89571118 1.75562363
v -0.23089597 4.89571118 1.75351806
v -0.20930209 4.89571118 1.75781335
v -0.22985875 4.89571118 1.75157756
v -0.20951776 4.89571118 1.76000308
v -0.22846288 4.89571118 1.74987669
v -0.21429039 4.96838069 1.74848083
v -0.21131311 4.96837997 1.74402505
v -0.20880017 4.96837997 1.74608737
v -0.21258952 4.96838069 1.74987669
v -0.22052618 4.96838069 1.74658922
v -0.21833647 4.96838069 1.74680489
v -0.22676198 4.96838069 1.76714588
v -0.22846285 4.96838069 1.76575002
v -0.21833647 4.96838069 1.76882182
v -0.2162309 4.96838069 1.74744361
v -0.22985871 4.96838069 1.76404915
v -0.22052619 4.96838069 1.76903749
v -0.23089593 4.96838069 1.76210864
v -0.23153465 4.96838069 1.76000307
v -0.21119366 4.96838069 1.75157756
v -0.23175032 4.96838069 1.75781335
v -0.21015644 4.96838069 1.75351806
v -0.23153465 4.96838069 1.75562363
v -0.20951772 4.96838069 1.75562363
v -0.23089593 4.96838069 1.75351806
v -0.20930205 4.96838069 1.75781335
v -0.22985871 4.96838069 1.75157756
v -0.20951772 4.96838069 1.76000308
v -0.22846285 4.96838069 1.74987669
v -0.21015644 4.96838069 1.76210865
v -0.22676198 4.96838069 1.74848083
v -0.21119366 4.96838069 1.76404915
v -0.22482148 4.96838069 1.74744361
v -0.22052619 4.96838069 1.76903749
v -0.22271591 4.96838069 1.76882182
v -0.21258952 4.96838069 1.76575001
v -0.22271591 4.96838069 1.74680489
v -0.22482148 4.96838069 1.7681831
v -0.20520542 4.96837997 1.75146729
v -0.20520542 4.97348022 1.75146729
v -0.20426175 4.97348022 1.75457816
v -0.20426175 4.96837997 1.75457816
v -0.2358469 4.96837997 1.76415941
v -0.23679057 4.96837997 1.76104855
v -0.20673786 4.96837997 1.7486003
v -0.23710921 4.96837997 1.75781335
v -0.23679057 4.96837997 1.75457816
v -0.2358469 4.96837997 1.75146729
v -0.20394311 4.96837997 1.75781335
v -0.23431446 4.96837997 1.7486003
v -0.20426175 4.96837997 1.76104855
v -0.23225215 4.96837997 1.74608737
v -0.20520542 4.96837997 1.76415941
v -0.22973921 4.96837997 1.74402505
v -0.20673786 4.96837997 1.7670264
v -0.22687222 4.96837997 1.74249261
v -0.22052616 4.96837997 1.7743964
v -0.22376135 4.96837997 1.77407777
v -0.20880017 4.96837997 1.76953934
v -0.22376135 4.96837997 1.74154894
v -0.22687222 4.96837997 1.77313409
v -0.21131311 4.96837997 1.77160166
v -0.22052616 4.96837997 1.7412303
v -0.22973921 4.96837997 1.77160166
v -0.2141801 4.96837997 1.77313409
v -0.21729097 4.96837997 1.74154894
v -0.23225215 4.96837997 1.76953934
v -0.21729097 4.96837997 1.77407776
v -0.2141801 4.96837997 1.74249261
v -0.23431446 4.96837997 1.7670264
v -0.22052616 4.96837997 1.7743964
v -0.20426175 4.97348022 1.76104855
v -0.2087347 4.97348022 1.76015882
v -0.20941885 4.97348022 1.76241416
v -0.20520542 4.97348022 1.76415941
v -0.23679056 4.97348022 1.75457816
v -0.23584689 4.97348022 1.75146729
v -0.20394311 4.97348022 1.75781335
v -0.23431446 4.97348022 1.7486003
v -0.23225214 4.97348022 1.74608737
v -0.2297392 4.97348022 1.74402505
v -0.20673785 4.97348022 1.7670264
v -0.22687221 4.97348022 1.74249261
v -0.22052615 4.97348022 1.7743964
v -0.22376135 4.97348022 1.77407777
v -0.20880017 4.97348022 1.76953934
v -0.22376135 4.97348022 1.74154894
v -0.22687221 4.97348022 1.77313409
v -0.2113131 4.97348022 1.77160166
v -0.22052615 4.97348022 1.7412303
v -0.2297392 4.97348022 1.77160166
v -0.2141801 4.97348022 1.77313409
v -0.21729096 4.97348022 1.74154894
v -0.23225214 4.97348022 1.76953934
v -0.21729096 4.97348022 1.77407776
v -0.2141801 4.97348022 1.74249261
v -0.23431446 4.97348022 1.7670264
v -0.22052615 4.97348022 1.7743964
v -0.2113131 4.97348022 1.74402505
v -0.23584689 4.97348022 1.76415941
v -0.20880017 4.97348022 1.74608737
v -0.23679056 4.97348022 1.76104855
v -0.20673786 4.97348022 1.7486003
v -0.2371092 4.97348022 1.75781335
v -0.22287163 4.97348022 1.76960482
v -0.22287169 5.0443964 1.76960482
v -0.22512702 5.0443964 1.76892067
v -0.22512697 4.97348022 1.76892067
v -0.22902734 4.97348022 1.74931218
v -0.2272055 4.97348022 1.74781703
v -0.21052984 4.97348022 1.76449268
v -0.22512697 4.97348022 1.74670604
v -0.22052617 4.97348022 1.76983583
v -0.21202499 4.97348022 1.76631453
v -0.22287163 4.97348022 1.74602189
v -0.21384683 4.97348022 1.76780968
v -0.22052616 4.97348022 1.74579088
v -0.2272055 4.97348022 1.76780968
v -0.21592536 4.97348022 1.76892067
v -0.2181807 4.97348022 1.74602189
v -0.22902734 4.97348022 1.76631453
v -0.2181807 4.97348022 1.76960482
v -0.21592536 4.97348022 1.74670604
v -0.23052249 4.97348022 1.76449268
v -0.22052617 4.97348022 1.76983583
v -0.21384683 4.97348022 1.74781703
v -0.23163348 4.97348022 1.76241416
v -0.21202499 4.97348022 1.74931218
v -0.23231763 4.97348022 1.76015882
v -0.21052984 4.97348022 1.75113402
v -0.23254864 4.97348022 1.75781335
v -0.20941885 4.97348022 1.75321255
v -0.23231763 4.97348022 1.75546789
v -0.2087347 4.97348022 1.75546788
v -0.23163348 4.97348022 1.75321255
v -0.20850369 4.97348022 1.75781335
v -0.23052249 4.97348022 1.75113403
v -0.22902739 5.0443964 1.76631453
v -0.23037688 5.04439592 1.76766401
v -0.23210937 5.04439592 1.76555297
v -0.23052254 5.0443964 1.76449268
v -0.21202504 5.0443964 1.76631453
v -0.21384689 5.0443964 1.76780968
v -0.22287169 5.0443964 1.74602189
v -0.22052622 5.0443964 1.74579088
v -0.22720555 5.0443964 1.76780968
v -0.21592542 5.0443964 1.76892067
v -0.21818075 5.0443964 1.74602189
v -0.21818075 5.0443964 1.76960482
v -0.21592542 5.0443964 1.74670604
v -0.22052622 5.0443964 1.76983583
v -0.21384689 5.0443964 1.74781703
v -0.23163354 5.0443964 1.76241416
v -0.21202504 5.0443964 1.74931218
v -0.23231768 5.0443964 1.76015882
v -0.2105299 5.0443964 1.75113402
v -0.23254869 5.0443964 1.75781335
v -0.2094189 5.0443964 1.75321255
v -0.23231768 5.0443964 1.75546789
v -0.20873475 5.0443964 1.75546788
v -0.23163354 5.0443964 1.75321255
v -0.20850374 5.0443964 1.75781335
v -0.23052254 5.0443964 1.75113403
v -0.20873475 5.0443964 1.76015882
v -0.22902739 5.0443964 1.74931218
v -0.2094189 5.0443964 1.76241416
v -0.22720555 5.0443964 1.74781703
v -0.21052989 5.0443964 1.76449268
v -0.22512702 5.0443964 1.74670604
v -0.22052622 5.0443964 1.76983583
v -0.23418947 5.04439592 1.76053115
v -0.22995729 5.0520196 1.75968931
v -0.23014205 5.0520196 1.75781335
v -0.23445715 5.04439592 1.75781335
v -0.21780843 5.04439592 1.77147661
v -0.22052622 5.04439592 1.77174429
v -0.21519508 5.04439592 1.74494285
v -0.2127866 5.04439592 1.74623021
v -0.23339672 5.04439592 1.76314449
v -0.21067556 5.04439592 1.7479627
v -0.20894307 5.04439592 1.75007374
v -0.20765571 5.04439592 1.75248222
v -0.23418947 5.04439592 1.75509556
v -0.20686296 5.04439592 1.75509556
v -0.23339672 5.04439592 1.75248222
v -0.20659528 5.04439592 1.75781335
v -0.23210937 5.04439592 1.75007374
v -0.20686296 5.04439592 1.76053115
v -0.23037688 5.04439592 1.7479627
v -0.20765571 5.04439592 1.7631445
v -0.22826583 5.04439592 1.74623021
v -0.20894307 5.04439592 1.76555296
v -0.22585736 5.04439592 1.74494285
v -0.22052622 5.04439592 1.77174429
v -0.22324401 5.04439592 1.77147661
v -0.21067556 5.04439592 1.76766401
v -0.22324401 5.04439592 1.7441501
v -0.22585735 5.04439592 1.77068386
v -0.2127866 5.04439592 1.7693965
v -0.22052622 5.04439592 1.74388242
v -0.22826583 5.04439592 1.7693965
v -0.21519508 5.04439592 1.77068386
v -0.21780843 5.04439592 1.7441501
v -0.22941009 5.0520196 1.75413354
v -0.22941005 5.11343145 1.75413354
v -0.22852145 5.11343145 1.75247109
v -0.2285215 5.0520196 1.75247109
v -0.21253097 5.0520196 1.75247109
v -0.21164237 5.0520196 1.75413354
v -0.22995729 5.0520196 1.7559374
v -0.21109518 5.0520196 1.7559374
v -0.21091041 5.0520196 1.75781335
v -0.21109518 5.0520196 1.75968931
v -0.22732564 5.0520196 1.75101394
v -0.21164237 5.0520196 1.76149317
v -0.2258685 5.0520196 1.74981809
v -0.21253097 5.0520196 1.76315562
v -0.22420605 5.0520196 1.74892949
v -0.22052623 5.0520196 1.76742918
v -0.22240219 5.0520196 1.76724441
v -0.21372682 5.0520196 1.76461276
v -0.22240219 5.0520196 1.7483823
v -0.22420605 5.0520196 1.76669722
v -0.21518397 5.0520196 1.76580862
v -0.22052623 5.0520196 1.74819753
v -0.2258685 5.0520196 1.76580862
v -0.21684642 5.0520196 1.76669722
v -0.21865028 5.0520196 1.7483823
v -0.22732564 5.0520196 1.76461277
v -0.21865028 5.0520196 1.76724441
v -0.21684642 5.0520196 1.74892949
v -0.2285215 5.0520196 1.76315562
v -0.22052623 5.0520196 1.76742918
v -0.21518397 5.0520196 1.74981809
v -0.22941009 5.0520196 1.76149317
v -0.21372682 5.0520196 1.75101394
v -0.22586845 5.11343145 1.74981809
v -0.22636819 5.11343145 1.74907017
v -0.22455023 5.11343145 1.74809845
v -0.224206 5.11343145 1.74892949
v -0.21091036 5.11343145 1.75781335
v -0.21109513 5.11343145 1.75968931
v -0.2273256 5.11343145 1.75101394
v -0.21164232 5.11343145 1.76149317
v -0.21253092 5.11343145 1.76315562
v -0.22052618 5.11343145 1.76742918
v -0.22240214 5.11343145 1.76724441
v -0.21372677 5.11343145 1.76461276
v -0.22240214 5.11343145 1.7483823
v -0.224206 5.11343145 1.76669722
v -0.21518392 5.11343145 1.76580862
v -0.22052618 5.11343145 1.74819753
v -0.22586845 5.11343145 1.76580862
v -0.21684637 5.11343145 1.76669722
v -0.21865023 5.11343145 1.7483823
v -0.2273256 5.11343145 1.76461277
v -0.21865023 5.11343145 1.76724441
v -0.21684637 5.11343145 1.74892949
v -0.22852145 5.11343145 1.76315562
v -0.22052618 5.11343145 1.76742918
v -0.21518392 5.11343145 1.74981809
v -0.22941005 5.11343145 1.76149317
v -0.21372677 5.11343145 1.75101394
v -0.22995724 5.11343145 1.75968931
v -0.21253092 5.11343145 1.75247109
v -0.23014201 5.11343145 1.75781335
v -0.21164232 5.11343145 1.75413354
v -0.22995724 5.11343145 1.7559374
v -0.21109513 5.11343145 1.7559374
v -0.22052618 5.11343145 1.74729802
v -0.22052618 5.12139606 1.75044264
v -0.21908823 5.12139606 1.75058426
v -0.21847474 5.11343145 1.74750006
v -0.22052618 5.11343145 1.76832869
v -0.22257762 5.11343145 1.76812665
v -0.21178299 5.11343145 1.76365536
v -0.21309071 5.11343145 1.76524882
v -0.22257762 5.11343145 1.74750006
v -0.22455023 5.11343145 1.76752826
v -0.21468417 5.11343145 1.76655654
v -0.22636819 5.11343145 1.76655654
v -0.21650213 5.11343145 1.76752826
v -0.22796165 5.11343145 1.76524882
v -0.21847474 5.11343145 1.76812664
v -0.21650213 5.11343145 1.74809845
v -0.22926937 5.11343145 1.76365536
v -0.22052618 5.11343145 1.76832869
v -0.21468417 5.11343145 1.74907017
v -0.23024109 5.11343145 1.7618374
v -0.21309071 5.11343145 1.75037788
v -0.23083947 5.11343145 1.75986479
v -0.211783 5.11343145 1.75197134
v -0.23104152 5.11343145 1.75781335
v -0.21081128 5.11343145 1.75378931
v -0.23083947 5.11343145 1.75576191
v -0.21021289 5.11343145 1.75576191
v -0.23024109 5.11343145 1.75378931
v -0.21001084 5.11343145 1.75781335
v -0.22926937 5.11343145 1.75197134
v -0.21021289 5.11343145 1.7598648
v -0.22796165 5.11343145 1.75037788
v -0.21081128 5.11343145 1.7618374
v -0.21643123 5.12139606 1.75168483
v -0.21643125 5.19510937 1.75168483
v -0.21531432 5.19510937 1.75260147
v -0.2153143 5.12139606 1.75260147
v -0.22462113 5.12139606 1.76394188
v -0.22573806 5.12139606 1.76302523
v -0.21770553 5.12139606 1.76462301
v -0.21908823 5.12139606 1.76504244
v -0.21770553 5.12139606 1.7510037
v -0.22665471 5.12139606 1.7619083
v -0.22052618 5.12139606 1.76518407
v -0.22733583 5.12139606 1.760634
v -0.22775527 5.12139606 1.75925131
v -0.21439766 5.12139606 1.7537184
v -0.2278969 5.12139606 1.75781335
v -0.21371653 5.12139606 1.7549927
v -0.22775527 5.12139606 1.7563754
v -0.21329709 5.12139606 1.7563754
v -0.22733583 5.12139606 1.7549927
v -0.21315547 5.12139606 1.75781335
v -0.22665471 5.12139606 1.7537184
v -0.21329709 5.12139606 1.75925131
v -0.22573806 5.12139606 1.75260147
v -0.21371653 5.12139606 1.760634
v -0.22462113 5.12139606 1.75168483
v -0.21439766 5.12139606 1.7619083
v -0.22334683 5.12139606 1.7510037
v -0.22052618 5.12139606 1.76518407
v -0.22196414 5.12139606 1.76504244
v -0.2153143 5.12139606 1.76302523
v -0.22196414 5.12139606 1.75058426
v -0.22334683 5.12139606 1.76462301
v -0.21643123 5.12139606 1.76394188
v -0.21371655 5.19510937 1.7549927
v -0.21143141 5.19510889 1.75404616
v -0.21087122 5.19510889 1.75589286
v -0.21329712 5.19510937 1.7563754
v -0.22733586 5.19510937 1.760634
v -0.22775529 5.19510937 1.75925131
v -0.21439768 5.19510937 1.7537184
v -0.22789692 5.19510937 1.75781335
v -0.22775529 5.19510937 1.7563754
v -0.22733586 5.19510937 1.7549927
v -0.21315549 5.19510937 1.75781335
v -0.22665473 5.19510937 1.7537184
v -0.21329712 5.19510937 1.75925131
v -0.22573809 5.19510937 1.75260147
v -0.21371655 5.19510937 1.760634
v -0.22462116 5.19510937 1.75168483
v -0.21439768 5.19510937 1.7619083
v -0.22334686 5.19510937 1.7510037
v -0.2205262 5.19510937 1.76518407
v -0.22196416 5.19510937 1.76504244
v -0.21531432 5.19510937 1.76302523
v -0.22196416 5.19510937 1.75058426
v -0.22334686 5.19510937 1.76462301
v -0.21643125 5.19510937 1.76394188
v -0.2205262 5.19510937 1.75044264
v -0.22462116 5.19510937 1.76394188
v -0.21770555 5.19510937 1.76462301
v -0.21908825 5.19510937 1.75058426
v -0.22573809 5.19510937 1.76302523
v -0.21908825 5.19510937 1.76504244
v -0.21770555 5.19510937 1.7510037
v -0.22665473 5.19510937 1.7619083
v -0.2205262 5.19510937 1.76518407
v -0.23018118 5.19510889 1.75589286
v -0.22962099 5.19510889 1.75404617
v -0.21068207 5.19510889 1.75781335
v -0.2287113 5.19510889 1.75234424
v -0.21087122 5.19510889 1.75973385
v -0.22748705 5.19510889 1.7508525
v -0.21143141 5.19510889 1.76158054
v -0.22599531 5.19510889 1.74962825
v -0.2123411 5.19510889 1.76328246
v -0.22429339 5.19510889 1.74871856
v -0.2205262 5.19510889 1.76765749
v -0.2224467 5.19510889 1.76746834
v -0.21356535 5.19510889 1.7647742
v -0.2224467 5.19510889 1.74815837
v -0.22429339 5.19510889 1.76690815
v -0.21505709 5.19510889 1.76599845
v -0.2205262 5.19510889 1.74796922
v -0.22599531 5.19510889 1.76599845
v -0.21675901 5.19510889 1.76690815
v -0.21860571 5.19510889 1.74815837
v -0.22748705 5.19510889 1.76477421
v -0.21860571 5.19510889 1.76746833
v -0.21675901 5.19510889 1.74871856
v -0.2287113 5.19510889 1.76328246
v -0.2205262 5.19510889 1.76765749
v -0.21505709 5.19510889 1.74962825
v -0.22962099 5.19510889 1.76158054
v -0.21356535 5.19510889 1.7508525
v -0.23018118 5.19510889 1.75973385
v -0.21234111 5.19510889 1.75234424
v -0.23037033 5.19510889 1.75781335
v -0.22195011 5.20315647 1.76497178
v -0.22331929 5.20315647 1.76455644
v -0.22568715 5.20315647 1.76297429
v -0.22371197 5.28833246 1.76099939
v -0.22427232 5.28833246 1.7603166
v -0.22659483 5.20315647 1.76186827
v -0.21536527 5.20315647 1.76297429
v -0.21647129 5.20315647 1.76388197
v -0.22195011 5.20315647 1.75065492
v -0.22052621 5.20315647 1.75051468
v -0.22458114 5.20315647 1.76388197
v -0.21773313 5.20315647 1.76455644
v -0.21910231 5.20315647 1.75065492
v -0.21910231 5.20315647 1.76497178
v -0.21773313 5.20315647 1.75107026
v -0.22052621 5.20315647 1.76511202
v -0.21647129 5.20315647 1.75174473
v -0.2272693 5.20315647 1.76060643
v -0.21536527 5.20315647 1.75265241
v -0.22768464 5.20315647 1.75923725
v -0.21445759 5.20315647 1.75375843
v -0.22782488 5.20315647 1.75781335
v -0.21378312 5.20315647 1.75502027
v -0.22768464 5.20315647 1.75638945
v -0.21336779 5.20315647 1.75638945
v -0.2272693 5.20315647 1.75502027
v -0.21322754 5.20315647 1.75781335
v -0.22659483 5.20315647 1.75375843
v -0.21336779 5.20315647 1.75923725
v -0.22568715 5.20315647 1.75265241
v -0.21378312 5.20315647 1.76060643
v -0.22458114 5.20315647 1.75174473
v -0.21445759 5.20315647 1.76186827
v -0.22331929 5.20315647 1.75107026
v -0.22052621 5.20315647 1.76511202
v -0.21964691 5.28833246 1.76223251
v -0.22052593 5.28833246 1.76231909
v -0.21880166 5.28833246 1.75365059
v -0.21802268 5.28833246 1.75406696
v -0.22468869 5.28833246 1.75953762
v -0.21733989 5.28833246 1.75462731
v -0.2249451 5.28833246 1.75869238
v -0.21677955 5.28833246 1.75531009
v -0.22503167 5.28833246 1.75781335
v -0.21636317 5.28833246 1.75608908
v -0.2249451 5.28833246 1.75693432
v -0.21610677 5.28833246 1.75693432
v -0.22468869 5.28833246 1.75608908
v -0.21602019 5.28833246 1.75781335
v -0.22427232 5.28833246 1.7553101
v -0.21610677 5.28833246 1.75869238
v -0.22371197 5.28833246 1.75462731
v -0.21636317 5.28833246 1.75953762
v -0.22302919 5.28833246 1.75406696
v -0.21677955 5.28833246 1.7603166
v -0.22225021 5.28833246 1.75365059
v -0.22052593 5.28833246 1.76231909
v -0.22140496 5.28833246 1.76223251
v -0.21733989 5.28833246 1.76099939
v -0.22140496 5.28833246 1.75339419
v -0.22225021 5.28833246 1.76197611
v -0.21802268 5.28833246 1.76155974
v -0.22052593 5.28833246 1.75330761
v -0.22302919 5.28833246 1.76155974
v -0.21880166 5.28833246 1.76197611
v -0.21964691 5.28833246 1.75339419
v 0.03513196 4.69842172 1.76861533
v 0.03423119 4.70342302 1.76861533
v 0.01703885 4.70342302 1.67664448
v 0.01787883 4.69842172 1.67631909
v 0.03177017 4.70708442 1.76861533
v 0.01474402 4.70708442 1.6775335
v 0.02840839 4.70842457 1.76861533
v 0.01160926 4.70842457 1.67874793
v 0.02504657 4.70708442 1.76861533
v 0.00847445 4.70708442 1.67996235
v 0.02258556 4.70342302 1.76861533
v 0.00617962 4.70342302 1.68085137
v 0.02168477 4.69842172 1.76861533
v 0.00533968 4.69842172 1.68117678
v 0.02168477 4.69842172 1.76861533
v 0.02258556 4.69342041 1.76861533
v 0.00617962 4.69342041 1.68085137
v 0.00533968 4.69842172 1.68117678
v 0.02504657 4.68975902 1.76861533
v 0.00847445 4.68975902 1.67996235
v 0.02840839 4.6884191 1.76861533
v 0.01160926 4.6884191 1.67874793
v 0.03177017 4.68975902 1.76861533
v 0.01474402 4.68975902 1.6775335
v 0.03423119 4.69342041 1.76861533
v 0.01703885 4.69342041 1.67664448
v -0.03221621 4.70342302 1.5970948
v -0.03155052 4.69842172 1.59648795
v -0.03403492 4.70708442 1.59875278
v -0.03651932 4.70842457 1.6010176
v -0.03900372 4.70708442 1.60328245
v -0.04082243 4.70342302 1.60494042
v -0.04148811 4.69842172 1.60554727
v -0.04082243 4.69342041 1.60494042
v -0.04148811 4.69842172 1.60554727
v -0.03900372 4.68975902 1.60328245
v -0.03651932 4.6884191 1.6010176
v -0.03403492 4.68975902 1.59875278
v -0.03221621 4.69342041 1.5970948
v -0.10688185 4.70342302 1.5407099
v -0.10648033 4.69842172 1.53990357
v -0.10797882 4.70708442 1.54291293
v -0.10947729 4.70842457 1.54592229
v -0.11097578 4.70708442 1.54893165
v -0.11207275 4.70342302 1.55113467
v -0.11247427 4.69842172 1.55194101
v -0.11207275 4.69342041 1.55113467
v -0.11247427 4.69842172 1.55194101
v -0.11097578 4.68975902 1.54893165
v -0.10947729 4.6884191 1.54592229
v -0.10797882 4.68975902 1.54291293
v -0.10688185 4.69342041 1.5407099
v -0.19687411 4.70342302 1.51510487
v -0.19679099 4.69842172 1.51420797
v -0.19710118 4.70708442 1.5175554
v -0.19741137 4.70842457 1.52090286
v -0.19772156 4.70708442 1.52425036
v -0.19794863 4.70342302 1.52670087
v -0.19803174 4.69842172 1.52759779
v -0.19794863 4.69342041 1.52670087
v -0.19803174 4.69842172 1.52759779
v -0.19772156 4.68975902 1.52425036
v -0.19741137 4.6884191 1.52090286
v -0.19710118 4.68975902 1.5175554
v -0.19687411 4.69342041 1.51510487
v -0.29003887 4.70342302 1.5237379
v -0.29028538 4.69842172 1.52287147
v -0.28936538 4.70708442 1.52610495
v -0.28844538 4.70842457 1.52933843
v -0.28752538 4.70708442 1.53257189
v -0.28685189 4.70342302 1.53493898
v -0.28660538 4.69842172 1.53580536
v -0.28685189 4.69342041 1.53493898
v -0.28660538 4.69842172 1.53580536
v -0.28752538 4.68975902 1.53257189
v -0.28844538 4.6884191 1.52933843
v -0.28936538 4.68975902 1.52610495
v -0.29003887 4.69342041 1.5237379
v -0.37379394 4.70342302 1.56544294
v -0.37433679 4.69842172 1.5647241
v -0.37231084 4.70708442 1.56740687
v -0.3702849 4.70842457 1.57008966
v -0.36825897 4.70708442 1.57277243
v -0.36677588 4.70342302 1.57473638
v -0.36623303 4.69842172 1.57545522
v -0.36677588 4.69342041 1.57473638
v -0.36623303 4.69842172 1.57545522
v -0.36825897 4.68975902 1.57277243
v -0.3702849 4.6884191 1.57008966
v -0.37231084 4.68975902 1.56740687
v -0.37379394 4.69342041 1.56544294
v -0.43682754 4.70342302 1.63458752
v -0.4375934 4.69842172 1.63411332
v -0.43473513 4.70708442 1.63588306
v -0.43187686 4.70842457 1.63765284
v -0.42901862 4.70708442 1.63942259
v -0.42692621 4.70342302 1.64071817
v -0.42616035 4.69842172 1.64119236
v -0.42692621 4.69342041 1.64071817
v -0.42616035 4.69842172 1.64119236
v -0.42901862 4.68975902 1.63942259
v -0.43187686 4.6884191 1.63765284
v -0.43473513 4.68975902 1.63588306
v -0.43682754 4.69342041 1.63458752
v -0.47062674 4.70342302 1.72183335
v -0.4715122 4.69842172 1.72166783
v -0.46820766 4.70708442 1.72228556
v -0.46490308 4.70842457 1.72290329
v -0.4615985 4.70708442 1.72352102
v -0.4591794 4.70342302 1.72397323
v -0.45829396 4.69842172 1.72413875
v -0.4591794 4.69342041 1.72397323
v -0.45829396 4.69842172 1.72413875
v -0.4615985 4.68975902 1.72352102
v -0.46490308 4.6884191 1.72290329
v -0.46820766 4.68975902 1.72228556
v -0.47062674 4.69342041 1.72183335
v -0.4715122 4.69842172 1.72166783
v -0.47062674 4.70342302 1.72183335
v -0.47062674 4.70342302 1.81539731
v -0.4715122 4.69842172 1.81556284
v -0.46820766 4.70708442 1.72228556
v -0.46820766 4.70708442 1.8149451
v -0.46490308 4.70842457 1.72290329
v -0.46490308 4.70842457 1.81432738
v -0.4615985 4.70708442 1.72352102
v -0.4615985 4.70708442 1.81370965
v -0.4591794 4.70342302 1.72397323
v -0.4591794 4.70342302 1.81325743
v -0.45829396 4.69842172 1.72413875
v -0.45829396 4.69842172 1.81309192
v -0.45829396 4.69842172 1.72413875
v -0.4591794 4.69342041 1.72397323
v -0.4591794 4.69342041 1.81325743
v -0.45829396 4.69842172 1.81309192
v -0.4615985 4.68975902 1.72352102
v -0.4615985 4.68975902 1.81370965
v -0.46490308 4.6884191 1.72290329
v -0.46490308 4.6884191 1.81432738
v -0.46820766 4.68975902 1.72228556
v -0.46820766 4.68975902 1.8149451
v -0.47062674 4.69342041 1.72183335
v -0.47062674 4.69342041 1.81539731
v -0.4368276 4.70342302 1.90264305
v -0.43759346 4.69842172 1.90311726
v -0.43473519 4.70708442 1.9013475
v -0.43187692 4.70842457 1.89957772
v -0.42901868 4.70708442 1.89780798
v -0.42692629 4.70342302 1.89651241
v -0.42616041 4.69842172 1.8960382
v -0.42692629 4.69342041 1.89651241
v -0.42616041 4.69842172 1.8960382
v -0.42901868 4.68975902 1.89780798
v -0.43187692 4.6884191 1.89957772
v -0.43473519 4.68975902 1.9013475
v -0.4368276 4.69342041 1.90264305
v -0.37379403 4.70342302 1.97178763
v -0.37433688 4.69842172 1.97250645
v -0.37231092 4.70708442 1.96982368
v -0.370285 4.70842457 1.96714091
v -0.36825905 4.70708442 1.96445812
v -0.36677596 4.70342302 1.96249419
v -0.36623311 4.69842172 1.96177533
v -0.36677596 4.69342041 1.96249419
v -0.36623311 4.69842172 1.96177533
v -0.36825905 4.68975902 1.96445812
v -0.370285 4.6884191 1.96714091
v -0.37231092 4.68975902 1.96982368
v -0.37379403 4.69342041 1.97178763
v -0.29003898 4.70342302 2.01349272
v -0.29028549 4.69842172 2.01435915
v -0.28936549 4.70708442 2.01112567
v -0.28844549 4.70842457 2.00789219
v -0.28752549 4.70708442 2.00465869
v -0.286852 4.70342302 2.00229166
v -0.28660549 4.69842172 2.00142523
v -0.286852 4.69342041 2.00229166
v -0.28660549 4.69842172 2.00142523
v -0.28752549 4.68975902 2.00465869
v -0.28844549 4.6884191 2.00789219
v -0.28936549 4.68975902 2.01112567
v -0.29003898 4.69342041 2.01349272
v -0.19687411 4.70342302 2.02212575
v -0.19679099 4.69842172 2.02302267
v -0.19710118 4.70708442 2.01967524
v -0.19741137 4.70842457 2.01632778
v -0.19772156 4.70708442 2.01298028
v -0.19794863 4.70342302 2.01052977
v -0.19803174 4.69842172 2.00963285
v -0.19794863 4.69342041 2.01052977
v -0.19803174 4.69842172 2.00963285
v -0.19772156 4.68975902 2.01298028
v -0.19741137 4.6884191 2.01632778
v -0.19710118 4.68975902 2.01967524
v -0.19687411 4.69342041 2.02212575
v -0.10688185 4.70342302 1.99652074
v -0.10648033 4.69842172 1.99732707
v -0.10797882 4.70708442 1.99431771
v -0.10947729 4.70842457 1.99130835
v -0.11097578 4.70708442 1.98829899
v -0.11207275 4.70342302 1.98609597
v -0.11247427 4.69842172 1.98528963
v -0.11207275 4.69342041 1.98609597
v -0.11247427 4.69842172 1.98528963
v -0.11097578 4.68975902 1.98829899
v -0.10947729 4.6884191 1.99130835
v -0.10797882 4.68975902 1.99431771
v -0.10688185 4.69342041 1.99652074
v -0.03221633 4.70342302 1.940136
v -0.03155064 4.69842172 1.94074284
v -0.03403504 4.70708442 1.93847802
v -0.03651944 4.70842457 1.9362132
v -0.03900386 4.70708442 1.93394835
v -0.04082255 4.70342302 1.93229038
v -0.04148825 4.69842172 1.93168353
v -0.04082255 4.69342041 1.93229038
v -0.04148825 4.69842172 1.93168353
v -0.03900386 4.68975902 1.93394835
v -0.03651944 4.6884191 1.9362132
v -0.03403504 4.68975902 1.93847802
v -0.03221633 4.69342041 1.940136
v 0.01703883 4.70342302 1.8605863
v 0.01787877 4.69842172 1.86091171
v 0.014744 4.70708442 1.85969727
v 0.0116092 4.70842457 1.85848286
v 0.00847441 4.70708442 1.85726842
v 0.00617958 4.70342302 1.85637941
v 0.00533964 4.69842172 1.856054
v 0.00617958 4.69342041 1.85637941
v 0.00533964 4.69842172 1.856054
v 0.00847441 4.68975902 1.85726842
v 0.0116092 4.6884191 1.85848286
v 0.014744 4.68975902 1.85969727
v 0.01703883 4.69342041 1.8605863
v 0.03513196 4.64447212 1.76861533
v 0.03423117 4.64947343 1.76861533
v 0.01703885 4.64947343 1.67664448
v 0.01787881 4.64447212 1.67631909
v 0.03177017 4.65313458 1.76861533
v 0.014744 4.65313458 1.6775335
v 0.02840837 4.65447474 1.76861533
v 0.01160922 4.65447474 1.67874793
v 0.02504655 4.65313458 1.76861533
v 0.00847441 4.65313458 1.67996235
v 0.02258552 4.64947343 1.76861533
v 0.0061796 4.64947343 1.68085137
v 0.02168475 4.64447212 1.76861533
v 0.00533966 4.64447212 1.68117678
v 0.02168475 4.64447212 1.76861533
v 0.02258552 4.63947082 1.76861533
v 0.0061796 4.63947082 1.68085137
v 0.00533966 4.64447212 1.68117678
v 0.02504655 4.63580942 1.76861533
v 0.00847441 4.63580942 1.67996235
v 0.02840837 4.63446927 1.76861533
v 0.01160922 4.63446927 1.67874793
v 0.03177017 4.63580942 1.76861533
v 0.014744 4.63580942 1.6775335
v 0.03423117 4.63947082 1.76861533
v 0.01703885 4.63947082 1.67664448
v -0.03221621 4.64947343 1.5970948
v -0.03155054 4.64447212 1.59648795
v -0.03403494 4.65313458 1.59875278
v -0.03651934 4.65447474 1.6010176
v -0.03900374 4.65313458 1.60328245
v -0.04082243 4.64947343 1.60494042
v -0.04148813 4.64447212 1.60554727
v -0.04082243 4.63947082 1.60494042
v -0.04148813 4.64447212 1.60554727
v -0.03900374 4.63580942 1.60328245
v -0.03651934 4.63446927 1.6010176
v -0.03403494 4.63580942 1.59875278
v -0.03221621 4.63947082 1.5970948
v -0.10688187 4.64947343 1.5407099
v -0.10648035 4.64447212 1.53990357
v -0.10797883 4.65313458 1.54291293
v -0.10947732 4.65447474 1.54592229
v -0.1109758 4.65313458 1.54893165
v -0.11207277 4.64947343 1.55113467
v -0.11247428 4.64447212 1.55194101
v -0.11207277 4.63947082 1.55113467
v -0.11247428 4.64447212 1.55194101
v -0.1109758 4.63580942 1.54893165
v -0.10947732 4.63446927 1.54592229
v -0.10797883 4.63580942 1.54291293
v -0.10688187 4.63947082 1.5407099
v -0.19687413 4.64947343 1.51510487
v -0.19679101 4.64447212 1.51420797
v -0.1971012 4.65313458 1.5175554
v -0.19741139 4.65447474 1.52090286
v -0.19772158 4.65313458 1.52425036
v -0.19794865 4.64947343 1.52670087
v -0.19803176 4.64447212 1.52759779
v -0.19794865 4.63947082 1.52670087
v -0.19803176 4.64447212 1.52759779
v -0.19772158 4.63580942 1.52425036
v -0.19741139 4.63446927 1.52090286
v -0.1971012 4.63580942 1.5175554
v -0.19687413 4.63947082 1.51510487
v -0.29003889 4.64947343 1.5237379
v -0.2902854 4.64447212 1.52287147
v -0.2893654 4.65313458 1.52610495
v -0.2884454 4.65447474 1.52933843
v -0.2875254 4.65313458 1.53257189
v -0.28685191 4.64947343 1.53493898
v -0.2866054 4.64447212 1.53580536
v -0.28685191 4.63947082 1.53493898
v -0.2866054 4.64447212 1.53580536
v -0.2875254 4.63580942 1.53257189
v -0.2884454 4.63446927 1.52933843
v -0.2893654 4.63580942 1.52610495
v -0.29003889 4.63947082 1.5237379
v -0.37379396 4.64947343 1.56544294
v -0.37433681 4.64447212 1.5647241
v -0.37231085 4.65313458 1.56740687
v -0.37028493 4.65447474 1.57008966
v -0.36825899 4.65313458 1.57277243
v -0.36677589 4.64947343 1.57473638
v -0.36623304 4.64447212 1.57545522
v -0.36677589 4.63947082 1.57473638
v -0.36623304 4.64447212 1.57545522
v -0.36825899 4.63580942 1.57277243
v -0.37028493 4.63446927 1.57008966
v -0.37231085 4.63580942 1.56740687
v -0.37379396 4.63947082 1.56544294
v -0.43682756 4.64947343 1.63458752
v -0.43759342 4.64447212 1.63411332
v -0.43473515 4.65313458 1.63588306
v -0.43187688 4.65447474 1.63765284
v -0.42901862 4.65313458 1.63942259
v -0.42692623 4.64947343 1.64071817
v -0.42616037 4.64447212 1.64119236
v -0.42692623 4.63947082 1.64071817
v -0.42616037 4.64447212 1.64119236
v -0.42901862 4.63580942 1.63942259
v -0.43187688 4.63446927 1.63765284
v -0.43473515 4.63580942 1.63588306
v -0.43682756 4.63947082 1.63458752
v -0.47062678 4.64947343 1.72183335
v -0.47151222 4.64447212 1.72166783
v -0.46820766 4.65313458 1.72228556
v -0.4649031 4.65447474 1.72290329
v -0.46159854 4.65313458 1.72352102
v -0.45917942 4.64947343 1.72397323
v -0.45829398 4.64447212 1.72413875
v -0.45917942 4.63947082 1.72397323
v -0.45829398 4.64447212 1.72413875
v -0.46159854 4.63580942 1.72352102
v -0.4649031 4.63446927 1.72290329
v -0.46820766 4.63580942 1.72228556
v -0.47062678 4.63947082 1.72183335
v -0.47151222 4.64447212 1.72166783
v -0.47062678 4.64947343 1.72183335
v -0.47062678 4.64947343 1.81539731
v -0.47151222 4.64447212 1.81556284
v -0.46820766 4.65313458 1.72228556
v -0.46820766 4.65313458 1.8149451
v -0.4649031 4.65447474 1.72290329
v -0.4649031 4.65447474 1.81432738
v -0.46159854 4.65313458 1.72352102
v -0.46159854 4.65313458 1.81370965
v -0.45917942 4.64947343 1.72397323
v -0.45917942 4.64947343 1.81325743
v -0.45829398 4.64447212 1.72413875
v -0.45829398 4.64447212 1.81309192
v -0.45829398 4.64447212 1.72413875
v -0.45917942 4.63947082 1.72397323
v -0.45917942 4.63947082 1.81325743
v -0.45829398 4.64447212 1.81309192
v -0.46159854 4.63580942 1.72352102
v -0.46159854 4.63580942 1.81370965
v -0.4649031 4.63446927 1.72290329
v -0.4649031 4.63446927 1.81432738
v -0.46820766 4.63580942 1.72228556
v -0.46820766 4.63580942 1.8149451
v -0.47062678 4.63947082 1.72183335
v -0.47062678 4.63947082 1.81539731
v -0.43682762 4.64947343 1.90264305
v -0.4375935 4.64447212 1.90311726
v -0.43473523 4.65313458 1.9013475
v -0.43187696 4.65447474 1.89957772
v -0.4290187 4.65313458 1.89780798
v -0.42692631 4.64947343 1.89651241
v -0.42616043 4.64447212 1.8960382
v -0.42692631 4.63947082 1.89651241
v -0.42616043 4.64447212 1.8960382
v -0.4290187 4.63580942 1.89780798
v -0.43187696 4.63446927 1.89957772
v -0.43473523 4.63580942 1.9013475
v -0.43682762 4.63947082 1.90264305
v -0.37379405 4.64947343 1.97178763
v -0.3743369 4.64447212 1.97250645
v -0.37231094 4.65313458 1.96982368
v -0.37028502 4.65447474 1.96714091
v -0.36825907 4.65313458 1.96445812
v -0.36677597 4.64947343 1.96249419
v -0.36623314 4.64447212 1.96177533
v -0.36677597 4.63947082 1.96249419
v -0.36623314 4.64447212 1.96177533
v -0.36825907 4.63580942 1.96445812
v -0.37028502 4.63446927 1.96714091
v -0.37231094 4.63580942 1.96982368
v -0.37379405 4.63947082 1.97178763
v -0.290039 4.64947343 2.01349272
v -0.29028551 4.64447212 2.01435915
v -0.28936551 4.65313458 2.01112567
v -0.28844551 4.65447474 2.00789219
v -0.28752551 4.65313458 2.00465869
v -0.28685202 4.64947343 2.00229166
v -0.2866055 4.64447212 2.00142523
v -0.28685202 4.63947082 2.00229166
v -0.2866055 4.64447212 2.00142523
v -0.28752551 4.63580942 2.00465869
v -0.28844551 4.63446927 2.00789219
v -0.28936551 4.63580942 2.01112567
v -0.290039 4.63947082 2.01349272
v -0.19687413 4.64947343 2.02212575
v -0.19679101 4.64447212 2.02302267
v -0.1971012 4.65313458 2.01967524
v -0.19741139 4.65447474 2.01632778
v -0.19772158 4.65313458 2.01298028
v -0.19794865 4.64947343 2.01052977
v -0.19803176 4.64447212 2.00963285
v -0.19794865 4.63947082 2.01052977
v -0.19803176 4.64447212 2.00963285
v -0.19772158 4.63580942 2.01298028
v -0.19741139 4.63446927 2.01632778
v -0.1971012 4.63580942 2.01967524
v -0.19687413 4.63947082 2.02212575
v -0.10688187 4.64947343 1.99652074
v -0.10648035 4.64447212 1.99732707
v -0.10797883 4.65313458 1.99431771
v -0.10947732 4.65447474 1.99130835
v -0.1109758 4.65313458 1.98829899
v -0.11207277 4.64947343 1.98609597
v -0.11247428 4.64447212 1.98528963
v -0.11207277 4.63947082 1.98609597
v -0.11247428 4.64447212 1.98528963
v -0.1109758 4.63580942 1.98829899
v -0.10947732 4.63446927 1.99130835
v -0.10797883 4.63580942 1.99431771
v -0.10688187 4.63947082 1.99652074
v -0.03221635 4.64947343 1.940136
v -0.03155066 4.64447212 1.94074284
v -0.03403506 4.65313458 1.93847802
v -0.03651946 4.65447474 1.9362132
v -0.03900386 4.65313458 1.93394835
v -0.04082257 4.64947343 1.93229038
v -0.04148827 4.64447212 1.93168353
v -0.04082257 4.63947082 1.93229038
v -0.04148827 4.64447212 1.93168353
v -0.03900386 4.63580942 1.93394835
v -0.03651946 4.63446927 1.9362132
v -0.03403506 4.63580942 1.93847802
v -0.03221635 4.63947082 1.940136
v 0.01703879 4.64947343 1.8605863
v 0.01787875 4.64447212 1.86091171
v 0.01474398 4.65313458 1.85969727
v 0.01160918 4.65447474 1.85848286
v 0.00847439 4.65313458 1.85726842
v 0.00617958 4.64947343 1.85637941
v 0.0053396 4.64447212 1.856054
v 0.00617958 4.63947082 1.85637941
v 0.0053396 4.64447212 1.856054
v 0.00847439 4.63580942 1.85726842
v 0.01160918 4.63446927 1.85848286
v 0.01474398 4.63580942 1.85969727
v 0.01703879 4.63947082 1.8605863
v 0.03513196 4.66999269 1.76861533
v 0.03423117 4.67499399 1.76861533
v 0.01703885 4.67499399 1.67664448
v 0.01787881 4.66999269 1.67631909
v 0.03177017 4.67865515 1.76861533
v 0.014744 4.67865515 1.6775335
v 0.02840837 4.6799953 1.76861533
v 0.01160922 4.6799953 1.67874793
v 0.02504655 4.67865515 1.76861533
v 0.00847441 4.67865515 1.67996235
v 0.02258552 4.67499399 1.76861533
v 0.0061796 4.67499399 1.68085137
v 0.02168475 4.66999269 1.76861533
v 0.00533966 4.66999269 1.68117678
v 0.02168475 4.66999269 1.76861533
v 0.02258552 4.66499138 1.76861533
v 0.0061796 4.66499138 1.68085137
v 0.00533966 4.66999269 1.68117678
v 0.02504655 4.66132998 1.76861533
v 0.00847441 4.66132998 1.67996235
v 0.02840837 4.65998983 1.76861533
v 0.01160922 4.65998983 1.67874793
v 0.03177017 4.66132998 1.76861533
v 0.014744 4.66132998 1.6775335
v 0.03423117 4.66499138 1.76861533
v 0.01703885 4.66499138 1.67664448
v -0.03221621 4.67499399 1.5970948
v -0.03155054 4.66999269 1.59648795
v -0.03403494 4.67865515 1.59875278
v -0.03651934 4.6799953 1.6010176
v -0.03900374 4.67865515 1.60328245
v -0.04082243 4.67499399 1.60494042
v -0.04148813 4.66999269 1.60554727
v -0.04082243 4.66499138 1.60494042
v -0.04148813 4.66999269 1.60554727
v -0.03900374 4.66132998 1.60328245
v -0.03651934 4.65998983 1.6010176
v -0.03403494 4.66132998 1.59875278
v -0.03221621 4.66499138 1.5970948
v -0.10688187 4.67499399 1.5407099
v -0.10648035 4.66999269 1.53990357
v -0.10797883 4.67865515 1.54291293
v -0.10947732 4.6799953 1.54592229
v -0.1109758 4.67865515 1.54893165
v -0.11207277 4.67499399 1.55113467
v -0.11247428 4.66999269 1.55194101
v -0.11207277 4.66499138 1.55113467
v -0.11247428 4.66999269 1.55194101
v -0.1109758 4.66132998 1.54893165
v -0.10947732 4.65998983 1.54592229
v -0.10797883 4.66132998 1.54291293
v -0.10688187 4.66499138 1.5407099
v -0.19687413 4.67499399 1.51510487
v -0.19679101 4.66999269 1.51420797
v -0.1971012 4.67865515 1.5175554
v -0.19741139 4.6799953 1.52090286
v -0.19772158 4.67865515 1.52425036
v -0.19794865 4.67499399 1.52670087
v -0.19803176 4.66999269 1.52759779
v -0.19794865 4.66499138 1.52670087
v -0.19803176 4.66999269 1.52759779
v -0.19772158 4.66132998 1.52425036
v -0.19741139 4.65998983 1.52090286
v -0.1971012 4.66132998 1.5175554
v -0.19687413 4.66499138 1.51510487
v -0.29003889 4.67499399 1.5237379
v -0.2902854 4.66999269 1.52287147
v -0.2893654 4.67865515 1.52610495
v -0.2884454 4.6799953 1.52933843
v -0.2875254 4.67865515 1.53257189
v -0.28685191 4.67499399 1.53493898
v -0.2866054 4.66999269 1.53580536
v -0.28685191 4.66499138 1.53493898
v -0.2866054 4.66999269 1.53580536
v -0.2875254 4.66132998 1.53257189
v -0.2884454 4.65998983 1.52933843
v -0.2893654 4.66132998 1.52610495
v -0.29003889 4.66499138 1.5237379
v -0.37379396 4.67499399 1.56544294
v -0.37433681 4.66999269 1.5647241
v -0.37231085 4.67865515 1.56740687
v -0.37028493 4.6799953 1.57008966
v -0.36825899 4.67865515 1.57277243
v -0.36677589 4.67499399 1.57473638
v -0.36623304 4.66999269 1.57545522
v -0.36677589 4.66499138 1.57473638
v -0.36623304 4.66999269 1.57545522
v -0.36825899 4.66132998 1.57277243
v -0.37028493 4.65998983 1.57008966
v -0.37231085 4.66132998 1.56740687
v -0.37379396 4.66499138 1.56544294
v -0.43682756 4.67499399 1.63458752
v -0.43759342 4.66999269 1.63411332
v -0.43473515 4.67865515 1.63588306
v -0.43187688 4.6799953 1.63765284
v -0.42901862 4.67865515 1.63942259
v -0.42692623 4.67499399 1.64071817
v -0.42616037 4.66999269 1.64119236
v -0.42692623 4.66499138 1.64071817
v -0.42616037 4.66999269 1.64119236
v -0.42901862 4.66132998 1.63942259
v -0.43187688 4.65998983 1.63765284
v -0.43473515 4.66132998 1.63588306
v -0.43682756 4.66499138 1.63458752
v -0.47062678 4.67499399 1.72183335
v -0.47151222 4.66999269 1.72166783
v -0.46820766 4.67865515 1.72228556
v -0.4649031 4.6799953 1.72290329
v -0.46159854 4.67865515 1.72352102
v -0.45917942 4.67499399 1.72397323
v -0.45829398 4.66999269 1.72413875
v -0.45917942 4.66499138 1.72397323
v -0.45829398 4.66999269 1.72413875
v -0.46159854 4.66132998 1.72352102
v -0.4649031 4.65998983 1.72290329
v -0.46820766 4.66132998 1.72228556
v -0.47062678 4.66499138 1.72183335
v -0.47151222 4.66999269 1.72166783
v -0.47062678 4.67499399 1.72183335
v -0.47062678 4.67499399 1.81539731
v -0.47151222 4.66999269 1.81556284
v -0.46820766 4.67865515 1.72228556
v -0.46820766 4.67865515 1.8149451
v -0.4649031 4.6799953 1.72290329
v -0.4649031 4.6799953 1.81432738
v -0.46159854 4.67865515 1.72352102
v -0.46159854 4.67865515 1.81370965
v -0.45917942 4.67499399 1.72397323
v -0.45917942 4.67499399 1.81325743
v -0.45829398 4.66999269 1.72413875
v -0.45829398 4.66999269 1.81309192
v -0.45829398 4.66999269 1.72413875
v -0.45917942 4.66499138 1.72397323
v -0.45917942 4.66499138 1.81325743
v -0.45829398 4.66999269 1.81309192
v -0.46159854 4.66132998 1.72352102
v -0.46159854 4.66132998 1.81370965
v -0.4649031 4.65998983 1.72290329
v -0.4649031 4.65998983 1.81432738
v -0.46820766 4.66132998 1.72228556
v -0.46820766 4.66132998 1.8149451
v -0.47062678 4.66499138 1.72183335
v -0.47062678 4.66499138 1.81539731
v -0.43682762 4.67499399 1.90264305
v -0.4375935 4.66999269 1.90311726
v -0.43473523 4.67865515 1.9013475
v -0.43187696 4.6799953 1.89957772
v -0.4290187 4.67865515 1.89780798
v -0.42692631 4.67499399 1.89651241
v -0.42616043 4.66999269 1.8960382
v -0.42692631 4.66499138 1.89651241
v -0.42616043 4.66999269 1.8960382
v -0.4290187 4.66132998 1.89780798
v -0.43187696 4.65998983 1.89957772
v -0.43473523 4.66132998 1.9013475
v -0.43682762 4.66499138 1.90264305
v -0.37379405 4.67499399 1.97178763
v -0.3743369 4.66999269 1.97250645
v -0.37231094 4.67865515 1.96982368
v -0.37028502 4.6799953 1.96714091
v -0.36825907 4.67865515 1.96445812
v -0.36677597 4.67499399 1.96249419
v -0.36623314 4.66999269 1.96177533
v -0.36677597 4.66499138 1.96249419
v -0.36623314 4.66999269 1.96177533
v -0.36825907 4.66132998 1.96445812
v -0.37028502 4.65998983 1.96714091
v -0.37231094 4.66132998 1.96982368
v -0.37379405 4.66499138 1.97178763
v -0.290039 4.67499399 2.01349272
v -0.29028551 4.66999269 2.01435915
v -0.28936551 4.67865515 2.01112567
v -0.28844551 4.6799953 2.00789219
v -0.28752551 4.67865515 2.00465869
v -0.28685202 4.67499399 2.00229166
v -0.2866055 4.66999269 2.00142523
v -0.28685202 4.66499138 2.00229166
v -0.2866055 4.66999269 2.00142523
v -0.28752551 4.66132998 2.00465869
v -0.28844551 4.65998983 2.00789219
v -0.28936551 4.66132998 2.01112567
v -0.290039 4.66499138 2.01349272
v -0.19687413 4.67499399 2.02212575
v -0.19679101 4.66999269 2.02302267
v -0.1971012 4.67865515 2.01967524
v -0.19741139 4.6799953 2.01632778
v -0.19772158 4.67865515 2.01298028
v -0.19794865 4.67499399 2.01052977
v -0.19803176 4.66999269 2.00963285
v -0.19794865 4.66499138 2.01052977
v -0.19803176 4.66999269 2.00963285
v -0.19772158 4.66132998 2.01298028
v -0.19741139 4.65998983 2.01632778
v -0.1971012 4.66132998 2.01967524
v -0.19687413 4.66499138 2.02212575
v -0.10688187 4.67499399 1.99652074
v -0.10648035 4.66999269 1.99732707
v -0.10797883 4.67865515 1.99431771
v -0.10947732 4.6799953 1.99130835
v -0.1109758 4.67865515 1.98829899
v -0.11207277 4.67499399 1.98609597
v -0.11247428 4.66999269 1.98528963
v -0.11207277 4.66499138 1.98609597
v -0.11247428 4.66999269 1.98528963
v -0.1109758 4.66132998 1.98829899
v -0.10947732 4.65998983 1.99130835
v -0.10797883 4.66132998 1.99431771
v -0.10688187 4.66499138 1.99652074
v -0.03221635 4.67499399 1.940136
v -0.03155066 4.66999269 1.94074284
v -0.03403506 4.67865515 1.93847802
v -0.03651946 4.6799953 1.9362132
v -0.03900386 4.67865515 1.93394835
v -0.04082257 4.67499399 1.93229038
v -0.04148827 4.66999269 1.93168353
v -0.04082257 4.66499138 1.93229038
v -0.04148827 4.66999269 1.93168353
v -0.03900386 4.66132998 1.93394835
v -0.03651946 4.65998983 1.9362132
v -0.03403506 4.66132998 1.93847802
v -0.03221635 4.66499138 1.940136
v 0.01703879 4.67499399 1.8605863
v 0.01787875 4.66999269 1.86091171
v 0.01474398 4.67865515 1.85969727
v 0.01160918 4.6799953 1.85848286
v 0.00847439 4.67865515 1.85726842
v 0.00617958 4.67499399 1.85637941
v 0.0053396 4.66999269 1.856054
v 0.00617958 4.66499138 1.85637941
v 0.0053396 4.66999269 1.856054
v 0.00847439 4.66132998 1.85726842
v 0.01160918 4.65998983 1.85848286
v 0.01474398 4.66132998 1.85969727
v 0.01703879 4.66499138 1.8605863
v -0.22522816 4.63525462 1.78145174
v -0.21582423 4.63525462 1.78145174
v -0.22052619 4.63525462 1.78191484
v -0.21130295 4.63525462 1.78008023
v -0.22974943 4.63525462 1.78008023
v -0.20713612 4.63525462 1.77785301
v -0.23391626 4.63525462 1.77785301
v -0.23756852 4.63525462 1.77485568
v -0.20348387 4.63525462 1.77485568
v -0.24056585 4.63525462 1.77120343
v -0.20048654 4.63525462 1.77120342
v -0.24279306 4.63525462 1.7670366
v -0.19825933 4.63525462 1.7670366
v -0.19688781 4.63525462 1.76251533
v -0.24416458 4.63525462 1.76251533
v -0.19642471 4.63525462 1.75781336
v -0.24462768 4.63525462 1.75781336
v -0.19688781 4.63525462 1.75311139
v -0.24416458 4.63525462 1.75311139
v -0.24279306 4.63525462 1.74859012
v -0.19825933 4.63525462 1.74859011
v -0.24056585 4.63525462 1.74442329
v -0.20048655 4.63525462 1.74442329
v -0.23756852 4.63525462 1.74077103
v -0.20348387 4.63525462 1.74077103
v -0.23391626 4.63525462 1.7377737
v -0.20713612 4.63525462 1.7377737
v -0.22974943 4.63525462 1.73554649
v -0.21130295 4.63525462 1.73554649
v -0.22522816 4.63525462 1.73417497
v -0.21582423 4.63525462 1.73417497
v -0.22052619 4.63525462 1.73371187
v -0.21964691 5.28833246 1.76223251
v -0.22140496 5.28833246 1.76223251
v -0.22052593 5.28833246 1.76231909
v -0.22225021 5.28833246 1.76197611
v -0.21880166 5.28833246 1.76197611
v -0.21802268 5.28833246 1.76155974
v -0.22302919 5.28833246 1.76155974
v -0.21733989 5.28833246 1.76099939
v -0.22371197 5.28833246 1.76099939
v -0.21677955 5.28833246 1.7603166
v -0.22427232 5.28833246 1.7603166
v -0.22468869 5.28833246 1.75953762
v -0.21636317 5.28833246 1.75953762
v -0.21610677 5.28833246 1.75869238
v -0.2249451 5.28833246 1.75869238
v -0.21602019 5.28833246 1.75781335
v -0.22503167 5.28833246 1.75781335
v -0.21610677 5.28833246 1.75693432
v -0.2249451 5.28833246 1.75693432
v -0.21636317 5.28833246 1.75608908
v -0.22468869 5.28833246 1.75608908
v -0.22427232 5.28833246 1.7553101
v -0.21677955 5.28833246 1.75531009
v -0.22371197 5.28833246 1.75462731
v -0.21733989 5.28833246 1.75462731
v -0.21802268 5.28833246 1.75406696
v -0.22302919 5.28833246 1.75406696
v -0.21880166 5.28833246 1.75365059
v -0.22225021 5.28833246 1.75365059
v -0.21964691 5.28833246 1.75339419
v -0.22140496 5.28833246 1.75339419
v -0.22052593 5.28833246 1.75330761
vn -0.08748 0 -0.99617
vn -0.26108 0 -0.96532
vn -0.43021 0 -0.90273
vn -0.59051 0 -0.80703
vn -0.73576 0 -0.67724
vn -0.85768 0 -0.51418
vn -0.94671 0 -0.3221
vn -0.99395 0 -0.1098
vn -0.99395 0 0.1098
vn -0.94671 0 0.3221
vn -0.85768 0 0.51418
vn -0.73576 0 0.67724
vn -0.59051 0 0.80703
vn -0.43021 0 0.90273
vn -0.26108 0 0.96532
vn -0.08748 0 0.99617
vn 0.08748 0 0.99617
vn 0.26108 0 0.96532
vn 0.43021 0 0.90273
vn 0.59051 0 0.80703
vn 0.73576 0 0.67724
vn 0.85768 0 0.51418
vn 0.94671 0 0.3221
vn 0.99395 0 0.1098
vn 0.99395 0 -0.1098
vn 0.94671 0 -0.3221
vn 0.85768 0 -0.51418
vn 0.73576 0 -0.67724
vn 0.59051 0 -0.80703
vn 0.43021 0 -0.90273
vn 0.26108 0 -0.96532
vn 0.08748 0 -0.99617
vn 0.08035 0.39538 0.915
vn 1E-05 -1 1E-05
vn 0.85442 0.43065 -0.2907
vn -0.53871 0.40957 -0.73623
vn -0.53871 0.40957 0.73623
vn 0.7765 0.42467 0.46552
vn 0.23952 0.39797 -0.88558
vn -0.89547 0.43399 0.09892
vn 0.23952 0.39796 0.88558
vn 0.7765 0.42467 -0.46551
vn -0.66867 0.41721 -0.61548
vn -0.39375 0.40288 0.82623
vn 0.85442 0.43065 0.2907
vn -0.08035 0.39538 -0.915
vn 0.08035 0.39538 -0.915
vn -0.85442 0.43065 0.2907
vn 0.39375 0.40287 0.82623
vn 0.66867 0.41721 -0.61548
vn -0.7765 0.42467 -0.46551
vn -0.23952 0.39797 0.88558
vn 0.89547 0.43399 0.09892
vn -0.23952 0.39797 -0.88558
vn -0.7765 0.42467 0.46551
vn 0.53871 0.40957 0.73623
vn 0.53871 0.40957 -0.73623
vn -0.85442 0.43065 -0.2907
vn -0.08035 0.39538 0.915
vn 0.89547 0.43399 -0.09892
vn -0.39375 0.40288 -0.82623
vn -0.66867 0.41721 0.61548
vn 0.66867 0.41721 0.61548
vn 0.39375 0.40288 -0.82623
vn -0.89547 0.43399 -0.09892
vn 0.99395 -0 0.1098
vn -1E-05 -1 -0
vn 1E-05 -1 0
vn -1E-05 -1 0
vn 1E-05 -1 0
vn -1E-05 -1 0
vn 1E-05 -1 0
vn -1E-05 -1 0
vn 1E-05 -1 -0
vn -1E-05 -1 1E-05
vn 1E-05 -1 -0
vn -0 -1 1E-05
vn 1E-05 -1 -0
vn -0 -1 1E-05
vn -0 -1 -1E-05
vn 1E-05 -1 -1E-05
vn -0 -1 1E-05
vn -0 -1 -1E-05
vn 0 -1 -1E-05
vn -0 -1 1E-05
vn -0 -1 -1E-05
vn 0 -1 -1E-05
vn 0 -1 1E-05
vn -0 -1 -1E-05
vn 0 -1 -1E-05
vn 0 -1 1E-05
vn -1E-05 -1 -1E-05
vn 0 -1 -1E-05
vn 0 -1 1E-05
vn -1E-05 -1 -0
vn 0 -1 1E-05
vn -1E-05 -1 -0
vn -0 1 -0
vn -0.85768 0 0.51418
vn 0.99395 -0 -0.1098
vn -0.73576 0 0.67724
vn 0.94671 -0 -0.3221
vn -0.59051 0 0.80703
vn 0.85768 -0 -0.51418
vn -0.43021 0 0.90273
vn -0.08748 0 -0.99617
vn 0.73576 -0 -0.67724
vn -0.26108 0 0.96532
vn -0.26108 0 -0.96532
vn 0.59051 -0 -0.80703
vn -0.08748 0 0.99617
vn -0.43021 0 -0.90273
vn 0.43021 -0 -0.90273
vn 0.08748 -0 0.99617
vn -0.59051 0 -0.80703
vn 0.26108 -0 -0.96532
vn 0.26108 -0 0.96532
vn -0.73576 0 -0.67724
vn 0.08748 -0 -0.99617
vn 0.43021 -0 0.90273
vn -0.85768 0 -0.51418
vn 0.59051 -0 0.80703
vn -0.94671 0 -0.3221
vn 0.73576 -0 0.67724
vn -0.99395 0 -0.1098
vn 0.85768 -0 0.51418
vn -0.99395 0 0.1098
vn 0.94671 -0 0.3221
vn -0.94671 0 0.3221
vn 0.43021 -0 -0.90273
vn -3E-05 -1 -4E-05
vn 0.08748 -0 0.99617
vn -0.59051 0 -0.80703
vn 0.26108 -0 -0.96532
vn 0.26108 -0 0.96532
vn -0.73576 0 -0.67724
vn 0.08748 -0 -0.99617
vn 0.43021 -0 0.90273
vn -0.85768 0 -0.51418
vn 0.59051 -0 0.80703
vn -0.94671 0 -0.3221
vn 0.73576 -0 0.67724
vn -0.99395 0 -0.1098
vn 0.85768 -0 0.51418
vn -0.99395 0 0.1098
vn 0.94671 -0 0.3221
vn -0.94671 0 0.3221
vn 0.99395 -0 0.1098
vn -0.85768 0 0.51418
vn 0.99395 -0 -0.1098
vn -0.73576 0 0.67724
vn 0.94671 -0 -0.3221
vn -0.59051 0 0.80703
vn 0.85768 -0 -0.51418
vn -0.43021 0 0.90273
vn -0.08748 0 -0.99617
vn 0.73576 -0 -0.67724
vn -0.26108 0 0.96532
vn -0.26108 0 -0.96532
vn 0.59051 -0 -0.80703
vn -0.08748 0 0.99617
vn -0.43021 0 -0.90273
vn 0.94671 -0 0.3221
vn 4E-05 -1 1E-05
vn -3E-05 -1 -3E-05
vn 4E-05 -1 0
vn -4E-05 -1 -2E-05
vn 4E-05 -1 -0
vn -4E-05 -1 -1E-05
vn 4E-05 -1 -1E-05
vn -4E-05 -1 -0
vn 4E-05 -1 -2E-05
vn -4E-05 -1 0
vn 3E-05 -1 -3E-05
vn -4E-05 -1 1E-05
vn 3E-05 -1 -4E-05
vn -4E-05 -1 2E-05
vn 2E-05 -1 -4E-05
vn 0 -1 5E-05
vn -3E-05 -1 3E-05
vn 1E-05 -1 -5E-05
vn 1E-05 -1 5E-05
vn -3E-05 -1 4E-05
vn 0 -1 -5E-05
vn 2E-05 -1 4E-05
vn -2E-05 -1 4E-05
vn -0 -1 -5E-05
vn 3E-05 -1 4E-05
vn -1E-05 -1 5E-05
vn -1E-05 -1 -5E-05
vn 3E-05 -1 3E-05
vn -0 -1 5E-05
vn -2E-05 -1 -4E-05
vn 4E-05 -1 2E-05
vn -0.94671 0 0.3221
vn 0.99395 -0 0.1098
vn -0.85768 0 0.51418
vn 0.99395 -0 -0.1098
vn -0.73576 0 0.67724
vn 0.94671 -0 -0.3221
vn -0.59051 0 0.80703
vn 0.85768 -0 -0.51418
vn -0.43021 0 0.90273
vn -0.08748 0 -0.99617
vn 0.73576 -0 -0.67724
vn -0.26108 0 0.96532
vn -0.26108 0 -0.96532
vn 0.59051 -0 -0.80703
vn -0.08748 0 0.99617
vn -0.43021 0 -0.90273
vn 0.43021 -0 -0.90273
vn 0.08748 -0 0.99617
vn -0.59051 0 -0.80703
vn 0.26108 -0 -0.96532
vn 0.26108 -0 0.96532
vn -0.73576 0 -0.67724
vn 0.08748 -0 -0.99617
vn 0.43021 -0 0.90273
vn -0.85768 0 -0.51418
vn 0.59051 -0 0.80703
vn -0.94671 0 -0.3221
vn 0.73576 -0 0.67724
vn -0.99395 0 -0.1098
vn 0.85768 -0 0.51418
vn -0.99395 0 0.1098
vn -0.26108 -0 -0.96532
vn 7E-05 -1 6E-05
vn 0.59051 0 -0.80703
vn -0.08748 -0 0.99617
vn -0.43021 -0 -0.90273
vn 0.43021 0 -0.90273
vn 0.08748 0 0.99617
vn -0.59051 -0 -0.80703
vn 0.26108 0 -0.96532
vn 0.26108 0 0.96532
vn -0.73576 -0 -0.67724
vn 0.08748 0 -0.99617
vn 0.43021 0 0.90273
vn -0.85768 -0 -0.51418
vn 0.59051 0 0.80703
vn -0.94671 -0 -0.3221
vn 0.73576 0 0.67724
vn -0.99395 -0 -0.1098
vn 0.85768 0 0.51418
vn -0.99395 -0 0.1098
vn 0.94671 0 0.3221
vn -0.94671 -0 0.3221
vn 0.99395 0 0.1098
vn -0.85768 -0 0.51418
vn 0.99395 0 -0.1098
vn -0.73576 -0 0.67724
vn 0.94671 0 -0.3221
vn -0.59051 -0 0.80703
vn 0.85768 0 -0.51418
vn -0.43021 -0 0.90273
vn -0.08748 -0 -0.99617
vn 0.73576 0 -0.67724
vn -0.26108 -0 0.96532
vn -0.509 0.85893 -0.05623
vn -1E-05 -1 9E-05
vn -4E-05 -1 -8E-05
vn 7E-05 -1 4E-05
vn -5E-05 -1 -7E-05
vn 8E-05 -1 3E-05
vn -7E-05 -1 -6E-05
vn 8E-05 -1 1E-05
vn -7E-05 -1 -4E-05
vn 8E-05 -1 -1E-05
vn -8E-05 -1 -3E-05
vn 8E-05 -1 -3E-05
vn -8E-05 -1 -1E-05
vn 7E-05 -1 -4E-05
vn -8E-05 -1 1E-05
vn 7E-05 -1 -6E-05
vn -8E-05 -1 3E-05
vn 5E-05 -1 -7E-05
vn -7E-05 -1 4E-05
vn 4E-05 -1 -8E-05
vn 1E-05 -1 9E-05
vn -7E-05 -1 6E-05
vn 2E-05 -1 -9E-05
vn 2E-05 -1 9E-05
vn -5E-05 -1 7E-05
vn 1E-05 -1 -9E-05
vn 4E-05 -1 8E-05
vn -4E-05 -1 8E-05
vn -1E-05 -1 -9E-05
vn 5E-05 -1 7E-05
vn -2E-05 -1 9E-05
vn -2E-05 -1 -9E-05
vn -0.85768 0 0.51418
vn 0.44786 0.85284 0.26849
vn -0.509 0.85893 0.05623
vn 0.4882 0.85678 0.1661
vn -0.48821 0.85678 0.1661
vn 0.50899 0.85893 0.05623
vn -0.44786 0.85284 0.2685
vn 0.50899 0.85893 -0.05623
vn -0.39022 0.84777 0.35919
vn 0.4882 0.85678 -0.1661
vn -0.31821 0.84238 0.43489
vn 0.44786 0.85284 -0.26849
vn -0.23508 0.8375 0.49329
vn -0.04855 0.83185 -0.55288
vn 0.39022 0.84777 -0.35919
vn -0.14413 0.83382 0.53289
vn -0.14413 0.83382 -0.53289
vn 0.31821 0.84238 -0.43489
vn -0.04855 0.83185 0.55288
vn -0.23508 0.8375 -0.49329
vn 0.23508 0.8375 -0.49329
vn 0.04855 0.83185 0.55288
vn -0.31821 0.84238 -0.43489
vn 0.14413 0.83382 -0.53289
vn 0.14413 0.83382 0.53289
vn -0.39022 0.84777 -0.35919
vn 0.04855 0.83185 -0.55288
vn 0.23508 0.8375 0.49329
vn -0.44786 0.85284 -0.2685
vn 0.31821 0.84238 0.43489
vn -0.48821 0.85678 -0.1661
vn 0.39022 0.84777 0.35919
vn 0 -1 -0
vn 0.99395 -0 -0.1098
vn -0.73576 0 0.67724
vn 0.94671 -0 -0.3221
vn -0.59051 0 0.80703
vn 0.85768 -0 -0.51418
vn -0.43021 0 0.90273
vn -0.08748 0 -0.99617
vn 0.73576 -0 -0.67724
vn -0.26108 0 0.96532
vn -0.26108 0 -0.96532
vn 0.59051 -0 -0.80703
vn -0.08748 0 0.99617
vn -0.43021 0 -0.90273
vn 0.43021 -0 -0.90273
vn 0.08748 -0 0.99617
vn -0.59051 0 -0.80703
vn 0.26108 -0 -0.96532
vn 0.26108 -0 0.96532
vn -0.73576 0 -0.67724
vn 0.08748 -0 -0.99617
vn 0.43021 -0 0.90273
vn -0.85768 0 -0.51418
vn 0.59051 -0 0.80703
vn -0.94671 0 -0.3221
vn 0.73576 -0 0.67724
vn -0.99395 0 -0.1098
vn 0.85768 -0 0.51418
vn -0.99395 0 0.1098
vn 0.94671 -0 0.3221
vn -0.94671 0 0.3221
vn 0.99395 -0 0.1098
vn 0.06046 0.72265 0.68856
vn 0.59051 0 0.80703
vn -0.39912 0.73701 -0.54546
vn 0.17973 0.72532 -0.66454
vn 0.17973 0.72532 0.66454
vn -0.49125 0.74446 -0.45217
vn 0.06047 0.72265 -0.68856
vn 0.29388 0.73032 0.61666
vn -0.5658 0.75155 -0.3392
vn 0.39912 0.737 0.54546
vn -0.61847 0.75711 -0.21042
vn 0.49125 0.74446 0.45217
vn -0.64579 0.76018 -0.07134
vn 0.5658 0.75155 0.3392
vn -0.64579 0.76018 0.07134
vn 0.61847 0.75711 0.21042
vn -0.61847 0.75711 0.21042
vn 0.64579 0.76018 0.07134
vn -0.5658 0.75155 0.3392
vn 0.64579 0.76018 -0.07134
vn -0.49125 0.74446 0.45217
vn 0.61847 0.75711 -0.21042
vn -0.39912 0.737 0.54546
vn 0.5658 0.75155 -0.3392
vn -0.29388 0.73032 0.61666
vn -0.06047 0.72265 -0.68856
vn 0.49125 0.74446 -0.45217
vn -0.17973 0.72532 0.66454
vn -0.17973 0.72532 -0.66454
vn 0.39912 0.73701 -0.54546
vn -0.06046 0.72265 0.68856
vn -0.29388 0.73032 -0.61666
vn 0.29388 0.73032 -0.61666
vn -6E-05 -1 -2E-05
vn -0.94671 -0 -0.3221
vn 0.73576 0 0.67724
vn -0.99395 -0 -0.1098
vn 0.85768 0 0.51418
vn -0.99395 -0 0.1098
vn 0.94671 0 0.3221
vn -0.94671 -0 0.3221
vn 0.99395 0 0.1098
vn -0.85768 -0 0.51418
vn 0.99395 0 -0.1098
vn -0.73576 -0 0.67724
vn 0.94671 0 -0.3221
vn -0.59051 -0 0.80703
vn 0.85768 0 -0.51418
vn -0.43021 -0 0.90273
vn -0.08748 -0 -0.99617
vn 0.73576 0 -0.67724
vn -0.26108 -0 0.96532
vn -0.26108 -0 -0.96532
vn 0.59051 0 -0.80703
vn -0.08748 -0 0.99617
vn -0.43021 -0 -0.90273
vn 0.43021 0 -0.90273
vn 0.08748 0 0.99617
vn -0.59051 -0 -0.80703
vn 0.26108 0 -0.96532
vn 0.26108 0 0.96532
vn -0.73576 -0 -0.67724
vn 0.08748 0 -0.99617
vn 0.43021 0 0.90273
vn -0.85768 -0 -0.51418
vn 6E-05 -1 -2E-05
vn -6E-05 -1 -1E-05
vn 6E-05 -1 -3E-05
vn -6E-05 -1 1E-05
vn 5E-05 -1 -5E-05
vn -6E-05 -1 2E-05
vn 4E-05 -1 -6E-05
vn -6E-05 -1 3E-05
vn 3E-05 -1 -6E-05
vn 1E-05 -1 7E-05
vn -5E-05 -1 5E-05
vn 2E-05 -1 -7E-05
vn 2E-05 -1 7E-05
vn -4E-05 -1 6E-05
vn 1E-05 -1 -7E-05
vn 3E-05 -1 6E-05
vn -3E-05 -1 6E-05
vn -1E-05 -1 -7E-05
vn 4E-05 -1 6E-05
vn -2E-05 -1 7E-05
vn -2E-05 -1 -7E-05
vn 5E-05 -1 5E-05
vn -1E-05 -1 7E-05
vn -3E-05 -1 -6E-05
vn 6E-05 -1 3E-05
vn -4E-05 -1 -6E-05
vn 6E-05 -1 2E-05
vn -5E-05 -1 -5E-05
vn 6E-05 -1 1E-05
vn -6E-05 -1 -3E-05
vn 6E-05 -1 -1E-05
vn -0.19951 0.64501 -0.73767
vn -0.73263 0.09221 -0.67436
vn 0.44472 0.65789 -0.60778
vn -0.06706 0.6421 0.76369
vn -0.32675 0.6505 -0.68563
vn 0.32675 0.6505 -0.68563
vn 0.06706 0.6421 0.76368
vn -0.44472 0.65789 -0.60778
vn 0.19951 0.64501 -0.73767
vn 0.19951 0.64501 0.73767
vn -0.54872 0.66618 -0.50508
vn 0.06706 0.6421 -0.76368
vn 0.32675 0.6505 0.68563
vn -0.6335 0.67412 -0.37978
vn 0.44472 0.65789 0.60778
vn -0.69379 0.6804 -0.23605
vn 0.54872 0.66618 0.50508
vn -0.72519 0.68387 -0.08011
vn 0.6335 0.67413 0.37978
vn -0.72519 0.68387 0.08011
vn 0.69378 0.6804 0.23605
vn -0.69379 0.6804 0.23605
vn 0.72519 0.68387 0.08011
vn -0.6335 0.67412 0.37978
vn 0.72519 0.68387 -0.08011
vn -0.54872 0.66618 0.50508
vn 0.69378 0.6804 -0.23605
vn -0.44472 0.65789 0.60779
vn 0.6335 0.67413 -0.37978
vn -0.32675 0.6505 0.68563
vn -0.06706 0.6421 -0.76368
vn 0.54872 0.66618 -0.50508
vn -0.19951 0.64501 0.73767
vn 0.08715 0.0865 -0.99243
vn 0.42852 0.08844 0.89919
vn -0.85387 0.0942 -0.51189
vn 0.58811 0.09018 0.80374
vn -0.94235 0.09582 -0.32062
vn 0.73263 0.0922 0.67436
vn -0.98929 0.09672 -0.10929
vn 0.85387 0.09419 0.5119
vn -0.98929 0.09672 0.10929
vn 0.94235 0.0958 0.32062
vn -0.94235 0.09582 0.32062
vn 0.9893 0.0967 0.10929
vn -0.85387 0.0942 0.51189
vn 0.9893 0.0967 -0.10929
vn -0.73263 0.09221 0.67436
vn 0.94235 0.0958 -0.32062
vn -0.5881 0.0902 0.80374
vn 0.85387 0.09419 -0.5119
vn -0.42852 0.08844 0.89919
vn -0.08715 0.0865 -0.99243
vn 0.73263 0.0922 -0.67436
vn -0.26009 0.08717 0.96164
vn -0.26009 0.08717 -0.96164
vn 0.58811 0.09018 -0.80374
vn -0.08715 0.0865 0.99243
vn -0.42852 0.08845 -0.89919
vn 0.42852 0.08844 -0.89919
vn 0.08715 0.0865 0.99243
vn -0.58811 0.0902 -0.80374
vn 0.26009 0.08717 -0.96164
vn 0.26009 0.08717 0.96164
vn -0.86636 -0.46522 -0.18164
vn -0.44456 -0.89088 -0.09321
vn -0.13248 -0.9908 -0.02778
vn 0.13248 -0.9908 0.02778
vn 0.44457 -0.89088 0.09321
vn 0.86636 -0.46521 0.18164
vn 0.86636 0.46521 0.18164
vn 0.44457 0.89088 0.09321
vn 0.13246 0.9908 0.02777
vn -0.13246 0.9908 -0.02777
vn -0.44456 0.89088 -0.09321
vn -0.86636 0.46522 -0.18164
vn -0.73172 -0.45427 -0.50815
vn -0.38208 -0.88522 -0.26534
vn -0.11452 -0.99023 -0.07953
vn 0.11452 -0.99023 0.07953
vn 0.38208 -0.88522 0.26534
vn 0.73173 -0.45427 0.50815
vn 0.73173 0.45427 0.50815
vn 0.38208 0.88522 0.26534
vn 0.1145 0.99024 0.07952
vn -0.1145 0.99024 -0.07952
vn -0.38208 0.88522 -0.26534
vn -0.73172 0.45427 -0.50815
vn -0.50169 -0.43942 -0.74513
vn -0.26831 -0.87704 -0.39851
vn -0.08111 -0.9894 -0.12046
vn 0.0811 -0.9894 0.12046
vn 0.26831 -0.87704 0.39851
vn 0.50169 -0.43942 0.74513
vn 0.50169 0.43942 0.74513
vn 0.26831 0.87704 0.39851
vn 0.08109 0.9894 0.12044
vn -0.08109 0.9894 -0.12044
vn -0.26831 0.87704 -0.39851
vn -0.50169 0.43942 -0.74513
vn -0.22217 -0.42851 -0.8758
vn -0.12096 -0.87065 -0.47681
vn -0.03681 -0.98873 -0.14509
vn 0.03681 -0.98873 0.14509
vn 0.12096 -0.87065 0.47681
vn 0.22217 -0.42851 0.8758
vn 0.22217 0.42851 0.8758
vn 0.12096 0.87065 0.47681
vn 0.0368 0.98874 0.14506
vn -0.0368 0.98874 -0.14506
vn -0.12096 0.87065 -0.47681
vn -0.22217 0.42851 -0.8758
vn 0.07449 -0.42612 -0.9016
vn 0.04071 -0.86919 -0.49279
vn 0.01241 -0.98858 -0.15018
vn -0.01241 -0.98858 0.15018
vn -0.04071 -0.86919 0.49279
vn -0.07449 -0.42611 0.9016
vn -0.07449 0.42611 0.9016
vn -0.04071 0.86919 0.49279
vn -0.01241 0.98858 0.15015
vn 0.01241 0.98858 -0.15015
vn 0.04071 0.86919 -0.49279
vn 0.07449 0.42612 -0.9016
vn 0.36574 -0.4331 -0.82381
vn 0.19763 -0.87337 -0.44515
vn 0.05997 -0.98902 -0.13507
vn -0.05997 -0.98902 0.13507
vn -0.19763 -0.87338 0.44515
vn -0.36574 -0.4331 0.82381
vn -0.36574 0.4331 0.82381
vn -0.19763 0.87338 0.44515
vn -0.05996 0.98902 0.13505
vn 0.05996 0.98902 -0.13505
vn 0.19763 0.87337 -0.44515
vn 0.36574 0.4331 -0.82381
vn 0.62554 -0.44679 -0.63959
vn 0.33058 -0.88117 -0.33801
vn 0.0995 -0.98982 -0.10174
vn -0.0995 -0.98982 0.10174
vn -0.33058 -0.88117 0.33801
vn -0.62554 -0.44679 0.63959
vn -0.62554 0.44679 0.63959
vn -0.33058 0.88117 0.33801
vn -0.09948 0.98983 0.10172
vn 0.09948 0.98983 -0.10172
vn 0.33058 0.88117 -0.33801
vn 0.62554 0.44679 -0.63959
vn 0.814 -0.46077 -0.35369
vn 0.42065 -0.88862 -0.18278
vn 0.12564 -0.99057 -0.05459
vn -0.12564 -0.99057 0.05459
vn -0.42065 -0.88862 0.18278
vn -0.814 -0.46077 0.35369
vn -0.814 0.46077 0.35369
vn -0.42065 0.88862 0.18278
vn -0.12562 0.99058 0.05458
vn 0.12562 0.99058 -0.05458
vn 0.42065 0.88862 -0.18278
vn 0.814 0.46077 -0.35369
vn 0.88436 -0.4668 -0
vn 0.45267 -0.89168 -0
vn 0.13478 -0.99088 -0
vn -0.13478 -0.99088 -0
vn -0.45267 -0.89168 -0
vn -0.88437 -0.46679 -0
vn -0.88437 0.46679 -0
vn -0.45267 0.89168 -0
vn -0.13476 0.99088 -0
vn 0.13476 0.99088 -0
vn 0.45267 0.89168 -0
vn 0.88436 0.4668 -0
vn 0.814 -0.46077 0.35369
vn 0.42065 -0.88862 0.18278
vn 0.12564 -0.99057 0.05459
vn -0.12564 -0.99057 -0.05459
vn -0.42065 -0.88862 -0.18278
vn -0.814 -0.46077 -0.35369
vn -0.814 0.46077 -0.35369
vn -0.42065 0.88862 -0.18278
vn -0.12562 0.99058 -0.05458
vn 0.12562 0.99058 0.05458
vn 0.42065 0.88862 0.18278
vn 0.814 0.46077 0.35369
vn 0.62554 -0.44679 0.63959
vn 0.33058 -0.88117 0.33801
vn 0.0995 -0.98982 0.10174
vn -0.0995 -0.98982 -0.10174
vn -0.33058 -0.88117 -0.33801
vn -0.62554 -0.4468 -0.63959
vn -0.62554 0.4468 -0.63959
vn -0.33058 0.88117 -0.33801
vn -0.09948 0.98983 -0.10172
vn 0.09948 0.98983 0.10172
vn 0.33058 0.88117 0.33801
vn 0.62554 0.44679 0.63959
vn 0.36574 -0.4331 0.82381
vn 0.19763 -0.87337 0.44515
vn 0.05997 -0.98902 0.13507
vn -0.05997 -0.98902 -0.13507
vn -0.19763 -0.87337 -0.44516
vn -0.36574 -0.43311 -0.8238
vn -0.36574 0.43311 -0.8238
vn -0.19763 0.87337 -0.44516
vn -0.05996 0.98902 -0.13505
vn 0.05996 0.98902 0.13505
vn 0.19763 0.87337 0.44515
vn 0.36574 0.4331 0.82381
vn 0.07449 -0.42612 0.90159
vn 0.04071 -0.86919 0.4928
vn 0.01241 -0.98858 0.15018
vn -0.01241 -0.98858 -0.15018
vn -0.04071 -0.86919 -0.4928
vn -0.07449 -0.42612 -0.90159
vn -0.07449 0.42612 -0.90159
vn -0.04071 0.86919 -0.4928
vn -0.01241 0.98859 -0.15015
vn 0.01241 0.98858 0.15015
vn 0.04071 0.86919 0.4928
vn 0.07449 0.42612 0.90159
vn -0.22217 -0.42851 0.8758
vn -0.12096 -0.87065 0.47681
vn -0.03681 -0.98873 0.14509
vn 0.03681 -0.98873 -0.14509
vn 0.12096 -0.87065 -0.47681
vn 0.22217 -0.42851 -0.8758
vn 0.22217 0.42851 -0.8758
vn 0.12096 0.87065 -0.47681
vn 0.0368 0.98874 -0.14506
vn -0.0368 0.98874 0.14506
vn -0.12096 0.87065 0.47681
vn -0.22217 0.42851 0.8758
vn -0.50169 -0.43942 0.74513
vn -0.26831 -0.87704 0.39851
vn -0.08111 -0.9894 0.12046
vn 0.0811 -0.9894 -0.12046
vn 0.26832 -0.87704 -0.39851
vn 0.50169 -0.43942 -0.74513
vn 0.50169 0.43942 -0.74513
vn 0.26832 0.87704 -0.39851
vn 0.08109 0.9894 -0.12044
vn -0.08109 0.9894 0.12044
vn -0.26831 0.87704 0.39851
vn -0.50169 0.43942 0.74513
vn -0.73173 -0.45427 0.50815
vn -0.38208 -0.88522 0.26534
vn -0.11452 -0.99023 0.07953
vn 0.11452 -0.99023 -0.07953
vn 0.38208 -0.88522 -0.26534
vn 0.73172 -0.45427 -0.50815
vn 0.73172 0.45427 -0.50815
vn 0.38208 0.88522 -0.26534
vn 0.1145 0.99024 -0.07952
vn -0.1145 0.99024 0.07952
vn -0.38208 0.88522 0.26534
vn -0.73173 0.45427 0.50815
vn -0.86636 -0.46521 0.18164
vn -0.44456 -0.89088 0.09321
vn -0.13248 -0.9908 0.02778
vn 0.13248 -0.9908 -0.02778
vn 0.44457 -0.89088 -0.09321
vn 0.86636 -0.46521 -0.18164
vn 0.86636 0.46521 -0.18164
vn 0.44457 0.89088 -0.09321
vn 0.13246 0.9908 -0.02777
vn -0.13246 0.9908 0.02777
vn -0.44456 0.89088 0.09321
vn -0.86636 0.46521 0.18164
vn -0.44454 -0.8909 -0.0932
vn -0.13248 -0.9908 -0.02778
vn 0.13248 -0.9908 0.02778
vn 0.44454 -0.8909 0.0932
vn 0.86636 -0.46521 0.18164
vn 0.86636 0.46521 0.18164
vn 0.13248 0.9908 0.02778
vn -0.13248 0.9908 -0.02778
vn -0.73173 -0.45426 -0.50815
vn -0.38206 -0.88523 -0.26532
vn -0.11452 -0.99023 -0.07953
vn 0.11452 -0.99023 0.07953
vn 0.38206 -0.88523 0.26533
vn 0.73172 -0.45427 0.50815
vn 0.73172 0.45427 0.50815
vn 0.38208 0.88522 0.26534
vn 0.11452 0.99023 0.07953
vn -0.11452 0.99023 -0.07953
vn -0.38208 0.88522 -0.26534
vn -0.73173 0.45426 -0.50815
vn -0.50169 -0.43942 -0.74513
vn -0.2683 -0.87705 -0.39849
vn -0.0811 -0.9894 -0.12046
vn 0.0811 -0.9894 0.12046
vn 0.2683 -0.87705 0.39849
vn 0.50169 -0.43942 0.74513
vn 0.50169 0.43942 0.74513
vn 0.26832 0.87704 0.39851
vn 0.0811 0.9894 0.12046
vn -0.0811 0.9894 -0.12046
vn -0.26831 0.87704 -0.39851
vn -0.50169 0.43942 -0.74513
vn -0.12095 -0.87066 -0.47678
vn -0.03681 -0.98873 -0.14509
vn 0.03681 -0.98873 0.14509
vn 0.12095 -0.87066 0.47678
vn 0.22217 -0.42851 0.8758
vn 0.22217 0.42851 0.8758
vn 0.03681 0.98873 0.14509
vn -0.03681 0.98873 -0.14509
vn -0.12096 0.87065 -0.47681
vn 0.07449 -0.42612 -0.9016
vn 0.04071 -0.86921 -0.49277
vn -0.04071 -0.86921 0.49277
vn -0.07449 -0.42611 0.9016
vn -0.07449 0.42611 0.9016
vn -0.04071 0.86919 0.49279
vn -0.01241 0.98858 0.15018
vn 0.01241 0.98858 -0.15018
vn 0.07449 0.42612 -0.9016
vn 0.36574 -0.43311 -0.82381
vn 0.19762 -0.87339 -0.44513
vn 0.05997 -0.98902 -0.13507
vn -0.05997 -0.98902 0.13507
vn -0.19762 -0.87339 0.44513
vn -0.36574 -0.4331 0.82381
vn -0.36574 0.4331 0.82381
vn -0.19763 0.87338 0.44515
vn -0.05997 0.98902 0.13507
vn 0.05997 0.98902 -0.13507
vn 0.19763 0.87337 -0.44515
vn 0.36574 0.43311 -0.82381
vn 0.33057 -0.88118 -0.33799
vn 0.0995 -0.98982 -0.10174
vn -0.0995 -0.98982 0.10174
vn -0.33057 -0.88119 0.33799
vn -0.62554 -0.44679 0.63959
vn -0.62554 0.44679 0.63959
vn -0.33058 0.88117 0.33801
vn -0.0995 0.98982 0.10174
vn 0.0995 0.98982 -0.10174
vn 0.33058 0.88117 -0.33801
vn 0.814 -0.46077 -0.35369
vn 0.42063 -0.88863 -0.18277
vn 0.12564 -0.99057 -0.05459
vn -0.12564 -0.99057 0.05459
vn -0.42063 -0.88863 0.18277
vn -0.42065 0.88862 0.18278
vn -0.12564 0.99057 0.05459
vn 0.12564 0.99057 -0.05459
vn 0.42065 0.88862 -0.18278
vn 0.814 0.46077 -0.35369
vn 0.88437 -0.46679 -0
vn 0.45264 -0.89169 -0
vn 0.13478 -0.99088 -0
vn -0.13478 -0.99087 -0
vn -0.45264 -0.89169 -0
vn -0.45267 0.89168 -0
vn -0.13478 0.99087 -0
vn 0.13478 0.99088 -0
vn 0.45267 0.89168 -0
vn 0.88437 0.46679 -0
vn 0.42063 -0.88863 0.18277
vn 0.12564 -0.99057 0.05459
vn -0.42063 -0.88863 -0.18277
vn -0.42065 0.88862 -0.18278
vn -0.12564 0.99057 -0.05459
vn 0.12564 0.99057 0.05459
vn 0.42065 0.88862 0.18278
vn 0.62554 -0.44679 0.63959
vn 0.33057 -0.88118 0.33799
vn 0.0995 -0.98982 0.10174
vn -0.0995 -0.98982 -0.10174
vn -0.33057 -0.88118 -0.33799
vn -0.62554 -0.44679 -0.63959
vn -0.62554 0.44679 -0.63959
vn -0.33058 0.88117 -0.33801
vn -0.0995 0.98982 -0.10174
vn 0.0995 0.98982 0.10174
vn 0.33058 0.88117 0.33801
vn 0.62554 0.44679 0.63959
vn 0.36574 -0.4331 0.82381
vn 0.19762 -0.87339 0.44513
vn -0.19762 -0.87339 -0.44513
vn -0.36574 -0.43311 -0.8238
vn -0.36574 0.43311 -0.8238
vn -0.19763 0.87337 -0.44515
vn -0.05997 0.98902 -0.13507
vn 0.05997 0.98902 0.13507
vn 0.19763 0.87337 0.44515
vn 0.36574 0.4331 0.82381
vn 0.07449 -0.42612 0.90159
vn 0.04071 -0.86921 0.49277
vn -0.04071 -0.8692 -0.49277
vn -0.07449 -0.42612 -0.90159
vn -0.07449 0.42612 -0.90159
vn -0.04071 0.86919 -0.4928
vn -0.01241 0.98858 -0.15018
vn 0.01241 0.98858 0.15018
vn 0.04071 0.86919 0.4928
vn 0.07449 0.42612 0.90159
vn -0.12095 -0.87066 0.47678
vn -0.03681 -0.98873 0.14509
vn 0.03681 -0.98873 -0.14509
vn 0.12095 -0.87066 -0.47678
vn 0.22217 -0.42851 -0.8758
vn 0.22217 0.42851 -0.8758
vn 0.03681 0.98873 -0.14509
vn -0.03681 0.98873 0.14509
vn -0.12096 0.87065 0.47681
vn -0.2683 -0.87705 0.39849
vn -0.0811 -0.9894 0.12046
vn 0.0811 -0.9894 -0.12046
vn 0.2683 -0.87705 -0.39849
vn 0.50169 -0.43942 -0.74513
vn 0.50169 0.43942 -0.74513
vn 0.26831 0.87704 -0.39851
vn 0.0811 0.9894 -0.12046
vn -0.0811 0.9894 0.12046
vn -0.26831 0.87704 0.39851
vn -0.73172 -0.45427 0.50815
vn -0.38206 -0.88523 0.26532
vn 0.11452 -0.99023 -0.07953
vn 0.38206 -0.88523 -0.26533
vn 0.73172 -0.45428 -0.50815
vn 0.73172 0.45428 -0.50815
vn 0.11452 0.99023 -0.07953
vn -0.11452 0.99023 0.07953
vn -0.38208 0.88522 0.26534
vn -0.73172 0.45427 0.50815
vn -0.86636 -0.46522 0.18164
vn -0.44454 -0.8909 0.0932
vn -0.13248 -0.9908 0.02778
vn 0.44454 -0.8909 -0.0932
vn 0.86636 -0.46522 -0.18164
vn 0.86636 0.46522 -0.18164
vn 0.44457 0.89088 -0.09321
vn 0.13248 0.9908 -0.02778
vn -0.13248 0.9908 0.02778
vn -0.44457 0.89088 0.09321
vn -0.86636 0.46522 0.18164
vn -0 -1 -0
vn 1E-05 1 -0
vt 1 0.5
vt 0.96875 0.5
vt 0.96875 0
vt 1 0
vt 0.9375 0.5
vt 0.9375 0
vt 0.90625 0.5
vt 0.90625 0
vt 0.875 0.5
vt 0.875 0
vt 0.84375 0.5
vt 0.84375 0
vt 0.8125 0.5
vt 0.8125 0
vt 0.78125 0.5
vt 0.78125 0
vt 0.75 0.5
vt 0.75 0
vt 0.71875 0.5
vt 0.71875 0
vt 0.6875 0.5
vt 0.6875 0
vt 0.65625 0.5
vt 0.65625 0
vt 0.625 0.5
vt 0.625 0
vt 0.59375 0.5
vt 0.59375 0
vt 0.5625 0.5
vt 0.5625 0
vt 0.53125 0.5
vt 0.53125 0
vt 0.5 0.5
vt 0.5 0
vt 0.46875 0.5
vt 0.46875 0
vt 0.4375 0.5
vt 0.4375 0
vt 0.40625 0.5
vt 0.40625 0
vt 0.375 0.5
vt 0.375 0
vt 0.34375 0.5
vt 0.34375 0
vt 0.3125 0.5
vt 0.3125 0
vt 0.28125 0.5
vt 0.28125 0
vt 0.25 0.5
vt 0.25 0
vt 0.21875 0.5
vt 0.21875 0
vt 0.1875 0.5
vt 0.1875 0
vt 0.15625 0.5
vt 0.15625 0
vt 0.125 0.5
vt 0.125 0
vt 0.09375 0.5
vt 0.09375 0
vt 0.0625 0.5
vt 0.0625 0
vt 0.03125 0.5
vt 0.03125 0
vt 0 0.5
vt 0 0
vt 0.52941 0.5
vt 0.52941 0.41667
vt 0.58824 0.41667
vt 0.58824 0.5
vt 0.52941 0.33333
vt 0.58824 0.33333
vt 0.52941 0.25
vt 0.58824 0.25
vt 0.52941 0.16667
vt 0.58824 0.16667
vt 0.52941 0.08333
vt 0.58824 0.08333
vt 0.52941 0
vt 0.58824 0
vt 0.52941 1
vt 0.52941 0.91667
vt 0.58824 0.91667
vt 0.58824 1
vt 0.52941 0.83333
vt 0.58824 0.83333
vt 0.52941 0.75
vt 0.58824 0.75
vt 0.52941 0.66667
vt 0.58824 0.66667
vt 0.52941 0.58333
vt 0.58824 0.58333
vt 0.64706 0.41667
vt 0.64706 0.5
vt 0.64706 0.33333
vt 0.64706 0.25
vt 0.64706 0.16667
vt 0.64706 0.08333
vt 0.64706 0
vt 0.64706 0.91667
vt 0.64706 1
vt 0.64706 0.83333
vt 0.64706 0.75
vt 0.64706 0.66667
vt 0.64706 0.58333
vt 0.70588 0.41667
vt 0.70588 0.5
vt 0.70588 0.33333
vt 0.70588 0.25
vt 0.70588 0.16667
vt 0.70588 0.08333
vt 0.70588 0
vt 0.70588 0.91667
vt 0.70588 1
vt 0.70588 0.83333
vt 0.70588 0.75
vt 0.70588 0.66667
vt 0.70588 0.58333
vt 0.76471 0.41667
vt 0.76471 0.5
vt 0.76471 0.33333
vt 0.76471 0.25
vt 0.76471 0.16667
vt 0.76471 0.08333
vt 0.76471 0
vt 0.76471 0.91667
vt 0.76471 1
vt 0.76471 0.83333
vt 0.76471 0.75
vt 0.76471 0.66667
vt 0.76471 0.58333
vt 0.82353 0.41667
vt 0.82353 0.5
vt 0.82353 0.33333
vt 0.82353 0.25
vt 0.82353 0.16667
vt 0.82353 0.08333
vt 0.82353 0
vt 0.82353 0.91667
vt 0.82353 1
vt 0.82353 0.83333
vt 0.82353 0.75
vt 0.82353 0.66667
vt 0.82353 0.58333
vt 0.88235 0.41667
vt 0.88235 0.5
vt 0.88235 0.33333
vt 0.88235 0.25
vt 0.88235 0.16667
vt 0.88235 0.08333
vt 0.88235 0
vt 0.88235 0.91667
vt 0.88235 1
vt 0.88235 0.83333
vt 0.88235 0.75
vt 0.88235 0.66667
vt 0.88235 0.58333
vt 0.94118 0.41667
vt 0.94118 0.5
vt 0.94118 0.33333
vt 0.94118 0.25
vt 0.94118 0.16667
vt 0.94118 0.08333
vt 0.94118 0
vt 0.94118 0.91667
vt 0.94118 1
vt 0.94118 0.83333
vt 0.94118 0.75
vt 0.94118 0.66667
vt 0.94118 0.58333
vt 1 0.41667
vt 1 0.33333
vt 1 0.25
vt 1 0.16667
vt 1 0.08333
vt 1 0.91667
vt 1 1
vt 1 0.83333
vt 1 0.75
vt 1 0.66667
vt 1 0.58333
vt 0 0.41667
vt 0.05882 0.41667
vt 0.05882 0.5
vt 0 0.33333
vt 0.05882 0.33333
vt 0 0.25
vt 0.05882 0.25
vt 0 0.16667
vt 0.05882 0.16667
vt 0 0.08333
vt 0.05882 0.08333
vt 0.05882 0
vt 0 1
vt 0 0.91667
vt 0.05882 0.91667
vt 0.05882 1
vt 0 0.83333
vt 0.05882 0.83333
vt 0 0.75
vt 0.05882 0.75
vt 0 0.66667
vt 0.05882 0.66667
vt 0 0.58333
vt 0.05882 0.58333
vt 0.11765 0.41667
vt 0.11765 0.5
vt 0.11765 0.33333
vt 0.11765 0.25
vt 0.11765 0.16667
vt 0.11765 0.08333
vt 0.11765 0
vt 0.11765 0.91667
vt 0.11765 1
vt 0.11765 0.83333
vt 0.11765 0.75
vt 0.11765 0.66667
vt 0.11765 0.58333
vt 0.17647 0.41667
vt 0.17647 0.5
vt 0.17647 0.33333
vt 0.17647 0.25
vt 0.17647 0.16667
vt 0.17647 0.08333
vt 0.17647 0
vt 0.17647 0.91667
vt 0.17647 1
vt 0.17647 0.83333
vt 0.17647 0.75
vt 0.17647 0.66667
vt 0.17647 0.58333
vt 0.23529 0.41667
vt 0.23529 0.5
vt 0.23529 0.33333
vt 0.23529 0.25
vt 0.23529 0.16667
vt 0.23529 0.08333
vt 0.23529 0
vt 0.23529 0.91667
vt 0.23529 1
vt 0.23529 0.83333
vt 0.23529 0.75
vt 0.23529 0.66667
vt 0.23529 0.58333
vt 0.29412 0.41667
vt 0.29412 0.5
vt 0.29412 0.33333
vt 0.29412 0.25
vt 0.29412 0.16667
vt 0.29412 0.08333
vt 0.29412 0
vt 0.29412 0.91667
vt 0.29412 1
vt 0.29412 0.83333
vt 0.29412 0.75
vt 0.29412 0.66667
vt 0.29412 0.58333
vt 0.35294 0.41667
vt 0.35294 0.5
vt 0.35294 0.33333
vt 0.35294 0.25
vt 0.35294 0.16667
vt 0.35294 0.08333
vt 0.35294 0
vt 0.35294 0.91667
vt 0.35294 1
vt 0.35294 0.83333
vt 0.35294 0.75
vt 0.35294 0.66667
vt 0.35294 0.58333
vt 0.41176 0.41667
vt 0.41176 0.5
vt 0.41176 0.33333
vt 0.41176 0.25
vt 0.41176 0.16667
vt 0.41176 0.08333
vt 0.41176 0
vt 0.41176 0.91667
vt 0.41176 1
vt 0.41176 0.83333
vt 0.41176 0.75
vt 0.41176 0.66667
vt 0.41176 0.58333
vt 0.47059 0.41667
vt 0.47059 0.5
vt 0.47059 0.33333
vt 0.47059 0.25
vt 0.47059 0.16667
vt 0.47059 0.08333
vt 0.47059 0
vt 0.47059 0.91667
vt 0.47059 1
vt 0.47059 0.83333
vt 0.47059 0.75
vt 0.47059 0.66667
vt 0.47059 0.58333
vt 0.29682 0.51461
vt 0.20318 0.51461
vt 0.25 0.51
vt 0.15816 0.52827
vt 0.34184 0.52827
vt 0.11666 0.55045
vt 0.38334 0.55045
vt 0.41971 0.58029
vt 0.08029 0.58029
vt 0.44955 0.61666
vt 0.05045 0.61666
vt 0.47173 0.65816
vt 0.02827 0.65816
vt 0.01461 0.70318
vt 0.48539 0.70318
vt 0.01 0.75
vt 0.49 0.75
vt 0.01461 0.79682
vt 0.48539 0.79682
vt 0.47173 0.84184
vt 0.02827 0.84184
vt 0.44955 0.88334
vt 0.05045 0.88334
vt 0.41971 0.91971
vt 0.08029 0.91971
vt 0.38334 0.94955
vt 0.11666 0.94955
vt 0.34184 0.97173
vt 0.15816 0.97173
vt 0.29682 0.98539
vt 0.20318 0.98539
vt 0.25 0.99
vt 0.70318 0.51461
vt 0.79682 0.51461
vt 0.75 0.51
vt 0.84184 0.52827
vt 0.65816 0.52827
vt 0.61666 0.55045
vt 0.88334 0.55045
vt 0.58029 0.58029
vt 0.91971 0.58029
vt 0.55045 0.61666
vt 0.94955 0.61666
vt 0.97173 0.65816
vt 0.52827 0.65816
vt 0.51461 0.70318
vt 0.98539 0.70318
vt 0.51 0.75
vt 0.99 0.75
vt 0.51461 0.79682
vt 0.98539 0.79682
vt 0.52827 0.84184
vt 0.97173 0.84184
vt 0.94955 0.88334
vt 0.55045 0.88334
vt 0.91971 0.91971
vt 0.58029 0.91971
vt 0.61666 0.94955
vt 0.88334 0.94955
vt 0.65816 0.97173
vt 0.84184 0.97173
vt 0.70318 0.98539
vt 0.79682 0.98539
vt 0.75 0.99
usemtl mat15
f 2576/1453/760 2577/1454/760 2578/1455/760
f 2576/1453/760 2578/1455/760 2579/1456/760
f 2577/1454/761 2580/1457/761 2581/1458/761
f 2577/1454/761 2581/1458/761 2578/1455/761
f 2580/1457/762 2582/1459/762 2583/1460/762
f 2580/1457/762 2583/1460/762 2581/1458/762
f 2582/1459/763 2584/1461/763 2585/1462/763
f 2582/1459/763 2585/1462/763 2583/1460/763
f 2584/1461/764 2586/1463/764 2587/1464/764
f 2584/1461/764 2587/1464/764 2585/1462/764
f 2586/1463/765 2588/1465/765 2589/1466/765
f 2586/1463/765 2589/1466/765 2587/1464/765
f 2588/1465/766 2590/1467/766 2591/1468/766
f 2588/1465/766 2591/1468/766 2589/1466/766
f 2590/1467/767 2592/1469/767 2593/1470/767
f 2590/1467/767 2593/1470/767 2591/1468/767
f 2592/1469/768 2594/1471/768 2595/1472/768
f 2592/1469/768 2595/1472/768 2593/1470/768
f 2594/1471/769 2596/1473/769 2597/1474/769
f 2594/1471/769 2597/1474/769 2595/1472/769
f 2596/1473/770 2598/1475/770 2599/1476/770
f 2596/1473/770 2599/1476/770 2597/1474/770
f 2598/1475/771 2600/1477/771 2601/1478/771
f 2598/1475/771 2601/1478/771 2599/1476/771
f 2600/1477/772 2602/1479/772 2603/1480/772
f 2600/1477/772 2603/1480/772 2601/1478/772
f 2602/1479/773 2604/1481/773 2605/1482/773
f 2602/1479/773 2605/1482/773 2603/1480/773
f 2604/1481/774 2606/1483/774 2607/1484/774
f 2604/1481/774 2607/1484/774 2605/1482/774
f 2606/1483/775 2608/1485/775 2609/1486/775
f 2606/1483/775 2609/1486/775 2607/1484/775
f 2608/1485/776 2610/1487/776 2611/1488/776
f 2608/1485/776 2611/1488/776 2609/1486/776
f 2610/1487/777 2612/1489/777 2613/1490/777
f 2610/1487/777 2613/1490/777 2611/1488/777
f 2612/1489/778 2614/1491/778 2615/1492/778
f 2612/1489/778 2615/1492/778 2613/1490/778
f 2614/1491/779 2616/1493/779 2617/1494/779
f 2614/1491/779 2617/1494/779 2615/1492/779
f 2616/1493/780 2618/1495/780 2619/1496/780
f 2616/1493/780 2619/1496/780 2617/1494/780
f 2618/1495/781 2620/1497/781 2621/1498/781
f 2618/1495/781 2621/1498/781 2619/1496/781
f 2620/1497/782 2622/1499/782 2623/1500/782
f 2620/1497/782 2623/1500/782 2621/1498/782
f 2622/1499/783 2624/1501/783 2625/1502/783
f 2622/1499/783 2625/1502/783 2623/1500/783
f 2624/1501/784 2626/1503/784 2627/1504/784
f 2624/1501/784 2627/1504/784 2625/1502/784
f 2626/1503/785 2628/1505/785 2629/1506/785
f 2626/1503/785 2629/1506/785 2627/1504/785
f 2628/1505/786 2630/1507/786 2631/1508/786
f 2628/1505/786 2631/1508/786 2629/1506/786
f 2630/1507/787 2632/1509/787 2633/1510/787
f 2630/1507/787 2633/1510/787 2631/1508/787
f 2632/1509/788 2634/1511/788 2635/1512/788
f 2632/1509/788 2635/1512/788 2633/1510/788
f 2634/1511/789 2636/1513/789 2637/1514/789
f 2634/1511/789 2637/1514/789 2635/1512/789
f 2636/1513/790 2638/1515/790 2639/1516/790
f 2636/1513/790 2639/1516/790 2637/1514/790
f 2638/1515/791 2640/1517/791 2641/1518/791
f 2638/1515/791 2641/1518/791 2639/1516/791
f 2608/1485/792 2642/1485/792 2643/1487/792
f 2608/1485/792 2643/1487/792 2610/1487/792
f 2644/1493/793 2645/1493/793 2646/1495/793
f 2644/1493/793 2646/1495/793 2647/1495/793
f 2626/1503/794 2648/1503/794 2649/1505/794
f 2626/1503/794 2649/1505/794 2628/1505/794
f 2582/1459/795 2650/1459/795 2651/1461/795
f 2582/1459/795 2651/1461/795 2584/1461/795
f 2600/1477/796 2652/1477/796 2653/1479/796
f 2600/1477/796 2653/1479/796 2602/1479/796
f 2618/1495/797 2647/1495/797 2654/1497/797
f 2618/1495/797 2654/1497/797 2620/1497/797
f 2636/1513/798 2655/1513/798 2656/1515/798
f 2636/1513/798 2656/1515/798 2638/1515/798
f 2592/1469/799 2657/1469/799 2658/1471/799
f 2592/1469/799 2658/1471/799 2594/1471/799
f 2610/1487/800 2643/1487/800 2659/1489/800
f 2610/1487/800 2659/1489/800 2612/1489/800
f 2628/1505/801 2649/1505/801 2660/1507/801
f 2628/1505/801 2660/1507/801 2630/1507/801
f 2584/1461/802 2651/1461/802 2661/1463/802
f 2584/1461/802 2661/1463/802 2586/1463/802
f 2602/1479/803 2653/1479/803 2662/1481/803
f 2602/1479/803 2662/1481/803 2604/1481/803
f 2620/1497/804 2654/1497/804 2663/1499/804
f 2620/1497/804 2663/1499/804 2622/1499/804
f 2576/1453/805 2664/1453/805 2665/1454/805
f 2576/1453/805 2665/1454/805 2577/1454/805
f 2638/1515/806 2656/1515/806 2666/1517/806
f 2638/1515/806 2666/1517/806 2640/1517/806
f 2594/1471/807 2658/1471/807 2667/1473/807
f 2594/1471/807 2667/1473/807 2596/1473/807
f 2612/1489/808 2659/1489/808 2668/1491/808
f 2612/1489/808 2668/1491/808 2614/1491/808
f 2630/1507/809 2660/1507/809 2669/1509/809
f 2630/1507/809 2669/1509/809 2632/1509/809
f 2586/1463/810 2661/1463/810 2670/1465/810
f 2586/1463/810 2670/1465/810 2588/1465/810
f 2604/1481/811 2662/1481/811 2671/1483/811
f 2604/1481/811 2671/1483/811 2606/1483/811
f 2622/1499/812 2663/1499/812 2672/1501/812
f 2622/1499/812 2672/1501/812 2624/1501/812
f 2577/1454/813 2665/1454/813 2673/1457/813
f 2577/1454/813 2673/1457/813 2580/1457/813
f 2596/1473/814 2667/1473/814 2674/1475/814
f 2596/1473/814 2674/1475/814 2598/1475/814
f 2614/1491/815 2668/1491/815 2644/1493/815
f 2614/1491/815 2644/1493/815 2616/1493/815
f 2632/1509/816 2669/1509/816 2675/1511/816
f 2632/1509/816 2675/1511/816 2634/1511/816
f 2588/1465/817 2670/1465/817 2676/1467/817
f 2588/1465/817 2676/1467/817 2590/1467/817
f 2606/1483/818 2671/1483/818 2642/1485/818
f 2606/1483/818 2642/1485/818 2608/1485/818
f 2624/1501/819 2672/1501/819 2648/1503/819
f 2624/1501/819 2648/1503/819 2626/1503/819
f 2580/1457/820 2673/1457/820 2650/1459/820
f 2580/1457/820 2650/1459/820 2582/1459/820
f 2598/1475/821 2674/1475/821 2652/1477/821
f 2598/1475/821 2652/1477/821 2600/1477/821
f 2616/1493/822 2644/1493/822 2647/1495/822
f 2616/1493/822 2647/1495/822 2618/1495/822
f 2634/1511/823 2675/1511/823 2655/1513/823
f 2634/1511/823 2655/1513/823 2636/1513/823
f 2590/1467/824 2676/1467/824 2657/1469/824
f 2590/1467/824 2657/1469/824 2592/1469/824
f 2677/1499/825 2678/1499/825 2679/1501/825
f 2677/1499/825 2679/1501/825 2680/1501/825
f 2676/1467/826 2681/1467/826 2682/1469/826
f 2676/1467/826 2682/1469/826 2657/1469/826
f 2647/1495/827 2646/1495/827 2683/1497/827
f 2647/1495/827 2683/1497/827 2654/1497/827
f 2657/1469/828 2682/1469/828 2684/1471/828
f 2657/1469/828 2684/1471/828 2658/1471/828
f 2654/1497/829 2683/1497/829 2677/1499/829
f 2654/1497/829 2677/1499/829 2663/1499/829
f 2658/1471/830 2684/1471/830 2685/1473/830
f 2658/1471/830 2685/1473/830 2667/1473/830
f 2663/1499/831 2677/1499/831 2680/1501/831
f 2663/1499/831 2680/1501/831 2672/1501/831
f 2667/1473/832 2685/1473/832 2686/1475/832
f 2667/1473/832 2686/1475/832 2674/1475/832
f 2672/1501/833 2680/1501/833 2687/1503/833
f 2672/1501/833 2687/1503/833 2648/1503/833
f 2674/1475/834 2686/1475/834 2688/1477/834
f 2674/1475/834 2688/1477/834 2652/1477/834
f 2648/1503/835 2687/1503/835 2689/1505/835
f 2648/1503/835 2689/1505/835 2649/1505/835
f 2652/1477/836 2688/1477/836 2690/1479/836
f 2652/1477/836 2690/1479/836 2653/1479/836
f 2649/1505/837 2689/1505/837 2691/1507/837
f 2649/1505/837 2691/1507/837 2660/1507/837
f 2653/1479/838 2690/1479/838 2692/1481/838
f 2653/1479/838 2692/1481/838 2662/1481/838
f 2664/1453/839 2693/1453/839 2694/1454/839
f 2664/1453/839 2694/1454/839 2665/1454/839
f 2660/1507/840 2691/1507/840 2695/1509/840
f 2660/1507/840 2695/1509/840 2669/1509/840
f 2662/1481/841 2692/1481/841 2696/1483/841
f 2662/1481/841 2696/1483/841 2671/1483/841
f 2665/1454/842 2694/1454/842 2697/1457/842
f 2665/1454/842 2697/1457/842 2673/1457/842
f 2669/1509/843 2695/1509/843 2698/1511/843
f 2669/1509/843 2698/1511/843 2675/1511/843
f 2671/1483/844 2696/1483/844 2699/1485/844
f 2671/1483/844 2699/1485/844 2642/1485/844
f 2673/1457/845 2697/1457/845 2700/1459/845
f 2673/1457/845 2700/1459/845 2650/1459/845
f 2675/1511/846 2698/1511/846 2701/1513/846
f 2675/1511/846 2701/1513/846 2655/1513/846
f 2642/1485/847 2699/1485/847 2702/1487/847
f 2642/1485/847 2702/1487/847 2643/1487/847
f 2650/1459/848 2700/1459/848 2703/1461/848
f 2650/1459/848 2703/1461/848 2651/1461/848
f 2655/1513/849 2701/1513/849 2704/1515/849
f 2655/1513/849 2704/1515/849 2656/1515/849
f 2643/1487/850 2702/1487/850 2705/1489/850
f 2643/1487/850 2705/1489/850 2659/1489/850
f 2651/1461/851 2703/1461/851 2706/1463/851
f 2651/1461/851 2706/1463/851 2661/1463/851
f 2656/1515/852 2704/1515/852 2707/1517/852
f 2656/1515/852 2707/1517/852 2666/1517/852
f 2659/1489/853 2705/1489/853 2708/1491/853
f 2659/1489/853 2708/1491/853 2668/1491/853
f 2661/1463/854 2706/1463/854 2709/1465/854
f 2661/1463/854 2709/1465/854 2670/1465/854
f 2668/1491/855 2708/1491/855 2645/1493/855
f 2668/1491/855 2645/1493/855 2644/1493/855
f 2670/1465/856 2709/1465/856 2681/1467/856
f 2670/1465/856 2681/1467/856 2676/1467/856
f 2710/1505/857 2711/1505/857 2712/1507/857
f 2710/1505/857 2712/1507/857 2713/1507/857
f 2685/1473/858 2714/1473/858 2715/1475/858
f 2685/1473/858 2715/1475/858 2686/1475/858
f 2680/1501/859 2679/1501/859 2716/1503/859
f 2680/1501/859 2716/1503/859 2687/1503/859
f 2686/1475/860 2715/1475/860 2717/1477/860
f 2686/1475/860 2717/1477/860 2688/1477/860
f 2687/1503/861 2716/1503/861 2710/1505/861
f 2687/1503/861 2710/1505/861 2689/1505/861
f 2688/1477/862 2717/1477/862 2718/1479/862
f 2688/1477/862 2718/1479/862 2690/1479/862
f 2689/1505/863 2710/1505/863 2713/1507/863
f 2689/1505/863 2713/1507/863 2691/1507/863
f 2690/1479/864 2718/1479/864 2719/1481/864
f 2690/1479/864 2719/1481/864 2692/1481/864
f 2693/1453/865 2720/1453/865 2721/1454/865
f 2693/1453/865 2721/1454/865 2694/1454/865
f 2691/1507/866 2713/1507/866 2722/1509/866
f 2691/1507/866 2722/1509/866 2695/1509/866
f 2692/1481/867 2719/1481/867 2723/1483/867
f 2692/1481/867 2723/1483/867 2696/1483/867
f 2694/1454/868 2721/1454/868 2724/1457/868
f 2694/1454/868 2724/1457/868 2697/1457/868
f 2695/1509/869 2722/1509/869 2725/1511/869
f 2695/1509/869 2725/1511/869 2698/1511/869
f 2696/1483/870 2723/1483/870 2726/1485/870
f 2696/1483/870 2726/1485/870 2699/1485/870
f 2697/1457/871 2724/1457/871 2727/1459/871
f 2697/1457/871 2727/1459/871 2700/1459/871
f 2698/1511/872 2725/1511/872 2728/1513/872
f 2698/1511/872 2728/1513/872 2701/1513/872
f 2699/1485/873 2726/1485/873 2729/1487/873
f 2699/1485/873 2729/1487/873 2702/1487/873
f 2700/1459/874 2727/1459/874 2730/1461/874
f 2700/1459/874 2730/1461/874 2703/1461/874
f 2701/1513/875 2728/1513/875 2731/1515/875
f 2701/1513/875 2731/1515/875 2704/1515/875
f 2702/1487/876 2729/1487/876 2732/1489/876
f 2702/1487/876 2732/1489/876 2705/1489/876
f 2703/1461/877 2730/1461/877 2733/1463/877
f 2703/1461/877 2733/1463/877 2706/1463/877
f 2704/1515/878 2731/1515/878 2734/1517/878
f 2704/1515/878 2734/1517/878 2707/1517/878
f 2705/1489/879 2732/1489/879 2735/1491/879
f 2705/1489/879 2735/1491/879 2708/1491/879
f 2706/1463/880 2733/1463/880 2736/1465/880
f 2706/1463/880 2736/1465/880 2709/1465/880
f 2708/1491/881 2735/1491/881 2737/1493/881
f 2708/1491/881 2737/1493/881 2645/1493/881
f 2709/1465/882 2736/1465/882 2738/1467/882
f 2709/1465/882 2738/1467/882 2681/1467/882
f 2645/1493/883 2737/1493/883 2739/1495/883
f 2645/1493/883 2739/1495/883 2646/1495/883
f 2681/1467/884 2738/1467/884 2740/1469/884
f 2681/1467/884 2740/1469/884 2682/1469/884
f 2646/1495/885 2739/1495/885 2741/1497/885
f 2646/1495/885 2741/1497/885 2683/1497/885
f 2682/1469/886 2740/1469/886 2742/1471/886
f 2682/1469/886 2742/1471/886 2684/1471/886
f 2683/1497/887 2741/1497/887 2678/1499/887
f 2683/1497/887 2678/1499/887 2677/1499/887
f 2684/1471/888 2742/1471/888 2714/1473/888
f 2684/1471/888 2714/1473/888 2685/1473/888
f 2743/1511/889 2744/1511/889 2745/1513/889
f 2743/1511/889 2745/1513/889 2746/1513/889
f 2718/1479/857 2747/1479/857 2748/1481/857
f 2718/1479/857 2748/1481/857 2719/1481/857
f 2720/1453/857 2749/1453/857 2750/1454/857
f 2720/1453/857 2750/1454/857 2721/1454/857
f 2713/1507/857 2712/1507/857 2751/1509/857
f 2713/1507/857 2751/1509/857 2722/1509/857
f 2719/1481/857 2748/1481/857 2752/1483/857
f 2719/1481/857 2752/1483/857 2723/1483/857
f 2721/1454/857 2750/1454/857 2753/1457/857
f 2721/1454/857 2753/1457/857 2724/1457/857
f 2722/1509/857 2751/1509/857 2743/1511/857
f 2722/1509/857 2743/1511/857 2725/1511/857
f 2723/1483/857 2752/1483/857 2754/1485/857
f 2723/1483/857 2754/1485/857 2726/1485/857
f 2724/1457/857 2753/1457/857 2755/1459/857
f 2724/1457/857 2755/1459/857 2727/1459/857
f 2725/1511/857 2743/1511/857 2746/1513/857
f 2725/1511/857 2746/1513/857 2728/1513/857
f 2726/1485/857 2754/1485/857 2756/1487/857
f 2726/1485/857 2756/1487/857 2729/1487/857
f 2727/1459/857 2755/1459/857 2757/1461/857
f 2727/1459/857 2757/1461/857 2730/1461/857
f 2728/1513/857 2746/1513/857 2758/1515/857
f 2728/1513/857 2758/1515/857 2731/1515/857
f 2729/1487/857 2756/1487/857 2759/1489/857
f 2729/1487/857 2759/1489/857 2732/1489/857
f 2730/1461/857 2757/1461/857 2760/1463/857
f 2730/1461/857 2760/1463/857 2733/1463/857
f 2731/1515/857 2758/1515/857 2761/1517/857
f 2731/1515/857 2761/1517/857 2734/1517/857
f 2732/1489/857 2759/1489/857 2762/1491/857
f 2732/1489/857 2762/1491/857 2735/1491/857
f 2733/1463/857 2760/1463/857 2763/1465/857
f 2733/1463/857 2763/1465/857 2736/1465/857
f 2735/1491/857 2762/1491/857 2764/1493/857
f 2735/1491/857 2764/1493/857 2737/1493/857
f 2736/1465/857 2763/1465/857 2765/1467/857
f 2736/1465/857 2765/1467/857 2738/1467/857
f 2737/1493/857 2764/1493/857 2766/1495/857
f 2737/1493/857 2766/1495/857 2739/1495/857
f 2738/1467/857 2765/1467/857 2767/1469/857
f 2738/1467/857 2767/1469/857 2740/1469/857
f 2739/1495/857 2766/1495/857 2768/1497/857
f 2739/1495/857 2768/1497/857 2741/1497/857
f 2740/1469/857 2767/1469/857 2769/1471/857
f 2740/1469/857 2769/1471/857 2742/1471/857
f 2741/1497/857 2768/1497/857 2770/1499/857
f 2741/1497/857 2770/1499/857 2678/1499/857
f 2742/1471/857 2769/1471/857 2771/1473/857
f 2742/1471/857 2771/1473/857 2714/1473/857
f 2678/1499/857 2770/1499/857 2772/1501/857
f 2678/1499/857 2772/1501/857 2679/1501/857
f 2714/1473/857 2771/1473/857 2773/1475/857
f 2714/1473/857 2773/1475/857 2715/1475/857
f 2679/1501/857 2772/1501/857 2774/1503/857
f 2679/1501/857 2774/1503/857 2716/1503/857
f 2715/1475/857 2773/1475/857 2775/1477/857
f 2715/1475/857 2775/1477/857 2717/1477/857
f 2716/1503/857 2774/1503/857 2711/1505/857
f 2716/1503/857 2711/1505/857 2710/1505/857
f 2717/1477/857 2775/1477/857 2747/1479/857
f 2717/1477/857 2747/1479/857 2718/1479/857
f 2776/1491/890 2777/1491/890 2778/1493/890
f 2776/1491/890 2778/1493/890 2779/1493/890
f 2754/1485/891 2780/1485/891 2781/1487/891
f 2754/1485/891 2781/1487/891 2756/1487/891
f 2755/1459/892 2782/1459/892 2783/1461/892
f 2755/1459/892 2783/1461/892 2757/1461/892
f 2746/1513/893 2745/1513/893 2784/1515/893
f 2746/1513/893 2784/1515/893 2758/1515/893
f 2756/1487/894 2781/1487/894 2785/1489/894
f 2756/1487/894 2785/1489/894 2759/1489/894
f 2757/1461/895 2783/1461/895 2786/1463/895
f 2757/1461/895 2786/1463/895 2760/1463/895
f 2758/1515/896 2784/1515/896 2787/1517/896
f 2758/1515/896 2787/1517/896 2761/1517/896
f 2759/1489/897 2785/1489/897 2776/1491/897
f 2759/1489/897 2776/1491/897 2762/1491/897
f 2760/1463/898 2786/1463/898 2788/1465/898
f 2760/1463/898 2788/1465/898 2763/1465/898
f 2762/1491/899 2776/1491/899 2779/1493/899
f 2762/1491/899 2779/1493/899 2764/1493/899
f 2763/1465/900 2788/1465/900 2789/1467/900
f 2763/1465/900 2789/1467/900 2765/1467/900
f 2764/1493/901 2779/1493/901 2790/1495/901
f 2764/1493/901 2790/1495/901 2766/1495/901
f 2765/1467/902 2789/1467/902 2791/1469/902
f 2765/1467/902 2791/1469/902 2767/1469/902
f 2766/1495/903 2790/1495/903 2792/1497/903
f 2766/1495/903 2792/1497/903 2768/1497/903
f 2767/1469/904 2791/1469/904 2793/1471/904
f 2767/1469/904 2793/1471/904 2769/1471/904
f 2768/1497/905 2792/1497/905 2794/1499/905
f 2768/1497/905 2794/1499/905 2770/1499/905
f 2769/1471/906 2793/1471/906 2795/1473/906
f 2769/1471/906 2795/1473/906 2771/1473/906
f 2770/1499/907 2794/1499/907 2796/1501/907
f 2770/1499/907 2796/1501/907 2772/1501/907
f 2771/1473/908 2795/1473/908 2797/1475/908
f 2771/1473/908 2797/1475/908 2773/1475/908
f 2772/1501/909 2796/1501/909 2798/1503/909
f 2772/1501/909 2798/1503/909 2774/1503/909
f 2773/1475/910 2797/1475/910 2799/1477/910
f 2773/1475/910 2799/1477/910 2775/1477/910
f 2774/1503/911 2798/1503/911 2800/1505/911
f 2774/1503/911 2800/1505/911 2711/1505/911
f 2775/1477/912 2799/1477/912 2801/1479/912
f 2775/1477/912 2801/1479/912 2747/1479/912
f 2711/1505/913 2800/1505/913 2802/1507/913
f 2711/1505/913 2802/1507/913 2712/1507/913
f 2747/1479/914 2801/1479/914 2803/1481/914
f 2747/1479/914 2803/1481/914 2748/1481/914
f 2749/1453/915 2804/1453/915 2805/1454/915
f 2749/1453/915 2805/1454/915 2750/1454/915
f 2712/1507/916 2802/1507/916 2806/1509/916
f 2712/1507/916 2806/1509/916 2751/1509/916
f 2748/1481/917 2803/1481/917 2807/1483/917
f 2748/1481/917 2807/1483/917 2752/1483/917
f 2750/1454/918 2805/1454/918 2808/1457/918
f 2750/1454/918 2808/1457/918 2753/1457/918
f 2751/1509/919 2806/1509/919 2744/1511/919
f 2751/1509/919 2744/1511/919 2743/1511/919
f 2752/1483/920 2807/1483/920 2780/1485/920
f 2752/1483/920 2780/1485/920 2754/1485/920
f 2753/1457/921 2808/1457/921 2782/1459/921
f 2753/1457/921 2782/1459/921 2755/1459/921
f 2809/1497/922 2810/1497/922 2811/1499/922
f 2809/1497/922 2811/1499/922 2812/1499/922
f 2788/1465/923 2813/1465/923 2814/1467/923
f 2788/1465/923 2814/1467/923 2789/1467/923
f 2779/1493/924 2778/1493/924 2815/1495/924
f 2779/1493/924 2815/1495/924 2790/1495/924
f 2789/1467/925 2814/1467/925 2816/1469/925
f 2789/1467/925 2816/1469/925 2791/1469/925
f 2790/1495/926 2815/1495/926 2809/1497/926
f 2790/1495/926 2809/1497/926 2792/1497/926
f 2791/1469/927 2816/1469/927 2817/1471/927
f 2791/1469/927 2817/1471/927 2793/1471/927
f 2792/1497/928 2809/1497/928 2812/1499/928
f 2792/1497/928 2812/1499/928 2794/1499/928
f 2793/1471/929 2817/1471/929 2818/1473/929
f 2793/1471/929 2818/1473/929 2795/1473/929
f 2794/1499/930 2812/1499/930 2819/1501/930
f 2794/1499/930 2819/1501/930 2796/1501/930
f 2795/1473/931 2818/1473/931 2820/1475/931
f 2795/1473/931 2820/1475/931 2797/1475/931
f 2796/1501/932 2819/1501/932 2821/1503/932
f 2796/1501/932 2821/1503/932 2798/1503/932
f 2797/1475/933 2820/1475/933 2822/1477/933
f 2797/1475/933 2822/1477/933 2799/1477/933
f 2798/1503/934 2821/1503/934 2823/1505/934
f 2798/1503/934 2823/1505/934 2800/1505/934
f 2799/1477/935 2822/1477/935 2824/1479/935
f 2799/1477/935 2824/1479/935 2801/1479/935
f 2800/1505/936 2823/1505/936 2825/1507/936
f 2800/1505/936 2825/1507/936 2802/1507/936
f 2801/1479/937 2824/1479/937 2826/1481/937
f 2801/1479/937 2826/1481/937 2803/1481/937
f 2804/1453/938 2827/1453/938 2828/1454/938
f 2804/1453/938 2828/1454/938 2805/1454/938
f 2802/1507/939 2825/1507/939 2829/1509/939
f 2802/1507/939 2829/1509/939 2806/1509/939
f 2803/1481/940 2826/1481/940 2830/1483/940
f 2803/1481/940 2830/1483/940 2807/1483/940
f 2805/1454/941 2828/1454/941 2831/1457/941
f 2805/1454/941 2831/1457/941 2808/1457/941
f 2806/1509/942 2829/1509/942 2832/1511/942
f 2806/1509/942 2832/1511/942 2744/1511/942
f 2807/1483/943 2830/1483/943 2833/1485/943
f 2807/1483/943 2833/1485/943 2780/1485/943
f 2808/1457/944 2831/1457/944 2834/1459/944
f 2808/1457/944 2834/1459/944 2782/1459/944
f 2744/1511/945 2832/1511/945 2835/1513/945
f 2744/1511/945 2835/1513/945 2745/1513/945
f 2780/1485/946 2833/1485/946 2836/1487/946
f 2780/1485/946 2836/1487/946 2781/1487/946
f 2782/1459/947 2834/1459/947 2837/1461/947
f 2782/1459/947 2837/1461/947 2783/1461/947
f 2745/1513/948 2835/1513/948 2838/1515/948
f 2745/1513/948 2838/1515/948 2784/1515/948
f 2781/1487/949 2836/1487/949 2839/1489/949
f 2781/1487/949 2839/1489/949 2785/1489/949
f 2783/1461/950 2837/1461/950 2840/1463/950
f 2783/1461/950 2840/1463/950 2786/1463/950
f 2784/1515/951 2838/1515/951 2841/1517/951
f 2784/1515/951 2841/1517/951 2787/1517/951
f 2785/1489/952 2839/1489/952 2777/1491/952
f 2785/1489/952 2777/1491/952 2776/1491/952
f 2786/1463/953 2840/1463/953 2813/1465/953
f 2786/1463/953 2813/1465/953 2788/1465/953
f 2842/1503/857 2843/1503/857 2844/1505/857
f 2842/1503/857 2844/1505/857 2845/1505/857
f 2817/1471/954 2846/1471/954 2847/1473/954
f 2817/1471/954 2847/1473/954 2818/1473/954
f 2812/1499/955 2811/1499/955 2848/1501/955
f 2812/1499/955 2848/1501/955 2819/1501/955
f 2818/1473/956 2847/1473/956 2849/1475/956
f 2818/1473/956 2849/1475/956 2820/1475/956
f 2819/1501/957 2848/1501/957 2842/1503/957
f 2819/1501/957 2842/1503/957 2821/1503/957
f 2820/1475/958 2849/1475/958 2850/1477/958
f 2820/1475/958 2850/1477/958 2822/1477/958
f 2821/1503/959 2842/1503/959 2845/1505/959
f 2821/1503/959 2845/1505/959 2823/1505/959
f 2822/1477/960 2850/1477/960 2851/1479/960
f 2822/1477/960 2851/1479/960 2824/1479/960
f 2823/1505/961 2845/1505/961 2852/1507/961
f 2823/1505/961 2852/1507/961 2825/1507/961
f 2824/1479/962 2851/1479/962 2853/1481/962
f 2824/1479/962 2853/1481/962 2826/1481/962
f 2827/1453/963 2854/1453/963 2855/1454/963
f 2827/1453/963 2855/1454/963 2828/1454/963
f 2825/1507/964 2852/1507/964 2856/1509/964
f 2825/1507/964 2856/1509/964 2829/1509/964
f 2826/1481/965 2853/1481/965 2857/1483/965
f 2826/1481/965 2857/1483/965 2830/1483/965
f 2828/1454/966 2855/1454/966 2858/1457/966
f 2828/1454/966 2858/1457/966 2831/1457/966
f 2829/1509/967 2856/1509/967 2859/1511/967
f 2829/1509/967 2859/1511/967 2832/1511/967
f 2830/1483/968 2857/1483/968 2860/1485/968
f 2830/1483/968 2860/1485/968 2833/1485/968
f 2831/1457/969 2858/1457/969 2861/1459/969
f 2831/1457/969 2861/1459/969 2834/1459/969
f 2832/1511/970 2859/1511/970 2862/1513/970
f 2832/1511/970 2862/1513/970 2835/1513/970
f 2833/1485/971 2860/1485/971 2863/1487/971
f 2833/1485/971 2863/1487/971 2836/1487/971
f 2834/1459/972 2861/1459/972 2864/1461/972
f 2834/1459/972 2864/1461/972 2837/1461/972
f 2835/1513/973 2862/1513/973 2865/1515/973
f 2835/1513/973 2865/1515/973 2838/1515/973
f 2836/1487/974 2863/1487/974 2866/1489/974
f 2836/1487/974 2866/1489/974 2839/1489/974
f 2837/1461/975 2864/1461/975 2867/1463/975
f 2837/1461/975 2867/1463/975 2840/1463/975
f 2838/1515/976 2865/1515/976 2868/1517/976
f 2838/1515/976 2868/1517/976 2841/1517/976
f 2839/1489/977 2866/1489/977 2869/1491/977
f 2839/1489/977 2869/1491/977 2777/1491/977
f 2840/1463/978 2867/1463/978 2870/1465/978
f 2840/1463/978 2870/1465/978 2813/1465/978
f 2777/1491/979 2869/1491/979 2871/1493/979
f 2777/1491/979 2871/1493/979 2778/1493/979
f 2813/1465/980 2870/1465/980 2872/1467/980
f 2813/1465/980 2872/1467/980 2814/1467/980
f 2778/1493/981 2871/1493/981 2873/1495/981
f 2778/1493/981 2873/1495/981 2815/1495/981
f 2814/1467/982 2872/1467/982 2874/1469/982
f 2814/1467/982 2874/1469/982 2816/1469/982
f 2815/1495/983 2873/1495/983 2810/1497/983
f 2815/1495/983 2810/1497/983 2809/1497/983
f 2816/1469/984 2874/1469/984 2846/1471/984
f 2816/1469/984 2846/1471/984 2817/1471/984
f 2875/1454/985 2876/1454/985 2877/1457/985
f 2875/1454/985 2877/1457/985 2878/1457/985
f 2850/1477/857 2879/1477/857 2880/1479/857
f 2850/1477/857 2880/1479/857 2851/1479/857
f 2845/1505/857 2844/1505/857 2881/1507/857
f 2845/1505/857 2881/1507/857 2852/1507/857
f 2851/1479/857 2880/1479/857 2882/1481/857
f 2851/1479/857 2882/1481/857 2853/1481/857
f 2854/1453/857 2883/1453/857 2875/1454/857
f 2854/1453/857 2875/1454/857 2855/1454/857
f 2852/1507/857 2881/1507/857 2884/1509/857
f 2852/1507/857 2884/1509/857 2856/1509/857
f 2853/1481/857 2882/1481/857 2885/1483/857
f 2853/1481/857 2885/1483/857 2857/1483/857
f 2855/1454/857 2875/1454/857 2878/1457/857
f 2855/1454/857 2878/1457/857 2858/1457/857
f 2856/1509/857 2884/1509/857 2886/1511/857
f 2856/1509/857 2886/1511/857 2859/1511/857
f 2857/1483/857 2885/1483/857 2887/1485/857
f 2857/1483/857 2887/1485/857 2860/1485/857
f 2858/1457/857 2878/1457/857 2888/1459/857
f 2858/1457/857 2888/1459/857 2861/1459/857
f 2859/1511/857 2886/1511/857 2889/1513/857
f 2859/1511/857 2889/1513/857 2862/1513/857
f 2860/1485/857 2887/1485/857 2890/1487/857
f 2860/1485/857 2890/1487/857 2863/1487/857
f 2861/1459/857 2888/1459/857 2891/1461/857
f 2861/1459/857 2891/1461/857 2864/1461/857
f 2862/1513/857 2889/1513/857 2892/1515/857
f 2862/1513/857 2892/1515/857 2865/1515/857
f 2863/1487/857 2890/1487/857 2893/1489/857
f 2863/1487/857 2893/1489/857 2866/1489/857
f 2864/1461/857 2891/1461/857 2894/1463/857
f 2864/1461/857 2894/1463/857 2867/1463/857
f 2865/1515/857 2892/1515/857 2895/1517/857
f 2865/1515/857 2895/1517/857 2868/1517/857
f 2866/1489/857 2893/1489/857 2896/1491/857
f 2866/1489/857 2896/1491/857 2869/1491/857
f 2867/1463/857 2894/1463/857 2897/1465/857
f 2867/1463/857 2897/1465/857 2870/1465/857
f 2869/1491/857 2896/1491/857 2898/1493/857
f 2869/1491/857 2898/1493/857 2871/1493/857
f 2870/1465/857 2897/1465/857 2899/1467/857
f 2870/1465/857 2899/1467/857 2872/1467/857
f 2871/1493/857 2898/1493/857 2900/1495/857
f 2871/1493/857 2900/1495/857 2873/1495/857
f 2872/1467/857 2899/1467/857 2901/1469/857
f 2872/1467/857 2901/1469/857 2874/1469/857
f 2873/1495/857 2900/1495/857 2902/1497/857
f 2873/1495/857 2902/1497/857 2810/1497/857
f 2874/1469/857 2901/1469/857 2903/1471/857
f 2874/1469/857 2903/1471/857 2846/1471/857
f 2810/1497/857 2902/1497/857 2904/1499/857
f 2810/1497/857 2904/1499/857 2811/1499/857
f 2846/1471/857 2903/1471/857 2905/1473/857
f 2846/1471/857 2905/1473/857 2847/1473/857
f 2811/1499/857 2904/1499/857 2906/1501/857
f 2811/1499/857 2906/1501/857 2848/1501/857
f 2847/1473/857 2905/1473/857 2907/1475/857
f 2847/1473/857 2907/1475/857 2849/1475/857
f 2848/1501/857 2906/1501/857 2843/1503/857
f 2848/1501/857 2843/1503/857 2842/1503/857
f 2849/1475/857 2907/1475/857 2879/1477/857
f 2849/1475/857 2879/1477/857 2850/1477/857
f 2908/1461/986 2909/1461/986 2910/1463/986
f 2908/1461/986 2910/1463/986 2911/1463/986
f 2884/1509/987 2912/1509/987 2913/1511/987
f 2884/1509/987 2913/1511/987 2886/1511/987
f 2885/1483/988 2914/1483/988 2915/1485/988
f 2885/1483/988 2915/1485/988 2887/1485/988
f 2878/1457/989 2877/1457/989 2916/1459/989
f 2878/1457/989 2916/1459/989 2888/1459/989
f 2886/1511/990 2913/1511/990 2917/1513/990
f 2886/1511/990 2917/1513/990 2889/1513/990
f 2887/1485/991 2915/1485/991 2918/1487/991
f 2887/1485/991 2918/1487/991 2890/1487/991
f 2888/1459/992 2916/1459/992 2908/1461/992
f 2888/1459/992 2908/1461/992 2891/1461/992
f 2889/1513/993 2917/1513/993 2919/1515/993
f 2889/1513/993 2919/1515/993 2892/1515/993
f 2890/1487/994 2918/1487/994 2920/1489/994
f 2890/1487/994 2920/1489/994 2893/1489/994
f 2891/1461/995 2908/1461/995 2911/1463/995
f 2891/1461/995 2911/1463/995 2894/1463/995
f 2892/1515/996 2919/1515/996 2921/1517/996
f 2892/1515/996 2921/1517/996 2895/1517/996
f 2893/1489/997 2920/1489/997 2922/1491/997
f 2893/1489/997 2922/1491/997 2896/1491/997
f 2894/1463/998 2911/1463/998 2923/1465/998
f 2894/1463/998 2923/1465/998 2897/1465/998
f 2896/1491/999 2922/1491/999 2924/1493/999
f 2896/1491/999 2924/1493/999 2898/1493/999
f 2897/1465/1000 2923/1465/1000 2925/1467/1000
f 2897/1465/1000 2925/1467/1000 2899/1467/1000
f 2898/1493/1001 2924/1493/1001 2926/1495/1001
f 2898/1493/1001 2926/1495/1001 2900/1495/1001
f 2899/1467/1002 2925/1467/1002 2927/1469/1002
f 2899/1467/1002 2927/1469/1002 2901/1469/1002
f 2900/1495/1003 2926/1495/1003 2928/1497/1003
f 2900/1495/1003 2928/1497/1003 2902/1497/1003
f 2901/1469/1004 2927/1469/1004 2929/1471/1004
f 2901/1469/1004 2929/1471/1004 2903/1471/1004
f 2902/1497/1005 2928/1497/1005 2930/1499/1005
f 2902/1497/1005 2930/1499/1005 2904/1499/1005
f 2903/1471/1006 2929/1471/1006 2931/1473/1006
f 2903/1471/1006 2931/1473/1006 2905/1473/1006
f 2904/1499/1007 2930/1499/1007 2932/1501/1007
f 2904/1499/1007 2932/1501/1007 2906/1501/1007
f 2905/1473/1008 2931/1473/1008 2933/1475/1008
f 2905/1473/1008 2933/1475/1008 2907/1475/1008
f 2906/1501/1009 2932/1501/1009 2934/1503/1009
f 2906/1501/1009 2934/1503/1009 2843/1503/1009
f 2907/1475/1010 2933/1475/1010 2935/1477/1010
f 2907/1475/1010 2935/1477/1010 2879/1477/1010
f 2843/1503/1011 2934/1503/1011 2936/1505/1011
f 2843/1503/1011 2936/1505/1011 2844/1505/1011
f 2879/1477/1012 2935/1477/1012 2937/1479/1012
f 2879/1477/1012 2937/1479/1012 2880/1479/1012
f 2844/1505/1013 2936/1505/1013 2938/1507/1013
f 2844/1505/1013 2938/1507/1013 2881/1507/1013
f 2880/1479/1014 2937/1479/1014 2939/1481/1014
f 2880/1479/1014 2939/1481/1014 2882/1481/1014
f 2883/1453/1015 2940/1453/1015 2876/1454/1015
f 2883/1453/1015 2876/1454/1015 2875/1454/1015
f 2881/1507/1016 2938/1507/1016 2912/1509/1016
f 2881/1507/1016 2912/1509/1016 2884/1509/1016
f 2882/1481/1017 2939/1481/1017 2914/1483/1017
f 2882/1481/1017 2914/1483/1017 2885/1483/1017
f 2941/1467/1018 2942/1467/1018 2943/1469/1018
f 2941/1467/1018 2943/1469/1018 2944/1469/1018
f 2919/1515/1019 2945/1515/1019 2946/1517/1019
f 2919/1515/1019 2946/1517/1019 2921/1517/1019
f 2920/1489/1020 2947/1489/1020 2948/1491/1020
f 2920/1489/1020 2948/1491/1020 2922/1491/1020
f 2911/1463/1021 2910/1463/1021 2949/1465/1021
f 2911/1463/1021 2949/1465/1021 2923/1465/1021
f 2922/1491/1022 2948/1491/1022 2950/1493/1022
f 2922/1491/1022 2950/1493/1022 2924/1493/1022
f 2923/1465/1023 2949/1465/1023 2941/1467/1023
f 2923/1465/1023 2941/1467/1023 2925/1467/1023
f 2924/1493/1024 2950/1493/1024 2951/1495/1024
f 2924/1493/1024 2951/1495/1024 2926/1495/1024
f 2925/1467/1025 2941/1467/1025 2944/1469/1025
f 2925/1467/1025 2944/1469/1025 2927/1469/1025
f 2926/1495/1026 2951/1495/1026 2952/1497/1026
f 2926/1495/1026 2952/1497/1026 2928/1497/1026
f 2927/1469/1027 2944/1469/1027 2953/1471/1027
f 2927/1469/1027 2953/1471/1027 2929/1471/1027
f 2928/1497/1028 2952/1497/1028 2954/1499/1028
f 2928/1497/1028 2954/1499/1028 2930/1499/1028
f 2929/1471/1029 2953/1471/1029 2955/1473/1029
f 2929/1471/1029 2955/1473/1029 2931/1473/1029
f 2930/1499/1030 2954/1499/1030 2956/1501/1030
f 2930/1499/1030 2956/1501/1030 2932/1501/1030
f 2931/1473/1031 2955/1473/1031 2957/1475/1031
f 2931/1473/1031 2957/1475/1031 2933/1475/1031
f 2932/1501/1032 2956/1501/1032 2958/1503/1032
f 2932/1501/1032 2958/1503/1032 2934/1503/1032
f 2933/1475/1033 2957/1475/1033 2959/1477/1033
f 2933/1475/1033 2959/1477/1033 2935/1477/1033
f 2934/1503/1034 2958/1503/1034 2960/1505/1034
f 2934/1503/1034 2960/1505/1034 2936/1505/1034
f 2935/1477/1035 2959/1477/1035 2961/1479/1035
f 2935/1477/1035 2961/1479/1035 2937/1479/1035
f 2936/1505/1036 2960/1505/1036 2962/1507/1036
f 2936/1505/1036 2962/1507/1036 2938/1507/1036
f 2937/1479/1037 2961/1479/1037 2963/1481/1037
f 2937/1479/1037 2963/1481/1037 2939/1481/1037
f 2940/1453/1038 2964/1453/1038 2965/1454/1038
f 2940/1453/1038 2965/1454/1038 2876/1454/1038
f 2938/1507/1039 2962/1507/1039 2966/1509/1039
f 2938/1507/1039 2966/1509/1039 2912/1509/1039
f 2939/1481/1040 2963/1481/1040 2967/1483/1040
f 2939/1481/1040 2967/1483/1040 2914/1483/1040
f 2876/1454/1041 2965/1454/1041 2968/1457/1041
f 2876/1454/1041 2968/1457/1041 2877/1457/1041
f 2912/1509/1042 2966/1509/1042 2969/1511/1042
f 2912/1509/1042 2969/1511/1042 2913/1511/1042
f 2914/1483/1043 2967/1483/1043 2970/1485/1043
f 2914/1483/1043 2970/1485/1043 2915/1485/1043
f 2877/1457/1044 2968/1457/1044 2971/1459/1044
f 2877/1457/1044 2971/1459/1044 2916/1459/1044
f 2913/1511/1045 2969/1511/1045 2972/1513/1045
f 2913/1511/1045 2972/1513/1045 2917/1513/1045
f 2915/1485/1046 2970/1485/1046 2973/1487/1046
f 2915/1485/1046 2973/1487/1046 2918/1487/1046
f 2916/1459/1047 2971/1459/1047 2909/1461/1047
f 2916/1459/1047 2909/1461/1047 2908/1461/1047
f 2917/1513/1048 2972/1513/1048 2945/1515/1048
f 2917/1513/1048 2945/1515/1048 2919/1515/1048
f 2918/1487/1049 2973/1487/1049 2947/1489/1049
f 2918/1487/1049 2947/1489/1049 2920/1489/1049
f 2974/1473/1050 2975/1473/1050 2976/1475/1050
f 2974/1473/1050 2976/1475/1050 2977/1475/1050
f 2951/1495/1051 2978/1495/1051 2979/1497/1051
f 2951/1495/1051 2979/1497/1051 2952/1497/1051
f 2944/1469/1052 2943/1469/1052 2980/1471/1052
f 2944/1469/1052 2980/1471/1052 2953/1471/1052
f 2952/1497/1053 2979/1497/1053 2981/1499/1053
f 2952/1497/1053 2981/1499/1053 2954/1499/1053
f 2953/1471/1054 2980/1471/1054 2974/1473/1054
f 2953/1471/1054 2974/1473/1054 2955/1473/1054
f 2954/1499/1055 2981/1499/1055 2982/1501/1055
f 2954/1499/1055 2982/1501/1055 2956/1501/1055
f 2955/1473/1056 2974/1473/1056 2977/1475/1056
f 2955/1473/1056 2977/1475/1056 2957/1475/1056
f 2956/1501/1057 2982/1501/1057 2983/1503/1057
f 2956/1501/1057 2983/1503/1057 2958/1503/1057
f 2957/1475/1058 2977/1475/1058 2984/1477/1058
f 2957/1475/1058 2984/1477/1058 2959/1477/1058
f 2958/1503/1059 2983/1503/1059 2985/1505/1059
f 2958/1503/1059 2985/1505/1059 2960/1505/1059
f 2959/1477/1060 2984/1477/1060 2986/1479/1060
f 2959/1477/1060 2986/1479/1060 2961/1479/1060
f 2960/1505/1061 2985/1505/1061 2987/1507/1061
f 2960/1505/1061 2987/1507/1061 2962/1507/1061
f 2961/1479/1062 2986/1479/1062 2988/1481/1062
f 2961/1479/1062 2988/1481/1062 2963/1481/1062
f 2964/1453/1063 2989/1453/1063 2990/1454/1063
f 2964/1453/1063 2990/1454/1063 2965/1454/1063
f 2962/1507/1064 2987/1507/1064 2991/1509/1064
f 2962/1507/1064 2991/1509/1064 2966/1509/1064
f 2963/1481/1065 2988/1481/1065 2992/1483/1065
f 2963/1481/1065 2992/1483/1065 2967/1483/1065
f 2965/1454/1066 2990/1454/1066 2993/1457/1066
f 2965/1454/1066 2993/1457/1066 2968/1457/1066
f 2966/1509/1067 2991/1509/1067 2994/1511/1067
f 2966/1509/1067 2994/1511/1067 2969/1511/1067
f 2967/1483/1068 2992/1483/1068 2995/1485/1068
f 2967/1483/1068 2995/1485/1068 2970/1485/1068
f 2968/1457/1069 2993/1457/1069 2996/1459/1069
f 2968/1457/1069 2996/1459/1069 2971/1459/1069
f 2969/1511/1070 2994/1511/1070 2997/1513/1070
f 2969/1511/1070 2997/1513/1070 2972/1513/1070
f 2970/1485/1071 2995/1485/1071 2998/1487/1071
f 2970/1485/1071 2998/1487/1071 2973/1487/1071
f 2971/1459/1072 2996/1459/1072 2999/1461/1072
f 2971/1459/1072 2999/1461/1072 2909/1461/1072
f 2972/1513/1073 2997/1513/1073 3000/1515/1073
f 2972/1513/1073 3000/1515/1073 2945/1515/1073
f 2973/1487/1074 2998/1487/1074 3001/1489/1074
f 2973/1487/1074 3001/1489/1074 2947/1489/1074
f 2909/1461/1075 2999/1461/1075 3002/1463/1075
f 2909/1461/1075 3002/1463/1075 2910/1463/1075
f 2945/1515/1076 3000/1515/1076 3003/1517/1076
f 2945/1515/1076 3003/1517/1076 2946/1517/1076
f 2947/1489/1077 3001/1489/1077 3004/1491/1077
f 2947/1489/1077 3004/1491/1077 2948/1491/1077
f 2910/1463/1078 3002/1463/1078 3005/1465/1078
f 2910/1463/1078 3005/1465/1078 2949/1465/1078
f 2948/1491/1079 3004/1491/1079 3006/1493/1079
f 2948/1491/1079 3006/1493/1079 2950/1493/1079
f 2949/1465/1080 3005/1465/1080 2942/1467/1080
f 2949/1465/1080 2942/1467/1080 2941/1467/1080
f 2950/1493/1081 3006/1493/1081 2978/1495/1081
f 2950/1493/1081 2978/1495/1081 2951/1495/1081
f 3007/1479/1082 3008/1479/1082 3009/1481/1082
f 3007/1479/1082 3009/1481/1082 3010/1481/1082
f 2982/1501/1083 3011/1501/1083 3012/1503/1083
f 2982/1501/1083 3012/1503/1083 2983/1503/1083
f 2977/1475/1084 2976/1475/1084 3013/1477/1084
f 2977/1475/1084 3013/1477/1084 2984/1477/1084
f 2983/1503/1085 3012/1503/1085 3014/1505/1085
f 2983/1503/1085 3014/1505/1085 2985/1505/1085
f 2984/1477/1086 3013/1477/1086 3007/1479/1086
f 2984/1477/1086 3007/1479/1086 2986/1479/1086
f 2985/1505/1087 3014/1505/1087 3015/1507/1087
f 2985/1505/1087 3015/1507/1087 2987/1507/1087
f 2986/1479/1088 3007/1479/1088 3010/1481/1088
f 2986/1479/1088 3010/1481/1088 2988/1481/1088
f 2989/1453/1089 3016/1453/1089 3017/1454/1089
f 2989/1453/1089 3017/1454/1089 2990/1454/1089
f 2987/1507/1090 3015/1507/1090 3018/1509/1090
f 2987/1507/1090 3018/1509/1090 2991/1509/1090
f 2988/1481/1091 3010/1481/1091 3019/1483/1091
f 2988/1481/1091 3019/1483/1091 2992/1483/1091
f 2990/1454/1092 3017/1454/1092 3020/1457/1092
f 2990/1454/1092 3020/1457/1092 2993/1457/1092
f 2991/1509/1093 3018/1509/1093 3021/1511/1093
f 2991/1509/1093 3021/1511/1093 2994/1511/1093
f 2992/1483/1094 3019/1483/1094 3022/1485/1094
f 2992/1483/1094 3022/1485/1094 2995/1485/1094
f 2993/1457/1095 3020/1457/1095 3023/1459/1095
f 2993/1457/1095 3023/1459/1095 2996/1459/1095
f 2994/1511/1096 3021/1511/1096 3024/1513/1096
f 2994/1511/1096 3024/1513/1096 2997/1513/1096
f 2995/1485/1097 3022/1485/1097 3025/1487/1097
f 2995/1485/1097 3025/1487/1097 2998/1487/1097
f 2996/1459/1098 3023/1459/1098 3026/1461/1098
f 2996/1459/1098 3026/1461/1098 2999/1461/1098
f 2997/1513/1099 3024/1513/1099 3027/1515/1099
f 2997/1513/1099 3027/1515/1099 3000/1515/1099
f 2998/1487/1100 3025/1487/1100 3028/1489/1100
f 2998/1487/1100 3028/1489/1100 3001/1489/1100
f 2999/1461/1101 3026/1461/1101 3029/1463/1101
f 2999/1461/1101 3029/1463/1101 3002/1463/1101
f 3000/1515/1102 3027/1515/1102 3030/1517/1102
f 3000/1515/1102 3030/1517/1102 3003/1517/1102
f 3001/1489/1103 3028/1489/1103 3031/1491/1103
f 3001/1489/1103 3031/1491/1103 3004/1491/1103
f 3002/1463/1104 3029/1463/1104 3032/1465/1104
f 3002/1463/1104 3032/1465/1104 3005/1465/1104
f 3004/1491/1105 3031/1491/1105 3033/1493/1105
f 3004/1491/1105 3033/1493/1105 3006/1493/1105
f 3005/1465/1106 3032/1465/1106 3034/1467/1106
f 3005/1465/1106 3034/1467/1106 2942/1467/1106
f 3006/1493/1107 3033/1493/1107 3035/1495/1107
f 3006/1493/1107 3035/1495/1107 2978/1495/1107
f 2942/1467/1108 3034/1467/1108 3036/1469/1108
f 2942/1467/1108 3036/1469/1108 2943/1469/1108
f 2978/1495/1109 3035/1495/1109 3037/1497/1109
f 2978/1495/1109 3037/1497/1109 2979/1497/1109
f 2943/1469/1110 3036/1469/1110 3038/1471/1110
f 2943/1469/1110 3038/1471/1110 2980/1471/1110
f 2979/1497/1111 3037/1497/1111 3039/1499/1111
f 2979/1497/1111 3039/1499/1111 2981/1499/1111
f 2980/1471/1112 3038/1471/1112 2975/1473/1112
f 2980/1471/1112 2975/1473/1112 2974/1473/1112
f 2981/1499/1113 3039/1499/1113 3011/1501/1113
f 2981/1499/1113 3011/1501/1113 2982/1501/1113
f 3040/1485/1114 3041/1485/1114 3042/1487/1114
f 3040/1485/1114 3042/1487/1114 3043/1487/1114
f 3016/1453/1082 3044/1453/1082 3045/1454/1082
f 3016/1453/1082 3045/1454/1082 3017/1454/1082
f 3015/1507/1082 3046/1507/1082 3047/1509/1082
f 3015/1507/1082 3047/1509/1082 3018/1509/1082
f 3010/1481/1082 3009/1481/1082 3048/1483/1082
f 3010/1481/1082 3048/1483/1082 3019/1483/1082
f 3017/1454/1082 3045/1454/1082 3049/1457/1082
f 3017/1454/1082 3049/1457/1082 3020/1457/1082
f 3018/1509/1082 3047/1509/1082 3050/1511/1082
f 3018/1509/1082 3050/1511/1082 3021/1511/1082
f 3019/1483/1082 3048/1483/1082 3040/1485/1082
f 3019/1483/1082 3040/1485/1082 3022/1485/1082
f 3020/1457/1082 3049/1457/1082 3051/1459/1082
f 3020/1457/1082 3051/1459/1082 3023/1459/1082
f 3021/1511/1082 3050/1511/1082 3052/1513/1082
f 3021/1511/1082 3052/1513/1082 3024/1513/1082
f 3022/1485/1082 3040/1485/1082 3043/1487/1082
f 3022/1485/1082 3043/1487/1082 3025/1487/1082
f 3023/1459/1082 3051/1459/1082 3053/1461/1082
f 3023/1459/1082 3053/1461/1082 3026/1461/1082
f 3024/1513/1082 3052/1513/1082 3054/1515/1082
f 3024/1513/1082 3054/1515/1082 3027/1515/1082
f 3025/1487/1082 3043/1487/1082 3055/1489/1082
f 3025/1487/1082 3055/1489/1082 3028/1489/1082
f 3026/1461/1082 3053/1461/1082 3056/1463/1082
f 3026/1461/1082 3056/1463/1082 3029/1463/1082
f 3027/1515/1082 3054/1515/1082 3057/1517/1082
f 3027/1515/1082 3057/1517/1082 3030/1517/1082
f 3028/1489/1082 3055/1489/1082 3058/1491/1082
f 3028/1489/1082 3058/1491/1082 3031/1491/1082
f 3029/1463/1082 3056/1463/1082 3059/1465/1082
f 3029/1463/1082 3059/1465/1082 3032/1465/1082
f 3031/1491/1082 3058/1491/1082 3060/1493/1082
f 3031/1491/1082 3060/1493/1082 3033/1493/1082
f 3032/1465/1082 3059/1465/1082 3061/1467/1082
f 3032/1465/1082 3061/1467/1082 3034/1467/1082
f 3033/1493/1082 3060/1493/1082 3062/1495/1082
f 3033/1493/1082 3062/1495/1082 3035/1495/1082
f 3034/1467/1082 3061/1467/1082 3063/1469/1082
f 3034/1467/1082 3063/1469/1082 3036/1469/1082
f 3035/1495/1082 3062/1495/1082 3064/1497/1082
f 3035/1495/1082 3064/1497/1082 3037/1497/1082
f 3036/1469/1082 3063/1469/1082 3065/1471/1082
f 3036/1469/1082 3065/1471/1082 3038/1471/1082
f 3037/1497/1082 3064/1497/1082 3066/1499/1082
f 3037/1497/1082 3066/1499/1082 3039/1499/1082
f 3038/1471/1082 3065/1471/1082 3067/1473/1082
f 3038/1471/1082 3067/1473/1082 2975/1473/1082
f 3039/1499/1082 3066/1499/1082 3068/1501/1082
f 3039/1499/1082 3068/1501/1082 3011/1501/1082
f 2975/1473/1082 3067/1473/1082 3069/1475/1082
f 2975/1473/1082 3069/1475/1082 2976/1475/1082
f 3011/1501/1082 3068/1501/1082 3070/1503/1082
f 3011/1501/1082 3070/1503/1082 3012/1503/1082
f 2976/1475/1082 3069/1475/1082 3071/1477/1082
f 2976/1475/1082 3071/1477/1082 3013/1477/1082
f 3012/1503/1082 3070/1503/1082 3072/1505/1082
f 3012/1503/1082 3072/1505/1082 3014/1505/1082
f 3013/1477/1082 3071/1477/1082 3008/1479/1082
f 3013/1477/1082 3008/1479/1082 3007/1479/1082
f 3014/1505/1082 3072/1505/1082 3046/1507/1082
f 3014/1505/1082 3046/1507/1082 3015/1507/1082
f 3073/1491/1115 3074/1491/1115 3075/1493/1115
f 3073/1491/1115 3075/1493/1115 3076/1493/1115
f 3051/1459/1116 3077/1459/1116 3078/1461/1116
f 3051/1459/1116 3078/1461/1116 3053/1461/1116
f 3052/1513/1117 3079/1513/1117 3080/1515/1117
f 3052/1513/1117 3080/1515/1117 3054/1515/1117
f 3043/1487/1118 3042/1487/1118 3081/1489/1118
f 3043/1487/1118 3081/1489/1118 3055/1489/1118
f 3053/1461/1119 3078/1461/1119 3082/1463/1119
f 3053/1461/1119 3082/1463/1119 3056/1463/1119
f 3054/1515/1120 3080/1515/1120 3083/1517/1120
f 3054/1515/1120 3083/1517/1120 3057/1517/1120
f 3055/1489/1121 3081/1489/1121 3073/1491/1121
f 3055/1489/1121 3073/1491/1121 3058/1491/1121
f 3056/1463/1122 3082/1463/1122 3084/1465/1122
f 3056/1463/1122 3084/1465/1122 3059/1465/1122
f 3058/1491/1123 3073/1491/1123 3076/1493/1123
f 3058/1491/1123 3076/1493/1123 3060/1493/1123
f 3059/1465/1124 3084/1465/1124 3085/1467/1124
f 3059/1465/1124 3085/1467/1124 3061/1467/1124
f 3060/1493/1125 3076/1493/1125 3086/1495/1125
f 3060/1493/1125 3086/1495/1125 3062/1495/1125
f 3061/1467/1126 3085/1467/1126 3087/1469/1126
f 3061/1467/1126 3087/1469/1126 3063/1469/1126
f 3062/1495/1127 3086/1495/1127 3088/1497/1127
f 3062/1495/1127 3088/1497/1127 3064/1497/1127
f 3063/1469/1128 3087/1469/1128 3089/1471/1128
f 3063/1469/1128 3089/1471/1128 3065/1471/1128
f 3064/1497/1129 3088/1497/1129 3090/1499/1129
f 3064/1497/1129 3090/1499/1129 3066/1499/1129
f 3065/1471/1130 3089/1471/1130 3091/1473/1130
f 3065/1471/1130 3091/1473/1130 3067/1473/1130
f 3066/1499/1131 3090/1499/1131 3092/1501/1131
f 3066/1499/1131 3092/1501/1131 3068/1501/1131
f 3067/1473/1132 3091/1473/1132 3093/1475/1132
f 3067/1473/1132 3093/1475/1132 3069/1475/1132
f 3068/1501/1133 3092/1501/1133 3094/1503/1133
f 3068/1501/1133 3094/1503/1133 3070/1503/1133
f 3069/1475/1134 3093/1475/1134 3095/1477/1134
f 3069/1475/1134 3095/1477/1134 3071/1477/1134
f 3070/1503/1135 3094/1503/1135 3096/1505/1135
f 3070/1503/1135 3096/1505/1135 3072/1505/1135
f 3071/1477/1136 3095/1477/1136 3097/1479/1136
f 3071/1477/1136 3097/1479/1136 3008/1479/1136
f 3072/1505/1137 3096/1505/1137 3098/1507/1137
f 3072/1505/1137 3098/1507/1137 3046/1507/1137
f 3008/1479/1138 3097/1479/1138 3099/1481/1138
f 3008/1479/1138 3099/1481/1138 3009/1481/1138
f 3044/1453/1139 3100/1453/1139 3101/1454/1139
f 3044/1453/1139 3101/1454/1139 3045/1454/1139
f 3046/1507/1140 3098/1507/1140 3102/1509/1140
f 3046/1507/1140 3102/1509/1140 3047/1509/1140
f 3009/1481/1141 3099/1481/1141 3103/1483/1141
f 3009/1481/1141 3103/1483/1141 3048/1483/1141
f 3045/1454/1142 3101/1454/1142 3104/1457/1142
f 3045/1454/1142 3104/1457/1142 3049/1457/1142
f 3047/1509/1143 3102/1509/1143 3105/1511/1143
f 3047/1509/1143 3105/1511/1143 3050/1511/1143
f 3048/1483/1144 3103/1483/1144 3041/1485/1144
f 3048/1483/1144 3041/1485/1144 3040/1485/1144
f 3049/1457/1145 3104/1457/1145 3077/1459/1145
f 3049/1457/1145 3077/1459/1145 3051/1459/1145
f 3050/1511/1146 3105/1511/1146 3079/1513/1146
f 3050/1511/1146 3079/1513/1146 3052/1513/1146
f 3106/1497/1147 3107/1497/1147 3108/1499/1147
f 3106/1497/1147 3108/1499/1147 3109/1499/1147
f 3084/1465/1148 3110/1465/1148 3111/1467/1148
f 3084/1465/1148 3111/1467/1148 3085/1467/1148
f 3076/1493/1149 3075/1493/1149 3112/1495/1149
f 3076/1493/1149 3112/1495/1149 3086/1495/1149
f 3085/1467/1150 3111/1467/1150 3113/1469/1150
f 3085/1467/1150 3113/1469/1150 3087/1469/1150
f 3086/1495/1151 3112/1495/1151 3106/1497/1151
f 3086/1495/1151 3106/1497/1151 3088/1497/1151
f 3087/1469/1152 3113/1469/1152 3114/1471/1152
f 3087/1469/1152 3114/1471/1152 3089/1471/1152
f 3088/1497/1153 3106/1497/1153 3109/1499/1153
f 3088/1497/1153 3109/1499/1153 3090/1499/1153
f 3089/1471/1154 3114/1471/1154 3115/1473/1154
f 3089/1471/1154 3115/1473/1154 3091/1473/1154
f 3090/1499/1155 3109/1499/1155 3116/1501/1155
f 3090/1499/1155 3116/1501/1155 3092/1501/1155
f 3091/1473/1156 3115/1473/1156 3117/1475/1156
f 3091/1473/1156 3117/1475/1156 3093/1475/1156
f 3092/1501/1157 3116/1501/1157 3118/1503/1157
f 3092/1501/1157 3118/1503/1157 3094/1503/1157
f 3093/1475/1158 3117/1475/1158 3119/1477/1158
f 3093/1475/1158 3119/1477/1158 3095/1477/1158
f 3094/1503/1159 3118/1503/1159 3120/1505/1159
f 3094/1503/1159 3120/1505/1159 3096/1505/1159
f 3095/1477/1160 3119/1477/1160 3121/1479/1160
f 3095/1477/1160 3121/1479/1160 3097/1479/1160
f 3096/1505/1161 3120/1505/1161 3122/1507/1161
f 3096/1505/1161 3122/1507/1161 3098/1507/1161
f 3097/1479/1162 3121/1479/1162 3123/1481/1162
f 3097/1479/1162 3123/1481/1162 3099/1481/1162
f 3100/1453/1163 3124/1453/1163 3125/1454/1163
f 3100/1453/1163 3125/1454/1163 3101/1454/1163
f 3098/1507/1164 3122/1507/1164 3126/1509/1164
f 3098/1507/1164 3126/1509/1164 3102/1509/1164
f 3099/1481/1165 3123/1481/1165 3127/1483/1165
f 3099/1481/1165 3127/1483/1165 3103/1483/1165
f 3101/1454/1166 3125/1454/1166 3128/1457/1166
f 3101/1454/1166 3128/1457/1166 3104/1457/1166
f 3102/1509/1167 3126/1509/1167 3129/1511/1167
f 3102/1509/1167 3129/1511/1167 3105/1511/1167
f 3103/1483/1168 3127/1483/1168 3130/1485/1168
f 3103/1483/1168 3130/1485/1168 3041/1485/1168
f 3104/1457/1169 3128/1457/1169 3131/1459/1169
f 3104/1457/1169 3131/1459/1169 3077/1459/1169
f 3105/1511/1170 3129/1511/1170 3132/1513/1170
f 3105/1511/1170 3132/1513/1170 3079/1513/1170
f 3041/1485/1171 3130/1485/1171 3133/1487/1171
f 3041/1485/1171 3133/1487/1171 3042/1487/1171
f 3077/1459/1172 3131/1459/1172 3134/1461/1172
f 3077/1459/1172 3134/1461/1172 3078/1461/1172
f 3079/1513/1173 3132/1513/1173 3135/1515/1173
f 3079/1513/1173 3135/1515/1173 3080/1515/1173
f 3042/1487/1174 3133/1487/1174 3136/1489/1174
f 3042/1487/1174 3136/1489/1174 3081/1489/1174
f 3078/1461/1175 3134/1461/1175 3137/1463/1175
f 3078/1461/1175 3137/1463/1175 3082/1463/1175
f 3080/1515/1176 3135/1515/1176 3138/1517/1176
f 3080/1515/1176 3138/1517/1176 3083/1517/1176
f 3081/1489/1177 3136/1489/1177 3074/1491/1177
f 3081/1489/1177 3074/1491/1177 3073/1491/1177
f 3082/1463/1178 3137/1463/1178 3110/1465/1178
f 3082/1463/1178 3110/1465/1178 3084/1465/1178
f 3114/1471/1179 3139/1471/1179 3140/1473/1179
f 3114/1471/1179 3140/1473/1179 3115/1473/1179
f 3109/1499/1180 3108/1499/1180 3141/1501/1180
f 3109/1499/1180 3141/1501/1180 3116/1501/1180
f 3115/1473/1181 3140/1473/1181 3142/1475/1181
f 3115/1473/1181 3142/1475/1181 3117/1475/1181
f 3116/1501/1182 3141/1501/1182 3143/1503/1182
f 3116/1501/1182 3143/1503/1182 3118/1503/1182
f 3117/1475/1183 3142/1475/1183 3144/1477/1183
f 3117/1475/1183 3144/1477/1183 3119/1477/1183
f 3118/1503/1184 3143/1503/1184 3145/1505/1184
f 3118/1503/1184 3145/1505/1184 3120/1505/1184
f 3119/1477/1185 3144/1477/1185 3146/1479/1185
f 3119/1477/1185 3146/1479/1185 3121/1479/1185
f 3120/1505/1186 3145/1505/1186 3147/1507/1186
f 3120/1505/1186 3147/1507/1186 3122/1507/1186
f 3121/1479/1187 3146/1479/1187 3148/1481/1187
f 3121/1479/1187 3148/1481/1187 3123/1481/1187
f 3124/1453/1188 3149/1453/1188 3150/1454/1188
f 3124/1453/1188 3150/1454/1188 3125/1454/1188
f 3122/1507/1189 3147/1507/1189 3151/1509/1189
f 3122/1507/1189 3151/1509/1189 3126/1509/1189
f 3123/1481/1190 3148/1481/1190 3152/1483/1190
f 3123/1481/1190 3152/1483/1190 3127/1483/1190
f 3125/1454/1191 3150/1454/1191 3153/1457/1191
f 3125/1454/1191 3153/1457/1191 3128/1457/1191
f 3126/1509/1192 3151/1509/1192 3154/1511/1192
f 3126/1509/1192 3154/1511/1192 3129/1511/1192
f 3127/1483/1193 3152/1483/1193 3155/1485/1193
f 3127/1483/1193 3155/1485/1193 3130/1485/1193
f 3128/1457/1194 3153/1457/1194 3156/1459/1194
f 3128/1457/1194 3156/1459/1194 3131/1459/1194
f 3129/1511/1195 3154/1511/1195 3157/1513/1195
f 3129/1511/1195 3157/1513/1195 3132/1513/1195
f 3130/1485/1196 3155/1485/1196 3158/1487/1196
f 3130/1485/1196 3158/1487/1196 3133/1487/1196
f 3131/1459/1197 3156/1459/1197 3159/1461/1197
f 3131/1459/1197 3159/1461/1197 3134/1461/1197
f 3132/1513/1198 3157/1513/1198 3160/1515/1198
f 3132/1513/1198 3160/1515/1198 3135/1515/1198
f 3133/1487/1199 3158/1487/1199 3161/1489/1199
f 3133/1487/1199 3161/1489/1199 3136/1489/1199
f 3134/1461/1200 3159/1461/1200 3162/1463/1200
f 3134/1461/1200 3162/1463/1200 3137/1463/1200
f 3135/1515/1201 3160/1515/1201 3163/1517/1201
f 3135/1515/1201 3163/1517/1201 3138/1517/1201
f 3136/1489/1202 3161/1489/1202 3164/1491/1202
f 3136/1489/1202 3164/1491/1202 3074/1491/1202
f 3137/1463/1203 3162/1463/1203 3165/1465/1203
f 3137/1463/1203 3165/1465/1203 3110/1465/1203
f 3074/1491/1204 3164/1491/1204 3166/1493/1204
f 3074/1491/1204 3166/1493/1204 3075/1493/1204
f 3110/1465/1205 3165/1465/1205 3167/1467/1205
f 3110/1465/1205 3167/1467/1205 3111/1467/1205
f 3075/1493/1206 3166/1493/1206 3168/1495/1206
f 3075/1493/1206 3168/1495/1206 3112/1495/1206
f 3111/1467/1207 3167/1467/1207 3169/1469/1207
f 3111/1467/1207 3169/1469/1207 3113/1469/1207
f 3112/1495/1208 3168/1495/1208 3107/1497/1208
f 3112/1495/1208 3107/1497/1208 3106/1497/1208
f 3113/1469/1209 3169/1469/1209 3139/1471/1209
f 3113/1469/1209 3139/1471/1209 3114/1471/1209
f 3150/1454/1210 3170/1454/1210 3171/1457/1210
f 3150/1454/1210 3171/1457/1210 3153/1457/1210
f 3172/1461/1211 3173/1461/1211 3174/1463/1211
f 3172/1461/1211 3174/1463/1211 3175/1463/1211
f 3151/1509/1212 3176/1509/1212 3177/1511/1212
f 3151/1509/1212 3177/1511/1212 3154/1511/1212
f 3152/1483/1213 3178/1483/1213 3179/1485/1213
f 3152/1483/1213 3179/1485/1213 3155/1485/1213
f 3153/1457/1214 3171/1457/1214 3180/1459/1214
f 3153/1457/1214 3180/1459/1214 3156/1459/1214
f 3154/1511/1215 3177/1511/1215 3181/1513/1215
f 3154/1511/1215 3181/1513/1215 3157/1513/1215
f 3155/1485/1216 3179/1485/1216 3182/1487/1216
f 3155/1485/1216 3182/1487/1216 3158/1487/1216
f 3156/1459/1217 3180/1459/1217 3172/1461/1217
f 3156/1459/1217 3172/1461/1217 3159/1461/1217
f 3157/1513/1218 3181/1513/1218 3183/1515/1218
f 3157/1513/1218 3183/1515/1218 3160/1515/1218
f 3158/1487/1219 3182/1487/1219 3184/1489/1219
f 3158/1487/1219 3184/1489/1219 3161/1489/1219
f 3159/1461/1220 3172/1461/1220 3175/1463/1220
f 3159/1461/1220 3175/1463/1220 3162/1463/1220
f 3160/1515/1221 3183/1515/1221 3185/1517/1221
f 3160/1515/1221 3185/1517/1221 3163/1517/1221
f 3161/1489/1222 3184/1489/1222 3186/1491/1222
f 3161/1489/1222 3186/1491/1222 3164/1491/1222
f 3162/1463/1223 3175/1463/1223 3187/1465/1223
f 3162/1463/1223 3187/1465/1223 3165/1465/1223
f 3164/1491/1224 3186/1491/1224 3188/1493/1224
f 3164/1491/1224 3188/1493/1224 3166/1493/1224
f 3165/1465/1225 3187/1465/1225 3189/1467/1225
f 3165/1465/1225 3189/1467/1225 3167/1467/1225
f 3166/1493/1226 3188/1493/1226 3190/1495/1226
f 3166/1493/1226 3190/1495/1226 3168/1495/1226
f 3167/1467/1227 3189/1467/1227 3191/1469/1227
f 3167/1467/1227 3191/1469/1227 3169/1469/1227
f 3168/1495/1228 3190/1495/1228 3192/1497/1228
f 3168/1495/1228 3192/1497/1228 3107/1497/1228
f 3169/1469/1229 3191/1469/1229 3193/1471/1229
f 3169/1469/1229 3193/1471/1229 3139/1471/1229
f 3107/1497/1230 3192/1497/1230 3194/1499/1230
f 3107/1497/1230 3194/1499/1230 3108/1499/1230
f 3139/1471/1231 3193/1471/1231 3195/1473/1231
f 3139/1471/1231 3195/1473/1231 3140/1473/1231
f 3108/1499/1232 3194/1499/1232 3196/1501/1232
f 3108/1499/1232 3196/1501/1232 3141/1501/1232
f 3140/1473/1233 3195/1473/1233 3197/1475/1233
f 3140/1473/1233 3197/1475/1233 3142/1475/1233
f 3141/1501/1234 3196/1501/1234 3198/1503/1234
f 3141/1501/1234 3198/1503/1234 3143/1503/1234
f 3142/1475/1235 3197/1475/1235 3199/1477/1235
f 3142/1475/1235 3199/1477/1235 3144/1477/1235
f 3143/1503/1236 3198/1503/1236 3200/1505/1236
f 3143/1503/1236 3200/1505/1236 3145/1505/1236
f 3144/1477/1237 3199/1477/1237 3201/1479/1237
f 3144/1477/1237 3201/1479/1237 3146/1479/1237
f 3145/1505/1238 3200/1505/1238 3202/1507/1238
f 3145/1505/1238 3202/1507/1238 3147/1507/1238
f 3146/1479/1239 3201/1479/1239 3203/1481/1239
f 3146/1479/1239 3203/1481/1239 3148/1481/1239
f 3149/1453/1240 3204/1453/1240 3170/1454/1240
f 3149/1453/1240 3170/1454/1240 3150/1454/1240
f 3147/1507/1241 3202/1507/1241 3176/1509/1241
f 3147/1507/1241 3176/1509/1241 3151/1509/1241
f 3148/1481/1242 3203/1481/1242 3178/1483/1242
f 3148/1481/1242 3178/1483/1242 3152/1483/1242
f 3183/1515/1243 3205/1515/1243 3206/1517/1243
f 3183/1515/1243 3206/1517/1243 3185/1517/1243
f 3184/1489/1244 3207/1489/1244 3208/1491/1244
f 3184/1489/1244 3208/1491/1244 3186/1491/1244
f 3175/1463/1245 3174/1463/1245 3209/1465/1245
f 3175/1463/1245 3209/1465/1245 3187/1465/1245
f 3186/1491/1246 3208/1491/1246 3210/1493/1246
f 3186/1491/1246 3210/1493/1246 3188/1493/1246
f 3187/1465/1247 3209/1465/1247 3211/1467/1247
f 3187/1465/1247 3211/1467/1247 3189/1467/1247
f 3188/1493/1248 3210/1493/1248 3212/1495/1248
f 3188/1493/1248 3212/1495/1248 3190/1495/1248
f 3189/1467/1249 3211/1467/1249 3213/1469/1249
f 3189/1467/1249 3213/1469/1249 3191/1469/1249
f 3190/1495/1250 3212/1495/1250 3214/1497/1250
f 3190/1495/1250 3214/1497/1250 3192/1497/1250
f 3191/1469/1251 3213/1469/1251 3215/1471/1251
f 3191/1469/1251 3215/1471/1251 3193/1471/1251
f 3192/1497/1252 3214/1497/1252 3216/1499/1252
f 3192/1497/1252 3216/1499/1252 3194/1499/1252
f 3193/1471/1253 3215/1471/1253 3217/1473/1253
f 3193/1471/1253 3217/1473/1253 3195/1473/1253
f 3194/1499/1254 3216/1499/1254 3218/1501/1254
f 3194/1499/1254 3218/1501/1254 3196/1501/1254
f 3195/1473/1255 3217/1473/1255 3219/1475/1255
f 3195/1473/1255 3219/1475/1255 3197/1475/1255
f 3196/1501/1256 3218/1501/1256 3220/1503/1256
f 3196/1501/1256 3220/1503/1256 3198/1503/1256
f 3197/1475/1257 3219/1475/1257 3221/1477/1257
f 3197/1475/1257 3221/1477/1257 3199/1477/1257
f 3198/1503/1258 3220/1503/1258 3222/1505/1258
f 3198/1503/1258 3222/1505/1258 3200/1505/1258
f 3199/1477/1259 3221/1477/1259 3223/1479/1259
f 3199/1477/1259 3223/1479/1259 3201/1479/1259
f 3200/1505/1260 3222/1505/1260 3224/1507/1260
f 3200/1505/1260 3224/1507/1260 3202/1507/1260
f 3201/1479/1261 3223/1479/1261 3225/1481/1261
f 3201/1479/1261 3225/1481/1261 3203/1481/1261
f 3204/1453/1262 3226/1453/1262 3227/1454/1262
f 3204/1453/1262 3227/1454/1262 3170/1454/1262
f 3202/1507/1263 3224/1507/1263 3228/1509/1263
f 3202/1507/1263 3228/1509/1263 3176/1509/1263
f 3203/1481/1264 3225/1481/1264 3229/1483/1264
f 3203/1481/1264 3229/1483/1264 3178/1483/1264
f 3170/1454/1265 3227/1454/1265 3230/1457/1265
f 3170/1454/1265 3230/1457/1265 3171/1457/1265
f 3176/1509/1266 3228/1509/1266 3231/1511/1266
f 3176/1509/1266 3231/1511/1266 3177/1511/1266
f 3178/1483/1267 3229/1483/1267 3232/1485/1267
f 3178/1483/1267 3232/1485/1267 3179/1485/1267
f 3171/1457/1268 3230/1457/1268 3233/1459/1268
f 3171/1457/1268 3233/1459/1268 3180/1459/1268
f 3177/1511/1269 3231/1511/1269 3234/1513/1269
f 3177/1511/1269 3234/1513/1269 3181/1513/1269
f 3179/1485/1270 3232/1485/1270 3235/1487/1270
f 3179/1485/1270 3235/1487/1270 3182/1487/1270
f 3180/1459/1271 3233/1459/1271 3173/1461/1271
f 3180/1459/1271 3173/1461/1271 3172/1461/1271
f 3181/1513/1272 3234/1513/1272 3205/1515/1272
f 3181/1513/1272 3205/1515/1272 3183/1515/1272
f 3182/1487/1273 3235/1487/1273 3207/1489/1273
f 3182/1487/1273 3207/1489/1273 3184/1489/1273
f 3236/1519/1274 3237/1520/1274 3238/1521/1274
f 3236/1519/1274 3238/1521/1274 3239/1522/1274
f 3237/1520/1275 3240/1523/1275 3241/1524/1275
f 3237/1520/1275 3241/1524/1275 3238/1521/1275
f 3240/1523/1276 3242/1525/1276 3243/1526/1276
f 3240/1523/1276 3243/1526/1276 3241/1524/1276
f 3242/1525/1277 3244/1527/1277 3245/1528/1277
f 3242/1525/1277 3245/1528/1277 3243/1526/1277
f 3244/1527/1278 3246/1529/1278 3247/1530/1278
f 3244/1527/1278 3247/1530/1278 3245/1528/1278
f 3246/1529/1279 3248/1531/1279 3249/1532/1279
f 3246/1529/1279 3249/1532/1279 3247/1530/1279
f 3250/1533/1280 3251/1534/1280 3252/1535/1280
f 3250/1533/1280 3252/1535/1280 3253/1536/1280
f 3251/1534/1281 3254/1537/1281 3255/1538/1281
f 3251/1534/1281 3255/1538/1281 3252/1535/1281
f 3254/1537/1282 3256/1539/1282 3257/1540/1282
f 3254/1537/1282 3257/1540/1282 3255/1538/1282
f 3256/1539/1283 3258/1541/1283 3259/1542/1283
f 3256/1539/1283 3259/1542/1283 3257/1540/1283
f 3258/1541/1284 3260/1543/1284 3261/1544/1284
f 3258/1541/1284 3261/1544/1284 3259/1542/1284
f 3260/1543/1285 3236/1519/1285 3239/1522/1285
f 3260/1543/1285 3239/1522/1285 3261/1544/1285
f 3239/1522/1286 3238/1521/1286 3262/1545/1286
f 3239/1522/1286 3262/1545/1286 3263/1546/1286
f 3238/1521/1287 3241/1524/1287 3264/1547/1287
f 3238/1521/1287 3264/1547/1287 3262/1545/1287
f 3241/1524/1288 3243/1526/1288 3265/1548/1288
f 3241/1524/1288 3265/1548/1288 3264/1547/1288
f 3243/1526/1289 3245/1528/1289 3266/1549/1289
f 3243/1526/1289 3266/1549/1289 3265/1548/1289
f 3245/1528/1290 3247/1530/1290 3267/1550/1290
f 3245/1528/1290 3267/1550/1290 3266/1549/1290
f 3247/1530/1291 3249/1532/1291 3268/1551/1291
f 3247/1530/1291 3268/1551/1291 3267/1550/1291
f 3253/1536/1292 3252/1535/1292 3269/1552/1292
f 3253/1536/1292 3269/1552/1292 3270/1553/1292
f 3252/1535/1293 3255/1538/1293 3271/1554/1293
f 3252/1535/1293 3271/1554/1293 3269/1552/1293
f 3255/1538/1294 3257/1540/1294 3272/1555/1294
f 3255/1538/1294 3272/1555/1294 3271/1554/1294
f 3257/1540/1295 3259/1542/1295 3273/1556/1295
f 3257/1540/1295 3273/1556/1295 3272/1555/1295
f 3259/1542/1296 3261/1544/1296 3274/1557/1296
f 3259/1542/1296 3274/1557/1296 3273/1556/1296
f 3261/1544/1297 3239/1522/1297 3263/1546/1297
f 3261/1544/1297 3263/1546/1297 3274/1557/1297
f 3263/1546/1298 3262/1545/1298 3275/1558/1298
f 3263/1546/1298 3275/1558/1298 3276/1559/1298
f 3262/1545/1299 3264/1547/1299 3277/1560/1299
f 3262/1545/1299 3277/1560/1299 3275/1558/1299
f 3264/1547/1300 3265/1548/1300 3278/1561/1300
f 3264/1547/1300 3278/1561/1300 3277/1560/1300
f 3265/1548/1301 3266/1549/1301 3279/1562/1301
f 3265/1548/1301 3279/1562/1301 3278/1561/1301
f 3266/1549/1302 3267/1550/1302 3280/1563/1302
f 3266/1549/1302 3280/1563/1302 3279/1562/1302
f 3267/1550/1303 3268/1551/1303 3281/1564/1303
f 3267/1550/1303 3281/1564/1303 3280/1563/1303
f 3270/1553/1304 3269/1552/1304 3282/1565/1304
f 3270/1553/1304 3282/1565/1304 3283/1566/1304
f 3269/1552/1305 3271/1554/1305 3284/1567/1305
f 3269/1552/1305 3284/1567/1305 3282/1565/1305
f 3271/1554/1306 3272/1555/1306 3285/1568/1306
f 3271/1554/1306 3285/1568/1306 3284/1567/1306
f 3272/1555/1307 3273/1556/1307 3286/1569/1307
f 3272/1555/1307 3286/1569/1307 3285/1568/1307
f 3273/1556/1308 3274/1557/1308 3287/1570/1308
f 3273/1556/1308 3287/1570/1308 3286/1569/1308
f 3274/1557/1309 3263/1546/1309 3276/1559/1309
f 3274/1557/1309 3276/1559/1309 3287/1570/1309
f 3276/1559/1310 3275/1558/1310 3288/1571/1310
f 3276/1559/1310 3288/1571/1310 3289/1572/1310
f 3275/1558/1311 3277/1560/1311 3290/1573/1311
f 3275/1558/1311 3290/1573/1311 3288/1571/1311
f 3277/1560/1312 3278/1561/1312 3291/1574/1312
f 3277/1560/1312 3291/1574/1312 3290/1573/1312
f 3278/1561/1313 3279/1562/1313 3292/1575/1313
f 3278/1561/1313 3292/1575/1313 3291/1574/1313
f 3279/1562/1314 3280/1563/1314 3293/1576/1314
f 3279/1562/1314 3293/1576/1314 3292/1575/1314
f 3280/1563/1315 3281/1564/1315 3294/1577/1315
f 3280/1563/1315 3294/1577/1315 3293/1576/1315
f 3283/1566/1316 3282/1565/1316 3295/1578/1316
f 3283/1566/1316 3295/1578/1316 3296/1579/1316
f 3282/1565/1317 3284/1567/1317 3297/1580/1317
f 3282/1565/1317 3297/1580/1317 3295/1578/1317
f 3284/1567/1318 3285/1568/1318 3298/1581/1318
f 3284/1567/1318 3298/1581/1318 3297/1580/1318
f 3285/1568/1319 3286/1569/1319 3299/1582/1319
f 3285/1568/1319 3299/1582/1319 3298/1581/1319
f 3286/1569/1320 3287/1570/1320 3300/1583/1320
f 3286/1569/1320 3300/1583/1320 3299/1582/1320
f 3287/1570/1321 3276/1559/1321 3289/1572/1321
f 3287/1570/1321 3289/1572/1321 3300/1583/1321
f 3289/1572/1322 3288/1571/1322 3301/1584/1322
f 3289/1572/1322 3301/1584/1322 3302/1585/1322
f 3288/1571/1323 3290/1573/1323 3303/1586/1323
f 3288/1571/1323 3303/1586/1323 3301/1584/1323
f 3290/1573/1324 3291/1574/1324 3304/1587/1324
f 3290/1573/1324 3304/1587/1324 3303/1586/1324
f 3291/1574/1325 3292/1575/1325 3305/1588/1325
f 3291/1574/1325 3305/1588/1325 3304/1587/1325
f 3292/1575/1326 3293/1576/1326 3306/1589/1326
f 3292/1575/1326 3306/1589/1326 3305/1588/1326
f 3293/1576/1327 3294/1577/1327 3307/1590/1327
f 3293/1576/1327 3307/1590/1327 3306/1589/1327
f 3296/1579/1328 3295/1578/1328 3308/1591/1328
f 3296/1579/1328 3308/1591/1328 3309/1592/1328
f 3295/1578/1329 3297/1580/1329 3310/1593/1329
f 3295/1578/1329 3310/1593/1329 3308/1591/1329
f 3297/1580/1330 3298/1581/1330 3311/1594/1330
f 3297/1580/1330 3311/1594/1330 3310/1593/1330
f 3298/1581/1331 3299/1582/1331 3312/1595/1331
f 3298/1581/1331 3312/1595/1331 3311/1594/1331
f 3299/1582/1332 3300/1583/1332 3313/1596/1332
f 3299/1582/1332 3313/1596/1332 3312/1595/1332
f 3300/1583/1333 3289/1572/1333 3302/1585/1333
f 3300/1583/1333 3302/1585/1333 3313/1596/1333
f 3302/1585/1334 3301/1584/1334 3314/1597/1334
f 3302/1585/1334 3314/1597/1334 3315/1598/1334
f 3301/1584/1335 3303/1586/1335 3316/1599/1335
f 3301/1584/1335 3316/1599/1335 3314/1597/1335
f 3303/1586/1336 3304/1587/1336 3317/1600/1336
f 3303/1586/1336 3317/1600/1336 3316/1599/1336
f 3304/1587/1337 3305/1588/1337 3318/1601/1337
f 3304/1587/1337 3318/1601/1337 3317/1600/1337
f 3305/1588/1338 3306/1589/1338 3319/1602/1338
f 3305/1588/1338 3319/1602/1338 3318/1601/1338
f 3306/1589/1339 3307/1590/1339 3320/1603/1339
f 3306/1589/1339 3320/1603/1339 3319/1602/1339
f 3309/1592/1340 3308/1591/1340 3321/1604/1340
f 3309/1592/1340 3321/1604/1340 3322/1605/1340
f 3308/1591/1341 3310/1593/1341 3323/1606/1341
f 3308/1591/1341 3323/1606/1341 3321/1604/1341
f 3310/1593/1342 3311/1594/1342 3324/1607/1342
f 3310/1593/1342 3324/1607/1342 3323/1606/1342
f 3311/1594/1343 3312/1595/1343 3325/1608/1343
f 3311/1594/1343 3325/1608/1343 3324/1607/1343
f 3312/1595/1344 3313/1596/1344 3326/1609/1344
f 3312/1595/1344 3326/1609/1344 3325/1608/1344
f 3313/1596/1345 3302/1585/1345 3315/1598/1345
f 3313/1596/1345 3315/1598/1345 3326/1609/1345
f 3315/1598/1346 3314/1597/1346 3327/1610/1346
f 3315/1598/1346 3327/1610/1346 3328/1611/1346
f 3314/1597/1347 3316/1599/1347 3329/1612/1347
f 3314/1597/1347 3329/1612/1347 3327/1610/1347
f 3316/1599/1348 3317/1600/1348 3330/1613/1348
f 3316/1599/1348 3330/1613/1348 3329/1612/1348
f 3317/1600/1349 3318/1601/1349 3331/1614/1349
f 3317/1600/1349 3331/1614/1349 3330/1613/1349
f 3318/1601/1350 3319/1602/1350 3332/1615/1350
f 3318/1601/1350 3332/1615/1350 3331/1614/1350
f 3319/1602/1351 3320/1603/1351 3333/1616/1351
f 3319/1602/1351 3333/1616/1351 3332/1615/1351
f 3322/1605/1352 3321/1604/1352 3334/1617/1352
f 3322/1605/1352 3334/1617/1352 3335/1618/1352
f 3321/1604/1353 3323/1606/1353 3336/1619/1353
f 3321/1604/1353 3336/1619/1353 3334/1617/1353
f 3323/1606/1354 3324/1607/1354 3337/1620/1354
f 3323/1606/1354 3337/1620/1354 3336/1619/1354
f 3324/1607/1355 3325/1608/1355 3338/1621/1355
f 3324/1607/1355 3338/1621/1355 3337/1620/1355
f 3325/1608/1356 3326/1609/1356 3339/1622/1356
f 3325/1608/1356 3339/1622/1356 3338/1621/1356
f 3326/1609/1357 3315/1598/1357 3328/1611/1357
f 3326/1609/1357 3328/1611/1357 3339/1622/1357
f 3328/1611/1358 3327/1610/1358 3340/1623/1358
f 3328/1611/1358 3340/1623/1358 3341/1453/1358
f 3327/1610/1359 3329/1612/1359 3342/1624/1359
f 3327/1610/1359 3342/1624/1359 3340/1623/1359
f 3329/1612/1360 3330/1613/1360 3343/1625/1360
f 3329/1612/1360 3343/1625/1360 3342/1624/1360
f 3330/1613/1361 3331/1614/1361 3344/1626/1361
f 3330/1613/1361 3344/1626/1361 3343/1625/1361
f 3331/1614/1362 3332/1615/1362 3345/1627/1362
f 3331/1614/1362 3345/1627/1362 3344/1626/1362
f 3332/1615/1363 3333/1616/1363 3346/1456/1363
f 3332/1615/1363 3346/1456/1363 3345/1627/1363
f 3335/1618/1364 3334/1617/1364 3347/1628/1364
f 3335/1618/1364 3347/1628/1364 3348/1629/1364
f 3334/1617/1365 3336/1619/1365 3349/1630/1365
f 3334/1617/1365 3349/1630/1365 3347/1628/1365
f 3336/1619/1366 3337/1620/1366 3350/1631/1366
f 3336/1619/1366 3350/1631/1366 3349/1630/1366
f 3337/1620/1367 3338/1621/1367 3351/1632/1367
f 3337/1620/1367 3351/1632/1367 3350/1631/1367
f 3338/1621/1368 3339/1622/1368 3352/1633/1368
f 3338/1621/1368 3352/1633/1368 3351/1632/1368
f 3339/1622/1369 3328/1611/1369 3341/1453/1369
f 3339/1622/1369 3341/1453/1369 3352/1633/1369
f 3353/1517/1370 3354/1634/1370 3355/1635/1370
f 3353/1517/1370 3355/1635/1370 3356/1636/1370
f 3354/1634/1371 3357/1637/1371 3358/1638/1371
f 3354/1634/1371 3358/1638/1371 3355/1635/1371
f 3357/1637/1372 3359/1639/1372 3360/1640/1372
f 3357/1637/1372 3360/1640/1372 3358/1638/1372
f 3359/1639/1373 3361/1641/1373 3362/1642/1373
f 3359/1639/1373 3362/1642/1373 3360/1640/1373
f 3361/1641/1374 3363/1643/1374 3364/1644/1374
f 3361/1641/1374 3364/1644/1374 3362/1642/1374
f 3363/1643/1375 3365/1518/1375 3366/1645/1375
f 3363/1643/1375 3366/1645/1375 3364/1644/1375
f 3367/1646/1376 3368/1647/1376 3369/1648/1376
f 3367/1646/1376 3369/1648/1376 3370/1649/1376
f 3368/1647/1377 3371/1650/1377 3372/1651/1377
f 3368/1647/1377 3372/1651/1377 3369/1648/1377
f 3371/1650/1378 3373/1652/1378 3374/1653/1378
f 3371/1650/1378 3374/1653/1378 3372/1651/1378
f 3373/1652/1379 3375/1654/1379 3376/1655/1379
f 3373/1652/1379 3376/1655/1379 3374/1653/1379
f 3375/1654/1380 3377/1656/1380 3378/1657/1380
f 3375/1654/1380 3378/1657/1380 3376/1655/1380
f 3377/1656/1381 3353/1517/1381 3356/1636/1381
f 3377/1656/1381 3356/1636/1381 3378/1657/1381
f 3356/1636/1382 3355/1635/1382 3379/1658/1382
f 3356/1636/1382 3379/1658/1382 3380/1659/1382
f 3355/1635/1383 3358/1638/1383 3381/1660/1383
f 3355/1635/1383 3381/1660/1383 3379/1658/1383
f 3358/1638/1384 3360/1640/1384 3382/1661/1384
f 3358/1638/1384 3382/1661/1384 3381/1660/1384
f 3360/1640/1385 3362/1642/1385 3383/1662/1385
f 3360/1640/1385 3383/1662/1385 3382/1661/1385
f 3362/1642/1386 3364/1644/1386 3384/1663/1386
f 3362/1642/1386 3384/1663/1386 3383/1662/1386
f 3364/1644/1387 3366/1645/1387 3385/1664/1387
f 3364/1644/1387 3385/1664/1387 3384/1663/1387
f 3370/1649/1388 3369/1648/1388 3386/1665/1388
f 3370/1649/1388 3386/1665/1388 3387/1666/1388
f 3369/1648/1389 3372/1651/1389 3388/1667/1389
f 3369/1648/1389 3388/1667/1389 3386/1665/1389
f 3372/1651/1390 3374/1653/1390 3389/1668/1390
f 3372/1651/1390 3389/1668/1390 3388/1667/1390
f 3374/1653/1391 3376/1655/1391 3390/1669/1391
f 3374/1653/1391 3390/1669/1391 3389/1668/1391
f 3376/1655/1392 3378/1657/1392 3391/1670/1392
f 3376/1655/1392 3391/1670/1392 3390/1669/1392
f 3378/1657/1393 3356/1636/1393 3380/1659/1393
f 3378/1657/1393 3380/1659/1393 3391/1670/1393
f 3380/1659/1394 3379/1658/1394 3392/1671/1394
f 3380/1659/1394 3392/1671/1394 3393/1672/1394
f 3379/1658/1395 3381/1660/1395 3394/1673/1395
f 3379/1658/1395 3394/1673/1395 3392/1671/1395
f 3381/1660/1396 3382/1661/1396 3395/1674/1396
f 3381/1660/1396 3395/1674/1396 3394/1673/1396
f 3382/1661/1397 3383/1662/1397 3396/1675/1397
f 3382/1661/1397 3396/1675/1397 3395/1674/1397
f 3383/1662/1398 3384/1663/1398 3397/1676/1398
f 3383/1662/1398 3397/1676/1398 3396/1675/1398
f 3384/1663/1399 3385/1664/1399 3398/1677/1399
f 3384/1663/1399 3398/1677/1399 3397/1676/1399
f 3387/1666/1400 3386/1665/1400 3399/1678/1400
f 3387/1666/1400 3399/1678/1400 3400/1679/1400
f 3386/1665/1401 3388/1667/1401 3401/1680/1401
f 3386/1665/1401 3401/1680/1401 3399/1678/1401
f 3388/1667/1402 3389/1668/1402 3402/1681/1402
f 3388/1667/1402 3402/1681/1402 3401/1680/1402
f 3389/1668/1403 3390/1669/1403 3403/1682/1403
f 3389/1668/1403 3403/1682/1403 3402/1681/1403
f 3390/1669/1404 3391/1670/1404 3404/1683/1404
f 3390/1669/1404 3404/1683/1404 3403/1682/1404
f 3391/1670/1405 3380/1659/1405 3393/1672/1405
f 3391/1670/1405 3393/1672/1405 3404/1683/1405
f 3393/1672/1406 3392/1671/1406 3405/1684/1406
f 3393/1672/1406 3405/1684/1406 3406/1685/1406
f 3392/1671/1407 3394/1673/1407 3407/1686/1407
f 3392/1671/1407 3407/1686/1407 3405/1684/1407
f 3394/1673/1408 3395/1674/1408 3408/1687/1408
f 3394/1673/1408 3408/1687/1408 3407/1686/1408
f 3395/1674/1409 3396/1675/1409 3409/1688/1409
f 3395/1674/1409 3409/1688/1409 3408/1687/1409
f 3396/1675/1410 3397/1676/1410 3410/1689/1410
f 3396/1675/1410 3410/1689/1410 3409/1688/1410
f 3397/1676/1411 3398/1677/1411 3411/1690/1411
f 3397/1676/1411 3411/1690/1411 3410/1689/1411
f 3400/1679/1412 3399/1678/1412 3412/1691/1412
f 3400/1679/1412 3412/1691/1412 3413/1692/1412
f 3399/1678/1413 3401/1680/1413 3414/1693/1413
f 3399/1678/1413 3414/1693/1413 3412/1691/1413
f 3401/1680/1414 3402/1681/1414 3415/1694/1414
f 3401/1680/1414 3415/1694/1414 3414/1693/1414
f 3402/1681/1415 3403/1682/1415 3416/1695/1415
f 3402/1681/1415 3416/1695/1415 3415/1694/1415
f 3403/1682/1416 3404/1683/1416 3417/1696/1416
f 3403/1682/1416 3417/1696/1416 3416/1695/1416
f 3404/1683/1417 3393/1672/1417 3406/1685/1417
f 3404/1683/1417 3406/1685/1417 3417/1696/1417
f 3406/1685/1418 3405/1684/1418 3418/1697/1418
f 3406/1685/1418 3418/1697/1418 3419/1698/1418
f 3405/1684/1419 3407/1686/1419 3420/1699/1419
f 3405/1684/1419 3420/1699/1419 3418/1697/1419
f 3407/1686/1420 3408/1687/1420 3421/1700/1420
f 3407/1686/1420 3421/1700/1420 3420/1699/1420
f 3408/1687/1421 3409/1688/1421 3422/1701/1421
f 3408/1687/1421 3422/1701/1421 3421/1700/1421
f 3409/1688/1422 3410/1689/1422 3423/1702/1422
f 3409/1688/1422 3423/1702/1422 3422/1701/1422
f 3410/1689/1423 3411/1690/1423 3424/1703/1423
f 3410/1689/1423 3424/1703/1423 3423/1702/1423
f 3413/1692/1424 3412/1691/1424 3425/1704/1424
f 3413/1692/1424 3425/1704/1424 3426/1705/1424
f 3412/1691/1425 3414/1693/1425 3427/1706/1425
f 3412/1691/1425 3427/1706/1425 3425/1704/1425
f 3414/1693/1426 3415/1694/1426 3428/1707/1426
f 3414/1693/1426 3428/1707/1426 3427/1706/1426
f 3415/1694/1427 3416/1695/1427 3429/1708/1427
f 3415/1694/1427 3429/1708/1427 3428/1707/1427
f 3416/1695/1428 3417/1696/1428 3430/1709/1428
f 3416/1695/1428 3430/1709/1428 3429/1708/1428
f 3417/1696/1429 3406/1685/1429 3419/1698/1429
f 3417/1696/1429 3419/1698/1429 3430/1709/1429
f 3419/1698/1430 3418/1697/1430 3431/1710/1430
f 3419/1698/1430 3431/1710/1430 3432/1711/1430
f 3418/1697/1431 3420/1699/1431 3433/1712/1431
f 3418/1697/1431 3433/1712/1431 3431/1710/1431
f 3420/1699/1432 3421/1700/1432 3434/1713/1432
f 3420/1699/1432 3434/1713/1432 3433/1712/1432
f 3421/1700/1433 3422/1701/1433 3435/1714/1433
f 3421/1700/1433 3435/1714/1433 3434/1713/1433
f 3422/1701/1434 3423/1702/1434 3436/1715/1434
f 3422/1701/1434 3436/1715/1434 3435/1714/1434
f 3423/1702/1435 3424/1703/1435 3437/1716/1435
f 3423/1702/1435 3437/1716/1435 3436/1715/1435
f 3426/1705/1436 3425/1704/1436 3438/1717/1436
f 3426/1705/1436 3438/1717/1436 3439/1718/1436
f 3425/1704/1437 3427/1706/1437 3440/1719/1437
f 3425/1704/1437 3440/1719/1437 3438/1717/1437
f 3427/1706/1438 3428/1707/1438 3441/1720/1438
f 3427/1706/1438 3441/1720/1438 3440/1719/1438
f 3428/1707/1439 3429/1708/1439 3442/1721/1439
f 3428/1707/1439 3442/1721/1439 3441/1720/1439
f 3429/1708/1440 3430/1709/1440 3443/1722/1440
f 3429/1708/1440 3443/1722/1440 3442/1721/1440
f 3430/1709/1441 3419/1698/1441 3432/1711/1441
f 3430/1709/1441 3432/1711/1441 3443/1722/1441
f 3432/1711/1442 3431/1710/1442 3444/1723/1442
f 3432/1711/1442 3444/1723/1442 3445/1724/1442
f 3431/1710/1443 3433/1712/1443 3446/1725/1443
f 3431/1710/1443 3446/1725/1443 3444/1723/1443
f 3433/1712/1444 3434/1713/1444 3447/1726/1444
f 3433/1712/1444 3447/1726/1444 3446/1725/1444
f 3434/1713/1445 3435/1714/1445 3448/1727/1445
f 3434/1713/1445 3448/1727/1445 3447/1726/1445
f 3435/1714/1446 3436/1715/1446 3449/1728/1446
f 3435/1714/1446 3449/1728/1446 3448/1727/1446
f 3436/1715/1447 3437/1716/1447 3450/1729/1447
f 3436/1715/1447 3450/1729/1447 3449/1728/1447
f 3439/1718/1448 3438/1717/1448 3451/1730/1448
f 3439/1718/1448 3451/1730/1448 3452/1731/1448
f 3438/1717/1449 3440/1719/1449 3453/1732/1449
f 3438/1717/1449 3453/1732/1449 3451/1730/1449
f 3440/1719/1450 3441/1720/1450 3454/1733/1450
f 3440/1719/1450 3454/1733/1450 3453/1732/1450
f 3441/1720/1451 3442/1721/1451 3455/1734/1451
f 3441/1720/1451 3455/1734/1451 3454/1733/1451
f 3442/1721/1452 3443/1722/1452 3456/1735/1452
f 3442/1721/1452 3456/1735/1452 3455/1734/1452
f 3443/1722/1453 3432/1711/1453 3445/1724/1453
f 3443/1722/1453 3445/1724/1453 3456/1735/1453
f 3445/1724/1454 3444/1723/1454 3457/1736/1454
f 3445/1724/1454 3457/1736/1454 3458/1737/1454
f 3444/1723/1455 3446/1725/1455 3459/1738/1455
f 3444/1723/1455 3459/1738/1455 3457/1736/1455
f 3446/1725/1456 3447/1726/1456 3460/1739/1456
f 3446/1725/1456 3460/1739/1456 3459/1738/1456
f 3447/1726/1457 3448/1727/1457 3461/1740/1457
f 3447/1726/1457 3461/1740/1457 3460/1739/1457
f 3448/1727/1458 3449/1728/1458 3462/1741/1458
f 3448/1727/1458 3462/1741/1458 3461/1740/1458
f 3449/1728/1459 3450/1729/1459 3463/1742/1459
f 3449/1728/1459 3463/1742/1459 3462/1741/1459
f 3452/1731/1460 3451/1730/1460 3464/1743/1460
f 3452/1731/1460 3464/1743/1460 3465/1744/1460
f 3451/1730/1461 3453/1732/1461 3466/1745/1461
f 3451/1730/1461 3466/1745/1461 3464/1743/1461
f 3453/1732/1462 3454/1733/1462 3467/1746/1462
f 3453/1732/1462 3467/1746/1462 3466/1745/1462
f 3454/1733/1463 3455/1734/1463 3468/1747/1463
f 3454/1733/1463 3468/1747/1463 3467/1746/1463
f 3455/1734/1464 3456/1735/1464 3469/1748/1464
f 3455/1734/1464 3469/1748/1464 3468/1747/1464
f 3456/1735/1465 3445/1724/1465 3458/1737/1465
f 3456/1735/1465 3458/1737/1465 3469/1748/1465
f 3458/1737/1466 3457/1736/1466 3237/1520/1466
f 3458/1737/1466 3237/1520/1466 3236/1519/1466
f 3457/1736/1467 3459/1738/1467 3240/1523/1467
f 3457/1736/1467 3240/1523/1467 3237/1520/1467
f 3459/1738/1468 3460/1739/1468 3242/1525/1468
f 3459/1738/1468 3242/1525/1468 3240/1523/1468
f 3460/1739/1469 3461/1740/1469 3244/1527/1469
f 3460/1739/1469 3244/1527/1469 3242/1525/1469
f 3461/1740/1470 3462/1741/1470 3246/1529/1470
f 3461/1740/1470 3246/1529/1470 3244/1527/1470
f 3462/1741/1471 3463/1742/1471 3248/1531/1471
f 3462/1741/1471 3248/1531/1471 3246/1529/1471
f 3465/1744/1472 3464/1743/1472 3251/1534/1472
f 3465/1744/1472 3251/1534/1472 3250/1533/1472
f 3464/1743/1473 3466/1745/1473 3254/1537/1473
f 3464/1743/1473 3254/1537/1473 3251/1534/1473
f 3466/1745/1474 3467/1746/1474 3256/1539/1474
f 3466/1745/1474 3256/1539/1474 3254/1537/1474
f 3467/1746/1475 3468/1747/1475 3258/1541/1475
f 3467/1746/1475 3258/1541/1475 3256/1539/1475
f 3468/1747/1476 3469/1748/1476 3260/1543/1476
f 3468/1747/1476 3260/1543/1476 3258/1541/1476
f 3469/1748/1477 3458/1737/1477 3236/1519/1477
f 3469/1748/1477 3236/1519/1477 3260/1543/1477
f 3470/1519/1274 3471/1520/1274 3472/1521/1274
f 3470/1519/1274 3472/1521/1274 3473/1522/1274
f 3471/1520/1478 3474/1523/1478 3475/1524/1478
f 3471/1520/1478 3475/1524/1478 3472/1521/1478
f 3474/1523/1479 3476/1525/1479 3477/1526/1479
f 3474/1523/1479 3477/1526/1479 3475/1524/1479
f 3476/1525/1480 3478/1527/1480 3479/1528/1480
f 3476/1525/1480 3479/1528/1480 3477/1526/1480
f 3478/1527/1481 3480/1529/1481 3481/1530/1481
f 3478/1527/1481 3481/1530/1481 3479/1528/1481
f 3480/1529/1482 3482/1531/1482 3483/1532/1482
f 3480/1529/1482 3483/1532/1482 3481/1530/1482
f 3484/1533/1483 3485/1534/1483 3486/1535/1483
f 3484/1533/1483 3486/1535/1483 3487/1536/1483
f 3485/1534/1281 3488/1537/1281 3489/1538/1281
f 3485/1534/1281 3489/1538/1281 3486/1535/1281
f 3488/1537/1484 3490/1539/1484 3491/1540/1484
f 3488/1537/1484 3491/1540/1484 3489/1538/1484
f 3490/1539/1485 3492/1541/1485 3493/1542/1485
f 3490/1539/1485 3493/1542/1485 3491/1540/1485
f 3492/1541/1284 3494/1543/1284 3495/1544/1284
f 3492/1541/1284 3495/1544/1284 3493/1542/1284
f 3494/1543/1285 3470/1519/1285 3473/1522/1285
f 3494/1543/1285 3473/1522/1285 3495/1544/1285
f 3473/1522/1486 3472/1521/1486 3496/1545/1486
f 3473/1522/1486 3496/1545/1486 3497/1546/1486
f 3472/1521/1487 3475/1524/1487 3498/1547/1487
f 3472/1521/1487 3498/1547/1487 3496/1545/1487
f 3475/1524/1488 3477/1526/1488 3499/1548/1488
f 3475/1524/1488 3499/1548/1488 3498/1547/1488
f 3477/1526/1489 3479/1528/1489 3500/1549/1489
f 3477/1526/1489 3500/1549/1489 3499/1548/1489
f 3479/1528/1490 3481/1530/1490 3501/1550/1490
f 3479/1528/1490 3501/1550/1490 3500/1549/1490
f 3481/1530/1491 3483/1532/1491 3502/1551/1491
f 3481/1530/1491 3502/1551/1491 3501/1550/1491
f 3487/1536/1492 3486/1535/1492 3503/1552/1492
f 3487/1536/1492 3503/1552/1492 3504/1553/1492
f 3486/1535/1493 3489/1538/1493 3505/1554/1493
f 3486/1535/1493 3505/1554/1493 3503/1552/1493
f 3489/1538/1494 3491/1540/1494 3506/1555/1494
f 3489/1538/1494 3506/1555/1494 3505/1554/1494
f 3491/1540/1495 3493/1542/1495 3507/1556/1495
f 3491/1540/1495 3507/1556/1495 3506/1555/1495
f 3493/1542/1496 3495/1544/1496 3508/1557/1496
f 3493/1542/1496 3508/1557/1496 3507/1556/1496
f 3495/1544/1497 3473/1522/1497 3497/1546/1497
f 3495/1544/1497 3497/1546/1497 3508/1557/1497
f 3497/1546/1498 3496/1545/1498 3509/1558/1498
f 3497/1546/1498 3509/1558/1498 3510/1559/1498
f 3496/1545/1499 3498/1547/1499 3511/1560/1499
f 3496/1545/1499 3511/1560/1499 3509/1558/1499
f 3498/1547/1500 3499/1548/1500 3512/1561/1500
f 3498/1547/1500 3512/1561/1500 3511/1560/1500
f 3499/1548/1501 3500/1549/1501 3513/1562/1501
f 3499/1548/1501 3513/1562/1501 3512/1561/1501
f 3500/1549/1502 3501/1550/1502 3514/1563/1502
f 3500/1549/1502 3514/1563/1502 3513/1562/1502
f 3501/1550/1503 3502/1551/1503 3515/1564/1503
f 3501/1550/1503 3515/1564/1503 3514/1563/1503
f 3504/1553/1504 3503/1552/1504 3516/1565/1504
f 3504/1553/1504 3516/1565/1504 3517/1566/1504
f 3503/1552/1505 3505/1554/1505 3518/1567/1505
f 3503/1552/1505 3518/1567/1505 3516/1565/1505
f 3505/1554/1506 3506/1555/1506 3519/1568/1506
f 3505/1554/1506 3519/1568/1506 3518/1567/1506
f 3506/1555/1507 3507/1556/1507 3520/1569/1507
f 3506/1555/1507 3520/1569/1507 3519/1568/1507
f 3507/1556/1508 3508/1557/1508 3521/1570/1508
f 3507/1556/1508 3521/1570/1508 3520/1569/1508
f 3508/1557/1509 3497/1546/1509 3510/1559/1509
f 3508/1557/1509 3510/1559/1509 3521/1570/1509
f 3510/1559/1310 3509/1558/1310 3522/1571/1310
f 3510/1559/1310 3522/1571/1310 3523/1572/1310
f 3509/1558/1510 3511/1560/1510 3524/1573/1510
f 3509/1558/1510 3524/1573/1510 3522/1571/1510
f 3511/1560/1511 3512/1561/1511 3525/1574/1511
f 3511/1560/1511 3525/1574/1511 3524/1573/1511
f 3512/1561/1512 3513/1562/1512 3526/1575/1512
f 3512/1561/1512 3526/1575/1512 3525/1574/1512
f 3513/1562/1513 3514/1563/1513 3527/1576/1513
f 3513/1562/1513 3527/1576/1513 3526/1575/1513
f 3514/1563/1514 3515/1564/1514 3528/1577/1514
f 3514/1563/1514 3528/1577/1514 3527/1576/1514
f 3517/1566/1515 3516/1565/1515 3529/1578/1515
f 3517/1566/1515 3529/1578/1515 3530/1579/1515
f 3516/1565/1317 3518/1567/1317 3531/1580/1317
f 3516/1565/1317 3531/1580/1317 3529/1578/1317
f 3518/1567/1516 3519/1568/1516 3532/1581/1516
f 3518/1567/1516 3532/1581/1516 3531/1580/1516
f 3519/1568/1517 3520/1569/1517 3533/1582/1517
f 3519/1568/1517 3533/1582/1517 3532/1581/1517
f 3520/1569/1518 3521/1570/1518 3534/1583/1518
f 3520/1569/1518 3534/1583/1518 3533/1582/1518
f 3521/1570/1321 3510/1559/1321 3523/1572/1321
f 3521/1570/1321 3523/1572/1321 3534/1583/1321
f 3523/1572/1519 3522/1571/1519 3535/1584/1519
f 3523/1572/1519 3535/1584/1519 3536/1585/1519
f 3522/1571/1520 3524/1573/1520 3537/1586/1520
f 3522/1571/1520 3537/1586/1520 3535/1584/1520
f 3524/1573/1324 3525/1574/1324 3538/1587/1324
f 3524/1573/1324 3538/1587/1324 3537/1586/1324
f 3525/1574/1325 3526/1575/1325 3539/1588/1325
f 3525/1574/1325 3539/1588/1325 3538/1587/1325
f 3526/1575/1521 3527/1576/1521 3540/1589/1521
f 3526/1575/1521 3540/1589/1521 3539/1588/1521
f 3527/1576/1522 3528/1577/1522 3541/1590/1522
f 3527/1576/1522 3541/1590/1522 3540/1589/1522
f 3530/1579/1523 3529/1578/1523 3542/1591/1523
f 3530/1579/1523 3542/1591/1523 3543/1592/1523
f 3529/1578/1524 3531/1580/1524 3544/1593/1524
f 3529/1578/1524 3544/1593/1524 3542/1591/1524
f 3531/1580/1525 3532/1581/1525 3545/1594/1525
f 3531/1580/1525 3545/1594/1525 3544/1593/1525
f 3532/1581/1526 3533/1582/1526 3546/1595/1526
f 3532/1581/1526 3546/1595/1526 3545/1594/1526
f 3533/1582/1332 3534/1583/1332 3547/1596/1332
f 3533/1582/1332 3547/1596/1332 3546/1595/1332
f 3534/1583/1527 3523/1572/1527 3536/1585/1527
f 3534/1583/1527 3536/1585/1527 3547/1596/1527
f 3536/1585/1528 3535/1584/1528 3548/1597/1528
f 3536/1585/1528 3548/1597/1528 3549/1598/1528
f 3535/1584/1529 3537/1586/1529 3550/1599/1529
f 3535/1584/1529 3550/1599/1529 3548/1597/1529
f 3537/1586/1530 3538/1587/1530 3551/1600/1530
f 3537/1586/1530 3551/1600/1530 3550/1599/1530
f 3538/1587/1531 3539/1588/1531 3552/1601/1531
f 3538/1587/1531 3552/1601/1531 3551/1600/1531
f 3539/1588/1532 3540/1589/1532 3553/1602/1532
f 3539/1588/1532 3553/1602/1532 3552/1601/1532
f 3540/1589/1533 3541/1590/1533 3554/1603/1533
f 3540/1589/1533 3554/1603/1533 3553/1602/1533
f 3543/1592/1534 3542/1591/1534 3555/1604/1534
f 3543/1592/1534 3555/1604/1534 3556/1605/1534
f 3542/1591/1535 3544/1593/1535 3557/1606/1535
f 3542/1591/1535 3557/1606/1535 3555/1604/1535
f 3544/1593/1536 3545/1594/1536 3558/1607/1536
f 3544/1593/1536 3558/1607/1536 3557/1606/1536
f 3545/1594/1537 3546/1595/1537 3559/1608/1537
f 3545/1594/1537 3559/1608/1537 3558/1607/1537
f 3546/1595/1538 3547/1596/1538 3560/1609/1538
f 3546/1595/1538 3560/1609/1538 3559/1608/1538
f 3547/1596/1539 3536/1585/1539 3549/1598/1539
f 3547/1596/1539 3549/1598/1539 3560/1609/1539
f 3549/1598/1346 3548/1597/1346 3561/1610/1346
f 3549/1598/1346 3561/1610/1346 3562/1611/1346
f 3548/1597/1540 3550/1599/1540 3563/1612/1540
f 3548/1597/1540 3563/1612/1540 3561/1610/1540
f 3550/1599/1541 3551/1600/1541 3564/1613/1541
f 3550/1599/1541 3564/1613/1541 3563/1612/1541
f 3551/1600/1542 3552/1601/1542 3565/1614/1542
f 3551/1600/1542 3565/1614/1542 3564/1613/1542
f 3552/1601/1543 3553/1602/1543 3566/1615/1543
f 3552/1601/1543 3566/1615/1543 3565/1614/1543
f 3553/1602/1544 3554/1603/1544 3567/1616/1544
f 3553/1602/1544 3567/1616/1544 3566/1615/1544
f 3556/1605/1545 3555/1604/1545 3568/1617/1545
f 3556/1605/1545 3568/1617/1545 3569/1618/1545
f 3555/1604/1546 3557/1606/1546 3570/1619/1546
f 3555/1604/1546 3570/1619/1546 3568/1617/1546
f 3557/1606/1547 3558/1607/1547 3571/1620/1547
f 3557/1606/1547 3571/1620/1547 3570/1619/1547
f 3558/1607/1548 3559/1608/1548 3572/1621/1548
f 3558/1607/1548 3572/1621/1548 3571/1620/1548
f 3559/1608/1549 3560/1609/1549 3573/1622/1549
f 3559/1608/1549 3573/1622/1549 3572/1621/1549
f 3560/1609/1357 3549/1598/1357 3562/1611/1357
f 3560/1609/1357 3562/1611/1357 3573/1622/1357
f 3562/1611/1550 3561/1610/1550 3574/1623/1550
f 3562/1611/1550 3574/1623/1550 3575/1453/1550
f 3561/1610/1551 3563/1612/1551 3576/1624/1551
f 3561/1610/1551 3576/1624/1551 3574/1623/1551
f 3563/1612/1552 3564/1613/1552 3577/1625/1552
f 3563/1612/1552 3577/1625/1552 3576/1624/1552
f 3564/1613/1553 3565/1614/1553 3578/1626/1553
f 3564/1613/1553 3578/1626/1553 3577/1625/1553
f 3565/1614/1554 3566/1615/1554 3579/1627/1554
f 3565/1614/1554 3579/1627/1554 3578/1626/1554
f 3566/1615/1363 3567/1616/1363 3580/1456/1363
f 3566/1615/1363 3580/1456/1363 3579/1627/1363
f 3569/1618/1364 3568/1617/1364 3581/1628/1364
f 3569/1618/1364 3581/1628/1364 3582/1629/1364
f 3568/1617/1555 3570/1619/1555 3583/1630/1555
f 3568/1617/1555 3583/1630/1555 3581/1628/1555
f 3570/1619/1556 3571/1620/1556 3584/1631/1556
f 3570/1619/1556 3584/1631/1556 3583/1630/1556
f 3571/1620/1557 3572/1621/1557 3585/1632/1557
f 3571/1620/1557 3585/1632/1557 3584/1631/1557
f 3572/1621/1558 3573/1622/1558 3586/1633/1558
f 3572/1621/1558 3586/1633/1558 3585/1632/1558
f 3573/1622/1559 3562/1611/1559 3575/1453/1559
f 3573/1622/1559 3575/1453/1559 3586/1633/1559
f 3587/1517/1560 3588/1634/1560 3589/1635/1560
f 3587/1517/1560 3589/1635/1560 3590/1636/1560
f 3588/1634/1561 3591/1637/1561 3592/1638/1561
f 3588/1634/1561 3592/1638/1561 3589/1635/1561
f 3591/1637/1562 3593/1639/1562 3594/1640/1562
f 3591/1637/1562 3594/1640/1562 3592/1638/1562
f 3593/1639/1563 3595/1641/1563 3596/1642/1563
f 3593/1639/1563 3596/1642/1563 3594/1640/1563
f 3595/1641/1564 3597/1643/1564 3598/1644/1564
f 3595/1641/1564 3598/1644/1564 3596/1642/1564
f 3597/1643/1375 3599/1518/1375 3600/1645/1375
f 3597/1643/1375 3600/1645/1375 3598/1644/1375
f 3601/1646/1376 3602/1647/1376 3603/1648/1376
f 3601/1646/1376 3603/1648/1376 3604/1649/1376
f 3602/1647/1565 3605/1650/1565 3606/1651/1565
f 3602/1647/1565 3606/1651/1565 3603/1648/1565
f 3605/1650/1566 3607/1652/1566 3608/1653/1566
f 3605/1650/1566 3608/1653/1566 3606/1651/1566
f 3607/1652/1567 3609/1654/1567 3610/1655/1567
f 3607/1652/1567 3610/1655/1567 3608/1653/1567
f 3609/1654/1568 3611/1656/1568 3612/1657/1568
f 3609/1654/1568 3612/1657/1568 3610/1655/1568
f 3611/1656/1569 3587/1517/1569 3590/1636/1569
f 3611/1656/1569 3590/1636/1569 3612/1657/1569
f 3590/1636/1382 3589/1635/1382 3613/1658/1382
f 3590/1636/1382 3613/1658/1382 3614/1659/1382
f 3589/1635/1570 3592/1638/1570 3615/1660/1570
f 3589/1635/1570 3615/1660/1570 3613/1658/1570
f 3592/1638/1571 3594/1640/1571 3616/1661/1571
f 3592/1638/1571 3616/1661/1571 3615/1660/1571
f 3594/1640/1385 3596/1642/1385 3617/1662/1385
f 3594/1640/1385 3617/1662/1385 3616/1661/1385
f 3596/1642/1572 3598/1644/1572 3618/1663/1572
f 3596/1642/1572 3618/1663/1572 3617/1662/1572
f 3598/1644/1387 3600/1645/1387 3619/1664/1387
f 3598/1644/1387 3619/1664/1387 3618/1663/1387
f 3604/1649/1388 3603/1648/1388 3620/1665/1388
f 3604/1649/1388 3620/1665/1388 3621/1666/1388
f 3603/1648/1573 3606/1651/1573 3622/1667/1573
f 3603/1648/1573 3622/1667/1573 3620/1665/1573
f 3606/1651/1574 3608/1653/1574 3623/1668/1574
f 3606/1651/1574 3623/1668/1574 3622/1667/1574
f 3608/1653/1575 3610/1655/1575 3624/1669/1575
f 3608/1653/1575 3624/1669/1575 3623/1668/1575
f 3610/1655/1576 3612/1657/1576 3625/1670/1576
f 3610/1655/1576 3625/1670/1576 3624/1669/1576
f 3612/1657/1393 3590/1636/1393 3614/1659/1393
f 3612/1657/1393 3614/1659/1393 3625/1670/1393
f 3614/1659/1577 3613/1658/1577 3626/1671/1577
f 3614/1659/1577 3626/1671/1577 3627/1672/1577
f 3613/1658/1578 3615/1660/1578 3628/1673/1578
f 3613/1658/1578 3628/1673/1578 3626/1671/1578
f 3615/1660/1579 3616/1661/1579 3629/1674/1579
f 3615/1660/1579 3629/1674/1579 3628/1673/1579
f 3616/1661/1580 3617/1662/1580 3630/1675/1580
f 3616/1661/1580 3630/1675/1580 3629/1674/1580
f 3617/1662/1581 3618/1663/1581 3631/1676/1581
f 3617/1662/1581 3631/1676/1581 3630/1675/1581
f 3618/1663/1582 3619/1664/1582 3632/1677/1582
f 3618/1663/1582 3632/1677/1582 3631/1676/1582
f 3621/1666/1583 3620/1665/1583 3633/1678/1583
f 3621/1666/1583 3633/1678/1583 3634/1679/1583
f 3620/1665/1584 3622/1667/1584 3635/1680/1584
f 3620/1665/1584 3635/1680/1584 3633/1678/1584
f 3622/1667/1585 3623/1668/1585 3636/1681/1585
f 3622/1667/1585 3636/1681/1585 3635/1680/1585
f 3623/1668/1586 3624/1669/1586 3637/1682/1586
f 3623/1668/1586 3637/1682/1586 3636/1681/1586
f 3624/1669/1587 3625/1670/1587 3638/1683/1587
f 3624/1669/1587 3638/1683/1587 3637/1682/1587
f 3625/1670/1588 3614/1659/1588 3627/1672/1588
f 3625/1670/1588 3627/1672/1588 3638/1683/1588
f 3627/1672/1589 3626/1671/1589 3639/1684/1589
f 3627/1672/1589 3639/1684/1589 3640/1685/1589
f 3626/1671/1590 3628/1673/1590 3641/1686/1590
f 3626/1671/1590 3641/1686/1590 3639/1684/1590
f 3628/1673/1408 3629/1674/1408 3642/1687/1408
f 3628/1673/1408 3642/1687/1408 3641/1686/1408
f 3629/1674/1409 3630/1675/1409 3643/1688/1409
f 3629/1674/1409 3643/1688/1409 3642/1687/1409
f 3630/1675/1591 3631/1676/1591 3644/1689/1591
f 3630/1675/1591 3644/1689/1591 3643/1688/1591
f 3631/1676/1592 3632/1677/1592 3645/1690/1592
f 3631/1676/1592 3645/1690/1592 3644/1689/1592
f 3634/1679/1593 3633/1678/1593 3646/1691/1593
f 3634/1679/1593 3646/1691/1593 3647/1692/1593
f 3633/1678/1594 3635/1680/1594 3648/1693/1594
f 3633/1678/1594 3648/1693/1594 3646/1691/1594
f 3635/1680/1595 3636/1681/1595 3649/1694/1595
f 3635/1680/1595 3649/1694/1595 3648/1693/1595
f 3636/1681/1596 3637/1682/1596 3650/1695/1596
f 3636/1681/1596 3650/1695/1596 3649/1694/1596
f 3637/1682/1597 3638/1683/1597 3651/1696/1597
f 3637/1682/1597 3651/1696/1597 3650/1695/1597
f 3638/1683/1598 3627/1672/1598 3640/1685/1598
f 3638/1683/1598 3640/1685/1598 3651/1696/1598
f 3640/1685/1599 3639/1684/1599 3652/1697/1599
f 3640/1685/1599 3652/1697/1599 3653/1698/1599
f 3639/1684/1600 3641/1686/1600 3654/1699/1600
f 3639/1684/1600 3654/1699/1600 3652/1697/1600
f 3641/1686/1420 3642/1687/1420 3655/1700/1420
f 3641/1686/1420 3655/1700/1420 3654/1699/1420
f 3642/1687/1421 3643/1688/1421 3656/1701/1421
f 3642/1687/1421 3656/1701/1421 3655/1700/1421
f 3643/1688/1601 3644/1689/1601 3657/1702/1601
f 3643/1688/1601 3657/1702/1601 3656/1701/1601
f 3644/1689/1602 3645/1690/1602 3658/1703/1602
f 3644/1689/1602 3658/1703/1602 3657/1702/1602
f 3647/1692/1603 3646/1691/1603 3659/1704/1603
f 3647/1692/1603 3659/1704/1603 3660/1705/1603
f 3646/1691/1604 3648/1693/1604 3661/1706/1604
f 3646/1691/1604 3661/1706/1604 3659/1704/1604
f 3648/1693/1605 3649/1694/1605 3662/1707/1605
f 3648/1693/1605 3662/1707/1605 3661/1706/1605
f 3649/1694/1606 3650/1695/1606 3663/1708/1606
f 3649/1694/1606 3663/1708/1606 3662/1707/1606
f 3650/1695/1607 3651/1696/1607 3664/1709/1607
f 3650/1695/1607 3664/1709/1607 3663/1708/1607
f 3651/1696/1608 3640/1685/1608 3653/1698/1608
f 3651/1696/1608 3653/1698/1608 3664/1709/1608
f 3653/1698/1430 3652/1697/1430 3665/1710/1430
f 3653/1698/1430 3665/1710/1430 3666/1711/1430
f 3652/1697/1609 3654/1699/1609 3667/1712/1609
f 3652/1697/1609 3667/1712/1609 3665/1710/1609
f 3654/1699/1610 3655/1700/1610 3668/1713/1610
f 3654/1699/1610 3668/1713/1610 3667/1712/1610
f 3655/1700/1611 3656/1701/1611 3669/1714/1611
f 3655/1700/1611 3669/1714/1611 3668/1713/1611
f 3656/1701/1612 3657/1702/1612 3670/1715/1612
f 3656/1701/1612 3670/1715/1612 3669/1714/1612
f 3657/1702/1613 3658/1703/1613 3671/1716/1613
f 3657/1702/1613 3671/1716/1613 3670/1715/1613
f 3660/1705/1614 3659/1704/1614 3672/1717/1614
f 3660/1705/1614 3672/1717/1614 3673/1718/1614
f 3659/1704/1437 3661/1706/1437 3674/1719/1437
f 3659/1704/1437 3674/1719/1437 3672/1717/1437
f 3661/1706/1615 3662/1707/1615 3675/1720/1615
f 3661/1706/1615 3675/1720/1615 3674/1719/1615
f 3662/1707/1616 3663/1708/1616 3676/1721/1616
f 3662/1707/1616 3676/1721/1616 3675/1720/1616
f 3663/1708/1617 3664/1709/1617 3677/1722/1617
f 3663/1708/1617 3677/1722/1617 3676/1721/1617
f 3664/1709/1441 3653/1698/1441 3666/1711/1441
f 3664/1709/1441 3666/1711/1441 3677/1722/1441
f 3666/1711/1442 3665/1710/1442 3678/1723/1442
f 3666/1711/1442 3678/1723/1442 3679/1724/1442
f 3665/1710/1618 3667/1712/1618 3680/1725/1618
f 3665/1710/1618 3680/1725/1618 3678/1723/1618
f 3667/1712/1619 3668/1713/1619 3681/1726/1619
f 3667/1712/1619 3681/1726/1619 3680/1725/1619
f 3668/1713/1620 3669/1714/1620 3682/1727/1620
f 3668/1713/1620 3682/1727/1620 3681/1726/1620
f 3669/1714/1621 3670/1715/1621 3683/1728/1621
f 3669/1714/1621 3683/1728/1621 3682/1727/1621
f 3670/1715/1622 3671/1716/1622 3684/1729/1622
f 3670/1715/1622 3684/1729/1622 3683/1728/1622
f 3673/1718/1623 3672/1717/1623 3685/1730/1623
f 3673/1718/1623 3685/1730/1623 3686/1731/1623
f 3672/1717/1624 3674/1719/1624 3687/1732/1624
f 3672/1717/1624 3687/1732/1624 3685/1730/1624
f 3674/1719/1625 3675/1720/1625 3688/1733/1625
f 3674/1719/1625 3688/1733/1625 3687/1732/1625
f 3675/1720/1626 3676/1721/1626 3689/1734/1626
f 3675/1720/1626 3689/1734/1626 3688/1733/1626
f 3676/1721/1627 3677/1722/1627 3690/1735/1627
f 3676/1721/1627 3690/1735/1627 3689/1734/1627
f 3677/1722/1453 3666/1711/1453 3679/1724/1453
f 3677/1722/1453 3679/1724/1453 3690/1735/1453
f 3679/1724/1628 3678/1723/1628 3691/1736/1628
f 3679/1724/1628 3691/1736/1628 3692/1737/1628
f 3678/1723/1629 3680/1725/1629 3693/1738/1629
f 3678/1723/1629 3693/1738/1629 3691/1736/1629
f 3680/1725/1456 3681/1726/1456 3694/1739/1456
f 3680/1725/1456 3694/1739/1456 3693/1738/1456
f 3681/1726/1630 3682/1727/1630 3695/1740/1630
f 3681/1726/1630 3695/1740/1630 3694/1739/1630
f 3682/1727/1631 3683/1728/1631 3696/1741/1631
f 3682/1727/1631 3696/1741/1631 3695/1740/1631
f 3683/1728/1632 3684/1729/1632 3697/1742/1632
f 3683/1728/1632 3697/1742/1632 3696/1741/1632
f 3686/1731/1633 3685/1730/1633 3698/1743/1633
f 3686/1731/1633 3698/1743/1633 3699/1744/1633
f 3685/1730/1461 3687/1732/1461 3700/1745/1461
f 3685/1730/1461 3700/1745/1461 3698/1743/1461
f 3687/1732/1634 3688/1733/1634 3701/1746/1634
f 3687/1732/1634 3701/1746/1634 3700/1745/1634
f 3688/1733/1635 3689/1734/1635 3702/1747/1635
f 3688/1733/1635 3702/1747/1635 3701/1746/1635
f 3689/1734/1636 3690/1735/1636 3703/1748/1636
f 3689/1734/1636 3703/1748/1636 3702/1747/1636
f 3690/1735/1637 3679/1724/1637 3692/1737/1637
f 3690/1735/1637 3692/1737/1637 3703/1748/1637
f 3692/1737/1638 3691/1736/1638 3471/1520/1638
f 3692/1737/1638 3471/1520/1638 3470/1519/1638
f 3691/1736/1639 3693/1738/1639 3474/1523/1639
f 3691/1736/1639 3474/1523/1639 3471/1520/1639
f 3693/1738/1640 3694/1739/1640 3476/1525/1640
f 3693/1738/1640 3476/1525/1640 3474/1523/1640
f 3694/1739/1469 3695/1740/1469 3478/1527/1469
f 3694/1739/1469 3478/1527/1469 3476/1525/1469
f 3695/1740/1641 3696/1741/1641 3480/1529/1641
f 3695/1740/1641 3480/1529/1641 3478/1527/1641
f 3696/1741/1642 3697/1742/1642 3482/1531/1642
f 3696/1741/1642 3482/1531/1642 3480/1529/1642
f 3699/1744/1643 3698/1743/1643 3485/1534/1643
f 3699/1744/1643 3485/1534/1643 3484/1533/1643
f 3698/1743/1644 3700/1745/1644 3488/1537/1644
f 3698/1743/1644 3488/1537/1644 3485/1534/1644
f 3700/1745/1645 3701/1746/1645 3490/1539/1645
f 3700/1745/1645 3490/1539/1645 3488/1537/1645
f 3701/1746/1646 3702/1747/1646 3492/1541/1646
f 3701/1746/1646 3492/1541/1646 3490/1539/1646
f 3702/1747/1647 3703/1748/1647 3494/1543/1647
f 3702/1747/1647 3494/1543/1647 3492/1541/1647
f 3703/1748/1648 3692/1737/1648 3470/1519/1648
f 3703/1748/1648 3470/1519/1648 3494/1543/1648
f 3704/1519/1274 3705/1520/1274 3706/1521/1274
f 3704/1519/1274 3706/1521/1274 3707/1522/1274
f 3705/1520/1478 3708/1523/1478 3709/1524/1478
f 3705/1520/1478 3709/1524/1478 3706/1521/1478
f 3708/1523/1479 3710/1525/1479 3711/1526/1479
f 3708/1523/1479 3711/1526/1479 3709/1524/1479
f 3710/1525/1480 3712/1527/1480 3713/1528/1480
f 3710/1525/1480 3713/1528/1480 3711/1526/1480
f 3712/1527/1481 3714/1529/1481 3715/1530/1481
f 3712/1527/1481 3715/1530/1481 3713/1528/1481
f 3714/1529/1482 3716/1531/1482 3717/1532/1482
f 3714/1529/1482 3717/1532/1482 3715/1530/1482
f 3718/1533/1483 3719/1534/1483 3720/1535/1483
f 3718/1533/1483 3720/1535/1483 3721/1536/1483
f 3719/1534/1281 3722/1537/1281 3723/1538/1281
f 3719/1534/1281 3723/1538/1281 3720/1535/1281
f 3722/1537/1484 3724/1539/1484 3725/1540/1484
f 3722/1537/1484 3725/1540/1484 3723/1538/1484
f 3724/1539/1485 3726/1541/1485 3727/1542/1485
f 3724/1539/1485 3727/1542/1485 3725/1540/1485
f 3726/1541/1284 3728/1543/1284 3729/1544/1284
f 3726/1541/1284 3729/1544/1284 3727/1542/1284
f 3728/1543/1285 3704/1519/1285 3707/1522/1285
f 3728/1543/1285 3707/1522/1285 3729/1544/1285
f 3707/1522/1486 3706/1521/1486 3730/1545/1486
f 3707/1522/1486 3730/1545/1486 3731/1546/1486
f 3706/1521/1487 3709/1524/1487 3732/1547/1487
f 3706/1521/1487 3732/1547/1487 3730/1545/1487
f 3709/1524/1488 3711/1526/1488 3733/1548/1488
f 3709/1524/1488 3733/1548/1488 3732/1547/1488
f 3711/1526/1489 3713/1528/1489 3734/1549/1489
f 3711/1526/1489 3734/1549/1489 3733/1548/1489
f 3713/1528/1490 3715/1530/1490 3735/1550/1490
f 3713/1528/1490 3735/1550/1490 3734/1549/1490
f 3715/1530/1491 3717/1532/1491 3736/1551/1491
f 3715/1530/1491 3736/1551/1491 3735/1550/1491
f 3721/1536/1492 3720/1535/1492 3737/1552/1492
f 3721/1536/1492 3737/1552/1492 3738/1553/1492
f 3720/1535/1493 3723/1538/1493 3739/1554/1493
f 3720/1535/1493 3739/1554/1493 3737/1552/1493
f 3723/1538/1494 3725/1540/1494 3740/1555/1494
f 3723/1538/1494 3740/1555/1494 3739/1554/1494
f 3725/1540/1495 3727/1542/1495 3741/1556/1495
f 3725/1540/1495 3741/1556/1495 3740/1555/1495
f 3727/1542/1496 3729/1544/1496 3742/1557/1496
f 3727/1542/1496 3742/1557/1496 3741/1556/1496
f 3729/1544/1497 3707/1522/1497 3731/1546/1497
f 3729/1544/1497 3731/1546/1497 3742/1557/1497
f 3731/1546/1498 3730/1545/1498 3743/1558/1498
f 3731/1546/1498 3743/1558/1498 3744/1559/1498
f 3730/1545/1499 3732/1547/1499 3745/1560/1499
f 3730/1545/1499 3745/1560/1499 3743/1558/1499
f 3732/1547/1500 3733/1548/1500 3746/1561/1500
f 3732/1547/1500 3746/1561/1500 3745/1560/1500
f 3733/1548/1501 3734/1549/1501 3747/1562/1501
f 3733/1548/1501 3747/1562/1501 3746/1561/1501
f 3734/1549/1502 3735/1550/1502 3748/1563/1502
f 3734/1549/1502 3748/1563/1502 3747/1562/1502
f 3735/1550/1503 3736/1551/1503 3749/1564/1503
f 3735/1550/1503 3749/1564/1503 3748/1563/1503
f 3738/1553/1504 3737/1552/1504 3750/1565/1504
f 3738/1553/1504 3750/1565/1504 3751/1566/1504
f 3737/1552/1505 3739/1554/1505 3752/1567/1505
f 3737/1552/1505 3752/1567/1505 3750/1565/1505
f 3739/1554/1506 3740/1555/1506 3753/1568/1506
f 3739/1554/1506 3753/1568/1506 3752/1567/1506
f 3740/1555/1507 3741/1556/1507 3754/1569/1507
f 3740/1555/1507 3754/1569/1507 3753/1568/1507
f 3741/1556/1508 3742/1557/1508 3755/1570/1508
f 3741/1556/1508 3755/1570/1508 3754/1569/1508
f 3742/1557/1509 3731/1546/1509 3744/1559/1509
f 3742/1557/1509 3744/1559/1509 3755/1570/1509
f 3744/1559/1310 3743/1558/1310 3756/1571/1310
f 3744/1559/1310 3756/1571/1310 3757/1572/1310
f 3743/1558/1510 3745/1560/1510 3758/1573/1510
f 3743/1558/1510 3758/1573/1510 3756/1571/1510
f 3745/1560/1511 3746/1561/1511 3759/1574/1511
f 3745/1560/1511 3759/1574/1511 3758/1573/1511
f 3746/1561/1512 3747/1562/1512 3760/1575/1512
f 3746/1561/1512 3760/1575/1512 3759/1574/1512
f 3747/1562/1513 3748/1563/1513 3761/1576/1513
f 3747/1562/1513 3761/1576/1513 3760/1575/1513
f 3748/1563/1514 3749/1564/1514 3762/1577/1514
f 3748/1563/1514 3762/1577/1514 3761/1576/1514
f 3751/1566/1515 3750/1565/1515 3763/1578/1515
f 3751/1566/1515 3763/1578/1515 3764/1579/1515
f 3750/1565/1317 3752/1567/1317 3765/1580/1317
f 3750/1565/1317 3765/1580/1317 3763/1578/1317
f 3752/1567/1516 3753/1568/1516 3766/1581/1516
f 3752/1567/1516 3766/1581/1516 3765/1580/1516
f 3753/1568/1517 3754/1569/1517 3767/1582/1517
f 3753/1568/1517 3767/1582/1517 3766/1581/1517
f 3754/1569/1518 3755/1570/1518 3768/1583/1518
f 3754/1569/1518 3768/1583/1518 3767/1582/1518
f 3755/1570/1321 3744/1559/1321 3757/1572/1321
f 3755/1570/1321 3757/1572/1321 3768/1583/1321
f 3757/1572/1519 3756/1571/1519 3769/1584/1519
f 3757/1572/1519 3769/1584/1519 3770/1585/1519
f 3756/1571/1520 3758/1573/1520 3771/1586/1520
f 3756/1571/1520 3771/1586/1520 3769/1584/1520
f 3758/1573/1324 3759/1574/1324 3772/1587/1324
f 3758/1573/1324 3772/1587/1324 3771/1586/1324
f 3759/1574/1325 3760/1575/1325 3773/1588/1325
f 3759/1574/1325 3773/1588/1325 3772/1587/1325
f 3760/1575/1521 3761/1576/1521 3774/1589/1521
f 3760/1575/1521 3774/1589/1521 3773/1588/1521
f 3761/1576/1522 3762/1577/1522 3775/1590/1522
f 3761/1576/1522 3775/1590/1522 3774/1589/1522
f 3764/1579/1523 3763/1578/1523 3776/1591/1523
f 3764/1579/1523 3776/1591/1523 3777/1592/1523
f 3763/1578/1524 3765/1580/1524 3778/1593/1524
f 3763/1578/1524 3778/1593/1524 3776/1591/1524
f 3765/1580/1525 3766/1581/1525 3779/1594/1525
f 3765/1580/1525 3779/1594/1525 3778/1593/1525
f 3766/1581/1526 3767/1582/1526 3780/1595/1526
f 3766/1581/1526 3780/1595/1526 3779/1594/1526
f 3767/1582/1332 3768/1583/1332 3781/1596/1332
f 3767/1582/1332 3781/1596/1332 3780/1595/1332
f 3768/1583/1527 3757/1572/1527 3770/1585/1527
f 3768/1583/1527 3770/1585/1527 3781/1596/1527
f 3770/1585/1528 3769/1584/1528 3782/1597/1528
f 3770/1585/1528 3782/1597/1528 3783/1598/1528
f 3769/1584/1529 3771/1586/1529 3784/1599/1529
f 3769/1584/1529 3784/1599/1529 3782/1597/1529
f 3771/1586/1530 3772/1587/1530 3785/1600/1530
f 3771/1586/1530 3785/1600/1530 3784/1599/1530
f 3772/1587/1531 3773/1588/1531 3786/1601/1531
f 3772/1587/1531 3786/1601/1531 3785/1600/1531
f 3773/1588/1532 3774/1589/1532 3787/1602/1532
f 3773/1588/1532 3787/1602/1532 3786/1601/1532
f 3774/1589/1533 3775/1590/1533 3788/1603/1533
f 3774/1589/1533 3788/1603/1533 3787/1602/1533
f 3777/1592/1534 3776/1591/1534 3789/1604/1534
f 3777/1592/1534 3789/1604/1534 3790/1605/1534
f 3776/1591/1535 3778/1593/1535 3791/1606/1535
f 3776/1591/1535 3791/1606/1535 3789/1604/1535
f 3778/1593/1536 3779/1594/1536 3792/1607/1536
f 3778/1593/1536 3792/1607/1536 3791/1606/1536
f 3779/1594/1537 3780/1595/1537 3793/1608/1537
f 3779/1594/1537 3793/1608/1537 3792/1607/1537
f 3780/1595/1538 3781/1596/1538 3794/1609/1538
f 3780/1595/1538 3794/1609/1538 3793/1608/1538
f 3781/1596/1539 3770/1585/1539 3783/1598/1539
f 3781/1596/1539 3783/1598/1539 3794/1609/1539
f 3783/1598/1346 3782/1597/1346 3795/1610/1346
f 3783/1598/1346 3795/1610/1346 3796/1611/1346
f 3782/1597/1540 3784/1599/1540 3797/1612/1540
f 3782/1597/1540 3797/1612/1540 3795/1610/1540
f 3784/1599/1541 3785/1600/1541 3798/1613/1541
f 3784/1599/1541 3798/1613/1541 3797/1612/1541
f 3785/1600/1542 3786/1601/1542 3799/1614/1542
f 3785/1600/1542 3799/1614/1542 3798/1613/1542
f 3786/1601/1543 3787/1602/1543 3800/1615/1543
f 3786/1601/1543 3800/1615/1543 3799/1614/1543
f 3787/1602/1544 3788/1603/1544 3801/1616/1544
f 3787/1602/1544 3801/1616/1544 3800/1615/1544
f 3790/1605/1545 3789/1604/1545 3802/1617/1545
f 3790/1605/1545 3802/1617/1545 3803/1618/1545
f 3789/1604/1546 3791/1606/1546 3804/1619/1546
f 3789/1604/1546 3804/1619/1546 3802/1617/1546
f 3791/1606/1547 3792/1607/1547 3805/1620/1547
f 3791/1606/1547 3805/1620/1547 3804/1619/1547
f 3792/1607/1548 3793/1608/1548 3806/1621/1548
f 3792/1607/1548 3806/1621/1548 3805/1620/1548
f 3793/1608/1549 3794/1609/1549 3807/1622/1549
f 3793/1608/1549 3807/1622/1549 3806/1621/1549
f 3794/1609/1357 3783/1598/1357 3796/1611/1357
f 3794/1609/1357 3796/1611/1357 3807/1622/1357
f 3796/1611/1550 3795/1610/1550 3808/1623/1550
f 3796/1611/1550 3808/1623/1550 3809/1453/1550
f 3795/1610/1551 3797/1612/1551 3810/1624/1551
f 3795/1610/1551 3810/1624/1551 3808/1623/1551
f 3797/1612/1552 3798/1613/1552 3811/1625/1552
f 3797/1612/1552 3811/1625/1552 3810/1624/1552
f 3798/1613/1553 3799/1614/1553 3812/1626/1553
f 3798/1613/1553 3812/1626/1553 3811/1625/1553
f 3799/1614/1554 3800/1615/1554 3813/1627/1554
f 3799/1614/1554 3813/1627/1554 3812/1626/1554
f 3800/1615/1363 3801/1616/1363 3814/1456/1363
f 3800/1615/1363 3814/1456/1363 3813/1627/1363
f 3803/1618/1364 3802/1617/1364 3815/1628/1364
f 3803/1618/1364 3815/1628/1364 3816/1629/1364
f 3802/1617/1555 3804/1619/1555 3817/1630/1555
f 3802/1617/1555 3817/1630/1555 3815/1628/1555
f 3804/1619/1556 3805/1620/1556 3818/1631/1556
f 3804/1619/1556 3818/1631/1556 3817/1630/1556
f 3805/1620/1557 3806/1621/1557 3819/1632/1557
f 3805/1620/1557 3819/1632/1557 3818/1631/1557
f 3806/1621/1558 3807/1622/1558 3820/1633/1558
f 3806/1621/1558 3820/1633/1558 3819/1632/1558
f 3807/1622/1559 3796/1611/1559 3809/1453/1559
f 3807/1622/1559 3809/1453/1559 3820/1633/1559
f 3821/1517/1560 3822/1634/1560 3823/1635/1560
f 3821/1517/1560 3823/1635/1560 3824/1636/1560
f 3822/1634/1561 3825/1637/1561 3826/1638/1561
f 3822/1634/1561 3826/1638/1561 3823/1635/1561
f 3825/1637/1562 3827/1639/1562 3828/1640/1562
f 3825/1637/1562 3828/1640/1562 3826/1638/1562
f 3827/1639/1563 3829/1641/1563 3830/1642/1563
f 3827/1639/1563 3830/1642/1563 3828/1640/1563
f 3829/1641/1564 3831/1643/1564 3832/1644/1564
f 3829/1641/1564 3832/1644/1564 3830/1642/1564
f 3831/1643/1375 3833/1518/1375 3834/1645/1375
f 3831/1643/1375 3834/1645/1375 3832/1644/1375
f 3835/1646/1376 3836/1647/1376 3837/1648/1376
f 3835/1646/1376 3837/1648/1376 3838/1649/1376
f 3836/1647/1565 3839/1650/1565 3840/1651/1565
f 3836/1647/1565 3840/1651/1565 3837/1648/1565
f 3839/1650/1566 3841/1652/1566 3842/1653/1566
f 3839/1650/1566 3842/1653/1566 3840/1651/1566
f 3841/1652/1567 3843/1654/1567 3844/1655/1567
f 3841/1652/1567 3844/1655/1567 3842/1653/1567
f 3843/1654/1568 3845/1656/1568 3846/1657/1568
f 3843/1654/1568 3846/1657/1568 3844/1655/1568
f 3845/1656/1569 3821/1517/1569 3824/1636/1569
f 3845/1656/1569 3824/1636/1569 3846/1657/1569
f 3824/1636/1382 3823/1635/1382 3847/1658/1382
f 3824/1636/1382 3847/1658/1382 3848/1659/1382
f 3823/1635/1570 3826/1638/1570 3849/1660/1570
f 3823/1635/1570 3849/1660/1570 3847/1658/1570
f 3826/1638/1571 3828/1640/1571 3850/1661/1571
f 3826/1638/1571 3850/1661/1571 3849/1660/1571
f 3828/1640/1385 3830/1642/1385 3851/1662/1385
f 3828/1640/1385 3851/1662/1385 3850/1661/1385
f 3830/1642/1572 3832/1644/1572 3852/1663/1572
f 3830/1642/1572 3852/1663/1572 3851/1662/1572
f 3832/1644/1387 3834/1645/1387 3853/1664/1387
f 3832/1644/1387 3853/1664/1387 3852/1663/1387
f 3838/1649/1388 3837/1648/1388 3854/1665/1388
f 3838/1649/1388 3854/1665/1388 3855/1666/1388
f 3837/1648/1573 3840/1651/1573 3856/1667/1573
f 3837/1648/1573 3856/1667/1573 3854/1665/1573
f 3840/1651/1574 3842/1653/1574 3857/1668/1574
f 3840/1651/1574 3857/1668/1574 3856/1667/1574
f 3842/1653/1575 3844/1655/1575 3858/1669/1575
f 3842/1653/1575 3858/1669/1575 3857/1668/1575
f 3844/1655/1576 3846/1657/1576 3859/1670/1576
f 3844/1655/1576 3859/1670/1576 3858/1669/1576
f 3846/1657/1393 3824/1636/1393 3848/1659/1393
f 3846/1657/1393 3848/1659/1393 3859/1670/1393
f 3848/1659/1577 3847/1658/1577 3860/1671/1577
f 3848/1659/1577 3860/1671/1577 3861/1672/1577
f 3847/1658/1578 3849/1660/1578 3862/1673/1578
f 3847/1658/1578 3862/1673/1578 3860/1671/1578
f 3849/1660/1579 3850/1661/1579 3863/1674/1579
f 3849/1660/1579 3863/1674/1579 3862/1673/1579
f 3850/1661/1580 3851/1662/1580 3864/1675/1580
f 3850/1661/1580 3864/1675/1580 3863/1674/1580
f 3851/1662/1581 3852/1663/1581 3865/1676/1581
f 3851/1662/1581 3865/1676/1581 3864/1675/1581
f 3852/1663/1582 3853/1664/1582 3866/1677/1582
f 3852/1663/1582 3866/1677/1582 3865/1676/1582
f 3855/1666/1583 3854/1665/1583 3867/1678/1583
f 3855/1666/1583 3867/1678/1583 3868/1679/1583
f 3854/1665/1584 3856/1667/1584 3869/1680/1584
f 3854/1665/1584 3869/1680/1584 3867/1678/1584
f 3856/1667/1585 3857/1668/1585 3870/1681/1585
f 3856/1667/1585 3870/1681/1585 3869/1680/1585
f 3857/1668/1586 3858/1669/1586 3871/1682/1586
f 3857/1668/1586 3871/1682/1586 3870/1681/1586
f 3858/1669/1587 3859/1670/1587 3872/1683/1587
f 3858/1669/1587 3872/1683/1587 3871/1682/1587
f 3859/1670/1588 3848/1659/1588 3861/1672/1588
f 3859/1670/1588 3861/1672/1588 3872/1683/1588
f 3861/1672/1589 3860/1671/1589 3873/1684/1589
f 3861/1672/1589 3873/1684/1589 3874/1685/1589
f 3860/1671/1590 3862/1673/1590 3875/1686/1590
f 3860/1671/1590 3875/1686/1590 3873/1684/1590
f 3862/1673/1408 3863/1674/1408 3876/1687/1408
f 3862/1673/1408 3876/1687/1408 3875/1686/1408
f 3863/1674/1409 3864/1675/1409 3877/1688/1409
f 3863/1674/1409 3877/1688/1409 3876/1687/1409
f 3864/1675/1591 3865/1676/1591 3878/1689/1591
f 3864/1675/1591 3878/1689/1591 3877/1688/1591
f 3865/1676/1592 3866/1677/1592 3879/1690/1592
f 3865/1676/1592 3879/1690/1592 3878/1689/1592
f 3868/1679/1593 3867/1678/1593 3880/1691/1593
f 3868/1679/1593 3880/1691/1593 3881/1692/1593
f 3867/1678/1594 3869/1680/1594 3882/1693/1594
f 3867/1678/1594 3882/1693/1594 3880/1691/1594
f 3869/1680/1595 3870/1681/1595 3883/1694/1595
f 3869/1680/1595 3883/1694/1595 3882/1693/1595
f 3870/1681/1596 3871/1682/1596 3884/1695/1596
f 3870/1681/1596 3884/1695/1596 3883/1694/1596
f 3871/1682/1597 3872/1683/1597 3885/1696/1597
f 3871/1682/1597 3885/1696/1597 3884/1695/1597
f 3872/1683/1598 3861/1672/1598 3874/1685/1598
f 3872/1683/1598 3874/1685/1598 3885/1696/1598
f 3874/1685/1599 3873/1684/1599 3886/1697/1599
f 3874/1685/1599 3886/1697/1599 3887/1698/1599
f 3873/1684/1600 3875/1686/1600 3888/1699/1600
f 3873/1684/1600 3888/1699/1600 3886/1697/1600
f 3875/1686/1420 3876/1687/1420 3889/1700/1420
f 3875/1686/1420 3889/1700/1420 3888/1699/1420
f 3876/1687/1421 3877/1688/1421 3890/1701/1421
f 3876/1687/1421 3890/1701/1421 3889/1700/1421
f 3877/1688/1601 3878/1689/1601 3891/1702/1601
f 3877/1688/1601 3891/1702/1601 3890/1701/1601
f 3878/1689/1602 3879/1690/1602 3892/1703/1602
f 3878/1689/1602 3892/1703/1602 3891/1702/1602
f 3881/1692/1603 3880/1691/1603 3893/1704/1603
f 3881/1692/1603 3893/1704/1603 3894/1705/1603
f 3880/1691/1604 3882/1693/1604 3895/1706/1604
f 3880/1691/1604 3895/1706/1604 3893/1704/1604
f 3882/1693/1605 3883/1694/1605 3896/1707/1605
f 3882/1693/1605 3896/1707/1605 3895/1706/1605
f 3883/1694/1606 3884/1695/1606 3897/1708/1606
f 3883/1694/1606 3897/1708/1606 3896/1707/1606
f 3884/1695/1607 3885/1696/1607 3898/1709/1607
f 3884/1695/1607 3898/1709/1607 3897/1708/1607
f 3885/1696/1608 3874/1685/1608 3887/1698/1608
f 3885/1696/1608 3887/1698/1608 3898/1709/1608
f 3887/1698/1430 3886/1697/1430 3899/1710/1430
f 3887/1698/1430 3899/1710/1430 3900/1711/1430
f 3886/1697/1609 3888/1699/1609 3901/1712/1609
f 3886/1697/1609 3901/1712/1609 3899/1710/1609
f 3888/1699/1610 3889/1700/1610 3902/1713/1610
f 3888/1699/1610 3902/1713/1610 3901/1712/1610
f 3889/1700/1611 3890/1701/1611 3903/1714/1611
f 3889/1700/1611 3903/1714/1611 3902/1713/1611
f 3890/1701/1612 3891/1702/1612 3904/1715/1612
f 3890/1701/1612 3904/1715/1612 3903/1714/1612
f 3891/1702/1613 3892/1703/1613 3905/1716/1613
f 3891/1702/1613 3905/1716/1613 3904/1715/1613
f 3894/1705/1614 3893/1704/1614 3906/1717/1614
f 3894/1705/1614 3906/1717/1614 3907/1718/1614
f 3893/1704/1437 3895/1706/1437 3908/1719/1437
f 3893/1704/1437 3908/1719/1437 3906/1717/1437
f 3895/1706/1615 3896/1707/1615 3909/1720/1615
f 3895/1706/1615 3909/1720/1615 3908/1719/1615
f 3896/1707/1616 3897/1708/1616 3910/1721/1616
f 3896/1707/1616 3910/1721/1616 3909/1720/1616
f 3897/1708/1617 3898/1709/1617 3911/1722/1617
f 3897/1708/1617 3911/1722/1617 3910/1721/1617
f 3898/1709/1441 3887/1698/1441 3900/1711/1441
f 3898/1709/1441 3900/1711/1441 3911/1722/1441
f 3900/1711/1442 3899/1710/1442 3912/1723/1442
f 3900/1711/1442 3912/1723/1442 3913/1724/1442
f 3899/1710/1618 3901/1712/1618 3914/1725/1618
f 3899/1710/1618 3914/1725/1618 3912/1723/1618
f 3901/1712/1619 3902/1713/1619 3915/1726/1619
f 3901/1712/1619 3915/1726/1619 3914/1725/1619
f 3902/1713/1620 3903/1714/1620 3916/1727/1620
f 3902/1713/1620 3916/1727/1620 3915/1726/1620
f 3903/1714/1621 3904/1715/1621 3917/1728/1621
f 3903/1714/1621 3917/1728/1621 3916/1727/1621
f 3904/1715/1622 3905/1716/1622 3918/1729/1622
f 3904/1715/1622 3918/1729/1622 3917/1728/1622
f 3907/1718/1623 3906/1717/1623 3919/1730/1623
f 3907/1718/1623 3919/1730/1623 3920/1731/1623
f 3906/1717/1624 3908/1719/1624 3921/1732/1624
f 3906/1717/1624 3921/1732/1624 3919/1730/1624
f 3908/1719/1625 3909/1720/1625 3922/1733/1625
f 3908/1719/1625 3922/1733/1625 3921/1732/1625
f 3909/1720/1626 3910/1721/1626 3923/1734/1626
f 3909/1720/1626 3923/1734/1626 3922/1733/1626
f 3910/1721/1627 3911/1722/1627 3924/1735/1627
f 3910/1721/1627 3924/1735/1627 3923/1734/1627
f 3911/1722/1453 3900/1711/1453 3913/1724/1453
f 3911/1722/1453 3913/1724/1453 3924/1735/1453
f 3913/1724/1628 3912/1723/1628 3925/1736/1628
f 3913/1724/1628 3925/1736/1628 3926/1737/1628
f 3912/1723/1629 3914/1725/1629 3927/1738/1629
f 3912/1723/1629 3927/1738/1629 3925/1736/1629
f 3914/1725/1456 3915/1726/1456 3928/1739/1456
f 3914/1725/1456 3928/1739/1456 3927/1738/1456
f 3915/1726/1630 3916/1727/1630 3929/1740/1630
f 3915/1726/1630 3929/1740/1630 3928/1739/1630
f 3916/1727/1631 3917/1728/1631 3930/1741/1631
f 3916/1727/1631 3930/1741/1631 3929/1740/1631
f 3917/1728/1632 3918/1729/1632 3931/1742/1632
f 3917/1728/1632 3931/1742/1632 3930/1741/1632
f 3920/1731/1633 3919/1730/1633 3932/1743/1633
f 3920/1731/1633 3932/1743/1633 3933/1744/1633
f 3919/1730/1461 3921/1732/1461 3934/1745/1461
f 3919/1730/1461 3934/1745/1461 3932/1743/1461
f 3921/1732/1634 3922/1733/1634 3935/1746/1634
f 3921/1732/1634 3935/1746/1634 3934/1745/1634
f 3922/1733/1635 3923/1734/1635 3936/1747/1635
f 3922/1733/1635 3936/1747/1635 3935/1746/1635
f 3923/1734/1636 3924/1735/1636 3937/1748/1636
f 3923/1734/1636 3937/1748/1636 3936/1747/1636
f 3924/1735/1637 3913/1724/1637 3926/1737/1637
f 3924/1735/1637 3926/1737/1637 3937/1748/1637
f 3926/1737/1638 3925/1736/1638 3705/1520/1638
f 3926/1737/1638 3705/1520/1638 3704/1519/1638
f 3925/1736/1639 3927/1738/1639 3708/1523/1639
f 3925/1736/1639 3708/1523/1639 3705/1520/1639
f 3927/1738/1640 3928/1739/1640 3710/1525/1640
f 3927/1738/1640 3710/1525/1640 3708/1523/1640
f 3928/1739/1469 3929/1740/1469 3712/1527/1469
f 3928/1739/1469 3712/1527/1469 3710/1525/1469
f 3929/1740/1641 3930/1741/1641 3714/1529/1641
f 3929/1740/1641 3714/1529/1641 3712/1527/1641
f 3930/1741/1642 3931/1742/1642 3716/1531/1642
f 3930/1741/1642 3716/1531/1642 3714/1529/1642
f 3933/1744/1643 3932/1743/1643 3719/1534/1643
f 3933/1744/1643 3719/1534/1643 3718/1533/1643
f 3932/1743/1644 3934/1745/1644 3722/1537/1644
f 3932/1743/1644 3722/1537/1644 3719/1534/1644
f 3934/1745/1645 3935/1746/1645 3724/1539/1645
f 3934/1745/1645 3724/1539/1645 3722/1537/1645
f 3935/1746/1646 3936/1747/1646 3726/1541/1646
f 3935/1746/1646 3726/1541/1646 3724/1539/1646
f 3936/1747/1647 3937/1748/1647 3728/1543/1647
f 3936/1747/1647 3728/1543/1647 3726/1541/1647
f 3937/1748/1648 3926/1737/1648 3704/1519/1648
f 3937/1748/1648 3704/1519/1648 3728/1543/1648
f 3938/1749/1649 3939/1750/1649 3940/1751/1649
f 3939/1750/1649 3938/1749/1649 3941/1752/1649
f 3941/1752/1649 3938/1749/1649 3942/1753/1649
f 3941/1752/1649 3942/1753/1649 3943/1754/1649
f 3943/1754/1649 3942/1753/1649 3944/1755/1649
f 3943/1754/1649 3944/1755/1649 3945/1756/1649
f 3943/1754/1649 3945/1756/1649 3946/1757/1649
f 3946/1757/1649 3945/1756/1649 3947/1758/1649
f 3946/1757/1649 3947/1758/1649 3948/1759/1649
f 3948/1759/1649 3947/1758/1649 3949/1760/1649
f 3948/1759/1649 3949/1760/1649 3950/1761/1649
f 3950/1761/1649 3949/1760/1649 3951/1762/1649
f 3951/1762/1649 3949/1760/1649 3952/1763/1649
f 3951/1762/1649 3952/1763/1649 3953/1764/1649
f 3953/1764/1649 3952/1763/1649 3954/1765/1649
f 3953/1764/1649 3954/1765/1649 3955/1766/1649
f 3955/1766/1649 3954/1765/1649 3956/1767/1649
f 3955/1766/1649 3956/1767/1649 3957/1768/1649
f 3955/1766/1649 3957/1768/1649 3958/1769/1649
f 3958/1769/1649 3957/1768/1649 3959/1770/1649
f 3958/1769/1649 3959/1770/1649 3960/1771/1649
f 3960/1771/1649 3959/1770/1649 3961/1772/1649
f 3960/1771/1649 3961/1772/1649 3962/1773/1649
f 3962/1773/1649 3961/1772/1649 3963/1774/1649
f 3962/1773/1649 3963/1774/1649 3964/1775/1649
f 3964/1775/1649 3963/1774/1649 3965/1776/1649
f 3964/1775/1649 3965/1776/1649 3966/1777/1649
f 3966/1777/1649 3965/1776/1649 3967/1778/1649
f 3966/1777/1649 3967/1778/1649 3968/1779/1649
f 3968/1779/1649 3967/1778/1649 3969/1780/1649
f 3970/1781/1650 3971/1782/1650 3972/1783/1650
f 3971/1782/1650 3970/1781/1650 3973/1784/1650
f 3973/1784/1650 3970/1781/1650 3974/1785/1650
f 3973/1784/1650 3974/1785/1650 3975/1786/1650
f 3973/1784/1650 3975/1786/1650 3976/1787/1650
f 3976/1787/1650 3975/1786/1650 3977/1788/1650
f 3976/1787/1650 3977/1788/1650 3978/1789/1650
f 3978/1789/1650 3977/1788/1650 3979/1790/1650
f 3978/1789/1650 3979/1790/1650 3980/1791/1650
f 3980/1791/1650 3979/1790/1650 3981/1792/1650
f 3981/1792/1650 3979/1790/1650 3982/1793/1650
f 3981/1792/1650 3982/1793/1650 3983/1794/1650
f 3981/1792/1650 3983/1794/1650 3984/1795/1650
f 3984/1795/1650 3983/1794/1650 3985/1796/1650
f 3984/1795/1650 3985/1796/1650 3986/1797/1650
f 3986/1797/1650 3985/1796/1650 3987/1798/1650
f 3986/1797/1650 3987/1798/1650 3988/1799/1650
f 3988/1799/1650 3987/1798/1650 3989/1800/1650
f 3988/1799/1650 3989/1800/1650 3990/1801/1650
f 3990/1801/1650 3989/1800/1650 3991/1802/1650
f 3991/1802/1650 3989/1800/1650 3992/1803/1650
f 3991/1802/1650 3992/1803/1650 3993/1804/1650
f 3993/1804/1650 3992/1803/1650 3994/1805/1650
f 3993/1804/1650 3994/1805/1650 3995/1806/1650
f 3993/1804/1650 3995/1806/1650 3996/1807/1650
f 3996/1807/1650 3995/1806/1650 3997/1808/1650
f 3996/1807/1650 3997/1808/1650 3998/1809/1650
f 3998/1809/1650 3997/1808/1650 3999/1810/1650
f 3998/1809/1650 3999/1810/1650 4000/1811/1650
f 4000/1811/1650 3999/1810/1650 4001/1812/1650
# Vertices: 1426, normals: 891, texture coordinates: 360, faces: 2500

o obj17
v 0.29464329 0.01045614 7.57388405
v 0.29464329 0.01045614 6.96768947
v 0.29464329 2.63677174 6.96768947
v 0.29464329 2.63677174 7.57388405
v 0.29464329 0.01045614 6.96768947
v -0.29464329 0.01045614 6.96768947
v -0.29464329 2.63677174 6.96768947
v 0.29464329 2.63677174 6.96768947
v -0.29464329 0.01045614 6.96768947
v -0.29464329 0.01045614 7.57388405
v -0.29464329 2.63677174 7.57388405
v -0.29464329 2.63677174 6.96768947
v -0.29464329 0.01045614 7.57388405
v 0.29464329 0.01045614 7.57388405
v 0.29464329 2.63677174 7.57388405
v -0.29464329 2.63677174 7.57388405
v 0.29464329 0.01045614 6.96768947
v 0.29464329 0.01045614 7.57388405
v -0.29464329 0.01045614 7.57388405
v -0.29464329 0.01045614 6.96768947
v -0.29464329 2.63677174 6.96768947
v -0.28264592 2.63677174 6.98003105
v 0.28264592 2.63677174 6.98003105
v 0.29464329 2.63677174 6.96768947
v -0.29464329 2.63677174 7.57388405
v -0.28264592 2.63677174 7.56154247
v -0.28264592 2.63677174 6.98003105
v -0.29464329 2.63677174 6.96768947
v 0.29464329 2.63677174 6.96768947
v 0.28264592 2.63677174 6.98003105
v 0.28264592 2.63677174 7.56154247
v 0.29464329 2.63677174 7.57388405
v 0.29464329 2.63677174 7.57388405
v 0.28264592 2.63677174 7.56154247
v -0.28264592 2.63677174 7.56154247
v -0.29464329 2.63677174 7.57388405
v 0.28264592 2.63677174 7.56154247
v 0.23929395 2.66420609 7.51694665
v -0.23929395 2.66420609 7.51694665
v -0.28264592 2.63677174 7.56154247
v -0.28264592 2.63677174 6.98003105
v -0.23929395 2.66420609 7.02462687
v 0.23929395 2.66420609 7.02462687
v 0.28264592 2.63677174 6.98003105
v -0.28264592 2.63677174 7.56154247
v -0.23929395 2.66420609 7.51694665
v -0.23929395 2.66420609 7.02462687
v -0.28264592 2.63677174 6.98003105
v 0.09612115 3.45593673 7.36966587
v 0.1440732 3.35124427 7.41899377
v 0.14407316 3.35124427 7.12257976
v 0.09612112 3.45593673 7.17190765
v 0.22362145 3.09882146 7.50082451
v 0.23256135 3.04548365 7.5100209
v 0.23256135 3.04548365 7.03155264
v 0.22362147 3.09882146 7.04074901
v -0.22362147 3.09882146 7.50082451
v -0.23256135 3.04548365 7.51002088
v 0.23256135 3.04548365 7.5100209
v 0.22362145 3.09882146 7.50082451
v 0.23256135 3.04548365 7.5100209
v 0.23729706 2.85974747 7.51489247
v 0.23729706 2.85974747 7.02668105
v 0.23256135 3.04548365 7.03155264
v 0.23929395 2.66420609 7.51694665
v 0.23929395 2.66420609 7.02462687
v 0.09612112 3.45593673 7.17190765
v 0.14407316 3.35124427 7.12257976
v -0.1440732 3.35124427 7.12257976
v -0.09612115 3.45593673 7.17190766
v 0.22362147 3.09882146 7.04074901
v 0.23256135 3.04548365 7.03155264
v -0.23256135 3.04548365 7.03155262
v -0.22362145 3.09882146 7.04074901
v -0.1440732 3.35124427 7.12257976
v -0.15632555 3.32596165 7.10997583
v -0.15632553 3.32596165 7.43159769
v -0.14407316 3.35124427 7.41899377
v 0.23256135 3.04548365 7.03155264
v 0.23729706 2.85974747 7.02668105
v -0.23729706 2.85974747 7.02668105
v -0.23256135 3.04548365 7.03155262
v 0.23929395 2.66420609 7.02462687
v -0.23929395 2.66420609 7.02462687
v 0.09612115 3.45593673 7.36966587
v 0.09612115 3.41624981 7.36966587
v -0.09612112 3.41624981 7.36966588
v -0.09612112 3.45593673 7.36966588
v -0.09612115 3.45593673 7.17190766
v -0.1440732 3.35124427 7.12257976
v -0.14407316 3.35124427 7.41899377
v -0.09612112 3.45593673 7.36966588
v -0.22362145 3.09882146 7.04074901
v -0.23256135 3.04548365 7.03155262
v -0.23256135 3.04548365 7.51002088
v -0.22362147 3.09882146 7.50082451
v -0.23256135 3.04548365 7.03155262
v -0.23729706 2.85974747 7.02668105
v -0.23729706 2.85974747 7.51489247
v -0.23256135 3.04548365 7.51002088
v -0.23929395 2.66420609 7.02462687
v -0.23929395 2.66420609 7.51694665
v -0.09612112 3.45593673 7.36966588
v -0.14407316 3.35124427 7.41899377
v 0.1440732 3.35124427 7.41899377
v 0.09612115 3.45593673 7.36966587
v 0.1440732 3.35124427 7.41899377
v 0.15632555 3.32596165 7.43159769
v 0.15632553 3.32596165 7.10997583
v 0.14407316 3.35124427 7.12257976
v 0.14407316 3.35124427 7.12257976
v 0.15632553 3.32596165 7.10997583
v -0.15632555 3.32596165 7.10997583
v -0.1440732 3.35124427 7.12257976
v -0.23256135 3.04548365 7.51002088
v -0.23729706 2.85974747 7.51489247
v 0.23729706 2.85974747 7.51489247
v 0.23256135 3.04548365 7.5100209
v -0.23929395 2.66420609 7.51694665
v 0.23929395 2.66420609 7.51694665
v 0.28264592 2.63677174 6.98003105
v 0.23929395 2.66420609 7.02462687
v 0.23929395 2.66420609 7.51694665
v 0.28264592 2.63677174 7.56154247
v -0.09612115 3.45593673 7.17190766
v -0.09612115 3.41624981 7.17190766
v 0.09612112 3.41624981 7.17190765
v 0.09612112 3.45593673 7.17190765
v 0.09612112 3.45593673 7.17190765
v 0.09612112 3.41624981 7.17190765
v 0.09612115 3.41624981 7.36966587
v 0.09612115 3.45593673 7.36966587
v -0.09612112 3.45593673 7.36966588
v -0.09612112 3.41624981 7.36966588
v -0.09612115 3.41624981 7.17190766
v -0.09612115 3.45593673 7.17190766
v 0.09612112 3.41624981 7.17190765
v 0.09489632 3.47032505 7.1731676
v 0.09489635 3.47032505 7.36840592
v 0.09612115 3.41624981 7.36966587
v 0.09489632 3.47032505 7.1731676
v 0.09125204 3.52306873 7.17691644
v 0.09125207 3.52306873 7.36465707
v 0.09489635 3.47032505 7.36840592
v 0.08527802 3.57318217 7.18306188
v 0.08527804 3.57318217 7.35851165
v 0.07712137 3.61943132 7.19145254
v 0.0771214 3.61943132 7.35012097
v 0.06698295 3.66067749 7.20188187
v 0.06698297 3.66067749 7.33969164
v 0.05511237 3.69590527 7.21409305
v 0.05511239 3.69590527 7.32748048
v 0.05511237 3.69590527 7.21409305
v 0.04180194 3.7242468 7.22778539
v 0.04180196 3.7242468 7.31378813
v 0.05511239 3.69590527 7.32748048
v 0.0273794 3.74500448 7.24262175
v 0.02737942 3.74500448 7.29895177
v 0.0273794 3.74500448 7.24262175
v 0.00525843 4.26207405 7.26537745
v 0.00525843 4.26207405 7.27619607
v 0.02737942 3.74500448 7.29895177
v -0.09612115 3.41624981 7.17190766
v -0.09489635 3.47032505 7.17316761
v 0.09489632 3.47032505 7.1731676
v 0.09612112 3.41624981 7.17190765
v -0.09489635 3.47032505 7.17316761
v -0.09125207 3.52306873 7.17691645
v 0.09125204 3.52306873 7.17691644
v 0.09489632 3.47032505 7.1731676
v -0.08527804 3.57318217 7.18306188
v 0.08527802 3.57318217 7.18306188
v -0.0771214 3.61943132 7.19145255
v 0.07712137 3.61943132 7.19145254
v -0.06698297 3.66067749 7.20188188
v 0.06698295 3.66067749 7.20188187
v -0.05511239 3.69590527 7.21409305
v 0.05511237 3.69590527 7.21409305
v -0.05511239 3.69590527 7.21409305
v -0.04180196 3.7242468 7.22778539
v 0.04180194 3.7242468 7.22778539
v 0.05511237 3.69590527 7.21409305
v -0.02737942 3.74500448 7.24262175
v 0.0273794 3.74500448 7.24262175
v -0.09612112 3.41624981 7.36966588
v -0.09489632 3.47032505 7.36840593
v -0.09489635 3.47032505 7.17316761
v -0.09612115 3.41624981 7.17190766
v -0.09489632 3.47032505 7.36840593
v -0.09125204 3.52306873 7.36465708
v -0.09125207 3.52306873 7.17691645
v -0.09489635 3.47032505 7.17316761
v -0.08527802 3.57318217 7.35851165
v -0.08527804 3.57318217 7.18306188
v -0.07712137 3.61943132 7.35012098
v -0.0771214 3.61943132 7.19145255
v -0.06698295 3.66067749 7.33969165
v -0.06698297 3.66067749 7.20188188
v -0.05511237 3.69590527 7.32748048
v -0.05511239 3.69590527 7.21409305
v -0.05511237 3.69590527 7.32748048
v -0.04180195 3.7242468 7.31378813
v -0.04180196 3.7242468 7.22778539
v -0.05511239 3.69590527 7.21409305
v -0.02737941 3.74500448 7.29895177
v -0.02737942 3.74500448 7.24262175
v 0.09612115 3.41624981 7.36966587
v 0.09489635 3.47032505 7.36840592
v -0.09489632 3.47032505 7.36840593
v -0.09612112 3.41624981 7.36966588
v 0.09489635 3.47032505 7.36840592
v 0.09125207 3.52306873 7.36465707
v -0.09125204 3.52306873 7.36465708
v -0.09489632 3.47032505 7.36840593
v 0.08527804 3.57318217 7.35851165
v -0.08527802 3.57318217 7.35851165
v 0.0771214 3.61943132 7.35012097
v -0.07712137 3.61943132 7.35012098
v 0.06698297 3.66067749 7.33969164
v -0.06698295 3.66067749 7.33969165
v 0.05511239 3.69590527 7.32748048
v -0.05511237 3.69590527 7.32748048
v 0.05511239 3.69590527 7.32748048
v 0.04180196 3.7242468 7.31378813
v -0.04180195 3.7242468 7.31378813
v -0.05511237 3.69590527 7.32748048
v 0.02737942 3.74500448 7.29895177
v -0.02737941 3.74500448 7.29895177
v 0.00525843 4.26207405 7.27619607
v 0.00525843 4.26207405 7.26537745
v -0.00525843 4.26207405 7.26537745
v -0.00525843 4.26207405 7.27619607
v -0.02737941 3.74500448 7.29895177
v -0.00525843 4.26207405 7.27619607
v -0.00525843 4.26207405 7.26537745
v -0.02737942 3.74500448 7.24262175
v -0.02737942 3.74500448 7.24262175
v -0.00525843 4.26207405 7.26537745
v 0.00525843 4.26207405 7.26537745
v 0.0273794 3.74500448 7.24262175
v 0.02737942 3.74500448 7.29895177
v 0.00525843 4.26207405 7.27619607
v -0.00525843 4.26207405 7.27619607
v -0.02737941 3.74500448 7.29895177
v 0.20026864 3.17453486 7.06477186
v 0.20026864 3.17453486 7.47680166
v 0.22362145 3.09882146 7.50082451
v 0.1797517 3.25024801 7.08587752
v 0.1797517 3.25024801 7.455696
v -0.20026864 3.17453486 7.06477186
v 0.20026864 3.17453486 7.06477186
v 0.22362147 3.09882146 7.04074901
v -0.1797517 3.25024801 7.08587752
v 0.1797517 3.25024801 7.08587752
v -0.20026864 3.17453486 7.47680166
v -0.20026864 3.17453486 7.06477186
v -0.22362145 3.09882146 7.04074901
v -0.1797517 3.25024801 7.455696
v -0.1797517 3.25024801 7.08587752
v 0.20026864 3.17453486 7.47680166
v -0.20026864 3.17453486 7.47680166
v -0.22362147 3.09882146 7.50082451
v 0.1797517 3.25024801 7.455696
v -0.1797517 3.25024801 7.455696
v 0.15632555 3.32596165 7.43159769
v -0.15632553 3.32596165 7.43159769
v -0.14407316 3.35124427 7.41899377
v 0.1440732 3.35124427 7.41899377
vn -1 0 0
vn 0 0 -1
vn 1 0 0
vn 0 0 1
vn 0 -1 -0
vn 0 1 0
vn 0 0.97763 0.21031
vn 0 0.97763 -0.21031
vn 0.21031 0.97763 -0
vn -0.59597 0.80301 -0
vn -0.8969 0.44223 0
vn 0 0.44223 0.8969
vn -0.9972 0.07479 -0
vn -0.99955 0.03003 -0
vn 0 0.80301 -0.59597
vn -0 0.44223 -0.8969
vn 0.57426 0.81867 0
vn -0 0.07479 -0.9972
vn 0 0.03003 -0.99955
vn 0 0 -1
vn 0.59597 0.80301 0
vn 0.8969 0.44223 -0
vn 0.9972 0.07479 -0
vn 0.99955 0.03003 -0
vn -0 0.80301 0.59597
vn -0.57426 0.81867 -0
vn 0 0.81867 -0.57426
vn 0 0.07479 0.9972
vn 0 0.03003 0.99955
vn -0.21031 0.97763 -0
vn -0 0 1
vn 1 0 0
vn -1 0 -0
vn -0.99779 0.06648 -0
vn -0.97996 0.19918 -0
vn -0.94366 0.33092 -0
vn -0.88765 0.46052 -0
vn -0.81035 0.58595 -0
vn -0.7102 0.704 -0
vn -0.58634 0.81007 -0
vn -0.43948 0.89825 -0
vn -0.99217 0.12487 -0
vn 0 0.06648 -0.99779
vn 0 0.19918 -0.97996
vn 0 0.33092 -0.94366
vn 0 0.46052 -0.88765
vn 0 0.58595 -0.81035
vn 0 0.704 -0.7102
vn 0 0.81007 -0.58634
vn 0 0.89825 -0.43948
vn 0.99779 0.06648 0
vn 0.97996 0.19918 0
vn 0.94366 0.33092 0
vn 0.88765 0.46052 0
vn 0.81035 0.58595 0
vn 0.7102 0.704 0
vn 0.58634 0.81006 0
vn 0.43948 0.89825 0
vn -0 0.06648 0.99779
vn -0 0.19918 0.97996
vn -0 0.33092 0.94366
vn -0 0.46052 0.88765
vn -0 0.58595 0.81035
vn -0 0.704 0.7102
vn -0 0.81007 0.58634
vn -0 0.89825 0.43948
vn 0.99217 0.12487 0
vn 0 0.12487 -0.99217
vn 0 0.12487 0.99217
vn -0.74059 0.67196 0
vn -0.78195 0.62334 -0
vn -0.73954 0.67311 -0
vn 0 0.67196 -0.74059
vn 0 0.62334 -0.78195
vn 0 0.67311 -0.73954
vn 0.74059 0.67196 -0
vn 0.78195 0.62334 -0
vn 0.73954 0.67311 0
vn 0 0.67196 0.74059
vn 0 0.62334 0.78195
vn 0 0.67311 0.73954
vn 0 0.81867 0.57426
vt 0.43744 0.99965
vt 0.00832 0.99965
vt 0.00832 0.00058
vt 0.43744 0.00058
vt 0.59091 0.70455
vt 0.59091 0.40909
vt 0.88636 0.40909
vt 0.88636 0.70455
vt 0.6834 0.01273
vt 0.69146 0.00467
vt 0.77096 0.00467
vt 0.77902 0.01273
vt 0.79328 0.4494
vt 0.82156 0.5248
vt 0.56732 0.5248
vt 0.62367 0.4494
vt 0.84711 0.64697
vt 0.85624 0.68512
vt 0.46608 0.69004
vt 0.47833 0.65619
vt 0.67114 0.07469
vt 0.66967 0.1294
vt 0.49997 0.1294
vt 0.49948 0.07392
vt 0.66792 0.17216
vt 0.49975 0.17255
vt 0.81318 0.46166
vt 0.82007 0.48106
vt 0.59269 0.48229
vt 0.59958 0.46289
vt 0.51367 0.14386
vt 0.51939 0.14386
vt 0.51939 0.24253
vt 0.51367 0.24253
vt 0.50795 0.14386
vt 0.51367 0.14386
vt 0.51367 0.24253
vt 0.50795 0.24253
vt 0.50222 0.14386
vt 0.50795 0.14386
vt 0.50222 0.24253
vt 0.4965 0.14386
vt 0.4965 0.24253
vt 0.56237 0.54707
vt 0.56394 0.51339
vt 0.81103 0.50945
vt 0.81265 0.54308
vt 0.58799 0.49808
vt 0.6012 0.47479
vt 0.80663 0.47306
vt 0.81198 0.49442
vt 0.63037 0.45105
vt 0.803 0.44893
vt 0.64614 0.42515
vt 0.78821 0.42459
vt 0.66033 0.40011
vt 0.78384 0.39451
vt 0.67493 0.37436
vt 0.76925 0.36877
vt 0.68512 0.37835
vt 0.69631 0.34723
vt 0.76662 0.34723
vt 0.77781 0.37835
vt 0.70844 0.3135
vt 0.75449 0.3135
vt 0.81638 0.94257
vt 0.82411 0.86547
vt 0.82951 0.86543
vt 0.84448 0.94237
vt 0.52479 0.23714
vt 0.52479 0.24253
vt 0.51939 0.24253
vt 0.51939 0.23714
vt 0.53176 0.58373
vt 0.85762 0.59541
vt 0.86582 0.65619
vt 0.57195 0.54052
vt 0.84081 0.53929
usemtl mat16
f 4002/1813/1651 4003/1814/1651 4004/1815/1651
f 4002/1813/1651 4004/1815/1651 4005/1816/1651
f 4006/1813/1652 4007/1814/1652 4008/1815/1652
f 4006/1813/1652 4008/1815/1652 4009/1816/1652
f 4010/1813/1653 4011/1814/1653 4012/1815/1653
f 4010/1813/1653 4012/1815/1653 4013/1816/1653
f 4014/1813/1654 4015/1814/1654 4016/1815/1654
f 4014/1813/1654 4016/1815/1654 4017/1816/1654
f 4018/1817/1655 4019/1818/1655 4020/1819/1655
f 4018/1817/1655 4020/1819/1655 4021/1820/1655
f 4022/1821/1656 4023/1822/1656 4024/1823/1656
f 4022/1821/1656 4024/1823/1656 4025/1824/1656
f 4026/1821/1656 4027/1822/1656 4028/1823/1656
f 4026/1821/1656 4028/1823/1656 4029/1824/1656
f 4030/1821/1656 4031/1822/1656 4032/1823/1656
f 4030/1821/1656 4032/1823/1656 4033/1824/1656
f 4034/1821/1656 4035/1822/1656 4036/1823/1656
f 4034/1821/1656 4036/1823/1656 4037/1824/1656
f 4038/1821/1657 4039/1822/1657 4040/1823/1657
f 4038/1821/1657 4040/1823/1657 4041/1824/1657
f 4042/1821/1658 4043/1822/1658 4044/1823/1658
f 4042/1821/1658 4044/1823/1658 4045/1824/1658
f 4046/1821/1659 4047/1822/1659 4048/1823/1659
f 4046/1821/1659 4048/1823/1659 4049/1824/1659
f 4050/1825/1660 4051/1826/1660 4052/1827/1660
f 4050/1825/1660 4052/1827/1660 4053/1828/1660
f 4054/1829/1661 4055/1830/1661 4056/1831/1661
f 4054/1829/1661 4056/1831/1661 4057/1832/1661
f 4058/1829/1662 4059/1830/1662 4060/1831/1662
f 4058/1829/1662 4060/1831/1662 4061/1832/1662
f 4062/1833/1663 4063/1834/1663 4064/1835/1663
f 4062/1833/1663 4064/1835/1663 4065/1836/1663
f 4063/1834/1664 4066/1837/1664 4067/1838/1664
f 4063/1834/1664 4067/1838/1664 4064/1835/1664
f 4068/1825/1665 4069/1826/1665 4070/1827/1665
f 4068/1825/1665 4070/1827/1665 4071/1828/1665
f 4072/1829/1666 4073/1830/1666 4074/1831/1666
f 4072/1829/1666 4074/1831/1666 4075/1832/1666
f 4076/1839/1667 4077/1840/1667 4078/1841/1667
f 4076/1839/1667 4078/1841/1667 4079/1842/1667
f 4080/1833/1668 4081/1834/1668 4082/1835/1668
f 4080/1833/1668 4082/1835/1668 4083/1836/1668
f 4081/1834/1669 4084/1837/1669 4085/1838/1669
f 4081/1834/1669 4085/1838/1669 4082/1835/1669
f 4086/1843/1670 4087/1844/1670 4088/1845/1670
f 4086/1843/1670 4088/1845/1670 4089/1846/1670
f 4090/1825/1671 4091/1826/1671 4092/1827/1671
f 4090/1825/1671 4092/1827/1671 4093/1828/1671
f 4094/1829/1672 4095/1830/1672 4096/1831/1672
f 4094/1829/1672 4096/1831/1672 4097/1832/1672
f 4098/1833/1673 4099/1834/1673 4100/1835/1673
f 4098/1833/1673 4100/1835/1673 4101/1836/1673
f 4099/1834/1674 4102/1837/1674 4103/1838/1674
f 4099/1834/1674 4103/1838/1674 4100/1835/1674
f 4104/1825/1675 4105/1826/1675 4106/1827/1675
f 4104/1825/1675 4106/1827/1675 4107/1828/1675
f 4108/1839/1676 4109/1840/1676 4110/1841/1676
f 4108/1839/1676 4110/1841/1676 4111/1842/1676
f 4112/1839/1677 4113/1840/1677 4114/1841/1677
f 4112/1839/1677 4114/1841/1677 4115/1842/1677
f 4116/1833/1678 4117/1834/1678 4118/1835/1678
f 4116/1833/1678 4118/1835/1678 4119/1836/1678
f 4117/1834/1679 4120/1837/1679 4121/1838/1679
f 4117/1834/1679 4121/1838/1679 4118/1835/1679
f 4122/1821/1680 4123/1822/1680 4124/1823/1680
f 4122/1821/1680 4124/1823/1680 4125/1824/1680
f 4126/1847/1681 4127/1848/1681 4128/1849/1681
f 4126/1847/1681 4128/1849/1681 4129/1850/1681
f 4130/1851/1682 4131/1852/1682 4132/1850/1682
f 4130/1851/1682 4132/1850/1682 4133/1853/1682
f 4134/1854/1683 4135/1851/1683 4136/1853/1683
f 4134/1854/1683 4136/1853/1683 4137/1855/1683
f 4138/1856/1684 4139/1857/1684 4140/1858/1684
f 4138/1856/1684 4140/1858/1684 4141/1859/1684
f 4142/1860/1685 4143/1861/1685 4144/1862/1685
f 4142/1860/1685 4144/1862/1685 4145/1863/1685
f 4143/1861/1686 4146/1864/1686 4147/1865/1686
f 4143/1861/1686 4147/1865/1686 4144/1862/1686
f 4146/1864/1687 4148/1866/1687 4149/1867/1687
f 4146/1864/1687 4149/1867/1687 4147/1865/1687
f 4148/1866/1688 4150/1868/1688 4151/1869/1688
f 4148/1866/1688 4151/1869/1688 4149/1867/1688
f 4150/1868/1689 4152/1870/1689 4153/1871/1689
f 4150/1868/1689 4153/1871/1689 4151/1869/1689
f 4154/1872/1690 4155/1873/1690 4156/1874/1690
f 4154/1872/1690 4156/1874/1690 4157/1875/1690
f 4155/1873/1691 4158/1876/1691 4159/1877/1691
f 4155/1873/1691 4159/1877/1691 4156/1874/1691
f 4160/1878/1692 4161/1879/1692 4162/1880/1692
f 4160/1878/1692 4162/1880/1692 4163/1881/1692
f 4164/1856/1693 4165/1857/1693 4166/1858/1693
f 4164/1856/1693 4166/1858/1693 4167/1859/1693
f 4168/1860/1694 4169/1861/1694 4170/1862/1694
f 4168/1860/1694 4170/1862/1694 4171/1863/1694
f 4169/1861/1695 4172/1864/1695 4173/1865/1695
f 4169/1861/1695 4173/1865/1695 4170/1862/1695
f 4172/1864/1696 4174/1866/1696 4175/1867/1696
f 4172/1864/1696 4175/1867/1696 4173/1865/1696
f 4174/1866/1697 4176/1868/1697 4177/1869/1697
f 4174/1866/1697 4177/1869/1697 4175/1867/1697
f 4176/1868/1698 4178/1870/1698 4179/1871/1698
f 4176/1868/1698 4179/1871/1698 4177/1869/1698
f 4180/1872/1699 4181/1873/1699 4182/1874/1699
f 4180/1872/1699 4182/1874/1699 4183/1875/1699
f 4181/1873/1700 4184/1876/1700 4185/1877/1700
f 4181/1873/1700 4185/1877/1700 4182/1874/1700
f 4186/1856/1701 4187/1857/1701 4188/1858/1701
f 4186/1856/1701 4188/1858/1701 4189/1859/1701
f 4190/1860/1702 4191/1861/1702 4192/1862/1702
f 4190/1860/1702 4192/1862/1702 4193/1863/1702
f 4191/1861/1703 4194/1864/1703 4195/1865/1703
f 4191/1861/1703 4195/1865/1703 4192/1862/1703
f 4194/1864/1704 4196/1866/1704 4197/1867/1704
f 4194/1864/1704 4197/1867/1704 4195/1865/1704
f 4196/1866/1705 4198/1868/1705 4199/1869/1705
f 4196/1866/1705 4199/1869/1705 4197/1867/1705
f 4198/1868/1706 4200/1870/1706 4201/1871/1706
f 4198/1868/1706 4201/1871/1706 4199/1869/1706
f 4202/1872/1707 4203/1873/1707 4204/1874/1707
f 4202/1872/1707 4204/1874/1707 4205/1875/1707
f 4203/1873/1708 4206/1876/1708 4207/1877/1708
f 4203/1873/1708 4207/1877/1708 4204/1874/1708
f 4208/1856/1709 4209/1857/1709 4210/1858/1709
f 4208/1856/1709 4210/1858/1709 4211/1859/1709
f 4212/1860/1710 4213/1861/1710 4214/1862/1710
f 4212/1860/1710 4214/1862/1710 4215/1863/1710
f 4213/1861/1711 4216/1864/1711 4217/1865/1711
f 4213/1861/1711 4217/1865/1711 4214/1862/1711
f 4216/1864/1712 4218/1866/1712 4219/1867/1712
f 4216/1864/1712 4219/1867/1712 4217/1865/1712
f 4218/1866/1713 4220/1868/1713 4221/1869/1713
f 4218/1866/1713 4221/1869/1713 4219/1867/1713
f 4220/1868/1714 4222/1870/1714 4223/1871/1714
f 4220/1868/1714 4223/1871/1714 4221/1869/1714
f 4224/1872/1715 4225/1873/1715 4226/1874/1715
f 4224/1872/1715 4226/1874/1715 4227/1875/1715
f 4225/1873/1716 4228/1876/1716 4229/1877/1716
f 4225/1873/1716 4229/1877/1716 4226/1874/1716
f 4230/1882/1656 4231/1883/1656 4232/1884/1656
f 4230/1882/1656 4232/1884/1656 4233/1885/1656
f 4234/1878/1717 4235/1879/1717 4236/1880/1717
f 4234/1878/1717 4236/1880/1717 4237/1881/1717
f 4238/1878/1718 4239/1879/1718 4240/1880/1718
f 4238/1878/1718 4240/1880/1718 4241/1881/1718
f 4242/1878/1719 4243/1879/1719 4244/1880/1719
f 4242/1878/1719 4244/1880/1719 4245/1881/1719
f 4057/1832/1720 4246/1886/1720 4247/1887/1720
f 4057/1832/1720 4247/1887/1720 4248/1888/1720
f 4246/1886/1721 4249/1889/1721 4250/1890/1721
f 4246/1886/1721 4250/1890/1721 4247/1887/1721
f 4249/1889/1722 4110/1841/1722 4109/1840/1722
f 4249/1889/1722 4109/1840/1722 4250/1890/1722
f 4075/1832/1723 4251/1886/1723 4252/1887/1723
f 4075/1832/1723 4252/1887/1723 4253/1888/1723
f 4251/1886/1724 4254/1889/1724 4255/1890/1724
f 4251/1886/1724 4255/1890/1724 4252/1887/1724
f 4254/1889/1725 4114/1841/1725 4113/1840/1725
f 4254/1889/1725 4113/1840/1725 4255/1890/1725
f 4097/1832/1726 4256/1886/1726 4257/1887/1726
f 4097/1832/1726 4257/1887/1726 4258/1888/1726
f 4256/1886/1727 4259/1889/1727 4260/1890/1727
f 4256/1886/1727 4260/1890/1727 4257/1887/1727
f 4259/1889/1728 4078/1841/1728 4077/1840/1728
f 4259/1889/1728 4077/1840/1728 4260/1890/1728
f 4061/1832/1729 4261/1886/1729 4262/1887/1729
f 4061/1832/1729 4262/1887/1729 4263/1888/1729
f 4261/1886/1730 4264/1889/1730 4265/1890/1730
f 4261/1886/1730 4265/1890/1730 4262/1887/1730
f 4264/1889/1731 4266/1841/1731 4267/1840/1731
f 4264/1889/1731 4267/1840/1731 4265/1890/1731
f 4268/1839/1732 4267/1840/1732 4266/1841/1732
f 4268/1839/1732 4266/1841/1732 4269/1842/1732
# Vertices: 268, normals: 82, texture coordinates: 78, faces: 172

o obj18
v 0.28557339 2.56007099 8.46776073
v 0.28768975 2.56007099 8.2977795
v 0.2303239 2.66720724 8.35514535
v 0.11770853 2.56007099 8.29989585
v 0.28557339 2.56007099 8.46776073
v 0.28768975 2.56007099 8.2977795
v 0.11770853 2.56007099 8.29989585
v 0.11770852 2.55690813 8.87104264
v 0.28768975 2.55690813 8.87315899
v 0.2303239 2.65712237 8.81579314
v -0.28768975 2.55425692 8.87315899
v -0.11770853 2.55425692 8.87104264
v -0.2303239 2.64668441 8.81579314
v 0.28557339 2.55690813 8.70317777
v 0.11770852 2.55690813 8.87104264
v 0.28768975 2.55690813 8.87315899
v 0.28557339 2.55690813 8.70317777
v -0.28768975 2.55603456 8.2977795
v -0.28557339 2.55603456 8.46776072
v -0.2303239 2.65032339 8.35514535
v -0.11770853 2.55425692 8.87104264
v -0.28557339 2.55425692 8.70317777
v -0.28557339 2.55425692 8.70317777
v -0.28768975 2.55425692 8.87315899
v -0.2303239 2.64668441 8.81579314
v -0.28557339 2.55603456 8.46776072
v -0.11770852 2.55603456 8.29989585
v -0.11770852 2.55603456 8.29989585
v -0.28768975 2.55603456 8.2977795
v -0.28769991 0.92116201 8.87316915
v -0.28769991 1.90839648 8.87316915
v -0.28769991 1.90839648 8.29776934
v -0.28769991 0.92116201 8.29776934
v -0.28769991 0.92116201 8.29776934
v -0.28769991 1.90839648 8.29776934
v 0.28769991 1.90839648 8.29776934
v 0.28769991 0.92116201 8.29776934
v 0.28769991 0.92116201 8.29776934
v 0.28769991 1.90839648 8.29776934
v 0.28769991 1.90839648 8.87316915
v 0.28769991 0.92116201 8.87316915
v 0.28769991 0.92116201 8.87316915
v 0.28769991 1.90839648 8.87316915
v -0.28769991 1.90839648 8.87316915
v -0.28769991 0.92116201 8.87316915
v -0.28769991 0.02914178 8.29776934
v 0.28769991 0.02914178 8.29776934
v 0.28769991 0.02914178 8.87316915
v -0.28769991 0.02914178 8.87316915
v 0.28769991 1.90839648 8.87316915
v 0.28769991 1.90839648 8.29776934
v 0.28769991 2.43595982 8.29776934
v 0.28769991 2.43595982 8.87316915
v -0.28769991 1.90839648 8.29776934
v -0.28769991 1.90839648 8.87316915
v -0.28769991 2.43595982 8.87316915
v -0.28769991 2.43595982 8.29776934
v -0.28769991 1.90839648 8.87316915
v 0.28769991 1.90839648 8.87316915
v 0.28769991 2.43595982 8.87316915
v -0.28769991 2.43595982 8.87316915
v 0.28769991 1.90839648 8.29776934
v -0.28769991 1.90839648 8.29776934
v -0.28769991 2.43595982 8.29776934
v 0.28769991 2.43595982 8.29776934
v 0.28557339 2.43595982 8.70317777
v 0.28557339 2.43595982 8.46776073
v 0.1452059 3.08026886 8.52561783
v 0.1452059 3.08026886 8.64532065
v 0.11770853 2.43595982 8.29989585
v -0.11770852 2.43595982 8.29989585
v -0.05985142 3.08026886 8.44026335
v 0.05985141 3.08026886 8.44026335
v -0.05985141 3.08026886 8.73067515
v 0.05985142 3.08026886 8.73067515
v 0.05985142 3.13594365 8.73067515
v -0.05985141 3.13594365 8.73067515
v -0.11770853 2.43595982 8.87104264
v 0.11770852 2.43595982 8.87104264
v 0.05985142 3.08026886 8.73067515
v -0.05985141 3.08026886 8.73067515
v -0.28557339 2.43595982 8.70317777
v -0.28768975 2.43595982 8.87315899
v -0.28768975 2.55425692 8.87315899
v -0.28557339 2.55425692 8.70317777
v -0.11770852 2.43595982 8.29989585
v -0.28768975 2.43595982 8.2977795
v -0.28768975 2.55603456 8.2977795
v -0.11770852 2.55603456 8.29989585
v 0.11770852 2.43595982 8.87104264
v 0.28768975 2.43595982 8.87315899
v 0.28768975 2.55690813 8.87315899
v 0.11770852 2.55690813 8.87104264
v -0.28557339 2.43595982 8.46776072
v -0.1452059 3.08026886 8.52561784
v -0.05985142 3.08026886 8.44026335
v -0.11770852 2.43595982 8.29989585
v 0.1452059 3.08026886 8.52561783
v 0.28557339 2.43595982 8.46776073
v 0.11770853 2.43595982 8.29989585
v 0.05985141 3.08026886 8.44026335
v 0.05985142 3.08026886 8.73067515
v 0.11770852 2.43595982 8.87104264
v 0.28557339 2.43595982 8.70317777
v 0.1452059 3.08026886 8.64532065
v -0.11770853 2.43595982 8.87104264
v -0.05985141 3.08026886 8.73067515
v -0.1452059 3.08026886 8.64532066
v -0.28557339 2.43595982 8.70317777
v -0.28557339 2.43595982 8.46776072
v -0.28557339 2.43595982 8.70317777
v -0.1452059 3.08026886 8.64532066
v -0.1452059 3.08026886 8.52561784
v 0.05985141 3.13594365 8.44026335
v -0.05985142 3.13594365 8.44026335
v -0.00966788 3.38962674 8.56201395
v 0.00966787 3.38962674 8.56201395
v 0.05985142 3.08026886 8.73067515
v 0.1452059 3.08026886 8.64532065
v 0.1452059 3.13594365 8.64532065
v 0.05985142 3.13594365 8.73067515
v -0.1452059 3.08026886 8.52561784
v -0.1452059 3.08026886 8.64532066
v -0.1452059 3.13594365 8.64532066
v -0.1452059 3.13594365 8.52561784
v 0.1452059 3.08026886 8.52561783
v 0.05985141 3.08026886 8.44026335
v 0.05985141 3.13594365 8.44026335
v 0.1452059 3.13594365 8.52561783
v 0.1452059 3.08026886 8.64532065
v 0.1452059 3.08026886 8.52561783
v 0.1452059 3.13594365 8.52561783
v 0.1452059 3.13594365 8.64532065
v -0.05985142 3.08026886 8.44026335
v -0.1452059 3.08026886 8.52561784
v -0.1452059 3.13594365 8.52561784
v -0.05985142 3.13594365 8.44026335
v 0.05985141 3.08026886 8.44026335
v -0.05985142 3.08026886 8.44026335
v -0.05985142 3.13594365 8.44026335
v 0.05985141 3.13594365 8.44026335
v -0.1452059 3.08026886 8.64532066
v -0.05985141 3.08026886 8.73067515
v -0.05985141 3.13594365 8.73067515
v -0.1452059 3.13594365 8.64532066
v -0.00966788 3.38962674 8.56201395
v -0.0234553 3.38962674 8.57580137
v -0.00911702 3.605479 8.58171158
v -0.00375818 3.605479 8.57635273
v -0.1452059 3.13594365 8.52561784
v -0.1452059 3.13594365 8.64532066
v -0.0234553 3.38962674 8.59513712
v -0.0234553 3.38962674 8.57580137
v 0.05985142 3.13594365 8.73067515
v 0.1452059 3.13594365 8.64532065
v 0.02345529 3.38962674 8.59513712
v 0.00966787 3.38962674 8.60892454
v -0.05985142 3.13594365 8.44026335
v -0.1452059 3.13594365 8.52561784
v -0.0234553 3.38962674 8.57580137
v -0.00966788 3.38962674 8.56201395
v 0.1452059 3.13594365 8.64532065
v 0.1452059 3.13594365 8.52561783
v 0.02345529 3.38962674 8.57580137
v 0.02345529 3.38962674 8.59513712
v -0.05985141 3.13594365 8.73067515
v 0.05985142 3.13594365 8.73067515
v 0.00966787 3.38962674 8.60892454
v -0.00966788 3.38962674 8.60892454
v -0.1452059 3.13594365 8.64532066
v -0.05985141 3.13594365 8.73067515
v -0.00966788 3.38962674 8.60892454
v -0.0234553 3.38962674 8.59513712
v 0.1452059 3.13594365 8.52561783
v 0.05985141 3.13594365 8.44026335
v 0.00966787 3.38962674 8.56201395
v 0.02345529 3.38962674 8.57580137
v 0.28557339 2.43595982 8.46776073
v 0.28768975 2.43595982 8.2977795
v 0.28768975 2.56007099 8.2977795
v 0.28557339 2.56007099 8.46776073
v 0.11770853 2.43595982 8.29989585
v 0.28557339 2.43595982 8.46776073
v 0.28557339 2.56007099 8.46776073
v 0.11770853 2.56007099 8.29989585
v 0.28768975 2.43595982 8.2977795
v 0.11770853 2.43595982 8.29989585
v 0.11770853 2.56007099 8.29989585
v 0.28768975 2.56007099 8.2977795
v 0.28557339 2.43595982 8.70317777
v 0.11770852 2.43595982 8.87104264
v 0.11770852 2.55690813 8.87104264
v 0.28557339 2.55690813 8.70317777
v 0.28768975 2.43595982 8.87315899
v 0.28557339 2.43595982 8.70317777
v 0.28557339 2.55690813 8.70317777
v 0.28768975 2.55690813 8.87315899
v -0.11770853 2.43595982 8.87104264
v -0.28557339 2.43595982 8.70317777
v -0.28557339 2.55425692 8.70317777
v -0.11770853 2.55425692 8.87104264
v -0.28768975 2.43595982 8.87315899
v -0.11770853 2.43595982 8.87104264
v -0.11770853 2.55425692 8.87104264
v -0.28768975 2.55425692 8.87315899
v -0.28557339 2.43595982 8.46776072
v -0.11770852 2.43595982 8.29989585
v -0.11770852 2.55603456 8.29989585
v -0.28557339 2.55603456 8.46776072
v -0.28768975 2.43595982 8.2977795
v -0.28557339 2.43595982 8.46776072
v -0.28557339 2.55603456 8.46776072
v -0.28768975 2.55603456 8.2977795
v 0.02345529 3.38962674 8.59513712
v 0.02345529 3.38962674 8.57580137
v 0.009116 3.605479 8.58171157
v 0.009116 3.605479 8.58922692
v -0.00966788 3.38962674 8.60892454
v 0.00966787 3.38962674 8.60892454
v 0.00375716 3.605479 8.59458576
v -0.00375818 3.605479 8.59458576
v -0.0234553 3.38962674 8.59513712
v -0.00966788 3.38962674 8.60892454
v -0.00375818 3.605479 8.59458576
v -0.00911702 3.605479 8.58922692
v 0.02345529 3.38962674 8.57580137
v 0.00966787 3.38962674 8.56201395
v 0.00375716 3.605479 8.57635273
v 0.009116 3.605479 8.58171157
v 0.00966787 3.38962674 8.56201395
v -0.00966788 3.38962674 8.56201395
v -0.00375818 3.605479 8.57635273
v 0.00375716 3.605479 8.57635273
v -0.0234553 3.38962674 8.57580137
v -0.0234553 3.38962674 8.59513712
v -0.00911702 3.605479 8.58922692
v -0.00911702 3.605479 8.58171158
v 0.00966787 3.38962674 8.60892454
v 0.02345529 3.38962674 8.59513712
v 0.009116 3.605479 8.58922692
v 0.00375716 3.605479 8.59458576
v 0.28769991 0.02914178 8.87316915
v 0.28769991 0.92116201 8.87316915
v -0.28769991 0.92116201 8.87316915
v -0.28769991 0.02914178 8.87316915
v 0.28769991 0.02914178 8.29776934
v 0.28769991 0.92116201 8.29776934
v 0.28769991 0.92116201 8.87316915
v 0.28769991 0.02914178 8.87316915
v -0.28769991 0.02914178 8.29776934
v -0.28769991 0.92116201 8.29776934
v 0.28769991 0.92116201 8.29776934
v 0.28769991 0.02914178 8.29776934
v -0.28769991 0.02914178 8.87316915
v -0.28769991 0.92116201 8.87316915
v -0.28769991 0.92116201 8.29776934
v -0.28769991 0.02914178 8.29776934
v -0.28768975 2.43595982 8.2977795
v 0.28769991 2.43595982 8.29776934
v -0.28769991 2.43595982 8.29776934
v 0.28768975 2.43595982 8.2977795
v -0.11770852 2.43595982 8.29989585
v 0.11770853 2.43595982 8.29989585
v 0.28768975 2.43595982 8.2977795
v 0.28769991 2.43595982 8.87316915
v 0.28769991 2.43595982 8.29776934
v 0.28557339 2.43595982 8.46776073
v 0.28557339 2.43595982 8.70317777
v 0.28768975 2.43595982 8.87315899
v -0.28769991 2.43595982 8.87316915
v -0.28768975 2.43595982 8.2977795
v -0.28769991 2.43595982 8.29776934
v -0.28557339 2.43595982 8.46776072
v -0.28557339 2.43595982 8.70317777
v -0.28768975 2.43595982 8.87315899
v 0.11770852 2.43595982 8.87104264
v -0.11770853 2.43595982 8.87104264
v 0.28769991 2.43595982 8.87316915
v -0.00911702 3.605479 8.58171158
v 0.00375716 3.605479 8.57635273
v -0.00375818 3.605479 8.57635273
v 0.009116 3.605479 8.58171157
v 0.009116 3.605479 8.58922692
v -0.00911702 3.605479 8.58922692
v -0.00375818 3.605479 8.59458576
v 0.00375716 3.605479 8.59458576
vn 0.88396 0.46742 0.01101
vn -0.66129 0.35409 0.66129
vn -0.01101 0.46742 -0.88396
vn -0.01084 0.49209 0.87048
vn 0.01061 0.52255 0.85254
vn -0.65545 0.3752 -0.65545
vn 0.87048 0.49209 -0.01084
vn -0.85713 0.51499 0.01067
vn 0.64749 0.40187 -0.64749
vn -0.85254 0.52255 -0.01061
vn 0.64955 0.39519 0.64955
vn 0.01067 0.51499 -0.85713
vn -1 0 0
vn 0 0 -1
vn 1 0 0
vn 0 0 1
vn 0 -1 -0
vn 0.97708 0.21286 -0
vn 0 0.21286 -0.97708
vn 0 0.21286 0.97708
vn -0.99992 0 -0.01245
vn 0.01245 0 -0.99992
vn -0.01245 0 0.99992
vn -0.69095 0.21257 -0.69095
vn 0.69095 0.21257 -0.69095
vn 0.69095 0.21257 0.69095
vn -0.69095 0.21257 0.69095
vn -0.97708 0.21286 -0
vn 0 0.43268 -0.90155
vn 0.70711 0 0.70711
vn 0.70711 0 -0.70711
vn -0.70711 0 -0.70711
vn -0.70711 0 0.70711
vn -0.70556 0.06619 -0.70556
vn -0.90155 0.43268 -0
vn 0.63766 0.43218 0.63766
vn -0.63766 0.43218 -0.63766
vn 0.90155 0.43268 -0
vn 0 0.43268 0.90155
vn -0.63766 0.43218 0.63766
vn 0.63766 0.43218 -0.63766
vn 0.99992 0 0.01245
vn -0.70711 0 0.70711
vn -0.01245 0 -0.99992
vn -0.70711 0 -0.70711
vn 0.99992 0 -0.01245
vn 0.70711 0 -0.70711
vn 0.01245 0 0.99992
vn 0.70711 0 0.70711
vn -0.99992 0 0.01245
vn 0.9978 0.06628 -0
vn 0 0.06628 0.9978
vn -0.70556 0.06619 0.70556
vn 0.70556 0.06619 -0.70556
vn 0 0.06628 -0.9978
vn -0.9978 0.06628 -0
vn 0.70556 0.06619 0.70556
vn 0 1 -0
vn 7E-05 1 -0
vn -7E-05 1 -0
vt 0.20545 0.86781
vt 0.27815 0.87754
vt 0.24299 0.80108
vt 0.19573 0.87777
vt 0.31542 0.88254
vt 0.24001 0.81687
vt 0.20259 0.87637
vt 0.31149 0.87617
vt 0.23934 0.82332
vt 0.20077 0.87137
vt 0.30498 0.87118
vt 0.23594 0.81963
vt 0.19587 0.86334
vt 0.30078 0.88723
vt 0.24875 0.82039
vt 0.67757 0.71104
vt 0.67757 0.30156
vt 0.4834 0.30332
vt 0.4834 0.71281
vt 0.33852 0.33884
vt 0.50777 0.33884
vt 0.50777 0.20024
vt 0.33852 0.20024
vt 0.79679 0.67656
vt 0.98672 0.67656
vt 0.98565 0.30241
vt 0.79571 0.30241
vt 0.08749 0.99835
vt 0.28167 0.99835
vt 0.23224 0.58553
vt 0.1335 0.58553
vt 0.24657 0.5592
vt 0.12601 0.5592
vt 0.12601 0.60444
vt 0.24657 0.60444
vt 0.53061 0.86989
vt 0.44119 0.87006
vt 0.44119 0.92172
vt 0.53061 0.92156
vt 0.52379 0.87483
vt 0.43966 0.87499
vt 0.43966 0.92348
vt 0.52379 0.92332
vt 0.52704 0.87165
vt 0.44132 0.8718
vt 0.44132 0.92101
vt 0.52704 0.92086
vt 0.35304 0.99655
vt 0.25541 0.58059
vt 0.12743 0.57841
vt 0.01441 0.99729
vt 0.12912 0.57524
vt 0.0368 1.00164
vt 0.32723 1.00316
vt 0.22979 0.57792
vt 0.12779 0.574
vt 0.24479 0.574
vt 0.19574 0.35729
vt 0.17684 0.35729
vt 0.18265 0.40569
vt 0.1905 0.40569
vt 0.1881 0.33418
vt 0.18505 0.33418
vt 0.52172 0.85576
vt 0.44601 0.85562
vt 0.44601 0.92155
vt 0.52172 0.9217
vt 0 0.33822
vt 0.05 0.33771
vt 0.00063 0.24057
vt 0 0.19962
vt 0.16926 0.19962
vt 0.16926 0.33822
vt 0.16926 0.33822
vt 0.16863 0.29727
vt 0.16863 0.24057
vt 0.16926 0.19962
vt 0.05 0.20013
vt 0.11925 0.20013
vt 0 0.19962
vt 0.65778 0.336
vt 0.66157 0.33471
vt 0.65935 0.33471
vt 0.66314 0.336
vt 0.66314 0.33781
vt 0.65778 0.33781
vt 0.65935 0.3391
vt 0.66157 0.3391
usemtl mat17
f 4270/1891/1733 4271/1892/1733 4272/1893/1733
f 4273/1891/1734 4274/1892/1734 4272/1893/1734
f 4275/1891/1735 4276/1892/1735 4272/1893/1735
f 4277/1894/1736 4278/1895/1736 4279/1896/1736
f 4280/1897/1737 4281/1898/1737 4282/1899/1737
f 4283/1894/1738 4284/1895/1738 4279/1896/1738
f 4285/1894/1739 4286/1895/1739 4279/1896/1739
f 4287/1900/1740 4288/1901/1740 4289/1902/1740
f 4290/1897/1741 4291/1898/1741 4282/1899/1741
f 4292/1903/1742 4293/1904/1742 4294/1905/1742
f 4295/1900/1743 4296/1901/1743 4289/1902/1743
f 4297/1900/1744 4298/1901/1744 4289/1902/1744
f 4299/1906/1745 4300/1907/1745 4301/1908/1745
f 4299/1906/1745 4301/1908/1745 4302/1909/1745
f 4303/1906/1746 4304/1907/1746 4305/1908/1746
f 4303/1906/1746 4305/1908/1746 4306/1909/1746
f 4307/1906/1747 4308/1907/1747 4309/1908/1747
f 4307/1906/1747 4309/1908/1747 4310/1909/1747
f 4311/1906/1748 4312/1907/1748 4313/1908/1748
f 4311/1906/1748 4313/1908/1748 4314/1909/1748
f 4315/1910/1749 4316/1911/1749 4317/1912/1749
f 4315/1910/1749 4317/1912/1749 4318/1913/1749
f 4319/1914/1747 4320/1915/1747 4321/1916/1747
f 4319/1914/1747 4321/1916/1747 4322/1917/1747
f 4323/1914/1745 4324/1915/1745 4325/1916/1745
f 4323/1914/1745 4325/1916/1745 4326/1917/1745
f 4327/1914/1748 4328/1915/1748 4329/1916/1748
f 4327/1914/1748 4329/1916/1748 4330/1917/1748
f 4331/1914/1746 4332/1915/1746 4333/1916/1746
f 4331/1914/1746 4333/1916/1746 4334/1917/1746
f 4335/1918/1750 4336/1919/1750 4337/1920/1750
f 4335/1918/1750 4337/1920/1750 4338/1921/1750
f 4339/1918/1751 4340/1919/1751 4341/1920/1751
f 4339/1918/1751 4341/1920/1751 4342/1921/1751
f 4343/1922/1748 4344/1923/1748 4345/1924/1748
f 4343/1922/1748 4345/1924/1748 4346/1925/1748
f 4347/1918/1752 4348/1919/1752 4349/1920/1752
f 4347/1918/1752 4349/1920/1752 4350/1921/1752
f 4351/1926/1753 4352/1927/1753 4353/1928/1753
f 4351/1926/1753 4353/1928/1753 4354/1929/1753
f 4355/1930/1754 4356/1931/1754 4357/1932/1754
f 4355/1930/1754 4357/1932/1754 4358/1933/1754
f 4359/1934/1755 4360/1935/1755 4361/1936/1755
f 4359/1934/1755 4361/1936/1755 4362/1937/1755
f 4363/1938/1756 4364/1939/1756 4365/1940/1756
f 4363/1938/1756 4365/1940/1756 4366/1941/1756
f 4367/1942/1757 4368/1943/1757 4369/1944/1757
f 4367/1942/1757 4369/1944/1757 4370/1945/1757
f 4371/1942/1758 4372/1943/1758 4373/1944/1758
f 4371/1942/1758 4373/1944/1758 4374/1945/1758
f 4375/1938/1759 4376/1939/1759 4377/1940/1759
f 4375/1938/1759 4377/1940/1759 4378/1941/1759
f 4379/1918/1760 4380/1919/1760 4381/1920/1760
f 4379/1918/1760 4381/1920/1760 4382/1921/1760
f 4383/1946/1761 4384/1947/1761 4385/1948/1761
f 4383/1946/1761 4385/1948/1761 4386/1949/1761
f 4387/1922/1762 4388/1923/1762 4389/1924/1762
f 4387/1922/1762 4389/1924/1762 4390/1925/1762
f 4391/1922/1745 4392/1923/1745 4393/1924/1745
f 4391/1922/1745 4393/1924/1745 4394/1925/1745
f 4395/1922/1763 4396/1923/1763 4397/1924/1763
f 4395/1922/1763 4397/1924/1763 4398/1925/1763
f 4399/1922/1747 4400/1923/1747 4401/1924/1747
f 4399/1922/1747 4401/1924/1747 4402/1925/1747
f 4403/1922/1764 4404/1923/1764 4405/1924/1764
f 4403/1922/1764 4405/1924/1764 4406/1925/1764
f 4407/1922/1746 4408/1923/1746 4409/1924/1746
f 4407/1922/1746 4409/1924/1746 4410/1925/1746
f 4411/1922/1765 4412/1923/1765 4413/1924/1765
f 4411/1922/1765 4413/1924/1765 4414/1925/1765
f 4415/1950/1766 4416/1951/1766 4417/1952/1766
f 4415/1950/1766 4417/1952/1766 4418/1953/1766
f 4419/1946/1767 4420/1947/1767 4421/1948/1767
f 4419/1946/1767 4421/1948/1767 4422/1949/1767
f 4423/1946/1768 4424/1947/1768 4425/1948/1768
f 4423/1946/1768 4425/1948/1768 4426/1949/1768
f 4427/1946/1769 4428/1947/1769 4429/1948/1769
f 4427/1946/1769 4429/1948/1769 4430/1949/1769
f 4431/1946/1770 4432/1947/1770 4433/1948/1770
f 4431/1946/1770 4433/1948/1770 4434/1949/1770
f 4435/1946/1771 4436/1947/1771 4437/1948/1771
f 4435/1946/1771 4437/1948/1771 4438/1949/1771
f 4439/1946/1772 4440/1947/1772 4441/1948/1772
f 4439/1946/1772 4441/1948/1772 4442/1949/1772
f 4443/1946/1773 4444/1947/1773 4445/1948/1773
f 4443/1946/1773 4445/1948/1773 4446/1949/1773
f 4447/1954/1774 4448/1955/1774 4449/1956/1774
f 4447/1954/1774 4449/1956/1774 4450/1957/1774
f 4451/1954/1775 4452/1955/1775 4453/1956/1775
f 4451/1954/1775 4453/1956/1775 4454/1957/1775
f 4455/1954/1776 4456/1955/1776 4457/1956/1776
f 4455/1954/1776 4457/1956/1776 4458/1957/1776
f 4459/1934/1777 4460/1935/1777 4461/1936/1777
f 4459/1934/1777 4461/1936/1777 4462/1937/1777
f 4463/1934/1778 4464/1935/1778 4465/1936/1778
f 4463/1934/1778 4465/1936/1778 4466/1937/1778
f 4467/1926/1779 4468/1927/1779 4469/1928/1779
f 4467/1926/1779 4469/1928/1779 4470/1929/1779
f 4471/1926/1780 4472/1927/1780 4473/1928/1780
f 4471/1926/1780 4473/1928/1780 4474/1929/1780
f 4475/1930/1781 4476/1931/1781 4477/1932/1781
f 4475/1930/1781 4477/1932/1781 4478/1933/1781
f 4479/1930/1782 4480/1931/1782 4481/1932/1782
f 4479/1930/1782 4481/1932/1782 4482/1933/1782
f 4483/1950/1783 4484/1951/1783 4485/1952/1783
f 4483/1950/1783 4485/1952/1783 4486/1953/1783
f 4487/1950/1784 4488/1951/1784 4489/1952/1784
f 4487/1950/1784 4489/1952/1784 4490/1953/1784
f 4491/1950/1785 4492/1951/1785 4493/1952/1785
f 4491/1950/1785 4493/1952/1785 4494/1953/1785
f 4495/1950/1786 4496/1951/1786 4497/1952/1786
f 4495/1950/1786 4497/1952/1786 4498/1953/1786
f 4499/1950/1787 4500/1951/1787 4501/1952/1787
f 4499/1950/1787 4501/1952/1787 4502/1953/1787
f 4503/1950/1788 4504/1951/1788 4505/1952/1788
f 4503/1950/1788 4505/1952/1788 4506/1953/1788
f 4507/1950/1789 4508/1951/1789 4509/1952/1789
f 4507/1950/1789 4509/1952/1789 4510/1953/1789
f 4511/1906/1748 4512/1907/1748 4513/1908/1748
f 4511/1906/1748 4513/1908/1748 4514/1909/1748
f 4515/1906/1747 4516/1907/1747 4517/1908/1747
f 4515/1906/1747 4517/1908/1747 4518/1909/1747
f 4519/1906/1746 4520/1907/1746 4521/1908/1746
f 4519/1906/1746 4521/1908/1746 4522/1909/1746
f 4523/1906/1745 4524/1907/1745 4525/1908/1745
f 4523/1906/1745 4525/1908/1745 4526/1909/1745
f 4527/1956/1790 4528/1954/1790 4529/1955/1790
f 4528/1954/1790 4527/1956/1790 4530/1958/1790
f 4530/1958/1790 4527/1956/1790 4531/1957/1790
f 4530/1958/1790 4531/1957/1790 4532/1959/1790
f 4533/1916/1791 4534/1914/1791 4535/1915/1791
f 4534/1914/1791 4533/1916/1791 4536/1917/1791
f 4534/1914/1791 4536/1917/1791 4537/1960/1791
f 4534/1914/1791 4537/1960/1791 4538/1961/1791
f 4539/1962/1792 4540/1963/1792 4541/1964/1792
f 4540/1963/1792 4539/1962/1792 4542/1965/1792
f 4542/1965/1792 4539/1962/1792 4543/1966/1792
f 4543/1966/1792 4539/1962/1792 4544/1967/1792
f 4544/1967/1790 4545/1968/1790 4546/1969/1790
f 4545/1968/1790 4544/1967/1790 4538/1961/1790
f 4538/1961/1790 4544/1967/1790 4539/1962/1790
f 4538/1961/1790 4539/1962/1790 4547/1970/1790
f 4548/1971/1790 4549/1972/1790 4550/1973/1790
f 4549/1972/1790 4548/1971/1790 4551/1974/1790
f 4551/1974/1790 4548/1971/1790 4552/1975/1790
f 4552/1975/1790 4548/1971/1790 4553/1976/1790
f 4552/1975/1790 4553/1976/1790 4554/1977/1790
f 4552/1975/1790 4554/1977/1790 4555/1978/1790
# Vertices: 286, normals: 60, texture coordinates: 88, faces: 148

o obj19
v -0.01137499 3.83596694 10.17131447
v -0.00967362 3.83596694 10.16924135
v -0.00967345 3.92177045 10.16924135
v -0.01137483 3.92177045 10.17131447
v -0.01013905 3.83596623 10.15443701
v -0.00516881 3.83596623 10.15292931
v -0.00266889 3.83596694 10.16549724
v -0.00523529 3.83596694 10.16627575
v 7E-08 3.83596623 10.20540989
v 7E-08 3.71337378 10.20540989
v -0.00516881 3.71337378 10.2049008
v -0.00516881 3.83596623 10.2049008
v 0.00760064 3.83596694 10.16753998
v 0.00967377 3.83596694 10.16924135
v 0.00967393 3.92177045 10.16924135
v 0.00760081 3.92177045 10.16753998
v 0.02447809 3.83596623 10.16877592
v 0.02598578 3.83596623 10.17374616
v 0.01341786 3.83596694 10.17624608
v 0.01263936 3.83596694 10.17367968
v -0.01013905 3.71337378 10.20339307
v -0.01013905 3.83596623 10.20339307
v 0.01341803 3.92177045 10.17624608
v 0.01263953 3.92177045 10.17367968
v 0.0101392 3.83596623 10.20339307
v 0.00516896 3.83596623 10.2049008
v 0.00266904 3.83596694 10.19233286
v 0.00523544 3.83596694 10.19155434
v -0.01471966 3.71337378 10.20094468
v -0.01471966 3.83596623 10.20094468
v -0.00266873 3.92177045 10.16549724
v -0.00523513 3.92177045 10.16627575
v -0.01873459 3.83596623 10.19764972
v -0.00967362 3.83596694 10.18858875
v -0.0076005 3.83596694 10.19029011
v -0.01873459 3.71337378 10.19764972
v -0.01263922 3.83596694 10.18415041
v -0.01341772 3.83596694 10.18158402
v -0.01341755 3.92177045 10.18158402
v -0.01263906 3.92177045 10.18415041
v -0.02202957 3.83596623 10.16419531
v -0.01873459 3.83596623 10.16018037
v -0.02202955 3.71337378 10.19363478
v -0.02202955 3.83596623 10.19363478
v 0.0026692 3.92177045 10.19233286
v 0.0052356 3.92177045 10.19155434
v 0.0147198 3.83596623 10.1568854
v 0.01873474 3.83596623 10.16018037
v -0.02447796 3.71337378 10.18905418
v -0.02447796 3.83596623 10.18905418
v 0.01341786 3.83596694 10.18158401
v 0.01263937 3.83596694 10.18415042
v 0.01263954 3.92177045 10.18415042
v 0.01341803 3.92177045 10.18158401
v 0.02202971 3.83596623 10.19363478
v 0.01873474 3.83596623 10.19764972
v 0.00967377 3.83596694 10.18858875
v 0.01137513 3.83596694 10.18651562
v -0.02598564 3.71337378 10.18408394
v -0.02598564 3.83596623 10.18408394
v 7E-08 3.83596694 10.19259573
v 2.4E-07 3.92177045 10.19259573
v -0.02649474 3.83596623 10.17891505
v -0.02598564 3.83596623 10.17374616
v -0.01341772 3.83596694 10.17624608
v -0.01368059 3.83596694 10.17891505
v -0.02649474 3.71337378 10.17891505
v 0.00266904 3.83596694 10.16549724
v 0.00523544 3.83596694 10.16627575
v 0.0052356 3.92177045 10.16627575
v 0.0026692 3.92177045 10.16549724
v 8E-08 3.83596623 10.15242022
v 0.00516896 3.83596623 10.15292931
v 7E-08 3.83596694 10.16523437
v -0.02598564 3.71337378 10.17374616
v -0.01263921 3.83596694 10.17367968
v -0.01263905 3.92177045 10.17367968
v -0.01341755 3.92177045 10.17624608
v 0.02649487 3.83596623 10.17891505
v 0.02598578 3.83596623 10.18408393
v 0.01368073 3.83596694 10.17891505
v -0.02447794 3.71337378 10.16877592
v -0.02447794 3.83596623 10.16877592
v -0.00266889 3.83596694 10.19233286
v -0.00523529 3.83596694 10.19155434
v -0.00523513 3.92177045 10.19155434
v -0.00266873 3.92177045 10.19233286
v -0.01137498 3.83596694 10.18651562
v -0.02202957 3.71337378 10.16419531
v 0.00760064 3.83596694 10.19029011
v 0.00760081 3.92177045 10.19029011
v 0.00967393 3.92177045 10.18858875
v 7E-08 3.83596694 10.19259573
v -0.01873459 3.71337378 10.16018037
v 0.01137513 3.83596694 10.17131447
v 0.0113753 3.92177045 10.17131447
v -0.01471966 3.83596623 10.1568854
v -0.0076005 3.83596694 10.16753998
v -0.01471966 3.71337378 10.1568854
v -0.00760034 3.92177045 10.16753998
v 0.02202971 3.83596623 10.16419531
v -0.01013905 3.71337378 10.15443701
v -0.01137482 3.92177045 10.18651562
v -0.00967345 3.92177045 10.18858875
v 0.0147198 3.83596623 10.20094468
v -0.00516881 3.71337378 10.15292931
v 0.0136809 3.92177045 10.17891505
v 8E-08 3.71337378 10.15242022
v 2.4E-07 3.92177045 10.16523437
v 0.00516896 3.71337378 10.15292931
v -0.01368043 3.92177045 10.17891505
v 0.0101392 3.83596623 10.15443701
v 0.0101392 3.71337378 10.15443701
v 0.0113753 3.92177045 10.18651562
v 0.02447811 3.83596623 10.18905418
v 0.0147198 3.71337378 10.1568854
v 0.01873474 3.71337378 10.16018037
v 0.02202971 3.71337378 10.16419531
v -0.00760034 3.92177045 10.19029011
v 0.02447809 3.71337378 10.16877592
v 0.02598578 3.71337378 10.17374616
v 7E-08 3.83596623 10.20540989
v 0.02649487 3.71337378 10.17891505
v 0.02598578 3.71337378 10.18408393
v 0.02447811 3.71337378 10.18905418
v 0.02202971 3.71337378 10.19363478
v 0.01873474 3.71337378 10.19764972
v 0.0147198 3.71337378 10.20094468
v -0.01772152 3.92177069 10.17157445
v -0.01881308 3.92177069 10.17517284
v 0.0101392 3.71337378 10.20339307
v 2.4E-07 3.92177045 10.19259573
v 0.00516896 3.71337378 10.2049008
v 7E-08 3.71337378 10.20540989
v -0.01772153 3.92177069 10.18625564
v -0.01881308 3.92177069 10.18265726
v -0.01356139 3.9263922 10.18161262
v -0.01277455 3.9263922 10.18420652
v 0.01881355 3.92177069 10.17517284
v 0.017722 3.92177069 10.17157445
v -0.01918166 3.92177069 10.17891505
v 0.0159494 3.92177069 10.16825815
v 0.01356389 3.92177069 10.16535139
v 0.01065712 3.92177069 10.16296587
v -0.01594892 3.92177069 10.18957194
v 0.00734083 3.92177069 10.16119327
v 2.4E-07 3.92177069 10.19809697
v 0.00374244 3.92177069 10.19772839
v -0.01356341 3.92177069 10.19247871
v 0.00374244 3.92177069 10.16010172
v 0.00734083 3.92177069 10.19663682
v -0.01065666 3.92177069 10.19486421
v 2.4E-07 3.92177069 10.15973314
v 0.01065712 3.92177069 10.19486421
v -0.00734036 3.92177069 10.19663682
v -0.00374196 3.92177069 10.16010172
v 0.01356389 3.92177069 10.19247871
v -0.00374196 3.92177069 10.19772839
v -0.00734036 3.92177069 10.16119327
v 0.0159494 3.92177069 10.18957194
v 2.4E-07 3.92177069 10.19809697
v -0.01065666 3.92177069 10.16296587
v 0.01772201 3.92177069 10.18625565
v -0.01356341 3.92177069 10.16535139
v 0.01881355 3.92177069 10.18265725
v -0.01594894 3.92177069 10.16825815
v 0.01918213 3.92177069 10.17891505
v 0.00977756 3.9263922 10.16913768
v 0.00768222 3.9263922 10.16741807
v -0.01149676 3.9263922 10.18659707
v 0.00529167 3.9263922 10.16614029
v 2E-07 3.9263922 10.19274234
v 0.00269776 3.9263922 10.19247666
v -0.00977717 3.9263922 10.18869242
v 0.00269776 3.9263922 10.16535345
v 0.00529167 3.9263922 10.19168979
v -0.00768183 3.9263922 10.19041201
v 2E-07 3.9263922 10.16508776
v 0.00768222 3.9263922 10.19041201
v -0.00529128 3.9263922 10.19168979
v -0.00269737 3.9263922 10.16535345
v 0.00977756 3.9263922 10.18869242
v -0.00269737 3.9263922 10.19247666
v -0.00529128 3.9263922 10.16614029
v 0.01149716 3.9263922 10.18659707
v 2E-07 3.9263922 10.19274234
v -0.00768183 3.9263922 10.16741807
v 0.01277494 3.9263922 10.18420652
v -0.00977717 3.9263922 10.16913768
v 0.01356178 3.9263922 10.18161262
v -0.01149677 3.9263922 10.17123302
v 0.01382747 3.9263922 10.17891505
v -0.01277454 3.9263922 10.17362357
v 0.01356178 3.9263922 10.17621748
v -0.01356139 3.9263922 10.17621748
v 0.01277493 3.9263922 10.17362357
v -0.01382708 3.9263922 10.17891505
v 0.01149716 3.9263922 10.17123302
v 0.00733413 3.9263922 10.18624899
v 0.00862399 3.9263922 10.18467729
v 0.01037194 3.9263922 10.17891505
v 0.01017265 3.9263922 10.18093848
v 0.00399235 4.32003748 10.17970852
v 0.0040705 4.32003748 10.17891505
v -0.00202323 3.9263922 10.18908752
v 2E-07 3.9263922 10.18928681
v -0.0039689 3.9263922 10.16933279
v -0.00576204 3.9263922 10.17029124
v 0.00958245 3.9263922 10.18288415
v -0.00733374 3.9263922 10.17158111
v -0.00862361 3.9263922 10.17315281
v -0.00958205 3.9263922 10.17494595
v 0.01017265 3.9263922 10.17689162
v -0.01017226 3.9263922 10.17689162
v 0.00958244 3.9263922 10.17494595
v -0.01037156 3.9263922 10.17891505
v 0.00862399 3.9263922 10.17315281
v -0.01017226 3.9263922 10.18093848
v 0.00733413 3.9263922 10.17158111
v -0.00958206 3.9263922 10.18288415
v 0.00576243 3.9263922 10.17029124
v -0.0086236 3.9263922 10.18467729
v 0.00396929 3.9263922 10.16933279
v 2E-07 3.9263922 10.18928681
v 0.00202362 3.9263922 10.18908752
v -0.00733374 3.9263922 10.18624899
v 0.00202362 3.9263922 10.16874258
v 0.00396929 3.9263922 10.1884973
v -0.00576204 3.9263922 10.18753884
v 2E-07 3.9263922 10.16854329
v 0.00576243 3.9263922 10.18753884
v -0.0039689 3.9263922 10.1884973
v -0.00202323 3.9263922 10.16874258
v -0.00337849 4.32003748 10.17665542
v -0.00375434 4.32003748 10.17735859
v 0.00399235 4.32003748 10.17812157
v -0.00398579 4.32003748 10.17812157
v 0.0037609 4.32003748 10.17735859
v -0.00406394 4.32003748 10.17891505
v 0.00338505 4.32003748 10.17665542
v -0.00398579 4.32003748 10.17970852
v 0.00287924 4.32003748 10.17603909
v -0.00375434 4.32003748 10.18047151
v 0.00226291 4.32003748 10.17553328
v -0.00337849 4.32003748 10.18117467
v 0.00155974 4.32003748 10.17515742
v 3.28E-06 4.32003748 10.18298227
v 0.00079676 4.32003748 10.18290412
v -0.00287268 4.32003748 10.18179101
v 0.00079676 4.32003748 10.17492598
v 0.00155974 4.32003748 10.18267267
v -0.00225635 4.32003748 10.18229682
v 3.28E-06 4.32003748 10.17484783
v 0.00226291 4.32003748 10.18229682
v -0.00155318 4.32003748 10.18267267
v -0.00079019 4.32003748 10.17492598
v 0.00287924 4.32003748 10.18179101
v -0.00079019 4.32003748 10.18290412
v -0.00155318 4.32003748 10.17515742
v 0.00338505 4.32003748 10.18117467
v 3.28E-06 4.32003748 10.18298227
v -0.00225635 4.32003748 10.17553328
v 0.0037609 4.32003748 10.18047151
v -0.00287268 4.32003748 10.17603909
v -0.00516881 3.71337378 10.15292931
v 0.00516896 3.71337378 10.15292931
v 8E-08 3.71337378 10.15242022
v -0.01013905 3.71337378 10.15443701
v 0.0101392 3.71337378 10.15443701
v -0.01471966 3.71337378 10.1568854
v 0.0147198 3.71337378 10.1568854
v -0.01873459 3.71337378 10.16018037
v 0.01873474 3.71337378 10.16018037
v -0.02202957 3.71337378 10.16419531
v 0.02202971 3.71337378 10.16419531
v -0.02447794 3.71337378 10.16877592
v 0.02447809 3.71337378 10.16877592
v -0.02598564 3.71337378 10.17374616
v 0.02598578 3.71337378 10.17374616
v -0.02649474 3.71337378 10.17891505
v 0.02649487 3.71337378 10.17891505
v -0.02598564 3.71337378 10.18408394
v 0.02598578 3.71337378 10.18408393
v 0.02447811 3.71337378 10.18905418
v -0.02447796 3.71337378 10.18905418
v -0.02202955 3.71337378 10.19363478
v 0.02202971 3.71337378 10.19363478
v -0.01873459 3.71337378 10.19764972
v 0.01873474 3.71337378 10.19764972
v -0.01471966 3.71337378 10.20094468
v 0.0147198 3.71337378 10.20094468
v -0.01013905 3.71337378 10.20339307
v 0.0101392 3.71337378 10.20339307
v -0.00516881 3.71337378 10.2049008
v 0.00516896 3.71337378 10.2049008
v 7E-08 3.71337378 10.20540989
v 0.00079676 4.32003748 10.17492598
v -0.00079019 4.32003748 10.17492598
v 3.28E-06 4.32003748 10.17484783
v 0.00155974 4.32003748 10.17515742
v -0.00155318 4.32003748 10.17515742
v 0.00226291 4.32003748 10.17553328
v -0.00225635 4.32003748 10.17553328
v 0.00287924 4.32003748 10.17603909
v -0.00287268 4.32003748 10.17603909
v 0.00338505 4.32003748 10.17665542
v -0.00337849 4.32003748 10.17665542
v 0.0037609 4.32003748 10.17735859
v -0.00375434 4.32003748 10.17735859
v 0.00399235 4.32003748 10.17812157
v -0.00398579 4.32003748 10.17812157
v -0.00406394 4.32003748 10.17891505
v 0.0040705 4.32003748 10.17891505
v -0.00398579 4.32003748 10.17970852
v 0.00399235 4.32003748 10.17970852
v 0.0037609 4.32003748 10.18047151
v -0.00375434 4.32003748 10.18047151
v -0.00337849 4.32003748 10.18117467
v 0.00338505 4.32003748 10.18117467
v 0.00287924 4.32003748 10.18179101
v -0.00287268 4.32003748 10.18179101
v 0.00226291 4.32003748 10.18229682
v -0.00225635 4.32003748 10.18229682
v 0.00155974 4.32003748 10.18267267
v -0.00155318 4.32003748 10.18267267
v 0.00079676 4.32003748 10.18290412
v -0.00079019 4.32003748 10.18290412
v 3.28E-06 4.32003748 10.18298227
vn 0.57966 -0 0.81486
vn 0 -1 2E-05
vn 0.05741 0 -0.99835
vn -0.43208 0 0.90183
vn -1E-05 -1 1E-05
vn 0.17439 0 -0.98468
vn -0.88736 1E-05 0.46107
vn -0 -1 -2E-05
vn 0.29789 0 -0.9546
vn 0.17438 -0 0.98468
vn 1E-05 -1 -2E-05
vn 0.43208 0 -0.90183
vn 0.88736 -1E-05 -0.46107
vn 1E-05 -1 1E-05
vn 0.57967 0 -0.81485
vn -0.17439 0 -0.98468
vn -1E-05 -1 2E-05
vn 0.73756 0 -0.67528
vn -0.88737 1E-05 -0.46106
vn -1E-05 -1 -1E-05
vn 0.88736 0 -0.46107
vn -0.05741 0 -0.99835
vn 1E-05 -1 0
vn 0.98607 0 -0.16636
vn -0.17438 0 0.98468
vn -0 -1 2E-05
vn 0.98607 0 0.16636
vn 0.88736 -1E-05 0.46107
vn -1E-05 -1 -0
vn 0.88736 0 0.46107
vn 0.17439 -0 -0.98468
vn 1E-05 -1 -1E-05
vn 0.73756 0 0.67528
vn -0.43208 0 -0.90183
vn 0 -1 -2E-05
vn 0.57966 0 0.81486
vn -0.57967 0 0.81485
vn 1E-05 -1 2E-05
vn 0.43209 0 0.90183
vn 0.43209 -0 0.90183
vn -1E-05 -1 1E-05
vn 0.29789 0 0.9546
vn 0.57967 -0 -0.81485
vn -1E-05 -1 -2E-05
vn 0.17438 0 0.98468
vn -0.98607 1E-05 0.16636
vn 1E-05 -1 -2E-05
vn 0.05741 0 0.99835
vn 0.05741 -0 0.99835
vn 1E-05 -1 1E-05
vn -0.05741 0 0.99835
vn 0.98607 -1E-05 -0.16636
vn -1E-05 -1 2E-05
vn -0.17438 0 0.98468
vn -0.73756 1E-05 -0.67528
vn -1E-05 -1 -1E-05
vn -0.29789 0 0.9546
vn -0.29789 0 0.9546
vn 1E-05 -1 -0
vn -0.43208 0 0.90183
vn 0.73756 -1E-05 0.67528
vn 0 -1 2E-05
vn -0.57967 0 0.81485
vn 0.29789 -0 -0.9546
vn -1E-05 -1 0
vn -0.73756 0 0.67528
vn -0.29789 0 -0.9546
vn 1E-05 -1 -1E-05
vn -0.88736 0 0.46107
vn -0.73756 1E-05 0.67528
vn -0 -1 -2E-05
vn -0.98607 0 0.16636
vn 0.29789 -0 0.9546
vn 1E-05 -1 2E-05
vn -0.98607 0 -0.16636
vn 0.73756 -1E-05 -0.67528
vn -1E-05 -1 1E-05
vn -0.88737 0 -0.46106
vn -0.98607 1E-05 -0.16636
vn -1E-05 -1 -2E-05
vn -0.73756 0 -0.67528
vn -0.05741 0 0.99835
vn 0 -1 -2E-05
vn -0.57967 0 -0.81485
vn 0.98607 -1E-05 0.16636
vn 1E-05 -1 1E-05
vn -0.43208 0 -0.90183
vn 1E-05 1 1E-05
vn -0 -1 2E-05
vn -0.29789 0 -0.9546
vn 0.05741 -0 -0.99835
vn -0.17439 0 -0.98468
vn 0.43208 -0 -0.90183
vn 1E-05 -1 -1E-05
vn -0.05741 0 -0.99835
vn -1E-05 -1 -1E-05
vn -0.57967 0 -0.81485
vn 0.19106 -0.97655 -0.09927
vn -1E-05 1 1E-05
vn 1E-05 1 0
vn -1E-05 1 1E-05
vn 1E-05 1 -0
vn -1E-05 1 1E-05
vn 1E-05 1 -1E-05
vn -1E-05 1 1E-05
vn 1E-05 1 -1E-05
vn -0 1 2E-05
vn -0 1 -2E-05
vn 1E-05 1 -1E-05
vn -0 1 2E-05
vn -0 1 -2E-05
vn 1E-05 1 -1E-05
vn -0 1 2E-05
vn -0 1 -2E-05
vn 0 1 -2E-05
vn 0 1 2E-05
vn -1E-05 1 -1E-05
vn 0 1 -2E-05
vn 0 1 2E-05
vn -1E-05 1 -1E-05
vn 0 1 -2E-05
vn 0 1 2E-05
vn -1E-05 1 -1E-05
vn 1E-05 1 1E-05
vn -1E-05 1 -1E-05
vn 1E-05 1 1E-05
vn -1E-05 1 -0
vn 1E-05 1 1E-05
vn -1E-05 1 0
vn -0.12423 -0.95778 0.25928
vn 0.17515 -0.97139 -0.16036
vn -0.0917 -0.95144 0.29385
vn -0.01892 -0.94413 -0.32904
vn 0.15248 -0.96478 -0.21434
vn -0.05618 -0.94668 0.31725
vn -0.05618 -0.94668 -0.31725
vn 0.12423 -0.95778 -0.25928
vn -0.01892 -0.94413 0.32904
vn -0.0917 -0.95144 -0.29385
vn 0.0917 -0.95144 -0.29385
vn 0.01892 -0.94413 0.32904
vn -0.12422 -0.95778 -0.25928
vn 0.05618 -0.94668 -0.31725
vn 0.05618 -0.94668 0.31725
vn -0.15248 -0.96478 -0.21434
vn 0.01892 -0.94413 -0.32904
vn 0.0917 -0.95144 0.29385
vn -0.17515 -0.97139 -0.16036
vn 0.12423 -0.95778 0.25928
vn -0.19106 -0.97655 -0.09927
vn 0.15248 -0.96478 0.21434
vn -0.19927 -0.97937 -0.03362
vn 0.17515 -0.97139 0.16036
vn -0.19927 -0.97937 0.03362
vn 0.19106 -0.97655 0.09927
vn -0.19106 -0.97655 0.09927
vn 0.19927 -0.97937 0.03362
vn -0.17515 -0.97139 0.16036
vn 0.19927 -0.97937 -0.03362
vn -0.15248 -0.96478 0.21434
vn 0 -1 -0
vn -0.98386 -0.06681 -0.16598
vn 0.73639 -0.05648 0.6742
vn -0.98386 -0.06681 0.16598
vn 0.88562 -0.0626 0.46017
vn -0.88563 -0.06254 0.46017
vn 0.98386 -0.06687 0.16598
vn -0.73639 -0.05643 0.6742
vn 0.98386 -0.06687 -0.16598
vn -0.57892 -0.05062 0.81381
vn 0.88562 -0.0626 -0.46016
vn -0.43163 -0.04599 0.90088
vn 0.73638 -0.05648 -0.67421
vn -0.29761 -0.04268 0.95373
vn -0.05736 -0.03956 -0.99757
vn 0.57892 -0.05065 -0.81381
vn -0.17424 -0.04058 0.98387
vn -0.17424 -0.04058 -0.98387
vn 0.43163 -0.04602 -0.90088
vn -0.05736 -0.03956 0.99757
vn -0.29762 -0.04268 -0.95373
vn 0.29761 -0.0427 -0.95373
vn 0.05736 -0.03957 0.99757
vn -0.43163 -0.04599 -0.90088
vn 0.17424 -0.04059 -0.98387
vn 0.17424 -0.04059 0.98387
vn -0.57892 -0.05062 -0.81381
vn 0.05736 -0.03957 -0.99757
vn 0.29761 -0.0427 0.95373
vn -0.73638 -0.05643 -0.67421
vn 0.43163 -0.04602 0.90088
vn -0.88563 -0.06254 -0.46016
vn 0.57892 -0.05065 0.81381
vn -0 1 -0
vn -0 -1 -0
vt 0.65625 0.5
vt 0.625 0.5
vt 0.5625 0.5
vt 0.53125 0.5
vt 1 0.5
vt 1 0
vt 0.96875 0
vt 0.96875 0.5
vt 0.40625 0.5
vt 0.375 0.5
vt 0.3125 0.5
vt 0.28125 0.5
vt 0.9375 0
vt 0.9375 0.5
vt 0.0625 0.5
vt 0.03125 0.5
vt 0.90625 0
vt 0.90625 0.5
vt 0.875 0.5
vt 0.875 0
vt 0.8125 0.5
vt 0.78125 0.5
vt 0.84375 0
vt 0.84375 0.5
vt 0.8125 0
vt 0.21875 0.5
vt 0.1875 0.5
vt 0.15625 0.5
vt 0.125 0.5
vt 0.78125 0
vt 0 0.5
vt 0.75 0.5
vt 0.71875 0.5
vt 0.75 0
vt 0.46875 0.5
vt 0.4375 0.5
vt 0.5 0.5
vt 0.71875 0
vt 0.6875 0.5
vt 0.25 0.5
vt 0.6875 0
vt 0.65625 0
vt 0.09375 0.5
vt 0.625 0
vt 0.34375 0.5
vt 0.59375 0.5
vt 0.59375 0
vt 0.5625 0
vt 0.53125 0
vt 0.5 0
vt 0.46875 0
vt 0.4375 0
vt 0.40625 0
vt 0.375 0
vt 0.34375 0
vt 0.3125 0
vt 0.28125 0
vt 0.25 0
vt 0.21875 0
vt 0.1875 0
vt 0.15625 0
vt 0.125 0
vt 0.09375 0
vt 0.0625 0
vt 0.03125 0
vt 0 0
vt 0.29682 0.98539
vt 0.20318 0.98539
vt 0.25 0.99
vt 0.34184 0.97173
vt 0.15816 0.97173
vt 0.38334 0.94955
vt 0.11666 0.94955
vt 0.41971 0.91971
vt 0.08029 0.91971
vt 0.44955 0.88334
vt 0.05045 0.88334
vt 0.47173 0.84184
vt 0.02827 0.84184
vt 0.48539 0.79682
vt 0.01461 0.79682
vt 0.49 0.75
vt 0.01 0.75
vt 0.48539 0.70318
vt 0.01461 0.70318
vt 0.02827 0.65816
vt 0.47173 0.65816
vt 0.44955 0.61666
vt 0.05045 0.61666
vt 0.41971 0.58029
vt 0.08029 0.58029
vt 0.38334 0.55045
vt 0.11666 0.55045
vt 0.34184 0.52827
vt 0.15816 0.52827
vt 0.29682 0.51461
vt 0.20318 0.51461
vt 0.25 0.51
vt 0.70318 0.98539
vt 0.79682 0.98539
vt 0.75 0.99
vt 0.65816 0.97173
vt 0.84184 0.97173
vt 0.61666 0.94955
vt 0.88334 0.94955
vt 0.58029 0.91971
vt 0.91971 0.91971
vt 0.55045 0.88334
vt 0.94955 0.88334
vt 0.52827 0.84184
vt 0.97173 0.84184
vt 0.51461 0.79682
vt 0.98539 0.79682
vt 0.99 0.75
vt 0.51 0.75
vt 0.98539 0.70318
vt 0.51461 0.70318
vt 0.52827 0.65816
vt 0.97173 0.65816
vt 0.94955 0.61666
vt 0.55045 0.61666
vt 0.58029 0.58029
vt 0.91971 0.58029
vt 0.61666 0.55045
vt 0.88334 0.55045
vt 0.65816 0.52827
vt 0.84184 0.52827
vt 0.70318 0.51461
vt 0.79682 0.51461
vt 0.75 0.51
usemtl mat18
f 4556/1979/1793 4557/1980/1793 4558/1980/1793
f 4556/1979/1793 4558/1980/1793 4559/1979/1793
f 4560/1981/1794 4561/1982/1794 4562/1982/1794
f 4560/1981/1794 4562/1982/1794 4563/1981/1794
f 4564/1983/1795 4565/1984/1795 4566/1985/1795
f 4564/1983/1795 4566/1985/1795 4567/1986/1795
f 4568/1987/1796 4569/1988/1796 4570/1988/1796
f 4568/1987/1796 4570/1988/1796 4571/1987/1796
f 4572/1989/1797 4573/1990/1797 4574/1990/1797
f 4572/1989/1797 4574/1990/1797 4575/1989/1797
f 4567/1986/1798 4566/1985/1798 4576/1991/1798
f 4567/1986/1798 4576/1991/1798 4577/1992/1798
f 4575/1989/1799 4574/1990/1799 4578/1990/1799
f 4575/1989/1799 4578/1990/1799 4579/1989/1799
f 4580/1993/1800 4581/1994/1800 4582/1994/1800
f 4580/1993/1800 4582/1994/1800 4583/1993/1800
f 4577/1992/1801 4576/1991/1801 4584/1995/1801
f 4577/1992/1801 4584/1995/1801 4585/1996/1801
f 4563/1981/1802 4562/1982/1802 4586/1982/1802
f 4563/1981/1802 4586/1982/1802 4587/1981/1802
f 4585/1996/1803 4588/1997/1803 4589/1997/1803
f 4585/1996/1803 4589/1997/1803 4590/1996/1803
f 4585/1996/1804 4584/1995/1804 4591/1998/1804
f 4585/1996/1804 4591/1998/1804 4588/1997/1804
f 4592/1999/1805 4593/2000/1805 4594/2000/1805
f 4592/1999/1805 4594/2000/1805 4595/1999/1805
f 4596/1979/1806 4597/1980/1806 4557/1980/1806
f 4596/1979/1806 4557/1980/1806 4556/1979/1806
f 4588/1997/1807 4591/1998/1807 4598/2001/1807
f 4588/1997/1807 4598/2001/1807 4599/2002/1807
f 4583/1993/1808 4582/1994/1808 4600/1994/1808
f 4583/1993/1808 4600/1994/1808 4601/1993/1808
f 4602/1987/1809 4603/1988/1809 4569/1988/1809
f 4602/1987/1809 4569/1988/1809 4568/1987/1809
f 4599/2002/1810 4598/2001/1810 4604/2003/1810
f 4599/2002/1810 4604/2003/1810 4605/1999/1810
f 4606/2004/1811 4607/2005/1811 4608/2005/1811
f 4606/2004/1811 4608/2005/1811 4609/2004/1811
f 4610/2006/1812 4611/2007/1812 4612/2007/1812
f 4610/2006/1812 4612/2007/1812 4613/2006/1812
f 4605/1999/1813 4604/2003/1813 4614/2008/1813
f 4605/1999/1813 4614/2008/1813 4615/2000/1813
f 4582/1994/1814 4616/2009/1814 4617/2009/1814
f 4582/1994/1814 4617/2009/1814 4600/1994/1814
f 4618/2010/1815 4619/2011/1815 4620/2011/1815
f 4618/2010/1815 4620/2011/1815 4621/2010/1815
f 4615/2000/1816 4614/2008/1816 4622/2012/1816
f 4615/2000/1816 4622/2012/1816 4618/2010/1816
f 4623/2013/1817 4624/2014/1817 4625/2014/1817
f 4623/2013/1817 4625/2014/1817 4626/2013/1817
f 4627/2015/1818 4628/2013/1818 4623/2013/1818
f 4627/2015/1818 4623/2013/1818 4629/2015/1818
f 4618/2010/1819 4622/2012/1819 4630/2016/1819
f 4618/2010/1819 4630/2016/1819 4619/2011/1819
f 4620/2011/1820 4631/2017/1820 4632/2017/1820
f 4620/2011/1820 4632/2017/1820 4633/2011/1820
f 4634/2018/1821 4635/2004/1821 4606/2004/1821
f 4634/2018/1821 4606/2004/1821 4636/2018/1821
f 4619/2011/1822 4630/2016/1822 4637/2019/1822
f 4619/2011/1822 4637/2019/1822 4638/2017/1822
f 4639/1986/1823 4640/1992/1823 4641/1992/1823
f 4639/1986/1823 4641/1992/1823 4642/1986/1823
f 4599/2002/1824 4605/1999/1824 4592/1999/1824
f 4599/2002/1824 4592/1999/1824 4643/2002/1824
f 4638/2017/1825 4637/2019/1825 4644/2020/1825
f 4638/2017/1825 4644/2020/1825 4596/1979/1825
f 4612/2007/1826 4645/2021/1826 4646/2021/1826
f 4612/2007/1826 4646/2021/1826 4647/2007/1826
f 4564/1983/1827 4567/1986/1827 4639/1986/1827
f 4564/1983/1827 4639/1986/1827 4648/1983/1827
f 4596/1979/1828 4644/2020/1828 4649/2022/1828
f 4596/1979/1828 4649/2022/1828 4597/1980/1828
f 4569/1988/1829 4650/2023/1829 4651/2023/1829
f 4569/1988/1829 4651/2023/1829 4570/1988/1829
f 4652/2024/1830 4560/1981/1830 4563/1981/1830
f 4652/2024/1830 4563/1981/1830 4653/2024/1830
f 4597/1980/1831 4649/2022/1831 4654/2025/1831
f 4597/1980/1831 4654/2025/1831 4652/2024/1831
f 4557/1980/1832 4653/2024/1832 4655/2024/1832
f 4557/1980/1832 4655/2024/1832 4558/1980/1832
f 4656/2023/1833 4572/1989/1833 4575/1989/1833
f 4656/2023/1833 4575/1989/1833 4650/2023/1833
f 4652/2024/1834 4654/2025/1834 4657/2026/1834
f 4652/2024/1834 4657/2026/1834 4560/1981/1834
f 4589/1997/1835 4643/2002/1835 4658/2002/1835
f 4589/1997/1835 4658/2002/1835 4659/1997/1835
f 4660/2021/1836 4580/1993/1836 4583/1993/1836
f 4660/2021/1836 4583/1993/1836 4645/2021/1836
f 4560/1981/1837 4657/2026/1837 4661/2027/1837
f 4560/1981/1837 4661/2027/1837 4561/1982/1837
f 4574/1990/1838 4636/2018/1838 4662/2018/1838
f 4574/1990/1838 4662/2018/1838 4578/1990/1838
f 4577/1992/1839 4585/1996/1839 4590/1996/1839
f 4577/1992/1839 4590/1996/1839 4640/1992/1839
f 4561/1982/1840 4661/2027/1840 4663/2028/1840
f 4561/1982/1840 4663/2028/1840 4627/2015/1840
f 4562/1982/1841 4629/2015/1841 4664/2015/1841
f 4562/1982/1841 4664/2015/1841 4586/1982/1841
f 4638/2017/1842 4596/1979/1842 4556/1979/1842
f 4638/2017/1842 4556/1979/1842 4631/2017/1842
f 4627/2015/1843 4663/2028/1843 4665/2029/1843
f 4627/2015/1843 4665/2029/1843 4628/2013/1843
f 4593/2000/1844 4621/2010/1844 4666/2010/1844
f 4593/2000/1844 4666/2010/1844 4594/2000/1844
f 4667/2014/1845 4602/1987/1845 4568/1987/1845
f 4667/2014/1845 4568/1987/1845 4624/2014/1845
f 4628/2013/1846 4665/2029/1846 4668/2030/1846
f 4628/2013/1846 4668/2030/1846 4667/2014/1846
f 4607/2005/1847 4613/2006/1847 4669/2006/1847
f 4607/2005/1847 4669/2006/1847 4608/2005/1847
f 4670/2005/1848 4610/2006/1848 4613/2006/1848
f 4670/2005/1848 4613/2006/1848 4607/2005/1848
f 4667/2014/1849 4668/2030/1849 4671/2031/1849
f 4667/2014/1849 4671/2031/1849 4602/1987/1849
f 4624/2014/1850 4568/1987/1850 4571/1987/1850
f 4624/2014/1850 4571/1987/1850 4625/2014/1850
f 4615/2000/1851 4618/2010/1851 4621/2010/1851
f 4615/2000/1851 4621/2010/1851 4593/2000/1851
f 4602/1987/1852 4671/2031/1852 4672/2032/1852
f 4602/1987/1852 4672/2032/1852 4603/1988/1852
f 4631/2017/1853 4556/1979/1853 4559/1979/1853
f 4631/2017/1853 4559/1979/1853 4632/2017/1853
f 4561/1982/1854 4627/2015/1854 4629/2015/1854
f 4561/1982/1854 4629/2015/1854 4562/1982/1854
f 4603/1988/1855 4672/2032/1855 4673/2033/1855
f 4603/1988/1855 4673/2033/1855 4656/2023/1855
f 4640/1992/1856 4590/1996/1856 4674/1996/1856
f 4640/1992/1856 4674/1996/1856 4641/1992/1856
f 4573/1990/1857 4634/2018/1857 4636/2018/1857
f 4573/1990/1857 4636/2018/1857 4574/1990/1857
f 4656/2023/1858 4673/2033/1858 4675/2034/1858
f 4656/2023/1858 4675/2034/1858 4572/1989/1858
f 4645/2021/1859 4583/1993/1859 4601/1993/1859
f 4645/2021/1859 4601/1993/1859 4646/2021/1859
f 4588/1997/1860 4599/2002/1860 4643/2002/1860
f 4588/1997/1860 4643/2002/1860 4589/1997/1860
f 4572/1989/1861 4675/2034/1861 4676/2035/1861
f 4572/1989/1861 4676/2035/1861 4573/1990/1861
f 4650/2023/1862 4575/1989/1862 4579/1989/1862
f 4650/2023/1862 4579/1989/1862 4651/2023/1862
f 4581/1994/1863 4677/2009/1863 4616/2009/1863
f 4581/1994/1863 4616/2009/1863 4582/1994/1863
f 4573/1990/1864 4676/2035/1864 4678/2036/1864
f 4573/1990/1864 4678/2036/1864 4634/2018/1864
f 4653/2024/1865 4563/1981/1865 4587/1981/1865
f 4653/2024/1865 4587/1981/1865 4655/2024/1865
f 4597/1980/1866 4652/2024/1866 4653/2024/1866
f 4597/1980/1866 4653/2024/1866 4557/1980/1866
f 4634/2018/1867 4678/2036/1867 4679/2037/1867
f 4634/2018/1867 4679/2037/1867 4635/2004/1867
f 4643/2002/1868 4592/1999/1868 4595/1999/1868
f 4643/2002/1868 4595/1999/1868 4658/2002/1868
f 4603/1988/1869 4656/2023/1869 4650/2023/1869
f 4603/1988/1869 4650/2023/1869 4569/1988/1869
f 4635/2004/1870 4679/2037/1870 4680/2038/1870
f 4635/2004/1870 4680/2038/1870 4670/2005/1870
f 4636/2018/1871 4606/2004/1871 4609/2004/1871
f 4636/2018/1871 4609/2004/1871 4662/2018/1871
f 4611/2007/1872 4660/2021/1872 4645/2021/1872
f 4611/2007/1872 4645/2021/1872 4612/2007/1872
f 4670/2005/1873 4680/2038/1873 4681/2039/1873
f 4670/2005/1873 4681/2039/1873 4610/2006/1873
f 4629/2015/1874 4623/2013/1874 4626/2013/1874
f 4629/2015/1874 4626/2013/1874 4664/2015/1874
f 4567/1986/1875 4577/1992/1875 4640/1992/1875
f 4567/1986/1875 4640/1992/1875 4639/1986/1875
f 4610/2006/1876 4681/2039/1876 4682/2040/1876
f 4610/2006/1876 4682/2040/1876 4611/2007/1876
f 4621/2010/1877 4620/2011/1877 4633/2011/1877
f 4621/2010/1877 4633/2011/1877 4666/2010/1877
f 4619/2011/1878 4638/2017/1878 4631/2017/1878
f 4619/2011/1878 4631/2017/1878 4620/2011/1878
f 4611/2007/1879 4682/2040/1879 4683/2041/1879
f 4611/2007/1879 4683/2041/1879 4660/2021/1879
f 4633/2011/1880 4632/2017/1880 4684/2017/1880
f 4633/2011/1880 4684/2017/1880 4685/2011/1880
f 4628/2013/1881 4667/2014/1881 4624/2014/1881
f 4628/2013/1881 4624/2014/1881 4623/2013/1881
f 4660/2021/1882 4683/2041/1882 4686/2042/1882
f 4660/2021/1882 4686/2042/1882 4580/1993/1882
f 4648/1983/1883 4639/1986/1883 4642/1986/1883
f 4648/1983/1883 4642/1986/1883 4687/1983/1883
f 4580/1993/1884 4686/2042/1884 4688/2043/1884
f 4580/1993/1884 4688/2043/1884 4581/1994/1884
f 4590/1996/1885 4589/1997/1885 4659/1997/1885
f 4590/1996/1885 4659/1997/1885 4674/1996/1885
f 4605/1999/1886 4615/2000/1886 4593/2000/1886
f 4605/1999/1886 4593/2000/1886 4592/1999/1886
f 4581/1994/1887 4688/2043/1887 4689/2044/1887
f 4581/1994/1887 4689/2044/1887 4677/2009/1887
f 4635/2004/1888 4670/2005/1888 4607/2005/1888
f 4635/2004/1888 4607/2005/1888 4606/2004/1888
f 4613/2006/1889 4612/2007/1889 4647/2007/1889
f 4613/2006/1889 4647/2007/1889 4669/2006/1889
f 4690/1999/1890 4691/2000/1890 4692/2000/1890
f 4690/1999/1890 4692/2000/1890 4693/1999/1890
f 4579/1989/1891 4578/1990/1891 4694/1990/1891
f 4579/1989/1891 4694/1990/1891 4695/1989/1891
f 4666/2010/1892 4633/2011/1892 4685/2011/1892
f 4666/2010/1892 4685/2011/1892 4696/2010/1892
f 4651/2023/1893 4579/1989/1893 4695/1989/1893
f 4651/2023/1893 4695/1989/1893 4697/2023/1893
f 4594/2000/1894 4666/2010/1894 4696/2010/1894
f 4594/2000/1894 4696/2010/1894 4691/2000/1894
f 4570/1988/1895 4651/2023/1895 4697/2023/1895
f 4570/1988/1895 4697/2023/1895 4698/1988/1895
f 4595/1999/1896 4594/2000/1896 4691/2000/1896
f 4595/1999/1896 4691/2000/1896 4690/1999/1896
f 4571/1987/1897 4570/1988/1897 4698/1988/1897
f 4571/1987/1897 4698/1988/1897 4699/1987/1897
f 4658/2002/1898 4595/1999/1898 4690/1999/1898
f 4658/2002/1898 4690/1999/1898 4700/2002/1898
f 4625/2014/1899 4571/1987/1899 4699/1987/1899
f 4625/2014/1899 4699/1987/1899 4701/2014/1899
f 4600/1994/1900 4617/2009/1900 4702/2009/1900
f 4600/1994/1900 4702/2009/1900 4703/1994/1900
f 4659/1997/1901 4658/2002/1901 4700/2002/1901
f 4659/1997/1901 4700/2002/1901 4704/1997/1901
f 4626/2013/1902 4625/2014/1902 4701/2014/1902
f 4626/2013/1902 4701/2014/1902 4705/2013/1902
f 4601/1993/1903 4600/1994/1903 4703/1994/1903
f 4601/1993/1903 4703/1994/1903 4706/1993/1903
f 4674/1996/1904 4659/1997/1904 4704/1997/1904
f 4674/1996/1904 4704/1997/1904 4707/1996/1904
f 4664/2015/1905 4626/2013/1905 4705/2013/1905
f 4664/2015/1905 4705/2013/1905 4708/2015/1905
f 4646/2021/1906 4601/1993/1906 4706/1993/1906
f 4646/2021/1906 4706/1993/1906 4709/2021/1906
f 4641/1992/1907 4674/1996/1907 4707/1996/1907
f 4641/1992/1907 4707/1996/1907 4710/1992/1907
f 4586/1982/1908 4664/2015/1908 4708/2015/1908
f 4586/1982/1908 4708/2015/1908 4711/1982/1908
f 4647/2007/1909 4646/2021/1909 4709/2021/1909
f 4647/2007/1909 4709/2021/1909 4712/2007/1909
f 4642/1986/1910 4641/1992/1910 4710/1992/1910
f 4642/1986/1910 4710/1992/1910 4713/1986/1910
f 4587/1981/1911 4586/1982/1911 4711/1982/1911
f 4587/1981/1911 4711/1982/1911 4714/1981/1911
f 4669/2006/1912 4647/2007/1912 4712/2007/1912
f 4669/2006/1912 4712/2007/1912 4715/2006/1912
f 4687/1983/1913 4642/1986/1913 4713/1986/1913
f 4687/1983/1913 4713/1986/1913 4716/1983/1913
f 4655/2024/1914 4587/1981/1914 4714/1981/1914
f 4655/2024/1914 4714/1981/1914 4717/2024/1914
f 4608/2005/1915 4669/2006/1915 4715/2006/1915
f 4608/2005/1915 4715/2006/1915 4718/2005/1915
f 4558/1980/1916 4655/2024/1916 4717/2024/1916
f 4558/1980/1916 4717/2024/1916 4719/1980/1916
f 4609/2004/1917 4608/2005/1917 4718/2005/1917
f 4609/2004/1917 4718/2005/1917 4720/2004/1917
f 4559/1979/1918 4558/1980/1918 4719/1980/1918
f 4559/1979/1918 4719/1980/1918 4721/1979/1918
f 4662/2018/1919 4609/2004/1919 4720/2004/1919
f 4662/2018/1919 4720/2004/1919 4722/2018/1919
f 4632/2017/1920 4559/1979/1920 4721/1979/1920
f 4632/2017/1920 4721/1979/1920 4684/2017/1920
f 4578/1990/1921 4662/2018/1921 4722/2018/1921
f 4578/1990/1921 4722/2018/1921 4694/1990/1921
f 4699/1987/1922 4698/1988/1922 4723/1988/1922
f 4699/1987/1922 4723/1988/1922 4724/1987/1922
f 4700/2002/1923 4690/1999/1923 4693/1999/1923
f 4700/2002/1923 4693/1999/1923 4725/2002/1923
f 4701/2014/1924 4699/1987/1924 4724/1987/1924
f 4701/2014/1924 4724/1987/1924 4726/2014/1924
f 4703/1994/1925 4702/2009/1925 4727/2009/1925
f 4703/1994/1925 4727/2009/1925 4728/1994/1925
f 4704/1997/1926 4700/2002/1926 4725/2002/1926
f 4704/1997/1926 4725/2002/1926 4729/1997/1926
f 4705/2013/1927 4701/2014/1927 4726/2014/1927
f 4705/2013/1927 4726/2014/1927 4730/2013/1927
f 4706/1993/1928 4703/1994/1928 4728/1994/1928
f 4706/1993/1928 4728/1994/1928 4731/1993/1928
f 4707/1996/1929 4704/1997/1929 4729/1997/1929
f 4707/1996/1929 4729/1997/1929 4732/1996/1929
f 4708/2015/1930 4705/2013/1930 4730/2013/1930
f 4708/2015/1930 4730/2013/1930 4733/2015/1930
f 4709/2021/1931 4706/1993/1931 4731/1993/1931
f 4709/2021/1931 4731/1993/1931 4734/2021/1931
f 4710/1992/1932 4707/1996/1932 4732/1996/1932
f 4710/1992/1932 4732/1996/1932 4735/1992/1932
f 4711/1982/1933 4708/2015/1933 4733/2015/1933
f 4711/1982/1933 4733/2015/1933 4736/1982/1933
f 4712/2007/1934 4709/2021/1934 4734/2021/1934
f 4712/2007/1934 4734/2021/1934 4737/2007/1934
f 4713/1986/1935 4710/1992/1935 4735/1992/1935
f 4713/1986/1935 4735/1992/1935 4738/1986/1935
f 4714/1981/1936 4711/1982/1936 4736/1982/1936
f 4714/1981/1936 4736/1982/1936 4739/1981/1936
f 4715/2006/1937 4712/2007/1937 4737/2007/1937
f 4715/2006/1937 4737/2007/1937 4740/2006/1937
f 4716/1983/1938 4713/1986/1938 4738/1986/1938
f 4716/1983/1938 4738/1986/1938 4741/1983/1938
f 4717/2024/1939 4714/1981/1939 4739/1981/1939
f 4717/2024/1939 4739/1981/1939 4742/2024/1939
f 4718/2005/1940 4715/2006/1940 4740/2006/1940
f 4718/2005/1940 4740/2006/1940 4743/2005/1940
f 4719/1980/1941 4717/2024/1941 4742/2024/1941
f 4719/1980/1941 4742/2024/1941 4744/1980/1941
f 4720/2004/1942 4718/2005/1942 4743/2005/1942
f 4720/2004/1942 4743/2005/1942 4745/2004/1942
f 4721/1979/1943 4719/1980/1943 4744/1980/1943
f 4721/1979/1943 4744/1980/1943 4746/1979/1943
f 4722/2018/1944 4720/2004/1944 4745/2004/1944
f 4722/2018/1944 4745/2004/1944 4747/2018/1944
f 4684/2017/1945 4721/1979/1945 4746/1979/1945
f 4684/2017/1945 4746/1979/1945 4748/2017/1945
f 4694/1990/1946 4722/2018/1946 4747/2018/1946
f 4694/1990/1946 4747/2018/1946 4749/1990/1946
f 4685/2011/1947 4684/2017/1947 4748/2017/1947
f 4685/2011/1947 4748/2017/1947 4750/2011/1947
f 4695/1989/1948 4694/1990/1948 4749/1990/1948
f 4695/1989/1948 4749/1990/1948 4751/1989/1948
f 4696/2010/1949 4685/2011/1949 4750/2011/1949
f 4696/2010/1949 4750/2011/1949 4752/2010/1949
f 4697/2023/1950 4695/1989/1950 4751/1989/1950
f 4697/2023/1950 4751/1989/1950 4753/2023/1950
f 4691/2000/1951 4696/2010/1951 4752/2010/1951
f 4691/2000/1951 4752/2010/1951 4692/2000/1951
f 4698/1988/1952 4697/2023/1952 4753/2023/1952
f 4698/1988/1952 4753/2023/1952 4723/1988/1952
f 4740/2006/1953 4737/2007/1953 4754/2007/1953
f 4740/2006/1953 4754/2007/1953 4755/2006/1953
f 4756/2018/1954 4757/2004/1954 4758/2004/1954
f 4756/2018/1954 4758/2004/1954 4759/2018/1954
f 4741/1983/1953 4738/1986/1953 4760/1986/1953
f 4741/1983/1953 4760/1986/1953 4761/1983/1953
f 4742/2024/1953 4739/1981/1953 4762/1981/1953
f 4742/2024/1953 4762/1981/1953 4763/2024/1953
f 4743/2005/1953 4740/2006/1953 4755/2006/1953
f 4743/2005/1953 4755/2006/1953 4764/2005/1953
f 4744/1980/1953 4742/2024/1953 4763/2024/1953
f 4744/1980/1953 4763/2024/1953 4765/1980/1953
f 4745/2004/1953 4743/2005/1953 4764/2005/1953
f 4745/2004/1953 4764/2005/1953 4757/2004/1953
f 4746/1979/1953 4744/1980/1953 4765/1980/1953
f 4746/1979/1953 4765/1980/1953 4766/1979/1953
f 4747/2018/1953 4745/2004/1953 4757/2004/1953
f 4747/2018/1953 4757/2004/1953 4756/2018/1953
f 4748/2017/1953 4746/1979/1953 4766/1979/1953
f 4748/2017/1953 4766/1979/1953 4767/2017/1953
f 4749/1990/1953 4747/2018/1953 4756/2018/1953
f 4749/1990/1953 4756/2018/1953 4768/1990/1953
f 4750/2011/1953 4748/2017/1953 4767/2017/1953
f 4750/2011/1953 4767/2017/1953 4769/2011/1953
f 4751/1989/1953 4749/1990/1953 4768/1990/1953
f 4751/1989/1953 4768/1990/1953 4770/1989/1953
f 4752/2010/1953 4750/2011/1953 4769/2011/1953
f 4752/2010/1953 4769/2011/1953 4771/2010/1953
f 4753/2023/1953 4751/1989/1953 4770/1989/1953
f 4753/2023/1953 4770/1989/1953 4772/2023/1953
f 4692/2000/1953 4752/2010/1953 4771/2010/1953
f 4692/2000/1953 4771/2010/1953 4773/2000/1953
f 4723/1988/1953 4753/2023/1953 4772/2023/1953
f 4723/1988/1953 4772/2023/1953 4774/1988/1953
f 4693/1999/1953 4692/2000/1953 4773/2000/1953
f 4693/1999/1953 4773/2000/1953 4775/1999/1953
f 4724/1987/1953 4723/1988/1953 4774/1988/1953
f 4724/1987/1953 4774/1988/1953 4776/1987/1953
f 4725/2002/1953 4693/1999/1953 4775/1999/1953
f 4725/2002/1953 4775/1999/1953 4777/2002/1953
f 4726/2014/1953 4724/1987/1953 4776/1987/1953
f 4726/2014/1953 4776/1987/1953 4778/2014/1953
f 4728/1994/1953 4727/2009/1953 4779/2009/1953
f 4728/1994/1953 4779/2009/1953 4780/1994/1953
f 4729/1997/1953 4725/2002/1953 4777/2002/1953
f 4729/1997/1953 4777/2002/1953 4781/1997/1953
f 4730/2013/1953 4726/2014/1953 4778/2014/1953
f 4730/2013/1953 4778/2014/1953 4782/2013/1953
f 4731/1993/1953 4728/1994/1953 4780/1994/1953
f 4731/1993/1953 4780/1994/1953 4783/1993/1953
f 4732/1996/1953 4729/1997/1953 4781/1997/1953
f 4732/1996/1953 4781/1997/1953 4784/1996/1953
f 4733/2015/1953 4730/2013/1953 4782/2013/1953
f 4733/2015/1953 4782/2013/1953 4785/2015/1953
f 4734/2021/1953 4731/1993/1953 4783/1993/1953
f 4734/2021/1953 4783/1993/1953 4786/2021/1953
f 4735/1992/1953 4732/1996/1953 4784/1996/1953
f 4735/1992/1953 4784/1996/1953 4787/1992/1953
f 4736/1982/1953 4733/2015/1953 4785/2015/1953
f 4736/1982/1953 4785/2015/1953 4788/1982/1953
f 4737/2007/1953 4734/2021/1953 4786/2021/1953
f 4737/2007/1953 4786/2021/1953 4754/2007/1953
f 4738/1986/1953 4735/1992/1953 4787/1992/1953
f 4738/1986/1953 4787/1992/1953 4760/1986/1953
f 4739/1981/1953 4736/1982/1953 4788/1982/1953
f 4739/1981/1953 4788/1982/1953 4762/1981/1953
f 4767/2017/1955 4766/1979/1955 4789/1979/1955
f 4767/2017/1955 4789/1979/1955 4790/2017/1955
f 4768/1990/1956 4756/2018/1956 4759/2018/1956
f 4768/1990/1956 4759/2018/1956 4791/1990/1956
f 4769/2011/1957 4767/2017/1957 4790/2017/1957
f 4769/2011/1957 4790/2017/1957 4792/2011/1957
f 4770/1989/1958 4768/1990/1958 4791/1990/1958
f 4770/1989/1958 4791/1990/1958 4793/1989/1958
f 4771/2010/1959 4769/2011/1959 4792/2011/1959
f 4771/2010/1959 4792/2011/1959 4794/2010/1959
f 4772/2023/1960 4770/1989/1960 4793/1989/1960
f 4772/2023/1960 4793/1989/1960 4795/2023/1960
f 4773/2000/1961 4771/2010/1961 4794/2010/1961
f 4773/2000/1961 4794/2010/1961 4796/2000/1961
f 4774/1988/1962 4772/2023/1962 4795/2023/1962
f 4774/1988/1962 4795/2023/1962 4797/1988/1962
f 4775/1999/1963 4773/2000/1963 4796/2000/1963
f 4775/1999/1963 4796/2000/1963 4798/1999/1963
f 4776/1987/1964 4774/1988/1964 4797/1988/1964
f 4776/1987/1964 4797/1988/1964 4799/1987/1964
f 4777/2002/1965 4775/1999/1965 4798/1999/1965
f 4777/2002/1965 4798/1999/1965 4800/2002/1965
f 4778/2014/1966 4776/1987/1966 4799/1987/1966
f 4778/2014/1966 4799/1987/1966 4801/2014/1966
f 4780/1994/1967 4779/2009/1967 4802/2009/1967
f 4780/1994/1967 4802/2009/1967 4803/1994/1967
f 4781/1997/1968 4777/2002/1968 4800/2002/1968
f 4781/1997/1968 4800/2002/1968 4804/1997/1968
f 4782/2013/1969 4778/2014/1969 4801/2014/1969
f 4782/2013/1969 4801/2014/1969 4805/2013/1969
f 4783/1993/1970 4780/1994/1970 4803/1994/1970
f 4783/1993/1970 4803/1994/1970 4806/1993/1970
f 4784/1996/1971 4781/1997/1971 4804/1997/1971
f 4784/1996/1971 4804/1997/1971 4807/1996/1971
f 4785/2015/1972 4782/2013/1972 4805/2013/1972
f 4785/2015/1972 4805/2013/1972 4808/2015/1972
f 4786/2021/1973 4783/1993/1973 4806/1993/1973
f 4786/2021/1973 4806/1993/1973 4809/2021/1973
f 4787/1992/1974 4784/1996/1974 4807/1996/1974
f 4787/1992/1974 4807/1996/1974 4810/1992/1974
f 4788/1982/1975 4785/2015/1975 4808/2015/1975
f 4788/1982/1975 4808/2015/1975 4811/1982/1975
f 4754/2007/1976 4786/2021/1976 4809/2021/1976
f 4754/2007/1976 4809/2021/1976 4812/2007/1976
f 4760/1986/1977 4787/1992/1977 4810/1992/1977
f 4760/1986/1977 4810/1992/1977 4813/1986/1977
f 4762/1981/1978 4788/1982/1978 4811/1982/1978
f 4762/1981/1978 4811/1982/1978 4814/1981/1978
f 4755/2006/1979 4754/2007/1979 4812/2007/1979
f 4755/2006/1979 4812/2007/1979 4815/2006/1979
f 4761/1983/1980 4760/1986/1980 4813/1986/1980
f 4761/1983/1980 4813/1986/1980 4816/1983/1980
f 4763/2024/1981 4762/1981/1981 4814/1981/1981
f 4763/2024/1981 4814/1981/1981 4817/2024/1981
f 4764/2005/1982 4755/2006/1982 4815/2006/1982
f 4764/2005/1982 4815/2006/1982 4818/2005/1982
f 4765/1980/1983 4763/2024/1983 4817/2024/1983
f 4765/1980/1983 4817/2024/1983 4819/1980/1983
f 4757/2004/1984 4764/2005/1984 4818/2005/1984
f 4757/2004/1984 4818/2005/1984 4758/2004/1984
f 4766/1979/1985 4765/1980/1985 4819/1980/1985
f 4766/1979/1985 4819/1980/1985 4789/1979/1985
f 4820/2045/1986 4821/2046/1986 4822/2047/1986
f 4821/2046/1986 4820/2045/1986 4823/2048/1986
f 4821/2046/1986 4823/2048/1986 4824/2049/1986
f 4824/2049/1986 4823/2048/1986 4825/2050/1986
f 4824/2049/1986 4825/2050/1986 4826/2051/1986
f 4826/2051/1986 4825/2050/1986 4827/2052/1986
f 4826/2051/1986 4827/2052/1986 4828/2053/1986
f 4828/2053/1986 4827/2052/1986 4829/2054/1986
f 4828/2053/1986 4829/2054/1986 4830/2055/1986
f 4830/2055/1986 4829/2054/1986 4831/2056/1986
f 4830/2055/1986 4831/2056/1986 4832/2057/1986
f 4832/2057/1986 4831/2056/1986 4833/2058/1986
f 4832/2057/1986 4833/2058/1986 4834/2059/1986
f 4834/2059/1986 4833/2058/1986 4835/2060/1986
f 4834/2059/1986 4835/2060/1986 4836/2061/1986
f 4836/2061/1986 4835/2060/1986 4837/2062/1986
f 4836/2061/1986 4837/2062/1986 4838/2063/1986
f 4838/2063/1986 4837/2062/1986 4839/2064/1986
f 4839/2064/1986 4837/2062/1986 4840/2065/1986
f 4839/2064/1986 4840/2065/1986 4841/2066/1986
f 4839/2064/1986 4841/2066/1986 4842/2067/1986
f 4842/2067/1986 4841/2066/1986 4843/2068/1986
f 4842/2067/1986 4843/2068/1986 4844/2069/1986
f 4844/2069/1986 4843/2068/1986 4845/2070/1986
f 4844/2069/1986 4845/2070/1986 4846/2071/1986
f 4846/2071/1986 4845/2070/1986 4847/2072/1986
f 4846/2071/1986 4847/2072/1986 4848/2073/1986
f 4848/2073/1986 4847/2072/1986 4849/2074/1986
f 4848/2073/1986 4849/2074/1986 4850/2075/1986
f 4850/2075/1986 4849/2074/1986 4851/2076/1986
f 4852/2077/1987 4853/2078/1987 4854/2079/1987
f 4853/2078/1987 4852/2077/1987 4855/2080/1987
f 4853/2078/1987 4855/2080/1987 4856/2081/1987
f 4856/2081/1987 4855/2080/1987 4857/2082/1987
f 4856/2081/1987 4857/2082/1987 4858/2083/1987
f 4858/2083/1987 4857/2082/1987 4859/2084/1987
f 4858/2083/1987 4859/2084/1987 4860/2085/1987
f 4860/2085/1987 4859/2084/1987 4861/2086/1987
f 4860/2085/1987 4861/2086/1987 4862/2087/1987
f 4862/2087/1987 4861/2086/1987 4863/2088/1987
f 4862/2087/1987 4863/2088/1987 4864/2089/1987
f 4864/2089/1987 4863/2088/1987 4865/2090/1987
f 4864/2089/1987 4865/2090/1987 4866/2091/1987
f 4866/2091/1987 4865/2090/1987 4867/2092/1987
f 4867/2092/1987 4865/2090/1987 4868/2093/1987
f 4867/2092/1987 4868/2093/1987 4869/2094/1987
f 4869/2094/1987 4868/2093/1987 4870/2095/1987
f 4869/2094/1987 4870/2095/1987 4871/2096/1987
f 4869/2094/1987 4871/2096/1987 4872/2097/1987
f 4872/2097/1987 4871/2096/1987 4873/2098/1987
f 4873/2098/1987 4871/2096/1987 4874/2099/1987
f 4873/2098/1987 4874/2099/1987 4875/2100/1987
f 4873/2098/1987 4875/2100/1987 4876/2101/1987
f 4876/2101/1987 4875/2100/1987 4877/2102/1987
f 4876/2101/1987 4877/2102/1987 4878/2103/1987
f 4878/2103/1987 4877/2102/1987 4879/2104/1987
f 4878/2103/1987 4879/2104/1987 4880/2105/1987
f 4880/2105/1987 4879/2104/1987 4881/2106/1987
f 4880/2105/1987 4881/2106/1987 4882/2107/1987
f 4882/2107/1987 4881/2106/1987 4883/2108/1987
# Vertices: 328, normals: 195, texture coordinates: 130, faces: 508

o obj20
v -0.23574144 0.00135958 10.58271435
v -0.23574144 3.7171973 10.58271435
v -0.23574144 3.7171973 9.7751157
v -0.23574144 0.00135958 9.7751157
v -0.23574144 0.00135958 9.7751157
v -0.23574144 3.7171973 9.7751157
v 0.23574144 3.7171973 9.7751157
v 0.23574144 0.00135958 9.7751157
v 0.23574144 0.00135958 9.7751157
v 0.23574144 3.7171973 9.7751157
v 0.23574144 3.7171973 10.58271435
v 0.23574144 0.00135958 10.58271435
v 0.23574144 0.00135958 10.58271435
v 0.23574144 3.7171973 10.58271435
v -0.23574144 3.7171973 10.58271435
v -0.23574144 0.00135958 10.58271435
v -0.23574144 0.00135958 9.7751157
v 0.23574144 0.00135958 9.7751157
v 0.23574144 0.00135958 10.58271435
v -0.23574144 0.00135958 10.58271435
v 0.23574144 3.7171973 9.7751157
v -0.23574144 3.7171973 9.7751157
v -0.23574144 3.7171973 10.58271435
v 0.23574144 3.7171973 10.58271435
vn -1 0 0
vn 0 0 -1
vn 1 0 0
vn 0 0 1
vn 0 -1 -0
vn 0 1 0
vt 0.9813 1.00267
vt 1.00174 0.00151
vt 0.01178 0.00151
vt -0.00866 1.00267
vt 0.125 0.5
vt 0.375 0.5
vt 0.375 0.25
vt 0.125 0.25
vt 0.08959 0.01004
vt 0.08959 0.05933
vt 0.93376 0.05933
vt 0.93376 0.01004
usemtl mat19
f 4884/2109/1988 4885/2110/1988 4886/2111/1988
f 4884/2109/1988 4886/2111/1988 4887/2112/1988
f 4888/2109/1989 4889/2110/1989 4890/2111/1989
f 4888/2109/1989 4890/2111/1989 4891/2112/1989
f 4892/2109/1990 4893/2110/1990 4894/2111/1990
f 4892/2109/1990 4894/2111/1990 4895/2112/1990
f 4896/2109/1991 4897/2110/1991 4898/2111/1991
f 4896/2109/1991 4898/2111/1991 4899/2112/1991
f 4900/2113/1992 4901/2114/1992 4902/2115/1992
f 4900/2113/1992 4902/2115/1992 4903/2116/1992
f 4904/2117/1993 4905/2118/1993 4906/2119/1993
f 4904/2117/1993 4906/2119/1993 4907/2120/1993
# Vertices: 24, normals: 6, texture coordinates: 12, faces: 12

o obj21
v -0.06421559 1.6474345 12.82473738
v -0.88663086 1.64247663 11.04798427
v -0.88663086 -0.00308896 11.04798427
v -0.06421558 0.00186886 12.82473738
v -0.03209681 0.00196949 12.86081546
v -0.03209682 1.64753518 12.86081546
v -0.03209681 0.00196949 12.86081546
v -0.00856228 0.00185748 12.82065077
v -0.00856228 1.64742312 12.82065077
v -0.03209682 1.64753518 12.86081546
v 8.196E-05 0.00156264 12.71500537
v 8.196E-05 1.64712833 12.71500537
v -0.02127337 1.64232534 10.99375771
v -0.01031492 1.64235163 11.00318565
v -0.01031492 -0.00321402 11.00318565
v -0.02127337 -0.0032403 10.99375771
v -0.00229901 1.64242352 11.0289432
v -0.00229901 -0.00314212 11.0289432
v -0.00229901 1.64242352 11.0289432
v 0.00062653 1.6425217 11.06412869
v 0.00062653 -0.00304394 11.06412869
v -0.00229901 -0.00314212 11.0289432
v -0.88147531 -0.0032403 10.99375771
v -0.89324036 -0.00322 11.00102285
v -0.89324036 1.64234559 11.00102285
v -0.88147531 1.64232534 10.99375771
v -0.89324036 -0.00322 11.00102285
v -0.89512741 -0.00316458 11.02087104
v -0.89512741 1.64240101 11.02087104
v -0.89324036 1.64234559 11.00102285
v -0.06421558 0.00186886 12.82473738
v -0.00856228 0.00185748 12.82065077
v -0.03209681 0.00196949 12.86081546
v -0.88663086 -0.00308896 11.04798427
v 8.196E-05 0.00156264 12.71500537
v 0.00062653 -0.00304394 11.06412869
v -0.00229901 -0.00314212 11.0289432
v -0.89512741 -0.00316458 11.02087104
v -0.01031492 -0.00321402 11.00318565
v -0.89324036 -0.00322 11.00102285
v -0.02127337 -0.0032403 10.99375771
v -0.88147531 -0.0032403 10.99375771
vn 0.55836 0 -0.8296
vn 0.3303 0 -0.94388
vn -0.46945 -0 -0.88296
vn -0.9672 -0 -0.25403
vn -0.25889 0 0.96591
vn -0.70748 0 0.70673
vn -0.96618 0 0.25786
vn -1 0 -0.00106
vn 0.18892 0 0.98199
vn 0.95645 0 0.29189
vn 0.70503 0 -0.70918
vn 0 0 1
vn 0 0.99998 -0.00588
vt 0.0951 0.00452
vt 0.96874 0.00452
vt 0.96874 0.99659
vt 0.0951 0.99659
vt 0.06608 0.99663
vt 0.06608 0.00456
vt 0.9954 0.99659
vt 0.92519 0.99659
vt 0.92519 0.00452
vt 0.9954 0.00469
vt 0.87323 0.99659
vt 0.87323 0.00452
vt 0.59383 0.00601
vt 0.60015 0.00602
vt 0.60015 0.99809
vt 0.59383 0.99809
vt 0.60649 0.00605
vt 0.60649 0.99807
vt 0.04419 0.00452
vt 0.06148 0.00452
vt 0.06148 0.99659
vt 0.04419 0.99659
vt 0.09702 0.99664
vt 0.09022 0.99661
vt 0.09022 0.00454
vt 0.09702 0.00457
vt 0.9954 0.99658
vt 0.97911 0.9966
vt 0.97911 0.00453
vt 0.9954 0.00452
vt 0.85739 0.48239
vt 0.87264 0.48187
vt 0.8662 0.48697
vt 0.63188 0.25688
vt 0.875 0.46846
vt 0.875 0.25893
vt 0.8742 0.25447
vt 0.62955 0.25344
vt 0.872 0.2512
vt 0.63007 0.25092
vt 0.86899 0.25
vt 0.63329 0.25
usemtl mat1
f 4908/2121/1994 4909/2122/1994 4910/2123/1994
f 4908/2121/1994 4910/2123/1994 4911/2124/1994
f 4911/2124/1995 4912/2125/1995 4913/2126/1995
f 4911/2124/1995 4913/2126/1995 4908/2121/1995
f 4914/2127/1996 4915/2128/1996 4916/2129/1996
f 4914/2127/1996 4916/2129/1996 4917/2130/1996
f 4915/2128/1997 4918/2131/1997 4919/2132/1997
f 4915/2128/1997 4919/2132/1997 4916/2129/1997
f 4920/2133/1998 4921/2134/1998 4922/2135/1998
f 4920/2133/1998 4922/2135/1998 4923/2136/1998
f 4921/2134/1999 4924/2137/1999 4925/2138/1999
f 4921/2134/1999 4925/2138/1999 4922/2135/1999
f 4926/2139/2000 4927/2140/2000 4928/2141/2000
f 4926/2139/2000 4928/2141/2000 4929/2142/2000
f 4927/2140/2001 4919/2132/2001 4918/2131/2001
f 4927/2140/2001 4918/2131/2001 4928/2141/2001
f 4930/2143/2002 4931/2144/2002 4932/2145/2002
f 4930/2143/2002 4932/2145/2002 4933/2146/2002
f 4934/2147/2003 4935/2148/2003 4936/2149/2003
f 4934/2147/2003 4936/2149/2003 4937/2150/2003
f 4935/2148/2004 4910/2123/2004 4909/2122/2004
f 4935/2148/2004 4909/2122/2004 4936/2149/2004
f 4933/2146/2005 4920/2133/2005 4923/2136/2005
f 4933/2146/2005 4923/2136/2005 4930/2143/2005
f 4938/2151/2006 4939/2152/2006 4940/2153/2006
f 4939/2152/2006 4938/2151/2006 4941/2154/2006
f 4939/2152/2006 4941/2154/2006 4942/2155/2006
f 4942/2155/2006 4941/2154/2006 4943/2156/2006
f 4943/2156/2006 4941/2154/2006 4944/2157/2006
f 4944/2157/2006 4941/2154/2006 4945/2158/2006
f 4944/2157/2006 4945/2158/2006 4946/2159/2006
f 4946/2159/2006 4945/2158/2006 4947/2160/2006
f 4946/2159/2006 4947/2160/2006 4948/2161/2006
f 4948/2161/2006 4947/2160/2006 4949/2162/2006
# Vertices: 42, normals: 13, texture coordinates: 42, faces: 34

o obj22
v -0.00856228 1.64742312 12.82065077
v -0.06421559 1.6474345 12.82473738
v -0.03209682 1.64753518 12.86081546
v -0.88663086 1.64247663 11.04798427
v 8.196E-05 1.64712833 12.71500537
v 0.00062653 1.6425217 11.06412869
v -0.00229901 1.64242352 11.0289432
v -0.89512741 1.64240101 11.02087104
v -0.01031492 1.64235163 11.00318565
v -0.89324036 1.64234559 11.00102285
v -0.02127337 1.64232534 10.99375771
v -0.88147531 1.64232534 10.99375771
vn -0 -0.99998 0.00588
vt 0.97906 0.10282
vt 0.99483 0.10334
vt 0.99061 0.10792
vt 1.01914 0.02822
vt 0.01734 0.09402
vt -0.00381 0.07324
vt 0.00468 0.02734
vt 1.01803 0.02478
vt 0.00361 0.02407
vt 1.01499 0.02226
vt 0.00542 0.02288
vt 1.01085 0.02134
usemtl mat20
f 4950/2163/2007 4951/2164/2007 4952/2165/2007
f 4951/2164/2007 4950/2163/2007 4953/2166/2007
f 4953/2166/2007 4950/2163/2007 4954/2167/2007
f 4953/2166/2007 4954/2167/2007 4955/2168/2007
f 4953/2166/2007 4955/2168/2007 4956/2169/2007
f 4953/2166/2007 4956/2169/2007 4957/2170/2007
f 4957/2170/2007 4956/2169/2007 4958/2171/2007
f 4957/2170/2007 4958/2171/2007 4959/2172/2007
f 4959/2172/2007 4958/2171/2007 4960/2173/2007
f 4959/2172/2007 4960/2173/2007 4961/2174/2007
# Vertices: 12, normals: 1, texture coordinates: 12, faces: 10
