# File generated by FabConvert.com - Free Image and 3D model conversion tools

mtllib mtl/chair.mtl

o obj1
v 0.34976347 0.04251494 0.06133912
v 0.34975557 0.04245063 0.06111894
v 0.34945878 0.04258348 0.05293407
v 0.34974406 0.03626303 0.06080538
v 0.349462 0.03575597 0.05302657
v 0.34778954 0.04897733 0.05170201
v 0.34766523 0.04747329 0.04811716
v 0.34817196 0.04890465 0.06264094
v 0.34827337 0.04741481 0.06618582
v 0.34759352 0.04387513 0.04664323
v 0.33730836 0.02364226 0.07418887
v 0.34366913 0.02520982 0.07223864
v 0.34378482 0.04504432 0.07229245
v 0.3374632 0.04579493 0.0741842
v 0.34823982 0.02983963 0.06732835
v 0.34828011 0.04382132 0.06751445
v 0.33745377 0.05577111 0.06420175
v 0.34370029 0.05372166 0.06368122
v 0.34327796 0.05373974 0.05074334
v 0.33702462 0.0557663 0.05032467
v 0.34370029 0.05372166 0.06368122
v 0.34327796 0.05373974 0.05074334
v 0.03522533 0.0762331 0.07346493
v 0.30353231 0.05797107 0.06524947
v 0.30303843 0.05796679 0.04980108
v 0.03419261 0.0762331 0.0449747
v 0.03558678 0.03274328 0.08343657
v 0.03383133 0.03274328 0.03500829
v 0.30232458 0.02461596 0.03982922
v 0.30344159 0.02462075 0.075235
v 0.3026182 0.04799005 0.03983378
v 0.30232458 0.02461596 0.03982922
v 0.03383133 0.03274328 0.03500829
v 0.03383133 0.06625255 0.03500829
v 0.03558678 0.03274328 0.08343657
v 0.30344159 0.02462075 0.075235
v 0.30357961 0.04799246 0.0752308
v 0.03558678 0.06623411 0.08343657
v 0.30365991 0.05505075 0.07230441
v 0.0354809 0.07330445 0.08051595
v 0.30365991 0.05505075 0.07230441
v 0.0354809 0.07330445 0.08051595
v 0.30280416 0.05504219 0.04275415
v 0.03393715 0.07330987 0.03792737
v 0.30280416 0.05504219 0.04275415
v 0.03393715 0.07330987 0.03792737
v 0.34366913 0.01463266 0.07223864
v 0.33730836 0.01463266 0.07418887
v 0.33626835 0.01463266 0.04035208
v 0.34271768 0.01463266 0.04211474
v 0.34974406 0.0146328 0.06080538
v 0.34823982 0.01463273 0.06732835
v 0.34753477 0.01463266 0.04674673
v 0.349462 0.0146328 0.05302657
v 0.34271768 0.02511792 0.04211474
v 0.33626835 0.02363688 0.04035208
v 0.33659748 0.04579003 0.04035707
v 0.34292193 0.04506002 0.04208438
v 0.34753477 0.02954716 0.04674673
v 0.34753477 0.02954716 0.04674673
v 0.34759352 0.04387513 0.04664323
v 0.34383257 0.05117976 0.06979858
v 0.33756585 0.05285178 0.07125728
v 0.34307711 0.05119481 0.04461636
v 0.33679311 0.05284154 0.04327756
v 0.34778954 0.04897733 0.05170201
v 0.34766523 0.04747329 0.04811716
v 0.33756585 0.05285178 0.07125728
v 0.34383257 0.05117976 0.06979858
v 0.34307711 0.05119481 0.04461636
v 0.34766523 0.04747329 0.04811716
v 0.33679311 0.05284154 0.04327756
v 0.30344159 0.01463266 0.075235
v 0.30232458 0.01463266 0.03982922
v 0.33730836 0.01463266 0.07418887
v 0.34366913 0.01463266 0.07223864
v 0.34271768 0.01463266 0.04211474
v 0.33626835 0.01463266 0.04035208
v 0.34823982 0.01463273 0.06732835
v 0.34974406 0.0146328 0.06080538
v 0.349462 0.0146328 0.05302657
v 0.34753477 0.01463266 0.04674673
v 0.34753477 0.01463266 0.04674673
v 0.30344159 0.02462075 0.075235
v 0.30232458 0.02461596 0.03982922
v 0.30232458 0.01463266 0.03982922
v 0.30344159 0.01463266 0.075235
v 0.30232458 0.01463266 0.03982922
v 0.30344159 0.01463266 0.075235
vn -0.80589 0.2096 0.55372
vn -0.89309 -0.00464 0.44985
vn -0.70614 0.10316 0.70051
vn -0.85576 -0.00227 0.51736
vn -0.7104 -0.00148 0.7038
vn -0.62883 0.53656 0.56274
vn -0.38881 0.40539 0.82733
vn -0.70314 0.53524 0.4681
vn -0.90284 0.40229 0.1518
vn -0.30149 0.0399 0.95263
vn -0.64324 -0.00028 -0.76566
vn -0.92017 -0.00267 -0.39151
vn -0.907 0.07552 -0.41431
vn -0.64384 0.0938 -0.75939
vn -0.98924 -0.00377 0.14626
vn -0.99853 0.03622 0.04039
vn -0.16176 0.98587 -0.04358
vn -0.47231 0.85308 0.22178
vn -0.33543 0.85299 0.39986
vn -0.00399 0.98573 0.16829
vn -0.11338 0.9929 -0.03609
vn -0.11636 0.99238 -0.04043
vn 0.00448 0.99233 0.1235
vn 0.00641 0.99192 0.12673
vn -0.32743 -0.82333 -0.46358
vn 0.35374 -0.81282 0.46281
vn 0.38154 -0.80166 0.46019
vn -0.33307 -0.79301 -0.5101
vn 0.56704 0.08048 0.81975
vn 0.56619 0.08657 0.81972
vn -0.6146 0.08015 -0.78476
vn -0.61462 0.08774 -0.78393
vn -0.47278 0.70177 -0.53292
vn -0.46563 0.71473 -0.52187
vn 0.36764 0.70351 0.60821
vn 0.36574 0.70593 0.60655
vn -0.41432 -0.89783 -0.14911
vn -0.1782 -0.96134 -0.20994
vn 0.14599 -0.96282 0.22732
vn 0.034 -0.90122 0.43202
vn -0.84095 -0.15375 0.51882
vn -0.72986 -0.66949 0.13819
vn -0.3072 -0.68251 0.66318
vn -0.70691 -0.1564 0.68979
vn 0.12869 -0.00308 0.99168
vn 0.54425 -0.00036 0.83892
vn 0.53743 0.09394 0.83806
vn 0.14601 0.07585 0.98637
vn -0.38561 -0.00357 0.92266
vn -0.77011 0.60678 -0.19685
vn -0.501 0.7002 -0.50865
vn -0.02565 0.60575 0.79524
vn 0.33946 0.70105 0.62713
vn 0.06493 -0.92614 -0.37156
vn 0.3776 -0.92519 0.03801
vt 0.83842 0.0909
vt 0.83848 0.09073
vt 0.83838 0.08469
vt 0.84428 0.09052
vt 0.84478 0.08478
vt 0.83238 0.08465
vt 0.8338 0.082
vt 0.83242 0.09274
vt 0.83381 0.09538
vt 0.83718 0.08094
vt 0.85605 0.10758
vt 0.8546 0.10259
vt 0.836 0.10249
vt 0.83528 0.10741
vt 0.85028 0.09633
vt 0.83717 0.09639
vt 0.97107 0.21099
vt 0.97415 0.21459
vt 0.98191 0.20861
vt 0.9794 0.20459
vt 0.82789 0.09597
vt 0.82791 0.08639
vt 0.8317 0.02956
vt 0.95542 0.19063
vt 0.96469 0.18349
vt 0.84873 0.01633
vt 0.84782 0.05996
vt 0.81956 0.03765
vt 0.70457 0.20068
vt 0.7253 0.2169
vt 0.68635 0.25254
vt 0.70558 0.25242
vt 0.6996 0.07139
vt 0.67204 0.07128
vt 0.84684 0.28087
vt 0.85506 0.12704
vt 0.83314 0.12687
vt 0.81543 0.28074
vt 0.82653 0.12458
vt 0.80881 0.27856
vt 0.95115 0.19383
vt 0.82748 0.03284
vt 0.96891 0.18023
vt 0.85294 0.01305
vt 0.68054 0.25406
vt 0.66623 0.07274
vt 0.76185 0.05169
vt 0.76581 0.04874
vt 0.74599 0.03326
vt 0.74421 0.0379
vt 0.75233 0.05031
vt 0.7569 0.05228
vt 0.74488 0.04282
vt 0.74779 0.04673
vt 0.70505 0.2804
vt 0.70629 0.27527
vt 0.68807 0.27542
vt 0.68865 0.28046
vt 0.85062 0.0811
vt 0.70139 0.28584
vt 0.6896 0.28578
vt 0.83025 0.10055
vt 0.82867 0.10511
vt 0.98558 0.20578
vt 0.98362 0.20133
vt 0.98331 0.2118
vt 0.98546 0.21014
vt 0.96679 0.21418
vt 0.97046 0.21738
vt 0.6836 0.28177
vt 0.68664 0.28653
vt 0.68226 0.27693
vt 0.7813 0.0289
vt 0.76058 0.01269
vt 0.8645 0.10761
vt 0.86452 0.10263
vt 0.71368 0.28044
vt 0.7137 0.27529
vt 0.86454 0.09638
vt 0.86457 0.0906
vt 0.86459 0.08486
vt 0.8646 0.08116
vt 0.71366 0.28588
vt 0.94311 0.08782
vt 0.94302 0.11121
vt 0.95137 0.11124
vt 0.95146 0.08785
vt 0.71379 0.25245
vt 0.86442 0.12707
usemtl mat0
f 1/1/1 2/2/2 3/3/3
f 2/2/2 4/4/4 3/3/3
f 3/3/3 4/4/4 5/5/5
f 6/6/6 3/3/3 7/7/7
f 1/1/1 8/8/8 9/9/9
f 3/3/3 10/10/10 7/7/7
f 11/11/11 12/12/12 13/13/13
f 11/11/11 13/13/13 14/14/14
f 12/12/12 15/15/15 16/16/16
f 12/12/12 16/16/16 13/13/13
f 15/15/15 4/4/4 2/2/2
f 15/15/15 2/2/2 16/16/16
f 17/17/17 18/18/18 19/19/19
f 17/17/17 19/19/19 20/20/20
f 21/21/18 8/8/8 6/6/6
f 21/21/18 6/6/6 22/22/19
f 8/8/8 1/1/1 3/3/3
f 8/8/8 3/3/3 6/6/6
f 23/23/21 24/24/22 25/25/23
f 23/23/21 25/25/23 26/26/24
f 27/27/25 28/28/26 29/29/27
f 27/27/25 29/29/27 30/30/28
f 31/31/29 32/32/27 33/33/26
f 31/31/29 33/33/26 34/34/30
f 35/35/25 36/36/28 37/37/31
f 35/35/25 37/37/31 38/38/32
f 37/37/31 39/39/33 40/40/34
f 37/37/31 40/40/34 38/38/32
f 41/41/33 24/24/22 23/23/21
f 41/41/33 23/23/21 42/42/34
f 25/25/23 43/43/35 44/44/36
f 25/25/23 44/44/36 26/26/24
f 45/45/35 31/31/29 34/34/30
f 45/45/35 34/34/30 46/46/36
f 47/47/37 48/48/38 49/49/39
f 47/47/37 49/49/39 50/50/40
f 51/51/41 52/52/42 53/53/43
f 51/51/41 53/53/43 54/54/44
f 52/52/42 47/47/37 50/50/40
f 52/52/42 50/50/40 53/53/43
f 55/55/45 56/56/46 57/57/47
f 55/55/45 57/57/47 58/58/48
f 5/5/5 59/59/49 10/10/10
f 5/5/5 10/10/10 3/3/3
f 60/60/49 55/55/45 58/58/48
f 60/60/49 58/58/48 61/61/10
f 16/16/16 2/2/2 1/1/1
f 16/16/16 1/1/1 9/9/9
f 14/14/14 13/13/13 62/62/50
f 14/14/14 62/62/50 63/63/51
f 13/13/13 16/16/16 9/9/9
f 13/13/13 9/9/9 62/62/50
f 20/20/20 19/19/19 64/64/52
f 20/20/20 64/64/52 65/65/53
f 19/19/19 66/66/6 67/67/7
f 19/19/19 67/67/7 64/64/52
f 8/8/8 21/21/18 62/62/50
f 8/8/8 62/62/50 9/9/9
f 18/18/18 17/17/17 68/68/51
f 18/18/18 68/68/51 69/69/50
f 61/61/10 58/58/48 70/70/52
f 61/61/10 70/70/52 71/71/7
f 58/58/48 57/57/47 72/72/53
f 58/58/48 72/72/53 70/70/52
f 25/25/23 24/24/22 17/17/17
f 25/25/23 17/17/17 20/20/20
f 20/20/20 65/65/53 43/43/35
f 20/20/20 43/43/35 25/25/23
f 72/72/53 57/57/47 31/31/29
f 72/72/53 31/31/29 45/45/35
f 56/56/46 32/32/27 31/31/29
f 56/56/46 31/31/29 57/57/47
f 73/73/54 74/74/55 49/49/39
f 73/73/54 49/49/39 48/48/38
f 37/37/31 36/36/28 11/11/11
f 37/37/31 11/11/11 14/14/14
f 14/14/14 63/63/51 39/39/33
f 14/14/14 39/39/33 37/37/31
f 68/68/51 17/17/17 24/24/22
f 68/68/51 24/24/22 41/41/33
f 12/12/12 11/11/11 75/75/38
f 12/12/12 75/75/38 76/76/37
f 56/56/46 55/55/45 77/77/40
f 56/56/46 77/77/40 78/78/39
f 4/4/4 15/15/15 79/79/42
f 4/4/4 79/79/42 80/80/41
f 59/59/49 5/5/5 81/81/44
f 59/59/49 81/81/44 82/82/43
f 5/5/5 4/4/4 80/80/41
f 5/5/5 80/80/41 81/81/44
f 15/15/15 12/12/12 76/76/37
f 15/15/15 76/76/37 79/79/42
f 55/55/45 60/60/49 83/83/43
f 55/55/45 83/83/43 77/77/40
f 84/84/28 85/85/27 86/86/55
f 84/84/28 86/86/55 87/87/54
f 32/32/27 56/56/46 78/78/39
f 32/32/27 78/78/39 88/88/55
f 11/11/11 36/36/28 89/89/54
f 11/11/11 89/89/54 75/75/38
# Vertices: 89, normals: 55, texture coordinates: 89, faces: 100

o obj2
v -0.29349691 0.04251494 0.26255698
v -0.29336111 0.04245063 0.26273045
v -0.28831006 0.04258348 0.2691777
v -0.29316749 0.03626303 0.26297737
v -0.28836725 0.03575597 0.26910483
v -0.28623542 0.04897733 0.26919333
v -0.28402781 0.04747329 0.27202046
v -0.29297455 0.04890465 0.26056828
v -0.29514022 0.04741481 0.25776004
v -0.28310336 0.04387513 0.27317072
v -0.29097363 0.02364226 0.24484046
v -0.29497307 0.02520982 0.25015692
v -0.29509829 0.04504432 0.2501814
v -0.29109594 0.04579493 0.24493516
v -0.29578464 0.02983963 0.25681599
v -0.29592662 0.04382132 0.25668913
v -0.28522077 0.05577111 0.25300558
v -0.28996835 0.05372166 0.25709832
v -0.28202198 0.05373974 0.26731704
v -0.27671684 0.0557663 0.26398013
v -0.28996835 0.05372166 0.25709832
v -0.28202198 0.05373974 0.26731704
v -0.04615759 0.0762331 0.0678661
v -0.25839357 0.05797107 0.23221943
v -0.24891368 0.05796679 0.24442714
v -0.02857597 0.0762331 0.09030816
v -0.05231119 0.03274328 0.06001133
v -0.02242557 0.03274328 0.0981588
v -0.24247485 0.02461596 0.25207496
v -0.26418952 0.02462075 0.22408765
v -0.24271507 0.04799005 0.25224385
v -0.24247485 0.02461596 0.25207496
v -0.02242557 0.03274328 0.0981588
v -0.02242557 0.06625255 0.0981588
v -0.05231119 0.03274328 0.06001133
v -0.26418952 0.02462075 0.22408765
v -0.26429871 0.04799246 0.22417217
v -0.05231119 0.06623411 0.06001133
v -0.26264359 0.05505075 0.22658686
v -0.05050884 0.07330445 0.06231193
v -0.26264359 0.05505075 0.22658686
v -0.05050884 0.07330445 0.06231193
v -0.24458207 0.05504219 0.24999053
v -0.02422697 0.07330987 0.09585942
v -0.24458207 0.05504219 0.24999053
v -0.02422697 0.07330987 0.09585942
v -0.29497307 0.01463266 0.25015692
v -0.29097363 0.01463266 0.24484046
v -0.27024326 0.01463266 0.2716036
v -0.27649695 0.01463266 0.27396844
v -0.29316749 0.0146328 0.26297737
v -0.29578464 0.01463273 0.25681599
v -0.28311667 0.01463266 0.27305242
v -0.28836725 0.0146328 0.26910483
v -0.27649695 0.02511792 0.27396844
v -0.27024326 0.02363688 0.2716036
v -0.27051246 0.04579003 0.271793
v -0.27664434 0.04506002 0.274113
v -0.28311667 0.02954716 0.27305242
v -0.28311667 0.02954716 0.27305242
v -0.28310336 0.04387513 0.27317072
v -0.29367106 0.05117976 0.25222704
v -0.28945859 0.05285178 0.24736342
v -0.27825815 0.05119481 0.27215587
v -0.27238735 0.05284154 0.26954529
v -0.28623542 0.04897733 0.26919333
v -0.28402781 0.04747329 0.27202046
v -0.28945859 0.05285178 0.24736342
v -0.29367106 0.05117976 0.25222704
v -0.27825815 0.05119481 0.27215587
v -0.28402781 0.04747329 0.27202046
v -0.27238735 0.05284154 0.26954529
v -0.26418952 0.01463266 0.22408765
v -0.24247485 0.01463266 0.25207496
v -0.29097363 0.01463266 0.24484046
v -0.29497307 0.01463266 0.25015692
v -0.27649695 0.01463266 0.27396844
v -0.27024326 0.01463266 0.2716036
v -0.29578464 0.01463273 0.25681599
v -0.29316749 0.0146328 0.26297737
v -0.28836725 0.0146328 0.26910483
v -0.28311667 0.01463266 0.27305242
v -0.28311667 0.01463266 0.27305242
v -0.26418952 0.02462075 0.22408765
v -0.24247485 0.02461596 0.25207496
v -0.24247485 0.01463266 0.25207496
v -0.26418952 0.01463266 0.22408765
v -0.24247485 0.01463266 0.25207496
v -0.26418952 0.01463266 0.22408765
vn -0.80589 0.2096 0.55372
vn -0.89309 -0.00464 0.44985
vn -0.70614 0.10317 0.70052
vn -0.85577 -0.00227 0.51735
vn -0.7104 -0.00147 0.7038
vn -0.62883 0.53656 0.56273
vn -0.38882 0.40539 0.82733
vn -0.70314 0.53524 0.4681
vn -0.90284 0.40228 0.1518
vn -0.30149 0.0399 0.95263
vn -0.64325 -0.00028 -0.76566
vn -0.92018 -0.00267 -0.3915
vn -0.907 0.07553 -0.4143
vn -0.64384 0.0938 -0.75939
vn -0.98924 -0.00377 0.14626
vn -0.99853 0.03622 0.04039
vn -0.16176 0.98587 -0.04358
vn -0.47231 0.85308 0.22178
vn -0.33543 0.85299 0.39985
vn -0.00399 0.98573 0.16829
vn -0.11338 0.9929 -0.03609
vn -0.11636 0.99238 -0.04043
vn 0.00448 0.99233 0.1235
vn 0.00641 0.99192 0.12673
vn -0.32743 -0.82333 -0.46358
vn 0.35374 -0.81282 0.46281
vn 0.38154 -0.80166 0.46019
vn -0.33307 -0.793 -0.5101
vn 0.56704 0.08048 0.81975
vn 0.56619 0.08657 0.81972
vn -0.6146 0.08015 -0.78476
vn -0.61462 0.08774 -0.78393
vn -0.47278 0.70177 -0.53292
vn -0.46563 0.71473 -0.52187
vn 0.36764 0.70351 0.60821
vn 0.36574 0.70593 0.60655
vn -0.41432 -0.89783 -0.1491
vn -0.1782 -0.96134 -0.20994
vn 0.14599 -0.96282 0.22732
vn 0.034 -0.90122 0.43202
vn -0.84095 -0.15376 0.5188
vn -0.72986 -0.66949 0.13819
vn -0.30719 -0.6825 0.66319
vn -0.70691 -0.15641 0.68979
vn 0.12868 -0.00308 0.99168
vn 0.54425 -0.00036 0.83892
vn 0.53743 0.09394 0.83806
vn 0.14601 0.07585 0.98637
vn -0.3856 -0.00357 0.92266
vn -0.77011 0.60678 -0.19684
vn -0.501 0.7002 -0.50865
vn -0.02565 0.60574 0.79525
vn 0.33946 0.70106 0.62713
vn 0.06493 -0.92614 -0.37156
vn 0.37759 -0.92519 0.03801
vt 0.83842 0.0909
vt 0.83848 0.09073
vt 0.83838 0.08469
vt 0.84428 0.09052
vt 0.84478 0.08478
vt 0.83238 0.08465
vt 0.8338 0.082
vt 0.83242 0.09274
vt 0.83381 0.09538
vt 0.83718 0.08094
vt 0.85605 0.10758
vt 0.8546 0.10259
vt 0.836 0.10249
vt 0.83528 0.10741
vt 0.85028 0.09633
vt 0.83717 0.09639
vt 0.97107 0.21099
vt 0.97415 0.21459
vt 0.98191 0.20861
vt 0.9794 0.20459
vt 0.82789 0.09597
vt 0.82791 0.08639
vt 0.8317 0.02956
vt 0.95542 0.19063
vt 0.96469 0.18349
vt 0.84873 0.01633
vt 0.84782 0.05996
vt 0.81956 0.03765
vt 0.70457 0.20068
vt 0.7253 0.2169
vt 0.68635 0.25254
vt 0.70558 0.25242
vt 0.6996 0.07139
vt 0.67204 0.07128
vt 0.84684 0.28087
vt 0.85506 0.12704
vt 0.83314 0.12687
vt 0.81543 0.28074
vt 0.82653 0.12458
vt 0.80881 0.27856
vt 0.95115 0.19383
vt 0.82748 0.03284
vt 0.96891 0.18023
vt 0.85294 0.01305
vt 0.68054 0.25406
vt 0.66623 0.07274
vt 0.76185 0.05169
vt 0.76581 0.04874
vt 0.74599 0.03326
vt 0.74421 0.0379
vt 0.75233 0.05031
vt 0.7569 0.05228
vt 0.74488 0.04282
vt 0.74779 0.04673
vt 0.70505 0.2804
vt 0.70629 0.27527
vt 0.68807 0.27542
vt 0.68865 0.28046
vt 0.85062 0.0811
vt 0.70139 0.28584
vt 0.6896 0.28578
vt 0.83025 0.10055
vt 0.82867 0.10511
vt 0.98558 0.20578
vt 0.98362 0.20133
vt 0.98331 0.2118
vt 0.98546 0.21014
vt 0.96679 0.21418
vt 0.97046 0.21738
vt 0.6836 0.28177
vt 0.68664 0.28653
vt 0.68226 0.27693
vt 0.7813 0.0289
vt 0.76058 0.01269
vt 0.8645 0.10761
vt 0.86452 0.10263
vt 0.71368 0.28044
vt 0.7137 0.27529
vt 0.86454 0.09638
vt 0.86457 0.0906
vt 0.86459 0.08486
vt 0.8646 0.08116
vt 0.71366 0.28588
vt 0.94311 0.08782
vt 0.94302 0.11121
vt 0.95137 0.11124
vt 0.95146 0.08785
vt 0.71379 0.25245
vt 0.86442 0.12707
usemtl mat0
f 90/90/56 91/91/57 92/92/58
f 91/91/57 93/93/59 92/92/58
f 92/92/58 93/93/59 94/94/60
f 95/95/61 92/92/58 96/96/62
f 90/90/56 97/97/63 98/98/64
f 92/92/58 99/99/65 96/96/62
f 100/100/66 101/101/67 102/102/68
f 100/100/66 102/102/68 103/103/69
f 101/101/67 104/104/70 105/105/71
f 101/101/67 105/105/71 102/102/68
f 104/104/70 93/93/59 91/91/57
f 104/104/70 91/91/57 105/105/71
f 106/106/72 107/107/73 108/108/74
f 106/106/72 108/108/74 109/109/75
f 110/110/73 97/97/63 95/95/61
f 110/110/73 95/95/61 111/111/74
f 97/97/63 90/90/56 92/92/58
f 97/97/63 92/92/58 95/95/61
f 112/112/76 113/113/77 114/114/78
f 112/112/76 114/114/78 115/115/79
f 116/116/80 117/117/81 118/118/82
f 116/116/80 118/118/82 119/119/83
f 120/120/84 121/121/82 122/122/81
f 120/120/84 122/122/81 123/123/85
f 124/124/80 125/125/83 126/126/86
f 124/124/80 126/126/86 127/127/87
f 126/126/86 128/128/88 129/129/89
f 126/126/86 129/129/89 127/127/87
f 130/130/88 113/113/77 112/112/76
f 130/130/88 112/112/76 131/131/89
f 114/114/78 132/132/90 133/133/91
f 114/114/78 133/133/91 115/115/79
f 134/134/90 120/120/84 123/123/85
f 134/134/90 123/123/85 135/135/91
f 136/136/92 137/137/93 138/138/94
f 136/136/92 138/138/94 139/139/95
f 140/140/96 141/141/97 142/142/98
f 140/140/96 142/142/98 143/143/99
f 141/141/97 136/136/92 139/139/95
f 141/141/97 139/139/95 142/142/98
f 144/144/100 145/145/101 146/146/102
f 144/144/100 146/146/102 147/147/103
f 94/94/60 148/148/104 99/99/65
f 94/94/60 99/99/65 92/92/58
f 149/149/104 144/144/100 147/147/103
f 149/149/104 147/147/103 150/150/65
f 105/105/71 91/91/57 90/90/56
f 105/105/71 90/90/56 98/98/64
f 103/103/69 102/102/68 151/151/105
f 103/103/69 151/151/105 152/152/106
f 102/102/68 105/105/71 98/98/64
f 102/102/68 98/98/64 151/151/105
f 109/109/75 108/108/74 153/153/107
f 109/109/75 153/153/107 154/154/108
f 108/108/74 155/155/61 156/156/62
f 108/108/74 156/156/62 153/153/107
f 97/97/63 110/110/73 151/151/105
f 97/97/63 151/151/105 98/98/64
f 107/107/73 106/106/72 157/157/106
f 107/107/73 157/157/106 158/158/105
f 150/150/65 147/147/103 159/159/107
f 150/150/65 159/159/107 160/160/62
f 147/147/103 146/146/102 161/161/108
f 147/147/103 161/161/108 159/159/107
f 114/114/78 113/113/77 106/106/72
f 114/114/78 106/106/72 109/109/75
f 109/109/75 154/154/108 132/132/90
f 109/109/75 132/132/90 114/114/78
f 161/161/108 146/146/102 120/120/84
f 161/161/108 120/120/84 134/134/90
f 145/145/101 121/121/82 120/120/84
f 145/145/101 120/120/84 146/146/102
f 162/162/109 163/163/110 138/138/94
f 162/162/109 138/138/94 137/137/93
f 126/126/86 125/125/83 100/100/66
f 126/126/86 100/100/66 103/103/69
f 103/103/69 152/152/106 128/128/88
f 103/103/69 128/128/88 126/126/86
f 157/157/106 106/106/72 113/113/77
f 157/157/106 113/113/77 130/130/88
f 101/101/67 100/100/66 164/164/93
f 101/101/67 164/164/93 165/165/92
f 145/145/101 144/144/100 166/166/95
f 145/145/101 166/166/95 167/167/94
f 93/93/59 104/104/70 168/168/97
f 93/93/59 168/168/97 169/169/96
f 148/148/104 94/94/60 170/170/99
f 148/148/104 170/170/99 171/171/98
f 94/94/60 93/93/59 169/169/96
f 94/94/60 169/169/96 170/170/99
f 104/104/70 101/101/67 165/165/92
f 104/104/70 165/165/92 168/168/97
f 144/144/100 149/149/104 172/172/98
f 144/144/100 172/172/98 166/166/95
f 173/173/83 174/174/82 175/175/110
f 173/173/83 175/175/110 176/176/109
f 121/121/82 145/145/101 167/167/94
f 121/121/82 167/167/94 177/177/110
f 100/100/66 125/125/83 178/178/109
f 100/100/66 178/178/109 164/164/93
# Vertices: 89, normals: 55, texture coordinates: 89, faces: 100

o obj3
v -0.28036647 0.00903763 0.24627738
v -0.28180008 0.00903763 0.25364383
v -0.28180008 0.01498336 0.25364383
v -0.28036647 0.01498336 0.24627738
v -0.27760537 0.00903763 0.25986641
v -0.27760537 0.01498336 0.25986641
v -0.27760537 0.00903763 0.25986641
v -0.27023891 0.00903763 0.26130024
v -0.27023891 0.01498336 0.26130024
v -0.27760537 0.01498336 0.25986641
v -0.27023891 0.00903763 0.26130024
v -0.26401629 0.00903763 0.25710524
v -0.26401629 0.01498336 0.25710524
v -0.27023891 0.01498336 0.26130024
v -0.26258263 0.00903763 0.2497389
v -0.26258263 0.01498336 0.2497389
v -0.2667774 0.00903763 0.24351628
v -0.2667774 0.01498336 0.24351628
v -0.2667774 0.00903763 0.24351628
v -0.27414382 0.00903763 0.24208264
v -0.27414382 0.01498336 0.24208264
v -0.2667774 0.01498336 0.24351628
v -0.27414382 0.00903763 0.24208264
v -0.27414382 0.01498336 0.24208264
v -0.28180008 0.00903763 0.25364383
v -0.28036647 0.00903763 0.24627738
v -0.29160092 0.00907841 0.23880843
v -0.2939774 0.00907841 0.25478554
v -0.27760537 0.00903763 0.25986641
v -0.2835919 0.00907841 0.26895016
v -0.27023891 0.00903763 0.26130024
v -0.26662096 0.0080213 0.27294216
v -0.26401629 0.00903763 0.25710524
v -0.25398382 0.00716982 0.26376219
v -0.26258263 0.00903763 0.2497389
v -0.2504982 0.0080213 0.24853443
v -0.2667774 0.00903763 0.24351628
v -0.26079096 0.00907841 0.23443259
v -0.27414382 0.00903763 0.24208264
v -0.27785458 0.00907841 0.23037786
v -0.2939774 0.00907841 0.25478554
v -0.29160092 0.00907841 0.23880843
v -0.29160092 0.00606772 0.23880843
v -0.2939774 0.00606772 0.25478554
v -0.2835919 0.00907841 0.26895016
v -0.2835919 0.00606772 0.26895016
v -0.24713203 -0.02041443 0.28375323
v -0.25013451 -0.02041384 0.28819666
v -0.25247803 -0.02144698 0.28661324
v -0.24947544 -0.02144639 0.28216978
v -0.24001524 -0.02041384 0.27322019
v -0.24235866 -0.02144698 0.27163686
v -0.23295283 -0.02041384 0.2627684
v -0.23529633 -0.02144698 0.2611848
v -0.23008226 -0.02041384 0.25851961
v -0.2324256 -0.02144698 0.25693625
v -0.27785458 0.00907841 0.23037786
v -0.26079096 0.00907841 0.23443259
v -0.26079096 0.00606772 0.23443259
v -0.27785458 0.00606772 0.23037786
v -0.27785458 0.00907841 0.23037786
v -0.27785458 0.00606772 0.23037786
v -0.29160092 -0.01819651 0.23880843
v -0.2939774 -0.01819651 0.25478554
v -0.2835919 -0.01819651 0.26895016
v -0.26652801 0.00606772 0.27300483
v -0.2835919 0.00606772 0.26895016
v -0.2835919 -0.01819651 0.26895016
v -0.26652801 -0.01819651 0.27300483
v -0.25278176 0.00606772 0.26457434
v -0.26652801 0.00606772 0.27300483
v -0.26652801 -0.01819651 0.27300483
v -0.25278176 -0.01819651 0.26457434
v -0.25040529 0.00606772 0.24859708
v -0.25040529 -0.01819651 0.24859708
v -0.26079096 0.00606772 0.23443259
v -0.26079096 -0.01819651 0.23443259
v -0.26079096 -0.01819651 0.23443259
v -0.27785458 -0.01819651 0.23037786
v -0.27785458 -0.01819651 0.23037786
v -0.26652801 -0.01819651 0.27300483
v -0.2835919 -0.01819651 0.26895016
v -0.25040529 -0.01819651 0.24859708
v -0.25278176 -0.01819651 0.26457434
v -0.2939774 -0.01819651 0.25478554
v -0.26079096 -0.01819651 0.23443259
v -0.29160092 -0.01819651 0.23880843
v -0.27785458 -0.01819651 0.23037786
v -0.26094631 0.00479945 0.28089122
v -0.25794394 0.00479945 0.27644778
v -0.2835919 0.00907841 0.26895016
v -0.2835919 0.00606772 0.26895016
v -0.26256723 0.00251058 0.27979618
v -0.26094631 0.00479945 0.28089122
v -0.2835919 0.00606772 0.26895016
v -0.26652801 0.00606772 0.27300483
v -0.25956467 0.00251058 0.27535269
v -0.26256723 0.00251058 0.27979618
v -0.25082703 0.0047993 0.26591498
v -0.26652801 0.00606772 0.27300483
v -0.25278176 0.00606772 0.26457434
v -0.25244779 0.00251058 0.26481981
v -0.25956467 0.00251058 0.27535269
v -0.24376478 0.00479945 0.25546298
v -0.25040529 0.00606772 0.24859708
v -0.2453855 0.00251058 0.25436785
v -0.2408941 0.00479945 0.25121417
v -0.25040529 0.00606772 0.24859708
v -0.26079096 0.00606772 0.23443259
v -0.24251484 0.00251058 0.25011893
v -0.2453855 0.00251058 0.25436785
v -0.2408941 0.00479945 0.25121417
v -0.24251484 0.00251058 0.25011893
v -0.25794394 0.00479945 0.27644778
v -0.26094631 0.00479945 0.28089122
v -0.25217058 -0.00515273 0.28682086
v -0.24916803 -0.00515273 0.28237737
v -0.25395271 -0.00725972 0.2856167
v -0.25217058 -0.00515273 0.28682086
v -0.26256723 0.00251058 0.27979618
v -0.2509502 -0.00725972 0.28117327
v -0.25395271 -0.00725972 0.2856167
v -0.25082703 0.0047993 0.26591498
v -0.24205117 -0.00515273 0.27184475
v -0.24383334 -0.00725972 0.27064066
v -0.24376478 0.00479945 0.25546298
v -0.23498895 -0.00515273 0.26139271
v -0.23677104 -0.00725972 0.26018855
v -0.2408941 0.00479945 0.25121417
v -0.23211831 -0.00515273 0.25714389
v -0.24251484 0.00251058 0.25011893
v -0.23390051 -0.00725972 0.25593973
v -0.23211831 -0.00515273 0.25714389
v -0.23390051 -0.00725972 0.25593973
v -0.25013451 -0.02041384 0.28819666
v -0.24713203 -0.02041443 0.28375323
v -0.25247803 -0.02144698 0.28661324
v -0.25013451 -0.02041384 0.28819666
v -0.24947544 -0.02144639 0.28216978
v -0.25247803 -0.02144698 0.28661324
v -0.24001524 -0.02041384 0.27322019
v -0.24235866 -0.02144698 0.27163686
v -0.23295283 -0.02041384 0.2627684
v -0.23529633 -0.02144698 0.2611848
v -0.23008226 -0.02041384 0.25851961
v -0.2324256 -0.02144698 0.25693625
v -0.23008226 -0.02041384 0.25851961
v -0.2324256 -0.02144698 0.25693625
vn 0.19798 0.975 0.10088
vn 0.22139 0.97254 -0.07171
vn 0.95106 0 -0.30901
vn 0.89101 0 0.45399
vn 0.09209 0.96631 -0.24036
vn 0.45399 0 -0.891
vn -0.14325 0.94852 -0.28247
vn -0.30902 0 -0.95106
vn -0.31748 0.93439 -0.16163
vn -0.89101 0 -0.45398
vn -0.3133 0.94831 0.05045
vn -0.95106 0 0.30901
vn -0.14043 0.96627 0.21586
vn -0.45399 0 0.89101
vn 0.07199 0.97264 0.2209
vn 0.30901 0 0.95106
vn 0.34804 0.92065 0.17682
vn 0.3837 0.9111 -0.15056
vn 0.2303 0.87596 -0.42385
vn -0.12471 0.97376 -0.19034
vn -0.24411 0.96163 -0.12519
vn -0.22601 0.97406 0.01123
vn -0.21284 0.87363 0.43757
vn 0.10345 0.9115 0.39807
vn 0.89154 0 0.45295
vn 0.93109 0 -0.36479
vn 0.4688 -0.01681 -0.88314
vn -0.88652 -0.02277 -0.46213
vn -0.57785 -0.02024 -0.8159
vn 0.95337 -0.30057 0.02726
vn 0.83689 -0.3306 0.43626
vn -0.88652 -0.02277 -0.46213
vn 0.83689 -0.33061 0.43625
vn -0.88653 -0.02277 -0.46212
vn 0.83689 -0.33061 0.43624
vn -0.99973 -0.02006 0.012
vn 0.555 -0.29816 0.77658
vn -0.4422 -0.01576 0.89678
vn 0.25203 0 0.96772
vn 0.73268 -0.56976 0.37224
vn 0.62525 -0.74098 -0.24497
vn 0.30452 -0.74291 -0.59612
vn -0.23238 -0.21442 -0.9487
vn -0.20866 -0.56085 -0.80119
vn -0.87991 -0.16302 -0.4463
vn -0.73268 -0.56976 -0.37223
vn -0.90525 -0.21051 0.36906
vn -0.62525 -0.74098 0.24497
vn -0.30452 -0.74291 0.59612
vn 0.20866 -0.56085 0.80119
vn -0.10244 0.71994 -0.68643
vn -0.46694 0.82969 -0.30592
vn 0.58282 -0.73213 -0.35257
vn 0.51826 -0.76613 0.38006
vn -0.52826 0.80342 -0.27468
vn 0.61265 -0.72343 0.31829
vn -0.51675 0.83131 -0.20467
vn 0.60749 -0.76803 0.20268
vn -0.62256 0.71047 0.32809
vn 0.02568 -0.72082 0.69265
vn -0.53671 0.42121 -0.73111
vn -0.78754 0.45962 -0.41053
vn 0.91265 -0.37106 -0.1714
vn 0.79051 -0.45309 0.41208
vn -0.78754 0.45962 -0.41053
vn 0.79051 -0.45309 0.41207
vn -0.78754 0.45962 -0.41052
vn 0.79052 -0.45308 0.41207
vn -0.9084 0.41808 -0.00498
vn 0.3644 -0.36547 0.85653
vt 0.70444 0.05476
vt 0.70446 0.04855
vt 0.69953 0.04853
vt 0.69951 0.05474
vt 0.70448 0.04382
vt 0.69955 0.0438
vt 0.98191 0.01356
vt 0.98189 0.01912
vt 0.98631 0.01914
vt 0.98633 0.01358
vt 0.69936 0.05895
vt 0.69938 0.05491
vt 0.69445 0.05489
vt 0.69443 0.05893
vt 0.6994 0.04871
vt 0.69447 0.04869
vt 0.69942 0.04397
vt 0.69449 0.04395
vt 0.95594 0.01902
vt 0.95597 0.01346
vt 0.95154 0.01344
vt 0.95152 0.01901
vt 0.70442 0.0588
vt 0.69949 0.05878
vt 0.72823 0.02154
vt 0.73384 0.02201
vt 0.73848 0.01302
vt 0.72637 0.01256
vt 0.72393 0.02518
vt 0.71667 0.02147
vt 0.72347 0.03079
vt 0.71509 0.03445
vt 0.72711 0.03509
vt 0.72297 0.04311
vt 0.73272 0.03555
vt 0.73461 0.04446
vt 0.73701 0.03191
vt 0.74428 0.03563
vt 0.73748 0.0263
vt 0.7459 0.02257
vt 0.90334 0.06232
vt 0.90329 0.07588
vt 0.90582 0.07589
vt 0.90587 0.06233
vt 0.90338 0.05149
vt 0.90591 0.0515
vt 0.86756 0.01676
vt 0.86568 0.0131
vt 0.86375 0.0141
vt 0.86564 0.01775
vt 0.87203 0.02541
vt 0.87011 0.02641
vt 0.87647 0.034
vt 0.87454 0.035
vt 0.87827 0.03749
vt 0.87634 0.03849
vt 0.93944 0.05088
vt 0.93939 0.06407
vt 0.94167 0.06408
vt 0.94172 0.05089
vt 0.90326 0.08423
vt 0.90578 0.08424
vt 0.9262 0.07597
vt 0.92625 0.06241
vt 0.92629 0.05158
vt 0.68677 0.04243
vt 0.67379 0.04238
vt 0.67372 0.06047
vt 0.6867 0.06052
vt 0.76665 0.07283
vt 0.76662 0.08117
vt 0.787 0.08125
vt 0.78703 0.07291
vt 0.7667 0.05927
vt 0.78709 0.05935
vt 0.76675 0.04844
vt 0.78713 0.04852
vt 0.96005 0.06415
vt 0.9601 0.05096
vt 0.92617 0.08432
vt 0.71042 0.03429
vt 0.70892 0.02135
vt 0.69102 0.04405
vt 0.70301 0.04369
vt 0.69938 0.01245
vt 0.68147 0.03516
vt 0.68739 0.01281
vt 0.67997 0.02222
vt 0.70963 0.03933
vt 0.71319 0.0412
vt 0.69183 0.04406
vt 0.68948 0.04405
vt 0.68664 0.0613
vt 0.68842 0.06266
vt 0.81766 0.01292
vt 0.81928 0.02687
vt 0.8205 0.03263
vt 0.82431 0.03066
vt 0.72162 0.04565
vt 0.96205 0.06175
vt 0.96202 0.07045
vt 0.96513 0.07029
vt 0.96517 0.06042
vt 0.73 0.05005
vt 0.96196 0.08459
vt 0.96509 0.08008
vt 0.7334 0.05184
vt 0.82947 0.02254
vt 0.81915 0.01292
vt 0.82994 0.02898
vt 0.8336 0.02709
vt 0.94256 0.0805
vt 0.9443 0.0792
vt 0.70464 0.06618
vt 0.70462 0.07027
vt 0.71316 0.07451
vt 0.71318 0.07042
vt 0.67899 0.06846
vt 0.68062 0.06995
vt 0.96519 0.05625
vt 0.97374 0.05624
vt 0.97376 0.05208
vt 0.70467 0.05648
vt 0.71322 0.06072
vt 0.9737 0.06611
vt 0.70471 0.04686
vt 0.71326 0.0511
vt 0.97367 0.07591
vt 0.70473 0.04294
vt 0.71327 0.04719
vt 0.96508 0.08406
vt 0.97365 0.07989
vt 0.95008 0.08765
vt 0.95168 0.08621
vt 0.72629 0.07554
vt 0.72631 0.07145
vt 0.66791 0.06965
vt 0.66871 0.07161
vt 0.98617 0.05557
vt 0.98618 0.05141
vt 0.72634 0.06175
vt 0.98613 0.06544
vt 0.72638 0.05213
vt 0.98609 0.07523
vt 0.7264 0.04822
vt 0.98607 0.07921
vt 0.96163 0.08935
vt 0.96242 0.08745
usemtl mat0
f 179/179/111 180/180/112 181/181/113
f 179/179/111 181/181/113 182/182/114
f 180/180/112 183/183/115 184/184/116
f 180/180/112 184/184/116 181/181/113
f 185/185/115 186/186/117 187/187/118
f 185/185/115 187/187/118 188/188/116
f 189/189/117 190/190/119 191/191/120
f 189/189/117 191/191/120 192/192/118
f 190/190/119 193/193/121 194/194/122
f 190/190/119 194/194/122 191/191/120
f 193/193/121 195/195/123 196/196/124
f 193/193/121 196/196/124 194/194/122
f 197/197/123 198/198/125 199/199/126
f 197/197/123 199/199/126 200/200/124
f 201/201/125 179/179/111 182/182/114
f 201/201/125 182/182/114 202/202/126
f 203/203/112 204/204/111 205/205/127
f 203/203/112 205/205/127 206/206/128
f 207/207/115 203/203/112 206/206/128
f 207/207/115 206/206/128 208/208/129
f 209/209/117 207/207/115 208/208/129
f 209/209/117 208/208/129 210/210/130
f 211/211/119 209/209/117 210/210/130
f 211/211/119 210/210/130 212/212/131
f 213/213/121 211/211/119 212/212/131
f 213/213/121 212/212/131 214/214/132
f 215/215/123 213/213/121 214/214/132
f 215/215/123 214/214/132 216/216/133
f 217/217/125 215/215/123 216/216/133
f 217/217/125 216/216/133 218/218/134
f 204/204/111 217/217/125 218/218/134
f 204/204/111 218/218/134 205/205/127
f 219/219/128 220/220/127 221/221/135
f 219/219/128 221/221/135 222/222/136
f 223/223/129 219/219/128 222/222/136
f 223/223/129 222/222/136 224/224/137
f 225/225/138 226/226/139 227/227/140
f 225/225/138 227/227/140 228/228/141
f 229/229/142 225/225/138 228/228/141
f 229/229/142 228/228/141 230/230/143
f 231/231/144 229/229/142 230/230/143
f 231/231/144 230/230/143 232/232/145
f 233/233/146 231/231/144 232/232/145
f 233/233/146 232/232/145 234/234/147
f 235/235/134 236/236/133 237/237/148
f 235/235/134 237/237/148 238/238/149
f 220/220/127 239/239/134 240/240/149
f 220/220/127 240/240/149 221/221/135
f 222/222/136 221/221/135 241/241/150
f 222/222/136 241/241/150 242/242/151
f 224/224/137 222/222/136 242/242/151
f 224/224/137 242/242/151 243/243/152
f 244/244/153 245/245/137 246/246/152
f 244/244/153 246/246/152 247/247/154
f 248/248/155 249/249/153 250/250/154
f 248/248/155 250/250/154 251/251/156
f 252/252/157 248/248/155 251/251/156
f 252/252/157 251/251/156 253/253/158
f 254/254/148 252/252/157 253/253/158
f 254/254/148 253/253/158 255/255/159
f 238/238/149 237/237/148 256/256/159
f 238/238/149 256/256/159 257/257/160
f 221/221/135 240/240/149 258/258/160
f 221/221/135 258/258/160 241/241/150
f 259/259/154 260/260/152 261/261/158
f 259/259/154 261/261/158 262/262/156
f 260/260/152 263/263/151 264/264/159
f 260/260/152 264/264/159 261/261/158
f 263/263/151 265/265/150 266/266/160
f 263/263/151 266/266/160 264/264/159
f 210/210/130 208/208/129 267/267/161
f 210/210/130 267/267/161 268/268/162
f 269/269/129 270/270/137 271/271/163
f 269/269/129 271/271/163 272/272/161
f 273/273/137 274/274/153 275/275/164
f 273/273/137 275/275/164 276/276/163
f 212/212/131 210/210/130 268/268/162
f 212/212/131 268/268/162 277/277/165
f 278/278/153 279/279/155 280/280/166
f 278/278/153 280/280/166 281/281/164
f 214/214/132 212/212/131 277/277/165
f 214/214/132 277/277/165 282/282/167
f 279/279/155 283/283/157 284/284/168
f 279/279/155 284/284/168 280/280/166
f 216/216/133 214/214/132 282/282/167
f 216/216/133 282/282/167 285/285/169
f 286/286/157 287/287/148 288/288/170
f 286/286/157 288/288/170 289/289/168
f 237/237/148 236/236/133 290/290/169
f 237/237/148 290/290/169 291/291/170
f 292/292/162 293/293/161 294/294/171
f 292/292/162 294/294/171 295/295/172
f 272/272/161 271/271/163 296/296/173
f 272/272/161 296/296/173 297/297/171
f 298/298/163 281/281/164 299/299/174
f 298/298/163 299/299/174 300/300/173
f 301/301/165 292/292/162 295/295/172
f 301/301/165 295/295/172 302/302/175
f 281/281/164 280/280/166 303/303/176
f 281/281/164 303/303/176 299/299/174
f 304/304/167 301/301/165 302/302/175
f 304/304/167 302/302/175 305/305/177
f 280/280/166 284/284/168 306/306/178
f 280/280/166 306/306/178 303/303/176
f 307/307/169 304/304/167 305/305/177
f 307/307/169 305/305/177 308/308/179
f 284/284/168 309/309/170 310/310/180
f 284/284/168 310/310/180 306/306/178
f 291/291/170 290/290/169 311/311/179
f 291/291/170 311/311/179 312/312/180
f 295/295/172 294/294/171 313/313/139
f 295/295/172 313/313/139 314/314/138
f 297/297/171 296/296/173 315/315/140
f 297/297/171 315/315/140 316/316/139
f 300/300/173 299/299/174 317/317/141
f 300/300/173 317/317/141 318/318/140
f 302/302/175 295/295/172 314/314/138
f 302/302/175 314/314/138 319/319/142
f 299/299/174 303/303/176 320/320/143
f 299/299/174 320/320/143 317/317/141
f 305/305/177 302/302/175 319/319/142
f 305/305/177 319/319/142 321/321/144
f 303/303/176 306/306/178 322/322/145
f 303/303/176 322/322/145 320/320/143
f 308/308/179 305/305/177 321/321/144
f 308/308/179 321/321/144 323/323/146
f 306/306/178 310/310/180 324/324/147
f 306/306/178 324/324/147 322/322/145
f 312/312/180 311/311/179 325/325/146
f 312/312/180 325/325/146 326/326/147
# Vertices: 148, normals: 70, texture coordinates: 148, faces: 130

o obj4
v -0.27313385 -0.01961656 0.22450712
v -0.26685141 -0.0013179 0.22874738
v -0.25168412 -0.01961656 0.2389844
v -0.26685134 -0.03791522 0.22874741
v -0.25168404 -0.04549481 0.23898433
v -0.23651684 -0.03791522 0.24922121
v -0.23023432 -0.01961656 0.25346153
v -0.23651672 -0.0013179 0.24922113
v -0.25168404 0.00626161 0.23898433
v -0.29160388 -0.0013179 0.26542143
v -0.2978863 -0.01961656 0.26118122
v -0.27643661 -0.01961656 0.27565835
v -0.29160388 -0.03791522 0.26542143
v -0.27643671 -0.04549481 0.27565838
v -0.26126922 -0.03791522 0.28589529
v -0.25498678 -0.01961656 0.29013551
v -0.26126922 -0.0013179 0.28589529
v -0.27643671 0.00626161 0.27565838
v -0.26685141 -0.0013179 0.22874738
v -0.27313385 -0.01961656 0.22450712
v -0.27648328 -0.01961656 0.22946994
v -0.27020086 -0.0013179 0.23371016
v -0.26685134 -0.03791522 0.22874741
v -0.27020086 -0.03791522 0.23371016
v -0.26685134 -0.03791522 0.22874741
v -0.25168404 -0.04549481 0.23898433
v -0.25503369 -0.04549481 0.24394708
v -0.27020086 -0.03791522 0.23371016
v -0.23651684 -0.03791522 0.24922121
v -0.2398663 -0.03791522 0.25418401
v -0.23651684 -0.03791522 0.24922121
v -0.23023432 -0.01961656 0.25346153
v -0.23358383 -0.01961656 0.25842426
v -0.2398663 -0.03791522 0.25418401
v -0.23651672 -0.0013179 0.24922113
v -0.2398663 -0.0013179 0.25418401
v -0.23651672 -0.0013179 0.24922113
v -0.25168404 0.00626161 0.23898433
v -0.25503369 0.00626161 0.24394708
v -0.2398663 -0.0013179 0.25418401
v -0.26685141 -0.0013179 0.22874738
v -0.27020086 -0.0013179 0.23371016
v -0.27254541 0.00626161 0.26989306
v -0.28771268 -0.0013179 0.25965614
v -0.29160388 -0.0013179 0.26542143
v -0.27643671 0.00626161 0.27565838
v -0.25737812 -0.0013179 0.28013
v -0.26126922 -0.0013179 0.28589529
v -0.25109559 -0.01961656 0.28437014
v -0.25737812 -0.0013179 0.28013
v -0.26126922 -0.0013179 0.28589529
v -0.25498678 -0.01961656 0.29013551
v -0.25737812 -0.03791522 0.28013
v -0.26126922 -0.03791522 0.28589529
v -0.27254541 -0.04549481 0.26989306
v -0.25737812 -0.03791522 0.28013
v -0.26126922 -0.03791522 0.28589529
v -0.27643671 -0.04549481 0.27565838
v -0.28771268 -0.03791522 0.25965614
v -0.29160388 -0.03791522 0.26542143
v -0.2939952 -0.01961656 0.25541594
v -0.28771268 -0.03791522 0.25965614
v -0.29160388 -0.03791522 0.26542143
v -0.2978863 -0.01961656 0.26118122
v -0.28771268 -0.0013179 0.25965614
v -0.29160388 -0.0013179 0.26542143
v -0.2939952 -0.01961656 0.25541594
v -0.28771268 -0.0013179 0.25965614
v -0.27254541 -0.04549481 0.26989306
v -0.28771268 -0.03791522 0.25965614
v -0.27254541 0.00626161 0.26989306
v -0.25737812 -0.03791522 0.28013
v -0.25737812 -0.0013179 0.28013
v -0.25109559 -0.01961656 0.28437014
v -0.27648328 -0.01961656 0.22946994
v -0.27020086 -0.03791522 0.23371016
v -0.25503369 0.00626161 0.24394708
v -0.27020086 -0.0013179 0.23371016
v -0.25503369 -0.04549481 0.24394708
v -0.2398663 -0.0013179 0.25418401
v -0.2398663 -0.03791522 0.25418401
v -0.23358383 -0.01961656 0.25842426
vn 0.07274 -0 0.99735
vn -0.06368 0.37129 0.92633
vn -0.46179 -0 0.88699
vn -0.06368 -0.37129 0.92633
vn -0.39301 -0.52508 0.75488
vn -0.72233 -0.37129 0.58342
vn -0.85875 -0 0.5124
vn -0.72233 0.37129 0.58342
vn -0.393 0.52508 0.75488
vn 0.74072 0.41194 -0.53071
vn 0.89206 0 -0.45192
vn 0.46179 -0 -0.88699
vn 0.74072 -0.41193 -0.53071
vn 0.37533 -0.58256 -0.72093
vn 0.00995 -0.41193 -0.91116
vn -0.1414 -0 -0.98995
vn 0.00995 0.41193 -0.91116
vn 0.37534 0.58256 -0.72093
vn 0.70274 -0 -0.71145
vn 0.62615 0.20844 -0.75132
vn 0.56823 -0.12869 -0.81275
vn 0.45407 -0.182 -0.87218
vn 0.25638 -0.20844 -0.94383
vn 0.1798 0 -0.9837
vn 0.33992 0.1287 -0.93161
vn 0.45407 0.182 -0.87218
vn -0.45147 0.21022 0.86717
vn -0.31962 0.14865 0.93581
vn -0.6463 0.23855 0.72483
vn -0.73395 -0 0.6792
vn -0.58332 -0.14865 0.79853
vn -0.45147 -0.21022 0.86717
vn -0.22312 -0.23855 0.94515
vn -0.13547 0 0.99078
vt 0.7805 0.03318
vt 0.78575 0.04763
vt 0.79861 0.03325
vt 0.78586 0.01877
vt 0.79869 0.01284
vt 0.81146 0.01887
vt 0.81671 0.03332
vt 0.81135 0.04773
vt 0.79853 0.05366
vt 0.91913 0.01929
vt 0.91378 0.0337
vt 0.93188 0.03377
vt 0.91902 0.04815
vt 0.9318 0.05418
vt 0.94462 0.04825
vt 0.94998 0.03384
vt 0.94474 0.01939
vt 0.93196 0.01336
vt 0.94008 0.10659
vt 0.94301 0.09159
vt 0.93865 0.09157
vt 0.93572 0.10657
vt 0.94019 0.07656
vt 0.93584 0.07654
vt 0.74124 0.06087
vt 0.74772 0.07343
vt 0.75183 0.07131
vt 0.74535 0.05874
vt 0.7542 0.086
vt 0.75831 0.08388
vt 0.97209 0.08082
vt 0.9749 0.09585
vt 0.97926 0.09586
vt 0.97645 0.08084
vt 0.97197 0.11085
vt 0.97633 0.11087
vt 0.92657 0.0935
vt 0.93315 0.08098
vt 0.92905 0.07883
vt 0.92247 0.09134
vt 0.93972 0.06846
vt 0.93563 0.06631
vt 0.73666 0.06735
vt 0.74324 0.05484
vt 0.73848 0.05234
vt 0.7319 0.06485
vt 0.73008 0.07987
vt 0.72533 0.07737
vt 0.98095 0.0947
vt 0.97802 0.1097
vt 0.98308 0.10972
vt 0.98601 0.09472
vt 0.97814 0.07967
vt 0.9832 0.07969
vt 0.74543 0.05728
vt 0.75191 0.06985
vt 0.75669 0.06739
vt 0.75021 0.05482
vt 0.73895 0.04471
vt 0.74373 0.04225
vt 0.67924 0.02739
vt 0.67643 0.01236
vt 0.67137 0.01234
vt 0.67418 0.02737
vt 0.67631 0.04239
vt 0.67125 0.04237
vt 0.95005 0.03384
vt 0.95529 0.0483
vt 0.96823 0.01351
vt 0.9554 0.01943
vt 0.96807 0.05432
vt 0.98101 0.01953
vt 0.98089 0.0484
vt 0.98625 0.03399
vt 0.87751 0.03356
vt 0.88275 0.04801
vt 0.89569 0.01322
vt 0.88286 0.01915
vt 0.89553 0.05404
vt 0.90847 0.01925
vt 0.90835 0.04811
vt 0.91371 0.0337
usemtl mat0
f 327/327/181 328/328/182 329/329/183
f 330/330/184 327/327/181 329/329/183
f 331/331/185 330/330/184 329/329/183
f 332/332/186 331/331/185 329/329/183
f 333/333/187 332/332/186 329/329/183
f 334/334/188 333/333/187 329/329/183
f 335/335/189 334/334/188 329/329/183
f 328/328/182 335/335/189 329/329/183
f 336/336/190 337/337/191 338/338/192
f 337/337/191 339/339/193 338/338/192
f 339/339/193 340/340/194 338/338/192
f 340/340/194 341/341/195 338/338/192
f 341/341/195 342/342/196 338/338/192
f 342/342/196 343/343/197 338/338/192
f 343/343/197 344/344/198 338/338/192
f 344/344/198 336/336/190 338/338/192
f 345/345/182 346/346/181 347/347/199
f 345/345/182 347/347/199 348/348/200
f 346/346/181 349/349/184 350/350/201
f 346/346/181 350/350/201 347/347/199
f 351/351/184 352/352/185 353/353/202
f 351/351/184 353/353/202 354/354/201
f 352/352/185 355/355/186 356/356/203
f 352/352/185 356/356/203 353/353/202
f 357/357/186 358/358/187 359/359/204
f 357/357/186 359/359/204 360/360/203
f 358/358/187 361/361/188 362/362/205
f 358/358/187 362/362/205 359/359/204
f 363/363/188 364/364/189 365/365/206
f 363/363/188 365/365/206 366/366/205
f 364/364/189 367/367/182 368/368/200
f 364/364/189 368/368/200 365/365/206
f 369/369/207 370/370/208 371/371/190
f 369/369/207 371/371/190 372/372/198
f 373/373/209 369/369/207 372/372/198
f 373/373/209 372/372/198 374/374/197
f 375/375/210 376/376/209 377/377/197
f 375/375/210 377/377/197 378/378/196
f 379/379/211 375/375/210 378/378/196
f 379/379/211 378/378/196 380/380/195
f 381/381/212 382/382/211 383/383/195
f 381/381/212 383/383/195 384/384/194
f 385/385/213 381/381/212 384/384/194
f 385/385/213 384/384/194 386/386/193
f 387/387/214 388/388/213 389/389/193
f 387/387/214 389/389/193 390/390/191
f 391/391/208 387/387/214 390/390/191
f 391/391/208 390/390/191 392/392/190
f 393/393/214 394/394/208 395/395/212
f 393/393/214 395/395/212 396/396/213
f 394/394/208 397/397/207 398/398/211
f 394/394/208 398/398/211 395/395/212
f 397/397/207 399/399/209 400/400/210
f 397/397/207 400/400/210 398/398/211
f 401/401/199 402/402/201 403/403/206
f 401/401/199 403/403/206 404/404/200
f 402/402/201 405/405/202 406/406/205
f 402/402/201 406/406/205 403/403/206
f 405/405/202 407/407/203 408/408/204
f 405/405/202 408/408/204 406/406/205
# Vertices: 82, normals: 34, texture coordinates: 82, faces: 60

o obj5
v 0.12872019 1.0762721 -0.17385967
v 0.13001694 1.086125 -0.17623839
v -0.00455874 1.07608867 -0.17381232
v 0.13155375 1.09695964 -0.17925932
v -0.00455874 1.10652033 -0.18474606
v 0.13266402 1.10634369 -0.18504292
v 0.13696822 1.02480965 -0.2332446
v 0.13763478 1.02263724 -0.25019597
v 0.07954549 1.01832125 -0.25909846
v 0.16356071 1.02508018 -0.23432248
v 0.16164505 1.05672575 -0.23512409
v 0.17873222 1.05689575 -0.23690653
v 0.19702324 1.06817984 -0.22668169
v 0.19741386 1.05539147 -0.23257604
v 0.13346095 1.09902444 -0.24741204
v 0.13442479 1.10960043 -0.2381009
v 0.14470394 1.1010512 -0.2392911
v 0.13852535 1.08118874 -0.24610868
v 0.13346095 1.09902444 -0.24741204
v 0.14470394 1.1010512 -0.2392911
v 0.1393791 1.05363355 -0.2378682
v 0.15226982 1.06929404 -0.22111841
v 0.1444217 1.10951753 -0.21911478
v 0.14417502 1.10947881 -0.19965716
v 0.16381712 1.07388971 -0.21755769
v 0.16438135 1.06843621 -0.22950717
v 0.15226982 1.06929404 -0.22111841
v 0.17647091 1.07565308 -0.20150968
v 0.19557116 1.0742112 -0.21276477
v 0.2179701 1.0762985 -0.18287117
v 0.22778255 1.0743739 -0.20543109
v 0.03508484 1.02162696 -0.26269594
v -0.00455874 1.02233522 -0.26367419
v -0.00455874 1.02493444 -0.23819657
v 0.27672162 1.02393774 -0.20383458
v 0.2691421 1.02410914 -0.23547958
v 0.25831421 1.02493444 -0.2191511
v 0.13792113 1.00732383 -0.16714211
v 0.1193536 0.98112719 -0.15682539
v 0.13567718 0.97958242 -0.16420006
v 0.16438135 1.06843621 -0.22950717
v 0.19702324 1.06817984 -0.22668169
v 0.17873222 1.05689575 -0.23690653
v 0.1961977 1.02493444 -0.23147016
v 0.12409728 0.83416693 -0.16430525
v 0.11031122 0.82968993 -0.16306724
v 0.13090623 0.77971016 -0.15468041
v 0.16825906 0.9777607 -0.24477205
v 0.19828327 0.99411094 -0.24187622
v 0.19753583 0.97777781 -0.24104359
v 0.13763478 1.02263724 -0.25019597
v 0.16497524 1.0228127 -0.24606865
v 0.17056396 0.94030438 -0.2403688
v 0.20311907 0.81865557 -0.13588576
v 0.2041704 0.80933915 -0.14323139
v 0.22330811 0.81466424 -0.13827951
v 0.13427079 0.8222425 -0.16295906
v 0.16215987 0.81105001 -0.14698234
v 0.15748815 0.82571564 -0.14728259
v 0.14119752 0.80610284 -0.15961754
v 0.23992959 0.83292963 -0.12365689
v 0.23972194 0.81945078 -0.13855747
v 0.25745247 0.83451829 -0.12964311
v 0.25279585 0.81862179 -0.16193139
v 0.24984526 0.8093775 -0.1738078
v 0.24970371 0.82193871 -0.17466126
v 0.27350603 0.93947708 -0.196088
v 0.26726385 0.88330827 -0.18326555
v 0.27671867 0.88345179 -0.19226969
v 0.24984526 0.8093775 -0.1738078
v 0.26263931 0.80182409 -0.17256972
v 0.27962121 0.80426962 -0.17638499
v 0.23972194 0.81945078 -0.13855747
v 0.15917233 0.77520204 -0.13988719
v 0.1318943 0.7182181 -0.1375971
v 0.16114038 0.72109427 -0.12839635
v 0.23505918 0.8242933 -0.21462916
v 0.27802999 0.82566696 -0.21089136
v 0.27838842 0.81391984 -0.20894682
v 0.23645509 0.77991844 -0.20725098
v 0.27935876 0.79915465 -0.20607113
v 0.28043884 0.78487845 -0.20357988
v 0.2443725 0.43681748 -0.14002732
v 0.2294185 0.44025731 -0.13170028
v 0.231213 0.43140123 -0.15009531
v 0.25545272 0.43959648 -0.15105757
v 0.24352955 0.43339929 -0.1506026
v 0.25467797 0.4393459 -0.17207582
v 0.29521185 0.40587917 -0.17688058
v 0.29408294 0.44107874 -0.17201217
v 0.23094931 0.43408586 -0.173311
v 0.14833858 0.43429234 -0.16941595
v 0.17408511 0.43319776 -0.17469045
v 0.1650546 0.43160977 -0.16683852
v 0.16509186 0.43525147 -0.15321219
v 0.14818344 0.44883048 -0.15058549
v 0.13127589 0.45648253 -0.14489749
v 0.16433983 0.45695817 -0.13897495
v 0.13405243 0.41230083 -0.16928764
v 0.14833858 0.43429234 -0.16941595
v 0.13354836 0.43856212 -0.14977569
v 0.13405243 0.41230083 -0.16928764
v -0.00455874 0.40968682 -0.16373957
v -0.00455874 0.40764502 -0.17834728
v 0.17408511 0.43319776 -0.17469045
v 0.29234687 0.56683807 -0.18005442
v 0.29203629 0.53243832 -0.18398323
v 0.24334996 0.56483864 -0.18525144
v -0.00455874 1.08148279 -0.24956073
v 0.13852535 1.08118874 -0.24610868
v -0.00455874 1.02493444 -0.23819657
v 0.13127589 0.45648253 -0.14489749
v -0.13783768 1.0762721 -0.17385967
v -0.13913443 1.086125 -0.17623839
v -0.14067123 1.09695964 -0.17925932
v -0.14178151 1.10634369 -0.18504292
v -0.1460857 1.02480965 -0.2332446
v -0.08866297 1.01832125 -0.25909846
v -0.14675227 1.02263724 -0.25019597
v -0.1726782 1.02508018 -0.23432248
v -0.1878497 1.05689575 -0.23690653
v -0.17076254 1.05672575 -0.23512409
v -0.20614073 1.06817984 -0.22668169
v -0.20653134 1.05539147 -0.23257604
v -0.14257844 1.09902444 -0.24741204
v -0.15382143 1.1010512 -0.2392911
v -0.14354228 1.10960043 -0.2381009
v -0.14764284 1.08118874 -0.24610868
v -0.15382143 1.1010512 -0.2392911
v -0.14257844 1.09902444 -0.24741204
v -0.14849659 1.05363355 -0.2378682
v -0.1613873 1.06929404 -0.22111841
v -0.15353918 1.10951753 -0.21911478
v -0.15329251 1.10947881 -0.19965716
v -0.17293461 1.07388971 -0.21755769
v -0.1613873 1.06929404 -0.22111841
v -0.17349884 1.06843621 -0.22950717
v -0.1855884 1.07565308 -0.20150968
v -0.20468865 1.0742112 -0.21276477
v -0.23690003 1.0743739 -0.20543109
v -0.22708758 1.0762985 -0.18287117
v -0.04420233 1.02162696 -0.26269594
v -0.2858391 1.02393774 -0.20383458
v -0.2674317 1.02493444 -0.2191511
v -0.27825959 1.02410914 -0.23547958
v -0.14703862 1.00732383 -0.16714211
v -0.14479467 0.97958242 -0.16420006
v -0.12847109 0.98112719 -0.15682539
v -0.17349884 1.06843621 -0.22950717
v -0.1878497 1.05689575 -0.23690653
v -0.20614073 1.06817984 -0.22668169
v -0.20531518 1.02493444 -0.23147016
v -0.13321476 0.83416693 -0.16430525
v -0.14002372 0.77971016 -0.15468041
v -0.1194287 0.82968993 -0.16306724
v -0.17737655 0.9777607 -0.24477205
v -0.20665331 0.97777781 -0.24104359
v -0.20740075 0.99411094 -0.24187622
v -0.17409272 1.0228127 -0.24606865
v -0.14675227 1.02263724 -0.25019597
v -0.17968144 0.94030438 -0.2403688
v -0.21223656 0.81865557 -0.13588576
v -0.2324256 0.81466424 -0.13827951
v -0.21328788 0.80933915 -0.14323139
v -0.14338827 0.8222425 -0.16295906
v -0.16660564 0.82571564 -0.14728259
v -0.17127736 0.81105001 -0.14698234
v -0.150315 0.80610284 -0.15961754
v -0.24904708 0.83292963 -0.12365689
v -0.26656996 0.83451829 -0.12964311
v -0.24883943 0.81945078 -0.13855747
v -0.26191334 0.81862179 -0.16193139
v -0.25882119 0.82193871 -0.17466126
v -0.25896275 0.8093775 -0.1738078
v -0.28262352 0.93947708 -0.196088
v -0.28583615 0.88345179 -0.19226969
v -0.27638134 0.88330827 -0.18326555
v -0.25896275 0.8093775 -0.1738078
v -0.28873869 0.80426962 -0.17638499
v -0.2717568 0.80182409 -0.17256972
v -0.24883943 0.81945078 -0.13855747
v -0.16828982 0.77520204 -0.13988719
v -0.17025786 0.72109427 -0.12839635
v -0.14101179 0.7182181 -0.1375971
v -0.24417666 0.8242933 -0.21462916
v -0.2875059 0.81391984 -0.20894682
v -0.28714748 0.82566696 -0.21089136
v -0.24557258 0.77991844 -0.20725098
v -0.28955633 0.78487845 -0.20357988
v -0.28847624 0.79915465 -0.20607113
v -0.25348998 0.43681748 -0.14002732
v -0.24033048 0.43140123 -0.15009531
v -0.23853598 0.44025731 -0.13170028
v -0.2645702 0.43959648 -0.15105757
v -0.25264703 0.43339929 -0.1506026
v -0.26379546 0.4393459 -0.17207582
v -0.30320043 0.44107874 -0.17201217
v -0.30432934 0.40587917 -0.17688058
v -0.24006679 0.43408586 -0.173311
v -0.15745607 0.43429234 -0.16941595
v -0.17417208 0.43160977 -0.16683852
v -0.18320259 0.43319776 -0.17469045
v -0.17420935 0.43525147 -0.15321219
v -0.15730093 0.44883048 -0.15058549
v -0.14039337 0.45648253 -0.14489749
v -0.17345732 0.45695817 -0.13897495
v -0.14316991 0.41230083 -0.16928764
v -0.14266584 0.43856212 -0.14977569
v -0.15745607 0.43429234 -0.16941595
v -0.14316991 0.41230083 -0.16928764
v -0.18320259 0.43319776 -0.17469045
v -0.30146436 0.56683807 -0.18005442
v -0.25246744 0.56483864 -0.18525144
v -0.30115378 0.53243832 -0.18398323
v -0.14764284 1.08118874 -0.24610868
v -0.14039337 0.45648253 -0.14489749
v 0.13118417 0.48766729 -0.14695446
v -0.00455874 0.48843554 -0.14626286
v -0.00455874 0.45679872 -0.1443162
v 0.13273422 0.59020589 -0.12332941
v 0.13122391 0.65771795 -0.12463345
v -0.00455874 0.65766735 -0.12415624
v -0.00455874 0.59010348 -0.12238222
v -0.00455874 0.71816204 -0.13685106
v -0.00455874 0.8296164 -0.16316133
v -0.00455874 0.78045905 -0.15439913
v 0.11310176 0.88404772 -0.15406322
v -0.00455874 0.88363964 -0.15403413
v 0.11620327 0.93360268 -0.15237113
v -0.00455874 0.93352863 -0.1523481
v -0.00455874 0.98188523 -0.15692577
v 0.12477638 1.03091808 -0.16381785
v -0.00455874 1.03069652 -0.1637832
v 0.13526156 1.11385823 -0.21964363
v -0.00455874 1.11107093 -0.23667419
v -0.00455874 1.11475227 -0.21855344
v 0.1393791 1.05363355 -0.2378682
v 0.13696822 1.02480965 -0.2332446
v 0.14246401 1.07122727 -0.17805135
v 0.14015332 1.02936276 -0.17055449
v 0.14015332 1.02936276 -0.17055449
v 0.14755861 1.02708186 -0.18802493
v 0.15029923 1.06227121 -0.1927658
v 0.14246401 1.07122727 -0.17805135
v 0.16958198 1.06227062 -0.18358711
v 0.15029923 1.06227121 -0.1927658
v 0.14755861 1.02708186 -0.18802493
v 0.1689685 1.02794219 -0.1771822
v 0.20968018 1.02719595 -0.16031311
v 0.21051463 1.061408 -0.16547524
v 0.24367269 1.02684348 -0.14888734
v 0.24562841 1.06073109 -0.15301193
v 0.26411335 1.05913469 -0.15483081
v 0.26214973 1.02637589 -0.15038761
v 0.27951723 1.05624841 -0.16905782
v 0.26411335 1.05913469 -0.15483081
v 0.26214973 1.02637589 -0.15038761
v 0.27855434 1.0250571 -0.16478518
v 0.28339848 1.05352263 -0.18884811
v 0.28294055 1.02330522 -0.18611032
v 0.2764227 1.05300185 -0.20769819
v 0.27672162 1.02393774 -0.20383458
v 0.25938261 1.05293385 -0.21927673
v 0.25831421 1.02493444 -0.2191511
v 0.22896474 1.02493444 -0.22464334
v 0.23046473 1.05463129 -0.22607602
v 0.25938261 1.05293385 -0.21927673
v 0.25831421 1.02493444 -0.2191511
v 0.22989122 1.06662607 -0.22031497
v 0.2566493 1.065586 -0.21403667
v 0.27549902 1.06551896 -0.18944933
v 0.27198077 1.06808234 -0.1727251
v 0.2706655 1.06569265 -0.20399852
v 0.2566493 1.065586 -0.21403667
v 0.21051463 1.061408 -0.16547524
v 0.21150774 1.07194224 -0.1741242
v 0.17169215 1.07243012 -0.19296742
v 0.16958198 1.06227062 -0.18358711
v 0.24562841 1.06073109 -0.15301193
v 0.24611279 1.07209026 -0.16101838
v 0.26411335 1.05913469 -0.15483081
v 0.26196336 1.06998393 -0.162345
v 0.26196336 1.06998393 -0.162345
v 0.15174737 1.07128996 -0.20230882
v 0.15029923 1.06227121 -0.1927658
v 0.14344534 1.08161363 -0.18090932
v 0.15174737 1.07128996 -0.20230882
v 0.14344534 1.08161363 -0.18090932
v 0.14458787 1.09419424 -0.18465184
v 0.14323801 1.10486006 -0.18975089
v 0.14417502 1.10947881 -0.19965716
v 0.13515137 1.11415818 -0.19930283
v 0.13266402 1.10634369 -0.18504292
v 0.14323801 1.10486006 -0.18975089
v 0.1444217 1.10951753 -0.21911478
v 0.13442479 1.10960043 -0.2381009
v 0.13526156 1.11385823 -0.21964363
v 0.16164505 1.05672575 -0.23512409
v 0.1393791 1.05363355 -0.2378682
v 0.14458787 1.09419424 -0.18465184
v 0.14323801 1.10486006 -0.18975089
v 0.22989122 1.06662607 -0.22031497
v 0.25446672 1.07300931 -0.20011535
v 0.2566493 1.065586 -0.21403667
v 0.24705048 1.07615992 -0.17225591
v 0.27198077 1.06808234 -0.1727251
v 0.27549902 1.06551896 -0.18944933
v 0.2706655 1.06569265 -0.20399852
v 0.16356071 1.02508018 -0.23432248
v 0.16497524 1.0228127 -0.24606865
v 0.1961977 1.02493444 -0.23147016
v 0.19802126 1.02272154 -0.24190661
v 0.22896474 1.02493444 -0.22464334
v 0.22927997 1.0227031 -0.23875961
v 0.2819859 0.9988381 -0.18474822
v 0.27800925 1.00082503 -0.16145815
v 0.26243323 1.00251554 -0.147324
v 0.26243323 1.00251554 -0.147324
v 0.24360314 1.00368121 -0.14525499
v 0.20853909 1.00358769 -0.15696071
v 0.16871329 1.00271991 -0.17320663
v 0.14561113 1.00281018 -0.18675353
v 0.13792113 1.00732383 -0.16714211
v 0.14561113 1.00281018 -0.18675353
v 0.14284283 0.9776691 -0.18440431
v 0.13567718 0.97958242 -0.16420006
v 0.27544586 0.99731214 -0.20064761
v 0.20743992 0.98125936 -0.15351942
v 0.16687124 0.97951184 -0.16994759
v 0.14284283 0.9776691 -0.18440431
v 0.24269449 0.98244362 -0.14188237
v 0.2774759 0.98052315 -0.15831977
v 0.26129827 0.98208436 -0.14374852
v 0.26129827 0.98208436 -0.14374852
v 0.28128802 0.9794636 -0.18266414
v 0.27453986 0.97808308 -0.19802536
v 0.27191179 0.99582999 -0.23593848
v 0.2691421 1.02410914 -0.23547958
v 0.27243782 0.97933453 -0.23473655
v 0.23097254 0.99479389 -0.23868362
v 0.22927997 1.0227031 -0.23875961
v 0.2691421 1.02410914 -0.23547958
v 0.27191179 0.99582999 -0.23593848
v 0.19802126 1.02272154 -0.24190661
v 0.2310963 0.97854448 -0.23781588
v 0.27243782 0.97933453 -0.23473655
v 0.13213182 0.93175374 -0.16067544
v 0.13213182 0.93175374 -0.16067544
v 0.13927546 0.92976675 -0.17788634
v 0.13927546 0.92976675 -0.17788634
v 0.16268292 0.93363491 -0.16371806
v 0.20412769 0.93750218 -0.14729196
v 0.24032565 0.94048198 -0.13563429
v 0.25858223 0.94072949 -0.13764963
v 0.25858223 0.94072949 -0.13764963
v 0.27489338 0.94138074 -0.15175793
v 0.27943146 0.94079373 -0.17657329
v 0.23158709 0.94030039 -0.23360069
v 0.27360765 0.94107813 -0.23002904
v 0.19781102 0.9404909 -0.23695143
v 0.20188029 0.88710754 -0.13927991
v 0.24001194 0.88960115 -0.12885924
v 0.15962955 0.88432791 -0.15627635
v 0.13593667 0.88297512 -0.17083695
v 0.12819767 0.88426072 -0.1602698
v 0.13593667 0.88297512 -0.17083695
v 0.12819767 0.88426072 -0.1602698
v 0.12409728 0.83416693 -0.16430525
v 0.13431456 0.85286813 -0.16719316
v 0.20140812 0.85959734 -0.13484467
v 0.15778357 0.85626419 -0.15234694
v 0.13431456 0.85286813 -0.16719316
v 0.24093816 0.86300963 -0.12402465
v 0.25889963 0.86394409 -0.12853736
v 0.25687273 0.89094642 -0.13282381
v 0.25889963 0.86394409 -0.12853736
v 0.27055336 0.86302276 -0.14118486
v 0.26944045 0.88964983 -0.14515082
v 0.25687273 0.89094642 -0.13282381
v 0.27335996 0.88611275 -0.16924114
v 0.27404744 0.86107994 -0.16511576
v 0.26698077 0.8576293 -0.18033987
v 0.26011845 0.84828065 -0.12540199
v 0.2710613 0.84750078 -0.13777477
v 0.2747729 0.84484403 -0.16193633
v 0.26837327 0.84287591 -0.17680548
v 0.24121737 0.84708068 -0.12036218
v 0.26011845 0.84828065 -0.12540199
v 0.20167632 0.84312225 -0.13193202
v 0.15755145 0.83840319 -0.14950072
v 0.13425668 0.83463799 -0.16467728
v 0.23992959 0.83292963 -0.12365689
v 0.25745247 0.83451829 -0.12964311
v 0.20240543 0.83002772 -0.13079217
v 0.27500526 0.87992556 -0.22115938
v 0.23309674 0.88236983 -0.22482149
v 0.20010513 0.88331616 -0.22820179
v 0.17180667 0.88394845 -0.23182883
v 0.03508484 1.02162696 -0.26269594
v 0.07954549 1.01832125 -0.25909846
v -0.00455874 0.88389232 -0.2497186
v -0.00455874 1.02233522 -0.26367419
v 0.07928267 0.94444646 -0.2535754
v 0.08122228 0.88196558 -0.24410341
v 0.25745247 0.83451829 -0.12964311
v 0.26425586 0.83440677 -0.13950874
v 0.26886125 0.8329272 -0.16145216
v 0.26361262 0.83270078 -0.17611246
v 0.15838383 0.79713623 -0.15796154
v 0.20240543 0.83002772 -0.13079217
v 0.20311907 0.81865557 -0.13588576
v 0.14173383 0.79144592 -0.16691299
v 0.24850147 0.81949857 -0.14765028
v 0.26425586 0.83440677 -0.13950874
v 0.24850147 0.81949857 -0.14765028
v 0.27909444 0.8198073 -0.17982003
v 0.24970371 0.82193871 -0.17466126
v 0.27877337 0.83108771 -0.18264288
v 0.26361262 0.83270078 -0.17611246
v 0.27827426 0.84187175 -0.18467021
v 0.26837327 0.84287591 -0.17680548
v 0.27770061 0.85645116 -0.18746147
v 0.27827426 0.84187175 -0.18467021
v 0.27500526 0.87992556 -0.22115938
v 0.27360765 0.94107813 -0.23002904
v 0.2766134 0.85265402 -0.21592908
v 0.27744712 0.83731982 -0.2130337
v 0.27802999 0.82566696 -0.21089136
v 0.27877337 0.83108771 -0.18264288
v 0.27838842 0.81391984 -0.20894682
v 0.27909444 0.8198073 -0.17982003
v 0.27935876 0.79915465 -0.20607113
v 0.27962121 0.80426962 -0.17638499
v 0.20388543 0.80144338 -0.13162315
v 0.2041704 0.80933915 -0.14323139
v 0.15838383 0.79713623 -0.15796154
v 0.15777631 0.78870582 -0.14723894
v 0.23972194 0.81945078 -0.13855747
v 0.24678321 0.80868849 -0.1272679
v 0.25907303 0.80880097 -0.14343566
v 0.26369819 0.80784519 -0.15690762
v 0.26263931 0.80182409 -0.17256972
v 0.14173383 0.79144592 -0.16691299
v 0.13090623 0.77971016 -0.15468041
v 0.22700673 0.80722227 -0.12492285
v 0.22330811 0.81466424 -0.13827951
v 0.24678321 0.80868849 -0.1272679
v 0.23972194 0.81945078 -0.13855747
v 0.25132238 0.79573366 -0.1221196
v 0.24678321 0.80868849 -0.1272679
v 0.22700673 0.80722227 -0.12492285
v 0.22873284 0.79267037 -0.11936125
v 0.26584833 0.79492908 -0.13812543
v 0.25132238 0.79573366 -0.1221196
v 0.27053957 0.79362467 -0.15216552
v 0.26778837 0.78695092 -0.17022282
v 0.26778837 0.78695092 -0.17022282
v 0.28037257 0.78933295 -0.17381162
v 0.28043884 0.78487845 -0.20357988
v 0.28037257 0.78933295 -0.17381162
v 0.20388543 0.80144338 -0.13162315
v 0.20434318 0.7879008 -0.12597125
v 0.15777631 0.78870582 -0.14723894
v 0.2035705 0.7279774 -0.11751016
v 0.23315119 0.73113015 -0.11131724
v 0.20377639 0.66560472 -0.10972306
v 0.2325673 0.66717907 -0.10628737
v 0.16357128 0.6611413 -0.11921307
v 0.25369579 0.73051999 -0.11543405
v 0.2522191 0.66579678 -0.1119014
v 0.25369579 0.73051999 -0.11543405
v 0.26613623 0.72839773 -0.12978668
v 0.2522191 0.66579678 -0.1119014
v 0.26185516 0.66415605 -0.12582561
v 0.26595026 0.66381494 -0.1400365
v 0.27073461 0.72783794 -0.14367204
v 0.26860329 0.72569716 -0.16118143
v 0.26500828 0.66195893 -0.15480811
v 0.26860329 0.72569716 -0.16118143
v 0.28235148 0.72911343 -0.16383243
v 0.26500828 0.66195893 -0.15480811
v 0.28648272 0.6660218 -0.15642975
v 0.28235148 0.72911343 -0.16383243
v 0.28316627 0.72567024 -0.19554965
v 0.28648272 0.6660218 -0.15642975
v 0.28706104 0.66292636 -0.1874358
v 0.16615288 0.59049113 -0.12070919
v 0.20301029 0.59195374 -0.11189947
v 0.22962952 0.5928313 -0.10771387
v 0.2506909 0.59429387 -0.11265391
v 0.2506909 0.59429387 -0.11265391
v 0.26161419 0.59157863 -0.1249894
v 0.26523406 0.59068112 -0.13755109
v 0.26721455 0.589414 -0.14905673
v 0.26721455 0.589414 -0.14905673
v 0.29077197 0.5922055 -0.1506642
v 0.13104803 0.53337186 -0.12912061
v 0.16508371 0.53325927 -0.12841813
v 0.16464709 0.48746561 -0.13487248
v 0.16433983 0.45695817 -0.13897495
v 0.20125292 0.48819809 -0.12614369
v 0.20056451 0.53568555 -0.1197061
v 0.19935577 0.45921356 -0.12985857
v 0.20083549 0.43610922 -0.14311016
v 0.19935577 0.45921356 -0.12985857
v 0.22892553 0.53867493 -0.11415087
v 0.22759022 0.49029089 -0.12088102
v 0.22636463 0.46298163 -0.1235951
v 0.2487618 0.54078086 -0.11717688
v 0.24700128 0.49266144 -0.12177482
v 0.24831327 0.46521729 -0.12450134
v 0.2487618 0.54078086 -0.11717688
v 0.2613416 0.5409735 -0.1278305
v 0.24700128 0.49266144 -0.12177482
v 0.26148752 0.49482482 -0.13148906
v 0.24831327 0.46521729 -0.12450134
v 0.26222402 0.46883192 -0.13391025
v 0.26597019 0.5405836 -0.14010564
v 0.26685011 0.49487557 -0.14315915
v 0.26743481 0.47074661 -0.14518813
v 0.26850065 0.54032591 -0.14962454
v 0.2701117 0.49846962 -0.15545252
v 0.27099114 0.47546061 -0.16289331
v 0.26955606 0.45403535 -0.16898973
v 0.265534 0.45304012 -0.14773832
v 0.26039154 0.4525491 -0.13563753
v 0.24638087 0.45161674 -0.12657485
v 0.2294185 0.44025731 -0.13170028
v 0.20083549 0.43610922 -0.14311016
v 0.24638087 0.45161674 -0.12657485
v 0.26850065 0.54032591 -0.14962454
v 0.29306446 0.54231947 -0.1512486
v 0.2701117 0.49846962 -0.15545252
v 0.29367654 0.49789397 -0.15777032
v 0.29372288 0.47653553 -0.16368459
v 0.27099114 0.47546061 -0.16289331
v 0.29402254 0.45517779 -0.16919501
v 0.26955606 0.45403535 -0.16898973
v 0.27744712 0.83731982 -0.2130337
v 0.2766134 0.85265402 -0.21592908
v 0.17286275 0.77912802 -0.21410455
v 0.08234007 0.77910965 -0.2264893
v 0.28316627 0.72567024 -0.19554965
v 0.24000163 0.72345925 -0.19916977
v 0.28706104 0.66292636 -0.1874358
v 0.24298956 0.66051845 -0.19142621
v 0.17494511 0.72179692 -0.20594947
v 0.17819254 0.66009488 -0.19826065
v 0.08367564 0.72200218 -0.21833736
v 0.086978 0.66051107 -0.21059518
v 0.2443725 0.43681748 -0.14002732
v 0.25545272 0.43959648 -0.15105757
v 0.25467797 0.4393459 -0.17207582
v 0.26039154 0.4525491 -0.13563753
v 0.24638087 0.45161674 -0.12657485
v 0.29077197 0.5922055 -0.1506642
v 0.29234687 0.56683807 -0.18005442
v 0.29306446 0.54231947 -0.1512486
v 0.29203629 0.53243832 -0.18398323
v -0.00455874 0.78007465 -0.23188868
v -0.00455874 0.72301636 -0.22376934
v -0.00455874 0.66162166 -0.21627034
v 0.29367654 0.49789397 -0.15777032
v 0.29342174 0.50260639 -0.18922826
v 0.29404138 0.48303183 -0.194888
v 0.29372288 0.47653553 -0.16368459
v 0.29441692 0.46454392 -0.20018546
v 0.29402254 0.45517779 -0.16919501
v 0.29468048 0.44545223 -0.205222
v 0.29408294 0.44107874 -0.17201217
v 0.2042067 0.43336702 -0.17399171
v 0.20313808 0.43094916 -0.15833819
v 0.23094931 0.43408586 -0.173311
v 0.25467797 0.4393459 -0.17207582
v 0.29500921 0.4064491 -0.21023753
v 0.29521185 0.40587917 -0.17688058
v 0.20722208 0.40723381 -0.17558182
v 0.2042067 0.43336702 -0.17399171
v 0.29493651 0.37694162 -0.17683692
v 0.20772719 0.36406507 -0.17473337
v 0.29443631 0.3282733 -0.17779976
v 0.20772719 0.31665595 -0.1756696
v 0.13280911 0.36347976 -0.17424354
v 0.13280911 0.3084618 -0.17372481
v -0.00455874 0.36412504 -0.17583912
v -0.00455874 0.30355259 -0.17335552
v -0.00455874 0.40764502 -0.17834728
v 0.0921434 0.56046564 -0.20362348
v -0.00455874 0.56463029 -0.2095318
v 0.18565372 0.56043385 -0.19149017
v -0.00455874 0.49725468 -0.20975573
v 0.0957542 0.49905615 -0.20552142
v 0.18922936 0.4982835 -0.19757441
v 0.24689264 0.49805852 -0.19297175
v 0.29342174 0.50260639 -0.18922826
v 0.09947121 0.4090303 -0.21236713
v -0.00455874 0.4094913 -0.21428329
v 0.1973402 0.40650947 -0.21142954
v 0.25560172 0.40756728 -0.21151197
v 0.29404138 0.48303183 -0.194888
v 0.29441692 0.46454392 -0.20018546
v 0.29468048 0.44545223 -0.205222
v 0.29493651 0.37694162 -0.17683692
v 0.29605473 0.36789271 -0.20974454
v 0.29443631 0.3282733 -0.17779976
v 0.29521412 0.32836932 -0.20999811
v 0.29500921 0.4064491 -0.21023753
v 0.29605473 0.36789271 -0.20974454
v -0.00455874 0.36793143 -0.21193757
v 0.0990585 0.36632813 -0.21029522
v 0.19837312 0.36445508 -0.21026681
v -0.00455874 0.30369237 -0.2063608
v 0.0990371 0.30704846 -0.20553732
v 0.20079001 0.31733898 -0.20776787
v 0.29521412 0.32836932 -0.20999811
v 0.13280911 0.3084618 -0.17372481
v 0.0990371 0.30704846 -0.20553732
v 0.20079001 0.31733898 -0.20776787
v 0.20772719 0.31665595 -0.1756696
v 0.29521412 0.32836932 -0.20999811
v 0.29443631 0.3282733 -0.17779976
v -0.00455874 0.53361373 -0.1286689
v -0.00455874 1.10652033 -0.18474606
v -0.00455874 1.11472262 -0.19885016
v -0.00455874 1.10048204 -0.24778227
v 0.13346095 1.09902444 -0.24741204
v -0.00455874 1.10048204 -0.24778227
v -0.00455874 0.30355259 -0.17335552
v -0.00455874 0.30369237 -0.2063608
v 0.13354836 0.43856212 -0.14977569
v -0.00455874 0.43499115 -0.14954565
v -0.00455874 0.43499115 -0.14954565
v -0.14030165 0.48766729 -0.14695446
v -0.14185171 0.59020589 -0.12332941
v -0.1403414 0.65771795 -0.12463345
v -0.12221925 0.88404772 -0.15406322
v -0.12532076 0.93360268 -0.15237113
v -0.13389387 1.03091808 -0.16381785
v -0.14437905 1.11385823 -0.21964363
v -0.1460857 1.02480965 -0.2332446
v -0.14849659 1.05363355 -0.2378682
v -0.15158149 1.07122727 -0.17805135
v -0.14927081 1.02936276 -0.17055449
v -0.14927081 1.02936276 -0.17055449
v -0.15158149 1.07122727 -0.17805135
v -0.15941672 1.06227121 -0.1927658
v -0.15667609 1.02708186 -0.18802493
v -0.17869947 1.06227062 -0.18358711
v -0.17808599 1.02794219 -0.1771822
v -0.15667609 1.02708186 -0.18802493
v -0.15941672 1.06227121 -0.1927658
v -0.21879767 1.02719595 -0.16031311
v -0.21963212 1.061408 -0.16547524
v -0.25279017 1.02684348 -0.14888734
v -0.2547459 1.06073109 -0.15301193
v -0.27323084 1.05913469 -0.15483081
v -0.27126722 1.02637589 -0.15038761
v -0.28863472 1.05624841 -0.16905782
v -0.28767183 1.0250571 -0.16478518
v -0.27126722 1.02637589 -0.15038761
v -0.27323084 1.05913469 -0.15483081
v -0.29251597 1.05352263 -0.18884811
v -0.29205803 1.02330522 -0.18611032
v -0.28554018 1.05300185 -0.20769819
v -0.2858391 1.02393774 -0.20383458
v -0.26850009 1.05293385 -0.21927673
v -0.2674317 1.02493444 -0.2191511
v -0.23808223 1.02493444 -0.22464334
v -0.2674317 1.02493444 -0.2191511
v -0.26850009 1.05293385 -0.21927673
v -0.23958221 1.05463129 -0.22607602
v -0.26576678 1.065586 -0.21403667
v -0.23900871 1.06662607 -0.22031497
v -0.28109826 1.06808234 -0.1727251
v -0.28461651 1.06551896 -0.18944933
v -0.27978299 1.06569265 -0.20399852
v -0.26576678 1.065586 -0.21403667
v -0.21963212 1.061408 -0.16547524
v -0.17869947 1.06227062 -0.18358711
v -0.18080964 1.07243012 -0.19296742
v -0.22062523 1.07194224 -0.1741242
v -0.2547459 1.06073109 -0.15301193
v -0.25523028 1.07209026 -0.16101838
v -0.27108085 1.06998393 -0.162345
v -0.27323084 1.05913469 -0.15483081
v -0.27108085 1.06998393 -0.162345
v -0.16086485 1.07128996 -0.20230882
v -0.15941672 1.06227121 -0.1927658
v -0.15256282 1.08161363 -0.18090932
v -0.16086485 1.07128996 -0.20230882
v -0.15256282 1.08161363 -0.18090932
v -0.15370535 1.09419424 -0.18465184
v -0.15235549 1.10486006 -0.18975089
v -0.15329251 1.10947881 -0.19965716
v -0.15235549 1.10486006 -0.18975089
v -0.14178151 1.10634369 -0.18504292
v -0.14426885 1.11415818 -0.19930283
v -0.15353918 1.10951753 -0.21911478
v -0.14437905 1.11385823 -0.21964363
v -0.14354228 1.10960043 -0.2381009
v -0.14849659 1.05363355 -0.2378682
v -0.17076254 1.05672575 -0.23512409
v -0.15370535 1.09419424 -0.18465184
v -0.15235549 1.10486006 -0.18975089
v -0.23900871 1.06662607 -0.22031497
v -0.26576678 1.065586 -0.21403667
v -0.26358421 1.07300931 -0.20011535
v -0.25616796 1.07615992 -0.17225591
v -0.28461651 1.06551896 -0.18944933
v -0.28109826 1.06808234 -0.1727251
v -0.27978299 1.06569265 -0.20399852
v -0.1726782 1.02508018 -0.23432248
v -0.17409272 1.0228127 -0.24606865
v -0.20713874 1.02272154 -0.24190661
v -0.20531518 1.02493444 -0.23147016
v -0.23839745 1.0227031 -0.23875961
v -0.23808223 1.02493444 -0.22464334
v -0.29110338 0.9988381 -0.18474822
v -0.28712673 1.00082503 -0.16145815
v -0.27155071 1.00251554 -0.147324
v -0.27155071 1.00251554 -0.147324
v -0.25272062 1.00368121 -0.14525499
v -0.21765657 1.00358769 -0.15696071
v -0.17783078 1.00271991 -0.17320663
v -0.15472862 1.00281018 -0.18675353
v -0.14703862 1.00732383 -0.16714211
v -0.15472862 1.00281018 -0.18675353
v -0.15196031 0.9776691 -0.18440431
v -0.14479467 0.97958242 -0.16420006
v -0.28456335 0.99731214 -0.20064761
v -0.2165574 0.98125936 -0.15351942
v -0.17598873 0.97951184 -0.16994759
v -0.15196031 0.9776691 -0.18440431
v -0.25181198 0.98244362 -0.14188237
v -0.28659338 0.98052315 -0.15831977
v -0.27041575 0.98208436 -0.14374852
v -0.27041575 0.98208436 -0.14374852
v -0.29040551 0.9794636 -0.18266414
v -0.28365734 0.97808308 -0.19802536
v -0.28102928 0.99582999 -0.23593848
v -0.27825959 1.02410914 -0.23547958
v -0.28155531 0.97933453 -0.23473655
v -0.24009003 0.99479389 -0.23868362
v -0.28102928 0.99582999 -0.23593848
v -0.27825959 1.02410914 -0.23547958
v -0.23839745 1.0227031 -0.23875961
v -0.20713874 1.02272154 -0.24190661
v -0.24021379 0.97854448 -0.23781588
v -0.28155531 0.97933453 -0.23473655
v -0.1412493 0.93175374 -0.16067544
v -0.14839295 0.92976675 -0.17788634
v -0.1412493 0.93175374 -0.16067544
v -0.1718004 0.93363491 -0.16371806
v -0.14839295 0.92976675 -0.17788634
v -0.21324518 0.93750218 -0.14729196
v -0.24944314 0.94048198 -0.13563429
v -0.26769972 0.94072949 -0.13764963
v -0.26769972 0.94072949 -0.13764963
v -0.28401086 0.94138074 -0.15175793
v -0.28854894 0.94079373 -0.17657329
v -0.24070458 0.94030039 -0.23360069
v -0.28272513 0.94107813 -0.23002904
v -0.20692851 0.9404909 -0.23695143
v -0.21099778 0.88710754 -0.13927991
v -0.24912943 0.88960115 -0.12885924
v -0.16874704 0.88432791 -0.15627635
v -0.14505415 0.88297512 -0.17083695
v -0.14505415 0.88297512 -0.17083695
v -0.13731515 0.88426072 -0.1602698
v -0.13731515 0.88426072 -0.1602698
v -0.14343204 0.85286813 -0.16719316
v -0.13321476 0.83416693 -0.16430525
v -0.2105256 0.85959734 -0.13484467
v -0.16690106 0.85626419 -0.15234694
v -0.14343204 0.85286813 -0.16719316
v -0.25005564 0.86300963 -0.12402465
v -0.26599022 0.89094642 -0.13282381
v -0.26801712 0.86394409 -0.12853736
v -0.26801712 0.86394409 -0.12853736
v -0.26599022 0.89094642 -0.13282381
v -0.27855794 0.88964983 -0.14515082
v -0.27967084 0.86302276 -0.14118486
v -0.28247745 0.88611275 -0.16924114
v -0.28316493 0.86107994 -0.16511576
v -0.27609825 0.8576293 -0.18033987
v -0.28017879 0.84750078 -0.13777477
v -0.26923593 0.84828065 -0.12540199
v -0.28389039 0.84484403 -0.16193633
v -0.27749076 0.84287591 -0.17680548
v -0.26923593 0.84828065 -0.12540199
v -0.25033486 0.84708068 -0.12036218
v -0.21079381 0.84312225 -0.13193202
v -0.16666893 0.83840319 -0.14950072
v -0.14337417 0.83463799 -0.16467728
v -0.26656996 0.83451829 -0.12964311
v -0.24904708 0.83292963 -0.12365689
v -0.21152292 0.83002772 -0.13079217
v -0.24221422 0.88236983 -0.22482149
v -0.28412275 0.87992556 -0.22115938
v -0.20922262 0.88331616 -0.22820179
v -0.18092416 0.88394845 -0.23182883
v -0.04420233 1.02162696 -0.26269594
v -0.08866297 1.01832125 -0.25909846
v -0.08840016 0.94444646 -0.2535754
v -0.09033976 0.88196558 -0.24410341
v -0.26656996 0.83451829 -0.12964311
v -0.27337335 0.83440677 -0.13950874
v -0.27797873 0.8329272 -0.16145216
v -0.27273011 0.83270078 -0.17611246
v -0.16750132 0.79713623 -0.15796154
v -0.21223656 0.81865557 -0.13588576
v -0.21152292 0.83002772 -0.13079217
v -0.15085131 0.79144592 -0.16691299
v -0.27337335 0.83440677 -0.13950874
v -0.25761895 0.81949857 -0.14765028
v -0.25761895 0.81949857 -0.14765028
v -0.25882119 0.82193871 -0.17466126
v -0.28821193 0.8198073 -0.17982003
v -0.27273011 0.83270078 -0.17611246
v -0.28789086 0.83108771 -0.18264288
v -0.27749076 0.84287591 -0.17680548
v -0.28739175 0.84187175 -0.18467021
v -0.28681809 0.85645116 -0.18746147
v -0.28739175 0.84187175 -0.18467021
v -0.28272513 0.94107813 -0.23002904
v -0.28412275 0.87992556 -0.22115938
v -0.28573089 0.85265402 -0.21592908
v -0.2865646 0.83731982 -0.2130337
v -0.28714748 0.82566696 -0.21089136
v -0.28789086 0.83108771 -0.18264288
v -0.2875059 0.81391984 -0.20894682
v -0.28821193 0.8198073 -0.17982003
v -0.28847624 0.79915465 -0.20607113
v -0.28873869 0.80426962 -0.17638499
v -0.21300292 0.80144338 -0.13162315
v -0.16689379 0.78870582 -0.14723894
v -0.16750132 0.79713623 -0.15796154
v -0.21328788 0.80933915 -0.14323139
v -0.24883943 0.81945078 -0.13855747
v -0.26819051 0.80880097 -0.14343566
v -0.2559007 0.80868849 -0.1272679
v -0.27281568 0.80784519 -0.15690762
v -0.2717568 0.80182409 -0.17256972
v -0.15085131 0.79144592 -0.16691299
v -0.14002372 0.77971016 -0.15468041
v -0.23612422 0.80722227 -0.12492285
v -0.2324256 0.81466424 -0.13827951
v -0.2559007 0.80868849 -0.1272679
v -0.24883943 0.81945078 -0.13855747
v -0.26043987 0.79573366 -0.1221196
v -0.23785033 0.79267037 -0.11936125
v -0.23612422 0.80722227 -0.12492285
v -0.2559007 0.80868849 -0.1272679
v -0.27496582 0.79492908 -0.13812543
v -0.26043987 0.79573366 -0.1221196
v -0.27965705 0.79362467 -0.15216552
v -0.27690586 0.78695092 -0.17022282
v -0.27690586 0.78695092 -0.17022282
v -0.28949006 0.78933295 -0.17381162
v -0.28955633 0.78487845 -0.20357988
v -0.28949006 0.78933295 -0.17381162
v -0.21346067 0.7879008 -0.12597125
v -0.21300292 0.80144338 -0.13162315
v -0.16689379 0.78870582 -0.14723894
v -0.24226867 0.73113015 -0.11131724
v -0.21268799 0.7279774 -0.11751016
v -0.24168478 0.66717907 -0.10628737
v -0.21289387 0.66560472 -0.10972306
v -0.17268877 0.6611413 -0.11921307
v -0.26281328 0.73051999 -0.11543405
v -0.26133658 0.66579678 -0.1119014
v -0.26281328 0.73051999 -0.11543405
v -0.27525372 0.72839773 -0.12978668
v -0.26133658 0.66579678 -0.1119014
v -0.27097265 0.66415605 -0.12582561
v -0.27985209 0.72783794 -0.14367204
v -0.27506775 0.66381494 -0.1400365
v -0.27772078 0.72569716 -0.16118143
v -0.27412577 0.66195893 -0.15480811
v -0.29146896 0.72911343 -0.16383243
v -0.27772078 0.72569716 -0.16118143
v -0.2956002 0.6660218 -0.15642975
v -0.27412577 0.66195893 -0.15480811
v -0.29146896 0.72911343 -0.16383243
v -0.29228376 0.72567024 -0.19554965
v -0.29617852 0.66292636 -0.1874358
v -0.2956002 0.6660218 -0.15642975
v -0.17527037 0.59049113 -0.12070919
v -0.21212777 0.59195374 -0.11189947
v -0.23874701 0.5928313 -0.10771387
v -0.25980839 0.59429387 -0.11265391
v -0.27073168 0.59157863 -0.1249894
v -0.25980839 0.59429387 -0.11265391
v -0.27435154 0.59068112 -0.13755109
v -0.27633203 0.589414 -0.14905673
v -0.27633203 0.589414 -0.14905673
v -0.29988946 0.5922055 -0.1506642
v -0.14016551 0.53337186 -0.12912061
v -0.1742012 0.53325927 -0.12841813
v -0.17376457 0.48746561 -0.13487248
v -0.17345732 0.45695817 -0.13897495
v -0.20968199 0.53568555 -0.1197061
v -0.21037041 0.48819809 -0.12614369
v -0.20847326 0.45921356 -0.12985857
v -0.20847326 0.45921356 -0.12985857
v -0.20995298 0.43610922 -0.14311016
v -0.23804301 0.53867493 -0.11415087
v -0.2367077 0.49029089 -0.12088102
v -0.23548212 0.46298163 -0.1235951
v -0.25787929 0.54078086 -0.11717688
v -0.25611877 0.49266144 -0.12177482
v -0.25743075 0.46521729 -0.12450134
v -0.25787929 0.54078086 -0.11717688
v -0.27045908 0.5409735 -0.1278305
v -0.25611877 0.49266144 -0.12177482
v -0.270605 0.49482482 -0.13148906
v -0.27134151 0.46883192 -0.13391025
v -0.25743075 0.46521729 -0.12450134
v -0.27508768 0.5405836 -0.14010564
v -0.2759676 0.49487557 -0.14315915
v -0.2765523 0.47074661 -0.14518813
v -0.27761813 0.54032591 -0.14962454
v -0.27922919 0.49846962 -0.15545252
v -0.28010863 0.47546061 -0.16289331
v -0.27867355 0.45403535 -0.16898973
v -0.27465148 0.45304012 -0.14773832
v -0.26950903 0.4525491 -0.13563753
v -0.25549835 0.45161674 -0.12657485
v -0.23853598 0.44025731 -0.13170028
v -0.20995298 0.43610922 -0.14311016
v -0.25549835 0.45161674 -0.12657485
v -0.30218194 0.54231947 -0.1512486
v -0.27761813 0.54032591 -0.14962454
v -0.30279403 0.49789397 -0.15777032
v -0.27922919 0.49846962 -0.15545252
v -0.30284036 0.47653553 -0.16368459
v -0.28010863 0.47546061 -0.16289331
v -0.30314002 0.45517779 -0.16919501
v -0.27867355 0.45403535 -0.16898973
v -0.2865646 0.83731982 -0.2130337
v -0.28573089 0.85265402 -0.21592908
v -0.18198024 0.77912802 -0.21410455
v -0.09145756 0.77910965 -0.2264893
v -0.29228376 0.72567024 -0.19554965
v -0.24911912 0.72345925 -0.19916977
v -0.25210705 0.66051845 -0.19142621
v -0.29617852 0.66292636 -0.1874358
v -0.1840626 0.72179692 -0.20594947
v -0.18731003 0.66009488 -0.19826065
v -0.09279312 0.72200218 -0.21833736
v -0.09609548 0.66051107 -0.21059518
v -0.25348998 0.43681748 -0.14002732
v -0.2645702 0.43959648 -0.15105757
v -0.26379546 0.4393459 -0.17207582
v -0.26950903 0.4525491 -0.13563753
v -0.25549835 0.45161674 -0.12657485
v -0.29988946 0.5922055 -0.1506642
v -0.30146436 0.56683807 -0.18005442
v -0.30218194 0.54231947 -0.1512486
v -0.30115378 0.53243832 -0.18398323
v -0.30279403 0.49789397 -0.15777032
v -0.30253923 0.50260639 -0.18922826
v -0.30315887 0.48303183 -0.194888
v -0.30284036 0.47653553 -0.16368459
v -0.3035344 0.46454392 -0.20018546
v -0.30314002 0.45517779 -0.16919501
v -0.30379796 0.44545223 -0.205222
v -0.30320043 0.44107874 -0.17201217
v -0.21332419 0.43336702 -0.17399171
v -0.21225557 0.43094916 -0.15833819
v -0.24006679 0.43408586 -0.173311
v -0.26379546 0.4393459 -0.17207582
v -0.3041267 0.4064491 -0.21023753
v -0.30432934 0.40587917 -0.17688058
v -0.21332419 0.43336702 -0.17399171
v -0.21633957 0.40723381 -0.17558182
v -0.304054 0.37694162 -0.17683692
v -0.21684467 0.36406507 -0.17473337
v -0.3035538 0.3282733 -0.17779976
v -0.21684467 0.31665595 -0.1756696
v -0.14192659 0.36347976 -0.17424354
v -0.14192659 0.3084618 -0.17372481
v -0.10126089 0.56046564 -0.20362348
v -0.19477121 0.56043385 -0.19149017
v -0.10487168 0.49905615 -0.20552142
v -0.19834684 0.4982835 -0.19757441
v -0.25601013 0.49805852 -0.19297175
v -0.30253923 0.50260639 -0.18922826
v -0.10858869 0.4090303 -0.21236713
v -0.20645768 0.40650947 -0.21142954
v -0.2647192 0.40756728 -0.21151197
v -0.30315887 0.48303183 -0.194888
v -0.3035344 0.46454392 -0.20018546
v -0.30379796 0.44545223 -0.205222
v -0.304054 0.37694162 -0.17683692
v -0.30517221 0.36789271 -0.20974454
v -0.30433161 0.32836932 -0.20999811
v -0.3035538 0.3282733 -0.17779976
v -0.3041267 0.4064491 -0.21023753
v -0.30517221 0.36789271 -0.20974454
v -0.10817599 0.36632813 -0.21029522
v -0.2074906 0.36445508 -0.21026681
v -0.10815459 0.30704846 -0.20553732
v -0.20990749 0.31733898 -0.20776787
v -0.30433161 0.32836932 -0.20999811
v -0.14192659 0.3084618 -0.17372481
v -0.21684467 0.31665595 -0.1756696
v -0.20990749 0.31733898 -0.20776787
v -0.10815459 0.30704846 -0.20553732
v -0.3035538 0.3282733 -0.17779976
v -0.30433161 0.32836932 -0.20999811
v -0.14257844 1.09902444 -0.24741204
v -0.14266584 0.43856212 -0.14977569
vn 0.04112 0.21379 0.97601
vn 0.07209 0.24841 0.96597
vn 0 0.24632 0.96919
vn 0.06341 0.39094 0.91823
vn -0 0.65426 0.75627
vn 0.03551 0.80093 0.5977
vn 0.04407 0.05729 -0.99738
vn 0.13908 0.05301 -0.98886
vn 0.0949 0.22693 -0.96928
vn 0.04164 0.45581 -0.8891
vn -0.05314 0.17644 -0.98288
vn 0.07496 0.14683 -0.98632
vn 0.12481 0.76717 -0.62919
vn 0.20717 0.09814 -0.97337
vn 0.02835 0.31355 -0.94915
vn 0.03962 0.89485 -0.44461
vn 0.88326 0.30083 -0.35965
vn 0.10325 -0.14065 -0.98466
vn 0.06671 -0.19522 -0.97849
vn 0.73715 0.53548 -0.41215
vn 0.8647 0.49599 -0.07928
vn 0.90049 0.41485 0.13048
vn -0.04112 0.97127 -0.23439
vn -0.04331 0.79291 -0.6078
vn -0.06487 0.99734 0.03314
vn 0.04779 0.96778 -0.24721
vn -0.03715 0.99511 0.09157
vn 0.07679 0.96794 -0.23917
vn 0.05352 0.20974 -0.97629
vn 0 -0.02232 -0.99975
vn 0 0.08146 -0.99668
vn 0.92018 0.00821 -0.3914
vn 0.56384 0.2972 -0.77056
vn 0.32404 0.48719 -0.81095
vn 0.70584 0.02442 0.70795
vn 0.03922 0.11349 0.99276
vn 0.77692 -0.00258 0.62959
vn 0.15525 0.40156 -0.90258
vn 0.21671 -0.02065 0.97602
vn 0.0122 0.01538 0.99981
vn -0.03729 0.2483 0.96797
vn 0.08965 -0.0758 -0.99308
vn 0.10752 -0.01798 -0.99404
vn 0.10935 -0.09482 -0.98947
vn 0.11483 0.36113 -0.92542
vn 0.13573 -0.11562 -0.98398
vn -0.1314 -0.49038 0.86154
vn -0.3471 0.21385 0.91312
vn -0.20683 0.63346 0.74562
vn -0.22101 0.11048 0.96899
vn -0.23407 -0.42144 0.87613
vn -0.40866 -0.02536 0.91233
vn -0.0658 -0.21466 0.97447
vn -0.01662 -0.38621 0.92226
vn 0.25883 -0.14807 0.95451
vn 0.48713 -0.55108 0.67751
vn 0.95704 -0.27898 -0.07901
vn 0.54382 0.4771 0.69038
vn 0.59278 -0.26653 0.75998
vn 0.9924 -0.02572 -0.12033
vn 0.99803 -0.06241 0.00717
vn 0.98999 0.05361 0.13059
vn 0.79806 0.55507 0.2345
vn 0.85831 0.13337 0.49549
vn -0.34954 0.22651 0.90913
vn -0.03811 0.23284 0.97177
vn -0.27293 0.155 0.94946
vn 0.10493 -0.16621 -0.98049
vn 0.66094 -0.10811 -0.74261
vn 0.47652 -0.13091 -0.86936
vn 0.10384 -0.14638 -0.98376
vn 0.50929 -0.12049 -0.85212
vn 0.68544 -0.07288 -0.72447
vn 0.37164 -0.78685 0.49269
vn -0.07237 -0.62287 0.77897
vn 0.02525 -0.98758 0.15506
vn 0.59107 -0.80127 0.09279
vn 0.26428 -0.96384 -0.03414
vn 0.25227 -0.55327 0.79388
vn 0.53064 -0.00494 0.84758
vn 0.84088 -0.07605 0.53586
vn 0.04225 -0.38016 0.92396
vn 0.19576 -0.47721 0.85671
vn 0.06595 -0.27625 0.95882
vn -0.06953 -0.99264 0.09914
vn -0.22403 -0.73458 0.64047
vn -0.28354 -0.69231 0.66356
vn -0.02279 -0.07549 0.99689
vn -0.25202 -0.27183 0.92876
vn 0.01445 -0.19811 0.98007
vn 0.06758 -0.43234 0.89918
vn -0 -0.66699 0.74507
vn 0 -0.16906 0.98561
vn 0.61352 -0.01065 -0.78961
vn 0.59772 0.12068 -0.79257
vn 0.10076 -0.00301 -0.99491
vn 0 -0.11583 -0.99327
vn -0.04112 0.21379 0.97601
vn -0.07209 0.24841 0.96597
vn -0.06341 0.39094 0.91823
vn -0.03551 0.80093 0.5977
vn -0.04407 0.05729 -0.99738
vn -0.0949 0.22693 -0.96928
vn -0.13908 0.05301 -0.98886
vn -0.04164 0.45581 -0.8891
vn -0.07496 0.14683 -0.98632
vn 0.05314 0.17643 -0.98288
vn -0.12481 0.76717 -0.62919
vn -0.20717 0.09814 -0.97337
vn -0.02835 0.31355 -0.94915
vn -0.88326 0.30083 -0.35965
vn -0.03962 0.89485 -0.44461
vn -0.10325 -0.14065 -0.98466
vn -0.06671 -0.19522 -0.97849
vn -0.73715 0.53548 -0.41215
vn -0.8647 0.49599 -0.07928
vn -0.90049 0.41485 0.13048
vn 0.04112 0.97127 -0.23439
vn 0.04331 0.79291 -0.6078
vn 0.06487 0.99734 0.03314
vn -0.04779 0.96778 -0.24721
vn -0.07679 0.96794 -0.23917
vn 0.03715 0.99511 0.09157
vn -0.05352 0.20974 -0.97629
vn -0.92018 0.00821 -0.3914
vn -0.32404 0.48719 -0.81095
vn -0.56384 0.29719 -0.77056
vn -0.70584 0.02442 0.70795
vn -0.77692 -0.00258 0.62959
vn -0.03922 0.11349 0.99276
vn -0.15525 0.40156 -0.90258
vn -0.21671 -0.02065 0.97602
vn 0.03729 0.2483 0.96797
vn -0.0122 0.01538 0.99981
vn -0.08965 -0.0758 -0.99308
vn -0.10935 -0.09482 -0.98947
vn -0.10752 -0.01798 -0.99404
vn -0.11483 0.36113 -0.92542
vn -0.13573 -0.11562 -0.98398
vn 0.1314 -0.49038 0.86154
vn 0.20683 0.63346 0.74562
vn 0.3471 0.21385 0.91312
vn 0.22101 0.11048 0.96899
vn 0.40866 -0.02536 0.91233
vn 0.23407 -0.42144 0.87613
vn 0.0658 -0.21466 0.97447
vn 0.01662 -0.38621 0.92226
vn -0.48713 -0.55108 0.67751
vn -0.25883 -0.14807 0.95451
vn -0.95704 -0.27898 -0.07901
vn -0.59278 -0.26653 0.75998
vn -0.54382 0.4771 0.69038
vn -0.9924 -0.02572 -0.12033
vn -0.98999 0.05361 0.13059
vn -0.99803 -0.0624 0.00717
vn -0.85831 0.13337 0.49549
vn -0.79806 0.55507 0.23449
vn 0.34954 0.22651 0.90913
vn 0.27293 0.155 0.94946
vn 0.03811 0.23284 0.97177
vn -0.10493 -0.16621 -0.98049
vn -0.47652 -0.13091 -0.86936
vn -0.66094 -0.10811 -0.74261
vn -0.10384 -0.14638 -0.98376
vn -0.68544 -0.07288 -0.72447
vn -0.50929 -0.12049 -0.85212
vn -0.37164 -0.78685 0.49269
vn -0.02525 -0.98758 0.15506
vn 0.07237 -0.62287 0.77897
vn -0.59107 -0.80127 0.09279
vn -0.26428 -0.96384 -0.03414
vn -0.25227 -0.55327 0.79388
vn -0.84088 -0.07605 0.53586
vn -0.53064 -0.00494 0.84758
vn -0.04225 -0.38016 0.92396
vn -0.19576 -0.47721 0.85671
vn 0.06953 -0.99264 0.09914
vn -0.06595 -0.27625 0.95882
vn 0.22403 -0.73458 0.64047
vn 0.28354 -0.69231 0.66356
vn 0.02279 -0.07549 0.99689
vn 0.25202 -0.27183 0.92876
vn -0.01445 -0.19811 0.98007
vn -0.06758 -0.43234 0.89918
vn -0.61352 -0.01065 -0.78961
vn -0.10076 -0.00301 -0.99491
vn -0.59772 0.12068 -0.79257
vn -0.03866 -0.19274 0.98049
vn 0 -0.20103 0.97959
vn 0 -0.05973 0.99821
vn -0.01389 -0.04027 0.99909
vn -0.03 0.10392 0.99413
vn 0 0.11135 0.99378
vn 0 -0.03621 0.99934
vn 0 0.2391 0.97099
vn -0 0.00169 1
vn 0 0.22824 0.97361
vn 0.03983 -0.09909 0.99428
vn 0 -0.10228 0.99476
vn 0.05398 0.02901 0.99812
vn 0 0.02974 0.99956
vn -0 0.11733 0.99309
vn 0.03748 0.17534 0.98379
vn -0 0.17699 0.98421
vn 0.04233 0.99303 -0.11003
vn -0 0.89214 -0.45177
vn -0 0.99437 -0.10592
vn 0.68225 0.11327 0.72229
vn 0.68475 0.06474 0.7259
vn 0.24927 0.10173 0.96308
vn 0.38709 0.25314 0.88661
vn -0.39089 0.3159 0.86453
vn -0.40871 0.1509 0.9001
vn -0.35333 0.15043 0.92332
vn -0.34863 0.29041 0.89114
vn -0.18552 0.14196 0.97233
vn -0.17871 0.26634 0.94717
vn 0.42709 0.22339 0.87618
vn 0.41639 0.10955 0.90256
vn 0.86813 0.17785 0.46338
vn 0.86974 0.03929 0.49194
vn 0.98859 0.13318 -0.07035
vn 0.99808 -0.02946 -0.05457
vn 0.783 0.09689 -0.61443
vn 0.38437 0.09188 -0.9186
vn 0.17531 0.40246 -0.89849
vn 0.20772 0.10646 -0.97238
vn 0.16976 0.71365 -0.67962
vn 0.2901 0.69572 -0.65713
vn 0.57985 0.80937 -0.09323
vn 0.52593 0.83827 0.14387
vn 0.56356 0.69591 -0.4451
vn -0.2353 0.78786 0.56913
vn -0.24979 0.85461 0.45524
vn -0.08948 0.78013 0.61918
vn 0.35604 0.76651 0.53451
vn 0.60451 0.7257 0.32852
vn 0.83514 0.19094 0.51583
vn 0.90841 0.21774 0.35691
vn 0.90019 0.31988 0.29553
vn 0.03215 0.97721 0.20983
vn 0.1877 0.96505 -0.1829
vn 0.10301 0.99226 0.06941
vn 0.1039 0.3217 -0.94112
vn 0.07678 0.40142 -0.91267
vn 0.99695 -0.04182 -0.06589
vn 0.88203 0.04168 0.46934
vn 0.43405 0.12518 0.89215
vn -0.17488 0.15568 0.9722
vn -0.34846 0.15374 0.92463
vn -0.42171 0.14521 0.89503
vn 0.20659 0.07791 0.97532
vn 0.16982 0.1086 0.97947
vn 0.97778 -0.02453 -0.20818
vn -0.34806 0.15846 0.92398
vn -0.43317 0.15699 0.88754
vn -0.1789 0.15731 0.97121
vn 0.8888 0.0263 0.45754
vn 0.42546 0.11633 0.89747
vn 0.99715 -0.04628 -0.05965
vn 0.98783 -0.03042 -0.15252
vn 0.64363 -0.00905 -0.76529
vn 0.6586 -0.07601 -0.74864
vn 0.08412 -0.01676 -0.99631
vn 0.08695 -0.0954 -0.99163
vn 0.71432 -0.01587 0.69964
vn 0.0586 0.12514 0.99041
vn -0.43575 0.16015 0.88571
vn -0.34269 0.15569 0.92646
vn -0.16895 0.14531 0.97485
vn 0.43299 0.0904 0.89685
vn 0.89246 -0.0106 0.451
vn 0.99511 -0.08953 -0.04166
vn 0.08854 -0.13201 -0.98729
vn 0.63487 -0.09016 -0.76734
vn 0.10952 -0.13085 -0.98533
vn -0.33525 0.15526 0.92925
vn -0.1472 0.1495 0.97774
vn -0.43652 0.15693 0.8859
vn -0.07407 0.11316 0.99081
vn 0.56388 -0.06877 0.82299
vn -0.1338 0.08434 0.98741
vn -0.33295 0.16108 0.92909
vn -0.44404 0.14666 0.88392
vn -0.12503 0.18174 0.97537
vn 0.48744 0.18268 0.85383
vn 0.45478 0.10584 0.88429
vn 0.91906 0.10604 0.37959
vn 0.90259 0.00955 0.43039
vn 0.99536 -0.08057 -0.05264
vn 0.99677 0.02157 -0.07735
vn 0.98427 0.06001 0.16619
vn 0.50686 -0.03155 0.86145
vn 0.91523 -0.12354 0.38353
vn 0.98308 -0.18135 -0.02577
vn 0.97775 -0.08791 0.19044
vn -0.08914 0.04474 0.99501
vn -0.32317 0.10608 0.94038
vn -0.44385 0.1325 0.88625
vn -0.41395 0.1354 0.90017
vn -0.22965 -0.21956 0.94819
vn 0.55944 -0.11078 -0.82143
vn 0.09448 -0.15632 -0.98318
vn 0.10804 -0.15576 -0.98187
vn 0.12985 -0.15721 -0.97899
vn 0 -0.1446 -0.98949
vn 0.08723 -0.10584 -0.99055
vn 0.09298 -0.15203 -0.98399
vn 0.70948 -0.6212 0.33278
vn 0.77399 -0.63289 0.01983
vn 0.74206 -0.43377 0.51106
vn -0.43809 0.25527 0.86192
vn -0.17581 0.33245 0.92659
vn 0.86339 -0.2262 0.45099
vn 0.8133 0.09027 0.5748
vn 0.91302 0.03491 0.40642
vn 0.96307 0.07351 0.25902
vn 0.97179 0.08062 0.22163
vn 0.4563 -0.13827 -0.87902
vn 0.58897 -0.12084 -0.79907
vn -0.37678 0.56994 0.73021
vn -0.41616 0.4967 0.76164
vn 0.32454 0.61375 0.71971
vn 0.69305 0.61764 0.37175
vn 0.8171 0.57086 -0.08033
vn -0.17963 0.57292 0.79968
vn 0.47676 0.18103 0.86019
vn -0.07579 0.16829 0.98282
vn 0.84692 0.15483 0.50868
vn 0.9925 0.10214 0.06712
vn 0.88393 0.13205 0.44859
vn 0.92893 0.09927 0.35669
vn -0.29689 0.19326 0.93515
vn -0.24991 0.13179 0.95926
vn -0.03061 0.10538 0.99396
vn -0.20402 0.0448 0.97794
vn 0.01638 0.03085 0.99939
vn -0.21557 0.05957 0.97467
vn 0.49999 0.07602 0.86269
vn 0.51437 0.007 0.85754
vn 0.8635 0.02599 0.50368
vn 0.87781 -0.01326 0.47883
vn 0.99112 -0.02957 0.12964
vn 0.9959 -0.02119 0.088
vn 0.81758 0.05384 0.5733
vn 0.63027 0.05401 0.7745
vn 0.89825 0.10114 0.42768
vn 0.86167 0.09583 0.49834
vn 0.63804 -0.06828 -0.76697
vn 0.60543 -0.03836 -0.79497
vn -0.1659 -0.06416 0.98405
vn -0.1948 -0.0665 0.97859
vn 0.00877 -0.06169 0.99806
vn 0.48137 -0.046 0.87531
vn 0.85988 -0.02234 0.51001
vn 0.97956 0.00315 0.20113
vn 0.49097 0.03932 0.87029
vn 0.84416 0.06595 0.53201
vn -0.01843 -0.21664 0.97608
vn -0.17068 -0.15323 0.97334
vn -0.22212 -0.14772 0.96376
vn -0.21229 -0.12454 0.96924
vn -0.20474 -0.12814 0.97039
vn -0.22084 -0.291 0.93088
vn -0.1579 -0.71673 0.67923
vn -0.0349 -0.12175 0.99195
vn -0.0747 -0.11858 0.99013
vn -0.12511 -0.22357 0.96662
vn 0.39283 -0.09733 0.91445
vn 0.31961 -0.09795 0.94247
vn 0.28025 -0.14054 0.94958
vn 0.79863 -0.0495 0.59979
vn 0.75278 -0.05059 0.65632
vn 0.74125 -0.08673 0.6656
vn 0.95472 -0.00481 0.29746
vn 0.94718 -0.01119 0.32051
vn 0.95661 -0.07128 0.28251
vn 0.44068 -0.05537 0.89596
vn 0.49369 -0.14451 0.85755
vn 0.54247 -0.23762 0.80577
vn 0.43529 -0.38349 0.81453
vn 0.87737 -0.42694 0.21897
vn 0.66698 -0.44907 0.59453
vn 0.24393 -0.41567 0.8762
vn 0.75509 -0.02699 0.65506
vn 0.78149 -0.10392 0.61521
vn 0.79428 -0.15537 0.58735
vn 0.78508 -0.13714 0.60403
vn 0.12616 -0.15247 -0.98022
vn 0.09836 -0.15651 -0.98277
vn 0.10077 -0.1256 -0.98695
vn 0.10328 -0.08492 -0.99102
vn 0.1221 -0.12555 -0.98454
vn 0.12199 -0.08198 -0.98914
vn 0.09681 -0.12807 -0.98703
vn 0.0956 -0.08465 -0.99181
vn 0 -0.15877 -0.98732
vn -0 -0.13062 -0.99143
vn -0 -0.08827 -0.9961
vn 0.54837 0.15735 -0.8213
vn 0.6127 0.22844 -0.75658
vn 0.28386 0.21302 -0.9349
vn 0.36398 0.17589 -0.91465
vn 0.03906 -0.36337 0.93083
vn -0.01838 -0.99426 0.10542
vn 0.6303 0.05514 -0.77439
vn 0.03029 -0.02432 0.99925
vn 0.34142 -0.0045 0.9399
vn 0.02669 -0.01523 0.99953
vn 0.33358 -0.5352 0.77607
vn 0.08616 -0.6045 0.79194
vn -0.00341 -0.00587 0.99998
vn 0.04084 -0.4627 0.88557
vn 0 0.00275 1
vn -0 -0.42942 0.9031
vn 0.08903 -0.02129 -0.9958
vn 0 -0.03426 -0.99941
vn 0.11335 -0.0022 -0.99355
vn 0 0.04563 -0.99896
vn 0.05504 0.07075 -0.99597
vn 0.0663 0.11789 -0.99081
vn 0.05523 0.15934 -0.98568
vn 0.0299 0.04705 -0.99845
vn 0 0.02667 -0.99964
vn 0.02966 0.07883 -0.99645
vn 0.01803 0.08805 -0.99595
vn 0.38075 -0.01927 -0.92448
vn 0.30651 -0.51993 -0.79732
vn 0 -0.07068 -0.9975
vn 0.00629 -0.06346 -0.99796
vn -0.00266 -0.04432 -0.99901
vn 0 -0.57538 -0.81789
vn 0.02756 -0.57961 -0.81443
vn 0.04993 -0.53968 -0.84039
vn 0 -0.22605 0.97412
vn -0 0.97469 0.22357
vn 0 0.33921 -0.94071
vn -0 -0.43523 0.90032
vn 0.03866 -0.19274 0.98049
vn 0.01389 -0.04027 0.99909
vn 0.03 0.10392 0.99413
vn -0.03983 -0.09909 0.99428
vn -0.05398 0.02901 0.99812
vn -0.03748 0.17534 0.98379
vn -0.04233 0.99303 -0.11003
vn -0.68225 0.11327 0.72229
vn -0.68475 0.06474 0.7259
vn -0.38709 0.25314 0.88661
vn -0.24927 0.10173 0.96308
vn 0.39089 0.3159 0.86453
vn 0.40871 0.1509 0.9001
vn 0.35333 0.15043 0.92332
vn 0.34863 0.29041 0.89114
vn 0.18552 0.14196 0.97233
vn 0.17871 0.26634 0.94717
vn -0.42709 0.22339 0.87618
vn -0.41639 0.10955 0.90256
vn -0.86813 0.17785 0.46338
vn -0.86974 0.03929 0.49194
vn -0.98859 0.13318 -0.07035
vn -0.99808 -0.02946 -0.05457
vn -0.783 0.09689 -0.61443
vn -0.38437 0.09188 -0.9186
vn -0.17531 0.40246 -0.89849
vn -0.20772 0.10646 -0.97238
vn -0.2901 0.69572 -0.65713
vn -0.16976 0.71365 -0.67962
vn -0.52593 0.83827 0.14387
vn -0.57985 0.80937 -0.09323
vn -0.56356 0.69591 -0.4451
vn 0.24979 0.85461 0.45524
vn 0.2353 0.78786 0.56913
vn 0.08948 0.78013 0.61918
vn -0.35605 0.76651 0.53451
vn -0.60452 0.7257 0.32852
vn -0.83514 0.19094 0.51583
vn -0.90841 0.21774 0.35691
vn -0.90019 0.31988 0.29553
vn -0.03215 0.97721 0.20983
vn -0.1877 0.96505 -0.1829
vn -0.10301 0.99226 0.06941
vn -0.1039 0.3217 -0.94112
vn -0.07678 0.40142 -0.91267
vn -0.99695 -0.04182 -0.06589
vn -0.88203 0.04168 0.46934
vn -0.43405 0.12518 0.89215
vn 0.17488 0.15568 0.9722
vn 0.34846 0.15374 0.92463
vn 0.42171 0.14521 0.89503
vn -0.20659 0.07791 0.97532
vn -0.16982 0.1086 0.97947
vn -0.97778 -0.02453 -0.20818
vn 0.34806 0.15846 0.92398
vn 0.43317 0.15699 0.88754
vn 0.1789 0.15731 0.97121
vn -0.8888 0.0263 0.45754
vn -0.42546 0.11633 0.89747
vn -0.99715 -0.04628 -0.05965
vn -0.98783 -0.03042 -0.15252
vn -0.64363 -0.00905 -0.76529
vn -0.6586 -0.07601 -0.74864
vn -0.08412 -0.01676 -0.99631
vn -0.08695 -0.0954 -0.99163
vn -0.71432 -0.01587 0.69964
vn -0.0586 0.12514 0.99041
vn 0.43575 0.16015 0.88571
vn 0.34269 0.15569 0.92646
vn 0.16895 0.14531 0.97485
vn -0.43299 0.0904 0.89685
vn -0.89246 -0.0106 0.451
vn -0.99511 -0.08953 -0.04166
vn -0.08854 -0.13201 -0.98729
vn -0.63487 -0.09016 -0.76734
vn -0.10952 -0.13085 -0.98533
vn 0.33525 0.15526 0.92925
vn 0.1472 0.1495 0.97774
vn 0.43652 0.15693 0.8859
vn 0.07407 0.11316 0.99081
vn -0.56388 -0.06877 0.82299
vn 0.1338 0.08434 0.98741
vn 0.33295 0.16108 0.92909
vn 0.44404 0.14666 0.88392
vn 0.12503 0.18174 0.97537
vn -0.45478 0.10584 0.88429
vn -0.48744 0.18268 0.85383
vn -0.90259 0.00955 0.43039
vn -0.91906 0.10604 0.37959
vn -0.99536 -0.08057 -0.05264
vn -0.99677 0.02157 -0.07735
vn -0.98427 0.06001 0.16619
vn -0.91523 -0.12354 0.38354
vn -0.50686 -0.03155 0.86145
vn -0.98308 -0.18135 -0.02577
vn -0.97775 -0.08791 0.19044
vn 0.08914 0.04474 0.99501
vn 0.32317 0.10608 0.94038
vn 0.44385 0.1325 0.88625
vn 0.41395 0.1354 0.90017
vn 0.22965 -0.21956 0.94818
vn -0.09448 -0.15632 -0.98318
vn -0.55944 -0.11078 -0.82143
vn -0.10804 -0.15576 -0.98187
vn -0.12985 -0.15721 -0.97899
vn -0.08723 -0.10584 -0.99055
vn -0.09298 -0.15203 -0.98399
vn -0.70948 -0.62121 0.33278
vn -0.77399 -0.63289 0.01983
vn -0.74206 -0.43377 0.51107
vn 0.43809 0.25527 0.86192
vn 0.17581 0.33245 0.92659
vn -0.86339 -0.2262 0.45098
vn -0.8133 0.09027 0.5748
vn -0.91302 0.03491 0.40642
vn -0.96307 0.07351 0.25902
vn -0.97179 0.08062 0.22163
vn -0.4563 -0.13827 -0.87902
vn -0.58897 -0.12084 -0.79907
vn 0.37678 0.56994 0.73021
vn 0.41616 0.4967 0.76164
vn -0.69305 0.61764 0.37176
vn -0.32454 0.61375 0.71971
vn -0.8171 0.57086 -0.08034
vn 0.17963 0.57292 0.79968
vn -0.47676 0.18103 0.86019
vn 0.07579 0.16829 0.98282
vn -0.84692 0.15483 0.50868
vn -0.9925 0.10214 0.06712
vn -0.88393 0.13205 0.44859
vn -0.92893 0.09927 0.35669
vn 0.29689 0.19326 0.93515
vn 0.03061 0.10538 0.99396
vn 0.24991 0.13179 0.95926
vn -0.01638 0.03085 0.99939
vn 0.20402 0.0448 0.97794
vn 0.21557 0.05957 0.97467
vn -0.49999 0.07602 0.86269
vn -0.51437 0.007 0.85754
vn -0.8635 0.02599 0.50368
vn -0.87781 -0.01326 0.47883
vn -0.9959 -0.02119 0.088
vn -0.99112 -0.02957 0.12964
vn -0.81758 0.05384 0.5733
vn -0.63027 0.05401 0.7745
vn -0.89825 0.10114 0.42768
vn -0.86167 0.09583 0.49834
vn -0.63804 -0.06828 -0.76697
vn -0.60543 -0.03836 -0.79497
vn 0.1659 -0.06416 0.98405
vn 0.1948 -0.0665 0.97859
vn -0.00877 -0.06169 0.99806
vn -0.48137 -0.046 0.87531
vn -0.85988 -0.02234 0.51001
vn -0.97956 0.00315 0.20113
vn -0.49097 0.03932 0.87029
vn -0.84416 0.06595 0.53201
vn 0.01843 -0.21664 0.97608
vn 0.17068 -0.15323 0.97334
vn 0.22212 -0.14772 0.96376
vn 0.20474 -0.12814 0.97039
vn 0.21229 -0.12454 0.96924
vn 0.22084 -0.291 0.93088
vn 0.1579 -0.71673 0.67923
vn 0.0349 -0.12175 0.99195
vn 0.0747 -0.11858 0.99013
vn 0.12511 -0.22357 0.96662
vn -0.39283 -0.09733 0.91445
vn -0.31961 -0.09795 0.94247
vn -0.28025 -0.14054 0.94958
vn -0.79863 -0.0495 0.59979
vn -0.75278 -0.05059 0.65632
vn -0.74125 -0.08673 0.6656
vn -0.95472 -0.00481 0.29746
vn -0.94718 -0.01119 0.32051
vn -0.95661 -0.07128 0.28251
vn -0.44068 -0.05537 0.89596
vn -0.49369 -0.14451 0.85755
vn -0.54247 -0.23762 0.80577
vn -0.43529 -0.38349 0.81453
vn -0.87737 -0.42694 0.21897
vn -0.66698 -0.44907 0.59453
vn -0.24393 -0.41567 0.8762
vn -0.75509 -0.02699 0.65506
vn -0.78149 -0.10392 0.61521
vn -0.79428 -0.15537 0.58735
vn -0.78508 -0.13714 0.60403
vn -0.12616 -0.15247 -0.98022
vn -0.09836 -0.15651 -0.98277
vn -0.10077 -0.1256 -0.98695
vn -0.10328 -0.08492 -0.99102
vn -0.1221 -0.12555 -0.98454
vn -0.12199 -0.08198 -0.98914
vn -0.09681 -0.12807 -0.98703
vn -0.0956 -0.08465 -0.99181
vn -0.54837 0.15735 -0.8213
vn -0.6127 0.22844 -0.75658
vn -0.28386 0.21302 -0.9349
vn -0.36398 0.17589 -0.91465
vn -0.03906 -0.36337 0.93083
vn 0.01838 -0.99426 0.10542
vn -0.6303 0.05514 -0.77439
vn -0.03029 -0.02432 0.99925
vn -0.34142 -0.0045 0.9399
vn -0.02669 -0.01523 0.99953
vn -0.33358 -0.5352 0.77607
vn -0.08616 -0.6045 0.79194
vn 0.00341 -0.00587 0.99998
vn -0.04084 -0.4627 0.88557
vn -0.08903 -0.02129 -0.9958
vn -0.11335 -0.0022 -0.99355
vn -0.05504 0.07075 -0.99597
vn -0.0663 0.11789 -0.99081
vn -0.05523 0.15934 -0.98568
vn -0.0299 0.04705 -0.99845
vn -0.02966 0.07883 -0.99645
vn -0.01803 0.08805 -0.99595
vn -0.38075 -0.01927 -0.92448
vn -0.30651 -0.51993 -0.79732
vn -0.00629 -0.06346 -0.99796
vn 0.00266 -0.04432 -0.99901
vn -0.02756 -0.57961 -0.81443
vn -0.04993 -0.53968 -0.84039
vt 0.18983 0.49494
vt 0.19035 0.49098
vt 0.13633 0.49501
vt 0.19097 0.48663
vt 0.13633 0.48279
vt 0.19141 0.48286
vt 0.30084 0.44904
vt 0.30764 0.44931
vt 0.31121 0.42599
vt 0.28547 0.44209
vt 0.27277 0.44132
vt 0.2727 0.44818
vt 0.26817 0.45552
vt 0.2733 0.45567
vt 0.25161 0.47604
vt 0.24787 0.47642
vt 0.24835 0.48055
vt 0.22248 0.38139
vt 0.223 0.37423
vt 0.21974 0.37342
vt 0.21917 0.39245
vt 0.21245 0.38617
vt 0.21164 0.37002
vt 0.20383 0.37004
vt 0.12298 0.43572
vt 0.12778 0.43595
vt 0.12441 0.43108
vt 0.11654 0.4408
vt 0.12105 0.44847
vt 0.10906 0.45746
vt 0.11811 0.4614
vt 0.31266 0.40814
vt 0.31305 0.39223
vt 0.30282 0.39223
vt 0.28903 0.50514
vt 0.30173 0.5021
vt 0.29518 0.49775
vt 0.19352 0.52261
vt 0.18607 0.53313
vt 0.19262 0.53375
vt 0.26807 0.44241
vt 0.12664 0.44905
vt 0.13075 0.44171
vt 0.28553 0.45519
vt 0.18797 0.59212
vt 0.18244 0.59392
vt 0.19071 0.61398
vt 0.5247 0.48653
vt 0.53675 0.4931
vt 0.53645 0.48654
vt 0.51241 0.50455
vt 0.52338 0.50462
vt 0.52563 0.4715
vt 0.21969 0.59835
vt 0.22011 0.60209
vt 0.2278 0.59995
vt 0.19206 0.59691
vt 0.20325 0.6014
vt 0.20138 0.59551
vt 0.19484 0.60339
vt 0.09039 0.4139
vt 0.08441 0.41382
vt 0.08799 0.42093
vt 0.28055 0.60828
vt 0.28532 0.61199
vt 0.28566 0.60695
vt 0.29426 0.55977
vt 0.28911 0.58232
vt 0.29273 0.58226
vt 0.23845 0.60207
vt 0.24359 0.6051
vt 0.2504 0.60412
vt 0.23439 0.59803
vt 0.20205 0.61579
vt 0.1911 0.63866
vt 0.20284 0.63751
vt 0.55151 0.42493
vt 0.56876 0.42548
vt 0.56891 0.42077
vt 0.55208 0.40712
vt 0.5693 0.41484
vt 0.56973 0.40911
vt 0.05071 0.47412
vt 0.05405 0.46812
vt 0.04667 0.46884
vt 0.04628 0.47857
vt 0.04646 0.47378
vt 0.24039 0.75061
vt 0.25666 0.76404
vt 0.25621 0.74991
vt 0.23086 0.75272
vt 0.03891 0.43557
vt 0.03679 0.44591
vt 0.03995 0.44228
vt 0.04541 0.4423
vt 0.04647 0.43551
vt 0.04875 0.42872
vt 0.05113 0.44199
vt 0.19197 0.76146
vt 0.1977 0.75264
vt 0.19177 0.75092
vt 0.13822 0.48055
vt 0.14045 0.42491
vt 0.13458 0.42491
vt 0.20804 0.75308
vt 0.57451 0.32158
vt 0.57439 0.30778
vt 0.55484 0.32078
vt 0.26283 0.3746
vt 0.26295 0.43204
vt 0.28553 0.3746
vt 0.19085 0.74373
vt 0.08283 0.49494
vt 0.08231 0.49098
vt 0.08169 0.48663
vt 0.08125 0.48286
vt 0.30084 0.33542
vt 0.31121 0.35847
vt 0.30764 0.33515
vt 0.28547 0.30711
vt 0.2727 0.30102
vt 0.27277 0.30788
vt 0.26817 0.29368
vt 0.2733 0.29353
vt 0.25161 0.36523
vt 0.24835 0.36072
vt 0.24787 0.36484
vt 0.15012 0.38139
vt 0.15285 0.37342
vt 0.14959 0.37423
vt 0.15342 0.39245
vt 0.16015 0.38617
vt 0.16095 0.37002
vt 0.16876 0.37004
vt 0.08547 0.47074
vt 0.0869 0.47538
vt 0.09026 0.47051
vt 0.07902 0.46566
vt 0.08354 0.45799
vt 0.0806 0.44506
vt 0.07154 0.449
vt 0.31266 0.37632
vt 0.28903 0.27932
vt 0.29518 0.28671
vt 0.30173 0.28236
vt 0.07913 0.52261
vt 0.08004 0.53375
vt 0.08659 0.53313
vt 0.26807 0.30679
vt 0.09323 0.46475
vt 0.08913 0.45741
vt 0.28553 0.29401
vt 0.08468 0.59212
vt 0.08195 0.61398
vt 0.09022 0.59392
vt 0.38596 0.48653
vt 0.37421 0.48654
vt 0.37391 0.4931
vt 0.38728 0.50462
vt 0.39825 0.50455
vt 0.38503 0.4715
vt 0.05296 0.59835
vt 0.04486 0.59995
vt 0.05254 0.60209
vt 0.0806 0.59691
vt 0.07128 0.59551
vt 0.0694 0.6014
vt 0.07782 0.60339
vt 0.10354 0.4086
vt 0.10113 0.40157
vt 0.09756 0.40869
vt 0.34387 0.60828
vt 0.33876 0.60695
vt 0.3391 0.61199
vt 0.33016 0.55977
vt 0.33169 0.58226
vt 0.3353 0.58232
vt 0.03421 0.60207
vt 0.02225 0.60412
vt 0.02907 0.6051
vt 0.03827 0.59803
vt 0.0706 0.61579
vt 0.06981 0.63751
vt 0.08155 0.63866
vt 0.35914 0.42493
vt 0.34175 0.42077
vt 0.34189 0.42548
vt 0.35858 0.40712
vt 0.34093 0.40911
vt 0.34136 0.41484
vt 0.02991 0.38108
vt 0.02587 0.38636
vt 0.03325 0.38708
vt 0.02548 0.37663
vt 0.02567 0.38142
vt 0.03227 0.75061
vt 0.01645 0.74991
vt 0.016 0.76404
vt 0.04179 0.75272
vt 0.01811 0.41963
vt 0.01915 0.41292
vt 0.016 0.40929
vt 0.02462 0.4129
vt 0.02567 0.41969
vt 0.02796 0.42648
vt 0.03033 0.4132
vt 0.08069 0.76146
vt 0.08089 0.75092
vt 0.07495 0.75264
vt 0.13822 0.36927
vt 0.06462 0.75308
vt 0.33615 0.32158
vt 0.35581 0.32078
vt 0.33627 0.30778
vt 0.26295 0.31716
vt 0.0818 0.74373
vt 0.19082 0.73121
vt 0.13633 0.7309
vt 0.13633 0.7436
vt 0.19144 0.69005
vt 0.19083 0.66295
vt 0.13633 0.66297
vt 0.13633 0.69009
vt 0.13633 0.63869
vt 0.13633 0.59395
vt 0.13633 0.61368
vt 0.18356 0.5721
vt 0.13633 0.57226
vt 0.1848 0.55221
vt 0.13633 0.55224
vt 0.13633 0.53282
vt 0.18824 0.51314
vt 0.13633 0.51323
vt 0.24046 0.47676
vt 0.2473 0.42063
vt 0.24002 0.42063
vt 0.27401 0.43238
vt 0.28558 0.43141
vt 0.19534 0.49696
vt 0.19442 0.51377
vt 0.19215 0.4022
vt 0.19916 0.40311
vt 0.20107 0.38899
vt 0.19516 0.38539
vt 0.20623 0.50056
vt 0.19849 0.50056
vt 0.19739 0.51468
vt 0.20598 0.51434
vt 0.22233 0.51464
vt 0.22266 0.5009
vt 0.23597 0.51478
vt 0.23676 0.50117
vt 0.24418 0.50182
vt 0.24339 0.51496
vt 0.28341 0.5129
vt 0.2777 0.51174
vt 0.27591 0.52489
vt 0.28169 0.52542
vt 0.29135 0.51399
vt 0.29025 0.52612
vt 0.29892 0.5142
vt 0.29737 0.52587
vt 0.30357 0.51423
vt 0.30352 0.52547
vt 0.28553 0.46834
vt 0.27361 0.46894
vt 0.27429 0.48055
vt 0.28553 0.48012
vt 0.26879 0.46871
vt 0.26921 0.47945
vt 0.29159 0.50918
vt 0.28488 0.50815
vt 0.29743 0.50911
vt 0.30146 0.50915
vt 0.10207 0.45446
vt 0.10554 0.45486
vt 0.11311 0.43888
vt 0.10934 0.43803
vt 0.09707 0.46856
vt 0.10028 0.46875
vt 0.0978 0.47598
vt 0.10082 0.47512
vt 0.28071 0.50738
vt 0.11686 0.43087
vt 0.11303 0.43029
vt 0.19631 0.38122
vt 0.2049 0.38537
vt 0.19574 0.49279
vt 0.1962 0.48774
vt 0.19566 0.48346
vt 0.23244 0.48034
vt 0.23229 0.47672
vt 0.22657 0.47572
vt 0.22846 0.47996
vt 0.24025 0.48044
vt 0.21926 0.36999
vt 0.21186 0.36828
vt 0.13003 0.43485
vt 0.13113 0.42591
vt 0.19781 0.37617
vt 0.19986 0.37189
vt 0.12409 0.46224
vt 0.11598 0.47211
vt 0.12157 0.47298
vt 0.10479 0.46913
vt 0.10498 0.47914
vt 0.1117 0.48055
vt 0.11754 0.47861
vt 0.30127 0.45971
vt 0.30598 0.46028
vt 0.30012 0.47282
vt 0.30431 0.47355
vt 0.29738 0.48597
vt 0.30305 0.4861
vt 0.28971 0.53594
vt 0.28036 0.53514
vt 0.27468 0.53447
vt 0.2435 0.52454
vt 0.23594 0.52407
vt 0.22187 0.52411
vt 0.20588 0.52446
vt 0.19661 0.52442
vt 0.19078 0.41104
vt 0.19865 0.41285
vt 0.19771 0.42295
vt 0.1896 0.42218
vt 0.29609 0.53655
vt 0.22143 0.53308
vt 0.20514 0.53378
vt 0.1955 0.53452
vt 0.23558 0.5326
vt 0.2791 0.54329
vt 0.27325 0.54267
vt 0.24305 0.53274
vt 0.28887 0.54372
vt 0.29504 0.54427
vt 0.31026 0.53715
vt 0.31007 0.5258
vt 0.30977 0.54377
vt 0.54987 0.49337
vt 0.54919 0.50457
vt 0.5652 0.50514
vt 0.56631 0.49379
vt 0.53665 0.50458
vt 0.54992 0.48685
vt 0.56652 0.48717
vt 0.1912 0.55295
vt 0.18818 0.44138
vt 0.19509 0.44217
vt 0.19407 0.55375
vt 0.20346 0.55219
vt 0.2201 0.55064
vt 0.23463 0.54944
vt 0.24196 0.54934
vt 0.2708 0.55927
vt 0.27646 0.55901
vt 0.28643 0.55924
vt 0.55012 0.4715
vt 0.56699 0.47181
vt 0.53656 0.47157
vt 0.2192 0.57087
vt 0.2345 0.56987
vt 0.20224 0.57198
vt 0.19272 0.57253
vt 0.18802 0.46044
vt 0.19226 0.46096
vt 0.18962 0.57201
vt 0.18964 0.48055
vt 0.1908 0.47304
vt 0.21901 0.58191
vt 0.20149 0.58325
vt 0.19207 0.58461
vt 0.23487 0.58054
vt 0.24208 0.58017
vt 0.24127 0.56933
vt 0.26714 0.59009
vt 0.27222 0.59046
vt 0.27381 0.57977
vt 0.26886 0.57925
vt 0.28348 0.58119
vt 0.28183 0.59124
vt 0.28794 0.59263
vt 0.26588 0.59638
vt 0.27085 0.59669
vt 0.28055 0.59776
vt 0.28652 0.59855
vt 0.23499 0.58694
vt 0.24257 0.58645
vt 0.21911 0.58853
vt 0.2014 0.59042
vt 0.19205 0.59193
vt 0.23447 0.59262
vt 0.2415 0.59198
vt 0.21941 0.59378
vt 0.56755 0.44726
vt 0.55073 0.44824
vt 0.53748 0.44862
vt 0.52612 0.44888
vt 0.47124 0.50414
vt 0.48909 0.50282
vt 0.45533 0.44885
vt 0.45533 0.50443
vt 0.48898 0.47316
vt 0.48976 0.44808
vt 0.26759 0.6019
vt 0.27155 0.60195
vt 0.28036 0.60254
vt 0.28624 0.60263
vt 0.20174 0.60698
vt 0.08752 0.39884
vt 0.08548 0.39912
vt 0.19505 0.60927
vt 0.08076 0.41734
vt 0.08402 0.42367
vt 0.27482 0.60793
vt 0.25019 0.59788
vt 0.23839 0.59703
vt 0.25006 0.59336
vt 0.24398 0.59271
vt 0.24986 0.58903
vt 0.24589 0.58862
vt 0.2908 0.5931
vt 0.28968 0.59895
vt 0.30432 0.58368
vt 0.30788 0.55913
vt 0.30222 0.59462
vt 0.30106 0.60078
vt 0.3002 0.60546
vt 0.28886 0.60328
vt 0.29942 0.61017
vt 0.28773 0.60781
vt 0.29827 0.6161
vt 0.28635 0.61404
vt 0.04181 0.40926
vt 0.04647 0.40937
vt 0.05238 0.39099
vt 0.04808 0.39075
vt 0.27117 0.60795
vt 0.26663 0.61227
vt 0.27312 0.61223
vt 0.27853 0.61261
vt 0.28482 0.61503
vt 0.05597 0.38431
vt 0.05106 0.37996
vt 0.03912 0.41854
vt 0.04448 0.41705
vt 0.04006 0.42648
vt 0.04459 0.42364
vt 0.23904 0.60755
vt 0.23722 0.60235
vt 0.22928 0.60294
vt 0.22997 0.60878
vt 0.27099 0.61779
vt 0.26457 0.61747
vt 0.27663 0.61832
vt 0.28388 0.621
vt 0.24565 0.61107
vt 0.2507 0.61012
vt 0.29727 0.62183
vt 0.28532 0.62004
vt 0.22 0.60526
vt 0.22018 0.61069
vt 0.20149 0.61037
vt 0.21987 0.63475
vt 0.23175 0.63348
vt 0.21996 0.65978
vt 0.23151 0.65915
vt 0.20382 0.66158
vt 0.24 0.63373
vt 0.2394 0.65971
vt 0.26188 0.64365
vt 0.26765 0.6445
vt 0.26047 0.66963
vt 0.26606 0.67029
vt 0.27176 0.67043
vt 0.27322 0.64473
vt 0.28025 0.64558
vt 0.27769 0.67117
vt 0.24598 0.63566
vt 0.2515 0.63429
vt 0.24454 0.66125
vt 0.25316 0.65962
vt 0.28131 0.64421
vt 0.29404 0.6456
vt 0.27834 0.66954
vt 0.29079 0.67078
vt 0.20485 0.68994
vt 0.21965 0.68935
vt 0.23033 0.689
vt 0.23879 0.68841
vt 0.26077 0.69833
vt 0.26572 0.69942
vt 0.27076 0.69978
vt 0.27538 0.70029
vt 0.24542 0.69037
vt 0.25488 0.68925
vt 0.19076 0.71286
vt 0.20442 0.71291
vt 0.20425 0.73129
vt 0.20413 0.74354
vt 0.21894 0.731
vt 0.21867 0.71193
vt 0.21818 0.74263
vt 0.04947 0.45664
vt 0.05479 0.45605
vt 0.23005 0.71073
vt 0.22952 0.73016
vt 0.22902 0.74112
vt 0.23801 0.70989
vt 0.23731 0.72921
vt 0.23783 0.74022
vt 0.26258 0.71981
vt 0.26686 0.71974
vt 0.26443 0.73913
vt 0.26833 0.73826
vt 0.26552 0.75015
vt 0.2693 0.74869
vt 0.27179 0.71989
vt 0.27301 0.73824
vt 0.27383 0.74793
vt 0.27561 0.72
vt 0.27795 0.7368
vt 0.28093 0.74603
vt 0.28338 0.75463
vt 0.27485 0.75503
vt 0.26999 0.75523
vt 0.26636 0.7556
vt 0.23025 0.75024
vt 0.21878 0.75191
vt 0.23706 0.74568
vt 0.24594 0.71007
vt 0.2558 0.70927
vt 0.24658 0.72687
vt 0.25604 0.72711
vt 0.25606 0.73568
vt 0.24694 0.73611
vt 0.25618 0.74425
vt 0.24636 0.74471
vt 0.56853 0.43016
vt 0.5682 0.43631
vt 0.52655 0.4068
vt 0.49021 0.40679
vt 0.57083 0.38534
vt 0.5535 0.38445
vt 0.57239 0.36016
vt 0.5547 0.35919
vt 0.52738 0.38379
vt 0.52869 0.35902
vt 0.49075 0.38387
vt 0.49207 0.35919
vt 0.27176 0.76155
vt 0.27618 0.76043
vt 0.28462 0.76053
vt 0.05247 0.48055
vt 0.05611 0.47493
vt 0.27603 0.69917
vt 0.28782 0.70935
vt 0.27626 0.7192
vt 0.2894 0.72316
vt 0.45533 0.40718
vt 0.45533 0.38428
vt 0.45533 0.35963
vt 0.27888 0.73703
vt 0.29151 0.73514
vt 0.29378 0.74299
vt 0.28125 0.7456
vt 0.2959 0.75042
vt 0.28346 0.75418
vt 0.29793 0.75808
vt 0.2846 0.75983
vt 0.03707 0.458
vt 0.04336 0.45757
vt 0.03735 0.46873
vt 0.03784 0.47826
vt 0.29994 0.77374
vt 0.28655 0.77396
vt 0.22134 0.7635
vt 0.22013 0.75301
vt 0.25655 0.77566
vt 0.22154 0.78083
vt 0.25635 0.79519
vt 0.22154 0.79986
vt 0.19147 0.78106
vt 0.19147 0.80315
vt 0.13633 0.7808
vt 0.13633 0.80512
vt 0.13633 0.76333
vt 0.49415 0.31903
vt 0.45533 0.3207
vt 0.53168 0.31901
vt 0.45533 0.29365
vt 0.4956 0.29438
vt 0.53312 0.29407
vt 0.55626 0.29398
vt 0.57494 0.2958
vt 0.49709 0.25824
vt 0.45533 0.25842
vt 0.53637 0.25723
vt 0.55976 0.25765
vt 0.57519 0.28794
vt 0.57534 0.28052
vt 0.57545 0.27286
vt 0.28653 0.78558
vt 0.29974 0.78921
vt 0.28692 0.80512
vt 0.29984 0.80508
vt 0.57558 0.2572
vt 0.576 0.24172
vt 0.45533 0.24174
vt 0.49692 0.2411
vt 0.53679 0.24035
vt 0.45533 0.21595
vt 0.49691 0.2173
vt 0.53776 0.22143
vt 0.57566 0.22586
vt 0.33106 0.43995
vt 0.31829 0.42639
vt 0.3174 0.46724
vt 0.33028 0.47002
vt 0.3165 0.50514
vt 0.32942 0.50483
vt 0.13633 0.71277
vt 0.22645 0.42063
vt 0.23211 0.42063
vt 0.2552 0.3746
vt 0.25579 0.43
vt 0.25176 0.42063
vt 0.33121 0.38481
vt 0.31796 0.38481
vt 0.14605 0.48035
vt 0.14614 0.42491
vt 0.13633 0.75236
vt 0.08184 0.73121
vt 0.08122 0.69005
vt 0.08182 0.66295
vt 0.0891 0.5721
vt 0.08785 0.55221
vt 0.08441 0.51314
vt 0.24046 0.36451
vt 0.28558 0.31779
vt 0.27401 0.31682
vt 0.07731 0.49696
vt 0.07824 0.51377
vt 0.18044 0.4022
vt 0.17743 0.38539
vt 0.17153 0.38899
vt 0.17343 0.40311
vt 0.06643 0.50056
vt 0.06667 0.51434
vt 0.07527 0.51468
vt 0.07417 0.50056
vt 0.05033 0.51464
vt 0.04999 0.5009
vt 0.03668 0.51478
vt 0.0359 0.50117
vt 0.02848 0.50182
vt 0.02927 0.51496
vt 0.34101 0.5129
vt 0.34272 0.52542
vt 0.3485 0.52489
vt 0.34672 0.51174
vt 0.33306 0.51399
vt 0.33416 0.52612
vt 0.3255 0.5142
vt 0.32705 0.52587
vt 0.32085 0.51423
vt 0.3209 0.52547
vt 0.28553 0.28086
vt 0.28553 0.26908
vt 0.27429 0.26865
vt 0.27361 0.28026
vt 0.26921 0.26975
vt 0.26879 0.28049
vt 0.33953 0.50815
vt 0.33282 0.50918
vt 0.32698 0.50911
vt 0.32295 0.50915
vt 0.06456 0.452
vt 0.07183 0.46843
vt 0.0756 0.46758
vt 0.06803 0.4516
vt 0.05956 0.4379
vt 0.06277 0.43771
vt 0.0633 0.43134
vt 0.06029 0.43048
vt 0.3437 0.50738
vt 0.07935 0.47558
vt 0.07552 0.47617
vt 0.17629 0.38122
vt 0.1677 0.38537
vt 0.07692 0.49279
vt 0.07646 0.48774
vt 0.077 0.48346
vt 0.23244 0.36093
vt 0.22846 0.36131
vt 0.22657 0.36555
vt 0.23229 0.36455
vt 0.24025 0.36083
vt 0.16074 0.36828
vt 0.15333 0.36999
vt 0.09362 0.48055
vt 0.09252 0.47161
vt 0.17478 0.37617
vt 0.17274 0.37189
vt 0.08657 0.44422
vt 0.08405 0.43348
vt 0.07847 0.43435
vt 0.06728 0.43733
vt 0.07418 0.42591
vt 0.06747 0.42732
vt 0.08002 0.42785
vt 0.30127 0.32474
vt 0.30598 0.32418
vt 0.30431 0.31091
vt 0.30012 0.31164
vt 0.30305 0.29836
vt 0.29738 0.29849
vt 0.33471 0.53594
vt 0.34406 0.53514
vt 0.34973 0.53447
vt 0.02915 0.52454
vt 0.03671 0.52407
vt 0.05079 0.52411
vt 0.06677 0.52446
vt 0.07605 0.52442
vt 0.18181 0.41104
vt 0.17394 0.41285
vt 0.17488 0.42295
vt 0.18299 0.42218
vt 0.32833 0.53655
vt 0.05123 0.53308
vt 0.06751 0.53378
vt 0.07716 0.53452
vt 0.03708 0.5326
vt 0.34532 0.54329
vt 0.35117 0.54267
vt 0.02961 0.53274
vt 0.33554 0.54372
vt 0.32938 0.54427
vt 0.31416 0.53715
vt 0.31434 0.5258
vt 0.31464 0.54377
vt 0.36078 0.49337
vt 0.34435 0.49379
vt 0.34546 0.50514
vt 0.36146 0.50457
vt 0.37401 0.50458
vt 0.36073 0.48685
vt 0.34414 0.48717
vt 0.08146 0.55295
vt 0.1775 0.44217
vt 0.18441 0.44138
vt 0.06919 0.55219
vt 0.07859 0.55375
vt 0.05256 0.55064
vt 0.03803 0.54944
vt 0.0307 0.54934
vt 0.35361 0.55927
vt 0.34795 0.55901
vt 0.33799 0.55924
vt 0.36054 0.4715
vt 0.34367 0.47181
vt 0.37409 0.47157
vt 0.05346 0.57087
vt 0.03815 0.56987
vt 0.07042 0.57198
vt 0.07993 0.57253
vt 0.18033 0.46096
vt 0.18457 0.46044
vt 0.08304 0.57201
vt 0.18179 0.47304
vt 0.18295 0.48055
vt 0.05365 0.58191
vt 0.07116 0.58325
vt 0.08058 0.58461
vt 0.03778 0.58054
vt 0.03139 0.56933
vt 0.03057 0.58017
vt 0.35727 0.59009
vt 0.35555 0.57925
vt 0.3506 0.57977
vt 0.35219 0.59046
vt 0.34093 0.58119
vt 0.34259 0.59124
vt 0.33648 0.59263
vt 0.35356 0.59669
vt 0.35853 0.59638
vt 0.34386 0.59776
vt 0.3379 0.59855
vt 0.03008 0.58645
vt 0.03767 0.58694
vt 0.05354 0.58853
vt 0.07125 0.59042
vt 0.08061 0.59193
vt 0.03115 0.59198
vt 0.03819 0.59262
vt 0.05325 0.59378
vt 0.35993 0.44824
vt 0.34311 0.44726
vt 0.37317 0.44862
vt 0.38453 0.44888
vt 0.43942 0.50414
vt 0.42157 0.50282
vt 0.42167 0.47316
vt 0.4209 0.44808
vt 0.35683 0.6019
vt 0.35287 0.60195
vt 0.34406 0.60254
vt 0.33817 0.60263
vt 0.07092 0.60698
vt 0.09863 0.42338
vt 0.10067 0.42367
vt 0.0776 0.60927
vt 0.09717 0.39884
vt 0.09391 0.40516
vt 0.3496 0.60793
vt 0.03426 0.59703
vt 0.02247 0.59788
vt 0.02868 0.59271
vt 0.02259 0.59336
vt 0.02677 0.58862
vt 0.0228 0.58903
vt 0.33362 0.5931
vt 0.33474 0.59895
vt 0.31653 0.55913
vt 0.32009 0.58368
vt 0.32219 0.59462
vt 0.32335 0.60078
vt 0.32421 0.60546
vt 0.33555 0.60328
vt 0.32499 0.61017
vt 0.33669 0.60781
vt 0.32615 0.6161
vt 0.33806 0.61404
vt 0.06263 0.39437
vt 0.06889 0.41288
vt 0.0732 0.41264
vt 0.06729 0.39426
vt 0.35325 0.60795
vt 0.35129 0.61223
vt 0.35778 0.61227
vt 0.34588 0.61261
vt 0.3396 0.61503
vt 0.07679 0.41932
vt 0.07188 0.42367
vt 0.05994 0.38509
vt 0.0653 0.38657
vt 0.06088 0.37715
vt 0.06541 0.37999
vt 0.03361 0.60755
vt 0.04268 0.60878
vt 0.04337 0.60294
vt 0.03544 0.60235
vt 0.35342 0.61779
vt 0.35985 0.61747
vt 0.34779 0.61832
vt 0.34054 0.621
vt 0.027 0.61107
vt 0.02195 0.61012
vt 0.32715 0.62183
vt 0.3391 0.62004
vt 0.05247 0.61069
vt 0.05266 0.60526
vt 0.07116 0.61037
vt 0.04091 0.63348
vt 0.05278 0.63475
vt 0.04114 0.65915
vt 0.0527 0.65978
vt 0.06884 0.66158
vt 0.03266 0.63373
vt 0.03325 0.65971
vt 0.36253 0.64365
vt 0.35677 0.6445
vt 0.36395 0.66963
vt 0.35836 0.67029
vt 0.3512 0.64473
vt 0.35266 0.67043
vt 0.34417 0.64558
vt 0.34673 0.67117
vt 0.02116 0.63429
vt 0.02668 0.63566
vt 0.0195 0.65962
vt 0.02812 0.66125
vt 0.3431 0.64421
vt 0.33037 0.6456
vt 0.33363 0.67078
vt 0.34608 0.66954
vt 0.0678 0.68994
vt 0.05301 0.68935
vt 0.04232 0.689
vt 0.03387 0.68841
vt 0.3587 0.69942
vt 0.36365 0.69833
vt 0.35365 0.69978
vt 0.34903 0.70029
vt 0.02723 0.69037
vt 0.01778 0.68925
vt 0.08189 0.71286
vt 0.06823 0.71291
vt 0.06841 0.73129
vt 0.06853 0.74354
vt 0.05399 0.71193
vt 0.05371 0.731
vt 0.05447 0.74263
vt 0.03399 0.39915
vt 0.02867 0.39855
vt 0.0426 0.71073
vt 0.04314 0.73016
vt 0.04363 0.74112
vt 0.03464 0.70989
vt 0.03535 0.72921
vt 0.03482 0.74022
vt 0.36183 0.71981
vt 0.35756 0.71974
vt 0.35999 0.73913
vt 0.35609 0.73826
vt 0.35511 0.74869
vt 0.35889 0.75015
vt 0.35263 0.71989
vt 0.3514 0.73824
vt 0.35059 0.74793
vt 0.34881 0.72
vt 0.34647 0.7368
vt 0.34348 0.74603
vt 0.34103 0.75463
vt 0.34956 0.75503
vt 0.35442 0.75523
vt 0.35806 0.7556
vt 0.04241 0.75024
vt 0.05388 0.75191
vt 0.0356 0.74568
vt 0.01686 0.70927
vt 0.02672 0.71007
vt 0.01661 0.72711
vt 0.02607 0.72687
vt 0.01659 0.73568
vt 0.02572 0.73611
vt 0.01647 0.74425
vt 0.02629 0.74471
vt 0.34213 0.43016
vt 0.34246 0.43631
vt 0.38411 0.4068
vt 0.42045 0.40679
vt 0.33983 0.38534
vt 0.35716 0.38445
vt 0.35596 0.35919
vt 0.33827 0.36016
vt 0.38327 0.38379
vt 0.38197 0.35902
vt 0.41991 0.38387
vt 0.41858 0.35919
vt 0.35266 0.76155
vt 0.34823 0.76043
vt 0.33979 0.76053
vt 0.03167 0.37465
vt 0.03531 0.38027
vt 0.34839 0.69917
vt 0.33659 0.70935
vt 0.34815 0.7192
vt 0.33501 0.72316
vt 0.34554 0.73703
vt 0.33291 0.73514
vt 0.33064 0.74299
vt 0.34316 0.7456
vt 0.32851 0.75042
vt 0.34095 0.75418
vt 0.32649 0.75808
vt 0.33982 0.75983
vt 0.01628 0.3972
vt 0.02256 0.39763
vt 0.01655 0.38647
vt 0.01705 0.37694
vt 0.32448 0.77374
vt 0.33787 0.77396
vt 0.05253 0.75301
vt 0.05132 0.7635
vt 0.01611 0.77566
vt 0.05111 0.78083
vt 0.01631 0.79519
vt 0.05111 0.79986
vt 0.08119 0.78106
vt 0.08119 0.80315
vt 0.41651 0.31903
vt 0.37897 0.31901
vt 0.41506 0.29438
vt 0.37754 0.29407
vt 0.35439 0.29398
vt 0.33572 0.2958
vt 0.41357 0.25824
vt 0.37428 0.25723
vt 0.3509 0.25765
vt 0.33547 0.28794
vt 0.33532 0.28052
vt 0.33521 0.27286
vt 0.33788 0.78558
vt 0.32467 0.78921
vt 0.32457 0.80508
vt 0.3375 0.80512
vt 0.33508 0.2572
vt 0.33466 0.24172
vt 0.41374 0.2411
vt 0.37387 0.24035
vt 0.41374 0.2173
vt 0.3729 0.22143
vt 0.335 0.22586
vt 0.33106 0.32966
vt 0.33028 0.29959
vt 0.3174 0.30238
vt 0.31829 0.34322
vt 0.32942 0.26479
vt 0.3165 0.26447
vt 0.25579 0.3192
vt 0.14605 0.36947
usemtl mat0
f 409/409/215 410/410/216 411/411/217
f 410/410/216 412/412/218 411/411/217
f 411/411/217 412/412/218 413/413/219
f 412/412/218 414/414/220 413/413/219
f 415/415/221 416/416/222 417/417/223
f 418/418/224 419/419/225 420/420/226
f 421/421/227 422/422/228 420/420/226
f 423/423/229 424/424/230 425/425/231
f 426/426/232 427/427/229 428/428/231
f 429/429/233 426/426/232 430/430/234
f 431/431/235 432/432/236 430/430/234
f 426/426/232 428/428/231 430/430/234
f 428/428/231 431/431/235 430/430/234
f 433/433/237 434/434/238 435/435/234
f 433/433/237 435/435/234 436/436/239
f 437/437/240 438/438/241 439/439/242
f 440/440/243 441/441/244 442/442/245
f 443/443/246 444/444/247 445/445/248
f 446/446/249 447/447/250 448/448/251
f 419/419/225 449/449/238 420/420/226
f 434/434/238 450/450/227 451/451/226
f 418/418/224 420/420/226 452/452/252
f 420/420/226 422/422/228 452/452/252
f 453/453/253 454/454/254 455/455/255
f 456/456/256 457/457/257 458/458/258
f 456/456/256 459/459/222 460/460/259
f 456/456/256 461/461/260 459/459/222
f 462/462/261 463/463/262 464/464/263
f 465/465/264 453/453/253 455/455/255
f 465/465/264 466/466/265 467/467/266
f 466/466/265 465/465/264 468/468/267
f 469/469/268 470/470/269 471/471/270
f 472/472/271 473/473/272 474/474/273
f 475/475/274 476/476/275 477/477/276
f 478/478/272 479/479/277 480/480/278
f 481/481/269 462/462/261 464/464/263
f 482/482/279 483/483/280 484/484/281
f 485/485/282 486/486/283 487/487/284
f 488/488/285 489/489/286 490/490/287
f 491/491/288 492/492/289 493/493/290
f 494/494/291 491/491/288 495/495/292
f 496/496/293 497/497/294 498/498/295
f 496/496/293 499/499/296 497/497/294
f 500/500/297 501/501/298 502/502/299
f 500/500/297 502/502/299 503/503/300
f 504/504/301 505/505/302 500/500/297
f 506/506/303 505/505/302 504/504/301
f 507/507/304 508/508/297 509/509/305
f 510/510/304 511/511/306 512/512/307
f 508/508/297 507/507/304 513/513/298
f 514/514/308 515/515/309 516/516/310
f 517/517/311 518/518/232 519/519/245
f 508/508/297 520/520/302 509/509/305
f 521/521/312 411/411/217 522/522/313
f 522/522/313 411/411/217 523/523/314
f 411/411/217 413/413/219 523/523/314
f 413/413/219 524/524/315 523/523/314
f 525/525/316 526/526/317 527/527/318
f 528/528/319 529/529/320 530/530/321
f 531/531/322 529/529/320 532/532/323
f 533/533/324 534/534/325 535/535/326
f 536/536/327 537/537/325 538/538/324
f 539/539/328 540/540/329 536/536/327
f 541/541/330 540/540/329 542/542/331
f 536/536/327 540/540/329 537/537/325
f 537/537/325 540/540/329 541/541/330
f 543/543/332 544/544/329 545/545/333
f 543/543/332 546/546/334 544/544/329
f 547/547/335 548/548/336 549/549/337
f 550/550/338 442/442/245 441/441/244
f 551/551/339 552/552/340 553/553/341
f 554/554/342 555/555/343 556/556/344
f 530/530/321 529/529/320 557/557/333
f 545/545/333 558/558/320 559/559/322
f 528/528/319 560/560/345 529/529/320
f 529/529/320 560/560/345 532/532/323
f 561/561/346 562/562/347 563/563/348
f 564/564/349 565/565/350 566/566/351
f 564/564/349 567/567/352 568/568/318
f 564/564/349 568/568/318 569/569/353
f 570/570/354 571/571/355 572/572/356
f 573/573/357 562/562/347 561/561/346
f 573/573/357 574/574/358 575/575/359
f 575/575/359 576/576/360 573/573/357
f 577/577/361 578/578/362 579/579/363
f 580/580/364 581/581/365 582/582/366
f 583/583/367 584/584/368 585/585/369
f 586/586/366 587/587/370 588/588/371
f 589/589/363 571/571/355 570/570/354
f 590/590/372 591/591/373 592/592/374
f 593/593/375 594/594/376 595/595/377
f 596/596/378 597/597/379 598/598/380
f 599/599/381 600/600/382 601/601/383
f 602/602/384 603/603/385 599/599/381
f 604/604/386 605/605/387 606/606/388
f 604/604/386 606/606/388 607/607/389
f 608/608/390 609/609/391 610/610/392
f 608/608/390 611/611/393 609/609/391
f 612/612/394 608/608/390 613/613/395
f 614/614/396 612/612/394 613/613/395
f 615/615/397 616/616/398 617/617/390
f 618/618/397 512/512/307 511/511/306
f 617/617/390 619/619/392 615/615/397
f 620/620/399 621/621/400 622/622/401
f 517/517/311 519/519/245 623/623/327
f 617/617/390 616/616/398 624/624/395
f 520/520/302 625/625/402 626/626/403
f 520/520/302 626/626/403 627/627/404
f 628/628/405 629/629/406 630/630/407
f 628/628/405 630/630/407 631/631/408
f 629/629/406 483/483/280 632/632/409
f 629/629/406 632/632/409 630/630/407
f 455/455/255 454/454/254 633/633/410
f 455/455/255 633/633/410 634/634/411
f 454/454/254 635/635/412 636/636/413
f 454/454/254 636/636/413 633/633/410
f 635/635/412 637/637/414 638/638/415
f 635/635/412 638/638/415 636/636/413
f 637/637/414 447/447/250 639/639/416
f 637/637/414 639/639/416 638/638/415
f 447/447/250 640/640/417 641/641/418
f 447/447/250 641/641/418 639/639/416
f 640/640/417 409/409/215 411/411/217
f 640/640/417 411/411/217 641/641/418
f 642/642/419 424/424/230 643/643/420
f 642/642/419 643/643/420 644/644/421
f 518/518/232 645/645/233 646/646/221
f 518/518/232 646/646/221 519/519/245
f 647/647/422 409/409/215 640/640/417
f 647/647/422 640/640/417 648/648/423
f 649/649/423 650/650/424 651/651/425
f 649/649/423 651/651/425 652/652/422
f 653/653/426 654/654/425 655/655/424
f 653/653/426 655/655/424 656/656/427
f 657/657/428 658/658/429 653/653/426
f 657/657/428 653/653/426 656/656/427
f 659/659/430 660/660/431 658/658/429
f 659/659/430 658/658/429 657/657/428
f 661/661/432 660/660/431 659/659/430
f 661/661/432 659/659/430 662/662/433
f 663/663/434 664/664/432 665/665/433
f 663/663/434 665/665/433 666/666/435
f 667/667/436 663/663/434 666/666/435
f 667/667/436 666/666/435 668/668/437
f 669/669/438 667/667/436 668/668/437
f 669/669/438 668/668/437 670/670/246
f 671/671/439 669/669/438 670/670/246
f 671/671/439 670/670/246 672/672/248
f 673/673/440 674/674/441 675/675/439
f 673/673/440 675/675/439 676/676/248
f 452/452/252 422/422/228 674/674/441
f 452/452/252 674/674/441 673/673/440
f 645/645/233 419/419/225 418/418/224
f 645/645/233 418/418/224 646/646/221
f 674/674/441 677/677/442 678/678/443
f 674/674/441 678/678/443 675/675/439
f 422/422/228 421/421/227 677/677/442
f 422/422/228 677/677/442 674/674/441
f 667/667/436 679/679/444 680/680/445
f 667/667/436 680/680/445 663/663/434
f 669/669/438 681/681/446 679/679/444
f 669/669/438 679/679/444 667/667/436
f 671/671/439 682/682/443 681/681/446
f 671/671/439 681/681/446 669/669/438
f 683/683/429 684/684/447 685/685/448
f 683/683/429 685/685/448 686/686/426
f 687/687/431 688/688/449 684/684/447
f 687/687/431 684/684/447 683/683/429
f 688/688/449 687/687/431 689/689/432
f 688/688/449 689/689/432 690/690/450
f 691/691/450 664/664/432 663/663/434
f 691/691/450 663/663/434 680/680/445
f 692/692/451 693/693/425 686/686/426
f 692/692/451 686/686/426 685/685/448
f 694/694/452 652/652/422 651/651/425
f 694/694/452 651/651/425 695/695/451
f 410/410/216 409/409/215 647/647/422
f 410/410/216 647/647/422 696/696/452
f 412/412/218 410/410/216 696/696/452
f 412/412/218 696/696/452 697/697/453
f 698/698/454 414/414/220 412/412/218
f 698/698/454 412/412/218 697/697/453
f 699/699/236 700/700/455 701/701/220
f 699/699/236 701/701/220 702/702/454
f 703/703/235 642/642/419 700/700/455
f 703/703/235 700/700/455 699/699/236
f 428/428/231 704/704/230 705/705/419
f 428/428/231 705/705/419 431/431/235
f 435/435/234 434/434/238 706/706/225
f 435/435/234 706/706/225 707/707/233
f 695/695/451 430/430/234 708/708/453
f 695/695/451 708/708/453 694/694/452
f 430/430/234 432/432/236 709/709/454
f 430/430/234 709/709/454 708/708/453
f 710/710/442 439/439/242 711/711/456
f 710/710/442 711/711/456 712/712/443
f 450/450/227 437/437/240 439/439/242
f 450/450/227 439/439/242 710/710/442
f 434/434/238 433/433/237 437/437/240
f 434/434/238 437/437/240 450/450/227
f 438/438/241 684/684/447 688/688/449
f 438/438/241 688/688/449 713/713/457
f 684/684/447 438/438/241 436/436/239
f 684/684/447 436/436/239 685/685/448
f 685/685/448 436/436/239 435/435/234
f 685/685/448 435/435/234 692/692/451
f 438/438/241 437/437/240 433/433/237
f 438/438/241 433/433/237 436/436/239
f 713/713/457 711/711/456 439/439/242
f 713/713/457 439/439/242 438/438/241
f 713/713/457 714/714/445 715/715/444
f 713/713/457 715/715/444 711/711/456
f 715/715/444 716/716/446 712/712/443
f 715/715/444 712/712/443 711/711/456
f 690/690/450 714/714/445 713/713/457
f 690/690/450 713/713/457 688/688/449
f 717/717/224 718/718/259 416/416/222
f 717/717/224 416/416/222 415/415/221
f 415/415/221 417/417/223 440/440/243
f 415/415/221 440/440/243 442/442/245
f 718/718/259 717/717/224 719/719/252
f 718/718/259 719/719/252 720/720/458
f 720/720/458 719/719/252 721/721/440
f 720/720/458 721/721/440 722/722/459
f 445/445/248 444/444/247 722/722/459
f 445/445/248 722/722/459 721/721/440
f 723/723/460 668/668/437 666/666/435
f 723/723/460 666/666/435 724/724/461
f 724/724/461 666/666/435 665/665/433
f 724/724/461 665/665/433 725/725/462
f 726/726/462 662/662/433 659/659/430
f 726/726/462 659/659/430 727/727/463
f 727/727/463 659/659/430 657/657/428
f 727/727/463 657/657/428 728/728/464
f 728/728/464 657/657/428 656/656/427
f 728/728/464 656/656/427 729/729/465
f 656/656/427 655/655/424 730/730/466
f 656/656/427 730/730/466 729/729/465
f 731/731/249 732/732/466 650/650/424
f 731/731/249 650/650/424 649/649/423
f 446/446/249 648/648/423 640/640/417
f 446/446/249 640/640/417 447/447/250
f 733/733/467 732/732/466 731/731/249
f 733/733/467 731/731/249 734/734/251
f 735/735/468 670/670/246 668/668/437
f 735/735/468 668/668/437 723/723/460
f 736/736/469 728/728/464 729/729/465
f 736/736/469 729/729/465 737/737/470
f 738/738/467 737/737/470 729/729/465
f 738/738/467 729/729/465 730/730/466
f 739/739/471 727/727/463 728/728/464
f 739/739/471 728/728/464 736/736/469
f 740/740/472 724/724/461 725/725/462
f 740/740/472 725/725/462 741/741/473
f 726/726/462 727/727/463 739/739/471
f 726/726/462 739/739/471 742/742/473
f 743/743/474 723/723/460 724/724/461
f 743/743/474 724/724/461 740/740/472
f 744/744/475 735/735/468 723/723/460
f 744/744/475 723/723/460 743/743/474
f 745/745/476 746/746/247 670/670/246
f 745/745/476 670/670/246 735/735/468
f 747/747/477 745/745/476 735/735/468
f 747/747/477 735/735/468 744/744/475
f 748/748/478 749/749/459 750/750/247
f 748/748/478 750/750/247 751/751/476
f 457/457/257 752/752/458 749/749/459
f 457/457/257 749/749/459 748/748/478
f 753/753/479 748/748/478 751/751/476
f 753/753/479 751/751/476 754/754/477
f 458/458/258 457/457/257 748/748/478
f 458/458/258 748/748/478 753/753/479
f 637/637/414 755/755/480 448/448/251
f 637/637/414 448/448/251 447/447/250
f 733/733/467 734/734/251 756/756/480
f 733/733/467 756/756/480 757/757/481
f 737/737/470 738/738/467 758/758/481
f 737/737/470 758/758/481 759/759/482
f 736/736/469 737/737/470 759/759/482
f 736/736/469 759/759/482 760/760/483
f 739/739/471 736/736/469 760/760/483
f 739/739/471 760/760/483 761/761/484
f 742/742/473 739/739/471 761/761/484
f 742/742/473 761/761/484 762/762/485
f 763/763/485 764/764/486 740/740/472
f 763/763/485 740/740/472 741/741/473
f 743/743/474 740/740/472 764/764/486
f 743/743/474 764/764/486 765/765/487
f 765/765/487 475/475/274 744/744/475
f 765/765/487 744/744/475 743/743/474
f 766/766/488 753/753/479 754/754/477
f 766/766/488 754/754/477 767/767/489
f 458/458/258 753/753/479 766/766/488
f 458/458/258 766/766/488 768/768/490
f 769/769/491 770/770/492 761/761/484
f 769/769/491 761/761/484 760/760/483
f 760/760/483 759/759/482 771/771/493
f 760/760/483 771/771/493 769/769/491
f 772/772/494 771/771/493 759/759/482
f 772/772/494 759/759/482 758/758/481
f 757/757/481 756/756/480 773/773/495
f 757/757/481 773/773/495 774/774/494
f 755/755/480 637/637/414 635/635/412
f 755/755/480 635/635/412 775/775/495
f 774/774/494 773/773/495 776/776/253
f 774/774/494 776/776/253 777/777/496
f 775/775/495 635/635/412 454/454/254
f 775/775/495 454/454/254 453/453/253
f 778/778/497 769/769/491 771/771/493
f 778/778/497 771/771/493 779/779/498
f 780/780/496 779/779/498 771/771/493
f 780/780/496 771/771/493 772/772/494
f 781/781/499 770/770/492 769/769/491
f 781/781/499 769/769/491 778/778/497
f 781/781/499 782/782/500 783/783/501
f 781/781/499 783/783/501 770/770/492
f 762/762/485 761/761/484 770/770/492
f 762/762/485 770/770/492 783/783/501
f 784/784/500 785/785/502 786/786/503
f 784/784/500 786/786/503 787/787/501
f 787/787/501 786/786/503 764/764/486
f 787/787/501 764/764/486 763/763/485
f 765/765/487 764/764/486 786/786/503
f 765/765/487 786/786/503 788/788/504
f 785/785/502 789/789/505 788/788/504
f 785/785/502 788/788/504 786/786/503
f 788/788/504 476/476/275 475/475/274
f 788/788/504 475/475/274 765/765/487
f 476/476/275 788/788/504 789/789/505
f 476/476/275 789/789/505 790/790/506
f 785/785/502 784/784/500 791/791/507
f 785/785/502 791/791/507 792/792/508
f 793/793/509 789/789/505 785/785/502
f 793/793/509 785/785/502 792/792/508
f 790/790/506 789/789/505 793/793/509
f 790/790/506 793/793/509 794/794/510
f 781/781/499 795/795/511 796/796/507
f 781/781/499 796/796/507 782/782/500
f 795/795/511 781/781/499 778/778/497
f 795/795/511 778/778/497 797/797/512
f 797/797/512 778/778/497 779/779/498
f 797/797/512 779/779/498 798/798/513
f 798/798/513 779/779/498 780/780/496
f 798/798/513 780/780/496 799/799/514
f 795/795/511 800/800/268 801/801/270
f 795/795/511 801/801/270 796/796/507
f 800/800/268 795/795/511 797/797/512
f 800/800/268 797/797/512 802/802/515
f 802/802/515 797/797/512 798/798/513
f 802/802/515 798/798/513 467/467/266
f 799/799/514 465/465/264 467/467/266
f 799/799/514 467/467/266 798/798/513
f 780/780/496 453/453/253 465/465/264
f 780/780/496 465/465/264 799/799/514
f 460/460/259 752/752/458 457/457/257
f 460/460/259 457/457/257 456/456/256
f 768/768/490 461/461/260 456/456/256
f 768/768/490 456/456/256 458/458/258
f 766/766/488 767/767/489 803/803/516
f 766/766/488 803/803/516 804/804/517
f 768/768/490 766/766/488 804/804/517
f 768/768/490 804/804/517 805/805/518
f 461/461/260 768/768/490 805/805/518
f 461/461/260 805/805/518 806/806/519
f 807/807/243 808/808/223 809/809/520
f 807/807/243 809/809/520 810/810/244
f 811/811/521 461/461/260 806/806/519
f 811/811/521 806/806/519 812/812/522
f 461/461/260 811/811/521 808/808/223
f 461/461/260 808/808/223 459/459/222
f 813/813/270 814/814/523 792/792/508
f 813/813/270 792/792/508 791/791/507
f 815/815/524 793/793/509 792/792/508
f 815/815/524 792/792/508 814/814/523
f 816/816/525 794/794/510 793/793/509
f 816/816/525 793/793/509 815/815/524
f 463/463/262 462/462/261 466/466/265
f 463/463/262 466/466/265 817/817/526
f 467/467/266 466/466/265 462/462/261
f 467/467/266 462/462/261 802/802/515
f 470/470/269 469/469/268 818/818/515
f 470/470/269 818/818/515 819/819/261
f 817/817/526 466/466/265 468/468/267
f 817/817/526 468/468/267 820/820/527
f 468/468/267 465/465/264 455/455/255
f 468/468/267 455/455/255 820/820/527
f 470/470/269 821/821/528 822/822/523
f 470/470/269 822/822/523 471/471/270
f 472/472/271 815/815/524 814/814/523
f 472/472/271 814/814/523 823/823/528
f 815/815/524 472/472/271 474/474/273
f 815/815/524 474/474/273 816/816/525
f 480/480/278 824/824/529 825/825/273
f 480/480/278 825/825/273 478/478/272
f 825/825/273 824/824/529 826/826/530
f 825/825/273 826/826/530 827/827/525
f 827/827/525 826/826/530 828/828/531
f 827/827/525 828/828/531 829/829/510
f 830/830/532 790/790/506 794/794/510
f 830/830/532 794/794/510 831/831/531
f 790/790/506 830/830/532 477/477/276
f 790/790/506 477/477/276 476/476/275
f 477/477/276 832/832/516 833/833/489
f 477/477/276 833/833/489 475/475/274
f 834/834/533 832/832/516 477/477/276
f 834/834/533 477/477/276 830/830/532
f 835/835/534 834/834/533 830/830/532
f 835/835/534 830/830/532 831/831/531
f 836/836/283 835/835/534 831/831/531
f 836/836/283 831/831/531 837/837/530
f 838/838/284 836/836/283 837/837/530
f 838/838/284 837/837/530 839/839/529
f 840/840/286 838/838/284 839/839/529
f 840/840/286 839/839/529 841/841/278
f 747/747/477 744/744/475 475/475/274
f 747/747/477 475/475/274 833/833/489
f 842/842/535 843/843/262 844/844/526
f 842/842/535 844/844/526 845/845/536
f 846/846/269 847/847/537 848/848/538
f 846/846/269 848/848/538 823/823/528
f 849/849/539 472/472/271 823/823/528
f 849/849/539 823/823/528 848/848/538
f 473/473/272 472/472/271 849/849/539
f 473/473/272 849/849/539 850/850/277
f 851/851/527 852/852/255 845/845/536
f 851/851/527 845/845/536 844/844/526
f 853/853/540 854/854/263 843/843/262
f 853/853/540 843/843/262 842/842/535
f 855/855/537 856/856/269 854/854/263
f 855/855/537 854/854/263 853/853/540
f 857/857/541 858/858/537 859/859/540
f 857/857/541 859/859/540 860/860/542
f 861/861/543 848/848/538 847/847/537
f 861/861/543 847/847/537 862/862/541
f 849/849/539 848/848/538 861/861/543
f 849/849/539 861/861/543 863/863/544
f 863/863/544 864/864/545 850/850/277
f 863/863/544 850/850/277 849/849/539
f 865/865/545 866/866/546 480/480/278
f 865/865/545 480/480/278 479/479/277
f 867/867/287 840/840/286 841/841/278
f 867/867/287 841/841/278 868/868/546
f 860/860/542 859/859/540 869/869/535
f 860/860/542 869/869/535 870/870/547
f 870/870/547 869/869/535 871/871/536
f 870/870/547 871/871/536 482/482/279
f 860/860/542 870/870/547 872/872/548
f 860/860/542 872/872/548 873/873/549
f 870/870/547 482/482/279 484/484/281
f 870/870/547 484/484/281 872/872/548
f 483/483/280 482/482/279 871/871/536
f 483/483/280 871/871/536 455/455/255
f 873/873/549 872/872/548 874/874/550
f 873/873/549 874/874/550 875/875/551
f 876/876/552 874/874/550 872/872/548
f 876/876/552 872/872/548 484/484/281
f 484/484/281 483/483/280 629/629/406
f 484/484/281 629/629/406 876/876/552
f 873/873/549 877/877/553 857/857/541
f 873/873/549 857/857/541 860/860/542
f 875/875/551 878/878/554 877/877/553
f 875/875/551 877/877/553 873/873/549
f 879/879/553 880/880/555 861/861/543
f 879/879/553 861/861/543 862/862/541
f 881/881/554 882/882/556 880/880/555
f 881/881/554 880/880/555 879/879/553
f 882/882/556 883/883/557 884/884/558
f 882/882/556 884/884/558 880/880/555
f 880/880/555 884/884/558 863/863/544
f 880/880/555 863/863/544 861/861/543
f 885/885/559 884/884/558 883/883/557
f 885/885/559 883/883/557 886/886/560
f 884/884/558 885/885/559 864/864/545
f 884/884/558 864/864/545 863/863/544
f 866/866/546 865/865/545 887/887/559
f 866/866/546 887/887/559 888/888/561
f 888/888/561 887/887/559 889/889/560
f 888/888/561 889/889/560 890/890/562
f 891/891/561 892/892/563 867/867/287
f 891/891/561 867/867/287 868/868/546
f 892/892/563 891/891/561 893/893/562
f 892/892/563 893/893/562 894/894/564
f 876/876/552 629/629/406 628/628/405
f 876/876/552 628/628/405 895/895/565
f 895/895/565 896/896/566 874/874/550
f 895/895/565 874/874/550 876/876/552
f 875/875/551 874/874/550 896/896/566
f 875/875/551 896/896/566 897/897/567
f 878/878/554 875/875/551 897/897/567
f 878/878/554 897/897/567 898/898/568
f 882/882/556 881/881/554 899/899/568
f 882/882/556 899/899/568 900/900/569
f 883/883/557 882/882/556 900/900/569
f 883/883/557 900/900/569 901/901/570
f 886/886/560 883/883/557 901/901/570
f 886/886/560 901/901/570 902/902/571
f 903/903/571 904/904/572 890/890/562
f 903/903/571 890/890/562 889/889/560
f 905/905/573 906/906/574 895/895/565
f 905/905/573 895/895/565 628/628/405
f 625/625/402 907/907/575 906/906/574
f 625/625/402 906/906/574 905/905/573
f 907/907/575 625/625/402 520/520/302
f 907/907/575 520/520/302 908/908/303
f 907/907/575 909/909/576 910/910/577
f 907/907/575 910/910/577 906/906/574
f 906/906/574 910/910/577 896/896/566
f 906/906/574 896/896/566 895/895/565
f 911/911/578 909/909/576 907/907/575
f 911/911/578 907/907/575 908/908/303
f 506/506/303 503/503/300 912/912/579
f 506/506/303 912/912/579 913/913/578
f 897/897/567 896/896/566 910/910/577
f 897/897/567 910/910/577 914/914/580
f 914/914/580 910/910/577 909/909/576
f 914/914/580 909/909/576 915/915/581
f 916/916/582 915/915/581 909/909/576
f 916/916/582 909/909/576 911/911/578
f 898/898/568 897/897/567 914/914/580
f 898/898/568 914/914/580 917/917/583
f 915/915/581 918/918/584 917/917/583
f 915/915/581 917/917/583 914/914/580
f 918/918/584 915/915/581 916/916/582
f 918/918/584 916/916/582 919/919/585
f 920/920/583 921/921/586 900/900/569
f 920/920/583 900/900/569 899/899/568
f 922/922/584 923/923/587 921/921/586
f 922/922/584 921/921/586 920/920/583
f 923/923/587 922/922/584 924/924/585
f 923/923/587 924/924/585 925/925/588
f 901/901/570 900/900/569 921/921/586
f 901/901/570 921/921/586 926/926/589
f 926/926/589 921/921/586 923/923/587
f 926/926/589 923/923/587 927/927/590
f 927/927/590 923/923/587 925/925/588
f 927/927/590 925/925/588 928/928/591
f 926/926/589 929/929/592 902/902/571
f 926/926/589 902/902/571 901/901/570
f 929/929/592 926/926/589 927/927/590
f 929/929/592 927/927/590 930/930/593
f 930/930/593 927/927/590 928/928/591
f 930/930/593 928/928/591 931/931/594
f 932/932/595 931/931/594 928/928/591
f 932/932/595 928/928/591 933/933/596
f 934/934/597 933/933/596 928/928/591
f 934/934/597 928/928/591 925/925/588
f 934/934/597 925/925/588 924/924/585
f 934/934/597 924/924/585 935/935/598
f 936/936/289 916/916/582 911/911/578
f 936/936/289 911/911/578 937/937/579
f 938/938/598 919/919/585 916/916/582
f 938/938/598 916/916/582 936/936/289
f 904/904/572 903/903/571 939/939/592
f 904/904/572 939/939/592 940/940/599
f 940/940/599 939/939/592 941/941/593
f 940/940/599 941/941/593 942/942/600
f 943/943/601 942/942/600 941/941/593
f 943/943/601 941/941/593 944/944/594
f 945/945/602 943/943/601 944/944/594
f 945/945/602 944/944/594 946/946/595
f 947/947/534 486/486/283 485/485/282
f 947/947/534 485/485/282 948/948/533
f 485/485/282 804/804/517 803/803/516
f 485/485/282 803/803/516 948/948/533
f 488/488/285 485/485/282 487/487/284
f 488/488/285 487/487/284 489/489/286
f 806/806/519 805/805/518 804/804/517
f 806/806/519 804/804/517 949/949/603
f 488/488/285 949/949/603 804/804/517
f 488/488/285 804/804/517 485/485/282
f 812/812/522 806/806/519 949/949/603
f 812/812/522 949/949/603 950/950/604
f 951/951/563 952/952/605 488/488/285
f 951/951/563 488/488/285 490/490/287
f 952/952/605 951/951/563 953/953/564
f 952/952/605 953/953/564 954/954/606
f 955/955/607 949/949/603 488/488/285
f 955/955/607 488/488/285 952/952/605
f 956/956/608 955/955/607 952/952/605
f 956/956/608 952/952/605 954/954/606
f 950/950/604 949/949/603 955/955/607
f 950/950/604 955/955/607 957/957/609
f 957/957/609 955/955/607 956/956/608
f 957/957/609 956/956/608 958/958/610
f 959/959/288 960/960/291 933/933/596
f 959/959/288 933/933/596 934/934/597
f 933/933/596 960/960/291 961/961/293
f 933/933/596 961/961/293 932/932/595
f 962/962/597 963/963/598 492/492/289
f 962/962/597 492/492/289 491/491/288
f 946/946/595 496/496/293 498/498/295
f 946/946/595 498/498/295 945/945/602
f 964/964/572 965/965/308 894/894/564
f 964/964/572 894/894/564 893/893/562
f 966/966/599 967/967/309 965/965/308
f 966/966/599 965/965/308 964/964/572
f 809/809/520 808/808/223 811/811/521
f 809/809/520 811/811/521 812/812/522
f 968/968/611 809/809/520 812/812/522
f 968/968/611 812/812/522 950/950/604
f 969/969/612 968/968/611 950/950/604
f 969/969/612 950/950/604 957/957/609
f 970/970/613 969/969/612 957/957/609
f 970/970/613 957/957/609 958/958/610
f 971/971/600 972/972/614 967/967/309
f 971/971/600 967/967/309 966/966/599
f 973/973/615 972/972/614 971/971/600
f 973/973/615 971/971/600 974/974/601
f 975/975/616 973/973/615 974/974/601
f 975/975/616 974/974/601 976/976/602
f 977/977/617 975/975/616 976/976/602
f 977/977/617 976/976/602 978/978/295
f 979/979/618 980/980/619 502/502/299
f 979/979/618 502/502/299 501/501/298
f 980/980/619 912/912/579 503/503/300
f 980/980/619 503/503/300 502/502/299
f 912/912/579 980/980/619 493/493/290
f 912/912/579 493/493/290 492/492/289
f 981/981/296 493/493/290 980/980/619
f 981/981/296 980/980/619 979/979/618
f 495/495/292 491/491/288 493/493/290
f 495/495/292 493/493/290 981/981/296
f 494/494/291 495/495/292 981/981/296
f 494/494/291 981/981/296 982/982/293
f 983/983/620 977/977/617 978/978/295
f 983/983/620 978/978/295 984/984/294
f 504/504/301 500/500/297 503/503/300
f 504/504/301 503/503/300 506/506/303
f 513/513/298 507/507/304 985/985/621
f 513/513/298 985/985/621 986/986/618
f 499/499/296 986/986/618 985/985/621
f 499/499/296 985/985/621 497/497/294
f 987/987/622 497/497/294 985/985/621
f 987/987/622 985/985/621 988/988/623
f 989/989/624 987/987/622 988/988/623
f 989/989/624 988/988/623 990/990/625
f 507/507/304 991/991/626 988/988/623
f 507/507/304 988/988/623 985/985/621
f 990/990/625 988/988/623 991/991/626
f 990/990/625 991/991/626 992/992/627
f 992/992/627 991/991/626 993/993/628
f 992/992/627 993/993/628 994/994/629
f 991/991/626 507/507/304 995/995/307
f 991/991/626 995/995/307 993/993/628
f 970/970/613 958/958/610 996/996/630
f 970/970/613 996/996/630 997/997/631
f 958/958/610 956/956/608 998/998/632
f 958/958/610 998/998/632 996/996/630
f 516/516/310 998/998/632 956/956/608
f 516/516/310 956/956/608 954/954/606
f 514/514/308 516/516/310 954/954/606
f 514/514/308 954/954/606 953/953/564
f 999/999/633 997/997/631 996/996/630
f 999/999/633 996/996/630 1000/1000/634
f 1000/1000/634 996/996/630 998/998/632
f 1000/1000/634 998/998/632 1001/1001/635
f 1002/1002/636 1001/1001/635 998/998/632
f 1002/1002/636 998/998/632 516/516/310
f 515/515/309 1003/1003/614 1002/1002/636
f 515/515/309 1002/1002/636 516/516/310
f 1004/1004/637 1005/1005/638 999/999/633
f 1004/1004/637 999/999/633 1000/1000/634
f 1004/1004/637 1000/1000/634 1001/1001/635
f 1004/1004/637 1001/1001/635 1006/1006/639
f 1001/1001/635 1002/1002/636 1007/1007/640
f 1001/1001/635 1007/1007/640 1006/1006/639
f 1008/1008/615 1009/1009/616 1002/1002/636
f 1008/1008/615 1002/1002/636 1003/1003/614
f 1009/1009/616 1010/1010/617 1007/1007/640
f 1009/1009/616 1007/1007/640 1002/1002/636
f 1011/1011/622 1012/1012/641 983/983/620
f 1011/1011/622 983/983/620 984/984/294
f 1012/1012/641 1011/1011/622 1013/1013/624
f 1012/1012/641 1013/1013/624 1014/1014/642
f 1015/1015/620 1016/1016/641 1007/1007/640
f 1015/1015/620 1007/1007/640 1010/1010/617
f 1017/1017/643 1005/1005/638 1004/1004/637
f 1017/1017/643 1004/1004/637 1018/1018/644
f 1018/1018/644 1004/1004/637 1006/1006/639
f 1018/1018/644 1006/1006/639 1019/1019/645
f 1007/1007/640 1016/1016/641 1019/1019/645
f 1007/1007/640 1019/1019/645 1006/1006/639
f 1020/1020/646 1017/1017/643 1018/1018/644
f 1020/1020/646 1018/1018/644 1021/1021/647
f 1019/1019/645 1022/1022/648 1021/1021/647
f 1019/1019/645 1021/1021/647 1018/1018/644
f 1022/1022/648 1019/1019/645 1016/1016/641
f 1022/1022/648 1016/1016/641 1023/1023/642
f 1024/1024/627 1025/1025/647 1026/1026/648
f 1024/1024/627 1026/1026/648 1027/1027/625
f 1027/1027/625 1026/1026/648 1028/1028/642
f 1027/1027/625 1028/1028/642 1029/1029/624
f 626/626/403 625/625/402 905/905/573
f 626/626/403 905/905/573 1030/1030/649
f 1030/1030/649 905/905/573 628/628/405
f 1030/1030/649 628/628/405 631/631/408
f 632/632/409 483/483/280 455/455/255
f 632/632/409 455/455/255 634/634/411
f 1031/1031/219 701/701/220 700/700/455
f 1031/1031/219 700/700/455 1032/1032/650
f 1032/1032/650 700/700/455 642/642/419
f 1032/1032/650 642/642/419 644/644/421
f 1033/1033/651 1034/1034/229 518/518/232
f 1033/1033/651 518/518/232 517/517/311
f 643/643/420 424/424/230 423/423/229
f 643/643/420 423/423/229 1035/1035/651
f 1036/1036/629 1037/1037/646 1025/1025/647
f 1036/1036/629 1025/1025/647 1024/1024/627
f 510/510/304 1038/1038/305 1039/1039/652
f 510/510/304 1039/1039/652 511/511/306
f 627/627/404 1040/1040/652 509/509/305
f 627/627/404 509/509/305 520/520/302
f 624/624/395 627/627/404 626/626/403
f 624/624/395 626/626/403 1041/1041/653
f 1042/1042/654 631/631/408 630/630/407
f 1042/1042/654 630/630/407 1043/1043/655
f 1043/1043/655 630/630/407 632/632/409
f 1043/1043/655 632/632/409 592/592/374
f 562/562/347 634/634/411 633/633/410
f 562/562/347 633/633/410 563/563/348
f 563/563/348 633/633/410 636/636/413
f 563/563/348 636/636/413 1044/1044/656
f 1044/1044/656 636/636/413 638/638/415
f 1044/1044/656 638/638/415 1045/1045/657
f 1045/1045/657 638/638/415 639/639/416
f 1045/1045/657 639/639/416 556/556/344
f 556/556/344 639/639/416 641/641/418
f 556/556/344 641/641/418 1046/1046/658
f 1046/1046/658 641/641/418 411/411/217
f 1046/1046/658 411/411/217 521/521/312
f 1047/1047/659 644/644/421 643/643/420
f 1047/1047/659 643/643/420 535/535/326
f 623/623/327 519/519/245 1048/1048/316
f 623/623/327 1048/1048/316 1049/1049/328
f 1050/1050/660 1051/1051/661 1046/1046/658
f 1050/1050/660 1046/1046/658 521/521/312
f 1052/1052/661 1053/1053/660 1054/1054/662
f 1052/1052/661 1054/1054/662 1055/1055/663
f 1056/1056/664 1057/1057/665 1058/1058/663
f 1056/1056/664 1058/1058/663 1059/1059/662
f 1060/1060/666 1057/1057/665 1056/1056/664
f 1060/1060/666 1056/1056/664 1061/1061/667
f 1062/1062/668 1060/1060/666 1061/1061/667
f 1062/1062/668 1061/1061/667 1063/1063/669
f 1064/1064/670 1065/1065/671 1062/1062/668
f 1064/1064/670 1062/1062/668 1063/1063/669
f 1066/1066/672 1067/1067/673 1068/1068/671
f 1066/1066/672 1068/1068/671 1069/1069/670
f 1070/1070/674 1071/1071/675 1067/1067/673
f 1070/1070/674 1067/1067/673 1066/1066/672
f 1072/1072/676 1073/1073/339 1071/1071/675
f 1072/1072/676 1071/1071/675 1070/1070/674
f 1074/1074/677 1075/1075/340 1073/1073/339
f 1074/1074/677 1073/1073/339 1072/1072/676
f 1076/1076/678 1077/1077/340 1078/1078/677
f 1076/1076/678 1078/1078/677 1079/1079/679
f 560/560/345 1076/1076/678 1079/1079/679
f 560/560/345 1079/1079/679 532/532/323
f 1049/1049/328 1048/1048/316 528/528/319
f 1049/1049/328 528/528/319 530/530/321
f 1079/1079/679 1078/1078/677 1080/1080/680
f 1079/1079/679 1080/1080/680 1081/1081/681
f 532/532/323 1079/1079/679 1081/1081/681
f 532/532/323 1081/1081/681 531/531/322
f 1070/1070/674 1066/1066/672 1082/1082/682
f 1070/1070/674 1082/1082/682 1083/1083/683
f 1072/1072/676 1070/1070/674 1083/1083/683
f 1072/1072/676 1083/1083/683 1084/1084/684
f 1074/1074/677 1072/1072/676 1084/1084/684
f 1074/1074/677 1084/1084/684 1085/1085/680
f 1086/1086/667 1087/1087/664 1088/1088/685
f 1086/1086/667 1088/1088/685 1089/1089/686
f 1090/1090/669 1086/1086/667 1089/1089/686
f 1090/1090/669 1089/1089/686 1091/1091/687
f 1091/1091/687 1092/1092/688 1093/1093/670
f 1091/1091/687 1093/1093/670 1090/1090/669
f 1094/1094/688 1082/1082/682 1066/1066/672
f 1094/1094/688 1066/1066/672 1069/1069/670
f 1095/1095/689 1088/1088/685 1087/1087/664
f 1095/1095/689 1087/1087/664 1096/1096/662
f 1097/1097/690 1098/1098/689 1054/1054/662
f 1097/1097/690 1054/1054/662 1053/1053/660
f 522/522/313 1099/1099/690 1050/1050/660
f 522/522/313 1050/1050/660 521/521/312
f 523/523/314 1100/1100/691 1099/1099/690
f 523/523/314 1099/1099/690 522/522/313
f 1101/1101/692 1100/1100/691 523/523/314
f 1101/1101/692 523/523/314 524/524/315
f 1102/1102/331 1103/1103/692 1104/1104/315
f 1102/1102/331 1104/1104/315 1105/1105/693
f 1106/1106/330 1102/1102/331 1105/1105/693
f 1106/1106/330 1105/1105/693 1047/1047/659
f 537/537/325 541/541/330 1107/1107/659
f 537/537/325 1107/1107/659 1108/1108/326
f 544/544/329 1109/1109/328 1110/1110/321
f 544/544/329 1110/1110/321 545/545/333
f 1098/1098/689 1097/1097/690 1111/1111/691
f 1098/1098/689 1111/1111/691 540/540/329
f 540/540/329 1111/1111/691 1112/1112/692
f 540/540/329 1112/1112/692 542/542/331
f 1113/1113/681 1114/1114/680 1115/1115/694
f 1113/1113/681 1115/1115/694 548/548/336
f 559/559/322 1113/1113/681 548/548/336
f 559/559/322 548/548/336 547/547/335
f 545/545/333 559/559/322 547/547/335
f 545/545/333 547/547/335 543/543/332
f 549/549/337 1116/1116/695 1091/1091/687
f 549/549/337 1091/1091/687 1089/1089/686
f 1089/1089/686 1088/1088/685 546/546/334
f 1089/1089/686 546/546/334 549/549/337
f 1088/1088/685 1095/1095/689 544/544/329
f 1088/1088/685 544/544/329 546/546/334
f 549/549/337 546/546/334 543/543/332
f 549/549/337 543/543/332 547/547/335
f 1116/1116/695 549/549/337 548/548/336
f 1116/1116/695 548/548/336 1115/1115/694
f 1116/1116/695 1115/1115/694 1117/1117/683
f 1116/1116/695 1117/1117/683 1118/1118/682
f 1117/1117/683 1115/1115/694 1114/1114/680
f 1117/1117/683 1114/1114/680 1119/1119/684
f 1092/1092/688 1091/1091/687 1116/1116/695
f 1092/1092/688 1116/1116/695 1118/1118/682
f 1120/1120/319 525/525/316 527/527/318
f 1120/1120/319 527/527/318 1121/1121/352
f 525/525/316 442/442/245 550/550/338
f 525/525/316 550/550/338 526/526/317
f 1121/1121/352 1122/1122/696 1123/1123/345
f 1121/1121/352 1123/1123/345 1120/1120/319
f 1122/1122/696 1124/1124/697 1125/1125/678
f 1122/1122/696 1125/1125/678 1123/1123/345
f 552/552/340 1125/1125/678 1124/1124/697
f 552/552/340 1124/1124/697 553/553/341
f 1126/1126/698 1127/1127/699 1067/1067/673
f 1126/1126/698 1067/1067/673 1071/1071/675
f 1127/1127/699 1128/1128/700 1068/1068/671
f 1127/1127/699 1068/1068/671 1067/1067/673
f 1129/1129/700 1130/1130/701 1062/1062/668
f 1129/1129/700 1062/1062/668 1065/1065/671
f 1130/1130/701 1131/1131/702 1060/1060/666
f 1130/1130/701 1060/1060/666 1062/1062/668
f 1131/1131/702 1132/1132/703 1057/1057/665
f 1131/1131/702 1057/1057/665 1060/1060/666
f 1057/1057/665 1132/1132/703 1133/1133/704
f 1057/1057/665 1133/1133/704 1058/1058/663
f 1134/1134/342 1052/1052/661 1055/1055/663
f 1134/1134/342 1055/1055/663 1135/1135/704
f 554/554/342 556/556/344 1046/1046/658
f 554/554/342 1046/1046/658 1051/1051/661
f 1136/1136/705 1137/1137/343 1134/1134/342
f 1136/1136/705 1134/1134/342 1135/1135/704
f 1138/1138/706 1126/1126/698 1071/1071/675
f 1138/1138/706 1071/1071/675 1073/1073/339
f 1139/1139/707 1140/1140/708 1132/1132/703
f 1139/1139/707 1132/1132/703 1131/1131/702
f 1141/1141/705 1133/1133/704 1132/1132/703
f 1141/1141/705 1132/1132/703 1140/1140/708
f 1142/1142/709 1139/1139/707 1131/1131/702
f 1142/1142/709 1131/1131/702 1130/1130/701
f 1143/1143/710 1144/1144/711 1128/1128/700
f 1143/1143/710 1128/1128/700 1127/1127/699
f 1129/1129/700 1145/1145/711 1142/1142/709
f 1129/1129/700 1142/1142/709 1130/1130/701
f 1146/1146/712 1143/1143/710 1127/1127/699
f 1146/1146/712 1127/1127/699 1126/1126/698
f 1147/1147/713 1146/1146/712 1126/1126/698
f 1147/1147/713 1126/1126/698 1138/1138/706
f 1148/1148/714 1138/1138/706 1073/1073/339
f 1148/1148/714 1073/1073/339 1149/1149/341
f 1150/1150/715 1147/1147/713 1138/1138/706
f 1150/1150/715 1138/1138/706 1148/1148/714
f 1151/1151/716 1152/1152/714 1153/1153/341
f 1151/1151/716 1153/1153/341 1154/1154/697
f 566/566/351 1151/1151/716 1154/1154/697
f 566/566/351 1154/1154/697 1155/1155/696
f 1156/1156/717 1157/1157/715 1152/1152/714
f 1156/1156/717 1152/1152/714 1151/1151/716
f 565/565/350 1156/1156/717 1151/1151/716
f 565/565/350 1151/1151/716 566/566/351
f 1045/1045/657 556/556/344 555/555/343
f 1045/1045/657 555/555/343 1158/1158/718
f 1136/1136/705 1159/1159/719 1160/1160/718
f 1136/1136/705 1160/1160/718 1137/1137/343
f 1140/1140/708 1161/1161/720 1162/1162/719
f 1140/1140/708 1162/1162/719 1141/1141/705
f 1139/1139/707 1163/1163/721 1161/1161/720
f 1139/1139/707 1161/1161/720 1140/1140/708
f 1142/1142/709 1164/1164/722 1163/1163/721
f 1142/1142/709 1163/1163/721 1139/1139/707
f 1145/1145/711 1165/1165/723 1164/1164/722
f 1145/1145/711 1164/1164/722 1142/1142/709
f 1166/1166/723 1144/1144/711 1143/1143/710
f 1166/1166/723 1143/1143/710 1167/1167/724
f 1146/1146/712 1168/1168/725 1167/1167/724
f 1146/1146/712 1167/1167/724 1143/1143/710
f 1168/1168/725 1146/1146/712 1147/1147/713
f 1168/1168/725 1147/1147/713 583/583/367
f 1169/1169/726 1170/1170/727 1157/1157/715
f 1169/1169/726 1157/1157/715 1156/1156/717
f 565/565/350 1171/1171/728 1169/1169/726
f 565/565/350 1169/1169/726 1156/1156/717
f 1172/1172/729 1163/1163/721 1164/1164/722
f 1172/1172/729 1164/1164/722 1173/1173/730
f 1163/1163/721 1172/1172/729 1174/1174/731
f 1163/1163/721 1174/1174/731 1161/1161/720
f 1175/1175/732 1162/1162/719 1161/1161/720
f 1175/1175/732 1161/1161/720 1174/1174/731
f 1159/1159/719 1176/1176/732 1177/1177/733
f 1159/1159/719 1177/1177/733 1160/1160/718
f 1158/1158/718 1178/1178/733 1044/1044/656
f 1158/1158/718 1044/1044/656 1045/1045/657
f 1176/1176/732 1179/1179/734 1180/1180/346
f 1176/1176/732 1180/1180/346 1177/1177/733
f 1178/1178/733 561/561/346 563/563/348
f 1178/1178/733 563/563/348 1044/1044/656
f 1181/1181/735 1182/1182/736 1174/1174/731
f 1181/1181/735 1174/1174/731 1172/1172/729
f 1183/1183/734 1175/1175/732 1174/1174/731
f 1183/1183/734 1174/1174/731 1182/1182/736
f 1184/1184/737 1181/1181/735 1172/1172/729
f 1184/1184/737 1172/1172/729 1173/1173/730
f 1184/1184/737 1173/1173/730 1185/1185/738
f 1184/1184/737 1185/1185/738 1186/1186/739
f 1165/1165/723 1185/1185/738 1173/1173/730
f 1165/1165/723 1173/1173/730 1164/1164/722
f 1187/1187/739 1188/1188/738 1189/1189/740
f 1187/1187/739 1189/1189/740 1190/1190/741
f 1188/1188/738 1166/1166/723 1167/1167/724
f 1188/1188/738 1167/1167/724 1189/1189/740
f 1168/1168/725 1191/1191/742 1189/1189/740
f 1168/1168/725 1189/1189/740 1167/1167/724
f 1190/1190/741 1189/1189/740 1191/1191/742
f 1190/1190/741 1191/1191/742 1192/1192/743
f 1191/1191/742 1168/1168/725 583/583/367
f 1191/1191/742 583/583/367 585/585/369
f 585/585/369 1193/1193/744 1192/1192/743
f 585/585/369 1192/1192/743 1191/1191/742
f 1190/1190/741 1194/1194/745 1195/1195/746
f 1190/1190/741 1195/1195/746 1187/1187/739
f 1196/1196/747 1194/1194/745 1190/1190/741
f 1196/1196/747 1190/1190/741 1192/1192/743
f 1193/1193/744 1197/1197/748 1196/1196/747
f 1193/1193/744 1196/1196/747 1192/1192/743
f 1184/1184/737 1186/1186/739 1198/1198/746
f 1184/1184/737 1198/1198/746 1199/1199/749
f 1199/1199/749 1200/1200/750 1181/1181/735
f 1199/1199/749 1181/1181/735 1184/1184/737
f 1200/1200/750 1201/1201/751 1182/1182/736
f 1200/1200/750 1182/1182/736 1181/1181/735
f 1201/1201/751 1202/1202/752 1183/1183/734
f 1201/1201/751 1183/1183/734 1182/1182/736
f 1199/1199/749 1198/1198/746 1203/1203/362
f 1199/1199/749 1203/1203/362 1204/1204/361
f 1204/1204/361 1205/1205/753 1200/1200/750
f 1204/1204/361 1200/1200/750 1199/1199/749
f 1205/1205/753 574/574/358 1201/1201/751
f 1205/1205/753 1201/1201/751 1200/1200/750
f 1202/1202/752 1201/1201/751 574/574/358
f 1202/1202/752 574/574/358 573/573/357
f 1183/1183/734 1202/1202/752 573/573/357
f 1183/1183/734 573/573/357 561/561/346
f 567/567/352 564/564/349 566/566/351
f 567/567/352 566/566/351 1155/1155/696
f 1171/1171/728 565/565/350 564/564/349
f 1171/1171/728 564/564/349 569/569/353
f 1169/1169/726 1206/1206/754 1207/1207/755
f 1169/1169/726 1207/1207/755 1170/1170/727
f 1171/1171/728 1208/1208/756 1206/1206/754
f 1171/1171/728 1206/1206/754 1169/1169/726
f 569/569/353 1209/1209/757 1208/1208/756
f 569/569/353 1208/1208/756 1171/1171/728
f 1210/1210/338 810/810/244 809/809/520
f 1210/1210/338 809/809/520 1211/1211/317
f 1212/1212/758 1213/1213/759 1209/1209/757
f 1212/1212/758 1209/1209/757 569/569/353
f 569/569/353 568/568/318 1211/1211/317
f 569/569/353 1211/1211/317 1212/1212/758
f 1214/1214/362 1195/1195/746 1194/1194/745
f 1214/1214/362 1194/1194/745 1215/1215/760
f 1216/1216/761 1215/1215/760 1194/1194/745
f 1216/1216/761 1194/1194/745 1196/1196/747
f 1217/1217/762 1216/1216/761 1196/1196/747
f 1217/1217/762 1196/1196/747 1197/1197/748
f 572/572/356 1218/1218/763 575/575/359
f 572/572/356 575/575/359 570/570/354
f 574/574/358 1205/1205/753 570/570/354
f 574/574/358 570/570/354 575/575/359
f 579/579/363 1219/1219/354 1220/1220/753
f 579/579/363 1220/1220/753 577/577/361
f 1218/1218/763 1221/1221/764 576/576/360
f 1218/1218/763 576/576/360 575/575/359
f 576/576/360 1221/1221/764 562/562/347
f 576/576/360 562/562/347 573/573/357
f 579/579/363 578/578/362 1222/1222/760
f 579/579/363 1222/1222/760 1223/1223/765
f 580/580/364 1224/1224/765 1215/1215/760
f 580/580/364 1215/1215/760 1216/1216/761
f 1216/1216/761 1217/1217/762 581/581/365
f 1216/1216/761 581/581/365 580/580/364
f 587/587/370 586/586/366 1225/1225/365
f 587/587/370 1225/1225/365 1226/1226/766
f 1225/1225/365 1227/1227/762 1228/1228/767
f 1225/1225/365 1228/1228/767 1226/1226/766
f 1227/1227/762 1229/1229/748 1230/1230/768
f 1227/1227/762 1230/1230/768 1228/1228/767
f 1231/1231/769 1232/1232/768 1197/1197/748
f 1231/1231/769 1197/1197/748 1193/1193/744
f 1193/1193/744 585/585/369 584/584/368
f 1193/1193/744 584/584/368 1231/1231/769
f 584/584/368 583/583/367 1233/1233/727
f 584/584/368 1233/1233/727 1234/1234/755
f 1235/1235/770 1231/1231/769 584/584/368
f 1235/1235/770 584/584/368 1234/1234/755
f 1236/1236/771 1232/1232/768 1231/1231/769
f 1236/1236/771 1231/1231/769 1235/1235/770
f 1237/1237/377 1238/1238/767 1232/1232/768
f 1237/1237/377 1232/1232/768 1236/1236/771
f 1239/1239/376 1240/1240/766 1238/1238/767
f 1239/1239/376 1238/1238/767 1237/1237/377
f 1241/1241/380 1242/1242/370 1240/1240/766
f 1241/1241/380 1240/1240/766 1239/1239/376
f 1150/1150/715 1233/1233/727 583/583/367
f 1150/1150/715 583/583/367 1147/1147/713
f 1243/1243/772 1244/1244/773 1245/1245/763
f 1243/1243/772 1245/1245/763 1246/1246/356
f 1247/1247/363 1224/1224/765 1248/1248/774
f 1247/1247/363 1248/1248/774 1249/1249/775
f 1250/1250/776 1248/1248/774 1224/1224/765
f 1250/1250/776 1224/1224/765 580/580/364
f 582/582/366 1251/1251/371 1250/1250/776
f 582/582/366 1250/1250/776 580/580/364
f 1252/1252/764 1245/1245/763 1244/1244/773
f 1252/1252/764 1244/1244/773 1253/1253/347
f 1254/1254/777 1243/1243/772 1246/1246/356
f 1254/1254/777 1246/1246/356 1255/1255/355
f 1256/1256/775 1254/1254/777 1255/1255/355
f 1256/1256/775 1255/1255/355 1257/1257/363
f 1258/1258/778 1259/1259/779 1260/1260/777
f 1258/1258/778 1260/1260/777 1261/1261/775
f 1262/1262/780 1263/1263/778 1249/1249/775
f 1262/1262/780 1249/1249/775 1248/1248/774
f 1250/1250/776 1264/1264/781 1262/1262/780
f 1250/1250/776 1262/1262/780 1248/1248/774
f 1264/1264/781 1250/1250/776 1251/1251/371
f 1264/1264/781 1251/1251/371 1265/1265/782
f 1266/1266/782 588/588/371 587/587/370
f 1266/1266/782 587/587/370 1267/1267/783
f 1268/1268/379 1269/1269/783 1242/1242/370
f 1268/1268/379 1242/1242/370 1241/1241/380
f 1259/1259/779 1270/1270/784 1271/1271/772
f 1259/1259/779 1271/1271/772 1260/1260/777
f 1270/1270/784 590/590/372 1272/1272/773
f 1270/1270/784 1272/1272/773 1271/1271/772
f 1259/1259/779 1273/1273/785 1274/1274/786
f 1259/1259/779 1274/1274/786 1270/1270/784
f 1270/1270/784 1274/1274/786 591/591/373
f 1270/1270/784 591/591/373 590/590/372
f 592/592/374 562/562/347 1272/1272/773
f 592/592/374 1272/1272/773 590/590/372
f 1273/1273/785 1275/1275/787 1276/1276/788
f 1273/1273/785 1276/1276/788 1274/1274/786
f 1277/1277/789 591/591/373 1274/1274/786
f 1277/1277/789 1274/1274/786 1276/1276/788
f 591/591/373 1277/1277/789 1043/1043/655
f 591/591/373 1043/1043/655 592/592/374
f 1273/1273/785 1259/1259/779 1258/1258/778
f 1273/1273/785 1258/1258/778 1278/1278/790
f 1275/1275/787 1273/1273/785 1278/1278/790
f 1275/1275/787 1278/1278/790 1279/1279/791
f 1280/1280/790 1263/1263/778 1262/1262/780
f 1280/1280/790 1262/1262/780 1281/1281/792
f 1282/1282/791 1280/1280/790 1281/1281/792
f 1282/1282/791 1281/1281/792 1283/1283/793
f 1283/1283/793 1281/1281/792 1284/1284/794
f 1283/1283/793 1284/1284/794 1285/1285/795
f 1281/1281/792 1262/1262/780 1264/1264/781
f 1281/1281/792 1264/1264/781 1284/1284/794
f 1286/1286/796 1287/1287/797 1285/1285/795
f 1286/1286/796 1285/1285/795 1284/1284/794
f 1284/1284/794 1264/1264/781 1265/1265/782
f 1284/1284/794 1265/1265/782 1286/1286/796
f 1267/1267/783 1288/1288/798 1289/1289/796
f 1267/1267/783 1289/1289/796 1266/1266/782
f 1288/1288/798 1290/1290/799 1291/1291/797
f 1288/1288/798 1291/1291/797 1289/1289/796
f 1292/1292/798 1269/1269/783 1268/1268/379
f 1292/1292/798 1268/1268/379 1293/1293/800
f 1293/1293/800 1294/1294/801 1295/1295/799
f 1293/1293/800 1295/1295/799 1292/1292/798
f 1277/1277/789 1296/1296/802 1042/1042/654
f 1277/1277/789 1042/1042/654 1043/1043/655
f 1296/1296/802 1277/1277/789 1276/1276/788
f 1296/1296/802 1276/1276/788 1297/1297/803
f 1275/1275/787 1298/1298/804 1297/1297/803
f 1275/1275/787 1297/1297/803 1276/1276/788
f 1279/1279/791 1299/1299/805 1298/1298/804
f 1279/1279/791 1298/1298/804 1275/1275/787
f 1283/1283/793 1300/1300/806 1301/1301/805
f 1283/1283/793 1301/1301/805 1282/1282/791
f 1285/1285/795 1302/1302/807 1300/1300/806
f 1285/1285/795 1300/1300/806 1283/1283/793
f 1287/1287/797 1303/1303/808 1302/1302/807
f 1287/1287/797 1302/1302/807 1285/1285/795
f 1304/1304/808 1291/1291/797 1290/1290/799
f 1304/1304/808 1290/1290/799 1305/1305/809
f 1306/1306/810 1042/1042/654 1296/1296/802
f 1306/1306/810 1296/1296/802 1307/1307/811
f 1041/1041/653 1306/1306/810 1307/1307/811
f 1041/1041/653 1307/1307/811 1308/1308/812
f 1308/1308/812 1309/1309/396 624/624/395
f 1308/1308/812 624/624/395 1041/1041/653
f 1308/1308/812 1307/1307/811 1310/1310/813
f 1308/1308/812 1310/1310/813 1311/1311/814
f 1307/1307/811 1296/1296/802 1297/1297/803
f 1307/1307/811 1297/1297/803 1310/1310/813
f 1312/1312/815 1309/1309/396 1308/1308/812
f 1312/1312/815 1308/1308/812 1311/1311/814
f 614/614/396 1313/1313/815 1314/1314/816
f 614/614/396 1314/1314/816 611/611/393
f 1298/1298/804 1315/1315/817 1310/1310/813
f 1298/1298/804 1310/1310/813 1297/1297/803
f 1315/1315/817 1316/1316/818 1311/1311/814
f 1315/1315/817 1311/1311/814 1310/1310/813
f 1317/1317/819 1312/1312/815 1311/1311/814
f 1317/1317/819 1311/1311/814 1316/1316/818
f 1299/1299/805 1318/1318/820 1315/1315/817
f 1299/1299/805 1315/1315/817 1298/1298/804
f 1316/1316/818 1315/1315/817 1318/1318/820
f 1316/1316/818 1318/1318/820 1319/1319/821
f 1319/1319/821 1320/1320/822 1317/1317/819
f 1319/1319/821 1317/1317/819 1316/1316/818
f 1321/1321/820 1301/1301/805 1300/1300/806
f 1321/1321/820 1300/1300/806 1322/1322/823
f 1323/1323/821 1321/1321/820 1322/1322/823
f 1323/1323/821 1322/1322/823 1324/1324/824
f 1324/1324/824 1325/1325/825 1326/1326/822
f 1324/1324/824 1326/1326/822 1323/1323/821
f 1302/1302/807 1327/1327/826 1322/1322/823
f 1302/1302/807 1322/1322/823 1300/1300/806
f 1327/1327/826 1328/1328/827 1324/1324/824
f 1327/1327/826 1324/1324/824 1322/1322/823
f 1328/1328/827 1329/1329/828 1325/1325/825
f 1328/1328/827 1325/1325/825 1324/1324/824
f 1327/1327/826 1302/1302/807 1303/1303/808
f 1327/1327/826 1303/1303/808 1330/1330/829
f 1330/1330/829 1331/1331/830 1328/1328/827
f 1330/1330/829 1328/1328/827 1327/1327/826
f 1331/1331/830 1332/1332/831 1329/1329/828
f 1331/1331/830 1329/1329/828 1328/1328/827
f 1333/1333/832 1334/1334/833 1329/1329/828
f 1333/1333/832 1329/1329/828 1332/1332/831
f 1335/1335/834 1325/1325/825 1329/1329/828
f 1335/1335/834 1329/1329/828 1334/1334/833
f 1335/1335/834 1336/1336/835 1326/1326/822
f 1335/1335/834 1326/1326/822 1325/1325/825
f 1337/1337/383 1338/1338/816 1312/1312/815
f 1337/1337/383 1312/1312/815 1317/1317/819
f 1339/1339/835 1337/1337/383 1317/1317/819
f 1339/1339/835 1317/1317/819 1320/1320/822
f 1305/1305/809 1340/1340/836 1341/1341/829
f 1305/1305/809 1341/1341/829 1304/1304/808
f 1340/1340/836 1342/1342/837 1343/1343/830
f 1340/1340/836 1343/1343/830 1341/1341/829
f 1344/1344/838 1345/1345/831 1343/1343/830
f 1344/1344/838 1343/1343/830 1342/1342/837
f 1346/1346/839 1347/1347/832 1345/1345/831
f 1346/1346/839 1345/1345/831 1344/1344/838
f 1348/1348/771 1349/1349/770 593/593/375
f 1348/1348/771 593/593/375 595/595/377
f 593/593/375 1349/1349/770 1207/1207/755
f 593/593/375 1207/1207/755 1206/1206/754
f 596/596/378 598/598/380 594/594/376
f 596/596/378 594/594/376 593/593/375
f 1209/1209/757 1350/1350/840 1206/1206/754
f 1209/1209/757 1206/1206/754 1208/1208/756
f 596/596/378 593/593/375 1206/1206/754
f 596/596/378 1206/1206/754 1350/1350/840
f 1213/1213/759 1351/1351/841 1350/1350/840
f 1213/1213/759 1350/1350/840 1209/1209/757
f 1352/1352/800 597/597/379 596/596/378
f 1352/1352/800 596/596/378 1353/1353/842
f 1353/1353/842 1354/1354/843 1355/1355/801
f 1353/1353/842 1355/1355/801 1352/1352/800
f 1356/1356/844 1353/1353/842 596/596/378
f 1356/1356/844 596/596/378 1350/1350/840
f 1357/1357/845 1354/1354/843 1353/1353/842
f 1357/1357/845 1353/1353/842 1356/1356/844
f 1351/1351/841 1358/1358/846 1356/1356/844
f 1351/1351/841 1356/1356/844 1350/1350/840
f 1358/1358/846 1359/1359/847 1357/1357/845
f 1358/1358/846 1357/1357/845 1356/1356/844
f 1360/1360/381 1335/1335/834 1334/1334/833
f 1360/1360/381 1334/1334/833 1361/1361/384
f 1334/1334/833 1333/1333/832 1362/1362/386
f 1334/1334/833 1362/1362/386 1361/1361/384
f 1363/1363/834 599/599/381 601/601/383
f 1363/1363/834 601/601/383 1364/1364/835
f 1347/1347/832 1346/1346/839 605/605/387
f 1347/1347/832 605/605/387 604/604/386
f 1365/1365/809 1295/1295/799 1294/1294/801
f 1365/1365/809 1294/1294/801 1366/1366/399
f 1367/1367/836 1365/1365/809 1366/1366/399
f 1367/1367/836 1366/1366/399 1368/1368/401
f 809/809/520 1213/1213/759 1212/1212/758
f 809/809/520 1212/1212/758 1211/1211/317
f 968/968/611 1351/1351/841 1213/1213/759
f 968/968/611 1213/1213/759 809/809/520
f 969/969/612 1358/1358/846 1351/1351/841
f 969/969/612 1351/1351/841 968/968/611
f 970/970/613 1359/1359/847 1358/1358/846
f 970/970/613 1358/1358/846 969/969/612
f 1369/1369/837 1367/1367/836 1368/1368/401
f 1369/1369/837 1368/1368/401 1370/1370/848
f 1371/1371/849 1372/1372/838 1369/1369/837
f 1371/1371/849 1369/1369/837 1370/1370/848
f 1373/1373/850 1374/1374/839 1372/1372/838
f 1373/1373/850 1372/1372/838 1371/1371/849
f 1375/1375/851 1376/1376/387 1374/1374/839
f 1375/1375/851 1374/1374/839 1373/1373/850
f 1377/1377/852 610/610/392 609/609/391
f 1377/1377/852 609/609/391 1378/1378/853
f 1378/1378/853 609/609/391 611/611/393
f 1378/1378/853 611/611/393 1314/1314/816
f 1314/1314/816 601/601/383 600/600/382
f 1314/1314/816 600/600/382 1378/1378/853
f 1379/1379/389 1377/1377/852 1378/1378/853
f 1379/1379/389 1378/1378/853 600/600/382
f 603/603/385 1379/1379/389 600/600/382
f 603/603/385 600/600/382 599/599/381
f 602/602/384 1380/1380/386 1379/1379/389
f 602/602/384 1379/1379/389 603/603/385
f 1381/1381/854 1382/1382/388 1376/1376/387
f 1381/1381/854 1376/1376/387 1375/1375/851
f 612/612/394 614/614/396 611/611/393
f 612/612/394 611/611/393 608/608/390
f 619/619/392 1383/1383/852 1384/1384/855
f 619/619/392 1384/1384/855 615/615/397
f 607/607/389 606/606/388 1384/1384/855
f 607/607/389 1384/1384/855 1383/1383/852
f 1385/1385/856 1386/1386/857 1384/1384/855
f 1385/1385/856 1384/1384/855 606/606/388
f 1387/1387/858 1388/1388/859 1386/1386/857
f 1387/1387/858 1386/1386/857 1385/1385/856
f 615/615/397 1384/1384/855 1386/1386/857
f 615/615/397 1386/1386/857 1389/1389/860
f 1388/1388/859 1390/1390/861 1389/1389/860
f 1388/1388/859 1389/1389/860 1386/1386/857
f 1390/1390/861 994/994/629 993/993/628
f 1390/1390/861 993/993/628 1389/1389/860
f 1389/1389/860 993/993/628 995/995/307
f 1389/1389/860 995/995/307 615/615/397
f 970/970/613 997/997/631 1391/1391/862
f 970/970/613 1391/1391/862 1359/1359/847
f 1359/1359/847 1391/1391/862 1392/1392/863
f 1359/1359/847 1392/1392/863 1357/1357/845
f 621/621/400 1354/1354/843 1357/1357/845
f 621/621/400 1357/1357/845 1392/1392/863
f 620/620/399 1355/1355/801 1354/1354/843
f 620/620/399 1354/1354/843 621/621/400
f 999/999/633 1393/1393/864 1391/1391/862
f 999/999/633 1391/1391/862 997/997/631
f 1393/1393/864 1394/1394/865 1392/1392/863
f 1393/1393/864 1392/1392/863 1391/1391/862
f 1395/1395/866 621/621/400 1392/1392/863
f 1395/1395/866 1392/1392/863 1394/1394/865
f 622/622/401 621/621/400 1395/1395/866
f 622/622/401 1395/1395/866 1396/1396/848
f 1397/1397/867 1393/1393/864 999/999/633
f 1397/1397/867 999/999/633 1005/1005/638
f 1397/1397/867 1398/1398/868 1394/1394/865
f 1397/1397/867 1394/1394/865 1393/1393/864
f 1394/1394/865 1398/1398/868 1399/1399/869
f 1394/1394/865 1399/1399/869 1395/1395/866
f 1400/1400/849 1396/1396/848 1395/1395/866
f 1400/1400/849 1395/1395/866 1401/1401/850
f 1401/1401/850 1395/1395/866 1399/1399/869
f 1401/1401/850 1399/1399/869 1402/1402/851
f 1403/1403/856 1382/1382/388 1381/1381/854
f 1403/1403/856 1381/1381/854 1404/1404/870
f 1404/1404/870 1405/1405/871 1406/1406/858
f 1404/1404/870 1406/1406/858 1403/1403/856
f 1407/1407/854 1402/1402/851 1399/1399/869
f 1407/1407/854 1399/1399/869 1408/1408/870
f 1017/1017/643 1409/1409/872 1397/1397/867
f 1017/1017/643 1397/1397/867 1005/1005/638
f 1409/1409/872 1410/1410/873 1398/1398/868
f 1409/1409/872 1398/1398/868 1397/1397/867
f 1399/1399/869 1398/1398/868 1410/1410/873
f 1399/1399/869 1410/1410/873 1408/1408/870
f 1020/1020/646 1411/1411/874 1409/1409/872
f 1020/1020/646 1409/1409/872 1017/1017/643
f 1410/1410/873 1409/1409/872 1411/1411/874
f 1410/1410/873 1411/1411/874 1412/1412/875
f 1412/1412/875 1413/1413/871 1408/1408/870
f 1412/1412/875 1408/1408/870 1410/1410/873
f 1414/1414/861 1415/1415/859 1416/1416/875
f 1414/1414/861 1416/1416/875 1417/1417/874
f 1415/1415/859 1418/1418/858 1419/1419/871
f 1415/1415/859 1419/1419/871 1416/1416/875
f 626/626/403 1030/1030/649 1306/1306/810
f 626/626/403 1306/1306/810 1041/1041/653
f 1030/1030/649 631/631/408 1042/1042/654
f 1030/1030/649 1042/1042/654 1306/1306/810
f 632/632/409 634/634/411 562/562/347
f 632/632/409 562/562/347 592/592/374
f 1031/1031/219 1032/1032/650 1105/1105/693
f 1031/1031/219 1105/1105/693 1104/1104/315
f 1032/1032/650 644/644/421 1047/1047/659
f 1032/1032/650 1047/1047/659 1105/1105/693
f 1033/1033/651 517/517/311 623/623/327
f 1033/1033/651 623/623/327 1420/1420/324
f 643/643/420 1035/1035/651 533/533/324
f 643/643/420 533/533/324 535/535/326
f 1036/1036/629 1414/1414/861 1417/1417/874
f 1036/1036/629 1417/1417/874 1037/1037/646
f 618/618/397 511/511/306 1039/1039/652
f 618/618/397 1039/1039/652 1421/1421/398
f 627/627/404 624/624/395 616/616/398
f 627/627/404 616/616/398 1040/1040/652
# Vertices: 1013, normals: 661, texture coordinates: 1013, faces: 1318

o obj6
v 0.22438846 0.36907745 -0.18024965
v 0.26968476 0.3698387 -0.17988835
v 0.22713471 0.31949878 -0.17994696
v 0.14982498 0.43075585 -0.11299942
v -0.00455874 0.42060317 -0.10717085
v 0.14407866 0.43289131 -0.10152148
v 0.19415269 0.36974595 -0.1052508
v 0.22063174 0.38245987 -0.11693272
v 0.21579593 0.36978205 -0.11133858
v 0.29446364 0.43724381 -0.10171791
v 0.28460312 0.44961197 -0.11045129
v 0.29177364 0.44939126 -0.10051263
v 0.29244152 0.3790897 -0.09507933
v 0.29387556 0.37928223 -0.08670196
v 0.28227924 0.3712315 -0.08634559
v 0.30049142 0.37092254 -0.09127544
v 0.28227924 0.3712315 -0.08634559
v 0.28190241 0.37122331 -0.06365517
v 0.28120669 0.37120812 0.06458721
v 0.29808668 0.37026057 0.27432408
v 0.28099244 0.37120343 0.25396709
v 0.27786397 0.37037002 0.29118736
v 0.19382285 0.41342587 0.31774376
v 0.18186979 0.41176073 0.29159945
v 0.1872676 0.42369611 0.30743502
v 0.19494813 0.44452367 0.3061851
v 0.1872676 0.42369611 0.30743502
v 0.20009128 0.42755896 0.31752055
v 0.19411773 0.36115756 0.29437024
v 0.20517996 0.36139604 0.29432083
v 0.1948537 0.36813178 0.29359137
v 0.1948537 0.36813178 0.29359137
v 0.19392817 0.37733591 0.32132631
v 0.19402663 0.3661481 0.31831203
v 0.19415269 0.38000538 0.31133088
v 0.19415269 0.38000538 0.31133088
v 0.20860189 0.37663528 0.31788522
v 0.20509719 0.39610895 0.32625962
v 0.27786397 0.37037002 0.29118736
v 0.24521541 0.36445693 0.29550988
v 0.28107749 0.33215193 0.29104082
v 0.30149661 0.33522012 -0.09107788
v 0.29505068 0.32874993 0.06682445
v 0.29525107 0.32878658 -0.06330161
v 0.29623295 0.32917862 0.25634159
v 0.29872645 0.33524494 0.27463396
v 0.29269825 0.3285574 0.27131602
v 0.21959277 0.31576862 0.29052284
v 0.220269 0.3210093 0.29399873
v 0.2081353 0.31890662 0.29401104
v -0.00455874 0.30146573 -0.17231241
v 0.29269825 0.3285574 0.27131602
v 0.27721684 0.32558833 0.28439343
v 0.19415269 0.38000538 0.31133088
v 0.20509719 0.39610895 0.32625962
v 0.19415269 0.39562206 0.31869998
v -0.23350594 0.36907745 -0.18024965
v -0.2362522 0.31949878 -0.17994696
v -0.27880225 0.3698387 -0.17988835
v -0.15894246 0.43075585 -0.11299942
v -0.15319615 0.43289131 -0.10152148
v -0.20327018 0.36974595 -0.1052508
v -0.22491342 0.36978205 -0.11133858
v -0.22974923 0.38245987 -0.11693272
v -0.30358113 0.43724381 -0.10171791
v -0.30089113 0.44939126 -0.10051263
v -0.29372061 0.44961197 -0.11045129
v -0.301559 0.3790897 -0.09507933
v -0.29139672 0.3712315 -0.08634559
v -0.30299305 0.37928223 -0.08670196
v -0.3096089 0.37092254 -0.09127544
v -0.2910199 0.37122331 -0.06365517
v -0.29139672 0.3712315 -0.08634559
v -0.29032418 0.37120812 0.06458721
v -0.30720416 0.37026057 0.27432408
v -0.28698146 0.37037002 0.29118736
v -0.29010992 0.37120343 0.25396709
v -0.20294033 0.41342587 0.31774376
v -0.19638509 0.42369611 0.30743502
v -0.19098728 0.41176073 0.29159945
v -0.20406561 0.44452367 0.3061851
v -0.20920877 0.42755896 0.31752055
v -0.19638509 0.42369611 0.30743502
v -0.20323522 0.36115756 0.29437024
v -0.20397119 0.36813178 0.29359137
v -0.21429744 0.36139604 0.29432083
v -0.20397119 0.36813178 0.29359137
v -0.20314411 0.3661481 0.31831203
v -0.20304565 0.37733591 0.32132631
v -0.20327018 0.38000538 0.31133088
v -0.20327018 0.38000538 0.31133088
v -0.21421467 0.39610895 0.32625962
v -0.21771937 0.37663528 0.31788522
v -0.28698146 0.37037002 0.29118736
v -0.29019498 0.33215193 0.29104082
v -0.2543329 0.36445693 0.29550988
v -0.31061409 0.33522012 -0.09107788
v -0.30436856 0.32878658 -0.06330161
v -0.30416817 0.32874993 0.06682445
v -0.30535044 0.32917862 0.25634159
v -0.30181574 0.3285574 0.27131602
v -0.30784394 0.33524494 0.27463396
v -0.22871026 0.31576862 0.29052284
v -0.21725279 0.31890662 0.29401104
v -0.22938649 0.3210093 0.29399873
v -0.28633432 0.32558833 0.28439343
v -0.30181574 0.3285574 0.27131602
v -0.20327018 0.38000538 0.31133088
v -0.20327018 0.39562206 0.31869998
v -0.21421467 0.39610895 0.32625962
v 0.18254696 0.42792013 0.29081839
v 0.14179442 0.43000813 0.29175066
v 0.14540762 0.42643532 0.30856641
v 0.1872676 0.42369611 0.30743502
v 0.18454102 0.43570328 0.25067491
v 0.14329386 0.43896622 0.25099185
v 0.18444643 0.43586495 0.06518441
v 0.14319184 0.4391773 0.06525386
v 0.18451427 0.43585909 -0.05872713
v 0.14319935 0.43917409 -0.0588712
v 0.18366001 0.43213062 -0.08614444
v 0.14270535 0.43490128 -0.08710114
v 0.18538076 0.42970759 -0.0992945
v 0.1928375 0.42359034 -0.11047985
v 0.19318104 0.41595846 -0.18149312
v 0.15022719 0.41335293 -0.1813346
v 0.19415269 0.39392672 -0.18189635
v 0.19318104 0.41595846 -0.18149312
v 0.1928375 0.42359034 -0.11047985
v 0.19415269 0.39683203 -0.11397784
v 0.19415269 0.39095652 -0.11208477
v 0.19415269 0.38870485 -0.18185184
v 0.15022719 0.41335293 -0.1813346
v 0.19318104 0.41595846 -0.18149312
v 0.19415269 0.39392672 -0.18189635
v 0.19415269 0.38870485 -0.18185184
v -0.00455874 0.34566475 -0.18236756
v -0.00455874 0.40357418 -0.18032615
v 0.19415269 0.36985389 -0.18169107
v 0.19517405 0.31265311 -0.1784167
v -0.00451285 0.30439987 -0.17965357
v 0.09394775 0.30531953 -0.17852121
v 0.27406167 0.37105235 -0.09734106
v 0.30091821 0.3702817 -0.15019539
v 0.28994418 0.36941904 -0.17222693
v 0.21579593 0.36978205 -0.11133858
v 0.22438846 0.36907745 -0.18024965
v 0.19415269 0.36985389 -0.18169107
v 0.19415269 0.36974595 -0.1052508
v 0.26968476 0.3698387 -0.17988835
v 0.28994418 0.36941904 -0.17222693
v 0.28934679 0.3315109 -0.17229273
v 0.30070049 0.33412794 -0.15250177
v 0.28934679 0.3315109 -0.17229273
v 0.28994418 0.36941904 -0.17222693
v 0.30091821 0.3702817 -0.15019539
v 0.30049142 0.37092254 -0.09127544
v 0.19277988 0.45325168 -0.08891607
v 0.19529484 0.44870414 -0.10042624
v 0.18538076 0.42970759 -0.0992945
v 0.18366001 0.43213062 -0.08614444
v 0.18451427 0.43585909 -0.05872713
v 0.19307902 0.45361068 -0.06279371
v 0.18444643 0.43586495 0.06518441
v 0.19337039 0.4538718 0.06533805
v 0.18454102 0.43570328 0.25067491
v 0.19330524 0.45378153 0.25109235
v 0.18254696 0.42792013 0.29081839
v 0.1930266 0.45342699 0.29095111
v 0.25211558 0.48814333 -0.08955802
v 0.25358588 0.48290457 -0.10045328
v 0.19529484 0.44870414 -0.10042624
v 0.19277988 0.45325168 -0.08891607
v 0.25212797 0.48817881 -0.06365675
v 0.25211558 0.48814333 -0.08955802
v 0.25226276 0.48822837 0.06496657
v 0.2523086 0.48823692 0.25214229
v 0.25233659 0.488194 0.29185207
v 0.1930266 0.45342699 0.29095111
v 0.19494813 0.44452367 0.3061851
v 0.25455947 0.47889211 0.30692181
v 0.25233659 0.488194 0.29185207
v 0.26412078 0.48815107 -0.08969721
v 0.26445422 0.48410439 -0.09970064
v 0.2747911 0.48140947 -0.08953048
v 0.27462438 0.47808598 -0.09870028
v 0.26445422 0.48410439 -0.09970064
v 0.26412078 0.48815107 -0.08969721
v 0.26312044 0.48858298 -0.0636883
v 0.27462436 0.48155967 -0.0636883
v 0.25212797 0.48817881 -0.06365675
v 0.26312044 0.48858298 -0.0636883
v 0.25226276 0.48822837 0.06496657
v 0.26295371 0.48865264 0.06535588
v 0.26295371 0.48865264 0.06535588
v 0.27329058 0.48271724 0.06568932
v 0.2523086 0.48823692 0.25214229
v 0.26283732 0.48871267 0.25243025
v 0.27329058 0.48271724 0.06568932
v 0.27321428 0.48282927 0.2523543
v 0.26286782 0.48865739 0.29203677
v 0.27325875 0.48274368 0.29218735
v 0.26316899 0.48100154 0.30589132
v 0.27250578 0.47764663 0.3043854
v 0.28345952 0.47142485 -0.08954754
v 0.28304828 0.46780402 -0.09955028
v 0.29342285 0.45251138 -0.08935345
v 0.28323071 0.47175556 -0.06371041
v 0.29308561 0.45359556 -0.06419827
v 0.28194013 0.47350038 0.06567394
v 0.2923446 0.45593687 0.0657352
v 0.27321428 0.48282927 0.2523543
v 0.2819922 0.47351012 0.25253027
v 0.29192633 0.45688091 0.25237454
v 0.28186391 0.47366102 0.29210381
v 0.29207183 0.4566192 0.29185177
v 0.27325875 0.48274368 0.29218735
v -0.00455874 0.41897871 0.29095541
v -0.00455874 0.41539472 0.30743798
v -0.00455874 0.42782794 0.2498641
v -0.00455874 0.42782797 0.0654974
v -0.00455874 0.42782801 -0.05778884
v -0.00455874 0.42358481 -0.08722665
v -0.00455874 0.40357418 -0.18032615
v 0.19415269 0.36974595 -0.1052508
v 0.19415269 0.36985389 -0.18169107
v 0.27250578 0.47764663 0.3043854
v 0.27712407 0.47207952 0.30586542
v 0.28597533 0.45661459 0.3079803
v 0.1928375 0.42359034 -0.11047985
v 0.2005377 0.43625669 -0.11077942
v 0.2005377 0.43625669 -0.11077942
v 0.25640075 0.46946281 -0.11009525
v 0.26635169 0.47143738 -0.10938363
v 0.27462438 0.47808598 -0.09870028
v 0.27422956 0.47009072 -0.10713768
v 0.27422956 0.47009072 -0.10713768
v 0.2788623 0.46298248 -0.10844776
v 0.20633435 0.41843898 -0.11718665
v 0.2005377 0.43625669 -0.11077942
v 0.25640075 0.46946281 -0.11009525
v 0.25957324 0.44960124 -0.11676625
v 0.26635169 0.47143738 -0.10938363
v 0.27422956 0.47009072 -0.10713768
v 0.28460312 0.44961197 -0.11045129
v 0.2788623 0.46298248 -0.10844776
v 0.26611676 0.43052072 -0.11966986
v 0.21368326 0.40236385 -0.11970992
v 0.27186632 0.40995148 -0.11970992
v 0.27725718 0.38985349 -0.11507314
v 0.21579593 0.36978205 -0.11133858
v 0.27725718 0.38985349 -0.11507314
v 0.28316139 0.37668101 -0.10223664
v 0.27406167 0.37105235 -0.09734106
v 0.1928375 0.42359034 -0.11047985
v 0.19415269 0.39683203 -0.11397784
v 0.19415269 0.39095652 -0.11208477
v 0.27186632 0.40995148 -0.11970992
v 0.26611676 0.43052072 -0.11966986
v 0.29874959 0.41807681 -0.10154688
v 0.29446364 0.43724381 -0.10171791
v 0.27725718 0.38985349 -0.11507314
v 0.29949873 0.39581714 -0.10053421
v 0.28316139 0.37668101 -0.10223664
v 0.29244152 0.3790897 -0.09507933
v 0.28227924 0.3712315 -0.08634559
v 0.29761808 0.43716202 -0.08947669
v 0.30130953 0.41919252 -0.09085928
v 0.30227126 0.39646746 -0.09023078
v 0.29739269 0.43841583 -0.06526723
v 0.30132271 0.4203169 -0.06484306
v 0.30268127 0.39908399 -0.06562725
v 0.29574658 0.38176083 -0.06487437
v 0.28190241 0.37122331 -0.06365517
v 0.2967477 0.44138622 0.06613475
v 0.30049044 0.42414977 0.06588127
v 0.30296445 0.40184378 0.06638823
v 0.29679402 0.38333994 0.06638823
v 0.29658256 0.44214666 0.25269392
v 0.30027029 0.42516366 0.25294743
v 0.30296469 0.40184378 0.25370784
v 0.29612101 0.38232604 0.25421481
v 0.29655566 0.4422706 0.29144967
v 0.2919066 0.44240756 0.30788618
v 0.30001515 0.42599394 0.29188218
v 0.29549099 0.42489261 0.30777248
v 0.3029336 0.40270883 0.29219711
v 0.29837395 0.40333843 0.30698583
v 0.29693749 0.38382955 0.29235417
v 0.29192725 0.38493088 0.30651384
v 0.28120669 0.37120812 0.06458721
v 0.28099244 0.37120343 0.25396709
v 0.27786397 0.37037002 0.29118736
v 0.29808668 0.37026057 0.27432408
v 0.28107749 0.33215193 0.29104082
v 0.27786397 0.37037002 0.29118736
v 0.27867261 0.37282414 0.30004787
v 0.29192725 0.38493088 0.30651384
v 0.29837395 0.40333843 0.30698583
v 0.27791866 0.38621921 0.31506658
v 0.27867261 0.37282414 0.30004787
v 0.27330339 0.40587925 0.32357041
v 0.27791866 0.38621921 0.31506658
v 0.26842816 0.42820209 0.32758343
v 0.26364752 0.44635151 0.32409462
v 0.28597533 0.45661459 0.3079803
v 0.27712407 0.47207952 0.30586542
v 0.25867335 0.46426089 0.31597456
v 0.26364752 0.44635151 0.32409462
v 0.26316899 0.48100154 0.30589132
v 0.27250578 0.47764663 0.3043854
v 0.25455947 0.47889211 0.30692181
v 0.19494813 0.44452367 0.3061851
v 0.20009128 0.42755896 0.31752055
v 0.20257477 0.41413081 0.32338441
v 0.26842816 0.42820209 0.32758343
v 0.27330339 0.40587925 0.32357041
v 0.22065875 0.35917731 0.2946406
v 0.19382663 0.39443186 0.32373828
v 0.19415269 0.39562206 0.31869998
v 0.21368765 0.35886614 0.29438282
v 0.147364 0.41375699 0.31824344
v 0.19382285 0.41342587 0.31774376
v 0.19382663 0.39443186 0.32373828
v 0.19382285 0.41342587 0.31774376
v 0.147364 0.41375699 0.31824344
v 0.14906834 0.3964096 0.32329328
v 0.14830255 0.38130315 0.32302685
v 0.19392817 0.37733591 0.32132631
v 0.19215137 0.35540942 0.29433296
v 0.19411773 0.36115756 0.29437024
v 0.19388663 0.35978688 0.31639647
v 0.1913393 0.35466609 0.31268562
v 0.19402663 0.3661481 0.31831203
v 0.14720424 0.36461697 0.31887791
v 0.14786905 0.35427519 0.31561457
v 0.19388663 0.35978688 0.31639647
v -0.00455874 0.39145103 0.32169748
v -0.00455874 0.39145103 0.32169748
v -0.00455874 0.36826483 0.32273637
v -0.00455874 0.3446291 0.31650278
v 0.1913393 0.35466609 0.31268562
v 0.19388663 0.35978688 0.31639647
v 0.14786905 0.35427519 0.31561457
v 0.14711601 0.35047647 0.31162626
v -0.00455874 0.3446291 0.31650278
v -0.00455874 0.33875823 0.31158006
v 0.19215137 0.35540942 0.29433296
v 0.1474628 0.34964066 0.29424368
v -0.00455874 0.33781547 0.29424368
v 0.220269 0.3210093 0.29399873
v 0.18113249 0.31664555 0.29420194
v 0.19215137 0.35540942 0.29433296
v 0.2081353 0.31890662 0.29401104
v 0.14884453 0.3134737 0.2940047
v 0.1474628 0.34964066 0.29424368
v -0.00455874 0.33781547 0.29424368
v -0.00455874 0.30824074 0.29421289
v 0.27721684 0.32558833 0.28439343
v 0.28107749 0.33215193 0.29104082
v 0.18113249 0.31664555 0.29420194
v 0.18099717 0.31063315 0.29014696
v 0.14884453 0.3134737 0.2940047
v 0.14859257 0.30826711 0.29043137
v -0.00455874 0.30824074 0.29421289
v -0.00455874 0.30225602 0.29030415
v 0.29510139 0.32898074 -0.15216964
v 0.28416768 0.32681858 -0.1667049
v 0.28934679 0.3315109 -0.17229273
v 0.28416768 0.32681858 -0.1667049
v 0.2243161 0.31589304 -0.17467332
v 0.22713471 0.31949878 -0.17994696
v 0.19287946 0.31077852 -0.17245147
v 0.19517405 0.31265311 -0.1784167
v -0.00451285 0.30439987 -0.17965357
v 0.09394775 0.30531953 -0.17852121
v 0.09398463 0.30351872 -0.17247127
v 0.29525107 0.32878658 -0.06330161
v 0.29510139 0.32898074 -0.15216964
v 0.29505068 0.32874993 0.06682445
v 0.29623295 0.32917862 0.25634159
v 0.20257477 0.41413081 0.32338441
v 0.18186979 0.41176073 0.29159945
v -0.19166445 0.42792013 0.29081839
v -0.19638509 0.42369611 0.30743502
v -0.1545251 0.42643532 0.30856641
v -0.1509119 0.43000813 0.29175066
v -0.15241134 0.43896622 0.25099185
v -0.19365851 0.43570328 0.25067491
v -0.15230932 0.4391773 0.06525386
v -0.19356392 0.43586495 0.06518441
v -0.15231684 0.43917409 -0.0588712
v -0.19363175 0.43585909 -0.05872713
v -0.15182283 0.43490128 -0.08710114
v -0.1927775 0.43213062 -0.08614444
v -0.19449825 0.42970759 -0.0992945
v -0.20195498 0.42359034 -0.11047985
v -0.15934468 0.41335293 -0.1813346
v -0.20229853 0.41595846 -0.18149312
v -0.20327018 0.39392672 -0.18189635
v -0.20327018 0.39683203 -0.11397784
v -0.20195498 0.42359034 -0.11047985
v -0.20229853 0.41595846 -0.18149312
v -0.20327018 0.38870485 -0.18185184
v -0.20327018 0.39095652 -0.11208477
v -0.15934468 0.41335293 -0.1813346
v -0.20327018 0.38870485 -0.18185184
v -0.20327018 0.39392672 -0.18189635
v -0.20229853 0.41595846 -0.18149312
v -0.20429154 0.31265311 -0.1784167
v -0.20327018 0.36985389 -0.18169107
v -0.00460463 0.30439987 -0.17965357
v -0.10306523 0.30531953 -0.17852121
v -0.28317916 0.37105235 -0.09734106
v -0.3100357 0.3702817 -0.15019539
v -0.22491342 0.36978205 -0.11133858
v -0.29906167 0.36941904 -0.17222693
v -0.23350594 0.36907745 -0.18024965
v -0.20327018 0.36974595 -0.1052508
v -0.20327018 0.36985389 -0.18169107
v -0.27880225 0.3698387 -0.17988835
v -0.29846428 0.3315109 -0.17229273
v -0.29906167 0.36941904 -0.17222693
v -0.30981798 0.33412794 -0.15250177
v -0.3100357 0.3702817 -0.15019539
v -0.29906167 0.36941904 -0.17222693
v -0.29846428 0.3315109 -0.17229273
v -0.3096089 0.37092254 -0.09127544
v -0.20189736 0.45325168 -0.08891607
v -0.1927775 0.43213062 -0.08614444
v -0.19449825 0.42970759 -0.0992945
v -0.20441233 0.44870414 -0.10042624
v -0.19363175 0.43585909 -0.05872713
v -0.20219651 0.45361068 -0.06279371
v -0.20248787 0.4538718 0.06533805
v -0.19356392 0.43586495 0.06518441
v -0.19365851 0.43570328 0.25067491
v -0.20242273 0.45378153 0.25109235
v -0.19166445 0.42792013 0.29081839
v -0.20214409 0.45342699 0.29095111
v -0.26123307 0.48814333 -0.08955802
v -0.20189736 0.45325168 -0.08891607
v -0.20441233 0.44870414 -0.10042624
v -0.26270337 0.48290457 -0.10045328
v -0.26124546 0.48817881 -0.06365675
v -0.26123307 0.48814333 -0.08955802
v -0.26138024 0.48822837 0.06496657
v -0.26142608 0.48823692 0.25214229
v -0.26145407 0.488194 0.29185207
v -0.20214409 0.45342699 0.29095111
v -0.26145407 0.488194 0.29185207
v -0.26367695 0.47889211 0.30692181
v -0.20406561 0.44452367 0.3061851
v -0.27323827 0.48815107 -0.08969721
v -0.27357171 0.48410439 -0.09970064
v -0.28390858 0.48140947 -0.08953048
v -0.27323827 0.48815107 -0.08969721
v -0.27357171 0.48410439 -0.09970064
v -0.28374186 0.47808598 -0.09870028
v -0.28374185 0.48155967 -0.0636883
v -0.27223793 0.48858298 -0.0636883
v -0.26124546 0.48817881 -0.06365675
v -0.27223793 0.48858298 -0.0636883
v -0.26138024 0.48822837 0.06496657
v -0.27207119 0.48865264 0.06535588
v -0.27207119 0.48865264 0.06535588
v -0.28240807 0.48271724 0.06568932
v -0.26142608 0.48823692 0.25214229
v -0.27195481 0.48871267 0.25243025
v -0.28240807 0.48271724 0.06568932
v -0.28233177 0.48282927 0.2523543
v -0.27198531 0.48865739 0.29203677
v -0.28237624 0.48274368 0.29218735
v -0.27228648 0.48100154 0.30589132
v -0.28162327 0.47764663 0.3043854
v -0.29216577 0.46780402 -0.09955028
v -0.292577 0.47142485 -0.08954754
v -0.30254033 0.45251138 -0.08935345
v -0.2923482 0.47175556 -0.06371041
v -0.30220309 0.45359556 -0.06419827
v -0.29105762 0.47350038 0.06567394
v -0.30146209 0.45593687 0.0657352
v -0.28233177 0.48282927 0.2523543
v -0.29110969 0.47351012 0.25253027
v -0.30104381 0.45688091 0.25237454
v -0.30118931 0.4566192 0.29185177
v -0.2909814 0.47366102 0.29210381
v -0.28237624 0.48274368 0.29218735
v -0.20327018 0.36985389 -0.18169107
v -0.20327018 0.36974595 -0.1052508
v -0.28162327 0.47764663 0.3043854
v -0.28624156 0.47207952 0.30586542
v -0.29509281 0.45661459 0.3079803
v -0.20195498 0.42359034 -0.11047985
v -0.20965518 0.43625669 -0.11077942
v -0.20965518 0.43625669 -0.11077942
v -0.26551823 0.46946281 -0.11009525
v -0.27546917 0.47143738 -0.10938363
v -0.28374186 0.47808598 -0.09870028
v -0.28334704 0.47009072 -0.10713768
v -0.28334704 0.47009072 -0.10713768
v -0.28797979 0.46298248 -0.10844776
v -0.21545183 0.41843898 -0.11718665
v -0.26869073 0.44960124 -0.11676625
v -0.26551823 0.46946281 -0.11009525
v -0.20965518 0.43625669 -0.11077942
v -0.27546917 0.47143738 -0.10938363
v -0.28334704 0.47009072 -0.10713768
v -0.29372061 0.44961197 -0.11045129
v -0.28797979 0.46298248 -0.10844776
v -0.22280074 0.40236385 -0.11970992
v -0.27523425 0.43052072 -0.11966986
v -0.28098381 0.40995148 -0.11970992
v -0.28637467 0.38985349 -0.11507314
v -0.22491342 0.36978205 -0.11133858
v -0.28317916 0.37105235 -0.09734106
v -0.29227887 0.37668101 -0.10223664
v -0.28637467 0.38985349 -0.11507314
v -0.20195498 0.42359034 -0.11047985
v -0.20327018 0.39683203 -0.11397784
v -0.20327018 0.39095652 -0.11208477
v -0.28098381 0.40995148 -0.11970992
v -0.30786708 0.41807681 -0.10154688
v -0.27523425 0.43052072 -0.11966986
v -0.30358113 0.43724381 -0.10171791
v -0.28637467 0.38985349 -0.11507314
v -0.30861622 0.39581714 -0.10053421
v -0.29227887 0.37668101 -0.10223664
v -0.29139672 0.3712315 -0.08634559
v -0.301559 0.3790897 -0.09507933
v -0.30673557 0.43716202 -0.08947669
v -0.31042702 0.41919252 -0.09085928
v -0.31138875 0.39646746 -0.09023078
v -0.30651018 0.43841583 -0.06526723
v -0.3104402 0.4203169 -0.06484306
v -0.31179876 0.39908399 -0.06562725
v -0.30486407 0.38176083 -0.06487437
v -0.2910199 0.37122331 -0.06365517
v -0.30586518 0.44138622 0.06613475
v -0.30960793 0.42414977 0.06588127
v -0.31208194 0.40184378 0.06638823
v -0.3059115 0.38333994 0.06638823
v -0.30570005 0.44214666 0.25269392
v -0.30938777 0.42516366 0.25294743
v -0.31208218 0.40184378 0.25370784
v -0.3052385 0.38232604 0.25421481
v -0.30567315 0.4422706 0.29144967
v -0.30102409 0.44240756 0.30788618
v -0.30913264 0.42599394 0.29188218
v -0.30460848 0.42489261 0.30777248
v -0.31205109 0.40270883 0.29219711
v -0.30749143 0.40333843 0.30698583
v -0.30605497 0.38382955 0.29235417
v -0.30104474 0.38493088 0.30651384
v -0.29032418 0.37120812 0.06458721
v -0.29010992 0.37120343 0.25396709
v -0.28698146 0.37037002 0.29118736
v -0.30720416 0.37026057 0.27432408
v -0.29019498 0.33215193 0.29104082
v -0.28698146 0.37037002 0.29118736
v -0.28779009 0.37282414 0.30004787
v -0.30104474 0.38493088 0.30651384
v -0.28779009 0.37282414 0.30004787
v -0.28703615 0.38621921 0.31506658
v -0.30749143 0.40333843 0.30698583
v -0.28703615 0.38621921 0.31506658
v -0.28242088 0.40587925 0.32357041
v -0.27754565 0.42820209 0.32758343
v -0.27276501 0.44635151 0.32409462
v -0.29509281 0.45661459 0.3079803
v -0.27276501 0.44635151 0.32409462
v -0.26779084 0.46426089 0.31597456
v -0.28624156 0.47207952 0.30586542
v -0.27228648 0.48100154 0.30589132
v -0.28162327 0.47764663 0.3043854
v -0.20406561 0.44452367 0.3061851
v -0.26367695 0.47889211 0.30692181
v -0.20920877 0.42755896 0.31752055
v -0.27754565 0.42820209 0.32758343
v -0.21169226 0.41413081 0.32338441
v -0.28242088 0.40587925 0.32357041
v -0.22977624 0.35917731 0.2946406
v -0.20294411 0.39443186 0.32373828
v -0.20327018 0.39562206 0.31869998
v -0.22280513 0.35886614 0.29438282
v -0.20294033 0.41342587 0.31774376
v -0.15648149 0.41375699 0.31824344
v -0.20294411 0.39443186 0.32373828
v -0.15818582 0.3964096 0.32329328
v -0.15648149 0.41375699 0.31824344
v -0.20294033 0.41342587 0.31774376
v -0.20304565 0.37733591 0.32132631
v -0.15742004 0.38130315 0.32302685
v -0.20126885 0.35540942 0.29433296
v -0.20045679 0.35466609 0.31268562
v -0.20300411 0.35978688 0.31639647
v -0.20323522 0.36115756 0.29437024
v -0.20314411 0.3661481 0.31831203
v -0.15632173 0.36461697 0.31887791
v -0.20300411 0.35978688 0.31639647
v -0.15698653 0.35427519 0.31561457
v -0.20045679 0.35466609 0.31268562
v -0.1562335 0.35047647 0.31162626
v -0.15698653 0.35427519 0.31561457
v -0.20300411 0.35978688 0.31639647
v -0.20126885 0.35540942 0.29433296
v -0.15658029 0.34964066 0.29424368
v -0.22938649 0.3210093 0.29399873
v -0.19024998 0.31664555 0.29420194
v -0.20126885 0.35540942 0.29433296
v -0.21725279 0.31890662 0.29401104
v -0.15796202 0.3134737 0.2940047
v -0.15658029 0.34964066 0.29424368
v -0.28633432 0.32558833 0.28439343
v -0.29019498 0.33215193 0.29104082
v -0.19024998 0.31664555 0.29420194
v -0.19011466 0.31063315 0.29014696
v -0.15796202 0.3134737 0.2940047
v -0.15771006 0.30826711 0.29043137
v -0.30421887 0.32898074 -0.15216964
v -0.29328517 0.32681858 -0.1667049
v -0.29846428 0.3315109 -0.17229273
v -0.2362522 0.31949878 -0.17994696
v -0.23343359 0.31589304 -0.17467332
v -0.29328517 0.32681858 -0.1667049
v -0.20429154 0.31265311 -0.1784167
v -0.20199695 0.31077852 -0.17245147
v -0.10310212 0.30351872 -0.17247127
v -0.10306523 0.30531953 -0.17852121
v -0.00460463 0.30439987 -0.17965357
v -0.30436856 0.32878658 -0.06330161
v -0.30421887 0.32898074 -0.15216964
v -0.30416817 0.32874993 0.06682445
v -0.30535044 0.32917862 0.25634159
v -0.19098728 0.41176073 0.29159945
v -0.21169226 0.41413081 0.32338441
vn 0.00463 0.83617 -0.54846
vn 0.08903 0.80665 -0.58428
vn 0.0836 -0.20079 -0.97606
vn -0.03547 0.97356 -0.22565
vn -0 0.97544 -0.22028
vn -0.03809 0.98385 -0.1749
vn 0.59125 0.77871 -0.20983
vn -0.01839 -0.21417 -0.97662
vn 0.00549 0.98164 -0.19064
vn 0.66044 0.14932 -0.73588
vn 0.46361 0.15943 -0.87158
vn 0.86742 0.34657 -0.35703
vn 0.66967 -0.57066 -0.47529
vn 0.80242 -0.59623 -0.02508
vn 0.31878 0.9463 -0.05378
vn 0.98953 0.14426 0.00471
vn 0.9885 -0.15088 0.01045
vn 0.63351 0.77373 0.00329
vn 0.97658 0.20735 0.05734
vn 0.57297 0.81956 0.00632
vn 0.49483 -0.51225 0.70196
vn 0.32436 0.46465 0.82395
vn -0.52928 0.14944 0.83519
vn -0.30469 0.6818 0.66507
vn -0.46127 0.55435 0.69276
vn -0.2936 0.29396 0.90961
vn 0.62818 -0.1201 0.76874
vn -0.17775 -0.41219 0.89359
vn 0.01586 -0.78649 0.6174
vn 0.18259 -0.16471 0.96929
vn 0.27881 -0.26179 0.92398
vn -0.01225 -0.72731 0.6862
vn 0.01663 -0.55014 0.83491
vn -0.08232 -0.17875 0.98044
vn 0.10323 -0.30955 0.94526
vn 0.33845 -0.15713 0.92777
vn 0.99932 -0.03645 0.0053
vn 0.16009 -0.98697 0.01645
vn 0.21295 -0.97706 0.00211
vn 0.10781 -0.99352 0.03587
vn 0.99782 -0.00564 0.06572
vn 0.07985 -0.99656 0.02207
vn 0.1516 -0.98785 -0.03413
vn 0.05526 -0.17062 0.98379
vn 0.01948 -0.13707 0.99037
vn -0 -0.99995 0.00987
vn 0.15747 -0.98735 -0.01836
vn -0.00151 0.24234 0.97019
vn -0.00463 0.83617 -0.54846
vn -0.0836 -0.20079 -0.97606
vn -0.08903 0.80665 -0.58428
vn 0.03547 0.97356 -0.22565
vn 0.03809 0.98385 -0.1749
vn -0.59125 0.77871 -0.20983
vn -0.00549 0.98164 -0.19064
vn 0.01839 -0.21417 -0.97662
vn -0.66044 0.14932 -0.73588
vn -0.86742 0.34657 -0.35703
vn -0.46361 0.15943 -0.87158
vn -0.66967 -0.57066 -0.47529
vn -0.31878 0.9463 -0.05378
vn -0.80242 -0.59623 -0.02507
vn -0.98953 0.14426 0.00471
vn -0.9885 -0.15088 0.01045
vn -0.63351 0.77373 0.00329
vn -0.97658 0.20735 0.05734
vn -0.49483 -0.51225 0.70196
vn -0.57297 0.81956 0.00632
vn -0.32436 0.46465 0.82395
vn 0.30469 0.6818 0.66507
vn 0.52928 0.14944 0.83518
vn 0.46127 0.55435 0.69276
vn 0.2936 0.29396 0.90961
vn -0.62818 -0.1201 0.76874
vn -0.01586 -0.78649 0.6174
vn 0.17775 -0.41219 0.89359
vn -0.27881 -0.26179 0.92398
vn -0.18259 -0.16471 0.96929
vn 0.01225 -0.72731 0.6862
vn 0.08232 -0.17875 0.98044
vn -0.01663 -0.55014 0.83491
vn -0.33845 -0.15713 0.92777
vn -0.10323 -0.30955 0.94526
vn -0.99932 -0.03645 0.0053
vn -0.21295 -0.97706 0.00211
vn -0.16009 -0.98697 0.01645
vn -0.10781 -0.99352 0.03587
vn -0.07985 -0.99656 0.02207
vn -0.99782 -0.00564 0.06572
vn -0.1516 -0.98785 -0.03413
vn -0.01948 -0.13707 0.99037
vn -0.05526 -0.17062 0.98379
vn -0.15747 -0.98735 -0.01836
vn 0.00151 0.24234 0.97019
vn -0.30346 0.92858 0.21365
vn -0.0469 0.97617 0.21188
vn -0.04214 0.79298 0.60779
vn -0.30395 0.9522 0.03038
vn -0.04233 0.99835 0.03868
vn -0.28284 0.95917 0.00059
vn -0.04214 0.99911 0.0004
vn -0.3135 0.94936 -0.02086
vn -0.04267 0.99871 -0.02735
vn -0.28266 0.94685 -0.15354
vn -0.04709 0.98819 -0.14581
vn -0.19713 0.91589 -0.3497
vn 0.32701 0.88947 -0.31922
vn 0.51813 0.80382 -0.29226
vn -0.03756 0.8136 -0.58021
vn 0.86463 0.03926 -0.50087
vn 0.9734 0.03596 -0.22628
vn 0.89977 -0.10288 -0.42407
vn 0.30537 0.00128 -0.95223
vn 0 -0.02552 -0.99967
vn 0 0.62478 -0.7808
vn 0.08487 0.08987 -0.99233
vn 0.01013 -0.07099 -0.99743
vn 0.01089 -0.20646 -0.9784
vn 0.01457 -0.20485 -0.97869
vn 0.06371 0.95438 -0.2917
vn 0.5554 0.82609 -0.09544
vn 0.23264 0.85063 -0.47149
vn 0.44025 -0.18148 -0.87934
vn 0.97893 -0.14642 -0.14233
vn -0.61868 0.77399 -0.13485
vn -0.48156 0.61032 -0.62898
vn -0.6059 0.79554 -0.00115
vn -0.61081 0.79177 9E-05
vn -0.61447 0.78894 0.00129
vn -0.62095 0.76765 0.15855
vn -0.44119 0.8871 -0.13564
vn -0.34553 0.68803 -0.63814
vn -0.44585 0.89511 -0.00096
vn -0.44753 0.89427 -3E-05
vn -0.44729 0.89439 0.00055
vn -0.44768 0.88109 0.15251
vn -0.34171 0.64261 0.68578
vn 0.27327 0.95582 -0.10833
vn 0.18514 0.78232 -0.59473
vn 0.6447 0.76073 -0.07518
vn 0.5743 0.68009 -0.45569
vn 0.27053 0.96271 -0.0013
vn 0.63645 0.77132 -0.0003
vn 0.25805 0.96613 -0.00046
vn 0.62649 0.77943 -0.00033
vn 0.25282 0.96751 7E-05
vn 0.62243 0.78267 -2E-05
vn 0.23016 0.9653 0.1234
vn 0.60816 0.78904 0.08691
vn -0.01113 0.6345 0.77284
vn 0.45627 0.63512 0.62325
vn 0.83603 0.54447 -0.0679
vn 0.78908 0.4857 -0.3761
vn 0.9211 0.38304 -0.06968
vn 0.82772 0.56114 -0.00086
vn 0.91691 0.39909 -0.00112
vn 0.81772 0.57562 -0.00046
vn 0.91024 0.41408 -0.00046
vn 0.81277 0.58258 -0.00022
vn 0.9071 0.42092 -0.00018
vn 0.81068 0.5796 0.08283
vn 0.90154 0.42353 0.08857
vn -0 0.97701 0.21319
vn -0 0.78351 0.62138
vn 0 0.99922 0.03947
vn -0 1 0.00035
vn -0 0.99962 -0.0277
vn -0 0.98929 -0.14593
vn 0.54703 0.49537 0.67481
vn 0.61858 0.38222 0.68648
vn -0.29018 0.37417 -0.88079
vn -0.20174 0.42974 -0.88013
vn 0.15095 0.44629 -0.88207
vn 0.35496 0.4321 -0.82903
vn 0.43148 0.34545 -0.83336
vn -0.16441 0.18123 -0.9696
vn -0.03104 0.21028 -0.97715
vn 0.14192 0.05942 -0.98809
vn -0.07957 -0.0279 -0.99644
vn 0.22792 -0.07906 -0.97046
vn 0.28118 -0.39261 -0.87567
vn 0.31599 -0.67292 -0.66883
vn 0.68858 0.07724 -0.72104
vn 0.72558 -0.15859 -0.66961
vn 0.96963 0.23258 -0.07561
vn 0.98878 0.12107 -0.08744
vn 0.98368 -0.16337 -0.07541
vn 0.97028 0.24199 -0.00087
vn 0.99013 0.14014 -0.0015
vn 0.99247 -0.12249 -0.00092
vn 0.81324 -0.58192 0.00361
vn 0.96862 0.24854 -8E-05
vn 0.98847 0.15143 7E-05
vn 0.99487 -0.10114 0.00047
vn 0.81203 -0.58361 0.00097
vn 0.96789 0.25136 7E-05
vn 0.9878 0.15571 0.00031
vn 0.99547 -0.09503 0.00056
vn 0.80965 -0.5869 0.00248
vn 0.96304 0.25573 0.08462
vn 0.71185 0.19871 0.67364
vn 0.98382 0.15873 0.0831
vn 0.74255 0.05475 0.66755
vn 0.99313 -0.08049 0.08493
vn 0.75441 -0.11369 0.64648
vn 0.81348 -0.57543 0.08438
vn 0.64808 -0.52224 0.55431
vn 0.19836 -0.82194 0.53392
vn 0.20911 -0.51379 0.83204
vn 0.20666 -0.17376 0.96286
vn 0.13902 0.10817 0.98436
vn -0.01236 0.35175 0.93601
vn -0.11005 0.44323 0.88963
vn -0.24213 0.09662 0.96542
vn 0.06384 -0.27736 0.95864
vn 0.21824 0.11739 0.96881
vn -0.06801 -0.33926 0.93823
vn -0.0256 0.4046 0.91413
vn -0.00875 0.14113 0.98995
vn -0.00079 -0.01443 0.9999
vn 0.11267 -0.46655 0.87729
vn 0.39762 -0.42537 0.813
vn 0.2239 -0.94872 0.22315
vn 0.01314 -0.18423 0.98279
vn 0.02959 -0.39289 0.91911
vn -0 0.24653 0.96913
vn -0 -0.16645 0.98605
vn -0 -0.39462 0.91884
vn 0.08039 -0.96507 0.24937
vn -0 -0.96895 0.24727
vn 0.03941 -0.46465 0.88462
vn 0 -0.43991 0.89804
vn 0.00787 -0.10106 0.99485
vn 0.00433 -0.0954 0.99543
vn 0 -0.10372 0.99461
vn 0.09493 -0.99538 -0.01447
vn 0.0451 -0.99891 0.0122
vn 0 -0.99982 0.01903
vn 0.25041 -0.96809 -0.00933
vn 0.19934 -0.97835 -0.05556
vn 0.17382 -0.98464 -0.01623
vn 0.1132 -0.99353 0.00937
vn 0.0618 -0.99781 0.02355
vn 0.30346 0.92858 0.21365
vn 0.04214 0.79298 0.60779
vn 0.0469 0.97617 0.21188
vn 0.04233 0.99835 0.03868
vn 0.30395 0.9522 0.03038
vn 0.04214 0.99911 0.0004
vn 0.28284 0.95917 0.00059
vn 0.04267 0.99871 -0.02735
vn 0.3135 0.94936 -0.02086
vn 0.04709 0.98819 -0.14581
vn 0.28266 0.94685 -0.15354
vn 0.19713 0.91589 -0.3497
vn -0.32701 0.88947 -0.31922
vn 0.03756 0.8136 -0.58021
vn -0.51813 0.80382 -0.29226
vn -0.86463 0.03926 -0.50087
vn -0.9734 0.03596 -0.22628
vn -0.30537 0.00128 -0.95223
vn -0.89977 -0.10288 -0.42407
vn -0.01013 -0.07099 -0.99743
vn -0.08487 0.08987 -0.99233
vn -0.01089 -0.20646 -0.9784
vn -0.01457 -0.20485 -0.97869
vn -0.06371 0.95438 -0.2917
vn -0.5554 0.82609 -0.09544
vn -0.23264 0.85063 -0.47149
vn -0.44026 -0.18148 -0.87934
vn -0.97893 -0.14642 -0.14233
vn 0.61868 0.77399 -0.13485
vn 0.48156 0.61032 -0.62898
vn 0.6059 0.79554 -0.00115
vn 0.61081 0.79177 9E-05
vn 0.61447 0.78894 0.00129
vn 0.62095 0.76765 0.15855
vn 0.44119 0.8871 -0.13564
vn 0.34553 0.68803 -0.63814
vn 0.44585 0.89511 -0.00096
vn 0.44753 0.89427 -3E-05
vn 0.44729 0.89439 0.00055
vn 0.44768 0.88109 0.15252
vn 0.34171 0.64261 0.68578
vn -0.27327 0.95582 -0.10833
vn -0.18514 0.78232 -0.59473
vn -0.6447 0.76073 -0.07518
vn -0.5743 0.68009 -0.45568
vn -0.63645 0.77132 -0.0003
vn -0.27053 0.96271 -0.0013
vn -0.25805 0.96613 -0.00046
vn -0.62649 0.77943 -0.00033
vn -0.25282 0.96751 7E-05
vn -0.62243 0.78267 -2E-05
vn -0.23016 0.9653 0.1234
vn -0.60816 0.78904 0.08691
vn 0.01113 0.6345 0.77284
vn -0.45627 0.63512 0.62325
vn -0.78908 0.4857 -0.3761
vn -0.83603 0.54447 -0.0679
vn -0.9211 0.38303 -0.06968
vn -0.82772 0.56114 -0.00086
vn -0.91691 0.39909 -0.00112
vn -0.81772 0.57562 -0.00046
vn -0.91024 0.41408 -0.00046
vn -0.81277 0.58258 -0.00022
vn -0.9071 0.42092 -0.00018
vn -0.90154 0.42353 0.08857
vn -0.81068 0.5796 0.08283
vn -0.54703 0.49537 0.67481
vn -0.61858 0.38222 0.68648
vn 0.29018 0.37417 -0.88079
vn 0.20174 0.42974 -0.88013
vn -0.15095 0.44629 -0.88207
vn -0.35496 0.4321 -0.82903
vn -0.43148 0.34545 -0.83336
vn 0.16441 0.18123 -0.9696
vn 0.03104 0.21028 -0.97715
vn 0.07957 -0.0279 -0.99644
vn -0.14192 0.05942 -0.98809
vn -0.22792 -0.07906 -0.97046
vn -0.28118 -0.39261 -0.87567
vn -0.31599 -0.67292 -0.66883
vn -0.68858 0.07724 -0.72104
vn -0.72558 -0.15859 -0.66961
vn -0.96963 0.23258 -0.07561
vn -0.98878 0.12107 -0.08744
vn -0.98368 -0.16337 -0.07541
vn -0.97028 0.24199 -0.00087
vn -0.99013 0.14014 -0.0015
vn -0.99247 -0.12249 -0.00092
vn -0.81324 -0.58192 0.00361
vn -0.96862 0.24854 -8E-05
vn -0.98847 0.15143 7E-05
vn -0.99487 -0.10114 0.00047
vn -0.81203 -0.58361 0.00097
vn -0.96789 0.25136 7E-05
vn -0.9878 0.15571 0.00031
vn -0.99547 -0.09503 0.00056
vn -0.80965 -0.5869 0.00248
vn -0.96304 0.25573 0.08462
vn -0.71185 0.19871 0.67364
vn -0.98382 0.15873 0.0831
vn -0.74255 0.05475 0.66755
vn -0.99313 -0.08049 0.08493
vn -0.75441 -0.11369 0.64648
vn -0.81348 -0.57543 0.08438
vn -0.64808 -0.52224 0.55431
vn -0.19836 -0.82194 0.53392
vn -0.20911 -0.51379 0.83204
vn -0.20666 -0.17376 0.96286
vn -0.13902 0.10817 0.98436
vn 0.01236 0.35175 0.93601
vn 0.11005 0.44323 0.88963
vn 0.24213 0.09662 0.96542
vn -0.06384 -0.27736 0.95864
vn -0.21824 0.11739 0.96881
vn 0.06801 -0.33926 0.93823
vn 0.0256 0.4046 0.91413
vn 0.00875 0.14113 0.98995
vn 0.00079 -0.01443 0.9999
vn -0.11267 -0.46655 0.87729
vn -0.2239 -0.94872 0.22315
vn -0.39762 -0.42537 0.813
vn -0.01314 -0.18423 0.98279
vn -0.02959 -0.39289 0.91911
vn -0.08039 -0.96507 0.24937
vn -0.03941 -0.46465 0.88462
vn -0.00787 -0.10106 0.99485
vn -0.00433 -0.0954 0.99543
vn -0.09493 -0.99538 -0.01447
vn -0.0451 -0.99891 0.0122
vn -0.25041 -0.96809 -0.00933
vn -0.19934 -0.97835 -0.05556
vn -0.17382 -0.98464 -0.01623
vn -0.1132 -0.99353 0.00937
vn -0.0618 -0.99781 0.02355
vt 0.61373 0.94736
vt 0.61348 0.96215
vt 0.62991 0.94826
vt 0.75293 0.82685
vt 0.70253 0.82876
vt 0.75105 0.8306
vt 0.38239 0.6051
vt 0.39104 0.60925
vt 0.38946 0.60512
vt 0.643 0.76905
vt 0.64703 0.7719
vt 0.64696 0.76866
vt 0.62401 0.76689
vt 0.62407 0.76415
vt 0.62145 0.76403
vt 0.76848 0.67808
vt 0.76253 0.67969
vt 0.76241 0.6871
vt 0.76218 0.72897
vt 0.76769 0.79744
vt 0.76211 0.79079
vt 0.76109 0.80294
vt 0.52018 0.60741
vt 0.52872 0.60795
vt 0.52355 0.60406
vt 0.56352 0.76427
vt 0.55672 0.76467
vt 0.55798 0.76797
vt 0.39924 0.93473
vt 0.39932 0.93834
vt 0.40152 0.93497
vt 0.52807 0.6222
vt 0.51901 0.61919
vt 0.52 0.62284
vt 0.52227 0.61832
vt 0.40539 0.93474
vt 0.40429 0.93946
vt 0.41065 0.93831
vt 0.40225 0.96207
vt 0.40032 0.95141
vt 0.38977 0.96312
vt 0.66531 0.77643
vt 0.66319 0.72488
vt 0.66321 0.76736
vt 0.66333 0.66301
vt 0.66531 0.65704
vt 0.66313 0.65812
vt 0.59464 0.94375
vt 0.59578 0.94397
vt 0.59578 0.94001
vt 0.44354 0.87057
vt 0.58837 0.96761
vt 0.59264 0.96256
vt 0.54245 0.76595
vt 0.54771 0.77082
vt 0.54755 0.76835
vt 0.61373 0.79788
vt 0.62991 0.79698
vt 0.61348 0.78309
vt 0.65213 0.82685
vt 0.654 0.8306
vt 0.45035 0.59971
vt 0.44328 0.59972
vt 0.4417 0.60386
vt 0.602 0.63067
vt 0.60597 0.63106
vt 0.60604 0.62782
vt 0.58301 0.63284
vt 0.58045 0.63569
vt 0.58308 0.63557
vt 0.69666 0.67808
vt 0.70273 0.6871
vt 0.70261 0.67969
vt 0.70296 0.72897
vt 0.69745 0.79744
vt 0.70405 0.80294
vt 0.70303 0.79079
vt 0.54038 0.60741
vt 0.53701 0.60406
vt 0.53184 0.60795
vt 0.5258 0.6347
vt 0.52026 0.631
vt 0.519 0.63429
vt 0.39924 0.80501
vt 0.40152 0.80477
vt 0.39932 0.8014
vt 0.53249 0.6222
vt 0.54056 0.62284
vt 0.54155 0.61919
vt 0.53828 0.61832
vt 0.40539 0.805
vt 0.41065 0.80142
vt 0.40429 0.80028
vt 0.40225 0.77767
vt 0.38977 0.77662
vt 0.40032 0.78833
vt 0.68249 0.67815
vt 0.68039 0.68721
vt 0.68038 0.7297
vt 0.68052 0.79157
vt 0.68031 0.79646
vt 0.6825 0.79754
vt 0.59464 0.79739
vt 0.59578 0.80113
vt 0.59578 0.79717
vt 0.59264 0.77858
vt 0.58837 0.77352
vt 0.50474 0.63302
vt 0.50983 0.63061
vt 0.50999 0.62814
vt 0.76361 0.95868
vt 0.75031 0.95899
vt 0.75149 0.96448
vt 0.76515 0.96411
vt 0.76426 0.94558
vt 0.7508 0.94568
vt 0.76423 0.88502
vt 0.75076 0.88505
vt 0.76425 0.84457
vt 0.75077 0.84452
vt 0.76398 0.83562
vt 0.75061 0.83531
vt 0.76454 0.83133
vt 0.76697 0.82768
vt 0.76708 0.80449
vt 0.75306 0.80454
vt 0.48526 0.63291
vt 0.49246 0.63277
vt 0.49495 0.60959
vt 0.48621 0.61073
vt 0.48429 0.61012
vt 0.48356 0.63289
vt 0.59927 0.92315
vt 0.59842 0.93718
vt 0.60561 0.93749
vt 0.60732 0.93749
vt 0.62137 0.87262
vt 0.60246 0.87262
vt 0.61347 0.93749
vt 0.63215 0.93783
vt 0.63484 0.87264
vt 0.63454 0.90478
vt 0.75985 0.6761
vt 0.76862 0.65885
vt 0.76503 0.65165
vt 0.74083 0.67153
vt 0.74363 0.64903
vt 0.73376 0.64856
vt 0.73376 0.67352
vt 0.75842 0.64915
vt 0.61362 0.96877
vt 0.62599 0.96857
vt 0.66495 0.79648
vt 0.66409 0.80294
vt 0.67647 0.80292
vt 0.67675 0.79573
vt 0.67696 0.77649
vt 0.56636 0.63528
vt 0.56488 0.63152
vt 0.55868 0.63189
vt 0.55947 0.63619
vt 0.56069 0.64514
vt 0.56648 0.64381
vt 0.56069 0.68559
vt 0.56657 0.68564
vt 0.56064 0.74614
vt 0.56654 0.74628
vt 0.55809 0.75925
vt 0.56642 0.75929
vt 0.49501 0.64138
vt 0.49549 0.63783
vt 0.47646 0.63784
vt 0.47564 0.64159
vt 0.57777 0.64353
vt 0.57776 0.63507
vt 0.57778 0.68552
vt 0.57779 0.74662
vt 0.57777 0.75959
vt 0.47572 0.76561
vt 0.47634 0.77058
vt 0.4958 0.77082
vt 0.49508 0.7659
vt 0.49893 0.64134
vt 0.49903 0.63807
vt 0.65742 0.76507
vt 0.65633 0.76807
vt 0.65829 0.76839
vt 0.65962 0.76513
vt 0.65976 0.75664
vt 0.65746 0.75664
vt 0.49501 0.64984
vt 0.4986 0.64983
vt 0.49505 0.69183
vt 0.49854 0.69196
vt 0.65978 0.71451
vt 0.65784 0.7144
vt 0.49507 0.75294
vt 0.49851 0.75303
vt 0.50192 0.69207
vt 0.50189 0.75301
vt 0.49852 0.76596
vt 0.50191 0.76601
vt 0.49862 0.77048
vt 0.50166 0.76999
vt 0.65416 0.76508
vt 0.65297 0.76835
vt 0.64798 0.76502
vt 0.65426 0.75664
vt 0.64833 0.7568
vt 0.65483 0.71441
vt 0.6491 0.71439
vt 0.65788 0.65346
vt 0.65484 0.6534
vt 0.64941 0.65345
vt 0.65489 0.64048
vt 0.64932 0.64057
vt 0.65785 0.64046
vt 0.70253 0.95873
vt 0.70253 0.96411
vt 0.70253 0.94531
vt 0.70253 0.88513
vt 0.70253 0.84488
vt 0.70253 0.83527
vt 0.70253 0.80487
vt 0.47737 0.60788
vt 0.4774 0.63284
vt 0.65619 0.63647
vt 0.65437 0.63599
vt 0.64932 0.6353
vt 0.55668 0.62824
vt 0.56082 0.62814
vt 0.47817 0.63446
vt 0.49641 0.63468
vt 0.49965 0.63491
vt 0.50235 0.6384
vt 0.50223 0.63564
vt 0.65372 0.77082
vt 0.6514 0.77125
vt 0.38637 0.621
vt 0.38448 0.62682
vt 0.40271 0.63766
vt 0.40375 0.63117
vt 0.40596 0.6383
vt 0.40854 0.63786
vt 0.41192 0.63118
vt 0.41005 0.63554
vt 0.40589 0.62494
vt 0.38877 0.61575
vt 0.40776 0.61823
vt 0.40952 0.61167
vt 0.45438 0.60788
vt 0.45316 0.62795
vt 0.45735 0.62988
vt 0.45895 0.62691
vt 0.38196 0.62268
vt 0.38239 0.61395
vt 0.38239 0.61203
vt 0.63409 0.77493
vt 0.6408 0.77491
vt 0.63674 0.769
vt 0.41514 0.62714
vt 0.62753 0.77341
vt 0.62947 0.76867
vt 0.62322 0.76922
vt 0.45969 0.63291
vt 0.46254 0.62959
vt 0.64297 0.76506
vt 0.6371 0.76551
vt 0.62968 0.7653
vt 0.64338 0.75715
vt 0.63747 0.75701
vt 0.63054 0.75727
vt 0.62488 0.75702
vt 0.62144 0.75663
vt 0.64435 0.71425
vt 0.63872 0.71434
vt 0.63144 0.71417
vt 0.6254 0.71417
vt 0.6446 0.65335
vt 0.63905 0.65327
vt 0.63144 0.65302
vt 0.62507 0.65285
vt 0.64464 0.6407
vt 0.64468 0.63533
vt 0.63932 0.64056
vt 0.63896 0.63537
vt 0.63172 0.64045
vt 0.63193 0.63563
vt 0.62556 0.6404
vt 0.62592 0.63578
vt 0.62144 0.71476
vt 0.62144 0.65293
vt 0.62116 0.64078
vt 0.67675 0.65714
vt 0.6643 0.65168
vt 0.67678 0.65163
vt 0.62197 0.63789
vt 0.407 0.96666
vt 0.41301 0.96877
vt 0.40742 0.96209
vt 0.40305 0.96233
vt 0.63276 0.63021
vt 0.62634 0.63299
vt 0.64004 0.6289
vt 0.64597 0.63004
vt 0.4304 0.96472
vt 0.43545 0.96183
vt 0.4329 0.95581
vt 0.42705 0.95743
vt 0.43836 0.95727
vt 0.43727 0.96032
vt 0.43767 0.95446
vt 0.42645 0.935
vt 0.42092 0.93668
vt 0.41653 0.93749
vt 0.42113 0.95899
vt 0.41384 0.96058
vt 0.39859 0.94339
vt 0.51822 0.61361
vt 0.51987 0.61322
vt 0.39849 0.94112
vt 0.75213 0.96764
vt 0.76729 0.96748
vt 0.43784 0.76936
vt 0.44404 0.76936
vt 0.44415 0.75419
vt 0.43849 0.75475
vt 0.43356 0.7545
vt 0.43226 0.76939
vt 0.52782 0.62635
vt 0.52781 0.62447
vt 0.52062 0.62492
vt 0.52183 0.62659
vt 0.42861 0.76942
vt 0.42811 0.75414
vt 0.42473 0.75435
vt 0.42653 0.76938
vt 0.70253 0.96877
vt 0.43687 0.70459
vt 0.4293 0.70459
vt 0.42158 0.70459
vt 0.41796 0.76859
vt 0.41917 0.76942
vt 0.41891 0.7544
vt 0.41761 0.75415
vt 0.4192 0.70464
vt 0.4176 0.70464
vt 0.41197 0.76886
vt 0.41194 0.75427
vt 0.41194 0.70464
vt 0.38613 0.94327
vt 0.38471 0.93049
vt 0.39736 0.93409
vt 0.38545 0.93931
vt 0.38367 0.91995
vt 0.39548 0.9195
vt 0.39162 0.86987
vt 0.38196 0.86987
vt 0.66216 0.65385
vt 0.59481 0.96382
vt 0.59585 0.93119
vt 0.59452 0.93115
vt 0.59578 0.92065
vt 0.59461 0.92057
vt 0.59585 0.87057
vt 0.59457 0.87057
vt 0.66327 0.79637
vt 0.66256 0.80112
vt 0.44355 0.96652
vt 0.44538 0.96483
vt 0.44277 0.94529
vt 0.44105 0.94621
vt 0.4435 0.93502
vt 0.44155 0.93577
vt 0.44115 0.87058
vt 0.44152 0.90273
vt 0.44349 0.90274
vt 0.47913 0.96845
vt 0.45012 0.9684
vt 0.52161 0.96838
vt 0.58349 0.96877
vt 0.55359 0.76988
vt 0.55282 0.75951
vt 0.64145 0.95868
vt 0.6399 0.96411
vt 0.65357 0.96448
vt 0.65475 0.95899
vt 0.65426 0.94568
vt 0.64079 0.94558
vt 0.65429 0.88505
vt 0.64083 0.88502
vt 0.65429 0.84452
vt 0.6408 0.84457
vt 0.65445 0.83531
vt 0.64108 0.83562
vt 0.64052 0.83133
vt 0.63809 0.82768
vt 0.652 0.80454
vt 0.63797 0.80449
vt 0.50569 0.60157
vt 0.50664 0.62374
vt 0.51537 0.62489
vt 0.51288 0.6017
vt 0.50399 0.60159
vt 0.50472 0.62436
vt 0.59927 0.82209
vt 0.60732 0.80775
vt 0.60561 0.80775
vt 0.59842 0.80807
vt 0.63215 0.80742
vt 0.61347 0.80775
vt 0.63484 0.87261
vt 0.63454 0.84046
vt 0.70529 0.6761
vt 0.69652 0.65885
vt 0.72431 0.67153
vt 0.70011 0.65165
vt 0.72151 0.64903
vt 0.73138 0.67352
vt 0.73138 0.64856
vt 0.70672 0.64915
vt 0.62599 0.77667
vt 0.61362 0.77648
vt 0.68213 0.65809
vt 0.69393 0.65885
vt 0.69365 0.65165
vt 0.68128 0.65163
vt 0.69414 0.67808
vt 0.52865 0.76368
vt 0.52175 0.76278
vt 0.52096 0.76707
vt 0.52716 0.76744
vt 0.52297 0.75383
vt 0.52877 0.75515
vt 0.52885 0.71332
vt 0.52297 0.71337
vt 0.52292 0.65282
vt 0.52882 0.65268
vt 0.52038 0.63971
vt 0.52871 0.63967
vt 0.45388 0.64138
vt 0.47325 0.64159
vt 0.47243 0.63784
vt 0.4534 0.63783
vt 0.54005 0.75544
vt 0.54004 0.76389
vt 0.54007 0.71345
vt 0.54007 0.65234
vt 0.54006 0.63938
vt 0.47317 0.76561
vt 0.45381 0.7659
vt 0.45308 0.77082
vt 0.47255 0.77058
vt 0.44996 0.64134
vt 0.44985 0.63807
vt 0.61642 0.63465
vt 0.61862 0.63459
vt 0.6173 0.63133
vt 0.61533 0.63165
vt 0.61647 0.64308
vt 0.61876 0.64308
vt 0.45388 0.64984
vt 0.45029 0.64983
vt 0.45383 0.69183
vt 0.45034 0.69196
vt 0.61878 0.68521
vt 0.61685 0.68532
vt 0.45382 0.75294
vt 0.45038 0.75303
vt 0.44697 0.69207
vt 0.44699 0.75301
vt 0.45037 0.76596
vt 0.44698 0.76601
vt 0.45027 0.77048
vt 0.44723 0.76999
vt 0.61198 0.63138
vt 0.61316 0.63464
vt 0.60698 0.63471
vt 0.61327 0.64308
vt 0.60734 0.64292
vt 0.61384 0.68532
vt 0.6081 0.68534
vt 0.61688 0.74626
vt 0.61384 0.74632
vt 0.60841 0.74627
vt 0.60833 0.75916
vt 0.61389 0.75924
vt 0.61685 0.75926
vt 0.49783 0.60164
vt 0.4978 0.62659
vt 0.61519 0.76325
vt 0.61337 0.76373
vt 0.60832 0.76442
vt 0.51897 0.77072
vt 0.5231 0.77082
vt 0.47072 0.63446
vt 0.45248 0.63468
vt 0.44924 0.63491
vt 0.44653 0.6384
vt 0.44666 0.63564
vt 0.61272 0.6289
vt 0.6104 0.62847
vt 0.44637 0.6156
vt 0.42899 0.62578
vt 0.43002 0.63226
vt 0.44826 0.62142
vt 0.42678 0.63291
vt 0.4242 0.63247
vt 0.42082 0.62578
vt 0.42269 0.63015
vt 0.44397 0.61036
vt 0.42685 0.61955
vt 0.42498 0.61283
vt 0.42322 0.60627
vt 0.46648 0.63291
vt 0.47105 0.61388
vt 0.46945 0.61091
vt 0.46526 0.61284
vt 0.45078 0.61729
vt 0.45035 0.60855
vt 0.45035 0.60663
vt 0.59309 0.62479
vt 0.59574 0.63072
vt 0.5998 0.62481
vt 0.4176 0.62174
vt 0.58653 0.62631
vt 0.58848 0.63106
vt 0.58223 0.6305
vt 0.47464 0.6112
vt 0.47179 0.60788
vt 0.60197 0.63467
vt 0.59611 0.63421
vt 0.58869 0.63442
vt 0.60238 0.64257
vt 0.59647 0.64271
vt 0.58954 0.64245
vt 0.58389 0.6427
vt 0.58045 0.64309
vt 0.60335 0.68547
vt 0.59772 0.68538
vt 0.59044 0.68555
vt 0.5844 0.68555
vt 0.6036 0.74637
vt 0.59806 0.74645
vt 0.59044 0.7467
vt 0.58407 0.74687
vt 0.60364 0.75902
vt 0.60369 0.76439
vt 0.59833 0.75917
vt 0.59797 0.76435
vt 0.59073 0.75927
vt 0.59093 0.7641
vt 0.58456 0.75932
vt 0.58492 0.76394
vt 0.58044 0.68496
vt 0.58044 0.74679
vt 0.58017 0.75894
vt 0.69393 0.79744
vt 0.68149 0.80289
vt 0.69396 0.80294
vt 0.58097 0.76183
vt 0.407 0.77308
vt 0.40305 0.7774
vt 0.40742 0.77765
vt 0.41301 0.77097
vt 0.58534 0.76673
vt 0.59176 0.76951
vt 0.59905 0.77082
vt 0.60497 0.76968
vt 0.4304 0.77502
vt 0.42705 0.78231
vt 0.4329 0.78393
vt 0.43545 0.77791
vt 0.43836 0.78247
vt 0.43727 0.77942
vt 0.42645 0.80474
vt 0.43767 0.78528
vt 0.42092 0.80306
vt 0.42113 0.78075
vt 0.41653 0.80225
vt 0.41384 0.77916
vt 0.39859 0.79634
vt 0.54233 0.61361
vt 0.54069 0.61322
vt 0.39849 0.79862
vt 0.63776 0.96748
vt 0.65293 0.96764
vt 0.43784 0.63983
vt 0.43849 0.65444
vt 0.44415 0.65499
vt 0.44404 0.63983
vt 0.43226 0.63979
vt 0.43356 0.65469
vt 0.53274 0.62635
vt 0.53873 0.62659
vt 0.53994 0.62492
vt 0.53275 0.62447
vt 0.42861 0.63976
vt 0.42811 0.65505
vt 0.42653 0.63981
vt 0.42473 0.65483
vt 0.41796 0.64068
vt 0.41761 0.65512
vt 0.41891 0.65487
vt 0.41917 0.63985
vt 0.41197 0.64042
vt 0.41194 0.65501
vt 0.38613 0.79647
vt 0.38471 0.80925
vt 0.39736 0.80565
vt 0.38545 0.80043
vt 0.38367 0.81979
vt 0.39548 0.82024
vt 0.67934 0.80072
vt 0.59481 0.77732
vt 0.59585 0.80995
vt 0.59452 0.80999
vt 0.59578 0.82049
vt 0.59461 0.82057
vt 0.68045 0.6582
vt 0.67974 0.65346
vt 0.44355 0.77462
vt 0.44105 0.79493
vt 0.44277 0.79585
vt 0.44538 0.77631
vt 0.44155 0.80536
vt 0.4435 0.80611
vt 0.44349 0.8384
vt 0.44152 0.83841
vt 0.44115 0.87055
vt 0.47913 0.77269
vt 0.45012 0.77274
vt 0.52161 0.77276
vt 0.58349 0.77237
vt 0.5151 0.63946
vt 0.51588 0.62908
usemtl mat0
f 1422/1422/876 1423/1423/877 1424/1424/878
f 1425/1425/879 1426/1426/880 1427/1427/881
f 1428/1428/882 1429/1429/883 1430/1430/884
f 1431/1431/885 1432/1432/886 1433/1433/887
f 1434/1434/888 1435/1435/889 1436/1436/890
f 1437/1437/891 1438/1438/890 1439/1439/892
f 1440/1440/893 1437/1437/891 1439/1439/892
f 1441/1441/894 1442/1442/895 1443/1443/896
f 1444/1444/897 1445/1445/898 1446/1446/899
f 1447/1447/900 1448/1448/899 1449/1449/901
f 1450/1450/902 1451/1451/903 1452/1452/904
f 1453/1453/904 1454/1454/905 1455/1455/906
f 1453/1453/904 1456/1456/907 1454/1454/905
f 1457/1457/907 1458/1458/908 1459/1459/909
f 1460/1460/896 1461/1461/910 1462/1462/911
f 1463/1463/912 1464/1464/913 1465/1465/914
f 1466/1466/915 1467/1467/916 1468/1468/917
f 1469/1469/918 1470/1470/919 1471/1471/920
f 1472/1472/921 1473/1473/917 1474/1474/922
f 1475/1475/907 1476/1476/909 1477/1477/923
f 1478/1478/924 1479/1479/925 1480/1480/926
f 1481/1481/927 1482/1482/928 1426/1426/880
f 1483/1483/929 1484/1484/930 1485/1485/931
f 1486/1486/932 1487/1487/933 1488/1488/934
f 1489/1489/935 1490/1490/936 1491/1491/937
f 1492/1492/938 1493/1493/939 1494/1494/936
f 1495/1495/940 1493/1493/939 1492/1492/938
f 1496/1496/941 1497/1497/942 1498/1498/943
f 1499/1499/944 1500/1500/945 1501/1501/946
f 1502/1502/947 1503/1503/948 1504/1504/945
f 1505/1505/949 1506/1506/950 1507/1507/951
f 1508/1508/950 1509/1509/952 1510/1510/953
f 1508/1508/950 1510/1510/953 1511/1511/954
f 1512/1512/954 1513/1513/955 1514/1514/956
f 1515/1515/942 1516/1516/957 1517/1517/958
f 1518/1518/959 1519/1519/960 1520/1520/961
f 1521/1521/962 1522/1522/963 1523/1523/964
f 1524/1524/965 1525/1525/966 1526/1526/967
f 1472/1472/921 1527/1527/968 1528/1528/963
f 1529/1529/954 1530/1530/969 1531/1531/955
f 1532/1532/970 1533/1533/971 1534/1534/972
f 1532/1532/970 1534/1534/972 1535/1535/899
f 1532/1532/970 1536/1536/973 1537/1537/974
f 1532/1532/970 1537/1537/974 1533/1533/971
f 1536/1536/973 1538/1538/975 1539/1539/976
f 1536/1536/973 1539/1539/976 1537/1537/974
f 1539/1539/976 1538/1538/975 1540/1540/977
f 1539/1539/976 1540/1540/977 1541/1541/978
f 1540/1540/977 1542/1542/979 1543/1543/980
f 1540/1540/977 1543/1543/980 1541/1541/978
f 1542/1542/979 1544/1544/981 1427/1427/881
f 1542/1542/979 1427/1427/881 1543/1543/980
f 1544/1544/981 1545/1545/982 1425/1425/879
f 1544/1544/981 1425/1425/879 1427/1427/881
f 1545/1545/982 1546/1546/983 1547/1547/984
f 1545/1545/982 1547/1547/984 1425/1425/879
f 1548/1548/985 1549/1549/983 1550/1550/982
f 1548/1548/985 1550/1550/982 1551/1551/986
f 1551/1551/986 1552/1552/987 1553/1553/988
f 1551/1551/986 1553/1553/988 1548/1548/985
f 1554/1554/984 1555/1555/983 1556/1556/985
f 1554/1554/984 1556/1556/985 1557/1557/988
f 1558/1558/989 1559/1559/990 1560/1560/991
f 1558/1558/989 1560/1560/991 1561/1561/992
f 1562/1562/993 1558/1558/989 1561/1561/992
f 1562/1562/993 1561/1561/992 1563/1563/994
f 1564/1564/995 1438/1438/890 1437/1437/891
f 1564/1564/995 1437/1437/891 1565/1565/996
f 1565/1565/996 1566/1566/997 1567/1567/884
f 1565/1565/996 1567/1567/884 1564/1564/995
f 1568/1568/876 1569/1569/991 1570/1570/882
f 1568/1568/876 1570/1570/882 1567/1567/884
f 1568/1568/876 1567/1567/884 1566/1566/997
f 1568/1568/876 1566/1566/997 1571/1571/877
f 1424/1424/878 1561/1561/992 1560/1560/991
f 1424/1424/878 1560/1560/991 1422/1422/876
f 1423/1423/877 1572/1572/997 1573/1573/998
f 1423/1423/877 1573/1573/998 1424/1424/878
f 1574/1574/999 1575/1575/998 1576/1576/997
f 1574/1574/999 1576/1576/997 1577/1577/996
f 1574/1574/999 1577/1577/996 1578/1578/891
f 1574/1574/999 1578/1578/891 1463/1463/912
f 1579/1579/1000 1580/1580/1001 1581/1581/981
f 1579/1579/1000 1581/1581/981 1582/1582/979
f 1583/1583/977 1584/1584/1002 1579/1579/1000
f 1583/1583/977 1579/1579/1000 1582/1582/979
f 1584/1584/1002 1583/1583/977 1585/1585/975
f 1584/1584/1002 1585/1585/975 1586/1586/1003
f 1587/1587/973 1588/1588/1004 1586/1586/1003
f 1587/1587/973 1586/1586/1003 1585/1585/975
f 1589/1589/970 1590/1590/1005 1588/1588/1004
f 1589/1589/970 1588/1588/1004 1587/1587/973
f 1448/1448/899 1447/1447/900 1590/1590/1005
f 1448/1448/899 1590/1590/1005 1589/1589/970
f 1591/1591/1006 1592/1592/1007 1593/1593/1001
f 1591/1591/1006 1593/1593/1001 1594/1594/1000
f 1595/1595/1008 1596/1596/1006 1579/1579/1000
f 1595/1595/1008 1579/1579/1000 1584/1584/1002
f 1595/1595/1008 1584/1584/1002 1586/1586/1003
f 1595/1595/1008 1586/1586/1003 1597/1597/1009
f 1597/1597/1009 1586/1586/1003 1588/1588/1004
f 1597/1597/1009 1588/1588/1004 1598/1598/1010
f 1599/1599/1011 1598/1598/1010 1588/1588/1004
f 1599/1599/1011 1588/1588/1004 1590/1590/1005
f 1600/1600/1005 1601/1601/900 1602/1602/1012
f 1600/1600/1005 1602/1602/1012 1603/1603/1011
f 1604/1604/1013 1605/1605/1014 1592/1592/1007
f 1604/1604/1013 1592/1592/1007 1591/1591/1006
f 1606/1606/1015 1607/1607/1016 1608/1608/1014
f 1606/1606/1015 1608/1608/1014 1609/1609/1013
f 1606/1606/1015 1609/1609/1013 1610/1610/1017
f 1606/1606/1015 1610/1610/1017 1611/1611/1018
f 1612/1612/1008 1613/1613/1017 1604/1604/1013
f 1612/1612/1008 1604/1604/1013 1591/1591/1006
f 1614/1614/1009 1615/1615/1019 1613/1613/1017
f 1614/1614/1009 1613/1613/1017 1612/1612/1008
f 1616/1616/1019 1617/1617/1020 1611/1611/1018
f 1616/1616/1019 1611/1611/1018 1610/1610/1017
f 1618/1618/1010 1619/1619/1021 1615/1615/1019
f 1618/1618/1010 1615/1615/1019 1614/1614/1009
f 1620/1620/1020 1615/1615/1019 1619/1619/1021
f 1620/1620/1020 1619/1619/1021 1621/1621/1022
f 1603/1603/1011 1622/1622/1023 1619/1619/1021
f 1603/1603/1011 1619/1619/1021 1618/1618/1010
f 1622/1622/1023 1623/1623/1024 1621/1621/1022
f 1622/1622/1023 1621/1621/1022 1619/1619/1021
f 1622/1622/1023 1603/1603/1011 1602/1602/1012
f 1622/1622/1023 1602/1602/1012 1624/1624/1025
f 1623/1623/1024 1622/1622/1023 1624/1624/1025
f 1623/1623/1024 1624/1624/1025 1625/1625/1026
f 1606/1606/1015 1626/1626/1027 1627/1627/1028
f 1606/1606/1015 1627/1627/1028 1607/1607/1016
f 1626/1626/1027 1628/1628/1029 1433/1433/887
f 1626/1626/1027 1433/1433/887 1627/1627/1028
f 1611/1611/1018 1629/1629/1030 1626/1626/1027
f 1611/1611/1018 1626/1626/1027 1606/1606/1015
f 1629/1629/1030 1630/1630/1031 1628/1628/1029
f 1629/1629/1030 1628/1628/1029 1626/1626/1027
f 1629/1629/1030 1611/1611/1018 1617/1617/1020
f 1629/1629/1030 1617/1617/1020 1631/1631/1032
f 1630/1630/1031 1629/1629/1030 1631/1631/1032
f 1630/1630/1031 1631/1631/1032 1632/1632/1033
f 1633/1633/1022 1634/1634/1034 1631/1631/1032
f 1633/1633/1022 1631/1631/1032 1617/1617/1020
f 1632/1632/1033 1631/1631/1032 1634/1634/1034
f 1632/1632/1033 1634/1634/1034 1635/1635/1035
f 1635/1635/1035 1634/1634/1034 1636/1636/1036
f 1635/1635/1035 1636/1636/1036 1637/1637/1037
f 1634/1634/1034 1633/1633/1022 1638/1638/1024
f 1634/1634/1034 1638/1638/1024 1636/1636/1036
f 1533/1533/971 1639/1639/1038 1640/1640/1039
f 1533/1533/971 1640/1640/1039 1534/1534/972
f 1537/1537/974 1641/1641/1040 1639/1639/1038
f 1537/1537/974 1639/1639/1038 1533/1533/971
f 1539/1539/976 1642/1642/1041 1641/1641/1040
f 1539/1539/976 1641/1641/1040 1537/1537/974
f 1643/1643/1042 1642/1642/1041 1539/1539/976
f 1643/1643/1042 1539/1539/976 1541/1541/978
f 1543/1543/980 1644/1644/1043 1643/1643/1042
f 1543/1543/980 1643/1643/1042 1541/1541/978
f 1427/1427/881 1426/1426/880 1644/1644/1043
f 1427/1427/881 1644/1644/1043 1543/1543/980
f 1547/1547/984 1645/1645/990 1426/1426/880
f 1547/1547/984 1426/1426/880 1425/1425/879
f 1560/1560/991 1559/1559/990 1554/1554/984
f 1560/1560/991 1554/1554/984 1557/1557/988
f 1552/1552/987 1646/1646/882 1647/1647/991
f 1552/1552/987 1647/1647/991 1553/1553/988
f 1648/1648/1026 1649/1649/1044 1636/1636/1036
f 1648/1648/1026 1636/1636/1036 1638/1638/1024
f 1650/1650/1045 1637/1637/1037 1636/1636/1036
f 1650/1650/1045 1636/1636/1036 1649/1649/1044
f 1651/1651/982 1581/1581/981 1580/1580/1001
f 1651/1651/982 1580/1580/1001 1652/1652/1046
f 1653/1653/1046 1593/1593/1001 1592/1592/1007
f 1653/1653/1046 1592/1592/1007 1654/1654/1047
f 1655/1655/1048 1654/1654/1047 1592/1592/1007
f 1655/1655/1048 1592/1592/1007 1605/1605/1014
f 1656/1656/1016 1657/1657/1049 1655/1655/1048
f 1656/1656/1016 1655/1655/1048 1605/1605/1014
f 1658/1658/1049 1607/1607/1016 1627/1627/1028
f 1658/1658/1049 1627/1627/1028 1659/1659/1050
f 1659/1659/1050 1627/1627/1028 1433/1433/887
f 1659/1659/1050 1433/1433/887 1432/1432/886
f 1660/1660/1051 1661/1661/1046 1662/1662/1047
f 1660/1660/1051 1662/1662/1047 1663/1663/1052
f 1664/1664/1048 1665/1665/1049 1663/1663/1052
f 1664/1664/1048 1663/1663/1052 1662/1662/1047
f 1666/1666/886 1663/1663/1052 1665/1665/1049
f 1666/1666/886 1665/1665/1049 1667/1667/1050
f 1663/1663/1052 1668/1668/1053 1669/1669/1054
f 1663/1663/1052 1669/1669/1054 1660/1660/1051
f 1668/1668/1053 1670/1670/1055 1429/1429/883
f 1668/1668/1053 1429/1429/883 1669/1669/1054
f 1670/1670/1055 1671/1671/1056 1430/1430/884
f 1670/1670/1055 1430/1430/884 1429/1429/883
f 1672/1672/884 1673/1673/1056 1674/1674/1057
f 1672/1672/884 1674/1674/1057 1675/1675/995
f 1676/1676/982 1661/1661/1046 1660/1660/1051
f 1676/1676/982 1660/1660/1051 1677/1677/986
f 1678/1678/987 1677/1677/986 1660/1660/1051
f 1678/1678/987 1660/1660/1051 1669/1669/1054
f 1669/1669/1054 1429/1429/883 1428/1428/882
f 1669/1669/1054 1428/1428/882 1678/1678/987
f 1679/1679/1055 1680/1680/1053 1431/1431/885
f 1679/1679/1055 1431/1431/885 1681/1681/1058
f 1668/1668/1053 1663/1663/1052 1666/1666/886
f 1668/1668/1053 1666/1666/886 1682/1682/885
f 1683/1683/1056 1679/1679/1055 1681/1681/1058
f 1683/1683/1056 1681/1681/1058 1684/1684/1059
f 1683/1683/1056 1684/1684/1059 1434/1434/888
f 1683/1683/1056 1434/1434/888 1685/1685/1057
f 1675/1675/995 1674/1674/1057 1686/1686/888
f 1675/1675/995 1686/1686/888 1687/1687/890
f 1433/1433/887 1628/1628/1029 1688/1688/1060
f 1433/1433/887 1688/1688/1060 1431/1431/885
f 1431/1431/885 1688/1688/1060 1689/1689/1061
f 1431/1431/885 1689/1689/1061 1681/1681/1058
f 1681/1681/1058 1689/1689/1061 1690/1690/1062
f 1681/1681/1058 1690/1690/1062 1684/1684/1059
f 1435/1435/889 1434/1434/888 1684/1684/1059
f 1435/1435/889 1684/1684/1059 1690/1690/1062
f 1688/1688/1060 1628/1628/1029 1630/1630/1031
f 1688/1688/1060 1630/1630/1031 1691/1691/1063
f 1689/1689/1061 1688/1688/1060 1691/1691/1063
f 1689/1689/1061 1691/1691/1063 1692/1692/1064
f 1692/1692/1064 1693/1693/1065 1690/1690/1062
f 1692/1692/1064 1690/1690/1062 1689/1689/1061
f 1435/1435/889 1690/1690/1062 1693/1693/1065
f 1435/1435/889 1693/1693/1065 1694/1694/1066
f 1436/1436/890 1435/1435/889 1694/1694/1066
f 1436/1436/890 1694/1694/1066 1695/1695/892
f 1632/1632/1033 1696/1696/1067 1691/1691/1063
f 1632/1632/1033 1691/1691/1063 1630/1630/1031
f 1692/1692/1064 1691/1691/1063 1696/1696/1067
f 1692/1692/1064 1696/1696/1067 1697/1697/1068
f 1697/1697/1068 1698/1698/1069 1693/1693/1065
f 1697/1697/1068 1693/1693/1065 1692/1692/1064
f 1694/1694/1066 1693/1693/1065 1698/1698/1069
f 1694/1694/1066 1698/1698/1069 1699/1699/1070
f 1696/1696/1067 1632/1632/1033 1635/1635/1035
f 1696/1696/1067 1635/1635/1035 1700/1700/1071
f 1700/1700/1071 1701/1701/1072 1697/1697/1068
f 1700/1700/1071 1697/1697/1068 1696/1696/1067
f 1701/1701/1072 1702/1702/1073 1698/1698/1069
f 1701/1701/1072 1698/1698/1069 1697/1697/1068
f 1702/1702/1073 1703/1703/1074 1699/1699/1070
f 1702/1702/1073 1699/1699/1070 1698/1698/1069
f 1700/1700/1071 1635/1635/1035 1637/1637/1037
f 1700/1700/1071 1637/1637/1037 1704/1704/1075
f 1704/1704/1075 1637/1637/1037 1650/1650/1045
f 1704/1704/1075 1650/1650/1045 1705/1705/1076
f 1701/1701/1072 1700/1700/1071 1704/1704/1075
f 1701/1701/1072 1704/1704/1075 1706/1706/1077
f 1704/1704/1075 1705/1705/1076 1707/1707/1078
f 1704/1704/1075 1707/1707/1078 1706/1706/1077
f 1702/1702/1073 1701/1701/1072 1706/1706/1077
f 1702/1702/1073 1706/1706/1077 1708/1708/1079
f 1709/1709/1080 1708/1708/1079 1706/1706/1077
f 1709/1709/1080 1706/1706/1077 1707/1707/1078
f 1703/1703/1074 1702/1702/1073 1708/1708/1079
f 1703/1703/1074 1708/1708/1079 1710/1710/1081
f 1711/1711/1082 1710/1710/1081 1708/1708/1079
f 1711/1711/1082 1708/1708/1079 1709/1709/1080
f 1442/1442/895 1441/1441/894 1437/1437/891
f 1442/1442/895 1437/1437/891 1440/1440/893
f 1695/1695/892 1694/1694/1066 1699/1699/1070
f 1695/1695/892 1699/1699/1070 1712/1712/893
f 1712/1712/893 1699/1699/1070 1703/1703/1074
f 1712/1712/893 1703/1703/1074 1713/1713/895
f 1713/1713/895 1703/1703/1074 1710/1710/1081
f 1713/1713/895 1710/1710/1081 1714/1714/896
f 1463/1463/912 1578/1578/891 1715/1715/894
f 1463/1463/912 1715/1715/894 1467/1467/916
f 1716/1716/911 1467/1467/916 1715/1715/894
f 1716/1716/911 1715/1715/894 1717/1717/896
f 1718/1718/1083 1714/1714/896 1710/1710/1081
f 1718/1718/1083 1710/1710/1081 1711/1711/1082
f 1719/1719/1082 1720/1720/1080 1721/1721/1084
f 1719/1719/1082 1721/1721/1084 1722/1722/1083
f 1709/1709/1080 1707/1707/1078 1723/1723/1085
f 1709/1709/1080 1723/1723/1085 1724/1724/1084
f 1707/1707/1078 1705/1705/1076 1725/1725/1086
f 1707/1707/1078 1725/1725/1086 1723/1723/1085
f 1705/1705/1076 1650/1650/1045 1726/1726/1087
f 1705/1705/1076 1726/1726/1087 1725/1725/1086
f 1727/1727/1045 1728/1728/1044 1729/1729/1088
f 1727/1727/1045 1729/1729/1088 1730/1730/1087
f 1731/1731/1025 1729/1729/1088 1728/1728/1044
f 1731/1731/1025 1728/1728/1044 1732/1732/1026
f 1729/1729/1088 1731/1731/1025 1733/1733/1012
f 1729/1729/1088 1733/1733/1012 1734/1734/900
f 1730/1730/1087 1729/1729/1088 1734/1734/900
f 1730/1730/1087 1734/1734/900 1735/1735/901
f 1735/1735/901 1736/1736/1089 1737/1737/1086
f 1735/1735/901 1737/1737/1086 1730/1730/1087
f 1738/1738/1085 1737/1737/1086 1736/1736/1089
f 1738/1738/1085 1736/1736/1089 1459/1459/909
f 1459/1459/909 1458/1458/908 1721/1721/1084
f 1459/1459/909 1721/1721/1084 1738/1738/1085
f 1460/1460/896 1722/1722/1083 1721/1721/1084
f 1460/1460/896 1721/1721/1084 1458/1458/908
f 1461/1461/910 1460/1460/896 1458/1458/908
f 1461/1461/910 1458/1458/908 1739/1739/1090
f 1740/1740/1091 1741/1741/923 1445/1445/898
f 1740/1740/1091 1445/1445/898 1444/1444/897
f 1742/1742/1092 1739/1739/1090 1458/1458/908
f 1742/1742/1092 1458/1458/908 1451/1451/903
f 1534/1534/972 1743/1743/1093 1744/1744/897
f 1534/1534/972 1744/1744/897 1535/1535/899
f 1745/1745/1091 1746/1746/897 1747/1747/1093
f 1745/1745/1091 1747/1747/1093 1748/1748/1094
f 1748/1748/1094 1749/1749/1095 1750/1750/905
f 1748/1748/1094 1750/1750/905 1745/1745/1091
f 1751/1751/1096 1752/1752/902 1753/1753/1097
f 1751/1751/1096 1753/1753/1097 1754/1754/1098
f 1455/1455/906 1753/1753/1097 1752/1752/902
f 1455/1455/906 1752/1752/902 1453/1453/904
f 1755/1755/906 1750/1750/905 1749/1749/1095
f 1755/1755/906 1749/1749/1095 1756/1756/1099
f 1756/1756/1099 1757/1757/1100 1758/1758/1097
f 1756/1756/1099 1758/1758/1097 1755/1755/906
f 1640/1640/1039 1759/1759/1101 1743/1743/1093
f 1640/1640/1039 1743/1743/1093 1534/1534/972
f 1760/1760/1101 1749/1749/1095 1748/1748/1094
f 1760/1760/1101 1748/1748/1094 1747/1747/1093
f 1756/1756/1099 1749/1749/1095 1760/1760/1101
f 1756/1756/1099 1760/1760/1101 1761/1761/1102
f 1757/1757/1100 1756/1756/1099 1761/1761/1102
f 1757/1757/1100 1761/1761/1102 1762/1762/1103
f 1763/1763/1098 1764/1764/1097 1765/1765/1100
f 1763/1763/1098 1765/1765/1100 1766/1766/1104
f 1767/1767/1103 1768/1768/1105 1766/1766/1104
f 1767/1767/1103 1766/1766/1104 1765/1765/1100
f 1458/1458/908 1457/1457/907 1452/1452/904
f 1458/1458/908 1452/1452/904 1451/1451/903
f 1769/1769/1096 1763/1763/1098 1766/1766/1104
f 1769/1769/1096 1766/1766/1104 1770/1770/1106
f 1770/1770/1106 1766/1766/1104 1768/1768/1105
f 1770/1770/1106 1768/1768/1105 1771/1771/1107
f 1461/1461/910 1739/1739/1090 1772/1772/919
f 1461/1461/910 1772/1772/919 1462/1462/911
f 1773/1773/1108 1451/1451/903 1450/1450/902
f 1773/1773/1108 1450/1450/902 1774/1774/1096
f 1451/1451/903 1773/1773/1108 1739/1739/1090
f 1451/1451/903 1739/1739/1090 1742/1742/1092
f 1772/1772/919 1739/1739/1090 1773/1773/1108
f 1772/1772/919 1773/1773/1108 1775/1775/920
f 1776/1776/1109 1777/1777/1106 1778/1778/1107
f 1776/1776/1109 1778/1778/1107 1779/1779/1110
f 1773/1773/1108 1774/1774/1096 1777/1777/1106
f 1773/1773/1108 1777/1777/1106 1776/1776/1109
f 1464/1464/913 1463/1463/912 1467/1467/916
f 1464/1464/913 1467/1467/916 1466/1466/915
f 1716/1716/911 1780/1780/922 1468/1468/917
f 1716/1716/911 1468/1468/917 1467/1467/916
f 1474/1474/922 1781/1781/911 1470/1470/919
f 1474/1474/922 1470/1470/919 1469/1469/918
f 1782/1782/1108 1783/1783/1111 1469/1469/918
f 1782/1782/1108 1469/1469/918 1471/1471/920
f 1784/1784/1109 1785/1785/1112 1783/1783/1111
f 1784/1784/1109 1783/1783/1111 1782/1782/1108
f 1785/1785/1112 1784/1784/1109 1786/1786/1110
f 1785/1785/1112 1786/1786/1110 1787/1787/1113
f 1463/1463/912 1465/1465/914 1788/1788/1114
f 1463/1463/912 1788/1788/1114 1574/1574/999
f 1789/1789/1115 1575/1575/998 1574/1574/999
f 1789/1789/1115 1574/1574/999 1788/1788/1114
f 1790/1790/998 1791/1791/1115 1792/1792/1116
f 1790/1790/998 1792/1792/1116 1793/1793/878
f 1793/1793/878 1792/1792/1116 1794/1794/1117
f 1793/1793/878 1794/1794/1117 1795/1795/992
f 1472/1472/921 1796/1796/993 1797/1797/994
f 1472/1472/921 1797/1797/994 1798/1798/1118
f 1795/1795/992 1794/1794/1117 1798/1798/1118
f 1795/1795/992 1798/1798/1118 1797/1797/994
f 1799/1799/914 1792/1792/1116 1791/1791/1115
f 1799/1799/914 1791/1791/1115 1800/1800/1114
f 1799/1799/914 1801/1801/913 1794/1794/1117
f 1799/1799/914 1794/1794/1117 1792/1792/1116
f 1801/1801/913 1802/1802/915 1798/1798/1118
f 1801/1801/913 1798/1798/1118 1794/1794/1117
f 1802/1802/915 1473/1473/917 1472/1472/921
f 1802/1802/915 1472/1472/921 1798/1798/1118
f 1472/1472/921 1783/1783/1111 1785/1785/1112
f 1472/1472/921 1785/1785/1112 1787/1787/1113
f 1472/1472/921 1474/1474/922 1469/1469/918
f 1472/1472/921 1469/1469/918 1783/1783/1111
f 1454/1454/905 1456/1456/907 1741/1741/923
f 1454/1454/905 1741/1741/923 1740/1740/1091
f 1477/1477/923 1476/1476/909 1803/1803/1089
f 1477/1477/923 1803/1803/1089 1804/1804/898
f 1804/1804/898 1803/1803/1089 1449/1449/901
f 1804/1804/898 1449/1449/901 1448/1448/899
f 1805/1805/1119 1806/1806/945 1807/1807/1120
f 1805/1805/1119 1807/1807/1120 1808/1808/1121
f 1805/1805/1119 1808/1808/1121 1809/1809/1122
f 1805/1805/1119 1809/1809/1122 1810/1810/1123
f 1810/1810/1123 1809/1809/1122 1811/1811/1124
f 1810/1810/1123 1811/1811/1124 1812/1812/1125
f 1811/1811/1124 1813/1813/1126 1814/1814/1127
f 1811/1811/1124 1814/1814/1127 1812/1812/1125
f 1814/1814/1127 1813/1813/1126 1815/1815/1128
f 1814/1814/1127 1815/1815/1128 1816/1816/1129
f 1816/1816/1129 1815/1815/1128 1482/1482/928
f 1816/1816/1129 1482/1482/928 1817/1817/1130
f 1817/1817/1130 1482/1482/928 1481/1481/927
f 1817/1817/1130 1481/1481/927 1818/1818/1131
f 1818/1818/1131 1481/1481/927 1819/1819/1132
f 1818/1818/1131 1819/1819/1132 1820/1820/1133
f 1821/1821/1134 1822/1822/1135 1823/1823/1131
f 1821/1821/1134 1823/1823/1131 1824/1824/1133
f 1822/1822/1135 1821/1821/1134 1825/1825/1136
f 1822/1822/1135 1825/1825/1136 1826/1826/1137
f 1827/1827/1132 1828/1828/1136 1829/1829/1134
f 1827/1827/1132 1829/1829/1134 1830/1830/1133
f 1558/1558/989 1831/1831/1138 1832/1832/1139
f 1558/1558/989 1832/1832/1139 1559/1559/990
f 1833/1833/1140 1834/1834/1141 1831/1831/1138
f 1833/1833/1140 1831/1831/1138 1558/1558/989
f 1835/1835/1142 1836/1836/1143 1492/1492/938
f 1835/1835/1142 1492/1492/938 1494/1494/936
f 1836/1836/1143 1835/1835/1142 1837/1837/930
f 1836/1836/1143 1837/1837/930 1838/1838/1144
f 1839/1839/924 1837/1837/930 1840/1840/929
f 1839/1839/924 1840/1840/929 1841/1841/1139
f 1839/1839/924 1842/1842/926 1838/1838/1144
f 1839/1839/924 1838/1838/1144 1837/1837/930
f 1479/1479/925 1478/1478/924 1832/1832/1139
f 1479/1479/925 1832/1832/1139 1831/1831/1138
f 1480/1480/926 1479/1479/925 1843/1843/1145
f 1480/1480/926 1843/1843/1145 1844/1844/1144
f 1845/1845/1146 1846/1846/1143 1847/1847/1144
f 1845/1845/1146 1847/1847/1144 1848/1848/1145
f 1845/1845/1146 1518/1518/959 1849/1849/938
f 1845/1845/1146 1849/1849/938 1846/1846/1143
f 1850/1850/1147 1851/1851/1129 1852/1852/1130
f 1850/1850/1147 1852/1852/1130 1853/1853/1148
f 1854/1854/1127 1851/1851/1129 1850/1850/1147
f 1854/1854/1127 1850/1850/1147 1855/1855/1149
f 1855/1855/1149 1856/1856/1150 1857/1857/1125
f 1855/1855/1149 1857/1857/1125 1854/1854/1127
f 1858/1858/1123 1857/1857/1125 1856/1856/1150
f 1858/1858/1123 1856/1856/1150 1859/1859/1151
f 1860/1860/1119 1858/1858/1123 1859/1859/1151
f 1860/1860/1119 1859/1859/1151 1861/1861/1152
f 1504/1504/945 1860/1860/1119 1861/1861/1152
f 1504/1504/945 1861/1861/1152 1502/1502/947
f 1862/1862/1153 1863/1863/1147 1864/1864/1148
f 1862/1862/1153 1864/1864/1148 1865/1865/1154
f 1866/1866/1155 1855/1855/1149 1850/1850/1147
f 1866/1866/1155 1850/1850/1147 1867/1867/1153
f 1866/1866/1155 1868/1868/1156 1856/1856/1150
f 1866/1866/1155 1856/1856/1150 1855/1855/1149
f 1868/1868/1156 1869/1869/1157 1859/1859/1151
f 1868/1868/1156 1859/1859/1151 1856/1856/1150
f 1870/1870/1158 1861/1861/1152 1859/1859/1151
f 1870/1870/1158 1859/1859/1151 1869/1869/1157
f 1871/1871/1152 1872/1872/1158 1873/1873/1159
f 1871/1871/1152 1873/1873/1159 1874/1874/947
f 1875/1875/1160 1862/1862/1153 1865/1865/1154
f 1875/1875/1160 1865/1865/1154 1876/1876/1161
f 1877/1877/1162 1878/1878/1160 1879/1879/1161
f 1877/1877/1162 1879/1879/1161 1880/1880/1163
f 1877/1877/1162 1881/1881/1164 1882/1882/1165
f 1877/1877/1162 1882/1882/1165 1878/1878/1160
f 1883/1883/1155 1862/1862/1153 1875/1875/1160
f 1883/1883/1155 1875/1875/1160 1884/1884/1165
f 1885/1885/1156 1883/1883/1155 1884/1884/1165
f 1885/1885/1156 1884/1884/1165 1886/1886/1166
f 1887/1887/1166 1882/1882/1165 1881/1881/1164
f 1887/1887/1166 1881/1881/1164 1888/1888/1167
f 1889/1889/1157 1885/1885/1156 1886/1886/1166
f 1889/1889/1157 1886/1886/1166 1890/1890/1168
f 1891/1891/1167 1892/1892/1169 1890/1890/1168
f 1891/1891/1167 1890/1890/1168 1886/1886/1166
f 1872/1872/1158 1889/1889/1157 1890/1890/1168
f 1872/1872/1158 1890/1890/1168 1893/1893/1170
f 1893/1893/1170 1890/1890/1168 1892/1892/1169
f 1893/1893/1170 1892/1892/1169 1894/1894/1171
f 1893/1893/1170 1895/1895/1172 1873/1873/1159
f 1893/1893/1170 1873/1873/1159 1872/1872/1158
f 1894/1894/1171 1896/1896/1173 1895/1895/1172
f 1894/1894/1171 1895/1895/1172 1893/1893/1170
f 1877/1877/1162 1880/1880/1163 1897/1897/1174
f 1877/1877/1162 1897/1897/1174 1898/1898/1175
f 1898/1898/1175 1897/1897/1174 1487/1487/933
f 1898/1898/1175 1487/1487/933 1899/1899/1176
f 1881/1881/1164 1877/1877/1162 1898/1898/1175
f 1881/1881/1164 1898/1898/1175 1900/1900/1177
f 1900/1900/1177 1898/1898/1175 1899/1899/1176
f 1900/1900/1177 1899/1899/1176 1901/1901/1178
f 1900/1900/1177 1902/1902/1179 1888/1888/1167
f 1900/1900/1177 1888/1888/1167 1881/1881/1164
f 1901/1901/1178 1903/1903/1180 1902/1902/1179
f 1901/1901/1178 1902/1902/1179 1900/1900/1177
f 1904/1904/1169 1888/1888/1167 1902/1902/1179
f 1904/1904/1169 1902/1902/1179 1905/1905/1181
f 1903/1903/1180 1906/1906/1182 1905/1905/1181
f 1903/1903/1180 1905/1905/1181 1902/1902/1179
f 1906/1906/1182 1907/1907/1183 1908/1908/1184
f 1906/1906/1182 1908/1908/1184 1905/1905/1181
f 1905/1905/1181 1908/1908/1184 1909/1909/1171
f 1905/1905/1181 1909/1909/1171 1904/1904/1169
f 1808/1808/1121 1807/1807/1120 1640/1640/1039
f 1808/1808/1121 1640/1640/1039 1639/1639/1038
f 1809/1809/1122 1808/1808/1121 1639/1639/1038
f 1809/1809/1122 1639/1639/1038 1641/1641/1040
f 1811/1811/1124 1809/1809/1122 1641/1641/1040
f 1811/1811/1124 1641/1641/1040 1642/1642/1041
f 1643/1643/1042 1813/1813/1126 1811/1811/1124
f 1643/1643/1042 1811/1811/1124 1642/1642/1041
f 1815/1815/1128 1813/1813/1126 1643/1643/1042
f 1815/1815/1128 1643/1643/1042 1644/1644/1043
f 1482/1482/928 1815/1815/1128 1644/1644/1043
f 1482/1482/928 1644/1644/1043 1426/1426/880
f 1819/1819/1132 1481/1481/927 1426/1426/880
f 1819/1819/1132 1426/1426/880 1645/1645/990
f 1832/1832/1139 1828/1828/1136 1827/1827/1132
f 1832/1832/1139 1827/1827/1132 1559/1559/990
f 1826/1826/1137 1825/1825/1136 1910/1910/1139
f 1826/1826/1137 1910/1910/1139 1911/1911/929
f 1912/1912/1173 1909/1909/1171 1908/1908/1184
f 1912/1912/1173 1908/1908/1184 1913/1913/1185
f 1914/1914/1186 1913/1913/1185 1908/1908/1184
f 1914/1914/1186 1908/1908/1184 1907/1907/1183
f 1915/1915/1131 1916/1916/1187 1853/1853/1148
f 1915/1915/1131 1853/1853/1148 1852/1852/1130
f 1917/1917/1187 1918/1918/1188 1865/1865/1154
f 1917/1917/1187 1865/1865/1154 1864/1864/1148
f 1919/1919/1189 1876/1876/1161 1865/1865/1154
f 1919/1919/1189 1865/1865/1154 1918/1918/1188
f 1920/1920/1163 1876/1876/1161 1919/1919/1189
f 1920/1920/1163 1919/1919/1189 1921/1921/1190
f 1922/1922/1190 1923/1923/1191 1897/1897/1174
f 1922/1922/1190 1897/1897/1174 1880/1880/1163
f 1923/1923/1191 1488/1488/934 1487/1487/933
f 1923/1923/1191 1487/1487/933 1897/1897/1174
f 1924/1924/1192 1925/1925/1193 1926/1926/1188
f 1924/1924/1192 1926/1926/1188 1927/1927/1187
f 1928/1928/1189 1926/1926/1188 1925/1925/1193
f 1928/1928/1189 1925/1925/1193 1929/1929/1190
f 1930/1930/934 1931/1931/1191 1929/1929/1190
f 1930/1930/934 1929/1929/1190 1925/1925/1193
f 1925/1925/1193 1924/1924/1192 1932/1932/1194
f 1925/1925/1193 1932/1932/1194 1933/1933/1195
f 1933/1933/1195 1932/1932/1194 1485/1485/931
f 1933/1933/1195 1485/1485/931 1934/1934/1196
f 1934/1934/1196 1485/1485/931 1484/1484/930
f 1934/1934/1196 1484/1484/930 1935/1935/1197
f 1936/1936/930 1937/1937/1142 1938/1938/1198
f 1936/1936/930 1938/1938/1198 1939/1939/1197
f 1940/1940/1131 1941/1941/1135 1924/1924/1192
f 1940/1940/1131 1924/1924/1192 1927/1927/1187
f 1942/1942/1137 1932/1932/1194 1924/1924/1192
f 1942/1942/1137 1924/1924/1192 1941/1941/1135
f 1932/1932/1194 1942/1942/1137 1483/1483/929
f 1932/1932/1194 1483/1483/929 1485/1485/931
f 1943/1943/1196 1944/1944/1199 1486/1486/932
f 1943/1943/1196 1486/1486/932 1945/1945/1195
f 1933/1933/1195 1946/1946/932 1930/1930/934
f 1933/1933/1195 1930/1930/934 1925/1925/1193
f 1947/1947/1197 1948/1948/1200 1944/1944/1199
f 1947/1947/1197 1944/1944/1199 1943/1943/1196
f 1947/1947/1197 1949/1949/1198 1489/1489/935
f 1947/1947/1197 1489/1489/935 1948/1948/1200
f 1937/1937/1142 1950/1950/936 1951/1951/935
f 1937/1937/1142 1951/1951/935 1938/1938/1198
f 1487/1487/933 1486/1486/932 1952/1952/1201
f 1487/1487/933 1952/1952/1201 1899/1899/1176
f 1486/1486/932 1944/1944/1199 1953/1953/1202
f 1486/1486/932 1953/1953/1202 1952/1952/1201
f 1944/1944/1199 1948/1948/1200 1954/1954/1203
f 1944/1944/1199 1954/1954/1203 1953/1953/1202
f 1491/1491/937 1954/1954/1203 1948/1948/1200
f 1491/1491/937 1948/1948/1200 1489/1489/935
f 1952/1952/1201 1955/1955/1204 1901/1901/1178
f 1952/1952/1201 1901/1901/1178 1899/1899/1176
f 1953/1953/1202 1956/1956/1205 1955/1955/1204
f 1953/1953/1202 1955/1955/1204 1952/1952/1201
f 1956/1956/1205 1953/1953/1202 1954/1954/1203
f 1956/1956/1205 1954/1954/1203 1957/1957/1206
f 1491/1491/937 1958/1958/1207 1957/1957/1206
f 1491/1491/937 1957/1957/1206 1954/1954/1203
f 1490/1490/936 1959/1959/939 1958/1958/1207
f 1490/1490/936 1958/1958/1207 1491/1491/937
f 1903/1903/1180 1901/1901/1178 1955/1955/1204
f 1903/1903/1180 1955/1955/1204 1960/1960/1208
f 1956/1956/1205 1961/1961/1209 1960/1960/1208
f 1956/1956/1205 1960/1960/1208 1955/1955/1204
f 1961/1961/1209 1956/1956/1205 1957/1957/1206
f 1961/1961/1209 1957/1957/1206 1962/1962/1210
f 1958/1958/1207 1963/1963/1211 1962/1962/1210
f 1958/1958/1207 1962/1962/1210 1957/1957/1206
f 1960/1960/1208 1964/1964/1212 1906/1906/1182
f 1960/1960/1208 1906/1906/1182 1903/1903/1180
f 1964/1964/1212 1960/1960/1208 1961/1961/1209
f 1964/1964/1212 1961/1961/1209 1965/1965/1213
f 1965/1965/1213 1961/1961/1209 1962/1962/1210
f 1965/1965/1213 1962/1962/1210 1966/1966/1214
f 1966/1966/1214 1962/1962/1210 1963/1963/1211
f 1966/1966/1214 1963/1963/1211 1967/1967/1215
f 1964/1964/1212 1968/1968/1216 1907/1907/1183
f 1964/1964/1212 1907/1907/1183 1906/1906/1182
f 1968/1968/1216 1969/1969/1217 1914/1914/1186
f 1968/1968/1216 1914/1914/1186 1907/1907/1183
f 1965/1965/1213 1970/1970/1218 1968/1968/1216
f 1965/1965/1213 1968/1968/1216 1964/1964/1212
f 1968/1968/1216 1970/1970/1218 1971/1971/1219
f 1968/1968/1216 1971/1971/1219 1969/1969/1217
f 1966/1966/1214 1972/1972/1220 1970/1970/1218
f 1966/1966/1214 1970/1970/1218 1965/1965/1213
f 1973/1973/1221 1971/1971/1219 1970/1970/1218
f 1973/1973/1221 1970/1970/1218 1972/1972/1220
f 1967/1967/1215 1974/1974/1222 1972/1972/1220
f 1967/1967/1215 1972/1972/1220 1966/1966/1214
f 1975/1975/1223 1973/1973/1221 1972/1972/1220
f 1975/1975/1223 1972/1972/1220 1974/1974/1222
f 1498/1498/943 1495/1495/940 1492/1492/938
f 1498/1498/943 1492/1492/938 1496/1496/941
f 1959/1959/939 1976/1976/940 1963/1963/1211
f 1959/1959/939 1963/1963/1211 1958/1958/1207
f 1976/1976/940 1977/1977/943 1967/1967/1215
f 1976/1976/940 1967/1967/1215 1963/1963/1211
f 1977/1977/943 1978/1978/942 1974/1974/1222
f 1977/1977/943 1974/1974/1222 1967/1967/1215
f 1518/1518/959 1523/1523/964 1979/1979/941
f 1518/1518/959 1979/1979/941 1849/1849/938
f 1980/1980/957 1981/1981/942 1979/1979/941
f 1980/1980/957 1979/1979/941 1523/1523/964
f 1982/1982/1224 1975/1975/1223 1974/1974/1222
f 1982/1982/1224 1974/1974/1222 1978/1978/942
f 1983/1983/1223 1984/1984/1224 1985/1985/1225
f 1983/1983/1223 1985/1985/1225 1986/1986/1221
f 1973/1973/1221 1987/1987/1225 1988/1988/1226
f 1973/1973/1221 1988/1988/1226 1971/1971/1219
f 1971/1971/1219 1988/1988/1226 1989/1989/1227
f 1971/1971/1219 1989/1989/1227 1969/1969/1217
f 1969/1969/1217 1989/1989/1227 1990/1990/1228
f 1969/1969/1217 1990/1990/1228 1914/1914/1186
f 1991/1991/1186 1992/1992/1228 1993/1993/1229
f 1991/1991/1186 1993/1993/1229 1994/1994/1185
f 1995/1995/1172 1996/1996/1173 1994/1994/1185
f 1995/1995/1172 1994/1994/1185 1993/1993/1229
f 1993/1993/1229 1997/1997/947 1998/1998/1159
f 1993/1993/1229 1998/1998/1159 1995/1995/1172
f 1992/1992/1228 1999/1999/948 1997/1997/947
f 1992/1992/1228 1997/1997/947 1993/1993/1229
f 1999/1999/948 1992/1992/1228 2000/2000/1227
f 1999/1999/948 2000/2000/1227 2001/2001/1230
f 2002/2002/1226 1513/1513/955 2001/2001/1230
f 2002/2002/1226 2001/2001/1230 2000/2000/1227
f 1513/1513/955 2002/2002/1226 1985/1985/1225
f 1513/1513/955 1985/1985/1225 1514/1514/956
f 1515/1515/942 1514/1514/956 1985/1985/1225
f 1515/1515/942 1985/1985/1225 1984/1984/1224
f 1517/1517/958 2003/2003/1231 1514/1514/956
f 1517/1517/958 1514/1514/956 1515/1515/942
f 2004/2004/1232 1499/1499/944 1501/1501/946
f 2004/2004/1232 1501/1501/946 2005/2005/969
f 2006/2006/1233 1507/1507/951 1514/1514/956
f 2006/2006/1233 1514/1514/956 2003/2003/1231
f 1807/1807/1120 1806/1806/945 2007/2007/944
f 1807/1807/1120 2007/2007/944 2008/2008/1234
f 2009/2009/1232 2010/2010/1235 2011/2011/1234
f 2009/2009/1232 2011/2011/1234 2012/2012/944
f 2010/2010/1235 2009/2009/1232 2013/2013/953
f 2010/2010/1235 2013/2013/953 2014/2014/1236
f 2015/2015/1237 2016/2016/1238 2017/2017/1239
f 2015/2015/1237 2017/2017/1239 2018/2018/949
f 1509/1509/952 1508/1508/950 2018/2018/949
f 1509/1509/952 2018/2018/949 2017/2017/1239
f 2019/2019/952 2020/2020/1240 2014/2014/1236
f 2019/2019/952 2014/2014/1236 2013/2013/953
f 2020/2020/1240 2019/2019/952 2021/2021/1239
f 2020/2020/1240 2021/2021/1239 2022/2022/1241
f 1640/1640/1039 1807/1807/1120 2008/2008/1234
f 1640/1640/1039 2008/2008/1234 1759/1759/1101
f 1760/1760/1101 2011/2011/1234 2010/2010/1235
f 1760/1760/1101 2010/2010/1235 2014/2014/1236
f 2020/2020/1240 1761/1761/1102 1760/1760/1101
f 2020/2020/1240 1760/1760/1101 2014/2014/1236
f 2022/2022/1241 1762/1762/1103 1761/1761/1102
f 2022/2022/1241 1761/1761/1102 2020/2020/1240
f 2023/2023/1238 2024/2024/1242 2025/2025/1241
f 2023/2023/1238 2025/2025/1241 2026/2026/1239
f 1767/1767/1103 2025/2025/1241 2024/2024/1242
f 1767/1767/1103 2024/2024/1242 1768/1768/1105
f 1514/1514/956 1507/1507/951 1506/1506/950
f 1514/1514/956 1506/1506/950 1512/1512/954
f 2027/2027/1237 2028/2028/1243 2024/2024/1242
f 2027/2027/1237 2024/2024/1242 2023/2023/1238
f 2028/2028/1243 1771/1771/1107 1768/1768/1105
f 2028/2028/1243 1768/1768/1105 2024/2024/1242
f 1517/1517/958 1516/1516/957 2029/2029/967
f 1517/1517/958 2029/2029/967 2003/2003/1231
f 2030/2030/1244 2031/2031/1237 1505/1505/949
f 2030/2030/1244 1505/1505/949 1507/1507/951
f 1507/1507/951 2006/2006/1233 2003/2003/1231
f 1507/1507/951 2003/2003/1231 2030/2030/1244
f 2029/2029/967 2032/2032/966 2030/2030/1244
f 2029/2029/967 2030/2030/1244 2003/2003/1231
f 2033/2033/1245 1779/1779/1110 1778/1778/1107
f 2033/2033/1245 1778/1778/1107 2034/2034/1243
f 2030/2030/1244 2033/2033/1245 2034/2034/1243
f 2030/2030/1244 2034/2034/1243 2031/2031/1237
f 1520/1520/961 1521/1521/962 1523/1523/964
f 1520/1520/961 1523/1523/964 1518/1518/959
f 1980/1980/957 1523/1523/964 1522/1522/963
f 1980/1980/957 1522/1522/963 2035/2035/968
f 1527/1527/968 1524/1524/965 1526/1526/967
f 1527/1527/968 1526/1526/967 2036/2036/957
f 2037/2037/1244 1525/1525/966 1524/1524/965
f 2037/2037/1244 1524/1524/965 2038/2038/1246
f 2039/2039/1245 2037/2037/1244 2038/2038/1246
f 2039/2039/1245 2038/2038/1246 2040/2040/1247
f 2040/2040/1247 1787/1787/1113 1786/1786/1110
f 2040/2040/1247 1786/1786/1110 2039/2039/1245
f 1518/1518/959 1845/1845/1146 2041/2041/1248
f 1518/1518/959 2041/2041/1248 1519/1519/960
f 2042/2042/1249 2041/2041/1248 1845/1845/1146
f 2042/2042/1249 1845/1845/1146 1848/1848/1145
f 2043/2043/1145 2044/2044/925 2045/2045/1250
f 2043/2043/1145 2045/2045/1250 2046/2046/1249
f 2044/2044/925 2047/2047/1138 2048/2048/1251
f 2044/2044/925 2048/2048/1251 2045/2045/1250
f 1472/1472/921 2049/2049/1252 2050/2050/1141
f 1472/1472/921 2050/2050/1141 2051/2051/1140
f 2047/2047/1138 2050/2050/1141 2049/2049/1252
f 2047/2047/1138 2049/2049/1252 2048/2048/1251
f 2052/2052/960 2053/2053/1248 2046/2046/1249
f 2052/2052/960 2046/2046/1249 2045/2045/1250
f 2052/2052/960 2045/2045/1250 2048/2048/1251
f 2052/2052/960 2048/2048/1251 2054/2054/961
f 2054/2054/961 2048/2048/1251 2049/2049/1252
f 2054/2054/961 2049/2049/1252 2055/2055/962
f 2055/2055/962 2049/2049/1252 1472/1472/921
f 2055/2055/962 1472/1472/921 1528/1528/963
f 1472/1472/921 1787/1787/1113 2040/2040/1247
f 1472/1472/921 2040/2040/1247 2038/2038/1246
f 1472/1472/921 2038/2038/1246 1524/1524/965
f 1472/1472/921 1524/1524/965 1527/1527/968
f 1510/1510/953 2004/2004/1232 2005/2005/969
f 1510/1510/953 2005/2005/969 1511/1511/954
f 1530/1530/969 2056/2056/946 2057/2057/1230
f 1530/1530/969 2057/2057/1230 1531/1531/955
f 2056/2056/946 1504/1504/945 1503/1503/948
f 2056/2056/946 1503/1503/948 2057/2057/1230
# Vertices: 636, normals: 377, texture coordinates: 636, faces: 748

o obj7
v 0.34963824 -0.01961656 0.07130718
v 0.34270082 -0.0013179 0.07436024
v 0.32595212 -0.01961656 0.08173075
v 0.34270074 -0.03791522 0.07436022
v 0.3259521 -0.04549481 0.08173078
v 0.30920361 -0.03791522 0.08910133
v 0.30226603 -0.01961656 0.09215423
v 0.30920352 -0.0013179 0.08910135
v 0.3259521 0.00626161 0.08173078
v 0.32487915 -0.0013179 0.03386265
v 0.33181652 -0.01961656 0.0308096
v 0.30813046 -0.01961656 0.04123313
v 0.32487915 -0.03791522 0.03386265
v 0.30813047 -0.04549481 0.04123311
v 0.29138184 -0.03791522 0.04860364
v 0.28444438 -0.01961656 0.05165666
v 0.29138184 -0.0013179 0.04860364
v 0.30813047 0.00626161 0.04123311
v 0.34270082 -0.0013179 0.07436024
v 0.34963824 -0.01961656 0.07130718
v 0.34722663 -0.01961656 0.06582711
v 0.34028909 -0.0013179 0.06888
v 0.34270074 -0.03791522 0.07436022
v 0.34028909 -0.03791522 0.06888
v 0.34270074 -0.03791522 0.07436022
v 0.3259521 -0.04549481 0.08173078
v 0.32354042 -0.04549481 0.07625054
v 0.34028909 -0.03791522 0.06888
v 0.30920361 -0.03791522 0.08910133
v 0.30679183 -0.03791522 0.0836211
v 0.30920361 -0.03791522 0.08910133
v 0.30226603 -0.01961656 0.09215423
v 0.29985436 -0.01961656 0.08667404
v 0.30679183 -0.03791522 0.0836211
v 0.30920352 -0.0013179 0.08910135
v 0.30679183 -0.0013179 0.0836211
v 0.30920352 -0.0013179 0.08910135
v 0.3259521 0.00626161 0.08173078
v 0.32354042 0.00626161 0.07625054
v 0.30679183 -0.0013179 0.0836211
v 0.34270082 -0.0013179 0.07436024
v 0.34028909 -0.0013179 0.06888
v 0.310932 0.00626161 0.04759959
v 0.32768075 -0.0013179 0.04022902
v 0.32487915 -0.0013179 0.03386265
v 0.30813047 0.00626161 0.04123311
v 0.29418346 -0.0013179 0.05497
v 0.29138184 -0.0013179 0.04860364
v 0.28724594 -0.01961656 0.05802301
v 0.29418346 -0.0013179 0.05497
v 0.29138184 -0.0013179 0.04860364
v 0.28444438 -0.01961656 0.05165666
v 0.29418346 -0.03791522 0.05497
v 0.29138184 -0.03791522 0.04860364
v 0.310932 -0.04549481 0.04759959
v 0.29418346 -0.03791522 0.05497
v 0.29138184 -0.03791522 0.04860364
v 0.30813047 -0.04549481 0.04123311
v 0.32768075 -0.03791522 0.04022902
v 0.32487915 -0.03791522 0.03386265
v 0.33461821 -0.01961656 0.03717593
v 0.32768075 -0.03791522 0.04022902
v 0.32487915 -0.03791522 0.03386265
v 0.33181652 -0.01961656 0.0308096
v 0.32768075 -0.0013179 0.04022902
v 0.32487915 -0.0013179 0.03386265
v 0.33461821 -0.01961656 0.03717593
v 0.32768075 -0.0013179 0.04022902
v 0.310932 -0.04549481 0.04759959
v 0.32768075 -0.03791522 0.04022902
v 0.310932 0.00626161 0.04759959
v 0.29418346 -0.03791522 0.05497
v 0.29418346 -0.0013179 0.05497
v 0.28724594 -0.01961656 0.05802301
v 0.34722663 -0.01961656 0.06582711
v 0.34028909 -0.03791522 0.06888
v 0.32354042 0.00626161 0.07625054
v 0.34028909 -0.0013179 0.06888
v 0.32354042 -0.04549481 0.07625054
v 0.30679183 -0.0013179 0.0836211
v 0.30679183 -0.03791522 0.0836211
v 0.29985436 -0.01961656 0.08667404
vn 0.07274 -0 0.99735
vn -0.06367 0.37129 0.92633
vn -0.46178 -0 0.88699
vn -0.06367 -0.37129 0.92633
vn -0.393 -0.52509 0.75488
vn -0.72233 -0.37129 0.58342
vn -0.85875 -0 0.5124
vn -0.72233 0.37129 0.58342
vn -0.393 0.52509 0.75487
vn 0.74071 0.41194 -0.53071
vn 0.89206 0 -0.45192
vn 0.46178 0 -0.88699
vn 0.74071 -0.41194 -0.53071
vn 0.37534 -0.58256 -0.72093
vn 0.00995 -0.41193 -0.91116
vn -0.1414 0 -0.98995
vn 0.00995 0.41193 -0.91116
vn 0.37533 0.58256 -0.72093
vn 0.70274 -0 -0.71145
vn 0.62615 0.20844 -0.75132
vn 0.56822 -0.1287 -0.81275
vn 0.45407 -0.182 -0.87218
vn 0.25638 -0.20844 -0.94383
vn 0.17979 -0 -0.9837
vn 0.33992 0.1287 -0.93161
vn 0.45407 0.182 -0.87218
vn -0.45147 0.21022 0.86717
vn -0.31962 0.14865 0.93581
vn -0.64631 0.23855 0.72483
vn -0.73395 0 0.6792
vn -0.58332 -0.14865 0.79853
vn -0.45147 -0.21022 0.86717
vn -0.22312 -0.23855 0.94515
vn -0.13547 0 0.99078
vt 0.7805 0.03318
vt 0.78575 0.04763
vt 0.79861 0.03325
vt 0.78586 0.01877
vt 0.79869 0.01284
vt 0.81146 0.01887
vt 0.81671 0.03332
vt 0.81135 0.04773
vt 0.79853 0.05366
vt 0.91913 0.01929
vt 0.91378 0.0337
vt 0.93188 0.03377
vt 0.91902 0.04815
vt 0.9318 0.05418
vt 0.94462 0.04825
vt 0.94998 0.03384
vt 0.94474 0.01939
vt 0.93196 0.01336
vt 0.94008 0.10659
vt 0.94301 0.09159
vt 0.93865 0.09157
vt 0.93572 0.10657
vt 0.94019 0.07656
vt 0.93584 0.07654
vt 0.74124 0.06087
vt 0.74772 0.07343
vt 0.75183 0.07131
vt 0.74535 0.05874
vt 0.7542 0.086
vt 0.75831 0.08388
vt 0.97209 0.08082
vt 0.9749 0.09585
vt 0.97926 0.09586
vt 0.97645 0.08084
vt 0.97197 0.11085
vt 0.97633 0.11087
vt 0.92657 0.0935
vt 0.93315 0.08098
vt 0.92905 0.07883
vt 0.92247 0.09134
vt 0.93972 0.06846
vt 0.93563 0.06631
vt 0.73666 0.06735
vt 0.74324 0.05484
vt 0.73848 0.05234
vt 0.7319 0.06485
vt 0.73008 0.07987
vt 0.72533 0.07737
vt 0.98095 0.0947
vt 0.97802 0.1097
vt 0.98308 0.10972
vt 0.98601 0.09472
vt 0.97814 0.07967
vt 0.9832 0.07969
vt 0.74543 0.05728
vt 0.75191 0.06985
vt 0.75669 0.06739
vt 0.75021 0.05482
vt 0.73895 0.04471
vt 0.74373 0.04225
vt 0.67924 0.02739
vt 0.67643 0.01236
vt 0.67137 0.01234
vt 0.67418 0.02737
vt 0.67631 0.04239
vt 0.67125 0.04237
vt 0.95005 0.03384
vt 0.95529 0.0483
vt 0.96823 0.01351
vt 0.9554 0.01943
vt 0.96807 0.05432
vt 0.98101 0.01953
vt 0.98089 0.0484
vt 0.98625 0.03399
vt 0.87751 0.03356
vt 0.88275 0.04801
vt 0.89569 0.01322
vt 0.88286 0.01915
vt 0.89553 0.05404
vt 0.90847 0.01925
vt 0.90835 0.04811
vt 0.91371 0.0337
usemtl mat0
f 2058/2058/1253 2059/2059/1254 2060/2060/1255
f 2061/2061/1256 2058/2058/1253 2060/2060/1255
f 2062/2062/1257 2061/2061/1256 2060/2060/1255
f 2063/2063/1258 2062/2062/1257 2060/2060/1255
f 2064/2064/1259 2063/2063/1258 2060/2060/1255
f 2065/2065/1260 2064/2064/1259 2060/2060/1255
f 2066/2066/1261 2065/2065/1260 2060/2060/1255
f 2059/2059/1254 2066/2066/1261 2060/2060/1255
f 2067/2067/1262 2068/2068/1263 2069/2069/1264
f 2068/2068/1263 2070/2070/1265 2069/2069/1264
f 2070/2070/1265 2071/2071/1266 2069/2069/1264
f 2071/2071/1266 2072/2072/1267 2069/2069/1264
f 2072/2072/1267 2073/2073/1268 2069/2069/1264
f 2073/2073/1268 2074/2074/1269 2069/2069/1264
f 2074/2074/1269 2075/2075/1270 2069/2069/1264
f 2075/2075/1270 2067/2067/1262 2069/2069/1264
f 2076/2076/1254 2077/2077/1253 2078/2078/1271
f 2076/2076/1254 2078/2078/1271 2079/2079/1272
f 2077/2077/1253 2080/2080/1256 2081/2081/1273
f 2077/2077/1253 2081/2081/1273 2078/2078/1271
f 2082/2082/1256 2083/2083/1257 2084/2084/1274
f 2082/2082/1256 2084/2084/1274 2085/2085/1273
f 2083/2083/1257 2086/2086/1258 2087/2087/1275
f 2083/2083/1257 2087/2087/1275 2084/2084/1274
f 2088/2088/1258 2089/2089/1259 2090/2090/1276
f 2088/2088/1258 2090/2090/1276 2091/2091/1275
f 2089/2089/1259 2092/2092/1260 2093/2093/1277
f 2089/2089/1259 2093/2093/1277 2090/2090/1276
f 2094/2094/1260 2095/2095/1261 2096/2096/1278
f 2094/2094/1260 2096/2096/1278 2097/2097/1277
f 2095/2095/1261 2098/2098/1254 2099/2099/1272
f 2095/2095/1261 2099/2099/1272 2096/2096/1278
f 2100/2100/1279 2101/2101/1280 2102/2102/1262
f 2100/2100/1279 2102/2102/1262 2103/2103/1270
f 2104/2104/1281 2100/2100/1279 2103/2103/1270
f 2104/2104/1281 2103/2103/1270 2105/2105/1269
f 2106/2106/1282 2107/2107/1281 2108/2108/1269
f 2106/2106/1282 2108/2108/1269 2109/2109/1268
f 2110/2110/1283 2106/2106/1282 2109/2109/1268
f 2110/2110/1283 2109/2109/1268 2111/2111/1267
f 2112/2112/1284 2113/2113/1283 2114/2114/1267
f 2112/2112/1284 2114/2114/1267 2115/2115/1266
f 2116/2116/1285 2112/2112/1284 2115/2115/1266
f 2116/2116/1285 2115/2115/1266 2117/2117/1265
f 2118/2118/1286 2119/2119/1285 2120/2120/1265
f 2118/2118/1286 2120/2120/1265 2121/2121/1263
f 2122/2122/1280 2118/2118/1286 2121/2121/1263
f 2122/2122/1280 2121/2121/1263 2123/2123/1262
f 2124/2124/1286 2125/2125/1280 2126/2126/1284
f 2124/2124/1286 2126/2126/1284 2127/2127/1285
f 2125/2125/1280 2128/2128/1279 2129/2129/1283
f 2125/2125/1280 2129/2129/1283 2126/2126/1284
f 2128/2128/1279 2130/2130/1281 2131/2131/1282
f 2128/2128/1279 2131/2131/1282 2129/2129/1283
f 2132/2132/1271 2133/2133/1273 2134/2134/1278
f 2132/2132/1271 2134/2134/1278 2135/2135/1272
f 2133/2133/1273 2136/2136/1274 2137/2137/1277
f 2133/2133/1273 2137/2137/1277 2134/2134/1278
f 2136/2136/1274 2138/2138/1275 2139/2139/1276
f 2136/2136/1274 2139/2139/1276 2137/2137/1277
# Vertices: 82, normals: 34, texture coordinates: 82, faces: 60

o obj8
v 0.33507997 0.00903763 0.05357851
v 0.32961338 0.00903763 0.04843703
v 0.32961338 0.01498336 0.04843703
v 0.33507997 0.01498336 0.05357851
v 0.3221123 0.00903763 0.04866682
v 0.3221123 0.01498336 0.04866682
v 0.3221123 0.00903763 0.04866682
v 0.31697077 0.00903763 0.05413341
v 0.31697077 0.01498336 0.05413341
v 0.3221123 0.01498336 0.04866682
v 0.31697077 0.00903763 0.05413341
v 0.31720057 0.00903763 0.06163441
v 0.31720057 0.01498336 0.06163441
v 0.31697077 0.01498336 0.05413341
v 0.32266717 0.00903763 0.06677594
v 0.32266717 0.01498336 0.06677594
v 0.33016827 0.00903763 0.06654613
v 0.33016827 0.01498336 0.06654613
v 0.33016827 0.00903763 0.06654613
v 0.33530972 0.00903763 0.06107952
v 0.33530972 0.01498336 0.06107952
v 0.33016827 0.01498336 0.06654613
v 0.33530972 0.00903763 0.06107952
v 0.33530972 0.01498336 0.06107952
v 0.32961338 0.00903763 0.04843703
v 0.33507997 0.00903763 0.05357851
v 0.34738974 0.00907841 0.04805861
v 0.33514195 0.00907841 0.03752723
v 0.3221123 0.00903763 0.04866682
v 0.31762106 0.00907841 0.03875801
v 0.31697077 0.00903763 0.05413341
v 0.30519315 0.0080213 0.05098485
v 0.31720057 0.00903763 0.06163441
v 0.30621887 0.00716982 0.06657078
v 0.32266717 0.00903763 0.06677594
v 0.31724111 0.0080213 0.0776406
v 0.33016827 0.00903763 0.06654613
v 0.33465947 0.00907841 0.07645486
v 0.33530972 0.00903763 0.06107952
v 0.3471899 0.00907841 0.06418299
v 0.33514195 0.00907841 0.03752723
v 0.34738974 0.00907841 0.04805861
v 0.34738974 0.00606772 0.04805861
v 0.33514195 0.00606772 0.03752723
v 0.31762106 0.00907841 0.03875801
v 0.31762106 0.00606772 0.03875801
v 0.285654 -0.02041443 0.06170491
v 0.28349665 -0.02041384 0.05679531
v 0.28608584 -0.02144698 0.05565745
v 0.28824328 -0.02144639 0.06056713
v 0.29076837 -0.02041384 0.07334255
v 0.29335759 -0.02144698 0.07220472
v 0.29584315 -0.02041384 0.08489093
v 0.29843252 -0.02144698 0.08375321
v 0.29790626 -0.02041384 0.08958525
v 0.30049533 -0.02144698 0.08844738
v 0.3471899 0.00907841 0.06418299
v 0.33465947 0.00907841 0.07645486
v 0.33465947 0.00606772 0.07645486
v 0.3471899 0.00606772 0.06418299
v 0.3471899 0.00907841 0.06418299
v 0.3471899 0.00606772 0.06418299
v 0.34738974 -0.01819651 0.04805861
v 0.33514195 -0.01819651 0.03752723
v 0.31762106 -0.01819651 0.03875801
v 0.30509053 0.00606772 0.05102998
v 0.31762106 0.00606772 0.03875801
v 0.31762106 -0.01819651 0.03875801
v 0.30509053 -0.01819651 0.05102998
v 0.30489074 0.00606772 0.0671544
v 0.30509053 0.00606772 0.05102998
v 0.30509053 -0.01819651 0.05102998
v 0.30489074 -0.01819651 0.0671544
v 0.31713857 0.00606772 0.07768572
v 0.31713857 -0.01819651 0.07768572
v 0.33465947 0.00606772 0.07645486
v 0.33465947 -0.01819651 0.07645486
v 0.33465947 -0.01819651 0.07645486
v 0.3471899 -0.01819651 0.06418299
v 0.3471899 -0.01819651 0.06418299
v 0.30509053 -0.01819651 0.05102998
v 0.31762106 -0.01819651 0.03875801
v 0.31713857 -0.01819651 0.07768572
v 0.30489074 -0.01819651 0.0671544
v 0.33514195 -0.01819651 0.03752723
v 0.33465947 -0.01819651 0.07645486
v 0.34738974 -0.01819651 0.04805861
v 0.3471899 -0.01819651 0.06418299
v 0.2954425 0.00479945 0.05154566
v 0.29760004 0.00479945 0.05645523
v 0.31762106 0.00907841 0.03875801
v 0.31762106 0.00606772 0.03875801
v 0.29723336 0.00251058 0.05075859
v 0.2954425 0.00479945 0.05154566
v 0.31762106 0.00606772 0.03875801
v 0.30509053 0.00606772 0.05102998
v 0.29939076 0.00251058 0.05566823
v 0.29723336 0.00251058 0.05075859
v 0.30271414 0.0047993 0.06809284
v 0.30509053 0.00606772 0.05102998
v 0.30489074 0.00606772 0.0671544
v 0.30450491 0.00251058 0.06730589
v 0.29939076 0.00251058 0.05566823
v 0.30778927 0.00479945 0.07964131
v 0.31713857 0.00606772 0.07768572
v 0.30957989 0.00251058 0.07885438
v 0.30985217 0.00479945 0.08433555
v 0.31713857 0.00606772 0.07768572
v 0.33465947 0.00606772 0.07645486
v 0.31164301 0.00251058 0.0835487
v 0.30957989 0.00251058 0.07885438
v 0.30985217 0.00479945 0.08433555
v 0.31164301 0.00251058 0.0835487
v 0.29760004 0.00479945 0.05645523
v 0.2954425 0.00479945 0.05154566
v 0.28574626 -0.00515273 0.05580671
v 0.2879037 -0.00515273 0.06071638
v 0.28771535 -0.00725972 0.05494137
v 0.28574626 -0.00515273 0.05580671
v 0.29723336 0.00251058 0.05075859
v 0.28987279 -0.00725972 0.05985105
v 0.28771535 -0.00725972 0.05494137
v 0.30271414 0.0047993 0.06809284
v 0.29301777 -0.00515273 0.07235397
v 0.29498683 -0.00725972 0.07148862
v 0.30778927 0.00479945 0.07964131
v 0.29809273 -0.00515273 0.08390231
v 0.30006178 -0.00725972 0.08303703
v 0.30985217 0.00479945 0.08433555
v 0.30015585 -0.00515273 0.08859662
v 0.31164301 0.00251058 0.0835487
v 0.30212491 -0.00725972 0.08773127
v 0.30015585 -0.00515273 0.08859662
v 0.30212491 -0.00725972 0.08773127
v 0.28349665 -0.02041384 0.05679531
v 0.285654 -0.02041443 0.06170491
v 0.28608584 -0.02144698 0.05565745
v 0.28349665 -0.02041384 0.05679531
v 0.28824328 -0.02144639 0.06056713
v 0.28608584 -0.02144698 0.05565745
v 0.29076837 -0.02041384 0.07334255
v 0.29335759 -0.02144698 0.07220472
v 0.29584315 -0.02041384 0.08489093
v 0.29843252 -0.02144698 0.08375321
v 0.29790626 -0.02041384 0.08958525
v 0.30049533 -0.02144698 0.08844738
v 0.29790626 -0.02041384 0.08958525
v 0.30049533 -0.02144698 0.08844738
vn 0.19799 0.975 0.10088
vn 0.22139 0.97255 -0.07171
vn 0.95106 0 -0.30902
vn 0.89101 0 0.45399
vn 0.09209 0.96631 -0.24036
vn 0.45399 0 -0.891
vn -0.14325 0.94852 -0.28247
vn -0.30901 0 -0.95106
vn -0.31748 0.93439 -0.16163
vn -0.89101 0 -0.45399
vn -0.3133 0.94831 0.05045
vn -0.95106 0 0.30902
vn -0.14043 0.96627 0.21586
vn -0.45399 0 0.89101
vn 0.07199 0.97264 0.2209
vn 0.30902 0 0.95106
vn 0.34804 0.92065 0.17682
vn 0.3837 0.9111 -0.15056
vn 0.2303 0.87596 -0.42385
vn -0.12471 0.97376 -0.19034
vn -0.24411 0.96163 -0.12519
vn -0.22601 0.97406 0.01123
vn -0.21284 0.87363 0.43757
vn 0.10345 0.9115 0.39807
vn 0.89154 0 0.45295
vn 0.93109 0 -0.36479
vn 0.4688 -0.01681 -0.88314
vn -0.88652 -0.02277 -0.46213
vn -0.57784 -0.02024 -0.8159
vn 0.95337 -0.30057 0.02727
vn 0.83689 -0.33061 0.43626
vn -0.88652 -0.02277 -0.46212
vn 0.83689 -0.33061 0.43625
vn -0.88653 -0.02277 -0.46212
vn 0.83689 -0.3306 0.43625
vn -0.99973 -0.02005 0.012
vn 0.555 -0.29816 0.77658
vn -0.44221 -0.01576 0.89677
vn 0.25203 0 0.96772
vn 0.73268 -0.56976 0.37224
vn 0.62525 -0.74098 -0.24497
vn 0.30452 -0.74291 -0.59612
vn -0.23238 -0.21441 -0.9487
vn -0.20866 -0.56085 -0.80119
vn -0.87991 -0.16302 -0.4463
vn -0.73268 -0.56976 -0.37223
vn -0.90526 -0.21051 0.36905
vn -0.62525 -0.74098 0.24497
vn -0.30452 -0.74291 0.59612
vn 0.20866 -0.56085 0.80119
vn -0.10244 0.71994 -0.68643
vn -0.46694 0.82969 -0.30592
vn 0.58282 -0.73213 -0.35258
vn 0.51827 -0.76613 0.38007
vn -0.52827 0.80342 -0.27468
vn 0.61265 -0.72343 0.31829
vn -0.51675 0.83131 -0.20467
vn 0.60749 -0.76803 0.20268
vn -0.62257 0.71047 0.32809
vn 0.02568 -0.72081 0.69265
vn -0.53671 0.4212 -0.73111
vn -0.78754 0.45962 -0.41053
vn 0.91265 -0.37106 -0.1714
vn 0.79051 -0.45309 0.41208
vn -0.78754 0.45962 -0.41053
vn 0.79051 -0.45309 0.41207
vn -0.78754 0.45962 -0.41052
vn 0.79051 -0.45308 0.41207
vn -0.9084 0.41808 -0.00499
vn 0.3644 -0.36547 0.85653
vt 0.70444 0.05476
vt 0.70446 0.04855
vt 0.69953 0.04853
vt 0.69951 0.05474
vt 0.70448 0.04382
vt 0.69955 0.0438
vt 0.98191 0.01356
vt 0.98189 0.01912
vt 0.98631 0.01914
vt 0.98633 0.01358
vt 0.69936 0.05895
vt 0.69938 0.05491
vt 0.69445 0.05489
vt 0.69443 0.05893
vt 0.6994 0.04871
vt 0.69447 0.04869
vt 0.69942 0.04397
vt 0.69449 0.04395
vt 0.95594 0.01902
vt 0.95597 0.01346
vt 0.95154 0.01344
vt 0.95152 0.01901
vt 0.70442 0.0588
vt 0.69949 0.05878
vt 0.72823 0.02154
vt 0.73384 0.02201
vt 0.73848 0.01302
vt 0.72637 0.01256
vt 0.72393 0.02518
vt 0.71667 0.02147
vt 0.72347 0.03079
vt 0.71509 0.03445
vt 0.72711 0.03509
vt 0.72297 0.04311
vt 0.73272 0.03555
vt 0.73461 0.04446
vt 0.73701 0.03191
vt 0.74428 0.03563
vt 0.73748 0.0263
vt 0.7459 0.02257
vt 0.90334 0.06232
vt 0.90329 0.07588
vt 0.90582 0.07589
vt 0.90587 0.06233
vt 0.90338 0.05149
vt 0.90591 0.0515
vt 0.86756 0.01676
vt 0.86568 0.0131
vt 0.86375 0.0141
vt 0.86564 0.01775
vt 0.87203 0.02541
vt 0.87011 0.02641
vt 0.87647 0.034
vt 0.87454 0.035
vt 0.87827 0.03749
vt 0.87634 0.03849
vt 0.93944 0.05088
vt 0.93939 0.06407
vt 0.94167 0.06408
vt 0.94172 0.05089
vt 0.90326 0.08423
vt 0.90578 0.08424
vt 0.9262 0.07597
vt 0.92625 0.06241
vt 0.92629 0.05158
vt 0.68677 0.04243
vt 0.67379 0.04238
vt 0.67372 0.06047
vt 0.6867 0.06052
vt 0.76665 0.07283
vt 0.76662 0.08117
vt 0.787 0.08125
vt 0.78703 0.07291
vt 0.7667 0.05927
vt 0.78709 0.05935
vt 0.76675 0.04844
vt 0.78713 0.04852
vt 0.96005 0.06415
vt 0.9601 0.05096
vt 0.92617 0.08432
vt 0.71042 0.03429
vt 0.70892 0.02135
vt 0.69102 0.04405
vt 0.70301 0.04369
vt 0.69938 0.01245
vt 0.68147 0.03516
vt 0.68739 0.01281
vt 0.67997 0.02222
vt 0.70963 0.03933
vt 0.71319 0.0412
vt 0.69183 0.04406
vt 0.68948 0.04405
vt 0.68664 0.0613
vt 0.68842 0.06266
vt 0.81766 0.01292
vt 0.81928 0.02687
vt 0.8205 0.03263
vt 0.82431 0.03066
vt 0.72162 0.04565
vt 0.96205 0.06175
vt 0.96202 0.07045
vt 0.96513 0.07029
vt 0.96517 0.06042
vt 0.73 0.05005
vt 0.96196 0.08459
vt 0.96509 0.08008
vt 0.7334 0.05184
vt 0.82947 0.02254
vt 0.81915 0.01292
vt 0.82994 0.02898
vt 0.8336 0.02709
vt 0.94256 0.0805
vt 0.9443 0.0792
vt 0.70464 0.06618
vt 0.70462 0.07027
vt 0.71316 0.07451
vt 0.71318 0.07042
vt 0.67899 0.06846
vt 0.68062 0.06995
vt 0.96519 0.05625
vt 0.97374 0.05624
vt 0.97376 0.05208
vt 0.70467 0.05648
vt 0.71322 0.06072
vt 0.9737 0.06611
vt 0.70471 0.04686
vt 0.71326 0.0511
vt 0.97367 0.07591
vt 0.70473 0.04294
vt 0.71327 0.04719
vt 0.96508 0.08406
vt 0.97365 0.07989
vt 0.95008 0.08765
vt 0.95168 0.08621
vt 0.72629 0.07554
vt 0.72631 0.07145
vt 0.66791 0.06965
vt 0.66871 0.07161
vt 0.98617 0.05557
vt 0.98618 0.05141
vt 0.72634 0.06175
vt 0.98613 0.06544
vt 0.72638 0.05213
vt 0.98609 0.07523
vt 0.7264 0.04822
vt 0.98607 0.07921
vt 0.96163 0.08935
vt 0.96242 0.08745
usemtl mat0
f 2140/2140/1287 2141/2141/1288 2142/2142/1289
f 2140/2140/1287 2142/2142/1289 2143/2143/1290
f 2141/2141/1288 2144/2144/1291 2145/2145/1292
f 2141/2141/1288 2145/2145/1292 2142/2142/1289
f 2146/2146/1291 2147/2147/1293 2148/2148/1294
f 2146/2146/1291 2148/2148/1294 2149/2149/1292
f 2150/2150/1293 2151/2151/1295 2152/2152/1296
f 2150/2150/1293 2152/2152/1296 2153/2153/1294
f 2151/2151/1295 2154/2154/1297 2155/2155/1298
f 2151/2151/1295 2155/2155/1298 2152/2152/1296
f 2154/2154/1297 2156/2156/1299 2157/2157/1300
f 2154/2154/1297 2157/2157/1300 2155/2155/1298
f 2158/2158/1299 2159/2159/1301 2160/2160/1302
f 2158/2158/1299 2160/2160/1302 2161/2161/1300
f 2162/2162/1301 2140/2140/1287 2143/2143/1290
f 2162/2162/1301 2143/2143/1290 2163/2163/1302
f 2164/2164/1288 2165/2165/1287 2166/2166/1303
f 2164/2164/1288 2166/2166/1303 2167/2167/1304
f 2168/2168/1291 2164/2164/1288 2167/2167/1304
f 2168/2168/1291 2167/2167/1304 2169/2169/1305
f 2170/2170/1293 2168/2168/1291 2169/2169/1305
f 2170/2170/1293 2169/2169/1305 2171/2171/1306
f 2172/2172/1295 2170/2170/1293 2171/2171/1306
f 2172/2172/1295 2171/2171/1306 2173/2173/1307
f 2174/2174/1297 2172/2172/1295 2173/2173/1307
f 2174/2174/1297 2173/2173/1307 2175/2175/1308
f 2176/2176/1299 2174/2174/1297 2175/2175/1308
f 2176/2176/1299 2175/2175/1308 2177/2177/1309
f 2178/2178/1301 2176/2176/1299 2177/2177/1309
f 2178/2178/1301 2177/2177/1309 2179/2179/1310
f 2165/2165/1287 2178/2178/1301 2179/2179/1310
f 2165/2165/1287 2179/2179/1310 2166/2166/1303
f 2180/2180/1304 2181/2181/1303 2182/2182/1311
f 2180/2180/1304 2182/2182/1311 2183/2183/1312
f 2184/2184/1305 2180/2180/1304 2183/2183/1312
f 2184/2184/1305 2183/2183/1312 2185/2185/1313
f 2186/2186/1314 2187/2187/1315 2188/2188/1316
f 2186/2186/1314 2188/2188/1316 2189/2189/1317
f 2190/2190/1318 2186/2186/1314 2189/2189/1317
f 2190/2190/1318 2189/2189/1317 2191/2191/1319
f 2192/2192/1320 2190/2190/1318 2191/2191/1319
f 2192/2192/1320 2191/2191/1319 2193/2193/1321
f 2194/2194/1322 2192/2192/1320 2193/2193/1321
f 2194/2194/1322 2193/2193/1321 2195/2195/1323
f 2196/2196/1310 2197/2197/1309 2198/2198/1324
f 2196/2196/1310 2198/2198/1324 2199/2199/1325
f 2181/2181/1303 2200/2200/1310 2201/2201/1325
f 2181/2181/1303 2201/2201/1325 2182/2182/1311
f 2183/2183/1312 2182/2182/1311 2202/2202/1326
f 2183/2183/1312 2202/2202/1326 2203/2203/1327
f 2185/2185/1313 2183/2183/1312 2203/2203/1327
f 2185/2185/1313 2203/2203/1327 2204/2204/1328
f 2205/2205/1329 2206/2206/1313 2207/2207/1328
f 2205/2205/1329 2207/2207/1328 2208/2208/1330
f 2209/2209/1331 2210/2210/1329 2211/2211/1330
f 2209/2209/1331 2211/2211/1330 2212/2212/1332
f 2213/2213/1333 2209/2209/1331 2212/2212/1332
f 2213/2213/1333 2212/2212/1332 2214/2214/1334
f 2215/2215/1324 2213/2213/1333 2214/2214/1334
f 2215/2215/1324 2214/2214/1334 2216/2216/1335
f 2199/2199/1325 2198/2198/1324 2217/2217/1335
f 2199/2199/1325 2217/2217/1335 2218/2218/1336
f 2182/2182/1311 2201/2201/1325 2219/2219/1336
f 2182/2182/1311 2219/2219/1336 2202/2202/1326
f 2220/2220/1330 2221/2221/1328 2222/2222/1334
f 2220/2220/1330 2222/2222/1334 2223/2223/1332
f 2221/2221/1328 2224/2224/1327 2225/2225/1335
f 2221/2221/1328 2225/2225/1335 2222/2222/1334
f 2224/2224/1327 2226/2226/1326 2227/2227/1336
f 2224/2224/1327 2227/2227/1336 2225/2225/1335
f 2171/2171/1306 2169/2169/1305 2228/2228/1337
f 2171/2171/1306 2228/2228/1337 2229/2229/1338
f 2230/2230/1305 2231/2231/1313 2232/2232/1339
f 2230/2230/1305 2232/2232/1339 2233/2233/1337
f 2234/2234/1313 2235/2235/1329 2236/2236/1340
f 2234/2234/1313 2236/2236/1340 2237/2237/1339
f 2173/2173/1307 2171/2171/1306 2229/2229/1338
f 2173/2173/1307 2229/2229/1338 2238/2238/1341
f 2239/2239/1329 2240/2240/1331 2241/2241/1342
f 2239/2239/1329 2241/2241/1342 2242/2242/1340
f 2175/2175/1308 2173/2173/1307 2238/2238/1341
f 2175/2175/1308 2238/2238/1341 2243/2243/1343
f 2240/2240/1331 2244/2244/1333 2245/2245/1344
f 2240/2240/1331 2245/2245/1344 2241/2241/1342
f 2177/2177/1309 2175/2175/1308 2243/2243/1343
f 2177/2177/1309 2243/2243/1343 2246/2246/1345
f 2247/2247/1333 2248/2248/1324 2249/2249/1346
f 2247/2247/1333 2249/2249/1346 2250/2250/1344
f 2198/2198/1324 2197/2197/1309 2251/2251/1345
f 2198/2198/1324 2251/2251/1345 2252/2252/1346
f 2253/2253/1338 2254/2254/1337 2255/2255/1347
f 2253/2253/1338 2255/2255/1347 2256/2256/1348
f 2233/2233/1337 2232/2232/1339 2257/2257/1349
f 2233/2233/1337 2257/2257/1349 2258/2258/1347
f 2259/2259/1339 2242/2242/1340 2260/2260/1350
f 2259/2259/1339 2260/2260/1350 2261/2261/1349
f 2262/2262/1341 2253/2253/1338 2256/2256/1348
f 2262/2262/1341 2256/2256/1348 2263/2263/1351
f 2242/2242/1340 2241/2241/1342 2264/2264/1352
f 2242/2242/1340 2264/2264/1352 2260/2260/1350
f 2265/2265/1343 2262/2262/1341 2263/2263/1351
f 2265/2265/1343 2263/2263/1351 2266/2266/1353
f 2241/2241/1342 2245/2245/1344 2267/2267/1354
f 2241/2241/1342 2267/2267/1354 2264/2264/1352
f 2268/2268/1345 2265/2265/1343 2266/2266/1353
f 2268/2268/1345 2266/2266/1353 2269/2269/1355
f 2245/2245/1344 2270/2270/1346 2271/2271/1356
f 2245/2245/1344 2271/2271/1356 2267/2267/1354
f 2252/2252/1346 2251/2251/1345 2272/2272/1355
f 2252/2252/1346 2272/2272/1355 2273/2273/1356
f 2256/2256/1348 2255/2255/1347 2274/2274/1315
f 2256/2256/1348 2274/2274/1315 2275/2275/1314
f 2258/2258/1347 2257/2257/1349 2276/2276/1316
f 2258/2258/1347 2276/2276/1316 2277/2277/1315
f 2261/2261/1349 2260/2260/1350 2278/2278/1317
f 2261/2261/1349 2278/2278/1317 2279/2279/1316
f 2263/2263/1351 2256/2256/1348 2275/2275/1314
f 2263/2263/1351 2275/2275/1314 2280/2280/1318
f 2260/2260/1350 2264/2264/1352 2281/2281/1319
f 2260/2260/1350 2281/2281/1319 2278/2278/1317
f 2266/2266/1353 2263/2263/1351 2280/2280/1318
f 2266/2266/1353 2280/2280/1318 2282/2282/1320
f 2264/2264/1352 2267/2267/1354 2283/2283/1321
f 2264/2264/1352 2283/2283/1321 2281/2281/1319
f 2269/2269/1355 2266/2266/1353 2282/2282/1320
f 2269/2269/1355 2282/2282/1320 2284/2284/1322
f 2267/2267/1354 2271/2271/1356 2285/2285/1323
f 2267/2267/1354 2285/2285/1323 2283/2283/1321
f 2273/2273/1356 2272/2272/1355 2286/2286/1322
f 2273/2273/1356 2286/2286/1322 2287/2287/1323
# Vertices: 148, normals: 70, texture coordinates: 148, faces: 130

o obj9
v 0.10122999 0.04251494 0.39562608
v 0.1014369 0.04245063 0.39555052
v 0.10912943 0.04258348 0.39273898
v 0.10173154 0.03626303 0.39544267
v 0.10904248 0.03575597 0.39277087
v 0.10978543 0.04897733 0.39077072
v 0.11315634 0.04747329 0.38954478
v 0.09950001 0.04890465 0.39451473
v 0.09615998 0.04741481 0.39570661
v 0.11453605 0.04387513 0.38902105
v 0.08516028 0.02364226 0.38775158
v 0.08898067 0.02520982 0.39319816
v 0.08896527 0.04504432 0.39332481
v 0.08521252 0.04579493 0.38789715
v 0.095063 0.02983963 0.39602776
v 0.09489845 0.04382132 0.39612358
v 0.0947036 0.05577111 0.3848034
v 0.09712885 0.05372166 0.39058339
v 0.10930299 0.05373974 0.3861837
v 0.10776881 0.0557663 0.38010706
v 0.09712885 0.05372166 0.39058339
v 0.10930299 0.05373974 0.3861837
v -0.00750003 0.0762331 0.10022961
v 0.08322476 0.05797107 0.35286599
v 0.09776447 0.05796679 0.34762247
v 0.01927667 0.0762331 0.09044345
v -0.01687192 0.03274328 0.10365476
v 0.02864365 0.03274328 0.08702005
v 0.10702752 0.02461596 0.34386211
v 0.0736999 0.02462075 0.35586547
v 0.10711404 0.04799005 0.34414273
v 0.10702752 0.02461596 0.34386211
v 0.02864365 0.03274328 0.08702005
v 0.02864365 0.06625255 0.08702005
v -0.01687192 0.03274328 0.10365476
v 0.0736999 0.02462075 0.35586547
v 0.07374657 0.04799246 0.35599537
v -0.01687192 0.06623411 0.10365476
v 0.07655458 0.05505075 0.35516745
v -0.01412696 0.07330445 0.10265154
v 0.07655458 0.05505075 0.35516745
v -0.01412696 0.07330445 0.10265154
v 0.10439407 0.05504219 0.34522204
v 0.02590014 0.07330987 0.08802275
v 0.10439407 0.05504219 0.34522204
v 0.02590014 0.07330987 0.08802275
v 0.08898067 0.01463266 0.39319816
v 0.08516028 0.01463266 0.38775158
v 0.11701958 0.01463266 0.37630609
v 0.11733618 0.01463266 0.38298447
v 0.10173154 0.0146328 0.39544267
v 0.095063 0.01463273 0.39602776
v 0.11441939 0.01463266 0.38899714
v 0.10904248 0.0146328 0.39277087
v 0.11733618 0.02511792 0.38298447
v 0.11701958 0.02363688 0.37630609
v 0.11711649 0.04579003 0.37662063
v 0.11742812 0.04506002 0.38316933
v 0.11441939 0.02954716 0.38899714
v 0.11441939 0.02954716 0.38899714
v 0.11453605 0.04387513 0.38902105
v 0.09135182 0.05117976 0.39259958
v 0.08802794 0.05285178 0.38709032
v 0.11506805 0.05119481 0.38409935
v 0.11439935 0.05284154 0.37770924
v 0.10978543 0.04897733 0.39077072
v 0.11315634 0.04747329 0.38954478
v 0.08802794 0.05285178 0.38709032
v 0.09135182 0.05117976 0.39259958
v 0.11506805 0.05119481 0.38409935
v 0.11315634 0.04747329 0.38954478
v 0.11439935 0.05284154 0.37770924
v 0.0736999 0.01463266 0.35586547
v 0.10702752 0.01463266 0.34386211
v 0.08516028 0.01463266 0.38775158
v 0.08898067 0.01463266 0.39319816
v 0.11733618 0.01463266 0.38298447
v 0.11701958 0.01463266 0.37630609
v 0.095063 0.01463273 0.39602776
v 0.10173154 0.0146328 0.39544267
v 0.10904248 0.0146328 0.39277087
v 0.11441939 0.01463266 0.38899714
v 0.11441939 0.01463266 0.38899714
v 0.0736999 0.02462075 0.35586547
v 0.10702752 0.02461596 0.34386211
v 0.10702752 0.01463266 0.34386211
v 0.0736999 0.01463266 0.35586547
v 0.10702752 0.01463266 0.34386211
v 0.0736999 0.01463266 0.35586547
vn -0.80589 0.20959 0.55372
vn -0.89309 -0.00464 0.44985
vn -0.70614 0.10317 0.70052
vn -0.85577 -0.00227 0.51735
vn -0.7104 -0.00147 0.7038
vn -0.62883 0.53656 0.56274
vn -0.38882 0.40539 0.82733
vn -0.70314 0.53524 0.4681
vn -0.90284 0.40228 0.1518
vn -0.30149 0.03991 0.95263
vn -0.64325 -0.00028 -0.76566
vn -0.92018 -0.00267 -0.3915
vn -0.907 0.07553 -0.4143
vn -0.64384 0.0938 -0.75939
vn -0.98924 -0.00377 0.14626
vn -0.99853 0.03622 0.04039
vn -0.16176 0.98587 -0.04358
vn -0.47231 0.85308 0.22178
vn -0.33544 0.85299 0.39986
vn -0.00399 0.98573 0.16829
vn -0.11338 0.9929 -0.03609
vn -0.11636 0.99238 -0.04043
vn 0.00448 0.99233 0.1235
vn 0.00641 0.99192 0.12673
vn -0.32743 -0.82333 -0.46358
vn 0.35374 -0.81282 0.46281
vn 0.38154 -0.80166 0.46019
vn -0.33307 -0.793 -0.5101
vn 0.56704 0.08048 0.81975
vn 0.56619 0.08656 0.81972
vn -0.6146 0.08015 -0.78476
vn -0.61462 0.08774 -0.78393
vn -0.47278 0.70177 -0.53292
vn -0.46563 0.71473 -0.52187
vn 0.36764 0.70351 0.60821
vn 0.36574 0.70593 0.60655
vn -0.41432 -0.89783 -0.1491
vn -0.1782 -0.96134 -0.20994
vn 0.14599 -0.96282 0.22732
vn 0.034 -0.90122 0.43202
vn -0.84095 -0.15376 0.5188
vn -0.72986 -0.66949 0.13819
vn -0.30719 -0.6825 0.66319
vn -0.70691 -0.15641 0.68979
vn 0.12869 -0.00308 0.99168
vn 0.54425 -0.00036 0.83892
vn 0.53743 0.09394 0.83806
vn 0.14602 0.07585 0.98637
vn -0.3856 -0.00357 0.92266
vn -0.77011 0.60678 -0.19684
vn -0.50099 0.7002 -0.50865
vn -0.02565 0.60574 0.79525
vn 0.33946 0.70105 0.62713
vn 0.06492 -0.92614 -0.37156
vn 0.37759 -0.92519 0.03801
vt 0.83842 0.0909
vt 0.83848 0.09073
vt 0.83838 0.08469
vt 0.84428 0.09052
vt 0.84478 0.08478
vt 0.83238 0.08465
vt 0.8338 0.082
vt 0.83242 0.09274
vt 0.83381 0.09538
vt 0.83718 0.08094
vt 0.85605 0.10758
vt 0.8546 0.10259
vt 0.836 0.10249
vt 0.83528 0.10741
vt 0.85028 0.09633
vt 0.83717 0.09639
vt 0.97107 0.21099
vt 0.97415 0.21459
vt 0.98191 0.20861
vt 0.9794 0.20459
vt 0.82789 0.09597
vt 0.82791 0.08639
vt 0.8317 0.02956
vt 0.95542 0.19063
vt 0.96469 0.18349
vt 0.84873 0.01633
vt 0.84782 0.05996
vt 0.81956 0.03765
vt 0.70457 0.20068
vt 0.7253 0.2169
vt 0.68635 0.25254
vt 0.70558 0.25242
vt 0.6996 0.07139
vt 0.67204 0.07128
vt 0.84684 0.28087
vt 0.85506 0.12704
vt 0.83314 0.12687
vt 0.81543 0.28074
vt 0.82653 0.12458
vt 0.80881 0.27856
vt 0.95115 0.19383
vt 0.82748 0.03284
vt 0.96891 0.18023
vt 0.85294 0.01305
vt 0.68054 0.25406
vt 0.66623 0.07274
vt 0.76185 0.05169
vt 0.76581 0.04874
vt 0.74599 0.03326
vt 0.74421 0.0379
vt 0.75233 0.05031
vt 0.7569 0.05228
vt 0.74488 0.04282
vt 0.74779 0.04673
vt 0.70505 0.2804
vt 0.70629 0.27527
vt 0.68807 0.27542
vt 0.68865 0.28046
vt 0.85062 0.0811
vt 0.70139 0.28584
vt 0.6896 0.28578
vt 0.83025 0.10055
vt 0.82867 0.10511
vt 0.98558 0.20578
vt 0.98362 0.20133
vt 0.98331 0.2118
vt 0.98546 0.21014
vt 0.96679 0.21418
vt 0.97046 0.21738
vt 0.6836 0.28177
vt 0.68664 0.28653
vt 0.68226 0.27693
vt 0.7813 0.0289
vt 0.76058 0.01269
vt 0.8645 0.10761
vt 0.86452 0.10263
vt 0.71368 0.28044
vt 0.7137 0.27529
vt 0.86454 0.09638
vt 0.86457 0.0906
vt 0.86459 0.08486
vt 0.8646 0.08116
vt 0.71366 0.28588
vt 0.94311 0.08782
vt 0.94302 0.11121
vt 0.95137 0.11124
vt 0.95146 0.08785
vt 0.71379 0.25245
vt 0.86442 0.12707
usemtl mat0
f 2288/2288/1357 2289/2289/1358 2290/2290/1359
f 2289/2289/1358 2291/2291/1360 2290/2290/1359
f 2290/2290/1359 2291/2291/1360 2292/2292/1361
f 2293/2293/1362 2290/2290/1359 2294/2294/1363
f 2288/2288/1357 2295/2295/1364 2296/2296/1365
f 2290/2290/1359 2297/2297/1366 2294/2294/1363
f 2298/2298/1367 2299/2299/1368 2300/2300/1369
f 2298/2298/1367 2300/2300/1369 2301/2301/1370
f 2299/2299/1368 2302/2302/1371 2303/2303/1372
f 2299/2299/1368 2303/2303/1372 2300/2300/1369
f 2302/2302/1371 2291/2291/1360 2289/2289/1358
f 2302/2302/1371 2289/2289/1358 2303/2303/1372
f 2304/2304/1373 2305/2305/1374 2306/2306/1375
f 2304/2304/1373 2306/2306/1375 2307/2307/1376
f 2308/2308/1374 2295/2295/1364 2293/2293/1362
f 2308/2308/1374 2293/2293/1362 2309/2309/1375
f 2295/2295/1364 2288/2288/1357 2290/2290/1359
f 2295/2295/1364 2290/2290/1359 2293/2293/1362
f 2310/2310/1377 2311/2311/1378 2312/2312/1379
f 2310/2310/1377 2312/2312/1379 2313/2313/1380
f 2314/2314/1381 2315/2315/1382 2316/2316/1383
f 2314/2314/1381 2316/2316/1383 2317/2317/1384
f 2318/2318/1385 2319/2319/1383 2320/2320/1382
f 2318/2318/1385 2320/2320/1382 2321/2321/1386
f 2322/2322/1381 2323/2323/1384 2324/2324/1387
f 2322/2322/1381 2324/2324/1387 2325/2325/1388
f 2324/2324/1387 2326/2326/1389 2327/2327/1390
f 2324/2324/1387 2327/2327/1390 2325/2325/1388
f 2328/2328/1389 2311/2311/1378 2310/2310/1377
f 2328/2328/1389 2310/2310/1377 2329/2329/1390
f 2312/2312/1379 2330/2330/1391 2331/2331/1392
f 2312/2312/1379 2331/2331/1392 2313/2313/1380
f 2332/2332/1391 2318/2318/1385 2321/2321/1386
f 2332/2332/1391 2321/2321/1386 2333/2333/1392
f 2334/2334/1393 2335/2335/1394 2336/2336/1395
f 2334/2334/1393 2336/2336/1395 2337/2337/1396
f 2338/2338/1397 2339/2339/1398 2340/2340/1399
f 2338/2338/1397 2340/2340/1399 2341/2341/1400
f 2339/2339/1398 2334/2334/1393 2337/2337/1396
f 2339/2339/1398 2337/2337/1396 2340/2340/1399
f 2342/2342/1401 2343/2343/1402 2344/2344/1403
f 2342/2342/1401 2344/2344/1403 2345/2345/1404
f 2292/2292/1361 2346/2346/1405 2297/2297/1366
f 2292/2292/1361 2297/2297/1366 2290/2290/1359
f 2347/2347/1405 2342/2342/1401 2345/2345/1404
f 2347/2347/1405 2345/2345/1404 2348/2348/1366
f 2303/2303/1372 2289/2289/1358 2288/2288/1357
f 2303/2303/1372 2288/2288/1357 2296/2296/1365
f 2301/2301/1370 2300/2300/1369 2349/2349/1406
f 2301/2301/1370 2349/2349/1406 2350/2350/1407
f 2300/2300/1369 2303/2303/1372 2296/2296/1365
f 2300/2300/1369 2296/2296/1365 2349/2349/1406
f 2307/2307/1376 2306/2306/1375 2351/2351/1408
f 2307/2307/1376 2351/2351/1408 2352/2352/1409
f 2306/2306/1375 2353/2353/1362 2354/2354/1363
f 2306/2306/1375 2354/2354/1363 2351/2351/1408
f 2295/2295/1364 2308/2308/1374 2349/2349/1406
f 2295/2295/1364 2349/2349/1406 2296/2296/1365
f 2305/2305/1374 2304/2304/1373 2355/2355/1407
f 2305/2305/1374 2355/2355/1407 2356/2356/1406
f 2348/2348/1366 2345/2345/1404 2357/2357/1408
f 2348/2348/1366 2357/2357/1408 2358/2358/1363
f 2345/2345/1404 2344/2344/1403 2359/2359/1409
f 2345/2345/1404 2359/2359/1409 2357/2357/1408
f 2312/2312/1379 2311/2311/1378 2304/2304/1373
f 2312/2312/1379 2304/2304/1373 2307/2307/1376
f 2307/2307/1376 2352/2352/1409 2330/2330/1391
f 2307/2307/1376 2330/2330/1391 2312/2312/1379
f 2359/2359/1409 2344/2344/1403 2318/2318/1385
f 2359/2359/1409 2318/2318/1385 2332/2332/1391
f 2343/2343/1402 2319/2319/1383 2318/2318/1385
f 2343/2343/1402 2318/2318/1385 2344/2344/1403
f 2360/2360/1410 2361/2361/1411 2336/2336/1395
f 2360/2360/1410 2336/2336/1395 2335/2335/1394
f 2324/2324/1387 2323/2323/1384 2298/2298/1367
f 2324/2324/1387 2298/2298/1367 2301/2301/1370
f 2301/2301/1370 2350/2350/1407 2326/2326/1389
f 2301/2301/1370 2326/2326/1389 2324/2324/1387
f 2355/2355/1407 2304/2304/1373 2311/2311/1378
f 2355/2355/1407 2311/2311/1378 2328/2328/1389
f 2299/2299/1368 2298/2298/1367 2362/2362/1394
f 2299/2299/1368 2362/2362/1394 2363/2363/1393
f 2343/2343/1402 2342/2342/1401 2364/2364/1396
f 2343/2343/1402 2364/2364/1396 2365/2365/1395
f 2291/2291/1360 2302/2302/1371 2366/2366/1398
f 2291/2291/1360 2366/2366/1398 2367/2367/1397
f 2346/2346/1405 2292/2292/1361 2368/2368/1400
f 2346/2346/1405 2368/2368/1400 2369/2369/1399
f 2292/2292/1361 2291/2291/1360 2367/2367/1397
f 2292/2292/1361 2367/2367/1397 2368/2368/1400
f 2302/2302/1371 2299/2299/1368 2363/2363/1393
f 2302/2302/1371 2363/2363/1393 2366/2366/1398
f 2342/2342/1401 2347/2347/1405 2370/2370/1399
f 2342/2342/1401 2370/2370/1399 2364/2364/1396
f 2371/2371/1384 2372/2372/1383 2373/2373/1411
f 2371/2371/1384 2373/2373/1411 2374/2374/1410
f 2319/2319/1383 2343/2343/1402 2365/2365/1395
f 2319/2319/1383 2365/2365/1395 2375/2375/1411
f 2298/2298/1367 2323/2323/1384 2376/2376/1410
f 2298/2298/1367 2376/2376/1410 2362/2362/1394
# Vertices: 89, normals: 55, texture coordinates: 89, faces: 100

o obj10
v -0.05558954 0.29787107 0.01506607
v -0.02979728 0.29489467 0.01506607
v -0.05558954 0.28196151 0.01506607
v -0.00455819 0.29397009 0.01507789
v -0.03329634 0.28196151 0.01506607
v -0.03140431 0.28196151 0.01506607
v 0.02256639 0.28196151 0.01506607
v 0.0206809 0.29489467 0.01506607
v 0.04643026 0.28196151 0.01506607
v 0.02413705 0.28196151 0.01506607
v 0.04643026 0.29787107 0.01506607
v -0.03038907 0.29489467 0.19017408
v -0.05558956 0.29787107 0.19017408
v -0.05558956 0.28671509 0.19017408
v -0.00455874 0.29397009 0.1901547
v -0.02158295 0.28671509 0.19017408
v 0.04643028 0.28671509 0.19017408
v 0.02127158 0.29489467 0.19017408
v 0.01242367 0.28671509 0.19017408
v 0.04643028 0.29787107 0.19017408
v -0.05558956 0.28293654 0.14339327
v -0.02530587 0.28293654 0.14483
v -0.05558956 0.28671509 0.19017408
v -0.02271661 0.28348409 0.15160669
v -0.02158295 0.28671509 0.19017408
v -0.01629658 0.28409064 0.15911692
v 0.01242367 0.28671509 0.19017408
v -0.0045467 0.28435467 0.16238751
v 0.00599184 0.28411984 0.15948034
v 0.04643027 0.28293654 0.14339327
v 0.04643028 0.28671509 0.19017408
v 0.01614659 0.28293654 0.14483
v 0.0136232 0.28351329 0.15197008
v -0.05558953 0.28147415 0.07524124
v -0.03329632 0.28147415 0.08318826
v -0.05558954 0.28147415 0.10931712
v -0.02158294 0.28147415 0.10931712
v -0.0314043 0.28147415 0.08318826
v 0.02256641 0.28147415 0.08318826
v 0.01242366 0.28147415 0.10931712
v 0.04643026 0.28147415 0.10931712
v 0.02413706 0.28147415 0.08318826
v 0.04643027 0.28147415 0.07524124
v -0.03329632 0.27249774 0.08318826
v -0.03329634 0.27261958 0.04116487
v -0.0314043 0.27249774 0.08318826
v -0.0314043 0.27249893 0.08277327
v -0.03140431 0.27261958 0.04116487
v -0.0044512 0.27255163 0.06459751
v 0.02256641 0.27249774 0.08318826
v -0.0098366 0.27255777 0.0624818
v -0.01233697 0.27257394 0.05690407
v 0.00035721 0.27255582 0.06315499
v 0.0225664 0.27261958 0.04116487
v 0.00333841 0.27257422 0.0568079
v -0.00993277 0.27259068 0.05113398
v 0.00054954 0.27259151 0.05084548
v -0.00454736 0.27259653 0.04911445
v 0.02256639 0.2586229 0.01113969
v 0.02256639 0.26265634 0.0164085
v 0.02256639 0.26546901 0.0087164
v 0.02256639 0.2586229 0.00378322
v 0.02256639 0.26546901 0.0062065
v 0.02256639 0.26265634 -0.0014856
v -0.03140431 0.2586229 0.01113969
v -0.03140431 0.26546901 0.0087164
v -0.03140431 0.26265634 0.0164085
v -0.03140431 0.2586229 0.00378322
v -0.03140431 0.26265634 -0.0014856
v -0.03140431 0.26546901 0.0062065
v -0.03329634 0.26265634 0.00739521
v -0.03329634 0.26265634 0.0164085
v -0.03329634 0.26532327 0.01250322
v -0.03329634 0.26914902 0.01849206
v -0.03329634 0.26914902 0.01360767
v -0.03329634 0.26265634 -0.0014856
v -0.03329634 0.2586229 0.00378322
v -0.03329634 0.2586229 0.01113969
v -0.03329634 0.2729851 0.00277038
v -0.03329634 0.28196151 -0.00363535
v -0.03329634 0.2729851 -0.00299595
v -0.03329634 0.26504714 0.00290842
v -0.03329634 0.26914902 -0.00356916
v -0.03329634 0.26914902 0.00145887
v -0.0045467 0.28200046 0.12301936
v 0.00720317 0.28214088 0.12628995
v 0.0139866 0.28247867 0.1341636
v -0.01629658 0.28214088 0.12628995
v -0.02271661 0.2824477 0.13343679
v -0.13672276 0.30786816 0.21157537
v -0.1367478 0.30066737 0.21162705
v -0.10905888 0.30028805 0.21154552
v -0.10908095 0.30608011 0.2115148
v -0.07422551 0.29787107 0.21154552
v -0.07418488 0.30369842 0.21160941
v -0.03939213 0.29489467 0.21154552
v -0.03939727 0.30196978 0.21153757
v -0.00455874 0.29397009 0.21151233
v -0.00455874 0.30144443 0.21156095
v 0.03027464 0.29489467 0.21154552
v 0.03027464 0.30154467 0.21154552
v 0.06510803 0.29787107 0.21154552
v 0.06507899 0.30369916 0.21158011
v 0.0999414 0.30028805 0.21154552
v 0.09996629 0.30608033 0.21151705
v 0.12720822 0.30784491 0.21157506
v 0.12723205 0.30066183 0.21162705
v 0.1347748 0.30076524 0.21154552
v 0.1347748 0.30741529 0.21154552
v -0.1367478 0.30066737 -0.06103797
v -0.13675234 0.30714143 -0.06103797
v -0.10908095 0.30608011 -0.06103285
v -0.10905888 0.30028805 -0.06106357
v -0.07424248 0.30224278 -0.06103797
v -0.07422551 0.29787107 -0.06106357
v -0.03940868 0.30163922 -0.06103797
v -0.03939213 0.29489467 -0.06106357
v -0.00455874 0.30144443 -0.06102418
v -0.00455874 0.29397009 -0.06103034
v 0.03027464 0.30154467 -0.06106357
v 0.03027464 0.29489467 -0.06106357
v 0.06512951 0.30287603 -0.06103797
v 0.06510803 0.29787107 -0.06106357
v 0.09996629 0.30608033 -0.06103502
v 0.0999414 0.30028805 -0.06106357
v 0.12723205 0.30066183 -0.06103797
v 0.12723743 0.3071262 -0.06103797
v 0.1347748 0.30741529 -0.06106357
v 0.1347748 0.30076524 -0.06106357
v -0.13431994 0.30026216 -0.02698682
v -0.1367478 0.30066737 -0.06103797
v -0.10905888 0.30028805 -0.06106357
v -0.1071203 0.30028805 -0.02698741
v -0.07422551 0.29787107 -0.06106357
v -0.07293311 0.29787107 -0.02698741
v -0.03939213 0.29489467 -0.06106357
v -0.03874593 0.29489467 -0.02698741
v -0.00455874 0.29397009 -0.06103034
v -0.00455874 0.29397009 -0.02696801
v 0.03027464 0.29489467 -0.06106357
v 0.02962844 0.29489467 -0.02698741
v 0.06510803 0.29787107 -0.06106357
v 0.06381562 0.29787107 -0.02698741
v 0.0999414 0.30028805 -0.06106357
v 0.09800282 0.30028805 -0.02698741
v 0.12481259 0.30023871 -0.02698678
v 0.12723205 0.30066183 -0.06103797
v 0.1347748 0.30076524 -0.06106357
v 0.13218999 0.30076524 -0.02698741
v -0.11515007 0.29946599 0.00712612
v -0.09192481 0.30028805 0.00708873
v -0.05558954 0.29787107 0.01506607
v -0.02979728 0.29489467 0.01506607
v -0.00455819 0.29397009 0.01507789
v 0.0206809 0.29489467 0.01506607
v 0.04643026 0.29787107 0.01506607
v 0.08280733 0.30028805 0.00708873
v 0.10570071 0.29944763 0.00712684
v 0.11192936 0.30076524 0.00708873
v -0.08972229 0.29659469 0.03424218
v -0.07248979 0.30028805 0.04116487
v -0.05558954 0.29787107 0.04116487
v 0.06337231 0.30028805 0.04116487
v 0.04643027 0.29787107 0.04116487
v 0.08285195 0.30069606 0.02658999
v 0.08822889 0.30076524 0.026854
v -0.07968956 0.29820178 0.07523953
v -0.0635349 0.30036328 0.07524124
v -0.05558953 0.29791724 0.07524124
v 0.05632108 0.30036328 0.07524124
v 0.04643027 0.29791724 0.07524124
v 0.07225426 0.28719832 0.0752399
v 0.07255966 0.28727945 0.06068016
v 0.0773571 0.28727945 0.0607586
v 0.07629709 0.28719832 0.07524124
v -0.09107128 0.29649689 0.11558277
v -0.07248979 0.30028805 0.10931712
v -0.05558954 0.29787107 0.10931712
v 0.06337231 0.30028805 0.10931712
v 0.04643026 0.29787107 0.10931712
v 0.07363239 0.28727945 0.08939173
v 0.0773571 0.28727945 0.089534
v -0.12003975 0.29975791 0.14336653
v -0.09580774 0.30028805 0.14339327
v -0.05558956 0.29787107 0.14339327
v 0.08669026 0.30028805 0.14339327
v 0.04643027 0.29787107 0.14339327
v 0.11057548 0.29973888 0.14336597
v 0.08405426 0.29824751 0.12322734
v 0.08822889 0.29840276 0.12370623
v 0.11710661 0.30076524 0.14339327
v -0.13431979 0.3002556 0.17746899
v -0.1071203 0.30028805 0.1774694
v -0.05558956 0.29787107 0.19017408
v 0.09800282 0.30028805 0.1774694
v 0.04643028 0.29787107 0.19017408
v 0.12481245 0.30023266 0.17746899
v 0.13218999 0.30076524 0.1774694
v -0.1367478 0.30066737 0.21162705
v -0.10905888 0.30028805 0.21154552
v -0.07422551 0.29787107 0.21154552
v -0.03038907 0.29489467 0.19017408
v -0.03939213 0.29489467 0.21154552
v -0.00455874 0.29397009 0.1901547
v -0.00455874 0.29397009 0.21151233
v 0.02127158 0.29489467 0.19017408
v 0.03027464 0.29489467 0.21154552
v 0.06510803 0.29787107 0.21154552
v 0.0999414 0.30028805 0.21154552
v 0.12723205 0.30066183 0.21162705
v 0.1347748 0.30076524 0.21154552
v 0.13218999 0.30076524 -0.02698741
v 0.1347748 0.30076524 -0.06106357
v 0.1347748 0.30741529 -0.06106357
v 0.13218999 0.30741529 -0.02698741
v 0.11192936 0.30076524 0.00708873
v 0.11192936 0.30741529 0.00708873
v 0.08822889 0.30076524 0.026854
v 0.086016 0.30741529 0.04116487
v 0.07629709 0.30084622 0.07524124
v 0.07534876 0.30741529 0.075241
v 0.08822889 0.29840276 0.12370623
v 0.086016 0.30741529 0.10931712
v 0.11710661 0.30076524 0.14339327
v 0.11710659 0.30741529 0.14339327
v 0.13218999 0.30076524 0.1774694
v 0.13218999 0.30741529 0.1774694
v 0.1347748 0.30076524 0.21154552
v 0.1347748 0.30741529 0.21154552
v -0.14389229 0.30076524 -0.06106357
v -0.14130748 0.30076524 -0.02698741
v -0.14130748 0.30741529 -0.02698741
v -0.14389229 0.30741529 -0.06106357
v -0.12104684 0.30076524 0.00708873
v -0.12104684 0.30741529 0.00708873
v -0.09513349 0.29663864 0.03463306
v -0.09513349 0.30741529 0.04116487
v -0.0835109 0.30084622 0.07524124
v -0.08256258 0.30741529 0.075241
v -0.09513349 0.29663864 0.11591208
v -0.09513349 0.30741529 0.10931712
v -0.12622409 0.30076524 0.14339327
v -0.12622409 0.30741529 0.14339327
v -0.14130748 0.30076524 0.1774694
v -0.14130748 0.30741529 0.1774694
v -0.14389229 0.30076524 0.21154552
v -0.14389229 0.30741529 0.21154552
v -0.14130748 0.30076524 0.1774694
v -0.14389229 0.30076524 0.21154552
v -0.12622409 0.30076524 0.14339327
v -0.09513349 0.29663864 0.11591208
v -0.0835109 0.28719832 0.07524124
v -0.07968956 0.28719832 0.07523953
v -0.08174695 0.28727945 0.08941748
v -0.08537134 0.28727945 0.089534
v -0.08537134 0.28727945 0.0607586
v -0.08054335 0.28727945 0.06062021
v -0.12104684 0.30076524 0.00708873
v -0.09513349 0.29663864 0.03463306
v -0.14130748 0.30076524 -0.02698741
v -0.14389229 0.30076524 -0.06106357
v -0.14389229 0.30741529 -0.06106357
v -0.14389229 0.30076524 -0.06106357
v -0.14389229 0.30076524 0.21154552
v -0.14389229 0.30741529 0.21154552
v 0.07225426 0.29815819 0.0752399
v 0.07225426 0.29815819 0.0752399
v 0.08285195 0.30069606 0.02658999
v 0.07145643 0.29183374 0.0571589
v 0.07225426 0.29180734 0.07520228
v 0.08285195 0.30069606 0.02658999
v 0.08822889 0.30076524 0.026854
v 0.07625385 0.29183374 0.05728997
v 0.07145643 0.29183374 0.0571589
v 0.07629709 0.29180734 0.07520334
v 0.07625385 0.29183374 0.05728997
v 0.08405426 0.29824751 0.12322734
v 0.07252916 0.29183359 0.09292925
v 0.07625385 0.29183374 0.09303042
v 0.08822889 0.29840276 0.12370623
v 0.08405426 0.29824751 0.12322734
v 0.07252916 0.29183359 0.09292925
v 0.07625385 0.29183374 0.09303042
v -0.07968956 0.29820178 0.07523953
v -0.09107128 0.29649689 0.11558277
v -0.08174695 0.29183374 0.09295468
v -0.07968956 0.29180748 0.07520196
v -0.09107128 0.29649689 0.11558277
v -0.09513349 0.29663864 0.11591208
v -0.08537134 0.29183374 0.09303042
v -0.08174695 0.29183374 0.09295468
v -0.0835109 0.29180734 0.07520334
v -0.08537134 0.29183374 0.09303042
v -0.09513349 0.29663864 0.03463306
v -0.08972229 0.29659469 0.03424218
v -0.08054335 0.29183374 0.05709665
v -0.08537134 0.29183374 0.05728997
v -0.08972229 0.29659469 0.03424218
v -0.08054335 0.29183374 0.05709665
v -0.08537134 0.29183374 0.05728997
v 0.07255966 0.28727945 0.06068016
v 0.07225426 0.28719832 0.0752399
v 0.07629709 0.28719832 0.07524124
v 0.0773571 0.28727945 0.0607586
v 0.07363239 0.28727945 0.08939173
v 0.0773571 0.28727945 0.089534
v -0.08174695 0.28727945 0.08941748
v -0.07968956 0.28719832 0.07523953
v -0.0835109 0.28719832 0.07524124
v -0.08537134 0.28727945 0.089534
v -0.08054335 0.28727945 0.06062021
v -0.08537134 0.28727945 0.0607586
v -0.05558954 0.29787107 0.04116487
v -0.05558954 0.29787107 0.01506607
v -0.05558954 0.28196151 0.01506607
v -0.05558954 0.28159599 0.04116487
v 0.04643026 0.29787107 0.01506607
v 0.04643027 0.29787107 0.04116487
v 0.04643027 0.28159599 0.04116487
v 0.04643026 0.28196151 0.01506607
v -0.05558953 0.29791724 0.07524124
v -0.05558953 0.28147415 0.07524124
v 0.04643027 0.29791724 0.07524124
v 0.04643027 0.28147415 0.07524124
v -0.05558954 0.29787107 0.10931712
v -0.05558954 0.28147415 0.10931712
v 0.04643026 0.29787107 0.10931712
v 0.04643026 0.28147415 0.10931712
v -0.05558956 0.29787107 0.14339327
v -0.05558956 0.28293654 0.14339327
v 0.04643027 0.29787107 0.14339327
v 0.04643027 0.28293654 0.14339327
v -0.05558956 0.29787107 0.19017408
v -0.05558956 0.28671509 0.19017408
v 0.04643028 0.29787107 0.19017408
v 0.04643028 0.28671509 0.19017408
v 0.02413705 0.28159599 0.04116487
v 0.04643027 0.28159599 0.04116487
v -0.05558954 0.28159599 0.04116487
v -0.05558954 0.28196151 0.01506607
v -0.03329634 0.28196151 0.01506607
v -0.03329634 0.28159599 0.04116487
v 0.02413705 0.28196151 0.01506607
v 0.04643026 0.28196151 0.01506607
v -0.03329634 0.2729851 0.01791885
v -0.03140431 0.2729851 0.01791885
v -0.03329634 0.28159599 0.04116487
v -0.03329634 0.28196151 0.01506607
v -0.03329634 0.2729851 0.01791885
v -0.03329634 0.27261958 0.04116487
v -0.03329634 0.28196151 -0.01428332
v -0.03140431 0.28196151 -0.01428332
v -0.03140431 0.2729851 -0.01428332
v -0.03329634 0.2729851 -0.01428332
v 0.02413705 0.28196151 0.01506607
v 0.02413705 0.28159599 0.04116487
v 0.02413705 0.27261958 0.04116487
v 0.02413705 0.2729851 0.01791885
v -0.03329632 0.28147415 0.08318826
v -0.03329632 0.27249774 0.08318826
v 0.02413706 0.28147415 0.08318826
v 0.02413706 0.27249774 0.08318826
v -0.0314043 0.27249774 0.08318826
v -0.0314043 0.28147415 0.08318826
v -0.03329632 0.28147415 0.08318826
v -0.03329632 0.27249774 0.08318826
v -0.03329634 0.28196151 -0.00363535
v -0.03140431 0.28196151 -0.00363535
v -0.03140431 0.28196151 -0.01428332
v -0.03329634 0.28196151 -0.01428332
v 0.02413705 0.28196151 -0.00363535
v 0.02413705 0.2729851 -0.00299595
v 0.02413705 0.2729851 -0.01428332
v 0.02413705 0.28196151 -0.01428332
v -0.03140431 0.2729851 -0.01428332
v -0.03140431 0.2729851 -0.00299595
v -0.03329634 0.2729851 -0.00299595
v -0.03329634 0.2729851 -0.01428332
v -0.03329634 0.28196151 -0.01428332
v -0.03329634 0.2729851 -0.01428332
v 0.02256639 0.28196151 -0.00363535
v 0.02256639 0.28196151 -0.01428332
v 0.02256639 0.28196151 -0.01428332
v 0.02256639 0.2729851 -0.01428332
v 0.02256639 0.2729851 -0.01428332
v 0.02256639 0.2729851 -0.00299595
v 0.02256639 0.2729851 0.01791885
v 0.02256641 0.27249774 0.08318826
v 0.02256641 0.28147415 0.08318826
v 0.02413705 0.28196151 -0.00363535
v 0.02413705 0.28196151 -0.01428332
v 0.02413705 0.28196151 -0.01428332
v 0.02413705 0.2729851 -0.01428332
v 0.02413705 0.2729851 -0.00299595
v 0.02413705 0.2729851 -0.01428332
v 0.02413705 0.2729851 0.01791885
v 0.02413705 0.27261958 0.04116487
v 0.02413706 0.27249774 0.08318826
v 0.02413706 0.28147415 0.08318826
v 0.02413706 0.27249774 0.08318826
v -0.03329634 0.28196151 0.01506607
v -0.03140431 0.28196151 0.01506607
v 0.02256639 0.28196151 0.01506607
v 0.02413705 0.28196151 0.01506607
v 0.02413705 0.2586229 0.01113969
v 0.02256639 0.2586229 0.01113969
v 0.02256639 0.2586229 0.00378322
v 0.02413705 0.2586229 0.00378322
v 0.02256639 0.2729851 0.00432455
v -0.03140431 0.2729851 0.00432455
v -0.03329634 0.2586229 0.00378322
v -0.03140431 0.2586229 0.00378322
v -0.03140431 0.2586229 0.01113969
v -0.03329634 0.2586229 0.01113969
v -0.03329634 0.27526291 0.00746423
v -0.03329634 0.2729851 0.01250322
v 0.02413705 0.2729851 0.01791885
v 0.02256639 0.2729851 0.01791885
v 0.02256639 0.26914902 0.01849206
v 0.02413705 0.26914902 0.01849206
v 0.02256639 0.2729851 -0.00299595
v 0.02413705 0.2729851 -0.00299595
v 0.02413705 0.26914902 -0.00356916
v 0.02256639 0.26914902 -0.00356916
v -0.03329634 0.2729851 -0.00299595
v -0.03140431 0.2729851 -0.00299595
v -0.03140431 0.26914902 -0.00356916
v -0.03329634 0.26914902 -0.00356916
v -0.03140431 0.2729851 0.01791885
v -0.03329634 0.2729851 0.01791885
v -0.03329634 0.26914902 0.01849206
v -0.03140431 0.26914902 0.01849206
v 0.02256639 0.26265634 0.0164085
v 0.02413705 0.26265634 0.0164085
v 0.02413705 0.26265634 -0.0014856
v 0.02256639 0.26265634 -0.0014856
v -0.03140431 0.26265634 -0.0014856
v -0.03329634 0.26265634 -0.0014856
v -0.03329634 0.26265634 0.0164085
v -0.03140431 0.26265634 0.0164085
v 0.02413705 0.26265634 0.0164085
v 0.02256639 0.26265634 0.0164085
v 0.02256639 0.26265634 -0.0014856
v 0.02413705 0.26265634 -0.0014856
v -0.03329634 0.26265634 -0.0014856
v -0.03140431 0.26265634 -0.0014856
v -0.03140431 0.26265634 0.0164085
v -0.03329634 0.26265634 0.0164085
v -0.03140431 0.2729851 0.01059835
v 0.02256639 0.2729851 0.01059835
v -0.03140431 0.26546901 0.0062065
v 0.02256639 0.26546901 0.0062065
v 0.02256639 0.26546901 0.0087164
v -0.03140431 0.26546901 0.0087164
v 0.02256639 0.2729851 0.01059835
v -0.03140431 0.2729851 0.01059835
v -0.03140431 0.2673512 0.01059835
v 0.02256639 0.2673512 0.01059835
v -0.03140431 0.2729851 0.00432455
v 0.02256639 0.2729851 0.00432455
v 0.02256639 0.2673512 0.00432455
v -0.03140431 0.2673512 0.00432455
v 0.02256639 0.2673512 0.01059835
v -0.03140431 0.2673512 0.01059835
v 0.02256639 0.2673512 0.00432455
v -0.03140431 0.2673512 0.00432455
v 0.02256639 0.2729851 -0.00299595
v 0.02256639 0.26914902 -0.00356916
v 0.02256639 0.2673512 0.00432455
v 0.02256639 0.2729851 0.00432455
v 0.02256639 0.26914902 0.01849206
v 0.02256639 0.2673512 0.01059835
v 0.02256639 0.2729851 0.01791885
v 0.02256639 0.2729851 0.01059835
v 0.02413705 0.26914902 0.01849206
v 0.02413705 0.26914902 -0.00356916
v 0.02413705 0.26265634 0.0164085
v 0.02413705 0.26265634 -0.0014856
v 0.02413705 0.2586229 0.01113969
v 0.02413705 0.2586229 0.00378322
v -0.03140431 0.26914902 -0.00356916
v -0.03140431 0.2729851 -0.00299595
v -0.03140431 0.2729851 0.00432455
v -0.03140431 0.2673512 0.00432455
v -0.03140431 0.2729851 0.01791885
v -0.03140431 0.26914902 0.01849206
v -0.03140431 0.2673512 0.01059835
v -0.03140431 0.2729851 0.01059835
v -0.03329634 0.2729851 0.01250322
v -0.03329634 0.27526291 0.00746423
v -0.05051277 0.27526291 0.00746423
v -0.05051277 0.2729851 0.01250322
v -0.03329634 0.26914902 0.01360767
v -0.03329634 0.2729851 0.01250322
v -0.05051277 0.2729851 0.01250322
v -0.05051277 0.26914902 0.01360767
v -0.03329634 0.26532327 0.01250322
v -0.05051277 0.26532327 0.01250322
v -0.03329634 0.26265634 0.00739521
v -0.03329634 0.26532327 0.01250322
v -0.05051277 0.26532327 0.01250322
v -0.05051278 0.26265634 0.00739521
v -0.03329634 0.26504714 0.00290842
v -0.05051277 0.26504714 0.00290842
v -0.03329634 0.26914902 0.00145887
v -0.03329634 0.26504714 0.00290842
v -0.05051277 0.26504714 0.00290842
v -0.05051277 0.26914902 0.00145887
v -0.03329634 0.2729851 0.00277038
v -0.05051277 0.2729851 0.00277038
v -0.03329634 0.2729851 0.00277038
v -0.05051277 0.2729851 0.00277038
v -0.11157945 0.24638628 0.00746423
v -0.11047169 0.24439611 0.01250322
v -0.11047169 0.24439611 0.01250322
v -0.10860585 0.24104356 0.01360767
v -0.10674523 0.23770045 0.01250322
v -0.10674523 0.23770045 0.01250322
v -0.10544825 0.23537102 0.00739521
v -0.10661096 0.23745972 0.00290842
v -0.10661096 0.23745972 0.00290842
v -0.10860585 0.24104356 0.00145887
v -0.11047169 0.24439611 0.00277038
v -0.11047169 0.24439611 0.00277038
v -0.13631992 0.22002789 0.02310124
v -0.13731947 0.22207529 0.00708843
v -0.13739971 0.22058016 0.00708843
v -0.13640016 0.21853276 0.02310124
v -0.13631992 0.22002789 -0.00782762
v -0.13640016 0.21853276 -0.00782762
v -0.11047169 0.24439611 0.01250322
v -0.11157945 0.24638628 0.00746423
v -0.11157945 0.24488819 0.00746423
v -0.11047169 0.24289802 0.01250322
v -0.13640016 0.21853276 0.02310124
v -0.13739971 0.22058016 0.00708843
v -0.11047169 0.24289802 0.01250322
v -0.11047169 0.24439611 0.01250322
v -0.13631992 0.22002789 0.02310124
v -0.13640016 0.21853276 0.02310124
v -0.11047169 0.24439611 0.00277038
v -0.11047169 0.24439611 0.00277038
v -0.11047169 0.24289802 0.00277038
v -0.13640016 0.21853276 -0.00782762
v -0.13631992 0.22002789 -0.00782762
v -0.11047169 0.24289802 0.00277038
v -0.13640016 0.21853276 -0.00782762
v -0.10661096 0.23745972 0.00290842
v -0.10544825 0.23537102 0.00739521
v -0.11157945 0.24488819 0.00746423
v -0.11047169 0.24289802 0.00277038
v -0.10674523 0.23770045 0.01250322
v -0.11047169 0.24289802 0.01250322
v -0.10860585 0.24104356 0.00145887
v -0.11047169 0.24439611 0.00277038
v -0.10860585 0.24104356 0.01360767
v -0.11047169 0.24439611 0.01250322
v -0.0045467 0.28200046 0.12301936
v 0.00720317 0.28214088 0.12628995
v 0.00720317 0.24857647 0.13364345
v -0.0045467 0.24785368 0.13045067
v 0.00720317 0.28214088 0.12628995
v 0.0139866 0.28247867 0.1341636
v 0.0139866 0.25031705 0.14132982
v 0.00720317 0.24857647 0.13364345
v 0.01614659 0.28293654 0.14483
v 0.01614659 0.25267422 0.15174246
v -0.02271661 0.28348409 0.15160669
v -0.02530587 0.28293654 0.14483
v -0.02530587 0.25267422 0.15174246
v -0.02271661 0.25442484 0.1583121
v -0.01629658 0.28409064 0.15911692
v -0.01629658 0.25636427 0.16559286
v -0.0045467 0.28435467 0.16238751
v -0.01629658 0.28409064 0.15911692
v -0.01629658 0.25636427 0.16559286
v -0.0045467 0.25720919 0.16876353
v 0.00599184 0.28411984 0.15948034
v 0.00599184 0.25645808 0.16594516
v 0.0136232 0.28351329 0.15197008
v 0.00599184 0.28411984 0.15948034
v 0.00599184 0.25645808 0.16594516
v 0.0136232 0.25451865 0.1586644
v -0.02271661 0.2824477 0.13343679
v -0.02271661 0.25015657 0.14062028
v -0.01629658 0.28214088 0.12628995
v -0.01629658 0.24857647 0.13364345
v -0.01629658 0.28214088 0.12628995
v -0.01629658 0.24857647 0.13364345
v 0.01219729 0.24690078 0.12733722
v 0.01219729 0.19340812 0.14165398
v -0.00453274 0.19237793 0.13710797
v -0.00453274 0.24587118 0.12279122
v 0.02185586 0.24937832 0.13828145
v 0.02185586 0.19588506 0.1525982
v 0.01219729 0.19340812 0.14165398
v 0.01219729 0.24690078 0.12733722
v 0.02493134 0.25273499 0.15310749
v 0.02493134 0.19924233 0.16742424
v -0.03409063 0.25273499 0.15310749
v -0.03409063 0.19924233 0.16742424
v -0.03040393 0.20173462 0.1767784
v -0.03040393 0.25522728 0.16246165
v -0.02126277 0.20449595 0.18714509
v -0.02126277 0.25798862 0.17282834
v -0.02126277 0.25798862 0.17282834
v -0.02126277 0.20449595 0.18714509
v -0.00453274 0.20569843 0.19165964
v -0.00453274 0.25919169 0.17734289
v 0.01047254 0.2046293 0.18764673
v 0.01047254 0.25812255 0.17332997
v 0.01047254 0.25812255 0.17332997
v 0.01047254 0.2046293 0.18764673
v 0.02133843 0.20186796 0.17728004
v 0.02133843 0.25536063 0.16296328
v -0.03040393 0.24914939 0.13727119
v -0.03040393 0.19565731 0.15158794
v -0.02126277 0.24690078 0.12733722
v -0.02126277 0.19340812 0.14165398
v -0.02126277 0.19340812 0.14165398
v -0.02126277 0.24690078 0.12733722
v -0.0045467 0.24785368 0.13045067
v 0.00720317 0.24857647 0.13364345
v 0.01219729 0.24690078 0.12733722
v -0.00453274 0.24587118 0.12279122
v 0.0139866 0.25031705 0.14132982
v 0.02185586 0.24937832 0.13828145
v 0.01614659 0.25267422 0.15174246
v 0.02493134 0.25273499 0.15310749
v -0.02271661 0.25442484 0.1583121
v -0.02530587 0.25267422 0.15174246
v -0.03409063 0.25273499 0.15310749
v -0.03040393 0.25522728 0.16246165
v -0.01629658 0.25636427 0.16559286
v -0.02126277 0.25798862 0.17282834
v -0.0045467 0.25720919 0.16876353
v -0.00453274 0.25919169 0.17734289
v 0.00599184 0.25645808 0.16594516
v 0.01047254 0.25812255 0.17332997
v 0.0136232 0.25451865 0.1586644
v 0.02133843 0.25536063 0.16296328
v -0.02271661 0.25015657 0.14062028
v -0.03040393 0.24914939 0.13727119
v -0.01629658 0.24857647 0.13364345
v -0.02126277 0.24690078 0.12733722
v -0.00453274 0.20569843 0.19165964
v -0.02126277 0.20449595 0.18714509
v -0.03040393 0.20173462 0.1767784
v 0.01047254 0.2046293 0.18764673
v -0.03409063 0.19924233 0.16742424
v 0.02133843 0.20186796 0.17728004
v -0.03040393 0.19565731 0.15158794
v 0.02493134 0.19924233 0.16742424
v -0.02126277 0.19340812 0.14165398
v 0.02185586 0.19588506 0.1525982
v -0.00453274 0.19237793 0.13710797
v 0.01219729 0.19340812 0.14165398
v 0.00035721 0.27255582 0.06315499
v -0.0044512 0.27255163 0.06459751
v -0.0044512 0.25960867 0.06459751
v 0.00035721 0.25961286 0.06315499
v 0.00333841 0.27257422 0.0568079
v 0.00035721 0.27255582 0.06315499
v 0.00035721 0.25961286 0.06315499
v 0.00333841 0.25963126 0.0568079
v 0.00054954 0.27259151 0.05084548
v 0.00054954 0.25964855 0.05084548
v -0.00454736 0.27259653 0.04911445
v 0.00054954 0.27259151 0.05084548
v 0.00054954 0.25964855 0.05084548
v -0.00454736 0.25965357 0.04911445
v -0.00993277 0.27259068 0.05113398
v -0.00993277 0.25964772 0.05113398
v -0.01233697 0.27257394 0.05690407
v -0.00993277 0.27259068 0.05113398
v -0.00993277 0.25964772 0.05113398
v -0.01233697 0.25963098 0.05690407
v -0.0098366 0.27255777 0.0624818
v -0.0098366 0.25961481 0.0624818
v -0.0098366 0.27255777 0.0624818
v -0.0098366 0.25961481 0.0624818
v 0.00035721 0.25961286 0.06315499
v -0.0044512 0.25960867 0.06459751
v -0.00438516 0.25957784 0.07523013
v 0.00702737 0.25958778 0.07180638
v 0.00333841 0.25963126 0.0568079
v 0.01410311 0.25963144 0.05674186
v 0.00054954 0.25964855 0.05084548
v 0.00748387 0.25967251 0.04259033
v -0.00454736 0.25965357 0.04911445
v -0.00461341 0.2596844 0.03848183
v -0.00993277 0.25964772 0.05113398
v -0.01739541 0.25967053 0.0432751
v -0.01233697 0.25963098 0.05690407
v -0.02310167 0.2596308 0.05697011
v -0.0098366 0.25961481 0.0624818
v -0.01716716 0.25959241 0.07020861
v 0.00702737 0.25958778 0.07180638
v -0.00438516 0.25957784 0.07523013
v -0.00438516 0.22642744 0.07523013
v 0.00702737 0.22643738 0.07180638
v 0.01410311 0.25963144 0.05674186
v 0.00702737 0.25958778 0.07180638
v 0.00702737 0.22643738 0.07180638
v 0.01410311 0.22648104 0.05674186
v 0.00748387 0.25967251 0.04259033
v 0.00748387 0.22652211 0.04259033
v -0.00461341 0.2596844 0.03848183
v 0.00748387 0.25967251 0.04259033
v 0.00748387 0.22652211 0.04259033
v -0.00461341 0.226534 0.03848183
v -0.01739541 0.25967053 0.0432751
v -0.01739541 0.22652013 0.0432751
v -0.02310167 0.2596308 0.05697011
v -0.01739541 0.25967053 0.0432751
v -0.01739541 0.22652013 0.0432751
v -0.02310167 0.2264804 0.05697011
v -0.01716716 0.25959241 0.07020861
v -0.01716716 0.22644201 0.07020861
v -0.01716716 0.25959241 0.07020861
v -0.01716716 0.22644201 0.07020861
v 0.00702737 0.22643738 0.07180638
v -0.00438516 0.22642744 0.07523013
v -0.00434764 0.22640993 0.08127095
v 0.01081695 0.22642313 0.07672158
v 0.01410311 0.22648104 0.05674186
v 0.02021896 0.22648115 0.05670434
v 0.00748387 0.22652211 0.04259033
v 0.01142354 0.22653571 0.03790026
v -0.00461341 0.226534 0.03848183
v -0.00465093 0.22655151 0.03244101
v -0.01739541 0.22652013 0.0432751
v -0.02163523 0.22653309 0.03881015
v -0.02310167 0.2264804 0.05697011
v -0.02921752 0.22648029 0.05700764
v -0.01716716 0.22644201 0.07020861
v -0.02133194 0.22642929 0.07459851
v 0.01081695 0.22642313 0.07672158
v -0.00434764 0.22640993 0.08127095
v -0.00434764 0.17855225 0.08127095
v 0.01081695 0.17856545 0.07672158
v 0.02021896 0.22648115 0.05670434
v 0.01081695 0.22642313 0.07672158
v 0.01081695 0.17856545 0.07672158
v 0.02021896 0.17862349 0.05670434
v 0.01142354 0.22653571 0.03790026
v 0.01142354 0.17867804 0.03790026
v -0.00465093 0.22655151 0.03244101
v 0.01142354 0.22653571 0.03790026
v 0.01142354 0.17867804 0.03790026
v -0.00465093 0.17869386 0.03244101
v -0.02163523 0.22653309 0.03881015
v -0.02163523 0.17867542 0.03881015
v -0.02921752 0.22648029 0.05700764
v -0.02163523 0.22653309 0.03881015
v -0.02163523 0.17867542 0.03881015
v -0.02921752 0.17862261 0.05700764
v -0.02133194 0.22642929 0.07459851
v -0.02133194 0.17857161 0.07459851
v -0.02133194 0.22642929 0.07459851
v -0.02133194 0.17857161 0.07459851
v 0.01081695 0.17856545 0.07672158
v -0.00434764 0.17855225 0.08127095
v -0.00430564 0.17853265 0.08803154
v 0.01505807 0.1785495 0.08222243
v 0.02021896 0.17862349 0.05670434
v 0.02706352 0.17862362 0.05666235
v 0.01142354 0.17867804 0.03790026
v 0.01583262 0.17869327 0.03265135
v -0.00465093 0.17869386 0.03244101
v -0.00469292 0.17871346 0.02568042
v -0.02163523 0.17867542 0.03881015
v -0.02638024 0.17868991 0.0338132
v -0.02921752 0.17862261 0.05700764
v -0.03606209 0.17862248 0.05704963
v -0.02133194 0.17857161 0.07459851
v -0.02599296 0.17855736 0.07951148
v 0.01505807 0.1785495 0.08222243
v -0.00430564 0.17853265 0.08803154
v -0.00430564 0.08168337 0.08803154
v 0.01505807 0.08170022 0.08222243
v 0.02706352 0.17862362 0.05666235
v 0.01505807 0.1785495 0.08222243
v 0.01505807 0.08170022 0.08222243
v 0.02706352 0.08177434 0.05666235
v 0.01583262 0.17869327 0.03265135
v 0.01583262 0.08184398 0.03265135
v -0.00469292 0.17871346 0.02568042
v 0.01583262 0.17869327 0.03265135
v 0.01583262 0.08184398 0.03265135
v -0.00469292 0.08186417 0.02568042
v -0.02638024 0.17868991 0.0338132
v -0.02638024 0.08184063 0.0338132
v -0.03606209 0.17862248 0.05704963
v -0.02638024 0.17868991 0.0338132
v -0.02638024 0.08184063 0.0338132
v -0.03606209 0.0817732 0.05704963
v -0.02599296 0.17855736 0.07951148
v -0.02599296 0.08170807 0.07951148
v -0.02599296 0.17855736 0.07951148
v -0.02599296 0.08170807 0.07951148
v 0.01505807 0.08170022 0.08222243
v -0.00430564 0.08168337 0.08803154
v -0.0042333 0.08164959 0.09967901
v 0.02236487 0.08167274 0.09169956
v 0.02706352 0.08177434 0.05666235
v 0.03885566 0.08177455 0.05659001
v 0.01583262 0.08184398 0.03265135
v 0.0234288 0.08187021 0.02360829
v -0.00469292 0.08186417 0.02568042
v -0.00476526 0.08189795 0.01403296
v -0.02638024 0.08184063 0.0338132
v -0.03455515 0.0818656 0.02520421
v -0.03606209 0.0817732 0.05704963
v -0.04785422 0.08177299 0.05712198
v -0.02599296 0.08170807 0.07951148
v -0.03402319 0.08168353 0.08797578
v -0.00419269 0.07726888 0.10621794
v 0.02646694 0.07729556 0.09702005
v 0.03885566 0.08177455 0.05659001
v 0.02236487 0.08167274 0.09169956
v 0.02646694 0.07729556 0.09702005
v 0.04547581 0.07741292 0.0565494
v 0.0234288 0.08187021 0.02360829
v 0.02769332 0.07752319 0.01853148
v 0.02769332 0.07752319 0.01853148
v -0.00480588 0.07755516 0.00749403
v -0.03914458 0.07751788 0.02037109
v -0.04785422 0.08177299 0.05712198
v -0.03455515 0.0818656 0.02520421
v -0.03914458 0.07751788 0.02037109
v -0.05447437 0.07741112 0.05716259
v -0.03402319 0.08168353 0.08797578
v -0.03853138 0.07730801 0.09272766
v -0.03853138 0.07730801 0.09272766
v 0.02646694 0.07729556 0.09702005
v -0.00419269 0.07726888 0.10621794
v -0.00419269 0.07087165 0.10896027
v 0.02646694 0.07089832 0.09925139
v 0.02646694 0.07089832 0.09925139
v 0.04547581 0.07101568 0.05653236
v 0.02769332 0.07112596 0.01640234
v -0.00480588 0.07755516 0.00749403
v 0.02769332 0.07752319 0.01853148
v 0.02769332 0.07112596 0.01640234
v -0.00480588 0.07115793 0.0047517
v -0.03914458 0.07751788 0.02037109
v -0.03914458 0.07112065 0.01834416
v -0.03914458 0.07112065 0.01834416
v -0.05447437 0.07101389 0.05717962
v -0.03853138 0.07091077 0.09472053
v -0.03853138 0.07730801 0.09272766
v -0.03853138 0.07091077 0.09472053
v -0.00419269 0.03743157 0.10896027
v 0.02646694 0.03745825 0.09925139
v 0.02646694 0.03745825 0.09925139
v 0.04547581 0.03757561 0.05653236
v 0.02769332 0.03768588 0.01640234
v 0.02769332 0.03768588 0.01640234
v -0.00480588 0.03771785 0.0047517
v -0.03914458 0.03768057 0.01834416
v -0.03914458 0.03768057 0.01834416
v -0.05447437 0.03757381 0.05717962
v -0.03853138 0.0374707 0.09472053
v -0.03853138 0.0374707 0.09472053
v -0.00420874 0.03104184 0.10623212
v 0.02484556 0.03106711 0.09703158
v 0.02484556 0.03106711 0.09703158
v 0.04285915 0.03117833 0.05654931
v 0.02600773 0.03128283 0.01852047
v 0.02600773 0.03128283 0.01852047
v -0.00478982 0.03131312 0.00747985
v -0.03733057 0.03127779 0.02036061
v -0.03733057 0.03127779 0.02036061
v -0.0518577 0.03117662 0.05716268
v -0.03674948 0.03107891 0.09273797
v -0.03674948 0.03107891 0.09273797
v 0.02484556 0.03106711 0.09703158
v -0.00420874 0.03104184 0.10623212
v -0.00424949 0.02640833 0.09930682
v 0.02072977 0.02643006 0.09139671
v 0.02072977 0.02643006 0.09139671
v 0.03621684 0.02652567 0.05659232
v 0.02172894 0.02661552 0.02389726
v -0.00478982 0.03131312 0.00747985
v 0.02600773 0.03128283 0.01852047
v 0.02172894 0.02661552 0.02389726
v -0.00474907 0.02664156 0.01440514
v -0.03733057 0.03127779 0.02036061
v -0.03272579 0.02661119 0.02547931
v -0.03272579 0.02661119 0.02547931
v -0.0452154 0.02652421 0.05711966
v -0.0322262 0.0264402 0.0877053
v -0.03674948 0.03107891 0.09273797
v -0.0322262 0.0264402 0.0877053
v -0.0452154 0.02652421 0.05711966
v 0.03621684 0.02652567 0.05659232
vn -0.2165 -0.9759 -0.02739
vn -0.06012 -0.9896 -0.13065
vn -0.56754 -0.7793 -0.26568
vn -0 -0.9759 -0.21824
vn -0.39089 -0.83983 -0.37669
vn 0 0.99485 -0.10136
vn -5E-05 0.98152 -0.19134
vn 0.06028 -0.99155 -0.11483
vn 0.56822 -0.78022 -0.26149
vn 0.55468 -0.78911 -0.26388
vn 0.21645 -0.97591 -0.02725
vn -0.05504 -0.98544 0.1609
vn -0.23687 -0.97147 0.01178
vn -0.69433 -0.69003 0.20437
vn -1E-05 -0.98362 0.18024
vn -5E-05 -0.95715 0.2896
vn 0.75333 -0.62135 0.21543
vn 0.055 -0.98267 0.17702
vn -9E-05 -0.94956 0.3136
vn 0.23681 -0.97148 0.01167
vn -0.67736 -0.73414 0.04706
vn -0.61522 -0.78758 0.03507
vn -0.58416 -0.70019 0.41048
vn -0.42635 -0.53653 0.72826
vn -0.01565 -0.29181 0.95635
vn 0.37468 -0.63149 0.67884
vn 0.71325 -0.69938 0.04625
vn 0.61324 -0.78836 0.04922
vn 0.64394 -0.60223 0.47187
vn -0.64243 -0.76634 -0.00191
vn -0.28042 -0.95981 0.01104
vn -0.73833 -0.67424 0.01656
vn -2E-05 -0.99993 0.01195
vn 0 -0.75315 0.65785
vn 0 -0.83387 0.55196
vn 0.00048 -0.99984 0.01796
vn 0.73817 -0.6744 0.01701
vn 0.3579 -0.93369 0.01135
vn 0.64243 -0.76634 -0.00191
vn -0.99349 -0.1049 0.04451
vn -0.99038 -0.13834 -0.00134
vn -0 -0.49157 0.87084
vn -0 -1 -0.0029
vn 0 -0.99991 -0.01317
vn -0.01214 -0.98341 0.18097
vn 0 -0.71781 0.69624
vn -0.17474 -0.96873 0.17613
vn -0.78156 -0.62382 0.00424
vn 0.17934 -0.96785 0.17636
vn 0 -0.99992 -0.01293
vn 0.7714 -0.63628 0.0096
vn -0.4891 -0.72044 -0.49168
vn 0.48911 -0.71194 -0.50389
vn -0.00907 -0.94308 -0.33245
vn -0.90691 -0.40133 0.12821
vn -0.92027 -0.22406 0.32077
vn -0.29039 -0.87954 0.37694
vn -0.90691 -0.40133 -0.12821
vn -0.29039 -0.87954 -0.37694
vn -0.92027 -0.22406 -0.32077
vn 0.87265 -0.46518 0.14861
vn 0.29039 -0.87954 0.37694
vn 0.89005 -0.26104 0.37372
vn 0.87265 -0.46518 -0.14861
vn 0.89005 -0.26104 -0.37372
vn 0.29039 -0.87954 -0.37694
vn -0.23557 -0.97146 0.02796
vn -0.71383 -0.40103 0.57413
vn -0.19983 -0.6774 0.70796
vn -0.81793 -0.08324 0.56926
vn -0.25163 0 0.96782
vn -0.68581 -0.41675 -0.59664
vn -0.72925 -0.6518 -0.20823
vn -0.73328 -0.64768 0.20692
vn -0.66889 0.52091 -0.53032
vn -0.94894 0.31546 0
vn -0.98896 -0.13951 -0.04995
vn -0.17162 -0.66477 -0.72707
vn -0.84983 -0.07626 -0.52152
vn -0.29488 -0.01662 -0.95539
vn 0 -0.59767 -0.80174
vn 0.3703 -0.69918 -0.61158
vn 0.79699 -0.45772 -0.39407
vn -0.32926 -0.75672 -0.56477
vn -0.80088 -0.44656 -0.39897
vn 0.00051 0.00578 0.99998
vn -0.01397 -0.9792 0.20241
vn -0.03177 -0.98542 0.16717
vn 0.0006 0.00168 1
vn -0.0595 -0.98414 0.16714
vn -0.00039 -0.00361 0.99999
vn -0.06945 -0.94944 0.30617
vn 0.0004 -0.00354 0.99999
vn -2E-05 -0.93731 0.3485
vn -6E-05 -0.00311 1
vn 0.06976 -0.95247 0.29655
vn -0.00025 -0.00312 1
vn 0.05952 -0.98471 0.1637
vn 0.00033 -0.00165 1
vn 0.03169 -0.98544 0.16702
vn -0.00089 0.00276 1
vn -0.00047 0.00565 0.99998
vn 0.01399 -0.97923 0.20228
vn 0.69357 -0.71254 0.10602
vn 0.98701 0.00089 0.16064
vn -0.01402 -0.98139 -0.19153
vn 0.00057 0.00194 -1
vn 5E-05 0.00398 -0.99999
vn -0.04015 -0.98524 -0.16638
vn 0.00033 0.00507 -0.99999
vn -0.0768 -0.98514 -0.15362
vn 0.0005 0.00328 -0.99999
vn -0.05581 -0.98199 -0.18048
vn -0.00017 0.00134 -1
vn -3E-05 -0.97942 -0.20184
vn -0.00046 0.00124 -1
vn 0.05576 -0.98148 -0.1833
vn -7E-05 0.00361 -0.99999
vn 0.07672 -0.98381 -0.16196
vn -1E-05 0.00369 -0.99999
vn 0.04015 -0.98434 -0.17166
vn 0.01405 -0.98139 -0.19153
vn -0.00053 0.00178 -1
vn 0.99073 0 -0.13583
vn 0.69677 -0.71051 -0.09845
vn -0.02264 -0.99974 0.00117
vn -0.03383 -0.99943 0.00144
vn -0.08006 -0.99664 0.01736
vn -0.06312 -0.99795 0.01048
vn -0 -1 0.00183
vn 0.06313 -0.99795 0.0105
vn 0.08006 -0.99664 0.01738
vn 0.03372 -0.99943 0.00137
vn 0.02275 -0.99974 0.00112
vn 0.73396 -0.63386 0.24399
vn 0.00508 -0.99947 -0.03227
vn -0.01661 -0.99976 -0.01432
vn 0.04594 -0.99875 0.01968
vn 0.01298 -0.99983 0.01307
vn 0.59854 -0.67309 0.4344
vn 0.13597 -0.98369 -0.11771
vn 0.00672 -0.99996 -0.00556
vn -0.69096 -0.72258 0.02141
vn 0.03819 -0.99927 -0.00163
vn 0.68038 -0.73259 0.01973
vn -0.03875 -0.99867 -0.03408
vn 0.56753 -0.73868 0.36367
vn 0.4164 -0.90916 0.00615
vn -0.00577 -0.99998 0.00044
vn -0.83434 -0.55124 -0
vn 0.03187 -0.99948 -0.00378
vn 0.81403 -0.58082 0
vn -0.73921 -0.67304 0.0244
vn -0.72973 -0.66394 -0.16336
vn 0.84889 -0.51194 -0.13157
vn 0.81269 -0.5827 -0.00039
vn 0.13484 -0.98296 0.12489
vn -0.00183 -0.99999 0.00379
vn -0.66947 -0.74254 -0.02117
vn 0.0155 -0.99988 -0.00162
vn 0.66024 -0.7508 -0.0197
vn -0.74406 -0.6442 0.17714
vn 0.89539 -0.43239 0.10638
vn 0.00281 -0.99954 0.03008
vn -0.01407 -0.99964 0.0229
vn -0.41966 -0.90759 -0.01326
vn 0.02514 -0.99963 0.01001
vn 0.41928 -0.90776 -0.01325
vn 0.00507 -0.99994 0.01013
vn -0.10791 -0.98872 0.10388
vn 0.59465 -0.66812 -0.44722
vn 0.60872 -0.65615 -0.446
vn -0.01924 -0.99981 0.00082
vn -0.03 -0.99954 -0.00366
vn 0.02988 -0.99955 -0.00362
vn 0.01933 -0.99981 0.00088
vn 0.72636 -0.66174 -0.18573
vn 0.94815 0 0.31783
vn 0.77186 -0.28109 0.57029
vn 0.92941 -0.15082 0.33681
vn 0.97889 -0.2041 -0.01086
vn 0.99834 -0.05418 -0.01959
vn 0.90892 -0.1744 -0.37875
vn 0.7572 -0.31601 -0.57165
vn 0.968 0 -0.25095
vn -0.71552 -0.69236 -0.09311
vn -0.74899 -0.61385 0.24941
vn -0.94815 0 0.31783
vn -0.99215 0 -0.12502
vn -0.68361 -0.55619 0.47258
vn -0.80462 -0.1357 0.57808
vn -0.7323 -0.55529 0.3942
vn -0.89132 -0.13016 0.43429
vn -0.98834 -0.15225 -0.00026
vn -0.99761 -0.06916 1E-05
vn -0.71781 -0.52017 -0.4628
vn -0.86902 -0.1472 -0.47238
vn -0.67818 -0.55203 -0.48511
vn -0.79319 -0.16212 -0.587
vn -0.74261 -0.64214 -0.19023
vn -0.968 0 -0.25095
vn -0.71223 -0.6947 0.10061
vn -0.98874 0.00084 0.14967
vn -0.7776 -0.62876 -0.00074
vn 0.7911 -0.61097 0.02952
vn 0.78487 -0.57687 0.22628
vn -0.87975 -0.4736 0.04169
vn -0.82673 -0.55709 -0.07849
vn 0.76826 -0.60655 -0.20464
vn -0.41348 -0.91051 -0.00196
vn -0.96643 0.1112 -0.23162
vn -0.94979 0.31221 0.02072
vn 0.82008 -0.57188 0.0203
vn 0.9653 -0.26115 0.00035
vn -0.95849 0.15161 0.24147
vn 0.83604 -0.54403 -0.07117
vn 0.95157 0.07566 0.29799
vn 0.96765 0.25113 0.02409
vn -0.87642 -0.46291 -0.13268
vn -0.97882 -0.20474 0.00064
vn 0.95762 0.04928 -0.28381
vn -0.84358 -0.52739 0.10113
vn -0.5631 -0.82636 -0.00628
vn 0.5631 -0.82636 -0.00628
vn 0.3863 -0.92235 -0.00701
vn -0.3863 -0.92235 -0.00701
vn -0.99137 -0.1296 0.01984
vn 0.02345 -0.99969 -0.00777
vn -0.966 0.19768 -0.16664
vn 0 0.76457 -0.64454
vn 0 -0.78268 -0.62243
vn -0.96367 -0.20904 -0.16624
vn 0.98556 -0.16934 -0.00126
vn 0.99741 -0.07109 0.01088
vn 0.98433 -0.17255 0.03636
vn 0 1 0
vn 0.98601 0.1667 0
vn 0.99884 -0.04542 -0.01626
vn 0.97454 -0.17549 -0.13956
vn 0.97619 0.16583 -0.1398
vn 0.03872 -0.99923 -0.00708
vn 0 0.76457 -0.64454
vn -0.03885 -0.99923 -0.0059
vn -0.02355 -0.99969 -0.00847
vn 0.96828 -0.23803 0.07604
vn 0.96828 -0.23803 -0.07604
vn -0.07257 -0.79039 -0.60829
vn 0.07257 -0.79039 -0.60829
vn -0.77077 0.63712 0
vn -0.56598 0.58436 0.58155
vn -0.96487 -0.03801 0.25995
vn 0.99582 -0.01322 0.0904
vn 0.99582 -0.01322 -0.0904
vn -0.96487 -0.03801 -0.25995
vn 0.9502 -0.04509 -0.30837
vn 0.9502 -0.04509 0.30837
vn 0.99354 -0.06499 0.09305
vn 0.99354 -0.06499 -0.09305
vn 0.07257 -0.79039 0.60829
vn -0.07257 -0.79039 0.60829
vn 0.20224 -0.23787 0.95001
vn -0.20224 -0.23787 0.95001
vn -0.20224 -0.23787 -0.95001
vn 0.20224 -0.23787 -0.95001
vn -0.33806 0.94112 0.00135
vn -0.26819 0.71817 0.64212
vn -0.02909 0.06171 0.99767
vn 0.22585 -0.60857 0.76068
vn 0.36154 -0.93194 0.02785
vn 0.22254 -0.59609 -0.77146
vn -0.02854 0.05711 -0.99796
vn -0.26394 0.70793 -0.6551
vn -0.55348 0.83286 0.00109
vn -0.47878 0.72154 0.50014
vn -0.01851 0.00669 0.99981
vn 0.21577 -0.67659 0.70404
vn 0.35435 -0.93472 0.02711
vn 0.21286 -0.66096 -0.7196
vn -0.01396 -0.0082 -0.99987
vn -0.46888 0.71482 -0.51884
vn -0.61812 0.6906 0.37551
vn -0.69148 0.7224 -0.00154
vn 0.62203 -0.78299 0.00168
vn 0.63011 -0.7634 -0.14207
vn -0.6051 0.68787 -0.40085
vn 0.6269 -0.76411 0.15207
vn 0.5885 -0.8085 -0.00178
vn 0.5835 -0.80839 -0.07769
vn 0.57863 -0.81131 0.08338
vn 0.48024 0.14056 -0.8658
vn -0 0.09528 -0.99545
vn 0.8424 0.2413 -0.4818
vn 0.92721 0.36632 -0.07805
vn -0.926 0.3647 -0.09751
vn -0.79446 0.46791 0.38716
vn -0.47688 0.57429 0.66541
vn -0.01523 0.60181 0.79849
vn 0.46659 0.56487 0.6806
vn 0.76906 0.48843 0.41229
vn -0.84179 0.23905 -0.48399
vn -0.46413 0.1358 -0.8753
vn 0.51124 -0.12244 -0.85067
vn 0.499 -0.44918 -0.74111
vn -0 -0.47127 -0.88199
vn 0 -0.15983 -0.98714
vn 0.8946 -0.00689 -0.44681
vn 0.77205 -0.58724 -0.2431
vn 0.9939 0.10987 -0.00921
vn 0.75233 -0.63684 0.16859
vn -0.99439 0.10195 -0.0282
vn -0.78775 -0.59699 0.15181
vn -0.71832 -0.39513 0.57261
vn -0.84071 0.25077 0.47991
vn -0.49835 -0.00132 0.86697
vn -0.50846 0.32688 0.79663
vn -0.01596 0.04125 0.99902
vn -0.01625 0.36391 0.93129
vn 0.45017 -0.21364 0.86701
vn 0.49549 0.33095 0.8031
vn 0.63339 -0.51381 0.57864
vn 0.81738 0.2564 0.5159
vn -0.89339 -0.00738 -0.44922
vn -0.71679 -0.66951 -0.19485
vn -0.49351 -0.12511 -0.86069
vn -0.42728 -0.67187 -0.605
vn -0.03367 0.85797 0.5126
vn 0.34325 0.87315 0.3461
vn 0.48681 0.87344 0.01052
vn 0.34519 0.87045 -0.35095
vn -0.01405 0.86134 -0.50784
vn -0.34706 0.87241 -0.34417
vn -0.49243 0.87032 0.00706
vn -0.34879 0.86515 0.36036
vn -0.06486 0.17581 0.98229
vn 0.69733 0.16644 0.69715
vn 0.98633 0.16407 0.01512
vn 0.68823 0.16868 -0.70562
vn -0.02709 0.17551 -0.9841
vn -0.69677 0.16947 -0.69699
vn -0.98569 0.16839 0.00812
vn -0.68833 0.16934 0.70535
vn -0.06375 0.24873 0.96647
vn 0.68106 0.26529 0.68248
vn 0.96414 0.26489 0.01659
vn 0.6749 0.2606 -0.69036
vn -0.02667 0.25031 -0.9678
vn -0.68296 0.26289 -0.68151
vn -0.96523 0.26123 0.00964
vn -0.67433 0.25612 0.69259
vn -0.06566 0.08636 0.9941
vn 0.70496 0.08165 0.70453
vn 0.99665 0.08045 0.01503
vn 0.69571 0.08274 -0.71354
vn -0.02741 0.08617 -0.9959
vn -0.70442 0.08314 -0.7049
vn -0.99655 0.08261 0.00795
vn -0.69613 0.0831 0.71309
vn -0.06462 0.19109 0.97944
vn 0.69158 0.20419 0.69283
vn 0.97886 0.20384 0.01665
vn 0.68478 0.20042 -0.70065
vn -0.02702 0.19227 -0.98097
vn -0.69314 0.20223 -0.69185
vn -0.97956 0.20094 0.0096
vn -0.68403 0.19692 0.70237
vn -0.06583 0.04872 0.99664
vn 0.70663 0.04605 0.70609
vn 0.99886 0.04537 0.01496
vn 0.69729 0.04666 -0.71527
vn -0.02747 0.0486 -0.99844
vn -0.70604 0.04689 -0.70662
vn -0.99888 0.04659 0.00787
vn -0.69783 0.04687 0.71473
vn -0.06488 0.17026 0.98326
vn 0.6947 0.18203 0.69589
vn 0.98321 0.18171 0.01666
vn 0.68769 0.17862 -0.70369
vn -0.02713 0.1713 -0.98484
vn -0.69614 0.18025 -0.69491
vn -0.98378 0.1791 0.00958
vn -0.68689 0.1755 0.70525
vn -0.02365 0.94531 0.32532
vn 0.23861 0.94187 0.23652
vn 0.33754 0.94127 0.00834
vn 0.23343 0.94382 -0.23393
vn -0.00941 0.9468 -0.32168
vn -0.23409 0.94443 -0.23079
vn -0.3321 0.94322 0.00587
vn -0.23159 0.9428 0.23977
vn -0.05286 0.59552 0.8016
vn 0.62792 0.51709 0.58167
vn 0.8789 0.47678 0.01425
vn 0.62005 0.5224 -0.58534
vn -0.02268 0.59595 -0.8027
vn -0.62765 0.5252 -0.57466
vn -0.87951 0.47583 0.00734
vn -0.619 0.52331 0.58566
vn -0.06858 0.05609 0.99607
vn 0.71816 0.03462 0.69501
vn 0.99982 0.01221 0.01427
vn 0.70935 0.03529 -0.70397
vn -0.02865 0.05586 -0.99803
vn -0.71787 0.03528 -0.69528
vn -0.99992 0.01037 0.00771
vn -0.71006 0.03529 0.70326
vn -0.06873 -0.0618 0.99572
vn 0.72341 -0.0603 0.68778
vn 0.99816 -0.05871 0.015
vn 0.71543 -0.06013 -0.69609
vn -0.02884 -0.0617 -0.99768
vn -0.7242 -0.06054 -0.68693
vn -0.99822 -0.0591 0.00823
vn -0.71547 -0.06003 0.69606
vn -0.05411 -0.61362 0.78774
vn 0.57847 -0.60273 0.54962
vn 0.80588 -0.59199 0.01032
vn 0.57121 -0.60147 -0.55852
vn -0.02272 -0.61198 -0.79055
vn -0.57696 -0.60409 -0.54973
vn -0.80374 -0.59496 0.00486
vn -0.57315 -0.60145 0.55656
vn -0.01035 -0.99135 0.13082
vn 0.11571 -0.98791 0.10313
vn 0.10959 -0.99398 -0.00092
vn 0.07199 -0.99489 -0.07073
vn -0.00445 -0.98907 -0.14741
vn -0.1181 -0.98662 -0.11239
vn -0.09987 -0.995 -0.00179
vn -0.06949 -0.99555 0.06364
vt 0.88179 0.42692
vt 0.88332 0.44019
vt 0.88998 0.42692
vt 0.8838 0.45318
vt 0.88998 0.43839
vt 0.88998 0.43937
vt 0.88998 0.46714
vt 0.88332 0.46617
vt 0.88998 0.47942
vt 0.88998 0.46795
vt 0.88179 0.47942
vt 0.89614 0.43989
vt 0.89767 0.42692
vt 0.89193 0.42692
vt 0.89567 0.45318
vt 0.89193 0.44442
vt 0.89193 0.47942
vt 0.89614 0.46647
vt 0.89193 0.46192
vt 0.89767 0.47942
vt 0.89963 0.41339
vt 0.91521 0.41265
vt 0.89963 0.38932
vt 0.91655 0.40916
vt 0.91713 0.38932
vt 0.91985 0.4053
vt 0.93463 0.38932
vt 0.92589 0.40361
vt 0.93132 0.40511
vt 0.95212 0.41339
vt 0.95212 0.38932
vt 0.93654 0.41265
vt 0.93524 0.40897
vt 0.89963 0.44845
vt 0.9111 0.44437
vt 0.89963 0.43092
vt 0.91713 0.43092
vt 0.91208 0.44437
vt 0.93985 0.44437
vt 0.93463 0.43092
vt 0.95212 0.43092
vt 0.94065 0.44437
vt 0.95212 0.44845
vt 0.83681 0.38998
vt 0.83681 0.4116
vt 0.83779 0.38998
vt 0.83779 0.3902
vt 0.83779 0.4116
vt 0.85165 0.39955
vt 0.86556 0.38998
vt 0.84888 0.40064
vt 0.8476 0.40351
vt 0.85413 0.40029
vt 0.86556 0.4116
vt 0.85566 0.40356
vt 0.84883 0.40648
vt 0.85423 0.40662
vt 0.8516 0.40751
vt 0.90393 0.3179
vt 0.90601 0.32061
vt 0.90746 0.31666
vt 0.90393 0.31412
vt 0.90746 0.31536
vt 0.90601 0.31141
vt 0.91388 0.31215
vt 0.9174 0.3134
vt 0.91595 0.30944
vt 0.91388 0.31594
vt 0.91595 0.31865
vt 0.9174 0.31469
vt 0.77947 0.44042
vt 0.77947 0.44506
vt 0.78085 0.44305
vt 0.78282 0.44613
vt 0.78282 0.44361
vt 0.77947 0.43585
vt 0.7774 0.43856
vt 0.7774 0.44235
vt 0.78479 0.43804
vt 0.78941 0.43474
vt 0.78479 0.43507
vt 0.78071 0.43811
vt 0.78282 0.43478
vt 0.78282 0.43736
vt 0.92589 0.42387
vt 0.93194 0.42219
vt 0.93543 0.41814
vt 0.91985 0.42219
vt 0.91655 0.41851
vt 0.95956 0.48438
vt 0.95585 0.48437
vt 0.95566 0.49861
vt 0.95864 0.4986
vt 0.95442 0.51654
vt 0.95741 0.51656
vt 0.95288 0.53446
vt 0.95652 0.53446
vt 0.95241 0.55238
vt 0.95625 0.55238
vt 0.95288 0.5703
vt 0.95631 0.5703
vt 0.95442 0.58823
vt 0.95741 0.58821
vt 0.95566 0.60615
vt 0.95864 0.60616
vt 0.95955 0.62018
vt 0.95585 0.62019
vt 0.9559 0.62407
vt 0.95933 0.62407
vt 0.9652 0.48437
vt 0.96187 0.48436
vt 0.96242 0.4986
vt 0.9654 0.49861
vt 0.96439 0.51653
vt 0.96664 0.51654
vt 0.9647 0.53445
vt 0.96817 0.53446
vt 0.9648 0.55238
vt 0.96865 0.55238
vt 0.96475 0.5703
vt 0.96817 0.5703
vt 0.96407 0.58824
vt 0.96664 0.58823
vt 0.96242 0.60616
vt 0.9654 0.60615
vt 0.96521 0.62019
vt 0.96188 0.62019
vt 0.96173 0.62407
vt 0.96515 0.62407
vt 0.82762 0.48561
vt 0.8101 0.48437
vt 0.81009 0.49861
vt 0.82762 0.49961
vt 0.81009 0.51654
vt 0.82762 0.5172
vt 0.81009 0.53446
vt 0.82762 0.53479
vt 0.81011 0.55238
vt 0.82763 0.55238
vt 0.81009 0.5703
vt 0.82762 0.56997
vt 0.81009 0.58823
vt 0.82762 0.58756
vt 0.81009 0.60615
vt 0.82762 0.60515
vt 0.82762 0.61895
vt 0.8101 0.62019
vt 0.81009 0.62407
vt 0.82762 0.62274
vt 0.84517 0.49548
vt 0.84516 0.50743
vt 0.84926 0.52612
vt 0.84926 0.5394
vt 0.84927 0.55238
vt 0.84926 0.56537
vt 0.84926 0.57862
vt 0.84516 0.59733
vt 0.84518 0.60911
vt 0.84516 0.61232
vt 0.85913 0.50856
vt 0.86269 0.51743
vt 0.86269 0.52612
vt 0.86269 0.58733
vt 0.86269 0.57862
vt 0.85519 0.59736
vt 0.85533 0.60012
vt 0.88022 0.51372
vt 0.88022 0.52204
vt 0.88022 0.52612
vt 0.88022 0.58371
vt 0.88022 0.57862
vt 0.75326 0.45438
vt 0.75342 0.46188
vt 0.75588 0.46184
vt 0.75534 0.45438
vt 0.90098 0.50787
vt 0.89776 0.51743
vt 0.89776 0.52612
vt 0.89776 0.58733
vt 0.89776 0.57862
vt 0.75397 0.4471
vt 0.75588 0.44703
vt 0.91528 0.49296
vt 0.91529 0.50543
vt 0.91529 0.52612
vt 0.91529 0.59933
vt 0.91529 0.57862
vt 0.91527 0.61162
vt 0.90491 0.59798
vt 0.90516 0.60012
vt 0.91529 0.61498
vt 0.93282 0.48561
vt 0.93282 0.49961
vt 0.93936 0.52612
vt 0.93282 0.60515
vt 0.93936 0.57862
vt 0.93282 0.61895
vt 0.93282 0.62274
vt 0.9504 0.48437
vt 0.95036 0.49861
vt 0.95036 0.51654
vt 0.93936 0.53909
vt 0.95036 0.53446
vt 0.93935 0.55238
vt 0.95034 0.55238
vt 0.93936 0.56567
vt 0.95036 0.5703
vt 0.95036 0.58823
vt 0.95036 0.60615
vt 0.9504 0.62019
vt 0.95036 0.62407
vt 0.97803 0.60654
vt 0.97803 0.62407
vt 0.98145 0.62407
vt 0.98145 0.60654
vt 0.97803 0.58901
vt 0.98145 0.58901
vt 0.97803 0.57884
vt 0.98145 0.57147
vt 0.97807 0.55394
vt 0.98145 0.55394
vt 0.97682 0.529
vt 0.98145 0.53641
vt 0.97803 0.51887
vt 0.98145 0.51887
vt 0.97803 0.50134
vt 0.98145 0.50134
vt 0.97803 0.48381
vt 0.98145 0.48381
vt 0.98189 0.34227
vt 0.98189 0.3598
vt 0.98532 0.3598
vt 0.98532 0.34227
vt 0.98189 0.37733
vt 0.98532 0.37733
vt 0.97977 0.39151
vt 0.98532 0.39487
vt 0.98194 0.4124
vt 0.98532 0.4124
vt 0.97977 0.43333
vt 0.98532 0.42993
vt 0.98189 0.44747
vt 0.98532 0.44747
vt 0.98189 0.465
vt 0.98532 0.465
vt 0.98189 0.48253
vt 0.98532 0.48253
vt 0.93282 0.48202
vt 0.95036 0.48069
vt 0.91529 0.48978
vt 0.90115 0.50578
vt 0.73776 0.40714
vt 0.73973 0.40714
vt 0.73867 0.39985
vt 0.73681 0.39979
vt 0.73681 0.41459
vt 0.73929 0.41467
vt 0.84516 0.49244
vt 0.85933 0.50578
vt 0.82762 0.48202
vt 0.81009 0.48069
vt 0.96173 0.48069
vt 0.96515 0.48069
vt 0.9559 0.48069
vt 0.95933 0.48069
vt 0.88022 0.5919
vt 0.69703 0.40355
vt 0.69833 0.37852
vt 0.69377 0.39425
vt 0.69376 0.40353
vt 0.75871 0.47942
vt 0.76148 0.47928
vt 0.75532 0.46362
vt 0.75285 0.46369
vt 0.97342 0.55396
vt 0.97344 0.56318
vt 0.69707 0.42824
vt 0.69377 0.41265
vt 0.97344 0.54479
vt 0.76148 0.42945
vt 0.75933 0.42969
vt 0.7534 0.44528
vt 0.75532 0.44523
vt 0.74739 0.40714
vt 0.74651 0.38638
vt 0.74411 0.39803
vt 0.7441 0.40716
vt 0.73387 0.38638
vt 0.73178 0.38622
vt 0.73681 0.39799
vt 0.73867 0.39803
vt 0.97729 0.41238
vt 0.9773 0.42155
vt 0.73178 0.42804
vt 0.73457 0.42824
vt 0.73929 0.41648
vt 0.73681 0.41638
vt 0.74656 0.42824
vt 0.74411 0.41648
vt 0.9773 0.40316
vt 0.69143 0.39606
vt 0.69139 0.40355
vt 0.97105 0.55394
vt 0.97109 0.56139
vt 0.69143 0.41083
vt 0.97109 0.54659
vt 0.74177 0.39985
vt 0.74173 0.40714
vt 0.97491 0.4124
vt 0.97496 0.41975
vt 0.74177 0.41467
vt 0.97496 0.40495
vt 0.97293 0.40275
vt 0.97293 0.38932
vt 0.96475 0.38932
vt 0.96456 0.40275
vt 0.96252 0.47942
vt 0.96252 0.46599
vt 0.95414 0.46599
vt 0.95433 0.47942
vt 0.97296 0.42028
vt 0.9645 0.42028
vt 0.96254 0.44845
vt 0.95408 0.44845
vt 0.97293 0.43781
vt 0.9645 0.43781
vt 0.96252 0.43092
vt 0.95408 0.43092
vt 0.97293 0.45535
vt 0.96525 0.45535
vt 0.96252 0.41339
vt 0.95483 0.41339
vt 0.97293 0.47942
vt 0.96719 0.47942
vt 0.96252 0.38932
vt 0.95678 0.38932
vt 0.94065 0.46599
vt 0.95212 0.46599
vt 0.89963 0.46599
vt 0.89963 0.47942
vt 0.9111 0.47942
vt 0.9111 0.46599
vt 0.94065 0.47942
vt 0.95212 0.47942
vt 0.83681 0.42357
vt 0.83779 0.42357
vt 0.78922 0.45779
vt 0.78941 0.44437
vt 0.78479 0.44583
vt 0.7846 0.45779
vt 0.85388 0.35916
vt 0.85388 0.36013
vt 0.8585 0.36013
vt 0.8585 0.35916
vt 0.77544 0.46432
vt 0.77526 0.45089
vt 0.77064 0.45089
vt 0.77082 0.46285
vt 0.78916 0.47942
vt 0.78454 0.47942
vt 0.77519 0.42926
vt 0.77057 0.42926
vt 0.8473 0.36013
vt 0.85192 0.36013
vt 0.85192 0.35916
vt 0.8473 0.35916
vt 0.83987 0.35873
vt 0.83987 0.3597
vt 0.84535 0.3597
vt 0.84535 0.35873
vt 0.77544 0.47394
vt 0.77082 0.47361
vt 0.77082 0.47942
vt 0.77544 0.47942
vt 0.81872 0.3582
vt 0.82452 0.3582
vt 0.82452 0.35722
vt 0.81872 0.35722
vt 0.78941 0.42926
vt 0.78479 0.42926
vt 0.83987 0.38747
vt 0.84535 0.38747
vt 0.85388 0.3879
vt 0.8585 0.3879
vt 0.81872 0.38597
vt 0.82452 0.38597
vt 0.86556 0.42357
vt 0.8473 0.3879
vt 0.85192 0.3879
vt 0.83987 0.38828
vt 0.84535 0.38828
vt 0.85388 0.38871
vt 0.8585 0.38871
vt 0.82452 0.38678
vt 0.81872 0.38678
vt 0.86636 0.42357
vt 0.86636 0.4116
vt 0.86636 0.38998
vt 0.85192 0.38871
vt 0.8473 0.38871
vt 0.83025 0.35873
vt 0.83025 0.3597
vt 0.83025 0.38747
vt 0.83025 0.38828
vt 0.92463 0.31322
vt 0.92382 0.31322
vt 0.92382 0.31701
vt 0.92463 0.31701
vt 0.82829 0.38597
vt 0.82829 0.3582
vt 0.92693 0.31701
vt 0.9279 0.31701
vt 0.9279 0.31322
vt 0.92693 0.31322
vt 0.78596 0.44045
vt 0.78479 0.44305
vt 0.97 0.30118
vt 0.96919 0.30118
vt 0.96919 0.30315
vt 0.97 0.30315
vt 0.9723 0.30649
vt 0.9731 0.30649
vt 0.9731 0.30452
vt 0.9723 0.30452
vt 0.9754 0.30649
vt 0.97638 0.30649
vt 0.97638 0.30452
vt 0.9754 0.30452
vt 0.97948 0.30118
vt 0.97851 0.30118
vt 0.97851 0.30315
vt 0.97948 0.30315
vt 0.96919 0.30649
vt 0.97 0.30649
vt 0.9731 0.30118
vt 0.9723 0.30118
vt 0.97638 0.30118
vt 0.9754 0.30118
vt 0.97851 0.30649
vt 0.97948 0.30649
vt 0.92463 0.31051
vt 0.92382 0.31051
vt 0.92382 0.31972
vt 0.92463 0.31972
vt 0.92693 0.31972
vt 0.9279 0.31972
vt 0.9279 0.31051
vt 0.92693 0.31051
vt 0.83779 0.42733
vt 0.86556 0.42733
vt 0.77704 0.3586
vt 0.77704 0.38636
vt 0.77833 0.38636
vt 0.77833 0.3586
vt 0.77412 0.38701
vt 0.77412 0.35924
vt 0.77122 0.35924
vt 0.77122 0.38701
vt 0.76636 0.35924
vt 0.76636 0.38701
vt 0.76926 0.38701
vt 0.76926 0.35924
vt 0.7793 0.38636
vt 0.7793 0.3586
vt 0.77607 0.38636
vt 0.77607 0.3586
vt 0.91132 0.31063
vt 0.90935 0.31034
vt 0.90842 0.3144
vt 0.91132 0.3144
vt 0.90935 0.32169
vt 0.90842 0.31762
vt 0.91132 0.32139
vt 0.91132 0.31762
vt 0.76885 0.46255
vt 0.76885 0.4739
vt 0.76551 0.46362
vt 0.76551 0.47283
vt 0.76343 0.46634
vt 0.76343 0.47012
vt 0.91929 0.31972
vt 0.92127 0.31943
vt 0.92127 0.31566
vt 0.91837 0.31566
vt 0.92127 0.30866
vt 0.91929 0.30837
vt 0.91837 0.31243
vt 0.92127 0.31243
vt 0.74981 0.42817
vt 0.7524 0.42817
vt 0.7524 0.41932
vt 0.74981 0.41932
vt 0.77344 0.42799
vt 0.77542 0.42799
vt 0.77542 0.41913
vt 0.77344 0.41913
vt 0.77148 0.42799
vt 0.77148 0.41913
vt 0.83166 0.42735
vt 0.83429 0.42735
vt 0.83429 0.41849
vt 0.83166 0.41849
vt 0.82935 0.42735
vt 0.82935 0.41849
vt 0.77975 0.42735
vt 0.78186 0.42735
vt 0.78186 0.41849
vt 0.77975 0.41849
vt 0.77777 0.42735
vt 0.77777 0.41849
vt 0.75481 0.42817
vt 0.75481 0.41932
vt 0.7524 0.38789
vt 0.74981 0.38846
vt 0.76071 0.38828
vt 0.75898 0.38924
vt 0.75726 0.3902
vt 0.83429 0.38955
vt 0.83166 0.39022
vt 0.82935 0.38962
vt 0.79605 0.38962
vt 0.79421 0.3886
vt 0.79248 0.38764
vt 0.75481 0.38846
vt 0.82764 0.35595
vt 0.82869 0.34771
vt 0.82792 0.34771
vt 0.82687 0.35595
vt 0.82764 0.34004
vt 0.82687 0.34004
vt 0.84018 0.3505
vt 0.8412 0.34791
vt 0.85721 0.34959
vt 0.85619 0.347
vt 0.84365 0.34154
vt 0.8447 0.34978
vt 0.8854 0.35707
vt 0.88617 0.35707
vt 0.87363 0.34377
vt 0.87286 0.34373
vt 0.84018 0.34549
vt 0.8884 0.32169
vt 0.88917 0.32169
vt 0.9017 0.30835
vt 0.90093 0.30839
vt 0.85619 0.352
vt 0.84365 0.35746
vt 0.9628 0.30099
vt 0.96173 0.3033
vt 0.96663 0.30333
vt 0.9656 0.30092
vt 0.96293 0.30592
vt 0.9656 0.30592
vt 0.96465 0.30024
vt 0.96637 0.30092
vt 0.96465 0.30649
vt 0.96637 0.30592
vt 0.75523 0.35816
vt 0.76128 0.35823
vt 0.76128 0.34096
vt 0.75523 0.34059
vt 0.70431 0.35127
vt 0.70448 0.34722
vt 0.68793 0.34354
vt 0.68704 0.34749
vt 0.70472 0.34173
vt 0.68914 0.33818
vt 0.72551 0.3441
vt 0.72522 0.34061
vt 0.70965 0.34417
vt 0.71055 0.34755
vt 0.72582 0.34796
vt 0.71155 0.3513
vt 0.86523 0.34267
vt 0.85919 0.3428
vt 0.85919 0.35707
vt 0.86523 0.35663
vt 0.87065 0.34279
vt 0.87065 0.35702
vt 0.70501 0.33806
vt 0.70532 0.3342
vt 0.69109 0.33087
vt 0.69009 0.33462
vt 0.72497 0.33475
vt 0.70836 0.33845
vt 0.72481 0.33107
vt 0.70754 0.33486
vt 0.74918 0.35823
vt 0.74918 0.34096
vt 0.79847 0.35831
vt 0.79847 0.38583
vt 0.78987 0.38636
vt 0.78987 0.35884
vt 0.92634 0.35925
vt 0.93371 0.38677
vt 0.92808 0.38804
vt 0.92071 0.36052
vt 0.93397 0.35752
vt 0.94134 0.38504
vt 0.97206 0.31047
vt 0.96469 0.33799
vt 0.95988 0.33671
vt 0.96724 0.30919
vt 0.95454 0.33529
vt 0.96191 0.30777
vt 0.80043 0.38616
vt 0.80043 0.35863
vt 0.80904 0.35925
vt 0.80904 0.38678
vt 0.81676 0.3587
vt 0.81676 0.38623
vt 0.94438 0.35475
vt 0.95174 0.38227
vt 0.94641 0.38369
vt 0.93904 0.35617
vt 0.98021 0.31231
vt 0.97284 0.33984
vt 0.98532 0.31347
vt 0.97795 0.34099
vt 0.78126 0.38583
vt 0.78126 0.35831
vt 0.91461 0.33816
vt 0.91296 0.34421
vt 0.91621 0.34678
vt 0.91855 0.33817
vt 0.90901 0.3477
vt 0.91058 0.35175
vt 0.90365 0.34881
vt 0.90295 0.35333
vt 0.90027 0.32881
vt 0.90365 0.32748
vt 0.90295 0.32296
vt 0.89814 0.32486
vt 0.89653 0.33211
vt 0.8928 0.32956
vt 0.89489 0.33816
vt 0.89048 0.33817
vt 0.89634 0.34358
vt 0.89254 0.34589
vt 0.90009 0.34751
vt 0.89788 0.35148
vt 0.90938 0.32881
vt 0.9111 0.32486
vt 0.91296 0.33211
vt 0.91621 0.32956
vt 0.86045 0.37355
vt 0.86278 0.36494
vt 0.86811 0.36024
vt 0.86252 0.38127
vt 0.87292 0.35834
vt 0.86785 0.38686
vt 0.88107 0.36024
vt 0.87292 0.38871
vt 0.88618 0.36494
vt 0.88055 0.38713
vt 0.88852 0.37355
vt 0.88618 0.38216
vt 0.95206 0.31306
vt 0.94959 0.31306
vt 0.94959 0.31972
vt 0.95206 0.31972
vt 0.9333 0.31305
vt 0.93003 0.31306
vt 0.93003 0.31972
vt 0.9333 0.31971
vt 0.93637 0.31304
vt 0.93637 0.3197
vt 0.95704 0.30649
vt 0.95967 0.30649
vt 0.95967 0.29983
vt 0.95704 0.29983
vt 0.95427 0.30649
vt 0.95427 0.29983
vt 0.9417 0.31305
vt 0.93874 0.31304
vt 0.93874 0.3197
vt 0.9417 0.31971
vt 0.94457 0.31306
vt 0.94457 0.31972
vt 0.94681 0.31306
vt 0.94681 0.31972
vt 0.73427 0.35116
vt 0.73352 0.34869
vt 0.72805 0.34872
vt 0.72982 0.35459
vt 0.73753 0.35269
vt 0.73757 0.35823
vt 0.7406 0.35126
vt 0.74485 0.35483
vt 0.74149 0.34864
vt 0.74696 0.3486
vt 0.74045 0.34587
vt 0.7445 0.34203
vt 0.73748 0.34463
vt 0.73745 0.33909
vt 0.73461 0.34592
vt 0.73064 0.34214
vt 0.80949 0.33998
vt 0.80361 0.33998
vt 0.80361 0.35704
vt 0.80949 0.35703
vt 0.77123 0.34024
vt 0.76348 0.34027
vt 0.76348 0.35732
vt 0.77123 0.3573
vt 0.77851 0.34022
vt 0.77851 0.35728
vt 0.81853 0.35595
vt 0.82475 0.35595
vt 0.82475 0.33889
vt 0.81853 0.33889
vt 0.81195 0.35594
vt 0.81195 0.33889
vt 0.78793 0.33996
vt 0.78088 0.33994
vt 0.78088 0.357
vt 0.78793 0.35702
vt 0.79474 0.33998
vt 0.79474 0.35704
vt 0.79704 0.33997
vt 0.79704 0.35703
vt 0.74415 0.37816
vt 0.74239 0.37228
vt 0.73928 0.3723
vt 0.74162 0.38011
vt 0.7519 0.3818
vt 0.75192 0.38494
vt 0.75918 0.37839
vt 0.7616 0.38042
vt 0.7613 0.37217
vt 0.76441 0.37215
vt 0.75883 0.36559
vt 0.76113 0.36341
vt 0.75179 0.36265
vt 0.75177 0.35951
vt 0.74497 0.36571
vt 0.74272 0.36356
vt 0.69502 0.35255
vt 0.68722 0.35256
vt 0.68722 0.37718
vt 0.69502 0.37717
vt 0.72765 0.35968
vt 0.71735 0.35971
vt 0.71735 0.38434
vt 0.72765 0.38431
vt 0.73733 0.35965
vt 0.73733 0.38428
vt 0.67645 0.35127
vt 0.68472 0.35127
vt 0.68472 0.32664
vt 0.67645 0.32665
vt 0.66771 0.35126
vt 0.66771 0.32664
vt 0.70634 0.3526
vt 0.69698 0.35257
vt 0.69698 0.37719
vt 0.70634 0.37722
vt 0.71539 0.35262
vt 0.71539 0.37725
vt 0.67848 0.35255
vt 0.67848 0.37717
vt 0.92632 0.34511
vt 0.92398 0.33731
vt 0.92051 0.33733
vt 0.92349 0.3473
vt 0.93662 0.34995
vt 0.93665 0.35347
vt 0.9463 0.34543
vt 0.949 0.3477
vt 0.94911 0.33716
vt 0.95259 0.33713
vt 0.94583 0.32842
vt 0.9484 0.32598
vt 0.93647 0.32452
vt 0.93645 0.32099
vt 0.92742 0.32857
vt 0.92489 0.32617
vt 0.69796 0.42958
vt 0.688 0.42958
vt 0.688 0.47942
vt 0.69796 0.47941
vt 0.73854 0.42955
vt 0.72539 0.42958
vt 0.72539 0.47942
vt 0.73854 0.47938
vt 0.75089 0.42951
vt 0.75089 0.47934
vt 0.67887 0.4283
vt 0.68943 0.42829
vt 0.68943 0.37846
vt 0.67887 0.37847
vt 0.66771 0.42829
vt 0.66771 0.37845
vt 0.71187 0.42955
vt 0.69992 0.42952
vt 0.69992 0.47935
vt 0.71187 0.47938
vt 0.72343 0.42958
vt 0.72343 0.47942
vt 0.67684 0.42957
vt 0.67684 0.4794
vt 0.82373 0.46707
vt 0.81377 0.47006
vt 0.81381 0.47605
vt 0.82749 0.47195
vt 0.82991 0.45392
vt 0.83598 0.45388
vt 0.82413 0.44156
vt 0.82804 0.43691
vt 0.81357 0.43798
vt 0.81354 0.43198
vt 0.80241 0.44216
vt 0.79821 0.43773
vt 0.79743 0.45412
vt 0.79136 0.45415
vt 0.80261 0.46568
vt 0.79848 0.47003
vt 0.81383 0.47942
vt 0.82961 0.47468
vt 0.72918 0.40756
vt 0.72913 0.38949
vt 0.72688 0.38676
vt 0.72694 0.40758
vt 0.72923 0.42453
vt 0.727 0.42714
vt 0.83024 0.4343
vt 0.81351 0.42862
vt 0.79585 0.43525
vt 0.82675 0.408
vt 0.8268 0.39158
vt 0.82456 0.38909
vt 0.82451 0.40802
vt 0.82671 0.42388
vt 0.82445 0.42632
vt 0.79616 0.47248
vt 0.91841 0.38804
vt 0.9184 0.37227
vt 0.9151 0.37227
vt 0.91512 0.38804
vt 0.72359 0.38561
vt 0.72365 0.40759
vt 0.72371 0.42824
vt 0.86851 0.40893
vt 0.86852 0.42565
vt 0.87182 0.42565
vt 0.8718 0.40893
vt 0.86853 0.39126
vt 0.87182 0.39126
vt 0.82127 0.38805
vt 0.82122 0.40803
vt 0.82116 0.42735
vt 0.91842 0.3546
vt 0.91512 0.3546
vt 0.8979 0.37227
vt 0.89791 0.38804
vt 0.70638 0.38561
vt 0.70644 0.40759
vt 0.7065 0.42824
vt 0.88902 0.42565
vt 0.88901 0.40893
vt 0.88902 0.39126
vt 0.80406 0.38805
vt 0.80401 0.40803
vt 0.80396 0.42735
vt 0.89792 0.3546
vt 0.89461 0.37226
vt 0.89462 0.38721
vt 0.70309 0.38675
vt 0.70315 0.40758
vt 0.70321 0.42715
vt 0.89232 0.42478
vt 0.8923 0.40894
vt 0.89232 0.39219
vt 0.80077 0.38909
vt 0.80072 0.40802
vt 0.80067 0.42633
vt 0.89463 0.35552
vt 0.87398 0.43334
vt 0.85904 0.42861
vt 0.85901 0.43217
vt 0.87187 0.43624
vt 0.70071 0.38965
vt 0.70076 0.40756
vt 0.7008 0.42438
vt 0.85874 0.47942
vt 0.87458 0.47374
vt 0.87238 0.47097
vt 0.85876 0.47585
vt 0.84199 0.47279
vt 0.84436 0.47016
vt 0.79837 0.39172
vt 0.79832 0.408
vt 0.79828 0.42374
vt 0.84229 0.43555
vt 0.84462 0.43814
vt 0.83794 0.45388
vt 0.87984 0.45415
usemtl mat0
f 2377/2377/1412 2378/2378/1413 2379/2379/1414
f 2378/2378/1413 2380/2380/1415 2379/2379/1414
f 2379/2379/1414 2380/2380/1415 2381/2381/1416
f 2381/2381/1416 2380/2380/1415 2382/2382/1417
f 2382/2382/1417 2380/2380/1415 2383/2383/1418
f 2380/2380/1415 2384/2384/1419 2383/2383/1418
f 2385/2385/1420 2386/2386/1421 2384/2384/1419
f 2384/2384/1419 2386/2386/1421 2383/2383/1418
f 2384/2384/1419 2387/2387/1422 2385/2385/1420
f 2388/2388/1423 2389/2389/1424 2390/2390/1425
f 2391/2391/1426 2388/2388/1423 2390/2390/1425
f 2390/2390/1425 2392/2392/1427 2391/2391/1426
f 2393/2393/1428 2394/2394/1429 2395/2395/1430
f 2392/2392/1427 2395/2395/1430 2391/2391/1426
f 2394/2394/1429 2391/2391/1426 2395/2395/1430
f 2396/2396/1431 2394/2394/1429 2393/2393/1428
f 2397/2397/1432 2398/2398/1433 2399/2399/1425
f 2398/2398/1433 2400/2400/1434 2399/2399/1425
f 2399/2399/1425 2400/2400/1434 2401/2401/1427
f 2400/2400/1434 2402/2402/1435 2401/2401/1427
f 2401/2401/1427 2402/2402/1435 2403/2403/1430
f 2402/2402/1435 2404/2404/1436 2403/2403/1430
f 2404/2404/1436 2405/2405/1437 2403/2403/1430
f 2406/2406/1438 2407/2407/1428 2408/2408/1439
f 2408/2408/1439 2407/2407/1428 2409/2409/1440
f 2409/2409/1440 2407/2407/1428 2405/2405/1437
f 2405/2405/1437 2407/2407/1428 2403/2403/1430
f 2410/2410/1441 2411/2411/1442 2412/2412/1443
f 2412/2412/1443 2411/2411/1442 2413/2413/1444
f 2411/2411/1442 2414/2414/1445 2413/2413/1444
f 2414/2414/1445 2415/2415/1446 2413/2413/1444
f 2413/2413/1444 2415/2415/1446 2416/2416/1447
f 2416/2416/1447 2415/2415/1446 2417/2417/1448
f 2415/2415/1446 2418/2418/1449 2417/2417/1448
f 2418/2418/1449 2419/2419/1450 2417/2417/1448
f 2420/2420/1451 2421/2421/1452 2422/2422/1453
f 2422/2422/1453 2421/2421/1452 2423/2423/1454
f 2421/2421/1452 2424/2424/1455 2423/2423/1454
f 2422/2422/1453 2425/2425/1456 2426/2426/1457
f 2423/2423/1454 2424/2424/1455 2427/2427/1458
f 2427/2427/1458 2424/2424/1455 2428/2428/1459
f 2425/2425/1456 2429/2429/1460 2426/2426/1457
f 2426/2426/1457 2429/2429/1460 2430/2430/1461
f 2429/2429/1460 2431/2431/1462 2430/2430/1461
f 2428/2428/1459 2424/2424/1455 2432/2432/1463
f 2431/2431/1462 2433/2433/1464 2430/2430/1461
f 2432/2432/1463 2424/2424/1455 2434/2434/1465
f 2433/2433/1464 2434/2434/1465 2430/2430/1461
f 2434/2434/1465 2424/2424/1455 2430/2430/1461
f 2435/2435/1466 2436/2436/1467 2437/2437/1468
f 2438/2438/1469 2439/2439/1470 2440/2440/1471
f 2441/2441/1472 2442/2442/1473 2443/2443/1474
f 2444/2444/1475 2445/2445/1476 2446/2446/1477
f 2447/2447/1478 2448/2448/1479 2449/2449/1480
f 2448/2448/1479 2450/2450/1481 2449/2449/1480
f 2451/2451/1482 2449/2449/1480 2450/2450/1481
f 2452/2452/1483 2453/2453/1484 2447/2447/1478
f 2448/2448/1479 2447/2447/1478 2454/2454/1485
f 2453/2453/1484 2454/2454/1485 2447/2447/1478
f 2455/2455/1486 2456/2456/1487 2457/2457/1488
f 2447/2447/1478 2458/2458/1489 2452/2452/1483
f 2459/2459/1490 2452/2452/1483 2460/2460/1491
f 2452/2452/1483 2458/2458/1489 2460/2460/1491
f 2461/2461/1492 2416/2416/1447 2462/2462/1493
f 2417/2417/1448 2406/2406/1438 2416/2416/1447
f 2416/2416/1447 2406/2406/1438 2462/2462/1493
f 2462/2462/1493 2406/2406/1438 2463/2463/1494
f 2408/2408/1439 2463/2463/1494 2406/2406/1438
f 2412/2412/1443 2464/2464/1495 2397/2397/1432
f 2464/2464/1495 2465/2465/1496 2397/2397/1432
f 2397/2397/1432 2465/2465/1496 2398/2398/1433
f 2412/2412/1443 2413/2413/1444 2464/2464/1495
f 2416/2416/1447 2461/2461/1492 2413/2413/1444
f 2461/2461/1492 2464/2464/1495 2413/2413/1444
f 2466/2466/1497 2467/2467/1498 2468/2468/1499
f 2466/2466/1497 2468/2468/1499 2469/2469/1500
f 2468/2468/1499 2470/2470/1501 2471/2471/1502
f 2468/2468/1499 2471/2471/1502 2469/2469/1500
f 2470/2470/1501 2472/2472/1503 2473/2473/1504
f 2470/2470/1501 2473/2473/1504 2471/2471/1502
f 2472/2472/1503 2474/2474/1505 2475/2475/1506
f 2472/2472/1503 2475/2475/1506 2473/2473/1504
f 2474/2474/1505 2476/2476/1507 2477/2477/1508
f 2474/2474/1505 2477/2477/1508 2475/2475/1506
f 2476/2476/1507 2478/2478/1509 2479/2479/1510
f 2476/2476/1507 2479/2479/1510 2477/2477/1508
f 2478/2478/1509 2480/2480/1511 2481/2481/1512
f 2478/2478/1509 2481/2481/1512 2479/2479/1510
f 2482/2482/1513 2483/2483/1514 2484/2484/1515
f 2482/2482/1513 2484/2484/1515 2485/2485/1516
f 2486/2486/1517 2487/2487/1518 2488/2488/1519
f 2486/2486/1517 2488/2488/1519 2489/2489/1520
f 2488/2488/1519 2490/2490/1521 2491/2491/1522
f 2488/2488/1519 2491/2491/1522 2489/2489/1520
f 2490/2490/1521 2492/2492/1523 2493/2493/1524
f 2490/2490/1521 2493/2493/1524 2491/2491/1522
f 2492/2492/1523 2494/2494/1525 2495/2495/1526
f 2492/2492/1523 2495/2495/1526 2493/2493/1524
f 2494/2494/1525 2496/2496/1527 2497/2497/1528
f 2494/2494/1525 2497/2497/1528 2495/2495/1526
f 2496/2496/1527 2498/2498/1529 2499/2499/1530
f 2496/2496/1527 2499/2499/1530 2497/2497/1528
f 2498/2498/1529 2500/2500/1531 2501/2501/1532
f 2498/2498/1529 2501/2501/1532 2499/2499/1530
f 2502/2502/1533 2503/2503/1534 2504/2504/1535
f 2502/2502/1533 2504/2504/1535 2505/2505/1536
f 2506/2506/1537 2507/2507/1517 2508/2508/1520
f 2506/2506/1537 2508/2508/1520 2509/2509/1538
f 2508/2508/1520 2510/2510/1522 2511/2511/1539
f 2508/2508/1520 2511/2511/1539 2509/2509/1538
f 2510/2510/1522 2512/2512/1524 2513/2513/1540
f 2510/2510/1522 2513/2513/1540 2511/2511/1539
f 2512/2512/1524 2514/2514/1526 2515/2515/1541
f 2512/2512/1524 2515/2515/1541 2513/2513/1540
f 2514/2514/1526 2516/2516/1528 2517/2517/1542
f 2514/2514/1526 2517/2517/1542 2515/2515/1541
f 2516/2516/1528 2518/2518/1530 2519/2519/1543
f 2516/2516/1528 2519/2519/1543 2517/2517/1542
f 2518/2518/1530 2520/2520/1532 2521/2521/1544
f 2518/2518/1530 2521/2521/1544 2519/2519/1543
f 2522/2522/1545 2523/2523/1533 2524/2524/1536
f 2522/2522/1545 2524/2524/1536 2525/2525/1546
f 2526/2526/1547 2506/2506/1537 2509/2509/1538
f 2526/2526/1547 2509/2509/1538 2527/2527/1548
f 2509/2509/1538 2511/2511/1539 2528/2528/1412
f 2509/2509/1538 2528/2528/1412 2527/2527/1548
f 2511/2511/1539 2513/2513/1540 2529/2529/1413
f 2511/2511/1539 2529/2529/1413 2528/2528/1412
f 2513/2513/1540 2515/2515/1541 2530/2530/1415
f 2513/2513/1540 2530/2530/1415 2529/2529/1413
f 2515/2515/1541 2517/2517/1542 2531/2531/1419
f 2515/2515/1541 2531/2531/1419 2530/2530/1415
f 2517/2517/1542 2519/2519/1543 2532/2532/1422
f 2517/2517/1542 2532/2532/1422 2531/2531/1419
f 2519/2519/1543 2521/2521/1544 2533/2533/1549
f 2519/2519/1543 2533/2533/1549 2532/2532/1422
f 2534/2534/1550 2522/2522/1545 2525/2525/1546
f 2534/2534/1550 2525/2525/1546 2535/2535/1551
f 2536/2536/1552 2526/2526/1547 2527/2527/1548
f 2536/2536/1552 2527/2527/1548 2537/2537/1553
f 2527/2527/1548 2528/2528/1412 2538/2538/1554
f 2527/2527/1548 2538/2538/1554 2537/2537/1553
f 2532/2532/1422 2533/2533/1549 2539/2539/1555
f 2532/2532/1422 2539/2539/1555 2540/2540/1556
f 2541/2541/1557 2534/2534/1550 2535/2535/1551
f 2541/2541/1557 2535/2535/1551 2542/2542/1558
f 2543/2543/1559 2536/2536/1552 2537/2537/1553
f 2543/2543/1559 2537/2537/1553 2544/2544/1560
f 2537/2537/1553 2538/2538/1554 2545/2545/1561
f 2537/2537/1553 2545/2545/1561 2544/2544/1560
f 2540/2540/1556 2539/2539/1555 2546/2546/1562
f 2540/2540/1556 2546/2546/1562 2547/2547/1563
f 2548/2548/1564 2549/2549/1565 2550/2550/1566
f 2548/2548/1564 2550/2550/1566 2551/2551/1567
f 2552/2552/1568 2543/2543/1559 2544/2544/1560
f 2552/2552/1568 2544/2544/1560 2553/2553/1569
f 2544/2544/1560 2545/2545/1561 2554/2554/1570
f 2544/2544/1560 2554/2554/1570 2553/2553/1569
f 2547/2547/1563 2546/2546/1562 2555/2555/1571
f 2547/2547/1563 2555/2555/1571 2556/2556/1572
f 2557/2557/1573 2548/2548/1564 2551/2551/1567
f 2557/2557/1573 2551/2551/1567 2558/2558/1574
f 2559/2559/1575 2552/2552/1568 2553/2553/1569
f 2559/2559/1575 2553/2553/1569 2560/2560/1576
f 2553/2553/1569 2554/2554/1570 2561/2561/1577
f 2553/2553/1569 2561/2561/1577 2560/2560/1576
f 2556/2556/1572 2555/2555/1571 2562/2562/1578
f 2556/2556/1572 2562/2562/1578 2563/2563/1579
f 2564/2564/1580 2565/2565/1581 2566/2566/1582
f 2564/2564/1580 2566/2566/1582 2567/2567/1583
f 2568/2568/1584 2559/2559/1575 2560/2560/1576
f 2568/2568/1584 2560/2560/1576 2569/2569/1585
f 2560/2560/1576 2561/2561/1577 2570/2570/1424
f 2560/2560/1576 2570/2570/1424 2569/2569/1585
f 2563/2563/1579 2562/2562/1578 2571/2571/1586
f 2563/2563/1579 2571/2571/1586 2572/2572/1431
f 2573/2573/1587 2564/2564/1580 2567/2567/1583
f 2573/2573/1587 2567/2567/1583 2574/2574/1588
f 2575/2575/1498 2568/2568/1584 2569/2569/1585
f 2575/2575/1498 2569/2569/1585 2576/2576/1499
f 2569/2569/1585 2570/2570/1424 2577/2577/1501
f 2569/2569/1585 2577/2577/1501 2576/2576/1499
f 2570/2570/1424 2578/2578/1423 2579/2579/1503
f 2570/2570/1424 2579/2579/1503 2577/2577/1501
f 2578/2578/1423 2580/2580/1426 2581/2581/1505
f 2578/2578/1423 2581/2581/1505 2579/2579/1503
f 2580/2580/1426 2582/2582/1429 2583/2583/1507
f 2580/2580/1426 2583/2583/1507 2581/2581/1505
f 2582/2582/1429 2572/2572/1431 2584/2584/1509
f 2582/2582/1429 2584/2584/1509 2583/2583/1507
f 2572/2572/1431 2571/2571/1586 2585/2585/1511
f 2572/2572/1431 2585/2585/1511 2584/2584/1509
f 2586/2586/1514 2573/2573/1587 2574/2574/1588
f 2586/2586/1514 2574/2574/1588 2587/2587/1515
f 2588/2588/1546 2589/2589/1536 2590/2590/1535
f 2588/2588/1546 2590/2590/1535 2591/2591/1589
f 2592/2592/1551 2588/2588/1546 2591/2591/1589
f 2592/2592/1551 2591/2591/1589 2593/2593/1590
f 2594/2594/1558 2592/2592/1551 2593/2593/1590
f 2594/2594/1558 2593/2593/1590 2595/2595/1591
f 2596/2596/1592 2594/2594/1558 2595/2595/1591
f 2596/2596/1592 2595/2595/1591 2597/2597/1593
f 2598/2598/1582 2596/2596/1592 2597/2597/1593
f 2598/2598/1582 2597/2597/1593 2599/2599/1594
f 2600/2600/1583 2598/2598/1582 2599/2599/1594
f 2600/2600/1583 2599/2599/1594 2601/2601/1595
f 2602/2602/1588 2600/2600/1583 2601/2601/1595
f 2602/2602/1588 2601/2601/1595 2603/2603/1596
f 2604/2604/1515 2602/2602/1588 2603/2603/1596
f 2604/2604/1515 2603/2603/1596 2605/2605/1516
f 2606/2606/1597 2607/2607/1598 2608/2608/1599
f 2606/2606/1597 2608/2608/1599 2609/2609/1600
f 2607/2607/1598 2610/2610/1601 2611/2611/1602
f 2607/2607/1598 2611/2611/1602 2608/2608/1599
f 2610/2610/1601 2612/2612/1603 2613/2613/1604
f 2610/2610/1601 2613/2613/1604 2611/2611/1602
f 2612/2612/1603 2614/2614/1605 2615/2615/1606
f 2612/2612/1603 2615/2615/1606 2613/2613/1604
f 2614/2614/1605 2616/2616/1607 2617/2617/1608
f 2614/2614/1605 2617/2617/1608 2615/2615/1606
f 2616/2616/1607 2618/2618/1609 2619/2619/1610
f 2616/2616/1607 2619/2619/1610 2617/2617/1608
f 2618/2618/1609 2620/2620/1611 2621/2621/1612
f 2618/2618/1609 2621/2621/1612 2619/2619/1610
f 2620/2620/1611 2622/2622/1613 2623/2623/1614
f 2620/2620/1611 2623/2623/1614 2621/2621/1612
f 2624/2624/1611 2568/2568/1584 2575/2575/1498
f 2624/2624/1611 2575/2575/1498 2625/2625/1613
f 2626/2626/1609 2559/2559/1575 2568/2568/1584
f 2626/2626/1609 2568/2568/1584 2624/2624/1611
f 2627/2627/1607 2552/2552/1568 2559/2559/1575
f 2627/2627/1607 2559/2559/1575 2626/2626/1609
f 2628/2628/1615 2629/2629/1616 2630/2630/1617
f 2628/2628/1615 2630/2630/1617 2631/2631/1618
f 2632/2632/1619 2633/2633/1620 2629/2629/1616
f 2632/2632/1619 2629/2629/1616 2628/2628/1615
f 2634/2634/1601 2526/2526/1547 2536/2536/1552
f 2634/2634/1601 2536/2536/1552 2635/2635/1603
f 2636/2636/1598 2506/2506/1537 2526/2526/1547
f 2636/2636/1598 2526/2526/1547 2634/2634/1601
f 2637/2637/1597 2507/2507/1517 2506/2506/1537
f 2637/2637/1597 2506/2506/1537 2636/2636/1598
f 2638/2638/1600 2487/2487/1518 2486/2486/1517
f 2638/2638/1600 2486/2486/1517 2639/2639/1597
f 2640/2640/1613 2467/2467/1498 2466/2466/1497
f 2640/2640/1613 2466/2466/1497 2641/2641/1614
f 2571/2571/1586 2573/2573/1587 2586/2586/1514
f 2571/2571/1586 2586/2586/1514 2585/2585/1511
f 2562/2562/1578 2564/2564/1580 2573/2573/1587
f 2562/2562/1578 2573/2573/1587 2571/2571/1586
f 2555/2555/1571 2565/2565/1581 2564/2564/1580
f 2555/2555/1571 2564/2564/1580 2562/2562/1578
f 2546/2546/1562 2642/2642/1621 2565/2565/1581
f 2546/2546/1562 2565/2565/1581 2555/2555/1571
f 2539/2539/1555 2541/2541/1557 2642/2642/1621
f 2539/2539/1555 2642/2642/1621 2546/2546/1562
f 2533/2533/1549 2534/2534/1550 2541/2541/1557
f 2533/2533/1549 2541/2541/1557 2539/2539/1555
f 2521/2521/1544 2522/2522/1545 2534/2534/1550
f 2521/2521/1544 2534/2534/1550 2533/2533/1549
f 2520/2520/1532 2523/2523/1533 2522/2522/1545
f 2520/2520/1532 2522/2522/1545 2521/2521/1544
f 2500/2500/1531 2503/2503/1534 2502/2502/1533
f 2500/2500/1531 2502/2502/1533 2501/2501/1532
f 2480/2480/1511 2483/2483/1514 2482/2482/1513
f 2480/2480/1511 2482/2482/1513 2481/2481/1512
f 2643/2643/1621 2644/2644/1557 2645/2645/1622
f 2643/2643/1621 2645/2645/1622 2646/2646/1623
f 2647/2647/1557 2648/2648/1558 2649/2649/1624
f 2647/2647/1557 2649/2649/1624 2650/2650/1622
f 2594/2594/1558 2596/2596/1592 2651/2651/1625
f 2594/2594/1558 2651/2651/1625 2652/2652/1624
f 2653/2653/1581 2643/2643/1621 2646/2646/1623
f 2653/2653/1581 2646/2646/1623 2654/2654/1626
f 2596/2596/1592 2598/2598/1582 2655/2655/1627
f 2596/2596/1592 2655/2655/1627 2651/2651/1625
f 2656/2656/1582 2657/2657/1581 2658/2658/1626
f 2656/2656/1582 2658/2658/1626 2659/2659/1627
f 2660/2660/1559 2661/2661/1568 2662/2662/1628
f 2660/2660/1559 2662/2662/1628 2663/2663/1629
f 2664/2664/1568 2665/2665/1607 2666/2666/1630
f 2664/2664/1568 2666/2666/1630 2667/2667/1628
f 2616/2616/1607 2614/2614/1605 2668/2668/1631
f 2616/2616/1607 2668/2668/1631 2669/2669/1630
f 2670/2670/1603 2671/2671/1552 2672/2672/1632
f 2670/2670/1603 2672/2672/1632 2673/2673/1633
f 2674/2674/1552 2660/2660/1559 2663/2663/1629
f 2674/2674/1552 2663/2663/1629 2675/2675/1632
f 2614/2614/1605 2612/2612/1603 2676/2676/1633
f 2614/2614/1605 2676/2676/1633 2668/2668/1631
f 2646/2646/1623 2645/2645/1622 2677/2677/1565
f 2646/2646/1623 2677/2677/1565 2678/2678/1564
f 2650/2650/1622 2649/2649/1624 2550/2550/1566
f 2650/2650/1622 2550/2550/1566 2549/2549/1565
f 2652/2652/1624 2651/2651/1625 2679/2679/1567
f 2652/2652/1624 2679/2679/1567 2680/2680/1566
f 2654/2654/1626 2646/2646/1623 2678/2678/1564
f 2654/2654/1626 2678/2678/1564 2681/2681/1573
f 2651/2651/1625 2655/2655/1627 2682/2682/1574
f 2651/2651/1625 2682/2682/1574 2679/2679/1567
f 2659/2659/1627 2658/2658/1626 2557/2557/1573
f 2659/2659/1627 2557/2557/1573 2558/2558/1574
f 2663/2663/1629 2662/2662/1628 2683/2683/1617
f 2663/2663/1629 2683/2683/1617 2684/2684/1616
f 2667/2667/1628 2666/2666/1630 2631/2631/1618
f 2667/2667/1628 2631/2631/1618 2630/2630/1617
f 2669/2669/1630 2668/2668/1631 2685/2685/1615
f 2669/2669/1630 2685/2685/1615 2686/2686/1618
f 2673/2673/1633 2672/2672/1632 2633/2633/1620
f 2673/2673/1633 2633/2633/1620 2632/2632/1619
f 2675/2675/1632 2663/2663/1629 2684/2684/1616
f 2675/2675/1632 2684/2684/1616 2687/2687/1620
f 2668/2668/1631 2676/2676/1633 2688/2688/1619
f 2668/2668/1631 2688/2688/1619 2685/2685/1615
f 2689/2689/1554 2690/2690/1412 2691/2691/1414
f 2689/2689/1554 2691/2691/1414 2692/2692/1634
f 2693/2693/1422 2694/2694/1556 2695/2695/1635
f 2693/2693/1422 2695/2695/1635 2696/2696/1420
f 2697/2697/1561 2689/2689/1554 2692/2692/1634
f 2697/2697/1561 2692/2692/1634 2698/2698/1441
f 2694/2694/1556 2699/2699/1563 2700/2700/1450
f 2694/2694/1556 2700/2700/1450 2695/2695/1635
f 2701/2701/1570 2697/2697/1561 2698/2698/1441
f 2701/2701/1570 2698/2698/1441 2702/2702/1443
f 2699/2699/1563 2703/2703/1572 2704/2704/1448
f 2699/2699/1563 2704/2704/1448 2700/2700/1450
f 2705/2705/1577 2701/2701/1570 2702/2702/1443
f 2705/2705/1577 2702/2702/1443 2706/2706/1432
f 2703/2703/1572 2707/2707/1579 2708/2708/1438
f 2703/2703/1572 2708/2708/1438 2704/2704/1448
f 2709/2709/1424 2705/2705/1577 2706/2706/1432
f 2709/2709/1424 2706/2706/1432 2710/2710/1425
f 2707/2707/1579 2711/2711/1431 2712/2712/1428
f 2707/2707/1579 2712/2712/1428 2708/2708/1438
f 2418/2418/1449 2713/2713/1636 2714/2714/1635
f 2418/2418/1449 2714/2714/1635 2419/2419/1450
f 2715/2715/1634 2716/2716/1414 2717/2717/1416
f 2715/2715/1634 2717/2717/1416 2718/2718/1637
f 2713/2713/1636 2719/2719/1421 2720/2720/1420
f 2713/2713/1636 2720/2720/1420 2714/2714/1635
f 2421/2421/1452 2721/2721/1638 2722/2722/1639
f 2421/2421/1452 2722/2722/1639 2424/2424/1455
f 2410/2410/1441 2715/2715/1634 2718/2718/1637
f 2410/2410/1441 2718/2718/1637 2411/2411/1442
f 2723/2723/1637 2724/2724/1416 2725/2725/1638
f 2723/2723/1637 2725/2725/1638 2726/2726/1452
f 2727/2727/1640 2728/2728/1641 2729/2729/1642
f 2727/2727/1640 2729/2729/1642 2730/2730/1643
f 2731/2731/1421 2732/2732/1636 2733/2733/1644
f 2731/2731/1421 2733/2733/1644 2734/2734/1645
f 2735/2735/1442 2723/2723/1637 2726/2726/1452
f 2735/2735/1442 2726/2726/1452 2736/2736/1451
f 2732/2732/1636 2737/2737/1449 2738/2738/1646
f 2732/2732/1636 2738/2738/1646 2733/2733/1644
f 2739/2739/1453 2740/2740/1445 2741/2741/1442
f 2739/2739/1453 2741/2741/1442 2742/2742/1451
f 2743/2743/1487 2744/2744/1647 2745/2745/1641
f 2743/2743/1487 2745/2745/1641 2746/2746/1640
f 2747/2747/1648 2748/2748/1649 2749/2749/1650
f 2747/2747/1648 2749/2749/1650 2750/2750/1651
f 2751/2751/1642 2752/2752/1652 2753/2753/1488
f 2751/2751/1642 2753/2753/1488 2754/2754/1643
f 2457/2457/1488 2456/2456/1487 2755/2755/1640
f 2457/2457/1488 2755/2755/1640 2756/2756/1643
f 2745/2745/1641 2744/2744/1647 2757/2757/1647
f 2745/2745/1641 2757/2757/1647 2758/2758/1653
f 2729/2729/1642 2728/2728/1641 2759/2759/1653
f 2729/2729/1642 2759/2759/1653 2760/2760/1642
f 2761/2761/1642 2762/2762/1654 2752/2752/1652
f 2761/2761/1642 2752/2752/1652 2751/2751/1642
f 2424/2424/1455 2722/2722/1639 2763/2763/1655
f 2424/2424/1455 2763/2763/1655 2430/2430/1461
f 2764/2764/1457 2765/2765/1446 2740/2740/1445
f 2764/2764/1457 2740/2740/1445 2739/2739/1453
f 2758/2758/1653 2757/2757/1647 2766/2766/1648
f 2758/2758/1653 2766/2766/1648 2767/2767/1651
f 2760/2760/1642 2759/2759/1653 2768/2768/1651
f 2760/2760/1642 2768/2768/1651 2769/2769/1650
f 2770/2770/1649 2762/2762/1654 2761/2761/1642
f 2770/2770/1649 2761/2761/1642 2771/2771/1650
f 2430/2430/1461 2763/2763/1655 2772/2772/1645
f 2430/2430/1461 2772/2772/1645 2773/2773/1644
f 2426/2426/1457 2430/2430/1461 2773/2773/1644
f 2426/2426/1457 2773/2773/1644 2774/2774/1646
f 2775/2775/1449 2765/2765/1446 2764/2764/1457
f 2775/2775/1449 2764/2764/1457 2776/2776/1646
f 2777/2777/1416 2778/2778/1417 2744/2744/1647
f 2777/2777/1416 2744/2744/1647 2743/2743/1487
f 2757/2757/1647 2744/2744/1647 2778/2778/1417
f 2757/2757/1647 2778/2778/1417 2779/2779/1418
f 2766/2766/1648 2757/2757/1647 2779/2779/1418
f 2766/2766/1648 2779/2779/1418 2780/2780/1421
f 2731/2731/1421 2734/2734/1645 2748/2748/1649
f 2731/2731/1421 2748/2748/1649 2747/2747/1648
f 2781/2781/1656 2782/2782/1466 2783/2783/1469
f 2781/2781/1656 2783/2783/1469 2784/2784/1657
f 2752/2752/1652 2762/2762/1654 2785/2785/1658
f 2752/2752/1652 2785/2785/1658 2786/2786/1659
f 2787/2787/1484 2788/2788/1475 2789/2789/1472
f 2787/2787/1484 2789/2789/1472 2790/2790/1485
f 2725/2725/1638 2724/2724/1416 2791/2791/1660
f 2725/2725/1638 2791/2791/1660 2792/2792/1661
f 2793/2793/1645 2794/2794/1655 2795/2795/1662
f 2793/2793/1645 2795/2795/1662 2796/2796/1663
f 2797/2797/1654 2798/2798/1649 2799/2799/1664
f 2797/2797/1654 2799/2799/1664 2800/2800/1665
f 2801/2801/1488 2802/2802/1652 2803/2803/1666
f 2801/2801/1488 2803/2803/1666 2804/2804/1490
f 2805/2805/1639 2806/2806/1638 2807/2807/1481
f 2805/2805/1639 2807/2807/1481 2808/2808/1667
f 2796/2796/1663 2795/2795/1662 2809/2809/1467
f 2796/2796/1663 2809/2809/1467 2810/2810/1668
f 2800/2800/1665 2799/2799/1664 2811/2811/1669
f 2800/2800/1665 2811/2811/1669 2812/2812/1471
f 2804/2804/1490 2803/2803/1666 2813/2813/1476
f 2804/2804/1490 2813/2813/1476 2814/2814/1483
f 2808/2808/1667 2807/2807/1481 2815/2815/1479
f 2808/2808/1667 2815/2815/1479 2816/2816/1474
f 2817/2817/1668 2818/2818/1467 2782/2782/1466
f 2817/2817/1668 2782/2782/1466 2781/2781/1656
f 2819/2819/1471 2820/2820/1669 2784/2784/1657
f 2819/2819/1471 2784/2784/1657 2783/2783/1469
f 2821/2821/1483 2822/2822/1476 2788/2788/1475
f 2821/2821/1483 2788/2788/1475 2787/2787/1484
f 2823/2823/1474 2824/2824/1479 2790/2790/1485
f 2823/2823/1474 2790/2790/1485 2789/2789/1472
f 2825/2825/1670 2826/2826/1671 2763/2763/1655
f 2825/2825/1670 2763/2763/1655 2722/2722/1639
f 2827/2827/1477 2828/2828/1470 2829/2829/1468
f 2827/2827/1477 2829/2829/1468 2830/2830/1473
f 2831/2831/1671 2832/2832/1670 2833/2833/1672
f 2831/2831/1671 2833/2833/1672 2834/2834/1673
f 2835/2835/1659 2836/2836/1658 2837/2837/1674
f 2835/2835/1659 2837/2837/1674 2838/2838/1675
f 2829/2829/1468 2839/2839/1673 2840/2840/1672
f 2829/2829/1468 2840/2840/1672 2830/2830/1473
f 2841/2841/1674 2828/2828/1470 2827/2827/1477
f 2841/2841/1674 2827/2827/1477 2842/2842/1675
f 2843/2843/1654 2844/2844/1665 2845/2845/1674
f 2843/2843/1654 2845/2845/1674 2846/2846/1658
f 2844/2844/1665 2440/2440/1471 2439/2439/1470
f 2844/2844/1665 2439/2439/1470 2845/2845/1674
f 2438/2438/1469 2435/2435/1466 2437/2437/1468
f 2438/2438/1469 2437/2437/1468 2439/2439/1470
f 2436/2436/1467 2847/2847/1662 2848/2848/1673
f 2436/2436/1467 2848/2848/1673 2437/2437/1468
f 2847/2847/1662 2849/2849/1655 2850/2850/1671
f 2847/2847/1662 2850/2850/1671 2848/2848/1673
f 2734/2734/1645 2851/2851/1663 2852/2852/1664
f 2734/2734/1645 2852/2852/1664 2748/2748/1649
f 2851/2851/1663 2853/2853/1668 2854/2854/1669
f 2851/2851/1663 2854/2854/1669 2852/2852/1664
f 2853/2853/1668 2855/2855/1656 2856/2856/1657
f 2853/2853/1668 2856/2856/1657 2854/2854/1669
f 2857/2857/1666 2858/2858/1652 2859/2859/1659
f 2857/2857/1666 2859/2859/1659 2860/2860/1675
f 2861/2861/1639 2862/2862/1667 2863/2863/1672
f 2861/2861/1639 2863/2863/1672 2864/2864/1670
f 2441/2441/1472 2444/2444/1475 2446/2446/1477
f 2441/2441/1472 2446/2446/1477 2442/2442/1473
f 2445/2445/1476 2857/2857/1666 2860/2860/1675
f 2445/2445/1476 2860/2860/1675 2446/2446/1477
f 2862/2862/1667 2443/2443/1474 2442/2442/1473
f 2862/2862/1667 2442/2442/1473 2863/2863/1672
f 2792/2792/1661 2451/2451/1482 2450/2450/1481
f 2792/2792/1661 2450/2450/1481 2725/2725/1638
f 2457/2457/1488 2459/2459/1490 2460/2460/1491
f 2457/2457/1488 2460/2460/1491 2455/2455/1486
f 2455/2455/1486 2791/2791/1660 2724/2724/1416
f 2455/2455/1486 2724/2724/1416 2456/2456/1487
f 2865/2865/1661 2866/2866/1660 2867/2867/1676
f 2865/2865/1661 2867/2867/1676 2868/2868/1677
f 2869/2869/1482 2870/2870/1661 2871/2871/1677
f 2869/2869/1482 2871/2871/1677 2872/2872/1678
f 2873/2873/1480 2869/2869/1482 2872/2872/1678
f 2873/2873/1480 2872/2872/1678 2874/2874/1679
f 2875/2875/1478 2876/2876/1480 2877/2877/1679
f 2875/2875/1478 2877/2877/1679 2878/2878/1680
f 2879/2879/1489 2875/2875/1478 2878/2878/1680
f 2879/2879/1489 2878/2878/1680 2880/2880/1681
f 2881/2881/1491 2882/2882/1489 2883/2883/1681
f 2881/2881/1491 2883/2883/1681 2884/2884/1682
f 2885/2885/1486 2881/2881/1491 2884/2884/1682
f 2885/2885/1486 2884/2884/1682 2886/2886/1683
f 2866/2866/1660 2887/2887/1486 2888/2888/1683
f 2866/2866/1660 2888/2888/1683 2867/2867/1676
f 2868/2868/1677 2867/2867/1676 2889/2889/1684
f 2868/2868/1677 2889/2889/1684 2890/2890/1685
f 2872/2872/1678 2871/2871/1677 2891/2891/1685
f 2872/2872/1678 2891/2891/1685 2892/2892/1686
f 2874/2874/1679 2872/2872/1678 2892/2892/1686
f 2874/2874/1679 2892/2892/1686 2893/2893/1687
f 2878/2878/1680 2877/2877/1679 2894/2894/1687
f 2878/2878/1680 2894/2894/1687 2895/2895/1688
f 2880/2880/1681 2878/2878/1680 2895/2895/1688
f 2880/2880/1681 2895/2895/1688 2896/2896/1689
f 2884/2884/1682 2883/2883/1681 2897/2897/1689
f 2884/2884/1682 2897/2897/1689 2898/2898/1690
f 2886/2886/1683 2884/2884/1682 2898/2898/1690
f 2886/2886/1683 2898/2898/1690 2899/2899/1691
f 2867/2867/1676 2888/2888/1683 2900/2900/1691
f 2867/2867/1676 2900/2900/1691 2889/2889/1684
f 2901/2901/1692 2902/2902/1693 2903/2903/1694
f 2901/2901/1692 2903/2903/1694 2904/2904/1695
f 2902/2902/1693 2905/2905/1696 2906/2906/1697
f 2902/2902/1693 2906/2906/1697 2903/2903/1694
f 2907/2907/1685 2908/2908/1684 2902/2902/1693
f 2907/2907/1685 2902/2902/1693 2901/2901/1692
f 2909/2909/1698 2910/2910/1699 2911/2911/1695
f 2909/2909/1698 2911/2911/1695 2912/2912/1694
f 2913/2913/1699 2914/2914/1685 2915/2915/1692
f 2913/2913/1699 2915/2915/1692 2916/2916/1695
f 2908/2908/1684 2917/2917/1691 2905/2905/1696
f 2908/2908/1684 2905/2905/1696 2902/2902/1693
f 2918/2918/1691 2919/2919/1700 2920/2920/1697
f 2918/2918/1691 2920/2920/1697 2921/2921/1696
f 2922/2922/1700 2909/2909/1698 2912/2912/1694
f 2922/2922/1700 2912/2912/1694 2923/2923/1697
f 2924/2924/1689 2925/2925/1688 2926/2926/1698
f 2924/2924/1689 2926/2926/1698 2927/2927/1700
f 2925/2925/1688 2928/2928/1687 2929/2929/1699
f 2925/2925/1688 2929/2929/1699 2926/2926/1698
f 2930/2930/1690 2924/2924/1689 2927/2927/1700
f 2930/2930/1690 2927/2927/1700 2931/2931/1691
f 2932/2932/1686 2933/2933/1685 2929/2929/1699
f 2932/2932/1686 2929/2929/1699 2928/2928/1687
f 2934/2934/1492 2935/2935/1493 2936/2936/1701
f 2934/2934/1492 2936/2936/1701 2937/2937/1702
f 2938/2938/1493 2939/2939/1494 2940/2940/1703
f 2938/2938/1493 2940/2940/1703 2941/2941/1701
f 2939/2939/1494 2942/2942/1439 2943/2943/1704
f 2939/2939/1494 2943/2943/1704 2940/2940/1703
f 2944/2944/1434 2945/2945/1433 2946/2946/1705
f 2944/2944/1434 2946/2946/1705 2947/2947/1706
f 2948/2948/1435 2944/2944/1434 2947/2947/1706
f 2948/2948/1435 2947/2947/1706 2949/2949/1707
f 2950/2950/1436 2951/2951/1435 2952/2952/1707
f 2950/2950/1436 2952/2952/1707 2953/2953/1708
f 2954/2954/1437 2950/2950/1436 2953/2953/1708
f 2954/2954/1437 2953/2953/1708 2955/2955/1709
f 2956/2956/1440 2957/2957/1437 2958/2958/1709
f 2956/2956/1440 2958/2958/1709 2959/2959/1710
f 2942/2942/1439 2956/2956/1440 2959/2959/1710
f 2942/2942/1439 2959/2959/1710 2943/2943/1704
f 2945/2945/1433 2960/2960/1496 2961/2961/1711
f 2945/2945/1433 2961/2961/1711 2946/2946/1705
f 2960/2960/1496 2962/2962/1495 2963/2963/1712
f 2960/2960/1496 2963/2963/1712 2961/2961/1711
f 2964/2964/1495 2934/2934/1492 2937/2937/1702
f 2964/2964/1495 2937/2937/1702 2965/2965/1712
f 2966/2966/1713 2967/2967/1714 2968/2968/1715
f 2966/2966/1713 2968/2968/1715 2969/2969/1716
f 2970/2970/1717 2971/2971/1718 2972/2972/1714
f 2970/2970/1717 2972/2972/1714 2973/2973/1713
f 2974/2974/1719 2975/2975/1720 2971/2971/1718
f 2974/2974/1719 2971/2971/1718 2970/2970/1717
f 2976/2976/1721 2977/2977/1722 2978/2978/1723
f 2976/2976/1721 2978/2978/1723 2979/2979/1724
f 2979/2979/1724 2978/2978/1723 2980/2980/1725
f 2979/2979/1724 2980/2980/1725 2981/2981/1726
f 2982/2982/1726 2983/2983/1725 2984/2984/1727
f 2982/2982/1726 2984/2984/1727 2985/2985/1728
f 2985/2985/1728 2984/2984/1727 2986/2986/1729
f 2985/2985/1728 2986/2986/1729 2987/2987/1730
f 2988/2988/1730 2989/2989/1729 2990/2990/1731
f 2988/2988/1730 2990/2990/1731 2991/2991/1732
f 2991/2991/1732 2990/2990/1731 2975/2975/1720
f 2991/2991/1732 2975/2975/1720 2974/2974/1719
f 2992/2992/1733 2993/2993/1734 2977/2977/1722
f 2992/2992/1733 2977/2977/1722 2976/2976/1721
f 2994/2994/1735 2995/2995/1736 2993/2993/1734
f 2994/2994/1735 2993/2993/1734 2992/2992/1733
f 2969/2969/1716 2968/2968/1715 2996/2996/1736
f 2969/2969/1716 2996/2996/1736 2997/2997/1735
f 2998/2998/1702 2999/2999/1701 3000/3000/1713
f 2998/2998/1702 3000/3000/1713 3001/3001/1716
f 2999/2999/1701 3002/3002/1703 3003/3003/1717
f 2999/2999/1701 3003/3003/1717 3000/3000/1713
f 3002/3002/1703 3004/3004/1704 3005/3005/1719
f 3002/3002/1703 3005/3005/1719 3003/3003/1717
f 3006/3006/1706 3007/3007/1705 3008/3008/1721
f 3006/3006/1706 3008/3008/1721 3009/3009/1724
f 3010/3010/1707 3006/3006/1706 3009/3009/1724
f 3010/3010/1707 3009/3009/1724 3011/3011/1726
f 3012/3012/1708 3010/3010/1707 3011/3011/1726
f 3012/3012/1708 3011/3011/1726 3013/3013/1728
f 3014/3014/1709 3012/3012/1708 3013/3013/1728
f 3014/3014/1709 3013/3013/1728 3015/3015/1730
f 3016/3016/1710 3014/3014/1709 3015/3015/1730
f 3016/3016/1710 3015/3015/1730 3017/3017/1732
f 3004/3004/1704 3016/3016/1710 3017/3017/1732
f 3004/3004/1704 3017/3017/1732 3005/3005/1719
f 3007/3007/1705 3018/3018/1711 3019/3019/1733
f 3007/3007/1705 3019/3019/1733 3008/3008/1721
f 3018/3018/1711 3020/3020/1712 3021/3021/1735
f 3018/3018/1711 3021/3021/1735 3019/3019/1733
f 3020/3020/1712 2998/2998/1702 3001/3001/1716
f 3020/3020/1712 3001/3001/1716 3021/3021/1735
f 3022/3022/1727 3023/3023/1725 3024/3024/1723
f 3022/3022/1727 3024/3024/1723 3025/3025/1729
f 3025/3025/1729 3024/3024/1723 3026/3026/1722
f 3025/3025/1729 3026/3026/1722 3027/3027/1731
f 3027/3027/1731 3026/3026/1722 3028/3028/1734
f 3027/3027/1731 3028/3028/1734 3029/3029/1720
f 3029/3029/1720 3028/3028/1734 3030/3030/1736
f 3029/3029/1720 3030/3030/1736 3031/3031/1718
f 3031/3031/1718 3030/3030/1736 3032/3032/1715
f 3031/3031/1718 3032/3032/1715 3033/3033/1714
f 2425/2425/1456 2422/2422/1453 2423/2423/1454
f 2425/2425/1456 2423/2423/1454 2427/2427/1458
f 3034/3034/1460 3035/3035/1456 3036/3036/1737
f 3034/3034/1460 3036/3036/1737 3037/3037/1738
f 3038/3038/1462 3039/3039/1460 3040/3040/1738
f 3038/3038/1462 3040/3040/1738 3041/3041/1739
f 3042/3042/1464 3038/3038/1462 3041/3041/1739
f 3042/3042/1464 3041/3041/1739 3043/3043/1740
f 3044/3044/1465 3045/3045/1464 3046/3046/1740
f 3044/3044/1465 3046/3046/1740 3047/3047/1741
f 3048/3048/1463 3044/3044/1465 3047/3047/1741
f 3048/3048/1463 3047/3047/1741 3049/3049/1742
f 3050/3050/1459 3051/3051/1463 3052/3052/1742
f 3050/3050/1459 3052/3052/1742 3053/3053/1743
f 3054/3054/1458 3050/3050/1459 3053/3053/1743
f 3054/3054/1458 3053/3053/1743 3055/3055/1744
f 3035/3035/1456 3056/3056/1458 3057/3057/1744
f 3035/3035/1456 3057/3057/1744 3036/3036/1737
f 3058/3058/1738 3059/3059/1737 3060/3060/1745
f 3058/3058/1738 3060/3060/1745 3061/3061/1746
f 3062/3062/1739 3058/3058/1738 3061/3061/1746
f 3062/3062/1739 3061/3061/1746 3063/3063/1747
f 3064/3064/1740 3062/3062/1739 3063/3063/1747
f 3064/3064/1740 3063/3063/1747 3065/3065/1748
f 3066/3066/1741 3064/3064/1740 3065/3065/1748
f 3066/3066/1741 3065/3065/1748 3067/3067/1749
f 3068/3068/1742 3066/3066/1741 3067/3067/1749
f 3068/3068/1742 3067/3067/1749 3069/3069/1750
f 3070/3070/1743 3068/3068/1742 3069/3069/1750
f 3070/3070/1743 3069/3069/1750 3071/3071/1751
f 3072/3072/1744 3070/3070/1743 3071/3071/1751
f 3072/3072/1744 3071/3071/1751 3073/3073/1752
f 3059/3059/1737 3072/3072/1744 3073/3073/1752
f 3059/3059/1737 3073/3073/1752 3060/3060/1745
f 3074/3074/1746 3075/3075/1745 3076/3076/1753
f 3074/3074/1746 3076/3076/1753 3077/3077/1754
f 3078/3078/1747 3079/3079/1746 3080/3080/1754
f 3078/3078/1747 3080/3080/1754 3081/3081/1755
f 3082/3082/1748 3078/3078/1747 3081/3081/1755
f 3082/3082/1748 3081/3081/1755 3083/3083/1756
f 3084/3084/1749 3085/3085/1748 3086/3086/1756
f 3084/3084/1749 3086/3086/1756 3087/3087/1757
f 3088/3088/1750 3084/3084/1749 3087/3087/1757
f 3088/3088/1750 3087/3087/1757 3089/3089/1758
f 3090/3090/1751 3091/3091/1750 3092/3092/1758
f 3090/3090/1751 3092/3092/1758 3093/3093/1759
f 3094/3094/1752 3090/3090/1751 3093/3093/1759
f 3094/3094/1752 3093/3093/1759 3095/3095/1760
f 3075/3075/1745 3096/3096/1752 3097/3097/1760
f 3075/3075/1745 3097/3097/1760 3076/3076/1753
f 3098/3098/1754 3099/3099/1753 3100/3100/1761
f 3098/3098/1754 3100/3100/1761 3101/3101/1762
f 3102/3102/1755 3098/3098/1754 3101/3101/1762
f 3102/3102/1755 3101/3101/1762 3103/3103/1763
f 3104/3104/1756 3102/3102/1755 3103/3103/1763
f 3104/3104/1756 3103/3103/1763 3105/3105/1764
f 3106/3106/1757 3104/3104/1756 3105/3105/1764
f 3106/3106/1757 3105/3105/1764 3107/3107/1765
f 3108/3108/1758 3106/3106/1757 3107/3107/1765
f 3108/3108/1758 3107/3107/1765 3109/3109/1766
f 3110/3110/1759 3108/3108/1758 3109/3109/1766
f 3110/3110/1759 3109/3109/1766 3111/3111/1767
f 3112/3112/1760 3110/3110/1759 3111/3111/1767
f 3112/3112/1760 3111/3111/1767 3113/3113/1768
f 3099/3099/1753 3112/3112/1760 3113/3113/1768
f 3099/3099/1753 3113/3113/1768 3100/3100/1761
f 3114/3114/1762 3115/3115/1761 3116/3116/1769
f 3114/3114/1762 3116/3116/1769 3117/3117/1770
f 3118/3118/1763 3119/3119/1762 3120/3120/1770
f 3118/3118/1763 3120/3120/1770 3121/3121/1771
f 3122/3122/1764 3118/3118/1763 3121/3121/1771
f 3122/3122/1764 3121/3121/1771 3123/3123/1772
f 3124/3124/1765 3125/3125/1764 3126/3126/1772
f 3124/3124/1765 3126/3126/1772 3127/3127/1773
f 3128/3128/1766 3124/3124/1765 3127/3127/1773
f 3128/3128/1766 3127/3127/1773 3129/3129/1774
f 3130/3130/1767 3131/3131/1766 3132/3132/1774
f 3130/3130/1767 3132/3132/1774 3133/3133/1775
f 3134/3134/1768 3130/3130/1767 3133/3133/1775
f 3134/3134/1768 3133/3133/1775 3135/3135/1776
f 3115/3115/1761 3136/3136/1768 3137/3137/1776
f 3115/3115/1761 3137/3137/1776 3116/3116/1769
f 3138/3138/1770 3139/3139/1769 3140/3140/1777
f 3138/3138/1770 3140/3140/1777 3141/3141/1778
f 3142/3142/1771 3138/3138/1770 3141/3141/1778
f 3142/3142/1771 3141/3141/1778 3143/3143/1779
f 3144/3144/1772 3142/3142/1771 3143/3143/1779
f 3144/3144/1772 3143/3143/1779 3145/3145/1780
f 3146/3146/1773 3144/3144/1772 3145/3145/1780
f 3146/3146/1773 3145/3145/1780 3147/3147/1781
f 3148/3148/1774 3146/3146/1773 3147/3147/1781
f 3148/3148/1774 3147/3147/1781 3149/3149/1782
f 3150/3150/1775 3148/3148/1774 3149/3149/1782
f 3150/3150/1775 3149/3149/1782 3151/3151/1783
f 3152/3152/1776 3150/3150/1775 3151/3151/1783
f 3152/3152/1776 3151/3151/1783 3153/3153/1784
f 3139/3139/1769 3152/3152/1776 3153/3153/1784
f 3139/3139/1769 3153/3153/1784 3140/3140/1777
f 3154/3154/1778 3155/3155/1777 3156/3156/1785
f 3154/3154/1778 3156/3156/1785 3157/3157/1786
f 3158/3158/1779 3159/3159/1778 3160/3160/1786
f 3158/3158/1779 3160/3160/1786 3161/3161/1787
f 3162/3162/1780 3158/3158/1779 3161/3161/1787
f 3162/3162/1780 3161/3161/1787 3163/3163/1788
f 3164/3164/1781 3165/3165/1780 3166/3166/1788
f 3164/3164/1781 3166/3166/1788 3167/3167/1789
f 3168/3168/1782 3164/3164/1781 3167/3167/1789
f 3168/3168/1782 3167/3167/1789 3169/3169/1790
f 3170/3170/1783 3171/3171/1782 3172/3172/1790
f 3170/3170/1783 3172/3172/1790 3173/3173/1791
f 3174/3174/1784 3170/3170/1783 3173/3173/1791
f 3174/3174/1784 3173/3173/1791 3175/3175/1792
f 3155/3155/1777 3176/3176/1784 3177/3177/1792
f 3155/3155/1777 3177/3177/1792 3156/3156/1785
f 3178/3178/1786 3179/3179/1785 3180/3180/1793
f 3178/3178/1786 3180/3180/1793 3181/3181/1794
f 3182/3182/1787 3178/3178/1786 3181/3181/1794
f 3182/3182/1787 3181/3181/1794 3183/3183/1795
f 3184/3184/1788 3182/3182/1787 3183/3183/1795
f 3184/3184/1788 3183/3183/1795 3185/3185/1796
f 3186/3186/1789 3184/3184/1788 3185/3185/1796
f 3186/3186/1789 3185/3185/1796 3187/3187/1797
f 3188/3188/1790 3186/3186/1789 3187/3187/1797
f 3188/3188/1790 3187/3187/1797 3189/3189/1798
f 3190/3190/1791 3188/3188/1790 3189/3189/1798
f 3190/3190/1791 3189/3189/1798 3191/3191/1799
f 3192/3192/1792 3190/3190/1791 3191/3191/1799
f 3192/3192/1792 3191/3191/1799 3193/3193/1800
f 3179/3179/1785 3192/3192/1792 3193/3193/1800
f 3179/3179/1785 3193/3193/1800 3180/3180/1793
f 3181/3181/1794 3180/3180/1793 3194/3194/1801
f 3181/3181/1794 3194/3194/1801 3195/3195/1802
f 3196/3196/1795 3197/3197/1794 3198/3198/1802
f 3196/3196/1795 3198/3198/1802 3199/3199/1803
f 3200/3200/1796 3196/3196/1795 3199/3199/1803
f 3200/3200/1796 3199/3199/1803 3201/3201/1804
f 3187/3187/1797 3185/3185/1796 3202/3202/1804
f 3187/3187/1797 3202/3202/1804 3203/3203/1805
f 3189/3189/1798 3187/3187/1797 3203/3203/1805
f 3189/3189/1798 3203/3203/1805 3204/3204/1806
f 3205/3205/1799 3206/3206/1798 3207/3207/1806
f 3205/3205/1799 3207/3207/1806 3208/3208/1807
f 3209/3209/1800 3205/3205/1799 3208/3208/1807
f 3209/3209/1800 3208/3208/1807 3210/3210/1808
f 3180/3180/1793 3193/3193/1800 3211/3211/1808
f 3180/3180/1793 3211/3211/1808 3194/3194/1801
f 3212/3212/1802 3213/3213/1801 3214/3214/1809
f 3212/3212/1802 3214/3214/1809 3215/3215/1810
f 3199/3199/1803 3198/3198/1802 3216/3216/1810
f 3199/3199/1803 3216/3216/1810 3217/3217/1811
f 3201/3201/1804 3199/3199/1803 3217/3217/1811
f 3201/3201/1804 3217/3217/1811 3218/3218/1812
f 3219/3219/1805 3220/3220/1804 3221/3221/1812
f 3219/3219/1805 3221/3221/1812 3222/3222/1813
f 3223/3223/1806 3219/3219/1805 3222/3222/1813
f 3223/3223/1806 3222/3222/1813 3224/3224/1814
f 3208/3208/1807 3207/3207/1806 3225/3225/1814
f 3208/3208/1807 3225/3225/1814 3226/3226/1815
f 3210/3210/1808 3208/3208/1807 3226/3226/1815
f 3210/3210/1808 3226/3226/1815 3227/3227/1816
f 3213/3213/1801 3228/3228/1808 3229/3229/1816
f 3213/3213/1801 3229/3229/1816 3214/3214/1809
f 3215/3215/1810 3214/3214/1809 3230/3230/1817
f 3215/3215/1810 3230/3230/1817 3231/3231/1818
f 3217/3217/1811 3216/3216/1810 3232/3232/1818
f 3217/3217/1811 3232/3232/1818 3233/3233/1819
f 3218/3218/1812 3217/3217/1811 3233/3233/1819
f 3218/3218/1812 3233/3233/1819 3234/3234/1820
f 3222/3222/1813 3221/3221/1812 3235/3235/1820
f 3222/3222/1813 3235/3235/1820 3236/3236/1821
f 3224/3224/1814 3222/3222/1813 3236/3236/1821
f 3224/3224/1814 3236/3236/1821 3237/3237/1822
f 3226/3226/1815 3225/3225/1814 3238/3238/1822
f 3226/3226/1815 3238/3238/1822 3239/3239/1823
f 3227/3227/1816 3226/3226/1815 3239/3239/1823
f 3227/3227/1816 3239/3239/1823 3240/3240/1824
f 3214/3214/1809 3229/3229/1816 3241/3241/1824
f 3214/3214/1809 3241/3241/1824 3230/3230/1817
f 3231/3231/1818 3230/3230/1817 3242/3242/1825
f 3231/3231/1818 3242/3242/1825 3243/3243/1826
f 3233/3233/1819 3232/3232/1818 3244/3244/1826
f 3233/3233/1819 3244/3244/1826 3245/3245/1827
f 3234/3234/1820 3233/3233/1819 3245/3245/1827
f 3234/3234/1820 3245/3245/1827 3246/3246/1828
f 3236/3236/1821 3235/3235/1820 3247/3247/1828
f 3236/3236/1821 3247/3247/1828 3248/3248/1829
f 3237/3237/1822 3236/3236/1821 3248/3248/1829
f 3237/3237/1822 3248/3248/1829 3249/3249/1830
f 3239/3239/1823 3238/3238/1822 3250/3250/1830
f 3239/3239/1823 3250/3250/1830 3251/3251/1831
f 3240/3240/1824 3239/3239/1823 3251/3251/1831
f 3240/3240/1824 3251/3251/1831 3252/3252/1832
f 3230/3230/1817 3241/3241/1824 3253/3253/1832
f 3230/3230/1817 3253/3253/1832 3242/3242/1825
f 3254/3254/1826 3255/3255/1825 3256/3256/1833
f 3254/3254/1826 3256/3256/1833 3257/3257/1834
f 3245/3245/1827 3244/3244/1826 3258/3258/1834
f 3245/3245/1827 3258/3258/1834 3259/3259/1835
f 3246/3246/1828 3245/3245/1827 3259/3259/1835
f 3246/3246/1828 3259/3259/1835 3260/3260/1836
f 3261/3261/1829 3262/3262/1828 3263/3263/1836
f 3261/3261/1829 3263/3263/1836 3264/3264/1837
f 3265/3265/1830 3261/3261/1829 3264/3264/1837
f 3265/3265/1830 3264/3264/1837 3266/3266/1838
f 3251/3251/1831 3250/3250/1830 3267/3267/1838
f 3251/3251/1831 3267/3267/1838 3268/3268/1839
f 3252/3252/1832 3251/3251/1831 3268/3268/1839
f 3252/3252/1832 3268/3268/1839 3269/3269/1840
f 3255/3255/1825 3270/3270/1832 3271/3271/1840
f 3255/3255/1825 3271/3271/1840 3256/3256/1833
f 3264/3264/1837 3263/3263/1836 3272/3272/1839
f 3264/3264/1837 3272/3272/1839 3266/3266/1838
f 3263/3263/1836 3273/3273/1835 3271/3271/1840
f 3263/3263/1836 3271/3271/1840 3272/3272/1839
f 3273/3273/1835 3257/3257/1834 3256/3256/1833
f 3273/3273/1835 3256/3256/1833 3271/3271/1840
# Vertices: 897, normals: 429, texture coordinates: 897, faces: 824

o obj11
v 0.29837275 0.60183043 -0.16792781
v 0.3063817 0.60616162 -0.171567
v 0.3438704 0.60183043 -0.16792781
v 0.34986672 0.60183043 -0.16792781
v 0.34185818 0.60616162 -0.171567
v 0.35360463 0.6098555 -0.0688729
v 0.34504877 0.60525437 -0.11329135
v 0.35360463 0.60525437 -0.11329135
v 0.34185818 0.62534886 -0.17153119
v 0.3063817 0.62534886 -0.17153119
v 0.35360463 0.63676467 -0.11821095
v 0.2946353 0.63676467 -0.11821095
v 0.2946353 0.64136602 -0.07379235
v 0.35360463 0.64136602 -0.07379235
v 0.2946353 0.63676467 -0.11821095
v 0.2946353 0.60525437 -0.11329135
v 0.2946353 0.6098555 -0.0688729
v 0.2946353 0.64136602 -0.07379235
v 0.35360463 0.60525437 -0.11329135
v 0.35360463 0.63676467 -0.11821095
v 0.35360463 0.64136602 -0.07379235
v 0.35360463 0.6098555 -0.0688729
v 0.2946353 0.64617631 0.02136886
v 0.35360463 0.64617631 0.02136886
v 0.2946353 0.61429023 0.02091778
v 0.2946353 0.64617631 0.02136886
v 0.2946353 0.6098555 -0.0688729
v 0.35360463 0.61429023 0.02091778
v 0.2946353 0.61429023 0.02091778
v 0.35360463 0.64617631 0.02136886
v 0.35360463 0.61429023 0.02091778
v 0.2946353 0.64185906 0.11154808
v 0.35360463 0.64185906 0.11154808
v 0.2946353 0.61004017 0.1093871
v 0.2946353 0.64185906 0.11154808
v 0.35360463 0.61004017 0.1093871
v 0.2946353 0.61004017 0.1093871
v 0.35360463 0.64185906 0.11154808
v 0.35360463 0.61004017 0.1093871
v 0.2946353 0.63545503 0.15378563
v 0.35360463 0.63545503 0.15378563
v 0.2946353 0.60403154 0.14835412
v 0.2946353 0.63545503 0.15378563
v 0.35360463 0.60403154 0.14835412
v 0.2946353 0.60403154 0.14835412
v 0.35360463 0.63545503 0.15378563
v 0.35360463 0.60403154 0.14835412
v 0.2946353 0.61870033 0.19617807
v 0.35360463 0.61870033 0.19617807
v 0.2946353 0.59023805 0.18179138
v 0.2946353 0.61870033 0.19617807
v 0.35360463 0.59023805 0.18179138
v 0.2946353 0.59023805 0.18179138
v 0.35360463 0.61870033 0.19617807
v 0.35360463 0.59023805 0.18179138
v 0.2946353 0.59683767 0.22435139
v 0.35360463 0.59683767 0.22435139
v 0.2946353 0.57375823 0.20234329
v 0.2946353 0.59683767 0.22435139
v 0.35360463 0.57375823 0.20234329
v 0.2946353 0.57375823 0.20234329
v 0.35360463 0.59683767 0.22435139
v 0.35360463 0.57375823 0.20234329
v 0.35360463 0.59683767 0.22435139
v 0.2946353 0.59683767 0.22435139
v 0.2946353 0.57275252 0.23303603
v 0.35360463 0.57275252 0.23303603
v 0.2946353 0.56552702 0.20197511
v 0.2946353 0.57275252 0.23303603
v 0.2946353 0.57375823 0.20234329
v 0.35360463 0.57375823 0.20234329
v 0.35360463 0.56552702 0.20197511
v 0.2946353 0.56552702 0.20197511
v 0.35360463 0.57275252 0.23303603
v 0.35360463 0.56552702 0.20197511
v 0.2946353 0.51793466 0.2191137
v 0.35360463 0.51793466 0.2191137
v 0.2946353 0.53007835 0.18962697
v 0.2946353 0.51793466 0.2191137
v 0.35360463 0.53007835 0.18962697
v 0.2946353 0.53007835 0.18962697
v 0.35360463 0.51793466 0.2191137
v 0.35360463 0.53007835 0.18962697
v 0.2946353 0.43229984 0.16461533
v 0.35360463 0.43229984 0.16461533
v 0.2946353 0.45134895 0.13903962
v 0.2946353 0.43229984 0.16461533
v 0.35360463 0.45134895 0.13903962
v 0.2946353 0.45134895 0.13903962
v 0.35360463 0.43229984 0.16461533
v 0.35360463 0.45134895 0.13903962
v 0.2946353 0.36030445 0.10161139
v 0.35360463 0.36030445 0.10161139
v 0.2946353 0.38322886 0.07944222
v 0.2946353 0.36030445 0.10161139
v 0.35360463 0.38322886 0.07944222
v 0.2946353 0.38322886 0.07944222
v 0.35360463 0.36030445 0.10161139
v 0.35360463 0.38322886 0.07944222
v 0.35360463 0.36030445 0.10161139
v 0.2946353 0.36030445 0.10161139
v 0.2946353 0.34179876 0.07851882
v 0.35360456 0.34179876 0.07851882
v 0.2946353 0.36705851 0.05905257
v 0.2946353 0.34179876 0.07851882
v 0.2946353 0.38322886 0.07944222
v 0.35360463 0.38322886 0.07944222
v 0.35360456 0.36705851 0.05905257
v 0.2946353 0.36705851 0.05905257
v 0.35360456 0.34179876 0.07851882
v 0.35360456 0.36705851 0.05905257
v 0.2946353 0.37851984 -0.16337626
v 0.2946353 0.33815179 -0.16454467
v 0.34504877 0.33815179 -0.16454467
v 0.34504877 0.37851984 -0.16337626
v 0.2946353 0.37851984 -0.20777366
v 0.2946353 0.33815179 -0.20894206
v 0.34504877 0.33815179 -0.20894206
v 0.34504877 0.37851984 -0.20777366
v 0.34504877 0.41873448 -0.20752614
v 0.34504877 0.42020719 -0.16315327
v 0.2946353 0.42020719 -0.16315327
v 0.2946353 0.41873448 -0.20752614
v 0.34504877 0.45979168 -0.19982795
v 0.34504877 0.46126292 -0.15545501
v 0.2946353 0.46126292 -0.15545501
v 0.2946353 0.45979168 -0.19982795
v 0.34504877 0.52063404 -0.18011769
v 0.34504877 0.52359127 -0.1358189
v 0.2946353 0.52359127 -0.1358189
v 0.2946353 0.52063404 -0.18011769
v 0.34504877 0.58048427 -0.16151527
v 0.34504877 0.58500832 -0.11734902
v 0.2946353 0.58500832 -0.11734902
v 0.2946353 0.58048427 -0.16151527
v 0.35360463 0.63211849 -0.16306694
v 0.2946353 0.63211849 -0.16306694
v 0.2946353 0.63211849 -0.16306694
v 0.2946353 0.60060782 -0.15814772
v 0.35360463 0.60060782 -0.15814772
v 0.35360463 0.63211849 -0.16306694
v 0.34504877 0.60060782 -0.15814772
v 0.34504877 0.60525437 -0.11329135
v 0.35360463 0.63211849 -0.16306694
v 0.34986672 0.62967872 -0.16787587
v 0.29837279 0.62967872 -0.16787587
v 0.2946353 0.63211849 -0.16306694
v 0.2946353 0.63211849 -0.16306694
v 0.29837279 0.62967872 -0.16787587
v 0.29837275 0.60183043 -0.16792781
v 0.2946353 0.60060782 -0.15814772
v 0.35360463 0.60060782 -0.15814772
v 0.34986672 0.60183043 -0.16792781
v 0.34986672 0.62967872 -0.16787587
v 0.35360463 0.63211849 -0.16306694
v 0.2946353 0.33815179 -0.16454467
v 0.2946353 0.33815179 -0.20894206
v 0.34504877 0.33815179 -0.20894206
v 0.34504877 0.33815179 -0.16454467
v 0.2946353 0.33815179 -0.20894206
v 0.2946353 0.37851984 -0.20777366
v 0.34504877 0.37851984 -0.20777366
v 0.34504877 0.33815179 -0.20894206
v 0.2946353 0.41873448 -0.20752614
v 0.34504877 0.41873448 -0.20752614
v 0.2946353 0.45979168 -0.19982795
v 0.34504877 0.45979168 -0.19982795
v 0.2946353 0.52063404 -0.18011769
v 0.34504877 0.52063404 -0.18011769
v 0.2946353 0.58048427 -0.16151527
v 0.34504877 0.58048427 -0.16151527
v 0.35360463 0.60060782 -0.15814772
v 0.34504877 0.60060782 -0.15814772
v 0.3438704 0.60183043 -0.16792781
v 0.34986672 0.60183043 -0.16792781
v 0.2946353 0.60060782 -0.15814772
v 0.34504877 0.60060782 -0.15814772
v 0.2946353 0.60060782 -0.15814772
v 0.29837275 0.60183043 -0.16792781
v 0.2946353 0.37851984 -0.16337626
v 0.34504877 0.37851984 -0.16337626
v 0.2946353 0.42020719 -0.16315327
v 0.2946353 0.37851984 -0.16337626
v 0.34504877 0.37851984 -0.16337626
v 0.34504877 0.42020719 -0.16315327
v 0.2946353 0.46126292 -0.15545501
v 0.34504877 0.46126292 -0.15545501
v 0.2946353 0.52359127 -0.1358189
v 0.34504877 0.52359127 -0.1358189
v 0.2946353 0.58500832 -0.11734902
v 0.34504877 0.58500832 -0.11734902
v 0.2946353 0.60525437 -0.11329135
v 0.34504877 0.60525437 -0.11329135
v 0.2946353 0.60525437 -0.11329135
vn -0.37976 -0.79785 -0.4682
vn -0.10124 -0.1186 -0.98777
vn 0 -0.97353 -0.22857
vn 0.71626 -0.24636 -0.6529
vn 0.10733 -0.07865 -0.99111
vn 0.51725 -0.85403 0.05559
vn 0.18744 -0.91483 0.3577
vn 0.98023 -0.19679 0.02039
vn 0.08804 0.2045 -0.9749
vn -0.08804 0.2045 -0.9749
vn 0.47528 0.87515 -0.09065
vn -0.47528 0.87515 -0.09065
vn -0.45501 0.88847 -0.05991
vn 0.45501 0.88847 -0.05991
vn -0.77357 -0.57062 0.27564
vn -0.50379 -0.86192 0.05726
vn -0.45666 0.88964 -0.00237
vn 0.45666 0.88964 -0.00237
vn -0.49402 -0.86945 0.0009
vn 0.49402 -0.86945 0.0009
vn -0.45952 0.88527 0.07168
vn 0.45952 0.88527 0.07168
vn -0.49239 -0.86757 -0.06984
vn 0.49239 -0.86757 -0.06984
vn -0.42205 0.87442 0.23928
vn 0.42205 0.87442 0.23928
vn -0.53315 -0.81605 -0.22318
vn 0.53315 -0.81605 -0.22318
vn -0.39979 0.80408 0.44003
vn 0.39979 0.80408 0.44003
vn -0.55817 -0.72371 -0.40581
vn 0.55817 -0.72371 -0.40581
vn -0.34106 0.58821 0.73327
vn 0.34106 0.58821 0.73327
vn -0.68909 -0.45842 -0.56125
vn 0.68909 -0.45842 -0.56125
vn -0.29293 -0.06333 0.95403
vn 0.29293 -0.06333 0.95403
vn -0.65199 0.21194 -0.728
vn 0.65199 0.21194 -0.728
vn -0.39899 -0.40157 0.82434
vn 0.39899 -0.40157 0.82434
vn -0.53623 0.40746 -0.73921
vn 0.53623 0.40746 -0.73921
vn -0.44423 -0.53544 0.7183
vn 0.44423 -0.53544 0.7183
vn -0.50442 0.51822 -0.69066
vn 0.50442 0.51822 -0.69066
vn -0.44248 -0.61811 0.64973
vn 0.44248 -0.61811 0.64973
vn -0.50937 0.59235 -0.62422
vn 0.50937 0.59235 -0.62422
vn -0.34293 -0.93574 0.08241
vn 0.34858 -0.93446 0.07267
vn -0.66546 0.74621 -0.01824
vn 0.67637 0.73533 -0.04252
vn -0.66447 0.72917 0.16369
vn -0.51019 -0.85999 0.01104
vn 0.50127 -0.86528 -0.00375
vn 0.65969 0.73703 0.14695
vn -0.66681 0.01309 -0.74511
vn -0.50814 -0.62949 -0.58783
vn 0.50814 -0.62949 -0.58783
vn 0.66681 0.01309 -0.74511
vn 0.63919 0.07483 -0.7654
vn 0.67515 -0.0703 0.73433
vn -0.67515 -0.0703 0.73433
vn -0.63919 0.07483 -0.7654
vn 0.6157 0.20467 -0.76094
vn 0.66685 -0.19048 0.72044
vn -0.66685 -0.19048 0.72044
vn -0.6157 0.20467 -0.76094
vn 0.64143 0.23212 -0.73122
vn 0.62747 -0.22915 0.74416
vn -0.62747 -0.22916 0.74416
vn -0.64143 0.23212 -0.73123
vn 0.69261 0.19108 -0.69554
vn 0.57567 -0.21744 0.78824
vn -0.57567 -0.21744 0.78824
vn -0.69261 0.19108 -0.69554
vn 0.48459 0.86369 -0.13863
vn -0.48459 0.86369 -0.13862
vn -0.91754 -0.06755 -0.39186
vn 0.96537 -0.2586 -0.03456
vn 0.63198 -0.44323 -0.63572
vn 0.43993 0.55596 -0.70525
vn -0.43994 0.55595 -0.70524
vt 0.18443 0.21362
vt 0.18706 0.21652
vt 0.18428 0.22995
vt 0.18426 0.2321
vt 0.18695 0.22925
vt 0.11139 0.30771
vt 0.10817 0.32342
vt 0.11124 0.32345
vt 0.19871 0.22936
vt 0.19883 0.21662
vt 0.08877 0.22731
vt 0.0676 0.22712
vt 0.06746 0.24285
vt 0.08863 0.24304
vt 0.34482 0.20654
vt 0.34326 0.1872
vt 0.32749 0.18988
vt 0.32906 0.20922
vt 0.09561 0.18497
vt 0.0937 0.20427
vt 0.10941 0.20724
vt 0.11133 0.18793
vt 0.06716 0.27657
vt 0.08832 0.27676
vt 0.29566 0.19231
vt 0.29532 0.21186
vt 0.09022 0.30752
vt 0.11167 0.2759
vt 0.09051 0.27571
vt 0.1431 0.21049
vt 0.14311 0.19094
vt 0.06687 0.30852
vt 0.08804 0.30871
vt 0.26434 0.18942
vt 0.2634 0.20893
vt 0.11196 0.24456
vt 0.09079 0.24437
vt 0.17507 0.20813
vt 0.17448 0.18861
vt 0.06673 0.32348
vt 0.0879 0.32367
vt 0.25057 0.18562
vt 0.24847 0.20487
vt 0.11208 0.23075
vt 0.09091 0.23056
vt 0.19007 0.20434
vt 0.18832 0.18505
vt 0.0666 0.3385
vt 0.08776 0.33869
vt 0.2388 0.17705
vt 0.23354 0.19446
vt 0.11219 0.21891
vt 0.09102 0.21872
vt 0.20518 0.1942
vt 0.20024 0.1767
vt 0.06651 0.34848
vt 0.08767 0.34867
vt 0.23161 0.16688
vt 0.22368 0.18096
vt 0.11225 0.21163
vt 0.09109 0.21143
vt 0.21528 0.18089
vt 0.20761 0.16666
vt 0.04556 0.18308
vt 0.02439 0.18289
vt 0.02426 0.19766
vt 0.04542 0.19785
vt 0.23178 0.16183
vt 0.22074 0.16616
vt 0.11337 0.32847
vt 0.13454 0.32867
vt 0.13458 0.32362
vt 0.11342 0.32343
vt 0.21849 0.16614
vt 0.20753 0.16161
vt 0.02396 0.23127
vt 0.04512 0.23146
vt 0.23635 0.14014
vt 0.22597 0.1326
vt 0.13478 0.30188
vt 0.11361 0.30169
vt 0.21386 0.13249
vt 0.20335 0.13984
vt 0.02348 0.28378
vt 0.04465 0.28397
vt 0.25471 0.09202
vt 0.24576 0.08026
vt 0.13521 0.25361
vt 0.11405 0.25342
vt 0.19503 0.0798
vt 0.18586 0.0914
vt 0.02308 0.32793
vt 0.04425 0.32812
vt 0.2762 0.05044
vt 0.26847 0.03632
vt 0.13559 0.21184
vt 0.11443 0.21165
vt 0.17311 0.03546
vt 0.16512 0.04944
vt 0.15893 0.21205
vt 0.13776 0.21186
vt 0.13769 0.22004
vt 0.15886 0.22023
vt 0.28352 0.04059
vt 0.27676 0.02504
vt 0.16033 0.29809
vt 0.18149 0.29828
vt 0.18156 0.29106
vt 0.16039 0.29087
vt 0.16503 0.02403
vt 0.15799 0.03946
vt 0.36225 0.04833
vt 0.36289 0.02358
vt 0.07893 0.02102
vt 0.07912 0.04578
vt 0.37798 0.04847
vt 0.37862 0.02372
vt 0.0632 0.02088
vt 0.0634 0.04564
vt 0.06326 0.0703
vt 0.07897 0.07134
vt 0.36195 0.07389
vt 0.37767 0.07313
vt 0.06576 0.0955
vt 0.08147 0.09654
vt 0.35899 0.09904
vt 0.37472 0.09828
vt 0.07241 0.13287
vt 0.08808 0.13482
vt 0.35169 0.1372
vt 0.3674 0.13553
vt 0.07867 0.16962
vt 0.09429 0.17254
vt 0.34481 0.1748
vt 0.36048 0.17217
vt 0.08891 0.21141
vt 0.06775 0.21122
vt 0.36074 0.20383
vt 0.35917 0.1845
vt 0.07975 0.18197
vt 0.07783 0.20128
vt 0.20282 0.23361
vt 0.20134 0.23226
vt 0.20151 0.21377
vt 0.20302 0.21244
vt 0.20674 0.2318
vt 0.20505 0.23029
vt 0.20518 0.21321
vt 0.20865 0.2125
vt 0.21083 0.21251
vt 0.21428 0.2133
vt 0.21411 0.23037
vt 0.21239 0.23185
vt 0.13691 0.30615
vt 0.13677 0.32188
vt 0.15487 0.32204
vt 0.15501 0.30631
vt 0.04293 0.0207
vt 0.04271 0.04545
vt 0.0608 0.04561
vt 0.06103 0.02086
vt 0.04249 0.07011
vt 0.06058 0.07027
vt 0.04226 0.09528
vt 0.06035 0.09545
vt 0.04192 0.13259
vt 0.06002 0.13275
vt 0.04159 0.16929
vt 0.05969 0.16945
vt 0.1111 0.33934
vt 0.10803 0.33931
vt 0.10757 0.34277
vt 0.10973 0.34279
vt 0.04148 0.18163
vt 0.05958 0.18179
vt 0.08993 0.33915
vt 0.09124 0.34263
vt 0.1611 0.21207
vt 0.1792 0.21223
vt 0.04645 0.32451
vt 0.04622 0.35007
vt 0.06432 0.35023
vt 0.06455 0.32467
vt 0.04668 0.29933
vt 0.06478 0.2995
vt 0.04703 0.26112
vt 0.06512 0.26128
vt 0.04737 0.22346
vt 0.06546 0.22362
vt 0.04748 0.21104
vt 0.06557 0.2112
vt 0.09008 0.32326
usemtl mat0
f 3274/3274/1841 3275/3275/1842 3276/3276/1843
f 3277/3277/1844 3276/3276/1843 3278/3278/1845
f 3275/3275/1842 3278/3278/1845 3276/3276/1843
f 3279/3279/1846 3280/3280/1847 3281/3281/1848
f 3282/3282/1849 3278/3278/1845 3275/3275/1842
f 3282/3282/1849 3275/3275/1842 3283/3283/1850
f 3284/3284/1851 3285/3285/1852 3286/3286/1853
f 3284/3284/1851 3286/3286/1853 3287/3287/1854
f 3288/3288/1852 3289/3289/1855 3290/3290/1856
f 3288/3288/1852 3290/3290/1856 3291/3291/1853
f 3292/3292/1848 3293/3293/1851 3294/3294/1854
f 3292/3292/1848 3294/3294/1854 3295/3295/1846
f 3287/3287/1854 3286/3286/1853 3296/3296/1857
f 3287/3287/1854 3296/3296/1857 3297/3297/1858
f 3291/3291/1853 3290/3290/1856 3298/3298/1859
f 3291/3291/1853 3298/3298/1859 3299/3299/1857
f 3300/3300/1856 3279/3279/1846 3301/3301/1860
f 3300/3300/1856 3301/3301/1860 3302/3302/1859
f 3295/3295/1846 3294/3294/1854 3303/3303/1858
f 3295/3295/1846 3303/3303/1858 3304/3304/1860
f 3297/3297/1858 3296/3296/1857 3305/3305/1861
f 3297/3297/1858 3305/3305/1861 3306/3306/1862
f 3299/3299/1857 3298/3298/1859 3307/3307/1863
f 3299/3299/1857 3307/3307/1863 3308/3308/1861
f 3302/3302/1859 3301/3301/1860 3309/3309/1864
f 3302/3302/1859 3309/3309/1864 3310/3310/1863
f 3304/3304/1860 3303/3303/1858 3311/3311/1862
f 3304/3304/1860 3311/3311/1862 3312/3312/1864
f 3306/3306/1862 3305/3305/1861 3313/3313/1865
f 3306/3306/1862 3313/3313/1865 3314/3314/1866
f 3308/3308/1861 3307/3307/1863 3315/3315/1867
f 3308/3308/1861 3315/3315/1867 3316/3316/1865
f 3310/3310/1863 3309/3309/1864 3317/3317/1868
f 3310/3310/1863 3317/3317/1868 3318/3318/1867
f 3312/3312/1864 3311/3311/1862 3319/3319/1866
f 3312/3312/1864 3319/3319/1866 3320/3320/1868
f 3314/3314/1866 3313/3313/1865 3321/3321/1869
f 3314/3314/1866 3321/3321/1869 3322/3322/1870
f 3316/3316/1865 3315/3315/1867 3323/3323/1871
f 3316/3316/1865 3323/3323/1871 3324/3324/1869
f 3318/3318/1867 3317/3317/1868 3325/3325/1872
f 3318/3318/1867 3325/3325/1872 3326/3326/1871
f 3320/3320/1868 3319/3319/1866 3327/3327/1870
f 3320/3320/1868 3327/3327/1870 3328/3328/1872
f 3322/3322/1870 3321/3321/1869 3329/3329/1873
f 3322/3322/1870 3329/3329/1873 3330/3330/1874
f 3324/3324/1869 3323/3323/1871 3331/3331/1875
f 3324/3324/1869 3331/3331/1875 3332/3332/1873
f 3326/3326/1871 3325/3325/1872 3333/3333/1876
f 3326/3326/1871 3333/3333/1876 3334/3334/1875
f 3328/3328/1872 3327/3327/1870 3335/3335/1874
f 3328/3328/1872 3335/3335/1874 3336/3336/1876
f 3337/3337/1874 3338/3338/1873 3339/3339/1877
f 3337/3337/1874 3339/3339/1877 3340/3340/1878
f 3332/3332/1873 3331/3331/1875 3341/3341/1879
f 3332/3332/1873 3341/3341/1879 3342/3342/1877
f 3343/3343/1875 3344/3344/1876 3345/3345/1880
f 3343/3343/1875 3345/3345/1880 3346/3346/1879
f 3336/3336/1876 3335/3335/1874 3347/3347/1878
f 3336/3336/1876 3347/3347/1878 3348/3348/1880
f 3340/3340/1878 3339/3339/1877 3349/3349/1881
f 3340/3340/1878 3349/3349/1881 3350/3350/1882
f 3342/3342/1877 3341/3341/1879 3351/3351/1883
f 3342/3342/1877 3351/3351/1883 3352/3352/1881
f 3346/3346/1879 3345/3345/1880 3353/3353/1884
f 3346/3346/1879 3353/3353/1884 3354/3354/1883
f 3348/3348/1880 3347/3347/1878 3355/3355/1882
f 3348/3348/1880 3355/3355/1882 3356/3356/1884
f 3350/3350/1882 3349/3349/1881 3357/3357/1885
f 3350/3350/1882 3357/3357/1885 3358/3358/1886
f 3352/3352/1881 3351/3351/1883 3359/3359/1887
f 3352/3352/1881 3359/3359/1887 3360/3360/1885
f 3354/3354/1883 3353/3353/1884 3361/3361/1888
f 3354/3354/1883 3361/3361/1888 3362/3362/1887
f 3356/3356/1884 3355/3355/1882 3363/3363/1886
f 3356/3356/1884 3363/3363/1886 3364/3364/1888
f 3358/3358/1886 3357/3357/1885 3365/3365/1889
f 3358/3358/1886 3365/3365/1889 3366/3366/1890
f 3360/3360/1885 3359/3359/1887 3367/3367/1891
f 3360/3360/1885 3367/3367/1891 3368/3368/1889
f 3362/3362/1887 3361/3361/1888 3369/3369/1892
f 3362/3362/1887 3369/3369/1892 3370/3370/1891
f 3364/3364/1888 3363/3363/1886 3371/3371/1890
f 3364/3364/1888 3371/3371/1890 3372/3372/1892
f 3373/3373/1890 3374/3374/1889 3375/3375/1893
f 3373/3373/1890 3375/3375/1893 3376/3376/1894
f 3368/3368/1889 3367/3367/1891 3377/3377/1895
f 3368/3368/1889 3377/3377/1895 3378/3378/1893
f 3379/3379/1891 3380/3380/1892 3381/3381/1896
f 3379/3379/1891 3381/3381/1896 3382/3382/1895
f 3372/3372/1892 3371/3371/1890 3383/3383/1894
f 3372/3372/1892 3383/3383/1894 3384/3384/1896
f 3378/3378/1893 3377/3377/1895 3385/3385/1897
f 3378/3378/1893 3385/3385/1897 3386/3386/1898
f 3384/3384/1896 3383/3383/1894 3387/3387/1899
f 3384/3384/1896 3387/3387/1899 3388/3388/1900
f 3386/3386/1898 3385/3385/1897 3389/3389/1901
f 3386/3386/1898 3389/3389/1901 3390/3390/1902
f 3388/3388/1900 3387/3387/1899 3391/3391/1903
f 3388/3388/1900 3391/3391/1903 3392/3392/1904
f 3388/3388/1900 3392/3392/1904 3393/3393/1905
f 3388/3388/1900 3393/3393/1905 3394/3394/1906
f 3389/3389/1901 3385/3385/1897 3395/3395/1907
f 3389/3389/1901 3395/3395/1907 3396/3396/1908
f 3394/3394/1906 3393/3393/1905 3397/3397/1909
f 3394/3394/1906 3397/3397/1909 3398/3398/1910
f 3396/3396/1908 3395/3395/1907 3399/3399/1911
f 3396/3396/1908 3399/3399/1911 3400/3400/1912
f 3398/3398/1910 3397/3397/1909 3401/3401/1913
f 3398/3398/1910 3401/3401/1913 3402/3402/1914
f 3400/3400/1912 3399/3399/1911 3403/3403/1915
f 3400/3400/1912 3403/3403/1915 3404/3404/1916
f 3402/3402/1914 3401/3401/1913 3405/3405/1917
f 3402/3402/1914 3405/3405/1917 3406/3406/1918
f 3404/3404/1916 3403/3403/1915 3407/3407/1919
f 3404/3404/1916 3407/3407/1919 3408/3408/1920
f 3409/3409/1921 3410/3410/1922 3285/3285/1852
f 3409/3409/1921 3285/3285/1852 3284/3284/1851
f 3411/3411/1922 3412/3412/1923 3289/3289/1855
f 3411/3411/1922 3289/3289/1855 3288/3288/1852
f 3413/3413/1924 3414/3414/1921 3293/3293/1851
f 3413/3413/1924 3293/3293/1851 3292/3292/1848
f 3289/3289/1855 3412/3412/1923 3408/3408/1920
f 3289/3289/1855 3408/3408/1920 3407/3407/1919
f 3415/3413/1925 3416/3292/1847 3406/3406/1918
f 3415/3413/1925 3406/3406/1918 3405/3405/1917
f 3417/3415/1921 3418/3416/1926 3419/3417/1927
f 3417/3415/1921 3419/3417/1927 3420/3418/1922
f 3421/3419/1922 3422/3420/1927 3423/3421/1841
f 3421/3419/1922 3423/3421/1841 3424/3422/1923
f 3425/3423/1924 3426/3424/1844 3427/3425/1926
f 3425/3423/1924 3427/3425/1926 3428/3426/1921
f 3418/3416/1926 3282/3282/1849 3283/3283/1850
f 3418/3416/1926 3283/3283/1850 3419/3417/1927
f 3419/3417/1927 3283/3283/1850 3275/3275/1842
f 3419/3417/1927 3275/3275/1842 3274/3274/1841
f 3277/3277/1844 3278/3278/1845 3282/3282/1849
f 3277/3277/1844 3282/3282/1849 3418/3416/1926
f 3429/3427/1898 3430/3428/1902 3431/3429/1903
f 3429/3427/1898 3431/3429/1903 3432/3430/1899
f 3433/3431/1902 3434/3432/1901 3435/3433/1904
f 3433/3431/1902 3435/3433/1904 3436/3434/1903
f 3434/3432/1901 3437/3435/1908 3438/3436/1905
f 3434/3432/1901 3438/3436/1905 3435/3433/1904
f 3437/3435/1908 3439/3437/1912 3440/3438/1909
f 3437/3435/1908 3440/3438/1909 3438/3436/1905
f 3439/3437/1912 3441/3439/1916 3442/3440/1913
f 3439/3437/1912 3442/3440/1913 3440/3438/1909
f 3441/3439/1916 3443/3441/1920 3444/3442/1917
f 3441/3439/1916 3444/3442/1917 3442/3440/1913
f 3445/3443/1924 3281/3281/1848 3280/3280/1847
f 3445/3443/1924 3280/3280/1847 3446/3444/1925
f 3445/3443/1924 3446/3444/1925 3447/3445/1843
f 3445/3443/1924 3447/3445/1843 3448/3446/1844
f 3443/3441/1920 3449/3447/1923 3450/3448/1925
f 3443/3441/1920 3450/3448/1925 3444/3442/1917
f 3446/3444/1925 3451/3449/1923 3452/3450/1841
f 3446/3444/1925 3452/3450/1841 3447/3445/1843
f 3375/3375/1893 3429/3427/1898 3432/3430/1899
f 3375/3375/1893 3432/3430/1899 3376/3376/1894
f 3453/3451/1897 3382/3382/1895 3381/3381/1896
f 3453/3451/1897 3381/3381/1896 3454/3452/1900
f 3455/3453/1907 3456/3454/1897 3457/3455/1900
f 3455/3453/1907 3457/3455/1900 3458/3456/1906
f 3459/3457/1911 3455/3453/1907 3458/3456/1906
f 3459/3457/1911 3458/3456/1906 3460/3458/1910
f 3461/3459/1915 3459/3457/1911 3460/3458/1910
f 3461/3459/1915 3460/3458/1910 3462/3460/1914
f 3463/3461/1919 3461/3459/1915 3462/3460/1914
f 3463/3461/1919 3462/3460/1914 3464/3462/1918
f 3465/3463/1855 3463/3461/1919 3464/3462/1918
f 3465/3463/1855 3464/3462/1918 3466/3464/1847
f 3467/3465/1855 3280/3280/1847 3279/3279/1846
f 3467/3465/1855 3279/3279/1846 3300/3300/1856
# Vertices: 194, normals: 87, texture coordinates: 192, faces: 174

o obj12
v 0.10479442 0.00903763 0.36547561
v 0.09803465 0.00903763 0.36221613
v 0.09803465 0.01498336 0.36221613
v 0.10479442 0.01498336 0.36547561
v 0.09094997 0.00903763 0.36469115
v 0.09094997 0.01498336 0.36469115
v 0.09094997 0.00903763 0.36469115
v 0.08769044 0.00903763 0.37145092
v 0.08769044 0.01498336 0.37145092
v 0.09094997 0.01498336 0.36469115
v 0.08769044 0.00903763 0.37145092
v 0.09016542 0.00903763 0.37853561
v 0.09016542 0.01498336 0.37853561
v 0.08769044 0.01498336 0.37145092
v 0.09692525 0.00903763 0.38179507
v 0.09692525 0.01498336 0.38179507
v 0.10400988 0.00903763 0.37932003
v 0.10400988 0.01498336 0.37932003
v 0.10400988 0.00903763 0.37932003
v 0.1072694 0.00903763 0.37256029
v 0.1072694 0.01498336 0.37256029
v 0.10400988 0.01498336 0.37932003
v 0.1072694 0.00903763 0.37256029
v 0.1072694 0.01498336 0.37256029
v 0.09803465 0.00903763 0.36221613
v 0.10479442 0.00903763 0.36547561
v 0.11487434 0.00907841 0.35650926
v 0.10002635 0.00907841 0.35014876
v 0.09094997 0.00903763 0.36469115
v 0.08368668 0.00907841 0.35659175
v 0.08769044 0.00903763 0.37145092
v 0.07551117 0.0080213 0.37199004
v 0.09016542 0.00903763 0.37853561
v 0.08117661 0.00716982 0.386546
v 0.09692525 0.00903763 0.38179507
v 0.09501776 0.0080213 0.39378861
v 0.10400988 0.00903763 0.37932003
v 0.11127317 0.00907841 0.38741947
v 0.1072694 0.00903763 0.37256029
v 0.11953295 0.00907841 0.37194731
v 0.10002635 0.00907841 0.35014876
v 0.11487434 0.00907841 0.35650926
v 0.11487434 0.00606772 0.35650926
v 0.10002635 0.00606772 0.35014876
v 0.08368668 0.00907841 0.35659175
v 0.08368668 0.00606772 0.35659175
v 0.06010038 -0.02041443 0.38809002
v 0.05656641 -0.02041384 0.38405646
v 0.05869357 -0.02144698 0.38219261
v 0.06222764 -0.02144639 0.38622622
v 0.06847788 -0.02041384 0.39765082
v 0.07060509 -0.02144698 0.39578704
v 0.07679077 -0.02041384 0.40713843
v 0.07891812 -0.02144698 0.40527467
v 0.08017014 -0.02041384 0.41099499
v 0.08229719 -0.02144698 0.40913119
v 0.11953295 0.00907841 0.37194731
v 0.11127317 0.00907841 0.38741947
v 0.11127317 0.00606772 0.38741947
v 0.11953295 0.00606772 0.37194731
v 0.11953295 0.00907841 0.37194731
v 0.11953295 0.00606772 0.37194731
v 0.11487434 -0.01819651 0.35650926
v 0.10002635 -0.01819651 0.35014876
v 0.08368668 -0.01819651 0.35659175
v 0.07542684 0.00606772 0.37206392
v 0.08368668 0.00606772 0.35659175
v 0.08368668 -0.01819651 0.35659175
v 0.07542684 -0.01819651 0.37206392
v 0.0800855 0.00186446 0.38750204
v 0.07542684 0.00606772 0.37206392
v 0.07542684 -0.01819651 0.37206392
v 0.0800855 -0.01819651 0.38750204
v 0.0949335 0.00606772 0.39386247
v 0.0949335 -0.01819651 0.39386247
v 0.11127317 0.00606772 0.38741947
v 0.11127317 -0.01819651 0.38741947
v 0.11127317 -0.01819651 0.38741947
v 0.11953295 -0.01819651 0.37194731
v 0.11953295 -0.01819651 0.37194731
v 0.07542684 -0.01819651 0.37206392
v 0.08368668 -0.01819651 0.35659175
v 0.0949335 -0.01819651 0.39386247
v 0.0800855 -0.01819651 0.38750204
v 0.10002635 -0.01819651 0.35014876
v 0.11127317 -0.01819651 0.38741947
v 0.11487434 -0.01819651 0.35650926
v 0.11953295 -0.01819651 0.37194731
v 0.06638058 0.00479945 0.37545731
v 0.06991468 0.00479945 0.37949073
v 0.08368668 0.00907841 0.35659175
v 0.08368668 0.00606772 0.35659175
v 0.0678518 0.00251058 0.37416808
v 0.06638058 0.00479945 0.37545731
v 0.08368668 0.00606772 0.35659175
v 0.07542684 0.00606772 0.37206392
v 0.07138588 0.00251058 0.37820166
v 0.0678518 0.00251058 0.37416808
v 0.07829184 0.0047993 0.38905164
v 0.07542684 0.00606772 0.37206392
v 0.0800855 0.00186446 0.38750204
v 0.07976315 0.00251058 0.38776257
v 0.07138588 0.00251058 0.37820166
v 0.08660509 0.00479945 0.39853919
v 0.0949335 0.00606772 0.39386247
v 0.08807616 0.00251058 0.39725018
v 0.08998428 0.00479945 0.40239576
v 0.0949335 0.00606772 0.39386247
v 0.11127317 0.00606772 0.38741947
v 0.09145545 0.00251058 0.40110675
v 0.08807616 0.00251058 0.39725018
v 0.08998428 0.00479945 0.40239576
v 0.09145545 0.00251058 0.40110675
v 0.06991468 0.00479945 0.37949073
v 0.06638058 0.00479945 0.37545731
v 0.05841461 -0.00515273 0.38243709
v 0.06194865 -0.00515273 0.38647069
v 0.06003233 -0.00725972 0.38101961
v 0.05841461 -0.00515273 0.38243709
v 0.0678518 0.00251058 0.37416808
v 0.0635664 -0.00725972 0.38505322
v 0.06003233 -0.00725972 0.38101961
v 0.07829184 0.0047993 0.38905164
v 0.07032585 -0.00515273 0.39603153
v 0.07194353 -0.00725972 0.39461408
v 0.08660509 0.00479945 0.39853919
v 0.07863888 -0.00515273 0.40551904
v 0.08025657 -0.00725972 0.40410167
v 0.08998428 0.00479945 0.40239576
v 0.08201826 -0.00515273 0.4093756
v 0.09145545 0.00251058 0.40110675
v 0.08363596 -0.00725972 0.40795815
v 0.08201826 -0.00515273 0.4093756
v 0.08363596 -0.00725972 0.40795815
v 0.05656641 -0.02041384 0.38405646
v 0.06010038 -0.02041443 0.38809002
v 0.05869357 -0.02144698 0.38219261
v 0.05656641 -0.02041384 0.38405646
v 0.06222764 -0.02144639 0.38622622
v 0.05869357 -0.02144698 0.38219261
v 0.06847788 -0.02041384 0.39765082
v 0.07060509 -0.02144698 0.39578704
v 0.07679077 -0.02041384 0.40713843
v 0.07891812 -0.02144698 0.40527467
v 0.08017014 -0.02041384 0.41099499
v 0.08229719 -0.02144698 0.40913119
v 0.08017014 -0.02041384 0.41099499
v 0.08229719 -0.02144698 0.40913119
vn 0.19799 0.975 0.10088
vn 0.22139 0.97255 -0.07171
vn 0.95106 0 -0.30902
vn 0.89101 0 0.45399
vn 0.09209 0.9663 -0.24036
vn 0.45399 0 -0.89101
vn -0.14325 0.94852 -0.28247
vn -0.30901 0 -0.95106
vn -0.31748 0.93439 -0.16163
vn -0.89101 0 -0.45399
vn -0.3133 0.94831 0.05045
vn -0.95106 0 0.30902
vn -0.14043 0.96627 0.21586
vn -0.45399 0 0.89101
vn 0.07199 0.97264 0.2209
vn 0.30901 0 0.95106
vn 0.34804 0.92065 0.17682
vn 0.3837 0.9111 -0.15056
vn 0.2303 0.87596 -0.42385
vn -0.12471 0.97376 -0.19034
vn -0.24411 0.96163 -0.12519
vn -0.22601 0.97406 0.01123
vn -0.21285 0.87363 0.43757
vn 0.10345 0.9115 0.39807
vn 0.89154 0 0.45295
vn 0.93109 0 -0.36479
vn 0.46881 -0.01681 -0.88314
vn -0.88652 -0.02277 -0.46213
vn -0.57783 -0.02024 -0.8159
vn 0.95337 -0.30058 0.02727
vn 0.83689 -0.33061 0.43626
vn -0.88652 -0.02277 -0.46212
vn 0.83689 -0.33061 0.43625
vn -0.88653 -0.02277 -0.46212
vn 0.83689 -0.3306 0.43625
vn -0.99973 -0.02005 0.012
vn 0.555 -0.29816 0.77658
vn -0.44221 -0.01576 0.89677
vn 0.25203 0 0.96772
vn 0.73268 -0.56976 0.37224
vn 0.62525 -0.74098 -0.24497
vn 0.30452 -0.74291 -0.59612
vn -0.18681 -0.23016 -0.95506
vn -0.1911 -0.57697 -0.7941
vn -0.88363 -0.13562 -0.44811
vn -0.71014 -0.6046 -0.36078
vn -0.88383 -0.22601 0.40958
vn -0.60623 -0.75479 0.25057
vn -0.30452 -0.74291 0.59612
vn 0.20866 -0.56085 0.80119
vn -0.10244 0.71994 -0.68643
vn -0.46693 0.82969 -0.30592
vn 0.58282 -0.73212 -0.35258
vn 0.48673 -0.81354 0.3182
vn -0.52827 0.80342 -0.27468
vn 0.54714 -0.78694 0.28525
vn -0.51675 0.83131 -0.20466
vn 0.53723 -0.81583 0.21405
vn -0.62257 0.71047 0.32809
vn 0.02568 -0.72082 0.69265
vn -0.53671 0.4212 -0.73112
vn -0.78754 0.45962 -0.41053
vn 0.91265 -0.37107 -0.1714
vn 0.79051 -0.45309 0.41208
vn -0.78754 0.45962 -0.41052
vn 0.79051 -0.45309 0.41207
vn -0.78754 0.45962 -0.41052
vn 0.79051 -0.45308 0.41207
vn -0.9084 0.41808 -0.00499
vn 0.3644 -0.36547 0.85653
vt 0.70444 0.05476
vt 0.70446 0.04855
vt 0.69953 0.04853
vt 0.69951 0.05474
vt 0.70448 0.04382
vt 0.69955 0.0438
vt 0.98191 0.01356
vt 0.98189 0.01912
vt 0.98631 0.01914
vt 0.98633 0.01358
vt 0.69936 0.05895
vt 0.69938 0.05491
vt 0.69445 0.05489
vt 0.69443 0.05893
vt 0.6994 0.04871
vt 0.69447 0.04869
vt 0.69942 0.04397
vt 0.69449 0.04395
vt 0.95594 0.01902
vt 0.95597 0.01346
vt 0.95154 0.01344
vt 0.95152 0.01901
vt 0.70442 0.0588
vt 0.69949 0.05878
vt 0.72823 0.02154
vt 0.73384 0.02201
vt 0.73848 0.01302
vt 0.72637 0.01256
vt 0.72393 0.02518
vt 0.71667 0.02147
vt 0.72347 0.03079
vt 0.71509 0.03445
vt 0.72711 0.03509
vt 0.72297 0.04311
vt 0.73272 0.03555
vt 0.73461 0.04446
vt 0.73701 0.03191
vt 0.74428 0.03563
vt 0.73748 0.0263
vt 0.7459 0.02257
vt 0.90334 0.06232
vt 0.90329 0.07588
vt 0.90582 0.07589
vt 0.90587 0.06233
vt 0.90338 0.05149
vt 0.90591 0.0515
vt 0.86756 0.01676
vt 0.86568 0.0131
vt 0.86375 0.0141
vt 0.86564 0.01775
vt 0.87203 0.02541
vt 0.87011 0.02641
vt 0.87647 0.034
vt 0.87454 0.035
vt 0.87827 0.03749
vt 0.87634 0.03849
vt 0.93944 0.05088
vt 0.93939 0.06407
vt 0.94167 0.06408
vt 0.94172 0.05089
vt 0.90326 0.08423
vt 0.90578 0.08424
vt 0.9262 0.07597
vt 0.92625 0.06241
vt 0.92629 0.05158
vt 0.68677 0.04243
vt 0.67379 0.04238
vt 0.67372 0.06047
vt 0.6867 0.06052
vt 0.76665 0.07283
vt 0.76662 0.08117
vt 0.787 0.08125
vt 0.78703 0.07291
vt 0.7667 0.05927
vt 0.78709 0.05935
vt 0.76675 0.04844
vt 0.78713 0.04852
vt 0.96005 0.06415
vt 0.9601 0.05096
vt 0.92617 0.08432
vt 0.71042 0.03429
vt 0.70892 0.02135
vt 0.69102 0.04405
vt 0.70301 0.04369
vt 0.69938 0.01245
vt 0.68147 0.03516
vt 0.68739 0.01281
vt 0.67997 0.02222
vt 0.70963 0.03933
vt 0.71319 0.0412
vt 0.69183 0.04406
vt 0.68948 0.04405
vt 0.68664 0.0613
vt 0.68842 0.06266
vt 0.81766 0.01292
vt 0.81928 0.02687
vt 0.8205 0.03263
vt 0.82431 0.03066
vt 0.72162 0.04565
vt 0.96205 0.06175
vt 0.96202 0.07045
vt 0.96513 0.07029
vt 0.96517 0.06042
vt 0.73 0.05005
vt 0.96196 0.08459
vt 0.96509 0.08008
vt 0.7334 0.05184
vt 0.82947 0.02254
vt 0.81915 0.01292
vt 0.82994 0.02898
vt 0.8336 0.02709
vt 0.94256 0.0805
vt 0.9443 0.0792
vt 0.70464 0.06618
vt 0.70462 0.07027
vt 0.71316 0.07451
vt 0.71318 0.07042
vt 0.67899 0.06846
vt 0.68062 0.06995
vt 0.96519 0.05625
vt 0.97374 0.05624
vt 0.97376 0.05208
vt 0.70467 0.05648
vt 0.71322 0.06072
vt 0.9737 0.06611
vt 0.70471 0.04686
vt 0.71326 0.0511
vt 0.97367 0.07591
vt 0.70473 0.04294
vt 0.71327 0.04719
vt 0.96508 0.08406
vt 0.97365 0.07989
vt 0.95008 0.08765
vt 0.95168 0.08621
vt 0.72629 0.07554
vt 0.72631 0.07145
vt 0.66791 0.06965
vt 0.66871 0.07161
vt 0.98617 0.05557
vt 0.98618 0.05141
vt 0.72634 0.06175
vt 0.98613 0.06544
vt 0.72638 0.05213
vt 0.98609 0.07523
vt 0.7264 0.04822
vt 0.98607 0.07921
vt 0.96163 0.08935
vt 0.96242 0.08745
usemtl mat0
f 3468/3466/1928 3469/3467/1929 3470/3468/1930
f 3468/3466/1928 3470/3468/1930 3471/3469/1931
f 3469/3467/1929 3472/3470/1932 3473/3471/1933
f 3469/3467/1929 3473/3471/1933 3470/3468/1930
f 3474/3472/1932 3475/3473/1934 3476/3474/1935
f 3474/3472/1932 3476/3474/1935 3477/3475/1933
f 3478/3476/1934 3479/3477/1936 3480/3478/1937
f 3478/3476/1934 3480/3478/1937 3481/3479/1935
f 3479/3477/1936 3482/3480/1938 3483/3481/1939
f 3479/3477/1936 3483/3481/1939 3480/3478/1937
f 3482/3480/1938 3484/3482/1940 3485/3483/1941
f 3482/3480/1938 3485/3483/1941 3483/3481/1939
f 3486/3484/1940 3487/3485/1942 3488/3486/1943
f 3486/3484/1940 3488/3486/1943 3489/3487/1941
f 3490/3488/1942 3468/3466/1928 3471/3469/1931
f 3490/3488/1942 3471/3469/1931 3491/3489/1943
f 3492/3490/1929 3493/3491/1928 3494/3492/1944
f 3492/3490/1929 3494/3492/1944 3495/3493/1945
f 3496/3494/1932 3492/3490/1929 3495/3493/1945
f 3496/3494/1932 3495/3493/1945 3497/3495/1946
f 3498/3496/1934 3496/3494/1932 3497/3495/1946
f 3498/3496/1934 3497/3495/1946 3499/3497/1947
f 3500/3498/1936 3498/3496/1934 3499/3497/1947
f 3500/3498/1936 3499/3497/1947 3501/3499/1948
f 3502/3500/1938 3500/3498/1936 3501/3499/1948
f 3502/3500/1938 3501/3499/1948 3503/3501/1949
f 3504/3502/1940 3502/3500/1938 3503/3501/1949
f 3504/3502/1940 3503/3501/1949 3505/3503/1950
f 3506/3504/1942 3504/3502/1940 3505/3503/1950
f 3506/3504/1942 3505/3503/1950 3507/3505/1951
f 3493/3491/1928 3506/3504/1942 3507/3505/1951
f 3493/3491/1928 3507/3505/1951 3494/3492/1944
f 3508/3506/1945 3509/3507/1944 3510/3508/1952
f 3508/3506/1945 3510/3508/1952 3511/3509/1953
f 3512/3510/1946 3508/3506/1945 3511/3509/1953
f 3512/3510/1946 3511/3509/1953 3513/3511/1954
f 3514/3512/1955 3515/3513/1956 3516/3514/1957
f 3514/3512/1955 3516/3514/1957 3517/3515/1958
f 3518/3516/1959 3514/3512/1955 3517/3515/1958
f 3518/3516/1959 3517/3515/1958 3519/3517/1960
f 3520/3518/1961 3518/3516/1959 3519/3517/1960
f 3520/3518/1961 3519/3517/1960 3521/3519/1962
f 3522/3520/1963 3520/3518/1961 3521/3519/1962
f 3522/3520/1963 3521/3519/1962 3523/3521/1964
f 3524/3522/1951 3525/3523/1950 3526/3524/1965
f 3524/3522/1951 3526/3524/1965 3527/3525/1966
f 3509/3507/1944 3528/3526/1951 3529/3527/1966
f 3509/3507/1944 3529/3527/1966 3510/3508/1952
f 3511/3509/1953 3510/3508/1952 3530/3528/1967
f 3511/3509/1953 3530/3528/1967 3531/3529/1968
f 3513/3511/1954 3511/3509/1953 3531/3529/1968
f 3513/3511/1954 3531/3529/1968 3532/3530/1969
f 3533/3531/1970 3534/3532/1954 3535/3533/1969
f 3533/3531/1970 3535/3533/1969 3536/3534/1971
f 3537/3535/1972 3538/3536/1970 3539/3537/1971
f 3537/3535/1972 3539/3537/1971 3540/3538/1973
f 3541/3539/1974 3537/3535/1972 3540/3538/1973
f 3541/3539/1974 3540/3538/1973 3542/3540/1975
f 3543/3541/1965 3541/3539/1974 3542/3540/1975
f 3543/3541/1965 3542/3540/1975 3544/3542/1976
f 3527/3525/1966 3526/3524/1965 3545/3543/1976
f 3527/3525/1966 3545/3543/1976 3546/3544/1977
f 3510/3508/1952 3529/3527/1966 3547/3545/1977
f 3510/3508/1952 3547/3545/1977 3530/3528/1967
f 3548/3546/1971 3549/3547/1969 3550/3548/1975
f 3548/3546/1971 3550/3548/1975 3551/3549/1973
f 3549/3547/1969 3552/3550/1968 3553/3551/1976
f 3549/3547/1969 3553/3551/1976 3550/3548/1975
f 3552/3550/1968 3554/3552/1967 3555/3553/1977
f 3552/3550/1968 3555/3553/1977 3553/3551/1976
f 3499/3497/1947 3497/3495/1946 3556/3554/1978
f 3499/3497/1947 3556/3554/1978 3557/3555/1979
f 3558/3556/1946 3559/3557/1954 3560/3558/1980
f 3558/3556/1946 3560/3558/1980 3561/3559/1978
f 3562/3560/1954 3563/3561/1970 3564/3562/1981
f 3562/3560/1954 3564/3562/1981 3565/3563/1980
f 3501/3499/1948 3499/3497/1947 3557/3555/1979
f 3501/3499/1948 3557/3555/1979 3566/3564/1982
f 3567/3565/1970 3568/3566/1972 3569/3567/1983
f 3567/3565/1970 3569/3567/1983 3570/3568/1981
f 3503/3501/1949 3501/3499/1948 3566/3564/1982
f 3503/3501/1949 3566/3564/1982 3571/3569/1984
f 3568/3566/1972 3572/3570/1974 3573/3571/1985
f 3568/3566/1972 3573/3571/1985 3569/3567/1983
f 3505/3503/1950 3503/3501/1949 3571/3569/1984
f 3505/3503/1950 3571/3569/1984 3574/3572/1986
f 3575/3573/1974 3576/3574/1965 3577/3575/1987
f 3575/3573/1974 3577/3575/1987 3578/3576/1985
f 3526/3524/1965 3525/3523/1950 3579/3577/1986
f 3526/3524/1965 3579/3577/1986 3580/3578/1987
f 3581/3579/1979 3582/3580/1978 3583/3581/1988
f 3581/3579/1979 3583/3581/1988 3584/3582/1989
f 3561/3559/1978 3560/3558/1980 3585/3583/1990
f 3561/3559/1978 3585/3583/1990 3586/3584/1988
f 3587/3585/1980 3570/3568/1981 3588/3586/1991
f 3587/3585/1980 3588/3586/1991 3589/3587/1990
f 3590/3588/1982 3581/3579/1979 3584/3582/1989
f 3590/3588/1982 3584/3582/1989 3591/3589/1992
f 3570/3568/1981 3569/3567/1983 3592/3590/1993
f 3570/3568/1981 3592/3590/1993 3588/3586/1991
f 3593/3591/1984 3590/3588/1982 3591/3589/1992
f 3593/3591/1984 3591/3589/1992 3594/3592/1994
f 3569/3567/1983 3573/3571/1985 3595/3593/1995
f 3569/3567/1983 3595/3593/1995 3592/3590/1993
f 3596/3594/1986 3593/3591/1984 3594/3592/1994
f 3596/3594/1986 3594/3592/1994 3597/3595/1996
f 3573/3571/1985 3598/3596/1987 3599/3597/1997
f 3573/3571/1985 3599/3597/1997 3595/3593/1995
f 3580/3578/1987 3579/3577/1986 3600/3598/1996
f 3580/3578/1987 3600/3598/1996 3601/3599/1997
f 3584/3582/1989 3583/3581/1988 3602/3600/1956
f 3584/3582/1989 3602/3600/1956 3603/3601/1955
f 3586/3584/1988 3585/3583/1990 3604/3602/1957
f 3586/3584/1988 3604/3602/1957 3605/3603/1956
f 3589/3587/1990 3588/3586/1991 3606/3604/1958
f 3589/3587/1990 3606/3604/1958 3607/3605/1957
f 3591/3589/1992 3584/3582/1989 3603/3601/1955
f 3591/3589/1992 3603/3601/1955 3608/3606/1959
f 3588/3586/1991 3592/3590/1993 3609/3607/1960
f 3588/3586/1991 3609/3607/1960 3606/3604/1958
f 3594/3592/1994 3591/3589/1992 3608/3606/1959
f 3594/3592/1994 3608/3606/1959 3610/3608/1961
f 3592/3590/1993 3595/3593/1995 3611/3609/1962
f 3592/3590/1993 3611/3609/1962 3609/3607/1960
f 3597/3595/1996 3594/3592/1994 3610/3608/1961
f 3597/3595/1996 3610/3608/1961 3612/3610/1963
f 3595/3593/1995 3599/3597/1997 3613/3611/1964
f 3595/3593/1995 3613/3611/1964 3611/3609/1962
f 3601/3599/1997 3600/3598/1996 3614/3612/1963
f 3601/3599/1997 3614/3612/1963 3615/3613/1964
# Vertices: 148, normals: 70, texture coordinates: 148, faces: 130

o obj13
v 0.12401063 -0.01961656 0.37800546
v 0.11831225 -0.0013179 0.38300341
v 0.10455546 -0.01961656 0.39506974
v 0.11831227 -0.03791522 0.38300346
v 0.10455554 -0.04549481 0.39506974
v 0.09079891 -0.03791522 0.40713593
v 0.08510069 -0.01961656 0.41213392
v 0.09079892 -0.0013179 0.40713601
v 0.10455554 0.00626161 0.39506974
v 0.08913647 -0.0013179 0.34974017
v 0.09483473 -0.01961656 0.34474222
v 0.07537979 -0.01961656 0.36180643
v 0.08913647 -0.03791522 0.34974017
v 0.07537974 -0.04549481 0.36180647
v 0.06162306 -0.03791522 0.37387272
v 0.0559249 -0.01961656 0.37887067
v 0.06162306 -0.0013179 0.37387272
v 0.07537974 0.00626161 0.36180647
v 0.11831225 -0.0013179 0.38300341
v 0.12401063 -0.01961656 0.37800546
v 0.1200624 -0.01961656 0.37350426
v 0.11436416 -0.0013179 0.37850221
v 0.11831227 -0.03791522 0.38300346
v 0.11436416 -0.03791522 0.37850221
v 0.11831227 -0.03791522 0.38300346
v 0.10455554 -0.04549481 0.39506974
v 0.10060745 -0.04549481 0.39056849
v 0.11436416 -0.03791522 0.37850221
v 0.09079891 -0.03791522 0.40713593
v 0.08685079 -0.03791522 0.40263475
v 0.09079891 -0.03791522 0.40713593
v 0.08510069 -0.01961656 0.41213392
v 0.08115257 -0.01961656 0.4076327
v 0.08685079 -0.03791522 0.40263475
v 0.09079892 -0.0013179 0.40713601
v 0.08685079 -0.0013179 0.40263475
v 0.09079892 -0.0013179 0.40713601
v 0.10455554 0.00626161 0.39506974
v 0.10060745 0.00626161 0.39056849
v 0.08685079 -0.0013179 0.40263475
v 0.11831225 -0.0013179 0.38300341
v 0.11436416 -0.0013179 0.37850221
v 0.07996636 0.00626161 0.3670356
v 0.09372307 -0.0013179 0.35496932
v 0.08913647 -0.0013179 0.34974017
v 0.07537974 0.00626161 0.36180647
v 0.06620964 -0.0013179 0.37910176
v 0.06162306 -0.0013179 0.37387272
v 0.0605113 -0.01961656 0.38409983
v 0.06620964 -0.0013179 0.37910176
v 0.06162306 -0.0013179 0.37387272
v 0.0559249 -0.01961656 0.37887067
v 0.06620964 -0.03791522 0.37910176
v 0.06162306 -0.03791522 0.37387272
v 0.07996636 -0.04549481 0.3670356
v 0.06620964 -0.03791522 0.37910176
v 0.06162306 -0.03791522 0.37387272
v 0.07537974 -0.04549481 0.36180647
v 0.09372307 -0.03791522 0.35496932
v 0.08913647 -0.03791522 0.34974017
v 0.09942129 -0.01961656 0.34997133
v 0.09372307 -0.03791522 0.35496932
v 0.08913647 -0.03791522 0.34974017
v 0.09483473 -0.01961656 0.34474222
v 0.09372307 -0.0013179 0.35496932
v 0.08913647 -0.0013179 0.34974017
v 0.09942129 -0.01961656 0.34997133
v 0.09372307 -0.0013179 0.35496932
v 0.07996636 -0.04549481 0.3670356
v 0.09372307 -0.03791522 0.35496932
v 0.07996636 0.00626161 0.3670356
v 0.06620964 -0.03791522 0.37910176
v 0.06620964 -0.0013179 0.37910176
v 0.0605113 -0.01961656 0.38409983
v 0.1200624 -0.01961656 0.37350426
v 0.11436416 -0.03791522 0.37850221
v 0.10060745 0.00626161 0.39056849
v 0.11436416 -0.0013179 0.37850221
v 0.10060745 -0.04549481 0.39056849
v 0.08685079 -0.0013179 0.40263475
v 0.08685079 -0.03791522 0.40263475
v 0.08115257 -0.01961656 0.4076327
vn 0.07274 0 0.99735
vn -0.06367 0.37129 0.92633
vn -0.46178 -0 0.88699
vn -0.06368 -0.37129 0.92633
vn -0.393 -0.52508 0.75488
vn -0.72233 -0.37129 0.58342
vn -0.85875 -0 0.5124
vn -0.72233 0.37129 0.58342
vn -0.393 0.52508 0.75488
vn 0.74071 0.41194 -0.53071
vn 0.89206 0 -0.45191
vn 0.46178 0 -0.88699
vn 0.74071 -0.41194 -0.53071
vn 0.37533 -0.58257 -0.72093
vn 0.00995 -0.41193 -0.91116
vn -0.14139 0 -0.98995
vn 0.00995 0.41193 -0.91116
vn 0.37533 0.58257 -0.72093
vn 0.70274 -0 -0.71145
vn 0.62615 0.20844 -0.75132
vn 0.56822 -0.1287 -0.81275
vn 0.45407 -0.182 -0.87218
vn 0.25638 -0.20844 -0.94383
vn 0.1798 -0 -0.9837
vn 0.33992 0.1287 -0.93161
vn 0.45407 0.182 -0.87218
vn -0.45147 0.21022 0.86717
vn -0.31962 0.14865 0.93581
vn -0.64631 0.23855 0.72483
vn -0.73395 -0 0.6792
vn -0.58332 -0.14865 0.79853
vn -0.45147 -0.21022 0.86717
vn -0.22312 -0.23855 0.94515
vn -0.13547 -0 0.99078
vt 0.7805 0.03318
vt 0.78575 0.04763
vt 0.79861 0.03325
vt 0.78586 0.01877
vt 0.79869 0.01284
vt 0.81146 0.01887
vt 0.81671 0.03332
vt 0.81135 0.04773
vt 0.79853 0.05366
vt 0.91913 0.01929
vt 0.91378 0.0337
vt 0.93188 0.03377
vt 0.91902 0.04815
vt 0.9318 0.05418
vt 0.94462 0.04825
vt 0.94998 0.03384
vt 0.94474 0.01939
vt 0.93196 0.01336
vt 0.94008 0.10659
vt 0.94301 0.09159
vt 0.93865 0.09157
vt 0.93572 0.10657
vt 0.94019 0.07656
vt 0.93584 0.07654
vt 0.74124 0.06087
vt 0.74772 0.07343
vt 0.75183 0.07131
vt 0.74535 0.05874
vt 0.7542 0.086
vt 0.75831 0.08388
vt 0.97209 0.08082
vt 0.9749 0.09585
vt 0.97926 0.09586
vt 0.97645 0.08084
vt 0.97197 0.11085
vt 0.97633 0.11087
vt 0.92657 0.0935
vt 0.93315 0.08098
vt 0.92905 0.07883
vt 0.92247 0.09134
vt 0.93972 0.06846
vt 0.93563 0.06631
vt 0.73666 0.06735
vt 0.74324 0.05484
vt 0.73848 0.05234
vt 0.7319 0.06485
vt 0.73008 0.07987
vt 0.72533 0.07737
vt 0.98095 0.0947
vt 0.97802 0.1097
vt 0.98308 0.10972
vt 0.98601 0.09472
vt 0.97814 0.07967
vt 0.9832 0.07969
vt 0.74543 0.05728
vt 0.75191 0.06985
vt 0.75669 0.06739
vt 0.75021 0.05482
vt 0.73895 0.04471
vt 0.74373 0.04225
vt 0.67924 0.02739
vt 0.67643 0.01236
vt 0.67137 0.01234
vt 0.67418 0.02737
vt 0.67631 0.04239
vt 0.67125 0.04237
vt 0.95005 0.03384
vt 0.95529 0.0483
vt 0.96823 0.01351
vt 0.9554 0.01943
vt 0.96807 0.05432
vt 0.98101 0.01953
vt 0.98089 0.0484
vt 0.98625 0.03399
vt 0.87751 0.03356
vt 0.88275 0.04801
vt 0.89569 0.01322
vt 0.88286 0.01915
vt 0.89553 0.05404
vt 0.90847 0.01925
vt 0.90835 0.04811
vt 0.91371 0.0337
usemtl mat0
f 3616/3614/1998 3617/3615/1999 3618/3616/2000
f 3619/3617/2001 3616/3614/1998 3618/3616/2000
f 3620/3618/2002 3619/3617/2001 3618/3616/2000
f 3621/3619/2003 3620/3618/2002 3618/3616/2000
f 3622/3620/2004 3621/3619/2003 3618/3616/2000
f 3623/3621/2005 3622/3620/2004 3618/3616/2000
f 3624/3622/2006 3623/3621/2005 3618/3616/2000
f 3617/3615/1999 3624/3622/2006 3618/3616/2000
f 3625/3623/2007 3626/3624/2008 3627/3625/2009
f 3626/3624/2008 3628/3626/2010 3627/3625/2009
f 3628/3626/2010 3629/3627/2011 3627/3625/2009
f 3629/3627/2011 3630/3628/2012 3627/3625/2009
f 3630/3628/2012 3631/3629/2013 3627/3625/2009
f 3631/3629/2013 3632/3630/2014 3627/3625/2009
f 3632/3630/2014 3633/3631/2015 3627/3625/2009
f 3633/3631/2015 3625/3623/2007 3627/3625/2009
f 3634/3632/1999 3635/3633/1998 3636/3634/2016
f 3634/3632/1999 3636/3634/2016 3637/3635/2017
f 3635/3633/1998 3638/3636/2001 3639/3637/2018
f 3635/3633/1998 3639/3637/2018 3636/3634/2016
f 3640/3638/2001 3641/3639/2002 3642/3640/2019
f 3640/3638/2001 3642/3640/2019 3643/3641/2018
f 3641/3639/2002 3644/3642/2003 3645/3643/2020
f 3641/3639/2002 3645/3643/2020 3642/3640/2019
f 3646/3644/2003 3647/3645/2004 3648/3646/2021
f 3646/3644/2003 3648/3646/2021 3649/3647/2020
f 3647/3645/2004 3650/3648/2005 3651/3649/2022
f 3647/3645/2004 3651/3649/2022 3648/3646/2021
f 3652/3650/2005 3653/3651/2006 3654/3652/2023
f 3652/3650/2005 3654/3652/2023 3655/3653/2022
f 3653/3651/2006 3656/3654/1999 3657/3655/2017
f 3653/3651/2006 3657/3655/2017 3654/3652/2023
f 3658/3656/2024 3659/3657/2025 3660/3658/2007
f 3658/3656/2024 3660/3658/2007 3661/3659/2015
f 3662/3660/2026 3658/3656/2024 3661/3659/2015
f 3662/3660/2026 3661/3659/2015 3663/3661/2014
f 3664/3662/2027 3665/3663/2026 3666/3664/2014
f 3664/3662/2027 3666/3664/2014 3667/3665/2013
f 3668/3666/2028 3664/3662/2027 3667/3665/2013
f 3668/3666/2028 3667/3665/2013 3669/3667/2012
f 3670/3668/2029 3671/3669/2028 3672/3670/2012
f 3670/3668/2029 3672/3670/2012 3673/3671/2011
f 3674/3672/2030 3670/3668/2029 3673/3671/2011
f 3674/3672/2030 3673/3671/2011 3675/3673/2010
f 3676/3674/2031 3677/3675/2030 3678/3676/2010
f 3676/3674/2031 3678/3676/2010 3679/3677/2008
f 3680/3678/2025 3676/3674/2031 3679/3677/2008
f 3680/3678/2025 3679/3677/2008 3681/3679/2007
f 3682/3680/2031 3683/3681/2025 3684/3682/2029
f 3682/3680/2031 3684/3682/2029 3685/3683/2030
f 3683/3681/2025 3686/3684/2024 3687/3685/2028
f 3683/3681/2025 3687/3685/2028 3684/3682/2029
f 3686/3684/2024 3688/3686/2026 3689/3687/2027
f 3686/3684/2024 3689/3687/2027 3687/3685/2028
f 3690/3688/2016 3691/3689/2018 3692/3690/2023
f 3690/3688/2016 3692/3690/2023 3693/3691/2017
f 3691/3689/2018 3694/3692/2019 3695/3693/2022
f 3691/3689/2018 3695/3693/2022 3692/3690/2023
f 3694/3692/2019 3696/3694/2020 3697/3695/2021
f 3694/3692/2019 3697/3695/2021 3695/3693/2022
# Vertices: 82, normals: 34, texture coordinates: 82, faces: 60

o obj14
v -0.3072757 0.6018304 -0.16792781
v -0.35285887 0.6018304 -0.16792781
v -0.31529966 0.60616159 -0.171567
v -0.35886641 0.6018304 -0.16792781
v -0.35084282 0.60616159 -0.171567
v -0.3626114 0.60985547 -0.06887291
v -0.3626114 0.60525434 -0.11329136
v -0.35403945 0.60525434 -0.11329136
v -0.35084282 0.62534883 -0.17153119
v -0.31529966 0.62534883 -0.17153119
v -0.3626114 0.63676465 -0.11821095
v -0.3626114 0.64136599 -0.07379235
v -0.30353116 0.64136599 -0.07379235
v -0.30353116 0.63676465 -0.11821095
v -0.30353116 0.63676465 -0.11821095
v -0.30353116 0.64136599 -0.07379235
v -0.30353116 0.60985547 -0.06887291
v -0.30353116 0.60525434 -0.11329136
v -0.3626114 0.60525434 -0.11329136
v -0.3626114 0.60985547 -0.06887291
v -0.3626114 0.64136599 -0.07379235
v -0.3626114 0.63676465 -0.11821095
v -0.3626114 0.64617628 0.02136886
v -0.30353116 0.64617628 0.02136886
v -0.30353116 0.64617628 0.02136886
v -0.30353116 0.6142902 0.02091777
v -0.30353116 0.60985547 -0.06887291
v -0.30353116 0.6142902 0.02091777
v -0.3626114 0.6142902 0.02091777
v -0.3626114 0.6142902 0.02091777
v -0.3626114 0.64617628 0.02136886
v -0.3626114 0.64185904 0.11154807
v -0.30353116 0.64185904 0.11154807
v -0.30353116 0.64185904 0.11154807
v -0.30353116 0.61004015 0.10938709
v -0.30353116 0.61004015 0.10938709
v -0.3626114 0.61004015 0.10938709
v -0.3626114 0.61004015 0.10938709
v -0.3626114 0.64185904 0.11154807
v -0.3626114 0.635455 0.15378564
v -0.30353116 0.635455 0.15378564
v -0.30353116 0.635455 0.15378564
v -0.30353116 0.60403151 0.1483541
v -0.30353116 0.60403151 0.1483541
v -0.3626114 0.60403151 0.1483541
v -0.3626114 0.60403151 0.1483541
v -0.3626114 0.635455 0.15378564
v -0.3626114 0.6187003 0.19617807
v -0.30353116 0.6187003 0.19617807
v -0.30353116 0.6187003 0.19617807
v -0.30353116 0.59023802 0.18179139
v -0.30353116 0.59023802 0.18179139
v -0.3626114 0.59023802 0.18179139
v -0.3626114 0.59023802 0.18179139
v -0.3626114 0.6187003 0.19617807
v -0.3626114 0.59683765 0.22435139
v -0.30353116 0.59683765 0.22435139
v -0.30353116 0.59683765 0.22435139
v -0.30353116 0.5737582 0.20234328
v -0.30353116 0.5737582 0.20234328
v -0.3626114 0.5737582 0.20234328
v -0.3626114 0.5737582 0.20234328
v -0.3626114 0.59683765 0.22435139
v -0.3626114 0.59683765 0.22435139
v -0.3626114 0.5727525 0.23303602
v -0.30353116 0.5727525 0.23303602
v -0.30353116 0.59683765 0.22435139
v -0.30353116 0.5727525 0.23303602
v -0.30353116 0.565527 0.2019751
v -0.30353116 0.5737582 0.20234328
v -0.30353116 0.565527 0.2019751
v -0.3626114 0.565527 0.2019751
v -0.3626114 0.5737582 0.20234328
v -0.3626114 0.565527 0.2019751
v -0.3626114 0.5727525 0.23303602
v -0.3626114 0.51793463 0.21911369
v -0.30353116 0.51793463 0.21911369
v -0.30353116 0.51793463 0.21911369
v -0.30353116 0.53007832 0.18962698
v -0.30353116 0.53007832 0.18962698
v -0.3626114 0.53007832 0.18962698
v -0.3626114 0.53007832 0.18962698
v -0.3626114 0.51793463 0.21911369
v -0.3626114 0.43229983 0.16461532
v -0.30353116 0.43229983 0.16461532
v -0.30353116 0.43229983 0.16461532
v -0.30353116 0.45134893 0.13903962
v -0.30353116 0.45134893 0.13903962
v -0.3626114 0.45134893 0.13903962
v -0.3626114 0.45134893 0.13903962
v -0.3626114 0.43229983 0.16461532
v -0.3626114 0.36030443 0.10161139
v -0.30353116 0.36030443 0.10161139
v -0.30353116 0.36030443 0.10161139
v -0.30353116 0.38322883 0.07944222
v -0.30353116 0.38322883 0.07944222
v -0.3626114 0.38322883 0.07944222
v -0.3626114 0.38322883 0.07944222
v -0.3626114 0.36030443 0.10161139
v -0.3626114 0.36030443 0.10161139
v -0.36261133 0.34179875 0.07851881
v -0.30353116 0.34179875 0.07851881
v -0.30353116 0.36030443 0.10161139
v -0.30353116 0.34179875 0.07851881
v -0.30353116 0.36705849 0.05905255
v -0.30353116 0.38322883 0.07944222
v -0.30353116 0.36705849 0.05905255
v -0.36261133 0.36705849 0.05905255
v -0.3626114 0.38322883 0.07944222
v -0.36261133 0.36705849 0.05905255
v -0.36261133 0.34179875 0.07851881
v -0.30353116 0.33815178 -0.16454467
v -0.30353116 0.37851983 -0.16337627
v -0.35403945 0.37851983 -0.16337627
v -0.35403945 0.33815178 -0.16454467
v -0.30353116 0.33815178 -0.20894206
v -0.30353116 0.37851983 -0.20777366
v -0.35403945 0.37851983 -0.20777366
v -0.35403945 0.33815178 -0.20894206
v -0.35403945 0.42020718 -0.16315327
v -0.35403945 0.41873445 -0.20752614
v -0.30353116 0.41873445 -0.20752614
v -0.30353116 0.42020718 -0.16315327
v -0.35403945 0.4612629 -0.15545501
v -0.35403945 0.45979167 -0.19982795
v -0.30353116 0.45979167 -0.19982795
v -0.30353116 0.4612629 -0.15545501
v -0.35403945 0.52359124 -0.1358189
v -0.35403945 0.52063401 -0.18011769
v -0.30353116 0.52063401 -0.18011769
v -0.30353116 0.52359124 -0.1358189
v -0.35403945 0.58500829 -0.11734903
v -0.35403945 0.58048424 -0.16151528
v -0.30353116 0.58048424 -0.16151528
v -0.30353116 0.58500829 -0.11734903
v -0.3626114 0.63211846 -0.16306694
v -0.30353116 0.63211846 -0.16306694
v -0.30353116 0.63211846 -0.16306694
v -0.30353116 0.60060779 -0.15814772
v -0.3626114 0.60060779 -0.15814772
v -0.3626114 0.63211846 -0.16306694
v -0.35403945 0.60060779 -0.15814772
v -0.35403945 0.60525434 -0.11329136
v -0.3626114 0.63211846 -0.16306694
v -0.30353116 0.63211846 -0.16306694
v -0.3072757 0.62967869 -0.16787587
v -0.35886641 0.62967869 -0.16787587
v -0.30353116 0.63211846 -0.16306694
v -0.30353116 0.60060779 -0.15814772
v -0.3072757 0.6018304 -0.16792781
v -0.3072757 0.62967869 -0.16787587
v -0.3626114 0.60060779 -0.15814772
v -0.3626114 0.63211846 -0.16306694
v -0.35886641 0.62967869 -0.16787587
v -0.35886641 0.6018304 -0.16792781
v -0.30353116 0.33815178 -0.16454467
v -0.35403945 0.33815178 -0.16454467
v -0.35403945 0.33815178 -0.20894206
v -0.30353116 0.33815178 -0.20894206
v -0.30353116 0.33815178 -0.20894206
v -0.35403945 0.33815178 -0.20894206
v -0.35403945 0.37851983 -0.20777366
v -0.30353116 0.37851983 -0.20777366
v -0.35403945 0.41873445 -0.20752614
v -0.30353116 0.41873445 -0.20752614
v -0.35403945 0.45979167 -0.19982795
v -0.30353116 0.45979167 -0.19982795
v -0.35403945 0.52063401 -0.18011769
v -0.30353116 0.52063401 -0.18011769
v -0.35403945 0.58048424 -0.16151528
v -0.30353116 0.58048424 -0.16151528
v -0.3626114 0.60060779 -0.15814772
v -0.35403945 0.60060779 -0.15814772
v -0.35886641 0.6018304 -0.16792781
v -0.35285887 0.6018304 -0.16792781
v -0.35403945 0.60060779 -0.15814772
v -0.30353116 0.60060779 -0.15814772
v -0.3072757 0.6018304 -0.16792781
v -0.30353116 0.60060779 -0.15814772
v -0.30353116 0.37851983 -0.16337627
v -0.35403945 0.37851983 -0.16337627
v -0.30353116 0.42020718 -0.16315327
v -0.35403945 0.42020718 -0.16315327
v -0.35403945 0.37851983 -0.16337627
v -0.30353116 0.37851983 -0.16337627
v -0.30353116 0.4612629 -0.15545501
v -0.35403945 0.4612629 -0.15545501
v -0.30353116 0.52359124 -0.1358189
v -0.35403945 0.52359124 -0.1358189
v -0.30353116 0.58500829 -0.11734903
v -0.35403945 0.58500829 -0.11734903
v -0.30353116 0.60525434 -0.11329136
v -0.35403945 0.60525434 -0.11329136
v -0.30353116 0.60525434 -0.11329136
vn 0.49645 -0.62398 -0.60348
vn 0 -0.92285 -0.38515
vn 0.11067 -0.06227 -0.9919
vn -0.75139 -0.15483 -0.64143
vn -0.11612 -0.04184 -0.99235
vn -0.71198 -0.69779 0.07861
vn -0.99295 -0.11664 0.02091
vn -0.28007 -0.79508 0.53797
vn -0.09812 0.11061 -0.98901
vn 0.09812 0.11061 -0.98901
vn -0.67418 0.72698 -0.13033
vn -0.66158 0.74482 -0.08692
vn 0.66158 0.74482 -0.08692
vn 0.67418 0.72698 -0.13033
vn 0.69926 -0.71019 0.08166
vn 0.8718 -0.37582 0.31421
vn -0.65043 0.75956 -0.0035
vn 0.65043 0.75956 -0.0035
vn 0.70421 -0.70999 0.00127
vn -0.70421 -0.70999 0.00127
vn -0.66012 0.74389 0.10424
vn 0.66012 0.74389 0.10424
vn 0.69249 -0.71452 -0.09955
vn -0.69249 -0.71452 -0.09955
vn -0.58225 0.73476 0.348
vn 0.58225 0.73476 0.348
vn 0.72208 -0.62529 -0.29598
vn -0.72208 -0.62529 -0.29598
vn -0.53417 0.61377 0.58134
vn 0.53417 0.61377 0.58134
vn 0.6787 -0.52702 -0.51147
vn -0.67871 -0.52702 -0.51147
vn -0.43563 0.37851 0.81667
vn 0.43563 0.37851 0.81667
vn 0.6851 -0.31089 -0.65878
vn -0.68509 -0.31089 -0.65878
vn -0.29849 -0.03658 0.95371
vn 0.29849 -0.03658 0.95371
vn 0.65276 0.12566 -0.74707
vn -0.65276 0.12566 -0.74707
vn -0.46533 -0.23981 0.85203
vn 0.46533 -0.23981 0.85203
vn 0.5182 0.25953 -0.81493
vn -0.5182 0.25953 -0.81493
vn -0.49099 -0.3446 0.80011
vn 0.491 -0.3446 0.80011
vn 0.54995 0.3322 -0.76629
vn -0.54995 0.3322 -0.76629
vn -0.43401 -0.43396 0.78951
vn 0.43401 -0.43396 0.78951
vn 0.63478 0.37148 -0.67754
vn -0.63478 0.37148 -0.67754
vn -0.59448 -0.79748 0.10301
vn 0.58675 -0.80052 0.12203
vn 0.82043 0.57124 -0.02417
vn -0.82754 0.55888 -0.05325
vn 0.71143 -0.70258 0.01562
vn 0.81781 0.53643 0.20843
vn -0.81654 0.54553 0.18885
vn -0.70302 -0.71115 -0.00535
vn 0.59031 -0.4247 -0.68641
vn 0.66089 0.00762 -0.75045
vn -0.66089 0.00762 -0.75045
vn -0.59031 -0.4247 -0.68641
vn -0.66299 -0.04135 0.74748
vn -0.64486 0.0431 -0.76309
vn 0.64486 0.0431 -0.76309
vn 0.66299 -0.04135 0.74748
vn -0.6616 -0.11324 0.74126
vn -0.63004 0.11925 -0.76736
vn 0.63004 0.11925 -0.76736
vn 0.6616 -0.11324 0.74126
vn -0.63466 -0.13537 0.76084
vn -0.64756 0.13747 -0.74951
vn 0.64756 0.13747 -0.74951
vn 0.63466 -0.13537 0.76084
vn -0.58911 -0.12719 0.79798
vn -0.68873 0.11365 -0.71605
vn 0.68873 0.11365 -0.71605
vn 0.58911 -0.12719 0.79798
vn -0.69752 0.69209 -0.18568
vn 0.69752 0.69209 -0.18567
vn 0.90993 -0.04118 -0.41271
vn -0.98514 -0.16755 -0.03775
vn -0.67405 -0.27603 -0.68518
vn 0.50599 0.35973 -0.78395
vn -0.50597 0.35973 -0.78396
vt 0.18443 0.21362
vt 0.18428 0.22995
vt 0.18706 0.21652
vt 0.18426 0.2321
vt 0.18695 0.22925
vt 0.11139 0.30771
vt 0.11124 0.32345
vt 0.10817 0.32342
vt 0.19871 0.22936
vt 0.19883 0.21662
vt 0.08877 0.22731
vt 0.08863 0.24304
vt 0.06746 0.24285
vt 0.0676 0.22712
vt 0.34482 0.20654
vt 0.32906 0.20922
vt 0.32749 0.18988
vt 0.34326 0.1872
vt 0.09561 0.18497
vt 0.11133 0.18793
vt 0.10941 0.20724
vt 0.0937 0.20427
vt 0.08832 0.27676
vt 0.06716 0.27657
vt 0.29532 0.21186
vt 0.29566 0.19231
vt 0.09022 0.30752
vt 0.09051 0.27571
vt 0.11167 0.2759
vt 0.14311 0.19094
vt 0.1431 0.21049
vt 0.08804 0.30871
vt 0.06687 0.30852
vt 0.2634 0.20893
vt 0.26434 0.18942
vt 0.09079 0.24437
vt 0.11196 0.24456
vt 0.17448 0.18861
vt 0.17507 0.20813
vt 0.0879 0.32367
vt 0.06673 0.32348
vt 0.24847 0.20487
vt 0.25057 0.18562
vt 0.09091 0.23056
vt 0.11208 0.23075
vt 0.18832 0.18505
vt 0.19007 0.20434
vt 0.08776 0.33869
vt 0.0666 0.3385
vt 0.23354 0.19446
vt 0.2388 0.17705
vt 0.09102 0.21872
vt 0.11219 0.21891
vt 0.20024 0.1767
vt 0.20518 0.1942
vt 0.08767 0.34867
vt 0.06651 0.34848
vt 0.22368 0.18096
vt 0.23161 0.16688
vt 0.09109 0.21143
vt 0.11225 0.21163
vt 0.20761 0.16666
vt 0.21528 0.18089
vt 0.04556 0.18308
vt 0.04542 0.19785
vt 0.02426 0.19766
vt 0.02439 0.18289
vt 0.22074 0.16616
vt 0.23178 0.16183
vt 0.11337 0.32847
vt 0.11342 0.32343
vt 0.13458 0.32362
vt 0.13454 0.32867
vt 0.20753 0.16161
vt 0.21849 0.16614
vt 0.04512 0.23146
vt 0.02396 0.23127
vt 0.22597 0.1326
vt 0.23635 0.14014
vt 0.11361 0.30169
vt 0.13478 0.30188
vt 0.20335 0.13984
vt 0.21386 0.13249
vt 0.04465 0.28397
vt 0.02348 0.28378
vt 0.24576 0.08026
vt 0.25471 0.09202
vt 0.11405 0.25342
vt 0.13521 0.25361
vt 0.18586 0.0914
vt 0.19503 0.0798
vt 0.04425 0.32812
vt 0.02308 0.32793
vt 0.26847 0.03632
vt 0.2762 0.05044
vt 0.11443 0.21165
vt 0.13559 0.21184
vt 0.16512 0.04944
vt 0.17311 0.03546
vt 0.15893 0.21205
vt 0.15886 0.22023
vt 0.13769 0.22004
vt 0.13776 0.21186
vt 0.27676 0.02504
vt 0.28352 0.04059
vt 0.16033 0.29809
vt 0.16039 0.29087
vt 0.18156 0.29106
vt 0.18149 0.29828
vt 0.15799 0.03946
vt 0.16503 0.02403
vt 0.36289 0.02358
vt 0.36225 0.04833
vt 0.07912 0.04578
vt 0.07893 0.02102
vt 0.37862 0.02372
vt 0.37798 0.04847
vt 0.0634 0.04564
vt 0.0632 0.02088
vt 0.07897 0.07134
vt 0.06326 0.0703
vt 0.37767 0.07313
vt 0.36195 0.07389
vt 0.08147 0.09654
vt 0.06576 0.0955
vt 0.37472 0.09828
vt 0.35899 0.09904
vt 0.08808 0.13482
vt 0.07241 0.13287
vt 0.3674 0.13553
vt 0.35169 0.1372
vt 0.09429 0.17254
vt 0.07867 0.16962
vt 0.36048 0.17217
vt 0.34481 0.1748
vt 0.08891 0.21141
vt 0.06775 0.21122
vt 0.36074 0.20383
vt 0.35917 0.1845
vt 0.07975 0.18197
vt 0.07783 0.20128
vt 0.20282 0.23361
vt 0.20302 0.21244
vt 0.20151 0.21377
vt 0.20134 0.23226
vt 0.20674 0.2318
vt 0.20865 0.2125
vt 0.20518 0.21321
vt 0.20505 0.23029
vt 0.21083 0.21251
vt 0.21239 0.23185
vt 0.21411 0.23037
vt 0.21428 0.2133
vt 0.13691 0.30615
vt 0.15501 0.30631
vt 0.15487 0.32204
vt 0.13677 0.32188
vt 0.04293 0.0207
vt 0.06103 0.02086
vt 0.0608 0.04561
vt 0.04271 0.04545
vt 0.06058 0.07027
vt 0.04249 0.07011
vt 0.06035 0.09545
vt 0.04226 0.09528
vt 0.06002 0.13275
vt 0.04192 0.13259
vt 0.05969 0.16945
vt 0.04159 0.16929
vt 0.1111 0.33934
vt 0.10803 0.33931
vt 0.10973 0.34279
vt 0.10757 0.34277
vt 0.05958 0.18179
vt 0.04148 0.18163
vt 0.09124 0.34263
vt 0.08993 0.33915
vt 0.1611 0.21207
vt 0.1792 0.21223
vt 0.04645 0.32451
vt 0.06455 0.32467
vt 0.06432 0.35023
vt 0.04622 0.35007
vt 0.04668 0.29933
vt 0.06478 0.2995
vt 0.04703 0.26112
vt 0.06512 0.26128
vt 0.04737 0.22346
vt 0.06546 0.22362
vt 0.04748 0.21104
vt 0.06557 0.2112
vt 0.09008 0.32326
usemtl mat0
f 3698/3696/2032 3699/3697/2033 3700/3698/2034
f 3701/3699/2035 3702/3700/2036 3699/3697/2033
f 3699/3697/2033 3702/3700/2036 3700/3698/2034
f 3703/3701/2037 3704/3702/2038 3705/3703/2039
f 3706/3704/2040 3707/3705/2041 3700/3698/2034
f 3706/3704/2040 3700/3698/2034 3702/3700/2036
f 3708/3706/2042 3709/3707/2043 3710/3708/2044
f 3708/3706/2042 3710/3708/2044 3711/3709/2045
f 3712/3710/2045 3713/3711/2044 3714/3712/2046
f 3712/3710/2045 3714/3712/2046 3715/3713/2047
f 3716/3714/2038 3717/3715/2037 3718/3716/2043
f 3716/3714/2038 3718/3716/2043 3719/3717/2042
f 3709/3707/2043 3720/3718/2048 3721/3719/2049
f 3709/3707/2043 3721/3719/2049 3710/3708/2044
f 3713/3711/2044 3722/3720/2049 3723/3721/2050
f 3713/3711/2044 3723/3721/2050 3714/3712/2046
f 3724/3722/2046 3725/3723/2050 3726/3724/2051
f 3724/3722/2046 3726/3724/2051 3703/3701/2037
f 3717/3715/2037 3727/3725/2051 3728/3726/2048
f 3717/3715/2037 3728/3726/2048 3718/3716/2043
f 3720/3718/2048 3729/3727/2052 3730/3728/2053
f 3720/3718/2048 3730/3728/2053 3721/3719/2049
f 3722/3720/2049 3731/3729/2053 3732/3730/2054
f 3722/3720/2049 3732/3730/2054 3723/3721/2050
f 3725/3723/2050 3733/3731/2054 3734/3732/2055
f 3725/3723/2050 3734/3732/2055 3726/3724/2051
f 3727/3725/2051 3735/3733/2055 3736/3734/2052
f 3727/3725/2051 3736/3734/2052 3728/3726/2048
f 3729/3727/2052 3737/3735/2056 3738/3736/2057
f 3729/3727/2052 3738/3736/2057 3730/3728/2053
f 3731/3729/2053 3739/3737/2057 3740/3738/2058
f 3731/3729/2053 3740/3738/2058 3732/3730/2054
f 3733/3731/2054 3741/3739/2058 3742/3740/2059
f 3733/3731/2054 3742/3740/2059 3734/3732/2055
f 3735/3733/2055 3743/3741/2059 3744/3742/2056
f 3735/3733/2055 3744/3742/2056 3736/3734/2052
f 3737/3735/2056 3745/3743/2060 3746/3744/2061
f 3737/3735/2056 3746/3744/2061 3738/3736/2057
f 3739/3737/2057 3747/3745/2061 3748/3746/2062
f 3739/3737/2057 3748/3746/2062 3740/3738/2058
f 3741/3739/2058 3749/3747/2062 3750/3748/2063
f 3741/3739/2058 3750/3748/2063 3742/3740/2059
f 3743/3741/2059 3751/3749/2063 3752/3750/2060
f 3743/3741/2059 3752/3750/2060 3744/3742/2056
f 3745/3743/2060 3753/3751/2064 3754/3752/2065
f 3745/3743/2060 3754/3752/2065 3746/3744/2061
f 3747/3745/2061 3755/3753/2065 3756/3754/2066
f 3747/3745/2061 3756/3754/2066 3748/3746/2062
f 3749/3747/2062 3757/3755/2066 3758/3756/2067
f 3749/3747/2062 3758/3756/2067 3750/3748/2063
f 3751/3749/2063 3759/3757/2067 3760/3758/2064
f 3751/3749/2063 3760/3758/2064 3752/3750/2060
f 3761/3759/2064 3762/3760/2068 3763/3761/2069
f 3761/3759/2064 3763/3761/2069 3764/3762/2065
f 3755/3753/2065 3765/3763/2069 3766/3764/2070
f 3755/3753/2065 3766/3764/2070 3756/3754/2066
f 3767/3765/2066 3768/3766/2070 3769/3767/2071
f 3767/3765/2066 3769/3767/2071 3770/3768/2067
f 3759/3757/2067 3771/3769/2071 3772/3770/2068
f 3759/3757/2067 3772/3770/2068 3760/3758/2064
f 3762/3760/2068 3773/3771/2072 3774/3772/2073
f 3762/3760/2068 3774/3772/2073 3763/3761/2069
f 3765/3763/2069 3775/3773/2073 3776/3774/2074
f 3765/3763/2069 3776/3774/2074 3766/3764/2070
f 3768/3766/2070 3777/3775/2074 3778/3776/2075
f 3768/3766/2070 3778/3776/2075 3769/3767/2071
f 3771/3769/2071 3779/3777/2075 3780/3778/2072
f 3771/3769/2071 3780/3778/2072 3772/3770/2068
f 3773/3771/2072 3781/3779/2076 3782/3780/2077
f 3773/3771/2072 3782/3780/2077 3774/3772/2073
f 3775/3773/2073 3783/3781/2077 3784/3782/2078
f 3775/3773/2073 3784/3782/2078 3776/3774/2074
f 3777/3775/2074 3785/3783/2078 3786/3784/2079
f 3777/3775/2074 3786/3784/2079 3778/3776/2075
f 3779/3777/2075 3787/3785/2079 3788/3786/2076
f 3779/3777/2075 3788/3786/2076 3780/3778/2072
f 3781/3779/2076 3789/3787/2080 3790/3788/2081
f 3781/3779/2076 3790/3788/2081 3782/3780/2077
f 3783/3781/2077 3791/3789/2081 3792/3790/2082
f 3783/3781/2077 3792/3790/2082 3784/3782/2078
f 3785/3783/2078 3793/3791/2082 3794/3792/2083
f 3785/3783/2078 3794/3792/2083 3786/3784/2079
f 3787/3785/2079 3795/3793/2083 3796/3794/2080
f 3787/3785/2079 3796/3794/2080 3788/3786/2076
f 3797/3795/2080 3798/3796/2084 3799/3797/2085
f 3797/3795/2080 3799/3797/2085 3800/3798/2081
f 3791/3789/2081 3801/3799/2085 3802/3800/2086
f 3791/3789/2081 3802/3800/2086 3792/3790/2082
f 3803/3801/2082 3804/3802/2086 3805/3803/2087
f 3803/3801/2082 3805/3803/2087 3806/3804/2083
f 3795/3793/2083 3807/3805/2087 3808/3806/2084
f 3795/3793/2083 3808/3806/2084 3796/3794/2080
f 3801/3799/2085 3809/3807/2088 3810/3808/2089
f 3801/3799/2085 3810/3808/2089 3802/3800/2086
f 3807/3805/2087 3811/3809/2090 3812/3810/2091
f 3807/3805/2087 3812/3810/2091 3808/3806/2084
f 3809/3807/2088 3813/3811/2092 3814/3812/2093
f 3809/3807/2088 3814/3812/2093 3810/3808/2089
f 3811/3809/2090 3815/3813/2094 3816/3814/2095
f 3811/3809/2090 3816/3814/2095 3812/3810/2091
f 3811/3809/2090 3817/3815/2096 3818/3816/2097
f 3811/3809/2090 3818/3816/2097 3815/3813/2094
f 3814/3812/2093 3819/3817/2098 3820/3818/2099
f 3814/3812/2093 3820/3818/2099 3810/3808/2089
f 3817/3815/2096 3821/3819/2100 3822/3820/2101
f 3817/3815/2096 3822/3820/2101 3818/3816/2097
f 3819/3817/2098 3823/3821/2102 3824/3822/2103
f 3819/3817/2098 3824/3822/2103 3820/3818/2099
f 3821/3819/2100 3825/3823/2104 3826/3824/2105
f 3821/3819/2100 3826/3824/2105 3822/3820/2101
f 3823/3821/2102 3827/3825/2106 3828/3826/2107
f 3823/3821/2102 3828/3826/2107 3824/3822/2103
f 3825/3823/2104 3829/3827/2108 3830/3828/2109
f 3825/3823/2104 3830/3828/2109 3826/3824/2105
f 3827/3825/2106 3831/3829/2110 3832/3830/2111
f 3827/3825/2106 3832/3830/2111 3828/3826/2107
f 3833/3831/2112 3708/3706/2042 3711/3709/2045
f 3833/3831/2112 3711/3709/2045 3834/3832/2113
f 3835/3833/2113 3712/3710/2045 3715/3713/2047
f 3835/3833/2113 3715/3713/2047 3836/3834/2114
f 3837/3835/2115 3716/3714/2038 3719/3717/2042
f 3837/3835/2115 3719/3717/2042 3838/3836/2112
f 3715/3713/2047 3832/3830/2111 3831/3829/2110
f 3715/3713/2047 3831/3829/2110 3836/3834/2114
f 3839/3835/2116 3830/3828/2109 3829/3827/2108
f 3839/3835/2116 3829/3827/2108 3840/3714/2039
f 3841/3837/2112 3842/3838/2113 3843/3839/2117
f 3841/3837/2112 3843/3839/2117 3844/3840/2118
f 3845/3841/2113 3846/3842/2114 3847/3843/2032
f 3845/3841/2113 3847/3843/2032 3848/3844/2117
f 3849/3845/2115 3850/3846/2112 3851/3847/2118
f 3849/3845/2115 3851/3847/2118 3852/3848/2035
f 3844/3840/2118 3843/3839/2117 3707/3705/2041
f 3844/3840/2118 3707/3705/2041 3706/3704/2040
f 3843/3839/2117 3698/3696/2032 3700/3698/2034
f 3843/3839/2117 3700/3698/2034 3707/3705/2041
f 3701/3699/2035 3844/3840/2118 3706/3704/2040
f 3701/3699/2035 3706/3704/2040 3702/3700/2036
f 3853/3849/2088 3854/3850/2091 3855/3851/2095
f 3853/3849/2088 3855/3851/2095 3856/3852/2092
f 3857/3853/2092 3858/3854/2095 3859/3855/2094
f 3857/3853/2092 3859/3855/2094 3860/3856/2093
f 3860/3856/2093 3859/3855/2094 3861/3857/2097
f 3860/3856/2093 3861/3857/2097 3862/3858/2098
f 3862/3858/2098 3861/3857/2097 3863/3859/2101
f 3862/3858/2098 3863/3859/2101 3864/3860/2102
f 3864/3860/2102 3863/3859/2101 3865/3861/2105
f 3864/3860/2102 3865/3861/2105 3866/3862/2106
f 3866/3862/2106 3865/3861/2105 3867/3863/2109
f 3866/3862/2106 3867/3863/2109 3868/3864/2110
f 3869/3865/2115 3870/3866/2116 3705/3703/2039
f 3869/3865/2115 3705/3703/2039 3704/3702/2038
f 3869/3865/2115 3871/3867/2035 3872/3868/2033
f 3869/3865/2115 3872/3868/2033 3870/3866/2116
f 3868/3864/2110 3867/3863/2109 3873/3869/2116
f 3868/3864/2110 3873/3869/2116 3874/3870/2114
f 3870/3866/2116 3872/3868/2033 3875/3871/2032
f 3870/3866/2116 3875/3871/2032 3876/3872/2114
f 3799/3797/2085 3798/3796/2084 3854/3850/2091
f 3799/3797/2085 3854/3850/2091 3853/3849/2088
f 3877/3873/2089 3878/3874/2090 3805/3803/2087
f 3877/3873/2089 3805/3803/2087 3804/3802/2086
f 3879/3875/2099 3880/3876/2096 3881/3877/2090
f 3879/3875/2099 3881/3877/2090 3882/3878/2089
f 3883/3879/2103 3884/3880/2100 3880/3876/2096
f 3883/3879/2103 3880/3876/2096 3879/3875/2099
f 3885/3881/2107 3886/3882/2104 3884/3880/2100
f 3885/3881/2107 3884/3880/2100 3883/3879/2103
f 3887/3883/2111 3888/3884/2108 3886/3882/2104
f 3887/3883/2111 3886/3882/2104 3885/3881/2107
f 3889/3885/2047 3890/3886/2039 3888/3884/2108
f 3889/3885/2047 3888/3884/2108 3887/3883/2111
f 3891/3887/2047 3724/3722/2046 3703/3701/2037
f 3891/3887/2047 3703/3701/2037 3705/3703/2039
# Vertices: 194, normals: 87, texture coordinates: 192, faces: 174

o obj15
v 0.10695148 -0.01961656 -0.28262792
v 0.11122405 -0.0013179 -0.27636742
v 0.12153908 -0.01961656 -0.26125309
v 0.11122408 -0.03791522 -0.2763674
v 0.12153911 -0.04549481 -0.26125307
v 0.13185408 -0.03791522 -0.24613886
v 0.13612668 -0.01961656 -0.2398783
v 0.13185415 -0.0013179 -0.24613884
v 0.12153911 0.00626161 -0.26125307
v 0.07467822 -0.0013179 -0.25142606
v 0.07040562 -0.01961656 -0.25768658
v 0.08499322 -0.01961656 -0.23631177
v 0.07467822 -0.03791522 -0.25142606
v 0.08499321 -0.04549481 -0.23631178
v 0.09530821 -0.03791522 -0.22119748
v 0.09958086 -0.01961656 -0.21493696
v 0.09530821 -0.0013179 -0.22119748
v 0.08499321 0.00626161 -0.23631178
v 0.11122405 -0.0013179 -0.27636742
v 0.10695148 -0.01961656 -0.28262792
v 0.10200606 -0.01961656 -0.27925286
v 0.10627861 -0.0013179 -0.27299227
v 0.11122408 -0.03791522 -0.2763674
v 0.10627861 -0.03791522 -0.27299227
v 0.11122408 -0.03791522 -0.2763674
v 0.12153911 -0.04549481 -0.26125307
v 0.11659361 -0.04549481 -0.25787804
v 0.10627861 -0.03791522 -0.27299227
v 0.13185408 -0.03791522 -0.24613886
v 0.12690869 -0.03791522 -0.24276373
v 0.13185408 -0.03791522 -0.24613886
v 0.13612668 -0.01961656 -0.2398783
v 0.13118125 -0.01961656 -0.23650318
v 0.12690869 -0.03791522 -0.24276373
v 0.13185415 -0.0013179 -0.24613884
v 0.12690869 -0.0013179 -0.24276373
v 0.13185415 -0.0013179 -0.24613884
v 0.12153911 0.00626161 -0.26125307
v 0.11659361 0.00626161 -0.25787804
v 0.12690869 -0.0013179 -0.24276373
v 0.11122405 -0.0013179 -0.27636742
v 0.10627861 -0.0013179 -0.27299227
v 0.09073844 0.00626161 -0.24023266
v 0.08042339 -0.0013179 -0.25534696
v 0.07467822 -0.0013179 -0.25142606
v 0.08499321 0.00626161 -0.23631178
v 0.10105335 -0.0013179 -0.22511834
v 0.09530821 -0.0013179 -0.22119748
v 0.105326 -0.01961656 -0.21885779
v 0.10105335 -0.0013179 -0.22511834
v 0.09530821 -0.0013179 -0.22119748
v 0.09958086 -0.01961656 -0.21493696
v 0.10105335 -0.03791522 -0.22511834
v 0.09530821 -0.03791522 -0.22119748
v 0.09073844 -0.04549481 -0.24023266
v 0.10105335 -0.03791522 -0.22511834
v 0.09530821 -0.03791522 -0.22119748
v 0.08499321 -0.04549481 -0.23631178
v 0.08042339 -0.03791522 -0.25534696
v 0.07467822 -0.03791522 -0.25142606
v 0.07615078 -0.01961656 -0.26160751
v 0.08042339 -0.03791522 -0.25534696
v 0.07467822 -0.03791522 -0.25142606
v 0.07040562 -0.01961656 -0.25768658
v 0.08042339 -0.0013179 -0.25534696
v 0.07467822 -0.0013179 -0.25142606
v 0.07615078 -0.01961656 -0.26160751
v 0.08042339 -0.0013179 -0.25534696
v 0.09073844 -0.04549481 -0.24023266
v 0.08042339 -0.03791522 -0.25534696
v 0.09073844 0.00626161 -0.24023266
v 0.10105335 -0.03791522 -0.22511834
v 0.10105335 -0.0013179 -0.22511834
v 0.105326 -0.01961656 -0.21885779
v 0.10200606 -0.01961656 -0.27925286
v 0.10627861 -0.03791522 -0.27299227
v 0.11659361 0.00626161 -0.25787804
v 0.10627861 -0.0013179 -0.27299227
v 0.11659361 -0.04549481 -0.25787804
v 0.12690869 -0.0013179 -0.24276373
v 0.12690869 -0.03791522 -0.24276373
v 0.13118125 -0.01961656 -0.23650318
vn 0.07274 0 0.99735
vn -0.06367 0.37129 0.92633
vn -0.46178 -0 0.88699
vn -0.06367 -0.37129 0.92633
vn -0.393 -0.52508 0.75487
vn -0.72233 -0.37129 0.58342
vn -0.85875 -0 0.5124
vn -0.72233 0.37129 0.58342
vn -0.393 0.52508 0.75488
vn 0.74072 0.41194 -0.53071
vn 0.89206 0 -0.45191
vn 0.46179 -0 -0.88699
vn 0.74072 -0.41194 -0.53071
vn 0.37533 -0.58257 -0.72093
vn 0.00995 -0.41193 -0.91116
vn -0.1414 -0 -0.98995
vn 0.00995 0.41194 -0.91116
vn 0.37533 0.58257 -0.72093
vn 0.70274 -0 -0.71145
vn 0.62615 0.20844 -0.75132
vn 0.56822 -0.1287 -0.81275
vn 0.45407 -0.182 -0.87218
vn 0.25638 -0.20844 -0.94383
vn 0.1798 0 -0.9837
vn 0.33992 0.1287 -0.93161
vn 0.45407 0.182 -0.87218
vn -0.45147 0.21022 0.86717
vn -0.31962 0.14865 0.93581
vn -0.64631 0.23855 0.72483
vn -0.73395 0 0.6792
vn -0.58332 -0.14865 0.79853
vn -0.45147 -0.21022 0.86717
vn -0.22312 -0.23855 0.94515
vn -0.13547 0 0.99078
vt 0.7805 0.03318
vt 0.78575 0.04763
vt 0.79861 0.03325
vt 0.78586 0.01877
vt 0.79869 0.01284
vt 0.81146 0.01887
vt 0.81671 0.03332
vt 0.81135 0.04773
vt 0.79853 0.05366
vt 0.91913 0.01929
vt 0.91378 0.0337
vt 0.93188 0.03377
vt 0.91902 0.04815
vt 0.9318 0.05418
vt 0.94462 0.04825
vt 0.94998 0.03384
vt 0.94474 0.01939
vt 0.93196 0.01336
vt 0.94008 0.10659
vt 0.94301 0.09159
vt 0.93865 0.09157
vt 0.93572 0.10657
vt 0.94019 0.07656
vt 0.93584 0.07654
vt 0.74124 0.06087
vt 0.74772 0.07343
vt 0.75183 0.07131
vt 0.74535 0.05874
vt 0.7542 0.086
vt 0.75831 0.08388
vt 0.97209 0.08082
vt 0.9749 0.09585
vt 0.97926 0.09586
vt 0.97645 0.08084
vt 0.97197 0.11085
vt 0.97633 0.11087
vt 0.92657 0.0935
vt 0.93315 0.08098
vt 0.92905 0.07883
vt 0.92247 0.09134
vt 0.93972 0.06846
vt 0.93563 0.06631
vt 0.73666 0.06735
vt 0.74324 0.05484
vt 0.73848 0.05234
vt 0.7319 0.06485
vt 0.73008 0.07987
vt 0.72533 0.07737
vt 0.98095 0.0947
vt 0.97802 0.1097
vt 0.98308 0.10972
vt 0.98601 0.09472
vt 0.97814 0.07967
vt 0.9832 0.07969
vt 0.74543 0.05728
vt 0.75191 0.06985
vt 0.75669 0.06739
vt 0.75021 0.05482
vt 0.73895 0.04471
vt 0.74373 0.04225
vt 0.67924 0.02739
vt 0.67643 0.01236
vt 0.67137 0.01234
vt 0.67418 0.02737
vt 0.67631 0.04239
vt 0.67125 0.04237
vt 0.95005 0.03384
vt 0.95529 0.0483
vt 0.96823 0.01351
vt 0.9554 0.01943
vt 0.96807 0.05432
vt 0.98101 0.01953
vt 0.98089 0.0484
vt 0.98625 0.03399
vt 0.87751 0.03356
vt 0.88275 0.04801
vt 0.89569 0.01322
vt 0.88286 0.01915
vt 0.89553 0.05404
vt 0.90847 0.01925
vt 0.90835 0.04811
vt 0.91371 0.0337
usemtl mat0
f 3892/3888/2119 3893/3889/2120 3894/3890/2121
f 3895/3891/2122 3892/3888/2119 3894/3890/2121
f 3896/3892/2123 3895/3891/2122 3894/3890/2121
f 3897/3893/2124 3896/3892/2123 3894/3890/2121
f 3898/3894/2125 3897/3893/2124 3894/3890/2121
f 3899/3895/2126 3898/3894/2125 3894/3890/2121
f 3900/3896/2127 3899/3895/2126 3894/3890/2121
f 3893/3889/2120 3900/3896/2127 3894/3890/2121
f 3901/3897/2128 3902/3898/2129 3903/3899/2130
f 3902/3898/2129 3904/3900/2131 3903/3899/2130
f 3904/3900/2131 3905/3901/2132 3903/3899/2130
f 3905/3901/2132 3906/3902/2133 3903/3899/2130
f 3906/3902/2133 3907/3903/2134 3903/3899/2130
f 3907/3903/2134 3908/3904/2135 3903/3899/2130
f 3908/3904/2135 3909/3905/2136 3903/3899/2130
f 3909/3905/2136 3901/3897/2128 3903/3899/2130
f 3910/3906/2120 3911/3907/2119 3912/3908/2137
f 3910/3906/2120 3912/3908/2137 3913/3909/2138
f 3911/3907/2119 3914/3910/2122 3915/3911/2139
f 3911/3907/2119 3915/3911/2139 3912/3908/2137
f 3916/3912/2122 3917/3913/2123 3918/3914/2140
f 3916/3912/2122 3918/3914/2140 3919/3915/2139
f 3917/3913/2123 3920/3916/2124 3921/3917/2141
f 3917/3913/2123 3921/3917/2141 3918/3914/2140
f 3922/3918/2124 3923/3919/2125 3924/3920/2142
f 3922/3918/2124 3924/3920/2142 3925/3921/2141
f 3923/3919/2125 3926/3922/2126 3927/3923/2143
f 3923/3919/2125 3927/3923/2143 3924/3920/2142
f 3928/3924/2126 3929/3925/2127 3930/3926/2144
f 3928/3924/2126 3930/3926/2144 3931/3927/2143
f 3929/3925/2127 3932/3928/2120 3933/3929/2138
f 3929/3925/2127 3933/3929/2138 3930/3926/2144
f 3934/3930/2145 3935/3931/2146 3936/3932/2128
f 3934/3930/2145 3936/3932/2128 3937/3933/2136
f 3938/3934/2147 3934/3930/2145 3937/3933/2136
f 3938/3934/2147 3937/3933/2136 3939/3935/2135
f 3940/3936/2148 3941/3937/2147 3942/3938/2135
f 3940/3936/2148 3942/3938/2135 3943/3939/2134
f 3944/3940/2149 3940/3936/2148 3943/3939/2134
f 3944/3940/2149 3943/3939/2134 3945/3941/2133
f 3946/3942/2150 3947/3943/2149 3948/3944/2133
f 3946/3942/2150 3948/3944/2133 3949/3945/2132
f 3950/3946/2151 3946/3942/2150 3949/3945/2132
f 3950/3946/2151 3949/3945/2132 3951/3947/2131
f 3952/3948/2152 3953/3949/2151 3954/3950/2131
f 3952/3948/2152 3954/3950/2131 3955/3951/2129
f 3956/3952/2146 3952/3948/2152 3955/3951/2129
f 3956/3952/2146 3955/3951/2129 3957/3953/2128
f 3958/3954/2152 3959/3955/2146 3960/3956/2150
f 3958/3954/2152 3960/3956/2150 3961/3957/2151
f 3959/3955/2146 3962/3958/2145 3963/3959/2149
f 3959/3955/2146 3963/3959/2149 3960/3956/2150
f 3962/3958/2145 3964/3960/2147 3965/3961/2148
f 3962/3958/2145 3965/3961/2148 3963/3959/2149
f 3966/3962/2137 3967/3963/2139 3968/3964/2144
f 3966/3962/2137 3968/3964/2144 3969/3965/2138
f 3967/3963/2139 3970/3966/2140 3971/3967/2143
f 3967/3963/2139 3971/3967/2143 3968/3964/2144
f 3970/3966/2140 3972/3968/2141 3973/3969/2142
f 3970/3966/2140 3973/3969/2142 3971/3967/2143
# Vertices: 82, normals: 34, texture coordinates: 82, faces: 60

o obj16
v 0.09219086 0.00903763 -0.26506721
v 0.08813819 0.00903763 -0.25875098
v 0.08813819 0.01498336 -0.25875098
v 0.09219086 0.01498336 -0.26506721
v 0.08973875 0.00903763 -0.2514191
v 0.08973875 0.01498336 -0.2514191
v 0.08973875 0.00903763 -0.2514191
v 0.09605499 0.00903763 -0.24736643
v 0.09605499 0.01498336 -0.24736643
v 0.08973875 0.01498336 -0.2514191
v 0.09605499 0.00903763 -0.24736643
v 0.10338687 0.00903763 -0.24896699
v 0.10338687 0.01498336 -0.24896699
v 0.09605499 0.01498336 -0.24736643
v 0.10743947 0.00903763 -0.25528318
v 0.10743947 0.01498336 -0.25528318
v 0.10583893 0.00903763 -0.26261509
v 0.10583893 0.01498336 -0.26261509
v 0.10583893 0.00903763 -0.26261509
v 0.09952276 0.00903763 -0.26666781
v 0.09952276 0.01498336 -0.26666781
v 0.10583893 0.01498336 -0.26261509
v 0.09952276 0.00903763 -0.26666781
v 0.09952276 0.01498336 -0.26666781
v 0.08813819 0.00903763 -0.25875098
v 0.09219086 0.00903763 -0.26506721
v 0.08450854 0.00907841 -0.27615694
v 0.07640007 0.00907841 -0.26218667
v 0.08973875 0.00903763 -0.2514191
v 0.08082078 0.00907841 -0.24518803
v 0.09605499 0.00903763 -0.24736643
v 0.09511812 0.0080213 -0.23521126
v 0.10338687 0.00903763 -0.24896699
v 0.11025201 0.00716982 -0.23907586
v 0.10743947 0.00903763 -0.25528318
v 0.11911456 0.0080213 -0.25194009
v 0.10583893 0.00903763 -0.26261509
v 0.11475685 0.00907841 -0.26884614
v 0.09952276 0.00903763 -0.26666781
v 0.10039657 0.00907841 -0.27891547
v 0.07640007 0.00907841 -0.26218667
v 0.08450854 0.00907841 -0.27615694
v 0.08450854 0.00606772 -0.27615694
v 0.07640007 0.00606772 -0.26218667
v 0.08082078 0.00907841 -0.24518803
v 0.08082078 0.00606772 -0.24518803
v 0.10923734 -0.02041443 -0.21796756
v 0.10480617 -0.02041384 -0.214947
v 0.1032131 -0.02144698 -0.21728383
v 0.10764425 -0.02144639 -0.22030443
v 0.11974063 -0.02041384 -0.22512796
v 0.11814756 -0.02144698 -0.22746487
v 0.13016339 -0.02041384 -0.23223315
v 0.1285705 -0.02144698 -0.23457017
v 0.13440016 -0.02041384 -0.23512158
v 0.13280708 -0.02144698 -0.23745832
v 0.10039657 0.00907841 -0.27891547
v 0.11475685 0.00907841 -0.26884614
v 0.11475685 0.00606772 -0.26884614
v 0.10039657 0.00606772 -0.27891547
v 0.10039657 0.00907841 -0.27891547
v 0.10039657 0.00606772 -0.27891547
v 0.08450854 -0.01819651 -0.27615694
v 0.07640007 -0.01819651 -0.26218667
v 0.08082078 -0.01819651 -0.24518803
v 0.09518127 0.00606772 -0.23511869
v 0.08082078 0.00606772 -0.24518803
v 0.08082078 -0.01819651 -0.24518803
v 0.09518127 -0.01819651 -0.23511869
v 0.11106923 0.00606772 -0.23787711
v 0.09518127 0.00606772 -0.23511869
v 0.09518127 -0.01819651 -0.23511869
v 0.11106923 -0.01819651 -0.23787711
v 0.11917769 0.00606772 -0.25184752
v 0.11917769 -0.01819651 -0.25184752
v 0.11475685 0.00606772 -0.26884614
v 0.11475685 -0.01819651 -0.26884614
v 0.11475685 -0.01819651 -0.26884614
v 0.10039657 -0.01819651 -0.27891547
v 0.10039657 -0.01819651 -0.27891547
v 0.09518127 -0.01819651 -0.23511869
v 0.08082078 -0.01819651 -0.24518803
v 0.11917769 -0.01819651 -0.25184752
v 0.11106923 -0.01819651 -0.23787711
v 0.07640007 -0.01819651 -0.26218667
v 0.11475685 -0.01819651 -0.26884614
v 0.08450854 -0.01819651 -0.27615694
v 0.10039657 -0.01819651 -0.27891547
v 0.09745629 0.00479945 -0.22572856
v 0.10188734 0.00479945 -0.22874921
v 0.08082078 0.00907841 -0.24518803
v 0.08082078 0.00606772 -0.24518803
v 0.09635437 0.00251058 -0.22734488
v 0.09745629 0.00479945 -0.22572856
v 0.08082078 0.00606772 -0.24518803
v 0.09518127 0.00606772 -0.23511869
v 0.10078551 0.00251058 -0.23036538
v 0.09635437 0.00251058 -0.22734488
v 0.11239065 0.0047993 -0.2359094
v 0.09518127 0.00606772 -0.23511869
v 0.11106923 0.00606772 -0.23787711
v 0.11128895 0.00251058 -0.23752567
v 0.10078551 0.00251058 -0.23036538
v 0.12281353 0.00479945 -0.24301491
v 0.11917769 0.00606772 -0.25184752
v 0.12171174 0.00251058 -0.24463101
v 0.12705017 0.00479945 -0.2459031
v 0.11917769 0.00606772 -0.25184752
v 0.11475685 0.00606772 -0.26884614
v 0.12594841 0.00251058 -0.2475194
v 0.12171174 0.00251058 -0.24463101
v 0.12705017 0.00479945 -0.2459031
v 0.12594841 0.00251058 -0.2475194
v 0.10188734 0.00479945 -0.22874921
v 0.09745629 0.00479945 -0.22572856
v 0.10342204 -0.00515273 -0.21697732
v 0.10785324 -0.00515273 -0.21999802
v 0.10221053 -0.00725972 -0.21875451
v 0.10342204 -0.00515273 -0.21697732
v 0.09635437 0.00251058 -0.22734488
v 0.10664163 -0.00725972 -0.2217751
v 0.10221053 -0.00725972 -0.21875451
v 0.11239065 0.0047993 -0.2359094
v 0.11835651 -0.00515273 -0.22715806
v 0.117145 -0.00725972 -0.22893525
v 0.12281353 0.00479945 -0.24301491
v 0.12877924 -0.00515273 -0.23426344
v 0.12756776 -0.00725972 -0.23604054
v 0.12705017 0.00479945 -0.2459031
v 0.13301602 -0.00515273 -0.23715189
v 0.12594841 0.00251058 -0.2475194
v 0.13180451 -0.00725972 -0.23892909
v 0.13301602 -0.00515273 -0.23715189
v 0.13180451 -0.00725972 -0.23892909
v 0.10480617 -0.02041384 -0.214947
v 0.10923734 -0.02041443 -0.21796756
v 0.1032131 -0.02144698 -0.21728383
v 0.10480617 -0.02041384 -0.214947
v 0.10764425 -0.02144639 -0.22030443
v 0.1032131 -0.02144698 -0.21728383
v 0.11974063 -0.02041384 -0.22512796
v 0.11814756 -0.02144698 -0.22746487
v 0.13016339 -0.02041384 -0.23223315
v 0.1285705 -0.02144698 -0.23457017
v 0.13440016 -0.02041384 -0.23512158
v 0.13280708 -0.02144698 -0.23745832
v 0.13440016 -0.02041384 -0.23512158
v 0.13280708 -0.02144698 -0.23745832
vn 0.19799 0.975 0.10088
vn 0.22139 0.97255 -0.07171
vn 0.95106 0 -0.30902
vn 0.89101 0 0.45399
vn 0.09209 0.9663 -0.24036
vn 0.45399 0 -0.89101
vn -0.14325 0.94852 -0.28247
vn -0.30902 0 -0.95106
vn -0.31748 0.93439 -0.16163
vn -0.89101 0 -0.45399
vn -0.3133 0.94831 0.05045
vn -0.95106 0 0.30902
vn -0.14043 0.96627 0.21586
vn -0.454 0 0.891
vn 0.07199 0.97264 0.2209
vn 0.30901 0 0.95106
vn 0.34804 0.92065 0.17682
vn 0.3837 0.9111 -0.15056
vn 0.2303 0.87596 -0.42385
vn -0.12471 0.97376 -0.19034
vn -0.24411 0.96163 -0.12519
vn -0.22601 0.97406 0.01123
vn -0.21285 0.87363 0.43757
vn 0.10345 0.9115 0.39807
vn 0.89154 0 0.45295
vn 0.93109 0 -0.36479
vn 0.4688 -0.01681 -0.88314
vn -0.88652 -0.02277 -0.46213
vn -0.57784 -0.02024 -0.8159
vn 0.95337 -0.30057 0.02726
vn 0.83689 -0.3306 0.43625
vn -0.88652 -0.02277 -0.46212
vn 0.83689 -0.33061 0.43625
vn -0.88653 -0.02277 -0.46212
vn 0.83689 -0.33061 0.43625
vn -0.99973 -0.02005 0.01199
vn 0.555 -0.29816 0.77658
vn -0.44221 -0.01576 0.89677
vn 0.25204 0 0.96772
vn 0.73268 -0.56976 0.37224
vn 0.62525 -0.74098 -0.24497
vn 0.30452 -0.74291 -0.59612
vn -0.23238 -0.21441 -0.9487
vn -0.20866 -0.56086 -0.80119
vn -0.87991 -0.16302 -0.4463
vn -0.73268 -0.56976 -0.37223
vn -0.90526 -0.2105 0.36905
vn -0.62525 -0.74098 0.24497
vn -0.30452 -0.74291 0.59611
vn 0.20866 -0.56085 0.80119
vn -0.10244 0.71994 -0.68643
vn -0.46694 0.82969 -0.30592
vn 0.58282 -0.73213 -0.35257
vn 0.51827 -0.76613 0.38007
vn -0.52827 0.80342 -0.27467
vn 0.61265 -0.72343 0.31829
vn -0.51675 0.83131 -0.20467
vn 0.60749 -0.76803 0.20268
vn -0.62257 0.71047 0.32809
vn 0.02568 -0.72081 0.69265
vn -0.53671 0.4212 -0.73112
vn -0.78754 0.45962 -0.41053
vn 0.91265 -0.37106 -0.1714
vn 0.79051 -0.45309 0.41208
vn -0.78754 0.45962 -0.41053
vn 0.79051 -0.45309 0.41207
vn -0.78754 0.45962 -0.41052
vn 0.79052 -0.45308 0.41207
vn -0.9084 0.41808 -0.00499
vn 0.36439 -0.36546 0.85654
vt 0.70444 0.05476
vt 0.70446 0.04855
vt 0.69953 0.04853
vt 0.69951 0.05474
vt 0.70448 0.04382
vt 0.69955 0.0438
vt 0.98191 0.01356
vt 0.98189 0.01912
vt 0.98631 0.01914
vt 0.98633 0.01358
vt 0.69936 0.05895
vt 0.69938 0.05491
vt 0.69445 0.05489
vt 0.69443 0.05893
vt 0.6994 0.04871
vt 0.69447 0.04869
vt 0.69942 0.04397
vt 0.69449 0.04395
vt 0.95594 0.01902
vt 0.95597 0.01346
vt 0.95154 0.01344
vt 0.95152 0.01901
vt 0.70442 0.0588
vt 0.69949 0.05878
vt 0.72823 0.02154
vt 0.73384 0.02201
vt 0.73848 0.01302
vt 0.72637 0.01256
vt 0.72393 0.02518
vt 0.71667 0.02147
vt 0.72347 0.03079
vt 0.71509 0.03445
vt 0.72711 0.03509
vt 0.72297 0.04311
vt 0.73272 0.03555
vt 0.73461 0.04446
vt 0.73701 0.03191
vt 0.74428 0.03563
vt 0.73748 0.0263
vt 0.7459 0.02257
vt 0.90334 0.06232
vt 0.90329 0.07588
vt 0.90582 0.07589
vt 0.90587 0.06233
vt 0.90338 0.05149
vt 0.90591 0.0515
vt 0.86756 0.01676
vt 0.86568 0.0131
vt 0.86375 0.0141
vt 0.86564 0.01775
vt 0.87203 0.02541
vt 0.87011 0.02641
vt 0.87647 0.034
vt 0.87454 0.035
vt 0.87827 0.03749
vt 0.87634 0.03849
vt 0.93944 0.05088
vt 0.93939 0.06407
vt 0.94167 0.06408
vt 0.94172 0.05089
vt 0.90326 0.08423
vt 0.90578 0.08424
vt 0.9262 0.07597
vt 0.92625 0.06241
vt 0.92629 0.05158
vt 0.68677 0.04243
vt 0.67379 0.04238
vt 0.67372 0.06047
vt 0.6867 0.06052
vt 0.76665 0.07283
vt 0.76662 0.08117
vt 0.787 0.08125
vt 0.78703 0.07291
vt 0.7667 0.05927
vt 0.78709 0.05935
vt 0.76675 0.04844
vt 0.78713 0.04852
vt 0.96005 0.06415
vt 0.9601 0.05096
vt 0.92617 0.08432
vt 0.71042 0.03429
vt 0.70892 0.02135
vt 0.69102 0.04405
vt 0.70301 0.04369
vt 0.69938 0.01245
vt 0.68147 0.03516
vt 0.68739 0.01281
vt 0.67997 0.02222
vt 0.70963 0.03933
vt 0.71319 0.0412
vt 0.69183 0.04406
vt 0.68948 0.04405
vt 0.68664 0.0613
vt 0.68842 0.06266
vt 0.81766 0.01292
vt 0.81928 0.02687
vt 0.8205 0.03263
vt 0.82431 0.03066
vt 0.72162 0.04565
vt 0.96205 0.06175
vt 0.96202 0.07045
vt 0.96513 0.07029
vt 0.96517 0.06042
vt 0.73 0.05005
vt 0.96196 0.08459
vt 0.96509 0.08008
vt 0.7334 0.05184
vt 0.82947 0.02254
vt 0.81915 0.01292
vt 0.82994 0.02898
vt 0.8336 0.02709
vt 0.94256 0.0805
vt 0.9443 0.0792
vt 0.70464 0.06618
vt 0.70462 0.07027
vt 0.71316 0.07451
vt 0.71318 0.07042
vt 0.67899 0.06846
vt 0.68062 0.06995
vt 0.96519 0.05625
vt 0.97374 0.05624
vt 0.97376 0.05208
vt 0.70467 0.05648
vt 0.71322 0.06072
vt 0.9737 0.06611
vt 0.70471 0.04686
vt 0.71326 0.0511
vt 0.97367 0.07591
vt 0.70473 0.04294
vt 0.71327 0.04719
vt 0.96508 0.08406
vt 0.97365 0.07989
vt 0.95008 0.08765
vt 0.95168 0.08621
vt 0.72629 0.07554
vt 0.72631 0.07145
vt 0.66791 0.06965
vt 0.66871 0.07161
vt 0.98617 0.05557
vt 0.98618 0.05141
vt 0.72634 0.06175
vt 0.98613 0.06544
vt 0.72638 0.05213
vt 0.98609 0.07523
vt 0.7264 0.04822
vt 0.98607 0.07921
vt 0.96163 0.08935
vt 0.96242 0.08745
usemtl mat0
f 3974/3970/2153 3975/3971/2154 3976/3972/2155
f 3974/3970/2153 3976/3972/2155 3977/3973/2156
f 3975/3971/2154 3978/3974/2157 3979/3975/2158
f 3975/3971/2154 3979/3975/2158 3976/3972/2155
f 3980/3976/2157 3981/3977/2159 3982/3978/2160
f 3980/3976/2157 3982/3978/2160 3983/3979/2158
f 3984/3980/2159 3985/3981/2161 3986/3982/2162
f 3984/3980/2159 3986/3982/2162 3987/3983/2160
f 3985/3981/2161 3988/3984/2163 3989/3985/2164
f 3985/3981/2161 3989/3985/2164 3986/3982/2162
f 3988/3984/2163 3990/3986/2165 3991/3987/2166
f 3988/3984/2163 3991/3987/2166 3989/3985/2164
f 3992/3988/2165 3993/3989/2167 3994/3990/2168
f 3992/3988/2165 3994/3990/2168 3995/3991/2166
f 3996/3992/2167 3974/3970/2153 3977/3973/2156
f 3996/3992/2167 3977/3973/2156 3997/3993/2168
f 3998/3994/2154 3999/3995/2153 4000/3996/2169
f 3998/3994/2154 4000/3996/2169 4001/3997/2170
f 4002/3998/2157 3998/3994/2154 4001/3997/2170
f 4002/3998/2157 4001/3997/2170 4003/3999/2171
f 4004/4000/2159 4002/3998/2157 4003/3999/2171
f 4004/4000/2159 4003/3999/2171 4005/4001/2172
f 4006/4002/2161 4004/4000/2159 4005/4001/2172
f 4006/4002/2161 4005/4001/2172 4007/4003/2173
f 4008/4004/2163 4006/4002/2161 4007/4003/2173
f 4008/4004/2163 4007/4003/2173 4009/4005/2174
f 4010/4006/2165 4008/4004/2163 4009/4005/2174
f 4010/4006/2165 4009/4005/2174 4011/4007/2175
f 4012/4008/2167 4010/4006/2165 4011/4007/2175
f 4012/4008/2167 4011/4007/2175 4013/4009/2176
f 3999/3995/2153 4012/4008/2167 4013/4009/2176
f 3999/3995/2153 4013/4009/2176 4000/3996/2169
f 4014/4010/2170 4015/4011/2169 4016/4012/2177
f 4014/4010/2170 4016/4012/2177 4017/4013/2178
f 4018/4014/2171 4014/4010/2170 4017/4013/2178
f 4018/4014/2171 4017/4013/2178 4019/4015/2179
f 4020/4016/2180 4021/4017/2181 4022/4018/2182
f 4020/4016/2180 4022/4018/2182 4023/4019/2183
f 4024/4020/2184 4020/4016/2180 4023/4019/2183
f 4024/4020/2184 4023/4019/2183 4025/4021/2185
f 4026/4022/2186 4024/4020/2184 4025/4021/2185
f 4026/4022/2186 4025/4021/2185 4027/4023/2187
f 4028/4024/2188 4026/4022/2186 4027/4023/2187
f 4028/4024/2188 4027/4023/2187 4029/4025/2189
f 4030/4026/2176 4031/4027/2175 4032/4028/2190
f 4030/4026/2176 4032/4028/2190 4033/4029/2191
f 4015/4011/2169 4034/4030/2176 4035/4031/2191
f 4015/4011/2169 4035/4031/2191 4016/4012/2177
f 4017/4013/2178 4016/4012/2177 4036/4032/2192
f 4017/4013/2178 4036/4032/2192 4037/4033/2193
f 4019/4015/2179 4017/4013/2178 4037/4033/2193
f 4019/4015/2179 4037/4033/2193 4038/4034/2194
f 4039/4035/2195 4040/4036/2179 4041/4037/2194
f 4039/4035/2195 4041/4037/2194 4042/4038/2196
f 4043/4039/2197 4044/4040/2195 4045/4041/2196
f 4043/4039/2197 4045/4041/2196 4046/4042/2198
f 4047/4043/2199 4043/4039/2197 4046/4042/2198
f 4047/4043/2199 4046/4042/2198 4048/4044/2200
f 4049/4045/2190 4047/4043/2199 4048/4044/2200
f 4049/4045/2190 4048/4044/2200 4050/4046/2201
f 4033/4029/2191 4032/4028/2190 4051/4047/2201
f 4033/4029/2191 4051/4047/2201 4052/4048/2202
f 4016/4012/2177 4035/4031/2191 4053/4049/2202
f 4016/4012/2177 4053/4049/2202 4036/4032/2192
f 4054/4050/2196 4055/4051/2194 4056/4052/2200
f 4054/4050/2196 4056/4052/2200 4057/4053/2198
f 4055/4051/2194 4058/4054/2193 4059/4055/2201
f 4055/4051/2194 4059/4055/2201 4056/4052/2200
f 4058/4054/2193 4060/4056/2192 4061/4057/2202
f 4058/4054/2193 4061/4057/2202 4059/4055/2201
f 4005/4001/2172 4003/3999/2171 4062/4058/2203
f 4005/4001/2172 4062/4058/2203 4063/4059/2204
f 4064/4060/2171 4065/4061/2179 4066/4062/2205
f 4064/4060/2171 4066/4062/2205 4067/4063/2203
f 4068/4064/2179 4069/4065/2195 4070/4066/2206
f 4068/4064/2179 4070/4066/2206 4071/4067/2205
f 4007/4003/2173 4005/4001/2172 4063/4059/2204
f 4007/4003/2173 4063/4059/2204 4072/4068/2207
f 4073/4069/2195 4074/4070/2197 4075/4071/2208
f 4073/4069/2195 4075/4071/2208 4076/4072/2206
f 4009/4005/2174 4007/4003/2173 4072/4068/2207
f 4009/4005/2174 4072/4068/2207 4077/4073/2209
f 4074/4070/2197 4078/4074/2199 4079/4075/2210
f 4074/4070/2197 4079/4075/2210 4075/4071/2208
f 4011/4007/2175 4009/4005/2174 4077/4073/2209
f 4011/4007/2175 4077/4073/2209 4080/4076/2211
f 4081/4077/2199 4082/4078/2190 4083/4079/2212
f 4081/4077/2199 4083/4079/2212 4084/4080/2210
f 4032/4028/2190 4031/4027/2175 4085/4081/2211
f 4032/4028/2190 4085/4081/2211 4086/4082/2212
f 4087/4083/2204 4088/4084/2203 4089/4085/2213
f 4087/4083/2204 4089/4085/2213 4090/4086/2214
f 4067/4063/2203 4066/4062/2205 4091/4087/2215
f 4067/4063/2203 4091/4087/2215 4092/4088/2213
f 4093/4089/2205 4076/4072/2206 4094/4090/2216
f 4093/4089/2205 4094/4090/2216 4095/4091/2215
f 4096/4092/2207 4087/4083/2204 4090/4086/2214
f 4096/4092/2207 4090/4086/2214 4097/4093/2217
f 4076/4072/2206 4075/4071/2208 4098/4094/2218
f 4076/4072/2206 4098/4094/2218 4094/4090/2216
f 4099/4095/2209 4096/4092/2207 4097/4093/2217
f 4099/4095/2209 4097/4093/2217 4100/4096/2219
f 4075/4071/2208 4079/4075/2210 4101/4097/2220
f 4075/4071/2208 4101/4097/2220 4098/4094/2218
f 4102/4098/2211 4099/4095/2209 4100/4096/2219
f 4102/4098/2211 4100/4096/2219 4103/4099/2221
f 4079/4075/2210 4104/4100/2212 4105/4101/2222
f 4079/4075/2210 4105/4101/2222 4101/4097/2220
f 4086/4082/2212 4085/4081/2211 4106/4102/2221
f 4086/4082/2212 4106/4102/2221 4107/4103/2222
f 4090/4086/2214 4089/4085/2213 4108/4104/2181
f 4090/4086/2214 4108/4104/2181 4109/4105/2180
f 4092/4088/2213 4091/4087/2215 4110/4106/2182
f 4092/4088/2213 4110/4106/2182 4111/4107/2181
f 4095/4091/2215 4094/4090/2216 4112/4108/2183
f 4095/4091/2215 4112/4108/2183 4113/4109/2182
f 4097/4093/2217 4090/4086/2214 4109/4105/2180
f 4097/4093/2217 4109/4105/2180 4114/4110/2184
f 4094/4090/2216 4098/4094/2218 4115/4111/2185
f 4094/4090/2216 4115/4111/2185 4112/4108/2183
f 4100/4096/2219 4097/4093/2217 4114/4110/2184
f 4100/4096/2219 4114/4110/2184 4116/4112/2186
f 4098/4094/2218 4101/4097/2220 4117/4113/2187
f 4098/4094/2218 4117/4113/2187 4115/4111/2185
f 4103/4099/2221 4100/4096/2219 4116/4112/2186
f 4103/4099/2221 4116/4112/2186 4118/4114/2188
f 4101/4097/2220 4105/4101/2222 4119/4115/2189
f 4101/4097/2220 4119/4115/2189 4117/4113/2187
f 4107/4103/2222 4106/4102/2221 4120/4116/2188
f 4107/4103/2222 4120/4116/2188 4121/4117/2189
# Vertices: 148, normals: 70, texture coordinates: 148, faces: 130

o obj17
v 0.10863878 0.04251494 -0.27833067
v 0.10842695 0.04245063 -0.27839119
v 0.10055102 0.04258348 -0.28063823
v 0.10812517 0.03626303 -0.27847715
v 0.10064007 0.03575597 -0.28061286
v 0.09886336 0.04897733 -0.2794314
v 0.09541562 0.04747329 -0.28042099
v 0.10938511 0.04890465 -0.27641475
v 0.11278781 0.04741481 -0.27541578
v 0.09399168 0.04387513 -0.28080824
v 0.11701091 0.02364226 -0.26251456
v 0.11712159 0.02520982 -0.26916648
v 0.1172085 0.04504432 -0.26925989
v 0.1170542 0.04579493 -0.26266306
v 0.11386402 0.02983963 -0.27503087
v 0.11405348 0.04382132 -0.27501163
v 0.10755746 0.05577111 -0.26573878
v 0.10899263 0.05372166 -0.27184049
v 0.09655747 0.05373974 -0.27543685
v 0.09422691 0.0557663 -0.26961895
v 0.10899263 0.05372166 -0.27184049
v 0.09655747 0.05373974 -0.27543685
v 0.02297349 0.0762331 0.02455997
v 0.09807154 0.05797107 -0.23315386
v 0.08322664 0.05796679 -0.23745796
v -0.00444146 0.0762331 0.01673817
v 0.03256878 0.03274328 0.02729761
v -0.01403173 0.03274328 0.01400199
v 0.07352224 0.02461596 -0.23986052
v 0.10754027 0.02462075 -0.22998194
v 0.07361731 0.04799005 -0.24013836
v 0.07352224 0.02461596 -0.23986052
v -0.01403173 0.03274328 0.01400199
v -0.01403173 0.06625255 0.01400199
v 0.03256878 0.03274328 0.02729761
v 0.10754027 0.02462075 -0.22998194
v 0.10757897 0.04799246 -0.23011444
v 0.03256878 0.06623411 0.02729761
v 0.10482062 0.05505075 -0.23109511
v 0.0297584 0.07330445 0.02649577
v 0.10482062 0.05505075 -0.23109511
v 0.0297584 0.07330445 0.02649577
v 0.07645221 0.05504219 -0.23941278
v -0.01122282 0.07330987 0.01480339
v 0.07645221 0.05504219 -0.23941278
v -0.01122282 0.07330987 0.01480339
v 0.11712159 0.01463266 -0.26916648
v 0.11701091 0.01463266 -0.26251456
v 0.08450871 0.01463266 -0.27198139
v 0.08817803 0.01463266 -0.27757041
v 0.10812517 0.0146328 -0.27847715
v 0.11386402 0.01463273 -0.27503087
v 0.09407192 0.01463266 -0.28072031
v 0.10064007 0.0146328 -0.28061286
v 0.08817803 0.02511792 -0.27757041
v 0.08450871 0.02363688 -0.27198139
v 0.08461517 0.04579003 -0.27229285
v 0.08821231 0.04506002 -0.277774
v 0.09407192 0.02954716 -0.28072031
v 0.09407192 0.02954716 -0.28072031
v 0.09399168 0.04387513 -0.28080824
v 0.11485146 0.05117976 -0.27007594
v 0.11430225 0.05285178 -0.26366516
v 0.09066827 0.05119481 -0.27713922
v 0.08745312 0.05284154 -0.27157651
v 0.09886336 0.04897733 -0.2794314
v 0.09541562 0.04747329 -0.28042099
v 0.11430225 0.05285178 -0.26366516
v 0.11485146 0.05117976 -0.27007594
v 0.09066827 0.05119481 -0.27713922
v 0.09541562 0.04747329 -0.28042099
v 0.08745312 0.05284154 -0.27157651
v 0.10754027 0.01463266 -0.22998194
v 0.07352224 0.01463266 -0.23986052
v 0.11701091 0.01463266 -0.26251456
v 0.11712159 0.01463266 -0.26916648
v 0.08817803 0.01463266 -0.27757041
v 0.08450871 0.01463266 -0.27198139
v 0.11386402 0.01463273 -0.27503087
v 0.10812517 0.0146328 -0.27847715
v 0.10064007 0.0146328 -0.28061286
v 0.09407192 0.01463266 -0.28072031
v 0.09407192 0.01463266 -0.28072031
v 0.10754027 0.02462075 -0.22998194
v 0.07352224 0.02461596 -0.23986052
v 0.07352224 0.01463266 -0.23986052
v 0.10754027 0.01463266 -0.22998194
v 0.07352224 0.01463266 -0.23986052
v 0.10754027 0.01463266 -0.22998194
vn -0.80589 0.2096 0.55372
vn -0.89309 -0.00464 0.44985
vn -0.70614 0.10317 0.70051
vn -0.85577 -0.00227 0.51735
vn -0.7104 -0.00147 0.7038
vn -0.62883 0.53657 0.56273
vn -0.38882 0.40539 0.82733
vn -0.70314 0.53524 0.4681
vn -0.90284 0.40228 0.1518
vn -0.30149 0.0399 0.95263
vn -0.64324 -0.00028 -0.76566
vn -0.92018 -0.00267 -0.3915
vn -0.907 0.07553 -0.4143
vn -0.64384 0.0938 -0.75939
vn -0.98924 -0.00377 0.14626
vn -0.99853 0.03622 0.04039
vn -0.16176 0.98587 -0.04358
vn -0.47231 0.85308 0.22178
vn -0.33544 0.85299 0.39985
vn -0.00399 0.98573 0.16829
vn -0.11338 0.9929 -0.03609
vn -0.11636 0.99238 -0.04043
vn 0.00448 0.99233 0.1235
vn 0.00641 0.99192 0.12673
vn -0.32743 -0.82333 -0.46358
vn 0.35374 -0.81281 0.46281
vn 0.38154 -0.80166 0.46019
vn -0.33307 -0.79301 -0.5101
vn 0.56704 0.08048 0.81975
vn 0.56619 0.08657 0.81972
vn -0.6146 0.08015 -0.78476
vn -0.61462 0.08774 -0.78393
vn -0.47278 0.70177 -0.53292
vn -0.46563 0.71473 -0.52187
vn 0.36764 0.70351 0.60821
vn 0.36574 0.70593 0.60655
vn -0.41433 -0.89783 -0.1491
vn -0.1782 -0.96134 -0.20994
vn 0.14599 -0.96282 0.22732
vn 0.034 -0.90122 0.43202
vn -0.84095 -0.15376 0.5188
vn -0.72986 -0.66949 0.13819
vn -0.30719 -0.6825 0.66319
vn -0.70691 -0.15641 0.68979
vn 0.12868 -0.00308 0.99168
vn 0.54425 -0.00036 0.83892
vn 0.53743 0.09394 0.83806
vn 0.14601 0.07585 0.98637
vn -0.3856 -0.00357 0.92266
vn -0.77011 0.60678 -0.19684
vn -0.501 0.7002 -0.50865
vn -0.02565 0.60574 0.79525
vn 0.33946 0.70105 0.62713
vn 0.06493 -0.92614 -0.37156
vn 0.37759 -0.92519 0.03801
vt 0.83842 0.0909
vt 0.83848 0.09073
vt 0.83838 0.08469
vt 0.84428 0.09052
vt 0.84478 0.08478
vt 0.83238 0.08465
vt 0.8338 0.082
vt 0.83242 0.09274
vt 0.83381 0.09538
vt 0.83718 0.08094
vt 0.85605 0.10758
vt 0.8546 0.10259
vt 0.836 0.10249
vt 0.83528 0.10741
vt 0.85028 0.09633
vt 0.83717 0.09639
vt 0.97107 0.21099
vt 0.97415 0.21459
vt 0.98191 0.20861
vt 0.9794 0.20459
vt 0.82789 0.09597
vt 0.82791 0.08639
vt 0.8317 0.02956
vt 0.95542 0.19063
vt 0.96469 0.18349
vt 0.84873 0.01633
vt 0.84782 0.05996
vt 0.81956 0.03765
vt 0.70457 0.20068
vt 0.7253 0.2169
vt 0.68635 0.25254
vt 0.70558 0.25242
vt 0.6996 0.07139
vt 0.67204 0.07128
vt 0.84684 0.28087
vt 0.85506 0.12704
vt 0.83314 0.12687
vt 0.81543 0.28074
vt 0.82653 0.12458
vt 0.80881 0.27856
vt 0.95115 0.19383
vt 0.82748 0.03284
vt 0.96891 0.18023
vt 0.85294 0.01305
vt 0.68054 0.25406
vt 0.66623 0.07274
vt 0.76185 0.05169
vt 0.76581 0.04874
vt 0.74599 0.03326
vt 0.74421 0.0379
vt 0.75233 0.05031
vt 0.7569 0.05228
vt 0.74488 0.04282
vt 0.74779 0.04673
vt 0.70505 0.2804
vt 0.70629 0.27527
vt 0.68807 0.27542
vt 0.68865 0.28046
vt 0.85062 0.0811
vt 0.70139 0.28584
vt 0.6896 0.28578
vt 0.83025 0.10055
vt 0.82867 0.10511
vt 0.98558 0.20578
vt 0.98362 0.20133
vt 0.98331 0.2118
vt 0.98546 0.21014
vt 0.96679 0.21418
vt 0.97046 0.21738
vt 0.6836 0.28177
vt 0.68664 0.28653
vt 0.68226 0.27693
vt 0.7813 0.0289
vt 0.76058 0.01269
vt 0.8645 0.10761
vt 0.86452 0.10263
vt 0.71368 0.28044
vt 0.7137 0.27529
vt 0.86454 0.09638
vt 0.86457 0.0906
vt 0.86459 0.08486
vt 0.8646 0.08116
vt 0.71366 0.28588
vt 0.94311 0.08782
vt 0.94302 0.11121
vt 0.95137 0.11124
vt 0.95146 0.08785
vt 0.71379 0.25245
vt 0.86442 0.12707
usemtl mat0
f 4122/4118/2223 4123/4119/2224 4124/4120/2225
f 4123/4119/2224 4125/4121/2226 4124/4120/2225
f 4124/4120/2225 4125/4121/2226 4126/4122/2227
f 4127/4123/2228 4124/4120/2225 4128/4124/2229
f 4122/4118/2223 4129/4125/2230 4130/4126/2231
f 4124/4120/2225 4131/4127/2232 4128/4124/2229
f 4132/4128/2233 4133/4129/2234 4134/4130/2235
f 4132/4128/2233 4134/4130/2235 4135/4131/2236
f 4133/4129/2234 4136/4132/2237 4137/4133/2238
f 4133/4129/2234 4137/4133/2238 4134/4130/2235
f 4136/4132/2237 4125/4121/2226 4123/4119/2224
f 4136/4132/2237 4123/4119/2224 4137/4133/2238
f 4138/4134/2239 4139/4135/2240 4140/4136/2241
f 4138/4134/2239 4140/4136/2241 4141/4137/2242
f 4142/4138/2240 4129/4125/2230 4127/4123/2228
f 4142/4138/2240 4127/4123/2228 4143/4139/2241
f 4129/4125/2230 4122/4118/2223 4124/4120/2225
f 4129/4125/2230 4124/4120/2225 4127/4123/2228
f 4144/4140/2243 4145/4141/2244 4146/4142/2245
f 4144/4140/2243 4146/4142/2245 4147/4143/2246
f 4148/4144/2247 4149/4145/2248 4150/4146/2249
f 4148/4144/2247 4150/4146/2249 4151/4147/2250
f 4152/4148/2251 4153/4149/2249 4154/4150/2248
f 4152/4148/2251 4154/4150/2248 4155/4151/2252
f 4156/4152/2247 4157/4153/2250 4158/4154/2253
f 4156/4152/2247 4158/4154/2253 4159/4155/2254
f 4158/4154/2253 4160/4156/2255 4161/4157/2256
f 4158/4154/2253 4161/4157/2256 4159/4155/2254
f 4162/4158/2255 4145/4141/2244 4144/4140/2243
f 4162/4158/2255 4144/4140/2243 4163/4159/2256
f 4146/4142/2245 4164/4160/2257 4165/4161/2258
f 4146/4142/2245 4165/4161/2258 4147/4143/2246
f 4166/4162/2257 4152/4148/2251 4155/4151/2252
f 4166/4162/2257 4155/4151/2252 4167/4163/2258
f 4168/4164/2259 4169/4165/2260 4170/4166/2261
f 4168/4164/2259 4170/4166/2261 4171/4167/2262
f 4172/4168/2263 4173/4169/2264 4174/4170/2265
f 4172/4168/2263 4174/4170/2265 4175/4171/2266
f 4173/4169/2264 4168/4164/2259 4171/4167/2262
f 4173/4169/2264 4171/4167/2262 4174/4170/2265
f 4176/4172/2267 4177/4173/2268 4178/4174/2269
f 4176/4172/2267 4178/4174/2269 4179/4175/2270
f 4126/4122/2227 4180/4176/2271 4131/4127/2232
f 4126/4122/2227 4131/4127/2232 4124/4120/2225
f 4181/4177/2271 4176/4172/2267 4179/4175/2270
f 4181/4177/2271 4179/4175/2270 4182/4178/2232
f 4137/4133/2238 4123/4119/2224 4122/4118/2223
f 4137/4133/2238 4122/4118/2223 4130/4126/2231
f 4135/4131/2236 4134/4130/2235 4183/4179/2272
f 4135/4131/2236 4183/4179/2272 4184/4180/2273
f 4134/4130/2235 4137/4133/2238 4130/4126/2231
f 4134/4130/2235 4130/4126/2231 4183/4179/2272
f 4141/4137/2242 4140/4136/2241 4185/4181/2274
f 4141/4137/2242 4185/4181/2274 4186/4182/2275
f 4140/4136/2241 4187/4183/2228 4188/4184/2229
f 4140/4136/2241 4188/4184/2229 4185/4181/2274
f 4129/4125/2230 4142/4138/2240 4183/4179/2272
f 4129/4125/2230 4183/4179/2272 4130/4126/2231
f 4139/4135/2240 4138/4134/2239 4189/4185/2273
f 4139/4135/2240 4189/4185/2273 4190/4186/2272
f 4182/4178/2232 4179/4175/2270 4191/4187/2274
f 4182/4178/2232 4191/4187/2274 4192/4188/2229
f 4179/4175/2270 4178/4174/2269 4193/4189/2275
f 4179/4175/2270 4193/4189/2275 4191/4187/2274
f 4146/4142/2245 4145/4141/2244 4138/4134/2239
f 4146/4142/2245 4138/4134/2239 4141/4137/2242
f 4141/4137/2242 4186/4182/2275 4164/4160/2257
f 4141/4137/2242 4164/4160/2257 4146/4142/2245
f 4193/4189/2275 4178/4174/2269 4152/4148/2251
f 4193/4189/2275 4152/4148/2251 4166/4162/2257
f 4177/4173/2268 4153/4149/2249 4152/4148/2251
f 4177/4173/2268 4152/4148/2251 4178/4174/2269
f 4194/4190/2276 4195/4191/2277 4170/4166/2261
f 4194/4190/2276 4170/4166/2261 4169/4165/2260
f 4158/4154/2253 4157/4153/2250 4132/4128/2233
f 4158/4154/2253 4132/4128/2233 4135/4131/2236
f 4135/4131/2236 4184/4180/2273 4160/4156/2255
f 4135/4131/2236 4160/4156/2255 4158/4154/2253
f 4189/4185/2273 4138/4134/2239 4145/4141/2244
f 4189/4185/2273 4145/4141/2244 4162/4158/2255
f 4133/4129/2234 4132/4128/2233 4196/4192/2260
f 4133/4129/2234 4196/4192/2260 4197/4193/2259
f 4177/4173/2268 4176/4172/2267 4198/4194/2262
f 4177/4173/2268 4198/4194/2262 4199/4195/2261
f 4125/4121/2226 4136/4132/2237 4200/4196/2264
f 4125/4121/2226 4200/4196/2264 4201/4197/2263
f 4180/4176/2271 4126/4122/2227 4202/4198/2266
f 4180/4176/2271 4202/4198/2266 4203/4199/2265
f 4126/4122/2227 4125/4121/2226 4201/4197/2263
f 4126/4122/2227 4201/4197/2263 4202/4198/2266
f 4136/4132/2237 4133/4129/2234 4197/4193/2259
f 4136/4132/2237 4197/4193/2259 4200/4196/2264
f 4176/4172/2267 4181/4177/2271 4204/4200/2265
f 4176/4172/2267 4204/4200/2265 4198/4194/2262
f 4205/4201/2250 4206/4202/2249 4207/4203/2277
f 4205/4201/2250 4207/4203/2277 4208/4204/2276
f 4153/4149/2249 4177/4173/2268 4199/4195/2261
f 4153/4149/2249 4199/4195/2261 4209/4205/2277
f 4132/4128/2233 4157/4153/2250 4210/4206/2276
f 4132/4128/2233 4210/4206/2276 4196/4192/2260
# Vertices: 89, normals: 55, texture coordinates: 89, faces: 100

o obj18
v -0.26276355 -0.01961656 -0.16265018
v -0.25850916 -0.0013179 -0.15637731
v -0.24823802 -0.01961656 -0.14123312
v -0.25850913 -0.03791522 -0.15637729
v -0.24823798 -0.04549481 -0.1412331
v -0.2379669 -0.03791522 -0.12608903
v -0.23371248 -0.01961656 -0.1198161
v -0.23796683 -0.0013179 -0.12608901
v -0.24823798 0.00626161 -0.1412331
v -0.29512719 -0.0013179 -0.13154207
v -0.29938161 -0.01961656 -0.13781496
v -0.28485607 -0.01961656 -0.11639792
v -0.29512719 -0.03791522 -0.13154207
v -0.28485609 -0.04549481 -0.11639793
v -0.27458497 -0.03791522 -0.10125377
v -0.27033051 -0.01961656 -0.09498088
v -0.27458497 -0.0013179 -0.10125377
v -0.28485609 0.00626161 -0.11639793
v -0.25850916 -0.0013179 -0.15637731
v -0.26276355 -0.01961656 -0.16265018
v -0.26771873 -0.01961656 -0.15928948
v -0.26346437 -0.0013179 -0.15301652
v -0.25850913 -0.03791522 -0.15637729
v -0.26346437 -0.03791522 -0.15301652
v -0.25850913 -0.03791522 -0.15637729
v -0.24823798 -0.04549481 -0.1412331
v -0.25319326 -0.04549481 -0.13787243
v -0.26346437 -0.03791522 -0.15301652
v -0.2379669 -0.03791522 -0.12608903
v -0.24292207 -0.03791522 -0.12272826
v -0.2379669 -0.03791522 -0.12608903
v -0.23371248 -0.01961656 -0.1198161
v -0.23866768 -0.01961656 -0.11645534
v -0.24292207 -0.03791522 -0.12272826
v -0.23796683 -0.0013179 -0.12608901
v -0.24292207 -0.0013179 -0.12272826
v -0.23796683 -0.0013179 -0.12608901
v -0.24823798 0.00626161 -0.1412331
v -0.25319326 0.00626161 -0.13787243
v -0.24292207 -0.0013179 -0.12272826
v -0.25850916 -0.0013179 -0.15637731
v -0.26346437 -0.0013179 -0.15301652
v -0.2790995 0.00626161 -0.12030213
v -0.28937066 -0.0013179 -0.13544629
v -0.29512719 -0.0013179 -0.13154207
v -0.28485609 0.00626161 -0.11639793
v -0.26882849 -0.0013179 -0.10515795
v -0.27458497 -0.0013179 -0.10125377
v -0.26457402 -0.01961656 -0.09888503
v -0.26882849 -0.0013179 -0.10515795
v -0.27458497 -0.0013179 -0.10125377
v -0.27033051 -0.01961656 -0.09498088
v -0.26882849 -0.03791522 -0.10515795
v -0.27458497 -0.03791522 -0.10125377
v -0.2790995 -0.04549481 -0.12030213
v -0.26882849 -0.03791522 -0.10515795
v -0.27458497 -0.03791522 -0.10125377
v -0.28485609 -0.04549481 -0.11639793
v -0.28937066 -0.03791522 -0.13544629
v -0.29512719 -0.03791522 -0.13154207
v -0.29362509 -0.01961656 -0.1417192
v -0.28937066 -0.03791522 -0.13544629
v -0.29512719 -0.03791522 -0.13154207
v -0.29938161 -0.01961656 -0.13781496
v -0.28937066 -0.0013179 -0.13544629
v -0.29512719 -0.0013179 -0.13154207
v -0.29362509 -0.01961656 -0.1417192
v -0.28937066 -0.0013179 -0.13544629
v -0.2790995 -0.04549481 -0.12030213
v -0.28937066 -0.03791522 -0.13544629
v -0.2790995 0.00626161 -0.12030213
v -0.26882849 -0.03791522 -0.10515795
v -0.26882849 -0.0013179 -0.10515795
v -0.26457402 -0.01961656 -0.09888503
v -0.26771873 -0.01961656 -0.15928948
v -0.26346437 -0.03791522 -0.15301652
v -0.25319326 0.00626161 -0.13787243
v -0.26346437 -0.0013179 -0.15301652
v -0.25319326 -0.04549481 -0.13787243
v -0.24292207 -0.0013179 -0.12272826
v -0.24292207 -0.03791522 -0.12272826
v -0.23866768 -0.01961656 -0.11645534
vn 0.07274 0 0.99735
vn -0.06367 0.37129 0.92633
vn -0.46178 -0 0.88699
vn -0.06367 -0.37129 0.92633
vn -0.393 -0.52508 0.75487
vn -0.72233 -0.37129 0.58342
vn -0.85875 -0 0.5124
vn -0.72233 0.37129 0.58342
vn -0.393 0.52508 0.75488
vn 0.74072 0.41194 -0.53071
vn 0.89206 0 -0.45191
vn 0.46179 -0 -0.88699
vn 0.74072 -0.41194 -0.53071
vn 0.37533 -0.58257 -0.72093
vn 0.00995 -0.41193 -0.91116
vn -0.1414 -0 -0.98995
vn 0.00995 0.41194 -0.91116
vn 0.37533 0.58257 -0.72093
vn 0.70274 -0 -0.71145
vn 0.62615 0.20844 -0.75132
vn 0.56822 -0.1287 -0.81275
vn 0.45407 -0.182 -0.87218
vn 0.25638 -0.20844 -0.94383
vn 0.1798 0 -0.9837
vn 0.33992 0.1287 -0.93161
vn 0.45407 0.182 -0.87218
vn -0.45147 0.21022 0.86717
vn -0.31962 0.14865 0.93581
vn -0.64631 0.23855 0.72483
vn -0.73395 0 0.6792
vn -0.58332 -0.14865 0.79853
vn -0.45147 -0.21022 0.86717
vn -0.22312 -0.23855 0.94515
vn -0.13547 0 0.99078
vt 0.7805 0.03318
vt 0.78575 0.04763
vt 0.79861 0.03325
vt 0.78586 0.01877
vt 0.79869 0.01284
vt 0.81146 0.01887
vt 0.81671 0.03332
vt 0.81135 0.04773
vt 0.79853 0.05366
vt 0.91913 0.01929
vt 0.91378 0.0337
vt 0.93188 0.03377
vt 0.91902 0.04815
vt 0.9318 0.05418
vt 0.94462 0.04825
vt 0.94998 0.03384
vt 0.94474 0.01939
vt 0.93196 0.01336
vt 0.94008 0.10659
vt 0.94301 0.09159
vt 0.93865 0.09157
vt 0.93572 0.10657
vt 0.94019 0.07656
vt 0.93584 0.07654
vt 0.74124 0.06087
vt 0.74772 0.07343
vt 0.75183 0.07131
vt 0.74535 0.05874
vt 0.7542 0.086
vt 0.75831 0.08388
vt 0.97209 0.08082
vt 0.9749 0.09585
vt 0.97926 0.09586
vt 0.97645 0.08084
vt 0.97197 0.11085
vt 0.97633 0.11087
vt 0.92657 0.0935
vt 0.93315 0.08098
vt 0.92905 0.07883
vt 0.92247 0.09134
vt 0.93972 0.06846
vt 0.93563 0.06631
vt 0.73666 0.06735
vt 0.74324 0.05484
vt 0.73848 0.05234
vt 0.7319 0.06485
vt 0.73008 0.07987
vt 0.72533 0.07737
vt 0.98095 0.0947
vt 0.97802 0.1097
vt 0.98308 0.10972
vt 0.98601 0.09472
vt 0.97814 0.07967
vt 0.9832 0.07969
vt 0.74543 0.05728
vt 0.75191 0.06985
vt 0.75669 0.06739
vt 0.75021 0.05482
vt 0.73895 0.04471
vt 0.74373 0.04225
vt 0.67924 0.02739
vt 0.67643 0.01236
vt 0.67137 0.01234
vt 0.67418 0.02737
vt 0.67631 0.04239
vt 0.67125 0.04237
vt 0.95005 0.03384
vt 0.95529 0.0483
vt 0.96823 0.01351
vt 0.9554 0.01943
vt 0.96807 0.05432
vt 0.98101 0.01953
vt 0.98089 0.0484
vt 0.98625 0.03399
vt 0.87751 0.03356
vt 0.88275 0.04801
vt 0.89569 0.01322
vt 0.88286 0.01915
vt 0.89553 0.05404
vt 0.90847 0.01925
vt 0.90835 0.04811
vt 0.91371 0.0337
usemtl mat0
f 4211/4207/2278 4212/4208/2279 4213/4209/2280
f 4214/4210/2281 4211/4207/2278 4213/4209/2280
f 4215/4211/2282 4214/4210/2281 4213/4209/2280
f 4216/4212/2283 4215/4211/2282 4213/4209/2280
f 4217/4213/2284 4216/4212/2283 4213/4209/2280
f 4218/4214/2285 4217/4213/2284 4213/4209/2280
f 4219/4215/2286 4218/4214/2285 4213/4209/2280
f 4212/4208/2279 4219/4215/2286 4213/4209/2280
f 4220/4216/2287 4221/4217/2288 4222/4218/2289
f 4221/4217/2288 4223/4219/2290 4222/4218/2289
f 4223/4219/2290 4224/4220/2291 4222/4218/2289
f 4224/4220/2291 4225/4221/2292 4222/4218/2289
f 4225/4221/2292 4226/4222/2293 4222/4218/2289
f 4226/4222/2293 4227/4223/2294 4222/4218/2289
f 4227/4223/2294 4228/4224/2295 4222/4218/2289
f 4228/4224/2295 4220/4216/2287 4222/4218/2289
f 4229/4225/2279 4230/4226/2278 4231/4227/2296
f 4229/4225/2279 4231/4227/2296 4232/4228/2297
f 4230/4226/2278 4233/4229/2281 4234/4230/2298
f 4230/4226/2278 4234/4230/2298 4231/4227/2296
f 4235/4231/2281 4236/4232/2282 4237/4233/2299
f 4235/4231/2281 4237/4233/2299 4238/4234/2298
f 4236/4232/2282 4239/4235/2283 4240/4236/2300
f 4236/4232/2282 4240/4236/2300 4237/4233/2299
f 4241/4237/2283 4242/4238/2284 4243/4239/2301
f 4241/4237/2283 4243/4239/2301 4244/4240/2300
f 4242/4238/2284 4245/4241/2285 4246/4242/2302
f 4242/4238/2284 4246/4242/2302 4243/4239/2301
f 4247/4243/2285 4248/4244/2286 4249/4245/2303
f 4247/4243/2285 4249/4245/2303 4250/4246/2302
f 4248/4244/2286 4251/4247/2279 4252/4248/2297
f 4248/4244/2286 4252/4248/2297 4249/4245/2303
f 4253/4249/2304 4254/4250/2305 4255/4251/2287
f 4253/4249/2304 4255/4251/2287 4256/4252/2295
f 4257/4253/2306 4253/4249/2304 4256/4252/2295
f 4257/4253/2306 4256/4252/2295 4258/4254/2294
f 4259/4255/2307 4260/4256/2306 4261/4257/2294
f 4259/4255/2307 4261/4257/2294 4262/4258/2293
f 4263/4259/2308 4259/4255/2307 4262/4258/2293
f 4263/4259/2308 4262/4258/2293 4264/4260/2292
f 4265/4261/2309 4266/4262/2308 4267/4263/2292
f 4265/4261/2309 4267/4263/2292 4268/4264/2291
f 4269/4265/2310 4265/4261/2309 4268/4264/2291
f 4269/4265/2310 4268/4264/2291 4270/4266/2290
f 4271/4267/2311 4272/4268/2310 4273/4269/2290
f 4271/4267/2311 4273/4269/2290 4274/4270/2288
f 4275/4271/2305 4271/4267/2311 4274/4270/2288
f 4275/4271/2305 4274/4270/2288 4276/4272/2287
f 4277/4273/2311 4278/4274/2305 4279/4275/2309
f 4277/4273/2311 4279/4275/2309 4280/4276/2310
f 4278/4274/2305 4281/4277/2304 4282/4278/2308
f 4278/4274/2305 4282/4278/2308 4279/4275/2309
f 4281/4277/2304 4283/4279/2306 4284/4280/2307
f 4281/4277/2304 4284/4280/2307 4282/4278/2308
f 4285/4281/2296 4286/4282/2298 4287/4283/2303
f 4285/4281/2296 4287/4283/2303 4288/4284/2297
f 4286/4282/2298 4289/4285/2299 4290/4286/2302
f 4286/4282/2298 4290/4286/2302 4287/4283/2303
f 4289/4285/2299 4291/4287/2300 4292/4288/2301
f 4289/4285/2299 4292/4288/2301 4290/4286/2302
# Vertices: 82, normals: 34, texture coordinates: 82, faces: 60

o obj19
v -0.27757506 0.00903763 -0.14513233
v -0.28164597 0.00903763 -0.13882792
v -0.28164597 0.01498336 -0.13882792
v -0.27757506 0.01498336 -0.14513233
v -0.28006672 0.00903763 -0.13149145
v -0.28006672 0.01498336 -0.13149145
v -0.28006672 0.00903763 -0.13149145
v -0.27376225 0.00903763 -0.12742051
v -0.27376225 0.01498336 -0.12742051
v -0.28006672 0.01498336 -0.13149145
v -0.27376225 0.00903763 -0.12742051
v -0.26642579 0.00903763 -0.12899973
v -0.26642579 0.01498336 -0.12899973
v -0.27376225 0.01498336 -0.12742051
v -0.26235488 0.00903763 -0.13530422
v -0.26235488 0.01498336 -0.13530422
v -0.26393408 0.00903763 -0.1426407
v -0.26393408 0.01498336 -0.1426407
v -0.26393408 0.00903763 -0.1426407
v -0.27023859 0.00903763 -0.14671158
v -0.27023859 0.01498336 -0.14671158
v -0.26393408 0.01498336 -0.1426407
v -0.27023859 0.00903763 -0.14671158
v -0.27023859 0.01498336 -0.14671158
v -0.28164597 0.00903763 -0.13882792
v -0.27757506 0.00903763 -0.14513233
v -0.28522511 0.00907841 -0.15624443
v -0.29337409 0.00907841 -0.1422977
v -0.28006672 0.00903763 -0.13149145
v -0.28900268 0.00907841 -0.1252863
v -0.27376225 0.00903763 -0.12742051
v -0.27473444 0.0080213 -0.11526806
v -0.26642579 0.00903763 -0.12899973
v -0.25958934 0.00716982 -0.1190887
v -0.26235488 0.00903763 -0.13530422
v -0.25068951 0.0080213 -0.13192717
v -0.26393408 0.00903763 -0.1426407
v -0.25499818 0.00907841 -0.14884576
v -0.27023859 0.00903763 -0.14671158
v -0.26932928 0.00907841 -0.15895676
v -0.29337409 0.00907841 -0.1422977
v -0.28522511 0.00907841 -0.15624443
v -0.28522511 0.00606772 -0.15624443
v -0.29337409 0.00606772 -0.1422977
v -0.28900268 0.00907841 -0.1252863
v -0.28900268 0.00606772 -0.1252863
v -0.26066541 -0.02041443 -0.09798344
v -0.26510516 -0.02041384 -0.0949758
v -0.26669149 -0.02144698 -0.09731717
v -0.26225158 -0.02144639 -0.10032494
v -0.25014129 -0.02041384 -0.10511329
v -0.25172752 -0.02144698 -0.10745491
v -0.23969786 -0.02041384 -0.11218833
v -0.24128418 -0.02144698 -0.11452987
v -0.23545285 -0.02041384 -0.11506447
v -0.23703906 -0.02144698 -0.11740566
v -0.26932928 0.00907841 -0.15895676
v -0.25499818 0.00907841 -0.14884576
v -0.25499818 0.00606772 -0.14884576
v -0.26932928 0.00606772 -0.15895676
v -0.26932928 0.00907841 -0.15895676
v -0.26932928 0.00606772 -0.15895676
v -0.28522511 -0.01819651 -0.15624443
v -0.29337409 -0.01819651 -0.1422977
v -0.28900268 -0.01819651 -0.1252863
v -0.27467153 0.00606772 -0.11517529
v -0.28900268 0.00606772 -0.1252863
v -0.28900268 -0.01819651 -0.1252863
v -0.27467153 -0.01819651 -0.11517529
v -0.25877564 0.00606772 -0.11788766
v -0.27467153 0.00606772 -0.11517529
v -0.27467153 -0.01819651 -0.11517529
v -0.25877564 -0.01819651 -0.11788766
v -0.25062665 0.00606772 -0.1318345
v -0.25062665 -0.01819651 -0.1318345
v -0.25499818 0.00606772 -0.14884576
v -0.25499818 -0.01819651 -0.14884576
v -0.25499818 -0.01819651 -0.14884576
v -0.26932928 -0.01819651 -0.15895676
v -0.26932928 -0.01819651 -0.15895676
v -0.27467153 -0.01819651 -0.11517529
v -0.28900268 -0.01819651 -0.1252863
v -0.25062665 -0.01819651 -0.1318345
v -0.25877564 -0.01819651 -0.11788766
v -0.29337409 -0.01819651 -0.1422977
v -0.25499818 -0.01819651 -0.14884576
v -0.28522511 -0.01819651 -0.15624443
v -0.26932928 -0.01819651 -0.15895676
v -0.27242369 0.00479945 -0.10577864
v -0.26798401 0.00479945 -0.10878637
v -0.28900268 0.00907841 -0.1252863
v -0.28900268 0.00606772 -0.1252863
v -0.27352107 0.00251058 -0.10739795
v -0.27242369 0.00479945 -0.10577864
v -0.28900268 0.00606772 -0.1252863
v -0.27467153 0.00606772 -0.11517529
v -0.26908113 0.00251058 -0.11040576
v -0.27352107 0.00251058 -0.10739795
v -0.2574599 0.0047993 -0.11591605
v -0.27467153 0.00606772 -0.11517529
v -0.25877564 0.00606772 -0.11788766
v -0.25855708 0.00251058 -0.11753548
v -0.26908113 0.00251058 -0.11040576
v -0.24701652 0.00479945 -0.12299133
v -0.25062665 0.00606772 -0.1318345
v -0.24811356 0.00251058 -0.12461056
v -0.24277141 0.00479945 -0.12586726
v -0.25062665 0.00606772 -0.1318345
v -0.25499818 0.00606772 -0.14884576
v -0.24386839 0.00251058 -0.12748674
v -0.24811356 0.00251058 -0.12461056
v -0.24277141 0.00479945 -0.12586726
v -0.24386839 0.00251058 -0.12748674
v -0.26798401 0.00479945 -0.10878637
v -0.27242369 0.00479945 -0.10577864
v -0.26648346 -0.00515273 -0.09701016
v -0.26204349 -0.00515273 -0.10001781
v -0.26768973 -0.00725972 -0.09879086
v -0.26648346 -0.00515273 -0.09701016
v -0.27352107 0.00251058 -0.10739795
v -0.26324987 -0.00725972 -0.10179853
v -0.26768973 -0.00725972 -0.09879086
v -0.2574599 0.0047993 -0.11591605
v -0.25151945 -0.00515273 -0.10714744
v -0.25272581 -0.00725972 -0.1089282
v -0.24701652 0.00479945 -0.12299133
v -0.24107613 -0.00515273 -0.11422259
v -0.24228242 -0.00725972 -0.11600318
v -0.24277141 0.00479945 -0.12586726
v -0.23683095 -0.00515273 -0.11709873
v -0.24386839 0.00251058 -0.12748674
v -0.23803737 -0.00725972 -0.11887938
v -0.23683095 -0.00515273 -0.11709873
v -0.23803737 -0.00725972 -0.11887938
v -0.26510516 -0.02041384 -0.0949758
v -0.26066541 -0.02041443 -0.09798344
v -0.26669149 -0.02144698 -0.09731717
v -0.26510516 -0.02041384 -0.0949758
v -0.26225158 -0.02144639 -0.10032494
v -0.26669149 -0.02144698 -0.09731717
v -0.25014129 -0.02041384 -0.10511329
v -0.25172752 -0.02144698 -0.10745491
v -0.23969786 -0.02041384 -0.11218833
v -0.24128418 -0.02144698 -0.11452987
v -0.23545285 -0.02041384 -0.11506447
v -0.23703906 -0.02144698 -0.11740566
v -0.23545285 -0.02041384 -0.11506447
v -0.23703906 -0.02144698 -0.11740566
vn 0.19799 0.975 0.10088
vn 0.22139 0.97255 -0.07171
vn 0.95106 0 -0.30902
vn 0.89101 0 0.45399
vn 0.09209 0.96631 -0.24036
vn 0.45399 0 -0.89101
vn -0.14325 0.94852 -0.28247
vn -0.30901 0 -0.95106
vn -0.31748 0.93439 -0.16163
vn -0.89101 0 -0.45399
vn -0.3133 0.94831 0.05045
vn -0.95106 0 0.30902
vn -0.14043 0.96627 0.21586
vn -0.45399 0 0.89101
vn 0.07199 0.97264 0.2209
vn 0.30902 0 0.95106
vn 0.34804 0.92065 0.17682
vn 0.3837 0.9111 -0.15056
vn 0.2303 0.87596 -0.42385
vn -0.12471 0.97376 -0.19034
vn -0.24411 0.96163 -0.12519
vn -0.22601 0.97406 0.01123
vn -0.21284 0.87363 0.43757
vn 0.10345 0.9115 0.39807
vn 0.89154 0 0.45295
vn 0.93109 0 -0.36479
vn 0.46881 -0.01681 -0.88314
vn -0.88652 -0.02278 -0.46213
vn -0.57783 -0.02024 -0.8159
vn 0.95337 -0.30057 0.02727
vn 0.83689 -0.3306 0.43625
vn -0.88652 -0.02277 -0.46212
vn 0.83689 -0.33061 0.43625
vn -0.88653 -0.02277 -0.46211
vn 0.83689 -0.33061 0.43625
vn -0.99973 -0.02006 0.01199
vn 0.55501 -0.29816 0.77657
vn -0.4422 -0.01576 0.89678
vn 0.25203 0 0.96772
vn 0.73268 -0.56976 0.37224
vn 0.62525 -0.74098 -0.24497
vn 0.30452 -0.74291 -0.59612
vn -0.23238 -0.21442 -0.9487
vn -0.20866 -0.56086 -0.80119
vn -0.87991 -0.16302 -0.4463
vn -0.73268 -0.56976 -0.37223
vn -0.90525 -0.21051 0.36905
vn -0.62525 -0.74098 0.24497
vn -0.30452 -0.74291 0.59612
vn 0.20866 -0.56085 0.80119
vn -0.10244 0.71994 -0.68643
vn -0.46693 0.82969 -0.30592
vn 0.58282 -0.73212 -0.35258
vn 0.51826 -0.76613 0.38006
vn -0.52827 0.80342 -0.27467
vn 0.61265 -0.72343 0.3183
vn -0.51675 0.83131 -0.20466
vn 0.60749 -0.76803 0.20268
vn -0.62257 0.71047 0.32809
vn 0.02568 -0.72081 0.69265
vn -0.5367 0.4212 -0.73112
vn -0.78754 0.45962 -0.41053
vn 0.91265 -0.37107 -0.17139
vn 0.79051 -0.45309 0.41208
vn -0.78754 0.45962 -0.41052
vn 0.79051 -0.45309 0.41208
vn -0.78754 0.45962 -0.41052
vn 0.79051 -0.45308 0.41207
vn -0.9084 0.41808 -0.005
vn 0.3644 -0.36547 0.85653
vt 0.70444 0.05476
vt 0.70446 0.04855
vt 0.69953 0.04853
vt 0.69951 0.05474
vt 0.70448 0.04382
vt 0.69955 0.0438
vt 0.98191 0.01356
vt 0.98189 0.01912
vt 0.98631 0.01914
vt 0.98633 0.01358
vt 0.69936 0.05895
vt 0.69938 0.05491
vt 0.69445 0.05489
vt 0.69443 0.05893
vt 0.6994 0.04871
vt 0.69447 0.04869
vt 0.69942 0.04397
vt 0.69449 0.04395
vt 0.95594 0.01902
vt 0.95597 0.01346
vt 0.95154 0.01344
vt 0.95152 0.01901
vt 0.70442 0.0588
vt 0.69949 0.05878
vt 0.72823 0.02154
vt 0.73384 0.02201
vt 0.73848 0.01302
vt 0.72637 0.01256
vt 0.72393 0.02518
vt 0.71667 0.02147
vt 0.72347 0.03079
vt 0.71509 0.03445
vt 0.72711 0.03509
vt 0.72297 0.04311
vt 0.73272 0.03555
vt 0.73461 0.04446
vt 0.73701 0.03191
vt 0.74428 0.03563
vt 0.73748 0.0263
vt 0.7459 0.02257
vt 0.90334 0.06232
vt 0.90329 0.07588
vt 0.90582 0.07589
vt 0.90587 0.06233
vt 0.90338 0.05149
vt 0.90591 0.0515
vt 0.86756 0.01676
vt 0.86568 0.0131
vt 0.86375 0.0141
vt 0.86564 0.01775
vt 0.87203 0.02541
vt 0.87011 0.02641
vt 0.87647 0.034
vt 0.87454 0.035
vt 0.87827 0.03749
vt 0.87634 0.03849
vt 0.93944 0.05088
vt 0.93939 0.06407
vt 0.94167 0.06408
vt 0.94172 0.05089
vt 0.90326 0.08423
vt 0.90578 0.08424
vt 0.9262 0.07597
vt 0.92625 0.06241
vt 0.92629 0.05158
vt 0.68677 0.04243
vt 0.67379 0.04238
vt 0.67372 0.06047
vt 0.6867 0.06052
vt 0.76665 0.07283
vt 0.76662 0.08117
vt 0.787 0.08125
vt 0.78703 0.07291
vt 0.7667 0.05927
vt 0.78709 0.05935
vt 0.76675 0.04844
vt 0.78713 0.04852
vt 0.96005 0.06415
vt 0.9601 0.05096
vt 0.92617 0.08432
vt 0.71042 0.03429
vt 0.70892 0.02135
vt 0.69102 0.04405
vt 0.70301 0.04369
vt 0.69938 0.01245
vt 0.68147 0.03516
vt 0.68739 0.01281
vt 0.67997 0.02222
vt 0.70963 0.03933
vt 0.71319 0.0412
vt 0.69183 0.04406
vt 0.68948 0.04405
vt 0.68664 0.0613
vt 0.68842 0.06266
vt 0.81766 0.01292
vt 0.81928 0.02687
vt 0.8205 0.03263
vt 0.82431 0.03066
vt 0.72162 0.04565
vt 0.96205 0.06175
vt 0.96202 0.07045
vt 0.96513 0.07029
vt 0.96517 0.06042
vt 0.73 0.05005
vt 0.96196 0.08459
vt 0.96509 0.08008
vt 0.7334 0.05184
vt 0.82947 0.02254
vt 0.81915 0.01292
vt 0.82994 0.02898
vt 0.8336 0.02709
vt 0.94256 0.0805
vt 0.9443 0.0792
vt 0.70464 0.06618
vt 0.70462 0.07027
vt 0.71316 0.07451
vt 0.71318 0.07042
vt 0.67899 0.06846
vt 0.68062 0.06995
vt 0.96519 0.05625
vt 0.97374 0.05624
vt 0.97376 0.05208
vt 0.70467 0.05648
vt 0.71322 0.06072
vt 0.9737 0.06611
vt 0.70471 0.04686
vt 0.71326 0.0511
vt 0.97367 0.07591
vt 0.70473 0.04294
vt 0.71327 0.04719
vt 0.96508 0.08406
vt 0.97365 0.07989
vt 0.95008 0.08765
vt 0.95168 0.08621
vt 0.72629 0.07554
vt 0.72631 0.07145
vt 0.66791 0.06965
vt 0.66871 0.07161
vt 0.98617 0.05557
vt 0.98618 0.05141
vt 0.72634 0.06175
vt 0.98613 0.06544
vt 0.72638 0.05213
vt 0.98609 0.07523
vt 0.7264 0.04822
vt 0.98607 0.07921
vt 0.96163 0.08935
vt 0.96242 0.08745
usemtl mat0
f 4293/4289/2312 4294/4290/2313 4295/4291/2314
f 4293/4289/2312 4295/4291/2314 4296/4292/2315
f 4294/4290/2313 4297/4293/2316 4298/4294/2317
f 4294/4290/2313 4298/4294/2317 4295/4291/2314
f 4299/4295/2316 4300/4296/2318 4301/4297/2319
f 4299/4295/2316 4301/4297/2319 4302/4298/2317
f 4303/4299/2318 4304/4300/2320 4305/4301/2321
f 4303/4299/2318 4305/4301/2321 4306/4302/2319
f 4304/4300/2320 4307/4303/2322 4308/4304/2323
f 4304/4300/2320 4308/4304/2323 4305/4301/2321
f 4307/4303/2322 4309/4305/2324 4310/4306/2325
f 4307/4303/2322 4310/4306/2325 4308/4304/2323
f 4311/4307/2324 4312/4308/2326 4313/4309/2327
f 4311/4307/2324 4313/4309/2327 4314/4310/2325
f 4315/4311/2326 4293/4289/2312 4296/4292/2315
f 4315/4311/2326 4296/4292/2315 4316/4312/2327
f 4317/4313/2313 4318/4314/2312 4319/4315/2328
f 4317/4313/2313 4319/4315/2328 4320/4316/2329
f 4321/4317/2316 4317/4313/2313 4320/4316/2329
f 4321/4317/2316 4320/4316/2329 4322/4318/2330
f 4323/4319/2318 4321/4317/2316 4322/4318/2330
f 4323/4319/2318 4322/4318/2330 4324/4320/2331
f 4325/4321/2320 4323/4319/2318 4324/4320/2331
f 4325/4321/2320 4324/4320/2331 4326/4322/2332
f 4327/4323/2322 4325/4321/2320 4326/4322/2332
f 4327/4323/2322 4326/4322/2332 4328/4324/2333
f 4329/4325/2324 4327/4323/2322 4328/4324/2333
f 4329/4325/2324 4328/4324/2333 4330/4326/2334
f 4331/4327/2326 4329/4325/2324 4330/4326/2334
f 4331/4327/2326 4330/4326/2334 4332/4328/2335
f 4318/4314/2312 4331/4327/2326 4332/4328/2335
f 4318/4314/2312 4332/4328/2335 4319/4315/2328
f 4333/4329/2329 4334/4330/2328 4335/4331/2336
f 4333/4329/2329 4335/4331/2336 4336/4332/2337
f 4337/4333/2330 4333/4329/2329 4336/4332/2337
f 4337/4333/2330 4336/4332/2337 4338/4334/2338
f 4339/4335/2339 4340/4336/2340 4341/4337/2341
f 4339/4335/2339 4341/4337/2341 4342/4338/2342
f 4343/4339/2343 4339/4335/2339 4342/4338/2342
f 4343/4339/2343 4342/4338/2342 4344/4340/2344
f 4345/4341/2345 4343/4339/2343 4344/4340/2344
f 4345/4341/2345 4344/4340/2344 4346/4342/2346
f 4347/4343/2347 4345/4341/2345 4346/4342/2346
f 4347/4343/2347 4346/4342/2346 4348/4344/2348
f 4349/4345/2335 4350/4346/2334 4351/4347/2349
f 4349/4345/2335 4351/4347/2349 4352/4348/2350
f 4334/4330/2328 4353/4349/2335 4354/4350/2350
f 4334/4330/2328 4354/4350/2350 4335/4331/2336
f 4336/4332/2337 4335/4331/2336 4355/4351/2351
f 4336/4332/2337 4355/4351/2351 4356/4352/2352
f 4338/4334/2338 4336/4332/2337 4356/4352/2352
f 4338/4334/2338 4356/4352/2352 4357/4353/2353
f 4358/4354/2354 4359/4355/2338 4360/4356/2353
f 4358/4354/2354 4360/4356/2353 4361/4357/2355
f 4362/4358/2356 4363/4359/2354 4364/4360/2355
f 4362/4358/2356 4364/4360/2355 4365/4361/2357
f 4366/4362/2358 4362/4358/2356 4365/4361/2357
f 4366/4362/2358 4365/4361/2357 4367/4363/2359
f 4368/4364/2349 4366/4362/2358 4367/4363/2359
f 4368/4364/2349 4367/4363/2359 4369/4365/2360
f 4352/4348/2350 4351/4347/2349 4370/4366/2360
f 4352/4348/2350 4370/4366/2360 4371/4367/2361
f 4335/4331/2336 4354/4350/2350 4372/4368/2361
f 4335/4331/2336 4372/4368/2361 4355/4351/2351
f 4373/4369/2355 4374/4370/2353 4375/4371/2359
f 4373/4369/2355 4375/4371/2359 4376/4372/2357
f 4374/4370/2353 4377/4373/2352 4378/4374/2360
f 4374/4370/2353 4378/4374/2360 4375/4371/2359
f 4377/4373/2352 4379/4375/2351 4380/4376/2361
f 4377/4373/2352 4380/4376/2361 4378/4374/2360
f 4324/4320/2331 4322/4318/2330 4381/4377/2362
f 4324/4320/2331 4381/4377/2362 4382/4378/2363
f 4383/4379/2330 4384/4380/2338 4385/4381/2364
f 4383/4379/2330 4385/4381/2364 4386/4382/2362
f 4387/4383/2338 4388/4384/2354 4389/4385/2365
f 4387/4383/2338 4389/4385/2365 4390/4386/2364
f 4326/4322/2332 4324/4320/2331 4382/4378/2363
f 4326/4322/2332 4382/4378/2363 4391/4387/2366
f 4392/4388/2354 4393/4389/2356 4394/4390/2367
f 4392/4388/2354 4394/4390/2367 4395/4391/2365
f 4328/4324/2333 4326/4322/2332 4391/4387/2366
f 4328/4324/2333 4391/4387/2366 4396/4392/2368
f 4393/4389/2356 4397/4393/2358 4398/4394/2369
f 4393/4389/2356 4398/4394/2369 4394/4390/2367
f 4330/4326/2334 4328/4324/2333 4396/4392/2368
f 4330/4326/2334 4396/4392/2368 4399/4395/2370
f 4400/4396/2358 4401/4397/2349 4402/4398/2371
f 4400/4396/2358 4402/4398/2371 4403/4399/2369
f 4351/4347/2349 4350/4346/2334 4404/4400/2370
f 4351/4347/2349 4404/4400/2370 4405/4401/2371
f 4406/4402/2363 4407/4403/2362 4408/4404/2372
f 4406/4402/2363 4408/4404/2372 4409/4405/2373
f 4386/4382/2362 4385/4381/2364 4410/4406/2374
f 4386/4382/2362 4410/4406/2374 4411/4407/2372
f 4412/4408/2364 4395/4391/2365 4413/4409/2375
f 4412/4408/2364 4413/4409/2375 4414/4410/2374
f 4415/4411/2366 4406/4402/2363 4409/4405/2373
f 4415/4411/2366 4409/4405/2373 4416/4412/2376
f 4395/4391/2365 4394/4390/2367 4417/4413/2377
f 4395/4391/2365 4417/4413/2377 4413/4409/2375
f 4418/4414/2368 4415/4411/2366 4416/4412/2376
f 4418/4414/2368 4416/4412/2376 4419/4415/2378
f 4394/4390/2367 4398/4394/2369 4420/4416/2379
f 4394/4390/2367 4420/4416/2379 4417/4413/2377
f 4421/4417/2370 4418/4414/2368 4419/4415/2378
f 4421/4417/2370 4419/4415/2378 4422/4418/2380
f 4398/4394/2369 4423/4419/2371 4424/4420/2381
f 4398/4394/2369 4424/4420/2381 4420/4416/2379
f 4405/4401/2371 4404/4400/2370 4425/4421/2380
f 4405/4401/2371 4425/4421/2380 4426/4422/2381
f 4409/4405/2373 4408/4404/2372 4427/4423/2340
f 4409/4405/2373 4427/4423/2340 4428/4424/2339
f 4411/4407/2372 4410/4406/2374 4429/4425/2341
f 4411/4407/2372 4429/4425/2341 4430/4426/2340
f 4414/4410/2374 4413/4409/2375 4431/4427/2342
f 4414/4410/2374 4431/4427/2342 4432/4428/2341
f 4416/4412/2376 4409/4405/2373 4428/4424/2339
f 4416/4412/2376 4428/4424/2339 4433/4429/2343
f 4413/4409/2375 4417/4413/2377 4434/4430/2344
f 4413/4409/2375 4434/4430/2344 4431/4427/2342
f 4419/4415/2378 4416/4412/2376 4433/4429/2343
f 4419/4415/2378 4433/4429/2343 4435/4431/2345
f 4417/4413/2377 4420/4416/2379 4436/4432/2346
f 4417/4413/2377 4436/4432/2346 4434/4430/2344
f 4422/4418/2380 4419/4415/2378 4435/4431/2345
f 4422/4418/2380 4435/4431/2345 4437/4433/2347
f 4420/4416/2379 4424/4420/2381 4438/4434/2348
f 4420/4416/2379 4438/4434/2348 4436/4432/2346
f 4426/4422/2381 4425/4421/2380 4439/4435/2347
f 4426/4422/2381 4439/4435/2347 4440/4436/2348
# Vertices: 148, normals: 70, texture coordinates: 148, faces: 130

o obj20
v -0.28891802 0.04251494 -0.15397119
v -0.28904103 0.04245063 -0.15378844
v -0.29361188 0.04258348 -0.14699232
v -0.28921604 0.03626303 -0.15352799
v -0.29356023 0.03575597 -0.14706916
v -0.29298564 0.04897733 -0.14501436
v -0.29499222 0.04747329 -0.14204119
v -0.28686524 0.04890465 -0.15408894
v -0.28486368 0.04741481 -0.15701644
v -0.2958005 0.04387513 -0.14080651
v -0.27128886 0.02364226 -0.15704608
v -0.27758102 0.02520982 -0.15920693
v -0.277643 0.04504432 -0.15931845
v -0.27141673 0.04579493 -0.15713317
v -0.28416495 0.02983963 -0.15792098
v -0.28408819 0.04382132 -0.15809524
v -0.27727662 0.05577111 -0.14905162
v -0.28263615 0.05372166 -0.15230218
v -0.28989916 0.05373974 -0.14158694
v -0.28508619 0.0557663 -0.13757262
v -0.28263615 0.05372166 -0.15230218
v -0.28989916 0.05373974 -0.14158694
v -0.02732393 0.0762331 0.02109969
v -0.24921778 0.05797107 -0.12996078
v -0.25789853 0.05796679 -0.11717241
v -0.04323458 0.0762331 0.04475579
v -0.02175516 0.03274328 0.01282002
v -0.0488004 0.03274328 0.05303114
v -0.26318233 0.02461596 -0.10868542
v -0.24327504 0.02462075 -0.13798592
v -0.2634172 0.04799005 -0.10886172
v -0.26318233 0.02461596 -0.10868542
v -0.0488004 0.03274328 0.05303114
v -0.0488004 0.06625255 0.05303114
v -0.02175516 0.03274328 0.01282002
v -0.24327504 0.02462075 -0.13798592
v -0.24338914 0.04799246 -0.13806358
v -0.02175516 0.06623411 0.01282002
v -0.2451742 0.05505075 -0.13574331
v -0.02338622 0.07330445 0.01524509
v -0.2451742 0.05505075 -0.13574331
v -0.02338622 0.07330445 0.01524509
v -0.26185109 0.05504219 -0.11133362
v -0.04717022 0.07330987 0.05060737
v -0.26185109 0.05504219 -0.11133362
v -0.04717022 0.07330987 0.05060737
v -0.27758102 0.01463266 -0.15920693
v -0.27128886 0.01463266 -0.15704608
v -0.29033609 0.01463266 -0.12906006
v -0.29451769 0.01463266 -0.13427693
v -0.28921604 0.0146328 -0.15352799
v -0.28416495 0.01463273 -0.15792098
v -0.29569211 0.01463266 -0.14085573
v -0.29356023 0.0146328 -0.14706916
v -0.29451769 0.02511792 -0.13427693
v -0.29033609 0.02363688 -0.12906006
v -0.29059941 0.04579003 -0.12925759
v -0.29470073 0.04506002 -0.13437247
v -0.29569211 0.02954716 -0.14085573
v -0.29569211 0.02954716 -0.14085573
v -0.2958005 0.04387513 -0.14080651
v -0.27914748 0.05117976 -0.15732895
v -0.27322017 0.05285178 -0.15482555
v -0.29333807 0.05119481 -0.13651204
v -0.28904109 0.05284154 -0.13173534
v -0.29298564 0.04897733 -0.14501436
v -0.29499222 0.04747329 -0.14204119
v -0.27322017 0.05285178 -0.15482555
v -0.27914748 0.05117976 -0.15732895
v -0.29333807 0.05119481 -0.13651204
v -0.29499222 0.04747329 -0.14204119
v -0.28904109 0.05284154 -0.13173534
v -0.24327504 0.01463266 -0.13798592
v -0.26318233 0.01463266 -0.10868542
v -0.27128886 0.01463266 -0.15704608
v -0.27758102 0.01463266 -0.15920693
v -0.29451769 0.01463266 -0.13427693
v -0.29033609 0.01463266 -0.12906006
v -0.28416495 0.01463273 -0.15792098
v -0.28921604 0.0146328 -0.15352799
v -0.29356023 0.0146328 -0.14706916
v -0.29569211 0.01463266 -0.14085573
v -0.29569211 0.01463266 -0.14085573
v -0.24327504 0.02462075 -0.13798592
v -0.26318233 0.02461596 -0.10868542
v -0.26318233 0.01463266 -0.10868542
v -0.24327504 0.01463266 -0.13798592
v -0.26318233 0.01463266 -0.10868542
v -0.24327504 0.01463266 -0.13798592
vn -0.80589 0.2096 0.55372
vn -0.8931 -0.00464 0.44984
vn -0.70614 0.10317 0.70052
vn -0.85577 -0.00227 0.51735
vn -0.7104 -0.00147 0.7038
vn -0.62883 0.53656 0.56273
vn -0.38882 0.40539 0.82733
vn -0.70314 0.53524 0.4681
vn -0.90284 0.40228 0.1518
vn -0.30149 0.0399 0.95263
vn -0.64325 -0.00028 -0.76566
vn -0.92018 -0.00267 -0.3915
vn -0.907 0.07553 -0.4143
vn -0.64384 0.0938 -0.75939
vn -0.98924 -0.00377 0.14626
vn -0.99853 0.03622 0.04039
vn -0.16176 0.98587 -0.04358
vn -0.47231 0.85308 0.22178
vn -0.33543 0.853 0.39985
vn -0.00399 0.98573 0.16829
vn -0.11338 0.9929 -0.03609
vn -0.11636 0.99238 -0.04043
vn 0.00448 0.99233 0.1235
vn 0.00641 0.99192 0.12673
vn -0.32743 -0.82333 -0.46358
vn 0.35374 -0.81282 0.46281
vn 0.38154 -0.80166 0.46019
vn -0.33307 -0.793 -0.5101
vn 0.56704 0.08048 0.81975
vn 0.56619 0.08657 0.81972
vn -0.6146 0.08015 -0.78476
vn -0.61462 0.08774 -0.78393
vn -0.47278 0.70177 -0.53292
vn -0.46563 0.71473 -0.52187
vn 0.36764 0.70351 0.60821
vn 0.36574 0.70593 0.60655
vn -0.41432 -0.89783 -0.1491
vn -0.1782 -0.96134 -0.20994
vn 0.14599 -0.96282 0.22732
vn 0.034 -0.90122 0.43202
vn -0.84095 -0.15376 0.5188
vn -0.72986 -0.66949 0.13819
vn -0.3072 -0.6825 0.66319
vn -0.70691 -0.15641 0.68979
vn 0.12868 -0.00308 0.99168
vn 0.54425 -0.00036 0.83892
vn 0.53743 0.09394 0.83806
vn 0.14601 0.07585 0.98637
vn -0.3856 -0.00357 0.92266
vn -0.77011 0.60678 -0.19685
vn -0.501 0.7002 -0.50865
vn -0.02565 0.60574 0.79525
vn 0.33946 0.70105 0.62713
vn 0.06493 -0.92614 -0.37156
vn 0.37759 -0.92519 0.03801
vt 0.83842 0.0909
vt 0.83848 0.09073
vt 0.83838 0.08469
vt 0.84428 0.09052
vt 0.84478 0.08478
vt 0.83238 0.08465
vt 0.8338 0.082
vt 0.83242 0.09274
vt 0.83381 0.09538
vt 0.83718 0.08094
vt 0.85605 0.10758
vt 0.8546 0.10259
vt 0.836 0.10249
vt 0.83528 0.10741
vt 0.85028 0.09633
vt 0.83717 0.09639
vt 0.97107 0.21099
vt 0.97415 0.21459
vt 0.98191 0.20861
vt 0.9794 0.20459
vt 0.82789 0.09597
vt 0.82791 0.08639
vt 0.8317 0.02956
vt 0.95542 0.19063
vt 0.96469 0.18349
vt 0.84873 0.01633
vt 0.84782 0.05996
vt 0.81956 0.03765
vt 0.70457 0.20068
vt 0.7253 0.2169
vt 0.68635 0.25254
vt 0.70558 0.25242
vt 0.6996 0.07139
vt 0.67204 0.07128
vt 0.84684 0.28087
vt 0.85506 0.12704
vt 0.83314 0.12687
vt 0.81543 0.28074
vt 0.82653 0.12458
vt 0.80881 0.27856
vt 0.95115 0.19383
vt 0.82748 0.03284
vt 0.96891 0.18023
vt 0.85294 0.01305
vt 0.68054 0.25406
vt 0.66623 0.07274
vt 0.76185 0.05169
vt 0.76581 0.04874
vt 0.74599 0.03326
vt 0.74421 0.0379
vt 0.75233 0.05031
vt 0.7569 0.05228
vt 0.74488 0.04282
vt 0.74779 0.04673
vt 0.70505 0.2804
vt 0.70629 0.27527
vt 0.68807 0.27542
vt 0.68865 0.28046
vt 0.85062 0.0811
vt 0.70139 0.28584
vt 0.6896 0.28578
vt 0.83025 0.10055
vt 0.82867 0.10511
vt 0.98558 0.20578
vt 0.98362 0.20133
vt 0.98331 0.2118
vt 0.98546 0.21014
vt 0.96679 0.21418
vt 0.97046 0.21738
vt 0.6836 0.28177
vt 0.68664 0.28653
vt 0.68226 0.27693
vt 0.7813 0.0289
vt 0.76058 0.01269
vt 0.8645 0.10761
vt 0.86452 0.10263
vt 0.71368 0.28044
vt 0.7137 0.27529
vt 0.86454 0.09638
vt 0.86457 0.0906
vt 0.86459 0.08486
vt 0.8646 0.08116
vt 0.71366 0.28588
vt 0.94311 0.08782
vt 0.94302 0.11121
vt 0.95137 0.11124
vt 0.95146 0.08785
vt 0.71379 0.25245
vt 0.86442 0.12707
usemtl mat0
f 4441/4437/2382 4442/4438/2383 4443/4439/2384
f 4442/4438/2383 4444/4440/2385 4443/4439/2384
f 4443/4439/2384 4444/4440/2385 4445/4441/2386
f 4446/4442/2387 4443/4439/2384 4447/4443/2388
f 4441/4437/2382 4448/4444/2389 4449/4445/2390
f 4443/4439/2384 4450/4446/2391 4447/4443/2388
f 4451/4447/2392 4452/4448/2393 4453/4449/2394
f 4451/4447/2392 4453/4449/2394 4454/4450/2395
f 4452/4448/2393 4455/4451/2396 4456/4452/2397
f 4452/4448/2393 4456/4452/2397 4453/4449/2394
f 4455/4451/2396 4444/4440/2385 4442/4438/2383
f 4455/4451/2396 4442/4438/2383 4456/4452/2397
f 4457/4453/2398 4458/4454/2399 4459/4455/2400
f 4457/4453/2398 4459/4455/2400 4460/4456/2401
f 4461/4457/2399 4448/4444/2389 4446/4442/2387
f 4461/4457/2399 4446/4442/2387 4462/4458/2400
f 4448/4444/2389 4441/4437/2382 4443/4439/2384
f 4448/4444/2389 4443/4439/2384 4446/4442/2387
f 4463/4459/2402 4464/4460/2403 4465/4461/2404
f 4463/4459/2402 4465/4461/2404 4466/4462/2405
f 4467/4463/2406 4468/4464/2407 4469/4465/2408
f 4467/4463/2406 4469/4465/2408 4470/4466/2409
f 4471/4467/2410 4472/4468/2408 4473/4469/2407
f 4471/4467/2410 4473/4469/2407 4474/4470/2411
f 4475/4471/2406 4476/4472/2409 4477/4473/2412
f 4475/4471/2406 4477/4473/2412 4478/4474/2413
f 4477/4473/2412 4479/4475/2414 4480/4476/2415
f 4477/4473/2412 4480/4476/2415 4478/4474/2413
f 4481/4477/2414 4464/4460/2403 4463/4459/2402
f 4481/4477/2414 4463/4459/2402 4482/4478/2415
f 4465/4461/2404 4483/4479/2416 4484/4480/2417
f 4465/4461/2404 4484/4480/2417 4466/4462/2405
f 4485/4481/2416 4471/4467/2410 4474/4470/2411
f 4485/4481/2416 4474/4470/2411 4486/4482/2417
f 4487/4483/2418 4488/4484/2419 4489/4485/2420
f 4487/4483/2418 4489/4485/2420 4490/4486/2421
f 4491/4487/2422 4492/4488/2423 4493/4489/2424
f 4491/4487/2422 4493/4489/2424 4494/4490/2425
f 4492/4488/2423 4487/4483/2418 4490/4486/2421
f 4492/4488/2423 4490/4486/2421 4493/4489/2424
f 4495/4491/2426 4496/4492/2427 4497/4493/2428
f 4495/4491/2426 4497/4493/2428 4498/4494/2429
f 4445/4441/2386 4499/4495/2430 4450/4446/2391
f 4445/4441/2386 4450/4446/2391 4443/4439/2384
f 4500/4496/2430 4495/4491/2426 4498/4494/2429
f 4500/4496/2430 4498/4494/2429 4501/4497/2391
f 4456/4452/2397 4442/4438/2383 4441/4437/2382
f 4456/4452/2397 4441/4437/2382 4449/4445/2390
f 4454/4450/2395 4453/4449/2394 4502/4498/2431
f 4454/4450/2395 4502/4498/2431 4503/4499/2432
f 4453/4449/2394 4456/4452/2397 4449/4445/2390
f 4453/4449/2394 4449/4445/2390 4502/4498/2431
f 4460/4456/2401 4459/4455/2400 4504/4500/2433
f 4460/4456/2401 4504/4500/2433 4505/4501/2434
f 4459/4455/2400 4506/4502/2387 4507/4503/2388
f 4459/4455/2400 4507/4503/2388 4504/4500/2433
f 4448/4444/2389 4461/4457/2399 4502/4498/2431
f 4448/4444/2389 4502/4498/2431 4449/4445/2390
f 4458/4454/2399 4457/4453/2398 4508/4504/2432
f 4458/4454/2399 4508/4504/2432 4509/4505/2431
f 4501/4497/2391 4498/4494/2429 4510/4506/2433
f 4501/4497/2391 4510/4506/2433 4511/4507/2388
f 4498/4494/2429 4497/4493/2428 4512/4508/2434
f 4498/4494/2429 4512/4508/2434 4510/4506/2433
f 4465/4461/2404 4464/4460/2403 4457/4453/2398
f 4465/4461/2404 4457/4453/2398 4460/4456/2401
f 4460/4456/2401 4505/4501/2434 4483/4479/2416
f 4460/4456/2401 4483/4479/2416 4465/4461/2404
f 4512/4508/2434 4497/4493/2428 4471/4467/2410
f 4512/4508/2434 4471/4467/2410 4485/4481/2416
f 4496/4492/2427 4472/4468/2408 4471/4467/2410
f 4496/4492/2427 4471/4467/2410 4497/4493/2428
f 4513/4509/2435 4514/4510/2436 4489/4485/2420
f 4513/4509/2435 4489/4485/2420 4488/4484/2419
f 4477/4473/2412 4476/4472/2409 4451/4447/2392
f 4477/4473/2412 4451/4447/2392 4454/4450/2395
f 4454/4450/2395 4503/4499/2432 4479/4475/2414
f 4454/4450/2395 4479/4475/2414 4477/4473/2412
f 4508/4504/2432 4457/4453/2398 4464/4460/2403
f 4508/4504/2432 4464/4460/2403 4481/4477/2414
f 4452/4448/2393 4451/4447/2392 4515/4511/2419
f 4452/4448/2393 4515/4511/2419 4516/4512/2418
f 4496/4492/2427 4495/4491/2426 4517/4513/2421
f 4496/4492/2427 4517/4513/2421 4518/4514/2420
f 4444/4440/2385 4455/4451/2396 4519/4515/2423
f 4444/4440/2385 4519/4515/2423 4520/4516/2422
f 4499/4495/2430 4445/4441/2386 4521/4517/2425
f 4499/4495/2430 4521/4517/2425 4522/4518/2424
f 4445/4441/2386 4444/4440/2385 4520/4516/2422
f 4445/4441/2386 4520/4516/2422 4521/4517/2425
f 4455/4451/2396 4452/4448/2393 4516/4512/2418
f 4455/4451/2396 4516/4512/2418 4519/4515/2423
f 4495/4491/2426 4500/4496/2430 4523/4519/2424
f 4495/4491/2426 4523/4519/2424 4517/4513/2421
f 4524/4520/2409 4525/4521/2408 4526/4522/2436
f 4524/4520/2409 4526/4522/2436 4527/4523/2435
f 4472/4468/2408 4496/4492/2427 4518/4514/2420
f 4472/4468/2408 4518/4514/2420 4528/4524/2436
f 4451/4447/2392 4476/4472/2409 4529/4525/2435
f 4451/4447/2392 4529/4525/2435 4515/4511/2419
# Vertices: 89, normals: 55, texture coordinates: 89, faces: 100
