# File generated by FabConvert.com - Free Image and 3D model conversion tools

mtllib mtl/dirigeable.mtl

o obj1
v 0.94780946 9.21114945 -1.42666221
v 0.33409327 9.21114945 -1.68087077
v 0.00195495 9.4744494 -0.01108739
v 1.41752994 9.21114945 0.9347685
v 1.67173862 9.21114945 0.32105231
v -0.94390136 9.21114945 1.40448737
v -0.330185 9.21114945 1.65869641
v -1.66782796 9.21114945 -0.34322751
v -1.66782844 9.21114945 0.32105353
v -1.41361928 9.21114945 -0.95694309
v -0.33018541 9.21114945 -1.68087029
v 1.67173862 9.21114945 -0.34322923
v 0.33409652 9.21114945 1.65869629
v 0.33409652 9.21114945 1.65869629
v 0.94781232 9.21114945 1.40448678
v -1.66782844 9.21114945 0.32105353
v -1.41361928 9.21114945 0.93476939
v -0.94390136 9.21114945 -1.4266609
v -1.41361928 9.21114945 -0.95694309
v 1.67173862 9.21114945 -0.34322923
v 1.41752839 9.21114945 -0.95694518
v 0.94780946 9.21114945 -1.42666221
v 1.41752994 9.21114945 0.9347685
v -0.94390136 9.21114945 1.40448737
v -0.33018541 9.21114945 -1.68087029
v 0.70285201 2.44624805 -0.40365374
v 0.47843429 2.44624805 -0.62807065
v 0.69441402 3.20369768 -1.06382024
v 1.04406238 3.20369768 -0.71417332
v 0.82430631 2.44624805 0.20693554
v 0.82430607 2.44624805 -0.11043856
v 1.23329067 3.20369768 -0.25733683
v 1.23329115 3.20369768 0.23713958
v 0.4784357 2.44624805 0.72456837
v 0.70285279 2.44624805 0.50015098
v 1.04406369 3.20369768 0.6939764
v 0.69441617 3.20369768 1.0436244
v -0.42536908 2.44624805 -0.62807012
v -0.64978629 2.44624805 -0.40365288
v -1.06338108 3.20369768 -0.71417201
v -0.71373355 3.20369768 -1.06381917
v -0.13215369 2.44624805 0.84602249
v 0.1852203 2.44624805 0.84602237
v 0.23757964 3.20369768 1.23285234
v -0.25689682 3.20369768 1.23285246
v -0.64978629 2.44624805 0.5001514
v -0.42536908 2.44624805 0.72456867
v -0.71373355 3.20369768 1.04362476
v -1.06338108 3.20369768 0.69397706
v -0.77124006 2.44624805 -0.11043771
v -1.2526089 3.20369768 -0.2573356
v -1.06338108 3.20369768 -0.71417201
v -0.64978629 2.44624805 -0.40365288
v -0.77124023 2.44624805 0.20693611
v -1.25260913 3.20369768 0.23714052
v 0.47843429 2.44624805 -0.62807065
v 0.1852188 2.44624805 -0.74952412
v 0.23757726 3.20369768 -1.25304794
v 0.69441402 3.20369768 -1.06382024
v 0.82430607 2.44624805 -0.11043856
v 1.23329067 3.20369768 -0.25733683
v 0.70285279 2.44624805 0.50015098
v 1.04406369 3.20369768 0.6939764
v 0.1852203 2.44624805 0.84602237
v 0.23757964 3.20369768 1.23285234
v -0.42536908 2.44624805 0.72456867
v -0.71373355 3.20369768 1.04362476
v -0.77124023 2.44624805 0.20693611
v -1.25260913 3.20369768 0.23714052
v -0.13215387 2.44624805 -0.74952382
v -0.25689709 3.20369768 -1.25304747
v -0.4378984 4.24028802 -2.20737386
v 0.43593511 4.24028802 -2.20737457
v -0.25689709 3.20369768 -1.25304747
v 2.19555736 4.24028802 0.42607981
v 2.19555712 4.24028802 -0.44775736
v 1.24325943 4.24028802 1.85129702
v 1.86115503 4.24028802 1.23340023
v -0.4378978 4.24028802 2.18570018
v 0.43593937 4.24028802 2.18569994
v -1.86311448 4.24028802 1.23340166
v -1.24521852 4.24028802 1.85129786
v -2.19751692 4.24028802 -0.44775504
v -1.86311448 4.24028802 -1.25507474
v 1.86115301 4.24028802 -1.25507736
v 1.2432555 4.24028802 -1.87297249
v -2.19751716 4.24028802 0.42608148
v 2.19555712 4.24028802 -0.44775736
v 1.86115503 4.24028802 1.23340023
v 0.43593937 4.24028802 2.18569994
v -0.4378984 4.24028802 -2.20737386
v -1.24521852 4.24028802 -1.87297058
v -1.24521852 4.24028802 1.85129786
v -2.19751716 4.24028802 0.42608148
v -0.62130523 5.55864739 -3.14442825
v 0.62521094 5.55864739 -3.14442897
v 1.2432555 4.24028802 -1.87297249
v -1.86311448 4.24028802 -1.25507474
v 1.776847 5.55864739 -2.66740727
v 2.65827227 5.55864739 -1.78598535
v 2.83148479 6.41865563 -1.90172219
v 1.89258361 6.41865563 -2.84061933
v 1.87050962 7.27866435 -2.80758381
v 2.7984488 7.27866435 -1.87964857
v 3.1352973 5.55864739 -0.63435006
v 3.13529754 5.55864739 0.61217135
v 2.65827513 5.55864739 1.76380718
v 1.77685225 5.55864739 2.64523172
v -1.77294052 5.55864739 2.64523292
v -2.65436411 5.55864739 1.76380897
v -3.13138628 5.55864739 -0.63434684
v -2.65436411 5.55864739 -1.78598177
v -2.65436411 5.55864739 -1.78598177
v -1.77294052 5.55864739 -2.66740465
v 0.62521708 5.55864739 3.12225485
v -0.62130445 5.55864739 3.12225533
v -3.13138676 5.55864739 0.61217374
v 1.776847 5.55864739 -2.66740727
v 3.1352973 5.55864739 -0.63435006
v 2.65827513 5.55864739 1.76380718
v 0.62521708 5.55864739 3.12225485
v -0.62130523 5.55864739 -3.14442825
v -1.77294052 5.55864739 2.64523292
v -3.13138676 5.55864739 0.61217374
v -0.66194648 6.41865563 -3.34874582
v -0.65419519 7.27866435 -3.3097775
v 0.6581009 7.27866435 -3.30977845
v 0.66585207 6.41865563 -3.34874678
v 2.5840981 8.0086453 -1.73642349
v 1.72728515 8.0086453 -2.59323287
v 1.42990041 8.73862672 -2.14816451
v 2.13902998 8.73862672 -1.43903804
v 3.33961558 6.41865563 0.6528126
v 3.33961511 6.41865563 -0.67499161
v 3.30064678 7.27866435 -0.66724032
v 3.30064702 7.27866435 0.64506125
v 1.89258909 6.41865563 2.81844425
v 2.83148766 6.41865563 1.8795439
v 2.79845166 7.27866435 1.85746992
v 1.87051511 7.27866435 2.78540826
v -3.33570409 6.41865563 -0.67498815
v -3.29673576 7.27866435 -0.66723698
v -2.79454017 7.27866435 -1.87964463
v -2.82757616 6.41865563 -1.90171838
v -1.88867724 6.41865563 -2.84061718
v -2.82757616 6.41865563 -1.90171838
v -2.79454017 7.27866435 -1.87964463
v -1.86660349 7.27866435 -2.80758142
v -0.66194564 6.41865563 3.32657337
v 0.66585857 6.41865563 3.3265729
v 0.65810722 7.27866435 3.28760457
v -0.6541943 7.27866435 3.28760481
v -2.82757616 6.41865563 1.87954581
v -1.88867724 6.41865563 2.81844521
v -1.86660349 7.27866435 2.78540945
v -2.79454017 7.27866435 1.85747194
v -3.33570457 6.41865563 0.65281516
v -3.29673624 7.27866435 0.64506388
v 1.89258361 6.41865563 -2.84061933
v 1.87050962 7.27866435 -2.80758381
v 3.33961511 6.41865563 -0.67499161
v 3.30064678 7.27866435 -0.66724032
v 2.83148766 6.41865563 1.8795439
v 2.79845166 7.27866435 1.85746992
v 0.66585857 6.41865563 3.3265729
v 0.65810722 7.27866435 3.28760457
v -1.88867724 6.41865563 2.81844521
v -1.86660349 7.27866435 2.78540945
v -3.33570457 6.41865563 0.65281516
v -3.29673624 7.27866435 0.64506388
v -0.66194648 6.41865563 -3.34874582
v -0.65419519 7.27866435 -3.3097775
v -0.60390139 8.0086453 -3.0569334
v -0.49947366 8.73862672 -2.53193951
v 0.5033803 8.73862672 -2.53194046
v 0.6078074 8.0086453 -3.05693436
v 3.04780269 8.0086453 0.59476757
v 3.04780245 8.0086453 -0.61694622
v 2.52280855 8.73862672 -0.51251817
v 2.52280855 8.73862672 0.49034002
v 1.72729027 8.0086453 2.57105708
v 2.58410048 8.0086453 1.71424544
v 2.13903213 8.73862672 1.41686058
v 1.42990506 8.73862672 2.12598872
v -1.72337878 8.0086453 -2.59323049
v -2.58018947 8.0086453 -1.73641992
v -2.13512111 8.73862672 -1.43903506
v -1.42599368 8.73862672 -2.1481626
v -0.60390055 8.0086453 3.03476048
v 0.60781318 8.0086453 3.03476024
v 0.50338513 8.73862672 2.50976634
v -0.49947309 8.73862672 2.50976634
v -2.58018947 8.0086453 1.71424711
v -1.72337878 8.0086453 2.57105827
v -1.42599368 8.73862672 2.12598968
v -2.13512111 8.73862672 1.41686189
v -3.04389191 8.0086453 -0.61694312
v -2.51889801 8.73862672 -0.5125156
v -2.13512111 8.73862672 -1.43903506
v -2.58018947 8.0086453 -1.73641992
v -3.04389215 8.0086453 0.59476995
v -2.51889825 8.73862672 0.49034193
v 1.72728515 8.0086453 -2.59323287
v 1.42990041 8.73862672 -2.14816451
v 3.04780245 8.0086453 -0.61694622
v 2.52280855 8.73862672 -0.51251817
v 2.58410048 8.0086453 1.71424544
v 2.13903213 8.73862672 1.41686058
v 0.60781318 8.0086453 3.03476024
v 0.50338513 8.73862672 2.50976634
v -1.72337878 8.0086453 2.57105827
v -1.42599368 8.73862672 2.12598968
v -3.04389215 8.0086453 0.59476995
v -2.51889825 8.73862672 0.49034193
v -0.60390139 8.0086453 -3.0569334
v -0.49947366 8.73862672 -2.53193951
v -0.13215387 2.44624805 -0.74952382
v -1.88867724 6.41865563 -2.84061718
v -0.66194648 6.41865563 -3.34874582
v -2.82757616 6.41865563 1.87954581
v -3.33570457 6.41865563 0.65281516
v -0.66194564 6.41865563 3.32657337
v -1.88867724 6.41865563 2.81844521
v 1.89258909 6.41865563 2.81844425
v 0.66585857 6.41865563 3.3265729
v 3.33961558 6.41865563 0.6528126
v 2.83148766 6.41865563 1.8795439
v 2.83148479 6.41865563 -1.90172219
v 3.33961511 6.41865563 -0.67499161
v 0.66585207 6.41865563 -3.34874678
v 1.89258361 6.41865563 -2.84061933
v -3.33570457 6.41865563 0.65281516
v -3.33570409 6.41865563 -0.67498815
v -1.88867724 6.41865563 2.81844521
v 0.66585857 6.41865563 3.3265729
v -2.82757616 6.41865563 -1.90171838
v -2.82757616 6.41865563 -1.90171838
v 2.83148766 6.41865563 1.8795439
v 3.33961511 6.41865563 -0.67499161
v -0.66194648 6.41865563 -3.34874582
v 1.89258361 6.41865563 -2.84061933
v -0.41185445 1.7575866 -0.32646123
v -0.51560974 2.55027676 -0.49361494
v -0.5355497 2.54491878 -0.47326684
v -0.43179417 1.75222862 -0.306113
v -0.56225234 2.54171491 -0.48876792
v -0.45849708 1.74902499 -0.32161355
v -0.54231268 2.54707289 -0.50911558
v -0.43855748 1.75438309 -0.34196159
v -0.47438946 1.73755169 0.32920411
v -0.57916212 2.51655316 0.55111003
v -0.55055094 2.51255465 0.55351156
v -0.44577831 1.73355305 0.33160535
v -0.57412744 2.51221538 0.58143187
v -0.57916212 2.51655316 0.55111003
v -0.47438946 1.73755169 0.32920411
v -0.46935448 1.73321414 0.35952589
v -0.54551673 2.50821686 0.5838334
v -0.4407436 1.7292155 0.36192715
v -0.51560974 2.55027676 -0.49361494
v -0.41185445 1.7575866 -0.32646123
v 0.69595873 2.50953484 -0.44768199
v 0.4581731 1.7351687 -0.34338549
v 0.43060309 1.73522258 -0.35234249
v 0.66838896 2.50958896 -0.45663914
v 0.73427689 2.50134039 0.43855605
v 0.45237422 1.7414 0.33813661
v 0.43960208 1.74223244 0.31212667
v 0.72150511 2.50217295 0.41254619
v 0.42915007 1.7435956 0.35861573
v 0.71105254 2.50353622 0.45903498
v 0.69828051 2.50436878 0.4330247
v 0.41637778 1.74442792 0.33260554
v 0.45660368 1.73617971 -0.31240016
v 0.69438905 2.51054597 -0.41669667
v 0.66681874 2.51060009 -0.42565387
v 0.42903337 1.73623359 -0.32135722
v 0.69438905 2.51054597 -0.41669667
v 0.45660368 1.73617971 -0.31240016
v 0.71105254 2.50353622 0.45903498
v 0.42915007 1.7435956 0.35861573
v -0.42817727 1.71838236 -0.2870281
v -0.65828556 0.9068718 -0.4787389
v -0.64474046 0.91005158 -0.5198037
v -0.41463199 1.72156215 -0.32809317
v -0.68850315 0.91108012 -0.54942816
v -0.4583945 1.72259068 -0.35771763
v -0.3796837 1.72956109 0.32073194
v -0.60798204 0.91676587 0.50913537
v -0.64908105 0.92274779 0.4966861
v -0.42078301 1.73554301 0.30828238
v -0.47193915 1.7194109 -0.31665257
v -0.70204765 0.90790027 -0.50836301
v -0.6777823 0.92274779 0.54107159
v -0.44948426 1.73554301 0.35266787
v -0.40838495 1.72956109 0.3651166
v -0.63668299 0.91676587 0.55352044
v -0.4583945 1.72259068 -0.35771763
v -0.68850315 0.91108012 -0.54942816
v -0.44948426 1.73554301 0.35266787
v -0.6777823 0.92274779 0.54107159
v 0.37845886 1.71867001 -0.31993604
v 0.59663033 0.90562528 -0.51896238
v 0.6373173 0.9103905 -0.50475812
v 0.41914612 1.7234354 -0.30573162
v 0.40890589 1.71907175 -0.36313999
v 0.62707704 0.90602702 -0.56216663
v 0.66776443 0.91079229 -0.5479629
v 0.44959319 1.72383714 -0.34893632
v 0.44959319 1.72383714 -0.34893632
v 0.66776443 0.91079229 -0.5479629
v 0.40131909 1.73403406 0.29832906
v 0.61361349 0.91542453 0.48015806
v 0.60072339 0.91859245 0.52143413
v 0.38842872 1.73720205 0.33960536
v 0.4454996 1.73371625 0.32734188
v 0.6577943 0.91510695 0.50917065
v 0.64490473 0.91827488 0.55044693
v 0.43261003 1.73688436 0.36861822
v 0.43261003 1.73688436 0.36861822
v 0.64490473 0.91827488 0.55044693
v 0.47615421 1.67703807 0.40452799
v 0.47615421 1.67703807 -0.39696684
v 0.47615421 1.75209415 -0.39696684
v 0.47615421 1.75209415 0.40452799
v 0.47615421 1.67703807 -0.39696684
v -0.50057554 1.67703807 -0.39696684
v -0.50057554 1.75209415 -0.39696684
v 0.47615421 1.75209415 -0.39696684
v 0.38761973 1.75209415 -0.30843237
v 0.38761973 1.75209415 0.31599349
v -0.41204101 1.75209415 -0.30843237
v 0.38761973 1.75209415 -0.30843237
v -0.41204101 1.75209415 -0.30843237
v -0.41381764 1.67703807 -0.31020889
v 0.38939628 1.67703807 -0.31020889
v 0.38761973 1.75209415 -0.30843237
v 0.38761973 1.75209415 -0.30843237
v 0.38939628 1.67703807 -0.31020889
v 0.38939622 1.67703807 0.31777
v 0.38761973 1.75209415 0.31599349
v 0.38939622 1.67703807 0.31777
v -0.41381764 1.67703807 0.31777
v -0.41204101 1.75209415 0.31599349
v -0.41204101 1.75209415 0.31599349
v -0.41381764 1.67703807 0.31777
v -0.41381764 1.67703807 -0.31020889
v -0.41204101 1.75209415 -0.30843237
v -0.50057554 1.67703807 0.40452799
v -0.50057554 1.75209415 0.40452799
v -0.50057554 1.67703807 -0.39696684
v -0.50057554 1.67703807 0.40452799
v -0.50057554 1.75209415 0.40452799
v -0.50057554 1.75209415 -0.39696684
v -0.41204101 1.75209415 0.31599349
v -0.41204101 1.75209415 -0.30843237
v 0.38761973 1.75209415 0.31599349
v -0.41204101 1.75209415 0.31599349
vn 0.13208 0.93855 -0.31887
vn 0.13208 0.93855 -0.31887
vn 0.05961 0.98779 -0.1439
vn 0.31887 0.93855 0.13208
vn 0.31887 0.93855 0.13208
vn 0.1439 0.98779 0.05961
vn -0.13208 0.93855 0.31887
vn -0.13208 0.93855 0.31887
vn -0.05961 0.98779 0.1439
vn -0.34514 0.93855 -0
vn -0.34514 0.93855 -0
vn -0.15576 0.98779 -0
vn -0.31887 0.93855 -0.13208
vn -0.31887 0.93855 -0.13208
vn -0.1439 0.98779 -0.05961
vn -0 0.93855 -0.34514
vn -0 0.93855 -0.34514
vn 0 0.98779 -0.15576
vn 0.34514 0.93855 0
vn 0.34514 0.93855 0
vn 0.15576 0.98779 0
vn 0 0.93855 0.34514
vn 0 0.93855 0.34515
vn 0 0.98779 0.15576
vn 0.13208 0.93855 0.31887
vn 0.13208 0.93855 0.31887
vn 0.05961 0.98779 0.1439
vn -0.31887 0.93855 0.13208
vn -0.31887 0.93855 0.13208
vn -0.1439 0.9878 0.05961
vn -0.24406 0.93855 -0.24405
vn -0.24406 0.93855 -0.24405
vn -0.11014 0.98779 -0.11014
vn 0.31887 0.93855 -0.13208
vn 0.31887 0.93855 -0.13208
vn 0.1439 0.98779 -0.05961
vn 0.24405 0.93855 -0.24406
vn 0.24405 0.93855 -0.24405
vn 0.11014 0.98779 -0.11014
vn 0.24406 0.93855 0.24405
vn 0.24406 0.93855 0.24405
vn 0.11014 0.98779 0.11014
vn -0.24405 0.93855 0.24405
vn -0.24405 0.93855 0.24405
vn -0.11014 0.98779 0.11014
vn -0.13208 0.93855 -0.31887
vn -0.13208 0.93855 -0.31887
vn -0.05961 0.98779 -0.1439
vn 0.60408 -0.51977 -0.60409
vn 0.56002 -0.61053 -0.56002
vn 0.56211 -0.60669 -0.56211
vn 0.87992 -0.47511 -0
vn 0.80562 -0.59243 -0
vn 0.80905 -0.58774 -0
vn 0.63259 -0.44684 0.63259
vn 0.57685 -0.57835 0.57685
vn 0.57773 -0.57659 0.57773
vn -0.58582 -0.56003 -0.58582
vn -0.55319 -0.62287 -0.55319
vn -0.55273 -0.62368 -0.55273
vn 0 -0.45482 0.89058
vn 0 -0.57801 0.81603
vn 0 -0.58078 0.81406
vn -0.6151 -0.49326 0.6151
vn -0.56983 -0.59211 0.56983
vn -0.5675 -0.59656 0.5675
vn -0.7706 -0.55163 -0.31919
vn -0.72619 -0.6182 -0.3008
vn -0.7248 -0.62011 -0.30022
vn -0.84399 -0.53636 -0
vn -0.79175 -0.61084 -0
vn -0.78943 -0.61384 -0
vn 0.32223 -0.53942 -0.77794
vn 0.30092 -0.61779 -0.72649
vn 0.30172 -0.61513 -0.72841
vn 0.80159 -0.49721 -0.33203
vn 0.73794 -0.60168 -0.30566
vn 0.74115 -0.59703 -0.307
vn 0.82165 -0.45722 0.34034
vn 0.74985 -0.58417 0.3106
vn 0.7523 -0.58047 0.31161
vn 0.34252 -0.44598 0.82691
vn 0.31279 -0.57612 0.75514
vn 0.31262 -0.57676 0.75473
vn -0.33745 -0.47163 0.81467
vn -0.31073 -0.5837 0.75016
vn -0.30959 -0.58781 0.74742
vn -0.79138 -0.516 0.3278
vn -0.73792 -0.6017 0.30566
vn -0.73516 -0.60565 0.30451
vn -0.31687 -0.56071 -0.76498
vn -0.29893 -0.62436 -0.72168
vn -0.29901 -0.62409 -0.72188
vn -0 -0.62579 -0.77999
vn -0 -0.62554 -0.7802
vn -0 -0.62116 -0.78368
vn -0 -0.62258 -0.78255
vn 0.77843 -0.62774 -0
vn 0.77844 -0.62771 -0
vn 0.55083 -0.62703 0.55083
vn 0.55095 -0.62683 0.55095
vn 0 -0.62541 0.7803
vn 0 -0.62515 0.7805
vn -0.55266 -0.62381 0.55266
vn -0.55275 -0.62365 0.55275
vn -0.72231 -0.62351 -0.29919
vn -0.72239 -0.62339 -0.29922
vn 0.55078 -0.62712 -0.55078
vn 0.55069 -0.62729 -0.55069
vn -0.78207 -0.62319 -0
vn -0.78205 -0.62321 -0
vn 0.71922 -0.62767 -0.29791
vn 0.71928 -0.62759 -0.29794
vn 0.71941 -0.62742 0.29799
vn 0.71932 -0.62754 0.29795
vn 0.29841 -0.62603 0.72044
vn 0.29834 -0.62628 0.72025
vn -0.29884 -0.62466 -0.72145
vn -0.29876 -0.62491 -0.72127
vn -0.29894 -0.62431 0.72171
vn -0.29887 -0.62454 0.72154
vn -0.72249 -0.62326 0.29926
vn -0.72243 -0.62334 0.29924
vn -0 -0.40367 -0.9149
vn -0 -0.40345 -0.915
vn 0.29823 -0.62663 -0.72
vn 0.2983 -0.6264 -0.72017
vn -0.55249 -0.6241 -0.55249
vn -0.5526 -0.62391 -0.5526
vn 0.64681 -0.40407 -0.64681
vn 0.64685 -0.40393 -0.64685
vn 0.7041 -0.09218 -0.7041
vn 0.7041 -0.09218 -0.7041
vn 0.69492 0.18481 -0.69493
vn 0.69492 0.18481 -0.69493
vn 0.9147 -0.40414 -0
vn 0.91469 -0.40416 -0
vn 0.64688 -0.40384 0.64688
vn 0.64683 -0.40401 0.64683
vn -0.64716 -0.40294 0.64716
vn -0.64712 -0.40308 0.64712
vn -0.84554 -0.40298 -0.35024
vn -0.84558 -0.40288 -0.35025
vn -0.64709 -0.40317 -0.64709
vn -0.64714 -0.403 -0.64714
vn 0 -0.40334 0.91505
vn 0 -0.40356 0.91495
vn -0.91526 -0.40287 -0
vn -0.91527 -0.40285 -0
vn 0.35008 -0.4039 -0.84517
vn 0.35011 -0.40371 -0.84525
vn 0.84506 -0.40416 -0.35004
vn 0.84509 -0.40409 -0.35005
vn 0.84511 -0.40403 0.35006
vn 0.84507 -0.40413 0.35004
vn 0.35013 -0.4036 0.84529
vn 0.3501 -0.40381 0.84521
vn -0.35016 -0.40341 -0.84537
vn -0.3502 -0.4032 -0.84545
vn -0.35021 -0.40311 0.84549
vn -0.35018 -0.4033 0.84541
vn -0.84559 -0.40285 0.35026
vn -0.84557 -0.40292 0.35025
vn -0 -0.09218 -0.99574
vn -0 0.18481 -0.98277
vn -0 0.18481 -0.98277
vn -0 -0.09218 -0.99574
vn 0.63046 0.45282 -0.63046
vn 0.63046 0.45282 -0.63046
vn 0.48093 0.73308 -0.48093
vn 0.48093 0.73308 -0.48093
vn 0.99574 -0.09218 -0
vn 0.99574 -0.09218 -0
vn 0.98277 0.18481 -0
vn 0.98277 0.18481 -0
vn 0.7041 -0.09218 0.7041
vn 0.7041 -0.09218 0.7041
vn 0.69493 0.18481 0.69493
vn 0.69493 0.18481 0.69493
vn -0.91995 -0.09218 -0.38105
vn -0.90797 0.18481 -0.37609
vn -0.91995 -0.09218 -0.38105
vn -0.7041 -0.09218 -0.7041
vn -0.7041 -0.09218 -0.7041
vn -0.69493 0.18481 -0.69493
vn 0 -0.09218 0.99574
vn 0 -0.09218 0.99574
vn 0 0.18481 0.98277
vn -0.7041 -0.09218 0.7041
vn -0.7041 -0.09218 0.7041
vn -0.69493 0.18481 0.69493
vn -0.69493 0.18481 0.69493
vn -0.99574 -0.09218 -0
vn -0.99574 -0.09218 -0
vn -0.98277 0.18481 -0
vn -0.98277 0.18481 -0
vn 0.38105 -0.09218 -0.91995
vn 0.38105 -0.09218 -0.91995
vn 0.37609 0.18481 -0.90797
vn 0.37609 0.18481 -0.90797
vn 0.91995 -0.09218 -0.38106
vn 0.91995 -0.09218 -0.38106
vn 0.90796 0.18481 -0.37609
vn 0.91995 -0.09218 0.38105
vn 0.91995 -0.09218 0.38105
vn 0.90797 0.18481 0.37609
vn 0.90797 0.18481 0.37609
vn 0.38105 -0.09218 0.91995
vn 0.38105 -0.09218 0.91995
vn 0.37609 0.18481 0.90796
vn 0.37609 0.18481 0.90796
vn -0.38105 -0.09218 0.91995
vn -0.38105 -0.09218 0.91995
vn -0.37609 0.18481 0.90797
vn -0.37609 0.18481 0.90797
vn -0.91995 -0.09218 0.38105
vn -0.91995 -0.09218 0.38105
vn -0.90797 0.18481 0.37609
vn -0.90797 0.18481 0.37609
vn -0.38105 -0.09218 -0.91995
vn -0.38105 -0.09218 -0.91995
vn -0.37609 0.18481 -0.90797
vn -0.37609 0.18481 -0.90797
vn -0 0.45282 -0.8916
vn -0 0.73308 -0.68014
vn -0 0.73308 -0.68014
vn 0.8916 0.45282 -0
vn 0.8916 0.45282 -0
vn 0.68014 0.73308 0
vn 0.68014 0.73308 0
vn 0.63046 0.45282 0.63046
vn 0.63046 0.45282 0.63046
vn 0.48093 0.73308 0.48093
vn 0.48093 0.73308 0.48093
vn -0.63046 0.45282 -0.63046
vn -0.63046 0.45282 -0.63046
vn -0.48093 0.73308 -0.48093
vn -0.48093 0.73308 -0.48093
vn 0 0.45282 0.8916
vn 0 0.45282 0.8916
vn 0 0.73308 0.68014
vn 0 0.73308 0.68014
vn -0.63046 0.45282 0.63046
vn -0.63046 0.45282 0.63046
vn -0.48093 0.73308 0.48093
vn -0.48093 0.73308 0.48093
vn -0.82373 0.45282 -0.3412
vn -0.62837 0.73308 -0.26028
vn -0.62837 0.73308 -0.26028
vn -0.82373 0.45282 -0.3412
vn -0.8916 0.45282 -0
vn -0.8916 0.45282 -0
vn -0.68014 0.73308 -0
vn -0.68014 0.73308 -0
vn 0.3412 0.45282 -0.82373
vn 0.3412 0.45282 -0.82373
vn 0.26028 0.73308 -0.62837
vn 0.26028 0.73308 -0.62837
vn 0.82373 0.45282 -0.3412
vn 0.82373 0.45282 -0.3412
vn 0.62837 0.73308 -0.26028
vn 0.62837 0.73308 -0.26028
vn 0.82373 0.45282 0.3412
vn 0.82373 0.45282 0.3412
vn 0.62837 0.73308 0.26028
vn 0.62837 0.73308 0.26028
vn 0.3412 0.45282 0.82373
vn 0.26028 0.73308 0.62837
vn 0.26028 0.73308 0.62837
vn -0.3412 0.45282 0.82373
vn -0.3412 0.45282 0.82373
vn -0.26028 0.73308 0.62837
vn -0.26028 0.73308 0.62837
vn -0.82373 0.45282 0.3412
vn -0.62837 0.73308 0.26028
vn -0.62837 0.73308 0.26028
vn -0.3412 0.45282 -0.82373
vn -0.26028 0.73308 -0.62837
vn -0.26028 0.73308 -0.62837
vn -0 -0.5536 -0.83278
vn 0.66208 0.23661 0.7111
vn 0.12138 0.21999 0.96792
vn 0.06216 0.21372 0.97492
vn -0.50894 0.11332 0.85331
vn -0.06216 -0.21372 -0.97492
vn -0.12138 -0.21999 -0.96792
vn -0.66208 -0.23661 -0.7111
vn 0.11986 0.28686 -0.95044
vn 0.66085 0.28649 -0.69368
vn 0.70399 0.28054 -0.65246
vn -0.70398 -0.28054 0.65246
vn -0.97571 -0.17044 0.13763
vn -0.66085 -0.28649 0.69369
vn 0.97571 0.17043 -0.13762
vn -0.11986 -0.28686 0.95044
vn 0.50893 -0.11332 -0.85332
vn 0.79898 -0.31439 -0.51264
vn 0.766 -0.31099 -0.56261
vn 0.3012 -0.21754 -0.92842
vn 0.9062 -0.36448 0.21436
vn 0.91921 -0.36159 0.1559
vn 0.86268 -0.26293 -0.43203
vn -0.86268 0.26293 0.43203
vn -0.91921 0.36159 -0.1559
vn -0.9062 0.36448 -0.21437
vn -0.60893 0.3217 -0.72506
vn -0.3012 0.21754 0.92842
vn -0.766 0.31099 0.5626
vn -0.79898 0.31439 0.51263
vn -0.95651 0.28593 -0.05779
vn 0.95651 -0.28593 0.05778
vn 0.60894 -0.3217 0.72506
vn 0.90631 -0.32173 0.27403
vn 0.89247 -0.15279 -0.42445
vn 0.94508 -0.20853 -0.25168
vn 0.56079 0.03639 -0.82716
vn 0.24015 -0.28271 -0.92865
vn -0.44846 -0.08038 -0.89018
vn -0.27977 -0.14153 -0.94958
vn -0.89247 0.15279 0.42445
vn -0.94508 0.20852 0.25169
vn -0.56079 -0.03639 0.82716
vn -0.8347 0.10934 -0.53974
vn 0.44846 0.08038 0.89018
vn 0.27978 0.14153 0.94958
vn 0.8347 -0.10934 0.53975
vn -0.90632 0.32172 -0.27402
vn -0.24014 0.28271 0.92866
vn -0.28311 -0.29904 0.91127
vn 0.41067 -0.11133 0.90496
vn 0.23847 -0.17007 0.95614
vn -0.41067 0.11133 -0.90496
vn -0.23847 0.17006 -0.95614
vn -0.81459 -0.07788 -0.57478
vn 0.81459 0.07788 0.57478
vn 0.2831 0.29904 -0.91128
vn -0.91782 -0.29663 -0.26386
vn -0.89005 -0.13404 0.43571
vn -0.94644 -0.18697 0.26325
vn 0.89005 0.13404 -0.43571
vn 0.94643 0.18697 -0.26326
vn 0.54818 -0.04336 -0.83524
vn -0.54817 0.04336 0.83524
vn 0.91782 0.29663 0.26385
vn 1 0 0
vn 0 0 -1
vn 0 1 0
vn 0 -0.02366 0.99972
vn -0.99972 -0.02366 -0
vn 0 -0.02366 -0.99972
vn 0.99972 -0.02366 0
vn 0 0 1
vn -1 0 0
vt 0.26189 0.34674
vt 0.38402 0.36771
vt 0.38299 0.04945
vt 0.50514 0.34665
vt 0.75509 0.9887
vt 0.81441 0.99557
vt 0.85576 0.82383
vt 0.7538 0.81155
vt 0.65144 0.82421
vt 0.69613 0.99565
vt 0.91858 0.57372
vt 0.75237 0.55549
vt 0.58755 0.57426
vt 0.97715 0.28057
vt 0.75008 0.26881
vt 0.38605 0.9881
vt 0.62869 0.98916
vt 0.62295 0.82826
vt 0.38731 0.83874
vt 0.52594 0.28361
vt 0.38604 0.70381
vt 0.60415 0.68481
vt 0.5659 0.51991
vt 0.38501 0.54476
vt 0.15128 0.83211
vt 0.14754 0.99292
vt 0.20288 0.52204
vt 0.16723 0.68807
vt 0.74885 0.11397
vt 0.51034 0.11878
vt 0.98856 0.11503
vt 0.29937 0.01137
vt 0.29937 0.14622
vt 0.29228 0.14509
vt 0.29228 0.01024
vt 0.28451 0.14566
vt 0.28451 0.01081
vt 0.27742 0.14679
vt 0.27742 0.01194
vt 0.29937 0.01136
vt 0.29937 0.14622
vt 0.29228 0.14509
vt 0.29228 0.01024
vt 0.27742 0.14679
vt 0.26966 0.14622
vt 0.26966 0.01136
vt 0.27742 0.01194
vt 0.28451 0.01081
vt 0.26966 0.01137
vt 0.27742 0.01193
vt 0.28451 0.01081
vt 0.27742 0.14679
vt 0.27742 0.01193
vt 0.28451 0.01081
vt 0.29937 0.01136
vt 0.29937 0.14622
vt 0.29228 0.14509
vt 0.29228 0.01024
vt 0.29937 0.01136
vt 0.29228 0.14509
vt 0.29228 0.01024
vt 0.26966 0.01136
vt 0.26966 0.01136
vt 0.28488 0.00742
vt 0.28525 0.14555
vt 0.29216 0.14593
vt 0.2918 0.00781
vt 0.30015 0.14866
vt 0.29978 0.01054
vt 0.28488 0.00742
vt 0.28525 0.14555
vt 0.29216 0.14593
vt 0.2918 0.00781
vt 0.27691 0.0102
vt 0.27728 0.14832
vt 0.29978 0.01054
vt 0.27691 0.0102
vt 0.27728 0.14832
vt 0.27 0.01062
vt 0.27037 0.14874
vt 0.27037 0.14874
vt 0.28488 0.00742
vt 0.28525 0.14555
vt 0.29216 0.14593
vt 0.27691 0.0102
vt 0.27728 0.14832
vt 0.30015 0.14866
vt 0.27 0.01062
vt 0.28489 0.00742
vt 0.27691 0.0102
vt 0.29978 0.01054
vt 0.27 0.01062
vt 0.23071 0.14961
vt 0.2307 0.00852
vt 0.24394 0.00836
vt 0.24394 0.14969
vt 0.23071 0.32191
vt 0.24397 0.32192
vt 0.25955 0.02397
vt 0.25955 0.13408
vt 0.25958 0.3063
vt 0.25958 0.1653
vt 0.23073 0.3216
vt 0.24394 0.14969
vt 0.24391 0.32191
vt 0.23067 0.32159
vt 0.24391 0.32191
vt 0.25955 0.13408
vt 0.25952 0.16529
vt 0.25952 0.3063
usemtl mat0
f 1/1/1 2/2/2 3/3/3
f 4/1/4 5/2/5 3/3/6
f 6/1/7 7/2/8 3/3/9
f 8/2/10 9/4/11 3/3/12
f 10/1/13 8/2/14 3/3/15
f 2/2/16 11/4/17 3/3/18
f 5/2/19 12/4/20 3/3/21
f 7/2/22 13/4/23 3/3/24
f 14/1/25 15/2/26 3/3/27
f 16/1/28 17/2/29 3/3/30
f 18/2/31 19/4/32 3/3/33
f 20/1/34 21/2/35 3/3/36
f 21/2/37 22/4/38 3/3/39
f 15/2/40 23/4/41 3/3/42
f 17/2/43 24/4/44 3/3/45
f 25/1/46 18/2/47 3/3/48
f 26/5/49 27/6/49 28/7/50
f 26/5/49 28/7/50 29/8/51
f 30/5/52 31/6/52 32/7/53
f 30/5/52 32/7/53 33/8/54
f 34/5/55 35/6/55 36/7/56
f 34/5/55 36/7/56 37/8/57
f 38/5/58 39/6/58 40/7/59
f 38/5/58 40/7/59 41/8/60
f 42/5/61 43/6/61 44/7/62
f 42/5/61 44/7/62 45/8/63
f 46/5/64 47/6/64 48/7/65
f 46/5/64 48/7/65 49/8/66
f 50/5/67 51/8/68 52/9/69
f 50/5/67 52/9/69 53/10/67
f 50/5/70 54/6/70 55/7/71
f 50/5/70 55/7/71 51/8/72
f 56/10/73 57/5/73 58/8/74
f 56/10/73 58/8/74 59/9/75
f 60/10/76 26/5/76 29/8/77
f 60/10/76 29/8/77 61/9/78
f 62/10/79 30/5/79 33/8/80
f 62/10/79 33/8/80 63/9/81
f 64/10/82 34/5/82 37/8/83
f 64/10/82 37/8/83 65/9/84
f 66/10/85 42/5/85 45/8/86
f 66/10/85 45/8/86 67/9/87
f 68/10/88 46/5/88 49/8/89
f 68/10/88 49/8/89 69/9/90
f 70/10/91 38/5/91 41/8/92
f 70/10/91 41/8/92 71/9/93
f 72/11/94 73/12/95 58/8/96
f 72/11/94 58/8/96 74/7/97
f 75/12/98 33/8/54 32/7/53
f 75/12/98 32/7/53 76/11/99
f 77/12/100 37/8/57 36/7/56
f 77/12/100 36/7/56 78/11/101
f 79/12/102 45/8/63 44/7/62
f 79/12/102 44/7/62 80/11/103
f 81/12/104 49/8/66 48/7/65
f 81/12/104 48/7/65 82/11/105
f 83/12/106 84/13/107 52/9/69
f 83/12/106 52/9/69 51/8/68
f 85/12/108 29/8/51 28/7/50
f 85/12/108 28/7/50 86/11/109
f 83/12/110 51/8/72 55/7/71
f 83/12/110 55/7/71 87/11/111
f 29/8/77 85/12/112 88/13/113
f 29/8/77 88/13/113 61/9/78
f 33/8/80 75/12/114 89/13/115
f 33/8/80 89/13/115 63/9/81
f 37/8/83 77/12/116 90/13/117
f 37/8/83 90/13/117 65/9/84
f 91/13/118 71/9/93 41/8/92
f 91/13/118 41/8/92 92/12/119
f 45/8/86 79/12/120 93/13/121
f 45/8/86 93/13/121 67/9/87
f 49/8/89 81/12/122 94/13/123
f 49/8/89 94/13/123 69/9/90
f 72/11/94 95/14/124 96/15/125
f 72/11/94 96/15/125 73/12/95
f 58/8/74 73/12/126 97/13/127
f 58/8/74 97/13/127 59/9/75
f 40/7/59 98/11/128 92/12/129
f 40/7/59 92/12/129 41/8/60
f 85/12/108 86/11/109 99/14/130
f 85/12/108 99/14/130 100/15/131
f 101/16/132 102/17/133 103/18/134
f 101/16/132 103/18/134 104/19/135
f 75/12/98 76/11/99 105/14/136
f 75/12/98 105/14/136 106/15/137
f 77/12/100 78/11/101 107/14/138
f 77/12/100 107/14/138 108/15/139
f 81/12/104 82/11/105 109/14/140
f 81/12/104 109/14/140 110/15/141
f 83/12/106 111/15/142 112/20/143
f 83/12/106 112/20/143 84/13/107
f 92/12/129 98/11/128 113/14/144
f 92/12/129 113/14/144 114/15/145
f 79/12/102 80/11/103 115/14/146
f 79/12/102 115/14/146 116/15/147
f 83/12/110 87/11/111 117/14/148
f 83/12/110 117/14/148 111/15/149
f 97/13/127 73/12/126 96/15/150
f 97/13/127 96/15/150 118/20/151
f 88/13/113 85/12/112 100/15/152
f 88/13/113 100/15/152 119/20/153
f 89/13/115 75/12/114 106/15/154
f 89/13/115 106/15/154 120/20/155
f 90/13/117 77/12/116 108/15/156
f 90/13/117 108/15/156 121/20/157
f 91/13/118 92/12/119 114/15/158
f 91/13/118 114/15/158 122/20/159
f 93/13/121 79/12/120 116/15/160
f 93/13/121 116/15/160 123/20/161
f 94/13/123 81/12/122 110/15/162
f 94/13/123 110/15/162 124/20/163
f 125/17/164 126/18/165 127/19/166
f 125/17/164 127/19/166 128/16/167
f 129/21/168 130/22/169 131/23/170
f 129/21/168 131/23/170 132/24/171
f 133/16/172 134/17/173 135/18/174
f 133/16/172 135/18/174 136/19/175
f 137/16/176 138/17/177 139/18/178
f 137/16/176 139/18/178 140/19/179
f 141/16/180 142/19/181 143/25/181
f 141/16/180 143/25/181 144/26/182
f 145/16/183 146/17/184 147/18/185
f 145/16/183 147/18/185 148/19/185
f 149/16/186 150/17/187 151/18/188
f 149/16/186 151/18/188 152/19/188
f 153/16/189 154/17/190 155/18/191
f 153/16/189 155/18/191 156/19/192
f 141/16/193 157/17/194 158/18/195
f 141/16/193 158/18/195 142/19/196
f 159/26/197 128/16/198 127/19/199
f 159/26/197 127/19/199 160/25/200
f 161/26/201 101/16/202 104/19/203
f 161/26/201 104/19/203 162/25/203
f 163/26/204 133/16/205 136/19/206
f 163/26/204 136/19/206 164/25/207
f 165/26/208 137/16/209 140/19/210
f 165/26/208 140/19/210 166/25/211
f 167/26/212 149/16/213 152/19/214
f 167/26/212 152/19/214 168/25/215
f 169/26/216 153/16/217 156/19/218
f 169/26/216 156/19/218 170/25/219
f 171/26/220 145/16/221 148/19/222
f 171/26/220 148/19/222 172/25/223
f 173/22/224 174/23/225 175/24/226
f 173/22/224 175/24/226 176/21/224
f 132/24/171 131/23/170 22/4/38
f 132/24/171 22/4/38 21/2/37
f 177/21/227 178/22/228 179/23/229
f 177/21/227 179/23/229 180/24/230
f 181/21/231 182/22/232 183/23/233
f 181/21/231 183/23/233 184/24/234
f 185/21/235 186/22/236 187/23/237
f 185/21/235 187/23/237 188/24/238
f 189/21/239 190/22/240 191/23/241
f 189/21/239 191/23/241 192/24/242
f 193/21/243 194/22/244 195/23/245
f 193/21/243 195/23/245 196/24/246
f 197/21/247 198/24/248 199/27/249
f 197/21/247 199/27/249 200/28/250
f 197/21/251 201/22/252 202/23/253
f 197/21/251 202/23/253 198/24/254
f 203/28/255 176/21/256 175/24/257
f 203/28/255 175/24/257 204/27/258
f 205/28/259 129/21/260 132/24/261
f 205/28/259 132/24/261 206/27/262
f 207/28/263 177/21/264 180/24/265
f 207/28/263 180/24/265 208/27/266
f 209/28/267 181/21/267 184/24/268
f 209/28/267 184/24/268 210/27/269
f 211/28/270 189/21/271 192/24/272
f 211/28/270 192/24/272 212/27/273
f 213/28/274 193/21/274 196/24/275
f 213/28/274 196/24/275 214/27/276
f 215/28/277 185/21/277 188/24/278
f 215/28/277 188/24/278 216/27/279
f 174/23/225 11/4/17 2/2/16
f 174/23/225 2/2/16 175/24/226
f 168/25/215 152/19/214 189/21/271
f 168/25/215 189/21/271 211/28/270
f 180/24/230 179/23/229 12/4/20
f 180/24/230 12/4/20 5/2/19
f 184/24/234 183/23/233 23/4/41
f 184/24/234 23/4/41 15/2/40
f 192/24/242 191/23/241 13/4/23
f 192/24/242 13/4/23 7/2/22
f 196/24/246 195/23/245 24/4/44
f 196/24/246 24/4/44 17/2/43
f 198/24/248 8/2/14 10/1/13
f 198/24/248 10/1/13 199/27/249
f 188/24/238 187/23/237 19/4/32
f 188/24/238 19/4/32 18/2/31
f 198/24/254 202/23/253 9/4/11
f 198/24/254 9/4/11 8/2/10
f 204/27/258 175/24/257 2/2/2
f 204/27/258 2/2/2 1/1/1
f 206/27/262 132/24/261 21/2/35
f 206/27/262 21/2/35 20/1/34
f 208/27/266 180/24/265 5/2/5
f 208/27/266 5/2/5 4/1/4
f 210/27/269 184/24/268 15/2/26
f 210/27/269 15/2/26 14/1/25
f 214/27/276 196/24/275 17/2/29
f 214/27/276 17/2/29 16/1/28
f 216/27/279 188/24/278 18/2/47
f 216/27/279 18/2/47 25/1/46
f 212/27/273 192/24/272 7/2/8
f 212/27/273 7/2/8 6/1/7
f 217/6/280 74/7/97 58/8/96
f 217/6/280 58/8/96 57/5/280
f 166/25/211 140/19/210 181/21/267
f 166/25/211 181/21/267 209/28/267
f 164/25/207 136/19/206 177/21/264
f 164/25/207 177/21/264 207/28/263
f 162/25/203 104/19/203 129/21/260
f 162/25/203 129/21/260 205/28/259
f 160/25/200 127/19/199 176/21/256
f 160/25/200 176/21/256 203/28/255
f 142/19/196 158/18/195 201/22/252
f 142/19/196 201/22/252 197/21/251
f 142/19/181 197/21/247 200/28/250
f 142/19/181 200/28/250 143/25/181
f 156/19/192 155/18/191 194/22/244
f 156/19/192 194/22/244 193/21/243
f 152/19/188 151/18/188 190/22/240
f 152/19/188 190/22/240 189/21/239
f 148/19/185 147/18/185 186/22/236
f 148/19/185 186/22/236 185/21/235
f 140/19/179 139/18/178 182/22/232
f 140/19/179 182/22/232 181/21/231
f 136/19/175 135/18/174 178/22/228
f 136/19/175 178/22/228 177/21/227
f 126/18/165 173/22/224 176/21/224
f 126/18/165 176/21/224 127/19/166
f 104/19/135 103/18/134 130/22/169
f 104/19/135 130/22/169 129/21/168
f 122/20/159 114/15/158 218/29/221
f 122/20/159 218/29/221 219/30/220
f 124/20/163 110/15/162 220/29/217
f 124/20/163 220/29/217 221/30/216
f 123/20/161 116/15/160 222/29/213
f 123/20/161 222/29/213 223/30/212
f 121/20/157 108/15/156 224/29/209
f 121/20/157 224/29/209 225/30/208
f 120/20/155 106/15/154 226/29/205
f 120/20/155 226/29/205 227/30/204
f 119/20/153 100/15/152 228/29/202
f 119/20/153 228/29/202 229/30/201
f 118/20/151 96/15/150 230/29/198
f 118/20/151 230/29/198 231/30/197
f 111/15/149 117/14/148 232/31/194
f 111/15/149 232/31/194 233/29/193
f 110/15/141 109/14/140 234/31/190
f 110/15/141 234/31/190 220/29/189
f 116/15/147 115/14/146 235/31/187
f 116/15/147 235/31/187 222/29/186
f 114/15/145 113/14/144 236/31/184
f 114/15/145 236/31/184 218/29/183
f 111/15/142 233/29/180 237/30/182
f 111/15/142 237/30/182 112/20/143
f 108/15/139 107/14/138 238/31/177
f 108/15/139 238/31/177 224/29/176
f 106/15/137 105/14/136 239/31/173
f 106/15/137 239/31/173 226/29/172
f 95/14/124 240/31/164 230/29/167
f 95/14/124 230/29/167 96/15/125
f 100/15/131 99/14/130 241/31/133
f 100/15/131 241/31/133 228/29/132
f 170/25/219 156/19/218 193/21/274
f 170/25/219 193/21/274 213/28/274
f 172/25/223 148/19/222 185/21/277
f 172/25/223 185/21/277 215/28/277
f 242/32/281 243/33/281 244/34/282
f 242/32/281 244/34/282 245/35/283
f 246/36/284 247/37/284 245/35/283
f 246/36/284 245/35/283 244/34/282
f 248/38/285 249/39/286 247/37/287
f 248/38/285 247/37/287 246/36/287
f 250/40/288 251/41/288 252/42/289
f 250/40/288 252/42/289 253/43/290
f 254/44/291 255/45/292 256/46/292
f 254/44/291 256/46/292 257/47/293
f 258/36/294 259/48/294 253/43/290
f 258/36/294 253/43/290 252/42/289
f 254/44/291 257/47/293 259/48/295
f 254/44/291 259/48/295 258/36/295
f 248/38/285 260/45/296 261/49/296
f 248/38/285 261/49/296 249/39/286
f 262/44/297 263/50/298 264/51/299
f 262/44/297 264/51/299 265/36/299
f 266/52/300 267/53/301 268/54/302
f 266/52/300 268/54/302 269/36/302
f 270/55/303 271/56/303 272/57/304
f 270/55/303 272/57/304 273/58/305
f 269/36/306 268/54/306 273/58/305
f 269/36/306 273/58/305 272/57/304
f 274/59/307 275/33/307 276/60/308
f 274/59/307 276/60/308 277/61/309
f 265/36/310 264/51/310 277/61/309
f 265/36/310 277/61/309 276/60/308
f 262/44/297 278/45/311 279/62/311
f 262/44/297 279/62/311 263/50/298
f 266/52/300 280/45/312 281/63/312
f 266/52/300 281/63/312 267/53/301
f 282/64/313 283/65/313 284/66/314
f 282/64/313 284/66/314 285/67/315
f 286/68/316 287/69/316 285/67/315
f 286/68/316 285/67/315 284/66/314
f 288/70/317 289/71/317 290/72/318
f 288/70/317 290/72/318 291/73/319
f 292/74/320 293/75/321 283/65/322
f 292/74/320 283/65/322 282/64/322
f 294/68/323 295/76/323 291/73/319
f 294/68/323 291/73/319 290/72/318
f 296/77/324 297/78/325 289/71/326
f 296/77/324 289/71/326 288/70/326
f 292/74/320 298/79/327 299/80/327
f 292/74/320 299/80/327 293/75/321
f 296/77/324 300/79/328 301/81/328
f 296/77/324 301/81/328 297/78/325
f 302/82/329 303/83/329 304/84/330
f 302/82/329 304/84/330 305/67/331
f 306/85/332 307/86/333 303/83/334
f 306/85/332 303/83/334 302/82/334
f 308/87/335 309/69/335 305/67/331
f 308/87/335 305/67/331 304/84/330
f 306/85/332 310/88/336 311/80/336
f 306/85/332 311/80/336 307/86/333
f 312/89/337 313/65/337 314/66/338
f 312/89/337 314/66/338 315/67/339
f 316/90/340 317/75/341 313/65/342
f 316/90/340 313/65/342 312/89/342
f 318/68/343 319/91/343 315/67/339
f 318/68/343 315/67/339 314/66/338
f 316/90/340 320/92/344 321/80/344
f 316/90/340 321/80/344 317/75/341
f 322/93/345 323/94/345 324/95/345
f 322/93/345 324/95/345 325/96/345
f 326/93/346 327/97/346 328/98/346
f 326/93/346 328/98/346 329/96/346
f 330/99/347 331/100/347 325/96/347
f 330/99/347 325/96/347 324/95/347
f 332/101/347 333/102/347 329/96/347
f 332/101/347 329/96/347 328/98/347
f 334/103/348 335/98/348 336/96/348
f 334/103/348 336/96/348 337/93/348
f 338/94/349 339/95/349 340/104/349
f 338/94/349 340/104/349 341/93/349
f 341/93/350 342/96/350 343/105/350
f 341/93/350 343/105/350 344/106/350
f 345/93/351 346/96/351 347/95/351
f 345/93/351 347/95/351 348/94/351
f 349/97/352 322/93/352 325/96/352
f 349/97/352 325/96/352 350/107/352
f 351/94/353 352/93/353 353/104/353
f 351/94/353 353/104/353 354/95/353
f 355/108/347 356/99/347 354/95/347
f 355/108/347 354/95/347 353/104/347
f 357/109/347 358/110/347 350/107/347
f 357/109/347 350/107/347 325/96/347
# Vertices: 358, normals: 353, texture coordinates: 110, faces: 360

o obj2
v 0.24772616 0.48970231 -0.67010552
v 0.37047231 0.77359384 -0.54800808
v 0.37047231 0.50186139 -0.75700688
v 0.37047231 0.20856898 -0.71459413
v 0.37047231 0.14430295 -0.54800814
v 0.29530659 0.21141326 -0.67010558
v 0.25061578 0.20636351 -0.54800808
v 0.20303531 0.48465285 -0.54800808
v 0.49321845 0.48970231 -0.67010552
v 0.44563803 0.21141326 -0.67010558
v 0.49032885 0.20636351 -0.54800808
v 0.53790933 0.48465285 -0.54800808
v -0.51952928 0.48970231 -0.67010552
v -0.39678311 0.77359384 -0.54800808
v -0.39678311 0.50186139 -0.75700688
v -0.39678311 0.20856898 -0.71459413
v -0.39678311 0.14430295 -0.54800814
v -0.47194883 0.21141326 -0.67010558
v -0.51663965 0.20636351 -0.54800808
v -0.56422013 0.48465285 -0.54800808
v -0.27403697 0.48970231 -0.67010552
v -0.32161739 0.21141326 -0.67010558
v -0.27692658 0.20636351 -0.54800808
v -0.22934611 0.48465285 -0.54800808
v 0.24772616 0.48970231 0.66868353
v 0.37047231 0.50186139 0.75558484
v 0.37047231 0.77359384 0.54658604
v 0.37047231 0.20856898 0.71317208
v 0.29530659 0.21141326 0.66868359
v 0.37047231 0.14430295 0.54658604
v 0.25061578 0.20636351 0.54658604
v 0.20303531 0.48465285 0.54658604
v 0.49321845 0.48970231 0.66868353
v 0.44563803 0.21141326 0.66868359
v 0.49032885 0.20636351 0.54658604
v 0.53790933 0.48465285 0.54658604
v -0.51952928 0.48970231 0.66868353
v -0.39678311 0.50186139 0.75558484
v -0.39678311 0.77359384 0.54658604
v -0.39678311 0.20856898 0.71317208
v -0.47194883 0.21141326 0.66868359
v -0.39678311 0.14430295 0.54658604
v -0.51663965 0.20636351 0.54658604
v -0.56422013 0.48465285 0.54658604
v -0.27403697 0.48970231 0.66868353
v -0.32161739 0.21141326 0.66868359
v -0.27692658 0.20636351 0.54658604
v -0.22934611 0.48465285 0.54658604
v 0.37047231 0.34477088 -0.76388472
v 0.23184219 0.3379873 -0.67010558
v 0.18715137 0.33293757 -0.54800808
v 0.50910246 0.3379873 -0.67010558
v 0.55379325 0.33293757 -0.54800808
v -0.70819187 0.01459985 0.58765924
v -0.70819187 0.01459985 -0.58908129
v 0.69275618 0.01459985 -0.58908129
v 0.69275618 0.01459985 0.58765924
v -0.70819187 0.01459985 -0.58908129
v -0.70819187 0.01459985 0.58765924
v -0.70819187 0.11506107 0.58765924
v -0.70819187 0.11506107 -0.58908129
v 0.69275618 0.01459985 -0.58908129
v -0.70819187 0.01459985 -0.58908129
v -0.70819187 0.11506107 -0.58908129
v 0.69275618 0.11506107 -0.58908129
v 0.69275618 0.01459985 0.58765924
v 0.69275618 0.01459985 -0.58908129
v 0.69275618 0.11506107 -0.58908129
v 0.69275618 0.11506107 0.58765924
v -0.70819187 0.01459985 0.58765924
v 0.69275618 0.01459985 0.58765924
v 0.69275618 0.11506107 0.58765924
v -0.70819187 0.11506107 0.58765924
v -0.67165929 0.12164462 0.5441128
v -0.67165929 0.12164462 -0.54553491
v -0.70819187 0.11506107 -0.58908129
v -0.70819187 0.11506107 0.58765924
v 0.65622365 0.12164462 0.5441128
v -0.67165929 0.12164462 0.5441128
v -0.70819187 0.11506107 0.58765924
v 0.69275618 0.11506107 0.58765924
v 0.65622365 0.12164462 -0.54553491
v 0.65622365 0.12164462 0.5441128
v 0.69275618 0.11506107 -0.58908129
v -0.67165929 0.12164462 -0.54553491
v 0.65622365 0.12164462 -0.54553491
v 0.69275618 0.11506107 -0.58908129
v -0.70819187 0.11506107 -0.58908129
v -0.67165929 0.12164462 0.5441128
v 0.65622365 0.12164462 0.5441128
v 0.65622365 0.81669325 0.5441128
v -0.67165929 0.81669325 0.5441128
v -0.67165929 0.12164462 -0.54553491
v -0.67165929 0.12164462 0.5441128
v -0.67165929 0.81669325 0.5441128
v -0.67165929 0.81669325 -0.54553491
v 0.70202577 0.81669325 0.58169758
v 0.70202577 0.81669325 -0.58311969
v 0.70202577 0.92577291 -0.58311969
v 0.70202577 0.92577291 0.58169758
v 0.70202577 0.81669325 -0.58311969
v -0.71746147 0.81669325 -0.58311969
v -0.71746147 0.92577291 -0.58311969
v 0.70202577 0.92577291 -0.58311969
v 0.57335818 0.92577291 -0.45445201
v 0.57335818 0.92577291 0.45302993
v 0.70202577 0.92577291 0.58169758
v -0.58879381 0.92577291 -0.45445201
v 0.57335818 0.92577291 -0.45445201
v 0.70202577 0.92577291 -0.58311969
v -0.71746147 0.92577291 -0.58311969
v -0.58879381 0.21406199 -0.45445201
v -0.58879381 0.21406199 0.45302993
v 0.57335818 0.21406199 0.45302993
v 0.57335818 0.21406199 -0.45445201
v 0.57335818 0.92577291 -0.45445201
v -0.58879381 0.92577291 -0.45445201
v -0.58879381 0.21406199 -0.45445201
v 0.57335818 0.21406199 -0.45445201
v 0.57335818 0.92577291 0.45302993
v 0.57335818 0.92577291 -0.45445201
v 0.57335818 0.21406199 -0.45445201
v 0.57335818 0.21406199 0.45302993
v 0.65622365 0.12164462 -0.54553491
v -0.67165929 0.12164462 -0.54553491
v -0.67165929 0.81669325 -0.54553491
v 0.65622365 0.81669325 -0.54553491
v 0.65622365 0.12164462 0.5441128
v 0.65622365 0.12164462 -0.54553491
v 0.65622365 0.81669325 -0.54553491
v 0.65622365 0.81669325 0.5441128
v -0.71746147 0.81669325 0.58169758
v 0.70202577 0.92577291 0.58169758
v -0.71746147 0.92577291 0.58169758
v -0.71746147 0.81669325 -0.58311969
v -0.71746147 0.81669325 0.58169758
v -0.71746147 0.92577291 0.58169758
v -0.71746147 0.92577291 -0.58311969
v -0.58879381 0.92577291 0.45302993
v 0.57335818 0.92577291 0.45302993
v 0.57335818 0.21406199 0.45302993
v -0.58879381 0.21406199 0.45302993
v -0.58879381 0.92577291 0.45302993
v -0.58879381 0.92577291 -0.45445201
v -0.71746147 0.92577291 -0.58311969
v -0.71746147 0.92577291 0.58169758
v 0.57335818 0.92577291 0.45302993
v -0.58879381 0.92577291 0.45302993
v -0.71746147 0.92577291 0.58169758
v -0.58879381 0.92577291 -0.45445201
v -0.58879381 0.92577291 0.45302993
v -0.58879381 0.21406199 0.45302993
v -0.58879381 0.21406199 -0.45445201
v -0.39678311 0.34477088 -0.76388472
v -0.53541327 0.3379873 -0.67010558
v -0.58010405 0.33293757 -0.54800808
v -0.25815296 0.3379873 -0.67010558
v -0.21346217 0.33293757 -0.54800808
v 0.23184219 0.3379873 0.66868359
v 0.37047231 0.34477088 0.76246268
v 0.18715137 0.33293757 0.54658604
v 0.50910246 0.3379873 0.66868359
v 0.55379325 0.33293757 0.54658604
v -0.53541327 0.3379873 0.66868359
v -0.39678311 0.34477088 0.76246268
v -0.58010405 0.33293757 0.54658604
v -0.25815296 0.3379873 0.66868359
v -0.21346217 0.33293757 0.54658604
vn -0.76076 0.28874 -0.58127
vn -0 0.71344 -0.70071
vn -0 0.32963 -0.94411
vn -0 -0.63711 -0.77077
vn 0 -0.9609 -0.27691
vn -0.57014 -0.63183 -0.52509
vn -0.70786 -0.64595 -0.28581
vn -0.90596 0.27703 -0.32015
vn 0.76076 0.28874 -0.58127
vn 0.57014 -0.63183 -0.52509
vn 0.70786 -0.64595 -0.28581
vn 0.90596 0.27703 -0.32015
vn -0.76076 0.28874 -0.58127
vn -0 0.71344 -0.70071
vn 0 0.32963 -0.94411
vn 0 -0.63711 -0.77077
vn 0 -0.9609 -0.27691
vn -0.57014 -0.63183 -0.52509
vn -0.70786 -0.64595 -0.28581
vn -0.90596 0.27703 -0.32015
vn 0.76076 0.28874 -0.58127
vn 0.57014 -0.63183 -0.52509
vn 0.70786 -0.64595 -0.28581
vn 0.90596 0.27703 -0.32015
vn -0.76076 0.28874 0.58127
vn 0 0.32963 0.94411
vn 0 0.71344 0.70071
vn -0 -0.63711 0.77077
vn -0.57014 -0.63183 0.52509
vn -0 -0.9609 0.27691
vn -0.70786 -0.64595 0.28581
vn -0.90596 0.27703 0.32015
vn 0.76076 0.28874 0.58127
vn 0.57014 -0.63183 0.52509
vn 0.70786 -0.64595 0.28581
vn 0.90596 0.27703 0.32015
vn -0.76076 0.28874 0.58127
vn 0 0.32963 0.94411
vn 0 0.71344 0.70071
vn 0 -0.63711 0.77077
vn -0.57014 -0.63183 0.52509
vn 0 -0.9609 0.27691
vn -0.70786 -0.64595 0.28581
vn -0.90596 0.27703 0.32015
vn 0.76076 0.28874 0.58127
vn 0.57014 -0.63183 0.52509
vn 0.70786 -0.64595 0.28581
vn 0.90596 0.27703 0.32015
vn -0 -0.12297 -0.99241
vn -0.79401 -0.14821 -0.58957
vn -0.92403 -0.1647 -0.34503
vn 0.79401 -0.14821 -0.58957
vn 0.92403 -0.1647 -0.34503
vn 0 -1 0
vn -1 0 0
vn 0 0 -1
vn 1 0 0
vn 0 0 1
vn -0.09255 0.99307 0.07249
vn -0.09255 0.99307 -0.07249
vn -0.07956 0.99333 -0.08343
vn -0.07956 0.99333 0.08343
vn 0.09255 0.99307 0.07249
vn 0.07956 0.99333 0.08343
vn 0.09255 0.99307 -0.07249
vn 0.07956 0.99333 -0.08343
vn -0 1 0
vn -0 1 0
vn -0 1 0
vn 0 1 0
vn 0 -0.12297 -0.99241
vn -0.79401 -0.14821 -0.58957
vn -0.92403 -0.1647 -0.34503
vn 0.79401 -0.14821 -0.58957
vn 0.92403 -0.1647 -0.34503
vn -0.79401 -0.14821 0.58957
vn -0 -0.12297 0.99241
vn -0.92403 -0.1647 0.34503
vn 0.79401 -0.14821 0.58957
vn 0.92403 -0.1647 0.34503
vn -0.79401 -0.14821 0.58957
vn 0 -0.12297 0.99241
vn -0.92403 -0.1647 0.34503
vn 0.79401 -0.14821 0.58957
vn 0.92403 -0.1647 0.34503
vt 0.1122 0.49012
vt 0.19537 0.53389
vt 0.1118 0.52785
vt 0.03497 0.53192
vt 0.00258 0.53194
vt 0.03382 0.50336
vt 0.02172 0.48447
vt 0.11155 0.47
vt 0.1096 0.56443
vt 0.03595 0.55768
vt 0.02542 0.58038
vt 0.11064 0.58874
vt 0.07126 0.5297
vt 0.06916 0.48602
vt 0.06851 0.4659
vt 0.0677 0.56902
vt 0.06874 0.59334
vt 0.13593 0.61107
vt 0.01025 0.61112
vt 0.0103 0.77207
vt 0.13599 0.77203
vt 0.01206 0.45878
vt 0.01206 0.25129
vt 0.02978 0.25129
vt 0.02978 0.45878
vt 0.01206 0.25129
vt 0.01206 0.00426
vt 0.02978 0.00426
vt 0.02978 0.25129
vt 0.01206 0.45878
vt 0.02978 0.45878
vt 0.02978 0.25129
vt 0.01206 0.00426
vt 0.01206 0.25129
vt 0.02978 0.25129
vt 0.02978 0.00426
vt 0.00552 0.25896
vt 0.00552 0.4511
vt 0.01206 0.45878
vt 0.01206 0.25129
vt 0.0043 0.24484
vt 0.0043 0.01071
vt 0.01206 0.25129
vt 0.0043 0.01071
vt 0.0043 0.24484
vt 0.03954 0.01715
vt 0.03954 0.25129
vt 0.16209 0.25129
vt 0.16209 0.01715
vt 0.03954 0.25129
vt 0.03954 0.44342
vt 0.16209 0.44342
vt 0.16209 0.25129
vt 0.17269 0.25129
vt 0.17269 0.45668
vt 0.19193 0.45668
vt 0.19193 0.25129
vt 0.17269 0.25129
vt 0.17269 0.001
vt 0.19193 0.001
vt 0.19193 0.25129
vt 0.21462 0.43399
vt 0.21462 0.27398
vt 0.19193 0.25129
vt 0.21461 0.02368
vt 0.21461 0.2286
vt 0.19193 0.00099
vt 0.16209 0.25129
vt 0.16209 0.01715
vt 0.03953 0.01715
vt 0.16209 0.25129
vt 0.16209 0.44342
vt 0.03954 0.44342
vt 0.03954 0.25129
vt 0.03954 0.25129
vt 0.03954 0.01715
vt 0.16209 0.01715
vt 0.16209 0.25129
vt 0.03954 0.44342
vt 0.03954 0.25129
vt 0.16209 0.25129
vt 0.16209 0.44342
vt 0.17269 0.001
vt 0.19193 0.25129
vt 0.19193 0.001
vt 0.17269 0.45668
vt 0.17269 0.25129
vt 0.19193 0.25129
vt 0.19193 0.45668
vt 0.16209 0.01715
vt 0.03953 0.01715
vt 0.21461 0.27397
vt 0.21461 0.43399
vt 0.21461 0.02368
usemtl mat0
f 359/111/354 360/112/355 361/113/356
f 362/114/357 363/115/358 364/116/359
f 363/115/358 365/117/360 364/116/359
f 359/111/354 366/118/361 360/112/355
f 367/119/362 361/113/356 360/112/355
f 362/114/357 368/120/363 363/115/358
f 363/115/358 368/120/363 369/121/364
f 367/119/362 360/112/355 370/122/365
f 371/111/366 372/112/367 373/113/368
f 374/114/369 375/115/370 376/116/371
f 375/115/370 377/117/372 376/116/371
f 371/111/366 378/118/373 372/112/367
f 379/119/374 373/113/368 372/112/367
f 374/114/369 380/120/375 375/115/370
f 375/115/370 380/120/375 381/121/376
f 379/119/374 372/112/367 382/122/377
f 383/111/378 384/113/379 385/112/380
f 386/114/381 387/116/382 388/115/383
f 388/115/383 387/116/382 389/117/384
f 383/111/378 385/112/380 390/118/385
f 391/119/386 385/112/380 384/113/379
f 386/114/381 388/115/383 392/120/387
f 388/115/383 393/121/388 392/120/387
f 391/119/386 394/122/389 385/112/380
f 395/111/390 396/113/391 397/112/392
f 398/114/393 399/116/394 400/115/395
f 400/115/395 399/116/394 401/117/396
f 395/111/390 397/112/392 402/118/397
f 403/119/398 397/112/392 396/113/391
f 398/114/393 400/115/395 404/120/399
f 400/115/395 405/121/400 404/120/399
f 403/119/398 406/122/401 397/112/392
f 361/113/356 407/123/402 408/124/403
f 361/113/356 408/124/403 359/111/354
f 407/123/402 362/114/357 364/116/359
f 407/123/402 364/116/359 408/124/403
f 364/116/359 365/117/360 409/125/404
f 364/116/359 409/125/404 408/124/403
f 408/124/403 409/125/404 366/118/361
f 408/124/403 366/118/361 359/111/354
f 361/113/356 367/119/362 410/126/405
f 361/113/356 410/126/405 407/123/402
f 407/123/402 410/126/405 368/120/363
f 407/123/402 368/120/363 362/114/357
f 368/120/363 410/126/405 411/127/406
f 368/120/363 411/127/406 369/121/364
f 410/126/405 367/119/362 370/122/365
f 410/126/405 370/122/365 411/127/406
f 412/128/407 413/129/407 414/130/407
f 412/128/407 414/130/407 415/131/407
f 416/132/408 417/133/408 418/134/408
f 416/132/408 418/134/408 419/135/408
f 420/136/409 421/137/409 422/138/409
f 420/136/409 422/138/409 423/139/409
f 424/136/410 425/140/410 426/141/410
f 424/136/410 426/141/410 427/142/410
f 428/143/411 429/144/411 430/145/411
f 428/143/411 430/145/411 431/146/411
f 432/147/412 433/148/413 434/149/414
f 432/147/412 434/149/414 435/150/415
f 436/151/416 437/152/412 438/137/415
f 436/151/416 438/137/415 439/153/417
f 440/148/418 441/147/416 439/153/417
f 440/148/418 439/153/417 442/149/419
f 443/154/413 444/155/418 445/153/419
f 443/154/413 445/153/419 446/137/414
f 447/156/411 448/157/411 449/158/411
f 447/156/411 449/158/411 450/159/411
f 451/160/408 452/161/408 453/162/408
f 451/160/408 453/162/408 454/163/408
f 455/164/410 456/165/410 457/166/410
f 455/164/410 457/166/410 458/167/410
f 459/168/409 460/169/409 461/170/409
f 459/168/409 461/170/409 462/171/409
f 463/172/420 464/173/421 465/174/422
f 463/172/420 465/174/422 457/166/422
f 466/175/423 467/176/420 468/174/422
f 466/175/423 468/174/422 469/177/423
f 470/128/423 471/129/423 472/130/423
f 470/128/423 472/130/423 473/131/423
f 474/178/411 475/179/411 476/180/411
f 474/178/411 476/180/411 477/157/411
f 478/181/408 479/182/408 480/183/408
f 478/181/408 480/183/408 481/184/408
f 482/185/409 483/186/409 484/187/409
f 482/185/409 484/187/409 485/188/409
f 486/189/410 487/190/410 488/191/410
f 486/189/410 488/191/410 489/192/410
f 490/193/411 455/164/411 491/194/411
f 490/193/411 491/194/411 492/195/411
f 493/196/408 494/197/408 495/198/408
f 493/196/408 495/198/408 496/199/408
f 497/200/409 498/178/409 499/157/409
f 497/200/409 499/157/409 500/201/409
f 501/202/423 502/203/423 503/166/423
f 501/202/423 503/166/423 504/174/423
f 505/176/421 506/204/423 507/177/423
f 505/176/421 507/177/423 465/174/422
f 508/181/410 509/182/410 510/183/410
f 508/181/410 510/183/410 511/184/410
f 373/113/368 512/123/424 513/124/425
f 373/113/368 513/124/425 371/111/366
f 512/123/424 374/114/369 376/116/371
f 512/123/424 376/116/371 513/124/425
f 376/116/371 377/117/372 514/125/426
f 376/116/371 514/125/426 513/124/425
f 513/124/425 514/125/426 378/118/373
f 513/124/425 378/118/373 371/111/366
f 373/113/368 379/119/374 515/126/427
f 373/113/368 515/126/427 512/123/424
f 512/123/424 515/126/427 380/120/375
f 512/123/424 380/120/375 374/114/369
f 380/120/375 515/126/427 516/127/428
f 380/120/375 516/127/428 381/121/376
f 515/126/427 379/119/374 382/122/377
f 515/126/427 382/122/377 516/127/428
f 384/113/379 383/111/378 517/124/429
f 384/113/379 517/124/429 518/123/430
f 518/123/430 517/124/429 387/116/382
f 518/123/430 387/116/382 386/114/381
f 387/116/382 517/124/429 519/125/431
f 387/116/382 519/125/431 389/117/384
f 517/124/429 383/111/378 390/118/385
f 517/124/429 390/118/385 519/125/431
f 384/113/379 518/123/430 520/126/432
f 384/113/379 520/126/432 391/119/386
f 518/123/430 386/114/381 392/120/387
f 518/123/430 392/120/387 520/126/432
f 392/120/387 393/121/388 521/127/433
f 392/120/387 521/127/433 520/126/432
f 520/126/432 521/127/433 394/122/389
f 520/126/432 394/122/389 391/119/386
f 396/113/391 395/111/390 522/124/434
f 396/113/391 522/124/434 523/123/435
f 523/123/435 522/124/434 399/116/394
f 523/123/435 399/116/394 398/114/393
f 399/116/394 522/124/434 524/125/436
f 399/116/394 524/125/436 401/117/396
f 522/124/434 395/111/390 402/118/397
f 522/124/434 402/118/397 524/125/436
f 396/113/391 523/123/435 525/126/437
f 396/113/391 525/126/437 403/119/398
f 523/123/435 398/114/393 404/120/399
f 523/123/435 404/120/399 525/126/437
f 404/120/399 405/121/400 526/127/438
f 404/120/399 526/127/438 525/126/437
f 525/126/437 526/127/438 406/122/401
f 525/126/437 406/122/401 403/119/398
# Vertices: 168, normals: 85, texture coordinates: 94, faces: 148

o obj3
v -5.83831677 11.58151817 -4.97187322
v -5.18978145 11.58151817 -4.82809743
v -5.1526441 11.84481812 -6.53018826
v -6.71095956 11.58151817 -7.21586227
v -6.85473546 11.58151817 -6.56732692
v -4.46696964 11.58151817 -8.08850357
v -5.11550523 11.58151817 -8.2322798
v -3.45055341 11.58151817 -6.49304907
v -3.56590422 11.58151817 -7.14723826
v -3.59432942 11.58151817 -5.84451431
v -4.53559474 11.58151817 -4.94344876
v -6.7393841 11.58151817 -5.91313732
v -5.76969478 11.58151817 -8.11692833
v -5.76969478 11.58151817 -8.11692833
v -6.32994379 11.58151817 -7.76001012
v -3.56590422 11.58151817 -7.14723826
v -3.92282208 11.58151817 -7.70748739
v -3.97534557 11.58151817 -5.30036687
v -3.59432942 11.58151817 -5.84451431
v -6.7393841 11.58151817 -5.91313732
v -6.38246517 11.58151817 -5.35288828
v -5.83831677 11.58151817 -4.97187322
v -6.71095956 11.58151817 -7.21586227
v -4.46696964 11.58151817 -8.08850357
v -4.53559474 11.58151817 -4.94344876
v -5.77472447 4.81661677 -6.02187631
v -5.51474655 4.81661677 -5.83983855
v -5.65177788 5.5740664 -5.37320448
v -6.05682987 5.5740664 -5.65682363
v -6.00036139 4.81661677 -6.60209902
v -5.94524968 4.81661677 -6.2895466
v -6.32251224 5.5740664 -6.07386057
v -6.4083777 5.5740664 -6.56082467
v -5.74963139 4.81661677 -7.17192767
v -5.93166938 4.81661677 -6.91195005
v -6.30135397 5.5740664 -7.04358013
v -6.01773417 5.5740664 -7.44863188
v -4.62467409 4.81661677 -5.996783
v -4.44263596 4.81661677 -6.2567605
v -3.9814035 5.5740664 -6.02277889
v -4.26502345 5.5740664 -5.61772796
v -5.16940855 4.81661677 -7.39756443
v -5.48196089 4.81661677 -7.34245286
v -5.60069714 5.5740664 -7.7143139
v -5.11373291 5.5740664 -7.80017901
v -4.59958003 4.81661677 -7.14683393
v -4.85955751 4.81661677 -7.32887213
v -4.6309775 5.5740664 -7.69315503
v -4.22592619 5.5740664 -7.40953497
v -4.37394367 4.81661677 -6.56661129
v -3.87437935 5.5740664 -6.505534
v -3.9814035 5.5740664 -6.02277889
v -4.44263596 4.81661677 -6.2567605
v -4.42905492 4.81661677 -6.87916352
v -3.96024405 5.5740664 -6.99249795
v -5.51474655 4.81661677 -5.83983855
v -5.20489547 4.81661677 -5.77114661
v -5.16902244 5.5740664 -5.2661805
v -5.65177788 5.5740664 -5.37320448
v -5.94524968 4.81661677 -6.2895466
v -6.32251224 5.5740664 -6.07386057
v -5.93166938 4.81661677 -6.91195005
v -6.30135397 5.5740664 -7.04358013
v -5.48196089 4.81661677 -7.34245286
v -5.60069714 5.5740664 -7.7143139
v -4.85955751 4.81661677 -7.32887213
v -4.6309775 5.5740664 -7.69315503
v -4.42905492 4.81661677 -6.87916352
v -3.96024405 5.5740664 -6.99249795
v -4.89234447 4.81661677 -5.82625813
v -4.68206036 5.5740664 -5.3520456
v -4.33809172 6.61065674 -4.44364816
v -5.19864959 6.61065674 -4.29190775
v -4.68206036 5.5740664 -5.3520456
v -7.38883405 6.61065674 -6.57979858
v -7.23709347 6.61065674 -5.71923702
v -6.69849023 6.61065674 -8.14872842
v -7.19970187 6.61065674 -7.43292236
v -5.10094213 6.61065674 -8.76998132
v -5.96150369 6.61065674 -8.61824075
v -3.53201272 6.61065674 -8.07963683
v -4.24781806 6.61065674 -8.5808492
v -2.91076061 6.61065674 -6.48208913
v -3.09989303 6.61065674 -5.62896604
v -6.76757998 6.61065674 -4.98225075
v -6.0517733 6.61065674 -4.4810397
v -3.0625006 6.61065674 -7.34265013
v -7.23709347 6.61065674 -5.71923702
v -7.19970187 6.61065674 -7.43292236
v -5.96150369 6.61065674 -8.61824075
v -4.33809172 6.61065674 -4.44364816
v -3.60110519 6.61065674 -4.91316086
v -4.24781806 6.61065674 -8.5808492
v -3.0625006 6.61065674 -7.34265013
v -3.99475335 7.92901611 -3.55267803
v -5.22233199 7.92901611 -3.33622192
v -6.0517733 6.61065674 -4.4810397
v -3.09989303 6.61065674 -5.62896604
v -6.43930609 7.92901611 -3.60601693
v -7.46039792 7.92901611 -4.32099005
v -7.61088145 8.78902435 -4.17693346
v -6.52320641 8.78902435 -3.41533889
v -6.50720434 9.64903307 -3.45170564
v -7.58218039 9.64903307 -4.20440838
v -8.13015536 7.92901611 -5.3722948
v -8.34661192 7.92901611 -6.59987868
v -8.07681616 7.92901611 -7.81685268
v -7.36184197 7.92901611 -8.83794397
v -3.86597883 7.92901611 -9.45436061
v -2.84488829 7.92901611 -8.7393852
v -1.95867749 7.92901611 -6.46049691
v -2.22847317 7.92901611 -5.24352384
v -2.22847317 7.92901611 -5.24352384
v -2.94344836 7.92901611 -4.22243407
v -6.31053701 7.92901611 -9.50769951
v -5.08295305 7.92901611 -9.72415632
v -2.1751332 7.92901611 -7.68808009
v -6.43930609 7.92901611 -3.60601693
v -8.13015536 7.92901611 -5.3722948
v -8.07681616 7.92901611 -7.81685268
v -6.31053701 7.92901611 -9.50769951
v -3.99475335 7.92901611 -3.55267803
v -3.86597883 7.92901611 -9.45436061
v -2.1751332 7.92901611 -7.68808009
v -3.91925014 8.78902435 -3.35852179
v -3.93365045 9.64903307 -3.3955521
v -5.22600962 9.64903307 -3.16767318
v -5.22687625 8.78902435 -3.1279509
v -7.39595696 10.37901402 -4.38267917
v -6.40337745 10.37901402 -3.68767078
v -6.18779602 11.10899544 -4.1776179
v -7.00929091 11.10899544 -4.75283199
v -8.5548832 8.78902435 -6.60442302
v -8.32431178 8.78902435 -5.29679125
v -8.28728148 9.64903307 -5.31119156
v -8.51516064 9.64903307 -6.60355626
v -7.50589857 8.78902435 -8.9884275
v -8.26749469 8.78902435 -7.90075304
v -8.23112747 9.64903307 -7.88475105
v -7.4784233 9.64903307 -8.9597265
v -1.75040644 8.78902435 -6.45595247
v -1.79012873 9.64903307 -6.4568191
v -2.07416231 9.64903307 -5.17562527
v -2.03779514 8.78902435 -5.15962351
v -2.79939188 8.78902435 -4.07195052
v -2.03779514 8.78902435 -5.15962351
v -2.07416231 9.64903307 -5.17562527
v -2.82686687 9.64903307 -4.10065132
v -5.07840878 8.78902435 -9.93242759
v -6.38604054 8.78902435 -9.70185618
v -6.37164017 9.64903307 -9.66482588
v -5.07927554 9.64903307 -9.89270504
v -2.69440523 8.78902435 -8.88344171
v -3.78207843 8.78902435 -9.6450389
v -3.79808022 9.64903307 -9.60867196
v -2.72310624 9.64903307 -8.85596656
v -1.98097676 8.78902435 -7.76358352
v -2.01800707 9.64903307 -7.74918321
v -6.52320641 8.78902435 -3.41533889
v -6.50720434 9.64903307 -3.45170564
v -8.32431178 8.78902435 -5.29679125
v -8.28728148 9.64903307 -5.31119156
v -8.26749469 8.78902435 -7.90075304
v -8.23112747 9.64903307 -7.88475105
v -6.38604054 8.78902435 -9.70185618
v -6.37164017 9.64903307 -9.66482588
v -3.78207843 8.78902435 -9.6450389
v -3.79808022 9.64903307 -9.60867196
v -1.98097676 8.78902435 -7.76358352
v -2.01800707 9.64903307 -7.74918321
v -3.91925014 8.78902435 -3.35852179
v -3.93365045 9.64903307 -3.3955521
v -4.02708612 10.37901402 -3.63582149
v -4.22109165 11.10899544 -4.13470584
v -5.20870982 11.10899544 -3.96056102
v -5.22038613 10.37901402 -3.42540938
v -8.25742418 10.37901402 -6.59793264
v -8.04701191 10.37901402 -5.40462757
v -7.54812761 11.10899544 -5.59863342
v -7.72227223 11.10899544 -6.58625592
v -7.30015266 10.37901402 -8.77350256
v -7.99516209 10.37901402 -7.78092419
v -7.50521496 11.10899544 -7.56534265
v -6.93000003 11.10899544 -8.38683623
v -3.00513736 10.37901402 -4.28687505
v -2.31012726 10.37901402 -5.27945244
v -2.8000744 11.10899544 -5.49503398
v -3.37528978 11.10899544 -4.67354092
v -5.08489922 10.37901402 -9.63496856
v -6.27820422 10.37901402 -9.4245563
v -6.08419837 11.10899544 -8.92567201
v -5.09657585 11.10899544 -9.09981663
v -2.90932972 10.37901402 -8.677696
v -3.90190731 10.37901402 -9.37270654
v -4.11748905 11.10899544 -8.88275913
v -3.29599604 11.10899544 -8.30754337
v -2.04786476 10.37901402 -6.46244298
v -2.58301646 11.10899544 -6.47411971
v -2.8000744 11.10899544 -5.49503398
v -2.31012726 10.37901402 -5.27945244
v -2.25827643 10.37901402 -7.65574742
v -2.75716073 11.10899544 -7.4617416
v -6.40337745 10.37901402 -3.68767078
v -6.18779602 11.10899544 -4.1776179
v -8.04701191 10.37901402 -5.40462757
v -7.54812761 11.10899544 -5.59863342
v -7.99516209 10.37901402 -7.78092419
v -7.50521496 11.10899544 -7.56534265
v -6.27820422 10.37901402 -9.4245563
v -6.08419837 11.10899544 -8.92567201
v -3.90190731 10.37901402 -9.37270654
v -4.11748905 11.10899544 -8.88275913
v -2.25827643 10.37901402 -7.65574742
v -2.75716073 11.10899544 -7.4617416
v -4.02708612 10.37901402 -3.63582149
v -4.22109165 11.10899544 -4.13470584
v -4.89234447 4.81661677 -5.82625813
v -2.79939188 8.78902435 -4.07195052
v -3.91925014 8.78902435 -3.35852179
v -2.69440523 8.78902435 -8.88344171
v -1.98097676 8.78902435 -7.76358352
v -5.07840878 8.78902435 -9.93242759
v -3.78207843 8.78902435 -9.6450389
v -7.50589857 8.78902435 -8.9884275
v -6.38604054 8.78902435 -9.70185618
v -8.5548832 8.78902435 -6.60442302
v -8.26749469 8.78902435 -7.90075304
v -7.61088145 8.78902435 -4.17693346
v -8.32431178 8.78902435 -5.29679125
v -5.22687625 8.78902435 -3.1279509
v -6.52320641 8.78902435 -3.41533889
v -1.98097676 8.78902435 -7.76358352
v -1.75040644 8.78902435 -6.45595247
v -3.78207843 8.78902435 -9.6450389
v -6.38604054 8.78902435 -9.70185618
v -2.03779514 8.78902435 -5.15962351
v -2.03779514 8.78902435 -5.15962351
v -8.26749469 8.78902435 -7.90075304
v -8.32431178 8.78902435 -5.29679125
v -3.91925014 8.78902435 -3.35852179
v -6.52320641 8.78902435 -3.41533889
v -4.69035728 4.12795532 -6.29146297
v -4.5591523 4.92064548 -6.14486563
v -4.54304869 4.91528749 -6.16836714
v -4.67425392 4.12259734 -6.31496455
v -4.51405999 4.91208363 -6.15773842
v -4.64526505 4.11939371 -6.30433641
v -4.53016338 4.91744161 -6.1342374
v -4.66136832 4.12475181 -6.28083503
v -4.74262748 4.10792041 -6.94802636
v -4.67798014 4.88692188 -7.18475462
v -4.70657368 4.88292336 -7.18215138
v -4.77122094 4.10392177 -6.94542284
v -4.68820367 4.8825841 -7.21374153
v -4.67798014 4.88692188 -7.18475462
v -4.74262748 4.10792041 -6.94802636
v -4.7528513 4.10358286 -6.97701317
v -4.71679674 4.87858558 -7.21113838
v -4.78144449 4.09958422 -6.97440972
v -4.5591523 4.92064548 -6.14486563
v -4.69035728 4.12795532 -6.29146297
v -5.76029048 4.87990355 -5.97971395
v -5.54422826 4.10553741 -6.12371702
v -5.51552173 4.1055913 -6.11968359
v -5.73158416 4.87995768 -5.97568032
v -5.95192023 4.87170911 -6.84583414
v -5.65686263 4.11176872 -6.79589222
v -5.63976795 4.11260116 -6.77249529
v -5.93482591 4.87254167 -6.82243723
v -5.63754748 4.11396432 -6.82009305
v -5.93260483 4.87390494 -6.87003482
v -5.91551021 4.8747375 -6.84663754
v -5.6204526 4.11479664 -6.7966959
v -5.54806323 4.10654843 -6.15450414
v -5.76412519 4.88091469 -6.01050111
v -5.73541833 4.88096881 -6.00646752
v -5.5193564 4.10660231 -6.1504707
v -5.76412519 4.88091469 -6.01050111
v -5.54806323 4.10654843 -6.15450414
v -5.93260483 4.87390494 -6.87003482
v -5.63754748 4.11396432 -6.82009305
v -4.68112993 4.08875108 -6.33313144
v -4.42122726 3.27724051 -6.18429108
v -4.42743574 3.2804203 -6.14149807
v -4.68733855 4.09193087 -6.29033813
v -4.37919367 3.28144884 -6.11992298
v -4.63909665 4.0929594 -6.26876302
v -4.83442327 4.09992981 -6.92323741
v -4.64230923 3.28713459 -7.14842218
v -4.59967282 3.29311651 -7.14329882
v -4.7917865 4.10591173 -6.91811381
v -4.63288866 4.08977962 -6.31155622
v -4.37298584 3.27826899 -6.16271624
v -4.57911507 3.29311651 -7.19199392
v -4.77122876 4.10591173 -6.9668089
v -4.81386538 4.09992981 -6.97193168
v -4.62175171 3.28713459 -7.19711681
v -4.63909665 4.0929594 -6.26876302
v -4.37919367 3.28144884 -6.11992298
v -4.77122876 4.10591173 -6.9668089
v -4.57911507 3.29311651 -7.19199392
v -5.46979702 4.08903873 -6.16065247
v -5.65009339 3.275994 -5.92676468
v -5.69262877 3.28075922 -5.93368792
v -5.51233272 4.09380412 -6.16757581
v -5.4922792 4.08944046 -6.11281781
v -5.6725752 3.27639574 -5.87892978
v -5.7151109 3.28116101 -5.88585243
v -5.5348148 4.09420586 -6.11974041
v -5.5348148 4.09420586 -6.11974041
v -5.7151109 3.28116101 -5.88585243
v -5.59967063 4.10440278 -6.76555507
v -5.84031409 3.28579324 -6.90775712
v -5.83478734 3.28896117 -6.95064445
v -5.59414365 4.10757077 -6.80844268
v -5.64821797 4.10408497 -6.78645526
v -5.88886168 3.28547567 -6.92865702
v -5.8833355 3.2886436 -6.97154447
v -5.64269179 4.10725307 -6.82934276
v -5.64269179 4.10725307 -6.82934276
v -5.8833355 3.2886436 -6.97154447
v -5.6918101 4.04740679 -6.85714561
v -5.55263189 4.04740679 -6.0678273
v -5.55263189 4.12246287 -6.0678273
v -5.6918101 4.12246287 -6.85714561
v -5.55263189 4.04740679 -6.0678273
v -4.59074088 4.04740679 -6.23743476
v -4.59074088 4.12246287 -6.23743476
v -5.55263189 4.12246287 -6.0678273
v -5.48081631 4.12246287 -6.1703906
v -5.5892468 4.12246287 -6.78533001
v -4.69330423 4.12246287 -6.30925032
v -5.48081631 4.12246287 -6.1703906
v -4.69330423 4.12246287 -6.30925032
v -4.6912461 4.04740679 -6.30780931
v -5.48225738 4.04740679 -6.16833257
v -5.48081631 4.12246287 -6.1703906
v -5.48081631 4.12246287 -6.1703906
v -5.48225738 4.04740679 -6.16833257
v -5.59130479 4.04740679 -6.78677105
v -5.5892468 4.12246287 -6.78533001
v -5.59130479 4.04740679 -6.78677105
v -4.80029356 4.04740679 -6.92624777
v -4.80173472 4.12246287 -6.92418973
v -4.80173472 4.12246287 -6.92418973
v -4.80029356 4.04740679 -6.92624777
v -4.6912461 4.04740679 -6.30780931
v -4.69330423 4.12246287 -6.30925032
v -4.72991909 4.04740679 -7.02675307
v -4.72991909 4.12246287 -7.02675307
v -4.59074088 4.04740679 -6.23743476
v -4.72991909 4.04740679 -7.02675307
v -4.72991909 4.12246287 -7.02675307
v -4.59074088 4.12246287 -6.23743476
v -4.80173472 4.12246287 -6.92418973
v -4.69330423 4.12246287 -6.30925032
v -5.5892468 4.12246287 -6.78533001
v -4.80173472 4.12246287 -6.92418973
vn 0.13208 0.93855 -0.31887
vn 0.13208 0.93855 -0.31887
vn 0.05961 0.98779 -0.1439
vn 0.31887 0.93855 0.13208
vn 0.31887 0.93855 0.13208
vn 0.1439 0.98779 0.05961
vn -0.13208 0.93855 0.31887
vn -0.13208 0.93855 0.31887
vn -0.05961 0.98779 0.1439
vn -0.34514 0.93855 -0
vn -0.34514 0.93855 -0
vn -0.15576 0.98779 -0
vn -0.31887 0.93855 -0.13208
vn -0.31887 0.93855 -0.13208
vn -0.1439 0.98779 -0.05961
vn -0 0.93855 -0.34514
vn -0 0.93855 -0.34514
vn 0 0.98779 -0.15576
vn 0.34514 0.93855 0
vn 0.34514 0.93855 0
vn 0.15576 0.98779 0
vn 0 0.93855 0.34514
vn 0 0.93855 0.34515
vn 0 0.98779 0.15576
vn 0.13208 0.93855 0.31887
vn 0.13208 0.93855 0.31887
vn 0.05961 0.98779 0.1439
vn -0.31887 0.93855 0.13208
vn -0.31887 0.93855 0.13208
vn -0.1439 0.9878 0.05961
vn -0.24406 0.93855 -0.24405
vn -0.24406 0.93855 -0.24405
vn -0.11014 0.98779 -0.11014
vn 0.31887 0.93855 -0.13208
vn 0.31887 0.93855 -0.13208
vn 0.1439 0.98779 -0.05961
vn 0.24405 0.93855 -0.24406
vn 0.24405 0.93855 -0.24405
vn 0.11014 0.98779 -0.11014
vn 0.24406 0.93855 0.24405
vn 0.24406 0.93855 0.24405
vn 0.11014 0.98779 0.11014
vn -0.24405 0.93855 0.24405
vn -0.24405 0.93855 0.24405
vn -0.11014 0.98779 0.11014
vn -0.13208 0.93855 -0.31887
vn -0.13208 0.93855 -0.31887
vn -0.05961 0.98779 -0.1439
vn 0.60408 -0.51977 -0.60409
vn 0.56002 -0.61053 -0.56002
vn 0.56211 -0.60669 -0.56211
vn 0.87992 -0.47511 -0
vn 0.80562 -0.59243 -0
vn 0.80905 -0.58774 -0
vn 0.63259 -0.44684 0.63259
vn 0.57685 -0.57835 0.57685
vn 0.57773 -0.57659 0.57773
vn -0.58582 -0.56003 -0.58582
vn -0.55319 -0.62287 -0.55319
vn -0.55273 -0.62368 -0.55273
vn 0 -0.45482 0.89058
vn 0 -0.57801 0.81603
vn 0 -0.58078 0.81406
vn -0.6151 -0.49326 0.6151
vn -0.56983 -0.59211 0.56983
vn -0.5675 -0.59656 0.5675
vn -0.7706 -0.55163 -0.31919
vn -0.72619 -0.6182 -0.3008
vn -0.7248 -0.62011 -0.30022
vn -0.84399 -0.53636 -0
vn -0.79175 -0.61084 -0
vn -0.78943 -0.61384 -0
vn 0.32223 -0.53942 -0.77794
vn 0.30092 -0.61779 -0.72649
vn 0.30172 -0.61513 -0.72841
vn 0.80159 -0.49721 -0.33203
vn 0.73794 -0.60168 -0.30566
vn 0.74115 -0.59703 -0.307
vn 0.82165 -0.45722 0.34034
vn 0.74985 -0.58417 0.3106
vn 0.7523 -0.58047 0.31161
vn 0.34252 -0.44598 0.82691
vn 0.31279 -0.57612 0.75514
vn 0.31262 -0.57676 0.75473
vn -0.33745 -0.47163 0.81467
vn -0.31073 -0.5837 0.75016
vn -0.30959 -0.58781 0.74742
vn -0.79138 -0.516 0.3278
vn -0.73792 -0.6017 0.30566
vn -0.73516 -0.60565 0.30451
vn -0.31687 -0.56071 -0.76498
vn -0.29893 -0.62436 -0.72168
vn -0.29901 -0.62409 -0.72188
vn -0 -0.62579 -0.77999
vn -0 -0.62554 -0.7802
vn -0 -0.62116 -0.78368
vn -0 -0.62258 -0.78255
vn 0.77843 -0.62774 -0
vn 0.77844 -0.62771 -0
vn 0.55083 -0.62703 0.55083
vn 0.55095 -0.62683 0.55095
vn 0 -0.62541 0.7803
vn 0 -0.62515 0.7805
vn -0.55266 -0.62381 0.55266
vn -0.55275 -0.62365 0.55275
vn -0.72231 -0.62351 -0.29919
vn -0.72239 -0.62339 -0.29922
vn 0.55078 -0.62712 -0.55078
vn 0.55069 -0.62729 -0.55069
vn -0.78207 -0.62319 -0
vn -0.78205 -0.62321 -0
vn 0.71922 -0.62767 -0.29791
vn 0.71928 -0.62759 -0.29794
vn 0.71941 -0.62742 0.29799
vn 0.71932 -0.62754 0.29795
vn 0.29841 -0.62603 0.72044
vn 0.29834 -0.62628 0.72025
vn -0.29884 -0.62466 -0.72145
vn -0.29876 -0.62491 -0.72127
vn -0.29894 -0.62431 0.72171
vn -0.29887 -0.62454 0.72154
vn -0.72249 -0.62326 0.29926
vn -0.72243 -0.62334 0.29924
vn -0 -0.40367 -0.9149
vn -0 -0.40345 -0.915
vn 0.29823 -0.62663 -0.72
vn 0.2983 -0.6264 -0.72017
vn -0.55249 -0.6241 -0.55249
vn -0.5526 -0.62391 -0.5526
vn 0.64681 -0.40407 -0.64681
vn 0.64685 -0.40393 -0.64685
vn 0.7041 -0.09218 -0.7041
vn 0.7041 -0.09218 -0.7041
vn 0.69492 0.18481 -0.69493
vn 0.69492 0.18481 -0.69493
vn 0.9147 -0.40414 -0
vn 0.91469 -0.40416 -0
vn 0.64688 -0.40384 0.64688
vn 0.64683 -0.40401 0.64683
vn -0.64716 -0.40294 0.64716
vn -0.64712 -0.40308 0.64712
vn -0.84554 -0.40298 -0.35024
vn -0.84558 -0.40288 -0.35025
vn -0.64709 -0.40317 -0.64709
vn -0.64714 -0.403 -0.64714
vn 0 -0.40334 0.91505
vn 0 -0.40356 0.91495
vn -0.91526 -0.40287 -0
vn -0.91527 -0.40285 -0
vn 0.35008 -0.4039 -0.84517
vn 0.35011 -0.40371 -0.84525
vn 0.84506 -0.40416 -0.35004
vn 0.84509 -0.40409 -0.35005
vn 0.84511 -0.40403 0.35006
vn 0.84507 -0.40413 0.35004
vn 0.35013 -0.4036 0.84529
vn 0.3501 -0.40381 0.84521
vn -0.35016 -0.40341 -0.84537
vn -0.3502 -0.4032 -0.84545
vn -0.35021 -0.40311 0.84549
vn -0.35018 -0.4033 0.84541
vn -0.84559 -0.40285 0.35026
vn -0.84557 -0.40292 0.35025
vn -0 -0.09218 -0.99574
vn -0 0.18481 -0.98277
vn -0 0.18481 -0.98277
vn -0 -0.09218 -0.99574
vn 0.63046 0.45282 -0.63046
vn 0.63046 0.45282 -0.63046
vn 0.48093 0.73308 -0.48093
vn 0.48093 0.73308 -0.48093
vn 0.99574 -0.09218 -0
vn 0.99574 -0.09218 -0
vn 0.98277 0.18481 -0
vn 0.98277 0.18481 -0
vn 0.7041 -0.09218 0.7041
vn 0.7041 -0.09218 0.7041
vn 0.69493 0.18481 0.69493
vn 0.69493 0.18481 0.69493
vn -0.91995 -0.09218 -0.38105
vn -0.90797 0.18481 -0.37609
vn -0.91995 -0.09218 -0.38105
vn -0.7041 -0.09218 -0.7041
vn -0.7041 -0.09218 -0.7041
vn -0.69493 0.18481 -0.69493
vn 0 -0.09218 0.99574
vn 0 -0.09218 0.99574
vn 0 0.18481 0.98277
vn -0.7041 -0.09218 0.7041
vn -0.7041 -0.09218 0.7041
vn -0.69493 0.18481 0.69493
vn -0.69493 0.18481 0.69493
vn -0.99574 -0.09218 -0
vn -0.99574 -0.09218 -0
vn -0.98277 0.18481 -0
vn -0.98277 0.18481 -0
vn 0.38105 -0.09218 -0.91995
vn 0.38105 -0.09218 -0.91995
vn 0.37609 0.18481 -0.90797
vn 0.37609 0.18481 -0.90797
vn 0.91995 -0.09218 -0.38106
vn 0.91995 -0.09218 -0.38106
vn 0.90796 0.18481 -0.37609
vn 0.91995 -0.09218 0.38105
vn 0.91995 -0.09218 0.38105
vn 0.90797 0.18481 0.37609
vn 0.90797 0.18481 0.37609
vn 0.38105 -0.09218 0.91995
vn 0.38105 -0.09218 0.91995
vn 0.37609 0.18481 0.90796
vn 0.37609 0.18481 0.90796
vn -0.38105 -0.09218 0.91995
vn -0.38105 -0.09218 0.91995
vn -0.37609 0.18481 0.90797
vn -0.37609 0.18481 0.90797
vn -0.91995 -0.09218 0.38105
vn -0.91995 -0.09218 0.38105
vn -0.90797 0.18481 0.37609
vn -0.90797 0.18481 0.37609
vn -0.38105 -0.09218 -0.91995
vn -0.38105 -0.09218 -0.91995
vn -0.37609 0.18481 -0.90797
vn -0.37609 0.18481 -0.90797
vn -0 0.45282 -0.8916
vn -0 0.73308 -0.68014
vn -0 0.73308 -0.68014
vn 0.8916 0.45282 -0
vn 0.8916 0.45282 -0
vn 0.68014 0.73308 0
vn 0.68014 0.73308 0
vn 0.63046 0.45282 0.63046
vn 0.63046 0.45282 0.63046
vn 0.48093 0.73308 0.48093
vn 0.48093 0.73308 0.48093
vn -0.63046 0.45282 -0.63046
vn -0.63046 0.45282 -0.63046
vn -0.48093 0.73308 -0.48093
vn -0.48093 0.73308 -0.48093
vn 0 0.45282 0.8916
vn 0 0.45282 0.8916
vn 0 0.73308 0.68014
vn 0 0.73308 0.68014
vn -0.63046 0.45282 0.63046
vn -0.63046 0.45282 0.63046
vn -0.48093 0.73308 0.48093
vn -0.48093 0.73308 0.48093
vn -0.82373 0.45282 -0.3412
vn -0.62837 0.73308 -0.26028
vn -0.62837 0.73308 -0.26028
vn -0.82373 0.45282 -0.3412
vn -0.8916 0.45282 -0
vn -0.8916 0.45282 -0
vn -0.68014 0.73308 -0
vn -0.68014 0.73308 -0
vn 0.3412 0.45282 -0.82373
vn 0.3412 0.45282 -0.82373
vn 0.26028 0.73308 -0.62837
vn 0.26028 0.73308 -0.62837
vn 0.82373 0.45282 -0.3412
vn 0.82373 0.45282 -0.3412
vn 0.62837 0.73308 -0.26028
vn 0.62837 0.73308 -0.26028
vn 0.82373 0.45282 0.3412
vn 0.82373 0.45282 0.3412
vn 0.62837 0.73308 0.26028
vn 0.62837 0.73308 0.26028
vn 0.3412 0.45282 0.82373
vn 0.26028 0.73308 0.62837
vn 0.26028 0.73308 0.62837
vn -0.3412 0.45282 0.82373
vn -0.3412 0.45282 0.82373
vn -0.26028 0.73308 0.62837
vn -0.26028 0.73308 0.62837
vn -0.82373 0.45282 0.3412
vn -0.62837 0.73308 0.26028
vn -0.62837 0.73308 0.26028
vn -0.3412 0.45282 -0.82373
vn -0.26028 0.73308 -0.62837
vn -0.26028 0.73308 -0.62837
vn -0 -0.5536 -0.83278
vn 0.66208 0.23661 0.7111
vn 0.12138 0.21999 0.96792
vn 0.06216 0.21372 0.97492
vn -0.50894 0.11332 0.85331
vn -0.06216 -0.21372 -0.97492
vn -0.12138 -0.21999 -0.96792
vn -0.66208 -0.23661 -0.7111
vn 0.11986 0.28686 -0.95044
vn 0.66085 0.28649 -0.69368
vn 0.70399 0.28054 -0.65246
vn -0.70398 -0.28054 0.65246
vn -0.97571 -0.17044 0.13763
vn -0.66085 -0.28649 0.69369
vn 0.97571 0.17043 -0.13762
vn -0.11986 -0.28686 0.95044
vn 0.50893 -0.11332 -0.85332
vn 0.79898 -0.31439 -0.51264
vn 0.766 -0.31099 -0.56261
vn 0.3012 -0.21754 -0.92842
vn 0.9062 -0.36448 0.21436
vn 0.91921 -0.36159 0.1559
vn 0.86268 -0.26293 -0.43203
vn -0.86268 0.26293 0.43203
vn -0.91921 0.36159 -0.1559
vn -0.9062 0.36448 -0.21437
vn -0.60893 0.3217 -0.72506
vn -0.3012 0.21754 0.92842
vn -0.766 0.31099 0.5626
vn -0.79898 0.31439 0.51263
vn -0.95651 0.28593 -0.05779
vn 0.95651 -0.28593 0.05778
vn 0.60894 -0.3217 0.72506
vn 0.90631 -0.32173 0.27403
vn 0.89247 -0.15279 -0.42445
vn 0.94508 -0.20853 -0.25168
vn 0.56079 0.03639 -0.82716
vn 0.24015 -0.28271 -0.92865
vn -0.44846 -0.08038 -0.89018
vn -0.27977 -0.14153 -0.94958
vn -0.89247 0.15279 0.42445
vn -0.94508 0.20852 0.25169
vn -0.56079 -0.03639 0.82716
vn -0.8347 0.10934 -0.53974
vn 0.44846 0.08038 0.89018
vn 0.27978 0.14153 0.94958
vn 0.8347 -0.10934 0.53975
vn -0.90632 0.32172 -0.27402
vn -0.24014 0.28271 0.92866
vn -0.28311 -0.29904 0.91127
vn 0.41067 -0.11133 0.90496
vn 0.23847 -0.17007 0.95614
vn -0.41067 0.11133 -0.90496
vn -0.23847 0.17006 -0.95614
vn -0.81459 -0.07788 -0.57478
vn 0.81459 0.07788 0.57478
vn 0.2831 0.29904 -0.91128
vn -0.91782 -0.29663 -0.26386
vn -0.89005 -0.13404 0.43571
vn -0.94644 -0.18697 0.26325
vn 0.89005 0.13404 -0.43571
vn 0.94643 0.18697 -0.26326
vn 0.54818 -0.04336 -0.83524
vn -0.54817 0.04336 0.83524
vn 0.91782 0.29663 0.26385
vn 1 0 0
vn 0 0 -1
vn 0 1 0
vn 0 -0.02366 0.99972
vn -0.99972 -0.02366 -0
vn 0 -0.02366 -0.99972
vn 0.99972 -0.02366 0
vn 0 0 1
vn -1 0 0
vt 0.26189 0.34674
vt 0.38402 0.36771
vt 0.38299 0.04945
vt 0.50514 0.34665
vt 0.75509 0.9887
vt 0.81441 0.99557
vt 0.85576 0.82383
vt 0.7538 0.81155
vt 0.65144 0.82421
vt 0.69613 0.99565
vt 0.91858 0.57372
vt 0.75237 0.55549
vt 0.58755 0.57426
vt 0.97715 0.28057
vt 0.75008 0.26881
vt 0.38605 0.9881
vt 0.62869 0.98916
vt 0.62295 0.82826
vt 0.38731 0.83874
vt 0.52594 0.28361
vt 0.38604 0.70381
vt 0.60415 0.68481
vt 0.5659 0.51991
vt 0.38501 0.54476
vt 0.15128 0.83211
vt 0.14754 0.99292
vt 0.20288 0.52204
vt 0.16723 0.68807
vt 0.74885 0.11397
vt 0.51034 0.11878
vt 0.98856 0.11503
vt 0.29937 0.01137
vt 0.29937 0.14622
vt 0.29228 0.14509
vt 0.29228 0.01024
vt 0.28451 0.14566
vt 0.28451 0.01081
vt 0.27742 0.14679
vt 0.27742 0.01194
vt 0.29937 0.01136
vt 0.29937 0.14622
vt 0.29228 0.14509
vt 0.29228 0.01024
vt 0.27742 0.14679
vt 0.26966 0.14622
vt 0.26966 0.01136
vt 0.27742 0.01194
vt 0.28451 0.01081
vt 0.26966 0.01137
vt 0.27742 0.01193
vt 0.28451 0.01081
vt 0.27742 0.14679
vt 0.27742 0.01193
vt 0.28451 0.01081
vt 0.29937 0.01136
vt 0.29937 0.14622
vt 0.29228 0.14509
vt 0.29228 0.01024
vt 0.29937 0.01136
vt 0.29228 0.14509
vt 0.29228 0.01024
vt 0.26966 0.01136
vt 0.26966 0.01136
vt 0.28488 0.00742
vt 0.28525 0.14555
vt 0.29216 0.14593
vt 0.2918 0.00781
vt 0.30015 0.14866
vt 0.29978 0.01054
vt 0.28488 0.00742
vt 0.28525 0.14555
vt 0.29216 0.14593
vt 0.2918 0.00781
vt 0.27691 0.0102
vt 0.27728 0.14832
vt 0.29978 0.01054
vt 0.27691 0.0102
vt 0.27728 0.14832
vt 0.27 0.01062
vt 0.27037 0.14874
vt 0.27037 0.14874
vt 0.28488 0.00742
vt 0.28525 0.14555
vt 0.29216 0.14593
vt 0.27691 0.0102
vt 0.27728 0.14832
vt 0.30015 0.14866
vt 0.27 0.01062
vt 0.28489 0.00742
vt 0.27691 0.0102
vt 0.29978 0.01054
vt 0.27 0.01062
vt 0.23071 0.14961
vt 0.2307 0.00852
vt 0.24394 0.00836
vt 0.24394 0.14969
vt 0.23071 0.32191
vt 0.24397 0.32192
vt 0.25955 0.02397
vt 0.25955 0.13408
vt 0.25958 0.3063
vt 0.25958 0.1653
vt 0.23073 0.3216
vt 0.24394 0.14969
vt 0.24391 0.32191
vt 0.23067 0.32159
vt 0.24391 0.32191
vt 0.25955 0.13408
vt 0.25952 0.16529
vt 0.25952 0.3063
usemtl mat1
f 527/205/439 528/206/440 529/207/441
f 530/205/442 531/206/443 529/207/444
f 532/205/445 533/206/446 529/207/447
f 534/206/448 535/208/449 529/207/450
f 536/205/451 534/206/452 529/207/453
f 528/206/454 537/208/455 529/207/456
f 531/206/457 538/208/458 529/207/459
f 533/206/460 539/208/461 529/207/462
f 540/205/463 541/206/464 529/207/465
f 542/205/466 543/206/467 529/207/468
f 544/206/469 545/208/470 529/207/471
f 546/205/472 547/206/473 529/207/474
f 547/206/475 548/208/476 529/207/477
f 541/206/478 549/208/479 529/207/480
f 543/206/481 550/208/482 529/207/483
f 551/205/484 544/206/485 529/207/486
f 552/209/487 553/210/487 554/211/488
f 552/209/487 554/211/488 555/212/489
f 556/209/490 557/210/490 558/211/491
f 556/209/490 558/211/491 559/212/492
f 560/209/493 561/210/493 562/211/494
f 560/209/493 562/211/494 563/212/495
f 564/209/496 565/210/496 566/211/497
f 564/209/496 566/211/497 567/212/498
f 568/209/499 569/210/499 570/211/500
f 568/209/499 570/211/500 571/212/501
f 572/209/502 573/210/502 574/211/503
f 572/209/502 574/211/503 575/212/504
f 576/209/505 577/212/506 578/213/507
f 576/209/505 578/213/507 579/214/505
f 576/209/508 580/210/508 581/211/509
f 576/209/508 581/211/509 577/212/510
f 582/214/511 583/209/511 584/212/512
f 582/214/511 584/212/512 585/213/513
f 586/214/514 552/209/514 555/212/515
f 586/214/514 555/212/515 587/213/516
f 588/214/517 556/209/517 559/212/518
f 588/214/517 559/212/518 589/213/519
f 590/214/520 560/209/520 563/212/521
f 590/214/520 563/212/521 591/213/522
f 592/214/523 568/209/523 571/212/524
f 592/214/523 571/212/524 593/213/525
f 594/214/526 572/209/526 575/212/527
f 594/214/526 575/212/527 595/213/528
f 596/214/529 564/209/529 567/212/530
f 596/214/529 567/212/530 597/213/531
f 598/215/532 599/216/533 584/212/534
f 598/215/532 584/212/534 600/211/535
f 601/216/536 559/212/492 558/211/491
f 601/216/536 558/211/491 602/215/537
f 603/216/538 563/212/495 562/211/494
f 603/216/538 562/211/494 604/215/539
f 605/216/540 571/212/501 570/211/500
f 605/216/540 570/211/500 606/215/541
f 607/216/542 575/212/504 574/211/503
f 607/216/542 574/211/503 608/215/543
f 609/216/544 610/217/545 578/213/507
f 609/216/544 578/213/507 577/212/506
f 611/216/546 555/212/489 554/211/488
f 611/216/546 554/211/488 612/215/547
f 609/216/548 577/212/510 581/211/509
f 609/216/548 581/211/509 613/215/549
f 555/212/515 611/216/550 614/217/551
f 555/212/515 614/217/551 587/213/516
f 559/212/518 601/216/552 615/217/553
f 559/212/518 615/217/553 589/213/519
f 563/212/521 603/216/554 616/217/555
f 563/212/521 616/217/555 591/213/522
f 617/217/556 597/213/531 567/212/530
f 617/217/556 567/212/530 618/216/557
f 571/212/524 605/216/558 619/217/559
f 571/212/524 619/217/559 593/213/525
f 575/212/527 607/216/560 620/217/561
f 575/212/527 620/217/561 595/213/528
f 598/215/532 621/218/562 622/219/563
f 598/215/532 622/219/563 599/216/533
f 584/212/512 599/216/564 623/217/565
f 584/212/512 623/217/565 585/213/513
f 566/211/497 624/215/566 618/216/567
f 566/211/497 618/216/567 567/212/498
f 611/216/546 612/215/547 625/218/568
f 611/216/546 625/218/568 626/219/569
f 627/220/570 628/221/571 629/222/572
f 627/220/570 629/222/572 630/223/573
f 601/216/536 602/215/537 631/218/574
f 601/216/536 631/218/574 632/219/575
f 603/216/538 604/215/539 633/218/576
f 603/216/538 633/218/576 634/219/577
f 607/216/542 608/215/543 635/218/578
f 607/216/542 635/218/578 636/219/579
f 609/216/544 637/219/580 638/224/581
f 609/216/544 638/224/581 610/217/545
f 618/216/567 624/215/566 639/218/582
f 618/216/567 639/218/582 640/219/583
f 605/216/540 606/215/541 641/218/584
f 605/216/540 641/218/584 642/219/585
f 609/216/548 613/215/549 643/218/586
f 609/216/548 643/218/586 637/219/587
f 623/217/565 599/216/564 622/219/588
f 623/217/565 622/219/588 644/224/589
f 614/217/551 611/216/550 626/219/590
f 614/217/551 626/219/590 645/224/591
f 615/217/553 601/216/552 632/219/592
f 615/217/553 632/219/592 646/224/593
f 616/217/555 603/216/554 634/219/594
f 616/217/555 634/219/594 647/224/595
f 617/217/556 618/216/557 640/219/596
f 617/217/556 640/219/596 648/224/597
f 619/217/559 605/216/558 642/219/598
f 619/217/559 642/219/598 649/224/599
f 620/217/561 607/216/560 636/219/600
f 620/217/561 636/219/600 650/224/601
f 651/221/602 652/222/603 653/223/604
f 651/221/602 653/223/604 654/220/605
f 655/225/606 656/226/607 657/227/608
f 655/225/606 657/227/608 658/228/609
f 659/220/610 660/221/611 661/222/612
f 659/220/610 661/222/612 662/223/613
f 663/220/614 664/221/615 665/222/616
f 663/220/614 665/222/616 666/223/617
f 667/220/618 668/223/619 669/229/619
f 667/220/618 669/229/619 670/230/620
f 671/220/621 672/221/622 673/222/623
f 671/220/621 673/222/623 674/223/623
f 675/220/624 676/221/625 677/222/626
f 675/220/624 677/222/626 678/223/626
f 679/220/627 680/221/628 681/222/629
f 679/220/627 681/222/629 682/223/630
f 667/220/631 683/221/632 684/222/633
f 667/220/631 684/222/633 668/223/634
f 685/230/635 654/220/636 653/223/637
f 685/230/635 653/223/637 686/229/638
f 687/230/639 627/220/640 630/223/641
f 687/230/639 630/223/641 688/229/641
f 689/230/642 659/220/643 662/223/644
f 689/230/642 662/223/644 690/229/645
f 691/230/646 663/220/647 666/223/648
f 691/230/646 666/223/648 692/229/649
f 693/230/650 675/220/651 678/223/652
f 693/230/650 678/223/652 694/229/653
f 695/230/654 679/220/655 682/223/656
f 695/230/654 682/223/656 696/229/657
f 697/230/658 671/220/659 674/223/660
f 697/230/658 674/223/660 698/229/661
f 699/226/662 700/227/663 701/228/664
f 699/226/662 701/228/664 702/225/662
f 658/228/609 657/227/608 548/208/476
f 658/228/609 548/208/476 547/206/475
f 703/225/665 704/226/666 705/227/667
f 703/225/665 705/227/667 706/228/668
f 707/225/669 708/226/670 709/227/671
f 707/225/669 709/227/671 710/228/672
f 711/225/673 712/226/674 713/227/675
f 711/225/673 713/227/675 714/228/676
f 715/225/677 716/226/678 717/227/679
f 715/225/677 717/227/679 718/228/680
f 719/225/681 720/226/682 721/227/683
f 719/225/681 721/227/683 722/228/684
f 723/225/685 724/228/686 725/231/687
f 723/225/685 725/231/687 726/232/688
f 723/225/689 727/226/690 728/227/691
f 723/225/689 728/227/691 724/228/692
f 729/232/693 702/225/694 701/228/695
f 729/232/693 701/228/695 730/231/696
f 731/232/697 655/225/698 658/228/699
f 731/232/697 658/228/699 732/231/700
f 733/232/701 703/225/702 706/228/703
f 733/232/701 706/228/703 734/231/704
f 735/232/705 707/225/705 710/228/706
f 735/232/705 710/228/706 736/231/707
f 737/232/708 715/225/709 718/228/710
f 737/232/708 718/228/710 738/231/711
f 739/232/712 719/225/712 722/228/713
f 739/232/712 722/228/713 740/231/714
f 741/232/715 711/225/715 714/228/716
f 741/232/715 714/228/716 742/231/717
f 700/227/663 537/208/455 528/206/454
f 700/227/663 528/206/454 701/228/664
f 694/229/653 678/223/652 715/225/709
f 694/229/653 715/225/709 737/232/708
f 706/228/668 705/227/667 538/208/458
f 706/228/668 538/208/458 531/206/457
f 710/228/672 709/227/671 549/208/479
f 710/228/672 549/208/479 541/206/478
f 718/228/680 717/227/679 539/208/461
f 718/228/680 539/208/461 533/206/460
f 722/228/684 721/227/683 550/208/482
f 722/228/684 550/208/482 543/206/481
f 724/228/686 534/206/452 536/205/451
f 724/228/686 536/205/451 725/231/687
f 714/228/676 713/227/675 545/208/470
f 714/228/676 545/208/470 544/206/469
f 724/228/692 728/227/691 535/208/449
f 724/228/692 535/208/449 534/206/448
f 730/231/696 701/228/695 528/206/440
f 730/231/696 528/206/440 527/205/439
f 732/231/700 658/228/699 547/206/473
f 732/231/700 547/206/473 546/205/472
f 734/231/704 706/228/703 531/206/443
f 734/231/704 531/206/443 530/205/442
f 736/231/707 710/228/706 541/206/464
f 736/231/707 541/206/464 540/205/463
f 740/231/714 722/228/713 543/206/467
f 740/231/714 543/206/467 542/205/466
f 742/231/717 714/228/716 544/206/485
f 742/231/717 544/206/485 551/205/484
f 738/231/711 718/228/710 533/206/446
f 738/231/711 533/206/446 532/205/445
f 743/210/718 600/211/535 584/212/534
f 743/210/718 584/212/534 583/209/718
f 692/229/649 666/223/648 707/225/705
f 692/229/649 707/225/705 735/232/705
f 690/229/645 662/223/644 703/225/702
f 690/229/645 703/225/702 733/232/701
f 688/229/641 630/223/641 655/225/698
f 688/229/641 655/225/698 731/232/697
f 686/229/638 653/223/637 702/225/694
f 686/229/638 702/225/694 729/232/693
f 668/223/634 684/222/633 727/226/690
f 668/223/634 727/226/690 723/225/689
f 668/223/619 723/225/685 726/232/688
f 668/223/619 726/232/688 669/229/619
f 682/223/630 681/222/629 720/226/682
f 682/223/630 720/226/682 719/225/681
f 678/223/626 677/222/626 716/226/678
f 678/223/626 716/226/678 715/225/677
f 674/223/623 673/222/623 712/226/674
f 674/223/623 712/226/674 711/225/673
f 666/223/617 665/222/616 708/226/670
f 666/223/617 708/226/670 707/225/669
f 662/223/613 661/222/612 704/226/666
f 662/223/613 704/226/666 703/225/665
f 652/222/603 699/226/662 702/225/662
f 652/222/603 702/225/662 653/223/604
f 630/223/573 629/222/572 656/226/607
f 630/223/573 656/226/607 655/225/606
f 648/224/597 640/219/596 744/233/659
f 648/224/597 744/233/659 745/234/658
f 650/224/601 636/219/600 746/233/655
f 650/224/601 746/233/655 747/234/654
f 649/224/599 642/219/598 748/233/651
f 649/224/599 748/233/651 749/234/650
f 647/224/595 634/219/594 750/233/647
f 647/224/595 750/233/647 751/234/646
f 646/224/593 632/219/592 752/233/643
f 646/224/593 752/233/643 753/234/642
f 645/224/591 626/219/590 754/233/640
f 645/224/591 754/233/640 755/234/639
f 644/224/589 622/219/588 756/233/636
f 644/224/589 756/233/636 757/234/635
f 637/219/587 643/218/586 758/235/632
f 637/219/587 758/235/632 759/233/631
f 636/219/579 635/218/578 760/235/628
f 636/219/579 760/235/628 746/233/627
f 642/219/585 641/218/584 761/235/625
f 642/219/585 761/235/625 748/233/624
f 640/219/583 639/218/582 762/235/622
f 640/219/583 762/235/622 744/233/621
f 637/219/580 759/233/618 763/234/620
f 637/219/580 763/234/620 638/224/581
f 634/219/577 633/218/576 764/235/615
f 634/219/577 764/235/615 750/233/614
f 632/219/575 631/218/574 765/235/611
f 632/219/575 765/235/611 752/233/610
f 621/218/562 766/235/602 756/233/605
f 621/218/562 756/233/605 622/219/563
f 626/219/569 625/218/568 767/235/571
f 626/219/569 767/235/571 754/233/570
f 696/229/657 682/223/656 719/225/712
f 696/229/657 719/225/712 739/232/712
f 698/229/661 674/223/660 711/225/715
f 698/229/661 711/225/715 741/232/715
f 768/236/719 769/237/719 770/238/720
f 768/236/719 770/238/720 771/239/721
f 772/240/722 773/241/722 771/239/721
f 772/240/722 771/239/721 770/238/720
f 774/242/723 775/243/724 773/241/725
f 774/242/723 773/241/725 772/240/725
f 776/244/726 777/245/726 778/246/727
f 776/244/726 778/246/727 779/247/728
f 780/248/729 781/249/730 782/250/730
f 780/248/729 782/250/730 783/251/731
f 784/240/732 785/252/732 779/247/728
f 784/240/732 779/247/728 778/246/727
f 780/248/729 783/251/731 785/252/733
f 780/248/729 785/252/733 784/240/733
f 774/242/723 786/249/734 787/253/734
f 774/242/723 787/253/734 775/243/724
f 788/248/735 789/254/736 790/255/737
f 788/248/735 790/255/737 791/240/737
f 792/256/738 793/257/739 794/258/740
f 792/256/738 794/258/740 795/240/740
f 796/259/741 797/260/741 798/261/742
f 796/259/741 798/261/742 799/262/743
f 795/240/744 794/258/744 799/262/743
f 795/240/744 799/262/743 798/261/742
f 800/263/745 801/237/745 802/264/746
f 800/263/745 802/264/746 803/265/747
f 791/240/748 790/255/748 803/265/747
f 791/240/748 803/265/747 802/264/746
f 788/248/735 804/249/749 805/266/749
f 788/248/735 805/266/749 789/254/736
f 792/256/738 806/249/750 807/267/750
f 792/256/738 807/267/750 793/257/739
f 808/268/751 809/269/751 810/270/752
f 808/268/751 810/270/752 811/271/753
f 812/272/754 813/273/754 811/271/753
f 812/272/754 811/271/753 810/270/752
f 814/274/755 815/275/755 816/276/756
f 814/274/755 816/276/756 817/277/757
f 818/278/758 819/279/759 809/269/760
f 818/278/758 809/269/760 808/268/760
f 820/272/761 821/280/761 817/277/757
f 820/272/761 817/277/757 816/276/756
f 822/281/762 823/282/763 815/275/764
f 822/281/762 815/275/764 814/274/764
f 818/278/758 824/283/765 825/284/765
f 818/278/758 825/284/765 819/279/759
f 822/281/762 826/283/766 827/285/766
f 822/281/762 827/285/766 823/282/763
f 828/286/767 829/287/767 830/288/768
f 828/286/767 830/288/768 831/271/769
f 832/289/770 833/290/771 829/287/772
f 832/289/770 829/287/772 828/286/772
f 834/291/773 835/273/773 831/271/769
f 834/291/773 831/271/769 830/288/768
f 832/289/770 836/292/774 837/284/774
f 832/289/770 837/284/774 833/290/771
f 838/293/775 839/269/775 840/270/776
f 838/293/775 840/270/776 841/271/777
f 842/294/778 843/279/779 839/269/780
f 842/294/778 839/269/780 838/293/780
f 844/272/781 845/295/781 841/271/777
f 844/272/781 841/271/777 840/270/776
f 842/294/778 846/296/782 847/284/782
f 842/294/778 847/284/782 843/279/779
f 848/297/783 849/298/783 850/299/783
f 848/297/783 850/299/783 851/300/783
f 852/297/784 853/301/784 854/302/784
f 852/297/784 854/302/784 855/300/784
f 856/303/785 857/304/785 851/300/785
f 856/303/785 851/300/785 850/299/785
f 858/305/785 859/306/785 855/300/785
f 858/305/785 855/300/785 854/302/785
f 860/307/786 861/302/786 862/300/786
f 860/307/786 862/300/786 863/297/786
f 864/298/787 865/299/787 866/308/787
f 864/298/787 866/308/787 867/297/787
f 867/297/788 868/300/788 869/309/788
f 867/297/788 869/309/788 870/310/788
f 871/297/789 872/300/789 873/299/789
f 871/297/789 873/299/789 874/298/789
f 875/301/790 848/297/790 851/300/790
f 875/301/790 851/300/790 876/311/790
f 877/298/791 878/297/791 879/308/791
f 877/298/791 879/308/791 880/299/791
f 881/312/785 882/303/785 880/299/785
f 881/312/785 880/299/785 879/308/785
f 883/313/785 884/314/785 876/311/785
f 883/313/785 876/311/785 851/300/785
# Vertices: 358, normals: 353, texture coordinates: 110, faces: 360

o obj4
v -5.28024402 2.86007103 -5.83850456
v -5.4223274 3.14396256 -5.9374324
v -5.38603511 2.87223011 -5.73160877
v -5.39340001 2.57893769 -5.77337718
v -5.42232739 2.51467167 -5.93743234
v -5.32710159 2.58178198 -5.83024224
v -5.30429175 2.57673223 -5.95824528
v -5.25743414 2.85502157 -5.96650755
v -5.52200673 2.86007103 -5.79587525
v -5.47514916 2.58178198 -5.80413745
v -5.54036304 2.57673223 -5.91661952
v -5.58722067 2.85502157 -5.90835725
v -4.52464493 2.86007103 -5.97173717
v -4.66672832 3.14396256 -6.070665
v -4.63043604 2.87223011 -5.86484136
v -4.63780094 2.57893769 -5.90660978
v -4.66672831 2.51467167 -6.07066494
v -4.57150252 2.58178198 -5.96347484
v -4.54869268 2.57673223 -6.09147788
v -4.50183505 2.85502157 -6.09974015
v -4.76640766 2.86007103 -5.92910784
v -4.71955008 2.58178198 -5.93737004
v -4.78476397 2.57673223 -6.04985211
v -4.83162158 2.85502157 -6.04158985
v -5.51272246 2.86007103 -7.15695437
v -5.64869409 2.87223011 -7.22122078
v -5.6124018 3.14396256 -7.01539715
v -5.64132918 2.57893769 -7.17945237
v -5.55958005 2.58178198 -7.14869216
v -5.6124018 2.51467167 -7.01539715
v -5.49436616 2.57673223 -7.03621003
v -5.44750855 2.85502157 -7.0444723
v -5.75448517 2.86007103 -7.11432505
v -5.70762762 2.58178198 -7.12258736
v -5.73043745 2.57673223 -6.99458427
v -5.77729507 2.85502157 -6.986322
v -4.75712337 2.86007103 -7.29018697
v -4.89309501 2.87223011 -7.35445338
v -4.85680273 3.14396256 -7.14862975
v -4.88573011 2.57893769 -7.31268497
v -4.80398098 2.58178198 -7.28192476
v -4.85680273 2.51467167 -7.14862975
v -4.73876709 2.57673223 -7.16944263
v -4.69190946 2.85502157 -7.1777049
v -4.9988861 2.86007103 -7.24755764
v -4.95202854 2.58178198 -7.25581996
v -4.97483837 2.57673223 -7.12781687
v -5.02169598 2.85502157 -7.1195546
v -5.38484079 2.7151396 -5.72483542
v -5.26460136 2.70835602 -5.84126273
v -5.24179152 2.70330629 -5.96926577
v -5.53764942 2.70835602 -5.79311695
v -5.60286327 2.70330629 -5.90559903
v -4.55725727 2.38496857 -7.24315456
v -4.35291828 2.38496857 -6.08429139
v -5.73258275 2.38496857 -5.84101915
v -5.93692173 2.38496857 -6.99988231
v -4.35291828 2.38496857 -6.08429139
v -4.55725727 2.38496857 -7.24315456
v -4.55725727 2.48542979 -7.24315456
v -4.35291828 2.48542979 -6.08429139
v -5.73258275 2.38496857 -5.84101915
v -4.35291828 2.38496857 -6.08429139
v -4.35291828 2.48542979 -6.08429139
v -5.73258275 2.48542979 -5.84101915
v -5.93692173 2.38496857 -6.99988231
v -5.73258275 2.38496857 -5.84101915
v -5.73258275 2.48542979 -5.84101915
v -5.93692173 2.48542979 -6.99988231
v -4.55725727 2.38496857 -7.24315456
v -5.93692173 2.38496857 -6.99988231
v -5.93692173 2.48542979 -6.99988231
v -4.55725727 2.48542979 -7.24315456
v -4.58567307 2.49201334 -7.19392587
v -4.3964576 2.49201334 -6.12083238
v -4.35291828 2.48542979 -6.08429139
v -4.55725727 2.48542979 -7.24315456
v -5.89338246 2.49201334 -6.96334125
v -4.58567307 2.49201334 -7.19392587
v -4.55725727 2.48542979 -7.24315456
v -5.93692173 2.48542979 -6.99988231
v -5.70416699 2.49201334 -5.89024777
v -5.89338246 2.49201334 -6.96334125
v -5.73258275 2.48542979 -5.84101915
v -4.3964576 2.49201334 -6.12083238
v -5.70416699 2.49201334 -5.89024777
v -5.73258275 2.48542979 -5.84101915
v -4.35291828 2.48542979 -6.08429139
v -4.58567307 2.49201334 -7.19392587
v -5.89338246 2.49201334 -6.96334125
v -5.89338246 3.18706197 -6.96334125
v -4.58567307 3.18706197 -7.19392587
v -4.3964576 2.49201334 -6.12083238
v -4.58567307 2.49201334 -7.19392587
v -4.58567307 3.18706197 -7.19392587
v -4.3964576 3.18706197 -6.12083238
v -5.94501527 3.18706197 -6.99240158
v -5.74274674 3.18706197 -5.84528052
v -5.74274674 3.29614162 -5.84528052
v -5.94501527 3.29614162 -6.99240158
v -5.74274674 3.18706197 -5.84528052
v -4.34482473 3.18706197 -6.09177207
v -4.34482473 3.29614162 -6.09177207
v -5.74274674 3.29614162 -5.84528052
v -5.63837682 3.29614162 -5.99433636
v -5.79595951 3.29614162 -6.88803159
v -5.94501527 3.29614162 -6.99240158
v -4.49388055 3.29614162 -6.19614208
v -5.63837682 3.29614162 -5.99433636
v -5.74274674 3.29614162 -5.84528052
v -4.34482473 3.29614162 -6.09177207
v -4.49388055 2.58443071 -6.19614208
v -4.65146325 2.58443071 -7.0898373
v -5.79595951 2.58443071 -6.88803159
v -5.63837682 2.58443071 -5.99433636
v -5.63837682 3.29614162 -5.99433636
v -4.49388055 3.29614162 -6.19614208
v -4.49388055 2.58443071 -6.19614208
v -5.63837682 2.58443071 -5.99433636
v -5.79595951 3.29614162 -6.88803159
v -5.63837682 3.29614162 -5.99433636
v -5.63837682 2.58443071 -5.99433636
v -5.79595951 2.58443071 -6.88803159
v -5.70416699 2.49201334 -5.89024777
v -4.3964576 2.49201334 -6.12083238
v -4.3964576 3.18706197 -6.12083238
v -5.70416699 3.18706197 -5.89024777
v -5.89338246 2.49201334 -6.96334125
v -5.70416699 2.49201334 -5.89024777
v -5.70416699 3.18706197 -5.89024777
v -5.89338246 3.18706197 -6.96334125
v -4.54709327 3.18706197 -7.23889312
v -5.94501527 3.29614162 -6.99240158
v -4.54709327 3.29614162 -7.23889312
v -4.34482473 3.18706197 -6.09177207
v -4.54709327 3.18706197 -7.23889312
v -4.54709327 3.29614162 -7.23889312
v -4.34482473 3.29614162 -6.09177207
v -4.65146325 3.29614162 -7.0898373
v -5.79595951 3.29614162 -6.88803159
v -5.79595951 2.58443071 -6.88803159
v -4.65146325 2.58443071 -7.0898373
v -4.65146325 3.29614162 -7.0898373
v -4.49388055 3.29614162 -6.19614208
v -4.34482473 3.29614162 -6.09177207
v -4.54709327 3.29614162 -7.23889312
v -5.79595951 3.29614162 -6.88803159
v -4.65146325 3.29614162 -7.0898373
v -4.54709327 3.29614162 -7.23889312
v -4.49388055 3.29614162 -6.19614208
v -4.65146325 3.29614162 -7.0898373
v -4.65146325 2.58443071 -7.0898373
v -4.49388055 2.58443071 -6.19614208
v -4.62924171 2.7151396 -5.85806801
v -4.50900226 2.70835602 -5.97449533
v -4.48619244 2.70330629 -6.10249837
v -4.78205035 2.70835602 -5.92634955
v -4.8472642 2.70330629 -6.03883163
v -5.49707982 2.70835602 -7.15971265
v -5.64988841 2.7151396 -7.22799413
v -5.43186592 2.70330629 -7.04723052
v -5.77012788 2.70835602 -7.11156687
v -5.79293768 2.70330629 -6.98356378
v -4.74148072 2.70835602 -7.29294525
v -4.89428934 2.7151396 -7.36122673
v -4.67626685 2.70330629 -7.18046312
v -5.01452881 2.70835602 -7.24479947
v -5.03733861 2.70330629 -7.11679638
vn -0.76076 0.28874 -0.58127
vn -0 0.71344 -0.70071
vn -0 0.32963 -0.94411
vn -0 -0.63711 -0.77077
vn 0 -0.9609 -0.27691
vn -0.57014 -0.63183 -0.52509
vn -0.70786 -0.64595 -0.28581
vn -0.90596 0.27703 -0.32015
vn 0.76076 0.28874 -0.58127
vn 0.57014 -0.63183 -0.52509
vn 0.70786 -0.64595 -0.28581
vn 0.90596 0.27703 -0.32015
vn -0.76076 0.28874 -0.58127
vn -0 0.71344 -0.70071
vn 0 0.32963 -0.94411
vn 0 -0.63711 -0.77077
vn 0 -0.9609 -0.27691
vn -0.57014 -0.63183 -0.52509
vn -0.70786 -0.64595 -0.28581
vn -0.90596 0.27703 -0.32015
vn 0.76076 0.28874 -0.58127
vn 0.57014 -0.63183 -0.52509
vn 0.70786 -0.64595 -0.28581
vn 0.90596 0.27703 -0.32015
vn -0.76076 0.28874 0.58127
vn 0 0.32963 0.94411
vn 0 0.71344 0.70071
vn -0 -0.63711 0.77077
vn -0.57014 -0.63183 0.52509
vn -0 -0.9609 0.27691
vn -0.70786 -0.64595 0.28581
vn -0.90596 0.27703 0.32015
vn 0.76076 0.28874 0.58127
vn 0.57014 -0.63183 0.52509
vn 0.70786 -0.64595 0.28581
vn 0.90596 0.27703 0.32015
vn -0.76076 0.28874 0.58127
vn 0 0.32963 0.94411
vn 0 0.71344 0.70071
vn 0 -0.63711 0.77077
vn -0.57014 -0.63183 0.52509
vn 0 -0.9609 0.27691
vn -0.70786 -0.64595 0.28581
vn -0.90596 0.27703 0.32015
vn 0.76076 0.28874 0.58127
vn 0.57014 -0.63183 0.52509
vn 0.70786 -0.64595 0.28581
vn 0.90596 0.27703 0.32015
vn -0 -0.12297 -0.99241
vn -0.79401 -0.14821 -0.58957
vn -0.92403 -0.1647 -0.34503
vn 0.79401 -0.14821 -0.58957
vn 0.92403 -0.1647 -0.34503
vn 0 -1 0
vn -1 0 0
vn 0 0 -1
vn 1 0 0
vn 0 0 1
vn -0.09255 0.99307 0.07249
vn -0.09255 0.99307 -0.07249
vn -0.07956 0.99333 -0.08343
vn -0.07956 0.99333 0.08343
vn 0.09255 0.99307 0.07249
vn 0.07956 0.99333 0.08343
vn 0.09255 0.99307 -0.07249
vn 0.07956 0.99333 -0.08343
vn -0 1 0
vn -0 1 0
vn -0 1 0
vn 0 1 0
vn 0 -0.12297 -0.99241
vn -0.79401 -0.14821 -0.58957
vn -0.92403 -0.1647 -0.34503
vn 0.79401 -0.14821 -0.58957
vn 0.92403 -0.1647 -0.34503
vn -0.79401 -0.14821 0.58957
vn -0 -0.12297 0.99241
vn -0.92403 -0.1647 0.34503
vn 0.79401 -0.14821 0.58957
vn 0.92403 -0.1647 0.34503
vn -0.79401 -0.14821 0.58957
vn 0 -0.12297 0.99241
vn -0.92403 -0.1647 0.34503
vn 0.79401 -0.14821 0.58957
vn 0.92403 -0.1647 0.34503
vt 0.1122 0.49012
vt 0.19537 0.53389
vt 0.1118 0.52785
vt 0.03497 0.53192
vt 0.00258 0.53194
vt 0.03382 0.50336
vt 0.02172 0.48447
vt 0.11155 0.47
vt 0.1096 0.56443
vt 0.03595 0.55768
vt 0.02542 0.58038
vt 0.11064 0.58874
vt 0.07126 0.5297
vt 0.06916 0.48602
vt 0.06851 0.4659
vt 0.0677 0.56902
vt 0.06874 0.59334
vt 0.13593 0.61107
vt 0.01025 0.61112
vt 0.0103 0.77207
vt 0.13599 0.77203
vt 0.01206 0.45878
vt 0.01206 0.25129
vt 0.02978 0.25129
vt 0.02978 0.45878
vt 0.01206 0.25129
vt 0.01206 0.00426
vt 0.02978 0.00426
vt 0.02978 0.25129
vt 0.01206 0.45878
vt 0.02978 0.45878
vt 0.02978 0.25129
vt 0.01206 0.00426
vt 0.01206 0.25129
vt 0.02978 0.25129
vt 0.02978 0.00426
vt 0.00552 0.25896
vt 0.00552 0.4511
vt 0.01206 0.45878
vt 0.01206 0.25129
vt 0.0043 0.24484
vt 0.0043 0.01071
vt 0.01206 0.25129
vt 0.0043 0.01071
vt 0.0043 0.24484
vt 0.03954 0.01715
vt 0.03954 0.25129
vt 0.16209 0.25129
vt 0.16209 0.01715
vt 0.03954 0.25129
vt 0.03954 0.44342
vt 0.16209 0.44342
vt 0.16209 0.25129
vt 0.17269 0.25129
vt 0.17269 0.45668
vt 0.19193 0.45668
vt 0.19193 0.25129
vt 0.17269 0.25129
vt 0.17269 0.001
vt 0.19193 0.001
vt 0.19193 0.25129
vt 0.21462 0.43399
vt 0.21462 0.27398
vt 0.19193 0.25129
vt 0.21461 0.02368
vt 0.21461 0.2286
vt 0.19193 0.00099
vt 0.16209 0.25129
vt 0.16209 0.01715
vt 0.03953 0.01715
vt 0.16209 0.25129
vt 0.16209 0.44342
vt 0.03954 0.44342
vt 0.03954 0.25129
vt 0.03954 0.25129
vt 0.03954 0.01715
vt 0.16209 0.01715
vt 0.16209 0.25129
vt 0.03954 0.44342
vt 0.03954 0.25129
vt 0.16209 0.25129
vt 0.16209 0.44342
vt 0.17269 0.001
vt 0.19193 0.25129
vt 0.19193 0.001
vt 0.17269 0.45668
vt 0.17269 0.25129
vt 0.19193 0.25129
vt 0.19193 0.45668
vt 0.16209 0.01715
vt 0.03953 0.01715
vt 0.21461 0.27397
vt 0.21461 0.43399
vt 0.21461 0.02368
usemtl mat0
f 885/315/792 886/316/793 887/317/794
f 888/318/795 889/319/796 890/320/797
f 889/319/796 891/321/798 890/320/797
f 885/315/792 892/322/799 886/316/793
f 893/323/800 887/317/794 886/316/793
f 888/318/795 894/324/801 889/319/796
f 889/319/796 894/324/801 895/325/802
f 893/323/800 886/316/793 896/326/803
f 897/315/804 898/316/805 899/317/806
f 900/318/807 901/319/808 902/320/809
f 901/319/808 903/321/810 902/320/809
f 897/315/804 904/322/811 898/316/805
f 905/323/812 899/317/806 898/316/805
f 900/318/807 906/324/813 901/319/808
f 901/319/808 906/324/813 907/325/814
f 905/323/812 898/316/805 908/326/815
f 909/315/816 910/317/817 911/316/818
f 912/318/819 913/320/820 914/319/821
f 914/319/821 913/320/820 915/321/822
f 909/315/816 911/316/818 916/322/823
f 917/323/824 911/316/818 910/317/817
f 912/318/819 914/319/821 918/324/825
f 914/319/821 919/325/826 918/324/825
f 917/323/824 920/326/827 911/316/818
f 921/315/828 922/317/829 923/316/830
f 924/318/831 925/320/832 926/319/833
f 926/319/833 925/320/832 927/321/834
f 921/315/828 923/316/830 928/322/835
f 929/323/836 923/316/830 922/317/829
f 924/318/831 926/319/833 930/324/837
f 926/319/833 931/325/838 930/324/837
f 929/323/836 932/326/839 923/316/830
f 887/317/794 933/327/840 934/328/841
f 887/317/794 934/328/841 885/315/792
f 933/327/840 888/318/795 890/320/797
f 933/327/840 890/320/797 934/328/841
f 890/320/797 891/321/798 935/329/842
f 890/320/797 935/329/842 934/328/841
f 934/328/841 935/329/842 892/322/799
f 934/328/841 892/322/799 885/315/792
f 887/317/794 893/323/800 936/330/843
f 887/317/794 936/330/843 933/327/840
f 933/327/840 936/330/843 894/324/801
f 933/327/840 894/324/801 888/318/795
f 894/324/801 936/330/843 937/331/844
f 894/324/801 937/331/844 895/325/802
f 936/330/843 893/323/800 896/326/803
f 936/330/843 896/326/803 937/331/844
f 938/332/845 939/333/845 940/334/845
f 938/332/845 940/334/845 941/335/845
f 942/336/846 943/337/846 944/338/846
f 942/336/846 944/338/846 945/339/846
f 946/340/847 947/341/847 948/342/847
f 946/340/847 948/342/847 949/343/847
f 950/340/848 951/344/848 952/345/848
f 950/340/848 952/345/848 953/346/848
f 954/347/849 955/348/849 956/349/849
f 954/347/849 956/349/849 957/350/849
f 958/351/850 959/352/851 960/353/852
f 958/351/850 960/353/852 961/354/853
f 962/355/854 963/356/850 964/341/853
f 962/355/854 964/341/853 965/357/855
f 966/352/856 967/351/854 965/357/855
f 966/352/856 965/357/855 968/353/857
f 969/358/851 970/359/856 971/357/857
f 969/358/851 971/357/857 972/341/852
f 973/360/849 974/361/849 975/362/849
f 973/360/849 975/362/849 976/363/849
f 977/364/846 978/365/846 979/366/846
f 977/364/846 979/366/846 980/367/846
f 981/368/848 982/369/848 983/370/848
f 981/368/848 983/370/848 984/371/848
f 985/372/847 986/373/847 987/374/847
f 985/372/847 987/374/847 988/375/847
f 989/376/858 990/377/859 991/378/860
f 989/376/858 991/378/860 983/370/860
f 992/379/861 993/380/858 994/378/860
f 992/379/861 994/378/860 995/381/861
f 996/332/861 997/333/861 998/334/861
f 996/332/861 998/334/861 999/335/861
f 1000/382/849 1001/383/849 1002/384/849
f 1000/382/849 1002/384/849 1003/361/849
f 1004/385/846 1005/386/846 1006/387/846
f 1004/385/846 1006/387/846 1007/388/846
f 1008/389/847 1009/390/847 1010/391/847
f 1008/389/847 1010/391/847 1011/392/847
f 1012/393/848 1013/394/848 1014/395/848
f 1012/393/848 1014/395/848 1015/396/848
f 1016/397/849 981/368/849 1017/398/849
f 1016/397/849 1017/398/849 1018/399/849
f 1019/400/846 1020/401/846 1021/402/846
f 1019/400/846 1021/402/846 1022/403/846
f 1023/404/847 1024/382/847 1025/361/847
f 1023/404/847 1025/361/847 1026/405/847
f 1027/406/861 1028/407/861 1029/370/861
f 1027/406/861 1029/370/861 1030/378/861
f 1031/380/859 1032/408/861 1033/381/861
f 1031/380/859 1033/381/861 991/378/860
f 1034/385/848 1035/386/848 1036/387/848
f 1034/385/848 1036/387/848 1037/388/848
f 899/317/806 1038/327/862 1039/328/863
f 899/317/806 1039/328/863 897/315/804
f 1038/327/862 900/318/807 902/320/809
f 1038/327/862 902/320/809 1039/328/863
f 902/320/809 903/321/810 1040/329/864
f 902/320/809 1040/329/864 1039/328/863
f 1039/328/863 1040/329/864 904/322/811
f 1039/328/863 904/322/811 897/315/804
f 899/317/806 905/323/812 1041/330/865
f 899/317/806 1041/330/865 1038/327/862
f 1038/327/862 1041/330/865 906/324/813
f 1038/327/862 906/324/813 900/318/807
f 906/324/813 1041/330/865 1042/331/866
f 906/324/813 1042/331/866 907/325/814
f 1041/330/865 905/323/812 908/326/815
f 1041/330/865 908/326/815 1042/331/866
f 910/317/817 909/315/816 1043/328/867
f 910/317/817 1043/328/867 1044/327/868
f 1044/327/868 1043/328/867 913/320/820
f 1044/327/868 913/320/820 912/318/819
f 913/320/820 1043/328/867 1045/329/869
f 913/320/820 1045/329/869 915/321/822
f 1043/328/867 909/315/816 916/322/823
f 1043/328/867 916/322/823 1045/329/869
f 910/317/817 1044/327/868 1046/330/870
f 910/317/817 1046/330/870 917/323/824
f 1044/327/868 912/318/819 918/324/825
f 1044/327/868 918/324/825 1046/330/870
f 918/324/825 919/325/826 1047/331/871
f 918/324/825 1047/331/871 1046/330/870
f 1046/330/870 1047/331/871 920/326/827
f 1046/330/870 920/326/827 917/323/824
f 922/317/829 921/315/828 1048/328/872
f 922/317/829 1048/328/872 1049/327/873
f 1049/327/873 1048/328/872 925/320/832
f 1049/327/873 925/320/832 924/318/831
f 925/320/832 1048/328/872 1050/329/874
f 925/320/832 1050/329/874 927/321/834
f 1048/328/872 921/315/828 928/322/835
f 1048/328/872 928/322/835 1050/329/874
f 922/317/829 1049/327/873 1051/330/875
f 922/317/829 1051/330/875 929/323/836
f 1049/327/873 924/318/831 930/324/837
f 1049/327/873 930/324/837 1051/330/875
f 930/324/837 931/325/838 1052/331/876
f 930/324/837 1052/331/876 1051/330/875
f 1051/330/875 1052/331/876 932/326/839
f 1051/330/875 932/326/839 929/323/836
# Vertices: 168, normals: 85, texture coordinates: 94, faces: 148

o obj5
v 5.76639524 15.7183609 -5.13742297
v 6.41493056 15.7183609 -4.99364718
v 6.45206791 15.98166084 -6.69573802
v 4.89375245 15.7183609 -7.38141202
v 4.74997654 15.7183609 -6.73287667
v 7.13774237 15.7183609 -8.25405333
v 6.48920678 15.7183609 -8.39782955
v 8.15415859 15.7183609 -6.65859883
v 8.03880779 15.7183609 -7.31278801
v 8.01038259 15.7183609 -6.01006407
v 7.06911726 15.7183609 -5.10899852
v 4.8653279 15.7183609 -6.07868707
v 5.83501723 15.7183609 -8.28247808
v 5.83501723 15.7183609 -8.28247808
v 5.27476822 15.7183609 -7.92555988
v 8.03880779 15.7183609 -7.31278801
v 7.68188993 15.7183609 -7.87303715
v 7.62936644 15.7183609 -5.46591663
v 8.01038259 15.7183609 -6.01006407
v 4.8653279 15.7183609 -6.07868707
v 5.22224684 15.7183609 -5.51843804
v 5.76639524 15.7183609 -5.13742297
v 4.89375245 15.7183609 -7.38141202
v 7.13774237 15.7183609 -8.25405333
v 7.06911726 15.7183609 -5.10899852
v 5.82998754 8.9534595 -6.18742606
v 6.08996546 8.9534595 -6.00538831
v 5.95293413 9.71090913 -5.53875423
v 5.54788213 9.71090913 -5.82237338
v 5.60435062 8.9534595 -6.76764877
v 5.65946233 8.9534595 -6.45509635
v 5.28219977 9.71090913 -6.23941032
v 5.19633431 9.71090913 -6.72637443
v 5.85508062 8.9534595 -7.33747743
v 5.67304263 8.9534595 -7.0774998
v 5.30335804 9.71090913 -7.20912988
v 5.58697784 9.71090913 -7.61418163
v 6.98003792 8.9534595 -6.16233275
v 7.16207605 8.9534595 -6.42231025
v 7.62330851 9.71090913 -6.18832864
v 7.33968856 9.71090913 -5.78327772
v 6.43530346 8.9534595 -7.56311419
v 6.12275112 8.9534595 -7.50800262
v 6.00401487 9.71090913 -7.87986365
v 6.4909791 9.71090913 -7.96572877
v 7.00513198 8.9534595 -7.31238369
v 6.7451545 8.9534595 -7.49442188
v 6.97373451 9.71090913 -7.85870479
v 7.37878582 9.71090913 -7.57508473
v 7.23076834 8.9534595 -6.73216105
v 7.73033266 9.71090913 -6.67108375
v 7.62330851 9.71090913 -6.18832864
v 7.16207605 8.9534595 -6.42231025
v 7.17565709 8.9534595 -7.04471327
v 7.64446796 9.71090913 -7.1580477
v 6.08996546 8.9534595 -6.00538831
v 6.39981654 8.9534595 -5.93669637
v 6.43568957 9.71090913 -5.43173025
v 5.95293413 9.71090913 -5.53875423
v 5.65946233 8.9534595 -6.45509635
v 5.28219977 9.71090913 -6.23941032
v 5.67304263 8.9534595 -7.0774998
v 5.30335804 9.71090913 -7.20912988
v 6.12275112 8.9534595 -7.50800262
v 6.00401487 9.71090913 -7.87986365
v 6.7451545 8.9534595 -7.49442188
v 6.97373451 9.71090913 -7.85870479
v 7.17565709 8.9534595 -7.04471327
v 7.64446796 9.71090913 -7.1580477
v 6.71236754 8.9534595 -5.99180789
v 6.92265165 9.71090913 -5.51759535
v 7.26662029 10.74749947 -4.60919791
v 6.40606242 10.74749947 -4.45745751
v 6.92265165 9.71090913 -5.51759535
v 4.21587796 10.74749947 -6.74534833
v 4.36761854 10.74749947 -5.88478677
v 4.90622178 10.74749947 -8.31427817
v 4.40501014 10.74749947 -7.59847211
v 6.50376988 10.74749947 -8.93553108
v 5.64320832 10.74749947 -8.78379051
v 8.07269929 10.74749947 -8.24518658
v 7.35689395 10.74749947 -8.74639895
v 8.6939514 10.74749947 -6.64763889
v 8.50481898 10.74749947 -5.79451579
v 4.83713203 10.74749947 -5.1478005
v 5.55293871 10.74749947 -4.64658946
v 8.54221141 10.74749947 -7.50819989
v 4.36761854 10.74749947 -5.88478677
v 4.40501014 10.74749947 -7.59847211
v 5.64320832 10.74749947 -8.78379051
v 7.26662029 10.74749947 -4.60919791
v 8.00360682 10.74749947 -5.07871061
v 7.35689395 10.74749947 -8.74639895
v 8.54221141 10.74749947 -7.50819989
v 7.60995866 12.06585884 -3.71822779
v 6.38238002 12.06585884 -3.50177167
v 5.55293871 10.74749947 -4.64658946
v 8.50481898 10.74749947 -5.79451579
v 5.16540592 12.06585884 -3.77156668
v 4.14431409 12.06585884 -4.48653981
v 3.99383056 12.92586708 -4.34248321
v 5.0815056 12.92586708 -3.58088865
v 5.09750766 13.7858758 -3.61725539
v 4.02253162 13.7858758 -4.36995813
v 3.47455665 12.06585884 -5.53784456
v 3.25810009 12.06585884 -6.76542844
v 3.52789584 12.06585884 -7.98240243
v 4.24287004 12.06585884 -9.00349372
v 7.73873318 12.06585884 -9.61991037
v 8.75982372 12.06585884 -8.90493495
v 9.64603451 12.06585884 -6.62604666
v 9.37623884 12.06585884 -5.40907359
v 9.37623884 12.06585884 -5.40907359
v 8.66126365 12.06585884 -4.38798382
v 5.294175 12.06585884 -9.67324927
v 6.52175896 12.06585884 -9.88970608
v 9.42957881 12.06585884 -7.85362985
v 5.16540592 12.06585884 -3.77156668
v 3.47455665 12.06585884 -5.53784456
v 3.52789584 12.06585884 -7.98240243
v 5.294175 12.06585884 -9.67324927
v 7.60995866 12.06585884 -3.71822779
v 7.73873318 12.06585884 -9.61991037
v 9.42957881 12.06585884 -7.85362985
v 7.68546187 12.92586708 -3.52407155
v 7.67106156 13.7858758 -3.56110186
v 6.37870239 13.7858758 -3.33322294
v 6.37783576 12.92586708 -3.29350065
v 4.20875505 14.51585674 -4.54822893
v 5.20133456 14.51585674 -3.85322054
v 5.41691599 15.24583817 -4.34316765
v 4.5954211 15.24583817 -4.91838174
v 3.04982881 12.92586708 -6.76997277
v 3.28040022 12.92586708 -5.46234101
v 3.31743053 13.7858758 -5.47674132
v 3.08955136 13.7858758 -6.76910601
v 4.09881344 12.92586708 -9.15397725
v 3.33721732 12.92586708 -8.06630279
v 3.37358453 13.7858758 -8.0503008
v 4.12628871 13.7858758 -9.12527626
v 9.85430557 12.92586708 -6.62150223
v 9.81458328 13.7858758 -6.62236886
v 9.5305497 13.7858758 -5.34117502
v 9.56691687 12.92586708 -5.32517327
v 8.80532013 12.92586708 -4.23750027
v 9.56691687 12.92586708 -5.32517327
v 9.5305497 13.7858758 -5.34117502
v 8.77784514 13.7858758 -4.26620107
v 6.52630323 12.92586708 -10.09797734
v 5.21867147 12.92586708 -9.86740593
v 5.23307184 13.7858758 -9.83037564
v 6.52543647 13.7858758 -10.05825479
v 8.91030678 12.92586708 -9.04899147
v 7.82263358 12.92586708 -9.81058865
v 7.80663179 13.7858758 -9.77422172
v 8.88160577 13.7858758 -9.02151631
v 9.62373525 12.92586708 -7.92913328
v 9.58670494 13.7858758 -7.91473297
v 5.0815056 12.92586708 -3.58088865
v 5.09750766 13.7858758 -3.61725539
v 3.28040022 12.92586708 -5.46234101
v 3.31743053 13.7858758 -5.47674132
v 3.33721732 12.92586708 -8.06630279
v 3.37358453 13.7858758 -8.0503008
v 5.21867147 12.92586708 -9.86740593
v 5.23307184 13.7858758 -9.83037564
v 7.82263358 12.92586708 -9.81058865
v 7.80663179 13.7858758 -9.77422172
v 9.62373525 12.92586708 -7.92913328
v 9.58670494 13.7858758 -7.91473297
v 7.68546187 12.92586708 -3.52407155
v 7.67106156 13.7858758 -3.56110186
v 7.57762589 14.51585674 -3.80137124
v 7.38362036 15.24583817 -4.30025559
v 6.39600219 15.24583817 -4.12611077
v 6.38432588 14.51585674 -3.59095914
v 3.34728783 14.51585674 -6.76348239
v 3.5577001 14.51585674 -5.57017733
v 4.0565844 15.24583817 -5.76418318
v 3.88243978 15.24583817 -6.75180568
v 4.30455935 14.51585674 -8.93905231
v 3.60954992 14.51585674 -7.94647395
v 4.09949705 15.24583817 -7.7308924
v 4.67471198 15.24583817 -8.55238599
v 8.59957465 14.51585674 -4.4524248
v 9.29458475 14.51585674 -5.44500219
v 8.80463761 15.24583817 -5.66058374
v 8.22942223 15.24583817 -4.83909068
v 6.51981279 14.51585674 -9.80051832
v 5.32650779 14.51585674 -9.59010606
v 5.52051364 15.24583817 -9.09122176
v 6.50813616 15.24583817 -9.26536639
v 8.69538229 14.51585674 -8.84324575
v 7.7028047 14.51585674 -9.53825629
v 7.48722296 15.24583817 -9.04830888
v 8.30871597 15.24583817 -8.47309313
v 9.55684725 14.51585674 -6.62799273
v 9.02169555 15.24583817 -6.63966946
v 8.80463761 15.24583817 -5.66058374
v 9.29458475 14.51585674 -5.44500219
v 9.34643557 14.51585674 -7.82129718
v 8.84755128 15.24583817 -7.62729136
v 5.20133456 14.51585674 -3.85322054
v 5.41691599 15.24583817 -4.34316765
v 3.5577001 14.51585674 -5.57017733
v 4.0565844 15.24583817 -5.76418318
v 3.60954992 14.51585674 -7.94647395
v 4.09949705 15.24583817 -7.7308924
v 5.32650779 14.51585674 -9.59010606
v 5.52051364 15.24583817 -9.09122176
v 7.7028047 14.51585674 -9.53825629
v 7.48722296 15.24583817 -9.04830888
v 9.34643557 14.51585674 -7.82129718
v 8.84755128 15.24583817 -7.62729136
v 7.57762589 14.51585674 -3.80137124
v 7.38362036 15.24583817 -4.30025559
v 6.71236754 8.9534595 -5.99180789
v 8.80532013 12.92586708 -4.23750027
v 7.68546187 12.92586708 -3.52407155
v 8.91030678 12.92586708 -9.04899147
v 9.62373525 12.92586708 -7.92913328
v 6.52630323 12.92586708 -10.09797734
v 7.82263358 12.92586708 -9.81058865
v 4.09881344 12.92586708 -9.15397725
v 5.21867147 12.92586708 -9.86740593
v 3.04982881 12.92586708 -6.76997277
v 3.33721732 12.92586708 -8.06630279
v 3.99383056 12.92586708 -4.34248321
v 3.28040022 12.92586708 -5.46234101
v 6.37783576 12.92586708 -3.29350065
v 5.0815056 12.92586708 -3.58088865
v 9.62373525 12.92586708 -7.92913328
v 9.85430557 12.92586708 -6.62150223
v 7.82263358 12.92586708 -9.81058865
v 5.21867147 12.92586708 -9.86740593
v 9.56691687 12.92586708 -5.32517327
v 9.56691687 12.92586708 -5.32517327
v 3.33721732 12.92586708 -8.06630279
v 3.28040022 12.92586708 -5.46234101
v 7.68546187 12.92586708 -3.52407155
v 5.0815056 12.92586708 -3.58088865
v 6.91435473 8.26479805 -6.45701273
v 7.04555971 9.0574882 -6.31041538
v 7.06166332 9.05213022 -6.33391689
v 6.93045809 8.25944006 -6.48051431
v 7.09065202 9.04892635 -6.32328818
v 6.95944696 8.25623643 -6.46988617
v 7.07454863 9.05428433 -6.29978716
v 6.94334369 8.26159453 -6.44638478
v 6.86208453 8.24476314 -7.11357612
v 6.92673187 9.02376461 -7.35030437
v 6.89813833 9.01976609 -7.34770114
v 6.83349107 8.2407645 -7.11097259
v 6.91650833 9.01942682 -7.37929129
v 6.92673187 9.02376461 -7.35030437
v 6.86208453 8.24476314 -7.11357612
v 6.85186071 8.24042559 -7.14256292
v 6.88791527 9.0154283 -7.37668813
v 6.82326752 8.23642695 -7.13995947
v 7.04555971 9.0574882 -6.31041538
v 6.91435473 8.26479805 -6.45701273
v 5.84442153 9.01674628 -6.1452637
v 6.06048375 8.24238014 -6.28926678
v 6.08919028 8.24243402 -6.28523334
v 5.87312784 9.0168004 -6.14123008
v 5.65279178 9.00855184 -7.01138389
v 5.94784938 8.24861145 -6.96144198
v 5.96494406 8.24944389 -6.93804504
v 5.6698861 9.00938439 -6.98798698
v 5.96716453 8.25080705 -6.9856428
v 5.67210717 9.01074767 -7.03558457
v 5.6892018 9.01158023 -7.01218729
v 5.98425941 8.25163937 -6.96224566
v 6.05664878 8.24339116 -6.3200539
v 5.84058682 9.01775742 -6.17605087
v 5.86929368 9.01781154 -6.17201728
v 6.08535561 8.24344504 -6.31602045
v 5.84058682 9.01775742 -6.17605087
v 6.05664878 8.24339116 -6.3200539
v 5.67210717 9.01074767 -7.03558457
v 5.96716453 8.25080705 -6.9856428
v 6.92358208 8.22559381 -6.4986812
v 7.18348475 7.41408324 -6.34984083
v 7.17727627 7.41726303 -6.30704782
v 6.91737346 8.22877359 -6.45588789
v 7.22551834 7.41829157 -6.28547274
v 6.96561535 8.22980213 -6.43431277
v 6.77028874 8.23677254 -7.08878716
v 6.96240277 7.42397732 -7.31397193
v 7.00503919 7.42995924 -7.30884857
v 6.81292551 8.24275446 -7.08366356
v 6.97182335 8.22662234 -6.47710598
v 7.23172617 7.41511172 -6.328266
v 7.02559694 7.42995924 -7.35754367
v 6.83348325 8.24275446 -7.13235866
v 6.79084663 8.23677254 -7.13748144
v 6.9829603 7.42397732 -7.36266657
v 6.96561535 8.22980213 -6.43431277
v 7.22551834 7.41829157 -6.28547274
v 6.83348325 8.24275446 -7.13235866
v 7.02559694 7.42995924 -7.35754367
v 6.13491499 8.22588146 -6.32620222
v 5.95461862 7.41283673 -6.09231443
v 5.91208324 7.41760194 -6.09923768
v 6.09237929 8.23064685 -6.33312556
v 6.11243281 8.22628319 -6.27836756
v 5.93213681 7.41323847 -6.04447954
v 5.88960111 7.41800374 -6.05140218
v 6.0698972 8.23104858 -6.28529016
v 6.0698972 8.23104858 -6.28529016
v 5.88960111 7.41800374 -6.05140218
v 6.00504138 8.24124551 -6.93110482
v 5.76439792 7.42263597 -7.07330687
v 5.76992467 7.4258039 -7.11619421
v 6.01056836 8.2444135 -6.97399244
v 5.95649404 8.2409277 -6.95200501
v 5.71585033 7.4223184 -7.09420677
v 5.72137651 7.42548633 -7.13709422
v 5.96202022 8.2440958 -6.99489252
v 5.96202022 8.2440958 -6.99489252
v 5.72137651 7.42548633 -7.13709422
v 5.91290191 8.18424952 -7.02269537
v 6.05208012 8.18424952 -6.23337706
v 6.05208012 8.2593056 -6.23337706
v 5.91290191 8.2593056 -7.02269537
v 6.05208012 8.18424952 -6.23337706
v 7.01397113 8.18424952 -6.40298451
v 7.01397113 8.2593056 -6.40298451
v 6.05208012 8.2593056 -6.23337706
v 6.1238957 8.2593056 -6.33594035
v 6.01546521 8.2593056 -6.95087976
v 6.91140778 8.2593056 -6.47480008
v 6.1238957 8.2593056 -6.33594035
v 6.91140778 8.2593056 -6.47480008
v 6.91346591 8.18424952 -6.47335906
v 6.12245463 8.18424952 -6.33388233
v 6.1238957 8.2593056 -6.33594035
v 6.1238957 8.2593056 -6.33594035
v 6.12245463 8.18424952 -6.33388233
v 6.01340722 8.18424952 -6.95232081
v 6.01546521 8.2593056 -6.95087976
v 6.01340722 8.18424952 -6.95232081
v 6.80441845 8.18424952 -7.09179753
v 6.80297729 8.2593056 -7.08973949
v 6.80297729 8.2593056 -7.08973949
v 6.80441845 8.18424952 -7.09179753
v 6.91346591 8.18424952 -6.47335906
v 6.91140778 8.2593056 -6.47480008
v 6.87479292 8.18424952 -7.19230283
v 6.87479292 8.2593056 -7.19230283
v 7.01397113 8.18424952 -6.40298451
v 6.87479292 8.18424952 -7.19230283
v 6.87479292 8.2593056 -7.19230283
v 7.01397113 8.2593056 -6.40298451
v 6.80297729 8.2593056 -7.08973949
v 6.91140778 8.2593056 -6.47480008
v 6.01546521 8.2593056 -6.95087976
v 6.80297729 8.2593056 -7.08973949
vn 0.13208 0.93855 -0.31887
vn 0.13208 0.93855 -0.31887
vn 0.05961 0.98779 -0.1439
vn 0.31887 0.93855 0.13208
vn 0.31887 0.93855 0.13208
vn 0.1439 0.98779 0.05961
vn -0.13208 0.93855 0.31887
vn -0.13208 0.93855 0.31887
vn -0.05961 0.98779 0.1439
vn -0.34514 0.93855 -0
vn -0.34514 0.93855 -0
vn -0.15576 0.98779 -0
vn -0.31887 0.93855 -0.13208
vn -0.31887 0.93855 -0.13208
vn -0.1439 0.98779 -0.05961
vn -0 0.93855 -0.34514
vn -0 0.93855 -0.34514
vn 0 0.98779 -0.15576
vn 0.34514 0.93855 0
vn 0.34514 0.93855 0
vn 0.15576 0.98779 0
vn 0 0.93855 0.34514
vn 0 0.93855 0.34515
vn 0 0.98779 0.15576
vn 0.13208 0.93855 0.31887
vn 0.13208 0.93855 0.31887
vn 0.05961 0.98779 0.1439
vn -0.31887 0.93855 0.13208
vn -0.31887 0.93855 0.13208
vn -0.1439 0.9878 0.05961
vn -0.24406 0.93855 -0.24405
vn -0.24406 0.93855 -0.24405
vn -0.11014 0.98779 -0.11014
vn 0.31887 0.93855 -0.13208
vn 0.31887 0.93855 -0.13208
vn 0.1439 0.98779 -0.05961
vn 0.24405 0.93855 -0.24406
vn 0.24405 0.93855 -0.24405
vn 0.11014 0.98779 -0.11014
vn 0.24406 0.93855 0.24405
vn 0.24406 0.93855 0.24405
vn 0.11014 0.98779 0.11014
vn -0.24405 0.93855 0.24405
vn -0.24405 0.93855 0.24405
vn -0.11014 0.98779 0.11014
vn -0.13208 0.93855 -0.31887
vn -0.13208 0.93855 -0.31887
vn -0.05961 0.98779 -0.1439
vn 0.60408 -0.51977 -0.60409
vn 0.56002 -0.61053 -0.56002
vn 0.56211 -0.60669 -0.56211
vn 0.87992 -0.47511 -0
vn 0.80562 -0.59243 -0
vn 0.80905 -0.58774 -0
vn 0.63259 -0.44684 0.63259
vn 0.57685 -0.57835 0.57685
vn 0.57773 -0.57659 0.57773
vn -0.58582 -0.56003 -0.58582
vn -0.55319 -0.62287 -0.55319
vn -0.55273 -0.62368 -0.55273
vn 0 -0.45482 0.89058
vn 0 -0.57801 0.81603
vn 0 -0.58078 0.81406
vn -0.6151 -0.49326 0.6151
vn -0.56983 -0.59211 0.56983
vn -0.5675 -0.59656 0.5675
vn -0.7706 -0.55163 -0.31919
vn -0.72619 -0.6182 -0.3008
vn -0.7248 -0.62011 -0.30022
vn -0.84399 -0.53636 -0
vn -0.79175 -0.61084 -0
vn -0.78943 -0.61384 -0
vn 0.32223 -0.53942 -0.77794
vn 0.30092 -0.61779 -0.72649
vn 0.30172 -0.61513 -0.72841
vn 0.80159 -0.49721 -0.33203
vn 0.73794 -0.60168 -0.30566
vn 0.74115 -0.59703 -0.307
vn 0.82165 -0.45722 0.34034
vn 0.74985 -0.58417 0.3106
vn 0.7523 -0.58047 0.31161
vn 0.34252 -0.44598 0.82691
vn 0.31279 -0.57612 0.75514
vn 0.31262 -0.57676 0.75473
vn -0.33745 -0.47163 0.81467
vn -0.31073 -0.5837 0.75016
vn -0.30959 -0.58781 0.74742
vn -0.79138 -0.516 0.3278
vn -0.73792 -0.6017 0.30566
vn -0.73516 -0.60565 0.30451
vn -0.31687 -0.56071 -0.76498
vn -0.29893 -0.62436 -0.72168
vn -0.29901 -0.62409 -0.72188
vn -0 -0.62579 -0.77999
vn -0 -0.62554 -0.7802
vn -0 -0.62116 -0.78368
vn -0 -0.62258 -0.78255
vn 0.77843 -0.62774 -0
vn 0.77844 -0.62771 -0
vn 0.55083 -0.62703 0.55083
vn 0.55095 -0.62683 0.55095
vn 0 -0.62541 0.7803
vn 0 -0.62515 0.7805
vn -0.55266 -0.62381 0.55266
vn -0.55275 -0.62365 0.55275
vn -0.72231 -0.62351 -0.29919
vn -0.72239 -0.62339 -0.29922
vn 0.55078 -0.62712 -0.55078
vn 0.55069 -0.62729 -0.55069
vn -0.78207 -0.62319 -0
vn -0.78205 -0.62321 -0
vn 0.71922 -0.62767 -0.29791
vn 0.71928 -0.62759 -0.29794
vn 0.71941 -0.62742 0.29799
vn 0.71932 -0.62754 0.29795
vn 0.29841 -0.62603 0.72044
vn 0.29834 -0.62628 0.72025
vn -0.29884 -0.62466 -0.72145
vn -0.29876 -0.62491 -0.72127
vn -0.29894 -0.62431 0.72171
vn -0.29887 -0.62454 0.72154
vn -0.72249 -0.62326 0.29926
vn -0.72243 -0.62334 0.29924
vn -0 -0.40367 -0.9149
vn -0 -0.40345 -0.915
vn 0.29823 -0.62663 -0.72
vn 0.2983 -0.6264 -0.72017
vn -0.55249 -0.6241 -0.55249
vn -0.5526 -0.62391 -0.5526
vn 0.64681 -0.40407 -0.64681
vn 0.64685 -0.40393 -0.64685
vn 0.7041 -0.09218 -0.7041
vn 0.7041 -0.09218 -0.7041
vn 0.69492 0.18481 -0.69493
vn 0.69492 0.18481 -0.69493
vn 0.9147 -0.40414 -0
vn 0.91469 -0.40416 -0
vn 0.64688 -0.40384 0.64688
vn 0.64683 -0.40401 0.64683
vn -0.64716 -0.40294 0.64716
vn -0.64712 -0.40308 0.64712
vn -0.84554 -0.40298 -0.35024
vn -0.84558 -0.40288 -0.35025
vn -0.64709 -0.40317 -0.64709
vn -0.64714 -0.403 -0.64714
vn 0 -0.40334 0.91505
vn 0 -0.40356 0.91495
vn -0.91526 -0.40287 -0
vn -0.91527 -0.40285 -0
vn 0.35008 -0.4039 -0.84517
vn 0.35011 -0.40371 -0.84525
vn 0.84506 -0.40416 -0.35004
vn 0.84509 -0.40409 -0.35005
vn 0.84511 -0.40403 0.35006
vn 0.84507 -0.40413 0.35004
vn 0.35013 -0.4036 0.84529
vn 0.3501 -0.40381 0.84521
vn -0.35016 -0.40341 -0.84537
vn -0.3502 -0.4032 -0.84545
vn -0.35021 -0.40311 0.84549
vn -0.35018 -0.4033 0.84541
vn -0.84559 -0.40285 0.35026
vn -0.84557 -0.40292 0.35025
vn -0 -0.09218 -0.99574
vn -0 0.18481 -0.98277
vn -0 0.18481 -0.98277
vn -0 -0.09218 -0.99574
vn 0.63046 0.45282 -0.63046
vn 0.63046 0.45282 -0.63046
vn 0.48093 0.73308 -0.48093
vn 0.48093 0.73308 -0.48093
vn 0.99574 -0.09218 -0
vn 0.99574 -0.09218 -0
vn 0.98277 0.18481 -0
vn 0.98277 0.18481 -0
vn 0.7041 -0.09218 0.7041
vn 0.7041 -0.09218 0.7041
vn 0.69493 0.18481 0.69493
vn 0.69493 0.18481 0.69493
vn -0.91995 -0.09218 -0.38105
vn -0.90797 0.18481 -0.37609
vn -0.91995 -0.09218 -0.38105
vn -0.7041 -0.09218 -0.7041
vn -0.7041 -0.09218 -0.7041
vn -0.69493 0.18481 -0.69493
vn 0 -0.09218 0.99574
vn 0 -0.09218 0.99574
vn 0 0.18481 0.98277
vn -0.7041 -0.09218 0.7041
vn -0.7041 -0.09218 0.7041
vn -0.69493 0.18481 0.69493
vn -0.69493 0.18481 0.69493
vn -0.99574 -0.09218 -0
vn -0.99574 -0.09218 -0
vn -0.98277 0.18481 -0
vn -0.98277 0.18481 -0
vn 0.38105 -0.09218 -0.91995
vn 0.38105 -0.09218 -0.91995
vn 0.37609 0.18481 -0.90797
vn 0.37609 0.18481 -0.90797
vn 0.91995 -0.09218 -0.38106
vn 0.91995 -0.09218 -0.38106
vn 0.90796 0.18481 -0.37609
vn 0.91995 -0.09218 0.38105
vn 0.91995 -0.09218 0.38105
vn 0.90797 0.18481 0.37609
vn 0.90797 0.18481 0.37609
vn 0.38105 -0.09218 0.91995
vn 0.38105 -0.09218 0.91995
vn 0.37609 0.18481 0.90796
vn 0.37609 0.18481 0.90796
vn -0.38105 -0.09218 0.91995
vn -0.38105 -0.09218 0.91995
vn -0.37609 0.18481 0.90797
vn -0.37609 0.18481 0.90797
vn -0.91995 -0.09218 0.38105
vn -0.91995 -0.09218 0.38105
vn -0.90797 0.18481 0.37609
vn -0.90797 0.18481 0.37609
vn -0.38105 -0.09218 -0.91995
vn -0.38105 -0.09218 -0.91995
vn -0.37609 0.18481 -0.90797
vn -0.37609 0.18481 -0.90797
vn -0 0.45282 -0.8916
vn -0 0.73308 -0.68014
vn -0 0.73308 -0.68014
vn 0.8916 0.45282 -0
vn 0.8916 0.45282 -0
vn 0.68014 0.73308 0
vn 0.68014 0.73308 0
vn 0.63046 0.45282 0.63046
vn 0.63046 0.45282 0.63046
vn 0.48093 0.73308 0.48093
vn 0.48093 0.73308 0.48093
vn -0.63046 0.45282 -0.63046
vn -0.63046 0.45282 -0.63046
vn -0.48093 0.73308 -0.48093
vn -0.48093 0.73308 -0.48093
vn 0 0.45282 0.8916
vn 0 0.45282 0.8916
vn 0 0.73308 0.68014
vn 0 0.73308 0.68014
vn -0.63046 0.45282 0.63046
vn -0.63046 0.45282 0.63046
vn -0.48093 0.73308 0.48093
vn -0.48093 0.73308 0.48093
vn -0.82373 0.45282 -0.3412
vn -0.62837 0.73308 -0.26028
vn -0.62837 0.73308 -0.26028
vn -0.82373 0.45282 -0.3412
vn -0.8916 0.45282 -0
vn -0.8916 0.45282 -0
vn -0.68014 0.73308 -0
vn -0.68014 0.73308 -0
vn 0.3412 0.45282 -0.82373
vn 0.3412 0.45282 -0.82373
vn 0.26028 0.73308 -0.62837
vn 0.26028 0.73308 -0.62837
vn 0.82373 0.45282 -0.3412
vn 0.82373 0.45282 -0.3412
vn 0.62837 0.73308 -0.26028
vn 0.62837 0.73308 -0.26028
vn 0.82373 0.45282 0.3412
vn 0.82373 0.45282 0.3412
vn 0.62837 0.73308 0.26028
vn 0.62837 0.73308 0.26028
vn 0.3412 0.45282 0.82373
vn 0.26028 0.73308 0.62837
vn 0.26028 0.73308 0.62837
vn -0.3412 0.45282 0.82373
vn -0.3412 0.45282 0.82373
vn -0.26028 0.73308 0.62837
vn -0.26028 0.73308 0.62837
vn -0.82373 0.45282 0.3412
vn -0.62837 0.73308 0.26028
vn -0.62837 0.73308 0.26028
vn -0.3412 0.45282 -0.82373
vn -0.26028 0.73308 -0.62837
vn -0.26028 0.73308 -0.62837
vn -0 -0.5536 -0.83278
vn 0.66208 0.23661 0.7111
vn 0.12138 0.21999 0.96792
vn 0.06216 0.21372 0.97492
vn -0.50894 0.11332 0.85331
vn -0.06216 -0.21372 -0.97492
vn -0.12138 -0.21999 -0.96792
vn -0.66208 -0.23661 -0.7111
vn 0.11986 0.28686 -0.95044
vn 0.66085 0.28649 -0.69368
vn 0.70399 0.28054 -0.65246
vn -0.70398 -0.28054 0.65246
vn -0.97571 -0.17044 0.13763
vn -0.66085 -0.28649 0.69369
vn 0.97571 0.17043 -0.13762
vn -0.11986 -0.28686 0.95044
vn 0.50893 -0.11332 -0.85332
vn 0.79898 -0.31439 -0.51264
vn 0.766 -0.31099 -0.56261
vn 0.3012 -0.21754 -0.92842
vn 0.9062 -0.36448 0.21436
vn 0.91921 -0.36159 0.1559
vn 0.86268 -0.26293 -0.43203
vn -0.86268 0.26293 0.43203
vn -0.91921 0.36159 -0.1559
vn -0.9062 0.36448 -0.21437
vn -0.60893 0.3217 -0.72506
vn -0.3012 0.21754 0.92842
vn -0.766 0.31099 0.5626
vn -0.79898 0.31439 0.51263
vn -0.95651 0.28593 -0.05779
vn 0.95651 -0.28593 0.05778
vn 0.60894 -0.3217 0.72506
vn 0.90631 -0.32173 0.27403
vn 0.89247 -0.15279 -0.42445
vn 0.94508 -0.20853 -0.25168
vn 0.56079 0.03639 -0.82716
vn 0.24015 -0.28271 -0.92865
vn -0.44846 -0.08038 -0.89018
vn -0.27977 -0.14153 -0.94958
vn -0.89247 0.15279 0.42445
vn -0.94508 0.20852 0.25169
vn -0.56079 -0.03639 0.82716
vn -0.8347 0.10934 -0.53974
vn 0.44846 0.08038 0.89018
vn 0.27978 0.14153 0.94958
vn 0.8347 -0.10934 0.53975
vn -0.90632 0.32172 -0.27402
vn -0.24014 0.28271 0.92866
vn -0.28311 -0.29904 0.91127
vn 0.41067 -0.11133 0.90496
vn 0.23847 -0.17007 0.95614
vn -0.41067 0.11133 -0.90496
vn -0.23847 0.17006 -0.95614
vn -0.81459 -0.07788 -0.57478
vn 0.81459 0.07788 0.57478
vn 0.2831 0.29904 -0.91128
vn -0.91782 -0.29663 -0.26386
vn -0.89005 -0.13404 0.43571
vn -0.94644 -0.18697 0.26325
vn 0.89005 0.13404 -0.43571
vn 0.94643 0.18697 -0.26326
vn 0.54818 -0.04336 -0.83524
vn -0.54817 0.04336 0.83524
vn 0.91782 0.29663 0.26385
vn 1 0 0
vn 0 0 -1
vn 0 1 0
vn 0 -0.02366 0.99972
vn -0.99972 -0.02366 -0
vn 0 -0.02366 -0.99972
vn 0.99972 -0.02366 0
vn 0 0 1
vn -1 0 0
vt 0.26189 0.34674
vt 0.38402 0.36771
vt 0.38299 0.04945
vt 0.50514 0.34665
vt 0.75509 0.9887
vt 0.81441 0.99557
vt 0.85576 0.82383
vt 0.7538 0.81155
vt 0.65144 0.82421
vt 0.69613 0.99565
vt 0.91858 0.57372
vt 0.75237 0.55549
vt 0.58755 0.57426
vt 0.97715 0.28057
vt 0.75008 0.26881
vt 0.38605 0.9881
vt 0.62869 0.98916
vt 0.62295 0.82826
vt 0.38731 0.83874
vt 0.52594 0.28361
vt 0.38604 0.70381
vt 0.60415 0.68481
vt 0.5659 0.51991
vt 0.38501 0.54476
vt 0.15128 0.83211
vt 0.14754 0.99292
vt 0.20288 0.52204
vt 0.16723 0.68807
vt 0.74885 0.11397
vt 0.51034 0.11878
vt 0.98856 0.11503
vt 0.29937 0.01137
vt 0.29937 0.14622
vt 0.29228 0.14509
vt 0.29228 0.01024
vt 0.28451 0.14566
vt 0.28451 0.01081
vt 0.27742 0.14679
vt 0.27742 0.01194
vt 0.29937 0.01136
vt 0.29937 0.14622
vt 0.29228 0.14509
vt 0.29228 0.01024
vt 0.27742 0.14679
vt 0.26966 0.14622
vt 0.26966 0.01136
vt 0.27742 0.01194
vt 0.28451 0.01081
vt 0.26966 0.01137
vt 0.27742 0.01193
vt 0.28451 0.01081
vt 0.27742 0.14679
vt 0.27742 0.01193
vt 0.28451 0.01081
vt 0.29937 0.01136
vt 0.29937 0.14622
vt 0.29228 0.14509
vt 0.29228 0.01024
vt 0.29937 0.01136
vt 0.29228 0.14509
vt 0.29228 0.01024
vt 0.26966 0.01136
vt 0.26966 0.01136
vt 0.28488 0.00742
vt 0.28525 0.14555
vt 0.29216 0.14593
vt 0.2918 0.00781
vt 0.30015 0.14866
vt 0.29978 0.01054
vt 0.28488 0.00742
vt 0.28525 0.14555
vt 0.29216 0.14593
vt 0.2918 0.00781
vt 0.27691 0.0102
vt 0.27728 0.14832
vt 0.29978 0.01054
vt 0.27691 0.0102
vt 0.27728 0.14832
vt 0.27 0.01062
vt 0.27037 0.14874
vt 0.27037 0.14874
vt 0.28488 0.00742
vt 0.28525 0.14555
vt 0.29216 0.14593
vt 0.27691 0.0102
vt 0.27728 0.14832
vt 0.30015 0.14866
vt 0.27 0.01062
vt 0.28489 0.00742
vt 0.27691 0.0102
vt 0.29978 0.01054
vt 0.27 0.01062
vt 0.23071 0.14961
vt 0.2307 0.00852
vt 0.24394 0.00836
vt 0.24394 0.14969
vt 0.23071 0.32191
vt 0.24397 0.32192
vt 0.25955 0.02397
vt 0.25955 0.13408
vt 0.25958 0.3063
vt 0.25958 0.1653
vt 0.23073 0.3216
vt 0.24394 0.14969
vt 0.24391 0.32191
vt 0.23067 0.32159
vt 0.24391 0.32191
vt 0.25955 0.13408
vt 0.25952 0.16529
vt 0.25952 0.3063
usemtl mat2
f 1053/409/877 1054/410/878 1055/411/879
f 1056/409/880 1057/410/881 1055/411/882
f 1058/409/883 1059/410/884 1055/411/885
f 1060/410/886 1061/412/887 1055/411/888
f 1062/409/889 1060/410/890 1055/411/891
f 1054/410/892 1063/412/893 1055/411/894
f 1057/410/895 1064/412/896 1055/411/897
f 1059/410/898 1065/412/899 1055/411/900
f 1066/409/901 1067/410/902 1055/411/903
f 1068/409/904 1069/410/905 1055/411/906
f 1070/410/907 1071/412/908 1055/411/909
f 1072/409/910 1073/410/911 1055/411/912
f 1073/410/913 1074/412/914 1055/411/915
f 1067/410/916 1075/412/917 1055/411/918
f 1069/410/919 1076/412/920 1055/411/921
f 1077/409/922 1070/410/923 1055/411/924
f 1078/413/925 1079/414/925 1080/415/926
f 1078/413/925 1080/415/926 1081/416/927
f 1082/413/928 1083/414/928 1084/415/929
f 1082/413/928 1084/415/929 1085/416/930
f 1086/413/931 1087/414/931 1088/415/932
f 1086/413/931 1088/415/932 1089/416/933
f 1090/413/934 1091/414/934 1092/415/935
f 1090/413/934 1092/415/935 1093/416/936
f 1094/413/937 1095/414/937 1096/415/938
f 1094/413/937 1096/415/938 1097/416/939
f 1098/413/940 1099/414/940 1100/415/941
f 1098/413/940 1100/415/941 1101/416/942
f 1102/413/943 1103/416/944 1104/417/945
f 1102/413/943 1104/417/945 1105/418/943
f 1102/413/946 1106/414/946 1107/415/947
f 1102/413/946 1107/415/947 1103/416/948
f 1108/418/949 1109/413/949 1110/416/950
f 1108/418/949 1110/416/950 1111/417/951
f 1112/418/952 1078/413/952 1081/416/953
f 1112/418/952 1081/416/953 1113/417/954
f 1114/418/955 1082/413/955 1085/416/956
f 1114/418/955 1085/416/956 1115/417/957
f 1116/418/958 1086/413/958 1089/416/959
f 1116/418/958 1089/416/959 1117/417/960
f 1118/418/961 1094/413/961 1097/416/962
f 1118/418/961 1097/416/962 1119/417/963
f 1120/418/964 1098/413/964 1101/416/965
f 1120/418/964 1101/416/965 1121/417/966
f 1122/418/967 1090/413/967 1093/416/968
f 1122/418/967 1093/416/968 1123/417/969
f 1124/419/970 1125/420/971 1110/416/972
f 1124/419/970 1110/416/972 1126/415/973
f 1127/420/974 1085/416/930 1084/415/929
f 1127/420/974 1084/415/929 1128/419/975
f 1129/420/976 1089/416/933 1088/415/932
f 1129/420/976 1088/415/932 1130/419/977
f 1131/420/978 1097/416/939 1096/415/938
f 1131/420/978 1096/415/938 1132/419/979
f 1133/420/980 1101/416/942 1100/415/941
f 1133/420/980 1100/415/941 1134/419/981
f 1135/420/982 1136/421/983 1104/417/945
f 1135/420/982 1104/417/945 1103/416/944
f 1137/420/984 1081/416/927 1080/415/926
f 1137/420/984 1080/415/926 1138/419/985
f 1135/420/986 1103/416/948 1107/415/947
f 1135/420/986 1107/415/947 1139/419/987
f 1081/416/953 1137/420/988 1140/421/989
f 1081/416/953 1140/421/989 1113/417/954
f 1085/416/956 1127/420/990 1141/421/991
f 1085/416/956 1141/421/991 1115/417/957
f 1089/416/959 1129/420/992 1142/421/993
f 1089/416/959 1142/421/993 1117/417/960
f 1143/421/994 1123/417/969 1093/416/968
f 1143/421/994 1093/416/968 1144/420/995
f 1097/416/962 1131/420/996 1145/421/997
f 1097/416/962 1145/421/997 1119/417/963
f 1101/416/965 1133/420/998 1146/421/999
f 1101/416/965 1146/421/999 1121/417/966
f 1124/419/970 1147/422/1000 1148/423/1001
f 1124/419/970 1148/423/1001 1125/420/971
f 1110/416/950 1125/420/1002 1149/421/1003
f 1110/416/950 1149/421/1003 1111/417/951
f 1092/415/935 1150/419/1004 1144/420/1005
f 1092/415/935 1144/420/1005 1093/416/936
f 1137/420/984 1138/419/985 1151/422/1006
f 1137/420/984 1151/422/1006 1152/423/1007
f 1153/424/1008 1154/425/1009 1155/426/1010
f 1153/424/1008 1155/426/1010 1156/427/1011
f 1127/420/974 1128/419/975 1157/422/1012
f 1127/420/974 1157/422/1012 1158/423/1013
f 1129/420/976 1130/419/977 1159/422/1014
f 1129/420/976 1159/422/1014 1160/423/1015
f 1133/420/980 1134/419/981 1161/422/1016
f 1133/420/980 1161/422/1016 1162/423/1017
f 1135/420/982 1163/423/1018 1164/428/1019
f 1135/420/982 1164/428/1019 1136/421/983
f 1144/420/1005 1150/419/1004 1165/422/1020
f 1144/420/1005 1165/422/1020 1166/423/1021
f 1131/420/978 1132/419/979 1167/422/1022
f 1131/420/978 1167/422/1022 1168/423/1023
f 1135/420/986 1139/419/987 1169/422/1024
f 1135/420/986 1169/422/1024 1163/423/1025
f 1149/421/1003 1125/420/1002 1148/423/1026
f 1149/421/1003 1148/423/1026 1170/428/1027
f 1140/421/989 1137/420/988 1152/423/1028
f 1140/421/989 1152/423/1028 1171/428/1029
f 1141/421/991 1127/420/990 1158/423/1030
f 1141/421/991 1158/423/1030 1172/428/1031
f 1142/421/993 1129/420/992 1160/423/1032
f 1142/421/993 1160/423/1032 1173/428/1033
f 1143/421/994 1144/420/995 1166/423/1034
f 1143/421/994 1166/423/1034 1174/428/1035
f 1145/421/997 1131/420/996 1168/423/1036
f 1145/421/997 1168/423/1036 1175/428/1037
f 1146/421/999 1133/420/998 1162/423/1038
f 1146/421/999 1162/423/1038 1176/428/1039
f 1177/425/1040 1178/426/1041 1179/427/1042
f 1177/425/1040 1179/427/1042 1180/424/1043
f 1181/429/1044 1182/430/1045 1183/431/1046
f 1181/429/1044 1183/431/1046 1184/432/1047
f 1185/424/1048 1186/425/1049 1187/426/1050
f 1185/424/1048 1187/426/1050 1188/427/1051
f 1189/424/1052 1190/425/1053 1191/426/1054
f 1189/424/1052 1191/426/1054 1192/427/1055
f 1193/424/1056 1194/427/1057 1195/433/1057
f 1193/424/1056 1195/433/1057 1196/434/1058
f 1197/424/1059 1198/425/1060 1199/426/1061
f 1197/424/1059 1199/426/1061 1200/427/1061
f 1201/424/1062 1202/425/1063 1203/426/1064
f 1201/424/1062 1203/426/1064 1204/427/1064
f 1205/424/1065 1206/425/1066 1207/426/1067
f 1205/424/1065 1207/426/1067 1208/427/1068
f 1193/424/1069 1209/425/1070 1210/426/1071
f 1193/424/1069 1210/426/1071 1194/427/1072
f 1211/434/1073 1180/424/1074 1179/427/1075
f 1211/434/1073 1179/427/1075 1212/433/1076
f 1213/434/1077 1153/424/1078 1156/427/1079
f 1213/434/1077 1156/427/1079 1214/433/1079
f 1215/434/1080 1185/424/1081 1188/427/1082
f 1215/434/1080 1188/427/1082 1216/433/1083
f 1217/434/1084 1189/424/1085 1192/427/1086
f 1217/434/1084 1192/427/1086 1218/433/1087
f 1219/434/1088 1201/424/1089 1204/427/1090
f 1219/434/1088 1204/427/1090 1220/433/1091
f 1221/434/1092 1205/424/1093 1208/427/1094
f 1221/434/1092 1208/427/1094 1222/433/1095
f 1223/434/1096 1197/424/1097 1200/427/1098
f 1223/434/1096 1200/427/1098 1224/433/1099
f 1225/430/1100 1226/431/1101 1227/432/1102
f 1225/430/1100 1227/432/1102 1228/429/1100
f 1184/432/1047 1183/431/1046 1074/412/914
f 1184/432/1047 1074/412/914 1073/410/913
f 1229/429/1103 1230/430/1104 1231/431/1105
f 1229/429/1103 1231/431/1105 1232/432/1106
f 1233/429/1107 1234/430/1108 1235/431/1109
f 1233/429/1107 1235/431/1109 1236/432/1110
f 1237/429/1111 1238/430/1112 1239/431/1113
f 1237/429/1111 1239/431/1113 1240/432/1114
f 1241/429/1115 1242/430/1116 1243/431/1117
f 1241/429/1115 1243/431/1117 1244/432/1118
f 1245/429/1119 1246/430/1120 1247/431/1121
f 1245/429/1119 1247/431/1121 1248/432/1122
f 1249/429/1123 1250/432/1124 1251/435/1125
f 1249/429/1123 1251/435/1125 1252/436/1126
f 1249/429/1127 1253/430/1128 1254/431/1129
f 1249/429/1127 1254/431/1129 1250/432/1130
f 1255/436/1131 1228/429/1132 1227/432/1133
f 1255/436/1131 1227/432/1133 1256/435/1134
f 1257/436/1135 1181/429/1136 1184/432/1137
f 1257/436/1135 1184/432/1137 1258/435/1138
f 1259/436/1139 1229/429/1140 1232/432/1141
f 1259/436/1139 1232/432/1141 1260/435/1142
f 1261/436/1143 1233/429/1143 1236/432/1144
f 1261/436/1143 1236/432/1144 1262/435/1145
f 1263/436/1146 1241/429/1147 1244/432/1148
f 1263/436/1146 1244/432/1148 1264/435/1149
f 1265/436/1150 1245/429/1150 1248/432/1151
f 1265/436/1150 1248/432/1151 1266/435/1152
f 1267/436/1153 1237/429/1153 1240/432/1154
f 1267/436/1153 1240/432/1154 1268/435/1155
f 1226/431/1101 1063/412/893 1054/410/892
f 1226/431/1101 1054/410/892 1227/432/1102
f 1220/433/1091 1204/427/1090 1241/429/1147
f 1220/433/1091 1241/429/1147 1263/436/1146
f 1232/432/1106 1231/431/1105 1064/412/896
f 1232/432/1106 1064/412/896 1057/410/895
f 1236/432/1110 1235/431/1109 1075/412/917
f 1236/432/1110 1075/412/917 1067/410/916
f 1244/432/1118 1243/431/1117 1065/412/899
f 1244/432/1118 1065/412/899 1059/410/898
f 1248/432/1122 1247/431/1121 1076/412/920
f 1248/432/1122 1076/412/920 1069/410/919
f 1250/432/1124 1060/410/890 1062/409/889
f 1250/432/1124 1062/409/889 1251/435/1125
f 1240/432/1114 1239/431/1113 1071/412/908
f 1240/432/1114 1071/412/908 1070/410/907
f 1250/432/1130 1254/431/1129 1061/412/887
f 1250/432/1130 1061/412/887 1060/410/886
f 1256/435/1134 1227/432/1133 1054/410/878
f 1256/435/1134 1054/410/878 1053/409/877
f 1258/435/1138 1184/432/1137 1073/410/911
f 1258/435/1138 1073/410/911 1072/409/910
f 1260/435/1142 1232/432/1141 1057/410/881
f 1260/435/1142 1057/410/881 1056/409/880
f 1262/435/1145 1236/432/1144 1067/410/902
f 1262/435/1145 1067/410/902 1066/409/901
f 1266/435/1152 1248/432/1151 1069/410/905
f 1266/435/1152 1069/410/905 1068/409/904
f 1268/435/1155 1240/432/1154 1070/410/923
f 1268/435/1155 1070/410/923 1077/409/922
f 1264/435/1149 1244/432/1148 1059/410/884
f 1264/435/1149 1059/410/884 1058/409/883
f 1269/414/1156 1126/415/973 1110/416/972
f 1269/414/1156 1110/416/972 1109/413/1156
f 1218/433/1087 1192/427/1086 1233/429/1143
f 1218/433/1087 1233/429/1143 1261/436/1143
f 1216/433/1083 1188/427/1082 1229/429/1140
f 1216/433/1083 1229/429/1140 1259/436/1139
f 1214/433/1079 1156/427/1079 1181/429/1136
f 1214/433/1079 1181/429/1136 1257/436/1135
f 1212/433/1076 1179/427/1075 1228/429/1132
f 1212/433/1076 1228/429/1132 1255/436/1131
f 1194/427/1072 1210/426/1071 1253/430/1128
f 1194/427/1072 1253/430/1128 1249/429/1127
f 1194/427/1057 1249/429/1123 1252/436/1126
f 1194/427/1057 1252/436/1126 1195/433/1057
f 1208/427/1068 1207/426/1067 1246/430/1120
f 1208/427/1068 1246/430/1120 1245/429/1119
f 1204/427/1064 1203/426/1064 1242/430/1116
f 1204/427/1064 1242/430/1116 1241/429/1115
f 1200/427/1061 1199/426/1061 1238/430/1112
f 1200/427/1061 1238/430/1112 1237/429/1111
f 1192/427/1055 1191/426/1054 1234/430/1108
f 1192/427/1055 1234/430/1108 1233/429/1107
f 1188/427/1051 1187/426/1050 1230/430/1104
f 1188/427/1051 1230/430/1104 1229/429/1103
f 1178/426/1041 1225/430/1100 1228/429/1100
f 1178/426/1041 1228/429/1100 1179/427/1042
f 1156/427/1011 1155/426/1010 1182/430/1045
f 1156/427/1011 1182/430/1045 1181/429/1044
f 1174/428/1035 1166/423/1034 1270/437/1097
f 1174/428/1035 1270/437/1097 1271/438/1096
f 1176/428/1039 1162/423/1038 1272/437/1093
f 1176/428/1039 1272/437/1093 1273/438/1092
f 1175/428/1037 1168/423/1036 1274/437/1089
f 1175/428/1037 1274/437/1089 1275/438/1088
f 1173/428/1033 1160/423/1032 1276/437/1085
f 1173/428/1033 1276/437/1085 1277/438/1084
f 1172/428/1031 1158/423/1030 1278/437/1081
f 1172/428/1031 1278/437/1081 1279/438/1080
f 1171/428/1029 1152/423/1028 1280/437/1078
f 1171/428/1029 1280/437/1078 1281/438/1077
f 1170/428/1027 1148/423/1026 1282/437/1074
f 1170/428/1027 1282/437/1074 1283/438/1073
f 1163/423/1025 1169/422/1024 1284/439/1070
f 1163/423/1025 1284/439/1070 1285/437/1069
f 1162/423/1017 1161/422/1016 1286/439/1066
f 1162/423/1017 1286/439/1066 1272/437/1065
f 1168/423/1023 1167/422/1022 1287/439/1063
f 1168/423/1023 1287/439/1063 1274/437/1062
f 1166/423/1021 1165/422/1020 1288/439/1060
f 1166/423/1021 1288/439/1060 1270/437/1059
f 1163/423/1018 1285/437/1056 1289/438/1058
f 1163/423/1018 1289/438/1058 1164/428/1019
f 1160/423/1015 1159/422/1014 1290/439/1053
f 1160/423/1015 1290/439/1053 1276/437/1052
f 1158/423/1013 1157/422/1012 1291/439/1049
f 1158/423/1013 1291/439/1049 1278/437/1048
f 1147/422/1000 1292/439/1040 1282/437/1043
f 1147/422/1000 1282/437/1043 1148/423/1001
f 1152/423/1007 1151/422/1006 1293/439/1009
f 1152/423/1007 1293/439/1009 1280/437/1008
f 1222/433/1095 1208/427/1094 1245/429/1150
f 1222/433/1095 1245/429/1150 1265/436/1150
f 1224/433/1099 1200/427/1098 1237/429/1153
f 1224/433/1099 1237/429/1153 1267/436/1153
f 1294/440/1157 1295/441/1157 1296/442/1158
f 1294/440/1157 1296/442/1158 1297/443/1159
f 1298/444/1160 1299/445/1160 1297/443/1159
f 1298/444/1160 1297/443/1159 1296/442/1158
f 1300/446/1161 1301/447/1162 1299/445/1163
f 1300/446/1161 1299/445/1163 1298/444/1163
f 1302/448/1164 1303/449/1164 1304/450/1165
f 1302/448/1164 1304/450/1165 1305/451/1166
f 1306/452/1167 1307/453/1168 1308/454/1168
f 1306/452/1167 1308/454/1168 1309/455/1169
f 1310/444/1170 1311/456/1170 1305/451/1166
f 1310/444/1170 1305/451/1166 1304/450/1165
f 1306/452/1167 1309/455/1169 1311/456/1171
f 1306/452/1167 1311/456/1171 1310/444/1171
f 1300/446/1161 1312/453/1172 1313/457/1172
f 1300/446/1161 1313/457/1172 1301/447/1162
f 1314/452/1173 1315/458/1174 1316/459/1175
f 1314/452/1173 1316/459/1175 1317/444/1175
f 1318/460/1176 1319/461/1177 1320/462/1178
f 1318/460/1176 1320/462/1178 1321/444/1178
f 1322/463/1179 1323/464/1179 1324/465/1180
f 1322/463/1179 1324/465/1180 1325/466/1181
f 1321/444/1182 1320/462/1182 1325/466/1181
f 1321/444/1182 1325/466/1181 1324/465/1180
f 1326/467/1183 1327/441/1183 1328/468/1184
f 1326/467/1183 1328/468/1184 1329/469/1185
f 1317/444/1186 1316/459/1186 1329/469/1185
f 1317/444/1186 1329/469/1185 1328/468/1184
f 1314/452/1173 1330/453/1187 1331/470/1187
f 1314/452/1173 1331/470/1187 1315/458/1174
f 1318/460/1176 1332/453/1188 1333/471/1188
f 1318/460/1176 1333/471/1188 1319/461/1177
f 1334/472/1189 1335/473/1189 1336/474/1190
f 1334/472/1189 1336/474/1190 1337/475/1191
f 1338/476/1192 1339/477/1192 1337/475/1191
f 1338/476/1192 1337/475/1191 1336/474/1190
f 1340/478/1193 1341/479/1193 1342/480/1194
f 1340/478/1193 1342/480/1194 1343/481/1195
f 1344/482/1196 1345/483/1197 1335/473/1198
f 1344/482/1196 1335/473/1198 1334/472/1198
f 1346/476/1199 1347/484/1199 1343/481/1195
f 1346/476/1199 1343/481/1195 1342/480/1194
f 1348/485/1200 1349/486/1201 1341/479/1202
f 1348/485/1200 1341/479/1202 1340/478/1202
f 1344/482/1196 1350/487/1203 1351/488/1203
f 1344/482/1196 1351/488/1203 1345/483/1197
f 1348/485/1200 1352/487/1204 1353/489/1204
f 1348/485/1200 1353/489/1204 1349/486/1201
f 1354/490/1205 1355/491/1205 1356/492/1206
f 1354/490/1205 1356/492/1206 1357/475/1207
f 1358/493/1208 1359/494/1209 1355/491/1210
f 1358/493/1208 1355/491/1210 1354/490/1210
f 1360/495/1211 1361/477/1211 1357/475/1207
f 1360/495/1211 1357/475/1207 1356/492/1206
f 1358/493/1208 1362/496/1212 1363/488/1212
f 1358/493/1208 1363/488/1212 1359/494/1209
f 1364/497/1213 1365/473/1213 1366/474/1214
f 1364/497/1213 1366/474/1214 1367/475/1215
f 1368/498/1216 1369/483/1217 1365/473/1218
f 1368/498/1216 1365/473/1218 1364/497/1218
f 1370/476/1219 1371/499/1219 1367/475/1215
f 1370/476/1219 1367/475/1215 1366/474/1214
f 1368/498/1216 1372/500/1220 1373/488/1220
f 1368/498/1216 1373/488/1220 1369/483/1217
f 1374/501/1221 1375/502/1221 1376/503/1221
f 1374/501/1221 1376/503/1221 1377/504/1221
f 1378/501/1222 1379/505/1222 1380/506/1222
f 1378/501/1222 1380/506/1222 1381/504/1222
f 1382/507/1223 1383/508/1223 1377/504/1223
f 1382/507/1223 1377/504/1223 1376/503/1223
f 1384/509/1223 1385/510/1223 1381/504/1223
f 1384/509/1223 1381/504/1223 1380/506/1223
f 1386/511/1224 1387/506/1224 1388/504/1224
f 1386/511/1224 1388/504/1224 1389/501/1224
f 1390/502/1225 1391/503/1225 1392/512/1225
f 1390/502/1225 1392/512/1225 1393/501/1225
f 1393/501/1226 1394/504/1226 1395/513/1226
f 1393/501/1226 1395/513/1226 1396/514/1226
f 1397/501/1227 1398/504/1227 1399/503/1227
f 1397/501/1227 1399/503/1227 1400/502/1227
f 1401/505/1228 1374/501/1228 1377/504/1228
f 1401/505/1228 1377/504/1228 1402/515/1228
f 1403/502/1229 1404/501/1229 1405/512/1229
f 1403/502/1229 1405/512/1229 1406/503/1229
f 1407/516/1223 1408/507/1223 1406/503/1223
f 1407/516/1223 1406/503/1223 1405/512/1223
f 1409/517/1223 1410/518/1223 1402/515/1223
f 1409/517/1223 1402/515/1223 1377/504/1223
# Vertices: 358, normals: 353, texture coordinates: 110, faces: 360

o obj6
v 6.32446794 6.99691376 -6.00405389
v 6.18238457 7.28080529 -6.10298172
v 6.21867685 7.00907284 -5.89715809
v 6.21131195 6.71578042 -5.9389265
v 6.18238458 6.6515144 -6.10298166
v 6.27761037 6.71862471 -5.99579157
v 6.30042021 6.71357496 -6.12379461
v 6.34727782 6.99186429 -6.13205687
v 6.08270523 6.99691376 -5.96142457
v 6.12956281 6.71862471 -5.96968677
v 6.06434892 6.71357496 -6.08216884
v 6.0174913 6.99186429 -6.07390657
v 7.08006703 6.99691376 -6.13728649
v 6.93798364 7.28080529 -6.23621432
v 6.97427593 7.00907284 -6.03039069
v 6.96691102 6.71578042 -6.0721591
v 6.93798365 6.6515144 -6.23621426
v 7.03320944 6.71862471 -6.12902417
v 7.05601929 6.71357496 -6.2570272
v 7.10287691 6.99186429 -6.26528947
v 6.83830431 6.99691376 -6.09465717
v 6.88516188 6.71862471 -6.10291937
v 6.819948 6.71357496 -6.21540144
v 6.77309039 6.99186429 -6.20713917
v 6.0919895 6.99691376 -7.32250369
v 5.95601788 7.00907284 -7.38677011
v 5.99231016 7.28080529 -7.18094647
v 5.96338278 6.71578042 -7.34500169
v 6.04513191 6.71862471 -7.31424149
v 5.99231016 6.6515144 -7.18094647
v 6.11034581 6.71357496 -7.20175936
v 6.15720342 6.99186429 -7.21002162
v 5.85022679 6.99691376 -7.27987437
v 5.89708435 6.71862471 -7.28813669
v 5.87427452 6.71357496 -7.16013359
v 5.82741689 6.99186429 -7.15187132
v 6.84758859 6.99691376 -7.45573629
v 6.71161695 7.00907284 -7.52000271
v 6.74790924 7.28080529 -7.31417907
v 6.71898185 6.71578042 -7.47823429
v 6.80073098 6.71862471 -7.44747408
v 6.74790924 6.6515144 -7.31417907
v 6.86594488 6.71357496 -7.33499196
v 6.9128025 6.99186429 -7.34325423
v 6.60582587 6.99691376 -7.41310697
v 6.65268342 6.71862471 -7.42136929
v 6.62987359 6.71357496 -7.29336619
v 6.58301598 6.99186429 -7.28510392
v 6.21987118 6.85198233 -5.89038474
v 6.34011061 6.84519875 -6.00681205
v 6.36292045 6.84014902 -6.13481509
v 6.06706254 6.84519875 -5.95866628
v 6.00184869 6.84014902 -6.07114835
v 7.0474547 6.5218113 -7.40870388
v 7.25179369 6.5218113 -6.24984071
v 5.87212922 6.5218113 -6.00656847
v 5.66779023 6.5218113 -7.16543164
v 7.25179369 6.5218113 -6.24984071
v 7.0474547 6.5218113 -7.40870388
v 7.0474547 6.62227252 -7.40870388
v 7.25179369 6.62227252 -6.24984071
v 5.87212922 6.5218113 -6.00656847
v 7.25179369 6.5218113 -6.24984071
v 7.25179369 6.62227252 -6.24984071
v 5.87212922 6.62227252 -6.00656847
v 5.66779023 6.5218113 -7.16543164
v 5.87212922 6.5218113 -6.00656847
v 5.87212922 6.62227252 -6.00656847
v 5.66779023 6.62227252 -7.16543164
v 7.0474547 6.5218113 -7.40870388
v 5.66779023 6.5218113 -7.16543164
v 5.66779023 6.62227252 -7.16543164
v 7.0474547 6.62227252 -7.40870388
v 7.01903889 6.62885606 -7.35947519
v 7.20825436 6.62885606 -6.2863817
v 7.25179369 6.62227252 -6.24984071
v 7.0474547 6.62227252 -7.40870388
v 5.7113295 6.62885606 -7.12889058
v 7.01903889 6.62885606 -7.35947519
v 7.0474547 6.62227252 -7.40870388
v 5.66779023 6.62227252 -7.16543164
v 5.90054497 6.62885606 -6.05579709
v 5.7113295 6.62885606 -7.12889058
v 5.87212922 6.62227252 -6.00656847
v 7.20825436 6.62885606 -6.2863817
v 5.90054497 6.62885606 -6.05579709
v 5.87212922 6.62227252 -6.00656847
v 7.25179369 6.62227252 -6.24984071
v 7.01903889 6.62885606 -7.35947519
v 5.7113295 6.62885606 -7.12889058
v 5.7113295 7.32390469 -7.12889058
v 7.01903889 7.32390469 -7.35947519
v 7.20825436 6.62885606 -6.2863817
v 7.01903889 6.62885606 -7.35947519
v 7.01903889 7.32390469 -7.35947519
v 7.20825436 7.32390469 -6.2863817
v 5.65969669 7.32390469 -7.1579509
v 5.86196523 7.32390469 -6.01082985
v 5.86196523 7.43298435 -6.01082985
v 5.65969669 7.43298435 -7.1579509
v 5.86196523 7.32390469 -6.01082985
v 7.25988723 7.32390469 -6.25732139
v 7.25988723 7.43298435 -6.25732139
v 5.86196523 7.43298435 -6.01082985
v 5.96633515 7.43298435 -6.15988568
v 5.80875245 7.43298435 -7.05358091
v 5.65969669 7.43298435 -7.1579509
v 7.11083141 7.43298435 -6.3616914
v 5.96633515 7.43298435 -6.15988568
v 5.86196523 7.43298435 -6.01082985
v 7.25988723 7.43298435 -6.25732139
v 7.11083141 6.72127344 -6.3616914
v 6.95324872 6.72127344 -7.25538663
v 5.80875245 6.72127344 -7.05358091
v 5.96633515 6.72127344 -6.15988568
v 5.96633515 7.43298435 -6.15988568
v 7.11083141 7.43298435 -6.3616914
v 7.11083141 6.72127344 -6.3616914
v 5.96633515 6.72127344 -6.15988568
v 5.80875245 7.43298435 -7.05358091
v 5.96633515 7.43298435 -6.15988568
v 5.96633515 6.72127344 -6.15988568
v 5.80875245 6.72127344 -7.05358091
v 5.90054497 6.62885606 -6.05579709
v 7.20825436 6.62885606 -6.2863817
v 7.20825436 7.32390469 -6.2863817
v 5.90054497 7.32390469 -6.05579709
v 5.7113295 6.62885606 -7.12889058
v 5.90054497 6.62885606 -6.05579709
v 5.90054497 7.32390469 -6.05579709
v 5.7113295 7.32390469 -7.12889058
v 7.0576187 7.32390469 -7.40444244
v 5.65969669 7.43298435 -7.1579509
v 7.0576187 7.43298435 -7.40444244
v 7.25988723 7.32390469 -6.25732139
v 7.0576187 7.32390469 -7.40444244
v 7.0576187 7.43298435 -7.40444244
v 7.25988723 7.43298435 -6.25732139
v 6.95324872 7.43298435 -7.25538663
v 5.80875245 7.43298435 -7.05358091
v 5.80875245 6.72127344 -7.05358091
v 6.95324872 6.72127344 -7.25538663
v 6.95324872 7.43298435 -7.25538663
v 7.11083141 7.43298435 -6.3616914
v 7.25988723 7.43298435 -6.25732139
v 7.0576187 7.43298435 -7.40444244
v 5.80875245 7.43298435 -7.05358091
v 6.95324872 7.43298435 -7.25538663
v 7.0576187 7.43298435 -7.40444244
v 7.11083141 7.43298435 -6.3616914
v 6.95324872 7.43298435 -7.25538663
v 6.95324872 6.72127344 -7.25538663
v 7.11083141 6.72127344 -6.3616914
v 6.97547025 6.85198233 -6.02361734
v 7.09570971 6.84519875 -6.14004466
v 7.11851952 6.84014902 -6.26804769
v 6.82266162 6.84519875 -6.09189888
v 6.75744776 6.84014902 -6.20438095
v 6.10763215 6.84519875 -7.32526197
v 5.95482355 6.85198233 -7.39354346
v 6.17284604 6.84014902 -7.21277984
v 5.83458409 6.84519875 -7.2771162
v 5.81177428 6.84014902 -7.1491131
v 6.86323125 6.84519875 -7.45849457
v 6.71042262 6.85198233 -7.52677605
v 6.92844511 6.84014902 -7.34601244
v 6.59018316 6.84519875 -7.4103488
v 6.56737336 6.84014902 -7.2823457
vn -0.76076 0.28874 -0.58127
vn -0 0.71344 -0.70071
vn -0 0.32963 -0.94411
vn -0 -0.63711 -0.77077
vn 0 -0.9609 -0.27691
vn -0.57014 -0.63183 -0.52509
vn -0.70786 -0.64595 -0.28581
vn -0.90596 0.27703 -0.32015
vn 0.76076 0.28874 -0.58127
vn 0.57014 -0.63183 -0.52509
vn 0.70786 -0.64595 -0.28581
vn 0.90596 0.27703 -0.32015
vn -0.76076 0.28874 -0.58127
vn -0 0.71344 -0.70071
vn 0 0.32963 -0.94411
vn 0 -0.63711 -0.77077
vn 0 -0.9609 -0.27691
vn -0.57014 -0.63183 -0.52509
vn -0.70786 -0.64595 -0.28581
vn -0.90596 0.27703 -0.32015
vn 0.76076 0.28874 -0.58127
vn 0.57014 -0.63183 -0.52509
vn 0.70786 -0.64595 -0.28581
vn 0.90596 0.27703 -0.32015
vn -0.76076 0.28874 0.58127
vn 0 0.32963 0.94411
vn 0 0.71344 0.70071
vn -0 -0.63711 0.77077
vn -0.57014 -0.63183 0.52509
vn -0 -0.9609 0.27691
vn -0.70786 -0.64595 0.28581
vn -0.90596 0.27703 0.32015
vn 0.76076 0.28874 0.58127
vn 0.57014 -0.63183 0.52509
vn 0.70786 -0.64595 0.28581
vn 0.90596 0.27703 0.32015
vn -0.76076 0.28874 0.58127
vn 0 0.32963 0.94411
vn 0 0.71344 0.70071
vn 0 -0.63711 0.77077
vn -0.57014 -0.63183 0.52509
vn 0 -0.9609 0.27691
vn -0.70786 -0.64595 0.28581
vn -0.90596 0.27703 0.32015
vn 0.76076 0.28874 0.58127
vn 0.57014 -0.63183 0.52509
vn 0.70786 -0.64595 0.28581
vn 0.90596 0.27703 0.32015
vn -0 -0.12297 -0.99241
vn -0.79401 -0.14821 -0.58957
vn -0.92403 -0.1647 -0.34503
vn 0.79401 -0.14821 -0.58957
vn 0.92403 -0.1647 -0.34503
vn 0 -1 0
vn -1 0 0
vn 0 0 -1
vn 1 0 0
vn 0 0 1
vn -0.09255 0.99307 0.07249
vn -0.09255 0.99307 -0.07249
vn -0.07956 0.99333 -0.08343
vn -0.07956 0.99333 0.08343
vn 0.09255 0.99307 0.07249
vn 0.07956 0.99333 0.08343
vn 0.09255 0.99307 -0.07249
vn 0.07956 0.99333 -0.08343
vn -0 1 0
vn -0 1 0
vn -0 1 0
vn 0 1 0
vn 0 -0.12297 -0.99241
vn -0.79401 -0.14821 -0.58957
vn -0.92403 -0.1647 -0.34503
vn 0.79401 -0.14821 -0.58957
vn 0.92403 -0.1647 -0.34503
vn -0.79401 -0.14821 0.58957
vn -0 -0.12297 0.99241
vn -0.92403 -0.1647 0.34503
vn 0.79401 -0.14821 0.58957
vn 0.92403 -0.1647 0.34503
vn -0.79401 -0.14821 0.58957
vn 0 -0.12297 0.99241
vn -0.92403 -0.1647 0.34503
vn 0.79401 -0.14821 0.58957
vn 0.92403 -0.1647 0.34503
vt 0.1122 0.49012
vt 0.19537 0.53389
vt 0.1118 0.52785
vt 0.03497 0.53192
vt 0.00258 0.53194
vt 0.03382 0.50336
vt 0.02172 0.48447
vt 0.11155 0.47
vt 0.1096 0.56443
vt 0.03595 0.55768
vt 0.02542 0.58038
vt 0.11064 0.58874
vt 0.07126 0.5297
vt 0.06916 0.48602
vt 0.06851 0.4659
vt 0.0677 0.56902
vt 0.06874 0.59334
vt 0.13593 0.61107
vt 0.01025 0.61112
vt 0.0103 0.77207
vt 0.13599 0.77203
vt 0.01206 0.45878
vt 0.01206 0.25129
vt 0.02978 0.25129
vt 0.02978 0.45878
vt 0.01206 0.25129
vt 0.01206 0.00426
vt 0.02978 0.00426
vt 0.02978 0.25129
vt 0.01206 0.45878
vt 0.02978 0.45878
vt 0.02978 0.25129
vt 0.01206 0.00426
vt 0.01206 0.25129
vt 0.02978 0.25129
vt 0.02978 0.00426
vt 0.00552 0.25896
vt 0.00552 0.4511
vt 0.01206 0.45878
vt 0.01206 0.25129
vt 0.0043 0.24484
vt 0.0043 0.01071
vt 0.01206 0.25129
vt 0.0043 0.01071
vt 0.0043 0.24484
vt 0.03954 0.01715
vt 0.03954 0.25129
vt 0.16209 0.25129
vt 0.16209 0.01715
vt 0.03954 0.25129
vt 0.03954 0.44342
vt 0.16209 0.44342
vt 0.16209 0.25129
vt 0.17269 0.25129
vt 0.17269 0.45668
vt 0.19193 0.45668
vt 0.19193 0.25129
vt 0.17269 0.25129
vt 0.17269 0.001
vt 0.19193 0.001
vt 0.19193 0.25129
vt 0.21462 0.43399
vt 0.21462 0.27398
vt 0.19193 0.25129
vt 0.21461 0.02368
vt 0.21461 0.2286
vt 0.19193 0.00099
vt 0.16209 0.25129
vt 0.16209 0.01715
vt 0.03953 0.01715
vt 0.16209 0.25129
vt 0.16209 0.44342
vt 0.03954 0.44342
vt 0.03954 0.25129
vt 0.03954 0.25129
vt 0.03954 0.01715
vt 0.16209 0.01715
vt 0.16209 0.25129
vt 0.03954 0.44342
vt 0.03954 0.25129
vt 0.16209 0.25129
vt 0.16209 0.44342
vt 0.17269 0.001
vt 0.19193 0.25129
vt 0.19193 0.001
vt 0.17269 0.45668
vt 0.17269 0.25129
vt 0.19193 0.25129
vt 0.19193 0.45668
vt 0.16209 0.01715
vt 0.03953 0.01715
vt 0.21461 0.27397
vt 0.21461 0.43399
vt 0.21461 0.02368
usemtl mat0
f 1411/519/1230 1412/520/1231 1413/521/1232
f 1414/522/1233 1415/523/1234 1416/524/1235
f 1415/523/1234 1417/525/1236 1416/524/1235
f 1411/519/1230 1418/526/1237 1412/520/1231
f 1419/527/1238 1413/521/1232 1412/520/1231
f 1414/522/1233 1420/528/1239 1415/523/1234
f 1415/523/1234 1420/528/1239 1421/529/1240
f 1419/527/1238 1412/520/1231 1422/530/1241
f 1423/519/1242 1424/520/1243 1425/521/1244
f 1426/522/1245 1427/523/1246 1428/524/1247
f 1427/523/1246 1429/525/1248 1428/524/1247
f 1423/519/1242 1430/526/1249 1424/520/1243
f 1431/527/1250 1425/521/1244 1424/520/1243
f 1426/522/1245 1432/528/1251 1427/523/1246
f 1427/523/1246 1432/528/1251 1433/529/1252
f 1431/527/1250 1424/520/1243 1434/530/1253
f 1435/519/1254 1436/521/1255 1437/520/1256
f 1438/522/1257 1439/524/1258 1440/523/1259
f 1440/523/1259 1439/524/1258 1441/525/1260
f 1435/519/1254 1437/520/1256 1442/526/1261
f 1443/527/1262 1437/520/1256 1436/521/1255
f 1438/522/1257 1440/523/1259 1444/528/1263
f 1440/523/1259 1445/529/1264 1444/528/1263
f 1443/527/1262 1446/530/1265 1437/520/1256
f 1447/519/1266 1448/521/1267 1449/520/1268
f 1450/522/1269 1451/524/1270 1452/523/1271
f 1452/523/1271 1451/524/1270 1453/525/1272
f 1447/519/1266 1449/520/1268 1454/526/1273
f 1455/527/1274 1449/520/1268 1448/521/1267
f 1450/522/1269 1452/523/1271 1456/528/1275
f 1452/523/1271 1457/529/1276 1456/528/1275
f 1455/527/1274 1458/530/1277 1449/520/1268
f 1413/521/1232 1459/531/1278 1460/532/1279
f 1413/521/1232 1460/532/1279 1411/519/1230
f 1459/531/1278 1414/522/1233 1416/524/1235
f 1459/531/1278 1416/524/1235 1460/532/1279
f 1416/524/1235 1417/525/1236 1461/533/1280
f 1416/524/1235 1461/533/1280 1460/532/1279
f 1460/532/1279 1461/533/1280 1418/526/1237
f 1460/532/1279 1418/526/1237 1411/519/1230
f 1413/521/1232 1419/527/1238 1462/534/1281
f 1413/521/1232 1462/534/1281 1459/531/1278
f 1459/531/1278 1462/534/1281 1420/528/1239
f 1459/531/1278 1420/528/1239 1414/522/1233
f 1420/528/1239 1462/534/1281 1463/535/1282
f 1420/528/1239 1463/535/1282 1421/529/1240
f 1462/534/1281 1419/527/1238 1422/530/1241
f 1462/534/1281 1422/530/1241 1463/535/1282
f 1464/536/1283 1465/537/1283 1466/538/1283
f 1464/536/1283 1466/538/1283 1467/539/1283
f 1468/540/1284 1469/541/1284 1470/542/1284
f 1468/540/1284 1470/542/1284 1471/543/1284
f 1472/544/1285 1473/545/1285 1474/546/1285
f 1472/544/1285 1474/546/1285 1475/547/1285
f 1476/544/1286 1477/548/1286 1478/549/1286
f 1476/544/1286 1478/549/1286 1479/550/1286
f 1480/551/1287 1481/552/1287 1482/553/1287
f 1480/551/1287 1482/553/1287 1483/554/1287
f 1484/555/1288 1485/556/1289 1486/557/1290
f 1484/555/1288 1486/557/1290 1487/558/1291
f 1488/559/1292 1489/560/1288 1490/545/1291
f 1488/559/1292 1490/545/1291 1491/561/1293
f 1492/556/1294 1493/555/1292 1491/561/1293
f 1492/556/1294 1491/561/1293 1494/557/1295
f 1495/562/1289 1496/563/1294 1497/561/1295
f 1495/562/1289 1497/561/1295 1498/545/1290
f 1499/564/1287 1500/565/1287 1501/566/1287
f 1499/564/1287 1501/566/1287 1502/567/1287
f 1503/568/1284 1504/569/1284 1505/570/1284
f 1503/568/1284 1505/570/1284 1506/571/1284
f 1507/572/1286 1508/573/1286 1509/574/1286
f 1507/572/1286 1509/574/1286 1510/575/1286
f 1511/576/1285 1512/577/1285 1513/578/1285
f 1511/576/1285 1513/578/1285 1514/579/1285
f 1515/580/1296 1516/581/1297 1517/582/1298
f 1515/580/1296 1517/582/1298 1509/574/1298
f 1518/583/1299 1519/584/1296 1520/582/1298
f 1518/583/1299 1520/582/1298 1521/585/1299
f 1522/536/1299 1523/537/1299 1524/538/1299
f 1522/536/1299 1524/538/1299 1525/539/1299
f 1526/586/1287 1527/587/1287 1528/588/1287
f 1526/586/1287 1528/588/1287 1529/565/1287
f 1530/589/1284 1531/590/1284 1532/591/1284
f 1530/589/1284 1532/591/1284 1533/592/1284
f 1534/593/1285 1535/594/1285 1536/595/1285
f 1534/593/1285 1536/595/1285 1537/596/1285
f 1538/597/1286 1539/598/1286 1540/599/1286
f 1538/597/1286 1540/599/1286 1541/600/1286
f 1542/601/1287 1507/572/1287 1543/602/1287
f 1542/601/1287 1543/602/1287 1544/603/1287
f 1545/604/1284 1546/605/1284 1547/606/1284
f 1545/604/1284 1547/606/1284 1548/607/1284
f 1549/608/1285 1550/586/1285 1551/565/1285
f 1549/608/1285 1551/565/1285 1552/609/1285
f 1553/610/1299 1554/611/1299 1555/574/1299
f 1553/610/1299 1555/574/1299 1556/582/1299
f 1557/584/1297 1558/612/1299 1559/585/1299
f 1557/584/1297 1559/585/1299 1517/582/1298
f 1560/589/1286 1561/590/1286 1562/591/1286
f 1560/589/1286 1562/591/1286 1563/592/1286
f 1425/521/1244 1564/531/1300 1565/532/1301
f 1425/521/1244 1565/532/1301 1423/519/1242
f 1564/531/1300 1426/522/1245 1428/524/1247
f 1564/531/1300 1428/524/1247 1565/532/1301
f 1428/524/1247 1429/525/1248 1566/533/1302
f 1428/524/1247 1566/533/1302 1565/532/1301
f 1565/532/1301 1566/533/1302 1430/526/1249
f 1565/532/1301 1430/526/1249 1423/519/1242
f 1425/521/1244 1431/527/1250 1567/534/1303
f 1425/521/1244 1567/534/1303 1564/531/1300
f 1564/531/1300 1567/534/1303 1432/528/1251
f 1564/531/1300 1432/528/1251 1426/522/1245
f 1432/528/1251 1567/534/1303 1568/535/1304
f 1432/528/1251 1568/535/1304 1433/529/1252
f 1567/534/1303 1431/527/1250 1434/530/1253
f 1567/534/1303 1434/530/1253 1568/535/1304
f 1436/521/1255 1435/519/1254 1569/532/1305
f 1436/521/1255 1569/532/1305 1570/531/1306
f 1570/531/1306 1569/532/1305 1439/524/1258
f 1570/531/1306 1439/524/1258 1438/522/1257
f 1439/524/1258 1569/532/1305 1571/533/1307
f 1439/524/1258 1571/533/1307 1441/525/1260
f 1569/532/1305 1435/519/1254 1442/526/1261
f 1569/532/1305 1442/526/1261 1571/533/1307
f 1436/521/1255 1570/531/1306 1572/534/1308
f 1436/521/1255 1572/534/1308 1443/527/1262
f 1570/531/1306 1438/522/1257 1444/528/1263
f 1570/531/1306 1444/528/1263 1572/534/1308
f 1444/528/1263 1445/529/1264 1573/535/1309
f 1444/528/1263 1573/535/1309 1572/534/1308
f 1572/534/1308 1573/535/1309 1446/530/1265
f 1572/534/1308 1446/530/1265 1443/527/1262
f 1448/521/1267 1447/519/1266 1574/532/1310
f 1448/521/1267 1574/532/1310 1575/531/1311
f 1575/531/1311 1574/532/1310 1451/524/1270
f 1575/531/1311 1451/524/1270 1450/522/1269
f 1451/524/1270 1574/532/1310 1576/533/1312
f 1451/524/1270 1576/533/1312 1453/525/1272
f 1574/532/1310 1447/519/1266 1454/526/1273
f 1574/532/1310 1454/526/1273 1576/533/1312
f 1448/521/1267 1575/531/1311 1577/534/1313
f 1448/521/1267 1577/534/1313 1455/527/1274
f 1575/531/1311 1450/522/1269 1456/528/1275
f 1575/531/1311 1456/528/1275 1577/534/1313
f 1456/528/1275 1457/529/1276 1578/535/1314
f 1456/528/1275 1578/535/1314 1577/534/1313
f 1577/534/1313 1578/535/1314 1458/530/1277
f 1577/534/1313 1458/530/1277 1455/527/1274
# Vertices: 168, normals: 85, texture coordinates: 94, faces: 148

