# File generated by FabConvert.com - Free Image and 3D model conversion tools

mtllib mtl/glacier.mtl

# Glacier_lp_0
o obj1
v 9.71048697 6.14023854 -0.15129304
v 9.04050943 6.04923335 -0.30678452
v 9.46557803 6.12247851 0.05838882
v 9.22879828 6.07948148 -0.86422663
v 9.65946137 6.11403602 0.77528888
v 10.0335785 6.18245318 0.7648938
v 9.138192 6.0085517 0.61118382
v 8.85140776 5.45696404 9.71711846
v 8.74614672 5.57528464 8.84431646
v 8.51573016 5.49577557 9.40059841
v 9.37457991 5.49886847 9.02937781
v 7.98675083 5.51249021 10.21658703
v 7.81497629 5.54243739 9.64246342
v 7.84944081 5.60357703 8.93355213
v -1.23814469 5.12917954 -1.04874317
v -1.58013187 5.07024893 -1.44588519
v -2.30592141 4.94986845 -0.68172529
v -1.55868686 4.99794898 -0.37824615
v -0.6238806 5.12960625 -1.99840758
v -0.47981768 5.124829 -1.28641894
v -0.57550618 5.12293593 -0.3367194
v -5.01391478 4.87024863 7.14080664
v -5.2895899 4.88866306 5.98606428
v -5.77217836 4.80315 6.22166627
v -4.64055311 4.93077798 6.50956518
v -4.39956447 4.95472955 5.55365506
v -5.28267026 4.87612774 5.1866513
v -6.0517698 4.77255591 5.13252662
v 10.5121509 4.18997569 11.46133685
v 11.59292617 3.94165216 10.46342523
v 11.60933545 4.42537292 10.49490055
v 10.41867457 3.76781554 11.51054705
v 11.47332367 3.43158701 10.33378105
v 11.45189179 3.90410003 9.69903674
v 11.21007884 3.4031234 11.03912596
v 10.16112661 3.31909522 11.59902549
v 11.38079432 3.41914789 9.89951098
v 11.32458461 3.68981012 9.38268967
v 11.23806985 3.04517836 9.97407952
v 11.25007078 2.915607 10.60367414
v 11.14532162 3.28769338 9.31907271
v 9.37157658 2.66138163 -2.50211858
v 9.86315515 2.50299628 -1.5102114
v 9.4113117 1.80246293 -2.0699225
v 10.04422384 3.24528832 -1.61880594
v 10.03154951 3.33825343 -0.40292188
v 9.68755387 2.23892516 -0.6582321
v 8.99469177 1.12911968 -1.20419161
v 2.02066597 -7.416371 0.38420039
v 1.76085747 -7.55443825 -0.60262495
v 2.70744773 -7.59699665 0.10389871
v 2.83065457 -7.56336526 -0.59062688
v 3.32476054 -7.47104772 0.79931353
v 2.56274413 -7.29963679 1.42680068
v 3.88890382 -7.37173111 0.0786507
v 4.65494444 0.24404128 10.69219495
v 3.53627439 -0.79437588 9.47348922
v 4.59178729 -0.55008169 10.0641898
v 3.1719602 0.21547598 10.10054474
v 4.13883271 -1.7565034 9.11484146
v 5.36474446 -0.9233513 9.91772066
v 5.99820201 0.18472184 10.82329092
v -6.33860568 -6.89780181 4.56261013
v -7.2113556 -6.28786205 4.47005872
v -6.72944142 -6.46356306 3.91680215
v -6.908993 -6.39813687 5.14907093
v -7.61141313 -5.8535249 4.40408093
v -7.33740117 -5.72277665 5.43554407
v -7.11214975 -5.9790074 3.49838866
v -3.11725679 -7.24483829 5.69817906
v -4.51102102 -6.78123352 5.61355825
v -4.28054975 -7.09821647 4.97731228
v -3.27310414 -7.30939031 4.72171388
v -4.8441123 -7.24341208 4.51890927
v -5.53394989 -6.79032071 5.19650852
v -3.67917912 -7.38678655 3.89718568
v 2.09322142 -6.52051014 5.34403407
v 3.15928014 -5.42885168 6.41880049
v 1.58444887 -4.79688256 6.70548588
v 0.74469986 -6.49168159 5.93538597
v 3.81810465 -3.72151468 7.5778241
v 4.6955096 -4.17635748 7.23415632
v 3.10590828 -3.00398372 7.91610788
v 1.05407765 -3.58603088 7.37267544
v 2.47182478 -2.23792082 8.50140547
v 0.5724359 -2.77119796 8.25076613
v -1.09368965 -4.26194732 7.55045706
v -1.4367189 -3.21202142 8.15642666
v -0.91835148 -5.3703544 6.99911343
v -1.1038508 -6.47910832 6.23606245
v -3.23963337 -4.69384025 7.72638224
v -3.08078137 -5.67947073 7.21871123
v -3.06314866 -6.53157689 6.51307288
v -1.37059582 -7.28423715 5.28960226
v -4.79548857 -6.49306058 6.51552505
v -5.01260375 -5.76697616 7.16417528
v -6.00959222 -6.28717101 5.88220429
v -6.37590672 -5.57377768 6.33330198
v -5.27524403 -4.94647107 7.66172122
v -6.84477105 -4.9621774 6.80090692
v -7.75055709 -5.01549102 5.61642875
v -7.31873653 -4.32896564 7.237033
v -8.20242966 -4.35470482 5.81857012
v -8.45788774 -4.52930705 4.3409754
v -8.00198985 -5.19291521 4.36009544
v -7.83532087 -4.62052625 3.03888246
v -7.5367678 -5.39956421 3.20360431
v -6.76875953 -4.7451443 1.99797822
v -6.48742108 -5.51475396 2.30407004
v -6.21103594 -6.19190046 2.6602813
v -5.91528541 -6.78932696 3.16309519
v -4.84180973 -6.19558423 1.97276615
v -5.17665111 -5.65284327 1.44862077
v -4.52896638 -6.73905682 2.51645872
v -4.1648212 -7.24228904 3.12998627
v -5.51656981 -7.34904468 3.80866267
v -3.01573313 -6.85943376 1.68083884
v -3.27778012 -6.21007087 1.17147609
v -2.64725131 -7.32392726 2.37072629
v -1.27415357 -7.35776517 1.56523418
v -1.59983715 -6.87243463 0.82433817
v -0.82866885 -7.43873221 2.49053178
v -2.18397309 -7.40160636 3.22972894
v -0.3510127 -7.28101054 3.50355997
v -1.74517232 -7.37642275 4.18076803
v 0.14117703 -6.97312891 4.63861856
v 1.3340925 -6.809127 3.94745891
v 0.7717563 -7.27443509 2.79734685
v 2.3560168 -6.98660194 3.30449252
v 1.7115812 -7.22438957 2.0856253
v 3.168584 -6.71562287 4.71368972
v 4.11584842 -6.84083222 4.03637686
v 3.27471347 -7.15886585 2.63616735
v 4.20493714 -5.81641272 5.9453054
v 5.04553616 -5.84119521 5.33091759
v 5.54681132 -4.56648233 6.94851852
v 6.40876146 -4.9476303 6.68584602
v 7.04706157 -3.31418537 8.11373676
v 7.74850075 -3.46945862 7.81176292
v 6.31231799 -3.03561106 8.30517013
v 5.59074032 -2.67154377 8.42813075
v 7.74218256 -1.83797449 9.575754
v 8.50931137 -2.15758392 9.51399834
v 6.97216251 -1.51544095 9.6161175
v 6.20288646 -1.22914664 9.72760582
v 4.85921011 -2.31771694 8.74218054
v 7.92655552 -0.26980522 10.84943033
v 8.74135182 -0.46567137 10.73580976
v 7.06622574 -0.01601446 10.83888737
v 7.35811554 1.0482656 11.70023738
v 8.40482432 0.95345728 11.59053887
v 6.07606821 1.16328347 11.61717163
v 7.42375708 1.90089225 12.08058709
v 5.99352052 1.93652748 11.98661388
v 4.53123631 1.19069574 11.24932591
v 4.35274158 1.85209841 11.66115447
v 2.93673131 1.15706501 10.51460704
v 2.77220848 1.8538185 10.76359425
v 1.20643362 0.83558905 10.24520289
v 1.03785867 1.55833186 10.43543952
v 1.48631808 -0.13351757 9.84674763
v 1.90864039 -1.27633899 9.25794366
v -0.32819927 -0.49574503 9.61541057
v -0.59866792 0.42577999 10.13151701
v 0.07612555 -1.67681109 9.0258026
v -1.86740229 -1.9362572 8.61921375
v -2.24566697 -0.81693781 9.23785326
v -3.88715725 -2.52766205 8.71858464
v -4.24247029 -1.50652509 9.24968209
v -3.52110929 -3.61203372 8.14869904
v -5.5710934 -4.01575825 8.02158779
v -5.9406623 -3.12504398 8.46748107
v -7.85148304 -3.73614165 7.75840386
v -6.31564742 -2.30665857 9.00280242
v -8.35415792 -3.01077937 8.23515555
v -8.87685261 -2.81087085 6.20228412
v -8.58119519 -3.61781531 6.01463556
v -9.11252741 -2.86418182 4.33007633
v -8.8520838 -3.73782555 4.3262946
v -8.21411729 -3.81038762 2.83281109
v -8.44394783 -2.89717954 2.66724089
v -7.07734898 -3.89044652 1.63627693
v -7.41019403 -2.99245937 1.20140076
v -6.02661311 -3.0160043 -0.02733004
v -5.71605337 -4.00063484 0.55095735
v -5.50938231 -4.98057154 0.93604785
v -4.09282441 -3.96473221 -0.43051987
v -3.78506898 -4.81669407 0.19114934
v -3.50879218 -5.51848318 0.72410403
v -2.15002001 -5.75485343 -0.41590948
v -2.47781708 -5.16279152 -1.10171491
v -1.87730364 -6.32769866 0.18837433
v -0.67732819 -6.47505256 -0.78553188
v -0.81681999 -5.85710585 -1.41464982
v -0.44306385 -6.94819109 -0.06123563
v 0.54750674 -7.27705274 -0.95445501
v 0.43802796 -6.78860326 -1.72539169
v 0.78919442 -7.49096603 -0.03826169
v -0.17224091 -7.39870232 0.75121911
v 1.18608529 -7.48920269 0.99875954
v 0.26362135 -7.45866464 1.73090091
v 1.71104052 -7.42641621 -1.4840764
v 1.74377646 -6.88125617 -2.22915929
v 3.11389096 -6.63006435 -2.08844968
v 2.99007162 -7.1860202 -1.34321267
v 4.53376791 -6.43705783 -1.42080837
v 4.28666671 -7.03387316 -0.66728581
v 5.95159226 -6.30225647 -0.36119727
v 5.47794803 -6.8197441 0.45794383
v 4.87707693 -7.17253613 1.22224939
v 4.13137471 -7.30939605 1.95660817
v 6.30628046 -6.0729731 1.93894015
v 5.51255067 -6.23036955 2.59000461
v 4.87091892 -6.59865346 3.3106053
v 6.29128017 -5.26690789 4.08871967
v 5.76086846 -5.6748519 4.70514353
v 7.35053795 -4.15622868 5.48671309
v 6.92910194 -4.58691295 6.05637187
v 8.48556808 -2.72218987 6.75735167
v 8.18879953 -3.16877529 7.28973015
v 9.93587386 -1.41546331 7.85268684
v 9.67597038 -1.86211051 8.48064344
v 9.19759125 -2.13702973 9.07769927
v 10.54470117 -0.24308098 9.40465285
v 10.2468762 -0.5841863 10.10831561
v 9.55321187 -0.64090822 10.58719338
v 10.20247592 0.80111625 11.27268793
v 10.81498523 0.9317325 10.68372422
v 9.33636454 0.8159814 11.52206258
v 9.75159445 1.88419614 11.90363286
v 10.41276412 2.08229322 11.25155523
v 8.65210732 1.86387628 12.04362936
v 8.85389214 2.56825699 12.27657619
v 9.97103913 2.75332805 11.77111686
v 7.45136417 2.53940462 12.24099789
v 7.46764372 3.00483693 12.47851546
v 9.03289654 3.08564887 12.49057729
v 5.90278054 2.47283795 12.20196617
v 5.81946767 2.90111131 12.40690788
v 4.20632142 2.3170943 11.94563437
v 4.08548467 2.74591352 12.11989152
v 2.62994867 2.31592646 11.00225031
v 2.50356596 2.68706652 11.20000805
v 0.91904638 2.06734302 10.61579687
v 0.82830667 2.50033097 10.71192174
v -0.90212135 1.74846203 10.629953
v -0.9880223 2.27305475 10.77362621
v -0.77488224 1.12380297 10.51008926
v -2.72736846 0.71281388 10.3813091
v -2.88501026 1.34278728 10.74762713
v -2.52226657 0.03423614 9.84484573
v -4.52376418 -0.68969997 9.79638041
v -4.76396118 -0.01923618 10.39790195
v -6.85504704 -0.66261391 9.80657035
v -6.62754334 -1.49500305 9.45905509
v -8.7646803 -1.08716881 8.62635359
v -8.60860371 -2.04855747 8.46447069
v -9.31418602 -1.01708373 6.47406278
v -9.1153401 -1.93236272 6.35390073
v -9.30143403 -0.93862214 4.32370254
v -9.26844073 -1.92766423 4.33534384
v -8.59398513 -1.92936623 2.49561859
v -8.76790515 -0.96220238 2.28350858
v -7.63833625 -2.01182479 0.82703861
v -8.00865311 -1.13297974 0.38750571
v -6.43425396 -2.11544031 -0.68077241
v -6.79983859 -1.24626494 -1.20812625
v -5.05409338 -2.26239485 -2.10594781
v -5.33138357 -1.32434394 -2.62878194
v -4.47945612 -3.00369292 -1.17931458
v -2.9923197 -3.24132655 -2.41722043
v -3.22320997 -2.13758883 -3.0145397
v -2.68317028 -4.23045127 -1.68531712
v -1.35197972 -3.41575293 -3.39961856
v -1.21875515 -4.4560235 -2.79875011
v -0.98490127 -5.2025006 -2.0685413
v 0.30609149 -4.63834056 -3.75445989
v 0.28207202 -5.58196335 -3.21807065
v 0.30843483 -6.32371924 -2.53873013
v 1.778098 -6.37957239 -3.04771945
v 1.82071653 -5.74375711 -3.85895531
v 3.28401071 -6.18151062 -2.93769484
v 3.45471913 -5.64969565 -3.79564239
v 4.80216154 -4.98413793 -2.88870462
v 4.58481513 -5.5853091 -2.048638
v 6.42686215 -4.85521921 -1.93298889
v 6.20174399 -5.57700958 -1.14483472
v 7.05902986 -3.85537833 -0.26814826
v 6.71930399 -4.57836897 0.54486377
v 6.6421231 -5.395106 1.23524209
v 7.32600258 -3.43492548 2.19925381
v 7.06131699 -4.18210068 2.87762286
v 6.83149395 -4.86408974 3.49086755
v 7.99662658 -3.0007227 4.28887485
v 7.6023405 -3.56660548 4.93043423
v 9.06437892 -1.63926867 5.43364394
v 8.89121084 -2.32042416 6.16174367
v 9.98180185 -0.84126347 7.2109258
v 10.04604895 -0.17437638 6.37814045
v 10.53070302 0.7256565 7.95779608
v 10.43074788 1.3628906 7.05926814
v 10.53259962 0.22958977 8.69849776
v 10.58787471 1.70600082 9.14962281
v 10.65301407 2.09263651 8.32359075
v 10.76903077 1.30209526 9.89195898
v 10.93734129 2.3976878 10.01287737
v 10.84759727 2.68927665 9.2927003
v 10.88864915 2.18871901 10.6790008
v 10.77855085 2.89443856 11.17764772
v 10.87746723 3.01037031 8.45544483
v 11.08185734 3.5970352 8.50278666
v 10.77165283 3.48570683 7.44837409
v 10.99013464 3.99580155 7.4376705
v 11.25307763 4.00121468 8.54109117
v 11.22287672 4.33186438 7.42286305
v 11.43334761 4.26446701 8.66389998
v 11.40159694 4.59335999 7.43528585
v 11.55279744 4.8174213 7.48063488
v 11.61157978 4.45017836 8.88650684
v 11.71885569 5.07400065 7.52393286
v 11.7966632 4.75023309 9.01115047
v 11.95130388 5.20434072 9.12742046
v 11.95926273 5.43041248 7.55759249
v 11.54690199 4.91400553 10.53375488
v 10.49634881 4.61140552 11.48274491
v 11.14023283 5.14024056 10.33635016
v 11.54387131 5.45860206 9.06785706
v 11.14023283 5.14024056 10.33635016
v 10.24066304 4.83428068 11.22222363
v 10.24066304 4.83428068 11.22222363
v 10.77727115 5.29519366 10.09617082
v 9.97504327 4.94932877 10.93858569
v 8.8640256 4.59917733 11.92763296
v 9.97504327 4.94932877 10.93858569
v 8.69956742 4.79056834 11.6301619
v 9.05531865 4.41403964 12.29111447
v 9.11788449 3.99902683 12.38126622
v 7.37751932 4.35376181 12.96766966
v 7.25933331 4.6843815 12.57857651
v 7.42580636 3.84545404 12.8243221
v 7.4681353 3.39627436 12.74817291
v 9.12445332 3.56855327 12.47931152
v 5.62837673 3.69373637 12.88573269
v 5.53276816 4.18174236 12.91437148
v 5.73221819 3.29338098 12.63580468
v 3.9893095 3.15702699 12.18336286
v 3.90731693 3.53924594 12.18270978
v 2.4149675 3.04526198 11.26249622
v 2.33320969 3.36101973 11.29609673
v 0.75671624 2.88326634 10.75694775
v 0.69719118 3.21237488 10.77961256
v -1.05153413 2.74171257 10.8635335
v -1.09566381 3.13950106 10.76006581
v -3.05717797 2.55027743 10.98071693
v -3.09378268 3.0405207 10.8809939
v -2.99884838 1.97368687 10.90399849
v -5.18519774 2.19531366 10.93602276
v -5.15306712 1.47613818 11.12006035
v -4.99343914 0.6858457 10.90504343
v -7.11146974 1.01474056 10.11112566
v -7.02569279 0.17272674 10.06446427
v -9.04053856 0.74736726 8.82814459
v -8.89193982 -0.15479368 8.7457734
v -9.4132948 0.75622499 6.51439273
v -9.38333394 -0.09411202 6.52475433
v -9.3507722 0.01706958 4.27165804
v -9.44743807 0.83484037 4.20318131
v -8.85825371 -0.03457358 2.10874793
v -8.91486145 0.74611669 1.98825338
v -8.2396248 -0.25361349 0.08881158
v -8.39614531 0.50973 -0.10024296
v -7.07441008 -0.4248992 -1.58665636
v -7.24882345 0.32014574 -1.84091637
v -5.47818411 0.2993555 -3.00185788
v -5.42087298 -0.43535269 -2.84220386
v -3.77013753 0.2300162 -4.26830787
v -3.6874676 -0.49002958 -4.04073401
v -3.47375797 -1.2331564 -3.58496895
v -1.87187992 -0.61379336 -5.10157465
v -1.68222985 -1.35631548 -4.5900822
v -1.48594873 -2.30090301 -3.97744492
v 0.15078291 -1.62987855 -5.49269458
v 0.27430767 -2.55355082 -4.84618718
v 0.32708651 -3.57937644 -4.24100923
v 1.98380929 -2.98368702 -5.73865419
v 1.98195307 -3.90511585 -5.05884239
v 1.90566333 -4.85107872 -4.47057192
v 3.77746315 -4.20808697 -5.4610176
v 3.65554858 -5.09713939 -4.72467484
v 5.40112853 -3.75248209 -4.64692072
v 5.08659996 -4.39463763 -3.75466464
v 6.80354927 -3.18035988 -3.59207173
v 6.57189141 -3.99351883 -2.7180421
v 7.64281079 -2.18502774 -2.24574265
v 7.33542955 -3.04991832 -1.220833
v 8.12177945 -0.97443399 -0.98549302
v 7.86407264 -1.84516188 0.25101046
v 7.65202286 -2.67511325 1.34162805
v 8.40154388 -1.3303486 2.55232672
v 8.68778712 -0.53967895 1.30971852
v 8.01554672 -2.1081575 3.55638289
v 8.95493018 -0.70288457 4.57037614
v 9.10121486 0.18251913 3.45422225
v 9.88532131 0.73196216 5.30567794
v 9.52774055 1.77239407 4.07862504
v 10.38293476 2.14187317 5.84089426
v 10.22633393 2.96276636 4.38712314
v 10.66142479 3.23890549 6.07154425
v 10.3992452 3.87635658 4.55584758
v 10.53654021 2.65667189 7.3688712
v 10.79505721 3.95313857 6.12799137
v 10.53352718 4.47247602 4.61485586
v 10.91575584 4.41293645 6.11838347
v 10.79875863 4.79838201 4.61930259
v 11.059422 4.74082068 6.10051886
v 10.99471773 5.05059671 4.61437796
v 11.18828776 4.98698592 6.08118128
v 11.18035186 5.24053195 4.60252308
v 11.26676513 5.20096275 6.07216248
v 11.36836181 5.40005094 4.59136896
v 11.33527584 5.40069123 6.07041944
v 11.56131582 5.59947449 4.59803707
v 11.45599389 5.59945861 6.07647595
v 11.74943875 5.93099218 4.64676451
v 11.36173915 5.9107363 4.64234955
v 11.44898466 5.81616075 6.0827456
v 11.50182126 5.45204117 7.54525618
v 11.19631192 5.46591091 7.47399015
v 11.17214236 5.7575686 6.06249501
v 11.14188055 5.55042404 8.8955424
v 10.82249397 5.55518452 8.71934098
v 10.93846389 5.50788197 7.40128908
v 10.47244755 5.37012053 9.85732148
v 9.732579 5.08697769 10.68981206
v 10.15240965 5.43838898 9.59130721
v 10.50778757 5.59986237 8.53428228
v 9.47783049 5.24328331 10.42189588
v 9.19906953 5.40035321 10.10563177
v 9.82153578 5.49070619 9.3237317
v 8.38884396 5.17500603 11.05634013
v 8.20268031 5.35533337 10.6829511
v 8.55185653 4.99700774 11.36331362
v 8.69956742 4.79056834 11.6301619
v 7.07516731 5.20204564 11.87416534
v 6.98549478 5.28121758 11.4545721
v 7.16469819 4.98250742 12.23981527
v 7.16469819 4.98250742 12.23981527
v 5.4408054 4.90319119 12.26606324
v 5.42325057 5.05578567 11.84302098
v 5.47195506 4.616538 12.65501341
v 5.4408054 4.90319119 12.26606324
v 3.83009985 4.22002171 11.88362718
v 3.80481607 4.47713678 11.66663335
v 3.88985697 3.88267433 12.00312201
v 2.26093445 3.65981087 11.29645769
v 2.20485404 3.977155 11.25809053
v 0.65428224 3.49781765 10.74249597
v 0.6306833 3.78525167 10.64870016
v -1.11790808 3.46730431 10.61757433
v -1.1339746 3.79776801 10.60144482
v -3.11731327 3.47592441 10.86210024
v -3.12327314 3.90563126 10.87429004
v -5.24442312 3.85259918 10.75597077
v -5.26526943 3.34356088 10.92002651
v -5.22522321 2.79920926 10.92590077
v -6.94129262 2.97666919 9.64910727
v -7.01783411 2.40832784 9.80508149
v -7.13792732 1.78462458 10.0415347
v -8.73315203 2.26256408 8.44596182
v -8.88998762 1.57772626 8.64460034
v -9.46934829 1.49738792 6.45082784
v -9.36859974 2.13034595 6.33460286
v -9.44027087 1.49942187 4.14481023
v -9.3596895 2.07225508 4.0872083
v -8.97469051 1.37440436 1.90530876
v -8.96533811 1.93866038 1.85128558
v -8.46399323 1.77897438 -0.28169512
v -8.5243068 1.16443167 -0.24451212
v -7.22864744 1.61313246 -1.96355275
v -7.22778474 0.99678637 -1.89023588
v -5.48669808 1.53359239 -3.16089367
v -5.46865785 0.94981003 -3.06627024
v -3.80169184 1.50614427 -4.45011526
v -3.81213375 0.89432666 -4.4064113
v -2.11280193 1.47132772 -5.7945934
v -2.05843079 0.79350987 -5.65111347
v -1.9573312 0.11592255 -5.38000554
v -0.05319322 0.73294455 -6.47875089
v 0.01617261 -0.01605915 -6.21438301
v 0.10395983 -0.75597424 -5.87477762
v 1.95471709 -0.24514331 -7.11964835
v 2.02225854 -1.03678383 -6.56113884
v 1.96975334 -2.05778477 -6.3445426
v 3.94176866 -2.06730838 -6.27264289
v 3.97124191 -1.13983253 -6.77534337
v 3.83764875 -3.0162823 -5.7173494
v 5.75877284 -3.14473657 -5.63356922
v 5.95376069 -2.2995099 -6.5163542
v 7.1294557 -1.41808151 -5.12938959
v 7.2439297 -2.4938921 -4.55704432
v 8.22499033 -1.45702222 -3.26252345
v 8.43242083 -0.52801448 -4.05763752
v 8.62328672 -0.14883027 -2.09275697
v 9.16758274 0.6263342 -2.97704009
v 8.81742423 0.29986363 -0.02870737
v 9.30209418 1.79426635 0.65203107
v 9.36430789 0.97885204 2.05822626
v 9.97192874 2.41286967 2.511174
v 10.36386988 2.81671864 0.96085538
v 10.7490498 3.68068674 1.16144776
v 10.21964419 3.56367254 2.74879769
v 11.05821555 4.16983365 1.27692754
v 10.41053215 4.27827718 2.88105599
v 11.16420911 4.59191834 1.34250939
v 10.70891488 4.69108184 2.97476001
v 11.37376921 4.85889813 1.41307391
v 11.00596055 4.91720081 3.03644287
v 11.44102493 5.12365521 1.48194481
v 11.23723936 5.09632479 3.07723638
v 11.46627826 5.36501232 1.55366945
v 11.42578503 5.26824142 3.10111624
v 11.48974266 5.60343318 1.61998955
v 11.59823472 5.4618772 3.11400701
v 11.52068403 5.86470021 1.68435216
v 11.67389322 5.74506681 3.14532281
v 11.51276931 6.16704295 1.75772088
v 11.67868635 6.09178734 3.19256866
v 11.24410209 6.2560218 1.82976985
v 11.31139046 6.06545024 3.23380897
v 10.98390912 6.20898136 1.8874254
v 11.04777232 6.05191278 3.26883193
v 11.10140586 5.88071984 4.65622414
v 10.82168291 6.02621773 3.29512998
v 10.8763914 5.85282989 4.667106
v 10.94021223 5.6849271 6.03692926
v 10.6970834 5.65716998 6.00445666
v 10.64929588 5.82723633 4.66395308
v 10.66230469 5.57153688 7.3133971
v 10.3663172 5.63587268 7.23117595
v 10.42618597 5.64383859 5.96779679
v 10.18246583 5.67008126 8.36455791
v 9.73438735 5.64908757 8.18468684
v 9.9613646 5.67899989 7.14137721
v 9.31585846 5.73996169 7.05698013
v 9.02834434 5.67224219 8.04891335
v 8.31019185 5.74781111 7.01361905
v 8.02879029 5.74922231 8.06636845
v 7.03460171 5.44087512 7.0414128
v 6.84626918 5.32018929 8.18150348
v 6.74291401 5.22441082 9.12729514
v 6.73222543 5.31704211 9.89903352
v 5.46400989 5.19860281 8.34013153
v 5.39239613 5.1847216 9.26593252
v 5.3759842 5.16858944 9.96158612
v 5.37840945 5.19796384 10.51325321
v 6.80263583 5.35882387 10.50034854
v 3.87815963 5.07779562 9.7827044
v 3.92012893 5.14252946 9.17948483
v 3.84925607 4.99025534 10.2692736
v 3.82588567 4.89602972 10.68522014
v 5.38673985 5.20466991 10.99501427
v 2.28425279 4.83360244 9.92990429
v 2.33031602 4.92678179 9.48386273
v 2.24136189 4.74737892 10.31259011
v 2.2031933 4.65928174 10.64382847
v 3.81336491 4.77142845 11.04011
v 0.65422923 4.55931512 9.95644879
v 0.69084508 4.71508547 9.62285754
v 0.62698028 4.40287889 10.2259156
v 0.60618014 4.24381442 10.45586088
v 2.17301886 4.51935628 10.9464404
v -1.02970665 4.55350264 9.76330062
v -1.08417541 4.44103513 10.06526828
v -1.12480742 4.32363106 10.35111701
v -1.14002636 4.11474567 10.55860841
v 0.59863642 4.05982581 10.62945965
v -2.92869502 4.90672007 10.13950498
v -3.03621539 4.79089268 10.59627218
v -3.10892616 4.37930506 10.84673149
v -1.14002636 4.11474567 10.55860841
v -3.10892616 4.37930506 10.84673149
v -5.03094846 4.72001276 10.17615647
v -5.19593309 4.37517427 10.57352883
v -5.19593309 4.37517427 10.57352883
v -6.93093279 4.07956805 9.42276369
v -6.72651797 4.47580457 9.12511524
v -6.96103442 3.53735507 9.56422347
v -8.46026533 3.36665879 8.08101175
v -8.35367164 3.92888605 7.91455282
v -8.58540143 2.84345069 8.24986857
v -9.22176522 2.68200399 6.19822305
v -9.10818702 3.21511675 6.07928953
v -9.30294673 2.61009589 4.01804538
v -9.1869415 3.11879397 3.94898219
v -8.6616883 2.93049255 1.81727193
v -8.81895722 2.4457039 1.82750169
v -8.12535908 2.86797216 -0.22883396
v -8.36330557 2.35226883 -0.2944751
v -7.04391925 2.77870847 -1.95530707
v -7.25960867 2.21663765 -2.06819071
v -5.45614327 2.08537818 -3.18619995
v -5.36735108 2.60773529 -3.14507702
v -3.82039355 2.08265904 -4.50997476
v -3.76229871 2.62895183 -4.44611686
v -2.10344203 2.12167642 -5.77063875
v -2.06929081 2.73099266 -5.6683038
v -0.10158343 2.15353124 -6.4881964
v -0.10794483 2.78779323 -6.35732901
v -0.10994972 1.45428951 -6.61273369
v 1.88927854 1.49778683 -7.33555488
v 1.8441293 2.30370444 -7.19644975
v 1.93435486 0.64549445 -7.26008701
v 3.81458724 1.6210613 -7.14086136
v 3.90596045 0.73524134 -7.26704902
v 3.96275044 -0.20791233 -7.11496244
v 5.71185905 0.98657514 -7.2370608
v 5.9201871 -0.09735487 -7.384589
v 5.92150564 -1.15676285 -6.90505726
v 7.08231554 -0.41195694 -5.59969689
v 7.02703427 0.54233024 -5.93577914
v 8.50073385 0.42875504 -4.67954203
v 8.33426962 1.38803493 -5.02799412
v 9.26735695 1.54166608 -3.6124644
v 9.15244609 2.38558008 -3.96319127
v 9.39080032 3.38844083 -2.75264297
v 9.14397978 3.06630642 -4.21497043
v 9.6110137 3.89604807 -2.93273114
v 10.10936585 3.85408539 -1.62885865
v 10.51108478 4.18022702 -1.7190852
v 10.60925628 3.90329559 -0.33285443
v 11.12383414 4.19613899 -0.3229883
v 10.90852951 4.48824016 -1.81231342
v 11.54048584 4.44295159 -0.30845712
v 11.30065422 4.76918853 -1.90419476
v 11.83503477 4.75083234 -0.27057141
v 11.51775396 5.12210148 -1.90412989
v 11.7562238 5.13096274 -0.20880465
v 11.65129107 5.50022672 -1.84344907
v 11.65806818 5.44168001 -0.11584407
v 11.75687336 6.01572199 -1.74748968
v 11.5982709 5.77265493 -0.00945764
v 11.39244576 6.38202236 -1.46605039
v 11.57638892 6.13049031 0.13072866
v 10.93056947 6.30354808 -1.1431838
v 11.37533044 6.36169058 0.28974992
v 10.647484 6.25817522 -0.90142888
v 11.04376994 6.28960553 0.42834976
v 10.44747929 6.21606648 -0.71072295
v 10.79713121 6.24378037 0.54010627
v 10.2668051 6.20386653 -0.55144584
v 10.58948713 6.21232137 0.61803733
v 10.75839955 6.16134343 1.926351
v 10.3542236 6.21101652 0.68070583
v 10.52308483 6.12282623 1.94531526
v 10.59238454 5.9912656 3.30228107
v 10.34535395 5.93726227 3.28800845
v 10.23639237 6.09232569 1.9559456
v 10.40522448 5.79366187 4.64325019
v 10.11281133 5.71926763 4.60280594
v 10.05377128 5.86471874 3.25144853
v 10.07447329 5.65108302 5.92426185
v 9.51958489 5.68767669 5.8695282
v 9.62894538 5.65213987 4.54023039
v 8.72311742 5.71942693 4.44402433
v 8.56676282 5.73967795 5.79209137
v 7.37500096 5.53947158 4.32477926
v 7.21169142 5.66962587 5.73153686
v 5.85564523 5.38911789 4.24142006
v 5.72898099 5.33641191 5.73524313
v 5.5911635 5.21945618 7.1396377
v 4.20846029 5.27054047 5.76601638
v 4.08769149 5.25306507 7.19895355
v 3.9889556 5.1948555 8.34976988
v 2.56737577 5.07122547 7.16543027
v 2.46018017 5.06915589 8.21353304
v 2.38527273 5.00581516 8.9430122
v 0.80118553 4.9817696 8.70563584
v 0.88580055 5.07594756 8.03523027
v 0.7409194 4.84452754 9.20635499
v -0.79914017 4.78129008 8.49058186
v -0.89036577 4.67744156 8.98615397
v -0.96916306 4.61276333 9.40628292
v -2.55613515 4.96988472 8.82737588
v -2.68864563 5.0093842 9.29384233
v -2.81133861 4.99587322 9.72320542
v -4.3733218 4.99821375 8.88891091
v -4.59999634 4.97547083 9.31947868
v -4.82664484 4.91218703 9.74751883
v -6.11206573 4.7912938 8.40745874
v -6.45801666 4.74689307 8.78495869
v -7.57353402 4.47150125 7.34580395
v -7.14725765 4.56425388 7.06419278
v -7.97838071 4.27360186 7.62684278
v -8.55630988 4.06260143 5.79701203
v -8.06404381 4.18824853 5.63184075
v -8.91785948 3.70878078 5.95632097
v -8.96030138 3.57969218 3.88184958
v -8.57192046 3.91121913 3.83186981
v -8.19608765 3.81851813 1.8457095
v -8.50206121 3.41299628 1.81212246
v -7.77749609 3.27672039 -0.09569493
v -7.37215517 3.58888196 0.06922252
v -6.68247688 3.16839888 -1.72668772
v -6.31693903 3.49530591 -1.50846096
v -5.18159295 3.69781685 -3.06517521
v -5.30889484 3.14754088 -3.15671147
v -3.70331161 3.16550434 -4.36742327
v -3.636087 3.73036314 -4.26799545
v -2.00228353 3.29122579 -5.48182287
v -1.83279083 3.68909282 -5.08800277
v -0.09243417 3.35789991 -6.14131834
v -0.05086998 3.8570062 -5.84102444
v 1.79700005 3.49819869 -6.51839643
v 1.78796504 3.9723901 -6.17090411
v 1.81285663 2.96321734 -6.88881081
v 3.63096732 3.05012528 -6.67671735
v 3.56546809 3.6591388 -6.53519094
v 3.71297511 2.40958923 -6.98284933
v 5.3750787 2.71443599 -6.83931732
v 5.26788884 3.39255241 -6.66840195
v 5.54555809 1.93530537 -7.13136157
v 6.84881578 2.38478799 -6.2016756
v 6.84325748 3.12918094 -6.35807873
v 6.87992131 1.52528449 -6.04534527
v 8.21093393 2.24570889 -5.26196207
v 8.11554246 2.98241549 -5.3895499
v 9.12205367 3.6497586 -4.32828255
v 8.07764481 3.63572206 -5.49400385
v 9.19932194 4.15996276 -4.43763907
v 9.93463564 4.26359593 -3.07865001
v 10.28427962 4.59383392 -3.24486403
v 9.32986631 4.62229842 -4.52600189
v 10.51003101 4.95762476 -3.307707
v 9.37231969 5.08750237 -4.47791695
v 10.63956575 5.37207935 -3.28443147
v 9.42848174 5.58981408 -4.39625269
v 10.71660985 5.87429045 -3.20221363
v 9.3685256 6.07909448 -4.16038462
v 10.48563464 6.19022758 -2.86781639
v 9.17258592 6.11008175 -3.66615112
v 10.20660185 6.17405703 -2.4616836
v 9.05109741 6.08276501 -3.23290767
v 10.01570153 6.17424192 -2.12881273
v 8.93910867 6.060996 -2.83470703
v 9.86015712 6.20451962 -1.83798221
v 8.82178315 6.06258547 -2.44724395
v 9.69998725 6.19793358 -1.55870286
v 8.68523213 6.09588767 -2.03173604
v 9.49454602 6.15054894 -1.25433267
v 10.02882596 6.19365497 -0.38278095
v 8.52830123 6.0681985 -1.52035577
v 7.5298283 5.91678487 -2.13977491
v 7.63298887 5.91524261 -2.74946777
v 8.3604867 5.99698498 -0.77734864
v 7.37591484 5.90248577 -1.26062692
v 7.31312659 5.73213567 -0.05042925
v 8.36436375 5.89512441 0.31454782
v 8.53034257 5.83831677 1.63719799
v 9.3815247 5.96882055 1.82872833
v 7.36046798 5.58130276 1.37870393
v 7.41504806 5.59067104 2.86922009
v 8.72531321 5.71807089 3.04510202
v 6.01765168 5.37291513 1.1266428
v 6.07669703 5.54575314 -0.42571791
v 5.95202868 5.40316811 2.70727254
v 4.49757844 5.21801277 2.60250661
v 4.62877634 5.24221718 0.9647695
v 4.36365345 5.12359034 4.20489919
v 3.06757487 5.01870968 2.54500639
v 2.87218899 5.05737868 4.17707455
v 2.71138391 4.98745103 5.76362246
v 1.39705086 4.82578435 4.11714886
v 1.18895072 4.76435391 5.69585353
v 1.00626961 5.0707714 7.05105733
v -0.33944458 4.79529882 5.51836668
v -0.53858872 4.93961718 6.86921552
v -0.68762288 4.86177745 7.83481429
v -2.23390896 4.86683403 7.59372503
v -2.0277469 4.9504505 6.56000079
v -2.40692282 4.88980023 8.29609221
v -3.60375163 4.95826593 7.16593288
v -3.87725502 4.99171817 7.89213954
v -4.13811872 5.01635592 8.42800278
v -5.41315639 4.82604824 7.62280246
v -5.77044635 4.7932663 8.03062423
v -6.72729417 4.64877982 6.79105102
v -6.28364919 4.75196554 6.51370346
v -7.17960405 4.59478796 5.33357451
v -6.65760349 4.66386792 5.21971124
v -7.6164022 4.37496379 5.47383754
v -7.63119288 4.30748213 3.77357772
v -7.15991123 4.49214413 3.76830403
v -8.08981079 4.10288727 3.7976524
v -7.73279927 4.05487558 1.93357799
v -7.30311228 4.33352402 2.01306323
v -6.95488259 3.85865789 0.23606897
v -6.5442724 4.10898481 0.40241675
v -5.92416829 3.73973584 -1.26575311
v -5.57359676 4.03915998 -1.05408923
v -4.80374351 3.94958541 -2.70760438
v -4.47900161 4.22773212 -2.41374759
v -3.19180945 4.46781615 -3.62530663
v -3.38021037 4.06753887 -3.9005001
v -1.6951824 4.10369303 -4.75970772
v -1.6162888 4.59309611 -4.50916634
v -0.0217568 4.36407266 -5.57223057
v 0.01414483 4.86179334 -5.25456629
v 1.75362463 4.51786389 -5.94955092
v 1.75254405 4.96840115 -5.59212151
v 3.45969848 4.71440591 -6.0886
v 3.44314468 5.05934324 -5.68111889
v 3.50846144 4.21575987 -6.35169259
v 5.12686814 4.60124162 -6.45399885
v 5.07805465 5.02595234 -6.08266043
v 5.19723839 4.03076736 -6.64394115
v 6.74847497 4.41429293 -6.39007167
v 6.70045975 5.05253788 -6.30700901
v 6.81555551 3.79172871 -6.44061098
v 8.24322649 4.19927778 -5.74713551
v 8.16375625 4.77150832 -5.63999905
v 8.10635157 5.31124022 -5.47103588
v 8.01759601 5.75396823 -5.15918012
v 6.61963965 5.75263425 -6.1423421
v 6.50759267 5.88523542 -5.4637716
v 7.91054162 5.982343 -4.68540659
v 6.45965071 5.81518377 -4.85651171
v 7.82256359 6.0191635 -4.16640053
v 6.43814249 5.81574993 -4.35891106
v 7.75966502 6.00906358 -3.69615257
v 6.42815112 5.77908432 -3.88711533
v 7.70417195 5.96482215 -3.24734996
v 6.38817639 5.75920308 -3.33918121
v 4.97169351 5.67603584 -3.61857254
v 4.98912788 5.74412425 -4.20113114
v 4.92708318 5.63628748 -2.93863784
v 6.31259379 5.75413768 -2.67491776
v 4.84441281 5.55277516 -1.98996487
v 6.19659651 5.64829415 -1.7421551
v 4.73729091 5.41266701 -0.64201405
v 3.43360893 5.36389898 -2.0219823
v 3.35711996 5.29214048 -0.70543415
v 3.23395172 5.15971759 0.8927309
v 1.97577653 5.1663054 -0.65121046
v 1.84627908 5.0378103 0.88907614
v 1.62627917 4.90862108 2.50764424
v 0.46665487 4.98730585 0.91961987
v 0.18503118 4.9428076 2.44567191
v -0.09923747 4.80872905 3.98484732
v -1.21980726 4.82380391 2.25742962
v -1.54874657 4.70775059 3.7217587
v -1.80583527 4.96152299 5.20286995
v -3.11228427 4.94759147 4.77768353
v -2.85980194 4.80612552 3.35266153
v -3.33576883 4.94472803 6.09261561
v -4.211239 4.86063676 4.33904261
v -5.16787457 4.79859824 4.01146199
v -3.96718658 4.79747563 2.97608693
v -4.90623775 4.73950391 2.65816892
v -5.69441497 4.76179495 2.42107078
v -5.99867109 4.7164499 3.85079304
v -3.53599815 4.80891218 1.60688058
v -4.3932807 4.76556036 1.28226664
v -5.09841379 4.72673471 0.99748546
v -5.64773859 4.55557399 0.77099642
v -6.29732874 4.61304928 2.25714676
v -4.29735971 4.78420691 -0.30792
v -3.69066156 4.81848036 0.01369711
v -4.78412042 4.5896065 -0.58775826
v -5.23448206 4.38655742 -0.84796568
v -6.09280139 4.27970161 0.59135703
v -3.83776304 4.90137534 -1.82830151
v -3.37350607 4.90785282 -1.45140544
v -4.10276591 4.44529741 -2.08608841
v -2.62248559 4.90137754 -2.84045906
v -3.00010491 4.92809811 -3.33496857
v -1.31906915 5.34196316 -3.68354886
v -1.46135224 4.96406694 -4.11846121
v 0.23490428 5.31473689 -4.20812933
v 0.11931122 5.13625584 -4.74482128
v 1.85481468 5.27889603 -4.53471268
v 1.80312143 5.14918919 -5.06107833
v 3.45233844 5.48309021 -4.74198167
v 3.43768125 5.34950942 -5.2492039
v 4.9954368 5.57474231 -5.21676175
v 4.99137044 5.72386131 -4.73208915
v 5.02524056 5.35604383 -5.67041707
v 3.47112068 5.4837508 -4.19207616
v 1.90569488 5.35072646 -3.99018499
v 3.47597053 5.4959737 -3.61231415
v 1.95743358 5.33002974 -3.41392252
v 3.46516633 5.47470112 -2.94099293
v 1.99531247 5.32824522 -2.75986092
v 2.01046875 5.29914308 -1.88579202
v 0.59559978 5.21152381 -2.4362478
v 0.66572838 5.20023685 -1.61988685
v 0.63751188 5.06129632 -0.49994146
v -0.85326738 4.95822445 0.87621847
v -2.01428446 4.88599423 0.67221419
v -2.48649742 4.82170785 1.95046076
v -2.954182 4.86488315 0.35419474
v -2.88391678 4.92322025 -1.06848552
v -1.94964462 4.97841944 -1.93546775
v -2.29980732 5.00916886 -2.40275696
v -0.84186978 5.22637185 -2.58804821
v -1.07378171 5.33426157 -3.13922394
v 0.48591722 5.32679695 -3.06948096
v 0.36117366 5.46425789 -3.65432404
v -6.8082974 4.46087709 2.1303155
v -6.63248916 4.61182915 3.78964986
v 9.59793958 5.76773118 3.17307861
v 9.88678635 6.03201433 1.93000388
v 0.59863642 4.05982581 10.62945965
v 2.14557768 4.32739558 11.23221412
v 2.14557768 4.32739558 11.23221412
v 3.79624473 4.68329773 11.38476845
v 3.80481607 4.47713678 11.66663335
v 5.40287113 5.1538398 11.428543
v 6.89475303 5.35190599 11.00815016
vn -0.13714 -0.01394 0.99045
vn -0.14208 -0.04375 0.98889
vn -0.16812 -0.03109 0.98528
vn -0.12191 -0.04179 0.99166
vn -0.17307 -0.06892 0.98249
vn -0.12841 -0.05758 0.99005
vn -0.18471 -0.07196 0.98015
vn 0.05929 -0.11158 0.99199
vn 0.05499 -0.14652 0.98768
vn 0.06854 -0.09541 0.99308
vn -0.00537 -0.13227 0.9912
vn 0.00075 -0.10686 0.99427
vn -0.08845 -0.02966 0.99564
vn -0.12873 -0.08601 0.98794
vn -0.08175 -0.03719 0.99596
vn -0.10485 -0.02488 0.99418
vn -0.09581 -0.03678 0.99472
vn -0.09528 -0.07261 0.9928
vn -0.05828 -0.06082 0.99645
vn -0.03515 -0.03035 0.99892
vn -0.03118 -0.07986 0.99632
vn -0.09386 0.00337 0.99558
vn -0.11499 -0.01267 0.99329
vn -0.12806 -0.00895 0.99173
vn -0.06569 -0.00998 0.99779
vn -0.03824 0.02868 0.99886
vn -0.09443 0.03971 0.99474
vn -0.14324 0.03071 0.98921
vn 0.6092 -0.79253 0.02781
vn 0.92534 -0.32736 -0.19129
vn 0.89194 -0.43565 -0.12108
vn 0.59755 -0.80008 0.05302
vn 0.94503 -0.0421 -0.32426
vn 0.91311 0.15618 -0.3766
vn 0.7475 -0.65841 -0.088
vn 0.57501 -0.81402 -0.08212
vn 0.92101 0.2158 -0.32431
vn 0.90826 0.21684 -0.35783
vn 0.88827 0.19339 -0.41663
vn 0.88662 -0.24125 -0.3946
vn 0.89508 0.22891 -0.38267
vn 0.94708 0.3011 -0.11127
vn 0.92339 0.15976 -0.34905
vn 0.94797 0.06878 -0.31084
vn 0.91601 0.28243 -0.28487
vn 0.87998 0.1392 -0.45415
vn 0.89583 0.03336 -0.44315
vn 0.90631 -0.05113 -0.4195
vn -0.01289 -0.11222 -0.9936
vn -0.04003 0.10129 -0.99405
vn 0.00244 -0.08658 -0.99624
vn 0.14112 0.16205 -0.97664
vn 0.05669 -0.09351 -0.994
vn -0.017 -0.16406 -0.9863
vn 0.27247 0.13129 -0.95317
vn -0.22317 -0.79916 -0.55816
vn -0.13882 -0.831 -0.53867
vn -0.21734 -0.78914 -0.57448
vn -0.17362 -0.85165 -0.49452
vn -0.11304 -0.79569 -0.59506
vn -0.11865 -0.7884 -0.60361
vn -0.11977 -0.79056 -0.60056
vn -0.43104 -0.14286 -0.89095
vn -0.67895 0.02588 -0.73373
vn -0.60373 0.25142 -0.75651
vn -0.53908 -0.36781 -0.7577
vn -0.78618 0.01354 -0.61785
vn -0.66413 -0.44099 -0.6037
vn -0.65231 0.38686 -0.65179
vn -0.06479 -0.37858 -0.9233
vn -0.19315 -0.38109 -0.90414
vn -0.15764 -0.28276 -0.94615
vn -0.07802 -0.13668 -0.98754
vn -0.11061 -0.24656 -0.96279
vn -0.21659 -0.39415 -0.89316
vn -0.04345 -0.04123 -0.9982
vn 0.08244 -0.49631 -0.86423
vn 0.04923 -0.75962 -0.6485
vn 0.07428 -0.84962 -0.52213
vn 0.17024 -0.61073 -0.77332
vn -0.06552 -0.82374 -0.56317
vn -0.02024 -0.79396 -0.60764
vn -0.06297 -0.79849 -0.59871
vn 0.07984 -0.8383 -0.53933
vn -0.01651 -0.79228 -0.60994
vn 0.06081 -0.81534 -0.57578
vn 0.16199 -0.87616 -0.45399
vn 0.08944 -0.88583 -0.45532
vn 0.17276 -0.85464 -0.48963
vn 0.167 -0.68461 -0.70952
vn 0.07655 -0.90409 -0.42043
vn 0.08203 -0.83483 -0.54436
vn 0.03139 -0.68125 -0.73138
vn 0.12923 -0.32935 -0.93532
vn -0.21183 -0.58408 -0.78356
vn -0.21198 -0.75406 -0.62166
vn -0.37283 -0.53424 -0.75868
vn -0.46893 -0.61261 -0.63625
vn -0.17977 -0.83398 -0.5217
vn -0.47831 -0.61361 -0.62825
vn -0.70423 -0.37019 -0.60582
vn -0.46635 -0.60376 -0.64652
vn -0.75347 -0.29583 -0.58717
vn -0.86017 0.06561 -0.50577
vn -0.83574 0.0305 -0.54828
vn -0.74558 0.47863 -0.46372
vn -0.71822 0.45421 -0.52712
vn -0.61029 0.63148 -0.47831
vn -0.54591 0.61036 -0.57397
vn -0.46995 0.55812 -0.68385
vn -0.43275 0.46328 -0.77337
vn -0.33425 0.63882 -0.69295
vn -0.37334 0.66578 -0.64603
vn -0.29125 0.56307 -0.77339
vn -0.15987 0.28879 -0.94395
vn -0.28865 0.12639 -0.94906
vn -0.33271 0.51793 -0.78807
vn -0.39195 0.6036 -0.6943
vn -0.17839 0.26346 -0.94803
vn -0.18244 0.23365 -0.95505
vn -0.35996 0.45923 -0.81212
vn 0.00596 -0.02566 -0.99965
vn -0.01907 0.0041 -0.99981
vn 0.13401 -0.13363 -0.98193
vn 0.06026 -0.07775 -0.99515
vn 0.18685 -0.2449 -0.95137
vn 0.10341 -0.22057 -0.96987
vn 0.12442 -0.1848 -0.97487
vn 0.01163 -0.20806 -0.97805
vn 0.07342 -0.16756 -0.98312
vn 0.07725 -0.3821 -0.92089
vn 0.24346 -0.29151 -0.92507
vn 0.04695 -0.18978 -0.9807
vn 0.1304 -0.61763 -0.77559
vn 0.34069 -0.38485 -0.8578
vn 0.04046 -0.71796 -0.6949
vn 0.35183 -0.4488 -0.82146
vn 0.00579 -0.71067 -0.7035
vn 0.42378 -0.40628 -0.80954
vn -0.11119 -0.7711 -0.62693
vn -0.09637 -0.78523 -0.61166
vn -0.13028 -0.77505 -0.61833
vn 0.11394 -0.68899 -0.71576
vn -0.14162 -0.77354 -0.61772
vn -0.09432 -0.76969 -0.63141
vn -0.07894 -0.77414 -0.62808
vn -0.08676 -0.81038 -0.57945
vn -0.0173 -0.82866 -0.55949
vn -0.10923 -0.79045 -0.60271
vn -0.05385 -0.86126 -0.5053
vn 0.00989 -0.8776 -0.47929
vn -0.13107 -0.84218 -0.52302
vn -0.02142 -0.93269 -0.36004
vn -0.10302 -0.90167 -0.41997
vn -0.26654 -0.81786 -0.50996
vn -0.27995 -0.81874 -0.50129
vn -0.22993 -0.87445 -0.42716
vn -0.26722 -0.85301 -0.44829
vn -0.02143 -0.92519 -0.37891
vn -0.01996 -0.94181 -0.33556
vn -0.01824 -0.89444 -0.44681
vn -0.00631 -0.85511 -0.51841
vn -0.04001 -0.87512 -0.48225
vn 0.01496 -0.88059 -0.47364
vn -0.02687 -0.86588 -0.49953
vn 0.03395 -0.89703 -0.44065
vn 0.04908 -0.86524 -0.49895
vn 0.08957 -0.8972 -0.43244
vn 0.11718 -0.86719 -0.48399
vn 0.06723 -0.91669 -0.39389
vn -0.11154 -0.85843 -0.50065
vn -0.04519 -0.84338 -0.53541
vn -0.49231 -0.58408 -0.64535
vn -0.06138 -0.86358 -0.50046
vn -0.60735 -0.60403 -0.51602
vn -0.92345 -0.17221 -0.34289
vn -0.84106 -0.22506 -0.4919
vn -0.95926 0.11798 -0.25672
vn -0.91674 0.09695 -0.38755
vn -0.785 0.46944 -0.40424
vn -0.84644 0.44568 -0.29138
vn -0.63599 0.61544 -0.46557
vn -0.69025 0.5716 -0.44365
vn -0.5274 0.59468 -0.60679
vn -0.49499 0.68828 -0.53033
vn -0.44766 0.69907 -0.55759
vn -0.50905 0.63488 -0.58119
vn -0.4636 0.6338 -0.61917
vn -0.41053 0.6089 -0.67875
vn -0.49342 0.51501 -0.70093
vn -0.5283 0.54288 -0.65283
vn -0.45394 0.51809 -0.72492
vn -0.51574 0.43486 -0.73818
vn -0.54143 0.48986 -0.68329
vn -0.42392 0.35312 -0.83402
vn -0.36715 0.32444 -0.87175
vn -0.43144 0.45513 -0.77892
vn -0.16503 0.09155 -0.98203
vn -0.2149 0.17401 -0.96101
vn 0.04207 -0.07853 -0.99602
vn 0.02189 -0.05715 -0.99813
vn -0.05146 0.42195 -0.90516
vn -0.03154 0.52605 -0.84987
vn 0.31612 0.52405 -0.79085
vn 0.25351 0.43975 -0.8616
vn 0.43219 0.52587 -0.73258
vn 0.3703 0.35586 -0.85804
vn 0.70063 0.32073 -0.63738
vn 0.56076 0.1086 -0.82082
vn 0.41024 -0.07416 -0.90896
vn 0.2388 -0.16264 -0.95735
vn 0.73645 -0.1182 -0.66609
vn 0.57261 -0.21763 -0.79042
vn 0.47654 -0.21058 -0.85356
vn 0.68057 -0.11419 -0.72373
vn 0.57977 -0.14703 -0.80141
vn 0.75785 0.01056 -0.65234
vn 0.66317 -0.08314 -0.74383
vn 0.76559 0.11215 -0.63348
vn 0.70179 -0.02415 -0.71198
vn 0.86448 0.14733 -0.48059
vn 0.7821 -0.01322 -0.62301
vn 0.53876 -0.3689 -0.7574
vn 0.94281 -0.0009 -0.33332
vn 0.73503 -0.39315 -0.55242
vn 0.28949 -0.74425 -0.6019
vn 0.52157 -0.7717 -0.36392
vn 0.88582 -0.38633 -0.25706
vn 0.17238 -0.87995 -0.4427
vn 0.389 -0.88978 -0.2387
vn 0.67577 -0.71623 -0.17421
vn 0.08919 -0.94207 -0.32335
vn 0.20276 -0.93942 -0.27638
vn 0.53907 -0.82791 -0.15482
vn -0.01112 -0.93141 -0.36379
vn 0.01913 -0.90397 -0.42716
vn 0.32951 -0.90244 -0.27753
vn -0.06702 -0.90794 -0.41371
vn -0.07194 -0.89129 -0.4477
vn -0.27343 -0.82995 -0.48623
vn -0.29969 -0.86999 -0.39155
vn -0.29632 -0.83416 -0.46516
vn -0.34742 -0.87576 -0.33517
vn -0.04427 -0.94579 -0.32176
vn -0.084 -0.96662 -0.24204
vn 0.07506 -0.96161 -0.26396
vn 0.07436 -0.9789 -0.19033
vn 0.06028 -0.92449 -0.37641
vn 0.12746 -0.85733 -0.49874
vn 0.13112 -0.93645 -0.32536
vn 0.09216 -0.82699 -0.55461
vn 0.11244 -0.83433 -0.53967
vn 0.05611 -0.84651 -0.52941
vn -0.27313 -0.87078 -0.40882
vn -0.15349 -0.87867 -0.45208
vn -0.7672 -0.58871 -0.25461
vn -0.71025 -0.60885 -0.35334
vn -0.98394 -0.12009 -0.13205
vn -0.9669 -0.14158 -0.21229
vn -0.98623 0.1277 -0.10511
vn -0.97757 0.12882 -0.16659
vn -0.88962 0.38343 -0.24809
vn -0.92773 0.30369 -0.21698
vn -0.74934 0.48819 -0.44739
vn -0.80988 0.42345 -0.40594
vn -0.59819 0.52949 -0.60151
vn -0.66821 0.57048 -0.47754
vn -0.46931 0.61393 -0.6347
vn -0.51513 0.7138 -0.47448
vn -0.47566 0.57356 -0.66692
vn -0.49653 0.64303 -0.58307
vn -0.42125 0.70871 -0.56593
vn -0.55395 0.59278 -0.5846
vn -0.47757 0.73839 -0.47614
vn -0.51919 0.66902 -0.53184
vn -0.54581 0.57061 -0.61359
vn -0.47174 0.75277 -0.45912
vn -0.48453 0.65267 -0.58246
vn -0.46026 0.52351 -0.717
vn -0.06431 0.56405 -0.82323
vn -0.17207 0.69966 -0.69345
vn 0.35154 0.49034 -0.79749
vn 0.31393 0.51332 -0.79872
vn 0.50028 0.43376 -0.74938
vn 0.46646 0.51389 -0.71995
vn 0.69947 0.34717 -0.62467
vn 0.7155 0.37117 -0.59185
vn 0.91336 0.07333 -0.4005
vn 0.92535 0.08139 -0.37028
vn 0.9076 0.07203 -0.41361
vn 0.92048 0.09637 -0.37873
vn 0.91858 0.09205 -0.38437
vn 0.80959 -0.06564 -0.58331
vn 0.86885 0.21779 -0.44459
vn 0.8112 0.08154 -0.57905
vn 0.85548 0.31461 -0.41132
vn 0.81117 0.17361 -0.55845
vn 0.90613 0.19505 -0.37535
vn 0.91797 0.27062 -0.28998
vn 0.98278 0.11466 -0.14493
vn 0.97726 0.1568 -0.14276
vn 0.97689 0.11136 -0.18245
vn 0.98475 0.12007 -0.1259
vn 0.98468 0.0996 -0.14312
vn 0.98607 0.09661 -0.13543
vn 0.94343 0.16477 -0.28772
vn 0.93387 0.18474 -0.30621
vn 0.91428 -0.32846 -0.23707
vn 0.67987 -0.70712 -0.19433
vn 0.93943 0.17068 -0.29722
vn 0.90034 0.2052 -0.38378
vn 0.9461 0.15452 -0.28465
vn 0.89277 0.19301 -0.40707
vn 0.87353 0.19267 -0.44703
vn 0.8402 0.21571 -0.49753
vn 0.85058 0.17486 -0.49592
vn 0.83582 0.22365 -0.50138
vn 0.85176 0.2278 -0.47182
vn 0.88515 0.12643 -0.44781
vn 0.86015 0.22071 -0.45982
vn 0.94643 0.01736 -0.32243
vn 0.89076 -0.16322 0.42414
vn 0.93679 0.10956 0.3323
vn 0.72761 -0.53033 0.43512
vn 0.44664 -0.7451 0.49531
vn 0.22575 -0.38614 0.89439
vn 0.26563 -0.17185 0.94864
vn 0.12512 -0.45599 0.88115
vn 0.07158 -0.31582 0.94611
vn 0.0819 -0.41191 0.90754
vn 0.17237 -0.47712 0.86177
vn 0.2027 -0.46475 0.86193
vn 0.33491 -0.80004 0.49778
vn 0.41139 -0.90971 0.05643
vn 0.1433 -0.92026 0.36413
vn 0.10817 -0.61591 0.78035
vn 0.14205 -0.98138 -0.12927
vn 0.07956 -0.95352 -0.29065
vn 0.40109 -0.91246 -0.08085
vn -0.1741 -0.96472 -0.1975
vn -0.2489 -0.93546 0.25093
vn -0.10825 -0.90809 -0.40455
vn -0.3528 -0.89047 -0.28739
vn -0.42569 -0.90313 -0.05608
vn -0.37902 -0.90627 -0.18714
vn -0.38807 -0.92119 -0.02837
vn -0.1178 -0.98809 -0.09897
vn -0.15864 -0.98548 0.06058
vn 0.05031 -0.99866 0.01198
vn 0.02403 -0.97767 0.20875
vn 0.03204 -0.99731 0.06591
vn 0.03374 -0.98952 0.14038
vn 0.08652 -0.98818 -0.12656
vn -0.24703 -0.95959 0.13475
vn -0.1774 -0.98263 -0.05444
vn -0.05926 -0.93255 -0.35613
vn -0.49943 -0.86624 -0.01369
vn -0.39851 -0.87405 -0.27788
vn -0.83397 -0.55181 -0.00133
vn -0.80677 -0.56527 -0.17199
vn -0.99454 -0.09997 -0.03003
vn -0.99048 -0.10134 -0.09316
vn -0.98891 0.11811 -0.09007
vn -0.99122 0.11015 -0.07309
vn -0.9543 0.25112 -0.16203
vn -0.96588 0.22115 -0.13475
vn -0.86822 0.39654 -0.29825
vn -0.89721 0.38784 -0.21116
vn -0.68697 0.63135 -0.35982
vn -0.69425 0.68728 -0.2137
vn -0.5731 0.79722 -0.18975
vn -0.55001 0.76378 -0.33783
vn -0.55636 0.78978 -0.25829
vn -0.49822 0.77096 -0.39673
vn -0.42615 0.73854 -0.52245
vn -0.42851 0.78413 -0.4489
vn -0.42602 0.72383 -0.54275
vn -0.44639 0.73309 -0.51314
vn -0.43194 0.77628 -0.45915
vn -0.4575 0.72984 -0.50796
vn -0.45951 0.76731 -0.44732
vn -0.27371 0.82257 -0.49846
vn -0.32662 0.81903 -0.47172
vn -0.29166 0.7841 -0.54783
vn 0.12035 0.7934 -0.59669
vn 0.22121 0.63773 -0.73781
vn 0.48501 0.50738 -0.71227
vn 0.5373 0.4381 -0.72068
vn 0.70185 0.23992 -0.6707
vn 0.72434 0.33254 -0.60394
vn 0.8784 0.03122 -0.4769
vn 0.9141 0.10571 -0.39147
vn 0.91698 0.0149 -0.39866
vn 0.91595 0.08917 -0.39127
vn 0.90474 0.05631 -0.42222
vn 0.90064 0.07655 -0.42777
vn 0.91549 0.11007 -0.38699
vn 0.89979 0.20469 -0.38534
vn 0.88707 0.31354 -0.33882
vn 0.92659 0.11641 -0.35761
vn 0.90885 0.32382 -0.26292
vn 0.93159 0.1673 -0.32272
vn 0.95627 0.2118 -0.2017
vn 0.95101 0.16658 -0.26046
vn 0.97388 0.13047 -0.18582
vn 0.96235 0.13819 -0.23408
vn 0.97819 0.12279 -0.16756
vn 0.94386 0.16251 -0.28762
vn 0.88913 0.1262 -0.43991
vn 0.87356 0.19933 -0.44403
vn 0.79569 0.08575 -0.59961
vn 0.83075 0.20221 -0.51862
vn 0.77023 0.03651 -0.63672
vn 0.82987 0.18777 -0.52542
vn 0.75585 0.00092 -0.65474
vn 0.85101 0.15989 -0.50021
vn 0.8053 -0.03198 -0.592
vn 0.85289 0.13805 -0.50351
vn 0.88944 -0.03457 -0.45574
vn 0.84908 0.12581 -0.51306
vn 0.92127 -0.02197 -0.38831
vn 0.03296 -0.12219 0.99196
vn 0.44846 -0.1149 0.88639
vn 0.18602 -0.14059 0.97244
vn 0.15776 -0.14744 0.97641
vn 0.21923 -0.07462 0.97281
vn 0.01237 -0.08119 0.99662
vn -0.14514 -0.1464 0.97852
vn 0.1045 -0.0994 0.98955
vn 0.08048 -0.07554 0.99389
vn 0.0557 -0.05743 0.99679
vn 0.03378 -0.26711 0.96307
vn 0.10628 -0.39428 0.91282
vn 0.06766 -0.23201 0.97036
vn 0.12716 -0.08719 0.98804
vn 0.12045 -0.33634 0.93401
vn 0.09351 -0.22642 0.96953
vn 0.02247 -0.17062 0.98508
vn 0.15665 -0.3209 0.93407
vn 0.09071 -0.24464 0.96536
vn 0.20515 -0.40573 0.89067
vn 0.08261 -0.36029 0.92918
vn 0.03001 -0.22737 0.97334
vn 0.12321 -0.52274 0.84354
vn -0.21813 -0.55117 0.80538
vn -0.19709 -0.34058 0.91933
vn -0.25063 -0.746 0.61699
vn -0.42012 -0.82652 0.37464
vn -0.34584 -0.65894 0.66797
vn -0.44854 -0.87218 0.19523
vn -0.37898 -0.91793 0.11733
vn -0.36055 -0.91872 0.16113
vn -0.19307 -0.96849 0.15733
vn -0.2025 -0.97277 0.11273
vn 0.02948 -0.98529 0.16835
vn 0.05023 -0.99459 0.09096
vn 0.05326 -0.99341 0.10148
vn 0.03918 -0.99208 0.11932
vn -0.33879 -0.91559 0.21659
vn -0.31308 -0.94044 0.13251
vn -0.28191 -0.95186 0.12037
vn -0.61843 -0.75398 0.22147
vn -0.57622 -0.77357 0.26373
vn -0.54178 -0.81182 0.21777
vn -0.79861 -0.50546 0.32671
vn -0.82376 -0.52079 0.22404
vn -0.98681 -0.11655 0.11236
vn -0.96556 -0.13003 0.22534
vn -0.99409 0.10458 0.02925
vn -0.98522 0.09789 0.14056
vn -0.97752 0.20793 -0.03483
vn -0.97016 0.21081 0.11978
vn -0.90891 0.4129 0.0582
vn -0.90874 0.4104 -0.07589
vn -0.69555 0.71588 -0.06104
vn -0.69094 0.71763 -0.08729
vn -0.5863 0.80492 -0.0914
vn -0.58534 0.80412 -0.10381
vn -0.61074 0.78799 -0.07788
vn -0.59307 0.78773 -0.16659
vn -0.49075 0.86875 -0.06663
vn -0.47581 0.84233 -0.25316
vn -0.44703 0.82313 -0.35017
vn -0.37594 0.89505 -0.23989
vn -0.38439 0.84357 -0.37502
vn -0.39217 0.81994 -0.41702
vn -0.21222 0.9135 -0.3471
vn -0.22757 0.88646 -0.40298
vn -0.23568 0.8712 -0.43066
vn -0.05872 0.87852 -0.47408
vn -0.07419 0.91538 -0.39569
vn 0.01129 0.84114 -0.5407
vn 0.39269 0.64506 -0.65551
vn 0.3781 0.799 -0.46759
vn 0.76262 0.55195 -0.33728
vn 0.74046 0.3482 -0.57487
vn 0.87182 0.11062 -0.47717
vn 0.85194 0.36707 -0.37344
vn 0.91229 -0.0726 -0.40307
vn 0.94987 0.0596 -0.3069
vn 0.92377 0.08038 -0.37441
vn 0.89042 0.11156 -0.44126
vn 0.92079 0.06086 -0.38529
vn 0.91541 -0.02634 -0.40166
vn 0.87596 0.07929 -0.47582
vn 0.85369 -0.05367 -0.51801
vn 0.93562 -0.11234 -0.33465
vn 0.8062 -0.1777 -0.56433
vn 0.91547 -0.13652 -0.37853
vn 0.7509 -0.22505 -0.62089
vn 0.79776 -0.12591 -0.58968
vn 0.83476 -0.21449 -0.50711
vn 0.72048 -0.10567 -0.68538
vn 0.95526 -0.15244 -0.25345
vn 0.7767 -0.08979 -0.62344
vn 0.97763 -0.06389 -0.20041
vn 0.80828 -0.04654 -0.58696
vn 0.98786 0.0039 -0.15529
vn 0.89195 0.00121 -0.45214
vn 0.99846 0.03451 0.04341
vn 0.97234 0.04067 -0.22999
vn 0.67504 -0.01945 0.73752
vn 0.76085 -0.02811 0.64832
vn -0.02022 -0.08185 0.99644
vn -0.02889 -0.11104 0.9934
vn -0.13973 -0.08616 0.98643
vn -0.10349 -0.12072 0.98728
vn -0.13987 -0.11062 0.98397
vn -0.13185 -0.11738 0.9843
vn -0.14398 -0.12357 0.98184
vn -0.09621 -0.12561 0.9874
vn -0.02412 -0.0962 0.99507
vn -0.13293 -0.12359 0.98339
vn 0.12927 -0.03646 0.99094
vn 0.09393 -0.01216 0.9955
vn -0.01745 -0.06025 0.99803
vn 0.05972 -0.08182 0.99486
vn 0.00468 -0.08827 0.99609
vn 0.05712 -0.00882 0.99833
vn 0.05206 -0.01548 0.99852
vn 0.04657 -0.10331 0.99356
vn -0.08165 -0.02413 0.99637
vn -0.12787 -0.06865 0.98941
vn -0.18972 -0.05 0.98056
vn -0.19846 -0.04439 0.9791
vn -0.17439 -0.01042 0.98462
vn -0.14946 0.02807 0.98837
vn -0.04096 -0.04246 0.99826
vn -0.04852 -0.02196 0.99858
vn -0.08646 -0.00181 0.99625
vn -0.12784 -0.02671 0.99144
vn -0.09759 -0.04057 0.9944
vn -0.10024 -0.1028 0.98964
vn -0.06839 -0.06973 0.99522
vn -0.13943 -0.1331 0.98125
vn -0.17981 -0.19932 0.9633
vn -0.16036 -0.11926 0.97983
vn -0.1335 -0.23143 0.96365
vn -0.10385 -0.18146 0.9779
vn -0.16423 -0.2848 0.94441
vn -0.19993 -0.35202 0.91439
vn -0.21053 -0.26169 0.94191
vn -0.11708 -0.34084 0.9328
vn -0.10773 -0.2587 0.95993
vn -0.1327 -0.42566 0.8951
vn -0.15787 -0.56636 0.8089
vn -0.2504 -0.47908 0.8413
vn 0.09152 -0.29457 0.95124
vn 0.11434 -0.38936 0.91396
vn 0.12328 -0.59855 0.79155
vn 0.08866 -0.92124 0.37875
vn -0.20211 -0.88401 0.42151
vn 0.09238 -0.28172 0.95504
vn 0.0597 -0.58089 0.81179
vn 0.02793 -0.9131 0.40678
vn -0.25828 -0.50674 0.8225
vn -0.33628 -0.80493 0.48888
vn -0.59625 -0.61956 0.51052
vn -0.44584 -0.37899 0.81092
vn -0.63867 -0.7312 0.23968
vn -0.82636 -0.48615 0.28424
vn -0.75386 -0.38065 0.53553
vn -0.80851 -0.50435 0.30322
vn -0.95756 -0.14186 0.2509
vn -0.94199 -0.13925 0.30541
vn -0.97366 0.10037 0.20474
vn -0.94514 0.11253 0.30668
vn -0.89609 0.24937 0.36721
vn -0.94256 0.22502 0.24686
vn -0.78396 0.36739 0.50043
vn -0.88617 0.39246 0.24632
vn -0.6281 0.6289 0.45823
vn -0.69489 0.70435 0.14496
vn -0.5831 0.80949 0.06865
vn -0.58703 0.77201 0.24372
vn -0.61133 0.78909 0.06013
vn -0.59603 0.7842 0.17256
vn -0.47596 0.87301 0.10641
vn -0.45402 0.85923 0.23579
vn -0.3377 0.92296 0.18469
vn -0.30395 0.89808 0.31789
vn -0.36085 0.9323 -0.02481
vn -0.14089 0.98834 0.0578
vn -0.12305 0.95414 0.2729
vn -0.17721 0.97541 -0.13102
vn 0.0307 0.98755 0.15431
vn -0.00629 0.99997 -0.00424
vn -0.05115 0.96422 -0.26011
vn 0.35293 0.93185 0.08421
vn 0.39259 0.90817 -0.14525
vn 0.40519 0.84997 -0.3367
vn 0.7382 0.62829 -0.24559
vn 0.69607 0.71306 -0.08388
vn 0.78404 0.57017 -0.24534
vn 0.71824 0.68679 -0.11158
vn 0.94914 0.29338 -0.11431
vn 0.92629 0.36471 -0.0947
vn 0.92567 0.27787 -0.25676
vn 0.88886 0.42263 -0.17694
vn 0.82724 0.25469 -0.5008
vn 0.77334 0.2866 -0.56551
vn 0.59064 0.25876 -0.76432
vn 0.72839 0.17984 -0.66114
vn 0.64571 0.09981 -0.75703
vn 0.56889 0.26901 -0.77717
vn 0.68204 0.03469 -0.7305
vn 0.75254 0.3392 -0.56447
vn 0.9015 0.00756 -0.43271
vn 0.90815 0.3562 -0.21995
vn 0.999 -0.02152 -0.03923
vn 0.94834 0.30652 -0.08184
vn 0.99821 -0.05942 0.00622
vn 0.90491 0.26057 0.33651
vn 0.99072 -0.0632 0.12029
vn 0.45792 0.0981 0.88356
vn 0.85252 -0.04196 0.52101
vn -0.0325 0.0037 0.99946
vn 0.35913 -0.03857 0.93249
vn -0.12692 -0.00337 0.99191
vn -0.10701 -0.04374 0.9933
vn -0.09757 -0.01249 0.99515
vn -0.15102 -0.03568 0.98789
vn -0.07256 -0.01462 0.99726
vn -0.09525 -0.03234 0.99493
vn -0.13332 -0.08391 0.98751
vn -0.07557 -0.03815 0.99641
vn -0.11613 -0.09174 0.98899
vn -0.1547 -0.11593 0.98114
vn -0.20273 -0.12105 0.97172
vn -0.15674 -0.11136 0.98134
vn -0.16235 -0.10811 0.98079
vn -0.14775 -0.07594 0.9861
vn -0.21123 -0.12728 0.96911
vn -8E-05 -0.01765 0.99984
vn 0.03803 0.01121 0.99921
vn -0.04064 -0.0359 0.99853
vn -0.03148 0.00479 0.99949
vn -0.03041 0.01167 0.99947
vn -0.11869 0.01838 0.99276
vn -0.14255 -0.01299 0.9897
vn -0.1339 0.01053 0.99094
vn -0.11752 -0.01777 0.99291
vn -0.07311 -0.05604 0.99575
vn -0.09448 0.01536 0.99541
vn -0.06313 -0.01466 0.9979
vn -0.05051 -0.03856 0.99798
vn -0.07847 0.04211 0.99603
vn -0.05318 -0.0482 0.99742
vn -0.07271 -0.12181 0.98989
vn -0.09149 -0.1566 0.98342
vn -0.06825 -0.05982 0.99587
vn -0.10365 -0.21377 0.97137
vn -0.03538 -0.10716 0.99361
vn 0.01542 -0.13815 0.99029
vn 0.0629 -0.18026 0.98161
vn 0.10092 -0.00924 0.99485
vn 0.1057 -0.06062 0.99255
vn 0.10134 -0.16995 0.98023
vn -0.06003 0.01196 0.99812
vn -0.07508 -0.05404 0.99571
vn -0.14728 -0.22119 0.96404
vn -0.14628 0.01345 0.98915
vn -0.28386 -0.15539 0.94619
vn -0.33219 -0.03237 0.94266
vn -0.24805 0.02209 0.96849
vn -0.51627 -0.18288 0.83667
vn -0.52587 0.00222 0.85056
vn -0.34516 0.04018 0.93768
vn -0.82276 -0.08576 0.56188
vn -0.82865 0.12137 0.54645
vn -0.5522 0.10458 0.82713
vn -0.55354 0.23657 0.79852
vn -0.78039 0.26582 0.56597
vn -0.6362 0.35632 0.68432
vn -0.48029 0.33292 0.81147
vn -0.58134 0.51539 0.62962
vn -0.50037 0.36494 0.78514
vn -0.54641 0.51013 0.66424
vn -0.62307 0.70645 0.33571
vn -0.55668 0.78362 0.27578
vn -0.44212 0.66572 0.60113
vn -0.4134 0.8019 0.43134
vn -0.3622 0.7112 0.6025
vn -0.26929 0.82729 0.49303
vn -0.279 0.79421 0.53981
vn -0.12947 0.87436 0.46769
vn -0.15903 0.8747 0.45784
vn -0.11582 0.90797 0.40272
vn 0.00636 0.94322 0.33211
vn -0.06672 0.94451 0.32165
vn 0.03717 0.95055 0.30833
vn 0.15599 0.96434 0.21379
vn 0.06594 0.98559 0.15579
vn 0.28068 0.94825 0.14845
vn 0.55093 0.83448 -0.01094
vn 0.44973 0.89199 -0.04574
vn 0.62532 0.78036 0.00382
vn 0.68074 0.72708 -0.08917
vn 0.66482 0.73944 -0.10606
vn 0.82092 0.50336 -0.26968
vn 0.66109 0.7117 -0.23759
vn 0.7541 0.53073 -0.38685
vn 0.71341 0.32091 -0.62294
vn 0.69748 0.43919 -0.56624
vn 0.73854 0.64944 -0.18109
vn 0.75292 0.58842 -0.29475
vn 0.67948 0.73086 0.06445
vn 0.75854 0.64689 -0.07843
vn 0.59004 0.73785 0.32776
vn 0.68742 0.63064 0.3602
vn 0.28058 0.46018 0.84232
vn 0.23567 0.29484 0.92603
vn -0.03862 0.06978 0.99681
vn -0.10108 0.01855 0.99471
vn -0.07112 0.00297 0.99746
vn -0.08814 0.02143 0.99588
vn -0.08421 0.00633 0.99643
vn -0.07284 0.02276 0.99708
vn -0.10619 0.01344 0.99425
vn -0.07851 0.00492 0.9969
vn -0.11659 0.00222 0.99318
vn -0.10916 -0.02909 0.9936
vn -0.09874 -0.01909 0.99493
vn -0.12077 -0.03356 0.99211
vn -0.1528 -0.00867 0.98822
vn -0.13432 -0.00043 0.99094
vn -0.13548 -0.06972 0.98832
vn -0.17579 -0.06348 0.98238
vn -0.18793 -0.10084 0.97699
vn -0.17709 -0.08595 0.98043
vn -0.16622 -0.07919 0.9829
vn -0.16501 -0.11176 0.97994
vn -0.17176 -0.05585 0.98355
vn -0.13326 -0.01928 0.99089
vn -0.10198 -0.06385 0.99274
vn -0.13414 -0.04777 0.98981
vn -0.14907 -0.09459 0.98429
vn -0.12875 -0.00421 0.99167
vn -0.11368 -0.01608 0.99339
vn -0.09935 -0.05641 0.99345
vn -0.11631 0.01157 0.99315
vn -0.09712 -0.03047 0.99481
vn -0.11849 0.00244 0.99295
vn -0.12187 0.04793 0.99139
vn -0.06647 -0.02965 0.99735
vn -0.05512 0.0682 0.99615
vn -0.04617 0.07236 0.99631
vn 0.02379 0.06437 0.99764
vn -0.01813 0.02446 0.99954
vn -0.05963 -0.06519 0.99609
vn 0.02895 -0.03647 0.99892
vn 0.01855 -0.02086 0.99961
vn 0.07345 -0.00311 0.99729
vn 0.0044 -0.00322 0.99999
vn -0.00433 0.03849 0.99925
vn -0.03816 0.03892 0.99851
vn -0.12046 0.01014 0.99267
vn -0.13001 0.02312 0.99124
vn -0.20427 -0.00349 0.97891
vn -0.1437 -0.00662 0.9896
vn -0.28576 0.01964 0.9581
vn -0.16897 0.02698 0.98525
vn -0.36625 0.02515 0.93018
vn -0.40304 0.06115 0.91314
vn -0.28813 0.05652 0.95592
vn -0.39845 0.07457 0.91415
vn -0.43309 0.20377 0.87802
vn -0.36892 0.17833 0.91219
vn -0.41586 0.31766 0.85215
vn -0.38458 0.2905 0.87619
vn -0.43291 0.28291 0.85589
vn -0.45321 0.29533 0.84106
vn -0.44111 0.32495 0.83656
vn -0.49921 0.33965 0.79713
vn -0.47047 0.54306 0.69552
vn -0.39374 0.55054 0.73612
vn -0.38833 0.71266 0.58422
vn -0.39307 0.66385 0.63624
vn -0.31314 0.80139 0.50962
vn -0.27804 0.63627 0.71962
vn -0.16484 0.83624 0.523
vn -0.13764 0.60513 0.78414
vn -0.13371 0.78438 0.6057
vn -0.12553 0.5802 0.80474
vn -0.12874 0.896 0.42499
vn -0.08057 0.92378 0.37435
vn -0.18868 0.73157 0.65514
vn 0.00344 0.98338 0.1815
vn 0.26156 0.94857 0.17832
vn 0.21378 0.91923 0.33063
vn 0.34017 0.94036 -0.00035
vn 0.6237 0.77565 -0.09683
vn 0.54903 0.81634 0.17931
vn 0.51376 0.79538 0.32159
vn 0.31352 0.56743 0.7614
vn 0.05433 0.68768 0.72398
vn -0.12194 0.22853 0.96587
vn -0.00874 0.1376 0.99045
vn -0.13448 0.07335 0.9882
vn -0.09763 0.00135 0.99522
vn -0.10868 0.01607 0.99395
vn -0.11985 -0.0349 0.99218
vn -0.11325 -0.05652 0.99196
vn -0.13298 -0.0381 0.99039
vn -0.10602 -0.03638 0.9937
vn -0.09765 -0.04797 0.99406
vn -0.10191 -0.02804 0.9944
vn -0.10129 -0.06115 0.99298
vn -0.11746 -0.03299 0.99253
vn -0.10668 -0.08495 0.99066
vn -0.14586 -0.07281 0.98662
vn -0.0994 -0.08539 0.99138
vn -0.09032 -0.08005 0.99269
vn -0.08427 -0.07812 0.99338
vn -0.08728 -0.06895 0.9938
vn -0.06587 -0.08339 0.99434
vn -0.05869 -0.0665 0.99606
vn -0.05192 -0.04689 0.99755
vn -0.02246 -0.06516 0.99762
vn -0.03718 -0.05934 0.99755
vn -0.01168 -0.02031 0.99973
vn -0.04139 -0.05683 0.99753
vn 0.01212 0.02251 0.99967
vn 0.03924 0.05499 0.99772
vn 0.00847 0.06015 0.99815
vn 0.01525 0.03518 0.99926
vn -0.00434 -0.00274 0.99999
vn -0.03133 0.06337 0.9975
vn -0.05918 0.05026 0.99698
vn -0.03227 0.03144 0.99898
vn -0.03498 0.01831 0.99922
vn -0.1223 0.04594 0.99143
vn -0.12961 0.0355 0.99093
vn -0.03979 -0.01155 0.99914
vn -0.04571 -0.00193 0.99895
vn -0.14739 0.06971 0.98662
vn -0.30898 0.17209 0.93537
vn -0.255 0.11351 0.96026
vn -0.15779 0.01838 0.9873
vn -0.06743 -0.02547 0.9974
vn -0.35972 0.16894 0.91764
vn -0.44283 0.26613 0.8562
vn -0.34827 0.22955 0.90885
vn -0.31091 0.1417 0.93982
vn -0.1044 -0.01043 0.99448
vn -0.48104 0.286 0.82874
vn -0.25543 0.10541 0.96106
vn -0.41055 0.36162 0.83707
vn -0.20694 0.1848 0.96074
vn -0.30025 0.45753 0.83697
vn -0.08251 0.26411 0.96096
vn -0.173 0.40309 0.89866
vn -0.07732 0.19262 0.97822
vn -0.10496 0.33444 0.93655
vn -0.14216 0.15049 0.97834
vn -0.1353 0.36587 0.92078
vn -0.15064 0.2711 0.95069
vn -0.1075 0.11204 0.98787
vn -0.21602 0.44103 0.87111
vn -0.12923 0.00552 0.9916
vn -0.03632 0.03633 0.99868
vn -0.11383 -0.02932 0.99307
vn -0.03667 -0.06295 0.99734
vn -0.10167 -0.05696 0.99319
vn -0.06274 -0.05692 0.99641
vn -0.06467 -0.07094 0.99538
vn -0.03947 -0.08211 0.99584
vn -0.04867 -0.05778 0.99714
vn -0.02238 -0.08219 0.99636
vn -0.04942 -0.07156 0.99621
vn -0.0573 -0.0604 0.99653
vn -0.01451 -0.0379 0.99918
vn -0.05696 -0.0354 0.99775
vn -0.07177 -0.03262 0.99689
vn -0.09322 -0.07964 0.99245
vn -0.12998 -0.0595 0.98973
vn -0.06034 -0.1676 0.98401
vn -0.11776 -0.0843 0.98946
vn 0.00762 -0.15146 0.98843
vn -0.00266 -0.00221 0.99999
vn -0.27542 0.14491 0.95034
vn -0.19971 0.04753 0.9787
vn -0.12349 -0.10932 0.98631
vn -0.19064 -0.12585 0.97356
vn -0.33421 -0.79715 0.50285
vn -0.25642 -0.39106 0.88392
vn -0.17872 -0.20258 0.96282
vn -0.02608 -0.15275 0.98792
vt 0.30242 0.34937
vt 0.28985 0.36743
vt 0.29604 0.35199
vt 0.2983 0.36896
vt 0.29899 0.33721
vt 0.30773 0.32899
vt 0.28661 0.35141
vt 0.25754 0.20463
vt 0.25909 0.22741
vt 0.24183 0.22487
vt 0.29165 0.20193
vt 0.20266 0.22949
vt 0.20351 0.24824
vt 0.21489 0.25914
vt 0.24843 0.66586
vt 0.25878 0.67286
vt 0.25749 0.69801
vt 0.24252 0.67998
vt 0.25765 0.64437
vt 0.24505 0.64311
vt 0.23192 0.65092
vt 0.27719 0.89352
vt 0.28149 0.87479
vt 0.30493 0.89389
vt 0.25759 0.86704
vt 0.24839 0.83954
vt 0.27877 0.8583
vt 0.30727 0.87726
vt 0.65403 0.14101
vt 0.56157 0.14139
vt 0.53605 0.13222
vt 0.66462 0.15487
vt 0.58048 0.15681
vt 0.5365 0.15538
vt 0.61569 0.15922
vt 0.68721 0.17064
vt 0.56747 0.16263
vt 0.53927 0.16468
vt 0.58674 0.17135
vt 0.61434 0.17023
vt 0.55701 0.17298
vt 0.4282 0.36937
vt 0.44219 0.34951
vt 0.45243 0.36556
vt 0.421 0.34797
vt 0.4322 0.32493
vt 0.45831 0.33679
vt 0.47993 0.35809
vt 0.63893 0.5624
vt 0.61757 0.56924
vt 0.63366 0.54689
vt 0.61975 0.54535
vt 0.64683 0.5316
vt 0.6606 0.54831
vt 0.63134 0.51963
vt 0.8652 0.43755
vt 0.85432 0.50547
vt 0.8496 0.45329
vt 0.88195 0.51693
vt 0.82788 0.48114
vt 0.82771 0.42378
vt 0.83386 0.37732
vt 0.64889 0.75053
vt 0.63396 0.77025
vt 0.6299 0.75737
vt 0.64972 0.76883
vt 0.62508 0.78161
vt 0.64584 0.78716
vt 0.61483 0.76584
vt 0.70571 0.69044
vt 0.69013 0.72365
vt 0.6812 0.71155
vt 0.68594 0.68757
vt 0.6663 0.71958
vt 0.67093 0.74106
vt 0.66609 0.69172
vt 0.73745 0.55874
vt 0.76024 0.52726
vt 0.78113 0.57419
vt 0.7449 0.59691
vt 0.7915 0.50142
vt 0.77345 0.47533
vt 0.81024 0.52605
vt 0.80407 0.59594
vt 0.83141 0.55007
vt 0.81997 0.62069
vt 0.7837 0.66531
vt 0.79789 0.68751
vt 0.76645 0.65018
vt 0.74022 0.64681
vt 0.75269 0.7258
vt 0.73997 0.70923
vt 0.72528 0.69791
vt 0.71496 0.64617
vt 0.70078 0.73863
vt 0.70926 0.75461
vt 0.67507 0.76029
vt 0.67606 0.77967
vt 0.71512 0.77355
vt 0.67204 0.79862
vt 0.63784 0.80464
vt 0.66585 0.81783
vt 0.62721 0.82103
vt 0.60186 0.80876
vt 0.61351 0.79529
vt 0.58422 0.78917
vt 0.60032 0.77667
vt 0.57526 0.76316
vt 0.59318 0.75226
vt 0.60987 0.74321
vt 0.62696 0.7365
vt 0.60888 0.71421
vt 0.59157 0.72303
vt 0.62648 0.70597
vt 0.64576 0.69883
vt 0.64617 0.72825
vt 0.62721 0.67187
vt 0.60775 0.68013
vt 0.64773 0.66347
vt 0.64336 0.63311
vt 0.62264 0.64143
vt 0.66581 0.62429
vt 0.669 0.65524
vt 0.68993 0.61496
vt 0.69126 0.64864
vt 0.71645 0.60579
vt 0.70824 0.57538
vt 0.68218 0.58892
vt 0.6961 0.55071
vt 0.67235 0.56687
vt 0.72337 0.52949
vt 0.70518 0.5063
vt 0.68273 0.52874
vt 0.74296 0.49767
vt 0.72445 0.47428
vt 0.75504 0.45251
vt 0.7344 0.43105
vt 0.75224 0.39544
vt 0.73168 0.37714
vt 0.77247 0.41389
vt 0.78854 0.43502
vt 0.76245 0.35258
vt 0.73995 0.3341
vt 0.78665 0.37448
vt 0.80596 0.3973
vt 0.80829 0.45693
vt 0.77906 0.31622
vt 0.7539 0.29706
vt 0.8053 0.33991
vt 0.81199 0.30794
vt 0.77594 0.2759
vt 0.85248 0.35615
vt 0.81995 0.28955
vt 0.86735 0.34689
vt 0.88891 0.43248
vt 0.90625 0.42951
vt 0.90614 0.52491
vt 0.9229 0.52971
vt 0.90071 0.61636
vt 0.91557 0.62703
vt 0.88162 0.59905
vt 0.85472 0.57601
vt 0.85825 0.68081
vt 0.87154 0.70422
vt 0.84253 0.65043
vt 0.81043 0.72082
vt 0.81814 0.75388
vt 0.76475 0.77984
vt 0.76401 0.81142
vt 0.7634 0.74901
vt 0.71532 0.79551
vt 0.71175 0.82059
vt 0.65914 0.83782
vt 0.7048 0.84685
vt 0.64862 0.85839
vt 0.60201 0.85422
vt 0.61567 0.83767
vt 0.56989 0.83811
vt 0.58603 0.82353
vt 0.56608 0.80211
vt 0.54643 0.81449
vt 0.55446 0.77403
vt 0.53173 0.78464
vt 0.52229 0.7513
vt 0.54901 0.74173
vt 0.57263 0.73222
vt 0.54404 0.70633
vt 0.56868 0.69691
vt 0.58887 0.68825
vt 0.58413 0.65655
vt 0.56281 0.66423
vt 0.60338 0.64917
vt 0.59555 0.62356
vt 0.57611 0.62902
vt 0.61487 0.61779
vt 0.60633 0.59374
vt 0.58829 0.59703
vt 0.62635 0.58916
vt 0.63585 0.60983
vt 0.64891 0.58021
vt 0.65834 0.6001
vt 0.60183 0.56935
vt 0.58459 0.569
vt 0.58606 0.53934
vt 0.60421 0.54184
vt 0.59734 0.50676
vt 0.61593 0.51231
vt 0.61268 0.47382
vt 0.6326 0.48293
vt 0.65051 0.49491
vt 0.66676 0.5107
vt 0.65158 0.45351
vt 0.67157 0.46829
vt 0.6894 0.48515
vt 0.68798 0.43624
vt 0.70644 0.45412
vt 0.696 0.39654
vt 0.71508 0.41261
vt 0.69188 0.34791
vt 0.71187 0.36194
vt 0.67162 0.29387
vt 0.69495 0.30549
vt 0.71831 0.31844
vt 0.67347 0.25585
vt 0.70052 0.26677
vt 0.72805 0.27945
vt 0.70831 0.23613
vt 0.6773 0.22462
vt 0.74261 0.25279
vt 0.72433 0.21983
vt 0.67977 0.19982
vt 0.7737 0.24842
vt 0.76754 0.22652
vt 0.70327 0.18999
vt 0.82691 0.27619
vt 0.83266 0.26516
vt 0.76455 0.20914
vt 0.87846 0.34126
vt 0.88852 0.33623
vt 0.91921 0.42744
vt 0.93108 0.42596
vt 0.93567 0.5322
vt 0.94721 0.53395
vt 0.92681 0.63486
vt 0.93675 0.64151
vt 0.89059 0.73615
vt 0.89832 0.74821
vt 0.88245 0.72257
vt 0.82296 0.80682
vt 0.82338 0.82838
vt 0.82287 0.78207
vt 0.75774 0.83842
vt 0.74877 0.86427
vt 0.67915 0.89409
vt 0.69344 0.87097
vt 0.62076 0.89813
vt 0.63557 0.87883
vt 0.56867 0.88757
vt 0.58647 0.87116
vt 0.52919 0.86616
vt 0.55122 0.85221
vt 0.52425 0.82589
vt 0.50052 0.83631
vt 0.5076 0.79348
vt 0.48357 0.80162
vt 0.49535 0.7597
vt 0.47106 0.76648
vt 0.48397 0.72473
vt 0.46002 0.73036
vt 0.51464 0.71611
vt 0.50859 0.68047
vt 0.47911 0.68696
vt 0.53755 0.67284
vt 0.50641 0.64463
vt 0.53306 0.63889
vt 0.55589 0.63431
vt 0.52734 0.60544
vt 0.54942 0.60179
vt 0.56935 0.59955
vt 0.56647 0.56891
vt 0.54647 0.56949
vt 0.5683 0.53716
vt 0.54976 0.53605
vt 0.55782 0.4982
vt 0.57689 0.50153
vt 0.57063 0.46137
vt 0.59225 0.46604
vt 0.58626 0.42214
vt 0.61025 0.42918
vt 0.63229 0.43926
vt 0.62455 0.39151
vt 0.64824 0.40518
vt 0.6695 0.41948
vt 0.65255 0.36615
vt 0.67566 0.38056
vt 0.63988 0.32018
vt 0.66918 0.33367
vt 0.64656 0.28296
vt 0.61564 0.27448
vt 0.61588 0.23961
vt 0.57951 0.23473
vt 0.64525 0.24523
vt 0.61014 0.20887
vt 0.57791 0.20821
vt 0.64447 0.21334
vt 0.61407 0.18695
vt 0.58104 0.18584
vt 0.64668 0.18999
vt 0.65003 0.17295
vt 0.54653 0.18921
vt 0.52271 0.1789
vt 0.50722 0.19795
vt 0.48511 0.1945
vt 0.50319 0.17419
vt 0.46777 0.19192
vt 0.48992 0.16967
vt 0.45411 0.19077
vt 0.44284 0.18971
vt 0.48451 0.16322
vt 0.43013 0.18908
vt 0.46825 0.15937
vt 0.44496 0.15646
vt 0.4127 0.18906
vt 0.50936 0.12104
vt 0.65005 0.13065
vt 0.43496 0.12708
vt 0.41846 0.15786
vt 0.53671 0.10725
vt 0.65854 0.12059
vt 0.31787 0.12191
vt 0.39395 0.14019
vt 0.3072 0.13707
vt 0.77184 0.1613
vt 0.67548 0.1126
vt 0.77847 0.15174
vt 0.76616 0.17259
vt 0.76187 0.18285
vt 0.85792 0.23783
vt 0.86874 0.22858
vt 0.84698 0.24694
vt 0.83936 0.25507
vt 0.76291 0.19469
vt 0.91032 0.3249
vt 0.92223 0.31903
vt 0.89901 0.33093
vt 0.94249 0.42538
vt 0.95309 0.42524
vt 0.9577 0.53653
vt 0.96686 0.53905
vt 0.94623 0.64765
vt 0.95465 0.65296
vt 0.906 0.76
vt 0.91405 0.76816
vt 0.82772 0.86241
vt 0.83212 0.8747
vt 0.82498 0.84722
vt 0.71774 0.93134
vt 0.72643 0.91248
vt 0.73736 0.89054
vt 0.63841 0.93754
vt 0.66145 0.91647
vt 0.5797 0.93216
vt 0.6014 0.91583
vt 0.52582 0.91385
vt 0.54776 0.9022
vt 0.50486 0.87764
vt 0.48313 0.88598
vt 0.47683 0.84444
vt 0.45712 0.85003
vt 0.46096 0.80747
vt 0.4425 0.81204
vt 0.44974 0.7711
vt 0.43207 0.77476
vt 0.42266 0.73589
vt 0.43963 0.73361
vt 0.4178 0.69649
vt 0.43466 0.69453
vt 0.45438 0.69185
vt 0.43312 0.65541
vt 0.45222 0.65335
vt 0.47796 0.65037
vt 0.45405 0.61378
vt 0.47844 0.61203
vt 0.50335 0.60976
vt 0.48214 0.57231
vt 0.504 0.57241
vt 0.52562 0.57155
vt 0.50987 0.53385
vt 0.53041 0.53401
vt 0.51613 0.49503
vt 0.53757 0.4949
vt 0.52359 0.45564
vt 0.5476 0.45713
vt 0.52886 0.41737
vt 0.55877 0.41852
vt 0.52774 0.38173
vt 0.56461 0.37956
vt 0.59728 0.38065
vt 0.58695 0.34244
vt 0.55017 0.34204
vt 0.62234 0.34991
vt 0.60251 0.30827
vt 0.56384 0.30369
vt 0.57187 0.2679
vt 0.5259 0.27017
vt 0.53279 0.23635
vt 0.48757 0.24833
vt 0.49449 0.22042
vt 0.45845 0.23928
vt 0.5386 0.20779
vt 0.46705 0.21419
vt 0.43853 0.23752
vt 0.44751 0.21345
vt 0.42425 0.23669
vt 0.43179 0.21374
vt 0.41281 0.23702
vt 0.41956 0.21469
vt 0.40345 0.23803
vt 0.40961 0.21594
vt 0.39455 0.23949
vt 0.40104 0.21731
vt 0.38419 0.24149
vt 0.3927 0.21882
vt 0.36984 0.24433
vt 0.35629 0.24703
vt 0.37895 0.22193
vt 0.39156 0.19306
vt 0.3768 0.1981
vt 0.36592 0.22535
vt 0.38988 0.16656
vt 0.37093 0.17541
vt 0.36546 0.20233
vt 0.36793 0.15094
vt 0.297 0.15156
vt 0.3401 0.16684
vt 0.35092 0.18567
vt 0.28544 0.16663
vt 0.27282 0.18409
vt 0.3199 0.18078
vt 0.20215 0.19614
vt 0.20321 0.21086
vt 0.19993 0.18374
vt 0.19689 0.1724
vt 0.12046 0.24093
vt 0.1291 0.25164
vt 0.11185 0.2298
vt 0.87994 0.21935
vt 0.05254 0.30646
vt 0.06391 0.31653
vt 0.93615 0.31485
vt 0.95069 0.3124
vt 0.97606 0.42718
vt 0.98774 0.42781
vt 0.96498 0.42659
vt 0.97597 0.54192
vt 0.98595 0.544
vt 0.96247 0.6577
vt 0.97058 0.66176
vt 0.92159 0.77496
vt 0.92869 0.7818
vt 0.83651 0.88597
vt 0.842 0.89726
vt 0.70272 0.97769
vt 0.7046 0.96348
vt 0.7093 0.9487
vt 0.55304 0.98219
vt 0.58454 0.97074
vt 0.61259 0.95662
vt 0.52833 0.95419
vt 0.55415 0.945
vt 0.50427 0.92189
vt 0.48411 0.92719
vt 0.46567 0.89045
vt 0.44974 0.89338
vt 0.44135 0.85314
vt 0.42681 0.855
vt 0.4124 0.81635
vt 0.42677 0.81454
vt 0.40288 0.77784
vt 0.41679 0.77644
vt 0.39459 0.73811
vt 0.40804 0.73728
vt 0.38911 0.69844
vt 0.40248 0.69779
vt 0.38622 0.65742
vt 0.40089 0.65707
vt 0.41659 0.6568
vt 0.40145 0.61527
vt 0.4176 0.61547
vt 0.43451 0.61542
vt 0.42134 0.57353
vt 0.44029 0.57359
vt 0.46071 0.5732
vt 0.46551 0.53557
vt 0.44509 0.53486
vt 0.48706 0.53444
vt 0.49455 0.49433
vt 0.47235 0.49597
vt 0.47393 0.45574
vt 0.49853 0.45553
vt 0.49876 0.41844
vt 0.47252 0.4208
vt 0.49351 0.3846
vt 0.46416 0.39043
vt 0.51459 0.34924
vt 0.48621 0.3216
vt 0.52166 0.30677
vt 0.48305 0.28201
vt 0.45279 0.3011
vt 0.42892 0.293
vt 0.45172 0.26897
vt 0.41447 0.28892
vt 0.43168 0.26353
vt 0.40289 0.28652
vt 0.41775 0.26156
vt 0.39318 0.28571
vt 0.40616 0.26118
vt 0.38495 0.28527
vt 0.39625 0.26153
vt 0.37778 0.2852
vt 0.38771 0.26234
vt 0.37063 0.28578
vt 0.37917 0.26358
vt 0.36269 0.28713
vt 0.36982 0.2653
vt 0.35284 0.28954
vt 0.35883 0.26783
vt 0.34401 0.29214
vt 0.34675 0.27133
vt 0.33575 0.29504
vt 0.33866 0.27412
vt 0.34738 0.24981
vt 0.33156 0.27691
vt 0.33958 0.25304
vt 0.35487 0.22864
vt 0.34416 0.23295
vt 0.33145 0.25677
vt 0.35064 0.20881
vt 0.33694 0.21563
vt 0.33239 0.23824
vt 0.333 0.19564
vt 0.31142 0.20909
vt 0.31835 0.2257
vt 0.29044 0.2426
vt 0.27553 0.23302
vt 0.24768 0.27497
vt 0.23031 0.2672
vt 0.19886 0.32348
vt 0.1805 0.3149
vt 0.16482 0.30355
vt 0.15323 0.28895
vt 0.1346 0.37392
vt 0.1177 0.36362
vt 0.10473 0.35345
vt 0.0941 0.34389
vt 0.14497 0.27548
vt 0.07094 0.43599
vt 0.08411 0.44143
vt 0.0589 0.43079
vt 0.04789 0.42572
vt 0.0837 0.33471
vt 0.04441 0.52876
vt 0.05628 0.53014
vt 0.0333 0.52728
vt 0.02348 0.52544
vt 0.03812 0.4208
vt 0.04187 0.63512
vt 0.0519 0.63287
vt 0.03289 0.63676
vt 0.02425 0.63797
vt 0.0133 0.52348
vt 0.07869 0.74548
vt 0.07142 0.75163
vt 0.06382 0.75809
vt 0.05527 0.7632
vt 0.01523 0.63892
vt 0.14399 0.86195
vt 0.13865 0.87645
vt 0.12935 0.88804
vt 0.93653 0.78895
vt 0.85023 0.91004
vt 0.25496 0.95839
vt 0.2542 0.97648
vt 0.70481 0.99389
vt 0.47282 0.99805
vt 0.42774 0.98552
vt 0.5161 0.99242
vt 0.47711 0.96233
vt 0.44984 0.96259
vt 0.50328 0.96102
vt 0.46458 0.92944
vt 0.44545 0.93014
vt 0.43382 0.89449
vt 0.41819 0.89459
vt 0.39901 0.8554
vt 0.41263 0.85572
vt 0.38501 0.81667
vt 0.39847 0.81678
vt 0.37538 0.77832
vt 0.38882 0.77846
vt 0.38188 0.73854
vt 0.3698 0.73833
vt 0.3764 0.69859
vt 0.36431 0.69828
vt 0.37264 0.65731
vt 0.36002 0.6571
vt 0.37125 0.61505
vt 0.35815 0.61495
vt 0.38571 0.61542
vt 0.3869 0.57278
vt 0.37117 0.57322
vt 0.40356 0.57322
vt 0.38899 0.5339
vt 0.4069 0.53407
vt 0.42554 0.53507
vt 0.40886 0.4971
vt 0.42897 0.49623
vt 0.4503 0.49584
vt 0.45161 0.45733
vt 0.43052 0.45866
vt 0.44847 0.42334
vt 0.42624 0.42694
vt 0.43871 0.39449
vt 0.41798 0.39819
vt 0.41204 0.37094
vt 0.4021 0.40129
vt 0.40035 0.37254
vt 0.41156 0.34564
vt 0.40104 0.34464
vt 0.41625 0.31826
vt 0.40273 0.31506
vt 0.39057 0.34403
vt 0.39168 0.31341
vt 0.38008 0.34364
vt 0.3829 0.31233
vt 0.3722 0.34274
vt 0.37476 0.31111
vt 0.36557 0.34154
vt 0.36732 0.31007
vt 0.35549 0.34082
vt 0.35952 0.31039
vt 0.34406 0.34038
vt 0.3507 0.31208
vt 0.33249 0.34101
vt 0.34202 0.31364
vt 0.32538 0.34203
vt 0.33311 0.31614
vt 0.32046 0.34263
vt 0.32668 0.31825
vt 0.31651 0.34341
vt 0.32156 0.32056
vt 0.32867 0.298
vt 0.31626 0.32372
vt 0.32149 0.30197
vt 0.32413 0.2805
vt 0.31633 0.28535
vt 0.31284 0.3071
vt 0.32273 0.26128
vt 0.31321 0.26757
vt 0.30771 0.29131
vt 0.31771 0.24538
vt 0.29693 0.25794
vt 0.29776 0.27832
vt 0.26852 0.30308
vt 0.26118 0.28588
vt 0.22664 0.34945
vt 0.21489 0.33476
vt 0.19185 0.4074
vt 0.17466 0.39584
vt 0.15431 0.38388
vt 0.14589 0.46145
vt 0.1226 0.45451
vt 0.10062 0.44742
vt 0.10572 0.53262
vt 0.08505 0.53212
vt 0.06892 0.53149
vt 0.07488 0.62643
vt 0.08867 0.62185
vt 0.06279 0.63
vt 0.10346 0.72112
vt 0.09451 0.73013
vt 0.08595 0.73837
vt 0.15344 0.82137
vt 0.15072 0.83564
vt 0.14751 0.84896
vt 0.23826 0.90593
vt 0.2454 0.92363
vt 0.25134 0.94172
vt 0.35613 0.95472
vt 0.39007 0.97132
vt 0.39905 0.94961
vt 0.37391 0.93889
vt 0.42348 0.95918
vt 0.40721 0.92502
vt 0.38674 0.91878
vt 0.42619 0.9296
vt 0.40277 0.89284
vt 0.38712 0.8898
vt 0.37165 0.85183
vt 0.38549 0.85402
vt 0.37166 0.81538
vt 0.3583 0.81322
vt 0.36189 0.77676
vt 0.34916 0.77498
vt 0.34494 0.73623
vt 0.35748 0.73754
vt 0.35239 0.69761
vt 0.34019 0.69681
vt 0.34791 0.65647
vt 0.33591 0.65583
vt 0.34595 0.61486
vt 0.33432 0.61456
vt 0.34479 0.57402
vt 0.33322 0.57437
vt 0.3571 0.57382
vt 0.35892 0.53599
vt 0.34667 0.53675
vt 0.37288 0.53509
vt 0.37503 0.49978
vt 0.36176 0.50141
vt 0.391 0.49817
vt 0.3935 0.46405
vt 0.37885 0.46664
vt 0.41062 0.46112
vt 0.40739 0.43002
vt 0.39238 0.43262
vt 0.3901 0.40238
vt 0.37954 0.43427
vt 0.37851 0.40435
vt 0.38944 0.37332
vt 0.37779 0.37436
vt 0.36881 0.40477
vt 0.36958 0.3739
vt 0.35932 0.40484
vt 0.36106 0.37337
vt 0.34938 0.40403
vt 0.35076 0.37277
vt 0.33864 0.40315
vt 0.34035 0.37211
vt 0.32808 0.40183
vt 0.33114 0.37058
vt 0.32079 0.39935
vt 0.3247 0.3692
vt 0.3135 0.39746
vt 0.3193 0.36796
vt 0.3068 0.39561
vt 0.31382 0.36733
vt 0.29979 0.39363
vt 0.30735 0.36764
vt 0.31102 0.34564
vt 0.29213 0.39109
vt 0.28504 0.42123
vt 0.29352 0.42456
vt 0.28144 0.38758
vt 0.27168 0.41708
vt 0.25677 0.4064
vt 0.27173 0.37398
vt 0.26993 0.35154
vt 0.29021 0.32608
vt 0.24304 0.38886
vt 0.23702 0.36767
vt 0.27013 0.32332
vt 0.22511 0.43343
vt 0.2444 0.4458
vt 0.20633 0.41978
vt 0.18926 0.47372
vt 0.21081 0.48005
vt 0.16671 0.46782
vt 0.17893 0.52839
vt 0.15546 0.53065
vt 0.12942 0.53213
vt 0.15487 0.59474
vt 0.13113 0.6055
vt 0.10568 0.61547
vt 0.1473 0.67706
vt 0.12825 0.69595
vt 0.11338 0.71043
vt 0.15998 0.78807
vt 0.16691 0.76483
vt 0.15537 0.80575
vt 0.21513 0.84392
vt 0.22272 0.86756
vt 0.23052 0.8882
vt 0.30285 0.91751
vt 0.32783 0.93778
vt 0.35113 0.92628
vt 0.32843 0.91176
vt 0.3488 0.90188
vt 0.32906 0.89129
vt 0.36741 0.91177
vt 0.35477 0.87915
vt 0.33889 0.87211
vt 0.37031 0.88559
vt 0.35699 0.84797
vt 0.34287 0.84333
vt 0.34529 0.80992
vt 0.33262 0.80593
vt 0.33683 0.77241
vt 0.32519 0.76897
vt 0.33235 0.73416
vt 0.32107 0.73141
vt 0.31728 0.69285
vt 0.32836 0.69498
vt 0.32506 0.65467
vt 0.31396 0.65328
vt 0.323 0.61405
vt 0.31142 0.61349
vt 0.32186 0.57434
vt 0.31078 0.57425
vt 0.32389 0.53721
vt 0.31347 0.53683
vt 0.33497 0.53724
vt 0.3382 0.5028
vt 0.3273 0.50312
vt 0.34957 0.50243
vt 0.3553 0.46947
vt 0.34402 0.46954
vt 0.36657 0.46816
vt 0.36669 0.43564
vt 0.35549 0.43609
vt 0.34474 0.43584
vt 0.33423 0.43526
vt 0.33174 0.46888
vt 0.32025 0.46718
vt 0.32428 0.43422
vt 0.30922 0.46588
vt 0.31544 0.43214
vt 0.30134 0.46359
vt 0.30795 0.42975
vt 0.29463 0.46106
vt 0.30108 0.42729
vt 0.28572 0.45875
vt 0.28037 0.49493
vt 0.29031 0.49682
vt 0.26945 0.4933
vt 0.27614 0.4559
vt 0.25438 0.49099
vt 0.26238 0.4528
vt 0.23215 0.48685
vt 0.24826 0.53054
vt 0.22722 0.52869
vt 0.20121 0.5276
vt 0.2246 0.57114
vt 0.20074 0.57509
vt 0.17606 0.58368
vt 0.20501 0.62228
vt 0.18536 0.6387
vt 0.16545 0.65819
vt 0.20368 0.68937
vt 0.19106 0.71369
vt 0.17726 0.74035
vt 0.21438 0.78399
vt 0.22112 0.75723
vt 0.21101 0.81321
vt 0.24681 0.8136
vt 0.27639 0.83401
vt 0.2499 0.78605
vt 0.27526 0.80719
vt 0.29743 0.82119
vt 0.30308 0.85249
vt 0.25211 0.75565
vt 0.27336 0.7737
vt 0.29112 0.78648
vt 0.30653 0.79459
vt 0.31401 0.83055
vt 0.28677 0.75067
vt 0.27167 0.74028
vt 0.30002 0.75845
vt 0.31296 0.76414
vt 0.31967 0.80113
vt 0.29571 0.72222
vt 0.28302 0.71648
vt 0.30933 0.72791
vt 0.29335 0.68718
vt 0.30544 0.68971
vt 0.29123 0.65027
vt 0.30301 0.65168
vt 0.2895 0.61215
vt 0.30024 0.61278
vt 0.28979 0.57293
vt 0.3 0.57362
vt 0.29385 0.53493
vt 0.30358 0.5361
vt 0.30823 0.50094
vt 0.29943 0.4989
vt 0.31713 0.50274
vt 0.28352 0.53403
vt 0.27982 0.57242
vt 0.27361 0.53294
vt 0.26933 0.57169
vt 0.26274 0.5319
vt 0.25823 0.57101
vt 0.24369 0.57058
vt 0.25682 0.60942
vt 0.2437 0.60972
vt 0.22507 0.61284
vt 0.21621 0.66683
vt 0.23561 0.70182
vt 0.22749 0.7296
vt 0.25411 0.72579
vt 0.27041 0.70919
vt 0.27088 0.67886
vt 0.28204 0.68334
vt 0.2689 0.64629
vt 0.28002 0.64821
vt 0.26769 0.61005
vt 0.27876 0.61124
vt 0.32861 0.83773
vt 0.32198 0.86417
vt 0.29534 0.30085
vt 0.30229 0.31428
vt 0.97976 0.66543
vt 0.99805 0.54513
vt 0.00195 0.52117
vt 0.02812 0.41537
vt 0.0179 0.40965
vt 0.07396 0.32584
vt 0.13717 0.26297
usemtl mat0
f 1/1/1 2/2/2 3/3/3
f 2/2/2 1/1/1 4/4/4
f 3/3/3 5/5/5 6/6/6
f 3/3/3 6/6/6 1/1/1
f 2/2/2 7/7/7 3/3/3
f 3/3/3 7/7/7 5/5/5
f 8/8/8 9/9/9 10/10/10
f 9/9/9 8/8/8 11/11/11
f 12/12/12 10/10/10 13/13/13
f 10/10/10 12/12/12 8/8/8
f 14/14/14 10/10/10 9/9/9
f 10/10/10 14/14/14 13/13/13
f 15/15/15 16/16/16 17/17/17
f 15/15/15 17/17/17 18/18/18
f 19/19/19 16/16/16 15/15/15
f 15/15/15 20/20/20 19/19/19
f 20/20/20 15/15/15 21/21/21
f 15/15/15 18/18/18 21/21/21
f 22/22/22 23/23/23 24/24/24
f 23/23/23 22/22/22 25/25/25
f 26/26/26 23/23/23 25/25/25
f 26/26/26 27/27/27 23/23/23
f 28/28/28 23/23/23 27/27/27
f 28/28/28 24/24/24 23/23/23
f 29/29/29 30/30/30 31/31/31
f 30/30/30 29/29/29 32/32/32
f 33/33/33 34/34/34 30/30/30
f 30/30/30 35/35/35 33/33/33
f 32/32/32 35/35/35 30/30/30
f 35/35/35 32/32/32 36/36/36
f 37/37/37 38/38/38 34/34/34
f 37/37/37 34/34/34 33/33/33
f 33/33/33 39/39/39 37/37/37
f 39/39/39 33/33/33 40/40/40
f 39/39/39 41/41/41 37/37/37
f 38/38/38 37/37/37 41/41/41
f 42/42/42 43/43/43 44/44/44
f 43/43/43 42/42/42 45/45/45
f 46/46/46 43/43/43 45/45/45
f 43/43/43 46/46/46 47/47/47
f 48/48/48 43/43/43 47/47/47
f 43/43/43 48/48/48 44/44/44
f 49/49/49 50/50/50 51/51/51
f 51/51/51 50/50/50 52/52/52
f 53/53/53 54/54/54 51/51/51
f 51/51/51 54/54/54 49/49/49
f 52/52/52 55/55/55 51/51/51
f 51/51/51 55/55/55 53/53/53
f 56/56/56 57/57/57 58/58/58
f 57/57/57 56/56/56 59/59/59
f 60/60/60 58/58/58 57/57/57
f 60/60/60 61/61/61 58/58/58
f 61/61/61 56/56/56 58/58/58
f 56/56/56 61/61/61 62/62/62
f 63/63/63 64/64/64 65/65/65
f 64/64/64 63/63/63 66/66/66
f 67/67/67 66/66/66 68/68/68
f 66/66/66 67/67/67 64/64/64
f 69/69/69 64/64/64 67/67/67
f 64/64/64 69/69/69 65/65/65
f 70/70/70 71/71/71 72/72/72
f 70/70/70 72/72/72 73/73/73
f 74/74/74 71/71/71 75/75/75
f 71/71/71 74/74/74 72/72/72
f 76/76/76 73/73/73 72/72/72
f 76/76/76 72/72/72 74/74/74
f 77/77/77 78/78/78 79/79/79
f 79/79/79 80/80/80 77/77/77
f 81/81/81 78/78/78 82/82/82
f 78/78/78 81/81/81 79/79/79
f 83/83/83 84/84/84 79/79/79
f 79/79/79 81/81/81 83/83/83
f 85/85/85 86/86/86 84/84/84
f 84/84/84 83/83/83 85/85/85
f 87/87/87 86/86/86 88/88/88
f 86/86/86 87/87/87 84/84/84
f 89/89/89 84/84/84 87/87/87
f 84/84/84 89/89/89 79/79/79
f 79/79/79 89/89/89 80/80/80
f 89/89/89 90/90/90 80/80/80
f 91/91/91 89/89/89 87/87/87
f 89/89/89 91/91/91 92/92/92
f 92/92/92 90/90/90 89/89/89
f 90/90/90 92/92/92 93/93/93
f 90/90/90 70/70/70 94/94/94
f 70/70/70 90/90/90 93/93/93
f 92/92/92 95/95/95 93/93/93
f 95/95/95 92/92/92 96/96/96
f 95/95/95 71/71/71 93/93/93
f 93/93/93 71/71/71 70/70/70
f 97/97/97 95/95/95 98/98/98
f 98/98/98 95/95/95 96/96/96
f 75/75/75 95/95/95 97/97/97
f 95/95/95 75/75/75 71/71/71
f 66/66/66 98/98/98 68/68/68
f 98/98/98 66/66/66 97/97/97
f 97/97/97 63/63/63 75/75/75
f 63/63/63 97/97/97 66/66/66
f 99/99/99 100/100/100 98/98/98
f 98/98/98 96/96/96 99/99/99
f 68/68/68 100/100/100 101/101/101
f 100/100/100 68/68/68 98/98/98
f 101/101/101 100/100/100 102/102/102
f 101/101/101 102/102/102 103/103/103
f 104/104/104 101/101/101 103/103/103
f 101/101/101 104/104/104 105/105/105
f 105/105/105 68/68/68 101/101/101
f 68/68/68 105/105/105 67/67/67
f 106/106/106 105/105/105 104/104/104
f 105/105/105 106/106/106 107/107/107
f 69/69/69 105/105/105 107/107/107
f 105/105/105 69/69/69 67/67/67
f 108/108/108 107/107/107 106/106/106
f 107/107/107 108/108/108 109/109/109
f 109/109/109 69/69/69 107/107/107
f 69/69/69 109/109/109 110/110/110
f 111/111/111 69/69/69 110/110/110
f 69/69/69 111/111/111 65/65/65
f 112/112/112 110/110/110 113/113/113
f 113/113/113 110/110/110 109/109/109
f 112/112/112 111/111/111 110/110/110
f 111/111/111 112/112/112 114/114/114
f 115/115/115 116/116/116 114/114/114
f 114/114/114 116/116/116 111/111/111
f 117/117/117 114/114/114 118/118/118
f 118/118/118 114/114/114 112/112/112
f 117/117/117 115/115/115 114/114/114
f 115/115/115 117/117/117 119/119/119
f 120/120/120 117/117/117 121/121/121
f 117/117/117 120/120/120 119/119/119
f 122/122/122 119/119/119 120/120/120
f 119/119/119 122/122/122 123/123/123
f 76/76/76 119/119/119 123/123/123
f 119/119/119 76/76/76 115/115/115
f 124/124/124 123/123/123 122/122/122
f 123/123/123 124/124/124 125/125/125
f 73/73/73 123/123/123 125/125/125
f 123/123/123 73/73/73 76/76/76
f 126/126/126 125/125/125 124/124/124
f 125/125/125 126/126/126 94/94/94
f 94/94/94 73/73/73 125/125/125
f 73/73/73 94/94/94 70/70/70
f 127/127/127 124/124/124 128/128/128
f 124/124/124 127/127/127 126/126/126
f 77/77/77 126/126/126 127/127/127
f 126/126/126 77/77/77 80/80/80
f 90/90/90 126/126/126 80/80/80
f 126/126/126 90/90/90 94/94/94
f 129/129/129 128/128/128 130/130/130
f 128/128/128 129/129/129 127/127/127
f 131/131/131 127/127/127 129/129/129
f 127/127/127 131/131/131 77/77/77
f 132/132/132 129/129/129 133/133/133
f 129/129/129 132/132/132 131/131/131
f 132/132/132 134/134/134 131/131/131
f 134/134/134 132/132/132 135/135/135
f 134/134/134 78/78/78 131/131/131
f 131/131/131 78/78/78 77/77/77
f 135/135/135 136/136/136 134/134/134
f 136/136/136 135/135/135 137/137/137
f 134/134/134 136/136/136 82/82/82
f 134/134/134 82/82/82 78/78/78
f 137/137/137 138/138/138 136/136/136
f 138/138/138 137/137/137 139/139/139
f 136/136/136 138/138/138 140/140/140
f 136/136/136 140/140/140 82/82/82
f 82/82/82 141/141/141 81/81/81
f 141/141/141 82/82/82 140/140/140
f 142/142/142 138/138/138 143/143/143
f 138/138/138 142/142/142 140/140/140
f 140/140/140 142/142/142 144/144/144
f 140/140/140 144/144/144 141/141/141
f 141/141/141 145/145/145 146/146/146
f 145/145/145 141/141/141 144/144/144
f 142/142/142 147/147/147 144/144/144
f 147/147/147 142/142/142 148/148/148
f 144/144/144 147/147/147 149/149/149
f 144/144/144 149/149/149 145/145/145
f 62/62/62 145/145/145 149/149/149
f 145/145/145 62/62/62 61/61/61
f 150/150/150 147/147/147 151/151/151
f 147/147/147 150/150/150 149/149/149
f 152/152/152 149/149/149 150/150/150
f 149/149/149 152/152/152 62/62/62
f 153/153/153 154/154/154 152/152/152
f 153/153/153 152/152/152 150/150/150
f 154/154/154 155/155/155 152/152/152
f 155/155/155 154/154/154 156/156/156
f 155/155/155 56/56/56 152/152/152
f 152/152/152 56/56/56 62/62/62
f 157/157/157 156/156/156 158/158/158
f 156/156/156 157/157/157 155/155/155
f 59/59/59 155/155/155 157/157/157
f 155/155/155 59/59/59 56/56/56
f 159/159/159 158/158/158 160/160/160
f 158/158/158 159/159/159 157/157/157
f 161/161/161 157/157/157 159/159/159
f 157/157/157 161/161/161 59/59/59
f 162/162/162 59/59/59 161/161/161
f 59/59/59 162/162/162 57/57/57
f 163/163/163 159/159/159 164/164/164
f 159/159/159 163/163/163 161/161/161
f 165/165/165 161/161/161 163/163/163
f 161/161/161 165/165/165 162/162/162
f 86/86/86 162/162/162 165/165/165
f 162/162/162 86/86/86 85/85/85
f 166/166/166 163/163/163 167/167/167
f 163/163/163 166/166/166 165/165/165
f 88/88/88 165/165/165 166/166/166
f 165/165/165 88/88/88 86/86/86
f 168/168/168 167/167/167 169/169/169
f 167/167/167 168/168/168 166/166/166
f 170/170/170 166/166/166 168/168/168
f 166/166/166 170/170/170 88/88/88
f 91/91/91 88/88/88 170/170/170
f 88/88/88 91/91/91 87/87/87
f 171/171/171 168/168/168 172/172/172
f 168/168/168 171/171/171 170/170/170
f 99/99/99 170/170/170 171/171/171
f 170/170/170 99/99/99 91/91/91
f 102/102/102 172/172/172 173/173/173
f 172/172/172 102/102/102 171/171/171
f 100/100/100 171/171/171 102/102/102
f 171/171/171 100/100/100 99/99/99
f 174/174/174 175/175/175 173/173/173
f 173/173/173 172/172/172 174/174/174
f 175/175/175 176/176/176 173/173/173
f 173/173/173 176/176/176 177/177/177
f 177/177/177 102/102/102 173/173/173
f 102/102/102 177/177/177 103/103/103
f 178/178/178 177/177/177 176/176/176
f 177/177/177 178/178/178 179/179/179
f 179/179/179 103/103/103 177/177/177
f 103/103/103 179/179/179 104/104/104
f 178/178/178 180/180/180 179/179/179
f 180/180/180 178/178/178 181/181/181
f 106/106/106 179/179/179 180/180/180
f 179/179/179 106/106/106 104/104/104
f 181/181/181 182/182/182 180/180/180
f 182/182/182 181/181/181 183/183/183
f 108/108/108 180/180/180 182/182/182
f 180/180/180 108/108/108 106/106/106
f 184/184/184 182/182/182 183/183/183
f 182/182/182 184/184/184 185/185/185
f 185/185/185 108/108/108 182/182/182
f 108/108/108 185/185/185 186/186/186
f 113/113/113 109/109/109 186/186/186
f 108/108/108 186/186/186 109/109/109
f 187/187/187 186/186/186 185/185/185
f 186/186/186 187/187/187 188/188/188
f 188/188/188 113/113/113 186/186/186
f 113/113/113 188/188/188 189/189/189
f 118/118/118 112/112/112 189/189/189
f 113/113/113 189/189/189 112/112/112
f 190/190/190 188/188/188 191/191/191
f 188/188/188 190/190/190 189/189/189
f 192/192/192 189/189/189 190/190/190
f 189/189/189 192/192/192 118/118/118
f 121/121/121 118/118/118 192/192/192
f 118/118/118 121/121/121 117/117/117
f 193/193/193 190/190/190 194/194/194
f 190/190/190 193/193/193 192/192/192
f 195/195/195 192/192/192 193/193/193
f 192/192/192 195/195/195 121/121/121
f 196/196/196 193/193/193 197/197/197
f 193/193/193 196/196/196 195/195/195
f 198/198/198 195/195/195 196/196/196
f 195/195/195 198/198/198 199/199/199
f 199/199/199 121/121/121 195/195/195
f 121/121/121 199/199/199 120/120/120
f 200/200/200 199/199/199 198/198/198
f 199/199/199 200/200/200 201/201/201
f 201/201/201 120/120/120 199/199/199
f 120/120/120 201/201/201 122/122/122
f 130/130/130 201/201/201 200/200/200
f 201/201/201 130/130/130 128/128/128
f 128/128/128 122/122/122 201/201/201
f 122/122/122 128/128/128 124/124/124
f 49/49/49 198/198/198 50/50/50
f 198/198/198 49/49/49 200/200/200
f 54/54/54 200/200/200 49/49/49
f 200/200/200 54/54/54 130/130/130
f 50/50/50 196/196/196 202/202/202
f 196/196/196 50/50/50 198/198/198
f 202/202/202 196/196/196 197/197/197
f 202/202/202 197/197/197 203/203/203
f 203/203/203 204/204/204 202/202/202
f 205/205/205 202/202/202 204/204/204
f 52/52/52 50/50/50 202/202/202
f 202/202/202 205/205/205 52/52/52
f 204/204/204 206/206/206 205/205/205
f 205/205/205 206/206/206 207/207/207
f 52/52/52 207/207/207 55/55/55
f 207/207/207 52/52/52 205/205/205
f 206/206/206 208/208/208 207/207/207
f 207/207/207 208/208/208 209/209/209
f 209/209/209 55/55/55 207/207/207
f 55/55/55 209/209/209 210/210/210
f 55/55/55 210/210/210 53/53/53
f 210/210/210 211/211/211 53/53/53
f 212/212/212 210/210/210 209/209/209
f 210/210/210 212/212/212 213/213/213
f 213/213/213 211/211/211 210/210/210
f 211/211/211 213/213/213 214/214/214
f 211/211/211 214/214/214 133/133/133
f 214/214/214 132/132/132 133/133/133
f 215/215/215 214/214/214 213/213/213
f 214/214/214 215/215/215 216/216/216
f 216/216/216 132/132/132 214/214/214
f 132/132/132 216/216/216 135/135/135
f 217/217/217 216/216/216 215/215/215
f 216/216/216 217/217/217 218/218/218
f 218/218/218 135/135/135 216/216/216
f 135/135/135 218/218/218 137/137/137
f 217/217/217 219/219/219 218/218/218
f 220/220/220 218/218/218 219/219/219
f 220/220/220 137/137/137 218/218/218
f 137/137/137 220/220/220 139/139/139
f 219/219/219 221/221/221 220/220/220
f 222/222/222 220/220/220 221/221/221
f 222/222/222 139/139/139 220/220/220
f 139/139/139 222/222/222 223/223/223
f 139/139/139 143/143/143 138/138/138
f 143/143/143 139/139/139 223/223/223
f 222/222/222 224/224/224 223/223/223
f 225/225/225 223/223/223 224/224/224
f 223/223/223 225/225/225 226/226/226
f 223/223/223 226/226/226 143/143/143
f 148/148/148 143/143/143 226/226/226
f 143/143/143 148/148/148 142/142/142
f 227/227/227 225/225/225 228/228/228
f 225/225/225 227/227/227 226/226/226
f 229/229/229 226/226/226 227/227/227
f 226/226/226 229/229/229 148/148/148
f 151/151/151 148/148/148 229/229/229
f 148/148/148 151/151/151 147/147/147
f 230/230/230 227/227/227 231/231/231
f 227/227/227 230/230/230 229/229/229
f 232/232/232 229/229/229 230/230/230
f 229/229/229 232/232/232 151/151/151
f 233/233/233 230/230/230 234/234/234
f 230/230/230 233/233/233 232/232/232
f 235/235/235 232/232/232 233/233/233
f 232/232/232 235/235/235 153/153/153
f 153/153/153 151/151/151 232/232/232
f 151/151/151 153/153/153 150/150/150
f 236/236/236 233/233/233 237/237/237
f 233/233/233 236/236/236 235/235/235
f 236/236/236 238/238/238 235/235/235
f 238/238/238 236/236/236 239/239/239
f 154/154/154 235/235/235 238/238/238
f 235/235/235 154/154/154 153/153/153
f 239/239/239 240/240/240 238/238/238
f 240/240/240 239/239/239 241/241/241
f 156/156/156 238/238/238 240/240/240
f 238/238/238 156/156/156 154/154/154
f 242/242/242 241/241/241 243/243/243
f 241/241/241 242/242/242 240/240/240
f 240/240/240 242/242/242 158/158/158
f 240/240/240 158/158/158 156/156/156
f 244/244/244 243/243/243 245/245/245
f 243/243/243 244/244/244 242/242/242
f 160/160/160 242/242/242 244/244/244
f 242/242/242 160/160/160 158/158/158
f 245/245/245 246/246/246 244/244/244
f 246/246/246 245/245/245 247/247/247
f 248/248/248 244/244/244 246/246/246
f 244/244/244 248/248/248 160/160/160
f 164/164/164 160/160/160 248/248/248
f 160/160/160 164/164/164 159/159/159
f 246/246/246 249/249/249 248/248/248
f 249/249/249 246/246/246 250/250/250
f 251/251/251 248/248/248 249/249/249
f 248/248/248 251/251/251 164/164/164
f 167/167/167 164/164/164 251/251/251
f 164/164/164 167/167/167 163/163/163
f 252/252/252 251/251/251 253/253/253
f 253/253/253 251/251/251 249/249/249
f 252/252/252 167/167/167 251/251/251
f 167/167/167 252/252/252 169/169/169
f 252/252/252 254/254/254 255/255/255
f 254/254/254 252/252/252 253/253/253
f 255/255/255 169/169/169 252/252/252
f 169/169/169 255/255/255 174/174/174
f 255/255/255 256/256/256 257/257/257
f 256/256/256 255/255/255 254/254/254
f 175/175/175 255/255/255 257/257/257
f 255/255/255 175/175/175 174/174/174
f 258/258/258 257/257/257 256/256/256
f 257/257/257 258/258/258 259/259/259
f 259/259/259 175/175/175 257/257/257
f 175/175/175 259/259/259 176/176/176
f 260/260/260 259/259/259 258/258/258
f 259/259/259 260/260/260 261/261/261
f 261/261/261 176/176/176 259/259/259
f 176/176/176 261/261/261 178/178/178
f 260/260/260 262/262/262 261/261/261
f 262/262/262 260/260/260 263/263/263
f 181/181/181 261/261/261 262/262/262
f 261/261/261 181/181/181 178/178/178
f 264/264/264 263/263/263 265/265/265
f 263/263/263 264/264/264 262/262/262
f 183/183/183 262/262/262 264/264/264
f 262/262/262 183/183/183 181/181/181
f 266/266/266 265/265/265 267/267/267
f 265/265/265 266/266/266 264/264/264
f 184/184/184 264/264/264 266/266/266
f 264/264/264 184/184/184 183/183/183
f 268/268/268 267/267/267 269/269/269
f 267/267/267 268/268/268 266/266/266
f 270/270/270 266/266/266 268/268/268
f 266/266/266 270/270/270 184/184/184
f 184/184/184 270/270/270 185/185/185
f 270/270/270 187/187/187 185/185/185
f 271/271/271 268/268/268 272/272/272
f 268/268/268 271/271/271 270/270/270
f 273/273/273 270/270/270 271/271/271
f 270/270/270 273/273/273 187/187/187
f 191/191/191 187/187/187 273/273/273
f 187/187/187 191/191/191 188/188/188
f 274/274/274 273/273/273 271/271/271
f 273/273/273 274/274/274 275/275/275
f 275/275/275 191/191/191 273/273/273
f 191/191/191 275/275/275 276/276/276
f 194/194/194 191/191/191 276/276/276
f 191/191/191 194/194/194 190/190/190
f 277/277/277 276/276/276 275/275/275
f 276/276/276 277/277/277 278/278/278
f 279/279/279 276/276/276 278/278/278
f 276/276/276 279/279/279 194/194/194
f 197/197/197 194/194/194 279/279/279
f 194/194/194 197/197/197 193/193/193
f 280/280/280 278/278/278 281/281/281
f 278/278/278 280/280/280 279/279/279
f 203/203/203 197/197/197 279/279/279
f 203/203/203 279/279/279 280/280/280
f 281/281/281 282/282/282 280/280/280
f 282/282/282 281/281/281 283/283/283
f 204/204/204 203/203/203 280/280/280
f 280/280/280 282/282/282 204/204/204
f 283/283/283 284/284/284 282/282/282
f 282/282/282 284/284/284 285/285/285
f 204/204/204 285/285/285 206/206/206
f 285/285/285 204/204/204 282/282/282
f 284/284/284 286/286/286 285/285/285
f 285/285/285 286/286/286 287/287/287
f 206/206/206 287/287/287 208/208/208
f 287/287/287 206/206/206 285/285/285
f 286/286/286 288/288/288 287/287/287
f 287/287/287 288/288/288 289/289/289
f 208/208/208 289/289/289 290/290/290
f 289/289/289 208/208/208 287/287/287
f 209/209/209 208/208/208 290/290/290
f 209/209/209 290/290/290 212/212/212
f 289/289/289 291/291/291 290/290/290
f 290/290/290 291/291/291 292/292/292
f 212/212/212 292/292/292 293/293/293
f 292/292/292 212/212/212 290/290/290
f 215/215/215 213/213/213 293/293/293
f 212/212/212 293/293/293 213/213/213
f 292/292/292 294/294/294 293/293/293
f 293/293/293 294/294/294 295/295/295
f 215/215/215 295/295/295 217/217/217
f 295/295/295 215/215/215 293/293/293
f 294/294/294 296/296/296 295/295/295
f 295/295/295 296/296/296 297/297/297
f 217/217/217 297/297/297 219/219/219
f 297/297/297 217/217/217 295/295/295
f 296/296/296 298/298/298 297/297/297
f 298/298/298 296/296/296 299/299/299
f 221/221/221 219/219/219 297/297/297
f 297/297/297 298/298/298 221/221/221
f 300/300/300 299/299/299 301/301/301
f 299/299/299 300/300/300 298/298/298
f 302/302/302 221/221/221 298/298/298
f 302/302/302 298/298/298 300/300/300
f 224/224/224 221/221/221 302/302/302
f 221/221/221 224/224/224 222/222/222
f 303/303/303 300/300/300 304/304/304
f 300/300/300 303/303/303 302/302/302
f 305/305/305 224/224/224 302/302/302
f 305/305/305 302/302/302 303/303/303
f 228/228/228 224/224/224 305/305/305
f 224/224/224 228/228/228 225/225/225
f 306/306/306 303/303/303 307/307/307
f 303/303/303 306/306/306 305/305/305
f 308/308/308 228/228/228 305/305/305
f 308/308/308 305/305/305 306/306/306
f 231/231/231 228/228/228 308/308/308
f 228/228/228 231/231/231 227/227/227
f 40/40/40 306/306/306 39/39/39
f 306/306/306 40/40/40 308/308/308
f 309/309/309 308/308/308 40/40/40
f 308/308/308 309/309/309 231/231/231
f 234/234/234 231/231/231 309/309/309
f 231/231/231 234/234/234 230/230/230
f 35/35/35 40/40/40 33/33/33
f 40/40/40 35/35/35 309/309/309
f 35/35/35 36/36/36 309/309/309
f 309/309/309 36/36/36 234/234/234
f 39/39/39 307/307/307 41/41/41
f 307/307/307 39/39/39 306/306/306
f 307/307/307 303/303/303 304/304/304
f 307/307/307 304/304/304 310/310/310
f 41/41/41 310/310/310 311/311/311
f 310/310/310 41/41/41 307/307/307
f 310/310/310 312/312/312 311/311/311
f 313/313/313 311/311/311 312/312/312
f 314/314/314 313/313/313 315/315/315
f 313/313/313 314/314/314 311/311/311
f 38/38/38 311/311/311 314/314/314
f 311/311/311 38/38/38 41/41/41
f 316/316/316 315/315/315 317/317/317
f 315/315/315 316/316/316 314/314/314
f 38/38/38 316/316/316 34/34/34
f 316/316/316 38/38/38 314/314/314
f 318/318/318 319/319/319 316/316/316
f 318/318/318 316/316/316 317/317/317
f 319/319/319 34/34/34 316/316/316
f 34/34/34 319/319/319 30/30/30
f 320/320/320 321/321/321 319/319/319
f 320/320/320 319/319/319 318/318/318
f 30/30/30 319/319/319 31/31/31
f 31/31/31 319/319/319 321/321/321
f 322/322/322 320/320/320 323/323/323
f 320/320/320 322/322/322 321/321/321
f 321/321/321 324/324/324 31/31/31
f 324/324/324 321/321/321 322/322/322
f 325/325/325 31/31/31 324/324/324
f 31/31/31 325/325/325 29/29/29
f 322/322/322 326/326/326 324/324/324
f 326/326/326 322/322/322 327/327/327
f 325/325/325 328/328/326 329/329/328
f 328/328/326 325/325/325 324/324/324
f 330/330/328 326/326/326 331/331/329
f 330/330/328 331/331/329 332/332/330
f 333/333/331 334/334/330 335/335/332
f 334/334/330 333/333/331 329/329/328
f 336/336/333 329/329/328 333/333/331
f 329/329/328 336/336/333 325/325/325
f 337/337/334 29/29/29 336/336/333
f 325/325/325 336/336/333 29/29/29
f 338/338/335 333/333/331 339/339/336
f 333/333/331 338/338/335 336/336/333
f 340/340/337 336/336/333 338/338/335
f 336/336/333 340/340/337 337/337/334
f 341/341/338 342/342/339 340/340/337
f 337/337/334 340/340/337 342/342/339
f 338/338/335 343/343/340 340/340/337
f 343/343/340 338/338/335 344/344/341
f 345/345/342 340/340/337 343/343/340
f 340/340/337 345/345/342 341/341/338
f 239/239/239 341/341/338 345/345/342
f 341/341/338 239/239/239 236/236/236
f 346/346/343 343/343/340 347/347/344
f 343/343/340 346/346/343 345/345/342
f 241/241/241 345/345/342 346/346/343
f 345/345/342 241/241/241 239/239/239
f 347/347/344 348/348/345 346/346/343
f 348/348/345 347/347/344 349/349/346
f 243/243/243 346/346/343 348/348/345
f 346/346/343 243/243/243 241/241/241
f 350/350/347 349/349/346 351/351/348
f 349/349/346 350/350/347 348/348/345
f 245/245/245 348/348/345 350/350/347
f 348/348/345 245/245/245 243/243/243
f 351/351/348 352/352/349 350/350/347
f 352/352/349 351/351/348 353/353/350
f 247/247/247 350/350/347 352/352/349
f 350/350/347 247/247/247 245/245/245
f 353/353/350 354/354/351 352/352/349
f 354/354/351 353/353/350 355/355/352
f 354/354/351 247/247/247 352/352/349
f 247/247/247 354/354/351 356/356/353
f 250/250/250 246/246/246 356/356/353
f 247/247/247 356/356/353 246/246/246
f 357/357/354 356/356/353 354/354/351
f 356/356/353 357/357/354 358/358/355
f 358/358/355 250/250/250 356/356/353
f 250/250/250 358/358/355 359/359/356
f 253/253/253 249/249/249 359/359/356
f 359/359/356 249/249/249 250/250/250
f 360/360/357 359/359/356 358/358/355
f 359/359/356 360/360/357 361/361/358
f 361/361/358 253/253/253 359/359/356
f 253/253/253 361/361/358 254/254/254
f 362/362/359 361/361/358 360/360/357
f 361/361/358 362/362/359 363/363/360
f 363/363/360 254/254/254 361/361/358
f 254/254/254 363/363/360 256/256/256
f 364/364/361 363/363/360 362/362/359
f 363/363/360 364/364/361 365/365/362
f 365/365/362 256/256/256 363/363/360
f 256/256/256 365/365/362 258/258/258
f 364/364/361 366/366/363 365/365/362
f 366/366/363 364/364/361 367/367/364
f 365/365/362 366/366/363 260/260/260
f 365/365/362 260/260/260 258/258/258
f 367/367/364 368/368/365 366/366/363
f 368/368/365 367/367/364 369/369/366
f 263/263/263 366/366/363 368/368/365
f 366/366/363 263/263/263 260/260/260
f 369/369/366 370/370/367 368/368/365
f 370/370/367 369/369/366 371/371/368
f 265/265/265 368/368/365 370/370/367
f 368/368/365 265/265/265 263/263/263
f 372/372/369 371/371/368 373/373/370
f 371/371/368 372/372/369 370/370/367
f 267/267/267 370/370/367 372/372/369
f 370/370/367 267/267/267 265/265/265
f 374/374/371 372/372/369 373/373/370
f 372/372/369 374/374/371 375/375/372
f 375/375/372 267/267/267 372/372/369
f 267/267/267 375/375/372 269/269/269
f 376/376/373 375/375/372 374/374/371
f 375/375/372 376/376/373 377/377/374
f 377/377/374 269/269/269 375/375/372
f 269/269/269 377/377/374 378/378/375
f 269/269/269 378/378/375 268/268/268
f 378/378/375 272/272/272 268/268/268
f 379/379/376 378/378/375 377/377/374
f 378/378/375 379/379/376 380/380/377
f 380/380/377 272/272/272 378/378/375
f 272/272/272 380/380/377 381/381/378
f 272/272/272 381/381/378 271/271/271
f 381/381/378 274/274/274 271/271/271
f 382/382/379 381/381/378 380/380/377
f 381/381/378 382/382/379 383/383/380
f 383/383/380 274/274/274 381/381/378
f 274/274/274 383/383/380 384/384/381
f 277/277/277 275/275/275 384/384/381
f 274/274/274 384/384/381 275/275/275
f 385/385/382 384/384/381 383/383/380
f 384/384/381 385/385/382 386/386/383
f 386/386/383 277/277/277 384/384/381
f 277/277/277 386/386/383 387/387/384
f 281/281/281 278/278/278 387/387/384
f 277/277/277 387/387/384 278/278/278
f 388/388/385 387/387/384 386/386/383
f 387/387/384 388/388/385 389/389/386
f 283/283/283 281/281/281 387/387/384
f 387/387/384 389/389/386 283/283/283
f 388/388/385 390/390/387 389/389/386
f 389/389/386 390/390/387 391/391/388
f 283/283/283 391/391/388 284/284/284
f 391/391/388 283/283/283 389/389/386
f 390/390/387 392/392/389 391/391/388
f 391/391/388 392/392/389 393/393/390
f 284/284/284 393/393/390 286/286/286
f 393/393/390 284/284/284 391/391/388
f 392/392/389 394/394/391 393/393/390
f 393/393/390 394/394/391 395/395/392
f 286/286/286 395/395/392 288/288/288
f 395/395/392 286/286/286 393/393/390
f 394/394/391 396/396/393 395/395/392
f 397/397/394 395/395/392 396/396/393
f 288/288/288 397/397/394 398/398/395
f 397/397/394 288/288/288 395/395/392
f 398/398/395 289/289/289 288/288/288
f 289/289/289 398/398/395 291/291/291
f 399/399/396 398/398/395 400/400/397
f 398/398/395 397/397/394 400/400/397
f 291/291/291 399/399/396 401/401/398
f 399/399/396 291/291/291 398/398/395
f 291/291/291 294/294/294 292/292/292
f 294/294/294 291/291/291 401/401/398
f 399/399/396 402/402/399 401/401/398
f 402/402/399 399/399/396 403/403/400
f 296/296/296 294/294/294 401/401/398
f 401/401/398 402/402/399 296/296/296
f 403/403/400 404/404/401 402/402/399
f 404/404/401 403/403/400 405/405/402
f 299/299/299 296/296/296 402/402/399
f 402/402/399 404/404/401 299/299/299
f 406/406/403 405/405/402 407/407/404
f 405/405/402 406/406/403 404/404/401
f 301/301/301 299/299/299 404/404/401
f 301/301/301 404/404/401 406/406/403
f 408/408/405 407/407/404 409/409/406
f 407/407/404 408/408/405 406/406/403
f 410/410/407 301/301/301 406/406/403
f 410/410/407 406/406/403 408/408/405
f 304/304/304 301/301/301 410/410/407
f 301/301/301 304/304/304 300/300/300
f 312/312/312 408/408/405 411/411/408
f 408/408/405 312/312/312 410/410/407
f 310/310/310 410/410/407 312/312/312
f 310/310/310 304/304/304 410/410/407
f 408/408/405 409/409/406 411/411/408
f 412/412/409 411/411/408 409/409/406
f 413/413/410 412/412/409 414/414/411
f 412/412/409 413/413/410 411/411/408
f 313/313/313 411/411/408 413/413/410
f 411/411/408 313/313/313 312/312/312
f 415/415/412 414/414/411 416/416/413
f 414/414/411 415/415/412 413/413/410
f 315/315/315 413/413/410 415/415/412
f 313/313/313 413/413/410 315/315/315
f 417/417/414 416/416/413 418/418/415
f 416/416/413 417/417/414 415/415/412
f 317/317/317 415/415/412 417/417/414
f 315/315/315 415/415/412 317/317/317
f 419/419/416 418/418/415 420/420/417
f 418/418/415 419/419/416 417/417/414
f 318/318/318 417/417/414 419/419/416
f 317/317/317 417/417/414 318/318/318
f 421/421/418 420/420/417 422/422/419
f 420/420/417 421/421/418 419/419/416
f 320/320/320 419/419/416 421/421/418
f 318/318/318 419/419/416 320/320/320
f 423/423/420 422/422/419 424/424/421
f 422/422/419 423/423/420 421/421/418
f 323/323/323 421/421/418 423/423/420
f 421/421/418 323/323/323 320/320/320
f 425/425/422 423/423/423 424/424/424
f 425/425/422 426/426/425 423/423/423
f 426/426/425 323/323/323 423/423/423
f 323/323/323 426/426/425 427/427/426
f 323/323/323 327/327/327 322/322/322
f 327/327/327 323/323/323 427/427/426
f 426/426/425 428/428/427 427/427/426
f 428/428/427 426/426/425 429/429/428
f 428/428/427 430/430/429 427/427/426
f 327/327/327 427/427/426 430/430/429
f 327/327/327 331/331/329 326/326/326
f 331/331/329 327/327/327 430/430/429
f 428/428/427 431/431/430 430/430/429
f 431/431/430 428/428/427 432/432/431
f 431/431/430 433/433/432 430/430/429
f 331/331/329 430/430/429 433/433/432
f 332/332/330 331/331/329 433/433/432
f 332/332/330 433/433/432 434/434/433
f 431/431/430 435/435/434 433/433/432
f 435/435/434 431/431/430 436/436/435
f 434/434/433 433/433/432 437/437/436
f 433/433/432 435/435/434 437/437/436
f 435/435/434 438/438/437 437/437/436
f 438/438/437 435/435/434 439/439/438
f 440/440/439 438/438/437 441/441/440
f 438/438/437 440/440/439 437/437/436
f 442/442/441 437/437/436 440/440/439
f 437/437/436 442/442/441 434/434/433
f 443/443/332 434/434/433 442/442/441
f 434/434/433 443/443/332 332/332/330
f 444/444/442 440/440/439 445/445/443
f 440/440/439 444/444/442 442/442/441
f 446/446/444 442/442/441 444/444/442
f 442/442/441 446/446/444 443/443/332
f 339/339/336 335/335/332 447/447/444
f 335/335/332 339/339/336 333/333/331
f 448/448/445 444/444/442 449/449/446
f 444/444/442 448/448/445 446/446/444
f 450/450/447 447/447/444 451/451/445
f 447/447/444 450/450/447 339/339/336
f 344/344/341 339/339/336 450/450/447
f 339/339/336 344/344/341 338/338/335
f 451/451/445 452/452/448 450/450/447
f 452/452/448 451/451/445 453/453/449
f 452/452/448 344/344/341 450/450/447
f 344/344/341 452/452/448 454/454/450
f 347/347/344 343/343/340 454/454/450
f 344/344/341 454/454/450 343/343/340
f 452/452/448 455/455/451 454/454/450
f 455/455/451 452/452/448 456/456/452
f 349/349/346 454/454/450 455/455/451
f 454/454/450 349/349/346 347/347/344
f 456/456/452 457/457/453 455/455/451
f 457/457/453 456/456/452 458/458/454
f 351/351/348 455/455/451 457/457/453
f 455/455/451 351/351/348 349/349/346
f 458/458/454 459/459/455 457/457/453
f 459/459/455 458/458/454 460/460/456
f 353/353/350 457/457/453 459/459/455
f 457/457/453 353/353/350 351/351/348
f 460/460/456 461/461/457 459/459/455
f 461/461/457 460/460/456 462/462/458
f 459/459/455 461/461/457 355/355/352
f 459/459/455 355/355/352 353/353/350
f 463/463/459 461/461/457 462/462/458
f 461/461/457 463/463/459 464/464/460
f 464/464/460 355/355/352 461/461/457
f 355/355/352 464/464/460 465/465/461
f 357/357/354 354/354/351 465/465/461
f 355/355/352 465/465/461 354/354/351
f 466/466/462 465/465/461 464/464/460
f 465/465/461 466/466/462 467/467/463
f 467/467/463 357/357/354 465/465/461
f 357/357/354 467/467/463 468/468/464
f 360/360/357 358/358/355 468/468/464
f 357/357/354 468/468/464 358/358/355
f 469/469/465 468/468/464 467/467/463
f 468/468/464 469/469/465 470/470/466
f 470/470/466 360/360/357 468/468/464
f 360/360/357 470/470/466 362/362/359
f 471/471/467 469/469/465 472/472/468
f 469/469/465 471/471/467 470/470/466
f 364/364/361 470/470/466 471/471/467
f 470/470/466 364/364/361 362/362/359
f 472/472/468 473/473/469 471/471/467
f 473/473/469 472/472/468 474/474/470
f 471/471/467 473/473/469 367/367/364
f 471/471/467 367/367/364 364/364/361
f 474/474/470 475/475/471 473/473/469
f 475/475/471 474/474/470 476/476/472
f 369/369/366 473/473/469 475/475/471
f 473/473/469 369/369/366 367/367/364
f 477/477/473 475/475/471 476/476/472
f 475/475/471 477/477/473 478/478/474
f 371/371/368 475/475/471 478/478/474
f 475/475/471 371/371/368 369/369/366
f 479/479/475 478/478/474 477/477/473
f 478/478/474 479/479/475 480/480/476
f 373/373/370 478/478/474 480/480/476
f 478/478/474 373/373/370 371/371/368
f 481/481/477 480/480/476 479/479/475
f 480/480/476 481/481/477 482/482/478
f 374/374/371 480/480/476 482/482/478
f 480/480/476 374/374/371 373/373/370
f 483/483/479 482/482/478 481/481/477
f 482/482/478 483/483/479 484/484/480
f 484/484/480 374/374/371 482/482/478
f 374/374/371 484/484/480 376/376/373
f 485/485/481 484/484/480 483/483/479
f 484/484/480 485/485/481 486/486/482
f 486/486/482 376/376/373 484/484/480
f 376/376/373 486/486/482 487/487/483
f 379/379/376 377/377/374 487/487/483
f 376/376/373 487/487/483 377/377/374
f 488/488/484 487/487/483 486/486/482
f 487/487/483 488/488/484 489/489/485
f 489/489/485 379/379/376 487/487/483
f 379/379/376 489/489/485 490/490/486
f 382/382/379 380/380/377 490/490/486
f 379/379/376 490/490/486 380/380/377
f 491/491/487 490/490/486 489/489/485
f 490/490/486 491/491/487 492/492/488
f 492/492/488 382/382/379 490/490/486
f 382/382/379 492/492/488 493/493/489
f 385/385/382 383/383/380 493/493/489
f 382/382/379 493/493/489 383/383/380
f 492/492/488 494/494/490 493/493/489
f 494/494/490 492/492/488 495/495/491
f 496/496/492 493/493/489 494/494/490
f 493/493/489 496/496/492 385/385/382
f 388/388/385 386/386/383 496/496/492
f 385/385/382 496/496/492 386/386/383
f 494/494/490 497/497/493 496/496/492
f 497/497/493 494/494/490 498/498/494
f 390/390/387 496/496/492 497/497/493
f 496/496/492 390/390/387 388/388/385
f 498/498/494 499/499/495 497/497/493
f 497/497/493 499/499/495 500/500/496
f 500/500/496 390/390/387 497/497/493
f 390/390/387 500/500/496 392/392/389
f 499/499/495 501/501/497 500/500/496
f 501/501/497 499/499/495 502/502/498
f 392/392/389 501/501/497 394/394/391
f 501/501/497 392/392/389 500/500/496
f 502/502/498 503/503/499 501/501/497
f 503/503/499 502/502/498 504/504/500
f 394/394/391 503/503/499 396/396/393
f 503/503/499 394/394/391 501/501/497
f 504/504/500 48/48/48 503/503/499
f 48/48/48 504/504/500 44/44/44
f 505/505/501 396/396/393 503/503/499
f 505/505/501 503/503/499 48/48/48
f 397/397/394 505/505/501 400/400/397
f 505/505/501 397/397/394 396/396/393
f 506/506/502 48/48/48 47/47/47
f 48/48/48 506/506/502 505/505/501
f 507/507/503 400/400/397 505/505/501
f 507/507/503 505/505/501 506/506/502
f 403/403/400 400/400/397 507/507/503
f 400/400/397 403/403/400 399/399/396
f 508/508/504 506/506/502 509/509/505
f 506/506/502 508/508/504 507/507/503
f 405/405/402 403/403/400 507/507/503
f 405/405/402 507/507/503 508/508/504
f 510/510/506 511/511/507 508/508/504
f 508/508/504 509/509/505 510/510/506
f 508/508/504 407/407/404 405/405/402
f 407/407/404 508/508/504 511/511/507
f 512/512/508 513/513/509 511/511/507
f 511/511/507 510/510/506 512/512/508
f 409/409/406 511/511/507 513/513/509
f 511/511/507 409/409/406 407/407/404
f 514/514/510 515/515/511 513/513/509
f 514/514/510 513/513/509 512/512/508
f 513/513/509 412/412/409 409/409/406
f 412/412/409 513/513/509 515/515/511
f 516/516/512 517/517/513 515/515/511
f 515/515/511 514/514/510 516/516/512
f 412/412/409 515/515/511 414/414/411
f 515/515/511 517/517/513 414/414/411
f 518/518/514 519/519/515 517/517/513
f 517/517/513 516/516/512 518/518/514
f 519/519/515 414/414/411 517/517/513
f 414/414/411 519/519/515 416/416/413
f 520/520/516 521/521/517 519/519/515
f 519/519/515 518/518/514 520/520/516
f 521/521/517 418/418/415 519/519/515
f 416/416/413 519/519/515 418/418/415
f 522/522/518 523/523/519 521/521/517
f 521/521/517 520/520/516 522/522/518
f 523/523/519 420/420/417 521/521/517
f 418/418/415 521/521/517 420/420/417
f 524/524/520 525/525/521 523/523/519
f 523/523/519 522/522/518 524/524/520
f 525/525/521 420/420/417 523/523/519
f 420/420/417 525/525/521 422/422/419
f 526/526/522 527/527/523 525/525/521
f 525/525/521 524/524/520 526/526/522
f 527/527/523 422/422/419 525/525/521
f 422/422/419 527/527/523 424/424/421
f 527/527/523 528/528/524 529/529/525
f 528/528/524 527/527/523 526/526/522
f 529/529/525 424/424/424 527/527/523
f 424/424/424 529/529/525 425/425/422
f 529/529/525 530/530/526 531/531/527
f 530/530/526 529/529/525 528/528/524
f 531/531/527 425/425/422 529/529/525
f 425/425/422 531/531/527 532/532/528
f 425/425/422 429/429/428 426/426/425
f 429/429/428 425/425/422 532/532/528
f 533/533/529 532/532/528 531/531/527
f 532/532/528 533/533/529 534/534/530
f 535/535/531 532/532/528 534/534/530
f 532/532/528 535/535/531 429/429/428
f 429/429/428 432/432/431 428/428/427
f 432/432/431 429/429/428 535/535/531
f 536/536/532 534/534/530 537/537/533
f 534/534/530 536/536/532 535/535/531
f 536/536/532 538/538/534 535/535/531
f 432/432/431 535/535/531 538/538/534
f 432/432/431 436/436/435 431/431/430
f 436/436/435 432/432/431 538/538/534
f 536/536/532 539/539/535 538/538/534
f 539/539/535 536/536/532 540/540/536
f 539/539/535 541/541/537 538/538/534
f 436/436/435 538/538/534 541/541/537
f 436/436/435 439/439/438 435/435/434
f 439/439/438 436/436/435 541/541/537
f 539/539/535 542/542/538 541/541/537
f 542/542/538 539/539/535 543/543/539
f 542/542/538 11/11/11 541/541/537
f 439/439/438 541/541/537 11/11/11
f 544/544/540 542/542/538 543/543/539
f 542/542/538 544/544/540 545/545/541
f 545/545/541 11/11/11 542/542/538
f 11/11/11 545/545/541 9/9/9
f 546/546/542 545/545/541 544/544/540
f 545/545/541 546/546/542 547/547/543
f 547/547/543 9/9/9 545/545/541
f 9/9/9 547/547/543 14/14/14
f 548/548/544 547/547/543 546/546/542
f 547/547/543 548/548/544 549/549/545
f 549/549/545 14/14/14 547/547/543
f 14/14/14 549/549/545 550/550/546
f 551/551/547 13/13/13 550/550/546
f 14/14/14 550/550/546 13/13/13
f 552/552/548 550/550/546 549/549/545
f 550/550/546 552/552/548 553/553/549
f 553/553/549 551/551/547 550/550/546
f 551/551/547 553/553/549 554/554/550
f 555/555/551 551/551/547 554/554/550
f 551/551/547 555/555/551 556/556/552
f 553/553/549 557/557/553 554/554/550
f 557/557/553 553/553/549 558/558/554
f 554/554/550 557/557/553 559/559/555
f 554/554/550 559/559/555 555/555/551
f 560/560/556 555/555/551 559/559/555
f 555/555/551 560/560/556 561/561/557
f 557/557/553 562/562/558 559/559/555
f 562/562/558 557/557/553 563/563/559
f 559/559/555 562/562/558 564/564/560
f 559/559/555 564/564/560 560/560/556
f 565/565/561 560/560/556 564/564/560
f 560/560/556 565/565/561 566/566/562
f 562/562/558 567/567/563 564/564/560
f 567/567/563 562/562/558 568/568/564
f 569/569/565 565/565/561 564/564/560
f 564/564/560 567/567/563 569/569/565
f 570/570/566 565/565/561 569/569/565
f 565/565/561 570/570/566 571/571/567
f 572/572/568 569/569/565 567/567/563
f 569/569/565 572/572/568 573/573/569
f 573/573/569 570/570/566 569/569/565
f 570/570/566 573/573/569 574/574/570
f 575/575/571 576/576/572 574/574/570
f 570/570/566 574/574/570 576/576/572
f 577/577/573 574/574/570 573/573/569
f 574/574/570 577/577/573 578/578/574
f 579/579/575 575/575/571 574/574/570
f 574/574/570 578/578/574 579/579/575
f 462/462/458 580/580/571 581/581/575
f 580/580/571 462/462/458 460/460/456
f 582/582/576 579/579/575 578/578/574
f 579/579/575 582/582/576 583/583/577
f 584/584/577 462/462/458 581/581/575
f 462/462/458 584/584/577 463/463/459
f 582/582/576 585/585/578 583/583/577
f 585/585/578 582/582/576 586/586/579
f 585/585/578 463/463/459 584/584/577
f 463/463/459 585/585/578 587/587/580
f 466/466/462 464/464/460 587/587/580
f 463/463/459 587/587/580 464/464/460
f 588/588/581 585/585/578 589/589/582
f 585/585/578 588/588/581 587/587/580
f 588/588/581 466/466/462 587/587/580
f 466/466/462 588/588/581 590/590/583
f 469/469/465 467/467/463 590/590/583
f 466/466/462 590/590/583 467/467/463
f 591/591/584 588/588/581 592/592/585
f 588/588/581 591/591/584 590/590/583
f 472/472/468 590/590/583 591/591/584
f 590/590/583 472/472/468 469/469/465
f 592/592/585 593/593/586 591/591/584
f 593/593/586 592/592/585 594/594/587
f 474/474/470 591/591/584 593/593/586
f 591/591/584 474/474/470 472/472/468
f 595/595/588 593/593/586 594/594/587
f 593/593/586 595/595/588 596/596/589
f 476/476/472 593/593/586 596/596/589
f 593/593/586 476/476/472 474/474/470
f 597/597/590 596/596/589 595/595/588
f 596/596/589 597/597/590 598/598/591
f 598/598/591 476/476/472 596/596/589
f 476/476/472 598/598/591 477/477/473
f 599/599/592 598/598/591 597/597/590
f 598/598/591 599/599/592 600/600/593
f 479/479/475 598/598/591 600/600/593
f 598/598/591 479/479/475 477/477/473
f 601/601/594 599/599/592 602/602/595
f 599/599/592 601/601/594 600/600/593
f 601/601/594 479/479/475 600/600/593
f 479/479/475 601/601/594 481/481/477
f 602/602/595 603/603/596 601/601/594
f 603/603/596 602/602/595 604/604/597
f 601/601/594 603/603/596 483/483/479
f 601/601/594 483/483/479 481/481/477
f 604/604/597 605/605/598 603/603/596
f 605/605/598 604/604/597 606/606/599
f 605/605/598 483/483/479 603/603/596
f 483/483/479 605/605/598 485/485/481
f 606/606/599 607/607/600 605/605/598
f 607/607/600 606/606/599 608/608/601
f 605/605/598 607/607/600 609/609/602
f 605/605/598 609/609/602 485/485/481
f 488/488/484 486/486/482 609/609/602
f 485/485/481 609/609/602 486/486/482
f 607/607/600 610/610/603 609/609/602
f 610/610/603 607/607/600 611/611/604
f 610/610/603 488/488/484 609/609/602
f 488/488/484 610/610/603 612/612/605
f 491/491/487 489/489/485 612/612/605
f 488/488/484 612/612/605 489/489/485
f 613/613/606 612/612/605 610/610/603
f 612/612/605 613/613/606 614/614/607
f 614/614/607 491/491/487 612/612/605
f 491/491/487 614/614/607 615/615/608
f 495/495/491 492/492/488 615/615/608
f 491/491/487 615/615/608 492/492/488
f 616/616/609 615/615/608 614/614/607
f 615/615/608 616/616/609 617/617/610
f 615/615/608 617/617/610 618/618/611
f 615/615/608 618/618/611 495/495/491
f 498/498/494 494/494/490 618/618/611
f 495/495/491 618/618/611 494/494/490
f 617/617/610 619/619/612 618/618/611
f 619/619/612 617/617/610 620/620/613
f 498/498/494 618/618/611 499/499/495
f 618/618/611 619/619/612 499/499/495
f 620/620/613 621/621/614 619/619/612
f 621/621/614 620/620/613 622/622/615
f 499/499/495 619/619/612 502/502/498
f 619/619/612 621/621/614 502/502/498
f 622/622/615 623/623/616 621/621/614
f 623/623/616 622/622/615 624/624/617
f 504/504/500 502/502/498 621/621/614
f 621/621/614 623/623/616 504/504/500
f 624/624/617 42/42/42 623/623/616
f 42/42/42 624/624/617 625/625/618
f 44/44/44 504/504/500 623/623/616
f 623/623/616 42/42/42 44/44/44
f 626/626/619 625/625/618 624/624/617
f 625/625/618 626/626/619 627/627/620
f 627/627/620 628/628/621 625/625/618
f 628/628/621 627/627/620 629/629/622
f 42/42/42 625/625/618 45/45/45
f 625/625/618 628/628/621 45/45/45
f 630/630/623 629/629/622 631/631/624
f 629/629/622 630/630/623 628/628/621
f 628/628/621 630/630/623 46/46/46
f 628/628/621 46/46/46 45/45/45
f 510/510/506 46/46/46 630/630/623
f 46/46/46 510/510/506 509/509/505
f 510/510/506 631/631/624 512/512/508
f 631/631/624 510/510/506 630/630/623
f 632/632/625 633/633/626 631/631/624
f 631/631/624 629/629/622 632/632/625
f 633/633/626 512/512/508 631/631/624
f 512/512/508 633/633/626 514/514/510
f 634/634/627 635/635/628 633/633/626
f 633/633/626 632/632/625 634/634/627
f 635/635/628 514/514/510 633/633/626
f 514/514/510 635/635/628 516/516/512
f 636/636/629 637/637/630 635/635/628
f 636/636/629 635/635/628 634/634/627
f 637/637/630 516/516/512 635/635/628
f 516/516/512 637/637/630 518/518/514
f 638/638/631 639/639/632 637/637/630
f 638/638/631 637/637/630 636/636/629
f 518/518/514 639/639/632 520/520/516
f 639/639/632 518/518/514 637/637/630
f 640/640/633 641/641/634 639/639/632
f 640/640/633 639/639/632 638/638/631
f 520/520/516 641/641/634 522/522/518
f 641/641/634 520/520/516 639/639/632
f 642/642/635 643/643/636 641/641/634
f 641/641/634 640/640/633 642/642/635
f 522/522/518 643/643/636 524/524/520
f 643/643/636 522/522/518 641/641/634
f 644/644/637 645/645/638 643/643/636
f 644/644/637 643/643/636 642/642/635
f 524/524/520 645/645/638 526/526/522
f 645/645/638 524/524/520 643/643/636
f 646/646/639 647/647/640 645/645/638
f 646/646/639 645/645/638 644/644/637
f 647/647/640 526/526/522 645/645/638
f 526/526/522 647/647/640 528/528/524
f 648/648/641 649/649/642 647/647/640
f 647/647/640 646/646/639 648/648/641
f 649/649/642 528/528/524 647/647/640
f 528/528/524 649/649/642 530/530/526
f 650/650/643 651/651/644 649/649/642
f 649/649/642 648/648/641 650/650/643
f 651/651/644 530/530/526 649/649/642
f 530/530/526 651/651/644 652/652/645
f 531/531/527 530/530/526 652/652/645
f 652/652/645 533/533/529 531/531/527
f 652/652/645 653/653/646 654/654/647
f 653/653/646 652/652/645 651/651/644
f 654/654/647 533/533/529 652/652/645
f 533/533/529 654/654/647 655/655/648
f 533/533/529 537/537/533 534/534/530
f 537/537/533 533/533/529 655/655/648
f 654/654/647 656/656/649 655/655/648
f 656/656/649 654/654/647 657/657/650
f 656/656/649 658/658/651 655/655/648
f 655/655/648 658/658/651 537/537/533
f 537/537/533 540/540/536 536/536/532
f 540/540/536 537/537/533 658/658/651
f 656/656/649 659/659/652 658/658/651
f 659/659/652 656/656/649 660/660/653
f 659/659/652 661/661/654 658/658/651
f 658/658/651 661/661/654 540/540/536
f 540/540/536 543/543/539 539/539/535
f 543/543/539 540/540/536 661/661/654
f 659/659/652 662/662/655 661/661/654
f 662/662/655 659/659/652 663/663/656
f 662/662/655 543/543/539 661/661/654
f 543/543/539 662/662/655 544/544/540
f 664/664/657 662/662/655 663/663/656
f 662/662/655 664/664/657 665/665/658
f 665/665/658 544/544/540 662/662/655
f 544/544/540 665/665/658 546/546/542
f 666/666/659 665/665/658 664/664/657
f 665/665/658 666/666/659 667/667/660
f 667/667/660 546/546/542 665/665/658
f 546/546/542 667/667/660 548/548/544
f 668/668/661 667/667/660 666/666/659
f 667/667/660 668/668/661 669/669/662
f 669/669/662 548/548/544 667/667/660
f 548/548/544 669/669/662 670/670/663
f 548/548/544 670/670/663 549/549/545
f 670/670/663 552/552/548 549/549/545
f 671/671/664 670/670/663 669/669/662
f 670/670/663 671/671/664 672/672/665
f 672/672/665 552/552/548 670/670/663
f 552/552/548 672/672/665 673/673/666
f 552/552/548 673/673/666 553/553/549
f 673/673/666 558/558/554 553/553/549
f 674/674/667 673/673/666 672/672/665
f 673/673/666 674/674/667 675/675/668
f 673/673/666 675/675/668 676/676/669
f 673/673/666 676/676/669 558/558/554
f 563/563/559 558/558/554 676/676/669
f 558/558/554 563/563/559 557/557/553
f 675/675/668 677/677/670 676/676/669
f 677/677/670 675/675/668 678/678/671
f 676/676/669 677/677/670 679/679/672
f 676/676/669 679/679/672 563/563/559
f 568/568/564 563/563/559 679/679/672
f 563/563/559 568/568/564 562/562/558
f 680/680/673 679/679/672 677/677/670
f 679/679/672 680/680/673 681/681/674
f 681/681/674 568/568/564 679/679/672
f 568/568/564 681/681/674 682/682/675
f 572/572/568 567/567/563 682/682/675
f 568/568/564 682/682/675 567/567/563
f 683/683/676 682/682/675 681/681/674
f 682/682/675 683/683/676 684/684/677
f 684/684/677 572/572/568 682/682/675
f 572/572/568 684/684/677 685/685/678
f 577/577/573 573/573/569 685/685/678
f 572/572/568 685/685/678 573/573/569
f 686/686/679 685/685/678 684/684/677
f 685/685/678 686/686/679 687/687/680
f 687/687/680 577/577/573 685/685/678
f 577/577/573 687/687/680 688/688/681
f 582/582/576 578/578/574 688/688/681
f 577/577/573 688/688/681 578/578/574
f 689/689/682 688/688/681 687/687/680
f 688/688/681 689/689/682 690/690/683
f 582/582/576 690/690/683 586/586/579
f 690/690/683 582/582/576 688/688/681
f 689/689/682 691/691/684 690/690/683
f 691/691/684 689/689/682 692/692/685
f 693/693/686 586/586/579 690/690/683
f 693/693/686 690/690/683 691/691/684
f 589/589/582 586/586/579 693/693/686
f 586/586/579 589/589/582 585/585/578
f 691/691/684 694/694/687 693/693/686
f 694/694/687 691/691/684 695/695/688
f 696/696/689 589/589/582 693/693/686
f 696/696/689 693/693/686 694/694/687
f 592/592/585 589/589/582 696/696/689
f 589/589/582 592/592/585 588/588/581
f 697/697/690 694/694/687 698/698/691
f 694/694/687 697/697/690 696/696/689
f 594/594/587 696/696/689 697/697/690
f 696/696/689 594/594/587 592/592/585
f 699/699/692 697/697/690 698/698/691
f 697/697/690 699/699/692 700/700/693
f 700/700/693 594/594/587 697/697/690
f 594/594/587 700/700/693 595/595/588
f 701/701/694 699/699/692 702/702/695
f 699/699/692 701/701/694 700/700/693
f 701/701/694 595/595/588 700/700/693
f 595/595/588 701/701/694 597/597/590
f 702/702/695 703/703/696 701/701/694
f 703/703/696 702/702/695 704/704/697
f 701/701/694 703/703/696 599/599/592
f 701/701/694 599/599/592 597/597/590
f 704/704/697 705/705/698 703/703/696
f 703/703/696 705/705/698 706/706/699
f 703/703/696 706/706/699 602/602/595
f 703/703/696 602/602/595 599/599/592
f 707/707/700 705/705/698 708/708/701
f 705/705/698 707/707/700 706/706/699
f 706/706/699 707/707/700 604/604/597
f 706/706/699 604/604/597 602/602/595
f 708/708/701 709/709/702 707/707/700
f 709/709/702 708/708/701 710/710/703
f 707/707/700 709/709/702 606/606/599
f 707/707/700 606/606/599 604/604/597
f 711/711/704 710/710/703 712/712/705
f 710/710/703 711/711/704 709/709/702
f 709/709/702 711/711/704 608/608/601
f 709/709/702 608/608/601 606/606/599
f 712/712/705 713/713/706 711/711/704
f 713/713/706 712/712/705 714/714/707
f 711/711/704 713/713/706 715/715/708
f 711/711/704 715/715/708 608/608/601
f 611/611/604 608/608/601 715/715/708
f 608/608/601 611/611/604 607/607/600
f 713/713/706 716/716/709 715/715/708
f 716/716/709 713/713/706 717/717/710
f 716/716/709 611/611/604 715/715/708
f 611/611/604 716/716/709 718/718/711
f 613/613/606 610/610/603 718/718/711
f 611/611/604 718/718/711 610/610/603
f 716/716/709 719/719/712 718/718/711
f 719/719/712 716/716/709 720/720/713
f 718/718/711 719/719/712 721/721/714
f 718/718/711 721/721/714 613/613/606
f 613/613/606 616/616/609 614/614/607
f 616/616/609 613/613/606 721/721/714
f 719/719/712 722/722/715 721/721/714
f 722/722/715 719/719/712 723/723/716
f 616/616/609 721/721/714 724/724/717
f 721/721/714 722/722/715 724/724/717
f 616/616/609 620/620/613 617/617/610
f 620/620/613 616/616/609 724/724/717
f 722/722/715 725/725/718 724/724/717
f 725/725/718 722/722/715 726/726/719
f 620/620/613 724/724/717 622/622/615
f 724/724/717 725/725/718 622/622/615
f 726/726/719 626/626/619 725/725/718
f 626/626/619 726/726/719 727/727/720
f 624/624/617 622/622/615 725/725/718
f 725/725/718 626/626/619 624/624/617
f 728/728/721 727/727/720 726/726/719
f 727/727/720 728/728/721 729/729/722
f 729/729/722 730/730/723 727/727/720
f 730/730/723 729/729/722 731/731/724
f 627/627/620 626/626/619 727/727/720
f 727/727/720 730/730/723 627/627/620
f 731/731/724 632/632/625 730/730/723
f 632/632/625 731/731/724 634/634/627
f 730/730/723 632/632/625 629/629/622
f 730/730/723 629/629/622 627/627/620
f 732/732/725 733/733/726 731/731/724
f 732/732/725 731/731/724 729/729/722
f 733/733/726 634/634/627 731/731/724
f 634/634/627 733/733/726 636/636/629
f 734/734/727 735/735/728 733/733/726
f 734/734/727 733/733/726 732/732/725
f 735/735/728 636/636/629 733/733/726
f 636/636/629 735/735/728 638/638/631
f 736/736/729 737/737/730 735/735/728
f 736/736/729 735/735/728 734/734/727
f 737/737/730 638/638/631 735/735/728
f 638/638/631 737/737/730 640/640/633
f 738/738/731 739/739/732 737/737/730
f 737/737/730 736/736/729 738/738/731
f 640/640/633 739/739/732 642/642/635
f 739/739/732 640/640/633 737/737/730
f 740/740/733 741/741/734 739/739/732
f 739/739/732 738/738/731 740/740/733
f 642/642/635 741/741/734 644/644/637
f 741/741/734 642/642/635 739/739/732
f 742/742/735 743/743/736 741/741/734
f 741/741/734 740/740/733 742/742/735
f 644/644/637 743/743/736 646/646/639
f 743/743/736 644/644/637 741/741/734
f 744/744/737 745/745/738 743/743/736
f 743/743/736 742/742/735 744/744/737
f 646/646/639 745/745/738 648/648/641
f 745/745/738 646/646/639 743/743/736
f 746/746/739 747/747/740 745/745/738
f 745/745/738 744/744/737 746/746/739
f 648/648/641 747/747/740 650/650/643
f 747/747/740 648/648/641 745/745/738
f 748/748/741 749/749/742 747/747/740
f 747/747/740 746/746/739 748/748/741
f 650/650/643 749/749/742 750/750/743
f 749/749/742 650/650/643 747/747/740
f 651/651/644 650/650/643 750/750/743
f 750/750/743 653/653/646 651/651/644
f 4/4/4 1/1/1 750/750/743
f 750/750/743 749/749/742 4/4/4
f 1/1/1 653/653/646 750/750/743
f 653/653/646 1/1/1 6/6/6
f 751/751/744 4/4/4 749/749/742
f 749/749/742 748/748/741 751/751/744
f 748/748/741 752/752/745 751/751/744
f 752/752/745 748/748/741 753/753/746
f 754/754/747 751/751/744 755/755/748
f 751/751/744 752/752/745 755/755/748
f 4/4/4 754/754/747 2/2/2
f 754/754/747 4/4/4 751/751/744
f 755/755/748 756/756/749 754/754/747
f 754/754/747 756/756/749 757/757/750
f 2/2/2 757/757/750 7/7/7
f 757/757/750 2/2/2 754/754/747
f 758/758/751 7/7/7 757/757/750
f 7/7/7 758/758/751 759/759/752
f 756/756/749 760/760/753 757/757/750
f 757/757/750 760/760/753 758/758/751
f 761/761/754 758/758/751 760/760/753
f 758/758/751 761/761/754 762/762/755
f 756/756/749 763/763/756 760/760/753
f 763/763/756 756/756/749 764/764/757
f 763/763/756 765/765/758 760/760/753
f 760/760/753 765/765/758 761/761/754
f 761/761/754 668/668/661 666/666/659
f 668/668/661 761/761/754 765/765/758
f 763/763/756 766/766/759 765/765/758
f 766/766/759 763/763/756 767/767/760
f 766/766/759 668/668/661 765/765/758
f 668/668/661 766/766/759 768/768/761
f 668/668/661 768/768/761 669/669/662
f 768/768/761 671/671/664 669/669/662
f 769/769/762 768/768/761 766/766/759
f 768/768/761 769/769/762 770/770/763
f 770/770/763 671/671/664 768/768/761
f 671/671/664 770/770/763 771/771/764
f 671/671/664 771/771/764 672/672/665
f 771/771/764 674/674/667 672/672/665
f 772/772/765 771/771/764 770/770/763
f 771/771/764 772/772/765 773/773/766
f 773/773/766 674/674/667 771/771/764
f 674/674/667 773/773/766 774/774/767
f 674/674/667 774/774/767 675/675/668
f 774/774/767 678/678/671 675/675/668
f 775/775/768 774/774/767 773/773/766
f 774/774/767 775/775/768 776/776/769
f 776/776/769 678/678/671 774/774/767
f 678/678/671 776/776/769 777/777/770
f 678/678/671 777/777/770 677/677/670
f 777/777/770 680/680/673 677/677/670
f 776/776/769 778/778/771 777/777/770
f 778/778/771 776/776/769 779/779/772
f 778/778/771 680/680/673 777/777/770
f 680/680/673 778/778/771 780/780/773
f 683/683/676 681/681/674 780/780/773
f 680/680/673 780/780/773 681/681/674
f 781/781/774 780/780/773 778/778/771
f 780/780/773 781/781/774 782/782/775
f 782/782/775 683/683/676 780/780/773
f 683/683/676 782/782/775 783/783/776
f 683/683/676 783/783/776 684/684/677
f 783/783/776 686/686/679 684/684/677
f 782/782/775 784/784/777 783/783/776
f 784/784/777 782/782/775 22/22/22
f 686/686/679 784/784/777 785/785/778
f 784/784/777 686/686/679 783/783/776
f 686/686/679 785/785/778 687/687/680
f 687/687/680 785/785/778 689/689/682
f 784/784/777 786/786/779 785/785/778
f 786/786/779 784/784/777 787/787/780
f 692/692/685 689/689/682 785/785/778
f 692/692/685 785/785/778 786/786/779
f 788/788/781 787/787/780 789/789/782
f 787/787/780 788/788/781 786/786/779
f 790/790/783 692/692/685 786/786/779
f 790/790/783 786/786/779 788/788/781
f 695/695/688 692/692/685 790/790/783
f 692/692/685 695/695/688 691/691/684
f 791/791/784 788/788/781 792/792/785
f 788/788/781 791/791/784 790/790/783
f 793/793/786 790/790/783 791/791/784
f 793/793/786 695/695/688 790/790/783
f 698/698/691 695/695/688 793/793/786
f 695/695/688 698/698/691 694/694/687
f 794/794/787 791/791/784 795/795/788
f 791/791/784 794/794/787 793/793/786
f 699/699/692 793/793/786 794/794/787
f 793/793/786 699/699/692 698/698/691
f 796/796/789 795/795/788 797/797/790
f 795/795/788 796/796/789 794/794/787
f 702/702/695 794/794/787 796/796/789
f 794/794/787 702/702/695 699/699/692
f 797/797/790 798/798/791 796/796/789
f 798/798/791 797/797/790 799/799/792
f 796/796/789 798/798/791 704/704/697
f 796/796/789 704/704/697 702/702/695
f 799/799/792 800/800/793 798/798/791
f 800/800/793 799/799/792 801/801/794
f 800/800/793 704/704/697 798/798/791
f 704/704/697 800/800/793 705/705/698
f 802/802/795 800/800/793 801/801/794
f 800/800/793 802/802/795 803/803/796
f 708/708/701 705/705/698 800/800/793
f 800/800/793 803/803/796 708/708/701
f 804/804/797 802/802/795 805/805/798
f 802/802/795 804/804/797 803/803/796
f 710/710/703 708/708/701 803/803/796
f 803/803/796 804/804/797 710/710/703
f 805/805/798 806/806/799 804/804/797
f 806/806/799 805/805/798 807/807/800
f 804/804/797 806/806/799 712/712/705
f 804/804/797 712/712/705 710/710/703
f 807/807/800 808/808/801 806/806/799
f 808/808/801 807/807/800 809/809/802
f 806/806/799 808/808/801 714/714/707
f 806/806/799 714/714/707 712/712/705
f 809/809/802 810/810/803 808/808/801
f 810/810/803 809/809/802 811/811/804
f 808/808/801 810/810/803 812/812/805
f 808/808/801 812/812/805 714/714/707
f 717/717/710 714/714/707 812/812/805
f 714/714/707 717/717/710 713/713/706
f 810/810/803 813/813/806 812/812/805
f 813/813/806 810/810/803 814/814/807
f 812/812/805 813/813/806 815/815/808
f 812/812/805 815/815/808 717/717/710
f 717/717/710 720/720/713 716/716/709
f 720/720/713 717/717/710 815/815/808
f 813/813/806 816/816/809 815/815/808
f 816/816/809 813/813/806 817/817/810
f 815/815/808 816/816/809 818/818/811
f 815/815/808 818/818/811 720/720/713
f 720/720/713 723/723/716 719/719/712
f 723/723/716 720/720/713 818/818/811
f 816/816/809 819/819/812 818/818/811
f 819/819/812 816/816/809 820/820/813
f 818/818/811 819/819/812 728/728/721
f 818/818/811 728/728/721 723/723/716
f 820/820/813 732/732/725 819/819/812
f 732/732/725 820/820/813 734/734/727
f 728/728/721 819/819/812 729/729/722
f 819/819/812 732/732/725 729/729/722
f 817/817/810 821/821/814 820/820/813
f 817/817/810 820/820/813 816/816/809
f 821/821/814 734/734/727 820/820/813
f 734/734/727 821/821/814 736/736/729
f 822/822/815 817/817/810 823/823/816
f 817/817/810 822/822/815 821/821/814
f 822/822/815 736/736/729 821/821/814
f 736/736/729 822/822/815 738/738/731
f 824/824/817 825/825/818 822/822/815
f 822/822/815 823/823/816 824/824/817
f 738/738/731 825/825/818 740/740/733
f 825/825/818 738/738/731 822/822/815
f 826/826/819 827/827/820 825/825/818
f 825/825/818 824/824/817 826/826/819
f 740/740/733 827/827/820 742/742/735
f 827/827/820 740/740/733 825/825/818
f 828/828/821 829/829/822 827/827/820
f 827/827/820 826/826/819 828/828/821
f 742/742/735 829/829/822 744/744/737
f 829/829/822 742/742/735 827/827/820
f 830/830/823 831/831/824 829/829/822
f 829/829/822 828/828/821 830/830/823
f 744/744/737 831/831/824 746/746/739
f 831/831/824 744/744/737 829/829/822
f 832/832/825 753/753/746 831/831/824
f 831/831/824 830/830/823 832/832/825
f 746/746/739 753/753/746 748/748/741
f 753/753/746 746/746/739 831/831/824
f 830/830/823 833/833/826 832/832/825
f 833/833/826 830/830/823 834/834/827
f 832/832/825 833/833/826 835/835/828
f 832/832/825 835/835/828 836/836/829
f 753/753/746 836/836/829 752/752/745
f 836/836/829 753/753/746 832/832/825
f 836/836/829 835/835/828 837/837/830
f 836/836/829 837/837/830 838/838/831
f 752/752/745 838/838/831 755/755/748
f 838/838/831 752/752/745 836/836/829
f 837/837/830 839/839/832 838/838/831
f 838/838/831 839/839/832 764/764/757
f 755/755/748 764/764/757 756/756/749
f 764/764/757 755/755/748 838/838/831
f 764/764/757 767/767/760 763/763/756
f 767/767/760 764/764/757 839/839/832
f 840/840/833 839/839/832 837/837/830
f 839/839/832 840/840/833 841/841/834
f 841/841/834 767/767/760 839/839/832
f 767/767/760 841/841/834 842/842/835
f 767/767/760 842/842/835 766/766/759
f 842/842/835 769/769/762 766/766/759
f 843/843/836 842/842/835 841/841/834
f 842/842/835 843/843/836 844/844/837
f 844/844/837 769/769/762 842/842/835
f 769/769/762 844/844/837 845/845/838
f 769/769/762 845/845/838 770/770/763
f 845/845/838 772/772/765 770/770/763
f 846/846/839 845/845/838 844/844/837
f 845/845/838 846/846/839 847/847/840
f 847/847/840 772/772/765 845/845/838
f 772/772/765 847/847/840 848/848/841
f 772/772/765 848/848/841 773/773/766
f 848/848/841 775/775/768 773/773/766
f 849/849/842 848/848/841 847/847/840
f 848/848/841 849/849/842 850/850/843
f 850/850/843 851/851/844 848/848/841
f 848/848/841 851/851/844 775/775/768
f 775/775/768 779/779/772 776/776/769
f 779/779/772 775/775/768 851/851/844
f 850/850/843 852/852/845 851/851/844
f 852/852/845 850/850/843 853/853/846
f 851/851/844 852/852/845 854/854/847
f 851/851/844 854/854/847 779/779/772
f 779/779/772 781/781/774 778/778/771
f 781/781/774 779/779/772 854/854/847
f 852/852/845 26/26/26 854/854/847
f 26/26/26 852/852/845 855/855/848
f 781/781/774 854/854/847 25/25/25
f 854/854/847 26/26/26 25/25/25
f 856/856/849 27/27/27 855/855/848
f 26/26/26 855/855/848 27/27/27
f 853/853/846 855/855/848 852/852/845
f 855/855/848 853/853/846 857/857/850
f 857/857/850 856/856/849 855/855/848
f 856/856/849 857/857/850 858/858/851
f 859/859/852 860/860/853 858/858/851
f 858/858/851 860/860/853 856/856/849
f 858/858/851 861/861/854 862/862/855
f 861/861/854 858/858/851 857/857/850
f 863/863/856 858/858/851 862/862/855
f 858/858/851 863/863/856 859/859/852
f 864/864/857 859/859/852 863/863/856
f 859/859/852 864/864/857 865/865/858
f 862/862/855 866/866/859 863/863/856
f 866/866/859 862/862/855 867/867/860
f 863/863/856 866/866/859 868/868/861
f 863/863/856 868/868/861 864/864/857
f 869/869/862 864/864/857 868/868/861
f 864/864/857 869/869/862 870/870/863
f 866/866/859 871/871/864 868/868/861
f 871/871/864 866/866/859 872/872/865
f 868/868/861 871/871/864 873/873/866
f 868/868/861 873/873/866 869/869/862
f 801/801/794 869/869/862 873/873/866
f 869/869/862 801/801/794 799/799/792
f 874/874/867 873/873/866 871/871/864
f 873/873/866 874/874/867 875/875/868
f 801/801/794 875/875/868 802/802/795
f 875/875/868 801/801/794 873/873/866
f 876/876/869 875/875/868 874/874/867
f 875/875/868 876/876/869 877/877/870
f 802/802/795 877/877/870 805/805/798
f 877/877/870 802/802/795 875/875/868
f 876/876/869 878/878/871 877/877/870
f 877/877/870 878/878/871 879/879/872
f 805/805/798 879/879/872 807/807/800
f 879/879/872 805/805/798 877/877/870
f 878/878/871 880/880/873 879/879/872
f 881/881/874 879/879/872 880/880/873
f 807/807/800 881/881/874 809/809/802
f 881/881/874 807/807/800 879/879/872
f 880/880/873 882/882/875 881/881/874
f 883/883/876 881/881/874 882/882/875
f 809/809/802 883/883/876 811/811/804
f 883/883/876 809/809/802 881/881/874
f 882/882/875 884/884/877 883/883/876
f 884/884/877 882/882/875 885/885/878
f 811/811/804 884/884/877 886/886/879
f 884/884/877 811/811/804 883/883/876
f 810/810/803 886/886/879 814/814/807
f 886/886/879 810/810/803 811/811/804
f 884/884/877 824/824/817 886/886/879
f 824/824/817 884/884/877 826/826/819
f 814/814/807 824/824/817 823/823/816
f 824/824/817 814/814/807 886/886/879
f 826/826/819 885/885/878 828/828/821
f 885/885/878 826/826/819 884/884/877
f 885/885/878 882/882/875 887/887/880
f 885/885/878 887/887/880 834/834/827
f 828/828/821 834/834/827 830/830/823
f 834/834/827 828/828/821 885/885/878
f 880/880/873 887/887/880 882/882/875
f 887/887/880 880/880/873 888/888/881
f 888/888/881 889/889/882 887/887/880
f 889/889/882 888/888/881 890/890/883
f 889/889/882 833/833/826 887/887/880
f 834/834/827 887/887/880 833/833/826
f 890/890/883 891/891/884 889/889/882
f 891/891/884 890/890/883 892/892/885
f 891/891/884 835/835/828 889/889/882
f 833/833/826 889/889/882 835/835/828
f 892/892/885 840/840/833 891/891/884
f 840/840/833 892/892/885 893/893/886
f 835/835/828 891/891/884 837/837/830
f 891/891/884 840/840/833 837/837/830
f 894/894/887 893/893/886 892/892/885
f 893/893/886 894/894/887 895/895/888
f 895/895/888 843/843/836 893/893/886
f 843/843/836 895/895/888 896/896/889
f 840/840/833 893/893/886 841/841/834
f 893/893/886 843/843/836 841/841/834
f 20/20/20 896/896/889 895/895/888
f 896/896/889 20/20/20 21/21/21
f 21/21/21 846/846/839 896/896/889
f 846/846/839 21/21/21 897/897/890
f 843/843/836 896/896/889 844/844/837
f 896/896/889 846/846/839 844/844/837
f 846/846/839 897/897/890 847/847/840
f 897/897/890 849/849/842 847/847/840
f 18/18/18 897/897/890 21/21/21
f 897/897/890 18/18/18 898/898/891
f 898/898/891 849/849/842 897/897/890
f 849/849/842 898/898/891 899/899/892
f 849/849/842 853/853/846 850/850/843
f 853/853/846 849/849/842 899/899/892
f 900/900/893 899/899/892 898/898/891
f 899/899/892 900/900/893 861/861/854
f 861/861/854 857/857/850 899/899/892
f 899/899/892 857/857/850 853/853/846
f 867/867/860 861/861/854 900/900/893
f 861/861/854 867/867/860 862/862/855
f 17/17/17 898/898/891 18/18/18
f 898/898/891 17/17/17 900/900/893
f 900/900/893 17/17/17 901/901/894
f 900/900/893 901/901/894 867/867/860
f 867/867/860 872/872/865 866/866/859
f 872/872/865 867/867/860 901/901/894
f 17/17/17 902/902/895 901/901/894
f 902/902/895 17/17/17 16/16/16
f 901/901/894 902/902/895 903/903/896
f 901/901/894 903/903/896 872/872/865
f 872/872/865 874/874/867 871/871/864
f 874/874/867 872/872/865 903/903/896
f 904/904/897 903/903/896 902/902/895
f 903/903/896 904/904/897 905/905/898
f 874/874/867 905/905/898 876/876/869
f 905/905/898 874/874/867 903/903/896
f 904/904/897 906/906/899 905/905/898
f 905/905/898 906/906/899 907/907/900
f 876/876/869 907/907/900 878/878/871
f 907/907/900 876/876/869 905/905/898
f 906/906/899 890/890/883 907/907/900
f 888/888/881 907/907/900 890/890/883
f 878/878/871 888/888/881 880/880/873
f 888/888/881 878/878/871 907/907/900
f 904/904/897 894/894/887 906/906/899
f 894/894/887 904/904/897 19/19/19
f 894/894/887 892/892/885 906/906/899
f 890/890/883 906/906/899 892/892/885
f 902/902/895 19/19/19 904/904/897
f 19/19/19 902/902/895 16/16/16
f 19/19/19 895/895/888 894/894/887
f 895/895/888 19/19/19 20/20/20
f 797/797/790 908/908/901 870/870/863
f 908/908/901 797/797/790 795/795/788
f 865/865/858 864/864/857 870/870/863
f 870/870/863 908/908/901 865/865/858
f 870/870/863 869/869/862 799/799/792
f 870/870/863 799/799/792 797/797/790
f 795/795/788 792/792/785 908/908/901
f 792/792/785 795/795/788 791/791/784
f 909/909/902 865/865/858 908/908/901
f 908/908/901 792/792/785 909/909/902
f 792/792/785 789/789/782 909/909/902
f 789/789/782 792/792/785 788/788/781
f 28/28/28 860/860/853 909/909/902
f 909/909/902 789/789/782 28/28/28
f 865/865/858 860/860/853 859/859/852
f 860/860/853 865/865/858 909/909/902
f 856/856/849 28/28/28 27/27/27
f 28/28/28 856/856/849 860/860/853
f 814/814/807 817/817/810 813/813/806
f 817/817/810 814/814/807 823/823/816
f 789/789/782 787/787/780 24/24/24
f 789/789/782 24/24/24 28/28/28
f 22/22/22 787/787/780 784/784/777
f 787/787/780 22/22/22 24/24/24
f 781/781/774 22/22/22 782/782/775
f 22/22/22 781/781/774 25/25/25
f 910/910/903 664/664/657 663/663/656
f 664/664/657 910/910/903 762/762/755
f 758/758/751 762/762/755 759/759/752
f 762/762/755 910/910/903 759/759/752
f 761/761/754 666/666/659 762/762/755
f 762/762/755 666/666/659 664/664/657
f 660/660/653 663/663/656 659/659/652
f 663/663/656 660/660/653 910/910/903
f 759/759/752 910/910/903 911/911/904
f 910/910/903 660/660/653 911/911/904
f 657/657/650 660/660/653 656/656/649
f 660/660/653 657/657/650 911/911/904
f 5/5/5 911/911/904 6/6/6
f 911/911/904 657/657/650 6/6/6
f 759/759/752 5/5/5 7/7/7
f 5/5/5 759/759/752 911/911/904
f 723/723/716 726/726/719 722/722/715
f 726/726/719 723/723/716 728/728/721
f 6/6/6 657/657/650 653/653/646
f 657/657/650 654/654/647 653/653/646
f 458/458/454 456/456/452 912/912/572
f 913/913/905 912/912/572 456/456/452
f 571/571/567 570/570/566 576/576/572
f 571/571/567 576/576/572 914/914/905
f 912/912/572 580/580/571 460/460/456
f 912/912/572 460/460/456 458/458/454
f 456/456/452 453/453/449 913/913/905
f 453/453/449 456/456/452 452/452/448
f 915/915/906 571/571/567 914/914/905
f 915/915/906 914/914/905 916/916/449
f 916/916/449 449/449/446 915/915/906
f 449/449/446 916/916/449 448/448/445
f 917/917/907 566/566/562 915/915/906
f 917/917/907 915/915/906 449/449/446
f 566/566/562 571/571/567 915/915/906
f 571/571/567 566/566/562 565/565/561
f 449/449/446 445/445/443 917/917/907
f 445/445/443 449/449/446 444/444/442
f 918/918/908 561/561/557 917/917/907
f 918/918/908 917/917/907 445/445/443
f 561/561/557 566/566/562 917/917/907
f 566/566/562 561/561/557 560/560/556
f 445/445/443 441/441/440 918/918/908
f 441/441/440 445/445/443 440/440/439
f 12/12/12 556/556/552 918/918/908
f 918/918/908 441/441/440 12/12/12
f 556/556/552 561/561/557 918/918/908
f 561/561/557 556/556/552 555/555/551
f 551/551/547 12/12/12 13/13/13
f 12/12/12 551/551/547 556/556/552
f 506/506/502 47/47/47 509/509/505
f 509/509/505 47/47/47 46/46/46
f 8/8/8 12/12/12 441/441/440
f 441/441/440 438/438/437 8/8/8
f 439/439/438 8/8/8 438/438/437
f 8/8/8 439/439/438 11/11/11
f 237/237/237 36/36/36 342/342/339
f 32/32/32 342/342/339 36/36/36
f 337/337/334 32/32/32 29/29/29
f 32/32/32 337/337/334 342/342/339
f 341/341/338 237/237/237 342/342/339
f 237/237/237 341/341/338 236/236/236
f 233/233/233 234/234/234 237/237/237
f 36/36/36 237/237/237 234/234/234
f 53/53/53 211/211/211 54/54/54
f 211/211/211 133/133/133 54/54/54
f 172/172/172 169/169/169 174/174/174
f 169/169/169 172/172/172 168/168/168
f 85/85/85 57/57/57 162/162/162
f 57/57/57 85/85/85 60/60/60
f 83/83/83 60/60/60 85/85/85
f 60/60/60 83/83/83 146/146/146
f 81/81/81 146/146/146 83/83/83
f 81/81/81 141/141/141 146/146/146
f 60/60/60 146/146/146 61/61/61
f 146/146/146 145/145/145 61/61/61
f 54/54/54 133/133/133 130/130/130
f 133/133/133 129/129/129 130/130/130
f 116/116/116 74/74/74 75/75/75
f 116/116/116 75/75/75 63/63/63
f 65/65/65 111/111/111 116/116/116
f 116/116/116 63/63/63 65/65/65
f 115/115/115 74/74/74 116/116/116
f 74/74/74 115/115/115 76/76/76
f 96/96/96 91/91/91 99/99/99
f 91/91/91 96/96/96 92/92/92
# Vertices: 918, normals: 908, texture coordinates: 918, faces: 1808

