# File generated by FabConvert.com - Free Image and 3D model conversion tools

mtllib mtl/jellyfish2.mtl

o obj1
v -0.10211648 0.25032198 0.76902139
v -0.11291099 0.25850871 0.75945329
v -0.11954947 0.24272609 0.75857472
v -0.10241425 0.23744395 0.76888853
v -0.08132264 0.22358966 0.76085555
v -0.10246143 0.22120708 0.76033193
v -0.08370082 0.24058404 0.7685197
v -0.08903608 0.25648165 0.76707351
v -0.09938251 0.26911843 0.75623542
v 0.16240206 0.06511914 0.07298838
v 0.18758759 0.02283253 0.04542752
v 0.18276778 0.05113184 0.0758921
v 0.15078294 0.05571972 0.05261456
v 0.20325939 0.05176599 0.07741912
v 0.21798032 0.0404231 0.05038483
v 0.08324845 -0.17136674 0.75608939
v 0.08777475 -0.15759697 0.74246657
v 0.0748949 -0.15913135 0.74643469
v 0.09800371 -0.16767299 0.74707496
v 0.06854007 -0.15018725 0.72785228
v 0.08993497 -0.15065895 0.72781902
v 0.10828201 -0.16391644 0.72842478
v -0.18321554 -0.09878728 0.77010661
v -0.1690188 -0.10543899 0.7543652
v -0.17435053 -0.09813905 0.76503193
v -0.18673712 -0.11464993 0.7575556
v -0.17094704 -0.08934227 0.7646861
v -0.17702654 -0.08290032 0.76909995
v -0.16207921 -0.08804791 0.75435424
v -0.11896589 0.22751589 0.7552796
v -0.10362451 0.20757243 0.74044877
v -0.12538594 0.21994068 0.73472601
v -0.13230735 0.24410503 0.73665452
v -0.19806571 0.25243136 -0.03095405
v -0.19950636 0.22649068 -0.01980047
v -0.21808168 0.24475922 -0.01175893
v -0.22704545 0.22604471 -0.00134382
v 0.18881765 0.12072349 0.73931348
v 0.17647028 0.10187295 0.7586863
v 0.1878083 0.11181511 0.75694167
v 0.17110319 0.10844993 0.73982101
v 0.19104747 0.12942427 0.7076829
v 0.1694524 0.11643205 0.70569795
v 0.16932994 0.08961609 0.75537884
v 0.16340798 0.08936577 0.73851019
v 0.20988867 0.11652191 0.74510711
v 0.20022947 0.10726662 0.76459515
v 0.18531591 0.09338936 0.77049178
v 0.08148157 -0.29595825 -0.03302163
v 0.05527891 -0.26575369 -0.01846542
v 0.08409562 -0.27260333 -0.02903667
v 0.03652357 -0.29803717 -0.01379193
v -0.12871149 0.18093431 0.03888083
v -0.16969107 0.15620723 0.02805582
v -0.12231024 0.14305539 0.03716019
v -0.15422547 0.1911364 0.02487914
v -0.13687903 0.21588129 0.01545638
v -0.1152755 0.2046681 0.03705255
v -0.18864109 0.10475948 0.02661513
v -0.1324325 0.08217439 0.02890145
v -0.12871149 0.18093431 0.03888083
v -0.10404573 0.1629181 0.0647301
v -0.11422648 0.18058693 0.06124196
v -0.12231024 0.14305539 0.03716019
v -0.0797573 0.12759611 0.03682401
v -0.08243646 0.15555309 0.06463345
v -0.22600526 -0.01755406 0.0472571
v -0.21515365 -0.04346607 0.06780257
v -0.19973521 -0.03325789 0.06295551
v -0.20788678 0.02156476 0.03768612
v -0.25468978 -0.02394335 0.03986512
v -0.225833 -0.05881824 0.06365921
v -0.25660449 0.05165346 0.03012962
v -0.22600526 -0.01755406 0.0472571
v -0.20788678 0.02156476 0.03768612
v -0.25468978 -0.02394335 0.03986512
v -0.112829 -0.10348247 0.04125962
v -0.15391517 -0.09552751 0.06257603
v -0.1475105 -0.15180398 0.0431115
v -0.17241241 -0.1157179 0.06536531
v -0.20404255 -0.13541037 0.04371627
v -0.20072344 -0.11278301 0.06533267
v 0.05722904 -0.19096494 0.7512927
v 0.06872941 -0.17846194 0.75760311
v 0.0522581 -0.17903247 0.74576842
v 0.06040669 -0.16765022 0.7477625
v 0.0426603 -0.1810614 0.73092794
v 0.05122666 -0.16147026 0.72906321
v 0.04700211 -0.20250094 0.73348772
v -0.1972789 0.26773086 0.01383867
v -0.17267302 0.23692396 0.01043669
v -0.15714985 0.25380552 -0.00624374
v -0.16365665 0.27762562 -0.01336063
v -0.29635459 0.21888964 0.05396311
v -0.2902267 0.159042 0.03134549
v -0.26608732 0.18810455 0.04235215
v -0.27425095 0.22351785 0.0554982
v -0.24828821 0.22780554 0.05212805
v -0.22522581 0.18292127 0.03585945
v -0.24311405 0.12725076 0.02564798
v -0.04213003 0.13982528 0.03872341
v -0.04765068 0.17828326 0.06403901
v -0.06176507 0.16197476 0.06525505
v -0.01166048 0.17053528 0.03793468
v -0.02865281 0.20459935 0.04694515
v -0.04742323 0.19590458 0.06667346
v -0.24505888 -0.09181948 0.02863818
v -0.22264524 -0.08924425 0.06211733
v -0.25739157 -0.14551829 0.01070309
v -0.24505888 -0.09181948 0.02863818
v -0.29521656 -0.11553936 -0.00334435
v -0.30064031 -0.06875164 0.01065394
v -0.30721 -0.00231351 0.0334563
v -0.20404255 -0.13541037 0.04371627
v -0.21770328 -0.18060702 0.03472295
v 0.11087625 -0.17660913 0.0789274
v 0.13499956 -0.18691865 0.0473111
v 0.11771911 -0.16080338 0.05320483
v 0.11452684 -0.1954322 0.07718252
v 0.09740917 -0.1601546 0.07086143
v 0.11098973 -0.10864212 0.03389738
v 0.13499956 -0.18691865 0.0473111
v 0.16130689 -0.13624382 0.03011962
v 0.11771911 -0.16080338 0.05320483
v 0.11098973 -0.10864212 0.03389738
v -0.01708285 -0.29164898 -0.00803558
v -0.035432 -0.2505146 -0.01584518
v 0.00173846 -0.27131575 -0.0075205
v -0.07204623 -0.27277261 -0.0249788
v -0.10735848 -0.22715005 -0.02531547
v -0.13300972 -0.24303704 -0.02460207
v -0.10237336 -0.30020207 -0.0331414
v -0.15943369 -0.26663783 -0.02552913
v 0.04357911 -0.24058063 -0.0179888
v 0.11541963 -0.18624237 0.72840345
v 0.10440904 -0.18628308 0.7484107
v 0.10159068 -0.2020258 0.74505502
v 0.10760845 -0.20934729 0.72683769
v 0.08751471 -0.20570916 0.7507931
v 0.08605523 -0.22091904 0.73202604
v 0.10760845 -0.20934729 0.72683769
v 0.08882171 -0.18792994 0.75791824
v 0.1969443 0.06132553 0.76031255
v 0.20775014 0.0699852 0.76433301
v 0.19717312 0.08024651 0.77221441
v 0.18476534 0.06642403 0.76305747
v 0.2005139 0.05207092 0.74411469
v 0.21913555 0.06128815 0.74676138
v 0.18059729 0.05581451 0.74128854
v 0.2115317 0.09356523 0.76597738
v 0.22800918 0.08041969 0.74733388
v 0.22419146 0.10132164 0.74660849
v 0.21676096 0.08122209 0.7621324
v 0.21913555 0.06128815 0.74676138
v 0.17296261 0.07859642 0.76150071
v 0.16706121 0.0698864 0.73910176
v 0.15977381 0.09297751 0.7035076
v 0.18880564 0.17506593 0.03902725
v 0.15735529 0.13127311 0.04922564
v 0.18228841 0.1357789 0.05011782
v 0.13966247 0.1923183 0.03422996
v 0.21098447 0.21747044 0.0405617
v 0.16685109 0.25224662 0.03173256
v 0.23723677 0.24973424 0.04369814
v 0.19588716 0.29290336 0.03301763
v -0.1293948 -0.06575076 0.04550899
v -0.14942551 -0.07155982 0.05952297
v -0.1587064 -0.04969117 0.0605441
v -0.12221845 -0.02240361 0.03871308
v 0.07885962 -0.15709832 0.07016193
v 0.06472781 -0.12059756 0.038748
v 0.07187193 -0.02896814 0.03121816
v 0.06472781 -0.12059756 0.038748
v 0.02653803 -0.06502333 0.03303496
v -0.00864738 -0.10482246 0.03423356
v 0.03629601 -0.1419128 0.04117267
v -0.21978524 -0.09998837 0.75728762
v -0.20990017 -0.08488557 0.76863134
v -0.22551934 -0.08587544 0.75094747
v -0.21842395 -0.07197564 0.75586545
v -0.23263578 -0.08603013 0.73028338
v -0.22659984 -0.10897922 0.7310664
v -0.19712302 -0.09405243 0.77279305
v -0.20424299 -0.11140122 0.76000201
v -0.2246016 -0.06334969 0.73034024
v -0.1690952 -0.06986672 0.75708329
v -0.18429649 -0.05998322 0.7584368
v -0.20281574 -0.06006578 0.75914114
v -0.20044076 -0.07278939 0.76955151
v -0.18911953 -0.07609406 0.77162909
v 0.05010482 -0.17688346 0.06573412
v 0.01652308 -0.17494784 0.04159968
v 0.03698207 -0.19876847 0.05149486
v 0.05032063 -0.1966386 0.07350688
v 0.05960905 -0.21470833 0.07240042
v 0.04005579 -0.22842307 0.0444271
v 0.06426561 -0.21350723 0.10895555
v 0.05476204 -0.19772069 0.1089339
v 0.03698207 -0.19876847 0.05149486
v 0.01652308 -0.17494784 0.04159968
v -0.01138274 -0.21607013 0.03607833
v 0.04005579 -0.22842307 0.0444271
v -0.0797573 0.12759611 0.03682401
v -0.01115871 0.08951145 0.03170802
v -0.04213003 0.13982528 0.03872341
v -0.0737269 0.05490639 0.03034911
v -0.02436456 -0.00767734 0.03299907
v 0.0308408 0.03670185 0.03261344
v -0.12221845 -0.02240361 0.03871308
v -0.07171585 -0.05975643 0.03576347
v -0.1293948 -0.06575076 0.04550899
v -0.112829 -0.10348247 0.04125962
v -0.04408222 -0.14294729 0.03320289
v -0.07592141 -0.18930431 0.02919611
v -0.1475105 -0.15180398 0.0431115
v 0.116069 0.01876588 0.0336142
v 0.08084071 0.06945949 0.03450603
v -0.09968793 -0.24596473 0.02104889
v -0.0317561 -0.27318156 0.03173522
v -0.04857957 -0.3271738 0.02482745
v -0.12468848 -0.30847752 0.00693698
v 0.03792053 0.12127805 0.03390722
v -0.01166048 0.17053528 0.03793468
v 0.08919984 0.15250464 0.03414123
v 0.13074376 0.09807186 0.04641956
v 0.03965909 0.20144504 0.03444314
v -0.00233904 0.23060322 0.0388097
v -0.02865281 0.20459935 0.04694515
v 0.01901603 0.27448082 0.03662617
v 0.08411916 0.25354308 0.02691944
v 0.11381143 0.30617261 0.01958404
v 0.03832285 0.32653779 0.03401435
v -0.16832322 -0.21527702 0.03353147
v -0.18515669 -0.26287019 0.01943816
v -0.1986044 -0.29935369 0.01732625
v -0.27650609 -0.27972925 0.04077736
v -0.25521418 -0.25329953 0.04134432
v -0.20872621 -0.32680237 0.01675735
v -0.13258214 -0.34504089 -0.001186
v -0.05336169 -0.35732055 0.01912948
v -0.13503301 -0.36605716 -0.00871163
v -0.28612909 -0.18726487 0.01223527
v -0.33320373 -0.1349967 -0.00849978
v -0.25098789 0.28375405 0.05121649
v -0.27393868 0.26265553 0.06859028
v -0.25985917 0.25800243 0.05912438
v -0.26145619 0.30408853 0.05468912
v -0.22885057 0.24928407 0.04336779
v -0.05858627 0.22551349 0.73638683
v -0.06714055 0.2324129 0.7553426
v -0.07768953 0.20971942 0.74160337
v -0.07436049 0.19831449 0.70266628
v -0.05270045 0.21704595 0.70180225
v -0.05770887 0.24857089 0.73693353
v -0.06863241 0.2470869 0.75744503
v -0.0671935 0.2672728 0.73386329
v -0.08592508 0.27190977 0.75084471
v -0.07580379 0.26234132 0.75529062
v -0.08494607 0.27942833 0.73278302
v -0.10717525 0.27858961 0.73390793
v -0.10977746 0.24032494 0.00636073
v -0.0928999 0.22302796 0.03638116
v 0.25268143 0.11830808 -0.0377236
v 0.24470834 0.17130832 -0.02446198
v 0.26709065 0.16141468 -0.03789897
v 0.2783241 0.11749867 -0.04488929
v 0.28699633 0.1906251 -0.03768756
v 0.25152358 0.21533763 -0.00857869
v 0.30825484 0.13439599 -0.05164431
v 0.26435315 0.04384957 -0.02324301
v 0.29396456 0.06233791 -0.03254488
v 0.294364 0.01873218 -0.01657624
v 0.27019027 0.07055163 -0.03183859
v 0.22894585 0.12479357 -0.02944303
v 0.24575004 0.02423611 -0.01816224
v 0.19342942 0.14183924 -0.02005921
v 0.33086625 0.06385862 -0.03260097
v 0.23510469 -0.05196622 -0.03431109
v 0.22177653 0.0321362 -0.0282921
v 0.25054464 -0.06746472 -0.0305742
v 0.28421587 -0.0291031 -0.016354
v 0.27088746 -0.0940337 -0.03332001
v 0.21689939 0.18578325 -0.00973008
v 0.17716232 0.21080814 -0.00919511
v 0.1253912 0.25146225 -0.03307065
v 0.18347263 0.25430995 -0.01309572
v 0.1316212 0.28641915 -0.03857975
v 0.20386612 0.28591314 -0.0118598
v 0.14390489 0.32363239 -0.03995644
v 0.23823231 0.25555009 0.00463202
v 0.22296646 0.2283197 0.00097354
v 0.12607858 0.21099499 -0.02434821
v 0.18334097 0.12578441 -0.03028282
v 0.12495685 0.19040851 -0.02905125
v -0.22804163 0.11499871 -0.02727906
v -0.15991023 0.18793794 -0.03040049
v -0.20798328 0.11914764 -0.0339683
v -0.14912385 0.18668435 -0.04013793
v -0.18143567 0.20695524 -0.02450385
v -0.12981299 0.22597727 -0.049081
v -0.21598184 0.16359334 -0.01467864
v -0.21800606 0.19680136 -0.00706509
v -0.25439647 0.15685056 -0.01303802
v 0.05052813 -0.09105668 -0.56176841
v 0.11886607 -0.11509283 -0.54469782
v 0.09092654 -0.1616428 -0.53495872
v 0.03952084 -0.15862518 -0.54393279
v 0.05532097 -0.23063639 -0.50817585
v 0.12416881 -0.20971492 -0.50349295
v 0.18188381 -0.15595162 -0.51025289
v 0.03527356 0.14494213 -0.54478878
v -0.00901055 0.07404488 -0.56481462
v -0.02900271 0.12920164 -0.55125844
v 0.03632035 0.06570237 -0.56419116
v -0.08491155 0.0940379 -0.5544886
v -0.04007173 0.03752458 -0.56846845
v 0.01223322 0.00101293 -0.57166147
v -0.17456302 -0.16702434 -0.49552631
v -0.10119704 -0.15515782 -0.53292006
v -0.14460018 -0.21601376 -0.49345773
v -0.08768077 -0.22348152 -0.50724792
v -0.08123899 -0.01060233 -0.56582027
v -0.12390895 -0.09075331 -0.54514104
v -0.14965486 -0.03238676 -0.5458892
v -0.03449272 -0.06818902 -0.56698668
v -0.02841037 -0.15192968 -0.54713684
v -0.16793288 0.01613233 -0.54214722
v -0.13105862 0.05175222 -0.55157089
v -0.23127353 0.03978552 -0.50949663
v -0.19185774 0.11098702 -0.51850867
v -0.23092726 -0.03479341 -0.50366223
v 0.18190491 0.20226201 -0.48517871
v 0.23639497 0.16957626 -0.47607368
v 0.17367279 0.12314065 -0.5214951
v 0.24398067 0.10491291 -0.49660313
v 0.2843712 0.19570264 -0.43135243
v 0.31848138 0.09841716 -0.44642395
v 0.21227437 0.27371943 -0.42632514
v 0.37997654 0.09673424 -0.37121799
v 0.33632579 0.21505588 -0.35851392
v 0.24849228 0.3154231 -0.35221624
v 0.36185637 0.22840305 -0.26938486
v 0.26750409 0.33538908 -0.26489502
v 0.0757774 -0.18904163 0.75938415
v 0.06998293 -0.20200774 0.75338733
v 0.15812591 0.08728478 0.0759435
v 0.13074376 0.09807186 0.04641956
v 0.15078294 0.05571972 0.05261456
v 0.18758759 0.02283253 0.04542752
v 0.15440886 -0.03136505 0.0263997
v 0.23322341 -0.01621839 0.02793964
v 0.20230469 -0.07192769 0.01866138
v 0.16734929 0.10631651 0.0771188
v 0.15735529 0.13127311 0.04922564
v 0.18228841 0.1357789 0.05011782
v 0.18185423 0.11442876 0.07608183
v 0.18104777 0.10951434 0.11227496
v 0.16719104 0.09975228 0.11201087
v 0.19342142 0.1070487 0.17417321
v 0.19766362 0.10886092 0.11206647
v 0.17584887 0.10805353 0.17240602
v 0.20724569 0.09608351 0.17514521
v 0.21061219 0.09835386 0.11076024
v 0.20013803 0.09167677 0.24934871
v 0.18631552 0.10294809 0.24875264
v 0.16863292 0.1044786 0.24753336
v 0.15203512 0.09446156 0.32631373
v 0.16729486 0.10377584 0.3257994
v 0.15363389 0.09489649 0.24618867
v 0.1459281 0.07769614 0.32665282
v 0.14762036 0.07806868 0.24528681
v 0.16124402 0.09819017 0.17052767
v 0.15551728 0.08149665 0.16914254
v 0.19895175 0.09072322 0.32527295
v 0.20549084 0.07468906 0.24913798
v 0.20384805 0.07357276 0.32546264
v 0.19763774 0.05688637 0.32578134
v 0.19978431 0.05785135 0.24819989
v 0.20834787 0.07575715 0.40192789
v 0.20213662 0.05913106 0.40347779
v 0.22117078 0.08147936 0.47879371
v 0.21457063 0.06395234 0.48119932
v 0.18738559 0.04957788 0.40561539
v 0.18255709 0.0474035 0.32615632
v 0.20213662 0.05913106 0.40347779
v 0.19763774 0.05688637 0.32578134
v 0.18014632 0.05666172 0.48650375
v 0.19870575 0.05419664 0.48416349
v 0.16973036 0.05140921 0.4074586
v 0.16472772 0.04889723 0.32645729
v 0.21457063 0.06395234 0.48119932
v 0.20934518 0.05506439 0.56136048
v 0.22834133 0.0665647 0.55966091
v 0.18656176 0.05308825 0.63737428
v 0.1873813 0.05791892 0.56288367
v 0.21220148 0.04933494 0.63749909
v 0.17120126 0.07320799 0.56349236
v 0.16794598 0.07143101 0.63797646
v 0.16626279 0.06964356 0.4873684
v 0.15182419 0.08077031 0.40774852
v 0.16151714 0.08798763 0.48656708
v 0.15647688 0.06345716 0.40828186
v 0.15098187 0.06046391 0.32666901
v 0.15294698 0.0608919 0.2451656
v 0.16079017 0.06455188 0.16893533
v 0.1669195 0.0495717 0.24571995
v 0.17476605 0.05355418 0.16990831
v 0.16626811 0.09485843 0.56293607
v 0.16255289 0.09700093 0.6386612
v 0.16459957 0.06770644 0.70195275
v 0.18244266 0.0492765 0.70237595
v 0.17258769 0.12081349 0.6390652
v 0.17469554 0.11525375 0.56145811
v 0.19471827 0.1336357 0.63950574
v 0.19373193 0.12646922 0.5595572
v 0.21624006 0.12578146 0.70885592
v 0.21997371 0.12986807 0.64008176
v 0.21552956 0.12350451 0.55813133
v 0.2315253 0.10837389 0.5577774
v 0.23825696 0.11181648 0.64030289
v 0.23446451 0.10736473 0.70852762
v 0.23980446 0.08158919 0.70739138
v 0.24377268 0.08660026 0.6396926
v 0.23427838 0.06263153 0.6384927
v 0.22834133 0.0665647 0.55966091
v 0.23656568 0.08702163 0.55833435
v 0.22992924 0.05769805 0.7058106
v 0.22992924 0.05769805 0.7058106
v 0.2075571 0.04511688 0.70403707
v 0.23427838 0.06263153 0.6384927
v 0.2165516 0.09981785 0.47789666
v 0.20268273 0.11267277 0.4787384
v 0.18412243 0.11512715 0.48112622
v 0.19058226 0.10466668 0.40205103
v 0.17302777 0.10653967 0.40380007
v 0.15801339 0.09742574 0.40600911
v 0.16818915 0.10554828 0.48419124
v 0.18476559 0.04820072 0.24685392
v 0.19251072 0.05256436 0.17162216
v 0.19978431 0.05785135 0.24819989
v 0.20724603 0.0624713 0.1732426
v 0.19775797 0.0556528 0.11177652
v 0.21199506 0.0659174 0.11168763
v 0.21271096 0.07927412 0.17470916
v 0.21199506 0.0659174 0.11168763
v 0.21615681 0.08256468 0.11098134
v 0.20724603 0.0624713 0.1732426
v 0.21549567 0.06559241 0.07434925
v 0.21679869 0.08340505 0.06653285
v 0.20945777 0.10083303 0.06675815
v 0.21844014 0.11125871 0.04041077
v 0.22803995 0.09005022 0.03836301
v 0.19644231 0.11278827 0.06946889
v 0.20162302 0.12849139 0.04612283
v 0.23827597 0.13064958 0.02373518
v 0.20162302 0.12849139 0.04612283
v 0.21844014 0.11125871 0.04041077
v 0.21658972 0.15501155 0.03372458
v 0.27235579 0.15919575 0.00962438
v 0.24571389 0.1935679 0.03182664
v 0.3028743 0.18277623 0.00195896
v 0.26864666 0.21987995 0.03229664
v 0.25176853 0.26870274 0.04442997
v 0.21060017 0.31655982 0.03267887
v -0.01755511 0.35946295 0.03813345
v 0.05029001 0.36094498 0.03094192
v -0.02013162 0.32766548 0.03703248
v -0.0268361 0.28339541 0.03478368
v -0.03703579 0.24356684 0.03802292
v -0.06886376 0.28655457 0.01293457
v -0.07026835 0.24793339 0.02587247
v -0.07030912 0.2301636 0.04259815
v -0.04618685 0.22288 0.04830505
v -0.07030912 0.2301636 0.04259815
v -0.05643389 0.2126039 0.06755526
v -0.04618685 0.22288 0.04830505
v -0.07371873 0.22019027 0.06483192
v -0.05777253 0.17779156 0.10347265
v -0.05548802 0.1939473 0.10497833
v -0.06297544 0.2087321 0.10616269
v -0.05347604 0.18637088 0.16400294
v -0.0610554 0.20133865 0.166586
v -0.05684052 0.16981053 0.16171822
v -0.07829619 0.21571913 0.10613232
v -0.0503293 0.17508228 0.23956828
v -0.05423667 0.15798046 0.23795432
v -0.06870413 0.15749606 0.16034216
v -0.06661424 0.14536704 0.23682196
v -0.05382156 0.15309101 0.31865573
v -0.06628457 0.14060834 0.31866449
v -0.0833575 0.13653439 0.31866705
v -0.08372921 0.14107767 0.2366568
v -0.10045835 0.14898905 0.39941105
v -0.10585292 0.16004023 0.31856584
v -0.09913336 0.14395888 0.31862533
v -0.10703984 0.16491495 0.39761185
v -0.1120352 0.17610562 0.47578773
v -0.10497294 0.15928908 0.48006496
v -0.12186559 0.19922724 0.55105841
v -0.1126177 0.18085727 0.55812347
v -0.10241847 0.1816891 0.39605093
v -0.10676015 0.19375117 0.47217259
v -0.1014519 0.1769077 0.31857037
v -0.11630277 0.21900409 0.54438394
v -0.13274704 0.2243583 0.62509256
v -0.12685814 0.24892622 0.6188358
v -0.09906429 0.23217747 0.54157203
v -0.08068294 0.2647205 0.61765498
v -0.07724024 0.23439582 0.54302215
v -0.10651793 0.26398325 0.61583721
v -0.11067415 0.28112313 0.6891061
v -0.12685814 0.24892622 0.6188358
v -0.13197309 0.26490223 0.6908099
v -0.11630277 0.21900409 0.54438394
v -0.10676015 0.19375117 0.47217259
v -0.09262801 0.20611161 0.47049978
v -0.10241847 0.1816891 0.39605093
v -0.08977296 0.1937557 0.3952105
v -0.08375996 0.28133806 0.68934017
v -0.05804849 0.25194055 0.62263697
v -0.06072181 0.26713359 0.69267505
v -0.05810882 0.22470733 0.54740023
v -0.04579324 0.22941172 0.62864691
v -0.04862005 0.20600176 0.5529691
v -0.04848917 0.24375902 0.69794911
v -0.05040602 0.20430609 0.63417095
v -0.05379197 0.18567015 0.55839181
v -0.07109936 0.18816167 0.63716483
v -0.0981271 0.18695453 0.63615632
v -0.1035971 0.19632806 0.70103246
v -0.09322736 0.17088704 0.56204742
v -0.07103328 0.17261109 0.56185698
v -0.12836096 0.21191344 0.69772905
v -0.12147878 0.20075211 0.63165706
v -0.13899292 0.238333 0.69392764
v -0.13197309 0.26490223 0.6908099
v -0.12532823 0.26542696 0.73548245
v -0.12532823 0.26542696 0.73548245
v -0.08837411 0.1510224 0.48262799
v -0.06974243 0.15410517 0.48239592
v -0.08499931 0.14141837 0.40053695
v -0.06794528 0.14502475 0.40057024
v -0.05556201 0.16652006 0.48000008
v -0.05524681 0.15706004 0.39960342
v -0.05055605 0.18444264 0.47658619
v -0.0507054 0.17383417 0.39804604
v -0.04953543 0.17009303 0.31866866
v -0.0572083 0.18982008 0.39634284
v -0.0563437 0.18610632 0.31866282
v -0.05779542 0.2012064 0.47316012
v -0.05761796 0.1907662 0.24130571
v -0.0742384 0.20932211 0.47090447
v -0.07273342 0.1974111 0.39525896
v -0.08903915 0.18921366 0.31858754
v -0.07210281 0.19320258 0.31862563
v -0.1014519 0.1769077 0.31857037
v -0.09050926 0.19316693 0.24240796
v -0.10287537 0.18077993 0.24143726
v -0.1054983 0.19126511 0.16710219
v -0.09339899 0.20337513 0.1685985
v -0.0767853 0.20757003 0.16832051
v -0.07357747 0.19739088 0.24237049
v -0.10287537 0.18077993 0.24143726
v -0.1069185 0.16388491 0.23968333
v -0.10900858 0.17475936 0.1643323
v -0.1054983 0.19126511 0.16710219
v -0.10986803 0.18263423 0.10320079
v -0.10114762 0.15982795 0.16147707
v -0.10138428 0.16755807 0.10203647
v -0.08535357 0.15338413 0.16006191
v -0.08519823 0.16123375 0.10158877
v -0.09972264 0.14807393 0.23776324
v -0.0687487 0.16546388 0.10210663
v -0.10715938 0.20119136 0.06027126
v -0.10654617 0.19968113 0.10381755
v -0.0928999 0.22302796 0.03638116
v -0.1152755 0.2046681 0.03705255
v -0.10715938 0.20119136 0.06027126
v -0.09194672 0.21522485 0.06098336
v -0.1152755 0.2046681 0.03705255
v -0.10654617 0.19968113 0.10381755
v -0.09470632 0.21183029 0.10467511
v -0.07189021 0.33122662 0.01175083
v -0.1121367 0.28206539 -0.01369503
v -0.12250672 0.32472482 -0.01865685
v -0.07637205 0.35930878 0.01151469
v -0.13109757 0.34729901 -0.01879746
v -0.07934652 0.38159776 0.01085334
v -0.13978238 0.36558112 -0.02041497
v -0.17258568 0.31078538 -0.01792486
v -0.1792838 0.33001667 -0.0194328
v -0.21815319 0.30054432 0.01501077
v -0.22492418 0.31838396 0.01117885
v -0.18545674 0.34564975 -0.02192956
v -0.22974642 0.3334201 0.00515792
v -0.2731761 0.31731766 0.05337965
v -0.28619778 0.32236698 0.04295564
v -0.23629713 0.34492302 -0.00397648
v -0.19227932 0.35882509 -0.02864529
v -0.29240781 0.26829299 0.07136114
v -0.31209075 0.27498498 0.05991276
v -0.31579196 0.22638357 0.05082343
v -0.3234286 0.23307748 0.0382786
v -0.31346729 0.27518639 0.04196877
v -0.34165951 0.18151452 0.02122113
v -0.32575795 0.17213991 0.02786527
v -0.33927095 0.09203532 0.02370366
v -0.30443475 0.07694416 0.02600678
v -0.34713164 0.00743503 0.03122349
v -0.36937606 0.10786384 0.01674597
v -0.39509299 0.01846559 0.02150043
v -0.38361525 0.11464947 0.00400866
v -0.37640512 0.01366724 0.02850483
v -0.34305277 0.18855116 0.00583305
v -0.37710437 -0.07360626 0.00279731
v -0.35116151 -0.07251272 0.00298463
v -0.397989 -0.07270415 -0.00208046
v -0.38039368 -0.15740567 -0.00902861
v -0.358574 -0.14662763 -0.00474351
v -0.32245156 -0.21755513 0.01335354
v -0.3054741 -0.20270333 0.01383049
v -0.23745368 -0.22284146 0.03529333
v 0.03629601 -0.1419128 0.04117267
v 0.06202282 -0.1640775 0.0698319
v 0.05651718 -0.17988807 0.10908678
v 0.06798136 -0.16644233 0.10949537
v 0.08504131 -0.16207461 0.11032159
v 0.10133599 -0.16865428 0.11111614
v 0.06885336 -0.16578257 0.16806516
v 0.08658028 -0.16164797 0.16818054
v 0.1032535 -0.16887486 0.16775325
v 0.11278932 -0.18434718 0.16713098
v 0.11116233 -0.18300806 0.11129198
v 0.10704502 -0.17317641 0.24238631
v 0.09066442 -0.16542615 0.2440934
v 0.11588515 -0.18896228 0.24065342
v 0.11327406 -0.20685531 0.23964003
v 0.11126931 -0.20252453 0.16694061
v 0.12283603 -0.19781116 0.31776655
v 0.114538 -0.18177895 0.31984532
v 0.09849073 -0.17355587 0.32180777
v 0.08650131 -0.18161897 0.39895826
v 0.08056846 -0.17624319 0.32289061
v 0.10433615 -0.17986022 0.39850703
v 0.08673008 -0.1796947 0.47389748
v 0.10589673 -0.17843456 0.47484794
v 0.10092189 -0.16643168 0.55013108
v 0.07855078 -0.16744046 0.54798925
v 0.11930729 -0.21552187 0.31645864
v 0.10586368 -0.22781746 0.31640887
v 0.11327406 -0.20685531 0.23964003
v 0.11930729 -0.21552187 0.31645864
v 0.10062131 -0.21988773 0.23959449
v 0.10933036 -0.23401584 0.39623141
v 0.12312831 -0.22246787 0.39628994
v 0.09139747 -0.23576772 0.39666068
v 0.08785766 -0.2304905 0.31755805
v 0.10828057 -0.23634103 0.47795623
v 0.12368231 -0.22472207 0.47820803
v 0.08901525 -0.23750505 0.4768323
v 0.07754256 -0.23449489 0.55583369
v 0.10006075 -0.23361917 0.55859166
v 0.07281455 -0.22749522 0.47527614
v 0.05912707 -0.22223271 0.55203634
v 0.0757096 -0.22694078 0.39742026
v 0.07173899 -0.22230652 0.31947356
v 0.06624716 -0.2158892 0.24181352
v 0.08282017 -0.22338566 0.24041036
v 0.06456257 -0.21352921 0.16784568
v 0.08147503 -0.22063987 0.16732269
v 0.08192329 -0.22006498 0.10947665
v 0.0821633 -0.22300807 0.06790117
v 0.08324361 -0.2365534 0.04187412
v 0.05742787 -0.20000066 0.24341909
v 0.06366985 -0.20620122 0.32146382
v 0.06849606 -0.21055822 0.39827689
v 0.0550647 -0.19771089 0.1678182
v 0.04298038 -0.21392366 0.62831366
v 0.06397763 -0.23008148 0.63115442
v 0.05237174 -0.20117582 0.54877567
v 0.03640761 -0.18850228 0.6256485
v 0.06593408 -0.20965433 0.4739699
v 0.0601171 -0.18026641 0.54742396
v 0.04663242 -0.16437371 0.62376183
v 0.03259417 -0.18441032 0.69351577
v 0.0385992 -0.21127409 0.69509643
v 0.04322656 -0.15905838 0.69204676
v 0.06576145 -0.14393768 0.69126701
v 0.06870714 -0.14963454 0.623636
v 0.09526999 -0.14880802 0.62579202
v 0.09246881 -0.1437699 0.69176739
v 0.11705625 -0.16363522 0.62966132
v 0.11427314 -0.15973264 0.69267928
v 0.12451628 -0.18914634 0.63367772
v 0.11954667 -0.17846791 0.55358791
v 0.12645058 -0.19951948 0.55715447
v 0.12206621 -0.18702128 0.69312596
v 0.11143209 -0.21481773 0.69380933
v 0.11423039 -0.21465832 0.63527548
v 0.11867396 -0.22060634 0.55912661
v 0.11143209 -0.21481773 0.69380933
v 0.09120865 -0.230159 0.63368165
v 0.11423039 -0.21465832 0.63527548
v 0.08710833 -0.23089774 0.69539362
v 0.0593474 -0.2292216 0.69588619
v 0.06345003 -0.2178629 0.73419559
v 0.11867396 -0.22060634 0.55912661
v 0.12925878 -0.20629606 0.47747817
v 0.12368231 -0.22472207 0.47820803
v 0.12312831 -0.22246787 0.39628994
v 0.12735288 -0.20507364 0.39679804
v 0.12224532 -0.18840586 0.47613308
v 0.07153404 -0.19135129 0.47350579
v 0.07279589 -0.19318855 0.39887842
v 0.06723514 -0.1885412 0.32276517
v 0.07274288 -0.16884717 0.24499392
v 0.06000191 -0.18198961 0.24469009
v 0.0568423 -0.17954349 0.16831893
v 0.09927928 -0.21635225 0.16715395
v 0.09984132 -0.2148055 0.11015415
v 0.11126931 -0.20252453 0.16694061
v 0.11098082 -0.20053491 0.11094125
v 0.11452684 -0.1954322 0.07718252
v 0.10458036 -0.21406959 0.0708705
v 0.11098082 -0.20053491 0.11094125
v 0.11284651 -0.22192247 0.04656635
v 0.13499956 -0.18691865 0.0473111
v 0.17427716 -0.21453743 0.03135847
v 0.11284651 -0.22192247 0.04656635
v 0.12978455 -0.24885596 0.02547783
v 0.21142419 -0.25434703 0.02482342
v 0.21899874 -0.17274211 0.02336639
v 0.26705652 -0.20858695 0.02016319
v 0.26020256 -0.11098401 0.00981561
v 0.28919256 -0.04528416 0.02122988
v 0.32385135 -0.05983986 0.01817279
v 0.29507545 -0.13201658 0.0058738
v 0.33864894 0.00819353 0.02903076
v 0.30355424 0.01266277 0.03073345
v 0.36186614 0.00620881 0.02772194
v 0.34805596 -0.06833999 0.01615494
v 0.32011074 -0.14464009 0.00365473
v 0.36611307 -0.07359318 0.01396624
v 0.37962055 0.00545043 0.02588719
v 0.3377251 -0.15182868 0.00095046
v 0.29247361 -0.22547893 0.02270697
v 0.30915043 -0.23642623 0.02067505
v 0.22728757 -0.27894208 0.02369755
v 0.14834742 -0.29072168 0.01122853
v 0.08324361 -0.2365534 0.04187412
v 0.08442673 -0.27206024 0.02265961
v 0.08852954 -0.31441557 0.00906781
v 0.25340974 0.02483079 0.03322405
v 0.21798032 0.0404231 0.05038483
v 0.30231014 0.06748675 0.01620309
v 0.25814435 0.06251468 0.02696441
v 0.33886182 0.07473429 0.01074169
v 0.22797045 0.0641586 0.04517153
v 0.22797045 0.0641586 0.04517153
v 0.22797045 0.0641586 0.04517153
v 0.21549567 0.06559241 0.07434925
v 0.25435552 0.10129312 0.01894437
v 0.29303092 0.11856 -0.0001743
v 0.22803995 0.09005022 0.03836301
v 0.3244605 0.1342424 -0.00656874
v 0.35749197 0.07881708 0.01088667
v 0.34330436 0.14350177 -0.00460568
v 0.37375763 0.08176621 0.01014983
v 0.35983941 0.14977205 -0.00565751
v 0.32213887 0.19572706 0.00330106
v 0.3384898 0.20676128 0.00281424
v 0.2993083 0.25117201 0.03110144
v 0.28542158 0.23708276 0.03191262
v 0.35187846 0.2177524 -0.00410983
v 0.31016889 0.26496115 0.02648484
v 0.2732338 0.3003658 0.0320319
v 0.22314978 0.33192047 0.03033582
v 0.26327985 0.28262466 0.04310562
v 0.23596561 0.34155586 0.02074157
v 0.15855893 0.39364165 0.00554694
v 0.1489224 0.37446654 0.01472453
v 0.14634956 0.36981362 0.01195495
v 0.06788895 0.412826 0.00932745
v 0.06540582 0.39596051 0.02275992
v 0.05714335 0.38387775 0.0274903
v 0.13296132 0.34325898 0.01551891
v -0.01569709 0.38256523 0.0379201
v -0.01191478 0.41003349 0.01957968
v -0.01384891 0.40049538 0.03383543
v -0.14709644 0.38180315 -0.02593293
v -0.14567627 0.38555953 -0.04153081
v -0.19438367 0.35582039 -0.04305619
v -0.24068534 0.3374007 -0.0147855
v -0.23674582 0.32185578 -0.01875107
v -0.28805289 0.31517005 0.0267811
v -0.24068534 0.3374007 -0.0147855
v -0.27894273 0.30197903 0.0177779
v -0.31346729 0.27518639 0.04196877
v -0.30160749 0.26957112 0.02819659
v -0.28805289 0.31517005 0.0267811
v -0.26525643 0.28749201 0.01406399
v -0.28452214 0.26072952 0.023505
v -0.31428432 0.23423631 0.02526574
v -0.2982974 0.22946922 0.02051289
v -0.3234286 0.23307748 0.0382786
v -0.32655632 0.18412922 -0.00204106
v -0.34305277 0.18855116 0.00583305
v -0.34165951 0.18151452 0.02122113
v -0.37308487 0.11429694 -0.01173662
v -0.38361525 0.11464947 0.00400866
v -0.37308487 0.11429694 -0.01173662
v -0.39551171 0.0223635 0.00360881
v -0.37864798 0.02400878 -0.00730266
v -0.35356861 0.11159235 -0.0183284
v -0.39551171 0.0223635 0.00360881
v -0.39124512 -0.06424427 -0.03290367
v -0.40597138 -0.0685105 -0.01908429
v -0.37054971 -0.06187971 -0.03854769
v -0.34878373 0.02293799 -0.01654811
v -0.40597138 -0.0685105 -0.01908429
v -0.37505355 -0.15751129 -0.04777213
v -0.38857105 -0.16280356 -0.02991849
v -0.38857105 -0.16280356 -0.02991849
v -0.33147085 -0.22910392 -0.00018267
v -0.31948674 -0.22490473 -0.01658026
v -0.33147085 -0.22910392 -0.00018267
v -0.2880519 -0.29010379 0.02288378
v -0.28205576 -0.28506476 -0.0002402
v -0.22599165 -0.34685838 -0.00134003
v -0.2880519 -0.29010379 0.02288378
v -0.22125402 -0.33630821 -0.01908959
v -0.20698059 -0.31791615 -0.02467189
v -0.13033873 -0.37104684 -0.03473095
v -0.12273441 -0.35046065 -0.03687163
v -0.22599165 -0.34685838 -0.00134003
v -0.13642095 -0.38236844 -0.02152687
v -0.05301944 -0.37670439 0.01332092
v -0.05023496 -0.39261472 0.0023999
v 0.02947346 -0.28063804 0.03263916
v 0.02174223 -0.32493442 0.02564723
v 0.09204563 -0.34322071 -0.00033021
v 0.16041653 -0.31725356 0.00137845
v 0.17039843 -0.33638266 -0.00551346
v 0.09521483 -0.3645376 -0.00666729
v 0.17992601 -0.35110938 -0.01496289
v 0.09706287 -0.38242045 -0.01628479
v 0.23871599 -0.29443964 0.02045138
v 0.25135478 -0.30521279 0.01100034
v 0.01933909 -0.35063466 0.01984107
v 0.01874348 -0.37031856 0.01423118
v 0.01820672 -0.38687333 0.0058971
v 0.38934979 0.08373424 0.00450969
v 0.37427458 0.15407424 -0.01442539
v 0.37832683 0.15462381 -0.03153976
v 0.35187846 0.2177524 -0.00410983
v 0.37427458 0.15407424 -0.01442539
v 0.35422227 0.22554201 -0.02072593
v 0.34178349 0.22534358 -0.03428283
v 0.36879864 0.15158261 -0.04634229
v 0.35285216 0.14763057 -0.05364909
v 0.32504281 0.21953976 -0.03955577
v 0.30836907 0.20981409 -0.0400686
v 0.33421492 0.14297765 -0.05533189
v 0.30947071 0.27249405 0.01206293
v 0.29763397 0.26577023 0.00150172
v 0.31016889 0.26496115 0.02648484
v 0.2732338 0.3003658 0.0320319
v 0.26798752 0.29741993 0.01648785
v 0.26406687 0.28770441 0.01047806
v 0.23054008 0.32429808 -0.0081242
v 0.23316042 0.34108406 -0.00486123
v 0.23596561 0.34155586 0.02074157
v 0.16213122 0.37502941 -0.04126916
v 0.16690393 0.39319116 -0.0311818
v 0.15855893 0.39364165 0.00554694
v 0.05885817 0.38909745 -0.02086446
v 0.05792636 0.40680519 -0.01183008
v 0.06788895 0.412826 0.00932745
v -0.01003693 0.39907548 0.0053118
v -0.00845629 0.381253 -0.00107343
v -0.01191478 0.41003349 0.01957968
v -0.06403656 0.37904054 -0.02086816
v -0.06769897 0.39781418 -0.01608625
v -0.1369402 0.37161338 -0.05037446
v -0.12920354 0.35436353 -0.05512731
v -0.18966122 0.34126282 -0.05073231
v -0.18400834 0.32474193 -0.05498025
v -0.23115197 0.30592939 -0.02057821
v -0.12287301 0.33170414 -0.05885205
v -0.17688294 0.30375182 -0.05786196
v -0.05987622 0.3557738 -0.02319295
v -0.00641267 0.35856107 -0.00405957
v -0.21238252 0.27999705 -0.02974172
v -0.11321736 0.29570961 -0.06022747
v -0.16644424 0.26916966 -0.0564909
v -0.06015335 0.31805739 -0.02929743
v -0.00462096 0.33117446 -0.00670178
v -0.07379714 0.41200459 -0.00502092
v -0.14567627 0.38555953 -0.04153081
v -0.07995523 0.40158167 0.00749968
v -0.07379714 0.41200459 -0.00502092
v -0.19438367 0.35582039 -0.04305619
v -0.235881 0.26289654 -0.00160856
v -0.24998276 0.19820453 0.00313314
v -0.25418186 0.23990016 0.01368029
v -0.27803028 0.20980044 0.01216638
v -0.2849549 0.16051431 -0.01176022
v -0.31066838 0.17047778 -0.00824509
v -0.32286662 0.10097884 -0.02324124
v -0.32016182 0.02587108 -0.02061842
v -0.2935172 0.09976681 -0.0256651
v -0.28894153 0.03412245 -0.02300737
v -0.26170513 0.10523324 -0.02655693
v -0.26119518 0.04276895 -0.02579342
v -0.34036741 -0.05818744 -0.03954846
v -0.32520684 -0.13017708 -0.05252368
v -0.35421944 -0.1466777 -0.05385368
v -0.30222624 -0.21396948 -0.02451851
v -0.28158387 -0.19957216 -0.02867819
v -0.24212584 -0.25412544 -0.01196625
v -0.26503488 -0.27198923 -0.01041305
v -0.21019344 -0.22665094 -0.01101171
v -0.1879085 -0.29618224 -0.02516887
v -0.11419135 -0.32710183 -0.03614612
v -0.04478496 -0.38501593 -0.0122654
v -0.04110717 -0.36557242 -0.01540814
v -0.05023496 -0.39261472 0.0023999
v -0.13642095 -0.38236844 -0.02152687
v 0.01599198 -0.38705599 -0.00910439
v 0.0162914 -0.36989814 -0.01396439
v 0.01820672 -0.38687333 0.0058971
v 0.09706287 -0.38242045 -0.01628479
v 0.0949001 -0.38782805 -0.03454231
v 0.17992601 -0.35110938 -0.01496289
v 0.18502271 -0.35513282 -0.0325665
v 0.25814944 -0.30591419 -0.00604924
v 0.25135478 -0.30521279 0.01100034
v 0.32220769 -0.24707428 0.01077276
v 0.32310447 -0.24321732 -0.01711118
v 0.32220769 -0.24707428 0.01077276
v 0.35301602 -0.15688662 -0.00506352
v 0.35958192 -0.1595045 -0.01494674
v 0.35301602 -0.15688662 -0.00506352
v 0.38249072 -0.07774439 0.00949592
v 0.39584824 0.00491522 0.02121873
v 0.39049759 -0.07716176 -0.00355107
v 0.38249072 -0.07774439 0.00949592
v 0.39584824 0.00491522 0.02121873
v 0.40305015 0.0037926 0.00780227
v 0.37740913 -0.07060041 -0.01238568
v 0.3907302 0.00241353 -0.00297586
v 0.39507946 0.08100933 -0.00993518
v 0.38555544 0.07599482 -0.02238835
v 0.37098938 0.07156385 -0.02872477
v 0.37477112 0.00134447 -0.00745054
v 0.38934979 0.08373424 0.00450969
v 0.35542118 0.06817067 -0.03163398
v 0.28456968 0.25459006 -0.00304151
v 0.27010271 0.23895749 -0.00530374
v 0.2520411 0.2741994 0.0061574
v 0.2186639 0.30878055 -0.01161318
v 0.1543237 0.3528367 -0.04163217
v 0.06172904 0.33947989 -0.0269809
v 0.06116031 0.36872908 -0.02482922
v -0.11456077 0.26022917 -0.05826698
v -0.06033595 0.28616255 -0.03339085
v -0.1669594 0.2372622 -0.04423038
v -0.06419609 0.25822657 -0.03733622
v -0.00375375 0.25607988 -0.01884367
v -0.07037848 0.24148047 -0.04119463
v -0.00283209 0.27163157 -0.01554302
v 0.06126362 0.27270496 -0.02848528
v 0.06126828 0.24358094 -0.0272752
v -0.00414035 0.30087358 -0.01097815
v 0.06135489 0.30350852 -0.02846521
v 0.06184033 0.22514397 -0.03107106
v -0.00396671 0.23750926 -0.02655986
v -0.00315802 0.29935306 -0.06354454
v 0.06184033 0.22514397 -0.03107106
v 0.085412 0.28788942 -0.06235037
v -0.00396671 0.23750926 -0.02655986
v -0.07162918 0.22902995 -0.04599029
v -0.09455451 0.2881251 -0.07003019
v -0.07162918 0.22902995 -0.04599029
v -0.18581299 0.24853633 -0.07320924
v -0.14912385 0.18668435 -0.04013793
v -0.25672051 0.16741425 -0.06198388
v -0.20798328 0.11914764 -0.0339683
v -0.29624197 0.07584146 -0.05796458
v -0.24109718 0.04936896 -0.03117076
v -0.30073911 -0.01536012 -0.05351112
v -0.24609789 -0.0208163 -0.02501552
v -0.24609789 -0.0208163 -0.02501552
v -0.24109718 0.04936896 -0.03117076
v -0.26746502 -0.03020134 -0.02628264
v -0.23443639 -0.08777785 -0.03206
v -0.25385347 -0.09704649 -0.03912824
v -0.2963185 -0.04143221 -0.03274722
v -0.24633571 -0.1733893 -0.0275394
v -0.22255467 -0.15908904 -0.02169351
v -0.28166193 -0.10951596 -0.04727144
v -0.183222 -0.20217553 -0.00879505
v -0.03304102 -0.31703189 -0.01253968
v -0.03600235 -0.34386536 -0.01432191
v 0.01875563 -0.35109666 -0.01387291
v 0.08632101 -0.35232532 -0.04517159
v 0.09007774 -0.37195033 -0.04509564
v 0.16695194 -0.32484612 -0.047188
v 0.17823388 -0.34161514 -0.04483123
v 0.2433968 -0.28070566 -0.02465282
v 0.25343251 -0.29531059 -0.01990806
v 0.30794656 -0.23036414 -0.02636391
v 0.30176487 -0.22587839 -0.02721907
v 0.3476606 -0.15170935 -0.02973391
v 0.33107602 -0.14213462 -0.03510901
v 0.36180213 -0.06413113 -0.01593362
v 0.35515469 0.0014466 -0.01002002
v 0.34327504 -0.05702365 -0.01768205
v 0.32998839 0.00342956 -0.01238488
v 0.31359178 -0.05036715 -0.0193243
v 0.29100698 -0.11479558 -0.03604658
v 0.25789797 -0.18110943 -0.02717898
v 0.24120493 -0.15867552 -0.02805547
v 0.31203019 -0.12970525 -0.03683675
v 0.27713364 -0.20156765 -0.02680887
v 0.23100534 -0.26487282 -0.02359548
v 0.15458248 -0.3061156 -0.04439695
v 0.21384571 -0.24262245 -0.01913696
v 0.19421881 -0.21237366 -0.01585505
v 0.1409792 -0.27995887 -0.03773729
v 0.13325621 -0.25037059 -0.02891449
v 0.08233529 -0.33001804 -0.04025634
v 0.21909618 -0.12110993 -0.03567549
v 0.2280834 -0.13718657 -0.03072079
v 0.1763232 -0.17233324 -0.02456053
v 0.18645988 -0.19165386 -0.01681267
v 0.11530685 -0.21405655 -0.02532921
v 0.12214344 -0.23184138 -0.02497574
v 0.0239858 -0.32962715 -0.01295457
v 0.2262897 -0.20379986 -0.04903621
v 0.2784661 -0.13718545 -0.05953008
v 0.21909618 -0.12110993 -0.03567549
v 0.1763232 -0.17233324 -0.02456053
v 0.23510469 -0.05196622 -0.03431109
v 0.29675227 -0.04799277 -0.06123421
v 0.22177653 0.0321362 -0.0282921
v 0.28280657 0.05116769 -0.06348061
v 0.18334097 0.12578441 -0.03028282
v 0.23921366 0.1612474 -0.06148038
v 0.17056875 0.24350542 -0.0593801
v 0.12495685 0.19040851 -0.02905125
v 0.22091889 0.28412095 -0.08537544
v 0.30374563 0.19506304 -0.08898108
v 0.00096907 0.36435819 -0.08978607
v -0.11836551 0.34973106 -0.09576157
v -0.22074844 0.2965284 -0.09941539
v -0.30146015 0.20804793 -0.09442718
v -0.34614876 0.09885098 -0.09167447
v -0.35336727 -0.01409435 -0.08752606
v -0.22681551 -0.17196089 -0.04115014
v -0.23443639 -0.08777785 -0.03206
v -0.27390647 -0.09871174 -0.05188984
v -0.20010309 -0.14829276 -0.01653452
v -0.20010309 -0.14829276 -0.01653452
v -0.15675895 -0.19074985 -0.01191954
v -0.17242192 -0.22929612 -0.04156036
v -0.15675895 -0.19074985 -0.01191954
v -0.10735848 -0.22715005 -0.02531547
v -0.11061504 -0.27205935 -0.04757629
v -0.035432 -0.2505146 -0.01584518
v -0.03226279 -0.28705686 -0.04162818
v 0.04357911 -0.24058063 -0.0179888
v -0.035432 -0.2505146 -0.01584518
v -0.03226279 -0.28705686 -0.04162818
v 0.05704097 -0.28459889 -0.04408823
v 0.11530685 -0.21405655 -0.02532921
v 0.14895971 -0.25640863 -0.05040153
v 0.26752758 -0.22662742 -0.08395727
v 0.32923043 -0.1378047 -0.08685642
v 0.36059111 -0.03143287 -0.09103023
v 0.35293671 0.08396569 -0.09351605
v 0.11523699 0.34208679 -0.08639535
v 0.00217708 0.40498003 -0.13549098
v 0.13145322 0.38041729 -0.13028803
v -0.12930325 0.38722101 -0.14160956
v -0.24603201 0.32820099 -0.14645414
v -0.3355903 0.23204309 -0.1451045
v -0.38735771 0.11407472 -0.14251104
v -0.39926717 -0.01259559 -0.13668661
v -0.32615554 -0.12044138 -0.08502254
v -0.37172669 -0.1363769 -0.13217214
v -0.27154398 -0.21269451 -0.0807348
v -0.19780648 -0.28373414 -0.07953801
v -0.11057278 -0.3298465 -0.07990218
v -0.01496064 -0.34596452 -0.07745701
v -0.01496064 -0.34596452 -0.07745701
v 0.08554056 -0.33495775 -0.07904942
v 0.18065689 -0.29431993 -0.08114171
v 0.21147558 -0.33299804 -0.13515969
v 0.30451086 -0.25364309 -0.13712887
v 0.37024769 -0.15204483 -0.13700244
v 0.40253973 -0.03164514 -0.1372817
v 0.39220762 0.09561006 -0.13677433
v 0.33933216 0.21705194 -0.13226983
v 0.41468867 0.10216042 -0.19702703
v 0.35998076 0.22912687 -0.19132721
v 0.24821523 0.31583163 -0.12920755
v 0.26516387 0.33428323 -0.18890916
v 0.14124936 0.40227312 -0.19033728
v 0.14117245 0.40347197 -0.26622435
v 0.00282272 0.4277147 -0.19596501
v 0.0024666 0.42580041 -0.27278986
v 0.12896356 0.37496614 -0.35556346
v 0.00271034 0.38944298 -0.3652443
v 0.11446426 0.31571203 -0.43319464
v 0.01002978 0.32211381 -0.44545454
v -0.09147213 0.29885322 -0.45584234
v -0.11800142 0.36540085 -0.3757436
v -0.13470681 0.40654042 -0.20242701
v -0.13248376 0.40275708 -0.2824659
v -0.25749126 0.34343362 -0.207984
v -0.25313079 0.33914631 -0.28929779
v -0.35143676 0.2439691 -0.20977494
v -0.34571498 0.2409302 -0.29206124
v -0.40287089 0.12065116 -0.28635102
v -0.40747207 0.12208894 -0.20718595
v -0.42250907 -0.01136954 -0.19916671
v -0.39492017 -0.14602643 -0.26080266
v -0.39528394 -0.14460334 -0.1918088
v -0.42044297 -0.01190997 -0.27337912
v -0.36427146 -0.14059766 -0.34165841
v -0.38591257 -0.01886028 -0.35864022
v -0.29905498 -0.12635663 -0.42280173
v -0.31897557 -0.03137052 -0.4362936
v -0.32957607 -0.26601073 -0.25698528
v -0.33015907 -0.26398671 -0.18875234
v -0.31081188 -0.24603695 -0.12900311
v -0.23531094 -0.3555122 -0.19249442
v -0.22379981 -0.33006486 -0.12962437
v -0.12063407 -0.38178512 -0.13095291
v -0.01092263 -0.39944684 -0.13025919
v -0.01092263 -0.39944684 -0.13025919
v 0.10245012 -0.38286426 -0.13172474
v -0.00905764 -0.427643 -0.20021064
v 0.11129299 -0.40917986 -0.20084417
v 0.2294413 -0.35370993 -0.20360759
v 0.110637 -0.40820086 -0.27977994
v 0.23111695 -0.35180175 -0.27957052
v -0.00963158 -0.42602116 -0.28554752
v 0.32842135 -0.26527852 -0.2053449
v 0.33220696 -0.25858813 -0.28488713
v 0.39463427 -0.15501055 -0.20294022
v 0.3940089 -0.14551885 -0.28607035
v 0.42538222 -0.02986315 -0.20010984
v 0.42170074 -0.02613193 -0.28396082
v 0.35787582 -0.12808587 -0.38335949
v 0.38256973 -0.01911477 -0.38251555
v 0.30541807 -0.23712151 -0.37151116
v 0.41353547 0.10173838 -0.2778812
v -0.18337095 0.24860752 -0.46063483
v -0.22642319 0.30644756 -0.38247305
v -0.06008514 0.21652295 -0.51451671
v -0.13489382 0.17401536 -0.51841765
v -0.31200611 0.21606703 -0.38402027
v -0.25853193 0.17236268 -0.45928728
v -0.36701882 0.1033819 -0.37640846
v -0.30763781 0.07361636 -0.45062151
v -0.24339485 -0.20302138 -0.43149
v -0.30493468 -0.24807218 -0.33838475
v -0.21877144 -0.32698837 -0.35274008
v -0.17920439 -0.26359698 -0.4415895
v -0.23366196 -0.35703724 -0.26565987
v -0.12265067 -0.40934443 -0.28016519
v -0.11836336 -0.37193167 -0.3742823
v -0.12442273 -0.40981352 -0.19808297
v -0.00905764 -0.427643 -0.20021064
v -0.00963158 -0.42602116 -0.28554752
v -0.01194479 -0.38891709 -0.37950593
v 0.10156574 -0.3751336 -0.36740336
v -0.01194479 -0.38891709 -0.37950593
v 0.21284503 -0.32499915 -0.36207658
v 0.17212561 -0.27625674 -0.43916988
v 0.0798144 -0.30822873 -0.44993886
v -0.01683917 -0.32145589 -0.45530796
v 0.24859485 -0.2064649 -0.44770765
v 0.29573995 -0.10600355 -0.46242252
v 0.31807592 -0.00274709 -0.46173912
v 0.22732896 -0.07464983 -0.515612
v 0.24167603 0.02070383 -0.51398653
v 0.1541447 -0.04724924 -0.54831779
v 0.16609569 0.0376729 -0.54356187
v 0.09955806 0.05164136 -0.55806696
v 0.10176061 0.13992192 -0.5360586
v 0.08039138 -0.02215754 -0.56569552
v 0.10532696 0.23195872 -0.49396631
v 0.02380482 0.23657544 -0.50537687
v -0.01836402 -0.23300014 -0.51230353
v -0.01836402 -0.23300014 -0.51230353
v -0.02841037 -0.15192968 -0.54713684
v -0.01683917 -0.32145589 -0.45530796
v -0.10206149 -0.30072772 -0.45589009
v -0.21344235 -0.10524625 -0.49554553
v 0.11994173 -0.18869199 0.39767372
v 0.18006433 0.05655673 0.11143969
v 0.16642263 0.06729593 0.11111095
v 0.16162684 0.08370905 0.11127193
v 0.18516369 0.10210834 0.32539996
v 0.2038992 0.09293497 0.40139675
v -0.19217205 0.21255337 0.02787141
v -0.16150886 0.01008964 0.03837884
v -0.16150886 0.01008964 0.03837884
v -0.17791331 -0.03529169 0.06185001
v -0.12221845 -0.02240361 0.03871308
v -0.1587064 -0.04969117 0.0605441
v -0.18243511 -0.04851102 0.09734943
v -0.1991294 -0.04727533 0.09822122
v -0.16813488 -0.05881797 0.09568311
v -0.16781804 -0.06044014 0.14851981
v -0.18184619 -0.04956624 0.14910552
v -0.16259357 -0.07739925 0.14755943
v -0.16813488 -0.05881797 0.09568311
v -0.16781804 -0.06044014 0.14851981
v -0.16154891 -0.07594755 0.09480193
v -0.16620974 -0.09437437 0.09515139
v -0.16867898 -0.0943253 0.14726852
v -0.18153633 -0.10632217 0.09546331
v -0.20220739 -0.103668 0.14855665
v -0.21671566 -0.09051944 0.09381863
v -0.20157126 -0.10473596 0.09448031
v -0.21643019 -0.09213062 0.14923708
v -0.19709229 -0.10767885 0.21953611
v -0.21120164 -0.09654005 0.22221774
v -0.18642059 -0.11918891 0.29510376
v -0.2006931 -0.10807633 0.29872316
v -0.22088098 -0.07133318 0.09538669
v -0.22110289 -0.07467804 0.1499256
v -0.21356593 -0.05517872 0.09759898
v -0.21459542 -0.05791172 0.15016188
v -0.2100358 -0.06212479 0.22546926
v -0.21624689 -0.07923835 0.22449013
v -0.19950938 -0.04841183 0.14975136
v -0.17667591 -0.05338871 0.22261727
v -0.19470915 -0.05232989 0.22474003
v -0.18399185 -0.06384136 0.30339303
v -0.16578236 -0.06498833 0.30081841
v -0.16246299 -0.06455287 0.21997151
v -0.15149091 -0.07608174 0.29715931
v -0.1573787 -0.08175473 0.21766327
v -0.16246299 -0.06455287 0.21997151
v -0.14622638 -0.09334223 0.29365212
v -0.15149091 -0.07608174 0.29715931
v -0.16386028 -0.09867579 0.21670096
v -0.15274262 -0.11038454 0.2917808
v -0.16828002 -0.12021278 0.29242343
v -0.17907403 -0.10852403 0.2174124
v -0.18379924 -0.10457951 0.14783485
v -0.20588069 -0.09072176 0.30204156
v -0.19958174 -0.0735665 0.3038857
v -0.19063675 -0.08510072 0.37876543
v -0.1970555 -0.10226756 0.377509
v -0.19619396 -0.10534544 0.45236522
v -0.19157146 -0.1197551 0.37537813
v -0.19041073 -0.12335695 0.45317
v -0.20751253 -0.09847705 0.52673328
v -0.20148361 -0.11853278 0.52979046
v -0.17499845 -0.07540445 0.37863254
v -0.18977342 -0.08760656 0.45209786
v -0.17371601 -0.07770777 0.45250714
v -0.16124828 -0.0685691 0.52932316
v -0.18226406 -0.06743018 0.52651053
v -0.15479459 -0.07923964 0.45339995
v -0.20005172 -0.07879458 0.525523
v -0.156672 -0.07669344 0.37716183
v -0.13975701 -0.09091188 0.45437997
v -0.14205392 -0.08803064 0.37495762
v -0.14464608 -0.08126891 0.53309631
v -0.13636744 -0.10556158 0.37274211
v -0.14205392 -0.08803064 0.37495762
v -0.1338271 -0.10892883 0.45511794
v -0.14270957 -0.12293134 0.37141549
v -0.14035307 -0.12665877 0.45538622
v -0.14598232 -0.12121413 0.53795242
v -0.13853022 -0.1013502 0.53647327
v -0.15644947 -0.13664862 0.4550316
v -0.15850191 -0.13270803 0.37162304
v -0.17544374 -0.1350944 0.45412785
v -0.17697357 -0.13124597 0.37318784
v -0.16390349 -0.13264652 0.5367167
v -0.18499976 -0.13145192 0.53355181
v -0.1748563 -0.12860428 0.6128391
v -0.20019726 -0.1274813 0.6090163
v -0.22650064 -0.08720875 0.60337889
v -0.2177555 -0.06390113 0.60228824
v -0.23756997 -0.08576244 0.68148619
v -0.22770683 -0.05874599 0.68164104
v -0.1969288 -0.04997123 0.60298222
v -0.17175087 -0.05058082 0.60588562
v -0.1515822 -0.0659246 0.61021453
v -0.14464608 -0.08126891 0.53309631
v -0.1515822 -0.0659246 0.61021453
v -0.14446396 -0.09027076 0.61384558
v -0.13975701 -0.09091188 0.45437997
v -0.15356991 -0.1143425 0.61491912
v -0.21983573 -0.11134029 0.60568177
v -0.23104215 -0.11317734 0.68251228
v -0.2099062 -0.13083884 0.68402183
v -0.20485285 -0.04172005 0.68211978
v -0.20495714 -0.04867012 0.73150849
v -0.18019852 -0.04835091 0.73256749
v -0.17701143 -0.04156872 0.68270391
v -0.15997808 -0.06301285 0.73140704
v -0.15465863 -0.0588097 0.68407988
v -0.15997808 -0.06301285 0.73140704
v -0.14670947 -0.08710746 0.6852799
v -0.15465863 -0.0588097 0.68407988
v -0.15249726 -0.08738206 0.73007917
v -0.16231278 -0.11180886 0.7298128
v -0.15756515 -0.11519226 0.68568909
v -0.1819457 -0.13174507 0.68519866
v -0.1841598 -0.12546502 0.731022
v -0.20842294 -0.12385301 0.73170113
vn -0.24718 -0.93866 0.24046
vn -0.56436 -0.66774 0.48541
vn -0.73362 -0.67829 0.04157
vn -0.23191 -0.94651 -0.22434
vn 0.31344 -0.74697 -0.58634
vn -0.18394 -0.72853 -0.65986
vn 0.32152 -0.94317 -0.08405
vn 0.19743 -0.87751 0.43703
vn -0.16816 -0.61601 0.76958
vn -0.75255 -0.40929 -0.5159
vn -0.04569 -0.87125 -0.4887
vn -0.32646 -0.39873 -0.857
vn -0.43539 -0.82393 -0.36272
vn 0.45093 -0.37316 -0.81081
vn 0.46547 -0.81043 -0.35573
vn 0.15302 -0.8932 0.42281
vn 0.26754 -0.54977 0.79131
vn -0.12785 -0.6443 0.75401
vn 0.57519 -0.65692 0.48745
vn -0.25749 -0.32469 0.91009
vn 0.29793 -0.31737 0.90029
vn 0.76724 -0.3397 0.544
vn 0.25176 -0.88528 -0.39102
vn 0.67112 -0.48498 -0.5607
vn 0.56775 -0.72307 -0.39349
vn 0.18413 -0.57546 -0.79684
vn 0.68213 -0.7301 -0.04065
vn 0.46771 -0.87035 0.15406
vn 0.86928 -0.49331 -0.0315
vn -0.66271 -0.60845 -0.43657
vn -0.23429 -0.41026 -0.88136
vn -0.76539 -0.30248 -0.56805
vn -0.94738 -0.31692 0.04514
vn -0.54904 0.78621 -0.28361
vn -0.51513 0.83084 -0.21058
vn -0.59137 0.77559 -0.22078
vn -0.48626 0.87329 -0.03021
vn -0.24107 -0.32542 0.91432
vn -0.64973 -0.56888 0.50421
vn -0.2954 -0.53766 0.78972
vn -0.75074 -0.27922 0.59869
vn -0.20286 -0.15083 0.96752
vn -0.75528 -0.09434 0.64858
vn -0.87266 -0.47005 0.13236
vn -0.97381 -0.21295 0.07972
vn 0.39611 -0.42101 0.81599
vn 0.18827 -0.75861 0.62375
vn -0.32182 -0.92063 0.22108
vn -0.2552 0.95035 0.17805
vn -0.22959 0.97181 0.05353
vn -0.21201 0.94752 0.2393
vn -0.27129 0.95987 0.07114
vn -0.58915 -0.78823 0.17772
vn -0.07975 -0.99673 0.01324
vn -0.27464 -0.93254 -0.23442
vn -0.08927 -0.95114 0.29558
vn -0.16529 -0.85496 0.49166
vn -0.60618 -0.54993 0.57456
vn -0.04218 -0.99841 0.0373
vn -0.02536 -0.99967 0.00342
vn -0.61786 -0.43481 -0.65513
vn -0.92933 -0.36403 -0.06192
vn -0.02149 -0.92794 -0.37212
vn -0.02243 -0.47751 -0.87834
vn -0.25441 -0.89687 0.36181
vn -0.52664 -0.60374 0.59846
vn -0.10111 -0.71015 0.69675
vn -0.02097 -0.96978 0.24309
vn -0.35051 -0.93653 -0.00702
vn -0.85173 -0.52011 0.06351
vn -0.05503 -0.99191 0.11436
vn 0.24049 -0.96879 -0.06006
vn 0.69181 -0.67746 -0.24989
vn 0.10547 -0.9689 -0.22386
vn 0.23646 -0.68311 -0.69098
vn -0.36007 -0.86663 -0.34542
vn -0.44336 -0.4816 -0.75597
vn -0.61819 -0.76145 -0.19501
vn -0.30415 -0.92424 0.23082
vn -0.75962 -0.61634 0.20762
vn -0.52096 -0.66337 0.53716
vn -0.91262 -0.38363 0.14124
vn -0.69995 -0.34693 0.62426
vn -0.78773 -0.45271 -0.41778
vn 0.52976 -0.79482 0.29601
vn 0.35095 -0.85562 0.38046
vn 0.19343 -0.88918 0.41466
vn 0.27135 -0.92555 0.26405
vn -0.13471 -0.93275 -0.3344
vn -0.07862 -0.97517 -0.20704
vn 0.05011 -0.95171 -0.30287
vn 0.10114 -0.94909 -0.29833
vn 0.27748 -0.94854 -0.1526
vn 0.16758 -0.97332 -0.15675
vn 0.01813 -0.9968 -0.07785
vn 0.1746 -0.9324 -0.31646
vn 0.76288 -0.57482 -0.29597
vn 0.47733 -0.50476 -0.71929
vn 0.24892 -0.96466 -0.08649
vn 0.44601 -0.88228 0.15052
vn 0.86118 -0.47954 0.16855
vn -0.57371 -0.77822 -0.25542
vn -0.83997 -0.37038 -0.39656
vn -0.38853 -0.92051 0.04129
vn -0.25719 -0.96045 -0.10676
vn -0.23799 -0.92397 -0.29939
vn -0.11042 -0.98824 -0.10575
vn -0.21498 -0.97655 0.01151
vn 0.84291 -0.29588 0.4494
vn 0.565 -0.82445 -0.0326
vn 0.56613 -0.74073 0.36168
vn 0.92608 -0.28798 -0.24382
vn 0.42019 -0.50802 0.7519
vn 0.14292 -0.96168 0.23399
vn 0.22715 -0.96556 0.12687
vn 0.10877 0.99384 0.02103
vn 0.19459 0.30388 -0.93263
vn -0.0268 0.993 -0.11506
vn 0.19416 0.97949 0.05381
vn -0.52854 0.20152 -0.82464
vn -0.08457 0.98693 0.13715
vn 0.11887 0.98939 0.08359
vn -0.11658 0.98292 0.14237
vn 0.052 0.25129 -0.96651
vn 0.94407 -0.32972 -0.00378
vn 0.73082 -0.68234 0.01776
vn 0.63217 -0.61322 -0.47363
vn 0.74277 -0.31502 -0.59081
vn 0.21372 -0.76139 -0.61206
vn 0.20433 -0.43364 -0.87761
vn 0.32832 -0.94149 -0.07621
vn 0.06162 -0.64248 -0.76382
vn 0.42056 -0.75988 -0.4957
vn 0.06089 -0.9845 -0.16447
vn -0.38445 -0.70304 -0.59827
vn 0.08753 -0.35357 -0.9313
vn 0.62442 -0.43527 -0.64856
vn -0.49221 -0.28264 -0.82331
vn 0.5278 -0.80963 0.25676
vn 0.88711 -0.4446 -0.124
vn 0.78648 -0.44971 0.42333
vn 0.68748 -0.71042 -0.15055
vn -0.72648 -0.64182 -0.24556
vn -0.86735 -0.2288 -0.44198
vn -0.9945 -0.03491 0.09873
vn 0.06931 -0.99369 0.08823
vn -0.24101 -0.89638 0.37206
vn 0.10306 -0.8571 0.50473
vn -0.06574 -0.99132 0.1139
vn -0.00754 -0.99888 -0.04679
vn -0.11875 -0.98901 0.08805
vn 0.00378 -0.99842 -0.05609
vn -0.15858 -0.98174 0.10508
vn 0.37145 -0.92553 0.07355
vn 0.75254 -0.64973 0.1074
vn 0.59735 -0.69553 0.39925
vn 0.17732 -0.975 0.13392
vn -0.12675 -0.53234 0.83699
vn -0.08747 -0.9374 0.33709
vn 0.02307 -0.99969 0.00925
vn -0.00305 -0.99891 0.04648
vn -0.02771 -0.99897 0.03583
vn -0.24867 -0.92949 0.27241
vn -0.71829 -0.58435 -0.37761
vn -0.5308 -0.84606 0.04932
vn -0.89069 -0.4512 0.05554
vn -0.71726 -0.53548 0.44586
vn -0.97708 -0.20872 0.04193
vn -0.81671 -0.24434 -0.52277
vn -0.14158 -0.95925 -0.24455
vn -0.3073 -0.64157 -0.70282
vn -0.78205 -0.23079 0.57891
vn 0.66777 -0.5741 0.47381
vn 0.2484 -0.60145 0.75932
vn -0.29149 -0.58289 0.75847
vn -0.24382 -0.87367 0.42101
vn 0.1428 -0.93373 0.32826
vn -0.78873 -0.55181 0.27095
vn -0.31178 -0.94709 0.07626
vn -0.57894 -0.80381 -0.13682
vn -0.93058 -0.32101 -0.17601
vn -0.58521 -0.35943 -0.72687
vn -0.22133 -0.89449 -0.38845
vn -0.6373 -0.04663 -0.7692
vn -0.97234 -0.06052 -0.2256
vn -0.15992 -0.98514 -0.06266
vn -0.00201 -0.99858 -0.05316
vn 0.00427 -0.99993 0.01117
vn 0.021 -0.9995 0.02384
vn -0.01068 -0.99989 -0.01044
vn 0.08084 -0.99663 0.0141
vn -0.0293 -0.99931 -0.02295
vn -0.00916 -0.99508 -0.0987
vn -0.09485 -0.9823 -0.16154
vn -0.11472 -0.99294 -0.03021
vn -0.0626 -0.98669 -0.15006
vn -0.0972 -0.99248 -0.07441
vn -0.12638 -0.98192 -0.14091
vn -0.08225 -0.98021 -0.18006
vn 0.00745 -0.99973 -0.02197
vn -0.07422 -0.99647 0.03918
vn -0.41296 -0.90771 0.07441
vn 0.06458 -0.99781 0.01434
vn 0.09073 -0.99463 0.04975
vn 0.068 -0.99759 0.01385
vn 0.06488 -0.99509 0.07477
vn 0.04203 -0.99524 0.08796
vn 0.12775 -0.99157 0.02179
vn 0.03565 -0.97932 -0.19917
vn 0.13306 -0.97158 -0.19578
vn 0.20988 -0.96866 -0.13288
vn -0.29768 -0.91408 -0.27541
vn 0.02258 -0.99779 0.06256
vn 0.05793 -0.91555 -0.398
vn -0.06528 -0.96311 -0.26106
vn -0.14045 -0.96344 -0.22816
vn -0.1414 -0.85707 -0.49542
vn -0.21638 -0.94355 0.2508
vn -0.00727 -0.99853 0.05365
vn 0.59065 -0.78826 0.17259
vn 0.30262 -0.95017 -0.07477
vn 0.46569 -0.88307 -0.05768
vn 0.46551 -0.82136 0.32964
vn 0.51492 -0.84632 0.13639
vn 0.8467 -0.36462 -0.3875
vn 0.72896 -0.62077 -0.28856
vn 0.36461 -0.44484 -0.81803
vn 0.36935 -0.22392 -0.90191
vn 0.86564 -0.18637 -0.46468
vn 0.916 -0.32616 0.23359
vn 0.7283 -0.65637 0.19687
vn 0.70978 -0.25289 0.65747
vn 0.25551 -0.50433 0.82484
vn 0.57383 -0.59073 0.56724
vn 0.26052 -0.21339 0.94159
vn -0.30537 -0.25572 0.91725
vn -0.32844 -0.79902 0.50368
vn -0.47738 -0.49676 0.7248
vn -0.3293 0.94213 -0.06284
vn -0.3749 0.88716 0.26906
vn -0.34514 0.92211 0.17491
vn -0.20512 0.9735 -0.10108
vn -0.33257 0.90394 0.26887
vn -0.28935 0.89824 0.33083
vn -0.14267 0.98847 -0.05069
vn -0.10789 0.96586 -0.23555
vn -0.04935 0.95451 -0.29405
vn 0.01617 0.98263 -0.18486
vn -0.226 0.94311 -0.24388
vn -0.29225 0.95627 0.01193
vn 0.1865 0.98237 0.0127
vn 0.15674 0.96247 0.22154
vn 0.04135 0.9543 -0.29597
vn 0.99748 0.0155 0.06922
vn 0.94937 0.02808 0.31291
vn 0.17872 0.9797 0.09086
vn 0.11167 0.986 0.12384
vn 0.00101 0.99402 0.10923
vn -0.09168 0.96237 0.25581
vn 0.2429 0.96859 0.05323
vn 0.10248 0.97949 -0.17347
vn 0.31414 0.93796 -0.1468
vn 0.09394 0.98948 -0.11002
vn 0.31704 0.93185 -0.17649
vn 0.09092 0.99273 -0.07883
vn 0.07532 0.9958 0.05204
vn 0.0484 0.99104 0.12446
vn 0.18366 0.98243 0.03317
vn 0.87164 -0.07007 0.48511
vn 0.66013 0.06458 0.74837
vn -0.22431 0.95539 0.19212
vn -0.42565 0.88583 0.18473
vn -0.80186 -0.02634 0.59693
vn -0.57785 -0.24474 0.77858
vn -0.38524 0.91169 -0.14286
vn 0.03534 0.91909 -0.39245
vn -0.25313 0.93662 0.24223
vn -0.36904 0.91979 0.13343
vn -0.06925 0.95458 0.28978
vn 0.09321 0.97851 -0.18394
vn 0.239 0.93908 -0.24699
vn 0.18934 0.91249 -0.36265
vn 0.0774 0.93669 -0.34151
vn 0.13593 0.8576 -0.49603
vn 0.27556 0.83349 -0.47891
vn 0.37233 0.85294 -0.36586
vn 0.08576 0.94045 0.32894
vn -0.00504 0.98398 0.1782
vn -0.05127 0.95171 0.30269
vn 0.09183 0.98235 0.16294
vn -0.17307 0.95963 0.22172
vn -0.0813 0.99283 0.08762
vn 0.02976 0.99952 0.00906
vn -0.47353 0.82198 -0.31642
vn -0.26137 0.91345 -0.31191
vn -0.39434 0.82034 -0.41418
vn -0.19419 0.87009 -0.45303
vn -0.1724 0.98464 -0.02768
vn -0.31151 0.92477 -0.21855
vn -0.35766 0.92602 -0.1207
vn -0.0803 0.9856 -0.14881
vn -0.07785 0.94643 -0.31337
vn -0.38134 0.9244 0.00797
vn -0.26655 0.9557 0.12485
vn -0.52871 0.8473 0.05042
vn -0.41171 0.8795 0.23869
vn -0.53744 0.82972 -0.15073
vn 0.32945 0.83424 0.44216
vn 0.45456 0.80782 0.37524
vn 0.31588 0.90441 0.28682
vn 0.47613 0.84598 0.24003
vn 0.59495 0.67525 0.43597
vn 0.67605 0.7034 0.21952
vn 0.42557 0.68575 0.59046
vn 0.85061 0.48221 0.20964
vn 0.74807 0.45215 0.48575
vn 0.54608 0.4468 0.70863
vn 0.83641 0.14649 0.52817
vn 0.6153 0.13377 0.77686
vn -0.08069 -0.98617 -0.14478
vn -0.25292 -0.80423 -0.53782
vn -0.89998 -0.43307 0.04993
vn 0.03635 -0.99157 -0.12437
vn 0.06464 -0.97177 -0.22688
vn 0.09763 -0.99329 -0.06198
vn -0.63955 -0.42693 0.6393
vn -0.11198 -0.37609 0.91979
vn -0.27126 -0.07367 0.95968
vn -0.79596 -0.03647 0.60424
vn 0.35176 -0.06803 0.93361
vn 0.37077 -0.07102 0.926
vn -0.26357 -0.00952 0.96459
vn 0.81724 -0.09015 0.56921
vn 0.82096 -0.04627 0.56911
vn 0.8248 -0.0651 0.56167
vn 0.36727 -0.04865 0.92884
vn -0.24739 -0.01239 0.96884
vn -0.78001 -0.01267 0.62564
vn -0.23552 0.00576 0.97185
vn -0.78613 0.03116 0.61727
vn -0.99931 -0.02414 0.02829
vn -0.99797 0.06107 0.01825
vn -0.78826 0.05872 0.61253
vn -0.99456 0.10218 0.02011
vn 0.83671 0.0239 0.54712
vn 0.99811 -0.05838 -0.01929
vn 0.99886 0.01837 -0.04398
vn 0.77057 0.00803 -0.6373
vn 0.78181 -0.02774 -0.6229
vn 0.99205 0.10962 -0.06174
vn 0.76872 0.05573 -0.63715
vn 0.9826 0.17219 -0.06959
vn 0.75985 0.09632 -0.64293
vn 0.2245 -0.01914 -0.97429
vn 0.22786 -0.0061 -0.97368
vn -0.41875 -0.08359 -0.90425
vn 0.20963 -0.00436 -0.97777
vn -0.40588 -0.08344 -0.91011
vn -0.38768 -0.01987 -0.92158
vn 0.21388 0.05056 -0.97555
vn 0.76258 0.1001 -0.6391
vn -0.44152 0.06998 -0.89452
vn -0.42449 0.0058 -0.90541
vn 0.20722 0.0655 -0.9761
vn -0.86857 -0.01352 -0.49538
vn -0.87797 0.05887 -0.47509
vn -0.85366 -0.11176 -0.5087
vn -0.99443 -0.09409 0.0474
vn -0.99447 -0.0842 0.06278
vn -0.84669 -0.11026 -0.52053
vn -0.83777 -0.02655 -0.54537
vn -0.82679 0.06742 -0.55846
vn -0.81766 0.10972 -0.56515
vn -0.37157 0.05188 -0.92695
vn -0.34636 0.08359 -0.93437
vn -0.99591 -0.00058 0.09033
vn -0.99365 0.04358 0.10374
vn -0.88555 -0.00253 -0.46454
vn -0.45981 -0.0177 -0.88784
vn -0.74194 0.02921 0.66983
vn -0.74838 0.04413 0.6618
vn -0.1804 0.01605 0.98346
vn -0.193 0.10095 0.97599
vn 0.44092 -0.18565 0.87814
vn 0.4501 0.00522 0.89296
vn 0.42873 0.14133 0.89231
vn 0.85763 0.15125 0.49152
vn 0.87463 0.00464 0.48477
vn 0.86814 -0.18748 0.45955
vn 0.98039 -0.16691 -0.10477
vn 0.9971 0.01962 -0.07349
vn 0.76982 0.04431 -0.63672
vn 0.98812 0.13588 -0.07181
vn 0.73855 -0.12342 -0.6628
vn 0.17026 -0.06684 -0.98313
vn 0.84401 0.1984 0.49829
vn 0.40658 0.17264 0.89715
vn -0.21546 0.09476 0.9719
vn 0.389 0.10682 0.91502
vn -0.23125 0.04557 0.97183
vn -0.77405 -0.0344 0.63219
vn -0.76535 -0.00656 0.64358
vn 0.23826 0.01611 -0.97107
vn 0.26842 0.02826 -0.96289
vn 0.79755 -0.03708 -0.60211
vn 0.28423 -0.07071 -0.95615
vn 0.83745 -0.07734 -0.54102
vn 0.99681 -0.07981 -0.00058
vn 0.99677 -0.05072 0.06223
vn 0.9136 -0.21516 -0.34502
vn 0.94834 -0.24281 0.2042
vn 0.80706 -0.25084 0.53455
vn 0.65408 -0.6889 0.31239
vn 0.69919 -0.6792 0.22319
vn 0.51303 -0.35143 0.78313
vn 0.49082 -0.76467 0.4176
vn 0.46016 -0.88477 0.07373
vn 0.3466 -0.93763 0.02664
vn 0.36846 -0.92077 -0.12818
vn 0.27611 -0.9364 -0.21662
vn 0.22999 -0.94547 -0.23063
vn 0.28509 -0.92218 -0.26137
vn 0.03937 -0.99918 -0.00916
vn -0.12351 -0.97701 0.17375
vn -0.17286 -0.98493 0.00568
vn 0.15925 -0.9853 0.06186
vn -0.2096 -0.97776 -0.00699
vn -0.24378 -0.96815 0.05713
vn -0.07947 -0.9537 0.29008
vn -0.47576 -0.87022 0.12796
vn -0.36312 -0.79229 0.49033
vn -0.18223 -0.61246 0.76921
vn 0.2867 -0.80314 0.52227
vn 0.59641 -0.38933 0.70194
vn 0.02619 -0.26988 0.96254
vn 0.90501 -0.06479 -0.42043
vn 0.98096 -0.10197 0.16529
vn 0.67417 -0.12611 0.72773
vn 0.99009 0.01651 0.13944
vn 0.67799 -0.07254 0.73149
vn 0.88673 0.0875 -0.45394
vn 0.07608 -0.11988 0.98987
vn 0.99514 0.01541 0.09727
vn 0.87487 0.06919 -0.4794
vn 0.4993 0.13416 -0.85598
vn 0.49475 0.10099 -0.86315
vn 0.86661 -0.00302 -0.49898
vn 0.48513 -0.00088 -0.87444
vn -0.09916 -0.00153 -0.99507
vn -0.08225 0.10456 -0.99111
vn -0.72422 -0.03818 -0.68851
vn -0.99661 -0.00067 -0.08225
vn -0.71409 -0.00216 -0.70005
vn -0.99681 0.03119 -0.07343
vn -0.99335 0.07584 -0.08658
vn -0.72361 -0.0784 -0.68574
vn -0.98733 0.09446 -0.12748
vn -0.72162 -0.10825 -0.68377
vn -0.85981 0.08381 0.50368
vn -0.84397 0.19889 0.49816
vn -0.86968 -0.0004 0.49362
vn -0.82691 0.29109 0.48113
vn -0.98953 0.08863 -0.11393
vn -0.82476 0.24647 0.50894
vn -0.3517 0.37272 0.85871
vn 0.25771 0.28227 0.92407
vn 0.21297 0.33913 0.91632
vn -0.3152 0.31826 0.89407
vn -0.32567 0.08128 0.94198
vn -0.82941 0.0333 0.55764
vn -0.42534 0.25303 0.86894
vn -0.46801 0.10755 0.87715
vn 0.26146 0.07829 0.96203
vn 0.72449 0.17897 0.66565
vn 0.72959 0.00985 0.68381
vn 0.72739 0.2244 0.6485
vn 0.98711 0.03888 0.15522
vn 0.99396 0.06052 0.09159
vn 0.97808 -0.09329 0.18617
vn 0.86166 -0.10712 -0.49605
vn 0.83951 -0.1071 -0.53269
vn 0.35634 -0.18031 -0.91679
vn -0.25337 -0.1566 -0.95461
vn -0.25835 -0.18825 -0.94753
vn -0.21439 -0.20963 -0.95399
vn 0.36525 -0.20729 -0.90754
vn -0.77564 -0.10712 -0.62201
vn -0.74976 -0.06217 -0.65878
vn -0.99831 -0.03558 -0.04593
vn -0.76108 -0.30281 0.57364
vn -0.15644 -0.16669 -0.97352
vn 0.42566 -0.15953 -0.89071
vn -0.12439 -0.08195 -0.98884
vn 0.46294 -0.08216 -0.88257
vn 0.84472 -0.08908 -0.52774
vn 0.85696 -0.05222 -0.51273
vn 0.99849 0.02506 0.04895
vn 0.9986 -0.00235 0.05286
vn 0.99781 -0.00412 0.06595
vn 0.73808 0.05863 0.67216
vn 0.72178 -0.00104 0.69212
vn 0.7407 0.15354 0.65406
vn 0.69941 -0.05109 0.7129
vn 0.15782 0.23805 0.95834
vn 0.12455 0.10212 0.98695
vn -0.48682 -0.00082 0.8735
vn 0.09965 0.00058 0.99502
vn -0.49447 -0.0958 0.8639
vn -0.87639 -0.06626 0.47702
vn -0.88059 -0.08625 0.46596
vn -0.49466 -0.1305 0.85924
vn 0.07019 -0.1309 0.98891
vn 0.0813 -0.09345 0.9923
vn -0.99437 -0.00882 -0.10556
vn -0.9912 -0.00116 -0.13236
vn -0.9908 -0.0365 -0.13032
vn -0.6785 0.09479 -0.72846
vn -0.6662 -0.02158 -0.74546
vn -0.07733 0.14399 -0.98655
vn -0.06555 -0.01444 -0.99774
vn -0.69691 0.0625 -0.71443
vn 0.51968 -0.03323 -0.85371
vn -0.79412 -0.22301 0.56537
vn -0.88035 -0.04825 0.47185
vn -0.50854 -0.17884 0.84226
vn -0.50256 -0.08182 0.86066
vn -0.47009 -0.88191 -0.03534
vn -0.29601 -0.93392 0.20042
vn -0.25944 -0.96565 -0.01453
vn -0.44482 -0.89425 -0.04962
vn -0.24434 -0.9685 -0.04813
vn -0.43303 -0.89985 0.05249
vn -0.28514 -0.95488 0.08307
vn 0.26167 -0.94768 0.18284
vn 0.22862 -0.9528 0.19977
vn 0.5661 -0.75981 0.31972
vn 0.53268 -0.74103 0.4088
vn 0.12241 -0.92609 0.35689
vn 0.35765 -0.71928 0.59558
vn 0.05301 -0.76237 0.64497
vn -0.52161 -0.29888 0.79912
vn -0.2213 -0.19935 0.95461
vn -0.30925 -0.39986 0.86283
vn -0.16914 -0.98348 0.06449
vn -0.75957 -0.57996 0.29445
vn -0.58134 -0.79742 -0.16178
vn -0.96974 -0.00964 0.24394
vn -0.89531 0.29479 0.33394
vn -0.75377 -0.61973 0.21855
vn -0.29826 -0.94316 -0.14658
vn -0.12327 -0.99146 0.0426
vn -0.03519 -0.99863 0.03882
vn -0.08933 -0.99042 -0.10532
vn -0.42751 -0.89381 0.13538
vn -0.78819 -0.61484 0.02677
vn -0.94679 -0.10477 0.30433
vn -0.23558 -0.96953 -0.06726
vn -0.72908 0.40594 0.55106
vn -0.12867 -0.96955 -0.20835
vn -0.0326 -0.96754 -0.25062
vn -0.67885 -0.71364 -0.17283
vn -0.63431 -0.72773 -0.26088
vn -0.07526 -0.99645 0.03784
vn -0.48925 -0.87153 -0.03272
vn -0.17677 -0.95062 0.25511
vn -0.04856 -0.99482 0.08927
vn -0.55105 -0.49697 0.67035
vn -0.91972 -0.07819 0.38472
vn -0.53155 -0.07782 0.84345
vn 0.06137 -0.07349 0.99541
vn 0.63212 -0.05481 0.77293
vn -0.51593 -0.03009 0.8561
vn 0.08845 -0.01871 0.99591
vn 0.65228 0.00198 0.75797
vn 0.96996 0.02222 0.24223
vn 0.95552 -0.03656 0.29265
vn 0.67823 -0.01163 0.73475
vn 0.1279 -0.06589 0.9896
vn 0.97979 0.04639 0.19456
vn 0.89535 0.08161 -0.43783
vn 0.92162 0.03314 -0.38668
vn 0.98783 0.05674 0.14484
vn 0.70947 -0.01261 0.70462
vn 0.17289 -0.07593 0.98201
vn -0.38566 -0.03595 0.92194
vn -0.42599 -0.11213 0.89775
vn 0.21583 -0.01837 0.97626
vn -0.34194 0.10392 0.93396
vn 0.25218 0.07841 0.9645
vn 0.27775 0.1659 0.94622
vn -0.30129 0.22413 0.92682
vn 0.86637 0.10361 -0.48854
vn 0.42589 0.10575 -0.89857
vn 0.47225 0.08206 -0.87764
vn 0.38986 0.05677 -0.91912
vn 0.84495 0.05374 -0.53213
vn -0.19786 0.04407 -0.97924
vn -0.15992 0.06943 -0.98469
vn 0.35195 -0.0199 -0.93581
vn 0.81859 -0.02963 -0.57361
vn -0.23103 0.01184 -0.97288
vn -0.26747 -0.00165 -0.96357
vn 0.31452 -0.07215 -0.9465
vn -0.75762 0.06095 -0.64985
vn -0.78251 0.10346 -0.61398
vn -0.73533 0.0148 -0.67755
vn -0.70733 0.00711 -0.70685
vn -0.68345 0.01032 -0.72993
vn -0.12229 0.0575 -0.99083
vn -0.65839 0.00452 -0.75266
vn -0.08106 0.02594 -0.99637
vn -0.02625 -0.0228 -0.9994
vn 0.02017 -0.30446 -0.95231
vn 0.07145 -0.73342 -0.67601
vn -0.98298 -0.048 -0.17734
vn -0.9888 -0.06097 -0.13624
vn -0.99547 -0.01227 -0.0943
vn -0.97645 -0.01257 -0.2154
vn -0.83557 0.0672 -0.54525
vn -0.33809 0.00346 -0.94111
vn -0.9808 0.19496 -0.00366
vn -0.98874 0.13298 0.06864
vn -0.99319 0.10279 -0.05478
vn -0.77108 0.23619 0.59132
vn -0.76198 0.17338 0.62397
vn -0.99192 -0.08869 0.0907
vn -0.85223 -0.12254 -0.50861
vn -0.77249 -0.05618 0.63253
vn -0.29659 -0.04218 0.95407
vn -0.2975 0.17487 0.93857
vn 0.28379 0.12988 0.95005
vn 0.30025 -0.06672 0.95153
vn 0.80699 0.04629 0.58875
vn 0.81013 -0.09995 0.57767
vn 0.99879 -0.03366 -0.03592
vn 0.8004 0.06544 0.59589
vn 0.99914 -0.03498 -0.02206
vn 0.99311 -0.11165 -0.03574
vn 0.7729 -0.11108 -0.62473
vn 0.78111 -0.06495 -0.62101
vn 0.79105 -0.08582 -0.60571
vn 0.28584 -0.04456 -0.95724
vn 0.24968 -0.13181 -0.95932
vn -0.38588 -0.14069 -0.91176
vn -0.36309 -0.48349 -0.79649
vn 0.99962 -0.00818 0.02649
vn 0.99539 0.03855 0.08783
vn 0.77565 0.03864 0.62998
vn -0.81581 0.11693 0.56638
vn -0.85115 -0.02994 0.52407
vn -0.87099 -0.10693 0.47952
vn -0.4743 -0.09144 0.8756
vn -0.8951 -0.08518 0.43765
vn -0.91581 -0.02808 0.40062
vn 0.51596 0.038 -0.85577
vn 0.56137 -0.00281 -0.82756
vn 0.93758 -0.00824 -0.34767
vn 0.61012 -0.27498 -0.74306
vn 0.397 -0.70283 -0.59027
vn 0.17912 -0.97915 -0.09586
vn 0.11967 -0.91573 -0.38357
vn 0.01782 -0.99634 -0.08362
vn 0.14872 -0.98673 0.06522
vn 0.06037 -0.9927 0.10444
vn 0.0994 -0.99412 -0.04294
vn 0.02231 -0.98477 -0.1724
vn 0.02017 -0.98557 -0.16804
vn 0.08658 -0.99601 -0.02182
vn 0.05765 -0.99727 0.04624
vn 0.05942 -0.99738 0.04117
vn 0.07254 -0.99685 0.03195
vn 0.04627 -0.98413 -0.17134
vn 0.10834 -0.99407 -0.00885
vn 0.14469 -0.96965 -0.19709
vn 0.19514 -0.98055 0.02124
vn 0.24717 -0.96771 -0.04935
vn 0.08414 -0.99336 0.07849
vn 0.32744 -0.93819 -0.11213
vn -0.02957 -0.9864 -0.16169
vn 0.01334 -0.94859 -0.31621
vn 0.14063 -0.93027 -0.33886
vn 0.17179 -0.94474 -0.27919
vn 0.23664 -0.97068 -0.04224
vn 0.1428 -0.95251 0.26894
vn 0.36214 -0.91758 0.16401
vn 0.01068 -0.96395 0.26588
vn 0.71348 -0.7003 0.02304
vn 0.41635 -0.88891 0.19102
vn 0.2415 -0.96024 0.14008
vn 0.02591 -0.9981 0.05594
vn -0.03418 -0.97186 0.23308
vn -0.02194 -0.9993 0.03046
vn 0.16276 -0.95744 0.23835
vn 0.27519 -0.95271 0.12888
vn 0.16242 -0.95385 -0.25258
vn 0.36223 -0.92397 -0.12278
vn 0.35952 -0.92419 -0.12894
vn 0.27711 -0.92805 -0.24888
vn 0.76726 -0.59971 0.22731
vn 0.6576 -0.68024 0.32378
vn 0.587 -0.437 0.68152
vn 0.08148 -0.92267 0.37688
vn 0.19398 -0.96539 0.17436
vn 0.57047 -0.40295 0.71568
vn 0.27452 -0.50138 0.82052
vn -0.05893 -0.99749 0.03922
vn -0.09849 -0.9833 -0.15305
vn 0.11966 -0.2686 0.95579
vn 0.16962 -0.87876 0.4461
vn 0.16932 -0.96956 0.17686
vn 0.02042 -0.99373 0.10996
vn -0.13514 -0.98319 0.12278
vn 0.01291 -0.07752 0.99691
vn -0.07926 -0.83126 0.5502
vn -0.4429 -0.5976 0.66837
vn -0.2675 0.47015 0.84107
vn -0.4884 0.60623 0.62766
vn -0.64274 0.61036 0.46298
vn -0.61444 0.78772 -0.04428
vn -0.75664 0.47784 0.44628
vn -0.57209 0.81987 -0.02304
vn -0.52536 0.83569 0.16007
vn -0.48748 0.86042 -0.14847
vn -0.29463 0.95513 0.03015
vn -0.53418 0.74431 0.40081
vn -0.13816 0.93984 0.31243
vn -0.16144 0.90046 0.40386
vn -0.57965 0.78611 0.21455
vn -0.91268 0.38564 0.13523
vn -0.42654 0.89321 0.14228
vn -0.22068 0.96653 0.13083
vn -0.51287 0.84102 0.17219
vn -0.98134 0.19212 0.00772
vn -0.1837 0.95895 0.21602
vn -0.21241 0.96842 0.13059
vn -0.45898 0.83315 -0.30855
vn -0.87607 0.16523 -0.45299
vn -0.82167 -0.09235 -0.56244
vn -0.36885 0.76405 -0.52932
vn -0.72315 -0.26814 -0.63651
vn -0.58249 0.62824 -0.51577
vn -0.46642 -0.14814 -0.87207
vn -0.43405 0.7925 -0.42843
vn -0.1962 0.98053 -0.00757
vn -0.06043 0.88915 -0.45361
vn 0.04733 0.99723 -0.05741
vn -0.25215 0.02976 -0.96723
vn -0.14271 -0.88821 -0.43671
vn -0.06775 -0.25914 -0.96346
vn 0.08097 -0.97876 -0.18834
vn 0.12736 -0.97131 -0.20085
vn 0.18491 -0.94566 -0.26747
vn 0.00128 -0.93972 -0.34194
vn 0.04419 -0.90412 -0.42498
vn 0.20194 -0.90897 -0.36467
vn 0.27184 -0.59144 -0.75915
vn 0.23372 -0.56434 -0.79177
vn 0.0835 -0.92591 -0.3684
vn 0.39678 -0.60413 -0.69108
vn 0.1406 -0.95845 -0.24821
vn 0.14625 -0.92119 -0.36058
vn 0.10441 -0.54069 -0.83472
vn 0.68187 -0.68296 0.26195
vn 0.78807 -0.55743 0.26118
vn 0.93977 0.23225 0.2508
vn 0.82152 0.1793 0.54126
vn 0.37612 0.74748 0.54755
vn 0.62012 0.77547 0.11872
vn 0.24672 0.96896 0.01569
vn -0.0315 0.9029 0.4287
vn -0.25285 0.91183 0.32347
vn -0.00867 0.99952 -0.02973
vn 0.60599 0.1927 0.77178
vn 0.07508 0.79119 0.60694
vn 0.57815 0.58834 0.56533
vn 0.26836 0.92358 0.27382
vn 0.47775 0.8785 0.00153
vn 0.69495 0.51904 0.49764
vn 0.18235 0.95725 0.22456
vn 0.35826 0.49849 0.7894
vn -0.20976 0.92777 0.30861
vn -0.11496 0.60449 0.78827
vn 0.04111 0.77827 0.62659
vn 0.00693 0.97057 0.24074
vn 0.34581 0.90748 0.23853
vn 0.25728 0.82595 0.50162
vn 0.04196 0.90776 0.41738
vn 0.14414 0.95647 0.25377
vn -0.37569 0.9038 0.20494
vn -0.34044 0.93828 0.0611
vn -0.61527 0.77208 -0.15913
vn 0.18904 0.97069 0.14838
vn -0.30879 0.94984 -0.04947
vn 0.376 0.91374 0.15394
vn 0.01071 0.99348 0.11347
vn -0.59739 0.77443 -0.20827
vn 0.23354 0.97211 0.02161
vn -0.27248 0.93798 -0.21437
vn 0.39925 0.90722 0.13248
vn 0.02319 0.99314 0.1146
vn -0.09012 0.12925 0.98751
vn -0.40987 -0.74115 0.5317
vn -0.58552 0.79012 -0.18135
vn -0.22365 0.92717 0.30055
vn -0.37954 0.9251 0.01166
vn -0.09857 0.93524 0.34001
vn -0.0188 0.95008 0.31144
vn -0.03882 0.94277 0.33117
vn -0.10309 0.99105 0.08478
vn -0.1037 0.99113 0.08313
vn -0.05622 0.99428 0.09076
vn -0.06909 0.99739 0.02088
vn -0.05384 0.99159 0.11771
vn -0.14847 0.98891 -0.00421
vn -0.01279 0.97682 0.21369
vn 0.0814 0.99634 -0.02628
vn -0.07407 0.98938 -0.12507
vn -0.05268 0.93603 -0.34795
vn 0.09693 0.96344 -0.24976
vn -0.01096 0.99958 -0.02664
vn -0.19621 0.96559 -0.17072
vn 0.03626 0.99916 0.01932
vn -0.13077 0.98548 0.10831
vn 0.07834 0.99636 0.03351
vn 0.0918 0.76434 -0.63824
vn 0.14014 0.98546 -0.0961
vn -0.09327 0.52585 -0.84545
vn -0.19724 0.97225 -0.12583
vn 0.10212 0.37691 -0.9206
vn 0.47803 0.31036 -0.82168
vn 0.60318 0.16666 -0.78
vn 0.74805 -0.46456 -0.47393
vn 0.71443 0.5235 -0.46426
vn 0.60205 -0.75959 -0.24608
vn 0.9144 0.10059 -0.39212
vn 0.57122 -0.77213 -0.27842
vn 0.62518 -0.78046 0.00482
vn 0.9546 0.21391 -0.20732
vn 0.99337 0.09852 -0.05927
vn 0.4319 0.90067 0.04749
vn 0.51038 0.85479 -0.09403
vn 0.98149 0.1515 0.11719
vn 0.64337 0.75751 -0.11072
vn 0.33804 0.91296 -0.22853
vn 0.21299 0.97229 -0.09638
vn 0.1591 0.9472 -0.2784
vn -0.17491 0.88663 0.42813
vn -0.27119 0.89852 0.34514
vn 0.13618 0.98745 0.08002
vn 0.3521 0.9263 -0.13413
vn 0.09574 0.99441 -0.04462
vn -0.22792 0.97226 0.05265
vn -0.23164 0.96628 0.11247
vn 0.17798 0.9643 -0.19608
vn 0.38067 0.92035 0.0897
vn -0.32925 0.87949 -0.34365
vn 0.3058 0.94951 0.07004
vn 0.07489 0.96278 0.25971
vn 0.10984 0.96809 0.22523
vn 0.05106 0.98329 0.17475
vn -0.15543 0.9878 -0.00992
vn -0.03968 0.99716 0.06403
vn 0.05448 0.9892 0.13609
vn -0.20927 0.97748 0.02713
vn 0.31999 0.1027 0.94184
vn 0.04108 0.19428 0.98009
vn -0.04862 -0.91012 0.41149
vn 0.09812 -0.9193 0.38112
vn -0.33498 -0.09259 0.93767
vn -0.13621 -0.93214 0.3355
vn -0.22191 -0.91363 0.34063
vn -0.33928 -0.89888 0.2773
vn -0.44934 -0.88195 0.14231
vn -0.96047 0.06253 0.27128
vn -0.49689 -0.86751 -0.02301
vn -0.94722 0.31975 0.02335
vn 0.094 0.98904 0.11384
vn -0.87151 0.28297 -0.4005
vn 0.27302 0.95949 0.06955
vn 0.09693 0.97666 0.19166
vn 0.23994 0.95887 -0.15162
vn 0.27595 0.95652 -0.09446
vn 0.1819 0.9827 0.03491
vn -0.01148 0.99985 0.01285
vn 0.1757 0.98325 0.04853
vn 0.14472 0.98909 0.02753
vn -0.20332 0.97717 0.06165
vn -0.23591 0.97051 0.0495
vn -0.12504 0.93781 -0.32384
vn 0.09653 0.99336 0.06262
vn 0.28923 0.91134 -0.29293
vn 0.15595 0.98753 -0.02158
vn 0.41414 0.81657 -0.40212
vn 0.23534 0.95437 -0.18382
vn 0.01956 0.9971 -0.07355
vn 0.48888 0.85828 -0.15601
vn 0.17781 0.98395 -0.01517
vn 0.20912 0.97036 0.12113
vn 0.11008 0.98884 -0.10041
vn 0.12235 0.98118 0.14942
vn 0.05698 0.99286 -0.10477
vn 0.06843 0.9816 0.17826
vn -0.01358 0.9972 0.07349
vn -0.09354 0.99141 -0.09146
vn -0.07886 0.98989 -0.11787
vn 0.05094 0.99807 0.03552
vn -0.07053 0.99566 -0.06079
vn 0.0206 0.99024 0.13785
vn 0.00763 0.97869 0.20518
vn -0.02384 0.99005 0.13871
vn -0.01373 0.99947 0.02954
vn -0.02344 0.96763 0.25129
vn -0.00098 0.97128 0.23793
vn -0.27672 0.94565 0.17082
vn 0.91411 -0.00897 -0.40536
vn 0.05432 0.98534 -0.16175
vn 0.61075 0.09418 -0.7862
vn 0.04956 0.98638 -0.15684
vn 0.49404 0.17951 -0.85071
vn -0.01016 0.99512 0.09815
vn -0.22044 0.97076 0.09501
vn 0.37774 -0.87106 -0.31395
vn 0.4277 -0.88939 -0.16145
vn 0.42761 -0.90384 -0.01526
vn 0.40762 -0.90677 0.1078
vn 0.34154 -0.92119 0.18644
vn 0.23656 -0.92218 0.30599
vn 0.36334 -0.81863 0.44479
vn 0.4865 -0.82493 0.28776
vn -0.01303 -0.80737 0.5899
vn -0.20753 -0.79978 0.56328
vn -0.37264 -0.7882 0.48978
vn -0.51983 -0.76887 0.37231
vn -0.62809 -0.75764 0.17744
vn -0.64838 -0.76029 -0.03952
vn -0.46927 -0.83524 -0.28664
vn -0.45574 -0.87691 -0.15275
vn -0.59867 0.40005 -0.69395
vn -0.70142 0.35799 -0.61633
vn -0.31606 -0.83514 -0.45016
vn -0.21382 -0.85808 -0.46688
vn -0.05094 -0.84008 -0.54007
vn 0.12842 -0.86445 -0.48604
vn 0.23149 -0.87531 -0.42455
vn 0.51696 -0.73188 -0.44396
vn 0.59076 -0.76844 -0.24595
vn 0.60315 -0.79676 -0.03714
vn 0.5639 -0.81526 0.13178
vn 0.17781 -0.81502 0.55148
vn 0.0047 -0.50937 0.86053
vn 0.27494 -0.52959 0.80246
vn -0.28233 -0.4836 0.8285
vn -0.53568 -0.47369 0.69905
vn -0.73197 -0.46798 0.4952
vn -0.84204 -0.48502 0.23607
vn -0.85515 -0.51669 -0.04193
vn -0.58936 -0.78044 -0.20875
vn -0.78711 -0.55125 -0.27675
vn -0.5025 -0.78096 -0.37093
vn -0.36428 -0.78392 -0.50277
vn -0.20844 -0.78382 -0.58496
vn -0.01932 -0.78102 -0.62421
vn 0.17845 -0.77311 -0.60865
vn 0.34114 -0.75703 -0.55725
vn 0.46603 -0.52005 -0.7158
vn 0.65643 -0.50115 -0.56386
vn 0.79419 -0.49376 -0.3542
vn 0.85959 -0.50496 -0.07816
vn 0.82887 -0.52356 0.19712
vn 0.71561 -0.5357 0.44826
vn 0.95698 -0.17585 0.23078
vn 0.82802 -0.19914 0.52414
vn 0.52358 -0.53887 0.65991
vn 0.60688 -0.20832 0.76701
vn 0.32668 -0.19386 0.92504
vn 0.3236 0.15266 0.9338
vn 0.00797 -0.16517 0.98623
vn 0.00409 0.19181 0.98142
vn 0.2733 0.47076 0.83886
vn 0.00247 0.5057 0.86271
vn 0.22609 0.70829 0.66874
vn 0.02106 0.72972 0.68342
vn -0.18232 0.74856 0.63751
vn -0.2552 0.53165 0.8076
vn -0.31246 -0.13032 0.94095
vn -0.30312 0.22465 0.9261
vn -0.60104 -0.11051 0.79154
vn -0.58029 0.24434 0.77689
vn -0.82269 -0.10706 0.55833
vn -0.80046 0.24888 0.54526
vn -0.93629 0.2338 0.2621
vn -0.95394 -0.12553 0.27248
vn -0.986 -0.16227 -0.03839
vn -0.92306 0.17475 -0.34267
vn -0.92339 -0.19718 -0.32936
vn -0.9783 0.20198 -0.04618
vn -0.80863 0.48736 -0.32954
vn -0.86001 0.50336 -0.08381
vn -0.65869 0.68591 -0.30928
vn -0.6941 0.70668 -0.13722
vn -0.78397 0.16578 -0.59826
vn -0.7769 -0.21028 -0.59348
vn -0.65748 -0.56596 -0.49741
vn -0.5541 -0.20658 -0.80641
vn -0.47525 -0.56101 -0.6778
vn -0.25639 -0.54807 -0.79616
vn -0.00705 -0.54339 -0.83945
vn 0.24751 -0.53396 -0.80847
vn 0.00046 -0.17982 -0.9837
vn 0.28835 -0.17964 -0.94052
vn 0.54257 -0.17704 -0.82114
vn 0.28788 0.18754 -0.93912
vn 0.54407 0.18733 -0.81786
vn -0.00076 0.19916 -0.97997
vn 0.76002 -0.16923 -0.62748
vn 0.76817 0.19868 -0.60864
vn 0.91333 -0.15287 -0.37744
vn 0.91399 0.21501 -0.34408
vn 0.98485 -0.15211 -0.08326
vn 0.97508 0.20847 -0.07584
vn 0.80047 0.51661 -0.30392
vn 0.85868 0.50897 -0.06012
vn 0.67382 0.50309 -0.54118
vn 0.9573 0.1778 0.22795
vn -0.38106 0.75831 0.52892
vn -0.49435 0.5455 0.67679
vn -0.10932 0.88117 0.45998
vn -0.27275 0.88717 0.37222
vn -0.69511 0.54624 0.46738
vn -0.55329 0.75374 0.35461
vn -0.82409 0.52854 0.20378
vn -0.6705 0.73246 0.11805
vn -0.58795 0.6945 -0.4147
vn -0.70147 0.48435 -0.52283
vn -0.53955 0.49261 -0.68281
vn -0.48581 0.69136 -0.5348
vn -0.56787 0.17454 -0.8044
vn -0.29698 0.19374 -0.93502
vn -0.30184 0.51892 -0.79976
vn -0.28768 -0.18971 -0.93875
vn -0.00519 0.52325 -0.85216
vn 0.26577 0.50205 -0.82299
vn 0.47852 0.49189 -0.72737
vn 0.37231 0.70631 -0.60209
vn 0.21355 0.73113 -0.64796
vn -0.01932 0.74818 -0.66321
vn 0.51505 0.71554 -0.47193
vn 0.6294 0.73171 -0.26164
vn 0.68178 0.73143 -0.01367
vn 0.45366 0.87314 -0.17835
vn 0.47945 0.87574 0.05667
vn 0.29204 0.95131 -0.09858
vn 0.3091 0.94457 0.11066
vn 0.18607 0.97199 0.14356
vn 0.20039 0.92623 0.31929
vn 0.15024 0.98815 -0.03153
vn 0.21077 0.84773 0.48675
vn 0.06079 0.86537 0.49743
vn -0.03501 0.87713 -0.47898
vn -0.26631 0.74034 -0.61723
vn -0.51522 0.81482 -0.26573
vn 0.74406 0.01224 0.668
vn -0.35698 -0.01718 -0.93395
vn -0.82764 0.00885 -0.56118
vn -0.99982 0.00113 0.01877
vn 0.376 0.02091 0.92638
vn 0.84533 0.12873 0.5185
vn 0.33391 -0.93038 0.15134
vn 0.09754 -0.96685 0.23598
vn 0.28404 -0.71402 0.63992
vn 0.35155 -0.20167 0.91419
vn -0.20967 -0.19837 0.95744
vn 0.78591 -0.20033 0.585
vn 0.81783 0.0098 0.57538
vn 0.35002 -0.0206 0.93651
vn 0.99964 0.02508 -0.00977
vn 0.9783 -0.19877 0.05848
vn 0.8236 -0.20708 -0.52802
vn 0.78979 0.02136 -0.613
vn 0.25462 -0.19783 -0.94659
vn -0.37157 0.01199 -0.92833
vn -0.85985 -0.07279 -0.50534
vn -0.42722 -0.11488 -0.89682
vn -0.84326 -0.0054 -0.53748
vn -0.36578 0.05857 -0.92886
vn -0.83331 -0.02744 -0.55213
vn -0.36278 0.09559 -0.92696
vn -0.8232 -0.0188 -0.56744
vn -0.99061 -0.11426 0.07508
vn -0.99809 -0.03018 0.0539
vn -0.73958 -0.17225 0.65065
vn -0.77345 -0.04978 0.6319
vn -0.77143 -0.13819 0.62112
vn -0.99427 -0.10227 0.03104
vn -0.24745 -0.04709 0.96776
vn 0.35216 -0.05585 0.93427
vn -0.24584 -0.11924 0.96195
vn -0.22646 -0.1732 0.9585
vn 0.36733 -0.09195 0.92553
vn 0.81827 0.03046 0.57403
vn 0.821 0.02213 0.5705
vn 0.99362 0.11106 -0.01956
vn 0.99051 0.13658 -0.01572
vn 0.77019 0.14994 -0.61994
vn 0.7632 0.20012 -0.61439
vn 0.2335 0.18083 -0.9554
vn 0.24528 0.128 -0.96096
vn 0.25923 0.01731 -0.96566
vn -0.99175 -0.12745 0.01392
vn -0.7652 -0.18961 0.61523
vn -0.77257 -0.10804 0.62568
vn -0.9979 -0.06406 0.00971
vn -0.99756 0.0697 0.0029
vn -0.81547 0.00333 -0.57879
vn -0.80882 0.04727 -0.58615
vn -0.98034 0.19709 0.00906
vn -0.80811 0.11001 -0.57867
vn -0.2277 -0.1041 0.96815
vn -0.77488 0.07685 0.62742
vn -0.22318 0.06363 0.9727
vn 0.3698 0.13074 0.91987
vn -0.22688 0.21123 0.95074
vn 0.37758 0.03815 0.92519
vn -0.75548 0.23777 0.61051
vn 0.37291 -0.05884 0.926
vn 0.82753 0.00919 0.56134
vn 0.82552 0.00818 0.56431
vn 0.82861 0.02585 0.55922
vn 0.9966 0.07911 -0.02298
vn 0.99942 -0.01486 -0.03058
vn 0.77015 0.12235 -0.62601
vn 0.77324 -0.02262 -0.63371
vn 0.77229 -0.11269 -0.62519
vn 0.99711 -0.07008 -0.02939
vn 0.24327 -0.00992 -0.96991
vn 0.23558 0.11616 -0.96489
vn -0.34926 0.01754 -0.93686
vn -0.35802 0.06925 -0.93114
vn 0.2501 -0.07907 -0.96498
vn -0.34343 0.00815 -0.93914
vn 0.26472 -0.03561 -0.96367
vn -0.35841 0.05381 -0.93201
vn -0.98018 0.19386 0.0409
vn -0.76605 0.21571 0.60551
vn -0.99825 0.02316 0.05435
vn -0.80096 0.01566 0.59852
vn -0.26606 0.19535 0.94395
vn 0.33727 0.12686 0.93282
vn 0.82063 0.02997 0.57068
vn 0.99822 -0.05396 -0.02527
vn 0.78234 -0.08097 -0.61757
vn -0.83132 0.13966 -0.53797
vn -0.85173 0.00708 -0.52393
vn -0.36479 -0.02679 -0.9307
vn -0.31746 -0.00376 0.94826
vn -0.32231 -0.26174 0.90973
vn 0.28758 -0.28533 0.91427
vn 0.31138 -0.0289 0.94984
vn 0.79181 -0.26973 0.54798
vn 0.81909 -0.06076 0.57044
vn 0.99571 -0.08362 -0.03955
vn 0.96888 -0.24384 -0.04257
vn 0.74867 -0.23726 -0.61903
vn 0.77757 -0.08279 -0.62332
vn 0.26448 -0.06034 -0.9625
vn 0.24153 -0.26054 -0.93476
vn -0.35799 -0.27492 -0.89233
vt 0.92334 0.36255
vt 0.92334 0.36914
vt 0.93359 0.36353
vt 0.92725 0.35938
vt 0.92529 0.35083
vt 0.93115 0.35376
vt 0.92188 0.35571
vt 0.91846 0.35986
vt 0.91309 0.36353
vt 0.16736 0.66943
vt 0.14502 0.65479
vt 0.15515 0.67188
vt 0.16516 0.6582
vt 0.14563 0.6748
vt 0.13452 0.66455
vt 0.07953 0.93604
vt 0.08386 0.93115
vt 0.08014 0.93018
vt 0.08527 0.93604
vt 0.08038 0.92285
vt 0.08636 0.92529
vt 0.09174 0.92969
vt 0.78857 0.36035
vt 0.78125 0.35791
vt 0.78613 0.36108
vt 0.78516 0.35376
vt 0.78711 0.3645
vt 0.7915 0.36548
vt 0.78174 0.36475
vt 0.93604 0.35718
vt 0.93555 0.34546
vt 0.94238 0.34912
vt 0.9458 0.35693
vt 0.68213 0.26929
vt 0.6709 0.27539
vt 0.68164 0.28198
vt 0.6748 0.28979
vt 0.18567 0.97021
vt 0.17859 0.97754
vt 0.18347 0.97705
vt 0.17847 0.97021
vt 0.18921 0.95801
vt 0.18054 0.95654
vt 0.17383 0.97754
vt 0.17188 0.9707
vt 0.19153 0.97461
vt 0.18591 0.98145
vt 0.17896 0.9834
vt 0.39502 0.21973
vt 0.41235 0.22778
vt 0.40503 0.2157
vt 0.40112 0.24084
vt 0.2832 0.48389
vt 0.29834 0.46729
vt 0.27515 0.46875
vt 0.29736 0.48535
vt 0.29395 0.5
vt 0.28003 0.49561
vt 0.2981 0.44165
vt 0.27002 0.44067
vt 0.96973 0.02988
vt 0.95215 0.03827
vt 0.96289 0.03967
vt 0.95801 0.0213
vt 0.94141 0.01868
vt 0.94043 0.03683
vt 0.82422 0.02579
vt 0.81592 0.03952
vt 0.82617 0.03973
vt 0.84082 0.01562
vt 0.82031 0.01711
vt 0.80615 0.03625
vt 0.31885 0.40747
vt 0.29443 0.38232
vt 0.29321 0.40259
vt 0.3064 0.37524
vt 0.72949 0.02881
vt 0.74609 0.04315
vt 0.74902 0.01749
vt 0.75928 0.03836
vt 0.771 0.02364
vt 0.77441 0.03748
vt 0.06866 0.93311
vt 0.07465 0.93457
vt 0.07104 0.92969
vt 0.07538 0.92969
vt 0.06805 0.92432
vt 0.07422 0.92285
vt 0.06247 0.92725
vt 0.32886 0.5127
vt 0.31274 0.50439
vt 0.30884 0.51611
vt 0.31494 0.52588
vt 0.3645 0.47192
vt 0.35059 0.44727
vt 0.3457 0.46411
vt 0.35596 0.47754
vt 0.34619 0.48389
vt 0.3269 0.46924
vt 0.32495 0.44214
vt 0.92773 0.01828
vt 0.91748 0.03589
vt 0.92871 0.0365
vt 0.91309 0.01555
vt 0.90381 0.02577
vt 0.9082 0.03796
vt 0.79297 0.01718
vt 0.79053 0.03564
vt 0.29224 0.32007
vt 0.29297 0.34619
vt 0.31348 0.32642
vt 0.32129 0.34644
vt 0.33228 0.37622
vt 0.26782 0.33423
vt 0.26709 0.31226
vt 0.10931 0.6333
vt 0.12708 0.62451
vt 0.11395 0.62012
vt 0.11737 0.63721
vt 0.10107 0.62598
vt 0.10962 0.59717
vt 0.11487 0.3623
vt 0.10986 0.38843
vt 0.12671 0.36987
vt 0.13574 0.39355
vt 0.41113 0.2627
vt 0.43188 0.26514
vt 0.41724 0.2522
vt 0.42773 0.28467
vt 0.45288 0.29297
vt 0.44922 0.3064
vt 0.41992 0.30176
vt 0.44263 0.32129
vt 0.4248 0.22949
vt 0.09528 0.93555
vt 0.08374 0.94287
vt 0.07562 0.94727
vt 0.09937 0.94385
vt 0.06799 0.94336
vt 0.0553 0.93652
vt 0.05148 0.94434
vt 0.07648 0.94141
vt 0.16882 0.98828
vt 0.17798 0.99414
vt 0.17847 0.98877
vt 0.16992 0.98535
vt 0.15955 0.98193
vt 0.15613 0.98926
vt 0.16248 0.97656
vt 0.18713 0.98633
vt 0.198 0.98535
vt 0.19568 0.97949
vt 0.18787 0.98975
vt 0.20032 0.99268
vt 0.17188 0.98096
vt 0.16638 0.97314
vt 0.17175 0.95654
vt 0.14185 0.52783
vt 0.14954 0.50391
vt 0.1394 0.50928
vt 0.16602 0.52832
vt 0.13843 0.54932
vt 0.16272 0.55811
vt 0.13184 0.56738
vt 0.15576 0.57959
vt 0.7251 0.04425
vt 0.73535 0.04938
vt 0.72949 0.05869
vt 0.70752 0.05347
vt 0.09094 0.62402
vt 0.09131 0.60059
vt 0.16431 0.42236
vt 0.15442 0.38159
vt 0.17883 0.40015
vt 0.18835 0.37769
vt 0.16345 0.36816
vt 0.79395 0.35156
vt 0.79639 0.35791
vt 0.79883 0.35107
vt 0.80225 0.35522
vt 0.80078 0.34326
vt 0.79346 0.34155
vt 0.79248 0.35938
vt 0.78906 0.35254
vt 0.80713 0.34595
vt 0.79297 0.37183
vt 0.8042 0.3667
vt 0.80518 0.36084
vt 0.79883 0.36182
vt 0.79639 0.3645
vt 0.07123 0.62158
vt 0.06561 0.60352
vt 0.06052 0.61426
vt 0.06137 0.62598
vt 0.05081 0.62598
vt 0.05093 0.60889
vt 0.05255 0.64307
vt 0.06192 0.64258
vt 0.15381 0.34424
vt 0.16699 0.35083
vt 0.17273 0.32886
vt 0.14856 0.33154
vt 0.25317 0.46826
vt 0.21753 0.46167
vt 0.23816 0.47925
vt 0.24011 0.43774
vt 0.20923 0.41748
vt 0.19165 0.44482
vt 0.24927 0.39697
vt 0.22205 0.38794
vt 0.24622 0.37671
vt 0.2334 0.36279
vt 0.198 0.35571
vt 0.20459 0.33057
vt 0.24146 0.33618
vt 0.15186 0.44922
vt 0.17456 0.46606
vt 0.20618 0.302
vt 0.17261 0.30127
vt 0.17151 0.27563
vt 0.20728 0.27051
vt 0.20044 0.48267
vt 0.22864 0.49731
vt 0.18262 0.50342
vt 0.15686 0.48584
vt 0.21094 0.51807
vt 0.2334 0.5249
vt 0.24109 0.50928
vt 0.23035 0.54688
vt 0.19885 0.54688
vt 0.19324 0.57422
vt 0.22888 0.57227
vt 0.2406 0.30518
vt 0.23999 0.28149
vt 0.24023 0.26343
vt 0.2771 0.26123
vt 0.27222 0.27515
vt 0.24097 0.25024
vt 0.20496 0.25293
vt 0.16895 0.26196
vt 0.20264 0.24268
vt 0.29761 0.2981
vt 0.3269 0.3125
vt 0.35791 0.50635
vt 0.36426 0.49316
vt 0.35718 0.4939
vt 0.36646 0.51221
vt 0.34155 0.49634
vt 0.91943 0.34058
vt 0.91992 0.34863
vt 0.92773 0.34277
vt 0.93066 0.3269
vt 0.91992 0.3269
vt 0.91309 0.34424
vt 0.9165 0.35181
vt 0.90771 0.34717
vt 0.91016 0.35767
vt 0.91309 0.35498
vt 0.90332 0.35156
vt 0.90039 0.35718
vt 0.28613 0.51562
vt 0.27173 0.50635
vt 0.55273 0.0835
vt 0.57715 0.07935
vt 0.56836 0.07043
vt 0.54785 0.07227
vt 0.57764 0.05756
vt 0.59668 0.07043
vt 0.55029 0.05695
vt 0.51855 0.09033
vt 0.52197 0.07428
vt 0.50244 0.08154
vt 0.5293 0.08319
vt 0.55908 0.09363
vt 0.51318 0.1015
vt 0.57227 0.10736
vt 0.5166 0.05832
vt 0.48193 0.11926
vt 0.52002 0.11188
vt 0.4729 0.11469
vt 0.48438 0.09332
vt 0.45825 0.10999
vt 0.58887 0.08984
vt 0.60449 0.10382
vt 0.62988 0.12354
vt 0.62305 0.09552
vt 0.64453 0.11603
vt 0.63379 0.08209
vt 0.65869 0.10565
vt 0.6167 0.06958
vt 0.60693 0.08069
vt 0.61182 0.12854
vt 0.56641 0.11542
vt 0.60303 0.1322
vt 0.62207 0.29956
vt 0.64746 0.26074
vt 0.62109 0.28979
vt 0.64404 0.25537
vt 0.65967 0.26929
vt 0.66113 0.2417
vt 0.64453 0.28979
vt 0.66064 0.28833
vt 0.64502 0.30737
vt 0.57959 0.90137
vt 0.5459 0.88916
vt 0.53613 0.90771
vt 0.55273 0.92285
vt 0.50977 0.93213
vt 0.50537 0.90625
vt 0.51123 0.87891
vt 0.61572 0.81152
vt 0.62646 0.84424
vt 0.63477 0.82129
vt 0.61035 0.84424
vt 0.65234 0.83496
vt 0.63672 0.86084
vt 0.61475 0.87451
vt 0.7373 0.90381
vt 0.70703 0.92432
vt 0.74902 0.92334
vt 0.73877 0.94385
vt 0.65332 0.87891
vt 0.68701 0.8999
vt 0.68457 0.87549
vt 0.63232 0.91211
vt 0.68555 0.94678
vt 0.68555 0.85498
vt 0.66943 0.84717
vt 0.70703 0.83301
vt 0.6875 0.81494
vt 0.71826 0.85547
vt 0.57617 0.7666
vt 0.55713 0.76855
vt 0.57227 0.7998
vt 0.54834 0.79102
vt 0.54297 0.74609
vt 0.52246 0.77295
vt 0.57031 0.729
vt 0.49805 0.74951
vt 0.52393 0.71973
vt 0.55811 0.69727
vt 0.50977 0.69092
vt 0.54834 0.66699
vt 0.07324 0.93799
vt 0.0672 0.9375
vt 0.1792 0.66992
vt 0.1814 0.65088
vt 0.1416 0.47144
vt 0.12128 0.46191
vt 0.12756 0.43286
vt 0.09528 0.45093
vt 0.10071 0.42212
vt 0.19031 0.6709
vt 0.19629 0.65381
vt 0.20337 0.65625
vt 0.19922 0.6709
vt 0.19629 0.68799
vt 0.1875 0.6875
vt 0.20264 0.71729
vt 0.20447 0.68848
vt 0.19458 0.71631
vt 0.21057 0.71875
vt 0.2124 0.68896
vt 0.21021 0.75293
vt 0.20178 0.75195
vt 0.1936 0.75098
vt 0.18396 0.78711
vt 0.19214 0.78711
vt 0.18555 0.75049
vt 0.1759 0.78711
vt 0.17749 0.75
vt 0.18652 0.71484
vt 0.17847 0.71436
vt 0.20862 0.78809
vt 0.21875 0.75342
vt 0.2168 0.78857
vt 0.22498 0.78857
vt 0.22705 0.75391
vt 0.21753 0.82373
vt 0.22571 0.82373
vt 0.22046 0.86035
vt 0.22925 0.86035
vt 0.1499 0.82373
vt 0.15173 0.78662
vt 0.14185 0.82275
vt 0.14355 0.78662
vt 0.1554 0.86084
vt 0.14636 0.86035
vt 0.15808 0.82422
vt 0.15979 0.78711
vt 0.1377 0.85938
vt 0.14136 0.89648
vt 0.1311 0.89648
vt 0.15039 0.93066
vt 0.15198 0.896
vt 0.13965 0.93311
vt 0.16272 0.89551
vt 0.16125 0.9292
vt 0.16467 0.86035
vt 0.17493 0.82373
vt 0.17407 0.85986
vt 0.16638 0.82422
vt 0.16785 0.78711
vt 0.16956 0.75
vt 0.17041 0.71436
vt 0.1615 0.75
vt 0.16235 0.71533
vt 0.17358 0.89453
vt 0.172 0.92822
vt 0.16284 0.95752
vt 0.15454 0.96045
vt 0.18262 0.92822
vt 0.1842 0.89404
vt 0.19312 0.9292
vt 0.19446 0.89453
vt 0.19751 0.96045
vt 0.20312 0.93164
vt 0.20447 0.89551
vt 0.21436 0.89697
vt 0.21289 0.93457
vt 0.20532 0.96436
vt 0.21289 0.96924
vt 0.22278 0.9375
vt 0.23352 0.93994
vt 0.23401 0.89893
vt 0.22412 0.89844
vt 0.22119 0.97559
vt 0.13745 0.97021
vt 0.14648 0.96484
vt 0.1283 0.93506
vt 0.21143 0.85938
vt 0.20215 0.85889
vt 0.19287 0.85889
vt 0.20056 0.82324
vt 0.19202 0.82324
vt 0.18347 0.82324
vt 0.18347 0.85938
vt 0.15344 0.75049
vt 0.1543 0.71631
vt 0.14526 0.75049
vt 0.14624 0.7168
vt 0.15259 0.68896
vt 0.14502 0.69043
vt 0.21875 0.71924
vt 0.22705 0.69238
vt 0.2196 0.69043
vt 0.22681 0.71973
vt 0.23193 0.67725
vt 0.22546 0.67139
vt 0.21655 0.66943
vt 0.21924 0.65625
vt 0.22888 0.65771
vt 0.20764 0.66895
vt 0.20996 0.65625
vt 0.11237 0.5166
vt 0.13013 0.50879
vt 0.12012 0.50439
vt 0.12634 0.52344
vt 0.10046 0.53369
vt 0.11957 0.54443
vt 0.09003 0.54834
vt 0.11365 0.55908
vt 0.12842 0.57715
vt 0.15271 0.59229
vt 0.25684 0.5791
vt 0.22827 0.58887
vt 0.25415 0.56494
vt 0.25146 0.54443
vt 0.25049 0.52539
vt 0.27271 0.54053
vt 0.26685 0.52295
vt 0.26196 0.5127
vt 0.25073 0.51416
vt 0.88721 0.0289
vt 0.89893 0.0394
vt 0.89648 0.02875
vt 0.88965 0.03983
vt 0.91992 0.05508
vt 0.91113 0.05609
vt 0.90234 0.05728
vt 0.91357 0.0838
vt 0.90576 0.08533
vt 0.92139 0.0827
vt 0.89404 0.05844
vt 0.91504 0.11926
vt 0.92285 0.11841
vt 0.9292 0.08221
vt 0.93066 0.11804
vt 0.92432 0.1554
vt 0.93213 0.15527
vt 0.93994 0.15552
vt 0.93848 0.11823
vt 0.94971 0.19287
vt 0.95605 0.15601
vt 0.94775 0.15588
vt 0.95752 0.19299
vt 0.96045 0.2301
vt 0.95166 0.23022
vt 0.96484 0.26758
vt 0.95508 0.26758
vt 0.96533 0.19263
vt 0.96924 0.22949
vt 0.96387 0.15601
vt 0.97461 0.26685
vt 0.9668 0.30542
vt 0.97803 0.30713
vt 0.88232 0.26392
vt 0.88916 0.30078
vt 0.89258 0.26367
vt 0.87891 0.30273
vt 0.88574 0.33887
vt 0.86816 0.30444
vt 0.87646 0.34399
vt 0.87207 0.26343
vt 0.87891 0.22742
vt 0.8877 0.22839
vt 0.8833 0.19238
vt 0.8916 0.19275
vt 0.89355 0.33423
vt 0.89941 0.29907
vt 0.90186 0.33057
vt 0.90283 0.26343
vt 0.91016 0.2981
vt 0.91309 0.26343
vt 0.91064 0.32837
vt 0.92139 0.29785
vt 0.92334 0.26416
vt 0.93262 0.29883
vt 0.94385 0.30054
vt 0.94092 0.3291
vt 0.94434 0.2666
vt 0.93408 0.26514
vt 0.9502 0.3335
vt 0.95557 0.30298
vt 0.95947 0.33911
vt 0.96875 0.34521
vt 0.94873 0.36499
vt 0.89697 0.36475
vt 0.94287 0.22974
vt 0.93408 0.22913
vt 0.94141 0.1925
vt 0.93311 0.19226
vt 0.9248 0.22839
vt 0.9248 0.19214
vt 0.91504 0.22815
vt 0.91602 0.19214
vt 0.9165 0.15576
vt 0.90771 0.19238
vt 0.9082 0.15637
vt 0.90625 0.22827
vt 0.90723 0.12036
vt 0.89697 0.22852
vt 0.89941 0.19263
vt 0.89258 0.1571
vt 0.90039 0.15686
vt 0.88428 0.15723
vt 0.8916 0.12213
vt 0.8833 0.1225
vt 0.88232 0.08899
vt 0.89014 0.0882
vt 0.89795 0.08685
vt 0.89941 0.12134
vt 0.96191 0.11987
vt 0.9541 0.11969
vt 0.95264 0.08502
vt 0.96045 0.08606
vt 0.95557 0.05737
vt 0.94531 0.08344
vt 0.94727 0.05566
vt 0.9375 0.08246
vt 0.93848 0.05472
vt 0.94629 0.1189
vt 0.9292 0.05453
vt 0.97168 0.04446
vt 0.96289 0.05933
vt 0.87695 0.0294
vt 0.86523 0.03467
vt 0.87109 0.04385
vt 0.88037 0.04062
vt 0.979 0.03699
vt 0.87842 0.06137
vt 0.88574 0.05951
vt 0.27954 0.56006
vt 0.29443 0.53467
vt 0.30444 0.55176
vt 0.28491 0.57227
vt 0.31104 0.56055
vt 0.28882 0.58154
vt 0.31714 0.56738
vt 0.32373 0.53906
vt 0.32959 0.54688
vt 0.34351 0.52344
vt 0.34888 0.53076
vt 0.33496 0.55322
vt 0.35327 0.5376
vt 0.3728 0.51562
vt 0.37866 0.51807
vt 0.35815 0.54297
vt 0.34033 0.55908
vt 0.37183 0.49292
vt 0.3811 0.49316
vt 0.37451 0.47241
vt 0.38159 0.47241
vt 0.38794 0.4939
vt 0.37695 0.44751
vt 0.36816 0.44678
vt 0.36108 0.41089
vt 0.34351 0.4104
vt 0.35083 0.37427
vt 0.37695 0.4126
vt 0.37305 0.37109
vt 0.38623 0.41284
vt 0.36426 0.37231
vt 0.38379 0.45068
vt 0.35376 0.33301
vt 0.34277 0.33716
vt 0.36304 0.33008
vt 0.34375 0.29614
vt 0.33569 0.30396
vt 0.30835 0.27905
vt 0.30347 0.28833
vt 0.26904 0.29102
vt 0.07916 0.60254
vt 0.08081 0.62305
vt 0.07129 0.64209
vt 0.08051 0.64209
vt 0.08948 0.64355
vt 0.0979 0.64551
vt 0.07928 0.66992
vt 0.08734 0.67041
vt 0.0954 0.67139
vt 0.10345 0.67285
vt 0.10565 0.64746
vt 0.09576 0.70605
vt 0.08771 0.70605
vt 0.10394 0.70605
vt 0.11224 0.70605
vt 0.11169 0.67334
vt 0.10541 0.7417
vt 0.09705 0.74219
vt 0.08862 0.74219
vt 0.08093 0.77783
vt 0.08014 0.74219
vt 0.08997 0.77783
vt 0.08197 0.8125
vt 0.09198 0.81348
vt 0.09387 0.84814
vt 0.08307 0.84668
vt 0.11377 0.7417
vt 0.03772 0.74072
vt 0.03058 0.70508
vt 0.02936 0.74023
vt 0.03894 0.70557
vt 0.03635 0.77734
vt 0.02802 0.77734
vt 0.04492 0.77783
vt 0.04608 0.74121
vt 0.03275 0.81543
vt 0.02377 0.81494
vt 0.04208 0.81445
vt 0.04031 0.85107
vt 0.02995 0.85352
vt 0.05167 0.81348
vt 0.05075 0.84863
vt 0.05371 0.77734
vt 0.05441 0.74121
vt 0.05563 0.70508
vt 0.04727 0.70508
vt 0.0546 0.6709
vt 0.0462 0.67139
vt 0.04358 0.64453
vt 0.03842 0.62598
vt 0.034 0.61279
vt 0.06378 0.70508
vt 0.06299 0.7417
vt 0.06268 0.77734
vt 0.06281 0.66992
vt 0.05316 0.8833
vt 0.04282 0.88672
vt 0.0614 0.84668
vt 0.06335 0.88135
vt 0.06165 0.8125
vt 0.07214 0.8457
vt 0.07349 0.88037
vt 0.06433 0.90967
vt 0.05612 0.91211
vt 0.07318 0.90869
vt 0.08209 0.90918
vt 0.08368 0.88086
vt 0.09387 0.88281
vt 0.09058 0.91113
vt 0.104 0.88623
vt 0.09869 0.91455
vt 0.11438 0.89062
vt 0.10455 0.85059
vt 0.11511 0.85303
vt 0.10718 0.91992
vt 0.11731 0.92627
vt 0.12598 0.89307
vt 0.12549 0.85352
vt 0.03201 0.92725
vt 0.03207 0.89062
vt 0.02036 0.89404
vt 0.04135 0.9209
vt 0.04868 0.91553
vt 0.05817 0.93115
vt 0.01958 0.85449
vt 0.11084 0.81543
vt 0.11969 0.81543
vt 0.11603 0.77783
vt 0.1076 0.77832
vt 0.10162 0.81445
vt 0.07178 0.81201
vt 0.07178 0.77734
vt 0.07166 0.74219
vt 0.07971 0.70557
vt 0.07172 0.70557
vt 0.07098 0.66992
vt 0.03778 0.67236
vt 0.03519 0.64648
vt 0.02936 0.67285
vt 0.02733 0.64844
vt 0.01956 0.63672
vt 0.02747 0.63037
vt 0.11334 0.6499
vt 0.02179 0.61914
vt 0.00536 0.62793
vt 0.0929 0.35596
vt 0.11938 0.34497
vt 0.1062 0.33423
vt 0.07074 0.34448
vt 0.07953 0.38062
vt 0.05353 0.37207
vt 0.06982 0.41333
vt 0.06689 0.44604
vt 0.04971 0.44458
vt 0.05164 0.40918
vt 0.05273 0.47607
vt 0.06873 0.47339
vt 0.04236 0.47852
vt 0.03796 0.44434
vt 0.03888 0.40747
vt 0.02934 0.44458
vt 0.03455 0.48047
vt 0.03006 0.40674
vt 0.0401 0.36816
vt 0.03128 0.36572
vt 0.06021 0.33643
vt 0.09149 0.31812
vt 0.12915 0.33423
vt 0.12201 0.31763
vt 0.1134 0.29932
vt 0.09235 0.47192
vt 0.11151 0.47388
vt 0.07568 0.4978
vt 0.09473 0.4895
vt 0.06055 0.50586
vt 0.10999 0.48511
vt 0.2384 0.66504
vt 0.12585 0.67188
vt 0.13782 0.67822
vt 0.10083 0.50635
vt 0.08521 0.52002
vt 0.11273 0.49658
vt 0.07373 0.53076
vt 0.05292 0.51025
vt 0.06689 0.5376
vt 0.04623 0.51367
vt 0.06061 0.54248
vt 0.08392 0.55664
vt 0.07861 0.56396
vt 0.10504 0.57715
vt 0.10889 0.56885
vt 0.07361 0.5708
vt 0.10187 0.58496
vt 0.12323 0.59473
vt 0.14941 0.60059
vt 0.12549 0.58496
vt 0.14539 0.60791
vt 0.18628 0.62012
vt 0.18762 0.60938
vt 0.18811 0.60693
vt 0.22778 0.61621
vt 0.22656 0.60693
vt 0.22839 0.6001
vt 0.19019 0.59326
vt 0.25903 0.58887
vt 0.2627 0.604
vt 0.26074 0.59668
vt 0.32251 0.57422
vt 0.3269 0.58008
vt 0.34497 0.56396
vt 0.36328 0.54639
vt 0.71777 0.27734
vt 0.72266 0.30786
vt 0.7251 0.27759
vt 0.71533 0.30396
vt 0.70996 0.32568
vt 0.7041 0.31909
vt 0.38428 0.52051
vt 0.70703 0.30005
vt 0.69824 0.3125
vt 0.68994 0.32861
vt 0.68555 0.32178
vt 0.69336 0.33472
vt 0.66504 0.3374
vt 0.66943 0.34424
vt 0.67334 0.3501
vt 0.63916 0.36475
vt 0.64355 0.37183
vt 0.39453 0.41211
vt 0.38062 0.37036
vt 0.60156 0.37891
vt 0.63574 0.35596
vt 0.604 0.38794
vt 0.56348 0.39478
vt 0.56494 0.40405
vt 0.56201 0.38501
vt 0.59717 0.36499
vt 0.37134 0.32788
vt 0.52148 0.39966
vt 0.52002 0.40918
vt 0.35107 0.28882
vt 0.47949 0.39575
vt 0.48218 0.38672
vt 0.31299 0.27124
vt 0.28174 0.2522
vt 0.4502 0.37915
vt 0.41455 0.36475
vt 0.44556 0.38916
vt 0.42065 0.35767
vt 0.42676 0.34888
vt 0.39355 0.323
vt 0.40112 0.31689
vt 0.24438 0.23608
vt 0.20044 0.23328
vt 0.16577 0.25342
vt 0.16199 0.24548
vt 0.14526 0.30713
vt 0.14209 0.28687
vt 0.10724 0.28687
vt 0.08203 0.30786
vt 0.07458 0.30054
vt 0.10254 0.27759
vt 0.06775 0.29443
vt 0.09845 0.26929
vt 0.05292 0.3313
vt 0.04517 0.32764
vt 0.13916 0.27515
vt 0.13635 0.26636
vt 0.13379 0.25854
vt 0.03952 0.51709
vt 0.05414 0.54688
vt 0.54834 0.02246
vt 0.5835 0.01602
vt 0.54834 0.01496
vt 0.58301 0.02333
vt 0.58301 0.03046
vt 0.54834 0.02989
vt 0.54883 0.03723
vt 0.5835 0.03775
vt 0.58203 0.04565
vt 0.5498 0.04514
vt 0.61377 0.03403
vt 0.61182 0.04175
vt 0.61572 0.02711
vt 0.63477 0.0401
vt 0.63184 0.04715
vt 0.62744 0.05179
vt 0.64746 0.0647
vt 0.65479 0.06168
vt 0.65869 0.05099
vt 0.67627 0.09204
vt 0.68262 0.08771
vt 0.6958 0.08014
vt 0.7002 0.13196
vt 0.70898 0.12866
vt 0.7168 0.12134
vt 0.71826 0.15906
vt 0.70947 0.16187
vt 0.72656 0.15686
vt 0.71582 0.18762
vt 0.72461 0.18628
vt 0.72363 0.22314
vt 0.71484 0.22241
vt 0.71875 0.25
vt 0.71045 0.24976
vt 0.70996 0.2771
vt 0.70459 0.22314
vt 0.70068 0.24963
vt 0.70508 0.18921
vt 0.69873 0.16492
vt 0.69629 0.27148
vt 0.68799 0.22449
vt 0.68506 0.25024
vt 0.68848 0.19556
vt 0.68604 0.16846
vt 0.7334 0.1853
vt 0.73193 0.22412
vt 0.2915 0.59033
vt 0.29321 0.59766
vt 0.72607 0.25073
vt 0.69238 0.28882
vt 0.66553 0.30273
vt 0.68506 0.30127
vt 0.67432 0.31421
vt 0.6499 0.3208
vt 0.65723 0.33154
vt 0.62695 0.34351
vt 0.59424 0.35156
vt 0.62305 0.33057
vt 0.59375 0.33643
vt 0.62158 0.31543
vt 0.59424 0.323
vt 0.55957 0.37134
vt 0.52637 0.375
vt 0.52295 0.3894
vt 0.48511 0.37695
vt 0.48926 0.36572
vt 0.45947 0.3562
vt 0.45435 0.3689
vt 0.46729 0.33838
vt 0.43384 0.33789
vt 0.40991 0.3103
vt 0.37378 0.2876
vt 0.38208 0.28345
vt 0.36743 0.29199
vt 0.38745 0.32812
vt 0.36377 0.26172
vt 0.37207 0.25928
vt 0.35718 0.26318
vt 0.34619 0.22595
vt 0.35376 0.22559
vt 0.34692 0.18213
vt 0.35474 0.18274
vt 0.36353 0.14209
vt 0.35522 0.1405
vt 0.37549 0.10242
vt 0.38623 0.10822
vt 0.02298 0.36304
vt 0.41162 0.07501
vt 0.41504 0.0791
vt 0.02226 0.40674
vt 0.02142 0.44482
vt 0.02721 0.48267
vt 0.44604 0.0538
vt 0.44189 0.04852
vt 0.4751 0.02762
vt 0.47754 0.03403
vt 0.45142 0.05939
vt 0.47974 0.04123
vt 0.51221 0.02473
vt 0.5127 0.03217
vt 0.51318 0.03967
vt 0.48169 0.04877
vt 0.51172 0.0177
vt 0.51416 0.04706
vt 0.60889 0.04968
vt 0.60449 0.05872
vt 0.62305 0.06012
vt 0.64209 0.07233
vt 0.66895 0.0976
vt 0.67773 0.13843
vt 0.69092 0.13428
vt 0.67383 0.23022
vt 0.67432 0.20105
vt 0.67139 0.25635
vt 0.6626 0.20764
vt 0.65186 0.17993
vt 0.65674 0.21313
vt 0.65869 0.17712
vt 0.64844 0.1488
vt 0.63574 0.1532
vt 0.67188 0.1731
vt 0.66211 0.14404
vt 0.62744 0.15588
vt 0.64355 0.18335
vt 0.63867 0.57178
vt 0.58789 0.56348
vt 0.58691 0.57275
vt 0.63916 0.56104
vt 0.68994 0.57617
vt 0.69092 0.58105
vt 0.65088 0.21558
vt 0.7417 0.60254
vt 0.74805 0.59521
vt 0.79297 0.62793
vt 0.80127 0.62402
vt 0.83594 0.65918
vt 0.84375 0.65576
vt 0.87109 0.69238
vt 0.87891 0.68701
vt 0.56396 0.32495
vt 0.59424 0.31323
vt 0.5625 0.33521
vt 0.53223 0.32861
vt 0.53125 0.33911
vt 0.56152 0.34961
vt 0.49609 0.34692
vt 0.49878 0.33423
vt 0.5293 0.35327
vt 0.47412 0.32349
vt 0.40234 0.27319
vt 0.39111 0.27832
vt 0.38037 0.25586
vt 0.36987 0.22449
vt 0.36182 0.22522
vt 0.37134 0.18665
vt 0.36304 0.18408
vt 0.37988 0.14685
vt 0.37158 0.14417
vt 0.39404 0.11328
vt 0.39648 0.11517
vt 0.42188 0.08539
vt 0.42847 0.09137
vt 0.45654 0.06525
vt 0.48511 0.05762
vt 0.46265 0.07227
vt 0.48999 0.06848
vt 0.47021 0.08417
vt 0.44604 0.10443
vt 0.42212 0.12793
vt 0.43457 0.13196
vt 0.43652 0.09766
vt 0.4104 0.12256
vt 0.38892 0.15027
vt 0.38086 0.18958
vt 0.40112 0.15491
vt 0.41699 0.15955
vt 0.39404 0.19202
vt 0.40845 0.19141
vt 0.37988 0.22363
vt 0.45435 0.13635
vt 0.4458 0.13452
vt 0.43726 0.16199
vt 0.427 0.16016
vt 0.427 0.19434
vt 0.41821 0.19385
vt 0.38916 0.25073
vt 0.32788 0.73389
vt 0.35645 0.70312
vt 0.34937 0.70068
vt 0.32031 0.73047
vt 0.38135 0.6665
vt 0.3894 0.66943
vt 0.42285 0.62939
vt 0.43042 0.63721
vt 0.47925 0.59668
vt 0.48169 0.60596
vt 0.53467 0.58398
vt 0.53516 0.57422
vt 0.53564 0.61035
vt 0.48999 0.63477
vt 0.63672 0.59766
vt 0.68701 0.60889
vt 0.73291 0.62744
vt 0.77734 0.65283
vt 0.81738 0.68311
vt 0.85156 0.7168
vt 0.92725 0.76025
vt 0.90723 0.71973
vt 0.90088 0.72656
vt 0.93506 0.75049
vt 0.5 0.323
vt 0.9541 0.77783
vt 0.94678 0.79053
vt 0.47559 0.31079
vt 0.9668 0.80566
vt 0.96484 0.81787
vt 0.99658 0.82373
vt 0.99072 0.83545
vt 0.26416 0.78467
vt 0.23071 0.80029
vt 0.24036 0.80957
vt 0.27075 0.79297
vt 0.2937 0.76123
vt 0.30103 0.7666
vt 0.34961 0.76074
vt 0.37744 0.72607
vt 0.41089 0.69434
vt 0.44873 0.66504
vt 0.58594 0.59717
vt 0.63574 0.61426
vt 0.58691 0.61279
vt 0.68408 0.625
vt 0.72803 0.64453
vt 0.76855 0.67041
vt 0.80469 0.7002
vt 0.83643 0.73389
vt 0.87891 0.75391
vt 0.86279 0.77246
vt 0.90283 0.79199
vt 0.92529 0.82764
vt 0.94971 0.85889
vt 0.98145 0.88037
vt 0.26074 0.84961
vt 0.29443 0.82812
vt 0.32227 0.79688
vt 0.34155 0.8208
vt 0.36646 0.78223
vt 0.3916 0.74561
vt 0.42188 0.71143
vt 0.45654 0.68066
vt 0.49512 0.65039
vt 0.46558 0.69775
vt 0.50049 0.66748
vt 0.53857 0.62598
vt 0.54248 0.64355
vt 0.58789 0.63037
vt 0.59131 0.65479
vt 0.63525 0.63232
vt 0.63428 0.65674
vt 0.59668 0.68848
vt 0.6333 0.69238
vt 0.60059 0.72559
vt 0.62891 0.73193
vt 0.65576 0.74316
vt 0.66602 0.7041
vt 0.68018 0.64307
vt 0.6748 0.66846
vt 0.72168 0.6626
vt 0.71143 0.6875
vt 0.7583 0.68896
vt 0.74414 0.7124
vt 0.77441 0.74023
vt 0.79102 0.71826
vt 0.82129 0.75098
vt 0.8291 0.80664
vt 0.84717 0.78906
vt 0.80371 0.77051
vt 0.8042 0.82812
vt 0.78027 0.79639
vt 0.77002 0.854
vt 0.75342 0.82715
vt 0.84961 0.84814
vt 0.86865 0.83105
vt 0.88525 0.81299
vt 0.88867 0.87402
vt 0.90723 0.85254
vt 0.93262 0.8877
vt 0.96484 0.9165
vt 0.27905 0.88477
vt 0.31323 0.85596
vt 0.30688 0.91846
vt 0.33667 0.88232
vt 0.36279 0.84229
vt 0.36694 0.90479
vt 0.38745 0.86133
vt 0.3479 0.94727
vt 0.38599 0.80176
vt 0.40942 0.81934
vt 0.4082 0.76367
vt 0.43042 0.78271
vt 0.43433 0.729
vt 0.45264 0.75146
vt 0.46021 0.80811
vt 0.47876 0.77979
vt 0.43823 0.84033
vt 0.47876 0.72119
vt 0.68164 0.7583
vt 0.69678 0.72119
vt 0.64551 0.7832
vt 0.66748 0.79688
vt 0.72559 0.74365
vt 0.70654 0.77734
vt 0.75342 0.76953
vt 0.73145 0.80078
vt 0.77686 0.88623
vt 0.8208 0.86572
vt 0.83008 0.90625
vt 0.78271 0.91797
vt 0.86523 0.8916
vt 0.87842 0.93457
vt 0.83398 0.94727
vt 0.91016 0.91357
vt 0.93652 0.94971
vt 0.89453 0.9751
vt 0.83984 0.98828
vt 0.40845 0.92236
vt 0.40259 0.96582
vt 0.41968 0.87988
vt 0.45947 0.89697
vt 0.45972 0.93262
vt 0.46069 0.97021
vt 0.47095 0.86328
vt 0.49097 0.83203
vt 0.50781 0.80225
vt 0.52246 0.84814
vt 0.53809 0.81885
vt 0.55322 0.86182
vt 0.56494 0.83252
vt 0.58789 0.84082
vt 0.5957 0.80566
vt 0.58496 0.87158
vt 0.59961 0.76611
vt 0.62207 0.77246
vt 0.51904 0.95947
vt 0.73096 0.97021
vt 0.57178 0.94385
vt 0.78418 0.98486
vt 0.78369 0.95068
vt 0.729 0.87842
vt 0.09888 0.77832
vt 0.16077 0.68799
vt 0.16943 0.6875
vt 0.17847 0.68701
vt 0.20044 0.7876
vt 0.20911 0.82373
vt 0.31763 0.48828
vt 0.27124 0.40503
vt 0.85498 0.02962
vt 0.83594 0.04492
vt 0.86475 0.05035
vt 0.84229 0.05371
vt 0.82373 0.05743
vt 0.81689 0.05521
vt 0.83057 0.06058
vt 0.82764 0.08148
vt 0.81982 0.08032
vt 0.75635 0.08148
vt 0.74268 0.06378
vt 0.74902 0.08313
vt 0.74902 0.05914
vt 0.75684 0.05591
vt 0.76367 0.07977
vt 0.7666 0.05353
vt 0.78027 0.07776
vt 0.78857 0.05109
vt 0.77734 0.05191
vt 0.78857 0.07739
vt 0.78174 0.11163
vt 0.78955 0.11194
vt 0.78125 0.14771
vt 0.79004 0.14844
vt 0.79932 0.0517
vt 0.79639 0.07739
vt 0.80908 0.05334
vt 0.80469 0.07782
vt 0.80566 0.11292
vt 0.79785 0.11243
vt 0.8125 0.0788
vt 0.82129 0.11359
vt 0.81348 0.11334
vt 0.81494 0.15027
vt 0.82373 0.1499
vt 0.82959 0.1134
vt 0.83203 0.14941
vt 0.75684 0.11322
vt 0.74854 0.11359
vt 0.75586 0.14856
vt 0.74756 0.1488
vt 0.76514 0.11237
vt 0.76465 0.14783
vt 0.77295 0.14746
vt 0.77344 0.11176
vt 0.77197 0.07855
vt 0.79834 0.14929
vt 0.80664 0.15002
vt 0.80762 0.18579
vt 0.79883 0.1853
vt 0.79932 0.22021
vt 0.78955 0.18469
vt 0.78955 0.22046
vt 0.80176 0.25464
vt 0.79102 0.25537
vt 0.81641 0.18604
vt 0.80908 0.22034
vt 0.81885 0.22083
vt 0.83301 0.25732
vt 0.82275 0.25586
vt 0.82812 0.22119
vt 0.81201 0.25488
vt 0.8252 0.18579
vt 0.83691 0.2207
vt 0.83398 0.18518
vt 0.84277 0.25732
vt 0.75488 0.18555
vt 0.74658 0.18567
vt 0.75293 0.22375
vt 0.76367 0.18494
vt 0.76172 0.22327
vt 0.76025 0.26123
vt 0.75049 0.26221
vt 0.771 0.22229
vt 0.77197 0.18445
vt 0.78027 0.22119
vt 0.78076 0.18445
vt 0.77002 0.25928
vt 0.78027 0.25708
vt 0.77148 0.2937
vt 0.78271 0.29077
vt 0.80469 0.28979
vt 0.81494 0.29102
vt 0.8042 0.32373
vt 0.81348 0.32617
vt 0.8252 0.29297
vt 0.83545 0.29565
vt 0.84668 0.29736
vt 0.74072 0.26196
vt 0.7373 0.30176
vt 0.74902 0.30029
vt 0.74414 0.22351
vt 0.76025 0.29712
vt 0.79395 0.28955
vt 0.79492 0.32251
vt 0.78564 0.323
vt 0.82227 0.32959
vt 0.81299 0.35034
vt 0.81641 0.3562
vt 0.83057 0.3335
vt 0.82129 0.36377
vt 0.84082 0.33838
vt 0.76562 0.36401
vt 0.75635 0.33496
vt 0.74561 0.34106
vt 0.77002 0.35522
vt 0.77441 0.34839
vt 0.76611 0.32935
vt 0.77588 0.3252
vt 0.78027 0.34375
vt 0.78662 0.3418
usemtl mat0
f 1/1/1 2/2/2 3/3/3
f 1/1/1 3/3/3 4/4/4
f 5/5/5 4/4/4 6/6/6
f 4/4/4 5/5/5 7/7/7
f 1/1/1 8/8/8 9/9/9
f 1/1/1 9/9/9 2/2/2
f 4/4/4 7/7/7 1/1/1
f 1/1/1 7/7/7 8/8/8
f 10/10/10 11/11/11 12/12/12
f 11/11/11 10/10/10 13/13/13
f 12/12/12 11/11/11 14/14/14
f 11/11/11 15/15/15 14/14/14
f 16/16/16 17/17/17 18/18/18
f 17/17/17 16/16/16 19/19/19
f 20/20/20 17/17/17 21/21/21
f 17/17/17 20/20/20 18/18/18
f 19/19/19 21/21/21 17/17/17
f 21/21/21 19/19/19 22/22/22
f 23/23/23 24/24/24 25/25/25
f 24/24/24 23/23/23 26/26/26
f 27/27/27 23/23/23 25/25/25
f 23/23/23 27/27/27 28/28/28
f 29/29/29 25/25/25 24/24/24
f 29/29/29 27/27/27 25/25/25
f 4/4/4 3/3/3 30/30/30
f 4/4/4 30/30/30 6/6/6
f 6/6/6 30/30/30 31/31/31
f 30/30/30 32/32/32 31/31/31
f 33/33/33 30/30/30 3/3/3
f 30/30/30 33/33/33 32/32/32
f 34/34/34 35/35/35 36/36/36
f 36/36/36 35/35/35 37/37/37
f 38/38/38 39/39/39 40/40/40
f 39/39/39 38/38/38 41/41/41
f 42/42/42 41/41/41 38/38/38
f 43/43/43 41/41/41 42/42/42
f 44/44/44 41/41/41 45/45/45
f 41/41/41 44/44/44 39/39/39
f 46/46/46 40/40/40 47/47/47
f 46/46/46 38/38/38 40/40/40
f 48/48/48 47/47/47 40/40/40
f 48/48/48 40/40/40 39/39/39
f 49/49/49 50/50/50 51/51/51
f 50/50/50 49/49/49 52/52/52
f 53/53/53 54/54/54 55/55/55
f 54/54/54 53/53/53 56/56/56
f 53/53/53 57/57/57 56/56/56
f 57/57/57 53/53/53 58/58/58
f 55/55/55 54/54/54 59/59/59
f 55/55/55 59/59/59 60/60/60
f 61/61/53 62/62/61 63/63/62
f 62/62/61 61/61/53 64/64/55
f 62/62/61 65/65/63 66/66/64
f 65/65/63 62/62/61 64/64/55
f 67/67/65 68/68/66 69/69/67
f 67/67/65 69/69/67 70/70/68
f 68/68/66 71/71/69 72/72/70
f 71/71/69 68/68/66 67/67/65
f 73/73/71 74/74/65 75/75/68
f 74/74/65 73/73/71 76/76/69
f 77/77/72 78/78/73 79/79/74
f 79/79/74 78/78/73 80/80/75
f 81/81/76 80/80/75 82/82/77
f 80/80/75 81/81/76 79/79/74
f 83/83/78 84/84/79 85/85/80
f 85/85/80 84/84/79 86/86/81
f 86/86/81 87/87/82 85/85/80
f 87/87/82 86/86/81 88/88/83
f 87/87/82 83/83/78 85/85/80
f 83/83/78 87/87/82 89/89/84
f 90/90/85 91/91/86 92/92/87
f 90/90/85 92/92/87 93/93/88
f 94/94/89 95/95/90 96/96/91
f 94/94/89 96/96/91 97/97/92
f 96/96/91 98/98/93 97/97/92
f 98/98/93 96/96/91 99/99/94
f 100/100/95 99/99/94 96/96/91
f 100/100/95 96/96/91 95/95/90
f 101/101/96 102/102/97 103/103/98
f 102/102/97 101/101/96 104/104/99
f 102/102/97 105/105/100 106/106/101
f 105/105/100 102/102/97 104/104/99
f 107/107/102 72/72/70 71/71/69
f 72/72/70 107/107/102 108/108/103
f 109/109/104 110/110/102 111/111/105
f 110/110/102 112/112/106 111/111/105
f 112/112/106 76/76/69 113/113/107
f 76/76/69 112/112/106 110/110/102
f 114/114/76 109/109/104 115/115/108
f 109/109/104 114/114/76 110/110/102
f 81/81/76 82/82/77 107/107/102
f 108/108/103 107/107/102 82/82/77
f 116/116/109 117/117/110 118/118/111
f 117/117/110 116/116/109 119/119/112
f 118/118/111 120/120/113 116/116/109
f 120/120/113 118/118/111 121/121/114
f 122/122/110 123/123/115 124/124/111
f 123/123/115 125/125/114 124/124/111
f 126/126/116 127/127/117 128/128/118
f 127/127/117 126/126/116 129/129/119
f 129/129/119 130/130/120 127/127/117
f 129/129/119 131/131/121 130/130/120
f 132/132/122 131/131/121 129/129/119
f 131/131/121 132/132/122 133/133/123
f 127/127/117 134/134/124 128/128/118
f 128/128/118 134/134/124 50/50/50
f 135/135/125 136/136/126 137/137/127
f 135/135/125 137/137/127 138/138/128
f 139/139/129 140/140/130 137/137/127
f 137/137/127 140/140/130 141/141/128
f 142/142/131 137/137/127 136/136/126
f 137/137/127 142/142/131 139/139/129
f 143/143/132 144/144/133 145/145/134
f 143/143/132 145/145/134 146/146/135
f 147/147/136 144/144/133 143/143/132
f 144/144/133 147/147/136 148/148/137
f 146/146/135 149/149/138 143/143/132
f 143/143/132 149/149/138 147/147/136
f 150/150/139 151/151/140 152/152/141
f 151/151/140 150/150/139 153/153/142
f 151/151/140 144/144/133 154/154/137
f 144/144/133 151/151/140 153/153/142
f 144/144/133 153/153/142 145/145/134
f 153/153/142 150/150/139 145/145/134
f 155/155/143 48/48/48 44/44/44
f 44/44/44 48/48/48 39/39/39
f 44/44/44 156/156/144 155/155/143
f 45/45/45 156/156/144 44/44/44
f 41/41/41 157/157/145 45/45/45
f 41/41/41 43/43/43 157/157/145
f 158/158/146 159/159/147 160/160/148
f 159/159/147 158/158/146 161/161/149
f 161/161/149 162/162/150 163/163/151
f 162/162/150 161/161/149 158/158/146
f 163/163/151 162/162/150 164/164/152
f 164/164/152 165/165/153 163/163/151
f 166/166/154 78/78/73 77/77/72
f 78/78/73 166/166/154 167/167/155
f 166/166/154 168/168/156 167/167/155
f 168/168/156 166/166/154 169/169/157
f 170/170/158 121/121/114 171/171/159
f 121/121/114 170/170/158 120/120/113
f 172/172/160 173/173/159 125/125/114
f 173/173/159 172/172/160 174/174/161
f 175/175/162 173/173/159 174/174/161
f 173/173/159 175/175/162 176/176/163
f 177/177/164 178/178/165 179/179/166
f 179/179/166 178/178/165 180/180/167
f 181/181/168 182/182/169 179/179/166
f 179/179/166 182/182/169 177/177/164
f 177/177/164 183/183/170 178/178/165
f 183/183/170 177/177/164 184/184/171
f 185/185/172 179/179/166 180/180/167
f 179/179/166 185/185/172 181/181/168
f 29/29/29 28/28/28 27/27/27
f 28/28/28 29/29/29 186/186/173
f 187/187/174 188/188/175 189/189/176
f 187/187/174 189/189/176 190/190/177
f 180/180/167 178/178/165 189/189/176
f 189/189/176 188/188/175 180/180/167
f 183/183/170 190/190/177 189/189/176
f 183/183/170 189/189/176 178/178/165
f 191/191/178 192/192/179 193/193/180
f 191/191/178 193/193/180 194/194/181
f 195/195/182 193/193/180 196/196/183
f 193/193/180 195/195/182 194/194/181
f 197/197/184 194/194/181 195/195/182
f 194/194/181 197/197/184 198/198/185
f 199/199/180 200/200/179 201/201/186
f 199/199/180 201/201/186 202/202/183
f 203/203/63 204/204/187 205/205/96
f 204/204/187 203/203/63 206/206/188
f 207/207/189 204/204/187 206/206/188
f 204/204/187 207/207/189 208/208/190
f 209/209/157 207/207/189 206/206/188
f 207/207/189 209/209/157 210/210/191
f 207/207/189 172/172/160 208/208/190
f 172/172/160 207/207/189 174/174/161
f 210/210/191 174/174/161 207/207/189
f 174/174/161 210/210/191 175/175/162
f 211/211/154 210/210/191 209/209/157
f 212/212/72 210/210/191 211/211/154
f 213/213/192 210/210/191 212/212/72
f 175/175/162 210/210/191 213/213/192
f 213/213/192 212/212/72 214/214/193
f 214/214/193 212/212/72 215/215/74
f 216/216/194 208/208/190 172/172/160
f 208/208/190 216/216/194 217/217/195
f 218/218/196 201/201/186 214/214/193
f 201/201/186 218/218/196 219/219/197
f 219/219/197 218/218/196 220/220/198
f 218/218/196 221/221/199 220/220/198
f 208/208/190 222/222/200 204/204/187
f 222/222/200 208/208/190 217/217/195
f 205/205/96 204/204/187 222/222/200
f 222/222/200 223/223/99 205/205/96
f 222/222/200 217/217/195 224/224/201
f 217/217/195 225/225/202 224/224/201
f 222/222/200 224/224/201 226/226/203
f 223/223/99 222/222/200 226/226/203
f 223/223/99 226/226/203 227/227/204
f 223/223/99 227/227/204 228/228/100
f 226/226/203 229/229/205 227/227/204
f 226/226/203 230/230/206 229/229/205
f 231/231/207 232/232/208 230/230/206
f 232/232/208 229/229/205 230/230/206
f 201/201/186 213/213/192 214/214/193
f 213/213/192 201/201/186 200/200/179
f 200/200/179 175/175/162 213/213/192
f 175/175/162 200/200/179 176/176/163
f 233/233/209 214/214/193 215/215/74
f 214/214/193 233/233/209 218/218/196
f 233/233/209 215/215/74 115/115/108
f 215/215/74 114/114/76 115/115/108
f 234/234/210 218/218/196 233/233/209
f 218/218/196 234/234/210 221/221/199
f 235/235/211 221/221/199 234/234/210
f 236/236/212 235/235/211 237/237/213
f 235/235/211 236/236/212 238/238/214
f 221/221/199 235/235/211 239/239/215
f 239/239/215 220/220/198 221/221/199
f 220/220/198 239/239/215 240/240/216
f 238/238/214 239/239/215 235/235/211
f 239/239/215 238/238/214 241/241/217
f 242/242/218 111/111/105 243/243/219
f 111/111/105 242/242/218 109/109/104
f 244/244/220 245/245/221 246/246/222
f 245/245/221 244/244/220 247/247/223
f 245/245/221 97/97/92 246/246/222
f 246/246/222 97/97/92 98/98/93
f 98/98/93 248/248/224 246/246/222
f 246/246/222 248/248/224 244/244/220
f 5/5/5 249/249/225 250/250/226
f 249/249/225 5/5/5 251/251/227
f 251/251/227 252/252/228 249/249/225
f 252/252/228 253/253/229 249/249/225
f 254/254/230 255/255/231 250/250/226
f 254/254/230 250/250/226 249/249/225
f 7/7/7 250/250/226 255/255/231
f 7/7/7 5/5/5 250/250/226
f 256/256/232 257/257/233 258/258/234
f 256/256/232 259/259/235 257/257/233
f 260/260/236 257/257/233 259/259/235
f 260/260/236 9/9/9 257/257/233
f 8/8/8 257/257/233 9/9/9
f 257/257/233 8/8/8 258/258/234
f 261/261/237 58/58/58 262/262/238
f 58/58/58 261/261/237 57/57/57
f 263/263/239 264/264/240 265/265/241
f 265/265/241 266/266/242 263/263/239
f 267/267/243 264/264/240 268/268/244
f 264/264/240 267/267/243 265/265/241
f 267/267/243 269/269/245 265/265/241
f 266/266/242 265/265/241 269/269/245
f 270/270/246 271/271/247 272/272/248
f 271/271/247 270/270/246 273/273/249
f 270/270/246 274/274/250 273/273/249
f 275/275/251 274/274/250 270/270/246
f 275/275/251 276/276/252 274/274/250
f 273/273/249 274/274/250 263/263/239
f 266/266/242 273/273/249 263/263/239
f 273/273/249 266/266/242 271/271/247
f 269/269/245 271/271/247 266/266/242
f 271/271/247 269/269/245 277/277/253
f 278/278/254 279/279/255 275/275/251
f 275/275/251 280/280/256 278/278/254
f 280/280/256 281/281/257 282/282/258
f 281/281/257 280/280/256 275/275/251
f 281/281/257 275/275/251 272/272/248
f 275/275/251 270/270/246 272/272/248
f 283/283/259 274/274/250 276/276/252
f 283/283/259 276/276/252 284/284/260
f 285/285/261 286/286/262 284/284/260
f 286/286/262 285/285/261 287/287/263
f 286/286/262 287/287/263 288/288/264
f 288/288/264 287/287/263 289/289/265
f 286/286/262 288/288/264 290/290/266
f 290/290/266 291/291/267 286/286/262
f 284/284/260 292/292/268 285/285/261
f 292/292/268 284/284/260 276/276/252
f 293/293/269 294/294/270 276/276/252
f 292/292/268 276/276/252 294/294/270
f 295/295/271 296/296/272 297/297/273
f 298/298/274 297/297/273 296/296/272
f 299/299/275 300/300/276 296/296/272
f 296/296/272 301/301/277 299/299/275
f 302/302/278 301/301/277 303/303/279
f 299/299/275 301/301/277 302/302/278
f 304/304/280 305/305/281 306/306/282
f 306/306/282 307/307/283 304/304/280
f 308/308/284 307/307/283 306/306/282
f 306/306/282 309/309/285 308/308/284
f 310/310/286 309/309/285 306/306/282
f 310/310/286 306/306/282 305/305/281
f 311/311/287 312/312/288 313/313/289
f 312/312/288 311/311/287 314/314/290
f 315/315/291 312/312/288 316/316/292
f 312/312/288 315/315/291 313/313/289
f 317/317/293 312/312/288 314/314/290
f 312/312/288 317/317/293 316/316/292
f 318/318/294 319/319/295 320/320/296
f 320/320/296 319/319/295 321/321/297
f 322/322/298 323/323/299 324/324/300
f 323/323/299 322/322/298 325/325/301
f 317/317/293 322/322/298 316/316/292
f 322/322/298 317/317/293 325/325/301
f 323/323/299 325/325/301 319/319/295
f 325/325/301 326/326/302 319/319/295
f 327/327/303 328/328/304 322/322/298
f 327/327/303 322/322/298 324/324/300
f 327/327/303 329/329/305 330/330/306
f 327/327/303 330/330/306 328/328/304
f 329/329/305 327/327/303 331/331/307
f 327/327/303 324/324/300 331/331/307
f 332/332/308 333/333/309 334/334/310
f 333/333/309 335/335/311 334/334/310
f 336/336/312 335/335/311 333/333/309
f 335/335/311 336/336/312 337/337/313
f 333/333/309 332/332/308 338/338/314
f 333/333/309 338/338/314 336/336/312
f 336/336/312 339/339/315 337/337/313
f 339/339/315 336/336/312 340/340/316
f 338/338/314 340/340/316 336/336/312
f 340/340/316 338/338/314 341/341/317
f 341/341/317 342/342/318 340/340/316
f 341/341/317 343/343/319 342/342/318
f 84/84/79 344/344/320 16/16/16
f 344/344/320 142/142/131 16/16/16
f 142/142/131 344/344/320 139/139/129
f 344/344/320 345/345/321 139/139/129
f 345/345/321 344/344/320 83/83/78
f 344/344/320 84/84/79 83/83/78
f 346/346/322 347/347/202 10/10/10
f 347/347/202 13/13/13 10/10/10
f 217/217/195 348/348/13 225/225/202
f 348/348/13 217/217/195 216/216/194
f 349/349/11 348/348/13 216/216/194
f 350/350/323 349/349/11 216/216/194
f 350/350/323 351/351/324 349/349/11
f 351/351/324 350/350/323 352/352/325
f 172/172/160 350/350/323 216/216/194
f 125/125/114 350/350/323 172/172/160
f 353/353/326 347/347/202 346/346/322
f 347/347/202 353/353/326 354/354/147
f 355/355/148 354/354/147 353/353/326
f 355/355/148 353/353/326 356/356/327
f 357/357/328 356/356/327 353/353/326
f 353/353/326 358/358/329 357/357/328
f 359/359/330 360/360/331 357/357/328
f 357/357/328 361/361/332 359/359/330
f 360/360/331 362/362/333 363/363/334
f 362/362/333 360/360/331 359/359/330
f 364/364/335 362/362/333 359/359/330
f 359/359/330 365/365/336 364/364/335
f 361/361/332 365/365/336 359/359/330
f 365/365/336 361/361/332 366/366/337
f 366/366/337 367/367/338 368/368/339
f 369/369/340 367/367/338 366/366/337
f 369/369/340 370/370/341 367/367/338
f 370/370/341 369/369/340 371/371/342
f 372/372/343 371/371/342 369/369/340
f 371/371/342 372/372/343 373/373/344
f 374/374/345 375/375/346 364/364/335
f 375/375/346 374/374/345 376/376/347
f 377/377/348 375/375/346 376/376/347
f 375/375/346 377/377/348 378/378/349
f 379/379/350 377/377/348 376/376/347
f 377/377/348 379/379/350 380/380/351
f 380/380/351 381/381/352 382/382/353
f 381/381/352 380/380/351 379/379/350
f 383/383/354 384/384/355 385/385/351
f 385/385/351 384/384/355 386/386/348
f 387/387/356 383/383/354 388/388/357
f 383/383/354 387/387/356 389/389/358
f 384/384/355 389/389/358 390/390/359
f 389/389/358 384/384/355 383/383/354
f 391/391/353 383/383/354 385/385/351
f 383/383/354 391/391/353 388/388/357
f 391/391/353 392/392/360 388/388/357
f 392/392/360 391/391/353 393/393/361
f 394/394/362 395/395/363 396/396/364
f 396/396/364 395/395/363 392/392/360
f 395/395/363 388/388/357 392/392/360
f 388/388/357 395/395/363 387/387/356
f 394/394/362 397/397/365 395/395/363
f 397/397/365 394/394/362 398/398/366
f 397/397/365 387/387/356 395/395/363
f 387/387/356 397/397/365 399/399/367
f 400/400/368 399/399/367 401/401/369
f 399/399/367 400/400/368 402/402/370
f 370/370/341 402/402/370 400/400/368
f 402/402/370 370/370/341 403/403/371
f 370/370/341 404/404/372 403/403/371
f 404/404/372 370/370/341 371/371/342
f 371/371/342 405/405/373 404/404/372
f 371/371/342 373/373/344 405/405/373
f 403/403/371 404/404/372 390/390/359
f 390/390/359 404/404/372 406/406/374
f 404/404/372 405/405/373 406/406/374
f 405/405/373 407/407/375 406/406/374
f 408/408/376 398/398/366 409/409/377
f 398/398/366 408/408/376 397/397/365
f 394/394/362 410/410/378 398/398/366
f 410/410/378 394/394/362 411/411/379
f 157/157/145 409/409/377 398/398/366
f 157/157/145 398/398/366 410/410/378
f 43/43/43 409/409/377 157/157/145
f 409/409/377 43/43/43 412/412/380
f 413/413/381 409/409/377 412/412/380
f 409/409/377 413/413/381 408/408/376
f 45/45/45 410/410/378 156/156/144
f 410/410/378 45/45/45 157/157/145
f 413/413/381 414/414/382 415/415/383
f 414/414/382 413/413/381 412/412/380
f 414/414/382 43/43/43 42/42/42
f 43/43/43 414/414/382 412/412/380
f 414/414/382 416/416/384 417/417/385
f 416/416/384 414/414/382 42/42/42
f 416/416/384 38/38/38 46/46/46
f 38/38/38 416/416/384 42/42/42
f 418/418/386 417/417/385 419/419/387
f 417/417/385 420/420/388 419/419/387
f 418/418/386 414/414/382 417/417/385
f 414/414/382 418/418/386 415/415/383
f 421/421/389 420/420/388 417/417/385
f 417/417/385 416/416/384 421/421/389
f 422/422/390 423/423/391 421/421/389
f 420/420/388 421/421/389 423/423/391
f 46/46/46 421/421/389 416/416/384
f 421/421/389 46/46/46 152/152/141
f 152/152/141 422/422/390 421/421/389
f 422/422/390 152/152/141 151/151/140
f 424/424/392 425/425/361 423/423/391
f 426/426/393 423/423/391 425/425/361
f 422/422/390 424/424/392 423/423/391
f 424/424/392 422/422/390 427/427/394
f 396/396/364 428/428/394 429/429/395
f 428/428/394 396/396/364 430/430/392
f 422/422/390 154/154/137 427/427/394
f 154/154/137 422/422/390 151/151/140
f 429/429/395 148/148/137 147/147/136
f 148/148/137 429/429/395 428/428/394
f 394/394/362 429/429/395 411/411/379
f 429/429/395 394/394/362 396/396/364
f 147/147/136 411/411/379 429/429/395
f 411/411/379 147/147/136 149/149/138
f 156/156/144 410/410/378 149/149/138
f 411/411/379 149/149/138 410/410/378
f 425/425/361 382/382/353 426/426/393
f 381/381/352 426/426/393 382/382/353
f 431/431/396 426/426/393 381/381/352
f 431/431/396 419/419/387 426/426/393
f 419/419/387 420/420/388 423/423/391
f 419/419/387 423/423/391 426/426/393
f 418/418/386 431/431/396 432/432/397
f 431/431/396 418/418/386 419/419/387
f 433/433/398 434/434/399 435/435/400
f 434/434/399 433/433/398 432/432/397
f 415/415/383 432/432/397 433/433/398
f 432/432/397 415/415/383 418/418/386
f 433/433/398 436/436/401 437/437/402
f 436/436/401 433/433/398 435/435/400
f 437/437/402 415/415/383 433/433/398
f 415/415/383 437/437/402 413/413/381
f 437/437/402 400/400/368 401/401/369
f 400/400/368 437/437/402 436/436/401
f 436/436/401 370/370/341 400/400/368
f 370/370/341 436/436/401 367/367/338
f 401/401/369 408/408/376 437/437/402
f 413/413/381 437/437/402 408/408/376
f 399/399/367 397/397/365 401/401/369
f 408/408/376 401/401/369 397/397/365
f 399/399/367 389/389/358 387/387/356
f 389/389/358 399/399/367 402/402/370
f 390/390/359 389/389/358 402/402/370
f 402/402/370 403/403/371 390/390/359
f 384/384/355 406/406/374 438/438/403
f 406/406/374 384/384/355 390/390/359
f 407/407/375 438/438/403 406/406/374
f 438/438/403 407/407/375 439/439/404
f 440/440/349 439/439/404 441/441/405
f 439/439/404 440/440/349 438/438/403
f 384/384/355 440/440/349 386/386/348
f 440/440/349 384/384/355 438/438/403
f 442/442/406 441/441/405 439/439/404
f 441/441/405 442/442/406 443/443/407
f 444/444/408 445/445/407 446/446/409
f 445/445/407 444/444/408 447/447/405
f 444/444/408 378/378/349 447/447/405
f 378/378/349 444/444/408 375/375/346
f 445/445/407 448/448/410 446/446/409
f 449/449/411 446/446/409 448/448/410
f 449/449/411 363/363/334 446/446/409
f 363/363/334 449/449/411 450/450/412
f 451/451/413 450/450/412 452/452/414
f 449/449/411 452/452/414 450/450/412
f 362/362/333 446/446/409 363/363/334
f 446/446/409 362/362/333 444/444/408
f 453/453/415 451/451/413 454/454/416
f 451/451/413 453/453/415 450/450/412
f 453/453/415 363/363/334 450/450/412
f 363/363/334 453/453/415 360/360/331
f 455/455/417 456/456/416 457/457/413
f 456/456/416 455/455/417 458/458/418
f 458/458/418 160/160/148 456/456/416
f 160/160/148 458/458/418 158/158/146
f 355/355/148 453/453/415 454/454/416
f 453/453/415 355/355/148 356/356/327
f 356/356/327 360/360/331 453/453/415
f 360/360/331 356/356/327 357/357/328
f 459/459/419 458/458/418 455/455/417
f 458/458/418 459/459/419 460/460/420
f 460/460/420 158/158/146 458/458/418
f 158/158/146 460/460/420 162/162/150
f 461/461/421 460/460/420 459/459/419
f 460/460/420 461/461/421 462/462/422
f 463/463/423 165/165/153 164/164/152
f 165/165/153 463/463/423 464/464/424
f 465/465/425 232/232/208 466/466/426
f 232/232/208 465/465/425 467/467/427
f 229/229/205 467/467/427 468/468/428
f 467/467/427 229/229/205 232/232/208
f 468/468/428 227/227/204 229/229/205
f 227/227/204 468/468/428 469/469/429
f 470/470/430 469/469/429 468/468/428
f 469/469/429 470/470/430 471/471/431
f 469/469/429 471/471/431 472/472/432
f 469/469/429 472/472/432 473/473/433
f 228/228/100 227/227/204 469/469/429
f 228/228/100 469/469/429 473/473/433
f 474/474/432 475/475/434 476/476/433
f 475/475/434 474/474/432 477/477/435
f 476/476/433 106/106/101 105/105/100
f 106/106/101 476/476/433 475/475/434
f 478/478/436 106/106/101 479/479/437
f 106/106/101 478/478/436 102/102/97
f 480/480/438 481/481/439 479/479/437
f 481/481/439 480/480/438 482/482/440
f 478/478/436 481/481/439 483/483/441
f 481/481/439 478/478/436 479/479/437
f 106/106/101 480/480/438 479/479/437
f 480/480/438 106/106/101 475/475/434
f 477/477/435 480/480/438 475/475/434
f 480/480/438 477/477/435 484/484/442
f 485/485/443 483/483/441 481/481/439
f 483/483/441 485/485/443 486/486/444
f 486/486/444 487/487/445 483/483/441
f 487/487/445 486/486/444 488/488/446
f 489/489/447 488/488/446 486/486/444
f 488/488/446 489/489/447 490/490/448
f 491/491/449 488/488/446 490/490/448
f 488/488/446 491/491/449 492/492/450
f 493/493/451 494/494/452 495/495/453
f 494/494/452 493/493/451 496/496/454
f 497/497/455 496/496/454 493/493/451
f 493/493/451 498/498/456 497/497/455
f 499/499/457 498/498/456 500/500/458
f 498/498/456 499/499/457 497/497/455
f 497/497/455 501/501/459 496/496/454
f 501/501/459 497/497/455 502/502/460
f 501/501/459 503/503/461 496/496/454
f 494/494/452 496/496/454 503/503/461
f 502/502/460 499/499/457 504/504/462
f 499/499/457 502/502/460 497/497/455
f 499/499/457 505/505/463 504/504/462
f 504/504/462 505/505/463 506/506/464
f 507/507/465 508/508/466 509/509/467
f 508/508/466 507/507/465 510/510/468
f 511/511/469 512/512/464 513/513/470
f 512/512/464 511/511/469 510/510/468
f 510/510/468 507/507/465 514/514/462
f 514/514/462 512/512/464 510/510/468
f 507/507/465 515/515/460 514/514/462
f 515/515/460 507/507/465 516/516/471
f 516/516/471 517/517/459 515/515/460
f 517/517/459 516/516/471 518/518/472
f 519/519/473 508/508/466 510/510/468
f 510/510/468 511/511/469 519/519/473
f 520/520/474 519/519/473 521/521/475
f 508/508/466 519/519/473 520/520/474
f 508/508/466 522/522/476 509/509/467
f 522/522/476 508/508/466 520/520/474
f 511/511/469 260/260/236 519/519/473
f 519/519/473 260/260/236 259/259/235
f 521/521/475 259/259/235 256/256/232
f 259/259/235 521/521/475 519/519/473
f 522/522/476 523/523/477 524/524/478
f 523/523/477 522/522/476 520/520/474
f 521/521/475 523/523/477 520/520/474
f 523/523/477 521/521/475 525/525/479
f 523/523/477 253/253/229 526/526/480
f 253/253/229 523/523/477 525/525/479
f 256/256/232 525/525/479 521/521/475
f 525/525/479 256/256/232 254/254/230
f 525/525/479 254/254/230 249/249/225
f 525/525/479 249/249/225 253/253/229
f 526/526/480 524/524/478 523/523/477
f 524/524/478 526/526/480 527/527/481
f 253/253/229 528/528/482 526/526/480
f 528/528/482 253/253/229 252/252/228
f 529/529/483 252/252/228 530/530/484
f 252/252/228 529/529/483 528/528/482
f 31/31/31 252/252/228 251/251/227
f 252/252/228 31/31/31 530/530/484
f 528/528/482 531/531/485 532/532/486
f 531/531/485 528/528/482 529/529/483
f 529/529/483 533/533/487 534/534/488
f 533/533/487 529/529/483 530/530/484
f 535/535/489 534/534/488 533/533/487
f 534/534/488 535/535/489 505/505/463
f 32/32/32 530/530/484 31/31/31
f 530/530/484 32/32/32 533/533/487
f 535/535/489 32/32/32 33/33/33
f 32/32/32 535/535/489 533/533/487
f 506/506/464 535/535/489 536/536/470
f 535/535/489 506/506/464 505/505/463
f 537/537/490 536/536/470 535/535/489
f 537/537/490 535/535/489 33/33/33
f 513/513/470 538/538/490 511/511/469
f 511/511/469 538/538/490 260/260/236
f 2/2/2 33/33/33 3/3/3
f 33/33/33 2/2/2 537/537/490
f 2/2/2 260/260/236 538/538/490
f 260/260/236 2/2/2 9/9/9
f 532/532/486 539/539/491 540/540/492
f 539/539/491 532/532/486 531/531/485
f 539/539/491 541/541/493 540/540/492
f 540/540/492 541/541/493 542/542/494
f 543/543/495 542/542/494 544/544/496
f 542/542/494 543/543/495 540/540/492
f 527/527/481 540/540/492 543/543/495
f 532/532/486 540/540/492 527/527/481
f 528/528/482 532/532/486 526/526/480
f 526/526/480 532/532/486 527/527/481
f 527/527/481 545/545/497 524/524/478
f 545/545/497 527/527/481 543/543/495
f 544/544/496 545/545/497 543/543/495
f 545/545/497 544/544/496 546/546/498
f 547/547/499 548/548/500 546/546/498
f 548/548/500 547/547/499 549/549/501
f 550/550/502 546/546/498 548/548/500
f 546/546/498 550/550/502 545/545/497
f 485/485/443 549/549/501 547/547/499
f 549/549/501 485/485/443 551/551/503
f 550/550/502 524/524/478 545/545/497
f 524/524/478 550/550/502 522/522/476
f 552/552/504 548/548/500 553/553/505
f 548/548/500 552/552/504 550/550/502
f 550/550/502 509/509/467 522/522/476
f 552/552/504 509/509/467 550/550/502
f 552/552/504 518/518/472 516/516/471
f 518/518/472 552/552/504 553/553/505
f 553/553/505 554/554/506 518/518/472
f 554/554/506 553/553/505 555/555/507
f 516/516/471 509/509/467 552/552/504
f 509/509/467 516/516/471 507/507/465
f 556/556/461 518/518/472 554/554/506
f 518/518/472 556/556/461 517/517/459
f 557/557/508 556/556/461 554/554/506
f 558/558/509 556/556/461 557/557/508
f 557/557/508 559/559/510 558/558/509
f 559/559/510 557/557/508 560/560/511
f 557/557/508 561/561/512 560/560/511
f 561/561/512 557/557/508 562/562/513
f 549/549/501 562/562/513 555/555/507
f 562/562/513 549/549/501 551/551/503
f 555/555/507 553/553/505 549/549/501
f 549/549/501 553/553/505 548/548/500
f 551/551/503 482/482/440 561/561/512
f 561/561/512 562/562/513 551/551/503
f 563/563/509 494/494/452 503/503/461
f 494/494/452 563/563/509 564/564/514
f 563/563/509 565/565/515 564/564/514
f 565/565/515 563/563/509 566/566/510
f 567/567/516 568/568/517 565/565/515
f 568/568/517 567/567/516 569/569/518
f 570/570/519 569/569/518 571/571/520
f 569/569/518 570/570/519 568/568/517
f 492/492/450 568/568/517 570/570/519
f 572/572/521 568/568/517 492/492/450
f 572/572/521 565/565/515 568/568/517
f 565/565/515 572/572/521 564/564/514
f 494/494/452 564/564/514 495/495/453
f 572/572/521 495/495/453 564/564/514
f 572/572/521 491/491/449 495/495/453
f 491/491/449 572/572/521 492/492/450
f 542/542/494 491/491/449 490/490/448
f 541/541/493 491/491/449 542/542/494
f 569/569/518 62/62/61 571/571/520
f 571/571/520 62/62/61 66/66/64
f 66/66/64 573/573/522 571/571/520
f 573/573/522 66/66/64 103/103/98
f 573/573/522 570/570/519 571/571/520
f 570/570/519 573/573/522 487/487/445
f 492/492/450 487/487/445 488/488/446
f 487/487/445 492/492/450 570/570/519
f 63/63/62 569/569/518 567/567/516
f 569/569/518 63/63/62 62/62/61
f 574/574/523 567/567/516 575/575/524
f 567/567/516 574/574/523 63/63/62
f 566/566/510 575/575/524 567/567/516
f 566/566/510 567/567/516 565/565/515
f 576/576/238 577/577/58 578/578/523
f 576/576/238 578/578/523 579/579/525
f 580/580/58 61/61/53 574/574/523
f 574/574/523 61/61/53 63/63/62
f 579/579/525 581/581/524 582/582/526
f 581/581/524 579/579/525 578/578/523
f 477/477/435 582/582/526 484/484/442
f 579/579/525 582/582/526 477/477/435
f 474/474/432 579/579/525 477/477/435
f 474/474/432 576/576/238 579/579/525
f 581/581/524 560/560/511 582/582/526
f 560/560/511 581/581/524 559/559/510
f 484/484/442 560/560/511 561/561/512
f 560/560/511 484/484/442 582/582/526
f 484/484/442 482/482/440 480/480/438
f 482/482/440 484/484/442 561/561/512
f 485/485/443 481/481/439 551/551/503
f 482/482/440 551/551/503 481/481/439
f 489/489/447 486/486/444 547/547/499
f 485/485/443 547/547/499 486/486/444
f 547/547/499 546/546/498 544/544/496
f 547/547/499 544/544/496 489/489/447
f 557/557/508 554/554/506 562/562/513
f 562/562/513 554/554/506 555/555/507
f 542/542/494 490/490/448 544/544/496
f 544/544/496 490/490/448 489/489/447
f 500/500/458 505/505/463 499/499/457
f 505/505/463 500/500/458 534/534/488
f 534/534/488 531/531/485 529/529/483
f 531/531/485 534/534/488 500/500/458
f 467/467/427 470/470/430 468/468/428
f 470/470/430 467/467/427 583/583/527
f 583/583/527 584/584/528 470/470/430
f 584/584/528 583/583/527 585/585/529
f 586/586/530 585/585/529 583/583/527
f 585/585/529 586/586/530 587/587/531
f 588/588/532 587/587/531 586/586/530
f 587/587/531 588/588/532 589/589/533
f 590/590/534 587/587/531 591/591/535
f 587/587/531 590/590/534 585/585/529
f 93/93/88 585/585/529 590/590/534
f 585/585/529 93/93/88 584/584/528
f 592/592/536 591/591/535 593/593/537
f 591/591/535 592/592/536 590/590/534
f 90/90/85 590/590/534 592/592/536
f 590/590/534 90/90/85 93/93/88
f 247/247/223 244/244/220 592/592/536
f 247/247/223 592/592/536 593/593/537
f 248/248/224 592/592/536 244/244/220
f 592/592/536 248/248/224 90/90/85
f 594/594/538 595/595/539 593/593/537
f 593/593/537 591/591/535 594/594/538
f 247/247/223 595/595/539 596/596/540
f 595/595/539 247/247/223 593/593/537
f 595/595/539 597/597/541 596/596/540
f 597/597/541 595/595/539 598/598/542
f 595/595/539 599/599/543 598/598/542
f 599/599/543 595/595/539 594/594/538
f 597/597/541 600/600/544 596/596/540
f 600/600/544 597/597/541 601/601/545
f 600/600/544 247/247/223 596/596/540
f 247/247/223 600/600/544 245/245/221
f 601/601/545 602/602/546 600/600/544
f 94/94/89 600/600/544 602/602/546
f 245/245/221 94/94/89 97/97/92
f 94/94/89 245/245/221 600/600/544
f 601/601/545 603/603/547 602/602/546
f 603/603/547 601/601/545 604/604/548
f 603/603/547 605/605/549 602/602/546
f 606/606/550 602/602/546 605/605/549
f 94/94/89 606/606/550 95/95/90
f 606/606/550 94/94/89 602/602/546
f 95/95/90 607/607/551 608/608/552
f 607/607/551 95/95/90 606/606/550
f 608/608/552 609/609/553 113/113/107
f 607/607/551 609/609/553 608/608/552
f 607/607/551 606/606/550 610/610/554
f 605/605/549 610/610/554 606/606/550
f 611/611/555 610/610/554 612/612/556
f 610/610/554 611/611/555 613/613/557
f 605/605/549 612/612/556 610/610/554
f 612/612/556 605/605/549 614/614/558
f 613/613/557 615/615/559 609/609/553
f 609/609/553 615/615/559 616/616/560
f 73/73/71 113/113/107 76/76/69
f 113/113/107 73/73/71 608/608/552
f 613/613/557 607/607/551 610/610/554
f 607/607/551 613/613/557 609/609/553
f 616/616/560 113/113/107 609/609/553
f 113/113/107 616/616/560 112/112/106
f 616/616/560 111/111/105 112/112/106
f 616/616/560 243/243/219 111/111/105
f 613/613/557 617/617/561 615/615/559
f 617/617/561 613/613/557 611/611/555
f 617/617/561 618/618/562 615/615/559
f 615/615/559 618/618/562 619/619/563
f 619/619/563 616/616/560 615/615/559
f 616/616/560 619/619/563 243/243/219
f 620/620/564 619/619/563 618/618/562
f 619/619/563 620/620/564 621/621/565
f 621/621/565 243/243/219 619/619/563
f 243/243/219 621/621/565 242/242/218
f 620/620/564 237/237/213 621/621/565
f 237/237/213 620/620/564 236/236/212
f 237/237/213 242/242/218 621/621/565
f 242/242/218 237/237/213 622/622/566
f 622/622/566 233/233/209 115/115/108
f 233/233/209 622/622/566 234/234/210
f 234/234/210 237/237/213 235/235/211
f 237/237/213 234/234/210 622/622/566
f 115/115/108 242/242/218 622/622/566
f 242/242/218 115/115/108 109/109/104
f 623/623/163 192/192/179 191/191/178
f 623/623/163 191/191/178 624/624/567
f 624/624/567 171/171/159 623/623/163
f 171/171/159 624/624/567 170/170/158
f 191/191/178 625/625/568 624/624/567
f 626/626/569 624/624/567 625/625/568
f 170/170/158 626/626/569 627/627/570
f 626/626/569 170/170/158 624/624/567
f 170/170/158 627/627/570 120/120/113
f 120/120/113 627/627/570 628/628/571
f 626/626/569 629/629/572 627/627/570
f 627/627/570 629/629/572 630/630/573
f 628/628/571 630/630/573 631/631/574
f 630/630/573 628/628/571 627/627/570
f 632/632/575 628/628/571 631/631/574
f 628/628/571 632/632/575 633/633/576
f 630/630/573 634/634/577 631/631/574
f 634/634/577 630/630/573 635/635/578
f 636/636/579 631/631/574 634/634/577
f 631/631/574 636/636/579 632/632/575
f 637/637/580 638/638/581 636/636/579
f 632/632/575 636/636/579 638/638/581
f 634/634/577 639/639/582 636/636/579
f 639/639/582 634/634/577 640/640/583
f 635/635/578 640/640/583 634/634/577
f 640/640/583 635/635/578 641/641/584
f 642/642/585 641/641/584 643/643/586
f 641/641/584 642/642/585 644/644/587
f 645/645/588 644/644/587 642/642/585
f 644/644/587 645/645/588 646/646/589
f 645/645/588 647/647/590 646/646/589
f 647/647/590 645/645/588 648/648/591
f 639/639/582 637/637/580 636/636/579
f 637/637/580 639/639/582 649/649/592
f 650/650/593 651/651/580 652/652/592
f 651/651/580 650/650/593 653/653/594
f 654/654/595 652/652/592 655/655/596
f 652/652/592 654/654/595 650/650/593
f 656/656/597 650/650/593 654/654/595
f 650/650/593 656/656/597 657/657/598
f 658/658/599 655/655/596 659/659/600
f 655/655/596 658/658/599 654/654/595
f 658/658/599 656/656/597 654/654/595
f 656/656/597 658/658/599 660/660/601
f 661/661/602 660/660/601 662/662/603
f 660/660/601 658/658/599 662/662/603
f 663/663/604 661/661/602 664/664/605
f 661/661/602 663/663/604 660/660/601
f 665/665/606 660/660/601 663/663/604
f 660/660/601 665/665/606 656/656/597
f 665/665/606 666/666/607 656/656/597
f 656/656/597 666/666/607 657/657/598
f 667/667/608 657/657/598 666/666/607
f 657/657/598 667/667/608 668/668/609
f 667/667/608 669/669/610 668/668/609
f 668/668/609 669/669/610 670/670/611
f 653/653/594 657/657/598 668/668/609
f 657/657/598 653/653/594 650/650/593
f 670/670/611 197/197/184 671/671/612
f 669/669/610 197/197/184 670/670/611
f 195/195/182 671/671/612 197/197/184
f 671/671/612 195/195/182 672/672/613
f 195/195/182 673/673/614 672/672/613
f 673/673/614 195/195/182 196/196/183
f 674/674/615 666/666/607 675/675/616
f 666/666/607 674/674/615 667/667/608
f 665/665/606 675/675/616 666/666/607
f 675/675/616 665/665/606 676/676/617
f 674/674/615 677/677/618 667/667/608
f 669/669/610 667/667/608 677/677/618
f 677/677/618 197/197/184 669/669/610
f 677/677/618 198/198/185 197/197/184
f 678/678/619 664/664/605 679/679/620
f 664/664/605 661/661/602 679/679/620
f 680/680/621 678/678/619 681/681/622
f 678/678/619 680/680/621 664/664/605
f 680/680/621 663/663/604 664/664/605
f 663/663/604 680/680/621 682/682/623
f 682/682/623 665/665/606 663/663/604
f 665/665/606 682/682/623 676/676/617
f 683/683/624 681/681/622 684/684/625
f 681/681/622 683/683/624 680/680/621
f 678/678/619 685/685/626 681/681/622
f 685/685/626 678/678/619 686/686/627
f 684/684/625 685/685/626 687/687/628
f 685/685/626 684/684/625 681/681/622
f 684/684/625 688/688/629 689/689/630
f 688/688/629 684/684/625 687/687/628
f 688/688/629 88/88/83 20/20/20
f 88/88/83 688/688/629 687/687/628
f 648/648/591 690/690/631 647/647/590
f 690/690/631 648/648/591 689/689/630
f 683/683/624 689/689/630 648/648/591
f 689/689/630 683/683/624 684/684/625
f 688/688/629 690/690/631 689/689/630
f 690/690/631 688/688/629 691/691/632
f 692/692/633 691/691/632 693/693/634
f 690/690/631 691/691/632 692/692/633
f 688/688/629 20/20/20 691/691/632
f 691/691/632 20/20/20 21/21/21
f 22/22/22 693/693/634 691/691/632
f 691/691/632 21/21/21 22/22/22
f 694/694/635 695/695/636 692/692/633
f 695/695/636 694/694/635 696/696/637
f 695/695/636 690/690/631 692/692/633
f 690/690/631 695/695/636 647/647/590
f 693/693/634 694/694/635 692/692/633
f 694/694/635 693/693/634 697/697/638
f 698/698/639 699/699/640 697/697/638
f 694/694/635 697/697/638 699/699/640
f 696/696/637 694/694/635 699/699/640
f 696/696/637 699/699/640 700/700/641
f 701/701/639 702/702/642 703/703/640
f 702/702/642 701/701/639 704/704/643
f 705/705/644 679/679/620 704/704/643
f 704/704/643 679/679/620 702/702/642
f 141/141/128 140/140/130 704/704/643
f 704/704/643 701/701/639 141/141/128
f 140/140/130 705/705/644 704/704/643
f 705/705/644 140/140/130 706/706/645
f 89/89/84 705/705/644 706/706/645
f 705/705/644 89/89/84 686/686/627
f 345/345/321 140/140/130 139/139/129
f 140/140/130 345/345/321 706/706/645
f 345/345/321 89/89/84 706/706/645
f 89/89/84 345/345/321 83/83/78
f 686/686/627 679/679/620 705/705/644
f 679/679/620 686/686/627 678/678/619
f 707/707/641 658/658/599 659/659/600
f 658/658/599 707/707/641 662/662/603
f 662/662/603 703/703/640 702/702/642
f 703/703/640 662/662/603 707/707/641
f 708/708/646 696/696/637 700/700/641
f 708/708/646 700/700/641 709/709/600
f 709/709/600 710/710/596 708/708/646
f 711/711/647 708/708/646 710/710/596
f 695/695/636 708/708/646 712/712/648
f 708/708/646 695/695/636 696/696/637
f 646/646/589 647/647/590 712/712/648
f 712/712/648 647/647/590 695/695/636
f 642/642/585 713/713/649 645/645/588
f 713/713/649 642/642/585 714/714/650
f 643/643/586 714/714/650 642/642/585
f 715/715/651 714/714/650 643/643/586
f 716/716/652 715/715/651 643/643/586
f 715/715/651 716/716/652 717/717/653
f 716/716/652 718/718/654 717/717/653
f 718/718/654 716/716/652 629/629/572
f 626/626/569 718/718/654 629/629/572
f 718/718/654 626/626/569 625/625/568
f 713/713/649 648/648/591 645/645/588
f 648/648/591 713/713/649 683/683/624
f 714/714/650 682/682/623 713/713/649
f 682/682/623 714/714/650 676/676/617
f 682/682/623 680/680/621 713/713/649
f 683/683/624 713/713/649 680/680/621
f 714/714/650 675/675/616 676/676/617
f 675/675/616 714/714/650 715/715/651
f 670/670/611 653/653/594 668/668/609
f 653/653/594 670/670/611 719/719/655
f 670/670/611 720/720/656 719/719/655
f 720/720/656 670/670/611 671/671/612
f 721/721/581 720/720/656 722/722/657
f 720/720/656 721/721/581 719/719/655
f 651/651/580 719/719/655 721/721/581
f 719/719/655 651/651/580 653/653/594
f 720/720/656 723/723/112 722/722/657
f 723/723/112 720/720/656 724/724/658
f 671/671/612 724/724/658 720/720/656
f 724/724/658 671/671/612 672/672/613
f 633/633/576 119/119/112 116/116/109
f 119/119/112 633/633/576 725/725/657
f 632/632/575 725/725/657 633/633/576
f 725/725/657 632/632/575 638/638/581
f 673/673/614 724/724/658 672/672/613
f 724/724/658 673/673/614 726/726/659
f 727/727/110 723/723/112 724/724/658
f 727/727/110 724/724/658 726/726/659
f 728/728/660 729/729/659 730/730/661
f 729/729/659 728/728/660 122/122/110
f 731/731/662 732/732/663 728/728/660
f 732/732/663 731/731/662 733/733/664
f 728/728/660 123/123/115 122/122/110
f 732/732/663 123/123/115 728/728/660
f 734/734/665 123/123/115 732/732/663
f 123/123/115 734/734/665 352/352/325
f 352/352/325 735/735/666 351/351/324
f 735/735/666 352/352/325 734/734/665
f 735/735/666 734/734/665 736/736/667
f 737/737/668 736/736/667 734/734/665
f 738/738/669 735/735/666 736/736/667
f 735/735/666 738/738/669 739/739/670
f 736/736/667 740/740/671 738/738/669
f 740/740/671 736/736/667 741/741/672
f 737/737/668 741/741/672 736/736/667
f 741/741/672 737/737/668 742/742/673
f 743/743/674 744/744/675 740/740/671
f 740/740/671 741/741/672 743/743/674
f 741/741/672 745/745/676 743/743/674
f 745/745/676 741/741/672 742/742/673
f 745/745/676 746/746/677 747/747/678
f 746/746/677 745/745/676 742/742/673
f 733/733/664 742/742/673 737/737/668
f 742/742/673 733/733/664 746/746/677
f 737/737/668 732/732/663 733/733/664
f 732/732/663 737/737/668 734/734/665
f 748/748/679 746/746/677 733/733/664
f 748/748/679 733/733/664 731/731/662
f 731/731/662 730/730/661 749/749/680
f 730/730/661 731/731/662 728/728/660
f 750/750/614 730/730/661 729/729/659
f 730/730/661 750/750/614 751/751/681
f 751/751/681 749/749/680 730/730/661
f 749/749/680 751/751/681 752/752/682
f 123/123/115 352/352/325 125/125/114
f 352/352/325 350/350/323 125/125/114
f 739/739/670 351/351/324 735/735/666
f 351/351/324 739/739/670 753/753/683
f 754/754/15 351/351/324 753/753/683
f 349/349/11 351/351/324 754/754/15
f 755/755/684 756/756/685 753/753/683
f 755/755/684 753/753/683 739/739/670
f 738/738/669 755/755/684 739/739/670
f 755/755/684 738/738/669 757/757/686
f 758/758/687 753/753/683 756/756/685
f 753/753/683 758/758/687 754/754/15
f 449/449/411 759/759/687 452/452/414
f 759/759/687 449/449/411 448/448/410
f 760/760/687 761/761/410 14/14/14
f 760/760/687 14/14/14 15/15/15
f 762/762/688 756/756/685 755/755/684
f 762/762/688 755/755/684 763/763/689
f 455/455/417 763/763/689 459/459/419
f 763/763/689 455/455/417 762/762/688
f 762/762/688 455/455/417 457/457/413
f 457/457/413 764/764/414 762/762/688
f 764/764/414 756/756/685 762/762/688
f 756/756/685 764/764/414 758/758/687
f 763/763/689 755/755/684 757/757/686
f 763/763/689 757/757/686 765/765/690
f 459/459/419 765/765/690 461/461/421
f 765/765/690 459/459/419 763/763/689
f 765/765/690 757/757/686 766/766/691
f 766/766/691 767/767/692 765/765/690
f 768/768/693 767/767/692 766/766/691
f 767/767/692 768/768/693 769/769/694
f 770/770/695 767/767/692 769/769/694
f 770/770/695 769/769/694 771/771/696
f 767/767/692 461/461/421 765/765/690
f 461/461/421 767/767/692 770/770/695
f 771/771/696 772/772/697 770/770/695
f 770/770/695 772/772/697 773/773/698
f 774/774/699 772/772/697 771/771/696
f 772/772/697 774/774/699 775/775/700
f 776/776/701 777/777/702 778/778/703
f 777/777/702 776/776/701 779/779/704
f 464/464/424 463/463/423 778/778/703
f 778/778/703 777/777/702 464/464/424
f 777/777/702 780/780/705 781/781/706
f 779/779/704 780/780/705 777/777/702
f 782/782/707 464/464/424 777/777/702
f 777/777/702 781/781/706 782/782/707
f 780/780/705 783/783/708 781/781/706
f 781/781/706 783/783/708 784/784/709
f 784/784/709 782/782/707 781/781/706
f 782/782/707 784/784/709 785/785/710
f 782/782/707 785/785/710 786/786/711
f 786/786/711 785/785/710 466/466/426
f 785/785/710 787/787/712 466/466/426
f 465/465/425 466/466/426 787/787/712
f 466/466/426 231/231/207 786/786/711
f 231/231/207 466/466/426 232/232/208
f 788/788/713 784/784/709 783/783/708
f 784/784/709 788/788/713 789/789/714
f 789/789/714 785/785/710 784/784/709
f 785/785/710 789/789/714 787/787/712
f 594/594/538 790/790/715 599/599/543
f 790/790/715 594/594/538 589/589/533
f 591/591/535 589/589/533 594/594/538
f 589/589/533 591/591/535 587/587/531
f 791/791/716 792/792/717 599/599/543
f 791/791/716 599/599/543 790/790/715
f 793/793/718 599/599/543 792/792/717
f 598/598/542 599/599/543 793/793/718
f 794/794/719 795/795/720 796/796/718
f 795/795/720 794/794/719 797/797/721
f 797/797/721 798/798/548 795/795/720
f 798/798/548 797/797/721 799/799/722
f 598/598/542 800/800/720 597/597/541
f 800/800/720 598/598/542 793/793/718
f 604/604/548 597/597/541 800/800/720
f 597/597/541 604/604/548 601/601/545
f 801/801/723 802/802/724 799/799/722
f 799/799/722 797/797/721 801/801/723
f 802/802/724 803/803/725 799/799/722
f 803/803/725 802/802/724 804/804/726
f 805/805/547 798/798/548 799/799/722
f 799/799/722 803/803/725 805/805/547
f 806/806/727 803/803/725 804/804/726
f 803/803/725 806/806/727 807/807/558
f 808/808/549 805/805/547 803/803/725
f 808/808/549 803/803/725 807/807/558
f 809/809/728 807/807/558 806/806/727
f 807/807/558 809/809/728 810/810/556
f 811/811/728 812/812/729 612/612/556
f 612/612/556 812/812/729 611/611/555
f 813/813/730 809/809/728 814/814/731
f 809/809/728 813/813/730 815/815/729
f 815/815/729 816/816/732 817/817/733
f 813/813/730 816/816/732 815/815/729
f 818/818/734 813/813/730 819/819/735
f 813/813/730 818/818/734 816/816/732
f 617/617/561 611/611/555 812/812/729
f 812/812/729 820/820/733 617/617/561
f 816/816/732 821/821/736 817/817/733
f 817/817/733 821/821/736 822/822/737
f 618/618/562 617/617/561 820/820/733
f 820/820/733 823/823/737 618/618/562
f 821/821/736 824/824/738 822/822/737
f 824/824/738 821/821/736 825/825/739
f 823/823/737 826/826/738 620/620/564
f 823/823/737 620/620/564 618/618/562
f 826/826/738 827/827/740 236/236/212
f 826/826/738 236/236/212 620/620/564
f 828/828/741 829/829/742 830/830/740
f 829/829/742 828/828/741 831/831/743
f 832/832/744 833/833/745 831/831/743
f 833/833/745 832/832/744 834/834/746
f 835/835/742 236/236/212 827/827/740
f 236/236/212 835/835/742 238/238/214
f 241/241/217 835/835/742 836/836/747
f 835/835/742 241/241/217 238/238/214
f 240/240/216 239/239/215 241/241/217
f 240/240/216 241/241/217 837/837/748
f 836/836/747 837/837/748 241/241/217
f 837/837/748 836/836/747 838/838/749
f 839/839/750 752/752/682 751/751/681
f 752/752/682 839/839/750 840/840/751
f 202/202/183 751/751/681 750/750/614
f 751/751/681 202/202/183 839/839/750
f 201/201/186 839/839/750 202/202/183
f 839/839/750 201/201/186 219/219/197
f 841/841/752 842/842/753 752/752/682
f 752/752/682 842/842/753 749/749/680
f 749/749/680 748/748/679 731/731/662
f 748/748/679 749/749/680 842/842/753
f 841/841/752 843/843/754 842/842/753
f 843/843/754 841/841/752 844/844/755
f 845/845/756 844/844/755 846/846/757
f 844/844/755 845/845/756 843/843/754
f 847/847/758 843/843/754 845/845/756
f 845/845/756 848/848/759 847/847/758
f 849/849/760 841/841/752 840/840/751
f 752/752/682 840/840/751 841/841/752
f 849/849/760 844/844/755 841/841/752
f 844/844/755 849/849/760 850/850/761
f 850/850/761 846/846/757 844/844/755
f 846/846/757 850/850/761 851/851/762
f 843/843/754 748/748/679 842/842/753
f 748/748/679 843/843/754 847/847/758
f 847/847/758 746/746/677 748/748/679
f 746/746/677 847/847/758 747/747/678
f 757/757/686 740/740/671 766/766/691
f 740/740/671 757/757/686 738/738/669
f 766/766/691 740/740/671 768/768/693
f 740/740/671 744/744/675 768/768/693
f 769/769/694 852/852/763 853/853/764
f 852/852/763 769/769/694 768/768/693
f 854/854/765 855/855/699 856/856/764
f 855/855/699 854/854/765 857/857/766
f 854/854/765 858/858/767 857/857/766
f 858/858/767 854/854/765 859/859/768
f 860/860/769 858/858/767 859/859/768
f 858/858/767 860/860/769 861/861/770
f 860/860/769 862/862/771 861/861/770
f 862/862/771 860/860/769 863/863/772
f 267/267/243 863/863/772 269/269/245
f 863/863/772 267/267/243 862/862/771
f 853/853/764 771/771/696 769/769/694
f 771/771/696 853/853/764 774/774/699
f 864/864/773 858/858/767 865/865/774
f 858/858/767 864/864/773 857/857/766
f 864/864/773 855/855/699 857/857/766
f 855/855/699 864/864/773 866/866/700
f 864/864/773 867/867/701 866/866/700
f 867/867/701 864/864/773 868/868/775
f 865/865/774 868/868/775 864/864/773
f 868/868/775 865/865/774 869/869/776
f 869/869/776 870/870/777 868/868/775
f 868/868/775 870/870/777 871/871/778
f 872/872/704 868/868/775 871/871/778
f 868/868/775 872/872/704 867/867/701
f 870/870/777 873/873/779 871/871/778
f 871/871/778 873/873/779 874/874/780
f 871/871/778 874/874/780 875/875/705
f 871/871/778 875/875/705 872/872/704
f 873/873/779 876/876/781 874/874/780
f 877/877/782 874/874/780 876/876/781
f 877/877/782 875/875/705 874/874/780
f 875/875/705 877/877/782 878/878/708
f 876/876/781 879/879/783 877/877/782
f 879/879/783 876/876/781 880/880/784
f 879/879/783 878/878/708 877/877/782
f 878/878/708 879/879/783 881/881/713
f 880/880/784 882/882/785 879/879/783
f 883/883/786 879/879/783 882/882/785
f 884/884/787 883/883/786 882/882/785
f 882/882/785 885/885/788 884/884/787
f 885/885/788 886/886/789 884/884/787
f 886/886/789 885/885/788 887/887/790
f 794/794/719 887/887/790 888/888/791
f 887/887/790 794/794/719 886/886/789
f 887/887/790 885/885/788 889/889/792
f 889/889/792 890/890/793 887/887/790
f 885/885/788 891/891/794 889/889/792
f 885/885/788 882/882/785 891/891/794
f 880/880/784 891/891/794 882/882/785
f 891/891/794 880/880/784 892/892/795
f 888/888/791 890/890/793 893/893/796
f 890/890/793 888/888/791 887/887/790
f 890/890/793 894/894/797 895/895/798
f 894/894/797 890/890/793 889/889/792
f 889/889/792 896/896/799 894/894/797
f 896/896/799 889/889/792 891/891/794
f 891/891/794 897/897/800 896/896/799
f 897/897/800 891/891/794 892/892/795
f 898/898/801 881/881/713 879/879/783
f 879/879/783 883/883/786 898/898/801
f 899/899/716 898/898/801 884/884/787
f 898/898/801 883/883/786 884/884/787
f 790/790/715 900/900/802 901/901/801
f 901/901/801 791/791/716 790/790/715
f 788/788/713 900/900/802 789/789/714
f 900/900/802 788/788/713 901/901/801
f 884/884/787 902/902/717 899/899/716
f 902/902/717 884/884/787 886/886/789
f 886/886/789 794/794/719 796/796/718
f 796/796/718 902/902/717 886/886/789
f 903/903/803 801/801/723 888/888/791
f 903/903/803 888/888/791 893/893/796
f 801/801/723 794/794/719 888/888/791
f 794/794/719 801/801/723 797/797/721
f 904/904/804 905/905/805 37/37/37
f 905/905/805 904/904/804 906/906/806
f 906/906/806 907/907/807 908/908/808
f 907/907/807 906/906/806 904/904/804
f 804/804/726 905/905/805 906/906/806
f 905/905/805 804/804/726 802/802/724
f 802/802/724 903/903/803 905/905/805
f 903/903/803 802/802/724 801/801/723
f 893/893/796 36/36/36 903/903/803
f 36/36/36 893/893/796 34/34/34
f 36/36/36 905/905/805 903/903/803
f 905/905/805 36/36/36 37/37/37
f 806/806/727 906/906/806 908/908/808
f 906/906/806 806/806/727 804/804/726
f 909/909/809 910/910/810 819/819/735
f 911/911/811 910/910/810 909/909/809
f 912/912/812 910/910/810 911/911/811
f 913/913/813 912/912/812 911/911/811
f 914/914/814 912/912/812 913/913/813
f 295/295/271 914/914/814 913/913/813
f 819/819/735 814/814/731 909/909/809
f 814/814/731 819/819/735 813/813/730
f 910/910/810 915/915/815 819/819/735
f 819/819/735 915/915/815 818/818/734
f 915/915/815 916/916/816 818/818/734
f 917/917/817 818/818/734 916/916/816
f 816/816/732 917/917/817 821/821/736
f 917/917/817 816/816/732 818/818/734
f 916/916/816 918/918/818 917/917/817
f 918/918/818 916/916/816 919/919/819
f 919/919/819 920/920/820 918/918/818
f 921/921/821 918/918/818 920/920/820
f 921/921/821 825/825/739 918/918/818
f 825/825/739 921/921/821 828/828/741
f 922/922/822 923/923/823 920/920/820
f 923/923/823 922/922/822 133/133/123
f 825/825/739 828/828/741 824/824/738
f 824/824/738 828/828/741 830/830/740
f 825/825/739 821/821/736 917/917/817
f 825/825/739 917/917/817 918/918/818
f 832/832/744 920/920/820 923/923/823
f 920/920/820 832/832/744 921/921/821
f 831/831/743 828/828/741 921/921/821
f 831/831/743 921/921/821 832/832/744
f 834/834/746 923/923/823 924/924/824
f 923/923/823 834/834/746 832/832/744
f 925/925/825 834/834/746 926/926/826
f 834/834/746 925/925/825 833/833/745
f 927/927/749 928/928/747 833/833/745
f 833/833/745 925/925/825 927/927/749
f 926/926/826 929/929/827 925/925/825
f 929/929/827 926/926/826 930/930/828
f 831/831/743 928/928/747 829/829/742
f 928/928/747 831/831/743 833/833/745
f 931/931/762 927/927/749 925/925/825
f 931/931/762 925/925/825 929/929/827
f 929/929/827 932/932/757 931/931/762
f 932/932/757 929/929/827 933/933/829
f 837/837/748 851/851/762 850/850/761
f 851/851/762 837/837/748 838/838/749
f 933/933/829 934/934/756 932/932/757
f 934/934/756 933/933/829 935/935/830
f 935/935/830 936/936/831 934/934/756
f 934/934/756 936/936/831 937/937/759
f 936/936/831 938/938/832 937/937/759
f 938/938/832 936/936/831 939/939/833
f 747/747/678 847/847/758 848/848/759
f 848/848/759 940/940/832 747/747/678
f 941/941/834 939/939/833 942/942/835
f 939/939/833 941/941/834 938/938/832
f 943/943/834 747/747/678 940/940/832
f 747/747/678 943/943/834 745/745/676
f 943/943/834 743/743/674 745/745/676
f 743/743/674 943/943/834 944/944/836
f 944/944/836 744/744/675 743/743/674
f 744/744/675 944/944/836 945/945/837
f 852/852/763 744/744/675 945/945/837
f 744/744/675 852/852/763 768/768/693
f 942/942/835 946/946/838 941/941/834
f 947/947/836 941/941/834 946/946/838
f 948/948/837 947/947/836 949/949/839
f 947/947/836 946/946/838 949/949/839
f 950/950/840 951/951/841 949/949/839
f 949/949/839 946/946/838 950/950/840
f 952/952/842 949/949/839 953/953/843
f 953/953/843 949/949/839 951/951/841
f 951/951/841 954/954/844 953/953/843
f 954/954/844 951/951/841 955/955/845
f 956/956/763 949/949/839 952/952/842
f 949/949/839 956/956/763 948/948/837
f 859/859/768 953/953/843 860/860/769
f 860/860/769 953/953/843 954/954/844
f 854/854/765 953/953/843 859/859/768
f 953/953/843 854/854/765 952/952/842
f 952/952/842 854/854/765 856/856/764
f 856/856/764 956/956/763 952/952/842
f 957/957/846 863/863/772 860/860/769
f 860/860/769 954/954/844 957/957/846
f 862/862/771 958/958/847 861/861/770
f 958/958/847 862/862/771 959/959/848
f 865/865/774 858/858/767 861/861/770
f 861/861/770 958/958/847 865/865/774
f 959/959/848 960/960/849 958/958/847
f 960/960/849 959/959/848 290/290/266
f 869/869/776 865/865/774 958/958/847
f 958/958/847 960/960/849 869/869/776
f 961/961/850 869/869/776 960/960/849
f 869/869/776 961/961/850 870/870/777
f 961/961/850 289/289/265 962/962/851
f 289/289/265 961/961/850 288/288/264
f 288/288/264 960/960/849 290/290/266
f 960/960/849 288/288/264 961/961/850
f 870/870/777 962/962/851 873/873/779
f 962/962/851 870/870/777 961/961/850
f 289/289/265 963/963/852 962/962/851
f 964/964/853 962/962/851 963/963/852
f 963/963/852 892/892/795 964/964/853
f 892/892/795 963/963/852 897/897/800
f 964/964/853 873/873/779 962/962/851
f 873/873/779 964/964/853 876/876/781
f 880/880/784 876/876/781 964/964/853
f 880/880/784 964/964/853 892/892/795
f 965/965/854 894/894/797 966/966/855
f 894/894/797 896/896/799 966/966/855
f 895/895/798 965/965/854 967/967/856
f 965/965/854 895/895/798 894/894/797
f 34/34/34 967/967/856 35/35/35
f 967/967/856 34/34/34 895/895/798
f 893/893/796 895/895/798 34/34/34
f 895/895/798 893/893/796 890/890/793
f 35/35/35 299/299/275 302/302/278
f 299/299/275 35/35/35 967/967/856
f 967/967/856 965/965/854 300/300/276
f 967/967/856 300/300/276 299/299/275
f 303/303/279 904/904/804 302/302/278
f 904/904/804 303/303/279 907/907/807
f 35/35/35 302/302/278 37/37/37
f 302/302/278 904/904/804 37/37/37
f 965/965/854 966/966/855 968/968/857
f 965/965/854 968/968/857 300/300/276
f 968/968/857 969/969/858 970/970/859
f 968/968/857 971/971/860 969/969/858
f 971/971/860 972/972/861 969/969/858
f 973/973/862 969/969/858 972/972/861
f 300/300/276 970/970/859 296/296/272
f 970/970/859 300/300/276 968/968/857
f 966/966/855 971/971/860 968/968/857
f 971/971/860 966/966/855 974/974/863
f 896/896/799 897/897/800 974/974/863
f 896/896/799 974/974/863 966/966/855
f 975/975/864 897/897/800 963/963/852
f 897/897/800 975/975/864 974/974/863
f 974/974/863 975/975/864 972/972/861
f 974/974/863 972/972/861 971/971/860
f 285/285/261 973/973/862 972/972/861
f 973/973/862 285/285/261 292/292/268
f 287/287/263 972/972/861 975/975/864
f 972/972/861 287/287/263 285/285/261
f 289/289/265 975/975/864 963/963/852
f 975/975/864 289/289/265 287/287/263
f 291/291/267 284/284/260 286/286/262
f 284/284/260 291/291/267 283/283/259
f 264/264/240 274/274/250 283/283/259
f 274/274/250 264/264/240 263/263/239
f 268/268/244 283/283/259 291/291/267
f 283/283/259 268/268/244 264/264/240
f 268/268/244 290/290/266 959/959/848
f 290/290/266 268/268/244 291/291/267
f 292/292/268 976/976/865 973/973/862
f 976/976/865 292/292/268 294/294/270
f 976/976/865 977/977/866 973/973/862
f 969/969/858 973/973/862 977/977/866
f 978/978/867 979/979/865 980/980/868
f 979/979/865 978/978/867 981/981/866
f 978/978/867 982/982/869 981/981/866
f 982/982/869 978/978/867 983/983/870
f 970/970/859 969/969/858 977/977/866
f 970/970/859 977/977/866 984/984/869
f 985/985/871 986/986/274 982/982/869
f 985/985/871 982/982/869 983/983/870
f 298/298/274 970/970/859 984/984/869
f 970/970/859 298/298/274 296/296/272
f 986/986/274 987/987/872 988/988/273
f 987/987/872 986/986/274 985/985/871
f 988/988/273 989/989/873 990/990/874
f 989/989/873 988/988/273 987/987/872
f 989/989/873 991/991/875 990/990/874
f 990/990/874 991/991/875 992/992/876
f 993/993/876 914/914/814 994/994/874
f 914/914/814 993/993/876 995/995/877
f 995/995/877 996/996/878 997/997/879
f 993/993/876 996/996/878 995/995/877
f 914/914/814 295/295/271 994/994/874
f 297/297/273 994/994/874 295/295/271
f 910/910/810 998/998/880 915/915/815
f 998/998/880 910/910/810 912/912/812
f 912/912/812 995/995/877 998/998/880
f 995/995/877 912/912/812 914/914/814
f 999/999/881 997/997/879 1000/1000/882
f 997/997/879 999/999/881 1001/1001/883
f 999/999/881 916/916/816 1001/1001/883
f 916/916/816 999/999/881 919/919/819
f 919/919/819 922/922/822 920/920/820
f 922/922/822 919/919/819 999/999/881
f 1000/1000/882 922/922/822 999/999/881
f 922/922/822 1000/1000/882 1002/1002/884
f 133/133/123 1002/1002/884 131/131/121
f 1002/1002/884 133/133/123 922/922/822
f 924/924/824 133/133/123 132/132/122
f 133/133/123 924/924/824 923/923/823
f 1003/1003/885 129/129/119 126/126/116
f 129/129/119 1003/1003/885 132/132/122
f 930/930/828 1004/1004/886 1005/1005/887
f 1004/1004/886 930/930/828 926/926/826
f 1006/1006/888 930/930/828 1005/1005/887
f 930/930/828 1006/1006/888 1007/1007/889
f 1008/1008/890 1007/1007/889 1006/1006/888
f 1007/1007/889 1008/1008/890 1009/1009/891
f 933/933/829 1009/1009/891 935/935/830
f 1009/1009/891 933/933/829 1007/1007/889
f 930/930/828 1007/1007/889 929/929/827
f 933/933/829 929/929/827 1007/1007/889
f 1008/1008/890 1010/1010/892 1009/1009/891
f 1009/1009/891 1010/1010/892 1011/1011/893
f 936/936/831 935/935/830 1009/1009/891
f 1009/1009/891 1011/1011/893 936/936/831
f 1010/1010/892 1012/1012/894 1011/1011/893
f 1012/1012/894 1010/1010/892 1013/1013/895
f 939/939/833 936/936/831 1011/1011/893
f 939/939/833 1011/1011/893 1012/1012/894
f 1013/1013/895 1014/1014/896 1012/1012/894
f 1014/1014/896 1013/1013/895 1015/1015/897
f 942/942/835 939/939/833 1012/1012/894
f 942/942/835 1012/1012/894 1014/1014/896
f 946/946/838 942/942/835 1014/1014/896
f 946/946/838 1014/1014/896 950/950/840
f 955/955/845 1016/1016/898 1017/1017/899
f 1016/1016/898 1018/1018/900 1017/1017/899
f 950/950/840 955/955/845 951/951/841
f 955/955/845 950/950/840 1016/1016/898
f 1018/1018/900 1019/1019/901 1017/1017/899
f 1019/1019/901 1018/1018/900 1020/1020/902
f 1019/1019/901 1020/1020/902 281/281/257
f 1019/1019/901 281/281/257 272/272/248
f 957/957/846 955/955/845 1017/1017/899
f 955/955/845 957/957/846 954/954/844
f 271/271/247 277/277/253 272/272/248
f 277/277/253 1019/1019/901 272/272/248
f 1021/1021/903 1022/1022/904 1023/1023/905
f 1021/1021/903 1023/1023/905 282/282/258
f 1024/1024/906 1022/1022/904 1021/1021/903
f 1022/1022/904 1024/1024/906 1025/1025/907
f 1015/1015/897 1013/1013/895 1025/1025/907
f 1015/1015/897 1025/1025/907 1024/1024/906
f 1026/1026/908 1008/1008/890 1027/1027/909
f 1008/1008/890 1026/1026/908 1010/1010/892
f 1026/1026/908 1013/1013/895 1010/1010/892
f 1013/1013/895 1026/1026/908 1025/1025/907
f 1028/1028/910 1025/1025/907 1026/1026/908
f 1025/1025/907 1028/1028/910 1022/1022/904
f 1022/1022/904 1029/1029/911 1023/1023/905
f 1029/1029/911 1022/1022/904 1028/1028/910
f 1027/1027/909 1028/1028/910 1026/1026/908
f 1030/1030/912 1028/1028/910 1027/1027/909
f 1028/1028/910 1031/1031/913 1029/1029/911
f 1031/1031/913 1028/1028/910 1030/1030/912
f 51/51/51 1031/1031/913 1030/1030/912
f 51/51/51 1030/1030/912 49/49/49
f 49/49/49 1027/1027/909 1032/1032/914
f 1027/1027/909 49/49/49 1030/1030/912
f 1032/1032/914 1027/1027/909 1006/1006/888
f 1027/1027/909 1008/1008/890 1006/1006/888
f 280/280/256 1033/1033/915 278/278/254
f 1033/1033/915 280/280/256 1034/1034/916
f 1034/1034/916 1035/1035/917 1033/1033/915
f 1035/1035/917 1034/1034/916 1036/1036/918
f 1023/1023/905 1036/1036/918 1034/1034/916
f 1036/1036/918 1023/1023/905 1029/1029/911
f 1037/1037/919 1035/1035/917 1036/1036/918
f 1036/1036/918 1038/1038/920 1037/1037/919
f 1029/1029/911 1038/1038/920 1036/1036/918
f 1038/1038/920 1029/1029/911 1031/1031/913
f 1038/1038/920 134/134/124 1037/1037/919
f 134/134/124 1038/1038/920 50/50/50
f 51/51/51 1038/1038/920 1031/1031/913
f 50/50/50 1038/1038/920 51/51/51
f 52/52/52 128/128/118 50/50/50
f 128/128/118 52/52/52 126/126/116
f 52/52/52 49/49/49 1032/1032/914
f 1032/1032/914 1039/1039/921 52/52/52
f 1006/1006/888 1039/1039/921 1032/1032/914
f 1039/1039/921 1006/1006/888 1005/1005/887
f 282/282/258 1023/1023/905 1034/1034/916
f 1034/1034/916 280/280/256 282/282/258
f 1040/1040/922 1041/1041/923 1042/1042/915
f 1040/1040/922 1042/1042/915 1043/1043/917
f 1044/1044/254 1041/1041/923 1045/1045/924
f 1041/1041/923 1044/1044/254 1042/1042/915
f 1045/1045/924 1046/1046/255 1044/1044/254
f 1046/1046/255 1045/1045/924 1047/1047/925
f 1047/1047/925 1048/1048/269 1046/1046/255
f 1048/1048/269 1047/1047/925 1049/1049/926
f 1048/1048/269 1050/1050/927 1051/1051/270
f 1050/1050/927 1048/1048/269 1049/1049/926
f 1051/1051/270 980/980/868 979/979/865
f 980/980/868 1051/1051/270 1050/1050/927
f 1050/1050/927 1049/1049/926 1052/1052/928
f 1053/1053/929 1052/1052/928 1049/1049/926
f 1054/1054/930 1055/1055/931 983/983/870
f 1054/1054/930 983/983/870 978/978/867
f 985/985/871 1055/1055/931 1056/1056/932
f 1055/1055/931 985/985/871 983/983/870
f 987/987/872 985/985/871 1057/1057/933
f 985/985/871 1056/1056/932 1057/1057/933
f 1057/1057/933 1058/1058/934 987/987/872
f 989/989/873 987/987/872 1058/1058/934
f 1058/1058/934 1059/1059/935 989/989/873
f 989/989/873 1059/1059/935 991/991/875
f 1060/1060/936 1061/1061/878 1062/1062/937
f 1061/1061/878 1060/1060/936 1063/1063/938
f 991/991/875 1062/1062/937 992/992/876
f 1062/1062/937 1061/1061/878 992/992/876
f 1000/1000/882 997/997/879 996/996/878
f 1000/1000/882 996/996/878 1064/1064/938
f 1065/1065/939 1060/1060/936 1066/1066/940
f 1060/1060/936 1065/1065/939 1063/1063/938
f 1002/1002/884 1000/1000/882 1064/1064/938
f 1002/1002/884 1064/1064/938 1067/1067/939
f 1068/1068/120 1066/1066/940 1069/1069/941
f 1066/1066/940 1068/1068/120 1065/1065/939
f 131/131/121 1002/1002/884 1067/1067/939
f 131/131/121 1067/1067/939 130/130/120
f 1070/1070/117 1069/1069/941 1071/1071/942
f 1069/1069/941 1070/1070/117 1068/1068/120
f 1072/1072/124 1073/1073/117 1074/1074/942
f 1074/1074/942 1075/1075/943 1072/1072/124
f 1076/1076/919 1072/1072/124 1075/1075/943
f 1075/1075/943 1077/1077/944 1076/1076/919
f 1077/1077/944 1043/1043/917 1076/1076/919
f 1043/1043/917 1077/1077/944 1040/1040/922
f 1078/1078/945 1079/1079/946 1041/1041/923
f 1078/1078/945 1041/1041/923 1040/1040/922
f 1045/1045/924 1079/1079/946 1080/1080/947
f 1079/1079/946 1045/1045/924 1041/1041/923
f 1047/1047/925 1080/1080/947 1081/1081/948
f 1080/1080/947 1047/1047/925 1045/1045/924
f 1049/1049/926 1081/1081/948 1053/1053/929
f 1081/1081/948 1049/1049/926 1047/1047/925
f 1050/1050/927 1082/1082/949 980/980/868
f 1082/1082/949 1050/1050/927 1052/1052/928
f 1083/1083/950 1082/1082/949 1084/1084/951
f 1082/1082/949 1083/1083/950 1054/1054/930
f 1082/1082/949 1054/1054/930 980/980/868
f 1054/1054/930 978/978/867 980/980/868
f 1083/1083/950 1055/1055/931 1054/1054/930
f 1055/1055/931 1083/1083/950 1085/1085/952
f 1056/1056/932 1085/1085/952 1086/1086/953
f 1085/1085/952 1056/1056/932 1055/1055/931
f 1057/1057/933 1056/1056/932 1087/1087/954
f 1056/1056/932 1086/1086/953 1087/1087/954
f 1087/1087/954 1088/1088/955 1057/1057/933
f 1057/1057/933 1088/1088/955 1058/1058/934
f 1088/1088/955 1089/1089/956 1058/1058/934
f 1058/1058/934 1089/1089/956 1059/1059/935
f 1089/1089/956 1090/1090/957 1059/1059/935
f 1090/1090/957 1089/1089/956 1091/1091/958
f 1090/1090/957 991/991/875 1059/1059/935
f 991/991/875 1090/1090/957 1062/1062/937
f 1060/1060/936 1090/1090/957 1092/1092/959
f 1090/1090/957 1060/1060/936 1062/1062/937
f 1066/1066/940 1092/1092/959 1093/1093/960
f 1092/1092/959 1066/1066/940 1060/1060/936
f 1094/1094/961 1069/1069/941 1093/1093/960
f 1069/1069/941 1066/1066/940 1093/1093/960
f 1094/1094/961 1071/1071/942 1069/1069/941
f 1071/1071/942 1094/1094/961 1095/1095/962
f 1096/1096/962 1075/1075/943 1074/1074/942
f 1075/1075/943 1096/1096/962 1097/1097/963
f 1097/1097/963 1077/1077/944 1075/1075/943
f 1077/1077/944 1097/1097/963 1098/1098/964
f 1077/1077/944 1098/1098/964 1040/1040/922
f 1098/1098/964 1078/1078/945 1040/1040/922
f 1099/1099/965 1100/1100/966 1078/1078/945
f 1099/1099/965 1078/1078/945 1098/1098/964
f 1100/1100/966 1079/1079/946 1078/1078/945
f 1079/1079/946 1100/1100/966 1101/1101/967
f 1080/1080/947 1079/1079/946 1102/1102/968
f 1102/1102/968 1079/1079/946 1101/1101/967
f 1081/1081/948 1102/1102/968 1103/1103/969
f 1102/1102/968 1081/1081/948 1080/1080/947
f 1103/1103/969 1053/1053/929 1081/1081/948
f 1053/1053/929 1103/1103/969 1104/1104/970
f 1105/1105/971 1106/1106/972 1104/1104/970
f 1104/1104/970 1103/1103/969 1105/1105/971
f 1107/1107/973 1106/1106/972 1108/1108/974
f 1106/1106/972 1107/1107/973 1104/1104/970
f 1053/1053/929 1107/1107/973 1052/1052/928
f 1107/1107/973 1053/1053/929 1104/1104/970
f 1109/1109/975 1107/1107/973 1108/1108/974
f 1107/1107/973 1109/1109/975 1084/1084/951
f 1052/1052/928 1084/1084/951 1082/1082/949
f 1084/1084/951 1052/1052/928 1107/1107/973
f 1110/1110/976 1108/1108/974 343/343/319
f 1108/1108/974 1110/1110/976 1109/1109/975
f 1110/1110/976 1111/1111/977 1109/1109/975
f 1111/1111/977 1110/1110/976 1112/1112/978
f 1113/1113/979 1112/1112/978 1110/1110/976
f 1114/1114/980 1112/1112/978 1113/1113/979
f 1114/1114/980 1115/1115/981 1116/1116/982
f 1115/1115/981 1114/1114/980 1113/1113/979
f 1117/1117/983 1114/1114/980 1116/1116/982
f 1114/1114/980 1117/1117/983 1118/1118/984
f 1111/1111/977 1084/1084/951 1109/1109/975
f 1084/1084/951 1111/1111/977 1083/1083/950
f 1112/1112/978 1119/1119/985 1111/1111/977
f 1119/1119/985 1112/1112/978 1120/1120/986
f 1111/1111/977 1119/1119/985 1085/1085/952
f 1111/1111/977 1085/1085/952 1083/1083/950
f 1120/1120/986 1121/1121/987 1119/1119/985
f 1121/1121/987 1120/1120/986 1122/1122/988
f 1119/1119/985 1121/1121/987 1086/1086/953
f 1119/1119/985 1086/1086/953 1085/1085/952
f 1122/1122/988 1123/1123/989 1121/1121/987
f 1123/1123/989 1122/1122/988 1124/1124/990
f 1086/1086/953 1123/1123/989 1087/1087/954
f 1123/1123/989 1086/1086/953 1121/1121/987
f 1125/1125/991 1123/1123/989 1124/1124/990
f 1123/1123/989 1125/1125/991 1126/1126/992
f 1126/1126/992 1087/1087/954 1123/1123/989
f 1087/1087/954 1126/1126/992 1088/1088/955
f 1088/1088/955 1127/1127/993 1089/1089/956
f 1127/1127/993 1088/1088/955 1126/1126/992
f 1127/1127/993 1128/1128/994 1129/1129/995
f 1130/1130/996 1128/1128/994 1127/1127/993
f 1130/1130/996 1131/1131/997 1128/1128/994
f 1131/1131/997 1130/1130/996 1132/1132/998
f 1133/1133/999 1132/1132/998 1134/1134/1000
f 1132/1132/998 1133/1133/999 1131/1131/997
f 1091/1091/958 1089/1089/956 1127/1127/993
f 1127/1127/993 1129/1129/995 1091/1091/958
f 1135/1135/1001 1129/1129/995 1128/1128/994
f 1129/1129/995 1135/1135/1001 1136/1136/1002
f 1137/1137/1003 1136/1136/1002 1138/1138/1004
f 1139/1139/1005 1137/1137/1003 1138/1138/1004
f 1091/1091/958 1129/1129/995 1137/1137/1003
f 1129/1129/995 1136/1136/1002 1137/1137/1003
f 1093/1093/960 1137/1137/1003 1139/1139/1005
f 1137/1137/1003 1093/1093/960 1092/1092/959
f 1092/1092/959 1090/1090/957 1137/1137/1003
f 1091/1091/958 1137/1137/1003 1090/1090/957
f 1094/1094/961 1139/1139/1005 1140/1140/1006
f 1139/1139/1005 1094/1094/961 1093/1093/960
f 1095/1095/962 1140/1140/1006 1141/1141/1007
f 1140/1140/1006 1095/1095/962 1094/1094/961
f 1142/1142/1007 1097/1097/963 1096/1096/962
f 1097/1097/963 1142/1142/1007 1143/1143/1008
f 1142/1142/1007 1144/1144/1009 1143/1143/1008
f 1143/1143/1008 1144/1144/1009 1145/1145/1010
f 1099/1099/965 1145/1145/1010 1146/1146/1011
f 1145/1145/1010 1099/1099/965 1143/1143/1008
f 1098/1098/964 1097/1097/963 1143/1143/1008
f 1143/1143/1008 1099/1099/965 1098/1098/964
f 1146/1146/1011 1147/1147/1012 1148/1148/1013
f 1145/1145/1010 1147/1147/1012 1146/1146/1011
f 1144/1144/1009 1147/1147/1012 1145/1145/1010
f 1147/1147/1012 1144/1144/1009 1149/1149/1014
f 1150/1150/1015 1148/1148/1013 1151/1151/1016
f 1148/1148/1013 1150/1150/1015 1146/1146/1011
f 1100/1100/966 1099/1099/965 1146/1146/1011
f 1146/1146/1011 1150/1150/1015 1100/1100/966
f 1152/1152/1017 1151/1151/1016 1153/1153/1018
f 1151/1151/1016 1152/1152/1017 1150/1150/1015
f 1152/1152/1017 1100/1100/966 1150/1150/1015
f 1100/1100/966 1152/1152/1017 1101/1101/967
f 1153/1153/1018 1154/1154/1019 1152/1152/1017
f 1154/1154/1019 1153/1153/1018 1155/1155/1020
f 1156/1156/1021 1155/1155/1020 1153/1153/1018
f 1155/1155/1020 1156/1156/1021 1157/1157/1022
f 1153/1153/1018 1158/1158/1023 1156/1156/1021
f 1158/1158/1023 1153/1153/1018 1151/1151/1016
f 1154/1154/1019 1101/1101/967 1152/1152/1017
f 1101/1101/967 1154/1154/1019 1102/1102/968
f 339/339/315 1155/1155/1020 1157/1157/1022
f 1155/1155/1020 339/339/315 1159/1159/1024
f 340/340/316 342/342/318 1159/1159/1024
f 340/340/316 1159/1159/1024 339/339/315
f 342/342/318 1105/1105/971 1159/1159/1024
f 1105/1105/971 342/342/318 1106/1106/972
f 343/343/319 1106/1106/972 342/342/318
f 1106/1106/972 343/343/319 1108/1108/974
f 1113/1113/979 338/338/314 1115/1115/981
f 338/338/314 1113/1113/979 341/341/317
f 1113/1113/979 1110/1110/976 341/341/317
f 341/341/317 1110/1110/976 343/343/319
f 1118/1118/984 1120/1120/986 1114/1114/980
f 1114/1114/980 1120/1120/986 1112/1112/978
f 1160/1160/1025 1161/1161/1026 1118/1118/984
f 1160/1160/1025 1118/1118/984 1117/1117/983
f 1162/1162/1027 1160/1160/1025 1117/1117/983
f 1160/1160/1025 1162/1162/1027 1163/1163/1028
f 1161/1161/1026 1120/1120/986 1118/1118/984
f 1120/1120/986 1161/1161/1026 1122/1122/988
f 1122/1122/988 1161/1161/1026 1124/1124/990
f 1161/1161/1026 1164/1164/1029 1124/1124/990
f 1164/1164/1029 1160/1160/1025 1165/1165/1030
f 1160/1160/1025 1164/1164/1029 1161/1161/1026
f 1165/1165/1030 1166/1166/1031 1164/1164/1029
f 1166/1166/1031 1165/1165/1030 1167/1167/1032
f 1124/1124/990 1164/1164/1029 1125/1125/991
f 1164/1164/1029 1166/1166/1031 1125/1125/991
f 1167/1167/1032 1132/1132/998 1166/1166/1031
f 1132/1132/998 1167/1167/1032 1134/1134/1000
f 1133/1133/999 1168/1168/1033 1131/1131/997
f 1169/1169/1034 1131/1131/997 1168/1168/1033
f 1128/1128/994 1169/1169/1034 1135/1135/1001
f 1169/1169/1034 1128/1128/994 1131/1131/997
f 1170/1170/1035 1169/1169/1034 1171/1171/1036
f 1169/1169/1034 1168/1168/1033 1171/1171/1036
f 1172/1172/1037 1135/1135/1001 1169/1169/1034
f 1169/1169/1034 1170/1170/1035 1172/1172/1037
f 1173/1173/1038 1170/1170/1035 1174/1174/1039
f 1170/1170/1035 1173/1173/1038 1172/1172/1037
f 1175/1175/1040 1138/1138/1004 1172/1172/1037
f 1175/1175/1040 1172/1172/1037 1173/1173/1038
f 1138/1138/1004 1135/1135/1001 1172/1172/1037
f 1135/1135/1001 1138/1138/1004 1136/1136/1002
f 1176/1176/1009 1173/1173/1038 1177/1177/1014
f 1173/1173/1038 1176/1176/1009 1175/1175/1040
f 1140/1140/1006 1176/1176/1009 1141/1141/1007
f 1176/1176/1009 1140/1140/1006 1175/1175/1040
f 1139/1139/1005 1175/1175/1040 1140/1140/1006
f 1175/1175/1040 1139/1139/1005 1138/1138/1004
f 1173/1173/1038 1174/1174/1039 1177/1177/1014
f 1177/1177/1014 1174/1174/1039 1178/1178/1041
f 1147/1147/1012 1149/1149/1014 1179/1179/1042
f 1149/1149/1014 1180/1180/1041 1179/1179/1042
f 1181/1181/1043 1179/1179/1042 1182/1182/1044
f 1179/1179/1042 1183/1183/1045 1182/1182/1044
f 1180/1180/1041 1183/1183/1045 1179/1179/1042
f 1183/1183/1045 1180/1180/1041 1184/1184/1046
f 1147/1147/1012 1181/1181/1043 1148/1148/1013
f 1181/1181/1043 1147/1147/1012 1179/1179/1042
f 1182/1182/1044 1185/1185/1047 1181/1181/1043
f 1158/1158/1023 1181/1181/1043 1185/1185/1047
f 1185/1185/1047 1156/1156/1021 1158/1158/1023
f 1156/1156/1021 1185/1185/1047 1186/1186/1048
f 1186/1186/1048 1157/1157/1022 1156/1156/1021
f 1157/1157/1022 1186/1186/1048 1187/1187/1049
f 1148/1148/1013 1158/1158/1023 1151/1151/1016
f 1158/1158/1023 1148/1148/1013 1181/1181/1043
f 1187/1187/1049 1186/1186/1048 1188/1188/1050
f 1187/1187/1049 1188/1188/1050 1189/1189/1051
f 337/337/313 1189/1189/1051 335/335/311
f 1189/1189/1051 337/337/313 1187/1187/1049
f 1157/1157/1022 337/337/313 339/339/315
f 337/337/313 1157/1157/1022 1187/1187/1049
f 1189/1189/1051 1188/1188/1050 1190/1190/1052
f 1189/1189/1051 1190/1190/1052 1191/1191/1053
f 334/334/310 1192/1192/1054 1193/1193/1055
f 1192/1192/1054 334/334/310 1191/1191/1053
f 311/311/287 1193/1193/1055 314/314/290
f 1193/1193/1055 1192/1192/1054 314/314/290
f 1194/1194/1056 314/314/290 1192/1192/1054
f 314/314/290 1194/1194/1056 317/317/293
f 311/311/287 1195/1195/1057 1193/1193/1055
f 1195/1195/1057 311/311/287 1196/1196/1058
f 1196/1196/1058 1115/1115/981 1195/1195/1057
f 1115/1115/981 1196/1196/1058 1116/1116/982
f 332/332/308 1193/1193/1055 1195/1195/1057
f 1193/1193/1055 332/332/308 334/334/310
f 338/338/314 1195/1195/1057 1115/1115/981
f 1195/1195/1057 338/338/314 332/332/308
f 1162/1162/1027 311/311/287 313/313/289
f 311/311/287 1162/1162/1027 1196/1196/1058
f 1116/1116/982 1162/1162/1027 1117/1117/983
f 1162/1162/1027 1116/1116/982 1196/1196/1058
f 1163/1163/1028 313/313/289 315/315/291
f 313/313/289 1163/1163/1028 1162/1162/1027
f 330/330/306 315/315/291 328/328/304
f 315/315/291 330/330/306 1163/1163/1028
f 1165/1165/1030 1163/1163/1028 330/330/306
f 1163/1163/1028 1165/1165/1030 1160/1160/1025
f 304/304/280 317/317/293 1194/1194/1056
f 317/317/293 304/304/280 325/325/301
f 305/305/281 1194/1194/1056 1190/1190/1052
f 1194/1194/1056 305/305/281 304/304/280
f 310/310/286 1190/1190/1052 1188/1188/1050
f 1190/1190/1052 310/310/286 305/305/281
f 1186/1186/1048 310/310/286 1188/1188/1050
f 310/310/286 1186/1186/1048 1185/1185/1047
f 1182/1182/1044 310/310/286 1185/1185/1047
f 310/310/286 1182/1182/1044 309/309/285
f 309/309/285 1183/1183/1045 308/308/284
f 1183/1183/1045 309/309/285 1182/1182/1044
f 308/308/284 1184/1184/1046 1197/1197/1059
f 1184/1184/1046 308/308/284 1183/1183/1045
f 326/326/302 321/321/297 319/319/295
f 321/321/297 326/326/302 1198/1198/1059
f 307/307/283 1197/1197/1059 1199/1199/302
f 1197/1197/1059 307/307/283 308/308/284
f 1198/1198/1059 1200/1200/1046 1201/1201/1060
f 1198/1198/1059 1201/1201/1060 321/321/297
f 321/321/297 1201/1201/1060 320/320/296
f 1201/1201/1060 1171/1171/1036 320/320/296
f 1168/1168/1033 320/320/296 1171/1171/1036
f 320/320/296 1168/1168/1033 318/318/294
f 1133/1133/999 1202/1202/1061 1168/1168/1033
f 1168/1168/1033 1202/1202/1061 318/318/294
f 324/324/300 1202/1202/1061 331/331/307
f 1202/1202/1061 324/324/300 323/323/299
f 323/323/299 318/318/294 1202/1202/1061
f 318/318/294 323/323/299 319/319/295
f 331/331/307 1133/1133/999 1134/1134/1000
f 1133/1133/999 331/331/307 1202/1202/1061
f 329/329/305 1134/1134/1000 1167/1167/1032
f 1134/1134/1000 329/329/305 331/331/307
f 330/330/306 329/329/305 1167/1167/1032
f 1167/1167/1032 1165/1165/1030 330/330/306
f 126/126/116 52/52/52 1039/1039/921
f 1039/1039/921 1003/1003/885 126/126/116
f 959/959/848 267/267/243 268/268/244
f 267/267/243 959/959/848 862/862/771
f 303/303/279 913/913/813 911/911/811
f 913/913/813 303/303/279 301/301/277
f 295/295/271 301/301/277 296/296/272
f 301/301/277 295/295/271 913/913/813
f 674/674/615 715/715/651 717/717/653
f 715/715/651 674/674/615 675/675/616
f 716/716/652 643/643/586 635/635/578
f 643/643/586 641/641/584 635/635/578
f 1203/1203/1062 640/640/583 641/641/584
f 641/641/584 644/644/587 1203/1203/1062
f 629/629/572 716/716/652 630/630/573
f 630/630/573 716/716/652 635/635/578
f 194/194/181 625/625/568 191/191/178
f 625/625/568 194/194/181 198/198/185
f 677/677/618 625/625/568 198/198/185
f 625/625/568 677/677/618 718/718/654
f 674/674/615 718/718/654 677/677/618
f 718/718/654 674/674/615 717/717/653
f 640/640/583 711/711/647 639/639/582
f 711/711/647 640/640/583 1203/1203/1062
f 1203/1203/1062 646/646/589 712/712/648
f 646/646/589 1203/1203/1062 644/644/587
f 661/661/602 702/702/642 679/679/620
f 702/702/642 661/661/602 662/662/603
f 686/686/627 89/89/84 685/685/626
f 87/87/82 685/685/626 89/89/84
f 628/628/571 116/116/109 120/120/113
f 116/116/109 628/628/571 633/633/576
f 14/14/14 443/443/407 442/442/406
f 443/443/407 14/14/14 761/761/410
f 1204/1204/1063 12/12/12 442/442/406
f 442/442/406 12/12/12 14/14/14
f 1204/1204/1063 439/439/404 407/407/375
f 439/439/404 1204/1204/1063 442/442/406
f 12/12/12 1205/1205/1064 10/10/10
f 1205/1205/1064 12/12/12 1204/1204/1063
f 407/407/375 1205/1205/1064 1204/1204/1063
f 1205/1205/1064 407/407/375 405/405/373
f 373/373/344 1205/1205/1064 405/405/373
f 1205/1205/1064 373/373/344 1206/1206/1065
f 346/346/322 1205/1205/1064 1206/1206/1065
f 1205/1205/1064 346/346/322 10/10/10
f 435/435/400 368/368/339 367/367/338
f 367/367/338 436/436/401 435/435/400
f 366/366/337 368/368/339 365/365/336
f 365/365/336 368/368/339 1207/1207/1066
f 1207/1207/1066 435/435/400 434/434/399
f 435/435/400 1207/1207/1066 368/368/339
f 372/372/343 369/369/340 361/361/332
f 361/361/332 369/369/340 366/366/337
f 358/358/329 373/373/344 372/372/343
f 373/373/344 358/358/329 1206/1206/1065
f 358/358/329 346/346/322 1206/1206/1065
f 346/346/322 358/358/329 353/353/326
f 361/361/332 358/358/329 372/372/343
f 358/358/329 361/361/332 357/357/328
f 1207/1207/1066 434/434/399 374/374/345
f 434/434/399 1208/1208/1067 374/374/345
f 396/396/364 393/393/361 430/430/392
f 393/393/361 396/396/364 392/392/360
f 322/322/298 328/328/304 316/316/292
f 328/328/304 315/315/291 316/316/292
f 304/304/280 1199/1199/302 325/325/301
f 1199/1199/302 304/304/280 307/307/283
f 276/276/252 279/279/255 293/293/269
f 279/279/255 276/276/252 275/275/251
f 258/258/234 254/254/230 256/256/232
f 254/254/230 258/258/234 255/255/231
f 8/8/8 255/255/231 258/258/234
f 255/255/231 8/8/8 7/7/7
f 31/31/31 5/5/5 6/6/6
f 5/5/5 31/31/31 251/251/227
f 1209/1209/1068 98/98/93 99/99/94
f 98/98/93 1209/1209/1068 248/248/224
f 1209/1209/1068 90/90/85 248/248/224
f 90/90/85 1209/1209/1068 91/91/86
f 56/56/56 91/91/86 1209/1209/1068
f 91/91/86 56/56/56 57/57/57
f 57/57/57 92/92/87 91/91/86
f 57/57/57 261/261/237 92/92/87
f 584/584/528 92/92/87 261/261/237
f 92/92/87 584/584/528 93/93/88
f 584/584/528 471/471/431 470/470/430
f 471/471/431 584/584/528 261/261/237
f 471/471/431 262/262/238 472/472/432
f 262/262/238 471/471/431 261/261/237
f 60/60/60 75/75/68 1210/1210/1069
f 75/75/68 60/60/60 59/59/59
f 70/70/68 69/69/67 1211/1211/1069
f 1211/1211/1069 69/69/67 1212/1212/1070
f 1213/1213/157 1212/1212/1070 1214/1214/156
f 1212/1212/1070 1213/1213/157 1211/1211/1069
f 69/69/67 1215/1215/1071 1212/1212/1070
f 1215/1215/1071 69/69/67 1216/1216/1072
f 1217/1217/1073 1214/1214/156 1212/1212/1070
f 1212/1212/1070 1215/1215/1071 1217/1217/1073
f 1215/1215/1071 1218/1218/1074 1217/1217/1073
f 1218/1218/1074 1215/1215/1071 1219/1219/1075
f 1220/1220/1076 1221/1221/1073 1222/1222/1074
f 1221/1221/1073 1220/1220/1076 1223/1223/1077
f 1223/1223/1077 167/167/155 1221/1221/1073
f 168/168/156 1221/1221/1073 167/167/155
f 1220/1220/1076 1224/1224/1078 1223/1223/1077
f 1224/1224/1078 1220/1220/1076 1225/1225/1079
f 167/167/155 1223/1223/1077 78/78/73
f 1223/1223/1077 1224/1224/1078 78/78/73
f 1226/1226/1080 80/80/75 1224/1224/1078
f 1224/1224/1078 80/80/75 78/78/73
f 1227/1227/1081 1228/1228/1082 1229/1229/1083
f 1228/1228/1082 1227/1227/1081 1230/1230/1084
f 1231/1231/1085 1230/1230/1084 1227/1227/1081
f 1232/1232/1086 1230/1230/1084 1231/1231/1085
f 1233/1233/1087 1232/1232/1086 1231/1231/1085
f 1232/1232/1086 1233/1233/1087 1234/1234/1088
f 1235/1235/1089 1230/1230/1084 1236/1236/1090
f 1230/1230/1084 1235/1235/1089 1228/1228/1082
f 1235/1235/1089 108/108/103 1228/1228/1082
f 108/108/103 1235/1235/1089 72/72/70
f 1236/1236/1090 1237/1237/1091 1235/1235/1089
f 1237/1237/1091 1236/1236/1090 1238/1238/1092
f 1236/1236/1090 1239/1239/1093 1238/1238/1092
f 1239/1239/1093 1236/1236/1090 1240/1240/1094
f 1237/1237/1091 72/72/70 1235/1235/1089
f 72/72/70 1237/1237/1091 68/68/66
f 1241/1241/1095 1216/1216/1072 1237/1237/1091
f 1237/1237/1091 1238/1238/1092 1241/1241/1095
f 68/68/66 1216/1216/1072 69/69/67
f 1216/1216/1072 68/68/66 1237/1237/1091
f 1242/1242/1096 1219/1219/1075 1241/1241/1095
f 1241/1241/1095 1243/1243/1097 1242/1242/1096
f 1244/1244/1098 1242/1242/1096 1243/1243/1097
f 1242/1242/1096 1244/1244/1098 1245/1245/1099
f 1216/1216/1072 1219/1219/1075 1215/1215/1071
f 1219/1219/1075 1216/1216/1072 1241/1241/1095
f 1219/1219/1075 1246/1246/1100 1218/1218/1074
f 1246/1246/1100 1219/1219/1075 1242/1242/1096
f 1247/1247/1101 1246/1246/1100 1242/1242/1096
f 1242/1242/1096 1245/1245/1099 1247/1247/1101
f 1222/1222/1074 1248/1248/1102 1220/1220/1076
f 1248/1248/1102 1222/1222/1074 1249/1249/1100
f 1250/1250/1103 1249/1249/1100 1251/1251/1101
f 1249/1249/1100 1250/1250/1103 1248/1248/1102
f 1250/1250/1103 1252/1252/1104 1248/1248/1102
f 1252/1252/1104 1250/1250/1103 1253/1253/1105
f 1252/1252/1104 1225/1225/1079 1248/1248/1102
f 1220/1220/1076 1248/1248/1102 1225/1225/1079
f 1254/1254/1106 1252/1252/1104 1253/1253/1105
f 1252/1252/1104 1254/1254/1106 1255/1255/1107
f 1255/1255/1107 1225/1225/1079 1252/1252/1104
f 1225/1225/1079 1255/1255/1107 1256/1256/1108
f 1233/1233/1087 1255/1255/1107 1254/1254/1106
f 1255/1255/1107 1233/1233/1087 1231/1231/1085
f 1231/1231/1085 1227/1227/1081 1255/1255/1107
f 1255/1255/1107 1227/1227/1081 1256/1256/1108
f 1232/1232/1086 1236/1236/1090 1230/1230/1084
f 1236/1236/1090 1232/1232/1086 1240/1240/1094
f 1240/1240/1094 1234/1234/1088 1257/1257/1109
f 1234/1234/1088 1240/1240/1094 1232/1232/1086
f 1258/1258/1110 1240/1240/1094 1257/1257/1109
f 1258/1258/1110 1239/1239/1093 1240/1240/1094
f 1239/1239/1093 1241/1241/1095 1238/1238/1092
f 1241/1241/1095 1239/1239/1093 1243/1243/1097
f 1239/1239/1093 1258/1258/1110 1243/1243/1097
f 1258/1258/1110 1244/1244/1098 1243/1243/1097
f 1257/1257/1109 1259/1259/1111 1258/1258/1110
f 1259/1259/1111 1257/1257/1109 1260/1260/1112
f 1261/1261/1113 1260/1260/1112 1262/1262/1114
f 1261/1261/1113 1262/1262/1114 1263/1263/1115
f 1264/1264/1116 1263/1263/1115 1265/1265/1117
f 1263/1263/1115 1264/1264/1116 1261/1261/1113
f 1259/1259/1111 1244/1244/1098 1258/1258/1110
f 1244/1244/1098 1259/1259/1111 1266/1266/1118
f 1267/1267/1119 1266/1266/1118 1259/1259/1111
f 1266/1266/1118 1267/1267/1119 1268/1268/1120
f 1269/1269/1121 1268/1268/1120 1270/1270/1122
f 1268/1268/1120 1269/1269/1121 1271/1271/1123
f 1267/1267/1119 1270/1270/1122 1268/1268/1120
f 1270/1270/1122 1267/1267/1119 1272/1272/1124
f 1273/1273/1125 1268/1268/1120 1271/1271/1123
f 1268/1268/1120 1273/1273/1125 1266/1266/1118
f 1273/1273/1125 1271/1271/1123 1274/1274/1126
f 1274/1274/1126 1275/1275/1127 1273/1273/1125
f 1271/1271/1123 1269/1269/1121 1274/1274/1126
f 1274/1274/1126 1269/1269/1121 1276/1276/1128
f 1277/1277/1129 1251/1251/1101 1278/1278/1127
f 1251/1251/1101 1277/1277/1129 1250/1250/1103
f 1279/1279/1130 1280/1280/1131 1277/1277/1129
f 1280/1280/1131 1279/1279/1130 1281/1281/1132
f 1279/1279/1130 1282/1282/1133 1281/1281/1132
f 1282/1282/1133 1279/1279/1130 1283/1283/1134
f 1250/1250/1103 1277/1277/1129 1253/1253/1105
f 1280/1280/1131 1253/1253/1105 1277/1277/1129
f 1284/1284/1135 1280/1280/1131 1281/1281/1132
f 1280/1280/1131 1284/1284/1135 1285/1285/1136
f 1253/1253/1105 1285/1285/1136 1254/1254/1106
f 1285/1285/1136 1253/1253/1105 1280/1280/1131
f 1286/1286/1137 1285/1285/1136 1284/1284/1135
f 1285/1285/1136 1286/1286/1137 1287/1287/1138
f 1288/1288/1139 1286/1286/1137 1284/1284/1135
f 1286/1286/1137 1288/1288/1139 1289/1289/1140
f 1290/1290/1141 1289/1289/1140 1288/1288/1139
f 1289/1289/1140 1290/1290/1141 1291/1291/1142
f 1287/1287/1138 1254/1254/1106 1285/1285/1136
f 1254/1254/1106 1287/1287/1138 1233/1233/1087
f 1262/1262/1114 1234/1234/1088 1287/1287/1138
f 1287/1287/1138 1234/1234/1088 1233/1233/1087
f 1257/1257/1109 1262/1262/1114 1260/1260/1112
f 1262/1262/1114 1257/1257/1109 1234/1234/1088
f 1267/1267/1119 1264/1264/1116 1272/1272/1124
f 1264/1264/1116 1267/1267/1119 1261/1261/1113
f 1267/1267/1119 1260/1260/1112 1261/1261/1113
f 1260/1260/1112 1267/1267/1119 1259/1259/1111
f 1264/1264/1116 1292/1292/1143 1272/1272/1124
f 1293/1293/1144 1272/1272/1124 1292/1292/1143
f 1294/1294/1145 1293/1293/1144 1292/1292/1143
f 1293/1293/1144 1294/1294/1145 1295/1295/1146
f 1296/1296/1147 1270/1270/1122 1272/1272/1124
f 1272/1272/1124 1293/1293/1144 1296/1296/1147
f 1297/1297/1148 1269/1269/1121 1270/1270/1122
f 1270/1270/1122 1296/1296/1147 1297/1297/1148
f 1276/1276/1128 1297/1297/1148 1298/1298/1149
f 1297/1297/1148 1276/1276/1128 1269/1269/1121
f 1299/1299/1128 1300/1300/1149 1301/1301/1150
f 1299/1299/1128 1301/1301/1150 1283/1283/1134
f 1283/1283/1134 1302/1302/1126 1299/1299/1128
f 1302/1302/1126 1283/1283/1134 1279/1279/1130
f 1279/1279/1130 1278/1278/1127 1302/1302/1126
f 1278/1278/1127 1279/1279/1130 1277/1277/1129
f 1283/1283/1134 1301/1301/1150 1303/1303/1151
f 1283/1283/1134 1303/1303/1151 1282/1282/1133
f 1288/1288/1139 1303/1303/1151 1290/1290/1141
f 1303/1303/1151 1288/1288/1139 1282/1282/1133
f 1284/1284/1135 1282/1282/1133 1288/1288/1139
f 1282/1282/1133 1284/1284/1135 1281/1281/1132
f 1265/1265/1117 1291/1291/1142 1304/1304/1152
f 1291/1291/1142 1265/1265/1117 1289/1289/1140
f 1305/1305/1153 1304/1304/1152 1306/1306/1154
f 1304/1304/1152 1291/1291/1142 1306/1306/1154
f 1294/1294/1145 1304/1304/1152 1305/1305/1153
f 1294/1294/1145 1292/1292/1143 1304/1304/1152
f 1265/1265/1117 1292/1292/1143 1264/1264/1116
f 1292/1292/1143 1265/1265/1117 1304/1304/1152
f 1305/1305/1153 182/182/169 1294/1294/1145
f 181/181/168 1294/1294/1145 182/182/169
f 185/185/172 1295/1295/1146 1294/1294/1145
f 185/185/172 1294/1294/1145 181/181/168
f 1307/1307/1155 185/185/172 1308/1308/1156
f 185/185/172 1307/1307/1155 1295/1295/1146
f 1293/1293/1144 1307/1307/1155 1296/1296/1147
f 1307/1307/1155 1293/1293/1144 1295/1295/1146
f 1309/1309/1157 1310/1310/1158 1307/1307/1155
f 1307/1307/1155 1308/1308/1156 1309/1309/1157
f 1296/1296/1147 1310/1310/1158 1297/1297/1148
f 1310/1310/1158 1296/1296/1147 1307/1307/1155
f 1311/1311/1159 1312/1312/1160 1310/1310/1158
f 1310/1310/1158 1309/1309/1157 1311/1311/1159
f 1297/1297/1148 1310/1310/1158 1298/1298/1149
f 1298/1298/1149 1310/1310/1158 1312/1312/1160
f 1313/1313/1159 1314/1314/1161 1315/1315/1160
f 1314/1314/1161 1313/1313/1159 1316/1316/1162
f 1314/1314/1161 1301/1301/1150 1315/1315/1160
f 1300/1300/1149 1315/1315/1160 1301/1301/1150
f 1317/1317/1163 1314/1314/1161 1316/1316/1162
f 1314/1314/1161 1317/1317/1163 1318/1318/1164
f 1318/1318/1164 1303/1303/1151 1314/1314/1161
f 1301/1301/1150 1314/1314/1161 1303/1303/1151
f 1319/1319/1165 1317/1317/1163 1320/1320/1166
f 1317/1317/1163 1319/1319/1165 1318/1318/1164
f 1290/1290/1141 1318/1318/1164 1319/1319/1165
f 1318/1318/1164 1290/1290/1141 1303/1303/1151
f 1320/1320/1166 1306/1306/1154 1319/1319/1165
f 1306/1306/1154 1320/1320/1166 1321/1321/1167
f 1291/1291/1142 1319/1319/1165 1306/1306/1154
f 1319/1319/1165 1291/1291/1142 1290/1290/1141
f 1321/1321/1167 26/26/26 184/184/171
f 26/26/26 1321/1321/1167 1320/1320/1166
f 1306/1306/1154 182/182/169 1305/1305/1153
f 182/182/169 1306/1306/1154 1321/1321/1167
f 177/177/164 1321/1321/1167 184/184/171
f 1321/1321/1167 177/177/164 182/182/169
f 183/183/170 26/26/26 23/23/23
f 26/26/26 183/183/170 184/184/171
f 24/24/24 26/26/26 1320/1320/1166
f 1320/1320/1166 1317/1317/1163 24/24/24
f 1316/1316/1162 24/24/24 1317/1317/1163
f 24/24/24 1316/1316/1162 29/29/29
f 186/186/173 1316/1316/1162 1313/1313/1159
f 1316/1316/1162 186/186/173 29/29/29
f 1309/1309/1157 186/186/173 1311/1311/1159
f 186/186/173 1309/1309/1157 187/187/174
f 1308/1308/1156 187/187/174 1309/1309/1157
f 187/187/174 1308/1308/1156 188/188/175
f 185/185/172 180/180/167 1308/1308/1156
f 1308/1308/1156 180/180/167 188/188/175
f 183/183/170 28/28/28 190/190/177
f 28/28/28 183/183/170 23/23/23
f 186/186/173 190/190/177 28/28/28
f 190/190/177 186/186/173 187/187/174
f 149/149/138 146/146/135 156/156/144
f 155/155/143 156/156/144 146/146/135
f 145/145/134 155/155/143 146/146/135
f 155/155/143 145/145/134 48/48/48
f 152/152/141 46/46/46 150/150/139
f 150/150/139 46/46/46 47/47/47
f 145/145/134 150/150/139 48/48/48
f 150/150/139 47/47/47 48/48/48
f 16/16/16 142/142/131 19/19/19
f 142/142/131 136/136/126 19/19/19
f 19/19/19 135/135/125 22/22/22
f 135/135/125 19/19/19 136/136/126
f 65/65/63 103/103/98 66/66/64
f 103/103/98 65/65/63 101/101/96
f 20/20/20 86/86/81 18/18/18
f 86/86/81 20/20/20 88/88/83
f 685/685/626 88/88/83 687/687/628
f 88/88/83 685/685/626 87/87/82
f 84/84/79 18/18/18 86/86/81
f 18/18/18 84/84/79 16/16/16
f 837/837/748 850/850/761 240/240/216
f 849/849/760 240/240/216 850/850/761
f 849/849/760 220/220/198 240/240/216
f 220/220/198 849/849/760 840/840/751
f 840/840/751 219/219/197 220/220/198
f 219/219/197 840/840/751 839/839/750
f 995/995/877 997/997/879 998/998/880
f 1001/1001/883 998/998/880 997/997/879
f 1001/1001/883 915/915/815 998/998/880
f 915/915/815 1001/1001/883 916/916/816
f 60/60/60 203/203/63 55/55/55
f 203/203/63 60/60/60 206/206/188
f 206/206/188 60/60/60 1210/1210/1069
f 209/209/157 206/206/188 1210/1210/1069
f 163/163/151 230/230/206 161/161/149
f 230/230/206 163/163/151 231/231/207
f 161/161/149 230/230/206 226/226/203
f 226/226/203 224/224/201 161/161/149
f 231/231/207 163/163/151 165/165/153
f 165/165/153 786/786/711 231/231/207
f 224/224/201 159/159/147 161/161/149
f 159/159/147 224/224/201 225/225/202
f 464/464/424 786/786/711 165/165/153
f 786/786/711 464/464/424 782/782/707
f 374/374/345 379/379/350 376/376/347
f 379/379/350 374/374/345 1208/1208/1067
f 1208/1208/1067 381/381/352 379/379/350
f 381/381/352 1208/1208/1067 431/431/396
f 1208/1208/1067 432/432/397 431/431/396
f 432/432/397 1208/1208/1067 434/434/399
f 493/493/451 491/491/449 541/541/493
f 491/491/449 493/493/451 495/495/453
f 541/541/493 498/498/456 493/493/451
f 498/498/456 541/541/493 539/539/491
f 539/539/491 500/500/458 498/498/456
f 500/500/458 539/539/491 531/531/485
f 465/465/425 583/583/527 467/467/427
f 465/465/425 586/586/530 583/583/527
f 787/787/712 586/586/530 465/465/425
f 586/586/530 787/787/712 588/588/532
f 900/900/802 787/787/712 789/789/714
f 787/787/712 900/900/802 588/588/532
f 588/588/532 790/790/715 589/589/533
f 790/790/715 588/588/532 900/900/802
f 461/461/421 773/773/698 462/462/422
f 773/773/698 461/461/421 770/770/695
f 463/463/423 773/773/698 772/772/697
f 772/772/697 778/778/703 463/463/423
f 775/775/700 778/778/703 772/772/697
f 778/778/703 775/775/700 776/776/701
f 814/814/731 806/806/727 908/908/808
f 806/806/727 814/814/731 809/809/728
f 908/908/808 909/909/809 814/814/731
f 909/909/809 908/908/808 907/907/807
f 907/907/807 911/911/811 909/909/809
f 911/911/811 907/907/807 303/303/279
f 1005/1005/887 1003/1003/885 1039/1039/921
f 1003/1003/885 1005/1005/887 1004/1004/886
f 1004/1004/886 132/132/122 1003/1003/885
f 132/132/122 1004/1004/886 924/924/824
f 926/926/826 924/924/824 1004/1004/886
f 924/924/824 926/926/826 834/834/746
f 1015/1015/897 950/950/840 1014/1014/896
f 950/950/840 1015/1015/897 1016/1016/898
f 1016/1016/898 1015/1015/897 1024/1024/906
f 1016/1016/898 1024/1024/906 1018/1018/900
f 1021/1021/903 1018/1018/900 1024/1024/906
f 1018/1018/900 1021/1021/903 1020/1020/902
f 1020/1020/902 1021/1021/903 282/282/258
f 1020/1020/902 282/282/258 281/281/257
f 59/59/59 73/73/71 75/75/68
f 73/73/71 59/59/59 100/100/95
f 100/100/95 608/608/552 73/73/71
f 608/608/552 100/100/95 95/95/90
f 100/100/95 54/54/54 99/99/94
f 54/54/54 100/100/95 59/59/59
f 54/54/54 56/56/56 1209/1209/1068
f 54/54/54 1209/1209/1068 99/99/94
f 375/375/346 444/444/408 364/364/335
f 362/362/333 364/364/335 444/444/408
f 364/364/335 1207/1207/1066 374/374/345
f 365/365/336 1207/1207/1066 364/364/335
f 462/462/422 164/164/152 460/460/420
f 460/460/420 164/164/152 162/162/150
f 164/164/152 773/773/698 463/463/423
f 773/773/698 164/164/152 462/462/422
f 487/487/445 573/573/522 483/483/441
f 478/478/436 483/483/441 573/573/522
f 102/102/97 573/573/522 103/103/98
f 102/102/97 478/478/436 573/573/522
f 711/711/647 649/649/592 639/639/582
f 649/649/592 711/711/647 710/710/596
f 711/711/647 712/712/648 708/708/646
f 712/712/648 711/711/647 1203/1203/1062
f 22/22/22 697/697/638 693/693/634
f 697/697/638 22/22/22 135/135/125
f 697/697/638 138/138/128 698/698/639
f 135/135/125 138/138/128 697/697/638
f 957/957/846 1017/1017/899 277/277/253
f 277/277/253 1017/1017/899 1019/1019/901
f 277/277/253 863/863/772 957/957/846
f 863/863/772 277/277/253 269/269/245
f 1130/1130/996 1126/1126/992 1125/1125/991
f 1126/1126/992 1130/1130/996 1127/1127/993
f 1166/1166/1031 1132/1132/998 1130/1130/996
f 1125/1125/991 1166/1166/1031 1130/1130/996
f 1159/1159/1024 1105/1105/971 1154/1154/1019
f 1159/1159/1024 1154/1154/1019 1155/1155/1020
f 1154/1154/1019 1103/1103/969 1102/1102/968
f 1103/1103/969 1154/1154/1019 1105/1105/971
f 335/335/311 1191/1191/1053 334/334/310
f 1191/1191/1053 335/335/311 1189/1189/1051
f 1191/1191/1053 1194/1194/1056 1192/1192/1054
f 1191/1191/1053 1190/1190/1052 1194/1194/1056
f 1178/1178/1041 1174/1174/1039 1201/1201/1060
f 1178/1178/1041 1201/1201/1060 1200/1200/1046
f 1201/1201/1060 1170/1170/1035 1171/1171/1036
f 1174/1174/1039 1170/1170/1035 1201/1201/1060
f 1225/1225/1079 1226/1226/1080 1224/1224/1078
f 1226/1226/1080 1225/1225/1079 1256/1256/1108
f 1226/1226/1080 82/82/77 80/80/75
f 1229/1229/1083 82/82/77 1226/1226/1080
f 1256/1256/1108 1229/1229/1083 1226/1226/1080
f 1229/1229/1083 1256/1256/1108 1227/1227/1081
f 1229/1229/1083 108/108/103 82/82/77
f 108/108/103 1229/1229/1083 1228/1228/1082
f 1244/1244/1098 1266/1266/1118 1245/1245/1099
f 1266/1266/1118 1273/1273/1125 1245/1245/1099
f 1275/1275/1127 1245/1245/1099 1273/1273/1125
f 1245/1245/1099 1275/1275/1127 1247/1247/1101
f 1286/1286/1137 1262/1262/1114 1287/1287/1138
f 1262/1262/1114 1286/1286/1137 1263/1263/1115
f 1286/1286/1137 1265/1265/1117 1263/1263/1115
f 1265/1265/1117 1286/1286/1137 1289/1289/1140
# Vertices: 1321, normals: 1167, texture coordinates: 1321, faces: 2330
