# File generated by FabConvert.com - Free Image and 3D model conversion tools

mtllib mtl/patrick_house2.mtl

o obj1
v 0.0814928 249.62556458 -5.16172695
v 0.08021344 249.96824646 -3.86697197
v 2.01387477 249.96824646 -3.34953666
v 2.66236401 249.62556458 -4.47018719
v 0.08149312 247.96002197 -5.16301107
v 3.43103695 249.96824646 -1.93237102
v 2.66300297 247.96002197 -4.47129774
v 0.09977252 246.96261597 -4.65567255
v 4.55169249 249.62556458 -2.58086085
v 3.94847584 249.96824646 -0.00127596
v 2.39350438 246.96261597 -4.04106903
v 0.09719612 236.30728149 -3.42431879
v 4.55279922 247.96002197 -2.58150291
v 5.24323225 249.62556458 6.81E-06
v 3.43103743 249.96824646 1.9323858
v 4.55169344 249.62556458 2.58087397
v 2.01387525 249.96824646 3.34955001
v 5.24451447 247.96002197 6.35E-06
v 4.10429621 246.96261597 -2.34366179
v 1.80725324 236.30728149 -2.95769668
v 2.6623652 249.62556458 4.47020054
v 0.08277735 249.96824646 3.8669858
v 4.55279922 247.96002197 2.58151507
v 4.73717356 246.96261597 0.01828344
v 0.08149419 249.62556458 5.16174221
v -1.85088384 249.96824646 3.34955072
v 2.66300631 247.96002197 4.47131109
v -2.49937296 249.62556458 4.47020102
v -3.26676774 249.96824646 1.9346081
v 1.92584801 230.91444397 -3.19450617
v 0.08149664 230.91444397 -3.68869853
v 3.03919768 236.30728149 -1.72575378
v 4.12257195 246.96261597 2.31201601
v 0.08149451 247.96002197 5.16302443
v -4.38869715 249.62556458 2.58087468
v -3.78548384 249.96824646 0.00129078
v 2.39350748 225.65196228 -4.04107428
v 0.06322136 225.65197754 -4.65567827
v 3.50582051 236.30728149 -0.01569636
v 2.39350915 246.96261597 4.04107952
v -2.5000155 247.96002197 4.47131205
v -5.08024073 249.62556458 7.88E-06
v -3.26805186 249.96824646 -1.93236971
v 2.6630075 224.65455627 -4.47130442
v 0.08149765 224.65455627 -5.16301632
v 3.0548985 236.30728149 1.69856822
v 0.09977377 246.96261597 4.65568447
v -4.38980627 247.96002197 2.58151507
v -4.38869762 249.62556458 -2.58085895
v -1.85310864 249.96824646 -3.34825253
v 2.66236615 222.98901367 -4.47019434
v 0.08149799 222.98898315 -5.16173506
v 0.08149811 222.64120483 -4.76227045
v 2.46263337 222.64120483 -4.12424803
v 4.55169439 222.98898315 -2.58086824
v 4.20574713 222.64120483 -2.38113523
v 4.55280352 224.65455627 -2.58150887
v 5.2432375 222.98898315 -3.8E-07
v 4.8437705 222.64120483 -4.2E-07
v 4.12257576 225.65196228 -2.31201005
v 5.24451733 224.65455627 7E-08
v 4.55169487 222.98898315 2.58086658
v 4.2057476 222.64120483 2.38113475
v 3.27600718 230.91444397 -1.84434843
v 4.73717833 225.65197754 0.01827807
v 3.77020049 230.91444397 1.89E-06
v 4.55280447 224.65455627 2.58150887
v 2.66236758 222.98898315 4.47019243
v 2.46263456 222.64120483 4.12424612
v 4.12257624 225.65197754 2.312011
v 3.27600789 230.91444397 1.84435225
v 0.08149938 222.98898315 5.16173506
v 0.08149938 222.64120483 4.76226997
v 2.66300869 224.65455627 4.47130442
v 2.39350867 225.65196228 4.04107428
v 1.92584884 230.91444397 3.19451046
v -2.49936795 222.98898315 4.47019434
v -2.29963589 222.64120483 4.12424707
v 0.08149904 224.65455627 5.16301727
v -4.38869381 222.98898315 2.58086705
v -4.04274797 222.64120483 2.38113499
v 0.06322163 225.65196228 4.65567875
v -2.50001001 224.65455627 4.47130537
v 1.8072542 236.30728149 2.95770288
v -5.08023548 222.98898315 7E-07
v -4.68077183 222.64120483 5.7E-07
v 0.08149763 230.91444397 3.68870306
v -2.26216865 225.65196228 4.02279806
v -4.38980436 224.65455627 2.58150959
v 0.06579605 236.30728149 3.4243257
v -4.38869524 222.98901367 -2.58086634
v -4.0427494 222.64120483 -2.38113403
v -1.76285183 230.91444397 3.19451046
v -3.94129825 225.65196228 2.34366822
v -5.08151817 224.65455627 1.16E-06
v -2.26217365 246.96261597 4.02280331
v -2.49936914 222.98901367 -4.47019243
v -2.29963708 222.64120483 -4.1242466
v -1.64426112 236.30728149 2.95770359
v -3.11301017 230.91444397 1.84435284
v -4.38980627 224.65455627 -2.58150697
v -4.57417965 225.65196228 -0.01827636
v -3.95957828 246.96261597 2.31201696
v 0.08149799 222.98898315 -5.16173506
v 0.08149811 222.64120483 -4.76227045
v -2.50001216 224.65455627 -4.47130299
v 0.08149765 224.65455627 -5.16301632
v -2.89190316 236.30728149 1.69856846
v -3.60720348 230.91444397 2.68E-06
v -3.94129896 225.65196228 -2.34366584
v -2.23051333 225.65197754 -4.04107285
v 0.06322136 225.65197754 -4.65567827
v -3.11301041 230.91444397 -1.84434712
v -1.76285446 230.91444397 -3.19450569
v 0.08149664 230.91444397 -3.68869853
v -3.34282565 236.30728149 0.01570383
v -4.57418489 246.96261597 -0.01827025
v -1.64426208 236.30728149 -2.95769596
v 0.09719612 236.30728149 -3.42431879
v 0.09977252 246.96261597 -4.65567255
v -2.87620306 236.30728149 -1.72575319
v -2.26217461 246.96261597 -4.02278996
v 0.08149312 247.96002197 -5.16301107
v -3.95957899 246.96261597 -2.3120029
v -2.50001478 247.96002197 -4.47129631
v 0.0814928 249.62556458 -5.16172695
v -5.08152246 247.96002197 7.45E-06
v -4.38980722 247.96002197 -2.58150148
v -2.49937439 249.62556458 -4.47018576
v 0.08021344 249.96824646 -3.86697197
v 0.08150233 195.65682983 -5.16174221
v 2.39347506 195.27557373 -4.00446844
v 0.08149853 195.27557373 -4.62396049
v 2.66237044 195.65682983 -4.47020197
v 0.08150199 197.3223877 -5.16302443
v 4.08595991 195.27557373 -2.31198382
v 2.66301203 197.3223877 -4.47131205
v 0.06322471 198.3197937 -4.65568495
v 4.55169725 195.65682983 -2.5808754
v 4.70545197 195.27557373 -7.76E-06
v 2.39351296 198.3197937 -4.04108143
v 0.08150098 203.58226013 -3.68870616
v 5.2432394 195.65682983 -7.72E-06
v 4.08596039 195.27557373 2.31196809
v 4.55280685 197.3223877 -2.58151627
v 1.9258523 203.58226013 -3.19451356
v 0.09720047 208.97509766 -3.42432594
v 4.55170059 195.65682983 2.58085942
v 2.39347601 195.27557373 4.00445271
v 5.24452066 197.3223877 -7.27E-06
v 4.1225791 198.3197937 -2.31201768
v 2.66237187 195.65682983 4.47018528
v 0.08149879 195.27557373 4.62394524
v 4.55280972 197.3223877 2.58150148
v 4.73718357 198.3197937 0.01827073
v 3.27601051 203.58226013 -1.84435582
v 1.80725861 208.97509766 -2.95770383
v 0.08150371 195.65682983 5.16172743
v -2.23047686 195.27557373 4.00445318
v 2.66301227 197.3223877 4.47129631
v 4.12257719 198.3197937 2.31200361
v 3.77020383 203.58226013 -5.46E-06
v -2.49936366 195.65682983 4.47018671
v -3.92296243 195.27557373 2.31196833
v 0.08150338 197.3223877 5.16300917
v 2.39351416 198.3197937 4.04106712
v -4.38869047 195.65682983 2.58086014
v -4.54245472 195.27557373 -6.75E-06
v -2.50000548 197.3223877 4.47129726
v -5.08023214 195.65682983 -6.65E-06
v -3.92296362 195.27557373 -2.31198263
v 3.03920293 208.97509766 -1.72576118
v 3.27601099 203.58226013 1.84434485
v 0.06322497 198.3197937 4.65567207
v -4.38980055 197.3223877 2.5815022
v -4.38869143 195.65682983 -2.58087349
v -2.23047853 195.27557373 -4.00446701
v 3.50582409 208.97509766 -0.0157037
v 1.92585325 203.58226013 3.19450307
v -2.26216412 198.3197937 4.02279043
v -5.08151436 197.3223877 -6.18E-06
v -2.49936581 195.65682983 -4.47020006
v 0.08149853 195.27557373 -4.62396049
v 0.08150233 195.65682983 -5.16174221
v -4.38980246 197.3223877 -2.58151412
v -2.50000739 197.3223877 -4.47131062
v 0.08150199 197.3223877 -5.16302443
v -3.94129419 198.3197937 2.34366083
v 0.08150197 203.58226013 3.68869567
v -4.57417536 198.3197937 -0.01828371
v -2.23050904 198.3197937 -4.04108047
v 0.06322471 198.3197937 -4.65568495
v -3.94129443 198.3197937 -2.34367323
v -1.76284838 203.58226013 3.19450307
v -1.76284909 203.58226013 -3.19451308
v 0.08150098 203.58226013 -3.68870616
v -3.11300683 203.58226013 1.84434557
v -3.60719895 203.58226013 -4.67E-06
v -3.11300707 203.58226013 -1.84435451
v -1.64425778 208.97509766 -2.95770288
v 0.09720047 208.97509766 -3.42432594
v 0.09977587 219.63043213 -4.65567875
v -2.87619948 208.97509766 -1.72576046
v -2.26216936 219.63043213 -4.02279711
v 0.08149844 220.62783813 -5.16301823
v -3.34282112 208.97509766 0.01569649
v -2.89189863 208.97509766 1.69856095
v -3.95957613 219.63043213 -2.31201005
v -2.50001121 220.62783813 -4.47130442
v 0.08149812 222.293396 -5.1617341
v -4.57417965 219.63043213 -0.01827759
v -1.64425576 208.97509766 2.9576962
v -4.38980579 220.62783813 -2.58150864
v -2.4993701 222.293396 -4.47019243
v 0.08149811 222.64120483 -4.76227045
v -2.29963708 222.64120483 -4.1242466
v -4.38869524 222.293396 -2.58086634
v -4.0427494 222.64120483 -2.38113403
v -3.95957494 219.63043213 2.31200957
v -5.08151817 220.62783813 1E-07
v -5.08023548 222.293396 5.4E-07
v -4.68077183 222.64120483 5.7E-07
v -4.38980532 220.62783813 2.58150816
v -4.38869429 222.293396 2.58086705
v -4.04274797 222.64120483 2.38113499
v -2.26216841 219.63043213 4.02279663
v -2.49936795 222.293396 4.47019386
v -2.29963589 222.64120483 4.12424707
v -2.50000906 220.62783813 4.47130394
v 0.06580137 208.97509766 3.42431855
v 0.08149951 222.293396 5.16173506
v 0.08149938 222.64120483 4.76226997
v 0.08149984 220.62783813 5.16301632
v 0.09977712 219.63043213 4.6556778
v 1.80725956 208.97509766 2.95769572
v 2.66236758 222.293396 4.47019339
v 2.46263456 222.64120483 4.12424612
v 2.39351177 219.63043213 4.04107285
v 3.05490184 208.97509766 1.69856083
v 2.66300869 220.62783813 4.47130299
v 4.12257576 219.63043213 2.31200886
v 4.55169535 222.293396 2.58086658
v 4.2057476 222.64120483 2.38113475
v 4.55280685 220.62783813 2.58150792
v 4.73717928 219.63043213 0.0182761
v 5.2432375 222.293396 -5.4E-07
v 4.8437705 222.64120483 -4.2E-07
v 5.24451971 220.62783813 -1E-06
v 4.10429764 219.63043213 -2.34366918
v 4.55169439 222.293396 -2.58086824
v 4.20574713 222.64120483 -2.38113523
v 4.55280638 220.62783813 -2.58150983
v 2.39350986 219.63043213 -4.04107618
v 0.09977587 219.63043213 -4.65567875
v 2.66300821 220.62783813 -4.47130632
v 0.08149844 220.62783813 -5.16301823
v 2.66236448 222.293396 -4.47019434
v 2.46263337 222.64120483 -4.12424803
v 0.08149812 222.293396 -5.1617341
v 0.08149811 222.64120483 -4.76227045
v -17.3301239 253.92884827 -6.08759165
v -16.91992188 253.92884827 -5.61646223
v -16.91992188 251.12051392 -4.86397552
v -17.33012199 250.88496399 -5.27198553
v -16.91992188 249.06468201 -2.80814385
v -19.29448128 250.88420105 -5.2732954
v -19.29448318 253.92884827 -6.08910418
v -17.33012199 248.65667725 -3.04370904
v -16.91992188 248.31221008 0.00017219
v -20.47083282 251.20205688 -4.76588106
v -20.47083282 253.90727234 -5.4907465
v -19.29448128 248.65536499 -3.04446507
v -17.33012199 247.84109497 0.00017222
v -16.91992188 249.06468201 2.80848861
v -20.47083282 249.18434143 -2.76395464
v -26.67740822 251.75361633 -3.76743817
v -26.67741203 253.92884827 -4.35028982
v -19.29448128 247.83956909 0.0001725
v -17.33011818 248.65667725 3.04405379
v -16.91992188 251.12051392 4.8643198
v -20.47083282 248.43792725 -0.02138414
v -26.67740822 250.16123962 -2.17505765
v -33.03774261 251.89349365 -3.4881444
v -33.03774261 253.94735718 -4.03848076
v -45.60466003 253.95040894 -5.49074316
v -19.29448128 248.65536499 3.04481053
v -17.33012199 250.88496399 5.27233124
v -16.91992188 253.92884827 5.61680651
v -33.03774261 250.44052124 -2.0351882
v -45.60466003 251.16471863 -4.74432039
v -46.78100204 253.92883301 -6.08910131
v -46.78100204 250.88420105 -5.27329159
v -48.74536514 253.92883301 -6.08758736
v -45.6046524 249.1627655 -2.72661471
v -33.03774261 249.8901825 0.0186907
v -48.74536514 250.88496399 -5.27198172
v -49.14951324 253.92732239 -4.56054878
v -49.14951324 251.64715576 -3.94877005
v -46.78099823 248.65536499 -3.04446173
v -48.74536133 248.65667725 -3.04370475
v -49.14950562 249.9783783 -2.27887464
v -45.6046524 248.43792725 -0.02138031
v -26.67740822 249.5783844 0.00017353
v -46.78100204 247.83956909 0.00017622
v -48.74536133 247.84107971 0.00017647
v -49.14950562 249.36811829 0.00168967
v -33.03774261 250.42199707 2.00346565
v -26.67740822 250.16123962 2.17540479
v -45.6046524 249.1627655 2.72696686
v -46.78099823 248.65536499 3.04481387
v -48.74536133 248.65667725 3.04405808
v -49.14950562 249.97987366 2.28184915
v -33.03774261 251.89349365 3.48849368
v -20.47083282 249.18434143 2.76429939
v -45.6046524 251.16471863 4.74467373
v -46.78100204 250.88420105 5.27364445
v -48.74536133 250.88496399 5.27233458
v -49.14950562 251.64978027 3.95063686
v -26.67740822 251.75361633 3.7677846
v -20.47083282 251.16471863 4.74466991
v -33.03774261 253.9103241 4.03882933
v -45.6046524 253.95040894 5.49109554
v -46.78100204 253.92884827 6.08945322
v -48.74536133 253.92884827 6.08794069
v -49.14950562 253.93035889 4.56090164
v -26.67740822 253.92884827 4.35063744
v -19.29448128 250.88420105 5.27364063
v -33.03774261 255.96420288 3.48849297
v -45.60466003 256.65563965 4.76623011
v -46.78100204 256.97348022 5.27364445
v -48.74536514 256.97271729 5.27233553
v -49.14951324 256.20788574 3.95063686
v -20.4708271 253.90727234 5.49109221
v -19.29448128 253.92884827 6.08944798
v -26.67740822 256.10406494 3.76778507
v -33.03774261 257.43566895 2.00346637
v -45.60466003 258.69488525 2.72696733
v -46.78100204 259.20233154 3.04481506
v -48.74536514 259.20098877 3.0440588
v -49.14951324 257.87930298 2.27922916
v -20.47083282 256.65563965 4.76622677
v -26.67740822 257.69647217 2.1754055
v -33.03774261 257.96749878 -0.01834168
v -45.60466003 259.41976929 0.02173269
v -46.78100204 260.01809692 0.00017656
v -48.74536514 260.01657104 0.00017684
v -49.14951324 258.48956299 -0.00133632
v -48.74536514 259.20098877 -3.04370522
v -49.14951324 257.87930298 -2.27887535
v -46.78100204 259.20233154 -3.04446173
v -45.60466003 258.67333984 -2.76395202
v -33.03774261 257.41717529 -2.0351882
v -26.67741203 258.27929688 0.00017376
v -48.74536514 256.97271729 -5.27198219
v -49.14951324 256.20788574 -3.950284
v -46.78100204 256.97348022 -5.27329254
v -48.74536514 253.92883301 -6.08758736
v -49.14951324 253.92732239 -4.56054878
v -46.78100204 253.92883301 -6.08910131
v -45.60466003 253.95040894 -5.49074316
v -45.60466003 256.65563965 -4.7658782
v -33.03774261 253.94735718 -4.03848076
v -33.03774261 255.96420288 -3.48814464
v -26.67741203 257.69647217 -2.17505813
v -26.67741203 256.10406494 -3.76743793
v -26.67741203 253.92884827 -4.35028982
v -20.47083282 256.65563965 -4.76588106
v -20.47083282 253.90727234 -5.4907465
v -20.47083282 258.69488525 -2.72661877
v -20.47083282 259.41976929 0.02172973
v -19.29448318 256.97348022 -5.27329588
v -19.29448318 253.92884827 -6.08910418
v -19.29448318 259.20233154 -3.04446578
v -17.3301239 256.97271729 -5.27198648
v -17.3301239 253.92884827 -6.08759165
v -16.91992188 253.92884827 -5.61646223
v -16.91992188 256.73718262 -4.863976
v -17.3301239 259.20098877 -3.04370952
v -16.91992188 258.79299927 -2.80814457
v -17.3301239 260.01657104 0.00017258
v -16.91992188 259.54547119 0.00017253
v -19.29448318 260.01809692 0.00017285
v -17.3301239 259.20098877 3.04405451
v -16.91992188 258.79299927 2.80848956
v -19.29448318 259.20233154 3.04481125
v -17.33012199 256.97271729 5.27233028
v -16.91992188 256.73718262 4.8643198
v -20.47083282 258.69488525 2.72696447
v -19.29448128 256.97348022 5.27364063
v -17.33012199 253.92884827 6.08793592
v 14.905509 253.92884827 -6.08759642
v 15.35513687 256.65560913 -4.72270298
v 15.35513878 253.92884827 -5.45333481
v 14.90550804 256.9727478 -5.27199078
v 12.94114876 253.92884827 -6.08910847
v 15.35513687 258.6517334 -2.72658253
v 12.94114876 256.97351074 -5.27330017
v 11.76480007 253.90730286 -5.49075127
v 14.90550804 259.20098877 -3.04371381
v 15.35513687 259.38235474 0.00016819
v 11.76479912 256.65563965 -4.76588535
v 5.55822086 253.92884827 -4.35029459
v 12.94114876 259.20233154 -3.04447007
v 14.90550804 260.01657104 0.00016825
v 15.35513878 258.6517334 2.7269187
v 5.55822086 256.10409546 -3.76744199
v -0.80211002 253.94737244 -4.03848505
v 11.76479912 258.69491577 -2.7266233
v 12.94114876 260.01809692 0.00016852
v 14.905509 259.20098877 3.04405022
v 15.35513973 256.65560913 4.72303963
v 14.905509 256.9727478 5.27232599
v 15.35513973 253.92884827 5.4536705
v 12.94114876 259.20233154 3.04480696
v 11.76479912 259.41976929 0.0217254
v 5.55822086 257.69647217 -2.17506242
v -0.80211043 255.96420288 -3.48814917
v 14.905509 253.92884827 6.08793211
v 15.35513973 251.20210266 4.72303867
v 12.94115067 256.97351074 5.27363586
v 11.76480007 258.69491577 2.72695971
v 5.55822086 258.27929688 0.00016943
v 14.9055109 250.88496399 5.27232695
v 15.35513973 249.20596313 2.72691798
v 12.94115067 253.92884827 6.08944368
v 11.76480103 256.65563965 4.76622248
v 14.9055109 248.65670776 3.0440495
v 15.35513973 248.4753418 0.00016791
v 12.94115162 250.88420105 5.27363586
v 14.9055109 247.84109497 0.00016789
v 15.35513973 249.20596313 -2.72658253
v -0.80211049 257.41717529 -2.03519273
v 5.55822086 257.69647217 2.17540121
v 11.76480103 253.90727234 5.49108839
v 12.94115162 248.65539551 3.04480624
v 14.905509 248.65670776 -3.04371333
v 15.35513878 251.20210266 -4.72270298
v -0.80211031 257.9675293 -0.01834601
v 5.55822182 256.10409546 3.76778102
v 11.76480198 251.16471863 4.74466562
v 12.94115162 247.83956909 0.00016817
v 14.905509 250.88496399 -5.27198982
v 15.35513878 253.92884827 -5.45333481
v 14.905509 253.92884827 -6.08759642
v 12.94115067 248.65539551 -3.04446936
v 12.94114876 250.88420105 -5.27329969
v 12.94114876 253.92884827 -6.08910847
v 11.76480198 249.18434143 2.7642951
v 5.55822229 253.92884827 4.35063219
v 11.76480198 248.43792725 -0.02138847
v 11.76480007 251.20205688 -4.76588535
v 11.76480007 253.90730286 -5.49075127
v 11.76480103 249.18434143 -2.76395893
v 5.55822277 251.75361633 3.76778054
v 5.55822182 251.75361633 -3.76744223
v 5.55822086 253.92884827 -4.35029459
v 5.55822277 250.16123962 2.1754005
v 5.55822229 250.16123962 -2.17506194
v 5.55822277 249.57839966 0.0001692
v -0.8021096 251.89349365 -3.48814869
v -0.80211002 253.94737244 -4.03848505
v -13.36901951 253.95040894 -5.49074745
v -0.80210912 250.44052124 -2.03519297
v -13.36902237 251.16471863 -4.74432468
v -14.54536915 253.92884827 -6.08910561
v -0.80210876 249.8901825 0.01868637
v -0.80210853 250.42202759 2.00346112
v -13.36902046 249.16279602 -2.72661901
v -14.54536915 250.88420105 -5.27329588
v -16.50973129 253.92884827 -6.08759165
v -13.36902046 248.43792725 -0.02138464
v -0.80210865 251.89349365 3.48848915
v -14.54536724 248.65536499 -3.04446602
v -16.50972939 250.88496399 -5.27198553
v -16.91992188 253.92884827 -5.61646223
v -16.91992188 251.12051392 -4.86397552
v -16.50972939 248.65667725 -3.04370904
v -16.91992188 249.06468201 -2.80814385
v -13.36902046 249.16279602 2.72696233
v -14.54536724 247.83956909 0.00017189
v -16.50972939 247.84109497 0.00017214
v -16.91992188 248.31221008 0.00017219
v -14.54536724 248.65536499 3.04480958
v -16.50972748 248.65667725 3.04405355
v -16.91992188 249.06468201 2.80848861
v -13.36902046 251.16471863 4.74466944
v -16.50972939 250.88496399 5.27233028
v -16.91992188 251.12051392 4.8643198
v -14.54536724 250.88420105 5.27364063
v -0.802109 253.9103241 4.03882504
v -16.50972939 253.92884827 6.08793592
v -16.91992188 253.92884827 5.61680651
v -13.36902046 253.95040894 5.49109173
v -0.80210948 255.96420288 3.48848844
v -14.54536915 253.92884827 6.08944893
v -16.50972939 256.97271729 5.27233124
v -16.91992188 256.73718262 4.8643198
v -0.80210996 257.43566895 2.00346184
v -13.36902046 256.65563965 4.76622581
v -14.54536724 256.97348022 5.27364063
v -13.36902237 258.69488525 2.72696304
v -16.50973129 259.20098877 3.04405427
v -16.91992188 258.79299927 2.80848956
v -14.54536915 259.20233154 3.04481101
v -13.36902237 259.41976929 0.02172836
v -16.50973129 260.01657104 0.00017251
v -16.91992188 259.54547119 0.00017253
v -14.54537106 260.01809692 0.00017223
v -13.36902237 258.67333984 -2.76395631
v -16.50973129 259.20098877 -3.04370975
v -16.91992188 258.79299927 -2.80814457
v -14.54536915 259.20233154 -3.04446602
v -13.36902237 256.65563965 -4.76588249
v -13.36901951 253.95040894 -5.49074745
v -14.54537106 256.97348022 -5.27329683
v -14.54536915 253.92884827 -6.08910561
v -16.50973129 256.97271729 -5.27198648
v -16.91992188 256.73718262 -4.863976
v -16.50973129 253.92884827 -6.08759165
v -16.91992188 253.92884827 -5.61646223
v 47.36499786 253.92884827 -6.08759594
v 47.8146286 256.45025635 -4.36701679
v 47.8146286 253.92884827 -5.04262304
v 47.36499786 256.97271729 -5.27199078
v 45.40063858 253.92884827 -6.08910751
v 47.8146286 258.29602051 -2.52122712
v 45.40063858 256.97351074 -5.27330017
v 44.22428894 253.90730286 -5.49075127
v 47.36499786 259.20098877 -3.04371381
v 47.8146286 258.97164917 0.00016817
v 44.22428894 256.65563965 -4.76588535
v 38.01770782 253.92884827 -4.35029459
v 45.40063858 259.20233154 -3.04447031
v 47.36499786 260.01657104 0.00016825
v 47.8146286 258.29602051 2.52156305
v 38.01770782 256.10409546 -3.76744199
v 31.65737915 253.94737244 -4.03848505
v 44.22428894 258.69491577 -2.72662306
v 45.40063858 260.01809692 0.00016852
v 47.36499786 259.20098877 3.04404998
v 47.8146286 256.45025635 4.36735296
v 47.36499786 256.97271729 5.27232647
v 47.8146286 253.92884827 5.04295969
v 45.40063858 259.20233154 3.04480696
v 44.22428894 259.41976929 0.0217254
v 38.01770782 257.69647217 -2.17506242
v 31.65737915 255.96420288 -3.4881494
v 47.36500549 253.92884827 6.08793259
v 47.8146286 251.40745544 4.36735249
v 45.40063858 256.97351074 5.27363586
v 44.22428894 258.69491577 2.72696018
v 38.01770782 258.27932739 0.00016943
v 47.36500549 250.88496399 5.27232695
v 47.8146286 249.56166077 2.52156258
v 45.40063858 253.92884827 6.08944464
v 44.22428894 256.65563965 4.76622248
v 47.36500549 248.65670776 3.04404926
v 47.8146286 248.88606262 0.00016791
v 45.40063858 250.88420105 5.27363586
v 47.36500549 247.84109497 0.00016789
v 47.8146286 249.56166077 -2.52122664
v 31.65737915 257.41717529 -2.03519249
v 38.01770782 257.69647217 2.17540121
v 44.22428894 253.90730286 5.49108887
v 45.40063858 248.65539551 3.04480577
v 47.36500549 248.65670776 -3.04371333
v 47.8146286 251.40745544 -4.36701632
v 31.65737915 257.9675293 -0.01834601
v 38.01770782 256.10409546 3.76778126
v 44.22428894 251.16471863 4.74466562
v 45.40063858 247.83956909 0.00016817
v 47.36499786 250.88496399 -5.27198935
v 47.8146286 253.92884827 -5.04262304
v 47.36499786 253.92884827 -6.08759594
v 45.40063858 248.65539551 -3.04446983
v 45.40063858 250.88420105 -5.27329969
v 45.40063858 253.92884827 -6.08910751
v 44.22428894 249.18434143 2.7642951
v 38.01771545 253.92884827 4.35063219
v 44.22428894 248.43792725 -0.02138847
v 44.22428894 251.20205688 -4.76588535
v 44.22428894 253.90730286 -5.49075127
v 44.22428894 249.18434143 -2.76395893
v 38.01771545 251.75361633 3.76778054
v 38.01770782 251.75361633 -3.76744223
v 38.01770782 253.92884827 -4.35029459
v 38.01771545 250.16123962 2.1754005
v 38.01770782 250.16123962 -2.17506194
v 38.01771545 249.57839966 0.0001692
v 31.65737915 251.89349365 -3.48814917
v 31.65737915 253.94737244 -4.03848505
v 19.09046936 253.95040894 -5.49074745
v 31.65737915 250.44052124 -2.03519297
v 19.09046745 251.16471863 -4.74432516
v 17.91411781 253.92884827 -6.08910418
v 31.65737915 249.8901825 0.01868637
v 31.65737915 250.42202759 2.00346136
v 19.09046745 249.16279602 -2.72661924
v 17.91412163 250.88420105 -5.27329588
v 15.94975853 253.92884827 -6.08759022
v 19.09046745 248.43792725 -0.02138464
v 31.65737915 251.89349365 3.48848915
v 17.91412163 248.65536499 -3.04446602
v 15.94975853 250.88496399 -5.27198553
v 15.35513878 253.92884827 -5.45333481
v 15.35513878 251.20210266 -4.72270298
v 15.94975853 248.65667725 -3.04370904
v 15.35513973 249.20596313 -2.72658253
v 19.09046745 249.16279602 2.72696233
v 17.91411972 247.83956909 0.00017189
v 15.94976044 247.84109497 0.00017214
v 15.35513973 248.4753418 0.00016791
v 17.91412354 248.65536499 3.0448091
v 15.94976044 248.65667725 3.04405355
v 15.35513973 249.20596313 2.72691798
v 19.09046745 251.16471863 4.74466991
v 15.94976044 250.88496399 5.27233076
v 15.35513973 251.20210266 4.72303867
v 17.91411972 250.88420105 5.27364111
v 31.65737915 253.9103241 4.03882456
v 15.94975853 253.92884827 6.08793688
v 15.35513973 253.92884827 5.4536705
v 19.09046745 253.95040894 5.49109221
v 31.65737915 255.96420288 3.48848891
v 17.91411972 253.92884827 6.08944941
v 15.94975853 256.97271729 5.27233124
v 15.35513973 256.65560913 4.72303963
v 31.65737915 257.43569946 2.00346184
v 19.09046745 256.65563965 4.76622581
v 17.91412163 256.97348022 5.27364111
v 19.09046555 258.69488525 2.72696304
v 15.94975853 259.20098877 3.04405427
v 15.35513878 258.6517334 2.7269187
v 17.91411972 259.20233154 3.04481101
v 19.09046555 259.41976929 0.02172836
v 15.94975758 260.01657104 0.00017251
v 15.35513687 259.38235474 0.00016819
v 17.91411781 260.01809692 0.00017223
v 19.09046555 258.67333984 -2.76395631
v 15.94975758 259.20098877 -3.04370952
v 15.35513687 258.6517334 -2.72658253
v 17.91411972 259.20233154 -3.04446602
v 19.09046555 256.65563965 -4.76588249
v 19.09046936 253.95040894 -5.49074745
v 17.91411781 256.97348022 -5.27329683
v 17.91411781 253.92884827 -6.08910418
v 15.94975758 256.97271729 -5.27198648
v 15.35513687 256.65560913 -4.72270298
v 15.94975853 253.92884827 -6.08759022
v 15.35513878 253.92884827 -5.45333481
v -57.57109451 250.49858093 -5.18134403
v -57.84169388 250.7691803 -4.29194498
v -56.32423019 252.28665161 -3.71692109
v -55.73918152 252.33049011 -4.48716402
v -56.38887787 249.31636047 -5.18263054
v -55.21336746 253.39749146 -2.1459291
v -54.55650711 251.14872742 -4.48827934
v -55.69388199 248.59542847 -4.67335749
v -54.39812469 253.67152405 -2.5906291
v -54.80677414 253.80410767 8.483E-05
v -54.03982925 250.2494812 -4.05640745
v -49.65967941 242.5871582 -4.10650969
v -53.90726852 254.16238403 8.485E-05
v -55.21336746 253.39749146 2.14609838
v -53.21512222 252.4901123 -2.59127307
v -54.39813232 253.67152405 2.59079814
v -56.32423019 252.28665161 3.71708941
v -52.72414017 252.98109436 8.447E-05
v -52.81253433 251.47676086 -2.3207469
v -48.20777893 244.0390625 -3.55632949
v -55.73918152 252.33049011 4.48733139
v -57.84169006 250.7691803 4.29211235
v -53.21511459 252.4901123 2.59144187
v -52.37628937 251.9130249 0.01843158
v -57.5710907 250.49858093 5.18151093
v -59.35914993 249.25172424 3.71708822
v -54.55649948 251.14872742 4.48844671
v -59.40299606 248.66667175 4.48733139
v -60.47000885 248.14085388 2.14609718
v -41.99738312 238.20703125 -4.05641174
v -43.65142441 236.55297852 -4.67336082
v -47.14492035 245.10192871 -2.05321336
v -52.81253433 251.47676086 2.32091546
v -56.38886642 249.31636047 5.18279791
v -60.74404907 247.3256073 2.59079695
v -60.8766098 247.73423767 8.38E-05
v -41.09812927 237.69032288 -4.48828316
v -42.93049622 235.85797119 -5.18263483
v -46.75587845 245.49095154 8.213E-05
v -54.03982925 250.2494812 4.05657482
v -58.22123718 247.48399353 4.48844624
v -61.23490906 246.83476257 8.355E-05
v -60.47000885 248.14085388 -2.14592934
v -39.91636658 236.50767517 -4.48716927
v -41.74827194 234.67576599 -5.1813488
v -39.96022034 235.92262268 -3.71692586
v -41.47767258 234.40516663 -4.29194975
v -38.84934616 237.03346252 -2.1459341
v -38.57530975 237.84870911 -2.59063363
v -38.44275665 237.44007874 7.952E-05
v -39.75674057 239.03173828 -2.59127784
v -38.08444977 238.33956909 7.971E-05
v -38.8493576 237.03346252 2.14609337
v -40.7700882 239.43431091 -2.32075095
v -39.26576233 239.52268982 8.01E-05
v -38.57531738 237.84870911 2.59079337
v -39.96021271 235.92262268 3.71708465
v -40.3338356 239.87057495 0.01842768
v -39.91636658 236.50767517 4.48732615
v -41.47767258 234.40513611 4.29210758
v -39.75674057 239.03173828 2.59143734
v -40.7700882 239.43431091 2.32091141
v -41.74827194 234.67576599 5.18150568
v -42.99513245 232.88769531 3.71708345
v -41.09812927 237.69032288 4.48844194
v -47.14492035 245.10192871 2.05337715
v -43.58018494 232.84382629 4.48732567
v -44.10599518 231.77684021 2.14609194
v -42.93049622 235.85797119 5.18279314
v -41.99738312 238.20703125 4.05657005
v -48.20778656 244.0390625 3.55649328
v -44.92123413 231.50279236 2.59079194
v -44.51259232 231.37023926 7.849E-05
v -43.65143585 236.55297852 4.67352009
v -44.76285553 234.02560425 4.48844147
v -55.69387817 248.59542847 4.6735239
v -45.41209412 231.01193237 7.842E-05
v -44.10599518 231.77684021 -2.14593482
v -49.65967941 242.5871582 4.10667229
v -45.30200958 234.90240479 4.03822327
v -46.10424805 232.68423462 2.59143591
v -57.34444809 246.94485474 4.03822708
v -44.92124176 231.50279236 -2.59063458
v -42.99514008 232.88769531 -3.71692634
v -51.1115799 241.13526917 3.55649209
v -46.49385834 233.71052551 2.3526876
v -46.59522629 232.19325256 7.882E-05
v -59.56262207 246.14260864 2.59144044
v -43.58018494 232.84385681 -4.48716927
v -41.47767258 234.40516663 -4.29194975
v -41.74827194 234.67576599 -5.1813488
v -58.53630829 245.75297546 2.35269165
v -52.17444229 240.07241821 2.0533762
v -46.10424805 232.68423462 -2.59127736
v -44.76285553 234.02560425 -4.48828316
v -42.93049622 235.85797119 -5.18263483
v -46.94307709 233.26132202 -0.01826836
v -60.05360413 245.65162659 8.318E-05
v -45.27953339 234.92486572 -4.05641174
v -43.65142441 236.55297852 -4.67336082
v -46.49385834 233.71052551 -2.35252905
v -58.98552704 245.30377197 -0.01826446
v -52.56347656 239.68336487 8.112E-05
v -60.74404907 247.3256073 -2.59062934
v -59.35914993 249.25172424 -3.71692109
v -51.1115799 241.13528442 -3.5563302
v -49.65967941 242.5871582 -4.10650969
v -55.69388199 248.59542847 -4.67335749
v -52.17444229 240.07241821 -2.05321383
v -57.32198334 246.96731567 -4.05640841
v -56.38887787 249.31636047 -5.18263054
v -58.53630829 245.75297546 -2.352525
v -58.22123718 247.48399353 -4.48827934
v -57.57109451 250.49858093 -5.18134403
v -59.56262207 246.14260864 -2.59127307
v -59.40300751 248.66667175 -4.48716402
v -57.84169388 250.7691803 -4.29194498
v -60.65549088 253.73937988 -5.18134308
v -60.92609024 253.46878052 -4.29194403
v -62.44355392 254.98623657 -3.71692061
v -62.4874115 255.57128906 -4.48716259
v -59.47328186 254.92160034 -5.18262959
v -63.55441666 256.09710693 -2.14592862
v -61.3056488 256.75396729 -4.48827839
v -58.75233841 255.61659241 -4.67335606
v -63.82845688 256.91235352 -2.59062862
v -63.96101761 256.50372314 8.519E-05
v -60.40638733 257.27062988 -4.0564065
v -51.88060379 262.48544312 -4.10650635
v -64.31932068 257.40316772 8.528E-05
v -63.55441666 256.09710693 2.14609885
v -62.64703369 258.09533691 -2.59127283
v -63.82845688 256.91235352 2.59079838
v -62.44355392 254.98623657 3.71708989
v -63.13801575 258.58633423 8.522E-05
v -61.63368225 258.4979248 -2.32074618
v -53.33250046 263.93737793 -3.5563271
v -62.4874115 255.57128906 4.48733282
v -60.92609024 253.46878052 4.2921133
v -62.64703369 258.09533691 2.59144235
v -62.06993484 258.93417358 0.01843253
v -60.65549088 253.73937988 5.18151188
v -59.40863419 251.9513092 3.71708941
v -61.3056488 256.75396729 4.48844767
v -58.82358551 251.9074707 4.48733234
v -58.29777145 250.84046936 2.14609742
v -44.82078552 272.41876221 -4.0564065
v -43.16674042 270.76470947 -4.67335701
v -54.39537048 265.00024414 -2.0532105
v -61.63368225 258.4979248 2.32091618
v -59.47327042 254.92160034 5.18279839
v -57.48253632 250.56640625 2.59079719
v -57.8911705 250.43386841 8.416E-05
v -44.30410385 273.31799316 -4.48827791
v -42.47174835 271.48565674 -5.18262959
v -54.78440094 265.38928223 8.48E-05
v -60.40638733 257.27062988 4.0565753
v -57.64091492 253.0892334 4.48844671
v -56.99166489 250.07556152 8.399E-05
v -58.2977829 250.84046936 -2.14592934
v -43.12143707 274.49975586 -4.48716354
v -41.28952026 272.66784668 -5.18134308
v -42.53638458 274.45593262 -3.71692061
v -41.0189209 272.93847656 -4.2919445
v -43.64724731 275.56677246 -2.14592934
v -44.46248245 275.84082031 -2.59062934
v -44.05384827 275.97338867 8.47E-05
v -45.64548874 274.65939331 -2.59127307
v -44.95334625 276.33169556 8.482E-05
v -43.64724731 275.56677246 2.14609814
v -46.04807663 273.64605713 -2.32074642
v -46.13647461 275.15039062 8.489E-05
v -44.46248245 275.84082031 2.59079814
v -42.53638458 274.45593262 3.71708941
v -46.48432922 274.08230591 0.01843227
v -43.12143707 274.49975586 4.48733234
v -41.0189209 272.93847656 4.29211283
v -45.64548874 274.65939331 2.59144211
v -46.04807663 273.64605713 2.32091618
v -41.28952026 272.66784668 5.18151093
v -39.50145721 271.42098999 3.7170887
v -44.30410385 273.31799316 4.48844767
v -54.39537048 265.00024414 2.05338025
v -39.45761108 270.8359375 4.48733139
v -38.39060211 270.31015015 2.14609718
v -42.47174072 271.48565674 5.18279839
v -44.82078552 272.41876221 4.0565753
v -53.33250046 263.93737793 3.55649543
v -38.11656189 269.49490356 2.59079695
v -37.98400116 269.90350342 8.366E-05
v -43.16673279 270.76470947 4.67352438
v -40.63937378 269.65325928 4.48844671
v -58.75233841 255.61659241 4.67352533
v -37.6257019 269.0039978 8.352E-05
v -38.39060211 270.31015015 -2.14592934
v -51.88060379 262.48544312 4.10667515
v -41.51616669 269.11413574 4.03822803
v -39.29798889 268.31188965 2.59143996
v -57.10176086 253.96601868 4.03822803
v -38.11656189 269.49490356 -2.59062934
v -39.50146484 271.42098999 -3.71692109
v -50.42871094 261.03356934 3.55649471
v -40.32429886 267.92227173 2.35269189
v -38.80700302 267.82089233 8.36E-05
v -56.29951859 251.74784851 2.59144139
v -39.45761108 270.8359375 -4.48716354
v -41.0189209 272.93847656 -4.2919445
v -41.28952026 272.66784668 -5.18134308
v -55.90991211 252.77416992 2.35269237
v -49.36584091 259.97073364 2.05337906
v -39.29798889 268.31188965 -2.59127355
v -40.63937378 269.65325928 -4.48827839
v -42.47174835 271.48565674 -5.18262959
v -39.87508392 267.47305298 -0.01826377
v -55.80854416 251.25686646 8.393E-05
v -41.53863525 269.13659668 -4.0564065
v -43.16674042 270.76470947 -4.67335701
v -40.32429886 267.92227173 -2.35252452
v -55.46069336 252.32493591 -0.01826352
v -48.97681046 259.58169556 8.38E-05
v -57.48253632 250.56640625 -2.59062862
v -59.40863419 251.9513092 -3.71692038
v -50.42871094 261.03356934 -3.55632758
v -51.88060379 262.48544312 -4.10650635
v -58.75233841 255.61659241 -4.67335606
v -49.36584091 259.97073364 -2.05321097
v -57.12423325 253.98847961 -4.0564065
v -59.47328186 254.92160034 -5.18262959
v -55.90991974 252.77416992 -2.35252428
v -57.64091492 253.0892334 -4.48827887
v -60.65549088 253.73937988 -5.18134308
v -56.29953003 251.74784851 -2.59127235
v -58.82358551 251.9074707 -4.48716259
v -60.92609024 253.46878052 -4.29194403
v 19.55435753 230.80130005 -3.09734893
v 19.54165459 230.56666565 -2.39151764
v 17.87711143 230.42323303 -2.04142666
v 17.54488564 230.62812805 -2.67471266
v 19.42068672 232.07366943 -3.21285605
v 16.60257721 230.39144897 -0.90635598
v 17.4107151 231.90045166 -2.79011512
v 19.32979393 232.86962891 -2.89152217
v 16.00624084 230.58976746 -1.3044312
v 16.05955505 230.4797821 0.70955211
v 17.51590157 232.71264648 -2.51743269
v 18.60706711 239.38491821 -3.04242492
v 15.3506918 230.69644165 0.64632773
v 16.39355278 230.66465759 2.37331748
v 15.87168598 231.86207581 -1.41949308
v 15.75390244 230.91957092 2.65486073
v 17.51507568 230.89645386 3.6391356
v 15.21597958 231.96878052 0.53175056
v 16.10776901 232.67750549 -1.26338601
v 17.01443863 239.24768066 -2.7074604
v 17.10782814 231.19943237 4.18298292
v 19.12361145 231.11309814 4.1678319
v 15.61928844 232.19198608 2.54078293
v 15.52336788 232.7746582 0.49838078
v 19.04968643 231.46095276 4.82123566
v 20.7881546 231.25653076 3.81774044
v 16.9735508 232.47189331 4.06928396
v 21.05915833 231.6341095 4.39859867
v 22.06269264 231.28831482 2.68267083
v 16.15364265 245.67416382 -3.68400764
v 17.96753311 245.83113098 -4.05809784
v 15.79496861 239.21725464 -1.62143087
v 15.88171864 232.97297668 2.28345466
v 18.91588783 232.73348999 4.70769548
v 22.59780502 231.67250061 3.02831793
v 22.60571098 231.19995117 1.06676269
v 15.8882885 246.38595581 -4.09385395
v 17.8982563 246.55917358 -4.51659536
v 15.2754097 239.30181885 -0.07533817
v 17.1207962 233.22909546 3.68195248
v 20.92586327 232.9066925 4.28495407
v 23.2533493 231.56582642 1.07755983
v 22.27171135 231.0151062 -0.59700257
v 15.75499058 247.65853882 -4.20749903
v 17.76446152 247.8316803 -4.63013554
v 16.02599525 248.03611755 -3.62664056
v 17.69053841 248.17955017 -3.9767313
v 14.75145817 248.00431824 -2.49157023
v 14.21634102 247.62014771 -2.83721805
v 14.20843887 248.09269714 -0.87566161
v 14.34925938 246.3475647 -2.72323251
v 13.56079769 247.7268219 -0.88645881
v 14.5424366 248.27754211 0.7881037
v 14.74551296 245.63903809 -2.42996144
v 13.69355011 246.45428467 -0.77198875
v 13.96400738 247.94998169 1.12207425
v 15.66396046 248.50935364 2.05392194
v 14.16110992 245.73617554 -0.66819447
v 15.31793499 248.22981262 2.65019608
v 17.27249527 248.72598267 2.58261752
v 14.09685898 246.67749023 1.23704386
v 14.51946354 245.93450928 1.11687994
v 17.25979424 248.49136353 3.28844857
v 18.93703651 248.86941528 2.23252702
v 15.45112133 246.95739746 2.76554513
v 15.59497833 239.47865295 1.51654446
v 19.26926231 248.66452026 2.86581206
v 20.21157455 248.90119934 1.09745693
v 17.39346504 247.21899414 3.4039557
v 15.75854111 246.19059753 2.51537776
v 16.66804314 239.70045471 2.72767282
v 20.80790901 248.70288086 1.4955318
v 20.7545929 248.81286621 -0.51845133
v 17.51234245 246.42610168 3.08414912
v 19.40343285 247.39219666 2.981215
v 18.87459373 233.46459961 4.25072432
v 21.4634552 248.59622192 -0.45522693
v 20.42059517 248.62799072 -2.18221617
v 18.20708275 239.90774536 3.23352599
v 19.32337952 246.58151245 2.69583535
v 20.94246292 247.43058777 1.61059391
v 20.68563271 233.61999512 3.86241031
v 21.06024933 248.37307739 -2.46375918
v 19.29907227 248.39620972 -3.44803476
v 19.79970932 240.04498291 2.89856076
v 20.69084358 246.61560059 1.47800553
v 21.59817314 247.3238678 -0.34064963
v 22.46489143 232.94508362 2.91433287
v 19.70631981 248.09321594 -3.99188256
v 17.69053841 248.17955017 -3.9767313
v 17.76446152 247.8316803 -4.63013554
v 22.05309486 233.65411377 2.6445806
v 21.01917839 240.07539368 1.81253147
v 21.19486237 247.10066223 -2.34968138
v 19.84060287 246.820755 -3.8781836
v 17.8982563 246.55917358 -4.51659536
v 21.29078293 246.51799011 -0.30727997
v 23.12059784 232.83836365 0.96308953
v 19.69335175 246.06356812 -3.49085283
v 17.96753311 245.83113098 -4.05809784
v 20.91998672 246.31610107 -2.11739969
v 22.65303802 233.55648804 0.85929501
v 21.53874016 239.99082947 0.26643905
v 22.85014153 231.34266663 -0.93097258
v 21.15019035 230.78329468 -1.86282063
v 20.146101 239.5921936 -2.5365715
v 18.60706711 239.38491821 -3.04242492
v 19.32979393 232.86962891 -2.89152217
v 21.21917343 239.81399536 -1.32544279
v 21.05560875 233.10203552 -2.32427788
v 19.42068672 232.07366943 -3.21285605
v 22.28224564 233.354599 -0.9508239
v 21.36302948 232.33525085 -2.57444477
v 19.55435753 230.80130005 -3.09734893
v 22.71728897 232.61515808 -1.04594207
v 21.49621582 231.06283569 -2.45909595
v 19.54165459 230.56666565 -2.39151764
v 16.53826714 258.51928711 -5.02431107
v 16.5428257 258.48641968 -4.28113461
v 14.8928566 258.60357666 -3.85958695
v 14.54638672 258.6607666 -4.5154109
v 16.50734901 259.71990967 -5.48011255
v 13.6817379 259.00228882 -2.72465277
v 14.51497555 259.86135864 -4.97108603
v 16.50148392 260.57797241 -5.38665724
v 13.08430099 259.14208984 -3.14529347
v 13.23399067 259.57568359 -1.18043613
v 14.70302486 260.70300293 -4.9342308
v 16.32829666 266.84838867 -7.29604864
v 12.54376888 259.83428955 -1.28108239
v 13.66958809 260.17007446 0.359292
v 13.05252457 260.34283447 -3.60062861
v 13.06963253 260.55187988 0.57770967
v 14.87181377 260.62628174 1.48196185
v 12.51185799 261.03518677 -1.73595393
v 13.36495876 261.14349365 -3.68033504
v 14.74960899 266.96051025 -6.8927145
v 14.5209837 261.1026001 1.93302107
v 16.51852989 260.82199097 1.88675559
v 13.03785038 261.75296021 0.1233001
v 12.88446331 261.76867676 -1.99715996
v 16.50893402 261.33886719 2.42169595
v 18.16849899 260.70480347 1.46520877
v 14.48956108 262.30380249 1.47894764
v 18.50081444 261.1973877 1.9127965
v 19.3796196 260.30612183 0.33027416
v 14.38803959 272.93612671 -9.56775188
v 16.18649864 272.81106567 -10.02017784
v 13.59081841 267.34197998 -5.80681562
v 13.35181999 262.40643311 -0.34516779
v 16.47800827 262.54016113 1.96774375
v 19.96290016 260.71609497 0.54267973
v 19.82736206 259.73272705 -1.21394157
v 14.16295338 273.5328064 -10.14940929
v 16.15533066 273.3913269 -10.65843582
v 13.1624136 267.89059448 -4.32931709
v 14.68005657 262.91040039 0.89517832
v 18.4703846 262.39865112 1.4587183
v 20.50342941 260.02389526 -1.32153141
v 19.3917675 259.13830566 -2.7536695
v 14.13252354 274.73406982 -10.60348797
v 16.12440491 274.59262085 -11.11238766
v 14.46483898 275.22668457 -10.1559
v 16.11480904 275.10946655 -10.57744694
v 13.25371838 275.62536621 -9.02096653
v 12.67043781 275.21539307 -9.23337078
v 12.80597305 276.19873047 -7.4767499
v 12.7005024 274.01428223 -8.77895355
v 12.12990761 275.90759277 -7.3691597
v 13.24156952 276.79315186 -5.93702269
v 13.04997158 273.37658691 -8.31385708
v 12.15983963 274.70663452 -6.91427803
v 12.65576744 276.62518311 -5.51036835
v 14.4437952 277.24935913 -4.81435204
v 12.56947517 274.00177002 -6.63068199
v 14.10712051 277.17590332 -4.15505743
v 16.09051132 277.44506836 -4.4095583
v 12.68583202 275.42440796 -5.05502462
v 13.03683376 274.63949585 -4.97868967
v 16.09507179 277.41213989 -3.6663816
v 17.74048233 277.32788086 -4.83110523
v 14.13754177 275.97525024 -3.69937682
v 13.57919407 268.45935059 -2.85611343
v 18.0869503 277.27072144 -4.17528152
v 18.95160103 276.92919922 -5.96603918
v 16.12598801 276.21160889 -3.21058035
v 14.36507511 275.14352417 -3.73834324
v 14.72947407 268.89581299 -1.78194833
v 19.54903793 276.78939819 -5.54539824
v 19.39934731 276.35583496 -7.51025581
v 16.1600399 275.35415649 -3.30417824
v 18.11836243 276.07009888 -3.71960616
v 16.47502327 263.12109375 1.3293438
v 20.08956909 276.097229 -7.40960979
v 18.96374893 275.76141357 -9.04998302
v 16.30504227 269.08306885 -1.39464319
v 17.95477486 275.22406006 -3.769768
v 19.58081245 275.58865356 -5.09006166
v 18.26975822 262.9909668 0.86375421
v 19.56370926 275.37960815 -9.26840019
v 17.7615242 275.3052063 -10.17265129
v 17.88372993 268.97094727 -1.79797745
v 19.25419807 274.79629517 -4.98745251
v 20.12147903 274.89630127 -6.95473766
v 19.93283653 261.91723633 0.08826088
v 18.11235428 274.82891846 -10.62371254
v 16.11480904 275.10946655 -10.57744694
v 16.12440491 274.59262085 -11.11238766
v 19.56917953 262.5632019 -0.35393071
v 19.04251862 268.58947754 -2.88387656
v 19.59548759 274.17852783 -8.81399059
v 18.14377785 273.62768555 -10.16963959
v 16.15533066 273.3913269 -10.65843582
v 19.74888039 274.16281128 -6.69353151
v 20.47349739 261.22485352 -1.7764132
v 17.9532814 273.02105713 -9.58586979
v 16.18649864 272.81106567 -10.02017784
v 19.26751709 273.51608276 -8.36828518
v 20.06385994 261.9296875 -2.06000996
v 19.47092438 268.04089355 -4.36137486
v 19.97757149 259.30627441 -3.18032289
v 18.18954468 258.68212891 -3.87633967
v 17.903862 267.03567505 -6.90874386
v 16.32829666 266.84838867 -7.29604864
v 16.50148392 260.57797241 -5.38665724
v 19.05414581 267.47216797 -5.83457851
v 18.26826096 260.78796387 -4.95234823
v 16.50734901 259.71990967 -5.48011255
v 19.58250237 261.28295898 -3.73476291
v 18.4957943 259.95623779 -4.99131489
v 16.53826714 258.51928711 -5.02431107
v 19.94750404 260.50708008 -3.63566685
v 18.52621651 258.75558472 -4.53563499
v 16.5428257 258.48641968 -4.28113461
v 33.73499298 257.69592285 -4.14928246
v 33.72672272 257.5112915 -3.42870283
v 32.07358551 257.5852356 -3.00974512
v 31.73929405 257.78527832 -3.64350891
v 33.74139786 258.96487427 -4.34907198
v 30.85461807 257.77618408 -1.83013785
v 31.74521255 259.05419922 -3.84317255
v 33.75543976 259.78540039 -4.08142948
v 30.2677269 258.01577759 -2.21946192
v 30.39640999 258.03292847 -0.2059557
v 31.95357895 259.86483765 -3.6322248
v 33.76959991 266.31646729 -4.66391039
v 29.71457481 258.32574463 -0.25871417
v 30.82176781 258.28671265 1.42760384
v 30.27327347 259.28479004 -2.41877198
v 30.22806931 258.63204956 1.71335363
v 32.01669312 258.46948242 2.63282967
v 29.71997833 259.5947876 -0.45753694
v 30.6068306 260.07580566 -2.32897305
v 32.18788147 266.38720703 -4.26305437
v 31.67060852 258.85275269 3.16832733
v 33.661026 258.53231812 3.08678198
v 30.23360062 259.90124512 1.5150212
v 30.11493683 260.35565186 -0.55851638
v 33.65568542 258.92858887 3.71634841
v 35.31416321 258.45831299 2.66782546
v 31.67650986 260.12194824 2.97035623
v 35.65138245 258.83929443 3.21057558
v 36.53312683 258.2673645 1.48821831
v 32.01876068 272.79199219 -5.65738916
v 33.82061768 272.71255493 -6.10659552
v 31.02157402 266.56988525 -3.13441229
v 30.57130623 260.62789917 1.19414937
v 33.66207123 260.19781494 3.51851249
v 37.12294769 258.60876465 1.78652835
v 36.99132919 258.01065063 -0.13596405
v 31.81805992 273.50134277 -6.10645437
v 33.81425476 273.41201782 -6.61235237
v 30.58316994 266.81558228 -1.58040261
v 31.89148521 260.8298645 2.52570462
v 35.65826416 260.10848999 3.01261449
v 37.67610168 258.29882812 -0.17421883
v 36.565979 257.75689697 -1.76952314
v 31.82494545 274.77050781 -6.3044138
v 33.82064819 274.6812439 -6.81018734
v 32.16217041 275.15148926 -5.76166344
v 33.81529999 275.07751465 -6.18062115
v 30.94318771 275.34240723 -4.582057
v 30.35337257 275.0010376 -4.88036728
v 30.48498535 275.59918213 -2.95787454
v 30.34611893 273.73190308 -4.68205309
v 29.80021858 275.31100464 -2.91961956
v 30.91033936 275.85290527 -1.32431448
v 30.67201042 273.00299072 -4.35413837
v 29.79283333 274.04190063 -2.72081828
v 30.31371498 275.61737061 -0.94755161
v 32.10527039 276.03573608 -0.11908879
v 30.18012047 273.28283691 -2.58368158
v 31.75626183 275.8380127 0.50742209
v 33.74959946 276.09854126 0.33486411
v 30.3064518 274.34835815 -0.74825954
v 30.63648605 273.55508423 -0.83101577
v 33.74133301 275.91387939 1.05544353
v 35.40273285 276.02456665 -0.08409306
v 31.74935913 274.5690918 0.70707566
v 30.99014091 267.05838013 -0.01742154
v 35.7370224 275.82458496 0.54967016
v 36.62171173 275.83364868 -1.26370025
v 33.73492432 274.6449585 1.25523233
v 31.95666885 273.75701904 0.50053954
v 32.13344574 267.23327637 1.13573265
v 37.20859528 275.59405518 -0.87437683
v 37.07991028 275.5769043 -2.88788295
v 33.74908447 273.82434082 0.98789006
v 35.73110962 274.55563354 0.74933374
v 33.6838913 260.89715576 3.01305509
v 37.76174927 275.28408813 -2.83512425
v 36.65456009 275.3230896 -4.52144146
v 33.7067337 267.293396 1.57007217
v 35.54730225 273.7427063 0.52471936
v 37.20305634 274.32504272 -0.67506605
v 35.48210907 260.81555176 2.54988432
v 37.2482605 274.97772217 -4.80719137
v 35.45962524 275.14031982 -5.72666693
v 35.28844452 267.22259521 1.16921604
v 36.85515594 273.5378418 -0.74089533
v 37.75634003 274.01498413 -2.63630152
v 37.13021088 259.87792969 1.58821416
v 35.80570984 274.75708008 -6.26216459
v 33.81529999 275.07751465 -6.18062115
v 33.82064819 274.6812439 -6.81018734
v 36.78997803 260.61065674 1.28426993
v 36.45475769 267.03991699 0.04057399
v 37.24271774 273.70858765 -4.60885859
v 35.7998085 273.487854 -6.06419516
v 33.81425476 273.41201782 -6.61235237
v 37.36138153 273.25418091 -2.53532219
v 37.68349457 259.56787109 -0.37302068
v 35.58483887 272.77996826 -5.61954212
v 33.82061768 272.71255493 -6.10659552
v 36.89116669 272.97814941 -4.31225634
v 37.29620361 260.32702637 -0.51015717
v 36.89315796 266.79425049 -1.51343513
v 37.1626091 257.99246216 -2.14628649
v 35.3710556 257.57406616 -2.97474909
v 35.34287643 266.3765564 -4.22957039
v 33.76959991 266.31646729 -4.66391039
v 33.75543976 259.78540039 -4.08142948
v 36.48618317 266.55145264 -3.07641673
v 35.51965332 259.85275269 -3.59437752
v 33.74139786 258.96487427 -4.34907198
v 36.82598877 260.05099487 -2.28709173
v 35.72695923 259.04074097 -3.80091357
v 33.73499298 257.69592285 -4.14928246
v 37.1698761 259.26147461 -2.34557772
v 35.72006989 257.77178955 -3.60126042
v 33.72672272 257.5112915 -3.42870283
v 32.83531952 231.54522705 -0.88353175
v 32.82126617 231.37536621 -0.15939976
v 31.16077423 231.41441345 0.23443638
v 30.8307476 231.59237671 -0.40808538
v 32.81160736 232.80944824 -1.10997951
v 29.92001152 231.59761047 1.39235604
v 30.80654144 232.85658264 -0.63441533
v 32.80031204 233.63542175 -0.85956472
v 29.33287239 231.81350708 0.98977983
v 29.43142128 231.87585449 3.00409412
v 30.99058914 233.67666626 -0.43771368
v 32.65288544 240.15109253 -1.57966936
v 28.74303436 232.14941406 2.93550539
v 29.82593155 232.17459106 4.63778973
v 29.30828667 233.07780457 0.76379651
v 29.21929741 232.51004028 4.9077363
v 30.99781799 232.41378784 5.85569239
v 28.71829796 233.41378784 2.71000552
v 29.61976242 233.87905884 0.8415764
v 31.06412888 240.18843079 -1.20284951
v 30.63402557 232.79881287 6.37801504
v 32.63310242 232.52932739 6.33146906
v 29.19467354 233.77452087 4.68272734
v 29.09474373 234.18252563 2.59857702
v 32.60816956 232.93830872 6.95238256
v 34.29358673 232.49028015 5.93763304
v 30.60976791 234.06333923 6.15337133
v 34.61274338 232.89117432 6.47693586
v 35.53434753 232.30709839 4.77971458
v 30.74873352 246.55625916 -2.7344749
v 32.55846024 246.51501465 -3.15632558
v 29.87697411 240.36372375 -0.0949585
v 29.51801682 234.5030365 4.35138845
v 32.58439636 234.20288086 6.72788
v 36.11061859 232.66999817 5.07907057
v 36.02294159 232.02883911 3.16797614
v 30.53624916 247.25053406 -3.20122552
v 32.54132843 247.20339966 -3.67678952
v 29.4094944 240.62992859 1.44714558
v 30.81274986 234.76728821 5.69694948
v 34.58946991 234.1557312 6.25231552
v 36.70045853 232.33410645 3.13334608
v 35.62843323 231.73010254 1.53428161
v 30.51297951 248.5151062 -3.42584562
v 32.51755524 248.4679718 -3.90129161
v 30.83213615 248.91600037 -2.88654327
v 32.49263 248.87695312 -3.28037882
v 29.59136581 249.09918213 -1.72862315
v 29.01510048 248.73626709 -2.02798033
v 29.10277557 249.37741089 -0.11688456
v 29.03799629 247.47175598 -1.80301368
v 28.42525864 249.07217407 -0.08225488
v 29.49728394 249.67617798 1.51681054
v 29.3779068 246.75862122 -1.45518422
v 28.44801521 247.80773926 0.14319558
v 28.90151978 249.43280029 1.88997686
v 30.66918182 249.9153595 2.73471427
v 28.85288811 247.06208801 0.30181661
v 30.31625366 249.72155762 3.36025572
v 32.30446625 250.03089905 3.21049047
v 28.92439079 248.16847229 2.11591721
v 29.27616501 247.38261414 2.05462766
v 32.29039764 249.86105347 3.93462229
v 33.96493912 249.99185181 2.81665444
v 30.33947945 248.45729065 3.5865612
v 29.78695679 240.91577148 3.01025629
v 34.29496765 249.81391907 3.45917606
v 35.20571136 249.80867004 1.65873539
v 32.31411743 248.59683228 4.16107082
v 30.57089424 247.6468811 3.4001894
v 30.90821457 241.14460754 4.17553949
v 35.79284668 249.59275818 2.06131172
v 35.69429779 249.53041077 0.04699678
v 32.35358429 247.77149963 3.91135621
v 34.31917572 248.54968262 3.68550634
v 32.59542847 234.89193726 6.20811701
v 36.3826828 249.2568512 0.11558606
v 35.29978943 249.23167419 -1.58669758
v 32.47283936 241.25518799 4.63076019
v 34.159935 247.72772217 3.47553825
v 35.81743622 248.32844543 2.28729534
v 34.4017868 234.84811401 5.77229834
v 35.90642929 248.89624023 -1.85664427
v 34.12789536 248.99249268 -2.80460143
v 34.06158447 241.21783447 4.25394011
v 35.49117279 247.53117371 2.23319316
v 36.4074173 247.99249268 0.3410857
v 36.08773041 233.93452454 4.854105
v 34.49169159 248.60746765 -3.32692456
v 32.49263 248.87695312 -3.28037882
v 32.51755524 248.4679718 -3.90129161
v 35.7330246 234.65156555 4.52995396
v 35.24874878 241.0425415 3.14604974
v 35.93104553 247.63175964 -1.63163507
v 34.51595306 247.34292603 -3.10227966
v 32.54132843 247.20339966 -3.67678952
v 36.03097534 247.22375488 0.45251432
v 36.67770767 233.59854126 2.90789557
v 34.31297302 246.63896179 -2.64585876
v 32.55846024 246.51501465 -3.15632558
v 35.59431458 246.89865112 -1.32467508
v 36.27282715 234.34417725 2.74927497
v 35.71622467 240.77632141 1.60394609
v 36.22420502 231.97348022 1.16111553
v 34.45654297 231.49092102 0.31637761
v 34.21749878 240.26164246 -1.1244489
v 32.65288544 240.15109253 -1.57966936
v 32.80031204 233.63542175 -0.85956472
v 35.33876038 240.49050903 0.04083535
v 34.5548172 233.75939941 -0.34909785
v 32.81160736 232.80944824 -1.10997951
v 35.83616638 234.01905823 0.97208542
v 34.78623199 232.94897461 -0.53546989
v 32.83531952 231.54522705 -0.88353175
v 36.20133209 233.23780823 0.93517506
v 34.80945969 231.68470764 -0.30916396
v 32.82126617 231.37536621 -0.15939976
v 35.29978943 249.23167419 -1.58669758
v 32.43865204 247.31817627 0.34591687
v 35.69429779 249.53041077 0.04699678
v 34.12789536 248.99249268 -2.80460143
v 35.20571136 249.80867004 1.65873539
v 32.49263 248.87695312 -3.28037882
v 33.96493912 249.99185181 2.81665444
v 30.83213615 248.91600037 -2.88654327
v 32.30446625 250.03089905 3.21049047
v 29.59136581 249.09918213 -1.72862315
v 30.66918182 249.9153595 2.73471427
v 29.10277557 249.37741089 -0.11688456
v 29.49728394 249.67617798 1.51681054
v 31.16077423 231.41441345 0.23443638
v 32.82126617 231.37536621 -0.15939976
v 32.68707275 234.08810425 2.70517421
v 29.92001152 231.59761047 1.39235604
v 34.45654297 231.49092102 0.31637761
v 29.43142128 231.87585449 3.00409412
v 35.62843323 231.73010254 1.53428161
v 29.82593155 232.17459106 4.63778973
v 36.02294159 232.02883911 3.16797614
v 30.99781799 232.41378784 5.85569239
v 35.53434753 232.30709839 4.77971458
v 32.63310242 232.52932739 6.33146906
v 34.29358673 232.49028015 5.93763304
v 36.65456009 275.3230896 -4.52144146
v 33.77164459 273.44439697 -2.58705521
v 37.07991028 275.5769043 -2.88788295
v 35.45962524 275.14031982 -5.72666693
v 36.62171173 275.83364868 -1.26370025
v 33.81529999 275.07751465 -6.18062115
v 35.40273285 276.02456665 -0.08409306
v 32.16217041 275.15148926 -5.76166344
v 33.74959946 276.09854126 0.33486411
v 30.94318771 275.34240723 -4.582057
v 32.10527039 276.03573608 -0.11908879
v 30.48498535 275.59918213 -2.95787454
v 30.91033936 275.85290527 -1.32431448
v 32.07358551 257.5852356 -3.00974512
v 33.72672272 257.5112915 -3.42870283
v 33.7046814 260.16543579 -0.50678331
v 30.85461807 257.77618408 -1.83013785
v 35.3710556 257.57406616 -2.97474909
v 30.39640999 258.03292847 -0.2059557
v 36.565979 257.75689697 -1.76952314
v 30.82176781 258.28671265 1.42760384
v 36.99132919 258.01065063 -0.13596405
v 32.01669312 258.46948242 2.63282967
v 36.53312683 258.2673645 1.48821831
v 33.661026 258.53231812 3.08678198
v 35.31416321 258.45831299 2.66782546
v 18.96374893 275.76141357 -9.04998302
v 16.15489197 274.24871826 -6.72514868
v 19.39934731 276.35583496 -7.51025581
v 17.7615242 275.3052063 -10.17265129
v 18.95160103 276.92919922 -5.96603918
v 16.11480904 275.10946655 -10.57744694
v 17.74048233 277.32788086 -4.83110523
v 14.46483898 275.22668457 -10.1559
v 16.09051132 277.44506836 -4.4095583
v 13.25371838 275.62536621 -9.02096653
v 14.4437952 277.24935913 -4.81435204
v 12.80597305 276.19873047 -7.4767499
v 13.24156952 276.79315186 -5.93702269
v 14.8928566 258.60357666 -3.85958695
v 16.5428257 258.48641968 -4.28113461
v 16.47844696 261.68273926 -1.96554339
v 13.6817379 259.00228882 -2.72465277
v 18.18954468 258.68212891 -3.87633967
v 13.23399067 259.57568359 -1.18043613
v 19.3917675 259.13830566 -2.7536695
v 13.66958809 260.17007446 0.359292
v 19.82736206 259.73272705 -1.21394157
v 14.87181377 260.62628174 1.48196185
v 19.3796196 260.30612183 0.33027416
v 16.51852989 260.82199097 1.88675559
v 18.16849899 260.70480347 1.46520877
v 20.42059517 248.62799072 -2.18221617
v 17.70741272 246.30343628 -0.503609
v 20.7545929 248.81286621 -0.51845133
v 19.29907227 248.39620972 -3.44803476
v 20.21157455 248.90119934 1.09745693
v 17.69053841 248.17955017 -3.9767313
v 18.93703651 248.86941528 2.23252702
v 16.02599525 248.03611755 -3.62664056
v 17.27249527 248.72598267 2.58261752
v 14.75145817 248.00431824 -2.49157023
v 15.66396046 248.50935364 2.05392194
v 14.20843887 248.09269714 -0.87566161
v 14.5424366 248.27754211 0.7881037
v 17.87711143 230.42323303 -2.04142666
v 19.54165459 230.56666565 -2.39151764
v 19.10673523 232.98921204 0.69470972
v 16.60257721 230.39144897 -0.90635598
v 21.15019035 230.78329468 -1.86282063
v 16.05955505 230.4797821 0.70955211
v 22.27171135 231.0151062 -0.59700257
v 16.39355278 230.66465759 2.37331748
v 22.60571098 231.19995117 1.06676269
v 17.51507568 230.89645386 3.6391356
v 22.06269264 231.28831482 2.68267083
v 19.12361145 231.11309814 4.1678319
v 20.7881546 231.25653076 3.81774044
v -38.39060211 270.31015015 -2.14592934
v -43.01586151 270.94152832 8.424E-05
v -37.98400116 269.90350342 8.366E-05
v -39.50146484 271.42098999 -3.71692109
v -38.39060211 270.31015015 2.14609718
v -41.0189209 272.93847656 -4.2919445
v -39.50145721 271.42098999 3.7170887
v -42.53638458 274.45593262 -3.71692061
v -41.0189209 272.93847656 4.29211283
v -43.64724731 275.56677246 -2.14592934
v -42.53638458 274.45593262 3.71708941
v -44.05384827 275.97338867 8.47E-05
v -43.64724731 275.56677246 2.14609814
v -62.44355392 254.98623657 -3.71692061
v -60.92609024 253.46878052 -4.29194403
v -58.92914963 255.46572876 8.451E-05
v -63.55441666 256.09710693 -2.14592862
v -59.40863419 251.9513092 -3.71692038
v -63.96101761 256.50372314 8.519E-05
v -58.2977829 250.84046936 -2.14592934
v -63.55441666 256.09710693 2.14609885
v -57.8911705 250.43386841 8.416E-05
v -62.44355392 254.98623657 3.71708989
v -58.29777145 250.84046936 2.14609742
v -60.92609024 253.46878052 4.2921133
v -59.40863419 251.9513092 3.71708941
v -44.10599518 231.77684021 -2.14593482
v -43.47461319 236.40208435 7.96E-05
v -44.51259232 231.37023926 7.849E-05
v -42.99514008 232.88769531 -3.71692634
v -44.10599518 231.77684021 2.14609194
v -41.47767258 234.40516663 -4.29194975
v -42.99513245 232.88769531 3.71708345
v -39.96022034 235.92262268 -3.71692586
v -41.47767258 234.40513611 4.29210758
v -38.84934616 237.03346252 -2.1459341
v -39.96021271 235.92262268 3.71708465
v -38.44275665 237.44007874 7.952E-05
v -38.8493576 237.03346252 2.14609337
v -56.32423019 252.28665161 -3.71692109
v -57.84169388 250.7691803 -4.29194498
v -55.84474945 248.77224731 8.361E-05
v -55.21336746 253.39749146 -2.1459291
v -59.35914993 249.25172424 -3.71692109
v -54.80677414 253.80410767 8.483E-05
v -60.47000885 248.14085388 -2.14592934
v -55.21336746 253.39749146 2.14609838
v -60.8766098 247.73423767 8.38E-05
v -56.32423019 252.28665161 3.71708941
v -60.47000885 248.14085388 2.14609718
v -57.84169006 250.7691803 4.29211235
v -59.35914993 249.25172424 3.71708822
v -49.14950562 249.9783783 -2.27887464
v -45.87689209 253.92884827 0.00017622
v -49.14951324 251.64715576 -3.94877005
v -49.14950562 249.36811829 0.00168967
v -49.14951324 253.92732239 -4.56054878
v -49.14950562 249.97987366 2.28184915
v -49.14951324 256.20788574 -3.950284
v -49.14950562 251.64978027 3.95063686
v -49.14951324 257.87930298 -2.27887535
v -49.14950562 253.93035889 4.56090164
v -49.14951324 258.48956299 -0.00133632
v -49.14951324 256.20788574 3.95063686
v -49.14951324 257.87930298 2.27922916
v 2.39347506 195.27557373 -4.00446844
v 0.08150254 198.08895874 -6.56E-06
v 0.08149853 195.27557373 -4.62396049
v 4.08595991 195.27557373 -2.31198382
v -2.23047853 195.27557373 -4.00446701
v 4.70545197 195.27557373 -7.76E-06
v -3.92296362 195.27557373 -2.31198263
v 4.08596039 195.27557373 2.31196809
v -4.54245472 195.27557373 -6.75E-06
v 2.39347601 195.27557373 4.00445271
v -3.92296243 195.27557373 2.31196833
v 0.08149879 195.27557373 4.62394524
v -2.23047686 195.27557373 4.00445318
v -3.26805186 249.96824646 -1.93236971
v 0.08149396 247.19343567 6.65E-06
v -1.85310864 249.96824646 -3.34825253
v -3.78548384 249.96824646 0.00129078
v 0.08021344 249.96824646 -3.86697197
v -3.26676774 249.96824646 1.9346081
v 2.01387477 249.96824646 -3.34953666
v -1.85088384 249.96824646 3.34955072
v 3.43103695 249.96824646 -1.93237102
v 0.08277735 249.96824646 3.8669858
v 3.94847584 249.96824646 -0.00127596
v 2.01387525 249.96824646 3.34955001
v 3.43103743 249.96824646 1.9323858
v 47.8146286 249.56166077 2.52156258
v 44.49652863 253.92884827 0.00016842
v 47.8146286 251.40745544 4.36735249
v 47.8146286 248.88606262 0.00016791
v 47.8146286 253.92884827 5.04295969
v 47.8146286 249.56166077 -2.52122664
v 47.8146286 256.45025635 4.36735296
v 47.8146286 251.40745544 -4.36701632
v 47.8146286 258.29602051 2.52156305
v 47.8146286 253.92884827 -5.04262304
v 47.8146286 258.97164917 0.00016817
v 47.8146286 256.45025635 -4.36701679
v 47.8146286 258.29602051 -2.52122712
v 140.26965332 1.29636717 -67.09371185
v 145.98892212 1.29636467 -51.95795441
v -1.751E-05 1.29635608 -5.113E-05
v 133.99014282 1.29636919 -79.9353714
v 150.58468628 1.29633141 -35.2143898
v 127.1140213 1.29634058 -91.09991455
v 153.45237732 1.29626751 -17.75612831
v 119.47148895 1.2962507 -101.35534668
v 154.42193604 1.29626453 -5.503E-05
v 110.95790863 1.29622161 -110.77024078
v 153.45237732 1.29626179 17.75601578
v 101.51852417 1.29625356 -119.27049255
v 150.58468628 1.29635048 35.21427155
v 91.23223114 1.29634631 -126.91052246
v 145.98895264 1.29637825 51.95783234
v 80.0358429 1.29637802 -133.7928772
v 140.26965332 1.29637575 67.09359741
v 67.16369629 1.29640949 -140.0838623
v 133.99014282 1.29637372 79.93524933
v 52.00071335 1.29637992 -145.81590271
v 127.11403656 1.29634118 91.09980774
v 35.23603821 1.29635012 -150.42256165
v 119.47148895 1.29624796 101.35523987
v 17.76460266 1.29635072 -153.29672241
v 110.95790863 1.29621601 110.77011871
v -3.052E-05 1.29635084 -154.26828003
v 101.51852417 1.29624522 119.27038574
v -17.76464653 1.29635072 -153.29672241
v 91.2322464 1.2963661 126.91041565
v -35.23608398 1.29641128 -150.42253113
v 80.03585052 1.2963649 133.79278564
v -52.00076294 1.29644084 -145.81590271
v 67.16372681 1.29642498 140.08375549
v -67.16375732 1.29644001 -140.08384705
v 52.00073242 1.29639351 145.81581116
v -80.03590393 1.29643905 -133.7928772
v 35.23603821 1.29636204 150.42245483
v -91.23228455 1.29640734 -126.9105072
v 17.76461792 1.29636168 153.29663086
v -101.51856995 1.2963146 -119.27047729
v -1.526E-05 1.29636157 154.26820374
v -110.95795441 1.29628265 -110.77021027
v -17.76464653 1.29636168 153.29663086
v -119.47153473 1.29634225 -101.35533905
v -35.23606491 1.29639268 150.42247009
v -127.11408234 1.29640162 -91.09989929
v -52.00074768 1.29642403 145.81581116
v -133.99017334 1.29646075 -79.93534851
v -67.16374969 1.29642498 140.08377075
v -140.26968384 1.29645872 -67.09368896
v -80.03587341 1.29642594 133.79278564
v -145.98898315 1.2964561 -51.95793533
v -91.23227692 1.29642713 126.91042328
v -150.5847168 1.29642296 -35.21437836
v -101.51856995 1.29630625 119.27039337
v -153.4524231 1.29641998 -17.75611115
v -110.95794678 1.29627717 110.77013397
v -154.42195129 1.29638672 -3.977E-05
v -119.4715271 1.29630911 101.35525513
v -153.45240784 1.29641438 17.75603294
v -127.11406708 1.29643273 91.099823
v -150.5847168 1.2964114 35.2142868
v -133.99017334 1.29643476 79.93526459
v -145.9889679 1.29643929 51.95784378
v -140.26968384 1.29643679 67.0936203
v -150.0125885 2.2073276 53.78623199
v -150.5847168 1.2964114 35.2142868
v -145.9889679 1.29643929 51.95784378
v -154.85415649 2.20723867 36.43453217
v -153.45240784 1.29641438 17.75603294
v -144.03308105 2.20735574 69.40929413
v -140.26968384 1.29643679 67.0936203
v -157.87588501 2.20718074 18.36162376
v -154.42195129 1.29638672 -3.977E-05
v -137.54985046 2.20738411 82.52683258
v -133.99017334 1.29643476 79.93526459
v -158.89579773 2.20715332 -3.962E-05
v -153.4524231 1.29641998 -17.75611115
v -130.50680542 2.2071991 93.85900116
v -127.11406708 1.29643273 91.099823
v -157.87590027 2.2071867 -18.36170387
v -150.5847168 1.29642296 -35.21437836
v -122.69831848 2.20695329 104.29551697
v -119.4715271 1.29630911 101.35525513
v -154.85412598 2.2072506 -36.43462372
v -145.98898315 1.2964561 -51.95793533
v -114.01187134 2.20682955 113.90706635
v -110.95794678 1.29627717 110.77013397
v -150.01255798 2.20734525 -53.78631973
v -140.26968384 1.29645872 -67.09368896
v -104.39569855 2.20695019 122.59622955
v -101.51856995 1.29630625 119.27039337
v -144.03308105 2.20737815 -69.40937805
v -133.99017334 1.29646075 -79.93534851
v -93.94855499 2.20719314 130.41262817
v -91.23227692 1.29642713 126.91042328
v -137.54986572 2.20734978 -82.52690125
v -127.11408234 1.29640162 -91.09989929
v -82.60172272 2.20737505 137.46601868
v -80.03587341 1.29642594 133.79278564
v -130.50680542 2.20722938 -93.85906219
v -119.47153473 1.29634225 -101.35533905
v -69.4667511 2.20734358 143.96009827
v -67.16374969 1.29642498 140.08377075
v -122.69831085 2.20698714 -104.29558563
v -110.95795441 1.29628265 -110.77021027
v -53.82486725 2.20731187 149.94944763
v -52.00074768 1.29642403 145.81581116
v -114.01187134 2.20683599 -113.90713501
v -101.51856995 1.2963146 -119.27047729
v -36.4562912 2.2072196 154.79837036
v -35.23606491 1.29639268 150.42247009
v -104.39569855 2.20695972 -122.59629822
v -91.23228455 1.29640734 -126.9105072
v -18.37109375 2.20712757 157.8241272
v -17.76464653 1.29636168 153.29663086
v -93.9485321 2.20720506 -130.41271973
v -80.03590393 1.29643905 -133.7928772
v -1.526E-05 2.2070663 158.84521484
v -1.526E-05 1.29636157 154.26820374
v -82.60174561 2.20735884 -137.46611023
v -67.16375732 1.29644001 -140.08384705
v 18.37107849 2.20712757 157.82415771
v 17.76461792 1.29636168 153.29663086
v -69.46676636 2.20735955 -143.96018982
v -52.00076294 1.29644084 -145.81590271
v 36.4562645 2.20718908 154.79840088
v 35.23603821 1.29636204 150.42245483
v -53.82487106 2.20733023 -149.94950867
v -35.23608398 1.29641128 -150.42253113
v 53.82484055 2.20728159 149.94943237
v 52.00073242 1.29639351 145.81581116
v -36.45629883 2.20723963 -154.79847717
v -17.76464653 1.29635072 -153.29672241
v 69.46671295 2.20734358 143.96009827
v 67.16372681 1.29642498 140.08375549
v -18.37110901 2.2071178 -157.82424927
v -3.052E-05 1.29635084 -154.26828003
v 82.60171509 2.20731401 137.46601868
v 80.03585052 1.2963649 133.79278564
v -3.052E-05 2.20705724 -158.84529114
v 17.76460266 1.29635072 -153.29672241
v 93.94850159 2.2071321 130.41262817
v 91.2322464 1.2963661 126.91041565
v 18.37106323 2.2071178 -157.82421875
v 35.23603821 1.29635012 -150.42256165
v 104.39567566 2.20688915 122.59621429
v 101.51852417 1.29624522 119.27038574
v 36.45625305 2.20717859 -154.79847717
v 52.00071335 1.29637992 -145.81590271
v 114.01184845 2.20676851 113.90703583
v 110.95790863 1.29621601 110.77011871
v 53.8248291 2.20726919 -149.94953918
v 67.16369629 1.29640949 -140.0838623
v 122.69828033 2.20689225 104.29550171
v 119.47148895 1.29624796 101.35523987
v 69.46670532 2.20732927 -143.96018982
v 80.0358429 1.29637802 -133.7928772
v 130.5067749 2.20713806 93.85897064
v 127.11403656 1.29634118 91.09980774
v 82.6016922 2.2072978 -137.46611023
v 91.23223114 1.29634631 -126.91052246
v 137.54983521 2.20729232 82.52680969
v 133.99014282 1.29637372 79.93524933
v 93.94851685 2.20714402 -130.41271973
v 101.51852417 1.29625356 -119.27049255
v 144.03305054 2.20732522 69.4092865
v 140.26965332 1.29637575 67.09359741
v 104.3956604 2.20689869 -122.59632111
v 110.95790863 1.29622161 -110.77024078
v 150.01254272 2.20726657 53.78621674
v 145.98895264 1.29637825 51.95783234
v 114.01183319 2.20677519 -113.9071579
v 119.47148895 1.2962507 -101.35534668
v 154.85409546 2.20717788 36.43451691
v 150.58468628 1.29635048 35.21427155
v 122.69828033 2.20689559 -104.29560852
v 127.1140213 1.29634058 -91.09991455
v 157.87586975 2.20702815 18.36160851
v 153.45237732 1.29626179 17.75601578
v 130.5067749 2.20713806 -93.85908508
v 133.99014282 1.29636919 -79.9353714
v 158.89576721 2.20703125 -5.488E-05
v 154.42193604 1.29626453 -5.503E-05
v 137.54981995 2.20728874 -82.52690125
v 140.26965332 1.29636717 -67.09371185
v 157.87585449 2.20703435 -18.36171913
v 153.45237732 1.29626751 -17.75612831
v 144.03305054 2.20731711 -69.40938568
v 145.98892212 1.29636467 -51.95795441
v 154.85412598 2.20715928 -36.43463898
v 150.58468628 1.29633141 -35.2143898
v 150.01255798 2.20725369 -53.78633881
v 161.48725891 3.83422852 -5.461E-05
v 160.44238281 3.83435369 -18.71146584
v 157.34259033 3.83441758 -37.14441681
v 152.37417603 3.83466434 -54.86045074
v 146.26060486 3.83481979 -70.78102875
v 139.67338562 3.83473039 -84.07077789
v 160.44241333 3.83434749 18.71133804
v 132.53875732 3.83442712 -95.50676727
v 157.34259033 3.83443618 37.14429474
v 124.62692261 3.83387947 -106.04858398
v 152.37416077 3.83467746 54.86032867
v 115.82885742 3.83360648 -115.77342987
v 146.26062012 3.83482718 70.78092194
v 106.10296631 3.83394361 -124.57449341
v 139.67338562 3.83473372 84.07067108
v 95.55648804 3.83443308 -132.49194336
v 132.53875732 3.8344264 95.50663757
v 84.11322784 3.83473945 -139.63308716
v 124.62693787 3.83387542 106.04847717
v 70.81417084 3.83483219 -146.22674561
v 115.82888031 3.83359933 115.77333069
v 54.8830452 3.83474159 -152.34593201
v 106.10298157 3.83396411 124.5743866
v 37.15729523 3.83449841 -157.31845093
v 95.55648804 3.83445096 132.49186707
v 18.71708679 3.83437681 -160.42044067
v 84.11323547 3.83475494 139.63301086
v -1.526E-05 3.83425474 -161.46589661
v 70.81417084 3.83481503 146.22668457
v -18.71713257 3.83437681 -160.42044067
v 54.88306808 3.83475304 152.3458252
v -37.15733337 3.83452892 -157.31845093
v 37.15730286 3.83450794 157.31835938
v -54.8830986 3.83477211 -152.34590149
v 18.71710205 3.83435488 160.42034912
v -70.81422424 3.83486271 -146.22677612
v -1.526E-05 3.83426332 161.46580505
v -84.11328125 3.83480048 -139.63310242
v -18.71711731 3.83435488 160.42034912
v -95.55651855 3.8344636 -132.49195862
v -37.15733337 3.83450794 157.31835938
v -106.10301208 3.83397412 -124.57448578
v -54.88308716 3.83475304 152.34584045
v -115.82891083 3.83366752 -115.77341461
v -70.81420898 3.83487606 146.22666931
v -124.62696838 3.8340013 -106.04856873
v -84.11326599 3.83481598 139.63298035
v -132.53878784 3.83448815 -95.50672913
v -95.55653381 3.83445096 132.49185181
v -139.67341614 3.83485222 -84.07076263
v -106.10300446 3.83396411 124.57440186
v -146.26063538 3.83485031 -70.78101349
v -115.82889557 3.83366013 115.77333069
v -152.37419128 3.83478665 -54.86043549
v -124.62696838 3.83396697 106.04850006
v -157.34260559 3.83457017 -37.14440155
v -132.53878784 3.83445692 95.50667572
v -160.44242859 3.83438396 -18.71145058
v -139.67341614 3.83482504 84.07068634
v -161.48725891 3.83431983 -3.935E-05
v -146.26063538 3.83488822 70.78095245
v -160.44241333 3.834378 18.71135521
v -152.37420654 3.83476877 54.86034012
v -157.34260559 3.83455825 37.14431
v -133.79615784 6.63755751 96.51688385
v -140.996521 6.63810873 85.0255661
v -147.65594482 6.63823318 71.63441467
v -153.86174011 6.63799143 55.52884293
v -158.91697693 6.6376276 37.58429718
v -162.06956482 6.63735628 18.92740631
v -125.80818939 6.6366396 107.1153183
v -163.13102722 6.63723707 -3.89E-05
v -116.93236542 6.63611984 116.9076004
v -162.06956482 6.63736248 -18.92749786
v -107.13961029 6.63663673 125.78475189
v -158.91696167 6.63764048 -37.58438873
v -96.53911591 6.63755083 133.77523804
v -153.86174011 6.63800907 -55.52894592
v -85.04456329 6.63809919 140.97848511
v -147.6559906 6.63819456 -71.6344986
v -71.64926147 6.63822079 147.64079285
v -140.996521 6.63807535 -85.02563477
v -55.53900528 6.63797474 153.84907532
v -133.79614258 6.63758898 -96.51695251
v -37.59012604 6.63760805 158.90614319
v -125.80818939 6.63667536 -107.11538696
v -18.92999268 6.63730288 162.05973816
v -116.93238068 6.636127 -116.9076767
v 0 6.63717985 163.12147522
v -107.13961029 6.63661718 -125.78485107
v 18.92997742 6.63730288 162.05973816
v -96.53912354 6.63756418 -133.77532959
v 37.59010315 6.63757753 158.90612793
v -85.04454803 6.63808441 -140.97859192
v 55.53898239 6.63794422 153.84909058
v -71.64926147 6.63820744 -147.64091492
v 71.64923096 6.63815975 147.64082336
v -55.53901672 6.63799477 -153.84918213
v 85.04451752 6.63803816 140.97848511
v -37.59013367 6.63762903 -158.90621948
v 96.53907776 6.6374898 133.77523804
v -18.93000793 6.63729382 -162.05982971
v 107.13956451 6.63657618 125.78475189
v -1.526E-05 6.63717222 -163.12153625
v 116.93235779 6.63605833 116.90758514
v 18.92996216 6.63729382 -162.05982971
v 125.8081665 6.63657856 107.11530304
v 37.59009552 6.637568 -158.90623474
v 133.79611206 6.63743544 96.51686096
v 55.53897476 6.63793373 -153.84916687
v 140.99650574 6.6380477 85.02555084
v 71.64922333 6.63817692 -147.64089966
v 147.65594482 6.63817215 71.63440704
v 85.04451752 6.63805389 -140.97857666
v 153.86169434 6.63792992 55.52883911
v 96.53907776 6.63750315 -133.77532959
v 158.91693115 6.63756657 37.58428192
v 107.13957214 6.63658667 -125.7848587
v 162.06954956 6.63726473 18.92739105
v 116.9323349 6.63606596 -116.90769196
v 163.13101196 6.63714552 -5.416E-05
v 125.80815887 6.63658381 -107.11540985
v 162.06954956 6.63727093 -18.92749786
v 133.79611206 6.63743639 -96.51696014
v 158.91693115 6.63754845 -37.58440399
v 140.99649048 6.63804483 -85.02565765
v 153.86169434 6.637918 -55.52894974
v 147.65592957 6.63816404 -71.63451385
v 163.07321167 12.42077827 -19.04669762
v 159.87316895 12.42108727 -37.8285408
v 154.73905945 12.42154789 -55.90135574
v 148.44815063 12.42176437 -72.10330963
v 141.72003174 12.42161465 -85.53000641
v 134.45600891 12.42097569 -97.02427673
v 164.14944458 12.42062378 -5.321E-05
v 163.07321167 12.42077351 19.04657555
v 164.61776733 22.78762817 -5.152E-05
v 163.52775574 22.78339005 -19.08063316
v 160.28283691 22.77020836 -37.90080643
v 155.07312012 22.74805641 -56.01472855
v 148.69972229 22.72025681 -72.23471069
v 159.87315369 12.42110538 37.82842636
v 163.52780151 22.78338242 19.08051491
v 164.2353363 37.1880455 -6.444E-05
v 163.14334106 37.15368652 -19.02513504
v 159.89082336 37.04642487 -37.792099
v 154.73907471 12.42156029 55.9012413
v 160.28283691 22.77019691 37.90069199
v 163.14335632 37.15368271 19.0250206
v 162.60102844 54.42657471 -6.163E-05
v 148.44815063 12.421772 72.10318756
v 155.07313538 22.74803734 56.01462173
v 159.89082336 37.04644012 37.79197693
v 141.72006226 12.42161655 85.52988434
v 148.69975281 22.72026443 72.23458862
v 134.45600891 12.42097282 97.0241394
v 161.53126526 54.31918335 -18.86203003
v 161.53126526 54.31917953 18.86190796
v 154.66744995 36.86681366 55.85572815
v 141.90385437 22.69020271 85.63510132
v 126.39704895 12.41996479 107.63058472
v 159.28741455 72.8800354 -5.862E-05
v 158.3475647 53.98509979 37.46672058
v 148.28094482 36.64323807 72.02342987
v 134.57647705 22.65715027 97.0810318
v 117.46097565 12.41935349 117.45345306
v 158.27212524 72.67437744 18.53267097
v 153.23681641 53.4274826 55.37533188
v 141.47875977 36.40309143 85.36525726
v 126.44927216 22.62360954 107.64829254
v 107.6379776 12.41996098 126.38994598
v 155.25274658 72.04161835 36.81686783
v 146.98046875 52.73344421 71.42112732
v 134.14813232 36.14225769 96.751091
v 117.46788025 22.60752487 117.46692657
v 97.03091431 12.42099857 134.44966125
v 150.40541077 70.99449921 54.4305687
v 140.30157471 51.98716354 84.69483948
v 126.01859283 35.87919235 107.26507568
v 107.64925385 22.62360382 126.44833374
v 85.53567505 12.42166901 141.71455383
v 144.45246887 69.69132996 70.25782776
v 133.09552002 51.17621994 96.04466248
v 117.04811859 35.75361252 117.04807281
v 97.08192444 22.65714455 134.57562256
v 72.10771179 12.42179012 148.44354248
v 138.06283569 68.28352356 83.4282608
v 125.09882355 50.35831833 106.52281952
v 107.26512909 35.87919235 126.01854706
v 85.63586426 22.69019318 141.90312195
v 55.90435791 12.42157555 154.73521423
v 131.14523315 66.74900818 94.74748993
v 116.24073029 49.96808624 116.24065399
v 96.75117493 36.14224625 134.14808655
v 72.23521423 22.72031212 148.6991272
v 37.83023071 12.42117691 159.86984253
v 123.4457016 65.20033264 105.20117188
v 106.52287292 50.35831833 125.09877777
v 85.36531067 36.4030838 141.47868347
v 56.01505661 22.74808311 155.07260132
v 19.04740906 12.42078018 163.07022095
v 114.81890869 64.46144104 114.81884766
v 96.04473877 51.17621231 133.09544373
v 72.02349854 36.64322662 148.28088379
v 37.90097046 22.77026558 160.28242493
v 0 12.42065811 164.14653015
v 105.20123291 65.20032501 123.44567871
v 84.69490051 51.98715973 140.30151367
v 55.85578537 36.86682129 154.6673584
v 19.08067322 22.78345108 163.52737427
v -19.04740906 12.4208107 163.07023621
v 94.74755859 66.74906158 131.14517212
v 71.4211731 52.73343277 146.98042297
v 37.79203415 37.04645157 159.89077759
v -37.83023071 12.42117691 159.86987305
v 83.42832947 68.28354645 138.06274414
v 55.37540817 53.42749405 153.23674011
v -55.90435791 12.42157555 154.73519897
v 70.25788116 69.6913147 144.45239258
v -72.10773468 12.42185116 148.44352722
v -85.53569031 12.42166901 141.71455383
v -97.03093719 12.42105961 134.44967651
v -107.63801575 12.42002296 126.38995361
v -117.46101379 12.41950607 117.45346832
v -126.3970871 12.42002583 107.63062286
v -134.45602417 12.42106438 97.02416992
v -141.720047 12.42173862 85.5298996
v -148.44818115 12.42186356 72.10320282
v -154.73907471 12.42159081 55.90125275
v -159.87316895 12.42119789 37.82843781
v -163.07324219 12.42083454 19.04659271
v -164.14949036 12.42071533 -3.795E-05
v -163.07324219 12.42084026 -19.04668427
v -164.61778259 22.78771782 -5.152E-05
v -163.52780151 22.78350449 19.08053017
v -160.28286743 22.77031898 37.90070724
v -155.07313538 22.74812889 56.01462555
v -159.87316895 12.42120934 -37.82852554
v -163.52781677 22.78351212 -19.0806179
v -164.2353363 37.1882019 -4.918E-05
v -163.14337158 37.15380478 19.02503586
v -154.73910522 12.42160988 -55.90133667
v -160.28286743 22.77033043 -37.90079117
v -163.14337158 37.15380859 -19.02511787
v -148.44818115 12.42188549 -72.10329437
v -155.07316589 22.74814606 -56.01472092
v -141.72006226 12.42176628 -85.52999115
v -159.89082336 37.04650116 37.79199219
v -162.60099792 54.42666245 -4.637E-05
v -159.89086914 37.04651642 -37.79206848
v -148.69976807 22.72034645 -72.23469543
v -134.45602417 12.42109776 -97.02424622
v -161.53123474 54.31929779 18.86192322
v -161.53123474 54.31930923 -18.86199951
v -154.66744995 36.86691666 -55.85581589
v -141.90386963 22.69022942 -85.63520813
v -126.39709473 12.42006016 -107.63069153
v -159.28738403 72.88015747 -4.336E-05
v -158.34753418 53.98523712 -37.46682739
v -148.28096008 36.64332199 -72.02352905
v -134.57647705 22.6572113 -97.08113861
v -117.46099854 12.41948318 -117.45355225
v -158.27209473 72.67449188 -18.53275871
v -153.23678589 53.42758942 -55.37543869
v -141.47877502 36.40318298 -85.36534882
v -126.44930267 22.62364388 -107.64839935
v -107.63802338 12.42003441 -126.3900528
v -155.25270081 72.04172516 -36.81697083
v -146.98046875 52.73352814 -71.42121887
v -134.14813232 36.14231491 -96.75119019
v -117.46792603 22.60759354 -117.46703339
v -97.03094482 12.42107296 -134.44973755
v -150.40536499 70.9945755 -54.43067551
v -140.30154419 51.98722458 -84.69493103
v -126.01860809 35.8792305 -107.26517487
v -107.64929199 22.62364769 -126.44844055
v -85.53570557 12.42168427 -141.71464539
v -144.45243835 69.69139099 -70.25793457
v -133.0954895 51.17631531 -96.0447464
v -117.04814148 35.7537117 -117.04815674
v -97.08195496 22.65721703 -134.57572937
v -72.10775757 12.42186832 -148.44363403
v -138.06280518 68.28358459 -83.42836761
v -125.09882355 50.35838318 -106.52290344
v -107.26513672 35.8792305 -126.01864624
v -85.63589478 22.69023895 -141.9032135
v -55.90436935 12.42159462 -154.73530579
v -131.14520264 66.74913025 -94.74759674
v -116.24073029 49.96821976 -116.24075317
v -96.75117493 36.14232635 -134.14820862
v -72.23524475 22.7203598 -148.69921875
v -37.83024597 12.42119884 -159.8699646
v -123.44572449 65.20042419 -105.20127869
v -106.52288055 50.35838318 -125.09886932
v -85.36532593 36.40319061 -141.47880554
v -56.01505661 22.74813271 -155.07269287
v -19.04743958 12.42080212 -163.0703125
v -114.81890869 64.46150208 -114.81895447
v -96.04473877 51.17632294 -133.09552002
v -72.02349854 36.64330292 -148.28100586
v -37.90098572 22.77029037 -160.28248596
v -1.526E-05 12.42065048 -164.14663696
v -105.20124054 65.20043182 -123.44578552
v -84.69490051 51.98723602 -140.30158997
v -55.85578537 36.86684799 -154.66749573
v -19.08068848 22.78347397 -163.52748108
v 19.0473938 12.42080212 -163.07032776
v -94.74755859 66.74913788 -131.14527893
v -71.4211731 52.73353958 -146.98051453
v -37.79203415 37.04647446 -159.89089966
v 37.83020782 12.42116833 -159.86994934
v -83.42832947 68.28359222 -138.06283569
v -55.37540817 53.42757797 -153.23684692
v 55.90434265 12.4215641 -154.73529053
v -70.25788116 69.69139862 -144.45248413
v 72.10770416 12.42177677 -148.44361877
v 85.53565979 12.42162323 -141.71466064
v 97.03089905 12.42098141 -134.44976807
v 107.6379776 12.41997337 -126.39006042
v 117.46097565 12.41936111 -117.45357513
v 126.39704132 12.41996956 -107.63072968
v 72.23519135 22.72029877 -148.69920349
v 85.63586426 22.69020844 -141.90322876
v 97.08190918 22.65715599 -134.57571411
v 107.64924622 22.62361717 -126.44846344
v 117.46789551 22.6075325 -117.46703339
v 126.44926453 22.62361336 -107.64842224
v 134.57644653 22.65715027 -97.08115387
v 56.01504517 22.74807167 -155.07270813
v 141.90382385 22.69013596 -85.63522339
v 37.9009552 22.77025795 -160.28248596
v 19.08065796 22.78344345 -163.52748108
v -1.526E-05 22.78765488 -164.61746216
v -19.02508354 37.15371323 -163.14343262
v -37.46679688 53.98519516 -158.34761047
v -54.43063354 70.99452972 -150.40544128
v 148.28092957 36.64323044 -72.02354431
v 141.47874451 36.40309143 -85.36536407
v 154.66741943 36.8667984 -55.85583496
v 158.3475647 53.98511124 -37.46684265
v 153.23681641 53.42746353 -55.37545776
v 158.27212524 72.67437744 -18.53278923
v 134.14810181 36.14225769 -96.75119781
v 146.98046875 52.7334404 -71.42121887
v 155.25274658 72.04163361 -36.81699753
v 154.09205627 90.87805176 -5.569E-05
v 126.01859283 35.87919617 -107.26517487
v 140.30155945 51.98716354 -84.69493103
v 150.40542603 70.99448395 -54.43068695
v 153.16488647 90.57478333 -17.99756813
v 153.16488647 90.57479858 17.99744225
v 117.04811096 35.75362015 -117.04817963
v 144.45246887 69.69132996 -70.25793457
v 150.40541077 89.6553421 -35.76984406
v 147.73880005 106.98916626 -5.307E-05
v 150.40542603 89.6553421 35.76972198
v 107.26511383 35.87913895 -126.01865387
v 145.96737671 88.15125275 -52.92661285
v 146.91268921 106.61347961 -17.3314743
v 146.91270447 106.61347961 17.33136749
v 145.96740723 88.15125275 52.92649841
v 96.75114441 36.14226532 -134.14822388
v 144.45246887 105.48262787 -34.46667862
v 140.96980286 120.28881073 -5.09E-05
v 144.45246887 105.48262787 34.46655655
v 140.48829651 86.27846527 68.4172821
v 85.36528015 36.40309906 -141.47880554
v 140.23794556 119.88197327 -16.61522293
v 140.23794556 119.88192749 16.61510658
v 140.48832703 103.64203644 51.05368042
v 134.559021 84.24057007 81.41990662
v 72.02347565 36.6432724 -148.28100586
v 133.67388916 131.64172363 -6.431E-05
v 138.06280518 118.65303802 33.05877304
v 135.56240845 101.3431778 66.11840057
v 128.10037231 82.00856018 92.68573761
v 55.85577393 36.86681747 -154.66751099
v 133.03625488 131.22766113 15.83677197
v 134.55905151 116.64466858 49.01581573
v 130.17749023 98.82146454 78.89456177
v 120.86287689 79.7530365 103.10952759
v 37.79202271 37.04644394 -159.89089966
v 131.14526367 129.97225952 31.5242939
v 130.17753601 114.1193161 63.59671783
v 124.26673126 96.04384613 90.07138062
v 112.58604431 78.67664337 112.58596039
v 19.02507019 37.15371323 -163.14343262
v 128.10038757 127.91049194 46.78381729
v 125.33588409 111.32392883 76.09918976
v 117.58338165 93.23092651 100.43843842
v 103.10959625 79.75302887 120.86281586
v -1.526E-05 37.18810654 -164.23538208
v 124.266716 125.29610443 60.81906509
v 119.98204041 108.22398376 87.14460754
v 109.73165131 91.88754272 109.73157501
v 92.68583679 82.00858307 128.10031128
v -18.86196899 54.31923676 -161.53131104
v 119.98202515 122.36936188 72.99922943
v 113.87398529 105.07410431 97.41098022
v 100.43852234 93.23091888 117.58332062
v 81.41998291 84.24059296 134.5589447
v -36.81692505 72.04167938 -155.25279236
v 115.20845795 119.09745789 83.87269592
v 106.47971344 103.56787109 106.47964478
v 90.07147217 96.04384613 124.26663971
v 109.70648193 115.76036072 93.99926758
v 97.41107178 105.07410431 113.87388611
v 102.80539703 114.16240692 102.80531311
v 113.87395477 132.63575745 69.84934235
v 109.7064743 129.22401428 80.53562927
v 104.8983078 125.69721985 90.47242737
v 117.58338165 135.66319275 58.00613785
v 120.86289215 138.33428955 44.52832031
v 123.44574738 140.42591858 29.97556877
v 125.04431915 141.70191956 15.05173302
v 125.5823822 142.12457275 -5.497E-05
v 116.64952087 151.87417603 -5.338E-05
v 116.19089508 151.41558838 14.67723083
v 114.81893158 150.04362488 29.23666191
v 112.58604431 147.81071472 43.45191193
v 109.73167419 144.95631409 56.66274261
v 133.03623962 131.22764587 -15.83688736
v 125.04433441 141.7019043 -15.05184364
v 138.06280518 118.65303802 -33.05890274
v 106.4797287 141.70436096 68.3431015
v 131.14524841 129.97224426 -31.52440262
v 140.48829651 103.64203644 -51.05381012
v 102.80541229 138.03007507 78.93766785
v 134.55903625 116.64466858 -49.01594925
v 140.48829651 86.27846527 -68.41739655
v 135.56240845 101.34313965 -66.11850739
v 138.06280518 68.28352356 -83.42836761
v 134.559021 84.24058533 -81.42001343
v 133.0954895 51.17621994 -96.04476929
v 131.14524841 66.74900818 -94.747612
v 125.09882355 50.35832596 -106.52290344
v 116.24071503 49.96809769 -116.24079132
v 123.4457016 65.20033264 -105.20130157
v 128.10035706 82.0085907 -92.68584442
v 130.17752075 98.82148743 -78.89465332
v 106.52285767 50.35832596 -125.09888458
v 114.81889343 64.46144104 -114.81895447
v 120.86287689 79.7530365 -103.10961914
v 96.04470825 51.17623138 -133.09552002
v 105.20121765 65.20034027 -123.44580841
v 84.69489288 51.98717117 -140.30158997
v 130.17752075 114.11930084 -63.59683228
v 124.26670837 96.04384613 -90.07147217
v 112.58600616 78.67664337 -112.5860672
v 94.74754333 66.74907684 -131.14527893
v 71.4211731 52.73345184 -146.98049927
v 128.10037231 127.91049194 -46.78393936
v 117.58339691 93.23088074 -100.43854523
v 103.10959625 79.75304413 -120.86291504
v 83.42831421 68.28355408 -138.06282043
v 55.37539673 53.42748642 -153.23684692
v 123.44573975 140.42590332 -29.9756794
v 109.73165894 91.88754272 -109.73168945
v 92.6858139 82.0085907 -128.10041809
v 70.25788116 69.69133759 -144.45246887
v 37.46677399 53.98516083 -158.34761047
v 116.19091034 151.41558838 -14.67734432
v 100.43851471 93.23093414 -117.58342743
v 81.41997528 84.24059296 -134.55905151
v 54.43063354 70.99449921 -150.4054718
v 18.86195374 54.31923676 -161.53131104
v 90.07144928 96.04386139 -124.26674652
v 68.41734314 86.27848053 -140.48835754
v 36.81692886 72.04164886 -155.25279236
v 0 54.42662811 -162.60105896
v 78.89463806 98.82148743 -130.17753601
v 52.92655945 88.15129089 -145.96742249
v 18.5327282 72.67440033 -158.2721405
v -18.5327282 72.67440033 -158.27217102
v 66.11846924 101.34319305 -135.56242371
v 35.76979065 89.65535736 -150.40544128
v 0 72.88011932 -159.28744507
v 51.05375671 103.64209747 -140.48832703
v 17.99751282 90.57485199 -153.16491699
v 34.46662903 105.4826355 -144.45248413
v -35.76977539 89.65537262 -150.40545654
v -17.99749756 90.57485199 -153.16491699
v 0 90.87807465 -154.09207153
v 17.33143616 106.6135025 -146.91271973
v -52.92654037 88.15131378 -145.96742249
v -68.41734314 86.27849579 -140.48832703
v -81.41998291 84.24063873 -134.55903625
v -92.68580627 82.00865936 -128.10040283
v -103.10958862 79.7531662 -120.86289978
v -112.58602142 78.67674255 -112.58604431
v -120.862854 79.75315094 -103.10961914
v -128.1003418 82.00865173 -92.68583679
v -134.55899048 84.2407074 -81.41999817
v -140.48828125 86.27855682 -68.41737366
v -145.96737671 88.15137482 -52.92659378
v -150.40539551 89.6554184 -35.7698288
v -153.16485596 90.57487488 -17.99753761
v -154.09199524 90.87814331 -4.043E-05
v -158.27209473 72.67449188 18.53268623
v -158.34753418 53.98522186 37.46673584
v -154.66743469 36.8669014 55.85574341
v -148.69973755 22.72035408 72.23461151
v -141.90383911 22.69023132 85.63511658
v -148.28094482 36.6432991 72.02345276
v -153.23678589 53.42757034 55.37535095
v -155.25270081 72.0417099 36.81688309
v -153.16485596 90.57489014 17.9974575
v -134.57646179 22.6572113 97.08104706
v -141.47875977 36.40318298 85.36528015
v -146.98045349 52.73353958 71.42112732
v -150.40539551 70.99455261 54.43059158
v -126.44930267 22.62364006 107.64831543
v -134.14813232 36.14231491 96.75111389
v -140.30154419 51.98722458 84.69483948
v -117.46792603 22.60758591 117.46692657
v -126.01860809 35.87922287 107.2651062
v -107.64927673 22.62363625 126.44835663
v -150.40536499 89.6554184 35.76973724
v -144.45243835 69.69139099 70.25784302
v -133.09547424 51.17631531 96.04467773
v -117.04811859 35.75370407 117.04808807
v -97.08193207 22.65720558 134.57562256
v -145.96734619 88.15137482 52.92650604
v -138.06277466 68.28358459 83.4282608
v -125.09882355 50.35837936 106.52281952
v -107.26511383 35.87922287 126.01856232
v -85.63589478 22.69022369 141.90313721
v -140.48828125 86.27855682 68.41730499
v -131.1452179 66.74913025 94.74749756
v -116.24071503 49.96820831 116.24069214
v -96.75114441 36.1423111 134.14808655
v -72.23522186 22.72031212 148.69911194
v -134.55899048 84.24064636 81.41991425
v -123.44571686 65.20042419 105.20118713
v -106.52288055 50.35834885 125.09877777
v -85.36529541 36.40317154 141.47866821
v -56.01505661 22.74811172 155.07261658
v -128.10032654 82.00865173 92.68576813
v -114.81889343 64.46150208 114.81884766
v -96.04471588 51.17630386 133.09544373
v -72.02349091 36.64328766 148.28088379
v -37.90097046 22.770298 160.28240967
v -120.862854 79.75315094 103.10953522
v -105.20123291 65.20040894 123.44568634
v -84.69489288 51.98721695 140.30151367
v -55.85578156 36.86682129 154.66738892
v -19.08067322 22.78347969 163.52737427
v -112.58599854 78.67674255 112.58598328
v -94.74755096 66.74912262 131.14517212
v -71.4211731 52.73352814 146.98040771
v -37.79202271 37.04647827 159.89077759
v 0 22.78766251 164.61737061
v -103.10957336 79.75315094 120.86283112
v -83.42831421 68.28357697 138.06272888
v -55.37539673 53.42755508 153.23674011
v -19.02508354 37.15372086 163.14329529
v 19.02508354 37.15372086 163.14329529
v -92.68579865 82.0086441 128.10032654
v -70.25788116 69.69138336 144.45240784
v -37.46677399 53.98520279 158.34751892
v 0 37.18811417 164.23527527
v 37.46679688 53.98517227 158.34751892
v -81.41996765 84.24063873 134.5589447
v -54.43061447 70.99454498 150.40536499
v -18.86195374 54.31924438 161.53120422
v 18.86196899 54.31924438 161.53120422
v 54.43064499 70.99451447 150.40534973
v -68.41733551 86.27849579 140.48826599
v -36.81692505 72.04168701 155.25270081
v 1.526E-05 54.42663956 162.60095215
v 36.81694031 72.04166412 155.25270081
v 68.4173584 86.27848053 140.48823547
v -52.92653275 88.15131378 145.96733093
v -18.53271484 72.67440796 158.27206421
v 18.53274536 72.67440796 158.27207947
v 52.92657471 88.15126038 145.96733093
v 78.89465332 98.8214798 130.17745972
v -35.76976776 89.65537262 150.40534973
v 1.526E-05 72.88013458 159.28733826
v 35.76980591 89.65535736 150.40536499
v 66.11846924 101.34319305 135.56233215
v 87.1446991 108.22398376 119.98195648
v -17.9974823 90.57486725 153.1648407
v 17.99752808 90.57485199 153.1648407
v 51.05376816 103.64209747 140.48823547
v 76.09927368 111.32392883 125.33582306
v 93.9993515 115.76040649 109.70639038
v 1.526E-05 90.8780899 154.09199524
v 34.46664047 105.4826355 144.45239258
v 63.5968132 114.11936188 130.17744446
v 83.87276459 119.09745789 115.20839691
v 98.7947464 123.91282654 98.79467773
v 17.33143616 106.61354065 146.91262817
v 49.0159111 116.64469147 134.5589447
v 72.99933624 122.36936951 119.98197174
v 90.47253418 125.69721985 104.89822388
v 98.79475403 134.01942444 88.68805695
v 33.05886841 118.65304565 138.06272888
v 60.81914902 125.29615021 124.26664734
v 80.53572845 129.22402954 109.70641327
v 95.55756378 130.78219604 95.5574646
v 88.6881485 134.01942444 98.79466248
v 90.47253418 140.12295532 90.47244263
v 69.8494339 132.63577271 113.87390137
v 78.9377594 138.03009033 102.80532837
v 46.78390503 127.91053009 128.10028076
v 93.9993515 144.93113708 80.53562927
v 58.00622559 135.66322327 117.58332062
v 80.53572845 144.93115234 93.99929047
v 68.34320068 141.70437622 106.47964478
v 97.41107941 149.09861755 69.84934998
v 83.87277985 150.43312073 83.87268829
v 69.84944916 149.09866333 97.41100311
v 56.66283417 144.9563446 109.73159027
v 44.52841949 138.33430481 120.86281586
v 100.43852234 152.80804443 58.00613785
v 87.1446991 155.20671082 72.99922943
v 72.99932861 155.20671082 87.14461517
v 58.00623322 152.80805969 100.43843842
v 103.10961914 156.08753967 44.52832031
v 90.07148743 159.49134827 60.81907272
v 76.09929657 160.56053162 76.09918976
v 105.2012558 158.67042542 29.97557259
v 92.68583679 163.32501221 46.78381348
v 106.47723389 160.26901245 15.05173588
v 43.45200348 147.8107605 112.58597565
v 60.81917191 159.4914093 90.07138062
v 78.89466858 165.40216064 63.59671402
v 94.74759674 166.36991882 31.52429962
v 44.52842331 156.08757019 103.10951233
v 63.59682083 165.4021759 78.8945694
v 81.41999817 169.78367615 49.01582336
v 46.78392792 163.32505798 92.68573761
v 66.11849976 170.7870636 66.1184082
v 49.01592255 169.78369141 81.41991425
v 96.00299072 168.26092529 15.83677197
v 83.42835999 173.2875061 33.05877686
v 68.41738892 175.71299744 51.05368423
v 51.05378723 175.71296692 68.41729736
v 106.89990234 160.80703735 -5.956E-05
v 106.47723389 160.26896667 -15.05184746
v 31.5243988 166.36991882 94.74749756
v 33.05887604 173.2875061 83.4282608
v 29.97566986 158.67042542 105.20117188
v 29.236763 150.04362488 114.8188324
v 29.97566223 140.4259491 123.44567871
v 31.52438354 129.97232056 131.14515686
v 16.61520386 119.88198853 140.23788452
v 15.83686733 131.22767639 133.03611755
v 15.05181789 141.70193481 125.04425049
v 14.67732239 151.41560364 116.19082642
v 15.05182648 160.26899719 106.47714233
v 3.052E-05 106.98920441 147.73872375
v 3.052E-05 120.28888702 140.9697113
v 3.052E-05 131.64173889 133.67379761
v 3.815E-05 142.12458801 125.58231354
v -17.33139038 106.61351776 146.91262817
v -16.61514282 119.88198853 140.23788452
v -15.83679962 131.22767639 133.03611755
v -34.46659851 105.48265839 144.45239258
v -33.05880737 118.65304565 138.06274414
v -51.05371475 103.6421051 140.48823547
v 3.815E-05 151.87419128 116.64942169
v -15.05175686 141.70193481 125.04425049
v -31.5243206 129.97233582 131.14517212
v -49.01585388 116.64470673 134.5589447
v -66.11844635 101.34324646 135.56233215
v -14.67724609 151.41560364 116.19084167
v -29.97559357 140.4259491 123.44567871
v -46.78385925 127.91055298 128.10031128
v -63.5967598 114.11938477 130.17745972
v -78.89461517 98.82154083 130.17744446
v -29.23668671 150.04364014 114.81884766
v -44.5283432 138.33435059 120.86281586
v -60.81911469 125.2962265 124.26664734
v -76.09924316 111.32401276 125.33582306
v -90.07141876 96.04387665 124.26664734
v -43.45193481 147.81071472 112.58596039
v -58.00616074 135.66325378 117.58332062
v -72.99926758 122.36943054 119.98195648
v -87.14466858 108.22402191 119.98197174
v -100.43848419 93.23094177 117.58333588
v -56.66277313 144.95640564 109.73159027
v -69.84938049 132.63583374 113.87390137
v -83.87272644 119.09753418 115.20838928
v -97.41105652 105.07416534 113.873909
v -109.73163605 91.88756561 109.73159027
v -68.34313965 141.70445251 106.47964478
v -80.53566742 129.22409058 109.70641327
v -93.99932861 115.76048279 109.70641327
v -106.47966766 103.56794739 106.47966003
v -117.58336639 93.23095703 100.4384613
v -78.93770599 138.03013611 102.80532837
v -90.47247314 125.69728088 104.89824677
v -102.80537415 114.16246796 102.80532837
v -113.87393188 105.07416534 97.41099548
v -124.26669312 96.04393005 90.0714035
v -88.6880722 134.01948547 98.79470062
v -98.79470825 123.91287994 98.79467773
v -109.70645142 115.76043701 93.99927521
v -119.98200226 108.22406769 87.14463043
v -130.17749023 98.82154846 78.89458466
v -95.55750275 130.78227234 95.55747223
v -104.89824677 125.69724274 90.47245026
v -98.79470062 134.01948547 88.6880722
v -115.2084198 119.09753418 83.87269592
v -125.33584595 111.32405853 76.09918976
v -135.56237793 101.34326172 66.11841583
v -90.47247314 140.1230011 90.472435
v -102.80532837 138.03013611 78.93769836
v -109.70642853 129.22409058 80.53562927
v -119.98197937 122.3694458 72.99924469
v -130.17747498 114.1194458 63.59673691
v -140.48828125 103.64212799 51.05370331
v -113.873909 132.63580322 69.84936523
v -106.47966766 141.70445251 68.34312439
v -124.26668549 125.29623413 60.81907654
v -134.55899048 116.64476013 49.01583481
v -144.45243835 105.48269653 34.46657944
v -117.58334351 135.66325378 58.00613785
v -128.10032654 127.91057587 46.78382111
v -138.06277466 118.65309143 33.05878448
v -146.91265869 106.61358643 17.33138275
v -109.73161316 144.95640564 56.66275024
v -120.86283112 138.3343811 44.52832794
v -131.14520264 129.97235107 31.52430344
v -140.23791504 119.88201141 16.61512184
v -147.73880005 106.98925018 -3.781E-05
v -140.96977234 120.28895569 -5.09E-05
v -146.91267395 106.61356354 -17.33145905
v -133.03619385 131.22772217 15.83678722
v -123.44568634 140.42597961 29.97558403
v -133.67382812 131.64181519 -4.905E-05
v -144.45243835 105.48267365 -34.46665573
v -140.23791504 119.88201141 -16.61520958
v -125.04427338 141.70196533 15.05174065
v -140.48829651 103.64212799 -51.05378723
v -125.58233643 142.12460327 -4.734E-05
v -116.64945984 151.87420654 -4.575E-05
v -138.06277466 118.65310669 -33.05887985
v -133.03619385 131.22772217 -15.83687973
v -116.1908493 151.41560364 14.67723846
v -135.56237793 101.34326172 -66.11849213
v -125.04427338 141.70196533 -15.05183601
v -131.1452179 129.97233582 -31.52439308
v -134.55900574 116.64476013 -49.01592255
v -130.17745972 98.82154846 -78.89465332
v -130.17749023 114.1194458 -63.59682083
v -128.1003418 127.91055298 -46.7839241
v -123.4457016 140.42597961 -29.97566986
v -124.26669312 96.04393005 -90.07147217
v -125.33586121 111.32405853 -76.09929657
v -124.26667023 125.2962265 -60.81917191
v -117.58335876 93.23095703 -100.4385376
v -119.98200226 108.22406769 -87.14471436
v -109.73163605 91.88756561 -109.73167419
v -116.1908493 151.41560364 -14.67733669
v -120.86283112 138.33435059 -44.52841949
v -119.98197937 122.3694458 -72.99932861
v -113.87394714 105.07416534 -97.41108704
v -100.43849945 93.23096466 -117.58340454
v -114.8188858 150.04367065 -29.236763
v -117.58334351 135.6632843 -58.00623322
v -115.2084198 119.09753418 -83.87277985
v -106.47968292 103.56794739 -106.4797287
v -90.07144165 96.04389191 -124.26673126
v -112.58598328 147.81077576 -43.45202637
v -113.873909 132.63583374 -69.8494339
v -109.70645142 115.76043701 -93.99937439
v -97.41105652 105.07416534 -113.87399292
v -78.89463806 98.82154083 -130.17755127
v -109.73161316 144.95640564 -56.66284561
v -109.70643616 129.22409058 -80.53572083
v -102.80537415 114.16246796 -102.80541229
v -87.14466858 108.22408295 -119.98206329
v -66.11845398 101.34320068 -135.56242371
v -106.47966766 141.70445251 -68.34319305
v -104.89827728 125.69724274 -90.47251892
v -93.99932098 115.76042175 -109.70649719
v -76.09924316 111.32401276 -125.33592987
v -51.0537262 103.6421051 -140.48834229
v -102.80536652 138.03015137 -78.9377594
v -98.79471588 123.91287994 -98.79476166
v -83.87272644 119.09751892 -115.20848083
v -63.59676743 114.11938477 -130.17753601
v -34.46661377 105.48265839 -144.45248413
v -98.79470825 134.01948547 -88.6881485
v -90.47248077 125.69724274 -104.89832306
v -72.99927521 122.36943054 -119.98206329
v -49.01586914 116.64470673 -134.55905151
v -17.33140564 106.61354065 -146.91271973
v -95.55750275 130.78227234 -95.55755615
v -80.53568268 129.22409058 -109.70649719
v -88.68808746 134.01948547 -98.79475403
v -60.8191185 125.2962265 -124.26673126
v -33.05882263 118.65306854 -138.06282043
v 1.526E-05 106.98918152 -147.73883057
v -90.47248077 140.1230011 -90.47253418
v -78.93770599 138.03013611 -102.80541229
v -69.84941101 132.63578796 -113.87399292
v -46.78385925 127.91055298 -128.10038757
v -16.61515808 119.88201141 -140.23797607
v -93.99929047 144.93118286 -80.53572083
v -80.53566742 144.93122864 -93.99938202
v -58.00617981 135.66325378 -117.5834198
v -68.34314728 141.704422 -106.47973633
v -31.52433586 129.9723053 -131.14527893
v -97.41103363 149.09869385 -69.8494339
v -83.87271881 150.43318176 -83.87277985
v -44.52835464 138.33430481 -120.86289978
v -69.84938049 149.09866333 -97.41108704
v -56.66278458 144.95639038 -109.73167419
v -100.43847656 152.80813599 -58.00623322
v -87.14464569 155.20674133 -72.99933624
v -72.99928284 155.20674133 -87.14472198
v -58.00617218 152.80812073 -100.43854523
v -43.45194244 147.81077576 -112.5860672
v -103.10956573 156.08757019 -44.52841949
v -90.07141876 159.49142456 -60.81917191
v -76.09923553 160.56057739 -76.0993042
v -60.81909561 159.49147034 -90.07148743
v -105.20121002 158.67048645 -29.97567368
v -92.68579102 163.32507324 -46.78391647
v -78.89459991 165.4022522 -63.59682083
v -106.47718811 160.26907349 -15.05183983
v -94.74752045 166.36997986 -31.5243969
v -44.52835083 156.08757019 -103.10961914
v -63.59674835 165.40223694 -78.89465332
v -81.41992188 169.78375244 -49.01593018
v -46.78384781 163.32507324 -92.68585205
v -66.11841583 170.78709412 -66.11849976
v -49.01586151 169.78373718 -81.4200058
v -96.00291443 168.26095581 -15.83687973
v -83.42828369 173.28753662 -33.05888367
v -68.41731262 175.71302795 -51.05378723
v -51.05370712 175.71302795 -68.41738892
v -106.89984894 160.80709839 -4.43E-05
v -106.47718048 160.26902771 15.05174351
v -31.5243206 166.36993408 -94.74758148
v -33.05879974 173.28752136 -83.42835999
v -29.97559357 158.67044067 -105.20127869
v -29.23670197 150.04364014 -114.81891632
v -29.97559929 140.4259491 -123.44577026
v -15.8368063 131.22767639 -133.03625488
v -15.05177307 141.70193481 -125.04433441
v -14.6772604 151.41560364 -116.19091034
v -15.05175686 160.26899719 -106.47724915
v 1.526E-05 120.28888702 -140.96981812
v 1.526E-05 131.64173889 -133.67391968
v 2.289E-05 142.12458801 -125.58239746
v 16.6151886 119.88198853 -140.23797607
v 15.83685303 131.22766113 -133.03625488
v 33.05885315 118.65304565 -138.06283569
v -15.83679962 168.26092529 -96.00299835
v 3.052E-05 151.87419128 -116.6495285
v 15.05181026 141.70191956 -125.04434967
v 31.52437592 129.9723053 -131.14529419
v 49.01589584 116.64469147 -134.55903625
v 3.052E-05 160.80708313 -106.8999176
v 14.67731476 151.41560364 -116.19093323
v 29.97564697 140.4259491 -123.44577026
v 46.78390503 127.91054535 -128.10040283
v 63.59680176 114.1193161 -130.17755127
v 15.05181789 160.26899719 -106.47724915
v 29.23674583 150.04362488 -114.81893158
v 44.52840424 138.33433533 -120.86289978
v 60.81914902 125.29616547 -124.26673126
v 76.09926605 111.32395172 -125.33592987
v 29.97565269 158.67042542 -105.20127869
v 43.45199585 147.81071472 -112.58605957
v 58.00622177 135.66319275 -117.5834198
v 72.99931335 122.36938477 -119.98206329
v 87.1446991 108.22399902 -119.98206329
v 44.52840805 156.08757019 -103.10961914
v 56.66282654 144.95637512 -109.73168945
v 69.8494339 132.63577271 -113.87399292
v 83.87275696 119.09745789 -115.20848083
v 97.41107941 105.07410431 -113.87401581
v 58.00622559 152.80805969 -100.43854523
v 68.34319305 141.70437622 -106.47973633
v 80.5357132 129.22402954 -109.70649719
v 93.9993515 115.76038361 -109.70652008
v 106.47969055 103.56787109 -106.47973633
v 69.8494339 149.09866333 -97.41108704
v 78.9377594 138.03009033 -102.80541229
v 90.47252655 125.69721985 -104.89834595
v 102.80539703 114.16240692 -102.80543518
v 113.87395477 105.07410431 -97.41110229
v 80.53572083 144.93115234 -93.99937439
v 88.68812561 134.01942444 -98.79477692
v 98.79473114 123.91282654 -98.79476166
v 109.7064743 115.76036072 -93.99938202
v 119.98202515 108.22396088 -87.14472961
v 90.47252655 140.12295532 -90.47253418
v 95.55754852 130.78219604 -95.55756378
v 98.7947464 134.01942444 -88.68815613
v 104.89828491 125.69717407 -90.47255707
v 115.20845032 119.09745789 -83.87277985
v 125.33586884 111.32398987 -76.0993042
v 102.80539703 138.03009033 -78.93778229
v 109.70648193 129.22402954 -80.53573608
v 119.98202515 122.36938477 -72.99934387
v 124.26673126 125.29615021 -60.81918335
v 93.99932861 144.93115234 -80.53572845
v 113.87397003 132.63577271 -69.84944916
v 106.4797287 141.70437622 -68.34320068
v 120.86287689 138.33427429 -44.52841949
v 117.58340454 135.66319275 -58.00623703
v 83.87277222 150.43312073 -83.87280273
v 109.73165894 144.95632935 -56.66286469
v 97.41107178 149.09863281 -69.84945679
v 114.81891632 150.04360962 -29.23677063
v 112.58604431 147.81074524 -43.45202637
v 72.99931335 155.20671082 -87.14472198
v 87.1446991 155.20671082 -72.99934387
v 100.43852234 152.80805969 -58.00624466
v 105.2012558 158.6703949 -29.97568321
v 103.10961151 156.08755493 -44.52843094
v 60.81916046 159.49136353 -90.07148743
v 90.07147217 159.4914093 -60.81917953
v 76.09928894 160.56056213 -76.0993042
v 92.68582153 163.32498169 -46.7839241
v 94.74759674 166.36994934 -31.52440453
v 46.78390884 163.32505798 -92.68585205
v 63.5968132 165.4021759 -78.89466858
v 78.89465332 165.4021759 -63.59682846
v 31.52438354 166.36991882 -94.74759674
v 81.42001343 169.78372192 -49.01593399
v 96.00299072 168.26092529 -15.83688831
v 49.01591873 169.78369141 -81.4200058
v 66.11849976 170.78709412 -66.11849976
v 15.83686066 168.26092529 -96.00299835
v 83.42835999 173.28749084 -33.05889511
v 96.41707611 168.89855957 -5.824E-05
v 33.05886841 173.2875061 -83.42836761
v 51.0537796 175.71296692 -68.41738129
v 68.41738892 175.71296692 -51.05379105
v 3.815E-05 168.89857483 -96.41708374
v 84.6572876 175.46261597 -16.61522293
v 16.61520386 175.46269226 -84.65729523
v 34.46665192 179.6771698 -70.25793457
v 52.92660522 181.19206238 -52.92660522
v 70.25792694 179.67715454 -34.46666718
v -16.61513519 175.46269226 -84.65729523
v 3.815E-05 176.19450378 -85.06419373
v 17.33145905 182.1374054 -71.38884735
v 35.76982498 185.63014221 -54.43067551
v 54.43066788 185.63009644 -35.76983261
v 71.38883209 182.13735962 -17.33147621
v -34.46657181 179.6771698 -70.25792694
v -17.33138275 182.1374054 -71.38884735
v 3.815E-05 182.96351624 -71.76451111
v 17.99754715 188.38964844 -55.35014725
v 36.81697083 190.47747803 -36.81698227
v -52.9265213 181.19212341 -52.92660141
v -35.76974106 185.63014221 -54.43067551
v -17.99745941 188.38961792 -55.35014725
v 4.196E-05 189.3167572 -55.65341568
v -70.25785065 179.67720032 -34.46666336
v -54.43058014 185.63011169 -35.7698288
v -36.8168869 190.47744751 -36.81698608
v -84.6572113 175.46269226 -16.6152153
v -71.38874817 182.13743591 -17.33146477
v -96.41699982 168.89857483 -5.061E-05
v 18.53276634 193.49684143 -37.44974518
v -18.5326767 193.49684143 -37.44974899
v -55.35005188 188.38964844 -17.99754715
v -85.0641098 176.19456482 -4.942E-05
v -96.00291443 168.26095581 15.83677959
v 4.578E-05 194.51213074 -37.65540314
v -37.44965363 193.49687195 -18.53277206
v -71.76442719 182.96356201 -4.832E-05
v -84.6572113 175.46269226 16.61512375
v -18.85334587 196.67840576 -18.85343552
v -55.6533165 189.3167572 -4.728E-05
v -71.38874817 182.13742065 17.33137131
v -37.65530396 194.512146 -5.025E-05
v -55.35004044 188.38961792 17.99745178
v -37.44964981 193.49687195 18.53267288
v -83.42827606 173.2875824 33.05878448
v -70.25785065 179.67721558 34.46656799
v -54.43058014 185.63015747 35.76973724
v -36.81688309 190.47750854 36.81687546
v -94.74752045 166.37002563 31.52430916
v -105.20119476 158.67045593 29.97558784
v -114.81887054 150.04367065 29.23667717
v -112.58598328 147.81079102 43.45191193
v -103.10956573 156.08764648 44.52832413
v -92.68578339 163.3250885 46.78381729
v -81.4199295 169.78373718 49.01583481
v -100.43848419 152.80807495 58.00614929
v -90.07141876 159.49147034 60.81907654
v -97.41101837 149.09866333 69.84934998
v -68.41731262 175.71299744 51.05369568
v -78.89458466 165.40223694 63.59672546
v -87.14464569 155.20674133 72.99922943
v -93.99929047 144.9311676 80.53564453
v -83.87272644 150.43318176 83.87269592
v -80.53566742 144.93122864 93.9992981
v -69.84938049 149.09866333 97.41100311
v -76.09923553 160.56057739 76.09918976
v -72.99926758 155.20675659 87.14461517
v -58.00616074 152.80812073 100.43843842
v -60.81909561 159.49142456 90.07138062
v -44.52833557 156.08757019 103.10951233
v -63.59674454 165.40223694 78.8945694
v -29.97558403 158.67044067 105.20118713
v -46.78383636 163.32507324 92.68575287
v -66.11841583 170.78709412 66.1184082
v -15.05174923 160.26899719 106.47714233
v -49.01584244 169.78373718 81.41991425
v -31.52430916 166.36993408 94.74750519
v -51.05370712 175.71299744 68.41728973
v 3.815E-05 160.80708313 106.89981079
v -33.05879211 173.28752136 83.42827606
v -15.83678436 168.26092529 96.0029068
v -52.9265213 181.1920929 52.92650986
v 15.83687496 168.26092529 96.0029068
v 4.578E-05 168.89852905 96.41699219
v -34.46656799 179.67720032 70.25784302
v -35.76973724 185.63014221 54.43058014
v -16.61511993 175.46269226 84.65720367
v 16.61520958 175.46269226 84.65720367
v -17.33137131 182.1374054 71.38874817
v 4.578E-05 176.19450378 85.06413269
v -17.9974556 188.38961792 55.35004044
v 34.46665192 179.6771698 70.25783539
v 17.33146667 182.1374054 71.38874817
v 4.578E-05 182.96353149 71.76442719
v -18.53267288 193.49687195 37.44963837
v 52.92660522 181.19206238 52.92649841
v 4.578E-05 189.31674194 55.65330887
v 17.99755096 188.38960266 55.35004044
v 35.76982498 185.63011169 54.43058014
v -18.85334015 196.67843628 18.85333633
v 70.25793457 179.6771698 34.46656418
v 4.959E-05 194.51210022 37.65530014
v 18.53277206 193.49687195 37.44963837
v 54.43066788 185.63009644 35.76972961
v 36.81697845 190.47744751 36.81687546
v -18.95642281 197.74743652 -4.972E-05
v 84.6572876 175.462677 16.61511421
v 4.768E-05 197.74743652 18.95641899
v 18.85343552 196.67840576 18.85334015
v 37.44974518 193.49684143 18.53267288
v 55.3501358 188.3895874 17.99744987
v 71.38883209 182.13737488 17.33136559
v 85.06419373 176.19448853 -5.705E-05
v 71.76449585 182.96347046 -5.595E-05
v 55.65341187 189.31672668 -5.491E-05
v 55.35012436 188.38955688 -17.99755669
v 37.44974136 193.49684143 -18.53277206
v 37.65539932 194.51213074 -5.406E-05
v 18.85343552 196.67843628 -18.85343552
v 18.95651817 197.74743652 -5.163E-05
v 4.578E-05 197.74743652 -18.95651817
v 4.768E-05 198.83387756 -5.113E-05
vn 1E-05 0.82454 0.5658
vn 4E-05 -0.11068 0.99386
vn -0.05531 -0.09585 0.99386
vn 0.41237 0.7139 0.56594
vn -0.00107 0.97448 -0.22446
vn -0.09584 -0.05537 0.99386
vn 0.48802 0.84373 -0.22351
vn 0.00192 0.95486 -0.29705
vn 0.7139 0.41237 0.56594
vn -0.11068 -1E-05 0.99386
vn 0.47589 0.82822 -0.29593
vn 0.00129 0.99944 -0.03338
vn 0.8441 0.48649 -0.22543
vn 0.82454 -1E-05 0.5658
vn -0.09585 0.05531 0.99386
vn 0.7139 -0.41237 0.56594
vn -0.05537 0.09584 0.99386
vn 0.97448 0.00107 -0.22446
vn 0.82527 0.47978 -0.29788
vn 0.50043 0.86513 -0.03366
vn 0.41237 -0.7139 0.56594
vn -1E-05 0.11068 0.99386
vn 0.8433 -0.4883 -0.2245
vn 0.95486 -0.00075 -0.29705
vn -2E-05 -0.82454 0.5658
vn 0.05531 0.09585 0.99386
vn 0.4883 -0.8433 -0.2245
vn -0.41237 -0.7139 0.56594
vn 0.09584 0.05537 0.99386
vn 0.49652 0.86025 0.11595
vn 4E-05 0.99316 0.11676
vn 0.86459 0.50137 -0.03344
vn 0.82812 -0.47534 -0.29712
vn -0.00107 -0.97448 -0.22446
vn -0.7139 -0.41237 0.56594
vn 0.11068 4E-05 0.99386
vn 0.46993 0.81927 0.32859
vn -0.00257 0.94503 0.32698
vn 0.99944 0.00264 -0.03348
vn 0.47628 -0.82758 -0.2971
vn -0.48649 -0.8441 -0.22543
vn -0.82454 1E-05 0.5658
vn 0.09585 -0.05531 0.99386
vn 0.48783 0.84332 0.22548
vn 0.00077 0.9747 0.22353
vn 0.86666 -0.49778 -0.03348
vn 0.00122 -0.95486 -0.29705
vn -0.84374 -0.48755 -0.22449
vn -0.7139 0.41237 0.56594
vn 0.05537 -0.09584 0.99386
vn 0.4603 0.79704 -0.39095
vn -0 0.92044 -0.39088
vn -0 1 0
vn 0.49992 0.86607 0
vn 0.79704 0.4603 -0.39095
vn 0.86607 0.49992 -1E-05
vn 0.84332 0.48783 0.22548
vn 0.92044 -0 -0.39088
vn 1 -0 -1E-05
vn 0.81927 0.46993 0.32859
vn 0.9747 0.00077 0.22353
vn 0.79704 -0.4603 -0.39095
vn 0.86607 -0.49992 -1E-05
vn 0.86025 0.49652 0.11595
vn 0.94503 -0.00257 0.32698
vn 0.99318 0.00058 0.11658
vn 0.8433 -0.4883 0.2245
vn 0.4603 -0.79704 -0.39095
vn 0.49992 -0.86607 -1E-05
vn 0.81893 -0.47099 0.32791
vn 0.86041 -0.49613 0.1164
vn 0 -0.92044 -0.39088
vn -0 -1 -0
vn 0.48783 -0.84332 0.22548
vn 0.46993 -0.81927 0.32859
vn 0.4965 -0.86021 0.11631
vn -0.4603 -0.79704 -0.39095
vn -0.49992 -0.86607 0
vn 0.00047 -0.97448 0.22446
vn -0.79704 -0.4603 -0.39095
vn -0.86607 -0.49992 -1E-05
vn -0.00346 -0.94472 0.32785
vn -0.48651 -0.84461 0.22348
vn 0.50101 -0.8648 -0.03339
vn -0.92044 0 -0.39088
vn -1 0 -1E-05
vn -0.00113 -0.99318 0.11658
vn -0.47474 -0.81719 0.32683
vn -0.84439 -0.48641 0.22453
vn -0.00157 -0.99944 -0.03338
vn -0.79704 0.4603 -0.39095
vn -0.86607 0.49992 -0
vn -0.49764 -0.85951 0.1166
vn -0.81731 -0.47383 0.32785
vn -0.97424 -0.00078 0.22549
vn -0.48012 -0.82502 -0.29803
vn -0.4603 0.79704 -0.39095
vn -0.49992 0.86607 -0
vn -0.50231 -0.86404 -0.03338
vn -0.86044 -0.49614 0.11616
vn -0.84419 0.48679 0.22447
vn -0.94445 0.00258 0.32865
vn -0.82881 -0.47423 -0.29695
vn -0.48802 0.84373 0.22351
vn -0.86676 -0.49759 -0.03357
vn -0.99323 0.0005 0.11616
vn -0.81642 0.47535 0.32788
vn -0.4702 0.81979 0.32689
vn -0.85987 0.49707 0.11639
vn -0.49612 0.86039 0.11658
vn -0.99944 6E-05 -0.0336
vn -0.9552 0.00259 -0.29594
vn -0.50043 0.86513 -0.03338
vn -0.86557 0.49967 -0.03359
vn -0.47918 0.82556 -0.29805
vn -0.82857 0.47532 -0.29588
vn -0.48649 0.8441 -0.22543
vn -0.9747 -0.00077 -0.22353
vn -0.84373 0.48802 -0.22351
vn -0.41237 0.7139 0.56594
vn -0 0.90229 -0.43113
vn 0.06262 0.10845 -0.99213
vn 0 0.12524 -0.99213
vn 0.45122 0.78133 -0.4312
vn 0.00077 0.9747 0.22353
vn 0.10845 0.06262 -0.99213
vn -0.00257 0.94503 0.32698
vn 0.78133 0.45122 -0.4312
vn 0.12524 0 -0.99213
vn 4E-05 0.99316 0.11676
vn 0.90229 0 -0.43113
vn 0.10845 -0.06262 -0.99213
vn 0.78133 -0.45122 -0.4312
vn 0.06262 -0.10845 -0.99213
vn 0.9747 0.00077 0.22353
vn 0.45122 -0.78133 -0.4312
vn -0 -0.12524 -0.99213
vn -0 -0.90229 -0.43113
vn -0.06262 -0.10845 -0.99213
vn 0.99318 0.00058 0.11658
vn -0.45122 -0.78133 -0.4312
vn -0.10845 -0.06262 -0.99213
vn -0.78133 -0.45122 -0.4312
vn -0.12524 -0 -0.99213
vn -0.90229 -0 -0.43113
vn -0.10845 0.06262 -0.99213
vn 0.86042 -0.49613 0.11634
vn -0.78133 0.45122 -0.4312
vn -0.06262 0.10845 -0.99213
vn 0.99944 0.00263 -0.03348
vn -0.97424 -0.00078 0.22549
vn -0.45122 0.78133 -0.4312
vn -0.00113 -0.99318 0.11658
vn -0.94445 0.00258 0.32865
vn 0.00192 0.95486 -0.29705
vn -0.00107 0.97448 -0.22446
vn 0 0.92044 0.39088
vn -0.9552 0.00259 -0.29594
vn -0.4603 0.79704 0.39095
vn -0.79704 0.4603 0.39095
vn -0.9747 -0.00077 -0.22353
vn -0.92044 -0 0.39088
vn -0.79704 -0.4603 0.39095
vn -0.4603 -0.79704 0.39095
vn -0 -0.92044 0.39088
vn -0.00107 -0.97448 -0.22446
vn 0.00122 -0.95486 -0.29705
vn 0.4603 -0.79704 0.39095
vn 0.79704 -0.4603 0.39095
vn 0.95486 -0.00075 -0.29705
vn 0.92044 -0 0.39088
vn 0.97448 0.00107 -0.22446
vn 0.79704 0.4603 0.39095
vn 0.4603 0.79704 0.39095
vn 0.39088 0.92044 0
vn -1E-05 1 -0
vn -1E-05 0.86607 -0.49992
vn 0.39095 0.79704 -0.4603
vn -1E-05 0.49992 -0.86607
vn -0.22351 0.84373 -0.48802
vn -0.22353 0.9747 0.00077
vn 0.39095 0.4603 -0.79704
vn -0 0 -1
vn -0.32689 0.81979 -0.4702
vn -0.32698 0.94503 -0.00257
vn -0.22447 0.48679 -0.84419
vn 0.39088 0 -0.92044
vn -0 -0.49992 -0.86607
vn -0.32788 0.47535 -0.81642
vn -0.11658 0.86039 -0.49612
vn -0.11676 0.99316 4E-05
vn -0.22549 -0.00077 -0.97424
vn 0.39095 -0.4603 -0.79704
vn -0 -0.86607 -0.49992
vn -0.32865 0.00258 -0.94445
vn -0.11639 0.49707 -0.85987
vn 0.03338 0.86513 -0.50043
vn 0.03338 0.99944 0.00129
vn 0.29705 0.95486 0.00192
vn -0.22453 -0.48641 -0.84439
vn 0.39095 -0.79704 -0.4603
vn -1E-05 -1 0
vn 0.03359 0.49967 -0.86557
vn 0.29805 0.82556 -0.47918
vn 0.22446 0.97448 -0.00107
vn 0.22543 0.8441 -0.48649
vn -0.5658 0.82454 1E-05
vn 0.29588 0.47532 -0.82857
vn 0.0336 6E-05 -0.99944
vn -0.56594 0.7139 -0.41237
vn -0.99386 -0.11068 4E-05
vn -0.99386 -0.09584 0.05537
vn 0.22351 0.48802 -0.84373
vn -0.56594 0.41237 -0.7139
vn -0.99386 -0.05531 0.09585
vn 0.29594 0.0026 -0.9552
vn -0.11616 0.0005 -0.99323
vn 0.22353 -0.00077 -0.9747
vn -0.5658 1E-05 -0.82454
vn -0.99386 4E-05 0.11068
vn 0.03357 -0.49759 -0.86676
vn -0.11616 -0.49614 -0.86044
vn 0.29695 -0.47423 -0.82881
vn 0.22449 -0.48755 -0.84374
vn -0.56594 -0.41237 -0.7139
vn -0.99386 0.05537 0.09584
vn 0.03338 -0.86404 -0.50231
vn -0.32785 -0.47383 -0.81731
vn 0.29803 -0.82502 -0.48012
vn 0.22543 -0.8441 -0.48649
vn -0.56594 -0.7139 -0.41237
vn -0.99386 0.09585 0.05531
vn -0.1166 -0.85951 -0.49764
vn -0.32683 -0.81719 -0.47474
vn 0.03338 -0.99944 -0.00157
vn 0.29705 -0.95486 0.00122
vn 0.22446 -0.97448 -0.00107
vn -0.5658 -0.82454 -1E-05
vn -0.99386 0.11068 -1E-05
vn -0.11658 -0.99318 -0.00113
vn -0.22348 -0.84461 -0.48651
vn 0.03339 -0.8648 0.50101
vn 0.2971 -0.82758 0.47628
vn 0.2245 -0.8433 0.4883
vn -0.56594 -0.7139 0.41237
vn -0.99386 0.09584 -0.05537
vn -0.32785 -0.94472 -0.00346
vn -0.22446 -0.97448 0.00047
vn -0.11631 -0.86021 0.4965
vn 0.03348 -0.49778 0.86666
vn 0.29712 -0.47534 0.82812
vn 0.2245 -0.4883 0.8433
vn -0.56594 -0.41237 0.7139
vn -0.99386 0.05531 -0.09585
vn -0.32859 -0.81927 0.46993
vn -0.11634 -0.49613 0.86042
vn 0.03348 0.00263 0.99944
vn 0.29705 -0.00075 0.95486
vn 0.22446 0.00107 0.97448
vn -0.5658 -1E-05 0.82454
vn -0.99386 -1E-05 -0.11068
vn -0.56594 0.41237 0.7139
vn -0.99386 -0.05537 -0.09584
vn 0.22543 0.48649 0.8441
vn 0.29788 0.47978 0.82527
vn 0.03344 0.50137 0.86459
vn -0.11658 0.00058 0.99318
vn -0.56594 0.7139 0.41237
vn -0.99386 -0.09585 -0.05531
vn 0.22351 0.84373 0.48802
vn 0.29593 0.82822 0.47589
vn 0.03366 0.86513 0.50043
vn -0.11595 0.49652 0.86025
vn -0.11595 0.86025 0.49652
vn -0.32859 0.81927 0.46993
vn -0.32859 0.46993 0.81927
vn -0.32698 -0.00257 0.94503
vn -0.22548 0.84332 0.48783
vn -0.22548 0.48783 0.84332
vn 0.39095 0.79704 0.4603
vn -0 0.86607 0.49992
vn 0.39095 0.4603 0.79704
vn -0 0.49992 0.86607
vn 0.39088 -0 0.92044
vn -1E-05 -0 1
vn -0.22353 0.00077 0.9747
vn 0.39095 -0.4603 0.79704
vn -0 -0.49992 0.86607
vn -0.2245 -0.4883 0.8433
vn 0.39095 -0.79704 0.4603
vn -0 -0.86607 0.49992
vn -0.32791 -0.47099 0.81893
vn -0.22548 -0.84332 0.48783
vn 0.39088 -0.92044 0
vn 0.43113 0.90229 0
vn 0.07886 0.86328 0.49853
vn 0.07884 0.99689 -0
vn 0.4312 0.78133 0.45122
vn -0.22353 0.9747 0.00077
vn 0.07886 0.49853 0.86328
vn -0.32698 0.94503 -0.00257
vn 0.4312 0.45122 0.78133
vn 0.07884 -0 0.99689
vn -0.11676 0.99316 4E-05
vn 0.43113 -0 0.90229
vn 0.07886 -0.49853 0.86328
vn 0.03338 0.99944 0.00129
vn -0.22353 0.00077 0.9747
vn 0.4312 -0.45122 0.78133
vn 0.07886 -0.86328 0.49853
vn 0.4312 -0.78133 0.45122
vn 0.07884 -0.99689 -0
vn 0.43113 -0.90229 0
vn 0.07886 -0.86328 -0.49853
vn -0.11658 0.00058 0.99318
vn 0.4312 -0.78133 -0.45122
vn 0.07886 -0.49853 -0.86328
vn -0.22446 -0.97448 0.00047
vn 0.4312 -0.45122 -0.78133
vn 0.07884 0 -0.99689
vn 0.43113 -0 -0.90229
vn 0.07886 0.49853 -0.86328
vn -0.1164 -0.49613 0.86041
vn 0.4312 0.45122 -0.78133
vn 0.07886 0.86328 -0.49853
vn 0.03348 0.00263 0.99944
vn -0.22549 -0.00078 -0.97424
vn 0.4312 0.78133 -0.45122
vn -0.11616 0.0005 -0.99323
vn 0.29705 0.95486 0.00192
vn 0.22446 0.97448 -0.00107
vn 0.0336 6E-05 -0.99944
vn -0.39088 0.92044 0
vn 0.29594 0.00259 -0.9552
vn -0.39095 0.79704 -0.4603
vn -0.39095 0.4603 -0.79704
vn 0.22353 -0.00077 -0.9747
vn -0.39088 -0 -0.92044
vn -0.39095 -0.4603 -0.79704
vn -0.39095 -0.79704 -0.4603
vn 0.03338 -0.99944 -0.00157
vn -0.39088 -0.92044 0
vn 0.29705 -0.95486 0.00122
vn 0.22446 -0.97448 -0.00107
vn -0.39095 -0.79704 0.4603
vn -0.39095 -0.4603 0.79704
vn 0.29705 -0.00075 0.95486
vn -0.39088 -0 0.92044
vn 0.22446 0.00107 0.97448
vn -0.39095 0.4603 0.79704
vn -0.39095 0.79704 0.4603
vn 0.5122 0.85887 0
vn 0.99996 -0.00748 -0.00432
vn 0.99996 -0.00864 0
vn 0.51226 0.74373 0.42949
vn -0.22353 0.9747 0.00077
vn 0.99996 -0.00432 -0.00748
vn 0.51226 0.42949 0.74373
vn 0.99996 -0 -0.00864
vn 0.5122 -0 0.85887
vn 0.99996 0.00432 -0.00748
vn 0.51226 -0.42949 0.74373
vn 0.99996 0.00748 -0.00432
vn 0.51226 -0.74373 0.42949
vn 0.99996 0.00864 0
vn 0.5122 -0.85887 0
vn 0.99996 0.00748 0.00432
vn -0.11658 0.00058 0.99318
vn 0.51226 -0.74373 -0.42949
vn 0.99996 0.00432 0.00748
vn 0.51226 -0.42949 -0.74373
vn 0.99996 -0 0.00864
vn 0.5122 -0 -0.85887
vn 0.99996 -0.00432 0.00748
vn -0.32785 -0.94472 -0.00346
vn 0.51226 0.42949 -0.74373
vn 0.99996 -0.00748 0.00432
vn 0.03348 0.00264 0.99944
vn -0.22549 -0.00077 -0.97424
vn 0.51226 0.74373 -0.42949
vn -0.11658 -0.99318 -0.00113
vn -0.32865 0.00258 -0.94445
vn -0.11616 0.0005 -0.99323
vn 0.29705 0.95486 0.00192
vn 0.22446 0.97448 -0.00107
vn 0.0336 6E-05 -0.99944
vn -0.37572 0.92673 0
vn 0.29594 0.00259 -0.9552
vn -0.37568 0.80262 -0.46331
vn -0.37568 0.46331 -0.80262
vn -0.37572 -0 -0.92673
vn -0.37568 -0.46331 -0.80262
vn -0.37568 -0.80262 -0.46331
vn -0.37572 -0.92673 0
vn 0.29705 -0.95486 0.00122
vn 0.22446 -0.97448 -0.00107
vn -0.37568 -0.80262 0.46331
vn -0.37568 -0.46331 0.80262
vn 0.29705 -0.00075 0.95486
vn -0.37572 -0 0.92673
vn -0.37568 0.46331 0.80262
vn -0.37568 0.80262 0.46331
vn -0.36209 0.85895 0.36209
vn -0.70708 -0.00864 0.70708
vn -0.71001 -0.00748 0.70415
vn -0.05847 0.74365 0.66601
vn 0.15858 0.9747 -0.15749
vn -0.71245 -0.00432 0.70171
vn 0.50441 0.84329 0.18555
vn 0.19141 0.96195 -0.19495
vn 0.16381 0.42942 0.88813
vn -0.71318 -0 0.70098
vn 0.53272 0.83399 0.1438
vn -0.00049 1 -0.00049
vn 0.24518 -0 0.96948
vn -0.71245 0.00432 0.70171
vn 0.75577 0.48773 0.43696
vn 0.16381 -0.42942 0.88813
vn -0.71001 0.00748 0.70415
vn 0.8472 0.00077 0.53127
vn 0.7842 0.47853 0.39503
vn 0.3531 0.86639 0.3531
vn -0.0585 -0.74365 0.66601
vn -0.70708 0.00864 0.70708
vn 0.75493 -0.48831 0.43777
vn 0.87341 -0.00249 0.48699
vn -0.36209 -0.85895 0.36209
vn -0.70415 0.00749 0.71001
vn 0.50441 -0.84329 0.18555
vn -0.66601 -0.74365 0.0585
vn -0.70171 0.00433 0.71245
vn 0.1438 0.83399 0.53272
vn -0.19495 0.96195 0.19141
vn 0.61263 0.49938 0.61263
vn 0.78323 -0.47951 0.39576
vn 0.15904 -0.9745 -0.15831
vn -0.88813 -0.42942 -0.16381
vn -0.70098 -0 0.71318
vn 0.18555 0.84329 0.50441
vn -0.15749 0.9747 0.15858
vn 0.70711 -0.00069 0.70711
vn 0.53272 -0.83399 0.1438
vn -0.18602 -0.84467 -0.50192
vn -0.96948 -0 -0.24518
vn -0.70171 -0.00433 0.71245
vn 0.66601 0.74365 -0.0585
vn 0.36209 0.85895 -0.36209
vn 0.70415 -0.00748 -0.71001
vn 0.70708 -0.00864 -0.70708
vn 0.70171 -0.00433 -0.71245
vn 0.88813 0.42942 0.16381
vn 0.70098 -1E-05 -0.71318
vn 0.43696 0.48773 0.75577
vn 0.96948 -0 0.24518
vn 0.70171 0.00433 -0.71245
vn 0.39503 0.47853 0.7842
vn 0.53127 0.00077 0.8472
vn 0.88813 -0.42942 0.16381
vn 0.70415 0.00748 -0.71001
vn 0.48699 -0.00249 0.87341
vn 0.66601 -0.74365 -0.05847
vn 0.70708 0.00864 -0.70708
vn 0.43777 -0.48831 0.75493
vn 0.39576 -0.47951 0.78323
vn 0.36209 -0.85895 -0.36209
vn 0.71001 0.00748 -0.70415
vn 0.18555 -0.84329 0.50441
vn 0.61221 -0.50041 0.61221
vn 0.0585 -0.74365 -0.66601
vn 0.71245 0.00432 -0.70171
vn -0.15831 -0.9745 0.15904
vn 0.1438 -0.83399 0.53272
vn 0.3531 -0.86639 0.3531
vn -0.16381 -0.42942 -0.88813
vn 0.71318 -0 -0.70098
vn -0.19625 -0.9617 0.19136
vn -0.50192 -0.84467 -0.18602
vn 0.19136 -0.9617 -0.19625
vn -0.24518 -0 -0.96948
vn 0.71245 -0.00432 -0.70171
vn -0.00123 -1 -0.00123
vn -0.53462 -0.83196 -0.14842
vn -0.75582 -0.4863 -0.43845
vn -0.14842 -0.83196 -0.53462
vn -0.16381 0.42942 -0.88813
vn 0.71001 -0.00748 -0.70415
vn -0.35398 -0.86567 -0.35398
vn -0.78222 -0.48217 -0.39453
vn -0.84835 -0.00078 -0.52943
vn -0.43845 -0.4863 -0.75582
vn 0.0585 0.74365 -0.66601
vn -0.39453 -0.48217 -0.78222
vn -0.61243 -0.49986 -0.61243
vn -0.75572 0.48673 -0.43815
vn -0.50297 0.84382 -0.18703
vn -0.87436 0.0025 -0.48527
vn -0.52943 -0.00077 -0.84835
vn -0.53168 0.83438 -0.14537
vn -0.78161 0.4838 -0.39373
vn -0.48527 0.0025 -0.87436
vn -0.70711 0.00069 -0.70711
vn -0.88813 0.42942 -0.16381
vn -0.70415 -0.00749 0.71001
vn -0.3531 0.86639 -0.3531
vn -0.61178 0.50144 -0.61178
vn -0.14537 0.83438 -0.53168
vn -0.39378 0.48362 -0.7817
vn -0.18703 0.84382 -0.50297
vn -0.43815 0.48673 -0.75572
vn -0.66601 0.74365 0.0585
vn -0.36209 0.85895 -0.36209
vn -0.70708 -0.00864 -0.70708
vn -0.70415 -0.00749 -0.71001
vn -0.66601 0.74365 -0.0585
vn 0.15749 0.9747 0.15858
vn -0.70171 -0.00432 -0.71245
vn -0.18555 0.84329 0.50441
vn 0.19205 0.96306 0.18875
vn -0.88813 0.42942 0.16381
vn -0.70098 -0 -0.71318
vn -0.14664 0.83466 0.53088
vn 0.00327 0.99998 0.00476
vn -0.96948 -0 0.24518
vn -0.70171 0.00432 -0.71245
vn -0.43696 0.48773 0.75577
vn -0.88813 -0.42942 0.16381
vn -0.70415 0.00749 -0.71001
vn -0.53127 0.00077 0.8472
vn -0.39765 0.47894 0.78261
vn -0.34541 0.86561 0.3625
vn -0.66601 -0.74365 -0.0585
vn -0.70708 0.00864 -0.70708
vn -0.43777 -0.48831 0.75493
vn -0.48966 -0.00247 0.87191
vn -0.36209 -0.85895 -0.36209
vn -0.71001 0.00749 -0.70415
vn -0.18555 -0.84329 0.50441
vn -0.0585 -0.74365 -0.66601
vn -0.71245 0.00433 -0.70171
vn -0.52287 0.83825 0.15476
vn -0.18362 0.96451 -0.18973
vn -0.60094 0.49842 0.62486
vn -0.39843 -0.47973 0.78173
vn 0.15831 -0.9745 0.15904
vn 0.16381 -0.42942 -0.88813
vn -0.71318 -0 -0.70098
vn -0.50441 0.84329 0.18555
vn -0.15858 0.9747 -0.15749
vn -0.6938 -0.00076 0.72017
vn -0.14664 -0.83466 0.53088
vn 0.50192 -0.84467 -0.18602
vn 0.24518 0 -0.96948
vn -0.71245 -0.00433 -0.70171
vn 0.05847 0.74365 0.66601
vn 0.36209 0.85895 0.36209
vn 0.71001 -0.00748 0.70415
vn 0.70708 -0.00863 0.70708
vn 0.71245 -0.00432 0.70171
vn -0.16381 0.42942 0.88813
vn 0.71318 -0 0.70098
vn -0.75577 0.48773 0.43696
vn -0.24518 -0 0.96948
vn 0.71245 0.00432 0.70171
vn -0.77355 0.48201 0.41144
vn -0.8472 0.00077 0.53127
vn -0.16381 -0.42942 0.88813
vn 0.71001 0.00748 0.70415
vn -0.86266 -0.00246 0.50578
vn 0.05847 -0.74365 0.66601
vn 0.70708 0.00863 0.70708
vn -0.75493 -0.48831 0.43777
vn -0.77256 -0.48297 0.41216
vn 0.36209 -0.85895 0.36209
vn 0.70415 0.00747 0.71001
vn -0.50441 -0.84329 0.18555
vn -0.60059 -0.49927 0.62452
vn 0.66601 -0.74365 0.05847
vn 0.70171 0.00431 0.71245
vn -0.15904 -0.9745 -0.15831
vn -0.52287 -0.83825 0.15476
vn -0.34541 -0.86561 0.3625
vn 0.88813 -0.42942 -0.16381
vn 0.70098 -0 0.71318
vn -0.18369 -0.96422 -0.19114
vn 0.18602 -0.84467 -0.50192
vn 0.19334 -0.96279 0.18882
vn 0.96945 -0 -0.24529
vn 0.70171 -0.00431 0.71245
vn 0.00398 -0.99998 0.004
vn 0.1522 -0.83192 -0.53362
vn 0.43845 -0.4863 -0.75582
vn 0.53216 -0.8329 -0.15196
vn 0.88813 0.42942 -0.16381
vn 0.70415 -0.00747 0.71001
vn 0.35237 -0.86639 -0.35383
vn 0.39435 -0.48128 -0.78285
vn 0.52943 -0.00077 -0.84835
vn 0.75582 -0.4863 -0.43845
vn 0.66601 0.74365 0.05847
vn 0.7797 -0.48286 -0.39864
vn 0.60798 -0.50055 -0.61629
vn 0.43815 0.48673 -0.75572
vn 0.18703 0.84382 -0.50297
vn 0.48317 0.00245 -0.87552
vn 0.84835 -0.00077 -0.52943
vn 0.14927 0.83433 -0.53067
vn 0.39356 0.48292 -0.78224
vn 0.87191 0.00248 -0.48966
vn 0.70171 0.00076 -0.71246
vn 0.16381 0.42942 -0.88813
vn -0.71001 -0.00749 -0.70415
vn 0.35155 0.86716 -0.35277
vn 0.60745 0.50246 -0.61526
vn 0.52886 0.83554 -0.14894
vn 0.7789 0.48468 -0.398
vn 0.50297 0.84382 -0.18703
vn 0.75572 0.48673 -0.43815
vn -0.0585 0.74365 -0.66601
vn 0.10778 0.8085 -0.57855
vn 0.10358 -0.09772 -0.98981
vn 0.10793 -0.09688 -0.98943
vn -0.32574 0.7174 -0.61582
vn 0.03775 0.98934 0.14064
vn 0.11128 -0.09388 -0.98935
vn -0.45412 0.88529 0.10016
vn 0.035 0.98094 0.19116
vn -0.65779 0.42168 -0.6241
vn 0.11265 -0.08959 -0.98959
vn -0.45064 0.8798 0.15123
vn 0.06408 0.99451 -0.08275
vn -0.79924 0.00086 -0.60101
vn 0.1118 -0.08525 -0.99007
vn -0.82967 0.55083 0.09077
vn -0.71241 -0.43238 -0.55274
vn 0.10888 -0.08197 -0.99067
vn -0.99065 0.07348 0.11492
vn -0.82611 0.54537 0.14183
vn -0.4407 0.88872 -0.12635
vn -0.42012 -0.76212 -0.49262
vn 0.10468 -0.08057 -0.99124
vn -0.8914 -0.41983 0.17074
vn -0.98339 0.07397 0.16577
vn -0.00112 -0.89983 -0.43624
vn 0.10027 -0.08148 -0.99162
vn -0.56116 -0.79217 0.23992
vn 0.43239 -0.80863 -0.39894
vn 0.09698 -0.08447 -0.99169
vn -0.39359 0.83065 -0.39384
vn 0.09186 0.93219 -0.35012
vn -0.82828 0.54356 -0.13601
vn -0.88635 -0.40728 0.22024
vn -0.08563 -0.94915 0.30296
vn 0.7642 -0.51321 -0.39065
vn 0.0955 -0.08866 -0.99147
vn -0.40718 0.84511 -0.34639
vn 0.08427 0.94952 -0.30219
vn -0.99259 0.05346 -0.10912
vn -0.55662 -0.77877 0.28929
vn 0.4063 -0.8463 0.34453
vn 0.90579 -0.09217 -0.41359
vn 0.09641 -0.093 -0.99099
vn -0.43239 0.80863 0.39894
vn 0.00112 0.89983 0.43624
vn -0.10027 0.08148 0.99162
vn -0.10468 0.08057 0.99124
vn -0.09692 0.08447 0.9917
vn -0.7642 0.51321 0.39065
vn -0.0955 0.08866 0.99147
vn -0.7827 0.51073 -0.35571
vn -0.90579 0.09217 0.41359
vn -0.09641 0.093 0.99099
vn -0.76858 0.4966 -0.40333
vn -0.94414 0.03362 -0.32781
vn -0.81886 -0.34107 0.46168
vn -0.09938 0.09639 0.99037
vn -0.92645 0.02527 -0.37556
vn -0.52682 -0.67085 0.52194
vn -0.10358 0.09772 0.98981
vn -0.84475 -0.45973 -0.27393
vn -0.82928 -0.45615 -0.32282
vn -0.10778 -0.8085 0.57855
vn -0.10793 0.09682 0.98943
vn -0.51412 -0.83245 -0.20665
vn -0.89111 -0.45068 -0.0531
vn 0.32574 -0.7174 0.61582
vn -0.11128 0.09388 0.98935
vn -0.03888 -0.98916 -0.14159
vn -0.49917 -0.82796 -0.25556
vn -0.55078 -0.83447 0.01724
vn 0.65779 -0.42168 0.6241
vn -0.11265 0.08959 0.98959
vn -0.02906 -0.98105 -0.19155
vn 0.45284 -0.88615 -0.09832
vn -0.08613 -0.93219 0.35158
vn 0.79924 -0.00085 0.60101
vn -0.1118 0.08525 0.99007
vn -0.06165 -0.99464 0.08307
vn 0.45526 -0.87782 -0.14891
vn 0.83071 -0.54941 -0.08986
vn 0.39842 -0.82907 0.39232
vn 0.71241 0.43238 0.55274
vn -0.10888 0.08197 0.99067
vn 0.44187 -0.88814 0.12634
vn 0.82369 -0.54929 -0.14074
vn 0.99042 -0.07362 -0.11684
vn 0.78406 -0.5092 0.35493
vn 0.42012 0.76212 0.49262
vn 0.76677 -0.50011 0.40243
vn 0.82806 -0.5439 0.13598
vn 0.89208 0.41845 -0.17053
vn 0.56097 0.79288 -0.23801
vn 0.98304 -0.07411 -0.16775
vn 0.94344 -0.03345 0.32986
vn 0.55672 0.7794 -0.28739
vn 0.88419 0.41158 -0.22093
vn 0.92579 -0.02506 0.3772
vn 0.99259 -0.05346 0.10912
vn 0.81886 0.34107 -0.46168
vn 0.09938 -0.09639 -0.99037
vn 0.55078 0.83447 -0.01724
vn 0.89052 0.45185 0.05291
vn 0.49978 0.82817 0.25368
vn 0.82713 0.46044 0.32226
vn 0.51467 0.83256 0.20484
vn 0.84531 0.45855 0.2742
vn 0.52682 0.67085 -0.52194
vn 0.01549 0.62188 -0.78296
vn 0.02405 -0.36234 -0.93174
vn 0.02837 -0.36107 -0.93211
vn -0.41427 0.51216 -0.75238
vn -0.00256 0.99067 -0.13622
vn 0.03153 -0.35816 -0.93313
vn -0.48991 0.86607 -0.09953
vn -0.00054 0.99636 -0.08519
vn -0.72968 0.21649 -0.64861
vn 0.03272 -0.35404 -0.93466
vn -0.48185 0.87485 -0.04946
vn 0.00438 0.93521 -0.35406
vn -0.84628 -0.18569 -0.49932
vn 0.03156 -0.35015 -0.93616
vn -0.84671 0.53176 0.01791
vn -0.7328 -0.58683 -0.34443
vn 0.02841 -0.34713 -0.93739
vn -0.97981 0.07488 0.18539
vn -0.83852 0.54062 0.06788
vn -0.49613 0.80767 -0.31863
vn -0.4196 -0.87924 -0.22555
vn 0.02409 -0.34593 -0.93795
vn -0.8503 -0.38144 0.36263
vn -0.96825 0.08954 0.2334
vn 0.00916 -0.98458 -0.17472
vn 0.01978 -0.3472 -0.93758
vn -0.49608 -0.71141 0.49779
vn 0.43887 -0.87482 -0.20516
vn 0.01662 -0.35011 -0.93656
vn -0.46865 0.68003 -0.56385
vn 0.01261 0.80274 -0.5962
vn -0.86426 0.46265 -0.19751
vn -0.84179 -0.35547 0.40625
vn -0.00947 -0.83201 0.55468
vn 0.75439 -0.5791 -0.30908
vn 0.01543 -0.35424 -0.93503
vn -0.47917 0.70643 -0.52091
vn 0.0082 0.8324 -0.55412
vn -0.99971 -0.00573 -0.02358
vn -0.48816 -0.68474 0.54115
vn 0.4781 -0.70811 0.51961
vn 0.87104 -0.17699 -0.45822
vn 0.01659 -0.35813 -0.93353
vn -0.43887 0.87482 0.20516
vn -0.00916 0.98458 0.17472
vn -0.01978 0.3472 0.93758
vn -0.02411 0.34593 0.93795
vn -0.0166 0.35011 0.93656
vn -0.75439 0.5791 0.30908
vn -0.01543 0.35424 0.93503
vn -0.8359 0.37205 -0.40355
vn -0.87104 0.17699 0.45822
vn -0.01657 0.35813 0.93353
vn -0.82519 0.34594 -0.44653
vn -0.96905 -0.08336 -0.23238
vn -0.75739 -0.22402 0.61333
vn -0.01973 0.36115 0.9323
vn -0.95513 -0.10395 -0.27736
vn -0.44433 -0.51659 0.73192
vn -0.02404 0.36213 0.93182
vn -0.83938 -0.54054 -0.05707
vn -0.82853 -0.54975 -0.10637
vn -0.01549 -0.62188 0.78296
vn -0.02837 0.36107 0.93211
vn -0.48531 -0.87101 0.07629
vn -0.86743 -0.4723 0.15654
vn 0.41427 -0.51216 0.75238
vn -0.03153 0.35816 0.93313
vn 0.00134 -0.99081 0.13527
vn -0.47476 -0.87971 0.02667
vn -0.50235 -0.81284 0.29487
vn 0.72968 -0.21649 0.64861
vn -0.03272 0.35404 0.93466
vn 0.00644 -0.99642 0.08434
vn 0.48888 -0.8664 0.10171
vn -0.00676 -0.80214 0.59709
vn 0.84626 0.18581 0.49931
vn -0.03159 0.35015 0.93616
vn -0.00195 -0.93514 0.35428
vn 0.48661 -0.87215 0.05069
vn 0.84787 -0.52992 -0.01755
vn 0.47338 -0.67869 0.56151
vn 0.7328 0.58683 0.34443
vn -0.02842 0.34713 0.93739
vn 0.49724 -0.80701 0.31856
vn 0.83651 -0.544 -0.06574
vn 0.9794 -0.07562 -0.18724
vn 0.83699 -0.37113 0.40214
vn 0.4196 0.87924 0.22555
vn 0.82342 -0.34969 0.44687
vn 0.86414 -0.46283 0.19761
vn 0.85111 0.38014 -0.36208
vn 0.49634 0.71241 -0.4961
vn 0.96775 -0.09021 -0.23522
vn 0.96855 0.08403 0.2342
vn 0.48824 0.68597 -0.5395
vn 0.83932 0.35961 -0.4077
vn 0.95449 0.10466 0.27927
vn 0.99971 0.00572 0.02358
vn 0.75739 0.22402 -0.61333
vn 0.01973 -0.36115 -0.9323
vn 0.50235 0.81284 -0.29487
vn 0.86674 0.47341 -0.15699
vn 0.47513 0.87945 -0.02867
vn 0.82611 0.55367 0.10479
vn 0.48563 0.87066 -0.07819
vn 0.84031 0.53905 0.05755
vn 0.44433 0.51659 -0.73192
vn 0.006 0.76905 -0.63916
vn -0.00507 -0.16337 -0.98655
vn -0.00074 -0.16222 -0.98675
vn -0.42456 0.66016 -0.61963
vn 0.01005 0.9975 0.06994
vn 0.00245 -0.15905 -0.98727
vn -0.47833 0.87316 0.09376
vn 0.01343 0.99257 0.1209
vn -0.74219 0.35278 -0.56982
vn 0.00365 -0.15493 -0.98792
vn -0.4687 0.87149 0.14427
vn 0.01065 0.98789 -0.1548
vn -0.86144 -0.07014 -0.50299
vn 0.00254 -0.15061 -0.98859
vn -0.83728 0.5258 0.15
vn -0.75055 -0.49565 -0.43705
vn -0.00059 -0.14743 -0.98907
vn -0.97352 0.04568 0.22397
vn -0.82755 0.52436 0.20054
vn -0.49066 0.86123 -0.13243
vn -0.43942 -0.80951 -0.38937
vn -0.00489 -0.14624 -0.98924
vn -0.84711 -0.43845 0.30027
vn -0.96058 0.05003 0.27347
vn -0.01111 -0.92774 -0.37305
vn -0.00923 -0.14731 -0.98905
vn -0.49513 -0.79299 0.35499
vn 0.41936 -0.8187 -0.39226
vn -0.01242 -0.15036 -0.98855
vn -0.47172 0.7862 -0.39921
vn 0.01071 0.90809 -0.41865
vn -0.86138 0.50247 -0.07441
vn -0.83698 -0.42239 0.34793
vn -0.00907 -0.92793 0.37264
vn 0.73691 -0.5113 -0.4422
vn -0.01363 -0.15468 -0.98787
vn -0.48056 0.80338 -0.35163
vn 0.00783 0.92826 -0.37184
vn -0.99994 0.00993 0.00349
vn -0.48544 -0.77602 0.40266
vn 0.47934 -0.80485 0.34992
vn 0.85637 -0.08837 -0.50874
vn -0.01251 -0.15892 -0.98721
vn -0.41936 0.8187 0.39226
vn 0.01112 0.92774 0.37305
vn 0.00922 0.14731 0.98905
vn 0.0049 0.14624 0.98924
vn 0.01241 0.15036 0.98855
vn -0.73699 0.51135 0.442
vn 0.01362 0.15468 0.98787
vn -0.83945 0.45611 -0.29544
vn -0.85637 0.08837 0.50874
vn 0.01251 0.15892 0.98721
vn -0.83049 0.43892 -0.34298
vn -0.97574 -0.0235 -0.21768
vn -0.74544 -0.33708 0.57507
vn 0.00938 0.1621 0.98673
vn -0.96326 -0.03454 -0.26633
vn -0.43436 -0.65092 0.6226
vn 0.00506 0.16337 0.98655
vn -0.84937 -0.50796 -0.14335
vn -0.83972 -0.50725 -0.19382
vn -0.00601 -0.76905 0.63916
vn 0.00073 0.16222 0.98675
vn -0.49733 -0.86282 -0.09052
vn -0.87072 -0.48517 0.08039
vn 0.42456 -0.66016 0.61963
vn -0.00245 0.15905 0.98727
vn -0.0113 -0.99742 -0.07085
vn -0.48823 -0.86123 -0.1411
vn -0.50786 -0.85066 0.13588
vn 0.74219 -0.35278 0.56982
vn -0.00365 0.15493 0.98792
vn -0.00756 -0.99251 -0.12193
vn 0.47707 -0.87406 -0.09174
vn -0.00483 -0.90767 0.41966
vn 0.86144 0.0702 0.50299
vn -0.00253 0.15061 0.98859
vn -0.00823 -0.98791 0.1548
vn 0.47342 -0.8692 -0.14271
vn 0.83852 -0.52401 -0.14932
vn 0.47609 -0.78469 0.39698
vn 0.75055 0.49565 0.43705
vn 0.00059 0.14743 0.98907
vn 0.49201 -0.86047 0.13234
vn 0.8257 -0.52784 -0.19898
vn 0.97308 -0.04599 -0.22582
vn 0.84075 -0.45455 0.29416
vn 0.43942 0.80951 0.38937
vn 0.82852 -0.44282 0.34273
vn 0.86117 -0.50284 0.07439
vn 0.84777 0.43731 -0.30009
vn 0.49527 0.7938 -0.35296
vn 0.96001 -0.05033 -0.2754
vn 0.97532 0.02379 0.21953
vn 0.48583 0.77683 -0.40062
vn 0.83447 0.42676 -0.34863
vn 0.96278 0.03485 0.26804
vn 0.99994 -0.00993 -0.00348
vn 0.74544 0.33708 -0.57507
vn -0.00938 -0.1621 -0.98673
vn 0.50786 0.85066 -0.13588
vn 0.87007 0.4863 -0.08056
vn 0.48856 0.86138 0.13905
vn 0.83724 0.51162 0.19308
vn 0.4976 0.86287 0.08857
vn 0.85003 0.5068 0.14354
vn 0.43436 0.65092 -0.6226
vn 0.03397 0.75543 -0.65435
vn 0.01823 -0.18393 -0.98277
vn 0.02258 -0.18297 -0.98286
vn -0.39849 0.65292 -0.64413
vn 0.0229 0.99851 0.04947
vn 0.02585 -0.17992 -0.98334
vn -0.46749 0.88175 0.06298
vn 0.02489 0.99461 0.10065
vn -0.72158 0.35127 -0.5966
vn 0.02712 -0.17581 -0.98405
vn -0.45948 0.88087 0.11383
vn 0.02921 0.98415 -0.17489
vn -0.84903 -0.06854 -0.52387
vn 0.02608 -0.1715 -0.98484
vn -0.83311 0.5406 0.11696
vn -0.74609 -0.49414 -0.44629
vn 0.02301 -0.16823 -0.98548
vn -0.97824 0.06422 0.19731
vn -0.82474 0.54006 0.16773
vn -0.4743 0.86511 -0.16318
vn -0.44099 -0.81117 -0.3841
vn 0.01872 -0.16698 -0.98578
vn -0.86089 -0.42019 0.28688
vn -0.96653 0.06941 0.247
vn -0.01504 -0.9352 -0.35381
vn 0.01438 -0.16806 -0.98567
vn -0.51564 -0.77835 0.35817
vn 0.4175 -0.83257 -0.36403
vn 0.01112 -0.17111 -0.98519
vn -0.44948 0.78421 -0.42775
vn 0.03496 0.89871 -0.43715
vn -0.85153 0.51317 -0.10748
vn -0.85191 -0.40301 0.33442
vn -0.03242 -0.91963 0.39144
vn 0.7406 -0.53116 -0.41155
vn 0.00985 -0.17531 -0.98446
vn -0.45915 0.8026 -0.3808
vn 0.03118 0.92001 -0.39066
vn -0.99944 0.02417 -0.02307
vn -0.50737 -0.76033 0.40556
vn 0.45814 -0.804 0.37906
vn 0.86784 -0.11129 -0.48422
vn 0.01088 -0.17953 -0.98369
vn -0.4175 0.83257 0.36403
vn 0.01504 0.9352 0.35381
vn -0.01438 0.16806 0.98567
vn -0.01872 0.16698 0.98578
vn -0.01112 0.171 0.98521
vn -0.7406 0.53116 0.41155
vn -0.00984 0.17531 0.98446
vn -0.82474 0.46144 -0.32692
vn -0.86784 0.11129 0.48422
vn -0.01088 0.17953 0.98369
vn -0.81461 0.44345 -0.37385
vn -0.96999 -0.01426 -0.24274
vn -0.76513 -0.31421 0.56201
vn -0.01396 0.18277 0.98306
vn -0.95644 -0.02649 -0.29074
vn -0.45992 -0.63129 0.62446
vn -0.01823 0.18405 0.98275
vn -0.85268 -0.49886 -0.15518
vn -0.84178 -0.49926 -0.20532
vn -0.03397 -0.75543 0.65435
vn -0.02258 0.18297 0.98286
vn -0.50735 -0.85747 -0.08564
vn -0.87954 -0.47102 0.06745
vn 0.39849 -0.65292 0.64413
vn -0.02583 0.17992 0.98334
vn -0.02412 -0.99844 -0.05044
vn -0.49709 -0.85697 -0.13599
vn -0.52386 -0.84022 0.14
vn 0.72158 -0.35127 0.5966
vn -0.02712 0.17581 0.98405
vn -0.01898 -0.99465 -0.1015
vn 0.46658 -0.88237 -0.06098
vn -0.02913 -0.8984 0.43821
vn 0.84903 0.06854 0.52387
vn -0.02609 0.17139 0.98486
vn -0.02679 -0.9842 0.17502
vn 0.46421 -0.8786 -0.11214
vn 0.83428 -0.53894 -0.11625
vn 0.45412 -0.78274 0.42555
vn 0.74609 0.49414 0.44629
vn -0.02303 0.16823 0.98548
vn 0.47565 -0.86438 0.16311
vn 0.82281 -0.54349 -0.16615
vn 0.97786 -0.0645 -0.19906
vn 0.826 -0.46011 0.32562
vn 0.44099 0.81117 0.3841
vn 0.81261 -0.44733 0.37359
vn 0.85153 -0.51316 0.10754
vn 0.86173 0.41866 -0.28659
vn 0.51617 0.77889 -0.35624
vn 0.966 -0.06972 -0.24895
vn 0.96952 0.01459 0.24458
vn 0.50735 0.76126 -0.40383
vn 0.8496 0.40722 -0.3352
vn 0.95584 0.02686 0.29266
vn 0.99944 -0.02417 0.02307
vn 0.76513 0.31421 -0.56201
vn 0.01396 -0.18277 -0.98306
vn 0.52386 0.84022 -0.14
vn 0.87891 0.47217 -0.06769
vn 0.49741 0.8571 0.13406
vn 0.83946 0.50348 0.20449
vn 0.5078 0.8574 0.08374
vn 0.85343 0.49751 0.15538
vn 0.45992 0.63129 -0.62446
vn -0.01848 0.17552 0.9843
vn 0.01848 -0.17552 -0.9843
vn 0.00498 0.15481 0.98793
vn -0.00498 -0.15481 -0.98793
vn -0.02408 0.35396 0.93495
vn 0.02406 -0.35396 -0.93495
vn -0.10411 0.08916 0.99056
vn 0.10411 -0.08916 -0.99056
vn 0.70711 -0 0.70711
vn -0.70711 -0 -0.70711
vn 0.70711 -0 -0.70711
vn -0.70711 -0 0.70711
vn -1 -0 -0
vn -0 0 -1
vn -0 -1E-05 1
vn 1 -0 -0
vn 0.09684 0.04165 -0.99443
vn 0.09984 0.0324 -0.99448
vn -0 -0 -1
vn 0.09263 0.05083 -0.9944
vn 0.10222 0.02235 -0.99451
vn 0.08738 0.05919 -0.99441
vn 0.10345 0.01131 -0.99457
vn 0.08171 0.067 -0.9944
vn 0.10388 0 -0.99459
vn 0.07463 0.07463 -0.99441
vn 0.10345 -0.01131 -0.99457
vn 0.06646 0.0811 -0.99449
vn 0.10222 -0.02235 -0.99451
vn 0.05835 0.08612 -0.99458
vn 0.09984 -0.0324 -0.99448
vn 0.04993 0.09088 -0.99461
vn 0.09684 -0.04165 -0.99443
vn 0.04083 0.09479 -0.99466
vn 0.09263 -0.05083 -0.9944
vn 0.03174 0.09766 -0.99471
vn 0.08738 -0.05919 -0.99441
vn 0.0219 0.09993 -0.99475
vn 0.08171 -0.067 -0.9944
vn 0.01109 0.10121 -0.9948
vn 0.07463 -0.07463 -0.99441
vn 0 0.10164 -0.99482
vn 0.06646 -0.0811 -0.99449
vn -0.01109 0.10121 -0.9948
vn 0.05835 -0.08612 -0.99458
vn -0.0219 0.09993 -0.99475
vn 0.04993 -0.09088 -0.99461
vn -0.03174 0.09766 -0.99471
vn 0.04083 -0.09479 -0.99466
vn -0.04083 0.09479 -0.99466
vn 0.03174 -0.09766 -0.99471
vn -0.04993 0.09088 -0.99461
vn 0.0219 -0.09993 -0.99475
vn -0.05835 0.08612 -0.99458
vn 0.01109 -0.10121 -0.9948
vn -0.06646 0.0811 -0.99449
vn 0 -0.10164 -0.99482
vn -0.07463 0.07463 -0.99441
vn -0.01109 -0.10121 -0.9948
vn -0.08171 0.067 -0.9944
vn -0.0219 -0.09993 -0.99475
vn -0.08738 0.05919 -0.99441
vn -0.03174 -0.09766 -0.99471
vn -0.09263 0.05083 -0.9944
vn -0.04083 -0.09479 -0.99466
vn -0.09684 0.04165 -0.99443
vn -0.04993 -0.09088 -0.99461
vn -0.09984 0.0324 -0.99448
vn -0.05835 -0.08612 -0.99458
vn -0.10222 0.02235 -0.99451
vn -0.06646 -0.0811 -0.99449
vn -0.10345 0.01131 -0.99457
vn -0.07463 -0.07463 -0.99441
vn -0.10388 0 -0.99459
vn -0.08171 -0.067 -0.9944
vn -0.10345 -0.01131 -0.99457
vn -0.08738 -0.05916 -0.99442
vn -0.10222 -0.02235 -0.99451
vn -0.09263 -0.05083 -0.9944
vn -0.09984 -0.0324 -0.99448
vn -0.09684 -0.04165 -0.99443
vn -0.35992 -0.11831 -0.92545
vn -0.36955 -0.08195 -0.92559
vn -0.34688 -0.15098 -0.92568
vn -0.37553 -0.0416 -0.92588
vn -0.33001 -0.18295 -0.92608
vn -0.37736 -0 -0.92607
vn -0.31129 -0.21229 -0.9263
vn -0.37553 0.0416 -0.92588
vn -0.29124 -0.23948 -0.92619
vn -0.36955 0.08195 -0.92559
vn -0.26658 -0.26658 -0.92621
vn -0.35992 0.11831 -0.92545
vn -0.23865 -0.29005 -0.92678
vn -0.34688 0.15098 -0.92568
vn -0.21084 -0.30912 -0.92736
vn -0.33001 0.18295 -0.92608
vn -0.18144 -0.32698 -0.92745
vn -0.31129 0.21229 -0.9263
vn -0.14955 -0.34305 -0.92734
vn -0.29124 0.23948 -0.92619
vn -0.117 -0.35571 -0.92724
vn -0.26658 0.26658 -0.92621
vn -0.08113 -0.36528 -0.92736
vn -0.23865 0.29005 -0.92678
vn -0.04117 -0.37108 -0.92769
vn -0.21084 0.30912 -0.92736
vn -0 -0.37307 -0.9278
vn -0.18144 0.32698 -0.92745
vn 0.04114 -0.37108 -0.92769
vn -0.14943 0.34306 -0.92735
vn 0.08113 -0.36528 -0.92736
vn -0.117 0.35571 -0.92724
vn 0.117 -0.35571 -0.92724
vn -0.08113 0.36528 -0.92736
vn 0.14943 -0.34306 -0.92735
vn -0.04117 0.37108 -0.92769
vn 0.18144 -0.32698 -0.92745
vn 0 0.37307 -0.9278
vn 0.21084 -0.30912 -0.92736
vn 0.04114 0.37108 -0.92769
vn 0.23865 -0.29005 -0.92678
vn 0.08113 0.36528 -0.92736
vn 0.26658 -0.26658 -0.92621
vn 0.117 0.35571 -0.92724
vn 0.29124 -0.23948 -0.92619
vn 0.14955 0.34305 -0.92734
vn 0.31129 -0.21229 -0.9263
vn 0.18144 0.32698 -0.92745
vn 0.33001 -0.18295 -0.92608
vn 0.21084 0.30912 -0.92736
vn 0.34688 -0.15098 -0.92568
vn 0.23865 0.29005 -0.92678
vn 0.35992 -0.11831 -0.92545
vn 0.26658 0.26658 -0.92621
vn 0.36955 -0.08195 -0.92559
vn 0.29124 0.23948 -0.92619
vn 0.37553 -0.0416 -0.92588
vn 0.31129 0.21229 -0.9263
vn 0.37736 0 -0.92607
vn 0.33001 0.18295 -0.92608
vn 0.37553 0.0416 -0.92588
vn 0.34688 0.15098 -0.92568
vn 0.36955 0.08195 -0.92559
vn 0.35992 0.11831 -0.92545
vn 0.72208 0 -0.69181
vn 0.71812 0.08025 -0.69127
vn 0.70599 0.15807 -0.69036
vn 0.68705 0.2278 -0.68998
vn 0.66223 0.29083 -0.69056
vn 0.63103 0.35239 -0.6911
vn 0.71812 -0.08025 -0.69127
vn 0.59632 0.40927 -0.69058
vn 0.70599 -0.15807 -0.69036
vn 0.55904 0.46139 -0.68891
vn 0.68705 -0.2278 -0.68998
vn 0.51317 0.51317 -0.68797
vn 0.66223 -0.29083 -0.69056
vn 0.46082 0.55845 -0.68977
vn 0.63103 -0.35239 -0.6911
vn 0.40814 0.59512 -0.69228
vn 0.59632 -0.40927 -0.69058
vn 0.35148 0.62924 -0.69319
vn 0.55904 -0.46139 -0.68891
vn 0.28982 0.6602 -0.69292
vn 0.51317 -0.51317 -0.68797
vn 0.22702 0.68448 -0.69278
vn 0.46082 -0.55845 -0.68977
vn 0.15748 0.70315 -0.69338
vn 0.40814 -0.59512 -0.69228
vn 0.07995 0.71526 -0.69427
vn 0.35148 -0.62924 -0.69319
vn 0 0.71921 -0.69479
vn 0.28982 -0.6602 -0.69292
vn -0.07995 0.71526 -0.69427
vn 0.22702 -0.68448 -0.69278
vn -0.15748 0.70315 -0.69338
vn 0.15748 -0.70315 -0.69338
vn -0.22702 0.68448 -0.69278
vn 0.07995 -0.71526 -0.69427
vn -0.28982 0.6602 -0.69292
vn -0 -0.71921 -0.69479
vn -0.35148 0.62924 -0.69319
vn -0.07995 -0.71526 -0.69427
vn -0.40814 0.59512 -0.69228
vn -0.15748 -0.70315 -0.69338
vn -0.46082 0.55845 -0.68977
vn -0.22702 -0.68448 -0.69278
vn -0.51317 0.51317 -0.68797
vn -0.28982 -0.6602 -0.69292
vn -0.55904 0.46139 -0.68891
vn -0.35148 -0.62924 -0.69319
vn -0.59632 0.40927 -0.69058
vn -0.40814 -0.59512 -0.69228
vn -0.63103 0.35239 -0.6911
vn -0.46082 -0.55845 -0.68977
vn -0.66223 0.29083 -0.69056
vn -0.51317 -0.51317 -0.68797
vn -0.68705 0.2278 -0.68998
vn -0.55904 -0.46139 -0.68891
vn -0.70599 0.15807 -0.69036
vn -0.59632 -0.40927 -0.69058
vn -0.71812 0.08025 -0.69127
vn -0.63103 -0.35239 -0.6911
vn -0.72208 -0 -0.69181
vn -0.66223 -0.29083 -0.69056
vn -0.71812 -0.08025 -0.69127
vn -0.68705 -0.2278 -0.68998
vn -0.70599 -0.15807 -0.69036
vn -0.77875 -0.53707 -0.32419
vn -0.82337 -0.46247 -0.32891
vn -0.86285 -0.38088 -0.3323
vn -0.89364 -0.29837 -0.33524
vn -0.91793 -0.20678 -0.33861
vn -0.93399 -0.10503 -0.34152
vn -0.73 -0.60451 -0.31886
vn -0.9395 -0 -0.34255
vn -0.67074 -0.67074 -0.31657
vn -0.93399 0.10503 -0.34152
vn -0.60437 -0.72983 -0.31951
vn -0.91793 0.20678 -0.33861
vn -0.5371 -0.77831 -0.32519
vn -0.89357 0.29834 -0.33545
vn -0.46224 -0.82291 -0.33038
vn -0.86285 0.38088 -0.3323
vn -0.38062 -0.86231 -0.33399
vn -0.82337 0.46247 -0.32891
vn -0.29808 -0.89302 -0.33714
vn -0.77875 0.53707 -0.32419
vn -0.20671 -0.91719 -0.34065
vn -0.73 0.60451 -0.31886
vn -0.105 -0.93324 -0.34356
vn -0.67074 0.67074 -0.31657
vn 0 -0.93881 -0.34443
vn -0.60437 0.72983 -0.31951
vn 0.105 -0.93324 -0.34356
vn -0.5371 0.77831 -0.32519
vn 0.20671 -0.91719 -0.34065
vn -0.46224 0.82291 -0.33038
vn 0.29808 -0.89302 -0.33714
vn -0.38062 0.86231 -0.33399
vn 0.38062 -0.86231 -0.33399
vn -0.29808 0.89302 -0.33714
vn 0.46224 -0.82291 -0.33038
vn -0.20671 0.91719 -0.34065
vn 0.5371 -0.77831 -0.32519
vn -0.105 0.93324 -0.34356
vn 0.60437 -0.72983 -0.31951
vn -0 0.93881 -0.34443
vn 0.67074 -0.67074 -0.31657
vn 0.105 0.93324 -0.34356
vn 0.73 -0.60451 -0.31886
vn 0.20671 0.91719 -0.34065
vn 0.77875 -0.53707 -0.32419
vn 0.29808 0.89302 -0.33714
vn 0.82337 -0.46247 -0.32891
vn 0.38062 0.86231 -0.33399
vn 0.86285 -0.38088 -0.3323
vn 0.46224 0.82291 -0.33038
vn 0.89364 -0.29837 -0.33524
vn 0.5371 0.77831 -0.32519
vn 0.91793 -0.20678 -0.33861
vn 0.60437 0.72983 -0.31951
vn 0.93399 -0.10503 -0.34152
vn 0.67074 0.67074 -0.31657
vn 0.9395 -0 -0.34255
vn 0.73 0.60451 -0.31886
vn 0.93399 0.10503 -0.34152
vn 0.77875 0.53707 -0.32419
vn 0.91793 0.20678 -0.33861
vn 0.82337 0.46247 -0.32891
vn 0.89364 0.29837 -0.33524
vn 0.86285 0.38088 -0.3323
vn 0.98791 0.11189 -0.10731
vn 0.96999 0.22004 -0.10349
vn 0.94339 0.3169 -0.09796
vn 0.91004 0.40425 -0.09172
vn 0.86726 0.49052 -0.08509
vn 0.8188 0.56881 -0.07757
vn 0.99408 -0 -0.10864
vn 0.98791 -0.11189 -0.10731
vn 0.99996 0 -0.0089
vn 0.99351 0.11345 -0.00802
vn 0.97476 0.22318 -0.00543
vn 0.94708 0.32098 -0.0015
vn 0.91247 0.40912 0.00312
vn 0.96999 -0.22004 -0.10349
vn 0.99351 -0.11345 -0.00802
vn 0.99817 0 0.06049
vn 0.99165 0.11389 0.06051
vn 0.9727 0.22401 0.06061
vn 0.94339 -0.3169 -0.09796
vn 0.97476 -0.22318 -0.00543
vn 0.99165 -0.11389 0.06051
vn 0.99081 -0 0.13527
vn 0.91004 -0.40425 -0.09172
vn 0.94708 -0.32098 -0.0015
vn 0.9727 -0.22401 0.06061
vn 0.86726 -0.49052 -0.08509
vn 0.91247 -0.40912 0.00312
vn 0.8188 -0.56881 -0.07757
vn 0.98444 0.11304 0.13453
vn 0.98444 -0.11304 0.13453
vn 0.94478 -0.32201 0.06079
vn 0.86832 -0.49594 0.00815
vn 0.76662 -0.6382 -0.07062
vn 0.97398 -0 0.22665
vn 0.96592 -0.22244 0.13234
vn 0.90991 -0.41027 0.0612
vn 0.81851 -0.57433 0.01358
vn 0.70548 -0.70548 -0.06774
vn 0.96793 -0.11098 0.22538
vn 0.93856 -0.3201 0.12904
vn 0.86545 -0.49719 0.06163
vn 0.76605 -0.64252 0.01845
vn 0.63819 -0.76661 -0.0708
vn 0.95039 -0.21843 0.22148
vn 0.90443 -0.40778 0.12538
vn 0.81536 -0.57563 0.06198
vn 0.70696 -0.70696 0.02051
vn 0.5688 -0.81878 -0.07794
vn 0.9244 -0.31473 0.21547
vn 0.86078 -0.49435 0.12115
vn 0.76344 -0.64287 0.06224
vn 0.64252 -0.76605 0.01842
vn 0.4905 -0.86723 -0.08558
vn 0.89173 -0.40167 0.20853
vn 0.81147 -0.57271 0.11626
vn 0.70573 -0.70573 0.06236
vn 0.57433 -0.81851 0.01351
vn 0.40422 -0.90999 -0.09227
vn 0.84995 -0.48722 0.20053
vn 0.76018 -0.64007 0.1115
vn 0.64287 -0.76344 0.06221
vn 0.49594 -0.86832 0.00806
vn 0.31688 -0.94333 -0.09857
vn 0.80266 -0.56489 0.19139
vn 0.70286 -0.70286 0.10941
vn 0.57563 -0.81536 0.06198
vn 0.40912 -0.91247 0.00301
vn 0.22013 -0.96989 -0.1042
vn 0.75295 -0.63234 0.18226
vn 0.64007 -0.76018 0.1115
vn 0.49719 -0.86545 0.06163
vn 0.32098 -0.94708 -0.00162
vn 0.11188 -0.98784 -0.10798
vn 0.69582 -0.69582 0.17798
vn 0.57271 -0.81147 0.11626
vn 0.41008 -0.91 0.06115
vn 0.22318 -0.97476 -0.00556
vn 0 -0.99401 -0.1093
vn 0.63234 -0.75295 0.18226
vn 0.49435 -0.86078 0.12115
vn 0.32201 -0.94478 0.06079
vn 0.11345 -0.99351 -0.00815
vn -0.11188 -0.98784 -0.10798
vn 0.56489 -0.80266 0.19139
vn 0.40778 -0.90443 0.12538
vn 0.22401 -0.9727 0.06058
vn -0.22013 -0.96989 -0.1042
vn 0.48722 -0.84995 0.20053
vn 0.3201 -0.93856 0.12904
vn -0.31688 -0.94333 -0.09857
vn 0.40167 -0.89173 0.20853
vn -0.40422 -0.90999 -0.09233
vn -0.4905 -0.86723 -0.08558
vn -0.5688 -0.81878 -0.07794
vn -0.63819 -0.76661 -0.0708
vn -0.70548 -0.70548 -0.06774
vn -0.76662 -0.6382 -0.07062
vn -0.8188 -0.56881 -0.07757
vn -0.86726 -0.49052 -0.08509
vn -0.91004 -0.40425 -0.09172
vn -0.94339 -0.3169 -0.09796
vn -0.96999 -0.22004 -0.10349
vn -0.98791 -0.11189 -0.10731
vn -0.99408 -0 -0.10864
vn -0.98791 0.11189 -0.10731
vn -0.99996 -0 -0.0089
vn -0.99351 -0.11345 -0.00802
vn -0.97476 -0.22318 -0.00543
vn -0.94708 -0.32098 -0.0015
vn -0.96999 0.22004 -0.10349
vn -0.99351 0.11345 -0.00802
vn -0.99817 -0 0.06049
vn -0.99165 -0.11389 0.06051
vn -0.94339 0.3169 -0.09796
vn -0.97476 0.22318 -0.00543
vn -0.99165 0.11389 0.06051
vn -0.91004 0.40425 -0.09172
vn -0.94708 0.32098 -0.0015
vn -0.86726 0.49052 -0.08509
vn -0.9727 -0.22401 0.06061
vn -0.99081 -0 0.13527
vn -0.9727 0.22401 0.06061
vn -0.91247 0.40912 0.00312
vn -0.8188 0.56881 -0.07757
vn -0.98444 -0.11304 0.13453
vn -0.98444 0.11304 0.13453
vn -0.94478 0.32201 0.06079
vn -0.86832 0.49594 0.00815
vn -0.76662 0.6382 -0.07062
vn -0.97398 -0 0.22665
vn -0.96592 0.22244 0.13234
vn -0.90991 0.41027 0.0612
vn -0.81851 0.57433 0.01358
vn -0.70548 0.70548 -0.06774
vn -0.96793 0.11098 0.22538
vn -0.93856 0.3201 0.12904
vn -0.86545 0.49719 0.06163
vn -0.76605 0.64252 0.01845
vn -0.63819 0.76661 -0.0708
vn -0.95039 0.21843 0.22148
vn -0.90443 0.40778 0.12538
vn -0.81536 0.57563 0.06198
vn -0.70696 0.70696 0.02051
vn -0.5688 0.81878 -0.07794
vn -0.9244 0.31473 0.21547
vn -0.86078 0.49435 0.12115
vn -0.76344 0.64287 0.06224
vn -0.64252 0.76605 0.01842
vn -0.4905 0.86723 -0.08558
vn -0.89173 0.40167 0.20853
vn -0.81147 0.57271 0.11626
vn -0.70573 0.70573 0.06236
vn -0.57433 0.81851 0.01351
vn -0.40422 0.90999 -0.09227
vn -0.84995 0.48722 0.20053
vn -0.76018 0.64007 0.1115
vn -0.64287 0.76344 0.06224
vn -0.49594 0.86832 0.00806
vn -0.31688 0.94333 -0.09857
vn -0.80266 0.56489 0.19139
vn -0.70286 0.70286 0.10941
vn -0.57563 0.81536 0.06198
vn -0.40912 0.91247 0.00301
vn -0.22013 0.96989 -0.1042
vn -0.75295 0.63234 0.18226
vn -0.64007 0.76018 0.1115
vn -0.49719 0.86545 0.06163
vn -0.32098 0.94708 -0.00162
vn -0.11188 0.98784 -0.10798
vn -0.69582 0.69582 0.17798
vn -0.57271 0.81147 0.11626
vn -0.41008 0.91 0.06115
vn -0.22318 0.97476 -0.00556
vn -0 0.99401 -0.1093
vn -0.63234 0.75295 0.18226
vn -0.49435 0.86078 0.12115
vn -0.32201 0.94478 0.06079
vn -0.11345 0.99351 -0.00815
vn 0.11188 0.98784 -0.10798
vn -0.56489 0.80266 0.19139
vn -0.40778 0.90443 0.12538
vn -0.22401 0.9727 0.06058
vn 0.22013 0.96989 -0.1042
vn -0.48722 0.84995 0.20053
vn -0.3201 0.93856 0.12904
vn 0.31688 0.94333 -0.09857
vn -0.40167 0.89173 0.20853
vn 0.40422 0.90999 -0.09233
vn 0.4905 0.86723 -0.08558
vn 0.5688 0.81878 -0.07794
vn 0.63819 0.76661 -0.0708
vn 0.70548 0.70548 -0.06774
vn 0.76662 0.6382 -0.07062
vn 0.40912 0.91247 0.00301
vn 0.49594 0.86832 0.00806
vn 0.57433 0.81851 0.01351
vn 0.64252 0.76605 0.01842
vn 0.70696 0.70696 0.02051
vn 0.76605 0.64252 0.01845
vn 0.81851 0.57433 0.01358
vn 0.32098 0.94708 -0.00162
vn 0.86832 0.49594 0.00815
vn 0.22318 0.97476 -0.00556
vn 0.11345 0.99351 -0.00815
vn -0 0.99996 -0.00903
vn -0.11389 0.99165 0.06048
vn -0.22244 0.96592 0.13234
vn -0.31473 0.9244 0.21547
vn 0.90991 0.41027 0.0612
vn 0.86545 0.49719 0.06163
vn 0.94478 0.32201 0.06079
vn 0.96592 0.22244 0.13234
vn 0.93856 0.3201 0.12904
vn 0.96793 0.11098 0.22538
vn 0.81536 0.57563 0.06198
vn 0.90443 0.40778 0.12538
vn 0.95039 0.21843 0.22148
vn 0.94689 0 0.32157
vn 0.76344 0.64287 0.06224
vn 0.86078 0.49435 0.12115
vn 0.9244 0.31473 0.21547
vn 0.94133 0.10784 0.3198
vn 0.94133 -0.10784 0.3198
vn 0.70573 0.70573 0.06236
vn 0.89173 0.40167 0.20853
vn 0.92512 0.21249 0.31464
vn 0.91221 -0 0.40971
vn 0.92512 -0.21249 0.31464
vn 0.64287 0.76344 0.06221
vn 0.90104 0.3067 0.3067
vn 0.90715 0.10424 0.40768
vn 0.90715 -0.10424 0.40768
vn 0.90104 -0.3067 0.3067
vn 0.57563 0.81536 0.06198
vn 0.89247 0.20554 0.40156
vn 0.86803 -0 0.49651
vn 0.89247 -0.20554 0.40156
vn 0.87062 -0.3921 0.29712
vn 0.49719 0.86545 0.06163
vn 0.8634 0.10023 0.49446
vn 0.8634 -0.10023 0.49446
vn 0.87062 -0.29712 0.3921
vn 0.83124 -0.47643 0.28644
vn 0.41008 0.91 0.06115
vn 0.81797 -0 0.57526
vn 0.85056 -0.19775 0.48729
vn 0.84262 -0.38079 0.38079
vn 0.78667 -0.55326 0.27394
vn 0.32201 0.94478 0.06079
vn 0.81425 -0.0955 0.57261
vn 0.83124 -0.28644 0.47643
vn 0.80617 -0.46339 0.36793
vn 0.73947 -0.6203 0.26155
vn 0.22401 0.9727 0.06058
vn 0.80326 -0.18861 0.56497
vn 0.80617 -0.36793 0.46339
vn 0.76515 -0.53859 0.35279
vn 0.68361 -0.68361 0.25562
vn 0.11389 0.99165 0.06048
vn 0.78667 -0.27394 0.55326
vn 0.77325 -0.44838 0.44838
vn 0.72115 -0.60494 0.33763
vn 0.6203 -0.73947 0.26155
vn -0 0.99817 0.06046
vn 0.76515 -0.35279 0.53859
vn 0.73629 -0.52194 0.43064
vn 0.66742 -0.66742 0.33029
vn 0.55326 -0.78667 0.27394
vn -0.11304 0.98444 0.13453
vn 0.73629 -0.43064 0.52194
vn 0.69664 -0.5868 0.41276
vn 0.60494 -0.72115 0.33763
vn 0.47643 -0.83124 0.28644
vn -0.21843 0.95039 0.22148
vn 0.70363 -0.50245 0.50245
vn 0.64663 -0.64663 0.40463
vn 0.53859 -0.76515 0.35279
vn 0.66889 -0.56538 0.48263
vn 0.5868 -0.69664 0.41276
vn 0.62297 -0.62297 0.47309
vn 0.69664 -0.41276 0.5868
vn 0.66889 -0.48263 0.56538
vn 0.64062 -0.54296 0.54296
vn 0.72115 -0.33763 0.60494
vn 0.73947 -0.26155 0.6203
vn 0.75354 -0.17947 0.63243
vn 0.76281 -0.09071 0.64023
vn 0.76573 -0 0.64316
vn 0.70711 -0 0.70711
vn 0.70433 -0.08853 0.70433
vn 0.69618 -0.17514 0.69618
vn 0.68361 -0.25562 0.68361
vn 0.66742 -0.33029 0.66742
vn 0.81425 0.0955 0.57261
vn 0.76281 0.09071 0.64023
vn 0.85056 0.19775 0.48729
vn 0.64663 -0.40463 0.64663
vn 0.80326 0.18861 0.56497
vn 0.87062 0.29712 0.3921
vn 0.62297 -0.47309 0.62297
vn 0.83124 0.28644 0.47643
vn 0.87062 0.3921 0.29712
vn 0.84262 0.38079 0.38079
vn 0.84995 0.48722 0.20053
vn 0.83124 0.47643 0.28644
vn 0.81147 0.57271 0.11626
vn 0.80266 0.56489 0.19139
vn 0.76018 0.64007 0.1115
vn 0.70286 0.70286 0.10941
vn 0.75295 0.63234 0.18226
vn 0.78667 0.55326 0.27394
vn 0.80617 0.46339 0.36793
vn 0.64007 0.76018 0.1115
vn 0.69582 0.69582 0.17798
vn 0.73947 0.6203 0.26155
vn 0.57271 0.81147 0.11626
vn 0.63234 0.75295 0.18226
vn 0.49435 0.86078 0.12115
vn 0.80617 0.36793 0.46339
vn 0.76515 0.53859 0.35279
vn 0.68361 0.68361 0.25562
vn 0.56489 0.80266 0.19139
vn 0.40778 0.90443 0.12538
vn 0.78667 0.27394 0.55326
vn 0.72115 0.60494 0.33763
vn 0.6203 0.73947 0.26155
vn 0.48722 0.84995 0.20053
vn 0.3201 0.93856 0.12904
vn 0.75354 0.17947 0.63243
vn 0.66742 0.66742 0.33029
vn 0.55326 0.78667 0.27394
vn 0.40167 0.89173 0.20853
vn 0.22244 0.96592 0.13234
vn 0.70433 0.08853 0.70433
vn 0.60494 0.72115 0.33763
vn 0.47643 0.83124 0.28644
vn 0.31473 0.9244 0.21547
vn 0.11304 0.98444 0.13453
vn 0.53859 0.76515 0.35279
vn 0.3921 0.87062 0.29712
vn 0.21843 0.95039 0.22148
vn 0 0.99081 0.13527
vn 0.46339 0.80617 0.36793
vn 0.3067 0.90104 0.3067
vn 0.11098 0.96793 0.22538
vn -0.11098 0.96793 0.22538
vn 0.38079 0.84262 0.38079
vn 0.21249 0.92512 0.31464
vn 0 0.97398 0.22665
vn 0.29712 0.87062 0.3921
vn 0.10784 0.94133 0.3198
vn 0.20554 0.89247 0.40156
vn -0.21249 0.92512 0.31464
vn -0.10784 0.94133 0.3198
vn 0 0.94689 0.32157
vn 0.10424 0.90715 0.40768
vn -0.3067 0.90104 0.3067
vn -0.3921 0.87062 0.29712
vn -0.47643 0.83124 0.28644
vn -0.55326 0.78667 0.27394
vn -0.6203 0.73947 0.26155
vn -0.68361 0.68361 0.25562
vn -0.73947 0.6203 0.26155
vn -0.78667 0.55326 0.27394
vn -0.83124 0.47643 0.28644
vn -0.87062 0.3921 0.29712
vn -0.90104 0.3067 0.3067
vn -0.92512 0.21249 0.31464
vn -0.94133 0.10784 0.3198
vn -0.94689 -0 0.32157
vn -0.96793 -0.11098 0.22538
vn -0.96592 -0.22244 0.13234
vn -0.94478 -0.32201 0.06079
vn -0.91247 -0.40912 0.00312
vn -0.86832 -0.49594 0.00815
vn -0.90991 -0.41027 0.0612
vn -0.93856 -0.3201 0.12904
vn -0.95039 -0.21843 0.22148
vn -0.94133 -0.10784 0.3198
vn -0.81851 -0.57433 0.01358
vn -0.86545 -0.49719 0.06163
vn -0.90443 -0.40778 0.12538
vn -0.9244 -0.31473 0.21547
vn -0.76605 -0.64252 0.01845
vn -0.81536 -0.57563 0.06198
vn -0.86078 -0.49435 0.12115
vn -0.70696 -0.70696 0.02051
vn -0.76344 -0.64287 0.06224
vn -0.64252 -0.76605 0.01842
vn -0.92512 -0.21249 0.31464
vn -0.89173 -0.40167 0.20853
vn -0.81147 -0.57271 0.11626
vn -0.70573 -0.70573 0.06236
vn -0.57433 -0.81851 0.01351
vn -0.90104 -0.3067 0.3067
vn -0.84995 -0.48722 0.20053
vn -0.76018 -0.64007 0.1115
vn -0.64287 -0.76344 0.06224
vn -0.49594 -0.86832 0.00806
vn -0.87062 -0.3921 0.29712
vn -0.80266 -0.56489 0.19139
vn -0.70286 -0.70286 0.10941
vn -0.57563 -0.81536 0.06198
vn -0.40912 -0.91247 0.00301
vn -0.83124 -0.47643 0.28644
vn -0.75295 -0.63234 0.18226
vn -0.64007 -0.76018 0.1115
vn -0.49719 -0.86545 0.06163
vn -0.32098 -0.94708 -0.00162
vn -0.78667 -0.55326 0.27394
vn -0.69582 -0.69582 0.17798
vn -0.57271 -0.81147 0.11626
vn -0.41008 -0.91 0.06115
vn -0.22318 -0.97476 -0.00556
vn -0.73947 -0.6203 0.26155
vn -0.63234 -0.75295 0.18226
vn -0.49435 -0.86078 0.12115
vn -0.32201 -0.94478 0.06079
vn -0.11345 -0.99351 -0.00815
vn -0.68361 -0.68361 0.25562
vn -0.56489 -0.80266 0.19139
vn -0.40778 -0.90443 0.12538
vn -0.22401 -0.9727 0.06058
vn 0 -0.99996 -0.00903
vn -0.6203 -0.73947 0.26155
vn -0.48722 -0.84995 0.20053
vn -0.3201 -0.93856 0.12904
vn -0.11389 -0.99165 0.06048
vn 0.11389 -0.99165 0.06048
vn -0.55326 -0.78667 0.27394
vn -0.40167 -0.89173 0.20853
vn -0.22244 -0.96592 0.13234
vn 0 -0.99817 0.06049
vn 0.22244 -0.96592 0.13234
vn -0.47643 -0.83124 0.28644
vn -0.31473 -0.9244 0.21547
vn -0.11304 -0.98444 0.13453
vn 0.11304 -0.98444 0.13453
vn 0.31473 -0.9244 0.21547
vn -0.3921 -0.87062 0.29712
vn -0.21843 -0.95039 0.22148
vn 0 -0.99081 0.13527
vn 0.21843 -0.95039 0.22148
vn 0.3921 -0.87062 0.29712
vn -0.3067 -0.90104 0.3067
vn -0.11098 -0.96793 0.22538
vn 0.11098 -0.96793 0.22538
vn 0.3067 -0.90104 0.3067
vn 0.46339 -0.80617 0.36793
vn -0.21249 -0.92512 0.31464
vn -0 -0.97398 0.22665
vn 0.21249 -0.92512 0.31464
vn 0.38079 -0.84262 0.38079
vn 0.52194 -0.73629 0.43064
vn -0.10784 -0.94133 0.3198
vn 0.10784 -0.94133 0.3198
vn 0.29712 -0.87062 0.3921
vn 0.44838 -0.77325 0.44838
vn 0.56538 -0.66889 0.48263
vn 0 -0.94689 0.32157
vn 0.20554 -0.89247 0.40156
vn 0.36793 -0.80617 0.46339
vn 0.50245 -0.70363 0.50245
vn 0.59924 -0.59924 0.53087
vn 0.10424 -0.90715 0.40768
vn 0.28644 -0.83124 0.47643
vn 0.43064 -0.73629 0.52194
vn 0.54296 -0.64062 0.54296
vn 0.59924 -0.53087 0.59924
vn 0.19775 -0.85056 0.48729
vn 0.35279 -0.76515 0.53859
vn 0.48263 -0.66889 0.56538
vn 0.57735 -0.57735 0.57735
vn 0.53087 -0.59924 0.59924
vn 0.54296 -0.54296 0.64062
vn 0.41276 -0.69664 0.5868
vn 0.47309 -0.62297 0.62297
vn 0.27394 -0.78667 0.55326
vn 0.56538 -0.48263 0.66889
vn 0.33763 -0.72115 0.60494
vn 0.48263 -0.56538 0.66889
vn 0.40463 -0.64663 0.64663
vn 0.5868 -0.41276 0.69664
vn 0.50245 -0.50245 0.70363
vn 0.41276 -0.5868 0.69664
vn 0.33029 -0.66742 0.66742
vn 0.26155 -0.73947 0.6203
vn 0.60494 -0.33763 0.72115
vn 0.52194 -0.43064 0.73629
vn 0.43064 -0.52194 0.73629
vn 0.33763 -0.60494 0.72115
vn 0.6203 -0.26155 0.73947
vn 0.53859 -0.35279 0.76515
vn 0.44838 -0.44838 0.77325
vn 0.63243 -0.17947 0.75354
vn 0.55326 -0.27394 0.78667
vn 0.64023 -0.09071 0.76281
vn 0.25562 -0.68361 0.68361
vn 0.35279 -0.53859 0.76515
vn 0.46339 -0.36793 0.80617
vn 0.56496 -0.18873 0.80325
vn 0.26155 -0.6203 0.73947
vn 0.36793 -0.46339 0.80617
vn 0.47643 -0.28644 0.83124
vn 0.27394 -0.55326 0.78667
vn 0.38079 -0.38079 0.84262
vn 0.28644 -0.47643 0.83124
vn 0.57261 -0.0955 0.81425
vn 0.48729 -0.19775 0.85056
vn 0.3921 -0.29712 0.87062
vn 0.29712 -0.3921 0.87062
vn 0.64316 0 0.76573
vn 0.64023 0.09071 0.76281
vn 0.18873 -0.56496 0.80325
vn 0.19775 -0.48729 0.85056
vn 0.17947 -0.63243 0.75354
vn 0.17514 -0.69618 0.69618
vn 0.17947 -0.75354 0.63243
vn 0.18861 -0.80326 0.56497
vn 0.10023 -0.8634 0.49446
vn 0.0955 -0.81425 0.57261
vn 0.09071 -0.76281 0.64023
vn 0.08853 -0.70433 0.70433
vn 0.09071 -0.64023 0.76281
vn 0 -0.91221 0.40971
vn 0 -0.86803 0.49651
vn 0 -0.81797 0.57526
vn 0 -0.76573 0.64316
vn -0.10424 -0.90715 0.40768
vn -0.10023 -0.8634 0.49446
vn -0.0955 -0.81425 0.57261
vn -0.20554 -0.89247 0.40156
vn -0.19775 -0.85056 0.48729
vn -0.29712 -0.87062 0.3921
vn 0 -0.70711 0.70711
vn -0.09071 -0.76281 0.64023
vn -0.18861 -0.80326 0.56497
vn -0.28644 -0.83124 0.47643
vn -0.38079 -0.84262 0.38079
vn -0.08853 -0.70433 0.70433
vn -0.17947 -0.75354 0.63243
vn -0.27394 -0.78667 0.55326
vn -0.36793 -0.80617 0.46339
vn -0.46339 -0.80617 0.36793
vn -0.17514 -0.69618 0.69618
vn -0.26155 -0.73947 0.6203
vn -0.35279 -0.76515 0.53859
vn -0.44838 -0.77325 0.44838
vn -0.53859 -0.76515 0.35279
vn -0.25562 -0.68361 0.68361
vn -0.33763 -0.72115 0.60494
vn -0.43064 -0.73629 0.52194
vn -0.52194 -0.73629 0.43064
vn -0.60494 -0.72115 0.33763
vn -0.33029 -0.66742 0.66742
vn -0.41276 -0.69664 0.5868
vn -0.50245 -0.70363 0.50245
vn -0.5868 -0.69664 0.41276
vn -0.66742 -0.66742 0.33029
vn -0.40463 -0.64663 0.64663
vn -0.48263 -0.66889 0.56538
vn -0.56538 -0.66889 0.48263
vn -0.64663 -0.64663 0.40463
vn -0.72115 -0.60494 0.33763
vn -0.47309 -0.62297 0.62297
vn -0.54296 -0.64062 0.54296
vn -0.62297 -0.62297 0.47309
vn -0.69664 -0.5868 0.41276
vn -0.76515 -0.53859 0.35279
vn -0.53087 -0.59924 0.59924
vn -0.59924 -0.59924 0.53087
vn -0.66889 -0.56538 0.48263
vn -0.73629 -0.52194 0.43064
vn -0.80617 -0.46339 0.36793
vn -0.57735 -0.57735 0.57735
vn -0.64062 -0.54296 0.54296
vn -0.59924 -0.53087 0.59924
vn -0.70363 -0.50245 0.50245
vn -0.77325 -0.44838 0.44838
vn -0.84262 -0.38079 0.38079
vn -0.54296 -0.54296 0.64062
vn -0.62297 -0.47309 0.62297
vn -0.66889 -0.48263 0.56538
vn -0.73629 -0.43064 0.52194
vn -0.80617 -0.36793 0.46339
vn -0.87062 -0.29712 0.3921
vn -0.69664 -0.41276 0.5868
vn -0.64663 -0.40463 0.64663
vn -0.76515 -0.35279 0.53859
vn -0.83124 -0.28644 0.47643
vn -0.89247 -0.20554 0.40156
vn -0.72115 -0.33763 0.60494
vn -0.78667 -0.27394 0.55326
vn -0.85056 -0.19775 0.48729
vn -0.90715 -0.10424 0.40768
vn -0.66742 -0.33029 0.66742
vn -0.73947 -0.26155 0.6203
vn -0.80326 -0.18861 0.56497
vn -0.8634 -0.10023 0.49446
vn -0.91221 -0 0.40971
vn -0.86803 -0 0.49651
vn -0.90715 0.10424 0.40768
vn -0.81425 -0.0955 0.57261
vn -0.75354 -0.17947 0.63243
vn -0.81797 -0 0.57526
vn -0.89247 0.20554 0.40156
vn -0.8634 0.10023 0.49446
vn -0.76281 -0.09071 0.64023
vn -0.87062 0.29712 0.3921
vn -0.76573 -0 0.64316
vn -0.70711 -0 0.70711
vn -0.85056 0.19775 0.48729
vn -0.81425 0.0955 0.57261
vn -0.70433 -0.08853 0.70433
vn -0.84262 0.38079 0.38079
vn -0.76281 0.09071 0.64023
vn -0.80326 0.18861 0.56497
vn -0.83124 0.28644 0.47643
vn -0.80617 0.46339 0.36793
vn -0.80617 0.36793 0.46339
vn -0.78667 0.27394 0.55326
vn -0.75354 0.17947 0.63243
vn -0.76515 0.53859 0.35279
vn -0.77325 0.44838 0.44838
vn -0.76515 0.35279 0.53859
vn -0.72115 0.60494 0.33763
vn -0.73629 0.52194 0.43064
vn -0.66742 0.66742 0.33029
vn -0.70433 0.08853 0.70433
vn -0.73947 0.26155 0.6203
vn -0.73629 0.43064 0.52194
vn -0.69664 0.5868 0.41276
vn -0.60494 0.72115 0.33763
vn -0.69618 0.17514 0.69618
vn -0.72115 0.33763 0.60494
vn -0.70363 0.50245 0.50245
vn -0.64663 0.64663 0.40463
vn -0.53859 0.76515 0.35279
vn -0.68361 0.25562 0.68361
vn -0.69664 0.41276 0.5868
vn -0.66889 0.56538 0.48263
vn -0.5868 0.69664 0.41276
vn -0.46339 0.80617 0.36793
vn -0.66742 0.33029 0.66742
vn -0.66889 0.48263 0.56538
vn -0.62297 0.62297 0.47309
vn -0.52194 0.73629 0.43064
vn -0.38079 0.84262 0.38079
vn -0.64663 0.40463 0.64663
vn -0.64062 0.54296 0.54296
vn -0.56538 0.66889 0.48263
vn -0.44838 0.77325 0.44838
vn -0.29712 0.87062 0.3921
vn -0.62297 0.47309 0.62297
vn -0.59924 0.59924 0.53087
vn -0.50245 0.70363 0.50245
vn -0.36793 0.80617 0.46339
vn -0.20554 0.89247 0.40156
vn -0.59924 0.53087 0.59924
vn -0.54296 0.64062 0.54296
vn -0.43064 0.73629 0.52194
vn -0.28644 0.83124 0.47643
vn -0.10424 0.90715 0.40768
vn -0.57735 0.57735 0.57735
vn -0.48263 0.66889 0.56538
vn -0.53087 0.59924 0.59924
vn -0.35279 0.76515 0.53859
vn -0.19775 0.85056 0.48729
vn 0 0.91221 0.40971
vn -0.54296 0.54296 0.64062
vn -0.47309 0.62297 0.62297
vn -0.41276 0.69664 0.5868
vn -0.27394 0.78667 0.55326
vn -0.10023 0.8634 0.49446
vn -0.56538 0.48263 0.66889
vn -0.48263 0.56538 0.66889
vn -0.33763 0.72115 0.60494
vn -0.40463 0.64663 0.64663
vn -0.18861 0.80326 0.56497
vn -0.5868 0.41276 0.69664
vn -0.50245 0.50245 0.70363
vn -0.26155 0.73947 0.6203
vn -0.41276 0.5868 0.69664
vn -0.33029 0.66742 0.66742
vn -0.60494 0.33763 0.72115
vn -0.52194 0.43064 0.73629
vn -0.43064 0.52194 0.73629
vn -0.33763 0.60494 0.72115
vn -0.25562 0.68361 0.68361
vn -0.6203 0.26155 0.73947
vn -0.53859 0.35279 0.76515
vn -0.44838 0.44838 0.77325
vn -0.35279 0.53859 0.76515
vn -0.63243 0.17947 0.75354
vn -0.55326 0.27394 0.78667
vn -0.46339 0.36793 0.80617
vn -0.64023 0.09071 0.76281
vn -0.56497 0.18861 0.80326
vn -0.26155 0.6203 0.73947
vn -0.36793 0.46339 0.80617
vn -0.47643 0.28644 0.83124
vn -0.27394 0.55326 0.78667
vn -0.38079 0.38079 0.84262
vn -0.28644 0.47643 0.83124
vn -0.57261 0.0955 0.81425
vn -0.48729 0.19775 0.85056
vn -0.3921 0.29712 0.87062
vn -0.29712 0.3921 0.87062
vn -0.64316 -0 0.76573
vn -0.64023 -0.09071 0.76281
vn -0.18861 0.56497 0.80326
vn -0.19775 0.48729 0.85056
vn -0.17947 0.63243 0.75354
vn -0.17514 0.69618 0.69618
vn -0.17947 0.75354 0.63243
vn -0.0955 0.81425 0.57261
vn -0.09071 0.76281 0.64023
vn -0.08853 0.70433 0.70433
vn -0.09071 0.64023 0.76281
vn 0 0.86803 0.49651
vn 0 0.81797 0.57526
vn 0 0.76573 0.64316
vn 0.10023 0.8634 0.49446
vn 0.0955 0.81425 0.57261
vn 0.19775 0.85056 0.48729
vn -0.0955 0.57261 0.81425
vn -0 0.70711 0.70711
vn 0.09071 0.76281 0.64023
vn 0.18861 0.80326 0.56497
vn 0.28644 0.83124 0.47643
vn -0 0.64316 0.76573
vn 0.08853 0.70433 0.70433
vn 0.17947 0.75354 0.63243
vn 0.27394 0.78667 0.55326
vn 0.36793 0.80617 0.46339
vn 0.09071 0.64023 0.76281
vn 0.17514 0.69618 0.69618
vn 0.26155 0.73947 0.6203
vn 0.35279 0.76515 0.53859
vn 0.44838 0.77325 0.44838
vn 0.17947 0.63243 0.75354
vn 0.25562 0.68361 0.68361
vn 0.33763 0.72115 0.60494
vn 0.43064 0.73629 0.52194
vn 0.52194 0.73629 0.43064
vn 0.26155 0.6203 0.73947
vn 0.33029 0.66742 0.66742
vn 0.41276 0.69664 0.5868
vn 0.50245 0.70363 0.50245
vn 0.5868 0.69664 0.41276
vn 0.33763 0.60494 0.72115
vn 0.40463 0.64663 0.64663
vn 0.48263 0.66889 0.56538
vn 0.56538 0.66889 0.48263
vn 0.64663 0.64663 0.40463
vn 0.41276 0.5868 0.69664
vn 0.47309 0.62297 0.62297
vn 0.54296 0.64062 0.54296
vn 0.62297 0.62297 0.47309
vn 0.69664 0.5868 0.41276
vn 0.48263 0.56538 0.66889
vn 0.53087 0.59924 0.59924
vn 0.59924 0.59924 0.53087
vn 0.66889 0.56538 0.48263
vn 0.73629 0.52194 0.43064
vn 0.54296 0.54296 0.64062
vn 0.57735 0.57735 0.57735
vn 0.59924 0.53087 0.59924
vn 0.64062 0.54296 0.54296
vn 0.70363 0.50245 0.50245
vn 0.77325 0.44838 0.44838
vn 0.62297 0.47309 0.62297
vn 0.66889 0.48263 0.56538
vn 0.73629 0.43064 0.52194
vn 0.76515 0.35279 0.53859
vn 0.56538 0.48263 0.66889
vn 0.69664 0.41276 0.5868
vn 0.64663 0.40463 0.64663
vn 0.73947 0.26155 0.6203
vn 0.72115 0.33763 0.60494
vn 0.50245 0.50245 0.70363
vn 0.66742 0.33029 0.66742
vn 0.5868 0.41276 0.69664
vn 0.69618 0.17514 0.69618
vn 0.68361 0.25562 0.68361
vn 0.43064 0.52194 0.73629
vn 0.52194 0.43064 0.73629
vn 0.60494 0.33763 0.72115
vn 0.63243 0.17947 0.75354
vn 0.6203 0.26155 0.73947
vn 0.35279 0.53859 0.76515
vn 0.53859 0.35279 0.76515
vn 0.44838 0.44838 0.77325
vn 0.55326 0.27394 0.78667
vn 0.56496 0.18873 0.80325
vn 0.27394 0.55326 0.78667
vn 0.36793 0.46339 0.80617
vn 0.46339 0.36793 0.80617
vn 0.18873 0.56496 0.80325
vn 0.47643 0.28644 0.83124
vn 0.57261 0.0955 0.81425
vn 0.28644 0.47643 0.83124
vn 0.38079 0.38079 0.84262
vn 0.0955 0.57261 0.81425
vn 0.48729 0.19775 0.85056
vn 0.57526 0 0.81797
vn 0.19775 0.48729 0.85056
vn 0.29712 0.3921 0.87062
vn 0.3921 0.29712 0.87062
vn 0 0.57526 0.81797
vn 0.49446 0.10023 0.8634
vn 0.10023 0.49446 0.8634
vn 0.20554 0.40156 0.89247
vn 0.3067 0.3067 0.90104
vn 0.40156 0.20554 0.89247
vn -0.10023 0.49446 0.8634
vn 0 0.49651 0.86803
vn 0.10424 0.40768 0.90715
vn 0.21249 0.31464 0.92512
vn 0.31464 0.21249 0.92512
vn 0.40768 0.10424 0.90715
vn -0.20554 0.40156 0.89247
vn -0.10424 0.40768 0.90715
vn -0 0.40971 0.91221
vn 0.10784 0.3198 0.94133
vn 0.21837 0.21837 0.95112
vn -0.3067 0.3067 0.90104
vn -0.21249 0.31464 0.92512
vn -0.10784 0.3198 0.94133
vn -0 0.32157 0.94689
vn -0.40156 0.20554 0.89247
vn -0.31464 0.21249 0.92512
vn -0.21837 0.21837 0.95112
vn -0.49446 0.10023 0.8634
vn -0.40768 0.10424 0.90715
vn -0.57526 -0 0.81797
vn 0.11095 0.22227 0.96865
vn -0.11095 0.22227 0.96865
vn -0.3198 0.10784 0.94133
vn -0.49651 -0 0.86803
vn -0.57261 -0.0955 0.81425
vn -0 0.22365 0.97467
vn -0.22227 0.11095 0.96865
vn -0.40971 -0 0.91221
vn -0.49446 -0.10023 0.8634
vn -0.11296 0.11296 0.98716
vn -0.32157 -0 0.94689
vn -0.40768 -0.10424 0.90715
vn -0.22365 -0 0.97467
vn -0.3198 -0.10784 0.94133
vn -0.22227 -0.11095 0.96865
vn -0.48729 -0.19775 0.85056
vn -0.40156 -0.20554 0.89247
vn -0.31464 -0.21249 0.92512
vn -0.21837 -0.21837 0.95112
vn -0.56497 -0.18861 0.80326
vn -0.63243 -0.17947 0.75354
vn -0.69618 -0.17514 0.69618
vn -0.68361 -0.25562 0.68361
vn -0.6203 -0.26155 0.73947
vn -0.55326 -0.27394 0.78667
vn -0.47643 -0.28644 0.83124
vn -0.60494 -0.33763 0.72115
vn -0.53859 -0.35279 0.76515
vn -0.5868 -0.41276 0.69664
vn -0.3921 -0.29712 0.87062
vn -0.46339 -0.36793 0.80617
vn -0.52194 -0.43064 0.73629
vn -0.56538 -0.48263 0.66889
vn -0.50245 -0.50245 0.70363
vn -0.48263 -0.56538 0.66889
vn -0.41276 -0.5868 0.69664
vn -0.44838 -0.44838 0.77325
vn -0.43064 -0.52194 0.73629
vn -0.33763 -0.60494 0.72115
vn -0.35279 -0.53859 0.76515
vn -0.26155 -0.6203 0.73947
vn -0.36793 -0.46339 0.80617
vn -0.17947 -0.63243 0.75354
vn -0.27394 -0.55326 0.78667
vn -0.38079 -0.38079 0.84262
vn -0.09071 -0.64023 0.76281
vn -0.28644 -0.47643 0.83124
vn -0.18861 -0.56497 0.80326
vn -0.29712 -0.3921 0.87062
vn 0 -0.64316 0.76573
vn -0.19775 -0.48729 0.85056
vn -0.0955 -0.57261 0.81425
vn -0.3067 -0.3067 0.90104
vn 0.0955 -0.57261 0.81425
vn 0 -0.57526 0.81797
vn -0.20554 -0.40156 0.89247
vn -0.21249 -0.31464 0.92512
vn -0.10023 -0.49446 0.8634
vn 0.10023 -0.49446 0.8634
vn -0.10424 -0.40768 0.90715
vn 0 -0.49651 0.86803
vn -0.10784 -0.3198 0.94133
vn 0.20554 -0.40156 0.89247
vn 0.10424 -0.40768 0.90715
vn 0 -0.40971 0.91221
vn -0.11095 -0.22227 0.96865
vn 0.3067 -0.3067 0.90104
vn 0 -0.32157 0.94689
vn 0.10784 -0.3198 0.94133
vn 0.21249 -0.31464 0.92512
vn -0.11296 -0.11296 0.98716
vn 0.40156 -0.20554 0.89247
vn 0 -0.22365 0.97467
vn 0.11095 -0.22227 0.96865
vn 0.31464 -0.21249 0.92512
vn 0.21837 -0.21837 0.95112
vn -0.11369 0 0.99352
vn 0.49446 -0.10023 0.8634
vn 0 -0.11369 0.99352
vn 0.11296 -0.11296 0.98716
vn 0.22227 -0.11095 0.96865
vn 0.3198 -0.10784 0.94133
vn 0.40768 -0.10424 0.90715
vn 0.49651 0 0.86803
vn 0.40971 0 0.91221
vn 0.32157 0 0.94689
vn 0.3198 0.10784 0.94133
vn 0.22227 0.11095 0.96865
vn 0.22365 0 0.97467
vn 0.11296 0.11296 0.98716
vn 0.11369 -0 0.99352
vn -0 0.11369 0.99352
vn 0 -0 1
vt 0.604 0.0127
vt 0.604 0.00879
vt 0.59814 0.00879
vt 0.59814 0.0127
vt 0.604 0.01758
vt 0.59229 0.00879
vt 0.59814 0.01758
vt 0.604 0.021
vt 0.59229 0.0127
vt 0.58643 0.00879
vt 0.59814 0.021
vt 0.604 0.05225
vt 0.59229 0.01758
vt 0.58643 0.0127
vt 0.58057 0.00879
vt 0.58057 0.0127
vt 0.57422 0.00879
vt 0.58643 0.01758
vt 0.59229 0.021
vt 0.59814 0.05225
vt 0.57422 0.0127
vt 0.56836 0.00879
vt 0.58057 0.01758
vt 0.58643 0.021
vt 0.56836 0.0127
vt 0.5625 0.00879
vt 0.57422 0.01758
vt 0.5625 0.0127
vt 0.55664 0.00879
vt 0.59814 0.06787
vt 0.604 0.06787
vt 0.59229 0.05225
vt 0.58057 0.021
vt 0.56836 0.01758
vt 0.55664 0.0127
vt 0.55078 0.00879
vt 0.59814 0.0835
vt 0.604 0.0835
vt 0.58643 0.05225
vt 0.57422 0.021
vt 0.5625 0.01758
vt 0.55078 0.0127
vt 0.54492 0.00879
vt 0.59814 0.08691
vt 0.604 0.08691
vt 0.58057 0.05225
vt 0.56836 0.021
vt 0.55664 0.01758
vt 0.54492 0.0127
vt 0.53857 0.00879
vt 0.59814 0.0918
vt 0.604 0.0918
vt 0.604 0.09326
vt 0.59814 0.09326
vt 0.59229 0.0918
vt 0.59229 0.09326
vt 0.59229 0.08691
vt 0.58643 0.0918
vt 0.58643 0.09326
vt 0.59229 0.0835
vt 0.58643 0.08691
vt 0.58057 0.0918
vt 0.58057 0.09326
vt 0.59229 0.06787
vt 0.58643 0.0835
vt 0.58643 0.06787
vt 0.58057 0.08691
vt 0.57422 0.0918
vt 0.57422 0.09326
vt 0.58057 0.0835
vt 0.58057 0.06787
vt 0.56836 0.0918
vt 0.56836 0.09326
vt 0.57422 0.08691
vt 0.57422 0.0835
vt 0.57422 0.06787
vt 0.5625 0.0918
vt 0.5625 0.09326
vt 0.56836 0.08691
vt 0.55664 0.0918
vt 0.55664 0.09326
vt 0.56836 0.0835
vt 0.5625 0.08691
vt 0.57422 0.05225
vt 0.55078 0.0918
vt 0.55078 0.09326
vt 0.56836 0.06787
vt 0.5625 0.0835
vt 0.55664 0.08691
vt 0.56836 0.05225
vt 0.54492 0.0918
vt 0.54492 0.09326
vt 0.5625 0.06787
vt 0.55664 0.0835
vt 0.55078 0.08691
vt 0.5625 0.021
vt 0.53857 0.0918
vt 0.53857 0.09326
vt 0.5625 0.05225
vt 0.55664 0.06787
vt 0.54492 0.08691
vt 0.55078 0.0835
vt 0.55664 0.021
vt 0.53271 0.0918
vt 0.53271 0.09326
vt 0.53857 0.08691
vt 0.53271 0.08691
vt 0.55664 0.05225
vt 0.55078 0.06787
vt 0.54492 0.0835
vt 0.53857 0.0835
vt 0.53271 0.0835
vt 0.54492 0.06787
vt 0.53857 0.06787
vt 0.53271 0.06787
vt 0.55078 0.05225
vt 0.55078 0.021
vt 0.53857 0.05225
vt 0.53271 0.05225
vt 0.53271 0.021
vt 0.54492 0.05225
vt 0.53857 0.021
vt 0.53271 0.01758
vt 0.54492 0.021
vt 0.53857 0.01758
vt 0.53271 0.0127
vt 0.55078 0.01758
vt 0.54492 0.01758
vt 0.53857 0.0127
vt 0.53271 0.00879
vt 0.42944 0.17676
vt 0.4231 0.17871
vt 0.42944 0.17871
vt 0.4231 0.17676
vt 0.42944 0.17236
vt 0.41699 0.17871
vt 0.4231 0.17236
vt 0.42944 0.16895
vt 0.41699 0.17676
vt 0.41089 0.17871
vt 0.4231 0.16895
vt 0.42944 0.15381
vt 0.41089 0.17676
vt 0.40479 0.17871
vt 0.41699 0.17236
vt 0.4231 0.15381
vt 0.42944 0.13867
vt 0.40479 0.17676
vt 0.39844 0.17871
vt 0.41089 0.17236
vt 0.41699 0.16895
vt 0.39844 0.17676
vt 0.39233 0.17871
vt 0.40479 0.17236
vt 0.41089 0.16895
vt 0.41699 0.15381
vt 0.4231 0.13867
vt 0.39233 0.17676
vt 0.38623 0.17871
vt 0.39844 0.17236
vt 0.40479 0.16895
vt 0.41089 0.15381
vt 0.38623 0.17676
vt 0.37988 0.17871
vt 0.39233 0.17236
vt 0.39844 0.16895
vt 0.37988 0.17676
vt 0.37378 0.17871
vt 0.38623 0.17236
vt 0.37378 0.17676
vt 0.36768 0.17871
vt 0.41699 0.13867
vt 0.40479 0.15381
vt 0.39233 0.16895
vt 0.37988 0.17236
vt 0.36768 0.17676
vt 0.36157 0.17871
vt 0.41089 0.13867
vt 0.39844 0.15381
vt 0.38623 0.16895
vt 0.37378 0.17236
vt 0.36157 0.17676
vt 0.35522 0.17871
vt 0.35522 0.17676
vt 0.36768 0.17236
vt 0.36157 0.17236
vt 0.35522 0.17236
vt 0.37988 0.16895
vt 0.39233 0.15381
vt 0.37378 0.16895
vt 0.36157 0.16895
vt 0.35522 0.16895
vt 0.36768 0.16895
vt 0.38623 0.15381
vt 0.36157 0.15381
vt 0.35522 0.15381
vt 0.37988 0.15381
vt 0.37378 0.15381
vt 0.36768 0.15381
vt 0.36157 0.13867
vt 0.35522 0.13867
vt 0.35522 0.1084
vt 0.36768 0.13867
vt 0.36157 0.1084
vt 0.35522 0.10547
vt 0.37378 0.13867
vt 0.37988 0.13867
vt 0.36768 0.1084
vt 0.36157 0.10547
vt 0.35522 0.10059
vt 0.37378 0.1084
vt 0.38623 0.13867
vt 0.36768 0.10547
vt 0.36157 0.10059
vt 0.35522 0.09912
vt 0.36157 0.09912
vt 0.36768 0.10059
vt 0.36768 0.09912
vt 0.37988 0.1084
vt 0.37378 0.10547
vt 0.37378 0.10059
vt 0.37378 0.09912
vt 0.37988 0.10547
vt 0.37988 0.10059
vt 0.37988 0.09912
vt 0.38623 0.1084
vt 0.38623 0.10059
vt 0.38623 0.09912
vt 0.38623 0.10547
vt 0.39233 0.13867
vt 0.39233 0.10059
vt 0.39233 0.09912
vt 0.39233 0.10547
vt 0.39233 0.1084
vt 0.39844 0.13867
vt 0.39844 0.10059
vt 0.39844 0.09912
vt 0.39844 0.1084
vt 0.40479 0.13867
vt 0.39844 0.10547
vt 0.40479 0.1084
vt 0.40479 0.10059
vt 0.40479 0.09912
vt 0.40479 0.10547
vt 0.41089 0.1084
vt 0.41089 0.10059
vt 0.41089 0.09912
vt 0.41089 0.10547
vt 0.41699 0.1084
vt 0.41699 0.10059
vt 0.41699 0.09912
vt 0.41699 0.10547
vt 0.4231 0.1084
vt 0.42944 0.1084
vt 0.4231 0.10547
vt 0.42944 0.10547
vt 0.4231 0.10059
vt 0.4231 0.09912
vt 0.42944 0.10059
vt 0.42944 0.09912
vt 0.44263 0.27979
vt 0.44263 0.28174
vt 0.44922 0.28174
vt 0.44922 0.27979
vt 0.45581 0.28174
vt 0.44922 0.27441
vt 0.44263 0.27441
vt 0.45581 0.27979
vt 0.4624 0.28174
vt 0.44922 0.271
vt 0.44263 0.271
vt 0.45581 0.27441
vt 0.4624 0.27979
vt 0.46899 0.28174
vt 0.45581 0.271
vt 0.44922 0.25342
vt 0.44263 0.25342
vt 0.4624 0.27441
vt 0.46899 0.27979
vt 0.47559 0.28174
vt 0.4624 0.271
vt 0.45581 0.25342
vt 0.44922 0.23584
vt 0.44263 0.23584
vt 0.44263 0.20117
vt 0.46899 0.27441
vt 0.47559 0.27979
vt 0.48218 0.28174
vt 0.45581 0.23584
vt 0.44922 0.20117
vt 0.44263 0.19775
vt 0.44922 0.19775
vt 0.44263 0.19189
vt 0.45581 0.20117
vt 0.4624 0.23584
vt 0.44922 0.19189
vt 0.44263 0.18799
vt 0.44922 0.18799
vt 0.45581 0.19775
vt 0.45581 0.19189
vt 0.45581 0.18799
vt 0.4624 0.20117
vt 0.4624 0.25342
vt 0.4624 0.19775
vt 0.4624 0.19189
vt 0.4624 0.18799
vt 0.46899 0.23584
vt 0.46899 0.25342
vt 0.46899 0.20117
vt 0.46899 0.19775
vt 0.46899 0.19189
vt 0.46899 0.18799
vt 0.47559 0.23584
vt 0.46899 0.271
vt 0.47559 0.20117
vt 0.47559 0.19775
vt 0.47559 0.19189
vt 0.47559 0.18799
vt 0.47559 0.25342
vt 0.47559 0.271
vt 0.48218 0.23584
vt 0.48218 0.20117
vt 0.48218 0.19775
vt 0.48218 0.19189
vt 0.48218 0.18799
vt 0.48218 0.25342
vt 0.47559 0.27441
vt 0.48877 0.23584
vt 0.48877 0.20117
vt 0.48877 0.19775
vt 0.48877 0.19189
vt 0.48877 0.18799
vt 0.48218 0.271
vt 0.48218 0.27441
vt 0.48877 0.25342
vt 0.49536 0.23584
vt 0.49536 0.20117
vt 0.49536 0.19775
vt 0.49536 0.19189
vt 0.49536 0.18799
vt 0.48877 0.271
vt 0.49536 0.25342
vt 0.50195 0.23584
vt 0.50195 0.20117
vt 0.50195 0.19775
vt 0.50195 0.19189
vt 0.50195 0.18799
vt 0.50879 0.19189
vt 0.50879 0.18799
vt 0.50879 0.19775
vt 0.50879 0.20117
vt 0.50879 0.23584
vt 0.50195 0.25342
vt 0.51514 0.19189
vt 0.51514 0.18799
vt 0.51514 0.19775
vt 0.52197 0.19189
vt 0.52197 0.18799
vt 0.52197 0.19775
vt 0.52197 0.20117
vt 0.51514 0.20117
vt 0.52197 0.23584
vt 0.51514 0.23584
vt 0.50879 0.25342
vt 0.51514 0.25342
vt 0.52197 0.25342
vt 0.51514 0.271
vt 0.52197 0.271
vt 0.50879 0.271
vt 0.50195 0.271
vt 0.51514 0.27441
vt 0.52197 0.27441
vt 0.50879 0.27441
vt 0.51514 0.27979
vt 0.52197 0.27979
vt 0.52197 0.28174
vt 0.51514 0.28174
vt 0.50879 0.27979
vt 0.50879 0.28174
vt 0.50195 0.27979
vt 0.50195 0.28174
vt 0.50195 0.27441
vt 0.49536 0.27979
vt 0.49536 0.28174
vt 0.49536 0.27441
vt 0.48877 0.27979
vt 0.48877 0.28174
vt 0.49536 0.271
vt 0.48877 0.27441
vt 0.48218 0.27979
vt 0.0896 0.23584
vt 0.08276 0.23779
vt 0.0896 0.23779
vt 0.08276 0.23584
vt 0.0896 0.23047
vt 0.07593 0.23779
vt 0.08276 0.23047
vt 0.0896 0.22705
vt 0.07593 0.23584
vt 0.06903 0.23779
vt 0.08276 0.22705
vt 0.0896 0.21045
vt 0.07593 0.23047
vt 0.06903 0.23584
vt 0.06223 0.23779
vt 0.08276 0.21045
vt 0.0896 0.19336
vt 0.07593 0.22705
vt 0.06903 0.23047
vt 0.06223 0.23584
vt 0.05536 0.23779
vt 0.05536 0.23584
vt 0.04852 0.23779
vt 0.06223 0.23047
vt 0.06903 0.22705
vt 0.07593 0.21045
vt 0.08276 0.19336
vt 0.04852 0.23584
vt 0.04169 0.23779
vt 0.05536 0.23047
vt 0.06223 0.22705
vt 0.06903 0.21045
vt 0.04169 0.23584
vt 0.03485 0.23779
vt 0.04852 0.23047
vt 0.05536 0.22705
vt 0.03485 0.23584
vt 0.02802 0.23779
vt 0.04169 0.23047
vt 0.02802 0.23584
vt 0.02118 0.23779
vt 0.07593 0.19336
vt 0.06223 0.21045
vt 0.04852 0.22705
vt 0.03485 0.23047
vt 0.02118 0.23584
vt 0.01434 0.23779
vt 0.06903 0.19336
vt 0.05536 0.21045
vt 0.04169 0.22705
vt 0.02802 0.23047
vt 0.01434 0.23584
vt 0.00749 0.23779
vt 0.00749 0.23584
vt 0.02118 0.23047
vt 0.01434 0.23047
vt 0.00749 0.23047
vt 0.03485 0.22705
vt 0.04852 0.21045
vt 0.02802 0.22705
vt 0.01434 0.22705
vt 0.00749 0.22705
vt 0.02118 0.22705
vt 0.04169 0.21045
vt 0.01434 0.21045
vt 0.00749 0.21045
vt 0.03485 0.21045
vt 0.02118 0.21045
vt 0.02802 0.21045
vt 0.01434 0.19336
vt 0.00749 0.19336
vt 0.00749 0.15967
vt 0.02118 0.19336
vt 0.01434 0.15967
vt 0.00749 0.15625
vt 0.02802 0.19336
vt 0.03485 0.19336
vt 0.02118 0.15967
vt 0.01434 0.15625
vt 0.00749 0.15088
vt 0.02802 0.15967
vt 0.04169 0.19336
vt 0.02118 0.15625
vt 0.01434 0.15088
vt 0.00749 0.14941
vt 0.01434 0.14941
vt 0.02118 0.15088
vt 0.02118 0.14941
vt 0.03485 0.15967
vt 0.02802 0.15625
vt 0.02802 0.15088
vt 0.02802 0.14941
vt 0.03485 0.15625
vt 0.03485 0.15088
vt 0.03485 0.14941
vt 0.04169 0.15967
vt 0.04169 0.15088
vt 0.04169 0.14941
vt 0.04169 0.15625
vt 0.04852 0.19336
vt 0.04852 0.15088
vt 0.04852 0.14941
vt 0.04852 0.15967
vt 0.05536 0.19336
vt 0.04852 0.15625
vt 0.05536 0.15088
vt 0.05536 0.14941
vt 0.06223 0.19336
vt 0.05536 0.15967
vt 0.05536 0.15625
vt 0.06223 0.15967
vt 0.06223 0.15088
vt 0.06223 0.14941
vt 0.06223 0.15625
vt 0.06903 0.15967
vt 0.06903 0.15088
vt 0.06903 0.14941
vt 0.06903 0.15625
vt 0.07593 0.15967
vt 0.07593 0.15088
vt 0.07593 0.14941
vt 0.07593 0.15625
vt 0.08276 0.15967
vt 0.0896 0.15967
vt 0.08276 0.15625
vt 0.0896 0.15625
vt 0.08276 0.15088
vt 0.08276 0.14941
vt 0.0896 0.15088
vt 0.0896 0.14941
vt 0.69238 0.27051
vt 0.68604 0.27344
vt 0.69238 0.27344
vt 0.68604 0.27051
vt 0.69238 0.26514
vt 0.6792 0.27344
vt 0.68604 0.26514
vt 0.69238 0.26123
vt 0.6792 0.27051
vt 0.67236 0.27344
vt 0.68604 0.26123
vt 0.69238 0.24463
vt 0.6792 0.26514
vt 0.67236 0.27051
vt 0.66553 0.27344
vt 0.68604 0.24463
vt 0.69238 0.22705
vt 0.6792 0.26123
vt 0.67236 0.26514
vt 0.66553 0.27051
vt 0.65869 0.27344
vt 0.65869 0.27051
vt 0.65234 0.27344
vt 0.66553 0.26514
vt 0.67236 0.26123
vt 0.6792 0.24463
vt 0.68604 0.22705
vt 0.65234 0.27051
vt 0.64551 0.27344
vt 0.65869 0.26514
vt 0.66553 0.26123
vt 0.67236 0.24463
vt 0.64551 0.27051
vt 0.63867 0.27344
vt 0.65234 0.26514
vt 0.65869 0.26123
vt 0.63867 0.27051
vt 0.63184 0.27344
vt 0.64551 0.26514
vt 0.63184 0.27051
vt 0.62549 0.27344
vt 0.6792 0.22705
vt 0.66553 0.24463
vt 0.65234 0.26123
vt 0.63867 0.26514
vt 0.62549 0.27051
vt 0.61865 0.27344
vt 0.67236 0.22705
vt 0.65869 0.24463
vt 0.64551 0.26123
vt 0.63184 0.26514
vt 0.61865 0.27051
vt 0.61182 0.27344
vt 0.61182 0.27051
vt 0.62549 0.26514
vt 0.61865 0.26514
vt 0.61182 0.26514
vt 0.63867 0.26123
vt 0.65234 0.24463
vt 0.63184 0.26123
vt 0.61865 0.26123
vt 0.61182 0.26123
vt 0.62549 0.26123
vt 0.64551 0.24463
vt 0.61865 0.24463
vt 0.61182 0.24463
vt 0.63867 0.24463
vt 0.62549 0.24463
vt 0.63184 0.24463
vt 0.61865 0.22705
vt 0.61182 0.22705
vt 0.61182 0.19287
vt 0.62549 0.22705
vt 0.61865 0.19287
vt 0.61182 0.18945
vt 0.63184 0.22705
vt 0.63867 0.22705
vt 0.62549 0.19287
vt 0.61865 0.18945
vt 0.61182 0.18408
vt 0.63184 0.19287
vt 0.64551 0.22705
vt 0.62549 0.18945
vt 0.61865 0.18408
vt 0.61182 0.18164
vt 0.61865 0.18164
vt 0.62549 0.18408
vt 0.62549 0.18164
vt 0.63867 0.19287
vt 0.63184 0.18945
vt 0.63184 0.18408
vt 0.63184 0.18164
vt 0.63867 0.18945
vt 0.63867 0.18408
vt 0.63867 0.18164
vt 0.64551 0.19287
vt 0.64551 0.18408
vt 0.64551 0.18164
vt 0.64551 0.18945
vt 0.65234 0.22705
vt 0.65234 0.18408
vt 0.65234 0.18164
vt 0.65234 0.19287
vt 0.65869 0.22705
vt 0.65234 0.18945
vt 0.65869 0.18408
vt 0.65869 0.18164
vt 0.66553 0.22705
vt 0.65869 0.19287
vt 0.65869 0.18945
vt 0.66553 0.19287
vt 0.66553 0.18408
vt 0.66553 0.18164
vt 0.66553 0.18945
vt 0.67236 0.19287
vt 0.67236 0.18408
vt 0.67236 0.18164
vt 0.67236 0.18945
vt 0.6792 0.19287
vt 0.6792 0.18408
vt 0.6792 0.18164
vt 0.6792 0.18945
vt 0.68604 0.19287
vt 0.69238 0.19287
vt 0.68604 0.18945
vt 0.69238 0.18945
vt 0.68604 0.18408
vt 0.68604 0.18164
vt 0.69238 0.18408
vt 0.69238 0.18164
vt 0.83545 0.07227
vt 0.83545 0.06934
vt 0.82764 0.06934
vt 0.82764 0.07227
vt 0.83545 0.07715
vt 0.81982 0.06934
vt 0.82764 0.07715
vt 0.83545 0.08008
vt 0.81982 0.07227
vt 0.81201 0.06934
vt 0.82764 0.08008
vt 0.83545 0.10498
vt 0.81201 0.07227
vt 0.80371 0.06934
vt 0.81982 0.07715
vt 0.80371 0.07227
vt 0.7959 0.06934
vt 0.81201 0.07715
vt 0.81982 0.08008
vt 0.82764 0.10498
vt 0.7959 0.07227
vt 0.78809 0.06934
vt 0.80371 0.07715
vt 0.81201 0.08008
vt 0.78809 0.07227
vt 0.78027 0.06934
vt 0.7959 0.07715
vt 0.78027 0.07227
vt 0.77246 0.06934
vt 0.82764 0.12988
vt 0.83545 0.12988
vt 0.81982 0.10498
vt 0.80371 0.08008
vt 0.78809 0.07715
vt 0.77246 0.07227
vt 0.76465 0.06934
vt 0.82764 0.1333
vt 0.83545 0.1333
vt 0.81201 0.10498
vt 0.7959 0.08008
vt 0.78027 0.07715
vt 0.76465 0.07227
vt 0.75635 0.06934
vt 0.82764 0.13818
vt 0.83545 0.13818
vt 0.82764 0.14111
vt 0.83545 0.14111
vt 0.81982 0.14111
vt 0.81982 0.13818
vt 0.81201 0.14111
vt 0.81982 0.1333
vt 0.81201 0.13818
vt 0.80371 0.14111
vt 0.81982 0.12988
vt 0.81201 0.1333
vt 0.80371 0.13818
vt 0.7959 0.14111
vt 0.81201 0.12988
vt 0.7959 0.13818
vt 0.78809 0.14111
vt 0.80371 0.1333
vt 0.80371 0.12988
vt 0.78809 0.13818
vt 0.78027 0.14111
vt 0.7959 0.1333
vt 0.80371 0.10498
vt 0.78027 0.13818
vt 0.77246 0.14111
vt 0.78809 0.1333
vt 0.7959 0.12988
vt 0.7959 0.10498
vt 0.77246 0.13818
vt 0.76465 0.14111
vt 0.78809 0.12988
vt 0.78027 0.1333
vt 0.78809 0.08008
vt 0.76465 0.13818
vt 0.75635 0.14111
vt 0.78809 0.10498
vt 0.78027 0.12988
vt 0.77246 0.1333
vt 0.78027 0.08008
vt 0.75635 0.13818
vt 0.74854 0.14111
vt 0.78027 0.10498
vt 0.77246 0.12988
vt 0.76465 0.1333
vt 0.77246 0.07715
vt 0.74854 0.13818
vt 0.74072 0.14111
vt 0.74072 0.13818
vt 0.77246 0.08008
vt 0.77246 0.10498
vt 0.75635 0.1333
vt 0.74854 0.1333
vt 0.74072 0.1333
vt 0.76465 0.12988
vt 0.76465 0.07715
vt 0.74854 0.12988
vt 0.74072 0.12988
vt 0.75635 0.12988
vt 0.76465 0.08008
vt 0.76465 0.10498
vt 0.75635 0.07227
vt 0.74854 0.06934
vt 0.74854 0.10498
vt 0.74072 0.10498
vt 0.74072 0.08008
vt 0.75635 0.10498
vt 0.74854 0.08008
vt 0.74072 0.07715
vt 0.75635 0.08008
vt 0.74854 0.07715
vt 0.74072 0.07227
vt 0.75635 0.07715
vt 0.74854 0.07227
vt 0.74072 0.06934
vt 0.5376 0.104
vt 0.5376 0.10107
vt 0.52979 0.10107
vt 0.52979 0.104
vt 0.5376 0.10889
vt 0.52148 0.10107
vt 0.52979 0.10889
vt 0.5376 0.11182
vt 0.52148 0.104
vt 0.51367 0.10107
vt 0.52979 0.11182
vt 0.5376 0.13672
vt 0.51367 0.104
vt 0.50586 0.10107
vt 0.52148 0.10889
vt 0.50586 0.104
vt 0.49805 0.10107
vt 0.51367 0.10889
vt 0.52148 0.11182
vt 0.52979 0.13672
vt 0.49805 0.104
vt 0.48999 0.10107
vt 0.50586 0.10889
vt 0.51367 0.11182
vt 0.48999 0.104
vt 0.48218 0.10107
vt 0.49805 0.10889
vt 0.48218 0.104
vt 0.47437 0.10107
vt 0.52979 0.16162
vt 0.5376 0.16162
vt 0.52148 0.13672
vt 0.50586 0.11182
vt 0.48999 0.10889
vt 0.47437 0.104
vt 0.46631 0.10107
vt 0.52979 0.16504
vt 0.5376 0.16504
vt 0.51367 0.13672
vt 0.49805 0.11182
vt 0.48218 0.10889
vt 0.46631 0.104
vt 0.4585 0.10107
vt 0.52979 0.16992
vt 0.5376 0.16992
vt 0.52979 0.17285
vt 0.5376 0.17285
vt 0.52148 0.17285
vt 0.52148 0.16992
vt 0.51367 0.17285
vt 0.52148 0.16504
vt 0.51367 0.16992
vt 0.50586 0.17285
vt 0.52148 0.16162
vt 0.51367 0.16504
vt 0.50586 0.16992
vt 0.49805 0.17285
vt 0.51367 0.16162
vt 0.49805 0.16992
vt 0.48999 0.17285
vt 0.50586 0.16504
vt 0.50586 0.16162
vt 0.48999 0.16992
vt 0.48218 0.17285
vt 0.49805 0.16504
vt 0.50586 0.13672
vt 0.48218 0.16992
vt 0.47437 0.17285
vt 0.48999 0.16504
vt 0.49805 0.16162
vt 0.49805 0.13672
vt 0.47437 0.16992
vt 0.46631 0.17285
vt 0.48999 0.16162
vt 0.48218 0.16504
vt 0.48999 0.11182
vt 0.46631 0.16992
vt 0.4585 0.17285
vt 0.48999 0.13672
vt 0.48218 0.16162
vt 0.47437 0.16504
vt 0.48218 0.11182
vt 0.4585 0.16992
vt 0.45044 0.17285
vt 0.48218 0.13672
vt 0.47437 0.16162
vt 0.46631 0.16504
vt 0.47437 0.10889
vt 0.45044 0.16992
vt 0.44263 0.17285
vt 0.44263 0.16992
vt 0.47437 0.11182
vt 0.47437 0.13672
vt 0.4585 0.16504
vt 0.45044 0.16504
vt 0.44263 0.16504
vt 0.46631 0.16162
vt 0.46631 0.10889
vt 0.45044 0.16162
vt 0.44263 0.16162
vt 0.4585 0.16162
vt 0.46631 0.11182
vt 0.46631 0.13672
vt 0.4585 0.104
vt 0.45044 0.10107
vt 0.45044 0.13672
vt 0.44263 0.13672
vt 0.44263 0.11182
vt 0.4585 0.13672
vt 0.45044 0.11182
vt 0.44263 0.10889
vt 0.4585 0.11182
vt 0.45044 0.10889
vt 0.44263 0.104
vt 0.4585 0.10889
vt 0.45044 0.104
vt 0.44263 0.10107
vt 0.10229 0.06543
vt 0.10229 0.0625
vt 0.09442 0.0625
vt 0.09442 0.06543
vt 0.10229 0.07031
vt 0.08649 0.0625
vt 0.09442 0.07031
vt 0.10229 0.07373
vt 0.08649 0.06543
vt 0.07861 0.0625
vt 0.09442 0.07373
vt 0.10229 0.09863
vt 0.07861 0.06543
vt 0.07068 0.0625
vt 0.08649 0.07031
vt 0.07068 0.06543
vt 0.06281 0.0625
vt 0.07861 0.07031
vt 0.08649 0.07373
vt 0.09442 0.09863
vt 0.06281 0.06543
vt 0.05487 0.0625
vt 0.07068 0.07031
vt 0.07861 0.07373
vt 0.05487 0.06543
vt 0.04697 0.0625
vt 0.06281 0.07031
vt 0.04697 0.06543
vt 0.03909 0.0625
vt 0.09442 0.12354
vt 0.10229 0.12354
vt 0.08649 0.09863
vt 0.07068 0.07373
vt 0.05487 0.07031
vt 0.03909 0.06543
vt 0.03117 0.0625
vt 0.09442 0.12646
vt 0.10229 0.12646
vt 0.07861 0.09863
vt 0.06281 0.07373
vt 0.04697 0.07031
vt 0.03117 0.06543
vt 0.02327 0.0625
vt 0.09442 0.13135
vt 0.10229 0.13135
vt 0.09442 0.13428
vt 0.10229 0.13428
vt 0.08649 0.13428
vt 0.08649 0.13135
vt 0.07861 0.13428
vt 0.08649 0.12646
vt 0.07861 0.13135
vt 0.07068 0.13428
vt 0.08649 0.12354
vt 0.07861 0.12646
vt 0.07068 0.13135
vt 0.06281 0.13428
vt 0.07861 0.12354
vt 0.06281 0.13135
vt 0.05487 0.13428
vt 0.07068 0.12646
vt 0.07068 0.12354
vt 0.05487 0.13135
vt 0.04697 0.13428
vt 0.06281 0.12646
vt 0.07068 0.09863
vt 0.04697 0.13135
vt 0.03909 0.13428
vt 0.05487 0.12646
vt 0.06281 0.12354
vt 0.06281 0.09863
vt 0.03909 0.13135
vt 0.03117 0.13428
vt 0.05487 0.12354
vt 0.04697 0.12646
vt 0.05487 0.07373
vt 0.03117 0.13135
vt 0.02327 0.13428
vt 0.05487 0.09863
vt 0.04697 0.12354
vt 0.03909 0.12646
vt 0.04697 0.07373
vt 0.02327 0.13135
vt 0.01537 0.13428
vt 0.04697 0.09863
vt 0.03909 0.12354
vt 0.03117 0.12646
vt 0.03909 0.07031
vt 0.01537 0.13135
vt 0.00749 0.13428
vt 0.00749 0.13135
vt 0.03909 0.07373
vt 0.03909 0.09863
vt 0.02327 0.12646
vt 0.01537 0.12646
vt 0.00749 0.12646
vt 0.03117 0.12354
vt 0.03117 0.07031
vt 0.01537 0.12354
vt 0.00749 0.12354
vt 0.02327 0.12354
vt 0.03117 0.07373
vt 0.03117 0.09863
vt 0.02327 0.06543
vt 0.01537 0.0625
vt 0.01537 0.09863
vt 0.00749 0.09863
vt 0.00749 0.07373
vt 0.02327 0.09863
vt 0.01537 0.07373
vt 0.00749 0.07031
vt 0.02327 0.07373
vt 0.01537 0.07031
vt 0.00749 0.06543
vt 0.02327 0.07031
vt 0.01537 0.06543
vt 0.00749 0.0625
vt 0.70654 0.09814
vt 0.70654 0.09521
vt 0.69873 0.09521
vt 0.69873 0.09814
vt 0.70654 0.10303
vt 0.69092 0.09521
vt 0.69873 0.10303
vt 0.70654 0.10596
vt 0.69092 0.09814
vt 0.68311 0.09521
vt 0.69873 0.10596
vt 0.70654 0.13086
vt 0.68311 0.09814
vt 0.67529 0.09521
vt 0.69092 0.10303
vt 0.67529 0.09814
vt 0.66699 0.09521
vt 0.68311 0.10303
vt 0.69092 0.10596
vt 0.69873 0.13086
vt 0.66699 0.09814
vt 0.65918 0.09521
vt 0.67529 0.10303
vt 0.68311 0.10596
vt 0.65918 0.09814
vt 0.65137 0.09521
vt 0.66699 0.10303
vt 0.65137 0.09814
vt 0.64355 0.09521
vt 0.69873 0.15576
vt 0.70654 0.15576
vt 0.69092 0.13086
vt 0.67529 0.10596
vt 0.65918 0.10303
vt 0.64355 0.09814
vt 0.63574 0.09521
vt 0.69873 0.15918
vt 0.70654 0.15918
vt 0.68311 0.13086
vt 0.66699 0.10596
vt 0.65137 0.10303
vt 0.63574 0.09814
vt 0.62744 0.09521
vt 0.69873 0.16406
vt 0.70654 0.16406
vt 0.69873 0.16699
vt 0.70654 0.16699
vt 0.69092 0.16699
vt 0.69092 0.16406
vt 0.68311 0.16699
vt 0.69092 0.15918
vt 0.68311 0.16406
vt 0.67529 0.16699
vt 0.69092 0.15576
vt 0.68311 0.15918
vt 0.67529 0.16406
vt 0.66699 0.16699
vt 0.68311 0.15576
vt 0.66699 0.16406
vt 0.65918 0.16699
vt 0.67529 0.15918
vt 0.67529 0.15576
vt 0.65918 0.16406
vt 0.65137 0.16699
vt 0.66699 0.15918
vt 0.67529 0.13086
vt 0.65137 0.16406
vt 0.64355 0.16699
vt 0.65918 0.15918
vt 0.66699 0.15576
vt 0.66699 0.13086
vt 0.64355 0.16406
vt 0.63574 0.16699
vt 0.65918 0.15576
vt 0.65137 0.15918
vt 0.65918 0.10596
vt 0.63574 0.16406
vt 0.62744 0.16699
vt 0.65918 0.13086
vt 0.65137 0.15576
vt 0.64355 0.15918
vt 0.65137 0.10596
vt 0.62744 0.16406
vt 0.61963 0.16699
vt 0.65137 0.13086
vt 0.64355 0.15576
vt 0.63574 0.15918
vt 0.64355 0.10303
vt 0.61963 0.16406
vt 0.61182 0.16699
vt 0.61182 0.16406
vt 0.64355 0.10596
vt 0.64355 0.13086
vt 0.62744 0.15918
vt 0.61963 0.15918
vt 0.61182 0.15918
vt 0.63574 0.15576
vt 0.63574 0.10303
vt 0.61963 0.15576
vt 0.61182 0.15576
vt 0.62744 0.15576
vt 0.63574 0.10596
vt 0.63574 0.13086
vt 0.62744 0.09814
vt 0.61963 0.09521
vt 0.61963 0.13086
vt 0.61182 0.13086
vt 0.61182 0.10596
vt 0.62744 0.13086
vt 0.61963 0.10596
vt 0.61182 0.10303
vt 0.62744 0.10596
vt 0.61963 0.10303
vt 0.61182 0.09814
vt 0.62744 0.10303
vt 0.61963 0.09814
vt 0.61182 0.09521
vt 0.69922 0.01807
vt 0.69922 0.01562
vt 0.69238 0.01562
vt 0.69238 0.01807
vt 0.69922 0.02246
vt 0.68506 0.01562
vt 0.69238 0.02246
vt 0.69922 0.02539
vt 0.68506 0.01807
vt 0.67822 0.01562
vt 0.69238 0.02539
vt 0.69922 0.04785
vt 0.67822 0.01807
vt 0.6709 0.01562
vt 0.68506 0.02246
vt 0.6709 0.01807
vt 0.66357 0.01562
vt 0.67822 0.02246
vt 0.68506 0.02539
vt 0.69238 0.04785
vt 0.66357 0.01807
vt 0.65674 0.01562
vt 0.6709 0.02246
vt 0.67822 0.02539
vt 0.65674 0.01807
vt 0.64941 0.01562
vt 0.66357 0.02246
vt 0.64941 0.01807
vt 0.64258 0.01562
vt 0.69238 0.07031
vt 0.69922 0.07031
vt 0.68506 0.04785
vt 0.6709 0.02539
vt 0.65674 0.02246
vt 0.64258 0.01807
vt 0.63525 0.01562
vt 0.69238 0.07324
vt 0.69922 0.07324
vt 0.67822 0.04785
vt 0.66357 0.02539
vt 0.64941 0.02246
vt 0.63525 0.01807
vt 0.62793 0.01562
vt 0.69238 0.07764
vt 0.69922 0.07764
vt 0.69238 0.08057
vt 0.69922 0.08057
vt 0.68506 0.08057
vt 0.68506 0.07764
vt 0.67822 0.08057
vt 0.68506 0.07324
vt 0.67822 0.07764
vt 0.6709 0.08057
vt 0.68506 0.07031
vt 0.67822 0.07324
vt 0.6709 0.07764
vt 0.66357 0.08057
vt 0.67822 0.07031
vt 0.66357 0.07764
vt 0.65674 0.08057
vt 0.6709 0.07324
vt 0.6709 0.07031
vt 0.65674 0.07764
vt 0.64941 0.08057
vt 0.66357 0.07324
vt 0.6709 0.04785
vt 0.64941 0.07764
vt 0.64258 0.08057
vt 0.65674 0.07324
vt 0.66357 0.07031
vt 0.66357 0.04785
vt 0.64258 0.07764
vt 0.63525 0.08057
vt 0.65674 0.07031
vt 0.64941 0.07324
vt 0.65674 0.02539
vt 0.63525 0.07764
vt 0.62793 0.08057
vt 0.65674 0.04785
vt 0.64941 0.07031
vt 0.64258 0.07324
vt 0.64941 0.02539
vt 0.62793 0.07764
vt 0.62109 0.08057
vt 0.64941 0.04785
vt 0.64258 0.07031
vt 0.63525 0.07324
vt 0.64258 0.02246
vt 0.62109 0.07764
vt 0.61377 0.08057
vt 0.61377 0.07764
vt 0.64258 0.02539
vt 0.64258 0.04785
vt 0.62793 0.07324
vt 0.62109 0.07324
vt 0.61377 0.07324
vt 0.63525 0.07031
vt 0.63525 0.02246
vt 0.62109 0.07031
vt 0.61377 0.07031
vt 0.62793 0.07031
vt 0.63525 0.02539
vt 0.63525 0.04785
vt 0.62793 0.01807
vt 0.62109 0.01562
vt 0.62109 0.04785
vt 0.61377 0.04785
vt 0.61377 0.02539
vt 0.62793 0.04785
vt 0.62109 0.02539
vt 0.61377 0.02246
vt 0.62793 0.02539
vt 0.62109 0.02246
vt 0.61377 0.01807
vt 0.62793 0.02246
vt 0.62109 0.01807
vt 0.61377 0.01562
vt 0.44067 0.021
vt 0.44067 0.01855
vt 0.43335 0.01855
vt 0.43335 0.021
vt 0.44067 0.02539
vt 0.42627 0.01855
vt 0.43335 0.02539
vt 0.44067 0.02832
vt 0.42627 0.021
vt 0.41919 0.01855
vt 0.43335 0.02832
vt 0.44067 0.05078
vt 0.41919 0.021
vt 0.41211 0.01855
vt 0.42627 0.02539
vt 0.41211 0.021
vt 0.40503 0.01855
vt 0.41919 0.02539
vt 0.42627 0.02832
vt 0.43335 0.05078
vt 0.40503 0.021
vt 0.39771 0.01855
vt 0.41211 0.02539
vt 0.41919 0.02832
vt 0.39771 0.021
vt 0.39062 0.01855
vt 0.40503 0.02539
vt 0.39062 0.021
vt 0.38354 0.01855
vt 0.43335 0.07324
vt 0.44067 0.07324
vt 0.42627 0.05078
vt 0.41211 0.02832
vt 0.39771 0.02539
vt 0.38354 0.021
vt 0.37646 0.01855
vt 0.43335 0.07617
vt 0.44067 0.07617
vt 0.41919 0.05078
vt 0.40503 0.02832
vt 0.39062 0.02539
vt 0.37646 0.021
vt 0.36938 0.01855
vt 0.43335 0.08057
vt 0.44067 0.08057
vt 0.43335 0.0835
vt 0.44067 0.0835
vt 0.42627 0.0835
vt 0.42627 0.08057
vt 0.41919 0.0835
vt 0.42627 0.07617
vt 0.41919 0.08057
vt 0.41211 0.0835
vt 0.42627 0.07324
vt 0.41919 0.07617
vt 0.41211 0.08057
vt 0.40503 0.0835
vt 0.41919 0.07324
vt 0.40503 0.08057
vt 0.39771 0.0835
vt 0.41211 0.07617
vt 0.41211 0.07324
vt 0.39771 0.08057
vt 0.39062 0.0835
vt 0.40503 0.07617
vt 0.41211 0.05078
vt 0.39062 0.08057
vt 0.38354 0.0835
vt 0.39771 0.07617
vt 0.40503 0.07324
vt 0.40503 0.05078
vt 0.38354 0.08057
vt 0.37646 0.0835
vt 0.39771 0.07324
vt 0.39062 0.07617
vt 0.39771 0.02832
vt 0.37646 0.08057
vt 0.36938 0.0835
vt 0.39771 0.05078
vt 0.39062 0.07324
vt 0.38354 0.07617
vt 0.39062 0.02832
vt 0.36938 0.08057
vt 0.3623 0.0835
vt 0.39062 0.05078
vt 0.38354 0.07324
vt 0.37646 0.07617
vt 0.38354 0.02539
vt 0.3623 0.08057
vt 0.35522 0.0835
vt 0.35522 0.08057
vt 0.38354 0.02832
vt 0.38354 0.05078
vt 0.36938 0.07617
vt 0.3623 0.07617
vt 0.35522 0.07617
vt 0.37646 0.07324
vt 0.37646 0.02539
vt 0.3623 0.07324
vt 0.35522 0.07324
vt 0.36938 0.07324
vt 0.37646 0.02832
vt 0.37646 0.05078
vt 0.36938 0.021
vt 0.3623 0.01855
vt 0.3623 0.05078
vt 0.35522 0.05078
vt 0.35522 0.02832
vt 0.36938 0.05078
vt 0.3623 0.02832
vt 0.35522 0.02539
vt 0.36938 0.02832
vt 0.3623 0.02539
vt 0.35522 0.021
vt 0.36938 0.02539
vt 0.3623 0.021
vt 0.35522 0.01855
vt 0.75977 0.05371
vt 0.76318 0.04053
vt 0.75342 0.05029
vt 0.7666 0.05371
vt 0.75 0.04395
vt 0.77246 0.05029
vt 0.75 0.03711
vt 0.77588 0.04395
vt 0.75342 0.03125
vt 0.77588 0.03711
vt 0.75977 0.02783
vt 0.77246 0.03125
vt 0.7666 0.02783
vt 0.82812 0.04297
vt 0.83154 0.03662
vt 0.81836 0.0332
vt 0.82178 0.04639
vt 0.83154 0.02979
vt 0.81494 0.04639
vt 0.82812 0.02393
vt 0.80908 0.04297
vt 0.82178 0.02051
vt 0.80566 0.03662
vt 0.81494 0.02051
vt 0.80566 0.02979
vt 0.80908 0.02393
vt 0.31226 0.06152
vt 0.31567 0.04834
vt 0.3064 0.05811
vt 0.31909 0.06152
vt 0.30298 0.05176
vt 0.3252 0.05811
vt 0.30298 0.04492
vt 0.32861 0.05176
vt 0.3064 0.03906
vt 0.32861 0.04492
vt 0.31226 0.03564
vt 0.3252 0.03906
vt 0.31909 0.03564
vt 0.28491 0.0498
vt 0.28833 0.04346
vt 0.27563 0.04004
vt 0.27905 0.05322
vt 0.28833 0.03662
vt 0.27197 0.05322
vt 0.28491 0.03076
vt 0.26611 0.0498
vt 0.27905 0.02734
vt 0.2627 0.04346
vt 0.27197 0.02734
vt 0.2627 0.03662
vt 0.26611 0.03076
vt 0.7627 0.18457
vt 0.7666 0.17041
vt 0.75586 0.18115
vt 0.77002 0.18457
vt 0.75195 0.17432
vt 0.77686 0.18115
vt 0.75195 0.1665
vt 0.78076 0.17432
vt 0.75586 0.16016
vt 0.78076 0.1665
vt 0.7627 0.15625
vt 0.77686 0.16016
vt 0.77002 0.15625
vt 0.92529 0.16064
vt 0.92871 0.1543
vt 0.91455 0.15039
vt 0.91846 0.16455
vt 0.92871 0.14648
vt 0.91064 0.16455
vt 0.92529 0.14014
vt 0.9043 0.16064
vt 0.91846 0.13623
vt 0.90039 0.1543
vt 0.91064 0.13623
vt 0.90039 0.14648
vt 0.9043 0.14014
vt 0.54736 0.23828
vt 0.55078 0.22363
vt 0.54053 0.23438
vt 0.55469 0.23828
vt 0.53662 0.22754
vt 0.56152 0.23438
vt 0.53662 0.22021
vt 0.56543 0.22754
vt 0.54053 0.21338
vt 0.56543 0.22021
vt 0.54736 0.20947
vt 0.56152 0.21338
vt 0.55469 0.20947
vt 0.92529 0.11719
vt 0.92871 0.11084
vt 0.91455 0.10693
vt 0.91846 0.12109
vt 0.92871 0.10303
vt 0.91064 0.12109
vt 0.92529 0.09668
vt 0.9043 0.11719
vt 0.91846 0.09277
vt 0.90039 0.11084
vt 0.91064 0.09277
vt 0.90039 0.10303
vt 0.9043 0.09668
vt 0.54736 0.28174
vt 0.55078 0.26709
vt 0.54053 0.27783
vt 0.55469 0.28174
vt 0.53662 0.271
vt 0.56152 0.27783
vt 0.53662 0.26367
vt 0.56543 0.271
vt 0.54053 0.25684
vt 0.56543 0.26367
vt 0.54736 0.25293
vt 0.56152 0.25684
vt 0.55469 0.25293
vt 0.88135 0.13721
vt 0.88525 0.13037
vt 0.87109 0.12695
vt 0.875 0.14111
vt 0.88525 0.12305
vt 0.86719 0.14111
vt 0.88135 0.11621
vt 0.86084 0.13721
vt 0.875 0.1123
vt 0.85693 0.13037
vt 0.86719 0.1123
vt 0.85693 0.12305
vt 0.86084 0.11621
vt 0.87305 0.08105
vt 0.87695 0.06689
vt 0.8667 0.07715
vt 0.88086 0.08105
vt 0.86279 0.07031
vt 0.88721 0.07715
vt 0.86279 0.06299
vt 0.89111 0.07031
vt 0.8667 0.05615
vt 0.89111 0.06299
vt 0.87305 0.05225
vt 0.88721 0.05615
vt 0.88086 0.05225
vt 0.92529 0.20459
vt 0.92871 0.19775
vt 0.91455 0.19385
vt 0.91846 0.20801
vt 0.92871 0.18994
vt 0.91064 0.20801
vt 0.92529 0.18359
vt 0.9043 0.20459
vt 0.91846 0.17969
vt 0.90039 0.19775
vt 0.91064 0.17969
vt 0.90039 0.18994
vt 0.9043 0.18359
vt 0.48389 0.06934
vt 0.49683 0.07324
vt 0.4873 0.06348
vt 0.48389 0.07666
vt 0.49341 0.06006
vt 0.4873 0.08252
vt 0.50049 0.06006
vt 0.49341 0.08594
vt 0.50635 0.06348
vt 0.50049 0.08594
vt 0.50977 0.06934
vt 0.50635 0.08252
vt 0.50977 0.07666
vt 0.48633 0.04395
vt 0.47241 0.04004
vt 0.48267 0.05029
vt 0.48633 0.03662
vt 0.47632 0.05371
vt 0.48267 0.02979
vt 0.46875 0.05371
vt 0.47632 0.02637
vt 0.4624 0.05029
vt 0.46875 0.02637
vt 0.45874 0.04395
vt 0.4624 0.02979
vt 0.45874 0.03662
vt 0.7124 0.04492
vt 0.72412 0.04785
vt 0.71582 0.03906
vt 0.7124 0.05078
vt 0.72119 0.03613
vt 0.71582 0.05664
vt 0.72754 0.03613
vt 0.72119 0.05957
vt 0.73291 0.03906
vt 0.72754 0.05957
vt 0.73584 0.04492
vt 0.73291 0.05664
vt 0.73584 0.05078
vt 0.23083 0.08838
vt 0.24133 0.09912
vt 0.23743 0.08496
vt 0.22705 0.09521
vt 0.24512 0.08496
vt 0.22705 0.10303
vt 0.25171 0.08838
vt 0.23083 0.10938
vt 0.25562 0.09521
vt 0.23743 0.11328
vt 0.25562 0.10303
vt 0.24512 0.11328
vt 0.25171 0.10938
vt 0.70264 0.97198
vt 0.71973 0.97952
vt 0.78809 0.81616
vt 0.68848 0.96396
vt 0.73828 0.98586
vt 0.67627 0.95538
vt 0.7583 0.99027
vt 0.66504 0.94598
vt 0.77832 0.99251
vt 0.65479 0.93567
vt 0.79883 0.99251
vt 0.64551 0.92438
vt 0.81885 0.9903
vt 0.6377 0.91217
vt 0.83789 0.98606
vt 0.63037 0.89899
vt 0.85596 0.98044
vt 0.62402 0.88391
vt 0.87061 0.97403
vt 0.61816 0.86633
vt 0.88379 0.96686
vt 0.61426 0.84692
vt 0.896 0.95874
vt 0.61182 0.82678
vt 0.90723 0.94958
vt 0.61182 0.8064
vt 0.91748 0.93936
vt 0.61426 0.78613
vt 0.92725 0.92816
vt 0.61865 0.76648
vt 0.93555 0.91583
vt 0.625 0.74756
vt 0.94385 0.90155
vt 0.63232 0.73071
vt 0.95117 0.88464
vt 0.64062 0.71655
vt 0.95752 0.86584
vt 0.64893 0.7041
vt 0.96191 0.84607
vt 0.6582 0.69287
vt 0.96436 0.82581
vt 0.66895 0.68262
vt 0.96436 0.80554
vt 0.68018 0.67358
vt 0.96191 0.7854
vt 0.69238 0.66553
vt 0.95801 0.76599
vt 0.70508 0.6582
vt 0.95215 0.74829
vt 0.72021 0.65186
vt 0.9458 0.7334
vt 0.73779 0.64624
vt 0.93848 0.71997
vt 0.75732 0.64209
vt 0.93018 0.70801
vt 0.77734 0.63965
vt 0.92139 0.69653
vt 0.79785 0.63965
vt 0.91113 0.68628
vt 0.81787 0.64209
vt 0.8999 0.67676
vt 0.83789 0.64648
vt 0.8877 0.66821
vt 0.85645 0.65283
vt 0.87354 0.66016
vt 0.41113 0.96399
vt 0.38232 0.98233
vt 0.41333 0.97205
vt 0.38062 0.97417
vt 0.34961 0.98925
vt 0.43848 0.95142
vt 0.44141 0.95929
vt 0.34863 0.98099
vt 0.31665 0.99251
vt 0.46143 0.93802
vt 0.46509 0.94559
vt 0.31616 0.98428
vt 0.28345 0.9925
vt 0.4812 0.92395
vt 0.4856 0.93103
vt 0.28369 0.98418
vt 0.25024 0.98878
vt 0.49927 0.90851
vt 0.50439 0.91498
vt 0.25122 0.9805
vt 0.21826 0.98158
vt 0.51611 0.8916
vt 0.52197 0.89746
vt 0.21973 0.97337
vt 0.18921 0.97163
vt 0.53125 0.87341
vt 0.53809 0.87836
vt 0.19128 0.9635
vt 0.16431 0.9603
vt 0.54492 0.85376
vt 0.55225 0.85791
vt 0.16724 0.95242
vt 0.14233 0.94781
vt 0.55664 0.83276
vt 0.56445 0.83582
vt 0.14624 0.94037
vt 0.12189 0.93372
vt 0.56787 0.80872
vt 0.57617 0.81079
vt 0.12671 0.92676
vt 0.10272 0.91803
vt 0.57764 0.78015
vt 0.58594 0.78174
vt 0.1084 0.91156
vt 0.08514 0.90051
vt 0.58447 0.74878
vt 0.59326 0.74976
vt 0.09149 0.8949
vt 0.06903 0.88153
vt 0.58838 0.71631
vt 0.59668 0.71655
vt 0.07605 0.87677
vt 0.05438 0.86084
vt 0.58838 0.68384
vt 0.59668 0.68335
vt 0.06201 0.85693
vt 0.04062 0.83704
vt 0.58496 0.65137
vt 0.59375 0.65039
vt 0.04865 0.83411
vt 0.02789 0.80908
vt 0.57861 0.61963
vt 0.58691 0.61768
vt 0.03607 0.80664
vt 0.01764 0.77783
vt 0.56836 0.58887
vt 0.57666 0.58667
vt 0.02596 0.77612
vt 0.01073 0.74536
vt 0.55566 0.56152
vt 0.56348 0.55859
vt 0.01917 0.74414
vt 0.00749 0.71216
vt 0.54248 0.53882
vt 0.5498 0.53491
vt 0.01588 0.71191
vt 0.00749 0.67896
vt 0.52832 0.5188
vt 0.53516 0.51416
vt 0.01599 0.67944
vt 0.01118 0.646
vt 0.5127 0.50073
vt 0.51904 0.49512
vt 0.01964 0.64697
vt 0.01834 0.61401
vt 0.49585 0.48389
vt 0.50146 0.47754
vt 0.02672 0.61548
vt 0.02829 0.58472
vt 0.47778 0.46875
vt 0.48242 0.46191
vt 0.03653 0.58691
vt 0.03967 0.55981
vt 0.45825 0.45508
vt 0.46191 0.44775
vt 0.04761 0.56299
vt 0.05219 0.53784
vt 0.43701 0.44336
vt 0.43994 0.43555
vt 0.05966 0.54175
vt 0.06635 0.51733
vt 0.41309 0.43213
vt 0.41504 0.42383
vt 0.07324 0.52222
vt 0.08221 0.49805
vt 0.38452 0.42236
vt 0.38599 0.41406
vt 0.0885 0.50391
vt 0.09973 0.48047
vt 0.35303 0.41504
vt 0.354 0.40674
vt 0.10516 0.4873
vt 0.11865 0.46484
vt 0.3208 0.41162
vt 0.32104 0.40332
vt 0.12323 0.47168
vt 0.1394 0.4502
vt 0.28809 0.41113
vt 0.28784 0.40332
vt 0.14307 0.45752
vt 0.16309 0.43652
vt 0.25586 0.41455
vt 0.25464 0.40625
vt 0.16589 0.44434
vt 0.19104 0.42383
vt 0.22388 0.42139
vt 0.22217 0.41309
vt 0.19324 0.43164
vt 0.28833 0.4165
vt 0.25659 0.41992
vt 0.22498 0.42676
vt 0.1947 0.43701
vt 0.16785 0.44922
vt 0.14551 0.4624
vt 0.32056 0.41699
vt 0.12634 0.47607
vt 0.35254 0.42041
vt 0.10876 0.49121
vt 0.38354 0.42773
vt 0.09259 0.50781
vt 0.41162 0.4375
vt 0.07776 0.52563
vt 0.43506 0.44824
vt 0.06451 0.54468
vt 0.45557 0.45996
vt 0.05273 0.56494
vt 0.47461 0.47363
vt 0.04184 0.58838
vt 0.49219 0.48828
vt 0.03207 0.61646
vt 0.50879 0.50439
vt 0.02501 0.64771
vt 0.52393 0.52197
vt 0.02138 0.67944
vt 0.5376 0.54126
vt 0.02121 0.71167
vt 0.55078 0.56372
vt 0.02451 0.74341
vt 0.56299 0.59058
vt 0.03125 0.7749
vt 0.57324 0.62085
vt 0.04129 0.80505
vt 0.57959 0.6521
vt 0.05377 0.83203
vt 0.58301 0.68408
vt 0.06689 0.85437
vt 0.58301 0.71606
vt 0.08057 0.87354
vt 0.5791 0.74805
vt 0.09564 0.89117
vt 0.57227 0.77917
vt 0.11212 0.90741
vt 0.5625 0.80713
vt 0.12988 0.92224
vt 0.55176 0.83057
vt 0.1488 0.93549
vt 0.54004 0.85107
vt 0.16931 0.94727
vt 0.52637 0.87012
vt 0.19275 0.95822
vt 0.51172 0.88782
vt 0.2207 0.96805
vt 0.49561 0.90436
vt 0.25195 0.97514
vt 0.47803 0.91937
vt 0.28394 0.97881
vt 0.45874 0.93311
vt 0.31592 0.97899
vt 0.43652 0.94629
vt 0.3479 0.97568
vt 0.40967 0.9588
vt 0.37939 0.9689
vt 0.47461 0.91486
vt 0.45605 0.92822
vt 0.43433 0.94116
vt 0.40771 0.95349
vt 0.37793 0.9635
vt 0.34692 0.9702
vt 0.49194 0.90015
vt 0.31567 0.97351
vt 0.50781 0.88403
vt 0.28418 0.97328
vt 0.52197 0.8667
vt 0.25269 0.96964
vt 0.53516 0.84814
vt 0.22205 0.96259
vt 0.54639 0.82825
vt 0.19446 0.95291
vt 0.55713 0.8053
vt 0.17151 0.94217
vt 0.56689 0.77783
vt 0.15161 0.93066
vt 0.57373 0.74731
vt 0.13318 0.91766
vt 0.57764 0.71582
vt 0.11591 0.9032
vt 0.57764 0.68433
vt 0.09979 0.88739
vt 0.57422 0.65308
vt 0.08508 0.87024
vt 0.56787 0.62207
vt 0.07172 0.85144
vt 0.55762 0.59229
vt 0.05887 0.82971
vt 0.54541 0.56592
vt 0.0466 0.80334
vt 0.53271 0.54419
vt 0.03665 0.77356
vt 0.51904 0.52539
vt 0.02998 0.74268
vt 0.50439 0.5083
vt 0.02669 0.71143
vt 0.48853 0.49268
vt 0.0269 0.67993
vt 0.47119 0.47803
vt 0.03052 0.64844
vt 0.45264 0.46484
vt 0.03751 0.61792
vt 0.43286 0.45361
vt 0.04715 0.59033
vt 0.40991 0.44287
vt 0.05783 0.56738
vt 0.38232 0.43311
vt 0.06934 0.54736
vt 0.35181 0.42578
vt 0.08221 0.52881
vt 0.32031 0.42236
vt 0.09674 0.51172
vt 0.28857 0.42236
vt 0.11249 0.49561
vt 0.25732 0.42529
vt 0.12964 0.48096
vt 0.22632 0.43213
vt 0.14832 0.46729
vt 0.19653 0.44238
vt 0.17004 0.45459
vt 0.25879 0.43506
vt 0.22888 0.44141
vt 0.20007 0.45117
vt 0.17444 0.46338
vt 0.15356 0.47559
vt 0.13562 0.48877
vt 0.28906 0.43164
vt 0.31958 0.43213
vt 0.29004 0.44775
vt 0.26147 0.45117
vt 0.23315 0.45703
vt 0.20618 0.46631
vt 0.18213 0.47754
vt 0.3501 0.43555
vt 0.3186 0.44824
vt 0.29102 0.46875
vt 0.26465 0.47168
vt 0.23889 0.47705
vt 0.37964 0.44238
vt 0.34741 0.45166
vt 0.31738 0.46875
vt 0.29199 0.4917
vt 0.40625 0.45166
vt 0.37524 0.45801
vt 0.34375 0.47217
vt 0.42847 0.4624
vt 0.40015 0.4668
vt 0.44751 0.47314
vt 0.26831 0.49414
vt 0.31592 0.4917
vt 0.36914 0.47754
vt 0.4209 0.47656
vt 0.46533 0.48584
vt 0.29321 0.5144
vt 0.3396 0.49414
vt 0.39233 0.48584
vt 0.43872 0.48682
vt 0.48193 0.49951
vt 0.31445 0.5144
vt 0.36279 0.49902
vt 0.41138 0.49414
vt 0.45557 0.49854
vt 0.49731 0.51489
vt 0.33594 0.51611
vt 0.38403 0.50562
vt 0.42798 0.50366
vt 0.47119 0.51147
vt 0.51172 0.53149
vt 0.35669 0.52002
vt 0.40161 0.51294
vt 0.4436 0.51392
vt 0.4856 0.52588
vt 0.52441 0.54932
vt 0.37573 0.52515
vt 0.41699 0.52075
vt 0.45801 0.52588
vt 0.49878 0.5415
vt 0.53662 0.57031
vt 0.39209 0.53076
vt 0.43164 0.52979
vt 0.47144 0.53931
vt 0.51074 0.55835
vt 0.54883 0.59595
vt 0.40649 0.53711
vt 0.44507 0.54028
vt 0.48315 0.55371
vt 0.52246 0.57788
vt 0.55859 0.62451
vt 0.42041 0.54443
vt 0.45703 0.55249
vt 0.49414 0.56934
vt 0.53369 0.60205
vt 0.56494 0.65454
vt 0.43286 0.55371
vt 0.46729 0.56616
vt 0.50439 0.58765
vt 0.54297 0.62891
vt 0.56836 0.68481
vt 0.44312 0.56543
vt 0.47656 0.58081
vt 0.51465 0.60962
vt 0.54883 0.65698
vt 0.56787 0.71533
vt 0.4519 0.57837
vt 0.48535 0.5979
vt 0.52295 0.63452
vt 0.56445 0.74561
vt 0.45947 0.59204
vt 0.4939 0.61816
vt 0.55762 0.77527
vt 0.4668 0.60767
vt 0.54834 0.80176
vt 0.5376 0.82385
vt 0.52686 0.84302
vt 0.51416 0.86072
vt 0.50049 0.87744
vt 0.48511 0.89294
vt 0.46875 0.9071
vt 0.45068 0.92004
vt 0.42993 0.9325
vt 0.4043 0.94443
vt 0.37549 0.95413
vt 0.34546 0.96066
vt 0.31519 0.96396
vt 0.28467 0.96365
vt 0.31445 0.94772
vt 0.34302 0.9447
vt 0.37109 0.93854
vt 0.39819 0.92938
vt 0.25415 0.96008
vt 0.28564 0.94748
vt 0.31348 0.92682
vt 0.3396 0.92407
vt 0.22461 0.95322
vt 0.25708 0.94412
vt 0.28687 0.92664
vt 0.198 0.94382
vt 0.22925 0.93762
vt 0.1759 0.93347
vt 0.36548 0.91852
vt 0.31226 0.90381
vt 0.26074 0.92365
vt 0.20422 0.92883
vt 0.15686 0.92236
vt 0.33594 0.90143
vt 0.28833 0.90381
vt 0.23511 0.91785
vt 0.18347 0.91913
vt 0.13904 0.90991
vt 0.31104 0.88116
vt 0.26465 0.90137
vt 0.21204 0.91003
vt 0.16553 0.90875
vt 0.12244 0.89594
vt 0.28979 0.88129
vt 0.24146 0.89655
vt 0.19287 0.90137
vt 0.14893 0.89709
vt 0.10699 0.88068
vt 0.26855 0.87946
vt 0.22046 0.89001
vt 0.17627 0.89209
vt 0.13318 0.88403
vt 0.09283 0.86426
vt 0.24768 0.87573
vt 0.20276 0.88275
vt 0.16077 0.88165
vt 0.11871 0.86975
vt 0.07996 0.84631
vt 0.22852 0.87061
vt 0.18726 0.87488
vt 0.14624 0.86975
vt 0.10553 0.85425
vt 0.06757 0.82532
vt 0.21228 0.86475
vt 0.17273 0.86597
vt 0.13293 0.85645
vt 0.09351 0.8374
vt 0.05566 0.7998
vt 0.19775 0.85852
vt 0.15918 0.85547
vt 0.12109 0.84192
vt 0.08185 0.81775
vt 0.04599 0.771
vt 0.18396 0.85107
vt 0.14746 0.84302
vt 0.11023 0.82629
vt 0.07068 0.7937
vt 0.03949 0.74121
vt 0.17151 0.84192
vt 0.13708 0.82935
vt 0.09979 0.80811
vt 0.06158 0.76672
vt 0.03622 0.71094
vt 0.16113 0.83032
vt 0.12781 0.8147
vt 0.08978 0.78601
vt 0.05545 0.73853
vt 0.03653 0.68042
vt 0.15247 0.81738
vt 0.1189 0.79785
vt 0.08154 0.76111
vt 0.04007 0.6499
vt 0.14478 0.80359
vt 0.11035 0.77759
vt 0.04688 0.62036
vt 0.13745 0.78796
vt 0.05621 0.59375
vt 0.06653 0.57178
vt 0.07758 0.55273
vt 0.09003 0.53491
vt 0.10394 0.51831
vt 0.11914 0.50269
vt 0.07123 0.6001
vt 0.08087 0.57935
vt 0.09119 0.56128
vt 0.10284 0.54468
vt 0.11584 0.52905
vt 0.13013 0.5144
vt 0.14563 0.50122
vt 0.06244 0.625
vt 0.16248 0.48926
vt 0.056 0.65283
vt 0.05264 0.6814
vt 0.05243 0.70996
vt 0.07599 0.73535
vt 0.10333 0.755
vt 0.13049 0.76941
vt 0.19177 0.49561
vt 0.17358 0.50586
vt 0.21399 0.48535
vt 0.245 0.49902
vt 0.22229 0.50586
vt 0.27197 0.51636
vt 0.15796 0.51685
vt 0.20203 0.5144
vt 0.25098 0.52026
vt 0.29419 0.53516
vt 0.14343 0.52881
vt 0.18518 0.52344
vt 0.23059 0.52612
vt 0.27515 0.53687
vt 0.31323 0.53491
vt 0.13013 0.54199
vt 0.21204 0.53296
vt 0.25635 0.53979
vt 0.29517 0.55273
vt 0.33228 0.53613
vt 0.11829 0.5564
vt 0.23804 0.54443
vt 0.27808 0.5542
vt 0.31201 0.55249
vt 0.35107 0.53906
vt 0.10785 0.57202
vt 0.26123 0.55664
vt 0.29565 0.56689
vt 0.3291 0.55322
vt 0.36841 0.54297
vt 0.09863 0.58862
vt 0.28027 0.56812
vt 0.31128 0.56665
vt 0.34619 0.55542
vt 0.3833 0.54736
vt 0.09003 0.60791
vt 0.29639 0.57935
vt 0.32666 0.56738
vt 0.36182 0.55835
vt 0.39697 0.55225
vt 0.08221 0.63086
vt 0.31055 0.57886
vt 0.34204 0.56885
vt 0.37573 0.56177
vt 0.40991 0.55835
vt 0.07642 0.65649
vt 0.32446 0.57935
vt 0.35645 0.57104
vt 0.38843 0.56567
vt 0.42139 0.56641
vt 0.07343 0.68262
vt 0.33862 0.58032
vt 0.36938 0.57373
vt 0.40063 0.57031
vt 0.43066 0.57715
vt 0.0733 0.70898
vt 0.35181 0.58203
vt 0.38135 0.5769
vt 0.41138 0.57739
vt 0.43774 0.58936
vt 0.09863 0.73169
vt 0.36377 0.58423
vt 0.39282 0.58081
vt 0.41943 0.5874
vt 0.44409 0.60229
vt 0.12476 0.74902
vt 0.375 0.58667
vt 0.40283 0.58691
vt 0.42529 0.59912
vt 0.38574 0.59009
vt 0.40991 0.59619
vt 0.39502 0.59546
vt 0.35889 0.59424
vt 0.36938 0.59619
vt 0.37964 0.59863
vt 0.3479 0.59277
vt 0.33545 0.59131
vt 0.32275 0.59058
vt 0.30981 0.59033
vt 0.29688 0.59082
vt 0.29736 0.60181
vt 0.30957 0.60132
vt 0.32178 0.60156
vt 0.33374 0.60205
vt 0.34546 0.60303
vt 0.28223 0.58032
vt 0.28418 0.59155
vt 0.26489 0.57031
vt 0.35596 0.604
vt 0.26831 0.58203
vt 0.24451 0.5603
vt 0.36597 0.60547
vt 0.24988 0.57324
vt 0.22119 0.55005
vt 0.22913 0.5647
vt 0.19641 0.54053
vt 0.20667 0.55591
vt 0.17053 0.53271
vt 0.18262 0.5481
vt 0.15686 0.54321
vt 0.14453 0.55493
vt 0.16968 0.55688
vt 0.19373 0.56226
vt 0.2157 0.56958
vt 0.13391 0.56836
vt 0.15808 0.56714
vt 0.1814 0.56934
vt 0.125 0.58301
vt 0.14893 0.57983
vt 0.11719 0.59839
vt 0.2356 0.5769
vt 0.20337 0.57471
vt 0.17065 0.57861
vt 0.14148 0.59351
vt 0.10999 0.61621
vt 0.25439 0.58447
vt 0.19177 0.58057
vt 0.1626 0.59009
vt 0.13513 0.60791
vt 0.10352 0.63721
vt 0.27124 0.59302
vt 0.18176 0.58862
vt 0.15662 0.60303
vt 0.12939 0.62427
vt 0.09875 0.6604
vt 0.2854 0.60254
vt 0.17468 0.59937
vt 0.15173 0.6167
vt 0.12433 0.64331
vt 0.09631 0.68408
vt 0.16992 0.61157
vt 0.14722 0.63159
vt 0.12061 0.66431
vt 0.09625 0.70801
vt 0.16602 0.62427
vt 0.14331 0.64893
vt 0.11877 0.68555
vt 0.12085 0.72803
vt 0.1626 0.63818
vt 0.14062 0.66772
vt 0.1189 0.70679
vt 0.15967 0.65381
vt 0.13928 0.68677
vt 0.15771 0.6709
vt 0.14429 0.74341
vt 0.14111 0.72461
vt 0.13953 0.70581
vt 0.15686 0.68799
vt 0.1488 0.76196
vt 0.15442 0.77881
vt 0.16028 0.79321
vt 0.16663 0.80627
vt 0.17383 0.8186
vt 0.18286 0.82935
vt 0.19446 0.8374
vt 0.2074 0.84338
vt 0.22095 0.84827
vt 0.23596 0.85278
vt 0.25342 0.85669
vt 0.27197 0.8595
vt 0.29102 0.86072
vt 0.31006 0.86047
vt 0.33228 0.87921
vt 0.35938 0.89673
vt 0.39038 0.91028
vt 0.42212 0.91815
vt 0.44189 0.90649
vt 0.4126 0.90021
vt 0.38208 0.88965
vt 0.35352 0.87531
vt 0.3291 0.85889
vt 0.45874 0.89441
vt 0.43066 0.88977
vt 0.40234 0.8811
vt 0.37378 0.86951
vt 0.47412 0.88116
vt 0.44629 0.87891
vt 0.41919 0.87219
vt 0.48853 0.8667
vt 0.46094 0.86694
vt 0.50146 0.85095
vt 0.3479 0.85571
vt 0.39233 0.86255
vt 0.43384 0.86292
vt 0.47412 0.85364
vt 0.51318 0.83423
vt 0.36621 0.8512
vt 0.40796 0.85522
vt 0.44751 0.85254
vt 0.48608 0.83911
vt 0.52344 0.81628
vt 0.38306 0.84558
vt 0.42188 0.84753
vt 0.45972 0.8407
vt 0.49658 0.82361
vt 0.5332 0.79565
vt 0.39771 0.8396
vt 0.43481 0.83887
vt 0.47046 0.82727
vt 0.50586 0.80688
vt 0.54199 0.77063
vt 0.41064 0.83337
vt 0.44629 0.82837
vt 0.47925 0.81262
vt 0.51416 0.78784
vt 0.54834 0.74292
vt 0.4231 0.82617
vt 0.45557 0.81592
vt 0.48706 0.79712
vt 0.52197 0.76477
vt 0.55176 0.71436
vt 0.43384 0.81702
vt 0.46289 0.80212
vt 0.49438 0.77954
vt 0.52783 0.73926
vt 0.55176 0.68555
vt 0.44165 0.80542
vt 0.46924 0.78772
vt 0.50098 0.75842
vt 0.53076 0.71289
vt 0.52832 0.6604
vt 0.44775 0.79248
vt 0.47485 0.77136
vt 0.50586 0.73535
vt 0.53125 0.68652
vt 0.50098 0.64062
vt 0.45264 0.77893
vt 0.47998 0.75232
vt 0.50781 0.71167
vt 0.50586 0.66406
vt 0.47388 0.62622
vt 0.45703 0.76392
vt 0.48364 0.73145
vt 0.5083 0.68774
vt 0.47949 0.64673
vt 0.44995 0.61694
vt 0.46094 0.74658
vt 0.4856 0.71021
vt 0.4834 0.66772
vt 0.45557 0.63379
vt 0.43042 0.61133
vt 0.46387 0.72778
vt 0.48535 0.68896
vt 0.45996 0.6521
vt 0.4353 0.62476
vt 0.41479 0.60718
vt 0.46509 0.70898
vt 0.46313 0.6709
vt 0.4397 0.64014
vt 0.41919 0.6189
vt 0.40137 0.604
vt 0.46484 0.68994
vt 0.44336 0.65674
vt 0.4231 0.63135
vt 0.40552 0.6145
vt 0.38794 0.60327
vt 0.4458 0.67383
vt 0.42676 0.64551
vt 0.40918 0.62549
vt 0.39331 0.61108
vt 0.37573 0.60718
vt 0.42969 0.66064
vt 0.41235 0.63696
vt 0.39673 0.62109
vt 0.38306 0.60864
vt 0.38501 0.61572
vt 0.37598 0.61646
vt 0.39966 0.63135
vt 0.3877 0.62524
vt 0.41553 0.65015
vt 0.36621 0.61523
vt 0.40234 0.64209
vt 0.37817 0.62598
vt 0.39014 0.63501
vt 0.3562 0.61401
vt 0.36816 0.625
vt 0.38037 0.63574
vt 0.39233 0.64551
vt 0.40479 0.6543
vt 0.3457 0.61304
vt 0.35815 0.62402
vt 0.37012 0.63501
vt 0.38232 0.64624
vt 0.33423 0.6123
vt 0.34741 0.62329
vt 0.35986 0.63403
vt 0.32202 0.61206
vt 0.33569 0.62256
vt 0.31006 0.61206
vt 0.39453 0.65698
vt 0.37207 0.64551
vt 0.34912 0.6333
vt 0.32324 0.62231
vt 0.38403 0.65771
vt 0.36182 0.64478
vt 0.33716 0.63281
vt 0.37378 0.65723
vt 0.35083 0.64429
vt 0.36328 0.65674
vt 0.31079 0.62256
vt 0.32446 0.63257
vt 0.33838 0.6438
vt 0.35229 0.65649
vt 0.2981 0.61255
vt 0.28589 0.61328
vt 0.37524 0.66943
vt 0.36475 0.66943
vt 0.3855 0.66968
vt 0.39624 0.66895
vt 0.40698 0.66699
vt 0.41797 0.66406
vt 0.43188 0.67603
vt 0.41968 0.67798
vt 0.40845 0.67969
vt 0.39746 0.68115
vt 0.38672 0.68164
vt 0.44727 0.69067
vt 0.43286 0.69141
vt 0.42065 0.69214
vt 0.40918 0.69263
vt 0.44751 0.70776
vt 0.43335 0.70679
vt 0.42114 0.70605
vt 0.44653 0.72485
vt 0.43262 0.72241
vt 0.44458 0.7417
vt 0.39819 0.69312
vt 0.40967 0.70532
vt 0.42065 0.72021
vt 0.43115 0.73779
vt 0.44165 0.75757
vt 0.39844 0.70532
vt 0.40942 0.71826
vt 0.41968 0.73438
vt 0.42896 0.7522
vt 0.43823 0.77136
vt 0.39844 0.71729
vt 0.40869 0.7312
vt 0.41797 0.74756
vt 0.42627 0.76501
vt 0.43433 0.78406
vt 0.39795 0.72949
vt 0.40723 0.74341
vt 0.41577 0.75952
vt 0.4231 0.77698
vt 0.42969 0.79626
vt 0.39697 0.74097
vt 0.40576 0.75452
vt 0.41333 0.77063
vt 0.41919 0.78845
vt 0.42261 0.80701
vt 0.396 0.75171
vt 0.40381 0.76501
vt 0.40991 0.78137
vt 0.41309 0.79834
vt 0.4126 0.81506
vt 0.39453 0.76172
vt 0.40137 0.77515
vt 0.40454 0.79065
vt 0.40381 0.80554
vt 0.40088 0.82104
vt 0.39282 0.77136
vt 0.39673 0.78357
vt 0.396 0.797
vt 0.39282 0.81055
vt 0.38867 0.82605
vt 0.39136 0.77856
vt 0.38892 0.78894
vt 0.38428 0.78076
vt 0.3855 0.80127
vt 0.3811 0.81482
vt 0.37524 0.83093
vt 0.38354 0.77161
vt 0.37476 0.78345
vt 0.37891 0.79236
vt 0.37476 0.80481
vt 0.36865 0.81873
vt 0.35986 0.83533
vt 0.36865 0.79541
vt 0.36499 0.78589
vt 0.36304 0.80811
vt 0.35449 0.82239
vt 0.34326 0.83899
vt 0.35791 0.7981
vt 0.34985 0.81116
vt 0.33936 0.82532
vt 0.32617 0.84155
vt 0.35449 0.78809
vt 0.3457 0.80054
vt 0.33594 0.8136
vt 0.32397 0.82751
vt 0.30933 0.8429
vt 0.30859 0.82861
vt 0.29224 0.84314
vt 0.32202 0.81543
vt 0.33301 0.80249
vt 0.30786 0.81641
vt 0.27515 0.84229
vt 0.29321 0.82898
vt 0.32031 0.80396
vt 0.2583 0.84033
vt 0.30737 0.80493
vt 0.30688 0.79382
vt 0.27759 0.82837
vt 0.29395 0.81677
vt 0.31885 0.79297
vt 0.24243 0.8374
vt 0.29443 0.8053
vt 0.27979 0.81641
vt 0.26221 0.8269
vt 0.22864 0.83398
vt 0.2478 0.82458
vt 0.26562 0.81519
vt 0.28174 0.80505
vt 0.21594 0.83008
vt 0.23499 0.8219
vt 0.25244 0.81348
vt 0.20374 0.8252
vt 0.22302 0.81885
vt 0.19299 0.81824
vt 0.29468 0.79419
vt 0.2688 0.80432
vt 0.24048 0.8114
vt 0.21155 0.81494
vt 0.18494 0.80823
vt 0.28271 0.79419
vt 0.25659 0.80298
vt 0.22937 0.80896
vt 0.20154 0.80872
vt 0.17896 0.79651
vt 0.27051 0.7937
vt 0.24548 0.80139
vt 0.21851 0.80566
vt 0.19446 0.79944
vt 0.17395 0.7843
vt 0.25903 0.79272
vt 0.23499 0.79944
vt 0.20935 0.80017
vt 0.18945 0.78833
vt 0.16907 0.77087
vt 0.24829 0.7915
vt 0.22485 0.79688
vt 0.203 0.7915
vt 0.18518 0.77686
vt 0.16467 0.75549
vt 0.23828 0.79004
vt 0.21643 0.79236
vt 0.19873 0.78113
vt 0.18127 0.76428
vt 0.16101 0.73877
vt 0.22852 0.78833
vt 0.21106 0.78442
vt 0.19519 0.77026
vt 0.17761 0.75012
vt 0.15845 0.72192
vt 0.22144 0.78687
vt 0.20752 0.77466
vt 0.21924 0.77991
vt 0.19189 0.75854
vt 0.17468 0.73511
vt 0.1571 0.70483
vt 0.22839 0.7793
vt 0.21655 0.77039
vt 0.20459 0.7644
vt 0.18884 0.74561
vt 0.17261 0.71973
vt 0.23816 0.7804
vt 0.2262 0.76965
vt 0.2019 0.75342
vt 0.21411 0.7605
vt 0.1864 0.73169
vt 0.24817 0.78162
vt 0.23621 0.77051
vt 0.19946 0.74146
vt 0.22412 0.75977
vt 0.21191 0.75012
vt 0.25854 0.78259
vt 0.24634 0.77161
vt 0.23425 0.76062
vt 0.22217 0.74951
vt 0.20996 0.73877
vt 0.27026 0.7832
vt 0.25708 0.77234
vt 0.24438 0.7616
vt 0.23242 0.75012
vt 0.28223 0.78357
vt 0.2688 0.77295
vt 0.25513 0.76221
vt 0.29419 0.78357
vt 0.28101 0.77332
vt 0.22034 0.73804
vt 0.24268 0.75085
vt 0.26733 0.76282
vt 0.23059 0.73853
vt 0.25366 0.75134
vt 0.24097 0.73877
vt 0.29346 0.77319
vt 0.28003 0.76294
vt 0.26587 0.75171
vt 0.25195 0.73926
vt 0.3064 0.78308
vt 0.31836 0.78235
vt 0.22913 0.72607
vt 0.2395 0.72632
vt 0.21875 0.72607
vt 0.20825 0.72656
vt 0.19751 0.72876
vt 0.18469 0.71777
vt 0.19604 0.71582
vt 0.20703 0.7146
vt 0.21765 0.71411
vt 0.17139 0.70435
vt 0.18359 0.70361
vt 0.19507 0.70312
vt 0.17102 0.68872
vt 0.18323 0.68945
vt 0.17163 0.67334
vt 0.22803 0.71387
vt 0.20618 0.70264
vt 0.1947 0.69019
vt 0.18372 0.67554
vt 0.1731 0.65796
vt 0.21692 0.7019
vt 0.20581 0.69043
vt 0.19495 0.67725
vt 0.18481 0.66138
vt 0.17542 0.64355
vt 0.21643 0.68994
vt 0.20581 0.67822
vt 0.1958 0.66455
vt 0.18652 0.64819
vt 0.1781 0.63062
vt 0.21643 0.67798
vt 0.2063 0.66626
vt 0.19702 0.65234
vt 0.1886 0.63623
vt 0.18115 0.61865
vt 0.2168 0.66577
vt 0.20728 0.65454
vt 0.19861 0.64111
vt 0.19104 0.625
vt 0.18506 0.60718
vt 0.21741 0.6543
vt 0.2085 0.64404
vt 0.20056 0.63062
vt 0.19434 0.61426
vt 0.19128 0.59717
vt 0.21838 0.6438
vt 0.20996 0.63403
vt 0.203 0.62061
vt 0.19971 0.60498
vt 0.20056 0.59009
vt 0.2196 0.63379
vt 0.21167 0.62427
vt 0.20752 0.61206
vt 0.20837 0.59863
vt 0.21155 0.58521
vt 0.2207 0.62402
vt 0.21313 0.61694
vt 0.22009 0.61499
vt 0.21545 0.60669
vt 0.21887 0.59448
vt 0.22314 0.58081
vt 0.22961 0.6123
vt 0.22534 0.60327
vt 0.22974 0.59082
vt 0.24133 0.58765
vt 0.23035 0.62183
vt 0.2356 0.60034
vt 0.23938 0.60986
vt 0.25854 0.59521
vt 0.24646 0.59766
vt 0.22949 0.63184
vt 0.24988 0.60767
vt 0.24023 0.61963
vt 0.27319 0.60376
vt 0.26123 0.60547
vt 0.22839 0.64185
vt 0.23938 0.62988
vt 0.25049 0.61768
vt 0.27393 0.6145
vt 0.26196 0.61597
vt 0.22754 0.65259
vt 0.24988 0.62793
vt 0.2384 0.64014
vt 0.26147 0.62622
vt 0.27393 0.62476
vt 0.22705 0.66431
vt 0.23779 0.65088
vt 0.24915 0.63818
vt 0.22668 0.67676
vt 0.26123 0.63672
vt 0.28613 0.62378
vt 0.23718 0.66284
vt 0.24866 0.64917
vt 0.22681 0.68921
vt 0.27368 0.63525
vt 0.29858 0.6228
vt 0.23706 0.67554
vt 0.24829 0.66162
vt 0.26074 0.64771
vt 0.22729 0.70142
vt 0.28638 0.63403
vt 0.23718 0.68823
vt 0.24817 0.67456
vt 0.26074 0.66016
vt 0.27368 0.64624
vt 0.2384 0.71362
vt 0.23767 0.70093
vt 0.24829 0.6875
vt 0.26074 0.67334
vt 0.27393 0.65894
vt 0.28662 0.64526
vt 0.25073 0.72632
vt 0.24963 0.71338
vt 0.24878 0.70044
vt 0.26099 0.68652
vt 0.27417 0.67236
vt 0.2644 0.73926
vt 0.26343 0.72607
vt 0.26221 0.71289
vt 0.26147 0.69971
vt 0.27881 0.75183
vt 0.27783 0.73926
vt 0.27661 0.72583
vt 0.29272 0.76282
vt 0.29175 0.75171
vt 0.30591 0.77271
vt 0.27466 0.68579
vt 0.27588 0.7124
vt 0.29102 0.73901
vt 0.30542 0.76233
vt 0.31812 0.77197
vt 0.27515 0.69922
vt 0.29004 0.72534
vt 0.30469 0.75122
vt 0.31787 0.7616
vt 0.28931 0.71191
vt 0.3042 0.73853
vt 0.31763 0.75037
vt 0.30347 0.72485
vt 0.31738 0.73755
vt 0.31689 0.72412
vt 0.33057 0.7605
vt 0.33057 0.74927
vt 0.33057 0.73657
vt 0.33032 0.72339
vt 0.33057 0.77087
vt 0.33032 0.78125
vt 0.33105 0.79175
vt 0.34302 0.79004
vt 0.34229 0.77966
vt 0.34277 0.76941
vt 0.34326 0.75903
vt 0.35376 0.77783
vt 0.35449 0.76758
vt 0.36426 0.77588
vt 0.34351 0.74805
vt 0.35522 0.75732
vt 0.36499 0.76575
vt 0.37402 0.7738
vt 0.375 0.76379
vt 0.38477 0.76184
vt 0.38599 0.75183
vt 0.36597 0.75562
vt 0.37598 0.75366
vt 0.38696 0.74146
vt 0.37671 0.74292
vt 0.3877 0.72974
vt 0.3667 0.74487
vt 0.38794 0.71777
vt 0.37744 0.7312
vt 0.35571 0.74634
vt 0.38794 0.70557
vt 0.36719 0.73267
vt 0.37769 0.71899
vt 0.3562 0.73413
vt 0.38745 0.6936
vt 0.36743 0.71997
vt 0.37744 0.70654
vt 0.34375 0.73535
vt 0.37622 0.68188
vt 0.37695 0.69409
vt 0.3562 0.72119
vt 0.34351 0.72217
vt 0.36719 0.70728
vt 0.36597 0.68213
vt 0.35596 0.70825
vt 0.3667 0.69458
vt 0.34326 0.70898
vt 0.35376 0.66943
vt 0.35474 0.68237
vt 0.35547 0.69531
vt 0.32983 0.70996
vt 0.33984 0.65625
vt 0.34277 0.6958
vt 0.34204 0.68262
vt 0.34106 0.66943
vt 0.31641 0.71069
vt 0.32544 0.6438
vt 0.32935 0.69653
vt 0.32861 0.68311
vt 0.32666 0.65649
vt 0.32764 0.66968
vt 0.30273 0.71143
vt 0.31177 0.63281
vt 0.31567 0.69727
vt 0.31494 0.68359
vt 0.31421 0.67017
vt 0.31323 0.65674
vt 0.3125 0.64404
vt 0.29907 0.6333
vt 0.29956 0.64453
vt 0.30029 0.65723
vt 0.28711 0.65796
vt 0.2876 0.67139
vt 0.30078 0.67065
vt 0.28809 0.68506
vt 0.30151 0.68433
vt 0.28857 0.69849
vt 0.30225 0.69775
usemtl mat0
f 1/1/1 2/2/2 3/3/3
f 1/1/1 3/3/3 4/4/4
f 5/5/5 1/1/1 4/4/4
f 4/4/4 3/3/3 6/6/6
f 5/5/5 4/4/4 7/7/7
f 8/8/8 5/5/5 7/7/7
f 4/4/4 6/6/6 9/9/9
f 7/7/7 4/4/4 9/9/9
f 9/9/9 6/6/6 10/10/10
f 8/8/8 7/7/7 11/11/11
f 11/11/11 12/12/12 8/8/8
f 7/7/7 9/9/9 13/13/13
f 11/11/11 7/7/7 13/13/13
f 9/9/9 10/10/10 14/14/14
f 13/13/13 9/9/9 14/14/14
f 14/14/14 10/10/10 15/15/15
f 14/14/14 15/15/15 16/16/16
f 16/16/16 15/15/15 17/17/17
f 13/13/13 14/14/14 18/18/18
f 18/18/18 14/14/14 16/16/16
f 11/11/11 13/13/13 19/19/19
f 19/19/19 13/13/13 18/18/18
f 11/11/11 20/20/20 12/12/12
f 19/19/19 20/20/20 11/11/11
f 16/16/16 17/17/17 21/21/21
f 21/21/21 17/17/17 22/22/22
f 18/18/18 16/16/16 23/23/23
f 23/23/23 16/16/16 21/21/21
f 19/19/19 18/18/18 24/24/24
f 24/24/24 18/18/18 23/23/23
f 21/21/21 22/22/22 25/25/25
f 25/25/25 22/22/22 26/26/26
f 23/23/23 21/21/21 27/27/27
f 27/27/27 21/21/21 25/25/25
f 25/25/25 26/26/26 28/28/28
f 28/28/28 26/26/26 29/29/29
f 30/30/30 12/12/12 20/20/20
f 30/30/30 31/31/31 12/12/12
f 19/19/19 32/32/32 20/20/20
f 24/24/24 32/32/32 19/19/19
f 24/24/24 23/23/23 33/33/33
f 33/33/33 23/23/23 27/27/27
f 27/27/27 25/25/25 34/34/34
f 34/34/34 25/25/25 28/28/28
f 28/28/28 29/29/29 35/35/35
f 35/35/35 29/29/29 36/36/36
f 37/37/37 31/31/31 30/30/30
f 37/37/37 38/38/38 31/31/31
f 24/24/24 39/39/39 32/32/32
f 33/33/33 39/39/39 24/24/24
f 33/33/33 27/27/27 40/40/40
f 40/40/40 27/27/27 34/34/34
f 34/34/34 28/28/28 41/41/41
f 41/41/41 28/28/28 35/35/35
f 35/35/35 36/36/36 42/42/42
f 42/42/42 36/36/36 43/43/43
f 38/38/38 37/37/37 44/44/44
f 38/38/38 44/44/44 45/45/45
f 33/33/33 46/46/46 39/39/39
f 40/40/40 46/46/46 33/33/33
f 40/40/40 34/34/34 47/47/47
f 47/47/47 34/34/34 41/41/41
f 41/41/41 35/35/35 48/48/48
f 48/48/48 35/35/35 42/42/42
f 42/42/42 43/43/43 49/49/49
f 49/49/49 43/43/43 50/50/50
f 45/45/45 44/44/44 51/51/51
f 45/45/45 51/51/51 52/52/52
f 51/51/51 53/53/53 52/52/52
f 51/51/51 54/54/54 53/53/53
f 55/55/55 54/54/54 51/51/51
f 44/44/44 55/55/55 51/51/51
f 55/55/55 56/56/56 54/54/54
f 44/44/44 57/57/57 55/55/55
f 37/37/37 57/57/57 44/44/44
f 58/58/58 56/56/56 55/55/55
f 57/57/57 58/58/58 55/55/55
f 58/58/58 59/59/59 56/56/56
f 37/37/37 60/60/60 57/57/57
f 60/60/60 37/37/37 30/30/30
f 57/57/57 61/61/61 58/58/58
f 60/60/60 61/61/61 57/57/57
f 62/62/62 59/59/59 58/58/58
f 61/61/61 62/62/62 58/58/58
f 62/62/62 63/63/63 59/59/59
f 60/60/60 30/30/30 64/64/64
f 64/64/64 30/30/30 20/20/20
f 64/64/64 20/20/20 32/32/32
f 60/60/60 65/65/65 61/61/61
f 65/65/65 60/60/60 64/64/64
f 66/66/66 64/64/64 32/32/32
f 65/65/65 64/64/64 66/66/66
f 66/66/66 32/32/32 39/39/39
f 61/61/61 67/67/67 62/62/62
f 65/65/65 67/67/67 61/61/61
f 68/68/68 63/63/63 62/62/62
f 67/67/67 68/68/68 62/62/62
f 68/68/68 69/69/69 63/63/63
f 70/70/70 65/65/65 66/66/66
f 65/65/65 70/70/70 67/67/67
f 71/71/71 66/66/66 39/39/39
f 70/70/70 66/66/66 71/71/71
f 71/71/71 39/39/39 46/46/46
f 72/72/72 69/69/69 68/68/68
f 72/72/72 73/73/73 69/69/69
f 67/67/67 74/74/74 68/68/68
f 70/70/70 74/74/74 67/67/67
f 74/74/74 72/72/72 68/68/68
f 75/75/75 70/70/70 71/71/71
f 70/70/70 75/75/75 74/74/74
f 76/76/76 71/71/71 46/46/46
f 75/75/75 71/71/71 76/76/76
f 77/77/77 73/73/73 72/72/72
f 77/77/77 78/78/78 73/73/73
f 74/74/74 79/79/79 72/72/72
f 75/75/75 79/79/79 74/74/74
f 79/79/79 77/77/77 72/72/72
f 80/80/80 78/78/78 77/77/77
f 80/80/80 81/81/81 78/78/78
f 75/75/75 82/82/82 79/79/79
f 82/82/82 75/75/75 76/76/76
f 79/79/79 83/83/83 77/77/77
f 83/83/83 80/80/80 77/77/77
f 82/82/82 83/83/83 79/79/79
f 76/76/76 46/46/46 84/84/84
f 40/40/40 84/84/84 46/46/46
f 47/47/47 84/84/84 40/40/40
f 85/85/85 81/81/81 80/80/80
f 85/85/85 86/86/86 81/81/81
f 82/82/82 76/76/76 87/87/87
f 87/87/87 76/76/76 84/84/84
f 82/82/82 88/88/88 83/83/83
f 88/88/88 82/82/82 87/87/87
f 83/83/83 89/89/89 80/80/80
f 89/89/89 85/85/85 80/80/80
f 88/88/88 89/89/89 83/83/83
f 47/47/47 90/90/90 84/84/84
f 87/87/87 84/84/84 90/90/90
f 91/91/91 86/86/86 85/85/85
f 91/91/91 92/92/92 86/86/86
f 88/88/88 87/87/87 93/93/93
f 93/93/93 87/87/87 90/90/90
f 88/88/88 94/94/94 89/89/89
f 94/94/94 88/88/88 93/93/93
f 89/89/89 95/95/95 85/85/85
f 95/95/95 91/91/91 85/85/85
f 94/94/94 95/95/95 89/89/89
f 96/96/96 90/90/90 47/47/47
f 47/47/47 41/41/41 96/96/96
f 96/96/96 41/41/41 48/48/48
f 97/97/97 92/92/92 91/91/91
f 97/97/97 98/98/98 92/92/92
f 93/93/93 90/90/90 99/99/99
f 96/96/96 99/99/99 90/90/90
f 94/94/94 93/93/93 100/100/100
f 100/100/100 93/93/93 99/99/99
f 95/95/95 101/101/101 91/91/91
f 101/101/101 97/97/97 91/91/91
f 94/94/94 102/102/102 95/95/95
f 102/102/102 94/94/94 100/100/100
f 102/102/102 101/101/101 95/95/95
f 96/96/96 48/48/48 103/103/103
f 103/103/103 99/99/99 96/96/96
f 104/104/52 98/98/98 97/97/97
f 104/104/52 105/105/53 98/98/98
f 106/106/104 104/104/52 97/97/97
f 101/101/101 106/106/104 97/97/97
f 106/106/104 107/107/45 104/104/52
f 100/100/100 99/99/99 108/108/105
f 103/103/103 108/108/105 99/99/99
f 102/102/102 100/100/100 109/109/106
f 109/109/106 100/100/100 108/108/105
f 102/102/102 110/110/107 101/101/101
f 110/110/107 106/106/104 101/101/101
f 110/110/107 102/102/102 109/109/106
f 111/111/108 107/107/45 106/106/104
f 110/110/107 111/111/108 106/106/104
f 111/111/108 112/112/38 107/107/45
f 110/110/107 109/109/106 113/113/109
f 111/111/108 110/110/107 113/113/109
f 112/112/38 111/111/108 114/114/110
f 111/111/108 113/113/109 114/114/110
f 112/112/38 114/114/110 115/115/31
f 109/109/106 108/108/105 116/116/111
f 113/113/109 109/109/106 116/116/111
f 117/117/112 108/108/105 103/103/103
f 117/117/112 116/116/111 108/108/105
f 115/115/31 114/114/110 118/118/113
f 115/115/31 118/118/113 119/119/12
f 120/120/8 119/119/12 118/118/113
f 114/114/110 113/113/109 121/121/114
f 113/113/109 116/116/111 121/121/114
f 114/114/110 121/121/114 118/118/113
f 120/120/8 118/118/113 122/122/115
f 122/122/115 118/118/113 121/121/114
f 122/122/115 123/123/5 120/120/8
f 124/124/116 121/121/114 116/116/111
f 122/122/115 121/121/114 124/124/116
f 124/124/116 116/116/111 117/117/112
f 122/122/115 125/125/117 123/123/5
f 124/124/116 125/125/117 122/122/115
f 125/125/117 126/126/1 123/123/5
f 103/103/103 127/127/118 117/117/112
f 103/103/103 48/48/48 127/127/118
f 48/48/48 42/42/42 127/127/118
f 127/127/118 42/42/42 49/49/49
f 117/117/112 128/128/119 124/124/116
f 117/117/112 127/127/118 128/128/119
f 124/124/116 128/128/119 125/125/117
f 127/127/118 49/49/49 128/128/119
f 125/125/117 129/129/120 126/126/1
f 128/128/119 129/129/120 125/125/117
f 128/128/119 49/49/49 129/129/120
f 129/129/120 130/130/2 126/126/1
f 49/49/49 50/50/50 129/129/120
f 129/129/120 50/50/50 130/130/2
f 131/131/121 132/132/122 133/133/123
f 131/131/121 134/134/124 132/132/122
f 135/135/125 134/134/124 131/131/121
f 134/134/124 136/136/126 132/132/122
f 135/135/125 137/137/44 134/134/124
f 138/138/127 137/137/44 135/135/125
f 134/134/124 139/139/128 136/136/126
f 137/137/44 139/139/128 134/134/124
f 139/139/128 140/140/129 136/136/126
f 138/138/127 141/141/37 137/137/44
f 141/141/37 138/138/127 142/142/130
f 139/139/128 143/143/131 140/140/129
f 143/143/131 144/144/132 140/140/129
f 137/137/44 145/145/57 139/139/128
f 141/141/37 145/145/57 137/137/44
f 145/145/57 143/143/131 139/139/128
f 141/141/37 142/142/130 146/146/30
f 146/146/30 142/142/130 147/147/12
f 143/143/131 148/148/133 144/144/132
f 148/148/133 149/149/134 144/144/132
f 145/145/57 150/150/135 143/143/131
f 150/150/135 148/148/133 143/143/131
f 141/141/37 151/151/60 145/145/57
f 151/151/60 141/141/37 146/146/30
f 151/151/60 150/150/135 145/145/57
f 148/148/133 152/152/136 149/149/134
f 152/152/136 153/153/137 149/149/134
f 150/150/135 154/154/67 148/148/133
f 154/154/67 152/152/136 148/148/133
f 151/151/60 155/155/65 150/150/135
f 155/155/65 154/154/67 150/150/135
f 151/151/60 146/146/30 156/156/64
f 155/155/65 151/151/60 156/156/64
f 146/146/30 147/147/12 157/157/20
f 156/156/64 146/146/30 157/157/20
f 152/152/136 158/158/138 153/153/137
f 158/158/138 159/159/139 153/153/137
f 154/154/67 160/160/74 152/152/136
f 160/160/74 158/158/138 152/152/136
f 155/155/65 161/161/70 154/154/67
f 161/161/70 160/160/74 154/154/67
f 155/155/65 156/156/64 162/162/140
f 161/161/70 155/155/65 162/162/140
f 158/158/138 163/163/141 159/159/139
f 163/163/141 164/164/142 159/159/139
f 160/160/74 165/165/79 158/158/138
f 165/165/79 163/163/141 158/158/138
f 161/161/70 166/166/75 160/160/74
f 166/166/75 165/165/79 160/160/74
f 163/163/141 167/167/143 164/164/142
f 167/167/143 168/168/144 164/164/142
f 165/165/79 169/169/83 163/163/141
f 169/169/83 167/167/143 163/163/141
f 167/167/143 170/170/145 168/168/144
f 170/170/145 171/171/146 168/168/144
f 162/162/140 156/156/64 172/172/32
f 156/156/64 157/157/20 172/172/32
f 161/161/70 162/162/140 173/173/147
f 166/166/75 161/161/70 173/173/147
f 166/166/75 174/174/82 165/165/79
f 174/174/82 169/169/83 165/165/79
f 169/169/83 175/175/89 167/167/143
f 175/175/89 170/170/145 167/167/143
f 170/170/145 176/176/148 171/171/146
f 176/176/148 177/177/149 171/171/146
f 162/162/140 172/172/32 178/178/150
f 173/173/147 162/162/140 178/178/150
f 166/166/75 173/173/147 179/179/76
f 174/174/82 166/166/75 179/179/76
f 174/174/82 180/180/88 169/169/83
f 180/180/88 175/175/89 169/169/83
f 175/175/89 181/181/151 170/170/145
f 181/181/151 176/176/148 170/170/145
f 176/176/148 182/182/152 177/177/149
f 182/182/152 183/183/123 177/177/149
f 182/182/152 184/184/121 183/183/123
f 185/185/101 182/182/152 176/176/148
f 181/181/151 185/185/101 176/176/148
f 186/186/104 184/184/121 182/182/152
f 185/185/101 186/186/104 182/182/152
f 186/186/104 187/187/125 184/184/121
f 188/188/94 181/181/151 175/175/89
f 180/180/88 188/188/94 175/175/89
f 180/180/88 174/174/82 189/189/153
f 174/174/82 179/179/76 189/189/153
f 190/190/154 185/185/101 181/181/151
f 188/188/94 190/190/154 181/181/151
f 191/191/108 187/187/125 186/186/104
f 191/191/108 192/192/127 187/187/125
f 193/193/107 186/186/104 185/185/101
f 190/190/154 193/193/107 185/185/101
f 193/193/107 191/191/108 186/186/104
f 188/188/94 180/180/88 194/194/93
f 180/180/88 189/189/153 194/194/93
f 192/192/127 191/191/108 195/195/110
f 192/192/127 195/195/110 196/196/130
f 190/190/154 188/188/94 197/197/100
f 188/188/94 194/194/93 197/197/100
f 193/193/107 190/190/154 198/198/106
f 190/190/154 197/197/100 198/198/106
f 191/191/108 193/193/107 199/199/109
f 191/191/108 199/199/109 195/195/110
f 193/193/107 198/198/106 199/199/109
f 196/196/130 195/195/110 200/200/113
f 196/196/130 200/200/113 201/201/12
f 202/202/155 201/201/12 200/200/113
f 195/195/110 199/199/109 203/203/114
f 195/195/110 203/203/114 200/200/113
f 202/202/155 200/200/113 204/204/115
f 204/204/115 200/200/113 203/203/114
f 204/204/115 205/205/156 202/202/155
f 199/199/109 198/198/106 206/206/111
f 199/199/109 206/206/111 203/203/114
f 198/198/106 197/197/100 207/207/105
f 198/198/106 207/207/105 206/206/111
f 204/204/115 203/203/114 208/208/116
f 208/208/116 203/203/114 206/206/111
f 204/204/115 209/209/117 205/205/156
f 208/208/116 209/209/117 204/204/115
f 209/209/117 210/210/157 205/205/156
f 208/208/116 206/206/111 211/211/158
f 211/211/158 206/206/111 207/207/105
f 197/197/100 212/212/99 207/207/105
f 197/197/100 194/194/93 212/212/99
f 208/208/116 213/213/119 209/209/117
f 211/211/158 213/213/119 208/208/116
f 209/209/117 214/214/159 210/210/157
f 213/213/119 214/214/159 209/209/117
f 215/215/53 210/210/157 214/214/159
f 215/215/53 214/214/159 216/216/98
f 216/216/98 214/214/159 217/217/160
f 213/213/119 217/217/160 214/214/159
f 216/216/98 217/217/160 218/218/92
f 211/211/158 207/207/105 219/219/103
f 219/219/103 207/207/105 212/212/99
f 211/211/158 220/220/161 213/213/119
f 220/220/161 217/217/160 213/213/119
f 219/219/103 220/220/161 211/211/158
f 218/218/92 217/217/160 221/221/162
f 220/220/161 221/221/162 217/217/160
f 218/218/92 221/221/162 222/222/86
f 219/219/103 223/223/48 220/220/161
f 223/223/48 221/221/162 220/220/161
f 222/222/86 221/221/162 224/224/163
f 223/223/48 224/224/163 221/221/162
f 222/222/86 224/224/163 225/225/81
f 219/219/103 212/212/99 226/226/96
f 226/226/96 223/223/48 219/219/103
f 225/225/81 224/224/163 227/227/164
f 225/225/81 227/227/164 228/228/78
f 229/229/41 224/224/163 223/223/48
f 226/226/96 229/229/41 223/223/48
f 229/229/41 227/227/164 224/224/163
f 226/226/96 212/212/99 230/230/90
f 194/194/93 230/230/90 212/212/99
f 194/194/93 189/189/153 230/230/90
f 228/228/78 227/227/164 231/231/165
f 228/228/78 231/231/165 232/232/73
f 233/233/166 227/227/164 229/229/41
f 233/233/166 231/231/165 227/227/164
f 234/234/167 229/229/41 226/226/96
f 226/226/96 230/230/90 234/234/167
f 234/234/167 233/233/166 229/229/41
f 189/189/153 235/235/84 230/230/90
f 234/234/167 230/230/90 235/235/84
f 189/189/153 179/179/76 235/235/84
f 232/232/73 231/231/165 236/236/168
f 232/232/73 236/236/168 237/237/69
f 238/238/40 233/233/166 234/234/167
f 234/234/167 235/235/84 238/238/40
f 179/179/76 239/239/46 235/235/84
f 238/238/40 235/235/84 239/239/46
f 179/179/76 173/173/147 239/239/46
f 173/173/147 178/178/150 239/239/46
f 240/240/27 231/231/165 233/233/166
f 238/238/40 240/240/27 233/233/166
f 240/240/27 236/236/168 231/231/165
f 238/238/40 239/239/46 241/241/33
f 241/241/33 239/239/46 178/178/150
f 241/241/33 240/240/27 238/238/40
f 237/237/69 236/236/168 242/242/169
f 237/237/69 242/242/169 243/243/63
f 244/244/23 236/236/168 240/240/27
f 241/241/33 244/244/23 240/240/27
f 244/244/23 242/242/169 236/236/168
f 241/241/33 178/178/150 245/245/170
f 245/245/170 244/244/23 241/241/33
f 245/245/170 178/178/150 172/172/32
f 243/243/63 242/242/169 246/246/171
f 243/243/63 246/246/171 247/247/59
f 248/248/172 242/242/169 244/244/23
f 245/245/170 248/248/172 244/244/23
f 248/248/172 246/246/171 242/242/169
f 245/245/170 172/172/32 249/249/19
f 249/249/19 248/248/172 245/245/170
f 249/249/19 172/172/32 157/157/20
f 247/247/59 246/246/171 250/250/173
f 247/247/59 250/250/173 251/251/56
f 252/252/13 246/246/171 248/248/172
f 249/249/19 252/252/13 248/248/172
f 252/252/13 250/250/173 246/246/171
f 249/249/19 157/157/20 253/253/11
f 253/253/11 252/252/13 249/249/19
f 253/253/11 157/157/20 147/147/12
f 253/253/11 147/147/12 254/254/155
f 253/253/11 255/255/7 252/252/13
f 254/254/155 255/255/7 253/253/11
f 255/255/7 250/250/173 252/252/13
f 254/254/155 256/256/156 255/255/7
f 251/251/56 250/250/173 257/257/174
f 255/255/7 257/257/174 250/250/173
f 256/256/156 257/257/174 255/255/7
f 251/251/56 257/257/174 258/258/54
f 256/256/156 259/259/157 257/257/174
f 258/258/54 257/257/174 259/259/157
f 258/258/54 259/259/157 260/260/53
f 261/261/175 262/262/176 263/263/177
f 261/261/175 263/263/177 264/264/178
f 264/264/178 263/263/177 265/265/179
f 266/266/180 261/261/175 264/264/178
f 266/266/180 267/267/181 261/261/175
f 264/264/178 265/265/179 268/268/182
f 268/268/182 265/265/179 269/269/183
f 270/270/184 267/267/181 266/266/180
f 270/270/184 271/271/185 267/267/181
f 272/272/186 266/266/180 264/264/178
f 272/272/186 264/264/178 268/268/182
f 268/268/182 269/269/183 273/273/187
f 273/273/187 269/269/183 274/274/188
f 275/275/189 270/270/184 266/266/180
f 275/275/189 266/266/180 272/272/186
f 271/271/185 270/270/184 276/276/190
f 271/271/185 276/276/190 277/277/191
f 278/278/192 272/272/186 268/268/182
f 278/278/192 268/268/182 273/273/187
f 273/273/187 274/274/188 279/279/193
f 279/279/193 274/274/188 280/280/194
f 281/281/195 275/275/189 272/272/186
f 281/281/195 272/272/186 278/278/192
f 270/270/184 275/275/189 282/282/196
f 270/270/184 282/282/196 276/276/190
f 277/277/191 276/276/190 283/283/197
f 277/277/191 283/283/197 284/284/198
f 285/285/199 284/284/198 283/283/197
f 286/286/200 278/278/192 273/273/187
f 286/286/200 273/273/187 279/279/193
f 279/279/193 280/280/194 287/287/201
f 287/287/201 280/280/194 288/288/202
f 276/276/190 289/289/203 283/283/197
f 276/276/190 282/282/196 289/289/203
f 285/285/199 283/283/197 290/290/204
f 290/290/204 283/283/197 289/289/203
f 290/290/204 291/291/205 285/285/199
f 290/290/204 292/292/206 291/291/205
f 292/292/206 293/293/207 291/291/205
f 290/290/204 289/289/203 294/294/208
f 294/294/208 292/292/206 290/290/204
f 282/282/196 295/295/209 289/289/203
f 294/294/208 289/289/203 295/295/209
f 292/292/206 296/296/210 293/293/207
f 296/296/210 297/297/211 293/293/207
f 296/296/210 298/298/212 297/297/211
f 294/294/208 299/299/213 292/292/206
f 299/299/213 296/296/210 292/292/206
f 300/300/214 298/298/212 296/296/210
f 299/299/213 300/300/214 296/296/210
f 300/300/214 301/301/215 298/298/212
f 302/302/216 299/299/213 294/294/208
f 294/294/208 295/295/209 302/302/216
f 282/282/196 303/303/217 295/295/209
f 275/275/189 303/303/217 282/282/196
f 275/275/189 281/281/195 303/303/217
f 304/304/218 300/300/214 299/299/213
f 302/302/216 304/304/218 299/299/213
f 305/305/219 301/301/215 300/300/214
f 304/304/218 305/305/219 300/300/214
f 305/305/219 306/306/220 301/301/215
f 303/303/217 307/307/221 295/295/209
f 302/302/216 295/295/209 307/307/221
f 281/281/195 308/308/222 303/303/217
f 303/303/217 308/308/222 307/307/221
f 309/309/223 304/304/218 302/302/216
f 302/302/216 307/307/221 309/309/223
f 310/310/224 305/305/219 304/304/218
f 309/309/223 310/310/224 304/304/218
f 311/311/225 306/306/220 305/305/219
f 310/310/224 311/311/225 305/305/219
f 311/311/225 312/312/226 306/306/220
f 309/309/223 307/307/221 313/313/227
f 308/308/222 313/313/227 307/307/221
f 281/281/195 314/314/228 308/308/222
f 314/314/228 281/281/195 278/278/192
f 314/314/228 278/278/192 286/286/200
f 315/315/229 310/310/224 309/309/223
f 309/309/223 313/313/227 315/315/229
f 316/316/230 311/311/225 310/310/224
f 315/315/229 316/316/230 310/310/224
f 317/317/231 312/312/226 311/311/225
f 316/316/230 317/317/231 311/311/225
f 317/317/231 318/318/232 312/312/226
f 308/308/222 319/319/233 313/313/227
f 314/314/228 319/319/233 308/308/222
f 320/320/234 314/314/228 286/286/200
f 314/314/228 320/320/234 319/319/233
f 315/315/229 313/313/227 321/321/235
f 319/319/233 321/321/235 313/313/227
f 322/322/236 316/316/230 315/315/229
f 315/315/229 321/321/235 322/322/236
f 323/323/237 317/317/231 316/316/230
f 322/322/236 323/323/237 316/316/230
f 324/324/238 318/318/232 317/317/231
f 323/323/237 324/324/238 317/317/231
f 324/324/238 325/325/239 318/318/232
f 319/319/233 326/326/240 321/321/235
f 320/320/234 326/326/240 319/319/233
f 320/320/234 286/286/200 327/327/241
f 327/327/241 286/286/200 279/279/193
f 327/327/241 279/279/193 287/287/201
f 322/322/236 321/321/235 328/328/242
f 326/326/240 328/328/242 321/321/235
f 329/329/243 323/323/237 322/322/236
f 322/322/236 328/328/242 329/329/243
f 330/330/244 324/324/238 323/323/237
f 329/329/243 330/330/244 323/323/237
f 331/331/245 325/325/239 324/324/238
f 330/330/244 331/331/245 324/324/238
f 331/331/245 332/332/246 325/325/239
f 333/333/247 320/320/234 327/327/241
f 320/320/234 333/333/247 326/326/240
f 334/334/248 327/327/241 287/287/201
f 333/333/247 327/327/241 334/334/248
f 326/326/240 335/335/249 328/328/242
f 333/333/247 335/335/249 326/326/240
f 329/329/243 328/328/242 336/336/250
f 335/335/249 336/336/250 328/328/242
f 337/337/251 330/330/244 329/329/243
f 329/329/243 336/336/250 337/337/251
f 338/338/252 331/331/245 330/330/244
f 337/337/251 338/338/252 330/330/244
f 339/339/253 332/332/246 331/331/245
f 338/338/252 339/339/253 331/331/245
f 339/339/253 340/340/254 332/332/246
f 333/333/247 341/341/255 335/335/249
f 341/341/255 333/333/247 334/334/248
f 335/335/249 342/342/256 336/336/250
f 341/341/255 342/342/256 335/335/249
f 337/337/251 336/336/250 343/343/257
f 342/342/256 343/343/257 336/336/250
f 344/344/258 338/338/252 337/337/251
f 337/337/251 343/343/257 344/344/258
f 345/345/259 339/339/253 338/338/252
f 344/344/258 345/345/259 338/338/252
f 346/346/260 340/340/254 339/339/253
f 345/345/259 346/346/260 339/339/253
f 346/346/260 347/347/261 340/340/254
f 348/348/262 347/347/261 346/346/260
f 348/348/262 349/349/263 347/347/261
f 350/350/264 346/346/260 345/345/259
f 350/350/264 348/348/262 346/346/260
f 351/351/265 345/345/259 344/344/258
f 351/351/265 350/350/264 345/345/259
f 344/344/258 343/343/257 352/352/266
f 344/344/258 352/352/266 351/351/265
f 342/342/256 353/353/267 343/343/257
f 353/353/267 352/352/266 343/343/257
f 354/354/268 349/349/263 348/348/262
f 354/354/268 355/355/269 349/349/263
f 356/356/270 348/348/262 350/350/264
f 356/356/270 354/354/268 348/348/262
f 357/357/207 355/355/269 354/354/268
f 357/357/207 358/358/211 355/355/269
f 359/359/205 357/357/207 354/354/268
f 359/359/205 354/354/268 356/356/270
f 360/360/199 359/359/205 356/356/270
f 361/361/271 356/356/270 350/350/264
f 360/360/199 356/356/270 361/361/271
f 361/361/271 350/350/264 351/351/265
f 361/361/271 362/362/198 360/360/199
f 351/351/265 363/363/272 361/361/271
f 351/351/265 352/352/266 363/363/272
f 361/361/271 363/363/272 362/362/198
f 364/364/273 363/363/272 352/352/266
f 353/353/267 364/364/273 352/352/266
f 365/365/274 362/362/198 363/363/272
f 364/364/273 365/365/274 363/363/272
f 365/365/274 366/366/191 362/362/198
f 367/367/275 366/366/191 365/365/274
f 367/367/275 368/368/185 366/366/191
f 369/369/276 365/365/274 364/364/273
f 369/369/276 367/367/275 365/365/274
f 370/370/277 364/364/273 353/353/267
f 370/370/277 369/369/276 364/364/273
f 368/368/185 367/367/275 371/371/278
f 368/368/185 371/371/278 372/372/181
f 367/367/275 369/369/276 373/373/279
f 367/367/275 373/373/279 371/371/278
f 372/372/181 371/371/278 374/374/280
f 372/372/181 374/374/280 375/375/175
f 374/374/280 376/376/176 375/375/175
f 374/374/280 377/377/281 376/376/176
f 371/371/278 378/378/282 374/374/280
f 378/378/282 377/377/281 374/374/280
f 371/371/278 373/373/279 378/378/282
f 378/378/282 379/379/283 377/377/281
f 380/380/284 379/379/283 378/378/282
f 373/373/279 380/380/284 378/378/282
f 380/380/284 381/381/285 379/379/283
f 369/369/276 382/382/286 373/373/279
f 373/373/279 382/382/286 380/380/284
f 369/369/276 370/370/277 382/382/286
f 383/383/287 381/381/285 380/380/284
f 382/382/286 383/383/287 380/380/284
f 383/383/287 384/384/288 381/381/285
f 370/370/277 385/385/289 382/382/286
f 382/382/286 385/385/289 383/383/287
f 386/386/290 384/384/288 383/383/287
f 385/385/289 386/386/290 383/383/287
f 386/386/290 387/387/291 384/384/288
f 370/370/277 388/388/292 385/385/289
f 388/388/292 370/370/277 353/353/267
f 388/388/292 353/353/267 342/342/256
f 341/341/255 388/388/292 342/342/256
f 388/388/292 389/389/293 385/385/289
f 388/388/292 341/341/255 389/389/293
f 385/385/289 389/389/293 386/386/290
f 341/341/255 334/334/248 389/389/293
f 390/390/294 387/387/291 386/386/290
f 389/389/293 390/390/294 386/386/290
f 389/389/293 334/334/248 390/390/294
f 390/390/294 288/288/202 387/387/291
f 334/334/248 287/287/201 390/390/294
f 287/287/201 288/288/202 390/390/294
f 391/391/295 392/392/296 393/393/297
f 391/391/295 394/394/298 392/392/296
f 395/395/299 394/394/298 391/391/295
f 394/394/298 396/396/300 392/392/296
f 395/395/299 397/397/278 394/394/298
f 398/398/301 397/397/278 395/395/299
f 394/394/298 399/399/302 396/396/300
f 397/397/278 399/399/302 394/394/298
f 399/399/302 400/400/303 396/396/300
f 398/398/301 401/401/275 397/397/278
f 401/401/275 398/398/301 402/402/304
f 397/397/278 403/403/279 399/399/302
f 401/401/275 403/403/279 397/397/278
f 399/399/302 404/404/305 400/400/303
f 403/403/279 404/404/305 399/399/302
f 404/404/305 405/405/306 400/400/303
f 401/401/275 402/402/304 406/406/274
f 406/406/274 402/402/304 407/407/307
f 401/401/275 408/408/276 403/403/279
f 408/408/276 401/401/275 406/406/274
f 403/403/279 409/409/308 404/404/305
f 408/408/276 409/409/308 403/403/279
f 404/404/305 410/410/309 405/405/306
f 409/409/308 410/410/309 404/404/305
f 410/410/309 411/411/310 405/405/306
f 410/410/309 412/412/311 411/411/310
f 412/412/311 413/413/312 411/411/310
f 409/409/308 414/414/289 410/410/309
f 414/414/289 412/412/311 410/410/309
f 408/408/276 415/415/277 409/409/308
f 415/415/277 414/414/289 409/409/308
f 408/408/276 406/406/274 416/416/273
f 415/415/277 408/408/276 416/416/273
f 406/406/274 407/407/307 417/417/272
f 416/416/273 406/406/274 417/417/272
f 412/412/311 418/418/313 413/413/312
f 418/418/313 419/419/314 413/413/312
f 414/414/289 420/420/293 412/412/311
f 420/420/293 418/418/313 412/412/311
f 415/415/277 421/421/292 414/414/289
f 421/421/292 420/420/293 414/414/289
f 415/415/277 416/416/273 422/422/315
f 421/421/292 415/415/277 422/422/315
f 418/418/313 423/423/316 419/419/314
f 423/423/316 424/424/317 419/419/314
f 420/420/293 425/425/318 418/418/313
f 425/425/318 423/423/316 418/418/313
f 421/421/292 426/426/255 420/420/293
f 426/426/255 425/425/318 420/420/293
f 423/423/316 427/427/319 424/424/317
f 427/427/319 428/428/320 424/424/317
f 425/425/318 429/429/241 423/423/316
f 429/429/241 427/427/319 423/423/316
f 427/427/319 430/430/321 428/428/320
f 430/430/321 431/431/322 428/428/320
f 422/422/315 416/416/273 432/432/266
f 416/416/273 417/417/272 432/432/266
f 421/421/292 422/422/315 433/433/323
f 426/426/255 421/421/292 433/433/323
f 426/426/255 434/434/247 425/425/318
f 434/434/247 429/429/241 425/425/318
f 429/429/241 435/435/200 427/427/319
f 435/435/200 430/430/321 427/427/319
f 430/430/321 436/436/324 431/431/322
f 436/436/324 437/437/325 431/431/322
f 422/422/315 432/432/266 438/438/326
f 433/433/323 422/422/315 438/438/326
f 426/426/255 433/433/323 439/439/249
f 434/434/247 426/426/255 439/439/249
f 434/434/247 440/440/234 429/429/241
f 440/440/234 435/435/200 429/429/241
f 435/435/200 441/441/327 430/430/321
f 441/441/327 436/436/324 430/430/321
f 436/436/324 442/442/328 437/437/325
f 442/442/328 443/443/297 437/437/325
f 442/442/328 444/444/295 443/443/297
f 445/445/186 442/442/328 436/436/324
f 441/441/327 445/445/186 436/436/324
f 446/446/180 444/444/295 442/442/328
f 445/445/186 446/446/180 442/442/328
f 446/446/180 447/447/299 444/444/295
f 448/448/228 441/441/327 435/435/200
f 440/440/234 448/448/228 435/435/200
f 440/440/234 434/434/247 449/449/240
f 434/434/247 439/439/249 449/449/240
f 450/450/195 445/445/186 441/441/327
f 448/448/228 450/450/195 441/441/327
f 451/451/184 447/447/299 446/446/180
f 451/451/184 452/452/301 447/447/299
f 453/453/189 446/446/180 445/445/186
f 450/450/195 453/453/189 445/445/186
f 453/453/189 451/451/184 446/446/180
f 448/448/228 440/440/234 454/454/233
f 440/440/234 449/449/240 454/454/233
f 452/452/301 451/451/184 455/455/190
f 452/452/301 455/455/190 456/456/304
f 450/450/195 448/448/228 457/457/222
f 448/448/228 454/454/233 457/457/222
f 451/451/184 453/453/189 458/458/196
f 451/451/184 458/458/196 455/455/190
f 453/453/189 450/450/195 459/459/329
f 450/450/195 457/457/222 459/459/329
f 453/453/189 459/459/329 458/458/196
f 456/456/304 455/455/190 460/460/197
f 456/456/304 460/460/197 461/461/307
f 462/462/330 461/461/307 460/460/197
f 455/455/190 458/458/196 463/463/203
f 455/455/190 463/463/203 460/460/197
f 462/462/330 460/460/197 464/464/204
f 464/464/204 460/460/197 463/463/203
f 464/464/204 465/465/331 462/462/330
f 458/458/196 459/459/329 466/466/332
f 458/458/196 466/466/332 463/463/203
f 459/459/329 457/457/222 467/467/221
f 459/459/329 467/467/221 466/466/332
f 464/464/204 463/463/203 468/468/208
f 468/468/208 463/463/203 466/466/332
f 464/464/204 469/469/206 465/465/331
f 468/468/208 469/469/206 464/464/204
f 469/469/206 470/470/333 465/465/331
f 468/468/208 466/466/332 471/471/334
f 471/471/334 466/466/332 467/467/221
f 457/457/222 472/472/227 467/467/221
f 457/457/222 454/454/233 472/472/227
f 468/468/208 473/473/213 469/469/206
f 471/471/334 473/473/213 468/468/208
f 469/469/206 474/474/335 470/470/333
f 473/473/213 474/474/335 469/469/206
f 475/475/176 470/470/333 474/474/335
f 475/475/176 474/474/335 476/476/177
f 476/476/177 474/474/335 477/477/336
f 473/473/213 477/477/336 474/474/335
f 476/476/177 477/477/336 478/478/179
f 471/471/334 467/467/221 479/479/223
f 479/479/223 467/467/221 472/472/227
f 471/471/334 480/480/337 473/473/213
f 480/480/337 477/477/336 473/473/213
f 479/479/223 480/480/337 471/471/334
f 478/478/179 477/477/336 481/481/338
f 480/480/337 481/481/338 477/477/336
f 478/478/179 481/481/338 482/482/183
f 479/479/223 483/483/224 480/480/337
f 483/483/224 481/481/338 480/480/337
f 482/482/183 481/481/338 484/484/339
f 483/483/224 484/484/339 481/481/338
f 482/482/183 484/484/339 485/485/188
f 479/479/223 472/472/227 486/486/229
f 486/486/229 483/483/224 479/479/223
f 485/485/188 484/484/339 487/487/340
f 485/485/188 487/487/340 488/488/194
f 489/489/230 484/484/339 483/483/224
f 486/486/229 489/489/230 483/483/224
f 489/489/230 487/487/340 484/484/339
f 486/486/229 472/472/227 490/490/341
f 454/454/233 490/490/341 472/472/227
f 454/454/233 449/449/240 490/490/341
f 488/488/194 487/487/340 491/491/342
f 488/488/194 491/491/342 492/492/202
f 493/493/343 489/489/230 486/486/229
f 486/486/229 490/490/341 493/493/343
f 449/449/240 494/494/242 490/490/341
f 493/493/343 490/490/341 494/494/242
f 449/449/240 439/439/249 494/494/242
f 495/495/344 487/487/340 489/489/230
f 493/493/343 495/495/344 489/489/230
f 495/495/344 491/491/342 487/487/340
f 492/492/202 491/491/342 496/496/345
f 492/492/202 496/496/345 497/497/291
f 439/439/249 498/498/250 494/494/242
f 439/439/249 433/433/323 498/498/250
f 433/433/323 438/438/326 498/498/250
f 493/493/343 494/494/242 499/499/243
f 499/499/243 495/495/344 493/493/343
f 499/499/243 494/494/242 498/498/250
f 500/500/244 491/491/342 495/495/344
f 499/499/243 500/500/244 495/495/344
f 500/500/244 496/496/345 491/491/342
f 499/499/243 498/498/250 501/501/251
f 501/501/251 498/498/250 438/438/326
f 501/501/251 500/500/244 499/499/243
f 497/497/291 496/496/345 502/502/346
f 497/497/291 502/502/346 503/503/288
f 504/504/252 496/496/345 500/500/244
f 501/501/251 504/504/252 500/500/244
f 504/504/252 502/502/346 496/496/345
f 501/501/251 438/438/326 505/505/347
f 505/505/347 504/504/252 501/501/251
f 505/505/347 438/438/326 432/432/266
f 503/503/288 502/502/346 506/506/348
f 503/503/288 506/506/348 507/507/285
f 508/508/349 502/502/346 504/504/252
f 505/505/347 508/508/349 504/504/252
f 508/508/349 506/506/348 502/502/346
f 505/505/347 432/432/266 509/509/265
f 509/509/265 508/508/349 505/505/347
f 509/509/265 432/432/266 417/417/272
f 507/507/285 506/506/348 510/510/350
f 507/507/285 510/510/350 511/511/283
f 512/512/264 506/506/348 508/508/349
f 509/509/265 512/512/264 508/508/349
f 512/512/264 510/510/350 506/506/348
f 509/509/265 417/417/272 513/513/271
f 513/513/271 512/512/264 509/509/265
f 513/513/271 417/417/272 407/407/307
f 513/513/271 407/407/307 514/514/330
f 513/513/271 515/515/270 512/512/264
f 514/514/330 515/515/270 513/513/271
f 515/515/270 510/510/350 512/512/264
f 514/514/330 516/516/331 515/515/270
f 511/511/283 510/510/350 517/517/351
f 515/515/270 517/517/351 510/510/350
f 516/516/331 517/517/351 515/515/270
f 511/511/283 517/517/351 518/518/281
f 516/516/331 519/519/333 517/517/351
f 518/518/281 517/517/351 519/519/333
f 518/518/281 519/519/333 520/520/176
f 521/521/352 522/522/353 523/523/354
f 521/521/352 524/524/355 522/522/353
f 525/525/356 524/524/355 521/521/352
f 524/524/355 526/526/357 522/522/353
f 525/525/356 527/527/278 524/524/355
f 528/528/301 527/527/278 525/525/356
f 524/524/355 529/529/358 526/526/357
f 527/527/278 529/529/358 524/524/355
f 529/529/358 530/530/359 526/526/357
f 528/528/301 531/531/275 527/527/278
f 531/531/275 528/528/301 532/532/191
f 527/527/278 533/533/279 529/529/358
f 531/531/275 533/533/279 527/527/278
f 529/529/358 534/534/360 530/530/359
f 533/533/279 534/534/360 529/529/358
f 534/534/360 535/535/361 530/530/359
f 531/531/275 532/532/191 536/536/274
f 536/536/274 532/532/191 537/537/307
f 531/531/275 538/538/276 533/533/279
f 538/538/276 531/531/275 536/536/274
f 533/533/279 539/539/286 534/534/360
f 538/538/276 539/539/286 533/533/279
f 534/534/360 540/540/362 535/535/361
f 539/539/286 540/540/362 534/534/360
f 540/540/362 541/541/363 535/535/361
f 540/540/362 542/542/364 541/541/363
f 542/542/364 543/543/365 541/541/363
f 539/539/286 544/544/289 540/540/362
f 544/544/289 542/542/364 540/540/362
f 538/538/276 545/545/277 539/539/286
f 545/545/277 544/544/289 539/539/286
f 538/538/276 536/536/274 546/546/273
f 545/545/277 538/538/276 546/546/273
f 536/536/274 537/537/307 547/547/272
f 546/546/273 536/536/274 547/547/272
f 542/542/364 548/548/366 543/543/365
f 548/548/366 549/549/367 543/543/365
f 544/544/289 550/550/293 542/542/364
f 550/550/293 548/548/366 542/542/364
f 545/545/277 551/551/292 544/544/289
f 551/551/292 550/550/293 544/544/289
f 545/545/277 546/546/273 552/552/368
f 551/551/292 545/545/277 552/552/368
f 548/548/366 553/553/369 549/549/367
f 553/553/369 554/554/370 549/549/367
f 550/550/293 555/555/318 548/548/366
f 555/555/318 553/553/369 548/548/366
f 551/551/292 556/556/255 550/550/293
f 556/556/255 555/555/318 550/550/293
f 553/553/369 557/557/371 554/554/370
f 557/557/371 558/558/372 554/554/370
f 555/555/318 559/559/241 553/553/369
f 559/559/241 557/557/371 553/553/369
f 557/557/371 560/560/373 558/558/372
f 560/560/373 561/561/374 558/558/372
f 552/552/368 546/546/273 562/562/266
f 546/546/273 547/547/272 562/562/266
f 551/551/292 552/552/368 563/563/256
f 556/556/255 551/551/292 563/563/256
f 556/556/255 564/564/375 555/555/318
f 564/564/375 559/559/241 555/555/318
f 559/559/241 565/565/200 557/557/371
f 565/565/200 560/560/373 557/557/371
f 560/560/373 566/566/376 561/561/374
f 566/566/376 567/567/377 561/561/374
f 552/552/368 562/562/266 568/568/378
f 563/563/256 552/552/368 568/568/378
f 556/556/255 563/563/256 569/569/249
f 564/564/375 556/556/255 569/569/249
f 564/564/375 570/570/234 559/559/241
f 570/570/234 565/565/200 559/559/241
f 565/565/200 571/571/379 560/560/373
f 571/571/379 566/566/376 560/560/373
f 566/566/376 572/572/380 567/567/377
f 572/572/380 573/573/354 567/567/377
f 572/572/380 574/574/352 573/573/354
f 575/575/186 572/572/380 566/566/376
f 571/571/379 575/575/186 566/566/376
f 576/576/180 574/574/352 572/572/380
f 575/575/186 576/576/180 572/572/380
f 576/576/180 577/577/356 574/574/352
f 578/578/228 571/571/379 565/565/200
f 570/570/234 578/578/228 565/565/200
f 570/570/234 564/564/375 579/579/381
f 564/564/375 569/569/249 579/579/381
f 580/580/382 575/575/186 571/571/379
f 578/578/228 580/580/382 571/571/379
f 581/581/184 577/577/356 576/576/180
f 581/581/184 582/582/301 577/577/356
f 583/583/189 576/576/180 575/575/186
f 580/580/382 583/583/189 575/575/186
f 583/583/189 581/581/184 576/576/180
f 578/578/228 570/570/234 584/584/233
f 570/570/234 579/579/381 584/584/233
f 582/582/301 581/581/184 585/585/190
f 582/582/301 585/585/190 586/586/191
f 580/580/382 578/578/228 587/587/222
f 578/578/228 584/584/233 587/587/222
f 581/581/184 583/583/189 588/588/196
f 581/581/184 588/588/196 585/585/190
f 583/583/189 580/580/382 589/589/383
f 580/580/382 587/587/222 589/589/383
f 583/583/189 589/589/383 588/588/196
f 586/586/191 585/585/190 590/590/197
f 586/586/191 590/590/197 591/591/307
f 592/592/384 591/591/307 590/590/197
f 585/585/190 588/588/196 593/593/203
f 585/585/190 593/593/203 590/590/197
f 592/592/384 590/590/197 594/594/204
f 594/594/204 590/590/197 593/593/203
f 594/594/204 595/595/385 592/592/384
f 588/588/196 589/589/383 596/596/386
f 588/588/196 596/596/386 593/593/203
f 589/589/383 587/587/222 597/597/221
f 589/589/383 597/597/221 596/596/386
f 594/594/204 593/593/203 598/598/208
f 598/598/208 593/593/203 596/596/386
f 594/594/204 599/599/206 595/595/385
f 598/598/208 599/599/206 594/594/204
f 599/599/206 600/600/387 595/595/385
f 598/598/208 596/596/386 601/601/388
f 601/601/388 596/596/386 597/597/221
f 587/587/222 602/602/227 597/597/221
f 587/587/222 584/584/233 602/602/227
f 598/598/208 603/603/213 599/599/206
f 601/601/388 603/603/213 598/598/208
f 599/599/206 604/604/389 600/600/387
f 603/603/213 604/604/389 599/599/206
f 605/605/297 600/600/387 604/604/389
f 605/605/297 604/604/389 606/606/325
f 606/606/325 604/604/389 607/607/390
f 603/603/213 607/607/390 604/604/389
f 606/606/325 607/607/390 608/608/322
f 601/601/388 597/597/221 609/609/223
f 609/609/223 597/597/221 602/602/227
f 601/601/388 610/610/337 603/603/213
f 610/610/337 607/607/390 603/603/213
f 609/609/223 610/610/337 601/601/388
f 608/608/322 607/607/390 611/611/391
f 610/610/337 611/611/391 607/607/390
f 608/608/322 611/611/391 612/612/320
f 609/609/223 613/613/224 610/610/337
f 613/613/224 611/611/391 610/610/337
f 612/612/320 611/611/391 614/614/392
f 613/613/224 614/614/392 611/611/391
f 612/612/320 614/614/392 615/615/317
f 609/609/223 602/602/227 616/616/229
f 616/616/229 613/613/224 609/609/223
f 615/615/317 614/614/392 617/617/393
f 615/615/317 617/617/393 618/618/314
f 619/619/230 614/614/392 613/613/224
f 616/616/229 619/619/230 613/613/224
f 619/619/230 617/617/393 614/614/392
f 616/616/229 602/602/227 620/620/235
f 584/584/233 620/620/235 602/602/227
f 584/584/233 579/579/381 620/620/235
f 618/618/314 617/617/393 621/621/394
f 618/618/314 621/621/394 622/622/312
f 623/623/395 619/619/230 616/616/229
f 616/616/229 620/620/235 623/623/395
f 579/579/381 624/624/242 620/620/235
f 623/623/395 620/620/235 624/624/242
f 579/579/381 569/569/249 624/624/242
f 625/625/396 617/617/393 619/619/230
f 623/623/395 625/625/396 619/619/230
f 625/625/396 621/621/394 617/617/393
f 622/622/312 621/621/394 626/626/397
f 622/622/312 626/626/397 627/627/310
f 569/569/249 628/628/250 624/624/242
f 569/569/249 563/563/256 628/628/250
f 563/563/256 568/568/378 628/628/250
f 623/623/395 624/624/242 629/629/243
f 629/629/243 625/625/396 623/623/395
f 629/629/243 624/624/242 628/628/250
f 630/630/244 621/621/394 625/625/396
f 629/629/243 630/630/244 625/625/396
f 630/630/244 626/626/397 621/621/394
f 629/629/243 628/628/250 631/631/251
f 631/631/251 628/628/250 568/568/378
f 631/631/251 630/630/244 629/629/243
f 627/627/310 626/626/397 632/632/398
f 627/627/310 632/632/398 633/633/306
f 634/634/252 626/626/397 630/630/244
f 631/631/251 634/634/252 630/630/244
f 634/634/252 632/632/398 626/626/397
f 631/631/251 568/568/378 635/635/399
f 635/635/399 634/634/252 631/631/251
f 635/635/399 568/568/378 562/562/266
f 633/633/306 632/632/398 636/636/400
f 633/633/306 636/636/400 637/637/303
f 638/638/349 632/632/398 634/634/252
f 635/635/399 638/638/349 634/634/252
f 638/638/349 636/636/400 632/632/398
f 635/635/399 562/562/266 639/639/265
f 639/639/265 638/638/349 635/635/399
f 639/639/265 562/562/266 547/547/272
f 637/637/303 636/636/400 640/640/401
f 637/637/303 640/640/401 641/641/300
f 642/642/264 636/636/400 638/638/349
f 639/639/265 642/642/264 638/638/349
f 642/642/264 640/640/401 636/636/400
f 639/639/265 547/547/272 643/643/271
f 643/643/271 642/642/264 639/639/265
f 643/643/271 547/547/272 537/537/307
f 643/643/271 537/537/307 644/644/384
f 643/643/271 645/645/270 642/642/264
f 644/644/384 645/645/270 643/643/271
f 645/645/270 640/640/401 642/642/264
f 644/644/384 646/646/385 645/645/270
f 641/641/300 640/640/401 647/647/402
f 645/645/270 647/647/402 640/640/401
f 646/646/385 647/647/402 645/645/270
f 641/641/300 647/647/402 648/648/296
f 646/646/385 649/649/387 647/647/402
f 648/648/296 647/647/402 649/649/387
f 648/648/296 649/649/387 650/650/297
f 651/651/403 652/652/404 653/653/405
f 651/651/403 653/653/405 654/654/406
f 655/655/407 651/651/403 654/654/406
f 654/654/406 653/653/405 656/656/408
f 655/655/407 654/654/406 657/657/409
f 658/658/410 655/655/407 657/657/409
f 654/654/406 656/656/408 659/659/411
f 657/657/409 654/654/406 659/659/411
f 659/659/411 656/656/408 660/660/412
f 658/658/410 657/657/409 661/661/413
f 661/661/413 662/662/414 658/658/410
f 659/659/411 660/660/412 663/663/415
f 663/663/415 660/660/412 664/664/416
f 657/657/409 659/659/411 665/665/417
f 661/661/413 657/657/409 665/665/417
f 665/665/417 659/659/411 663/663/415
f 663/663/415 664/664/416 666/666/418
f 666/666/418 664/664/416 667/667/419
f 665/665/417 663/663/415 668/668/420
f 668/668/420 663/663/415 666/666/418
f 661/661/413 665/665/417 669/669/421
f 669/669/421 665/665/417 668/668/420
f 661/661/413 670/670/422 662/662/414
f 669/669/421 670/670/422 661/661/413
f 666/666/418 667/667/419 671/671/423
f 671/671/423 667/667/419 672/672/424
f 668/668/420 666/666/418 673/673/425
f 673/673/425 666/666/418 671/671/423
f 669/669/421 668/668/420 674/674/426
f 674/674/426 668/668/420 673/673/425
f 671/671/423 672/672/424 675/675/427
f 675/675/427 672/672/424 676/676/428
f 673/673/425 671/671/423 677/677/429
f 677/677/429 671/671/423 675/675/427
f 675/675/427 676/676/428 678/678/430
f 678/678/430 676/676/428 679/679/431
f 680/680/432 662/662/414 670/670/422
f 680/680/432 681/681/433 662/662/414
f 669/669/421 682/682/434 670/670/422
f 674/674/426 682/682/434 669/669/421
f 674/674/426 673/673/425 683/683/435
f 683/683/435 673/673/425 677/677/429
f 677/677/429 675/675/427 684/684/436
f 684/684/436 675/675/427 678/678/430
f 678/678/430 679/679/431 685/685/437
f 685/685/437 679/679/431 686/686/438
f 681/681/433 680/680/432 687/687/439
f 681/681/433 687/687/439 688/688/440
f 674/674/426 689/689/441 682/682/434
f 683/683/435 689/689/441 674/674/426
f 683/683/435 677/677/429 690/690/442
f 690/690/442 677/677/429 684/684/436
f 684/684/436 678/678/430 691/691/443
f 691/691/443 678/678/430 685/685/437
f 685/685/437 686/686/438 692/692/444
f 692/692/444 686/686/438 693/693/445
f 688/688/440 687/687/439 694/694/446
f 688/688/440 694/694/446 695/695/447
f 695/695/447 694/694/446 696/696/448
f 695/695/447 696/696/448 697/697/449
f 694/694/446 698/698/450 696/696/448
f 694/694/446 699/699/451 698/698/450
f 687/687/439 699/699/451 694/694/446
f 699/699/451 700/700/452 698/698/450
f 687/687/439 701/701/453 699/699/451
f 680/680/432 701/701/453 687/687/439
f 699/699/451 702/702/454 700/700/452
f 701/701/453 702/702/454 699/699/451
f 702/702/454 703/703/455 700/700/452
f 680/680/432 704/704/456 701/701/453
f 704/704/456 680/680/432 670/670/422
f 704/704/456 670/670/422 682/682/434
f 701/701/453 705/705/457 702/702/454
f 704/704/456 705/705/457 701/701/453
f 702/702/454 706/706/458 703/703/455
f 705/705/457 706/706/458 702/702/454
f 706/706/458 707/707/459 703/703/455
f 708/708/460 704/704/456 682/682/434
f 704/704/456 708/708/460 705/705/457
f 708/708/460 682/682/434 689/689/441
f 706/706/458 709/709/461 707/707/459
f 709/709/461 710/710/462 707/707/459
f 705/705/457 711/711/463 706/706/458
f 708/708/460 711/711/463 705/705/457
f 711/711/463 709/709/461 706/706/458
f 712/712/464 708/708/460 689/689/441
f 708/708/460 712/712/464 711/711/463
f 709/709/461 713/713/465 710/710/462
f 713/713/465 714/714/466 710/710/462
f 711/711/463 715/715/467 709/709/461
f 712/712/464 715/715/467 711/711/463
f 715/715/467 713/713/465 709/709/461
f 712/712/464 689/689/441 716/716/468
f 683/683/435 716/716/468 689/689/441
f 690/690/442 716/716/468 683/683/435
f 713/713/465 717/717/469 714/714/466
f 717/717/469 718/718/470 714/714/466
f 715/715/467 719/719/471 713/713/465
f 719/719/471 717/717/469 713/713/465
f 712/712/464 720/720/472 715/715/467
f 720/720/472 712/712/464 716/716/468
f 720/720/472 719/719/471 715/715/467
f 690/690/442 721/721/473 716/716/468
f 720/720/472 716/716/468 721/721/473
f 717/717/469 722/722/474 718/718/470
f 722/722/474 723/723/475 718/718/470
f 720/720/472 724/724/476 719/719/471
f 724/724/476 720/720/472 721/721/473
f 719/719/471 725/725/477 717/717/469
f 725/725/477 722/722/474 717/717/469
f 724/724/476 725/725/477 719/719/471
f 726/726/478 721/721/473 690/690/442
f 690/690/442 684/684/436 726/726/478
f 726/726/478 684/684/436 691/691/443
f 722/722/474 727/727/479 723/723/475
f 727/727/479 728/728/480 723/723/475
f 724/724/476 721/721/473 729/729/481
f 726/726/478 729/729/481 721/721/473
f 724/724/476 730/730/482 725/725/477
f 730/730/482 724/724/476 729/729/481
f 725/725/477 731/731/483 722/722/474
f 731/731/483 727/727/479 722/722/474
f 730/730/482 731/731/483 725/725/477
f 726/726/478 691/691/443 732/732/484
f 732/732/484 729/729/481 726/726/478
f 727/727/479 733/733/485 728/728/480
f 733/733/485 734/734/486 728/728/480
f 730/730/482 729/729/481 735/735/487
f 732/732/484 735/735/487 729/729/481
f 730/730/482 736/736/488 731/731/483
f 736/736/488 730/730/482 735/735/487
f 731/731/483 737/737/489 727/727/479
f 737/737/489 733/733/485 727/727/479
f 736/736/488 737/737/489 731/731/483
f 732/732/484 691/691/443 738/738/490
f 691/691/443 685/685/437 738/738/490
f 738/738/490 685/685/437 692/692/444
f 733/733/485 739/739/491 734/734/486
f 739/739/491 740/740/449 734/734/486
f 739/739/491 741/741/447 740/740/449
f 742/742/492 735/735/487 732/732/484
f 732/732/484 738/738/490 742/742/492
f 736/736/488 735/735/487 743/743/493
f 742/742/492 743/743/493 735/735/487
f 737/737/489 744/744/494 733/733/485
f 744/744/494 739/739/491 733/733/485
f 745/745/495 741/741/447 739/739/491
f 744/744/494 745/745/495 739/739/491
f 745/745/495 746/746/440 741/741/447
f 736/736/488 747/747/496 737/737/489
f 747/747/496 744/744/494 737/737/489
f 747/747/496 736/736/488 743/743/493
f 742/742/492 738/738/490 748/748/497
f 738/738/490 692/692/444 748/748/497
f 749/749/498 746/746/440 745/745/495
f 749/749/498 750/750/433 746/746/440
f 751/751/499 745/745/495 744/744/494
f 747/747/496 751/751/499 744/744/494
f 751/751/499 749/749/498 745/745/495
f 752/752/500 743/743/493 742/742/492
f 742/742/492 748/748/497 752/752/500
f 747/747/496 743/743/493 753/753/501
f 751/751/499 747/747/496 753/753/501
f 752/752/500 753/753/501 743/743/493
f 748/748/497 692/692/444 754/754/502
f 692/692/444 693/693/445 754/754/502
f 754/754/502 693/693/445 755/755/503
f 750/750/433 749/749/498 756/756/504
f 750/750/433 756/756/504 757/757/414
f 758/758/410 757/757/414 756/756/504
f 749/749/498 751/751/499 759/759/505
f 751/751/499 753/753/501 759/759/505
f 749/749/498 759/759/505 756/756/504
f 758/758/410 756/756/504 760/760/506
f 760/760/506 756/756/504 759/759/505
f 760/760/506 761/761/407 758/758/410
f 762/762/507 759/759/505 753/753/501
f 760/760/506 759/759/505 762/762/507
f 762/762/507 753/753/501 752/752/500
f 760/760/506 763/763/508 761/761/407
f 762/762/507 763/763/508 760/760/506
f 763/763/508 764/764/403 761/761/407
f 752/752/500 765/765/509 762/762/507
f 762/762/507 765/765/509 763/763/508
f 752/752/500 748/748/497 765/765/509
f 748/748/497 754/754/502 765/765/509
f 763/763/508 766/766/510 764/764/403
f 765/765/509 766/766/510 763/763/508
f 765/765/509 754/754/502 766/766/510
f 766/766/510 767/767/404 764/764/403
f 754/754/502 755/755/503 766/766/510
f 766/766/510 755/755/503 767/767/404
f 768/768/511 769/769/512 770/770/513
f 768/768/511 770/770/513 771/771/514
f 772/772/515 768/768/511 771/771/514
f 771/771/514 770/770/513 773/773/516
f 772/772/515 771/771/514 774/774/517
f 775/775/518 772/772/515 774/774/517
f 771/771/514 773/773/516 776/776/519
f 774/774/517 771/771/514 776/776/519
f 776/776/519 773/773/516 777/777/520
f 775/775/518 774/774/517 778/778/521
f 778/778/521 779/779/522 775/775/518
f 776/776/519 777/777/520 780/780/523
f 780/780/523 777/777/520 781/781/524
f 774/774/517 776/776/519 782/782/525
f 778/778/521 774/774/517 782/782/525
f 782/782/525 776/776/519 780/780/523
f 780/780/523 781/781/524 783/783/526
f 783/783/526 781/781/524 784/784/527
f 782/782/525 780/780/523 785/785/528
f 785/785/528 780/780/523 783/783/526
f 778/778/521 782/782/525 786/786/529
f 786/786/529 782/782/525 785/785/528
f 778/778/521 787/787/530 779/779/522
f 786/786/529 787/787/530 778/778/521
f 783/783/526 784/784/527 788/788/531
f 788/788/531 784/784/527 789/789/532
f 785/785/528 783/783/526 790/790/533
f 790/790/533 783/783/526 788/788/531
f 786/786/529 785/785/528 791/791/534
f 791/791/534 785/785/528 790/790/533
f 788/788/531 789/789/532 792/792/535
f 792/792/535 789/789/532 793/793/536
f 790/790/533 788/788/531 794/794/537
f 794/794/537 788/788/531 792/792/535
f 792/792/535 793/793/536 795/795/538
f 795/795/538 793/793/536 796/796/539
f 797/797/540 779/779/522 787/787/530
f 797/797/540 798/798/541 779/779/522
f 786/786/529 799/799/542 787/787/530
f 791/791/534 799/799/542 786/786/529
f 791/791/534 790/790/533 800/800/543
f 800/800/543 790/790/533 794/794/537
f 794/794/537 792/792/535 801/801/544
f 801/801/544 792/792/535 795/795/538
f 795/795/538 796/796/539 802/802/545
f 802/802/545 796/796/539 803/803/546
f 798/798/541 797/797/540 804/804/547
f 798/798/541 804/804/547 805/805/548
f 791/791/534 806/806/549 799/799/542
f 800/800/543 806/806/549 791/791/534
f 800/800/543 794/794/537 807/807/550
f 807/807/550 794/794/537 801/801/544
f 801/801/544 795/795/538 808/808/551
f 808/808/551 795/795/538 802/802/545
f 802/802/545 803/803/546 809/809/552
f 809/809/552 803/803/546 810/810/553
f 805/805/548 804/804/547 811/811/554
f 805/805/548 811/811/554 812/812/555
f 812/812/555 811/811/554 813/813/556
f 812/812/555 813/813/556 814/814/557
f 811/811/554 815/815/558 813/813/556
f 811/811/554 816/816/559 815/815/558
f 804/804/547 816/816/559 811/811/554
f 816/816/559 817/817/560 815/815/558
f 804/804/547 818/818/561 816/816/559
f 797/797/540 818/818/561 804/804/547
f 816/816/559 819/819/562 817/817/560
f 818/818/561 819/819/562 816/816/559
f 819/819/562 820/820/563 817/817/560
f 797/797/540 821/821/564 818/818/561
f 821/821/564 797/797/540 787/787/530
f 821/821/564 787/787/530 799/799/542
f 818/818/561 822/822/565 819/819/562
f 821/821/564 822/822/565 818/818/561
f 819/819/562 823/823/566 820/820/563
f 822/822/565 823/823/566 819/819/562
f 823/823/566 824/824/567 820/820/563
f 825/825/568 821/821/564 799/799/542
f 821/821/564 825/825/568 822/822/565
f 825/825/568 799/799/542 806/806/549
f 823/823/566 826/826/569 824/824/567
f 826/826/569 827/827/570 824/824/567
f 822/822/565 828/828/571 823/823/566
f 825/825/568 828/828/571 822/822/565
f 828/828/571 826/826/569 823/823/566
f 829/829/572 825/825/568 806/806/549
f 825/825/568 829/829/572 828/828/571
f 826/826/569 830/830/573 827/827/570
f 830/830/573 831/831/574 827/827/570
f 828/828/571 832/832/575 826/826/569
f 829/829/572 832/832/575 828/828/571
f 832/832/575 830/830/573 826/826/569
f 829/829/572 806/806/549 833/833/576
f 800/800/543 833/833/576 806/806/549
f 807/807/550 833/833/576 800/800/543
f 830/830/573 834/834/577 831/831/574
f 834/834/577 835/835/578 831/831/574
f 832/832/575 836/836/579 830/830/573
f 836/836/579 834/834/577 830/830/573
f 829/829/572 837/837/580 832/832/575
f 837/837/580 829/829/572 833/833/576
f 837/837/580 836/836/579 832/832/575
f 807/807/550 838/838/581 833/833/576
f 837/837/580 833/833/576 838/838/581
f 834/834/577 839/839/582 835/835/578
f 839/839/582 840/840/583 835/835/578
f 837/837/580 841/841/584 836/836/579
f 841/841/584 837/837/580 838/838/581
f 836/836/579 842/842/585 834/834/577
f 842/842/585 839/839/582 834/834/577
f 841/841/584 842/842/585 836/836/579
f 843/843/586 838/838/581 807/807/550
f 807/807/550 801/801/544 843/843/586
f 843/843/586 801/801/544 808/808/551
f 839/839/582 844/844/587 840/840/583
f 844/844/587 845/845/588 840/840/583
f 841/841/584 838/838/581 846/846/589
f 843/843/586 846/846/589 838/838/581
f 841/841/584 847/847/590 842/842/585
f 847/847/590 841/841/584 846/846/589
f 842/842/585 848/848/591 839/839/582
f 848/848/591 844/844/587 839/839/582
f 847/847/590 848/848/591 842/842/585
f 843/843/586 808/808/551 849/849/592
f 849/849/592 846/846/589 843/843/586
f 844/844/587 850/850/593 845/845/588
f 850/850/593 851/851/594 845/845/588
f 847/847/590 846/846/589 852/852/595
f 849/849/592 852/852/595 846/846/589
f 847/847/590 853/853/596 848/848/591
f 853/853/596 847/847/590 852/852/595
f 848/848/591 854/854/597 844/844/587
f 854/854/597 850/850/593 844/844/587
f 853/853/596 854/854/597 848/848/591
f 849/849/592 808/808/551 855/855/598
f 808/808/551 802/802/545 855/855/598
f 855/855/598 802/802/545 809/809/552
f 850/850/593 856/856/599 851/851/594
f 856/856/599 857/857/557 851/851/594
f 856/856/599 858/858/555 857/857/557
f 859/859/600 852/852/595 849/849/592
f 849/849/592 855/855/598 859/859/600
f 853/853/596 852/852/595 860/860/601
f 859/859/600 860/860/601 852/852/595
f 854/854/597 861/861/602 850/850/593
f 861/861/602 856/856/599 850/850/593
f 862/862/603 858/858/555 856/856/599
f 861/861/602 862/862/603 856/856/599
f 862/862/603 863/863/548 858/858/555
f 853/853/596 864/864/604 854/854/597
f 864/864/604 861/861/602 854/854/597
f 864/864/604 853/853/596 860/860/601
f 859/859/600 855/855/598 865/865/605
f 855/855/598 809/809/552 865/865/605
f 866/866/606 863/863/548 862/862/603
f 866/866/606 867/867/541 863/863/548
f 868/868/607 862/862/603 861/861/602
f 864/864/604 868/868/607 861/861/602
f 868/868/607 866/866/606 862/862/603
f 869/869/608 860/860/601 859/859/600
f 859/859/600 865/865/605 869/869/608
f 864/864/604 860/860/601 870/870/609
f 868/868/607 864/864/604 870/870/609
f 869/869/608 870/870/609 860/860/601
f 865/865/605 809/809/552 871/871/610
f 809/809/552 810/810/553 871/871/610
f 871/871/610 810/810/553 872/872/611
f 867/867/541 866/866/606 873/873/612
f 867/867/541 873/873/612 874/874/522
f 875/875/518 874/874/522 873/873/612
f 866/866/606 868/868/607 876/876/613
f 868/868/607 870/870/609 876/876/613
f 866/866/606 876/876/613 873/873/612
f 875/875/518 873/873/612 877/877/614
f 877/877/614 873/873/612 876/876/613
f 877/877/614 878/878/515 875/875/518
f 879/879/615 876/876/613 870/870/609
f 877/877/614 876/876/613 879/879/615
f 879/879/615 870/870/609 869/869/608
f 877/877/614 880/880/616 878/878/515
f 879/879/615 880/880/616 877/877/614
f 880/880/616 881/881/511 878/878/515
f 869/869/608 882/882/617 879/879/615
f 879/879/615 882/882/617 880/880/616
f 869/869/608 865/865/605 882/882/617
f 865/865/605 871/871/610 882/882/617
f 880/880/616 883/883/618 881/881/511
f 882/882/617 883/883/618 880/880/616
f 882/882/617 871/871/610 883/883/618
f 883/883/618 884/884/512 881/881/511
f 871/871/610 872/872/611 883/883/618
f 883/883/618 872/872/611 884/884/512
f 885/885/619 886/886/620 887/887/621
f 885/885/619 887/887/621 888/888/622
f 889/889/623 885/885/619 888/888/622
f 888/888/622 887/887/621 890/890/624
f 889/889/623 888/888/622 891/891/625
f 892/892/626 889/889/623 891/891/625
f 888/888/622 890/890/624 893/893/627
f 891/891/625 888/888/622 893/893/627
f 893/893/627 890/890/624 894/894/628
f 892/892/626 891/891/625 895/895/629
f 895/895/629 896/896/630 892/892/626
f 893/893/627 894/894/628 897/897/631
f 897/897/631 894/894/628 898/898/632
f 891/891/625 893/893/627 899/899/633
f 895/895/629 891/891/625 899/899/633
f 899/899/633 893/893/627 897/897/631
f 897/897/631 898/898/632 900/900/634
f 900/900/634 898/898/632 901/901/635
f 899/899/633 897/897/631 902/902/636
f 902/902/636 897/897/631 900/900/634
f 895/895/629 899/899/633 903/903/637
f 903/903/637 899/899/633 902/902/636
f 895/895/629 904/904/638 896/896/630
f 903/903/637 904/904/638 895/895/629
f 900/900/634 901/901/635 905/905/639
f 905/905/639 901/901/635 906/906/640
f 902/902/636 900/900/634 907/907/641
f 907/907/641 900/900/634 905/905/639
f 903/903/637 902/902/636 908/908/642
f 908/908/642 902/902/636 907/907/641
f 905/905/639 906/906/640 909/909/643
f 909/909/643 906/906/640 910/910/644
f 907/907/641 905/905/639 911/911/645
f 911/911/645 905/905/639 909/909/643
f 909/909/643 910/910/644 912/912/646
f 912/912/646 910/910/644 913/913/647
f 914/914/648 896/896/630 904/904/638
f 914/914/648 915/915/649 896/896/630
f 903/903/637 916/916/650 904/904/638
f 908/908/642 916/916/650 903/903/637
f 908/908/642 907/907/641 917/917/651
f 917/917/651 907/907/641 911/911/645
f 911/911/645 909/909/643 918/918/652
f 918/918/652 909/909/643 912/912/646
f 912/912/646 913/913/647 919/919/653
f 919/919/653 913/913/647 920/920/654
f 915/915/649 914/914/648 921/921/655
f 915/915/649 921/921/655 922/922/656
f 908/908/642 923/923/657 916/916/650
f 917/917/651 923/923/657 908/908/642
f 917/917/651 911/911/645 924/924/658
f 924/924/658 911/911/645 918/918/652
f 918/918/652 912/912/646 925/925/659
f 925/925/659 912/912/646 919/919/653
f 919/919/653 920/920/654 926/926/660
f 926/926/660 920/920/654 927/927/661
f 922/922/656 921/921/655 928/928/662
f 922/922/656 928/928/662 929/929/663
f 929/929/663 928/928/662 930/930/664
f 929/929/663 930/930/664 931/931/665
f 928/928/662 932/932/666 930/930/664
f 928/928/662 933/933/667 932/932/666
f 921/921/655 933/933/667 928/928/662
f 933/933/667 934/934/668 932/932/666
f 921/921/655 935/935/669 933/933/667
f 914/914/648 935/935/669 921/921/655
f 933/933/667 936/936/670 934/934/668
f 935/935/669 936/936/670 933/933/667
f 936/936/670 937/937/671 934/934/668
f 914/914/648 938/938/672 935/935/669
f 938/938/672 914/914/648 904/904/638
f 938/938/672 904/904/638 916/916/650
f 935/935/669 939/939/673 936/936/670
f 938/938/672 939/939/673 935/935/669
f 936/936/670 940/940/674 937/937/671
f 939/939/673 940/940/674 936/936/670
f 940/940/674 941/941/675 937/937/671
f 942/942/676 938/938/672 916/916/650
f 938/938/672 942/942/676 939/939/673
f 942/942/676 916/916/650 923/923/657
f 940/940/674 943/943/677 941/941/675
f 943/943/677 944/944/678 941/941/675
f 939/939/673 945/945/679 940/940/674
f 942/942/676 945/945/679 939/939/673
f 945/945/679 943/943/677 940/940/674
f 946/946/680 942/942/676 923/923/657
f 942/942/676 946/946/680 945/945/679
f 943/943/677 947/947/681 944/944/678
f 947/947/681 948/948/682 944/944/678
f 945/945/679 949/949/683 943/943/677
f 946/946/680 949/949/683 945/945/679
f 949/949/683 947/947/681 943/943/677
f 946/946/680 923/923/657 950/950/684
f 917/917/651 950/950/684 923/923/657
f 924/924/658 950/950/684 917/917/651
f 947/947/681 951/951/685 948/948/682
f 951/951/685 952/952/686 948/948/682
f 949/949/683 953/953/687 947/947/681
f 953/953/687 951/951/685 947/947/681
f 946/946/680 954/954/688 949/949/683
f 954/954/688 946/946/680 950/950/684
f 954/954/688 953/953/687 949/949/683
f 924/924/658 955/955/689 950/950/684
f 954/954/688 950/950/684 955/955/689
f 951/951/685 956/956/690 952/952/686
f 956/956/690 957/957/691 952/952/686
f 954/954/688 958/958/692 953/953/687
f 958/958/692 954/954/688 955/955/689
f 953/953/687 959/959/693 951/951/685
f 959/959/693 956/956/690 951/951/685
f 958/958/692 959/959/693 953/953/687
f 960/960/694 955/955/689 924/924/658
f 924/924/658 918/918/652 960/960/694
f 960/960/694 918/918/652 925/925/659
f 956/956/690 961/961/695 957/957/691
f 961/961/695 962/962/696 957/957/691
f 958/958/692 955/955/689 963/963/697
f 960/960/694 963/963/697 955/955/689
f 958/958/692 964/964/698 959/959/693
f 964/964/698 958/958/692 963/963/697
f 959/959/693 965/965/699 956/956/690
f 965/965/699 961/961/695 956/956/690
f 964/964/698 965/965/699 959/959/693
f 960/960/694 925/925/659 966/966/700
f 966/966/700 963/963/697 960/960/694
f 961/961/695 967/967/701 962/962/696
f 967/967/701 968/968/702 962/962/696
f 964/964/698 963/963/697 969/969/703
f 966/966/700 969/969/703 963/963/697
f 964/964/698 970/970/704 965/965/699
f 970/970/704 964/964/698 969/969/703
f 965/965/699 971/971/705 961/961/695
f 971/971/705 967/967/701 961/961/695
f 970/970/704 971/971/705 965/965/699
f 966/966/700 925/925/659 972/972/706
f 925/925/659 919/919/653 972/972/706
f 972/972/706 919/919/653 926/926/660
f 967/967/701 973/973/707 968/968/702
f 973/973/707 974/974/665 968/968/702
f 973/973/707 975/975/663 974/974/665
f 976/976/708 969/969/703 966/966/700
f 966/966/700 972/972/706 976/976/708
f 970/970/704 969/969/703 977/977/709
f 976/976/708 977/977/709 969/969/703
f 971/971/705 978/978/710 967/967/701
f 978/978/710 973/973/707 967/967/701
f 979/979/711 975/975/663 973/973/707
f 978/978/710 979/979/711 973/973/707
f 979/979/711 980/980/656 975/975/663
f 970/970/704 981/981/712 971/971/705
f 981/981/712 978/978/710 971/971/705
f 981/981/712 970/970/704 977/977/709
f 976/976/708 972/972/706 982/982/713
f 972/972/706 926/926/660 982/982/713
f 983/983/714 980/980/656 979/979/711
f 983/983/714 984/984/649 980/980/656
f 985/985/715 979/979/711 978/978/710
f 981/981/712 985/985/715 978/978/710
f 985/985/715 983/983/714 979/979/711
f 986/986/716 977/977/709 976/976/708
f 976/976/708 982/982/713 986/986/716
f 981/981/712 977/977/709 987/987/717
f 985/985/715 981/981/712 987/987/717
f 986/986/716 987/987/717 977/977/709
f 982/982/713 926/926/660 988/988/718
f 926/926/660 927/927/661 988/988/718
f 988/988/718 927/927/661 989/989/719
f 984/984/649 983/983/714 990/990/720
f 984/984/649 990/990/720 991/991/630
f 992/992/626 991/991/630 990/990/720
f 983/983/714 985/985/715 993/993/721
f 985/985/715 987/987/717 993/993/721
f 983/983/714 993/993/721 990/990/720
f 992/992/626 990/990/720 994/994/722
f 994/994/722 990/990/720 993/993/721
f 994/994/722 995/995/623 992/992/626
f 996/996/723 993/993/721 987/987/717
f 994/994/722 993/993/721 996/996/723
f 996/996/723 987/987/717 986/986/716
f 994/994/722 997/997/724 995/995/623
f 996/996/723 997/997/724 994/994/722
f 997/997/724 998/998/619 995/995/623
f 986/986/716 999/999/725 996/996/723
f 996/996/723 999/999/725 997/997/724
f 986/986/716 982/982/713 999/999/725
f 982/982/713 988/988/718 999/999/725
f 997/997/724 1000/1000/726 998/998/619
f 999/999/725 1000/1000/726 997/997/724
f 999/999/725 988/988/718 1000/1000/726
f 1000/1000/726 1001/1001/620 998/998/619
f 988/988/718 989/989/719 1000/1000/726
f 1000/1000/726 989/989/719 1001/1001/620
f 1002/1002/727 1003/1003/728 1004/1004/729
f 1002/1002/727 1004/1004/729 1005/1005/730
f 1006/1006/731 1002/1002/727 1005/1005/730
f 1005/1005/730 1004/1004/729 1007/1007/732
f 1006/1006/731 1005/1005/730 1008/1008/733
f 1009/1009/734 1006/1006/731 1008/1008/733
f 1005/1005/730 1007/1007/732 1010/1010/735
f 1008/1008/733 1005/1005/730 1010/1010/735
f 1010/1010/735 1007/1007/732 1011/1011/736
f 1009/1009/734 1008/1008/733 1012/1012/737
f 1012/1012/737 1013/1013/738 1009/1009/734
f 1010/1010/735 1011/1011/736 1014/1014/739
f 1014/1014/739 1011/1011/736 1015/1015/740
f 1008/1008/733 1010/1010/735 1016/1016/741
f 1012/1012/737 1008/1008/733 1016/1016/741
f 1016/1016/741 1010/1010/735 1014/1014/739
f 1014/1014/739 1015/1015/740 1017/1017/742
f 1017/1017/742 1015/1015/740 1018/1018/743
f 1016/1016/741 1014/1014/739 1019/1019/744
f 1019/1019/744 1014/1014/739 1017/1017/742
f 1012/1012/737 1016/1016/741 1020/1020/745
f 1020/1020/745 1016/1016/741 1019/1019/744
f 1012/1012/737 1021/1021/746 1013/1013/738
f 1020/1020/745 1021/1021/746 1012/1012/737
f 1017/1017/742 1018/1018/743 1022/1022/747
f 1022/1022/747 1018/1018/743 1023/1023/748
f 1019/1019/744 1017/1017/742 1024/1024/749
f 1024/1024/749 1017/1017/742 1022/1022/747
f 1020/1020/745 1019/1019/744 1025/1025/750
f 1025/1025/750 1019/1019/744 1024/1024/749
f 1022/1022/747 1023/1023/748 1026/1026/751
f 1026/1026/751 1023/1023/748 1027/1027/752
f 1024/1024/749 1022/1022/747 1028/1028/753
f 1028/1028/753 1022/1022/747 1026/1026/751
f 1026/1026/751 1027/1027/752 1029/1029/754
f 1029/1029/754 1027/1027/752 1030/1030/755
f 1031/1031/756 1013/1013/738 1021/1021/746
f 1031/1031/756 1032/1032/757 1013/1013/738
f 1020/1020/745 1033/1033/758 1021/1021/746
f 1025/1025/750 1033/1033/758 1020/1020/745
f 1025/1025/750 1024/1024/749 1034/1034/759
f 1034/1034/759 1024/1024/749 1028/1028/753
f 1028/1028/753 1026/1026/751 1035/1035/760
f 1035/1035/760 1026/1026/751 1029/1029/754
f 1029/1029/754 1030/1030/755 1036/1036/761
f 1036/1036/761 1030/1030/755 1037/1037/762
f 1032/1032/757 1031/1031/756 1038/1038/763
f 1032/1032/757 1038/1038/763 1039/1039/764
f 1025/1025/750 1040/1040/765 1033/1033/758
f 1034/1034/759 1040/1040/765 1025/1025/750
f 1034/1034/759 1028/1028/753 1041/1041/766
f 1041/1041/766 1028/1028/753 1035/1035/760
f 1035/1035/760 1029/1029/754 1042/1042/767
f 1042/1042/767 1029/1029/754 1036/1036/761
f 1036/1036/761 1037/1037/762 1043/1043/768
f 1043/1043/768 1037/1037/762 1044/1044/769
f 1039/1039/764 1038/1038/763 1045/1045/770
f 1039/1039/764 1045/1045/770 1046/1046/771
f 1046/1046/771 1045/1045/770 1047/1047/772
f 1046/1046/771 1047/1047/772 1048/1048/773
f 1045/1045/770 1049/1049/774 1047/1047/772
f 1045/1045/770 1050/1050/775 1049/1049/774
f 1038/1038/763 1050/1050/775 1045/1045/770
f 1050/1050/775 1051/1051/776 1049/1049/774
f 1038/1038/763 1052/1052/777 1050/1050/775
f 1031/1031/756 1052/1052/777 1038/1038/763
f 1050/1050/775 1053/1053/778 1051/1051/776
f 1052/1052/777 1053/1053/778 1050/1050/775
f 1053/1053/778 1054/1054/779 1051/1051/776
f 1031/1031/756 1055/1055/780 1052/1052/777
f 1055/1055/780 1031/1031/756 1021/1021/746
f 1055/1055/780 1021/1021/746 1033/1033/758
f 1052/1052/777 1056/1056/781 1053/1053/778
f 1055/1055/780 1056/1056/781 1052/1052/777
f 1053/1053/778 1057/1057/782 1054/1054/779
f 1056/1056/781 1057/1057/782 1053/1053/778
f 1057/1057/782 1058/1058/783 1054/1054/779
f 1059/1059/784 1055/1055/780 1033/1033/758
f 1055/1055/780 1059/1059/784 1056/1056/781
f 1059/1059/784 1033/1033/758 1040/1040/765
f 1057/1057/782 1060/1060/785 1058/1058/783
f 1060/1060/785 1061/1061/786 1058/1058/783
f 1056/1056/781 1062/1062/787 1057/1057/782
f 1059/1059/784 1062/1062/787 1056/1056/781
f 1062/1062/787 1060/1060/785 1057/1057/782
f 1063/1063/788 1059/1059/784 1040/1040/765
f 1059/1059/784 1063/1063/788 1062/1062/787
f 1060/1060/785 1064/1064/789 1061/1061/786
f 1064/1064/789 1065/1065/790 1061/1061/786
f 1062/1062/787 1066/1066/791 1060/1060/785
f 1063/1063/788 1066/1066/791 1062/1062/787
f 1066/1066/791 1064/1064/789 1060/1060/785
f 1063/1063/788 1040/1040/765 1067/1067/792
f 1034/1034/759 1067/1067/792 1040/1040/765
f 1041/1041/766 1067/1067/792 1034/1034/759
f 1064/1064/789 1068/1068/793 1065/1065/790
f 1068/1068/793 1069/1069/794 1065/1065/790
f 1066/1066/791 1070/1070/795 1064/1064/789
f 1070/1070/795 1068/1068/793 1064/1064/789
f 1063/1063/788 1071/1071/796 1066/1066/791
f 1071/1071/796 1063/1063/788 1067/1067/792
f 1071/1071/796 1070/1070/795 1066/1066/791
f 1041/1041/766 1072/1072/797 1067/1067/792
f 1071/1071/796 1067/1067/792 1072/1072/797
f 1068/1068/793 1073/1073/798 1069/1069/794
f 1073/1073/798 1074/1074/799 1069/1069/794
f 1071/1071/796 1075/1075/800 1070/1070/795
f 1075/1075/800 1071/1071/796 1072/1072/797
f 1070/1070/795 1076/1076/801 1068/1068/793
f 1076/1076/801 1073/1073/798 1068/1068/793
f 1075/1075/800 1076/1076/801 1070/1070/795
f 1077/1077/802 1072/1072/797 1041/1041/766
f 1041/1041/766 1035/1035/760 1077/1077/802
f 1077/1077/802 1035/1035/760 1042/1042/767
f 1073/1073/798 1078/1078/803 1074/1074/799
f 1078/1078/803 1079/1079/804 1074/1074/799
f 1075/1075/800 1072/1072/797 1080/1080/805
f 1077/1077/802 1080/1080/805 1072/1072/797
f 1075/1075/800 1081/1081/806 1076/1076/801
f 1081/1081/806 1075/1075/800 1080/1080/805
f 1076/1076/801 1082/1082/807 1073/1073/798
f 1082/1082/807 1078/1078/803 1073/1073/798
f 1081/1081/806 1082/1082/807 1076/1076/801
f 1077/1077/802 1042/1042/767 1083/1083/808
f 1083/1083/808 1080/1080/805 1077/1077/802
f 1078/1078/803 1084/1084/809 1079/1079/804
f 1084/1084/809 1085/1085/810 1079/1079/804
f 1081/1081/806 1080/1080/805 1086/1086/811
f 1083/1083/808 1086/1086/811 1080/1080/805
f 1081/1081/806 1087/1087/812 1082/1082/807
f 1087/1087/812 1081/1081/806 1086/1086/811
f 1082/1082/807 1088/1088/813 1078/1078/803
f 1088/1088/813 1084/1084/809 1078/1078/803
f 1087/1087/812 1088/1088/813 1082/1082/807
f 1083/1083/808 1042/1042/767 1089/1089/814
f 1042/1042/767 1036/1036/761 1089/1089/814
f 1089/1089/814 1036/1036/761 1043/1043/768
f 1084/1084/809 1090/1090/815 1085/1085/810
f 1090/1090/815 1091/1091/773 1085/1085/810
f 1090/1090/815 1092/1092/771 1091/1091/773
f 1093/1093/816 1086/1086/811 1083/1083/808
f 1083/1083/808 1089/1089/814 1093/1093/816
f 1087/1087/812 1086/1086/811 1094/1094/817
f 1093/1093/816 1094/1094/817 1086/1086/811
f 1088/1088/813 1095/1095/818 1084/1084/809
f 1095/1095/818 1090/1090/815 1084/1084/809
f 1096/1096/819 1092/1092/771 1090/1090/815
f 1095/1095/818 1096/1096/819 1090/1090/815
f 1096/1096/819 1097/1097/764 1092/1092/771
f 1087/1087/812 1098/1098/820 1088/1088/813
f 1098/1098/820 1095/1095/818 1088/1088/813
f 1098/1098/820 1087/1087/812 1094/1094/817
f 1093/1093/816 1089/1089/814 1099/1099/821
f 1089/1089/814 1043/1043/768 1099/1099/821
f 1100/1100/822 1097/1097/764 1096/1096/819
f 1100/1100/822 1101/1101/757 1097/1097/764
f 1102/1102/823 1096/1096/819 1095/1095/818
f 1098/1098/820 1102/1102/823 1095/1095/818
f 1102/1102/823 1100/1100/822 1096/1096/819
f 1103/1103/824 1094/1094/817 1093/1093/816
f 1093/1093/816 1099/1099/821 1103/1103/824
f 1098/1098/820 1094/1094/817 1104/1104/825
f 1102/1102/823 1098/1098/820 1104/1104/825
f 1103/1103/824 1104/1104/825 1094/1094/817
f 1099/1099/821 1043/1043/768 1105/1105/826
f 1043/1043/768 1044/1044/769 1105/1105/826
f 1105/1105/826 1044/1044/769 1106/1106/827
f 1101/1101/757 1100/1100/822 1107/1107/828
f 1101/1101/757 1107/1107/828 1108/1108/738
f 1109/1109/734 1108/1108/738 1107/1107/828
f 1100/1100/822 1102/1102/823 1110/1110/829
f 1102/1102/823 1104/1104/825 1110/1110/829
f 1100/1100/822 1110/1110/829 1107/1107/828
f 1109/1109/734 1107/1107/828 1111/1111/830
f 1111/1111/830 1107/1107/828 1110/1110/829
f 1111/1111/830 1112/1112/731 1109/1109/734
f 1113/1113/831 1110/1110/829 1104/1104/825
f 1111/1111/830 1110/1110/829 1113/1113/831
f 1113/1113/831 1104/1104/825 1103/1103/824
f 1111/1111/830 1114/1114/832 1112/1112/731
f 1113/1113/831 1114/1114/832 1111/1111/830
f 1114/1114/832 1115/1115/727 1112/1112/731
f 1103/1103/824 1116/1116/833 1113/1113/831
f 1113/1113/831 1116/1116/833 1114/1114/832
f 1103/1103/824 1099/1099/821 1116/1116/833
f 1099/1099/821 1105/1105/826 1116/1116/833
f 1114/1114/832 1117/1117/834 1115/1115/727
f 1116/1116/833 1117/1117/834 1114/1114/832
f 1116/1116/833 1105/1105/826 1117/1117/834
f 1117/1117/834 1118/1118/728 1115/1115/727
f 1105/1105/826 1106/1106/827 1117/1117/834
f 1117/1117/834 1106/1106/827 1118/1118/728
f 1119/1119/835 1120/1120/836 1121/1121/837
f 1119/1119/835 1121/1121/837 1122/1122/838
f 1123/1123/839 1119/1119/835 1122/1122/838
f 1122/1122/838 1121/1121/837 1124/1124/840
f 1123/1123/839 1122/1122/838 1125/1125/841
f 1126/1126/842 1123/1123/839 1125/1125/841
f 1122/1122/838 1124/1124/840 1127/1127/843
f 1125/1125/841 1122/1122/838 1127/1127/843
f 1127/1127/843 1124/1124/840 1128/1128/844
f 1126/1126/842 1125/1125/841 1129/1129/845
f 1129/1129/845 1130/1130/846 1126/1126/842
f 1127/1127/843 1128/1128/844 1131/1131/847
f 1131/1131/847 1128/1128/844 1132/1132/848
f 1125/1125/841 1127/1127/843 1133/1133/849
f 1129/1129/845 1125/1125/841 1133/1133/849
f 1133/1133/849 1127/1127/843 1131/1131/847
f 1131/1131/847 1132/1132/848 1134/1134/850
f 1134/1134/850 1132/1132/848 1135/1135/851
f 1133/1133/849 1131/1131/847 1136/1136/852
f 1136/1136/852 1131/1131/847 1134/1134/850
f 1129/1129/845 1133/1133/849 1137/1137/853
f 1137/1137/853 1133/1133/849 1136/1136/852
f 1129/1129/845 1138/1138/854 1130/1130/846
f 1137/1137/853 1138/1138/854 1129/1129/845
f 1134/1134/850 1135/1135/851 1139/1139/855
f 1139/1139/855 1135/1135/851 1140/1140/856
f 1136/1136/852 1134/1134/850 1141/1141/857
f 1141/1141/857 1134/1134/850 1139/1139/855
f 1137/1137/853 1136/1136/852 1142/1142/858
f 1142/1142/858 1136/1136/852 1141/1141/857
f 1139/1139/855 1140/1140/856 1143/1143/859
f 1143/1143/859 1140/1140/856 1144/1144/860
f 1141/1141/857 1139/1139/855 1145/1145/861
f 1145/1145/861 1139/1139/855 1143/1143/859
f 1143/1143/859 1144/1144/860 1146/1146/862
f 1146/1146/862 1144/1144/860 1147/1147/863
f 1148/1148/864 1130/1130/846 1138/1138/854
f 1148/1148/864 1149/1149/865 1130/1130/846
f 1137/1137/853 1150/1150/866 1138/1138/854
f 1142/1142/858 1150/1150/866 1137/1137/853
f 1142/1142/858 1141/1141/857 1151/1151/867
f 1151/1151/867 1141/1141/857 1145/1145/861
f 1145/1145/861 1143/1143/859 1152/1152/868
f 1152/1152/868 1143/1143/859 1146/1146/862
f 1146/1146/862 1147/1147/863 1153/1153/869
f 1153/1153/869 1147/1147/863 1154/1154/870
f 1149/1149/865 1148/1148/864 1155/1155/871
f 1149/1149/865 1155/1155/871 1156/1156/872
f 1142/1142/858 1157/1157/873 1150/1150/866
f 1151/1151/867 1157/1157/873 1142/1142/858
f 1151/1151/867 1145/1145/861 1158/1158/874
f 1158/1158/874 1145/1145/861 1152/1152/868
f 1152/1152/868 1146/1146/862 1159/1159/875
f 1159/1159/875 1146/1146/862 1153/1153/869
f 1153/1153/869 1154/1154/870 1160/1160/876
f 1160/1160/876 1154/1154/870 1161/1161/877
f 1156/1156/872 1155/1155/871 1162/1162/878
f 1156/1156/872 1162/1162/878 1163/1163/879
f 1163/1163/879 1162/1162/878 1164/1164/880
f 1163/1163/879 1164/1164/880 1165/1165/881
f 1162/1162/878 1166/1166/882 1164/1164/880
f 1162/1162/878 1167/1167/883 1166/1166/882
f 1155/1155/871 1167/1167/883 1162/1162/878
f 1167/1167/883 1168/1168/884 1166/1166/882
f 1155/1155/871 1169/1169/885 1167/1167/883
f 1148/1148/864 1169/1169/885 1155/1155/871
f 1167/1167/883 1170/1170/886 1168/1168/884
f 1169/1169/885 1170/1170/886 1167/1167/883
f 1170/1170/886 1171/1171/887 1168/1168/884
f 1148/1148/864 1172/1172/888 1169/1169/885
f 1172/1172/888 1148/1148/864 1138/1138/854
f 1172/1172/888 1138/1138/854 1150/1150/866
f 1169/1169/885 1173/1173/889 1170/1170/886
f 1172/1172/888 1173/1173/889 1169/1169/885
f 1170/1170/886 1174/1174/890 1171/1171/887
f 1173/1173/889 1174/1174/890 1170/1170/886
f 1174/1174/890 1175/1175/891 1171/1171/887
f 1176/1176/892 1172/1172/888 1150/1150/866
f 1172/1172/888 1176/1176/892 1173/1173/889
f 1176/1176/892 1150/1150/866 1157/1157/873
f 1174/1174/890 1177/1177/893 1175/1175/891
f 1177/1177/893 1178/1178/894 1175/1175/891
f 1173/1173/889 1179/1179/895 1174/1174/890
f 1176/1176/892 1179/1179/895 1173/1173/889
f 1179/1179/895 1177/1177/893 1174/1174/890
f 1180/1180/896 1176/1176/892 1157/1157/873
f 1176/1176/892 1180/1180/896 1179/1179/895
f 1177/1177/893 1181/1181/897 1178/1178/894
f 1181/1181/897 1182/1182/898 1178/1178/894
f 1179/1179/895 1183/1183/899 1177/1177/893
f 1180/1180/896 1183/1183/899 1179/1179/895
f 1183/1183/899 1181/1181/897 1177/1177/893
f 1180/1180/896 1157/1157/873 1184/1184/900
f 1151/1151/867 1184/1184/900 1157/1157/873
f 1158/1158/874 1184/1184/900 1151/1151/867
f 1181/1181/897 1185/1185/901 1182/1182/898
f 1185/1185/901 1186/1186/902 1182/1182/898
f 1183/1183/899 1187/1187/903 1181/1181/897
f 1187/1187/903 1185/1185/901 1181/1181/897
f 1180/1180/896 1188/1188/904 1183/1183/899
f 1188/1188/904 1180/1180/896 1184/1184/900
f 1188/1188/904 1187/1187/903 1183/1183/899
f 1158/1158/874 1189/1189/905 1184/1184/900
f 1188/1188/904 1184/1184/900 1189/1189/905
f 1185/1185/901 1190/1190/906 1186/1186/902
f 1190/1190/906 1191/1191/907 1186/1186/902
f 1188/1188/904 1192/1192/908 1187/1187/903
f 1192/1192/908 1188/1188/904 1189/1189/905
f 1187/1187/903 1193/1193/909 1185/1185/901
f 1193/1193/909 1190/1190/906 1185/1185/901
f 1192/1192/908 1193/1193/909 1187/1187/903
f 1194/1194/910 1189/1189/905 1158/1158/874
f 1158/1158/874 1152/1152/868 1194/1194/910
f 1194/1194/910 1152/1152/868 1159/1159/875
f 1190/1190/906 1195/1195/911 1191/1191/907
f 1195/1195/911 1196/1196/912 1191/1191/907
f 1192/1192/908 1189/1189/905 1197/1197/913
f 1194/1194/910 1197/1197/913 1189/1189/905
f 1192/1192/908 1198/1198/914 1193/1193/909
f 1198/1198/914 1192/1192/908 1197/1197/913
f 1193/1193/909 1199/1199/915 1190/1190/906
f 1199/1199/915 1195/1195/911 1190/1190/906
f 1198/1198/914 1199/1199/915 1193/1193/909
f 1194/1194/910 1159/1159/875 1200/1200/916
f 1200/1200/916 1197/1197/913 1194/1194/910
f 1195/1195/911 1201/1201/917 1196/1196/912
f 1201/1201/917 1202/1202/918 1196/1196/912
f 1198/1198/914 1197/1197/913 1203/1203/919
f 1200/1200/916 1203/1203/919 1197/1197/913
f 1198/1198/914 1204/1204/920 1199/1199/915
f 1204/1204/920 1198/1198/914 1203/1203/919
f 1199/1199/915 1205/1205/921 1195/1195/911
f 1205/1205/921 1201/1201/917 1195/1195/911
f 1204/1204/920 1205/1205/921 1199/1199/915
f 1200/1200/916 1159/1159/875 1206/1206/922
f 1159/1159/875 1153/1153/869 1206/1206/922
f 1206/1206/922 1153/1153/869 1160/1160/876
f 1201/1201/917 1207/1207/923 1202/1202/918
f 1207/1207/923 1208/1208/881 1202/1202/918
f 1207/1207/923 1209/1209/879 1208/1208/881
f 1210/1210/924 1203/1203/919 1200/1200/916
f 1200/1200/916 1206/1206/922 1210/1210/924
f 1204/1204/920 1203/1203/919 1211/1211/925
f 1210/1210/924 1211/1211/925 1203/1203/919
f 1205/1205/921 1212/1212/926 1201/1201/917
f 1212/1212/926 1207/1207/923 1201/1201/917
f 1213/1213/927 1209/1209/879 1207/1207/923
f 1212/1212/926 1213/1213/927 1207/1207/923
f 1213/1213/927 1214/1214/872 1209/1209/879
f 1204/1204/920 1215/1215/928 1205/1205/921
f 1215/1215/928 1212/1212/926 1205/1205/921
f 1215/1215/928 1204/1204/920 1211/1211/925
f 1210/1210/924 1206/1206/922 1216/1216/929
f 1206/1206/922 1160/1160/876 1216/1216/929
f 1217/1217/930 1214/1214/872 1213/1213/927
f 1217/1217/930 1218/1218/865 1214/1214/872
f 1219/1219/931 1213/1213/927 1212/1212/926
f 1215/1215/928 1219/1219/931 1212/1212/926
f 1219/1219/931 1217/1217/930 1213/1213/927
f 1220/1220/932 1211/1211/925 1210/1210/924
f 1210/1210/924 1216/1216/929 1220/1220/932
f 1215/1215/928 1211/1211/925 1221/1221/933
f 1219/1219/931 1215/1215/928 1221/1221/933
f 1220/1220/932 1221/1221/933 1211/1211/925
f 1216/1216/929 1160/1160/876 1222/1222/934
f 1160/1160/876 1161/1161/877 1222/1222/934
f 1222/1222/934 1161/1161/877 1223/1223/935
f 1218/1218/865 1217/1217/930 1224/1224/936
f 1218/1218/865 1224/1224/936 1225/1225/846
f 1226/1226/842 1225/1225/846 1224/1224/936
f 1217/1217/930 1219/1219/931 1227/1227/937
f 1219/1219/931 1221/1221/933 1227/1227/937
f 1217/1217/930 1227/1227/937 1224/1224/936
f 1226/1226/842 1224/1224/936 1228/1228/938
f 1228/1228/938 1224/1224/936 1227/1227/937
f 1228/1228/938 1229/1229/839 1226/1226/842
f 1230/1230/939 1227/1227/937 1221/1221/933
f 1228/1228/938 1227/1227/937 1230/1230/939
f 1230/1230/939 1221/1221/933 1220/1220/932
f 1228/1228/938 1231/1231/940 1229/1229/839
f 1230/1230/939 1231/1231/940 1228/1228/938
f 1231/1231/940 1232/1232/835 1229/1229/839
f 1220/1220/932 1233/1233/941 1230/1230/939
f 1230/1230/939 1233/1233/941 1231/1231/940
f 1220/1220/932 1216/1216/929 1233/1233/941
f 1216/1216/929 1222/1222/934 1233/1233/941
f 1231/1231/940 1234/1234/942 1232/1232/835
f 1233/1233/941 1234/1234/942 1231/1231/940
f 1233/1233/941 1222/1222/934 1234/1234/942
f 1234/1234/942 1235/1235/836 1232/1232/835
f 1222/1222/934 1223/1223/935 1234/1234/942
f 1234/1234/942 1223/1223/935 1235/1235/836
f 1236/1236/943 1237/1237/944 1238/1238/945
f 1236/1236/943 1238/1238/945 1239/1239/946
f 1240/1240/947 1236/1236/943 1239/1239/946
f 1239/1239/946 1238/1238/945 1241/1241/948
f 1240/1240/947 1239/1239/946 1242/1242/949
f 1243/1243/950 1240/1240/947 1242/1242/949
f 1239/1239/946 1241/1241/948 1244/1244/951
f 1242/1242/949 1239/1239/946 1244/1244/951
f 1244/1244/951 1241/1241/948 1245/1245/952
f 1243/1243/950 1242/1242/949 1246/1246/953
f 1246/1246/953 1247/1247/954 1243/1243/950
f 1244/1244/951 1245/1245/952 1248/1248/955
f 1248/1248/955 1245/1245/952 1249/1249/956
f 1242/1242/949 1244/1244/951 1250/1250/957
f 1246/1246/953 1242/1242/949 1250/1250/957
f 1250/1250/957 1244/1244/951 1248/1248/955
f 1248/1248/955 1249/1249/956 1251/1251/958
f 1251/1251/958 1249/1249/956 1252/1252/959
f 1250/1250/957 1248/1248/955 1253/1253/960
f 1253/1253/960 1248/1248/955 1251/1251/958
f 1246/1246/953 1250/1250/957 1254/1254/961
f 1254/1254/961 1250/1250/957 1253/1253/960
f 1246/1246/953 1255/1255/962 1247/1247/954
f 1254/1254/961 1255/1255/962 1246/1246/953
f 1251/1251/958 1252/1252/959 1256/1256/963
f 1256/1256/963 1252/1252/959 1257/1257/964
f 1253/1253/960 1251/1251/958 1258/1258/965
f 1258/1258/965 1251/1251/958 1256/1256/963
f 1254/1254/961 1253/1253/960 1259/1259/966
f 1259/1259/966 1253/1253/960 1258/1258/965
f 1256/1256/963 1257/1257/964 1260/1260/967
f 1260/1260/967 1257/1257/964 1261/1261/968
f 1258/1258/965 1256/1256/963 1262/1262/969
f 1262/1262/969 1256/1256/963 1260/1260/967
f 1260/1260/967 1261/1261/968 1263/1263/970
f 1263/1263/970 1261/1261/968 1264/1264/971
f 1265/1265/972 1247/1247/954 1255/1255/962
f 1265/1265/972 1266/1266/973 1247/1247/954
f 1254/1254/961 1267/1267/974 1255/1255/962
f 1259/1259/966 1267/1267/974 1254/1254/961
f 1259/1259/966 1258/1258/965 1268/1268/975
f 1268/1268/975 1258/1258/965 1262/1262/969
f 1262/1262/969 1260/1260/967 1269/1269/976
f 1269/1269/976 1260/1260/967 1263/1263/970
f 1263/1263/970 1264/1264/971 1270/1270/977
f 1270/1270/977 1264/1264/971 1271/1271/978
f 1266/1266/973 1265/1265/972 1272/1272/979
f 1266/1266/973 1272/1272/979 1273/1273/980
f 1259/1259/966 1274/1274/981 1267/1267/974
f 1268/1268/975 1274/1274/981 1259/1259/966
f 1268/1268/975 1262/1262/969 1275/1275/982
f 1275/1275/982 1262/1262/969 1269/1269/976
f 1269/1269/976 1263/1263/970 1276/1276/983
f 1276/1276/983 1263/1263/970 1270/1270/977
f 1270/1270/977 1271/1271/978 1277/1277/984
f 1277/1277/984 1271/1271/978 1278/1278/985
f 1273/1273/980 1272/1272/979 1279/1279/986
f 1273/1273/980 1279/1279/986 1280/1280/987
f 1280/1280/987 1279/1279/986 1281/1281/988
f 1280/1280/987 1281/1281/988 1282/1282/989
f 1279/1279/986 1283/1283/990 1281/1281/988
f 1279/1279/986 1284/1284/991 1283/1283/990
f 1272/1272/979 1284/1284/991 1279/1279/986
f 1284/1284/991 1285/1285/992 1283/1283/990
f 1272/1272/979 1286/1286/993 1284/1284/991
f 1265/1265/972 1286/1286/993 1272/1272/979
f 1284/1284/991 1287/1287/994 1285/1285/992
f 1286/1286/993 1287/1287/994 1284/1284/991
f 1287/1287/994 1288/1288/995 1285/1285/992
f 1265/1265/972 1289/1289/996 1286/1286/993
f 1289/1289/996 1265/1265/972 1255/1255/962
f 1289/1289/996 1255/1255/962 1267/1267/974
f 1286/1286/993 1290/1290/997 1287/1287/994
f 1289/1289/996 1290/1290/997 1286/1286/993
f 1287/1287/994 1291/1291/998 1288/1288/995
f 1290/1290/997 1291/1291/998 1287/1287/994
f 1291/1291/998 1292/1292/999 1288/1288/995
f 1293/1293/1000 1289/1289/996 1267/1267/974
f 1289/1289/996 1293/1293/1000 1290/1290/997
f 1293/1293/1000 1267/1267/974 1274/1274/981
f 1291/1291/998 1294/1294/1001 1292/1292/999
f 1294/1294/1001 1295/1295/1002 1292/1292/999
f 1290/1290/997 1296/1296/1003 1291/1291/998
f 1293/1293/1000 1296/1296/1003 1290/1290/997
f 1296/1296/1003 1294/1294/1001 1291/1291/998
f 1297/1297/1004 1293/1293/1000 1274/1274/981
f 1293/1293/1000 1297/1297/1004 1296/1296/1003
f 1294/1294/1001 1298/1298/1005 1295/1295/1002
f 1298/1298/1005 1299/1299/1006 1295/1295/1002
f 1296/1296/1003 1300/1300/1007 1294/1294/1001
f 1297/1297/1004 1300/1300/1007 1296/1296/1003
f 1300/1300/1007 1298/1298/1005 1294/1294/1001
f 1297/1297/1004 1274/1274/981 1301/1301/1008
f 1268/1268/975 1301/1301/1008 1274/1274/981
f 1275/1275/982 1301/1301/1008 1268/1268/975
f 1298/1298/1005 1302/1302/1009 1299/1299/1006
f 1302/1302/1009 1303/1303/1010 1299/1299/1006
f 1300/1300/1007 1304/1304/1011 1298/1298/1005
f 1304/1304/1011 1302/1302/1009 1298/1298/1005
f 1297/1297/1004 1305/1305/1012 1300/1300/1007
f 1305/1305/1012 1297/1297/1004 1301/1301/1008
f 1305/1305/1012 1304/1304/1011 1300/1300/1007
f 1275/1275/982 1306/1306/1013 1301/1301/1008
f 1305/1305/1012 1301/1301/1008 1306/1306/1013
f 1302/1302/1009 1307/1307/1014 1303/1303/1010
f 1307/1307/1014 1308/1308/1015 1303/1303/1010
f 1305/1305/1012 1309/1309/1016 1304/1304/1011
f 1309/1309/1016 1305/1305/1012 1306/1306/1013
f 1304/1304/1011 1310/1310/1017 1302/1302/1009
f 1310/1310/1017 1307/1307/1014 1302/1302/1009
f 1309/1309/1016 1310/1310/1017 1304/1304/1011
f 1311/1311/1018 1306/1306/1013 1275/1275/982
f 1275/1275/982 1269/1269/976 1311/1311/1018
f 1311/1311/1018 1269/1269/976 1276/1276/983
f 1307/1307/1014 1312/1312/1019 1308/1308/1015
f 1312/1312/1019 1313/1313/1020 1308/1308/1015
f 1309/1309/1016 1306/1306/1013 1314/1314/1021
f 1311/1311/1018 1314/1314/1021 1306/1306/1013
f 1309/1309/1016 1315/1315/1022 1310/1310/1017
f 1315/1315/1022 1309/1309/1016 1314/1314/1021
f 1310/1310/1017 1316/1316/1023 1307/1307/1014
f 1316/1316/1023 1312/1312/1019 1307/1307/1014
f 1315/1315/1022 1316/1316/1023 1310/1310/1017
f 1311/1311/1018 1276/1276/983 1317/1317/1024
f 1317/1317/1024 1314/1314/1021 1311/1311/1018
f 1312/1312/1019 1318/1318/1025 1313/1313/1020
f 1318/1318/1025 1319/1319/1026 1313/1313/1020
f 1315/1315/1022 1314/1314/1021 1320/1320/1027
f 1317/1317/1024 1320/1320/1027 1314/1314/1021
f 1315/1315/1022 1321/1321/1028 1316/1316/1023
f 1321/1321/1028 1315/1315/1022 1320/1320/1027
f 1316/1316/1023 1322/1322/1029 1312/1312/1019
f 1322/1322/1029 1318/1318/1025 1312/1312/1019
f 1321/1321/1028 1322/1322/1029 1316/1316/1023
f 1317/1317/1024 1276/1276/983 1323/1323/1030
f 1276/1276/983 1270/1270/977 1323/1323/1030
f 1323/1323/1030 1270/1270/977 1277/1277/984
f 1318/1318/1025 1324/1324/1031 1319/1319/1026
f 1324/1324/1031 1325/1325/989 1319/1319/1026
f 1324/1324/1031 1326/1326/987 1325/1325/989
f 1327/1327/1032 1320/1320/1027 1317/1317/1024
f 1317/1317/1024 1323/1323/1030 1327/1327/1032
f 1321/1321/1028 1320/1320/1027 1328/1328/1033
f 1327/1327/1032 1328/1328/1033 1320/1320/1027
f 1322/1322/1029 1329/1329/1034 1318/1318/1025
f 1329/1329/1034 1324/1324/1031 1318/1318/1025
f 1330/1330/1035 1326/1326/987 1324/1324/1031
f 1329/1329/1034 1330/1330/1035 1324/1324/1031
f 1330/1330/1035 1331/1331/980 1326/1326/987
f 1321/1321/1028 1332/1332/1036 1322/1322/1029
f 1332/1332/1036 1329/1329/1034 1322/1322/1029
f 1332/1332/1036 1321/1321/1028 1328/1328/1033
f 1327/1327/1032 1323/1323/1030 1333/1333/1037
f 1323/1323/1030 1277/1277/984 1333/1333/1037
f 1334/1334/1038 1331/1331/980 1330/1330/1035
f 1334/1334/1038 1335/1335/973 1331/1331/980
f 1336/1336/1039 1330/1330/1035 1329/1329/1034
f 1332/1332/1036 1336/1336/1039 1329/1329/1034
f 1336/1336/1039 1334/1334/1038 1330/1330/1035
f 1337/1337/1040 1328/1328/1033 1327/1327/1032
f 1327/1327/1032 1333/1333/1037 1337/1337/1040
f 1332/1332/1036 1328/1328/1033 1338/1338/1041
f 1336/1336/1039 1332/1332/1036 1338/1338/1041
f 1337/1337/1040 1338/1338/1041 1328/1328/1033
f 1333/1333/1037 1277/1277/984 1339/1339/1042
f 1277/1277/984 1278/1278/985 1339/1339/1042
f 1339/1339/1042 1278/1278/985 1340/1340/1043
f 1335/1335/973 1334/1334/1038 1341/1341/1044
f 1335/1335/973 1341/1341/1044 1342/1342/954
f 1343/1343/950 1342/1342/954 1341/1341/1044
f 1334/1334/1038 1336/1336/1039 1344/1344/1045
f 1336/1336/1039 1338/1338/1041 1344/1344/1045
f 1334/1334/1038 1344/1344/1045 1341/1341/1044
f 1343/1343/950 1341/1341/1044 1345/1345/1046
f 1345/1345/1046 1341/1341/1044 1344/1344/1045
f 1345/1345/1046 1346/1346/947 1343/1343/950
f 1347/1347/1047 1344/1344/1045 1338/1338/1041
f 1345/1345/1046 1344/1344/1045 1347/1347/1047
f 1347/1347/1047 1338/1338/1041 1337/1337/1040
f 1345/1345/1046 1348/1348/1048 1346/1346/947
f 1347/1347/1047 1348/1348/1048 1345/1345/1046
f 1348/1348/1048 1349/1349/943 1346/1346/947
f 1337/1337/1040 1350/1350/1049 1347/1347/1047
f 1347/1347/1047 1350/1350/1049 1348/1348/1048
f 1337/1337/1040 1333/1333/1037 1350/1350/1049
f 1333/1333/1037 1339/1339/1042 1350/1350/1049
f 1348/1348/1048 1351/1351/1050 1349/1349/943
f 1350/1350/1049 1351/1351/1050 1348/1348/1048
f 1350/1350/1049 1339/1339/1042 1351/1351/1050
f 1351/1351/1050 1352/1352/944 1349/1349/943
f 1339/1339/1042 1340/1340/1043 1351/1351/1050
f 1351/1351/1050 1340/1340/1043 1352/1352/944
f 1353/1353/1020 1354/1354/1051 1355/1355/1015
f 1356/1356/1026 1354/1354/1051 1353/1353/1020
f 1355/1355/1015 1354/1354/1051 1357/1357/1010
f 1358/1358/989 1354/1354/1051 1356/1356/1026
f 1357/1357/1010 1354/1354/1051 1359/1359/1006
f 1360/1360/988 1354/1354/1051 1358/1358/989
f 1359/1359/1006 1354/1354/1051 1361/1361/1002
f 1362/1362/990 1354/1354/1051 1360/1360/988
f 1361/1361/1002 1354/1354/1051 1363/1363/999
f 1364/1364/992 1354/1354/1051 1362/1362/990
f 1363/1363/999 1354/1354/1051 1365/1365/995
f 1365/1365/995 1354/1354/1051 1364/1364/992
f 1366/1366/945 1367/1367/944 1368/1368/1052
f 1369/1369/948 1366/1366/945 1368/1368/1052
f 1367/1367/944 1370/1370/1043 1368/1368/1052
f 1371/1371/952 1369/1369/948 1368/1368/1052
f 1370/1370/1043 1372/1372/985 1368/1368/1052
f 1373/1373/956 1371/1371/952 1368/1368/1052
f 1372/1372/985 1374/1374/978 1368/1368/1052
f 1375/1375/959 1373/1373/956 1368/1368/1052
f 1374/1374/978 1376/1376/971 1368/1368/1052
f 1377/1377/964 1375/1375/959 1368/1368/1052
f 1376/1376/971 1378/1378/968 1368/1368/1052
f 1378/1378/968 1377/1377/964 1368/1368/1052
f 1379/1379/912 1380/1380/1053 1381/1381/907
f 1382/1382/918 1380/1380/1053 1379/1379/912
f 1381/1381/907 1380/1380/1053 1383/1383/902
f 1384/1384/881 1380/1380/1053 1382/1382/918
f 1383/1383/902 1380/1380/1053 1385/1385/898
f 1386/1386/880 1380/1380/1053 1384/1384/881
f 1385/1385/898 1380/1380/1053 1387/1387/894
f 1388/1388/882 1380/1380/1053 1386/1386/880
f 1387/1387/894 1380/1380/1053 1389/1389/891
f 1390/1390/884 1380/1380/1053 1388/1388/882
f 1389/1389/891 1380/1380/1053 1391/1391/887
f 1391/1391/887 1380/1380/1053 1390/1390/884
f 1392/1392/837 1393/1393/836 1394/1394/1054
f 1395/1395/840 1392/1392/837 1394/1394/1054
f 1393/1393/836 1396/1396/935 1394/1394/1054
f 1397/1397/844 1395/1395/840 1394/1394/1054
f 1396/1396/935 1398/1398/877 1394/1394/1054
f 1399/1399/848 1397/1397/844 1394/1394/1054
f 1398/1398/877 1400/1400/870 1394/1394/1054
f 1401/1401/851 1399/1399/848 1394/1394/1054
f 1400/1400/870 1402/1402/863 1394/1394/1054
f 1403/1403/856 1401/1401/851 1394/1394/1054
f 1402/1402/863 1404/1404/860 1394/1394/1054
f 1404/1404/860 1403/1403/856 1394/1394/1054
f 1405/1405/804 1406/1406/1055 1407/1407/799
f 1408/1408/810 1406/1406/1055 1405/1405/804
f 1407/1407/799 1406/1406/1055 1409/1409/794
f 1410/1410/773 1406/1406/1055 1408/1408/810
f 1409/1409/794 1406/1406/1055 1411/1411/790
f 1412/1412/772 1406/1406/1055 1410/1410/773
f 1411/1411/790 1406/1406/1055 1413/1413/786
f 1414/1414/774 1406/1406/1055 1412/1412/772
f 1413/1413/786 1406/1406/1055 1415/1415/783
f 1416/1416/776 1406/1406/1055 1414/1414/774
f 1415/1415/783 1406/1406/1055 1417/1417/779
f 1417/1417/779 1406/1406/1055 1416/1416/776
f 1418/1418/729 1419/1419/728 1420/1420/1056
f 1421/1421/732 1418/1418/729 1420/1420/1056
f 1419/1419/728 1422/1422/827 1420/1420/1056
f 1423/1423/736 1421/1421/732 1420/1420/1056
f 1422/1422/827 1424/1424/769 1420/1420/1056
f 1425/1425/740 1423/1423/736 1420/1420/1056
f 1424/1424/769 1426/1426/762 1420/1420/1056
f 1427/1427/743 1425/1425/740 1420/1420/1056
f 1426/1426/762 1428/1428/755 1420/1420/1056
f 1429/1429/748 1427/1427/743 1420/1420/1056
f 1428/1428/755 1430/1430/752 1420/1420/1056
f 1430/1430/752 1429/1429/748 1420/1420/1056
f 1431/1431/696 1432/1432/1057 1433/1433/691
f 1434/1434/702 1432/1432/1057 1431/1431/696
f 1433/1433/691 1432/1432/1057 1435/1435/686
f 1436/1436/665 1432/1432/1057 1434/1434/702
f 1435/1435/686 1432/1432/1057 1437/1437/682
f 1438/1438/664 1432/1432/1057 1436/1436/665
f 1437/1437/682 1432/1432/1057 1439/1439/678
f 1440/1440/666 1432/1432/1057 1438/1438/664
f 1439/1439/678 1432/1432/1057 1441/1441/675
f 1442/1442/668 1432/1432/1057 1440/1440/666
f 1441/1441/675 1432/1432/1057 1443/1443/671
f 1443/1443/671 1432/1432/1057 1442/1442/668
f 1444/1444/621 1445/1445/620 1446/1446/1058
f 1447/1447/624 1444/1444/621 1446/1446/1058
f 1445/1445/620 1448/1448/719 1446/1446/1058
f 1449/1449/628 1447/1447/624 1446/1446/1058
f 1448/1448/719 1450/1450/661 1446/1446/1058
f 1451/1451/632 1449/1449/628 1446/1446/1058
f 1450/1450/661 1452/1452/654 1446/1446/1058
f 1453/1453/635 1451/1451/632 1446/1446/1058
f 1452/1452/654 1454/1454/647 1446/1446/1058
f 1455/1455/640 1453/1453/635 1446/1446/1058
f 1454/1454/647 1456/1456/644 1446/1446/1058
f 1456/1456/644 1455/1455/640 1446/1446/1058
f 1457/1457/588 1458/1458/1059 1459/1459/583
f 1460/1460/594 1458/1458/1059 1457/1457/588
f 1459/1459/583 1458/1458/1059 1461/1461/578
f 1462/1462/557 1458/1458/1059 1460/1460/594
f 1461/1461/578 1458/1458/1059 1463/1463/574
f 1464/1464/556 1458/1458/1059 1462/1462/557
f 1463/1463/574 1458/1458/1059 1465/1465/570
f 1466/1466/558 1458/1458/1059 1464/1464/556
f 1465/1465/570 1458/1458/1059 1467/1467/567
f 1468/1468/560 1458/1458/1059 1466/1466/558
f 1467/1467/567 1458/1458/1059 1469/1469/563
f 1469/1469/563 1458/1458/1059 1468/1468/560
f 1470/1470/513 1471/1471/512 1472/1472/1060
f 1473/1473/516 1470/1470/513 1472/1472/1060
f 1471/1471/512 1474/1474/611 1472/1472/1060
f 1475/1475/520 1473/1473/516 1472/1472/1060
f 1474/1474/611 1476/1476/553 1472/1472/1060
f 1477/1477/524 1475/1475/520 1472/1472/1060
f 1476/1476/553 1478/1478/546 1472/1472/1060
f 1479/1479/527 1477/1477/524 1472/1472/1060
f 1478/1478/546 1480/1480/539 1472/1472/1060
f 1481/1481/532 1479/1479/527 1472/1472/1060
f 1480/1480/539 1482/1482/536 1472/1472/1060
f 1482/1482/536 1481/1481/532 1472/1472/1060
f 1483/1483/480 1484/1484/1061 1485/1485/475
f 1486/1486/486 1484/1484/1061 1483/1483/480
f 1485/1485/475 1484/1484/1061 1487/1487/470
f 1488/1488/449 1484/1484/1061 1486/1486/486
f 1487/1487/470 1484/1484/1061 1489/1489/466
f 1490/1490/448 1484/1484/1061 1488/1488/449
f 1489/1489/466 1484/1484/1061 1491/1491/462
f 1492/1492/450 1484/1484/1061 1490/1490/448
f 1491/1491/462 1484/1484/1061 1493/1493/459
f 1494/1494/452 1484/1484/1061 1492/1492/450
f 1493/1493/459 1484/1484/1061 1495/1495/455
f 1495/1495/455 1484/1484/1061 1494/1494/452
f 1496/1496/405 1497/1497/404 1498/1498/1062
f 1499/1499/408 1496/1496/405 1498/1498/1062
f 1497/1497/404 1500/1500/503 1498/1498/1062
f 1501/1501/412 1499/1499/408 1498/1498/1062
f 1500/1500/503 1502/1502/445 1498/1498/1062
f 1503/1503/416 1501/1501/412 1498/1498/1062
f 1502/1502/445 1504/1504/438 1498/1498/1062
f 1505/1505/419 1503/1503/416 1498/1498/1062
f 1504/1504/438 1506/1506/431 1498/1498/1062
f 1507/1507/424 1505/1505/419 1498/1498/1062
f 1506/1506/431 1508/1508/428 1498/1498/1062
f 1508/1508/428 1507/1507/424 1498/1498/1062
f 1509/1509/215 1510/1510/1063 1511/1511/212
f 1512/1512/220 1510/1510/1063 1509/1509/215
f 1511/1511/212 1510/1510/1063 1513/1513/211
f 1514/1514/226 1510/1510/1063 1512/1512/220
f 1513/1513/211 1510/1510/1063 1515/1515/269
f 1516/1516/232 1510/1510/1063 1514/1514/226
f 1515/1515/269 1510/1510/1063 1517/1517/263
f 1518/1518/239 1510/1510/1063 1516/1516/232
f 1517/1517/263 1510/1510/1063 1519/1519/261
f 1520/1520/246 1510/1510/1063 1518/1518/239
f 1519/1519/261 1510/1510/1063 1521/1521/254
f 1521/1521/254 1510/1510/1063 1520/1520/246
f 1522/1522/122 1523/1523/1064 1524/1524/123
f 1525/1525/126 1523/1523/1064 1522/1522/122
f 1524/1524/123 1523/1523/1064 1526/1526/149
f 1527/1527/129 1523/1523/1064 1525/1525/126
f 1526/1526/149 1523/1523/1064 1528/1528/146
f 1529/1529/132 1523/1523/1064 1527/1527/129
f 1528/1528/146 1523/1523/1064 1530/1530/144
f 1531/1531/134 1523/1523/1064 1529/1529/132
f 1530/1530/144 1523/1523/1064 1532/1532/142
f 1533/1533/137 1523/1523/1064 1531/1531/134
f 1532/1532/142 1523/1523/1064 1534/1534/139
f 1534/1534/139 1523/1523/1064 1533/1533/137
f 1535/1535/43 1536/1536/1065 1537/1537/50
f 1538/1538/36 1536/1536/1065 1535/1535/43
f 1537/1537/50 1536/1536/1065 1539/1539/2
f 1540/1540/29 1536/1536/1065 1538/1538/36
f 1539/1539/2 1536/1536/1065 1541/1541/3
f 1542/1542/26 1536/1536/1065 1540/1540/29
f 1541/1541/3 1536/1536/1065 1543/1543/6
f 1544/1544/22 1536/1536/1065 1542/1542/26
f 1543/1543/6 1536/1536/1065 1545/1545/10
f 1546/1546/17 1536/1536/1065 1544/1544/22
f 1545/1545/10 1536/1536/1065 1547/1547/15
f 1547/1547/15 1536/1536/1065 1546/1546/17
f 1548/1548/370 1549/1549/1066 1550/1550/367
f 1551/1551/372 1549/1549/1066 1548/1548/370
f 1550/1550/367 1549/1549/1066 1552/1552/365
f 1553/1553/374 1549/1549/1066 1551/1551/372
f 1552/1552/365 1549/1549/1066 1554/1554/363
f 1555/1555/377 1549/1549/1066 1553/1553/374
f 1554/1554/363 1549/1549/1066 1556/1556/361
f 1557/1557/354 1549/1549/1066 1555/1555/377
f 1556/1556/361 1549/1549/1066 1558/1558/359
f 1559/1559/353 1549/1549/1066 1557/1557/354
f 1558/1558/359 1549/1549/1066 1560/1560/357
f 1560/1560/357 1549/1549/1066 1559/1559/353
f 1561/1561/1067 1562/1562/1068 1563/1563/1069
f 1564/1564/1070 1561/1561/1067 1563/1563/1069
f 1562/1562/1068 1565/1565/1071 1563/1563/1069
f 1566/1566/1072 1564/1564/1070 1563/1563/1069
f 1565/1565/1071 1567/1567/1073 1563/1563/1069
f 1568/1568/1074 1566/1566/1072 1563/1563/1069
f 1567/1567/1073 1569/1569/1075 1563/1563/1069
f 1570/1570/1076 1568/1568/1074 1563/1563/1069
f 1569/1569/1075 1571/1571/1077 1563/1563/1069
f 1572/1572/1078 1570/1570/1076 1563/1563/1069
f 1571/1571/1077 1573/1573/1079 1563/1563/1069
f 1574/1574/1080 1572/1572/1078 1563/1563/1069
f 1573/1573/1079 1575/1575/1081 1563/1563/1069
f 1576/1576/1082 1574/1574/1080 1563/1563/1069
f 1575/1575/1081 1577/1577/1083 1563/1563/1069
f 1578/1578/1084 1576/1576/1082 1563/1563/1069
f 1577/1577/1083 1579/1579/1085 1563/1563/1069
f 1580/1580/1086 1578/1578/1084 1563/1563/1069
f 1579/1579/1085 1581/1581/1087 1563/1563/1069
f 1582/1582/1088 1580/1580/1086 1563/1563/1069
f 1581/1581/1087 1583/1583/1089 1563/1563/1069
f 1584/1584/1090 1582/1582/1088 1563/1563/1069
f 1583/1583/1089 1585/1585/1091 1563/1563/1069
f 1586/1586/1092 1584/1584/1090 1563/1563/1069
f 1585/1585/1091 1587/1587/1093 1563/1563/1069
f 1588/1588/1094 1586/1586/1092 1563/1563/1069
f 1587/1587/1093 1589/1589/1095 1563/1563/1069
f 1590/1590/1096 1588/1588/1094 1563/1563/1069
f 1589/1589/1095 1591/1591/1097 1563/1563/1069
f 1592/1592/1098 1590/1590/1096 1563/1563/1069
f 1591/1591/1097 1593/1593/1099 1563/1563/1069
f 1594/1594/1100 1592/1592/1098 1563/1563/1069
f 1593/1593/1099 1595/1595/1101 1563/1563/1069
f 1596/1596/1102 1594/1594/1100 1563/1563/1069
f 1595/1595/1101 1597/1597/1103 1563/1563/1069
f 1598/1598/1104 1596/1596/1102 1563/1563/1069
f 1597/1597/1103 1599/1599/1105 1563/1563/1069
f 1600/1600/1106 1598/1598/1104 1563/1563/1069
f 1599/1599/1105 1601/1601/1107 1563/1563/1069
f 1602/1602/1108 1600/1600/1106 1563/1563/1069
f 1601/1601/1107 1603/1603/1109 1563/1563/1069
f 1604/1604/1110 1602/1602/1108 1563/1563/1069
f 1603/1603/1109 1605/1605/1111 1563/1563/1069
f 1606/1606/1112 1604/1604/1110 1563/1563/1069
f 1605/1605/1111 1607/1607/1113 1563/1563/1069
f 1608/1608/1114 1606/1606/1112 1563/1563/1069
f 1607/1607/1113 1609/1609/1115 1563/1563/1069
f 1610/1610/1116 1608/1608/1114 1563/1563/1069
f 1609/1609/1115 1611/1611/1117 1563/1563/1069
f 1612/1612/1118 1610/1610/1116 1563/1563/1069
f 1611/1611/1117 1613/1613/1119 1563/1563/1069
f 1614/1614/1120 1612/1612/1118 1563/1563/1069
f 1613/1613/1119 1615/1615/1121 1563/1563/1069
f 1616/1616/1122 1614/1614/1120 1563/1563/1069
f 1615/1615/1121 1617/1617/1123 1563/1563/1069
f 1618/1618/1124 1616/1616/1122 1563/1563/1069
f 1617/1617/1123 1619/1619/1125 1563/1563/1069
f 1620/1620/1126 1618/1618/1124 1563/1563/1069
f 1619/1619/1125 1621/1621/1127 1563/1563/1069
f 1622/1622/1128 1620/1620/1126 1563/1563/1069
f 1621/1621/1127 1623/1623/1129 1563/1563/1069
f 1624/1624/1130 1622/1622/1128 1563/1563/1069
f 1623/1623/1129 1625/1625/1131 1563/1563/1069
f 1625/1625/1131 1624/1624/1130 1563/1563/1069
f 1626/1626/1132 1627/1627/1128 1628/1628/1130
f 1626/1626/1132 1629/1629/1133 1627/1627/1128
f 1629/1629/1133 1630/1630/1126 1627/1627/1128
f 1631/1631/1134 1626/1626/1132 1628/1628/1130
f 1631/1631/1134 1628/1628/1130 1632/1632/1131
f 1629/1629/1133 1633/1633/1135 1630/1630/1126
f 1633/1633/1135 1634/1634/1124 1630/1630/1126
f 1635/1635/1136 1631/1631/1134 1632/1632/1131
f 1635/1635/1136 1632/1632/1131 1636/1636/1129
f 1633/1633/1135 1637/1637/1137 1634/1634/1124
f 1638/1638/1122 1634/1634/1124 1637/1637/1137
f 1639/1639/1138 1635/1635/1136 1636/1636/1129
f 1639/1639/1138 1636/1636/1129 1640/1640/1127
f 1638/1638/1122 1637/1637/1137 1641/1641/1139
f 1642/1642/1120 1638/1638/1122 1641/1641/1139
f 1643/1643/1140 1639/1639/1138 1640/1640/1127
f 1643/1643/1140 1640/1640/1127 1644/1644/1125
f 1642/1642/1120 1641/1641/1139 1645/1645/1141
f 1646/1646/1118 1642/1642/1120 1645/1645/1141
f 1647/1647/1142 1643/1643/1140 1644/1644/1125
f 1647/1647/1142 1644/1644/1125 1648/1648/1123
f 1646/1646/1118 1645/1645/1141 1649/1649/1143
f 1650/1650/1116 1646/1646/1118 1649/1649/1143
f 1651/1651/1144 1647/1647/1142 1648/1648/1123
f 1651/1651/1144 1648/1648/1123 1652/1652/1121
f 1650/1650/1116 1649/1649/1143 1653/1653/1145
f 1654/1654/1114 1650/1650/1116 1653/1653/1145
f 1655/1655/1146 1651/1651/1144 1652/1652/1121
f 1655/1655/1146 1652/1652/1121 1656/1656/1119
f 1654/1654/1114 1653/1653/1145 1657/1657/1147
f 1658/1658/1112 1654/1654/1114 1657/1657/1147
f 1659/1659/1148 1655/1655/1146 1656/1656/1119
f 1659/1659/1148 1656/1656/1119 1660/1660/1117
f 1658/1658/1112 1657/1657/1147 1661/1661/1149
f 1662/1662/1110 1658/1658/1112 1661/1661/1149
f 1663/1663/1150 1659/1659/1148 1660/1660/1117
f 1663/1663/1150 1660/1660/1117 1664/1664/1115
f 1662/1662/1110 1661/1661/1149 1665/1665/1151
f 1666/1666/1108 1662/1662/1110 1665/1665/1151
f 1667/1667/1152 1663/1663/1150 1664/1664/1115
f 1667/1667/1152 1664/1664/1115 1668/1668/1113
f 1666/1666/1108 1665/1665/1151 1669/1669/1153
f 1670/1670/1106 1666/1666/1108 1669/1669/1153
f 1671/1671/1154 1667/1667/1152 1668/1668/1113
f 1671/1671/1154 1668/1668/1113 1672/1672/1111
f 1670/1670/1106 1669/1669/1153 1673/1673/1155
f 1674/1674/1104 1670/1670/1106 1673/1673/1155
f 1675/1675/1156 1671/1671/1154 1672/1672/1111
f 1675/1675/1156 1672/1672/1111 1676/1676/1109
f 1674/1674/1104 1673/1673/1155 1677/1677/1157
f 1678/1678/1102 1674/1674/1104 1677/1677/1157
f 1679/1679/1158 1675/1675/1156 1676/1676/1109
f 1679/1679/1158 1676/1676/1109 1680/1680/1107
f 1678/1678/1102 1677/1677/1157 1681/1681/1159
f 1682/1682/1100 1678/1678/1102 1681/1681/1159
f 1680/1680/1107 1683/1683/1160 1679/1679/1158
f 1680/1680/1107 1684/1684/1105 1683/1683/1160
f 1682/1682/1100 1681/1681/1159 1685/1685/1161
f 1686/1686/1098 1682/1682/1100 1685/1685/1161
f 1684/1684/1105 1687/1687/1162 1683/1683/1160
f 1684/1684/1105 1688/1688/1103 1687/1687/1162
f 1686/1686/1098 1685/1685/1161 1689/1689/1163
f 1690/1690/1096 1686/1686/1098 1689/1689/1163
f 1688/1688/1103 1691/1691/1164 1687/1687/1162
f 1688/1688/1103 1692/1692/1101 1691/1691/1164
f 1690/1690/1096 1689/1689/1163 1693/1693/1165
f 1694/1694/1094 1690/1690/1096 1693/1693/1165
f 1692/1692/1101 1695/1695/1166 1691/1691/1164
f 1692/1692/1101 1696/1696/1099 1695/1695/1166
f 1694/1694/1094 1693/1693/1165 1697/1697/1167
f 1698/1698/1092 1694/1694/1094 1697/1697/1167
f 1696/1696/1099 1699/1699/1168 1695/1695/1166
f 1696/1696/1099 1700/1700/1097 1699/1699/1168
f 1698/1698/1092 1697/1697/1167 1701/1701/1169
f 1701/1701/1169 1702/1702/1090 1698/1698/1092
f 1700/1700/1097 1703/1703/1170 1699/1699/1168
f 1700/1700/1097 1704/1704/1095 1703/1703/1170
f 1701/1701/1169 1705/1705/1171 1702/1702/1090
f 1705/1705/1171 1706/1706/1088 1702/1702/1090
f 1704/1704/1095 1707/1707/1172 1703/1703/1170
f 1704/1704/1095 1708/1708/1093 1707/1707/1172
f 1705/1705/1171 1709/1709/1173 1706/1706/1088
f 1709/1709/1173 1710/1710/1086 1706/1706/1088
f 1708/1708/1093 1711/1711/1174 1707/1707/1172
f 1708/1708/1093 1712/1712/1091 1711/1711/1174
f 1709/1709/1173 1713/1713/1175 1710/1710/1086
f 1713/1713/1175 1714/1714/1084 1710/1710/1086
f 1712/1712/1091 1715/1715/1176 1711/1711/1174
f 1712/1712/1091 1716/1716/1089 1715/1715/1176
f 1713/1713/1175 1717/1717/1177 1714/1714/1084
f 1717/1717/1177 1718/1718/1082 1714/1714/1084
f 1716/1716/1089 1719/1719/1178 1715/1715/1176
f 1716/1716/1089 1720/1720/1087 1719/1719/1178
f 1717/1717/1177 1721/1721/1179 1718/1718/1082
f 1721/1721/1179 1722/1722/1080 1718/1718/1082
f 1720/1720/1087 1723/1723/1180 1719/1719/1178
f 1720/1720/1087 1724/1724/1085 1723/1723/1180
f 1721/1721/1179 1725/1725/1181 1722/1722/1080
f 1725/1725/1181 1726/1726/1078 1722/1722/1080
f 1724/1724/1085 1727/1727/1182 1723/1723/1180
f 1724/1724/1085 1728/1728/1083 1727/1727/1182
f 1725/1725/1181 1729/1729/1183 1726/1726/1078
f 1729/1729/1183 1730/1730/1076 1726/1726/1078
f 1728/1728/1083 1731/1731/1184 1727/1727/1182
f 1728/1728/1083 1732/1732/1081 1731/1731/1184
f 1729/1729/1183 1733/1733/1185 1730/1730/1076
f 1733/1733/1185 1734/1734/1074 1730/1730/1076
f 1732/1732/1081 1735/1735/1186 1731/1731/1184
f 1732/1732/1081 1736/1736/1079 1735/1735/1186
f 1733/1733/1185 1737/1737/1187 1734/1734/1074
f 1737/1737/1187 1738/1738/1072 1734/1734/1074
f 1736/1736/1079 1739/1739/1188 1735/1735/1186
f 1736/1736/1079 1740/1740/1077 1739/1739/1188
f 1737/1737/1187 1741/1741/1189 1738/1738/1072
f 1741/1741/1189 1742/1742/1070 1738/1738/1072
f 1740/1740/1077 1743/1743/1190 1739/1739/1188
f 1740/1740/1077 1744/1744/1075 1743/1743/1190
f 1741/1741/1189 1745/1745/1191 1742/1742/1070
f 1745/1745/1191 1746/1746/1067 1742/1742/1070
f 1747/1747/1192 1743/1743/1190 1744/1744/1075
f 1747/1747/1192 1744/1744/1075 1748/1748/1073
f 1745/1745/1191 1749/1749/1193 1746/1746/1067
f 1749/1749/1193 1750/1750/1068 1746/1746/1067
f 1751/1751/1194 1747/1747/1192 1748/1748/1073
f 1751/1751/1194 1748/1748/1073 1752/1752/1071
f 1753/1753/1195 1752/1752/1071 1750/1750/1068
f 1749/1749/1193 1753/1753/1195 1750/1750/1068
f 1753/1753/1195 1751/1751/1194 1752/1752/1071
f 1739/1739/1188 1743/1743/1190 1754/1754/1196
f 1755/1755/1197 1743/1743/1190 1747/1747/1192
f 1755/1755/1197 1754/1754/1196 1743/1743/1190
f 1756/1756/1198 1747/1747/1192 1751/1751/1194
f 1756/1756/1198 1755/1755/1197 1747/1747/1192
f 1757/1757/1199 1751/1751/1194 1753/1753/1195
f 1757/1757/1199 1756/1756/1198 1751/1751/1194
f 1758/1758/1200 1753/1753/1195 1749/1749/1193
f 1758/1758/1200 1757/1757/1199 1753/1753/1195
f 1759/1759/1201 1749/1749/1193 1745/1745/1191
f 1759/1759/1201 1758/1758/1200 1749/1749/1193
f 1739/1739/1188 1754/1754/1196 1760/1760/1202
f 1735/1735/1186 1739/1739/1188 1760/1760/1202
f 1761/1761/1203 1759/1759/1201 1745/1745/1191
f 1761/1761/1203 1745/1745/1191 1741/1741/1189
f 1735/1735/1186 1760/1760/1202 1762/1762/1204
f 1731/1731/1184 1735/1735/1186 1762/1762/1204
f 1763/1763/1205 1761/1761/1203 1741/1741/1189
f 1763/1763/1205 1741/1741/1189 1737/1737/1187
f 1731/1731/1184 1762/1762/1204 1764/1764/1206
f 1727/1727/1182 1731/1731/1184 1764/1764/1206
f 1765/1765/1207 1763/1763/1205 1737/1737/1187
f 1765/1765/1207 1737/1737/1187 1733/1733/1185
f 1727/1727/1182 1764/1764/1206 1766/1766/1208
f 1723/1723/1180 1727/1727/1182 1766/1766/1208
f 1767/1767/1209 1765/1765/1207 1733/1733/1185
f 1767/1767/1209 1733/1733/1185 1729/1729/1183
f 1723/1723/1180 1766/1766/1208 1768/1768/1210
f 1719/1719/1178 1723/1723/1180 1768/1768/1210
f 1769/1769/1211 1767/1767/1209 1729/1729/1183
f 1769/1769/1211 1729/1729/1183 1725/1725/1181
f 1719/1719/1178 1768/1768/1210 1770/1770/1212
f 1715/1715/1176 1719/1719/1178 1770/1770/1212
f 1771/1771/1213 1769/1769/1211 1725/1725/1181
f 1771/1771/1213 1725/1725/1181 1721/1721/1179
f 1715/1715/1176 1770/1770/1212 1772/1772/1214
f 1711/1711/1174 1715/1715/1176 1772/1772/1214
f 1773/1773/1215 1771/1771/1213 1721/1721/1179
f 1773/1773/1215 1721/1721/1179 1717/1717/1177
f 1711/1711/1174 1772/1772/1214 1774/1774/1216
f 1707/1707/1172 1711/1711/1174 1774/1774/1216
f 1775/1775/1217 1773/1773/1215 1717/1717/1177
f 1775/1775/1217 1717/1717/1177 1713/1713/1175
f 1707/1707/1172 1774/1774/1216 1776/1776/1218
f 1703/1703/1170 1707/1707/1172 1776/1776/1218
f 1777/1777/1219 1775/1775/1217 1713/1713/1175
f 1777/1777/1219 1713/1713/1175 1709/1709/1173
f 1703/1703/1170 1776/1776/1218 1778/1778/1220
f 1699/1699/1168 1703/1703/1170 1778/1778/1220
f 1779/1779/1221 1777/1777/1219 1709/1709/1173
f 1779/1779/1221 1709/1709/1173 1705/1705/1171
f 1699/1699/1168 1778/1778/1220 1780/1780/1222
f 1695/1695/1166 1699/1699/1168 1780/1780/1222
f 1781/1781/1223 1779/1779/1221 1705/1705/1171
f 1781/1781/1223 1705/1705/1171 1701/1701/1169
f 1695/1695/1166 1780/1780/1222 1782/1782/1224
f 1691/1691/1164 1695/1695/1166 1782/1782/1224
f 1701/1701/1169 1783/1783/1225 1781/1781/1223
f 1701/1701/1169 1697/1697/1167 1783/1783/1225
f 1691/1691/1164 1782/1782/1224 1784/1784/1226
f 1687/1687/1162 1691/1691/1164 1784/1784/1226
f 1697/1697/1167 1785/1785/1227 1783/1783/1225
f 1697/1697/1167 1693/1693/1165 1785/1785/1227
f 1687/1687/1162 1784/1784/1226 1786/1786/1228
f 1683/1683/1160 1687/1687/1162 1786/1786/1228
f 1693/1693/1165 1787/1787/1229 1785/1785/1227
f 1693/1693/1165 1689/1689/1163 1787/1787/1229
f 1683/1683/1160 1786/1786/1228 1788/1788/1230
f 1679/1679/1158 1683/1683/1160 1788/1788/1230
f 1689/1689/1163 1789/1789/1231 1787/1787/1229
f 1689/1689/1163 1685/1685/1161 1789/1789/1231
f 1679/1679/1158 1788/1788/1230 1790/1790/1232
f 1790/1790/1232 1675/1675/1156 1679/1679/1158
f 1685/1685/1161 1791/1791/1233 1789/1789/1231
f 1685/1685/1161 1681/1681/1159 1791/1791/1233
f 1790/1790/1232 1792/1792/1234 1675/1675/1156
f 1792/1792/1234 1671/1671/1154 1675/1675/1156
f 1681/1681/1159 1793/1793/1235 1791/1791/1233
f 1681/1681/1159 1677/1677/1157 1793/1793/1235
f 1792/1792/1234 1794/1794/1236 1671/1671/1154
f 1794/1794/1236 1667/1667/1152 1671/1671/1154
f 1677/1677/1157 1795/1795/1237 1793/1793/1235
f 1677/1677/1157 1673/1673/1155 1795/1795/1237
f 1794/1794/1236 1796/1796/1238 1667/1667/1152
f 1796/1796/1238 1663/1663/1150 1667/1667/1152
f 1673/1673/1155 1797/1797/1239 1795/1795/1237
f 1673/1673/1155 1669/1669/1153 1797/1797/1239
f 1796/1796/1238 1798/1798/1240 1663/1663/1150
f 1798/1798/1240 1659/1659/1148 1663/1663/1150
f 1669/1669/1153 1799/1799/1241 1797/1797/1239
f 1669/1669/1153 1665/1665/1151 1799/1799/1241
f 1798/1798/1240 1800/1800/1242 1659/1659/1148
f 1800/1800/1242 1655/1655/1146 1659/1659/1148
f 1665/1665/1151 1801/1801/1243 1799/1799/1241
f 1665/1665/1151 1661/1661/1149 1801/1801/1243
f 1800/1800/1242 1802/1802/1244 1655/1655/1146
f 1802/1802/1244 1651/1651/1144 1655/1655/1146
f 1661/1661/1149 1803/1803/1245 1801/1801/1243
f 1661/1661/1149 1657/1657/1147 1803/1803/1245
f 1802/1802/1244 1804/1804/1246 1651/1651/1144
f 1804/1804/1246 1647/1647/1142 1651/1651/1144
f 1657/1657/1147 1805/1805/1247 1803/1803/1245
f 1657/1657/1147 1653/1653/1145 1805/1805/1247
f 1804/1804/1246 1806/1806/1248 1647/1647/1142
f 1806/1806/1248 1643/1643/1140 1647/1647/1142
f 1653/1653/1145 1807/1807/1249 1805/1805/1247
f 1653/1653/1145 1649/1649/1143 1807/1807/1249
f 1806/1806/1248 1808/1808/1250 1643/1643/1140
f 1808/1808/1250 1639/1639/1138 1643/1643/1140
f 1649/1649/1143 1809/1809/1251 1807/1807/1249
f 1649/1649/1143 1645/1645/1141 1809/1809/1251
f 1808/1808/1250 1810/1810/1252 1639/1639/1138
f 1810/1810/1252 1635/1635/1136 1639/1639/1138
f 1645/1645/1141 1811/1811/1253 1809/1809/1251
f 1645/1645/1141 1641/1641/1139 1811/1811/1253
f 1810/1810/1252 1812/1812/1254 1635/1635/1136
f 1812/1812/1254 1631/1631/1134 1635/1635/1136
f 1641/1641/1139 1813/1813/1255 1811/1811/1253
f 1641/1641/1139 1637/1637/1137 1813/1813/1255
f 1812/1812/1254 1814/1814/1256 1631/1631/1134
f 1814/1814/1256 1626/1626/1132 1631/1631/1134
f 1815/1815/1257 1813/1813/1255 1637/1637/1137
f 1815/1815/1257 1637/1637/1137 1633/1633/1135
f 1814/1814/1256 1816/1816/1258 1626/1626/1132
f 1816/1816/1258 1629/1629/1133 1626/1626/1132
f 1817/1817/1259 1633/1633/1135 1629/1629/1133
f 1817/1817/1259 1815/1815/1257 1633/1633/1135
f 1816/1816/1258 1817/1817/1259 1629/1629/1133
f 1818/1818/1260 1812/1812/1254 1810/1810/1252
f 1819/1819/1261 1814/1814/1256 1812/1812/1254
f 1818/1818/1260 1819/1819/1261 1812/1812/1254
f 1820/1820/1262 1816/1816/1258 1814/1814/1256
f 1819/1819/1261 1820/1820/1262 1814/1814/1256
f 1821/1821/1263 1817/1817/1259 1816/1816/1258
f 1820/1820/1262 1821/1821/1263 1816/1816/1258
f 1822/1822/1264 1815/1815/1257 1817/1817/1259
f 1821/1821/1263 1822/1822/1264 1817/1817/1259
f 1823/1823/1265 1813/1813/1255 1815/1815/1257
f 1822/1822/1264 1823/1823/1265 1815/1815/1257
f 1824/1824/1266 1818/1818/1260 1810/1810/1252
f 1824/1824/1266 1810/1810/1252 1808/1808/1250
f 1823/1823/1265 1825/1825/1267 1813/1813/1255
f 1811/1811/1253 1813/1813/1255 1825/1825/1267
f 1826/1826/1268 1824/1824/1266 1808/1808/1250
f 1826/1826/1268 1808/1808/1250 1806/1806/1248
f 1811/1811/1253 1825/1825/1267 1827/1827/1269
f 1809/1809/1251 1811/1811/1253 1827/1827/1269
f 1828/1828/1270 1826/1826/1268 1806/1806/1248
f 1828/1828/1270 1806/1806/1248 1804/1804/1246
f 1809/1809/1251 1827/1827/1269 1829/1829/1271
f 1807/1807/1249 1809/1809/1251 1829/1829/1271
f 1830/1830/1272 1828/1828/1270 1804/1804/1246
f 1830/1830/1272 1804/1804/1246 1802/1802/1244
f 1807/1807/1249 1829/1829/1271 1831/1831/1273
f 1805/1805/1247 1807/1807/1249 1831/1831/1273
f 1832/1832/1274 1830/1830/1272 1802/1802/1244
f 1832/1832/1274 1802/1802/1244 1800/1800/1242
f 1805/1805/1247 1831/1831/1273 1833/1833/1275
f 1803/1803/1245 1805/1805/1247 1833/1833/1275
f 1834/1834/1276 1832/1832/1274 1800/1800/1242
f 1834/1834/1276 1800/1800/1242 1798/1798/1240
f 1803/1803/1245 1833/1833/1275 1835/1835/1277
f 1801/1801/1243 1803/1803/1245 1835/1835/1277
f 1836/1836/1278 1834/1834/1276 1798/1798/1240
f 1836/1836/1278 1798/1798/1240 1796/1796/1238
f 1801/1801/1243 1835/1835/1277 1837/1837/1279
f 1799/1799/1241 1801/1801/1243 1837/1837/1279
f 1838/1838/1280 1836/1836/1278 1796/1796/1238
f 1838/1838/1280 1796/1796/1238 1794/1794/1236
f 1799/1799/1241 1837/1837/1279 1839/1839/1281
f 1797/1797/1239 1799/1799/1241 1839/1839/1281
f 1840/1840/1282 1838/1838/1280 1794/1794/1236
f 1840/1840/1282 1794/1794/1236 1792/1792/1234
f 1797/1797/1239 1839/1839/1281 1841/1841/1283
f 1795/1795/1237 1797/1797/1239 1841/1841/1283
f 1842/1842/1284 1840/1840/1282 1792/1792/1234
f 1842/1842/1284 1792/1792/1234 1790/1790/1232
f 1795/1795/1237 1841/1841/1283 1843/1843/1285
f 1793/1793/1235 1795/1795/1237 1843/1843/1285
f 1790/1790/1232 1844/1844/1286 1842/1842/1284
f 1790/1790/1232 1788/1788/1230 1844/1844/1286
f 1793/1793/1235 1843/1843/1285 1845/1845/1287
f 1791/1791/1233 1793/1793/1235 1845/1845/1287
f 1788/1788/1230 1846/1846/1288 1844/1844/1286
f 1788/1788/1230 1786/1786/1228 1846/1846/1288
f 1791/1791/1233 1845/1845/1287 1847/1847/1289
f 1789/1789/1231 1791/1791/1233 1847/1847/1289
f 1786/1786/1228 1848/1848/1290 1846/1846/1288
f 1786/1786/1228 1784/1784/1226 1848/1848/1290
f 1789/1789/1231 1847/1847/1289 1849/1849/1291
f 1787/1787/1229 1789/1789/1231 1849/1849/1291
f 1784/1784/1226 1850/1850/1292 1848/1848/1290
f 1784/1784/1226 1782/1782/1224 1850/1850/1292
f 1787/1787/1229 1849/1849/1291 1851/1851/1293
f 1785/1785/1227 1787/1787/1229 1851/1851/1293
f 1782/1782/1224 1852/1852/1294 1850/1850/1292
f 1782/1782/1224 1780/1780/1222 1852/1852/1294
f 1785/1785/1227 1851/1851/1293 1853/1853/1295
f 1783/1783/1225 1785/1785/1227 1853/1853/1295
f 1780/1780/1222 1854/1854/1296 1852/1852/1294
f 1780/1780/1222 1778/1778/1220 1854/1854/1296
f 1783/1783/1225 1853/1853/1295 1855/1855/1297
f 1781/1781/1223 1783/1783/1225 1855/1855/1297
f 1778/1778/1220 1856/1856/1298 1854/1854/1296
f 1778/1778/1220 1776/1776/1218 1856/1856/1298
f 1781/1781/1223 1855/1855/1297 1857/1857/1299
f 1857/1857/1299 1779/1779/1221 1781/1781/1223
f 1776/1776/1218 1858/1858/1300 1856/1856/1298
f 1776/1776/1218 1774/1774/1216 1858/1858/1300
f 1857/1857/1299 1859/1859/1301 1779/1779/1221
f 1859/1859/1301 1777/1777/1219 1779/1779/1221
f 1774/1774/1216 1860/1860/1302 1858/1858/1300
f 1774/1774/1216 1772/1772/1214 1860/1860/1302
f 1859/1859/1301 1861/1861/1303 1777/1777/1219
f 1861/1861/1303 1775/1775/1217 1777/1777/1219
f 1772/1772/1214 1862/1862/1304 1860/1860/1302
f 1772/1772/1214 1770/1770/1212 1862/1862/1304
f 1861/1861/1303 1863/1863/1305 1775/1775/1217
f 1863/1863/1305 1773/1773/1215 1775/1775/1217
f 1770/1770/1212 1864/1864/1306 1862/1862/1304
f 1770/1770/1212 1768/1768/1210 1864/1864/1306
f 1863/1863/1305 1865/1865/1307 1773/1773/1215
f 1865/1865/1307 1771/1771/1213 1773/1773/1215
f 1768/1768/1210 1866/1866/1308 1864/1864/1306
f 1768/1768/1210 1766/1766/1208 1866/1866/1308
f 1865/1865/1307 1867/1867/1309 1771/1771/1213
f 1867/1867/1309 1769/1769/1211 1771/1771/1213
f 1766/1766/1208 1868/1868/1310 1866/1866/1308
f 1766/1766/1208 1764/1764/1206 1868/1868/1310
f 1867/1867/1309 1869/1869/1311 1769/1769/1211
f 1869/1869/1311 1767/1767/1209 1769/1769/1211
f 1764/1764/1206 1870/1870/1312 1868/1868/1310
f 1764/1764/1206 1762/1762/1204 1870/1870/1312
f 1869/1869/1311 1871/1871/1313 1767/1767/1209
f 1871/1871/1313 1765/1765/1207 1767/1767/1209
f 1762/1762/1204 1872/1872/1314 1870/1870/1312
f 1762/1762/1204 1760/1760/1202 1872/1872/1314
f 1871/1871/1313 1873/1873/1315 1765/1765/1207
f 1873/1873/1315 1763/1763/1205 1765/1765/1207
f 1760/1760/1202 1874/1874/1316 1872/1872/1314
f 1760/1760/1202 1754/1754/1196 1874/1874/1316
f 1873/1873/1315 1875/1875/1317 1763/1763/1205
f 1875/1875/1317 1761/1761/1203 1763/1763/1205
f 1876/1876/1318 1874/1874/1316 1754/1754/1196
f 1876/1876/1318 1754/1754/1196 1755/1755/1197
f 1875/1875/1317 1877/1877/1319 1761/1761/1203
f 1877/1877/1319 1759/1759/1201 1761/1761/1203
f 1878/1878/1320 1876/1876/1318 1755/1755/1197
f 1878/1878/1320 1755/1755/1197 1756/1756/1198
f 1877/1877/1319 1879/1879/1321 1759/1759/1201
f 1879/1879/1321 1758/1758/1200 1759/1759/1201
f 1880/1880/1322 1878/1878/1320 1756/1756/1198
f 1880/1880/1322 1756/1756/1198 1757/1757/1199
f 1881/1881/1323 1757/1757/1199 1758/1758/1200
f 1879/1879/1321 1881/1881/1323 1758/1758/1200
f 1881/1881/1323 1880/1880/1322 1757/1757/1199
f 1882/1882/1324 1874/1874/1316 1876/1876/1318
f 1883/1883/1325 1876/1876/1318 1878/1878/1320
f 1883/1883/1325 1882/1882/1324 1876/1876/1318
f 1884/1884/1326 1878/1878/1320 1880/1880/1322
f 1884/1884/1326 1883/1883/1325 1878/1878/1320
f 1885/1885/1327 1880/1880/1322 1881/1881/1323
f 1885/1885/1327 1884/1884/1326 1880/1880/1322
f 1886/1886/1328 1881/1881/1323 1879/1879/1321
f 1886/1886/1328 1885/1885/1327 1881/1881/1323
f 1887/1887/1329 1879/1879/1321 1877/1877/1319
f 1887/1887/1329 1886/1886/1328 1879/1879/1321
f 1882/1882/1324 1888/1888/1330 1874/1874/1316
f 1872/1872/1314 1874/1874/1316 1888/1888/1330
f 1872/1872/1314 1888/1888/1330 1889/1889/1331
f 1870/1870/1312 1872/1872/1314 1889/1889/1331
f 1882/1882/1324 1890/1890/1332 1888/1888/1330
f 1889/1889/1331 1888/1888/1330 1890/1890/1332
f 1883/1883/1325 1891/1891/1333 1882/1882/1324
f 1882/1882/1324 1891/1891/1333 1890/1890/1332
f 1884/1884/1326 1892/1892/1334 1883/1883/1325
f 1883/1883/1325 1892/1892/1334 1891/1891/1333
f 1885/1885/1327 1893/1893/1335 1884/1884/1326
f 1884/1884/1326 1893/1893/1335 1892/1892/1334
f 1886/1886/1328 1894/1894/1336 1885/1885/1327
f 1885/1885/1327 1894/1894/1336 1893/1893/1335
f 1870/1870/1312 1889/1889/1331 1895/1895/1337
f 1868/1868/1310 1870/1870/1312 1895/1895/1337
f 1889/1889/1331 1890/1890/1332 1896/1896/1338
f 1895/1895/1337 1889/1889/1331 1896/1896/1338
f 1891/1891/1333 1897/1897/1339 1890/1890/1332
f 1896/1896/1338 1890/1890/1332 1897/1897/1339
f 1892/1892/1334 1898/1898/1340 1891/1891/1333
f 1891/1891/1333 1898/1898/1340 1897/1897/1339
f 1893/1893/1335 1899/1899/1341 1892/1892/1334
f 1892/1892/1334 1899/1899/1341 1898/1898/1340
f 1868/1868/1310 1895/1895/1337 1900/1900/1342
f 1866/1866/1308 1868/1868/1310 1900/1900/1342
f 1895/1895/1337 1896/1896/1338 1901/1901/1343
f 1900/1900/1342 1895/1895/1337 1901/1901/1343
f 1896/1896/1338 1897/1897/1339 1902/1902/1344
f 1901/1901/1343 1896/1896/1338 1902/1902/1344
f 1898/1898/1340 1903/1903/1345 1897/1897/1339
f 1902/1902/1344 1897/1897/1339 1903/1903/1345
f 1866/1866/1308 1900/1900/1342 1904/1904/1346
f 1864/1864/1306 1866/1866/1308 1904/1904/1346
f 1900/1900/1342 1901/1901/1343 1905/1905/1347
f 1904/1904/1346 1900/1900/1342 1905/1905/1347
f 1901/1901/1343 1902/1902/1344 1906/1906/1348
f 1905/1905/1347 1901/1901/1343 1906/1906/1348
f 1864/1864/1306 1904/1904/1346 1907/1907/1349
f 1862/1862/1304 1864/1864/1306 1907/1907/1349
f 1904/1904/1346 1905/1905/1347 1908/1908/1350
f 1907/1907/1349 1904/1904/1346 1908/1908/1350
f 1862/1862/1304 1907/1907/1349 1909/1909/1351
f 1860/1860/1302 1862/1862/1304 1909/1909/1351
f 1898/1898/1340 1910/1910/1352 1903/1903/1345
f 1899/1899/1341 1910/1910/1352 1898/1898/1340
f 1902/1902/1344 1903/1903/1345 1911/1911/1353
f 1906/1906/1348 1902/1902/1344 1911/1911/1353
f 1905/1905/1347 1906/1906/1348 1912/1912/1354
f 1908/1908/1350 1905/1905/1347 1912/1912/1354
f 1907/1907/1349 1908/1908/1350 1913/1913/1355
f 1909/1909/1351 1907/1907/1349 1913/1913/1355
f 1860/1860/1302 1909/1909/1351 1914/1914/1356
f 1858/1858/1300 1860/1860/1302 1914/1914/1356
f 1910/1910/1352 1915/1915/1357 1903/1903/1345
f 1911/1911/1353 1903/1903/1345 1915/1915/1357
f 1906/1906/1348 1911/1911/1353 1916/1916/1358
f 1912/1912/1354 1906/1906/1348 1916/1916/1358
f 1908/1908/1350 1912/1912/1354 1917/1917/1359
f 1913/1913/1355 1908/1908/1350 1917/1917/1359
f 1909/1909/1351 1913/1913/1355 1918/1918/1360
f 1914/1914/1356 1909/1909/1351 1918/1918/1360
f 1858/1858/1300 1914/1914/1356 1919/1919/1361
f 1856/1856/1298 1858/1858/1300 1919/1919/1361
f 1911/1911/1353 1915/1915/1357 1920/1920/1362
f 1916/1916/1358 1911/1911/1353 1920/1920/1362
f 1912/1912/1354 1916/1916/1358 1921/1921/1363
f 1917/1917/1359 1912/1912/1354 1921/1921/1363
f 1913/1913/1355 1917/1917/1359 1922/1922/1364
f 1918/1918/1360 1913/1913/1355 1922/1922/1364
f 1914/1914/1356 1918/1918/1360 1923/1923/1365
f 1919/1919/1361 1914/1914/1356 1923/1923/1365
f 1856/1856/1298 1919/1919/1361 1924/1924/1366
f 1854/1854/1296 1856/1856/1298 1924/1924/1366
f 1916/1916/1358 1920/1920/1362 1925/1925/1367
f 1921/1921/1363 1916/1916/1358 1925/1925/1367
f 1917/1917/1359 1921/1921/1363 1926/1926/1368
f 1922/1922/1364 1917/1917/1359 1926/1926/1368
f 1918/1918/1360 1922/1922/1364 1927/1927/1369
f 1923/1923/1365 1918/1918/1360 1927/1927/1369
f 1919/1919/1361 1923/1923/1365 1928/1928/1370
f 1924/1924/1366 1919/1919/1361 1928/1928/1370
f 1854/1854/1296 1924/1924/1366 1929/1929/1371
f 1852/1852/1294 1854/1854/1296 1929/1929/1371
f 1921/1921/1363 1925/1925/1367 1930/1930/1372
f 1926/1926/1368 1921/1921/1363 1930/1930/1372
f 1922/1922/1364 1926/1926/1368 1931/1931/1373
f 1927/1927/1369 1922/1922/1364 1931/1931/1373
f 1923/1923/1365 1927/1927/1369 1932/1932/1374
f 1928/1928/1370 1923/1923/1365 1932/1932/1374
f 1924/1924/1366 1928/1928/1370 1933/1933/1375
f 1929/1929/1371 1924/1924/1366 1933/1933/1375
f 1852/1852/1294 1929/1929/1371 1934/1934/1376
f 1850/1850/1292 1852/1852/1294 1934/1934/1376
f 1926/1926/1368 1930/1930/1372 1935/1935/1377
f 1931/1931/1373 1926/1926/1368 1935/1935/1377
f 1927/1927/1369 1931/1931/1373 1936/1936/1378
f 1932/1932/1374 1927/1927/1369 1936/1936/1378
f 1928/1928/1370 1932/1932/1374 1937/1937/1379
f 1933/1933/1375 1928/1928/1370 1937/1937/1379
f 1929/1929/1371 1933/1933/1375 1938/1938/1380
f 1934/1934/1376 1929/1929/1371 1938/1938/1380
f 1850/1850/1292 1934/1934/1376 1939/1939/1381
f 1848/1848/1290 1850/1850/1292 1939/1939/1381
f 1931/1931/1373 1935/1935/1377 1940/1940/1382
f 1936/1936/1378 1931/1931/1373 1940/1940/1382
f 1932/1932/1374 1936/1936/1378 1941/1941/1383
f 1937/1937/1379 1932/1932/1374 1941/1941/1383
f 1933/1933/1375 1937/1937/1379 1942/1942/1384
f 1938/1938/1380 1933/1933/1375 1942/1942/1384
f 1934/1934/1376 1938/1938/1380 1943/1943/1385
f 1939/1939/1381 1934/1934/1376 1943/1943/1385
f 1848/1848/1290 1939/1939/1381 1944/1944/1386
f 1846/1846/1288 1848/1848/1290 1944/1944/1386
f 1936/1936/1378 1940/1940/1382 1945/1945/1387
f 1941/1941/1383 1936/1936/1378 1945/1945/1387
f 1937/1937/1379 1941/1941/1383 1946/1946/1388
f 1942/1942/1384 1937/1937/1379 1946/1946/1388
f 1938/1938/1380 1942/1942/1384 1947/1947/1389
f 1943/1943/1385 1938/1938/1380 1947/1947/1389
f 1939/1939/1381 1943/1943/1385 1948/1948/1390
f 1944/1944/1386 1939/1939/1381 1948/1948/1390
f 1846/1846/1288 1944/1944/1386 1949/1949/1391
f 1844/1844/1286 1846/1846/1288 1949/1949/1391
f 1941/1941/1383 1945/1945/1387 1950/1950/1392
f 1946/1946/1388 1941/1941/1383 1950/1950/1392
f 1942/1942/1384 1946/1946/1388 1951/1951/1393
f 1947/1947/1389 1942/1942/1384 1951/1951/1393
f 1943/1943/1385 1947/1947/1389 1952/1952/1394
f 1948/1948/1390 1943/1943/1385 1952/1952/1394
f 1944/1944/1386 1948/1948/1390 1953/1953/1395
f 1949/1949/1391 1944/1944/1386 1953/1953/1395
f 1844/1844/1286 1949/1949/1391 1954/1954/1396
f 1842/1842/1284 1844/1844/1286 1954/1954/1396
f 1946/1946/1388 1950/1950/1392 1955/1955/1397
f 1951/1951/1393 1946/1946/1388 1955/1955/1397
f 1947/1947/1389 1951/1951/1393 1956/1956/1398
f 1952/1952/1394 1947/1947/1389 1956/1956/1398
f 1948/1948/1390 1952/1952/1394 1957/1957/1399
f 1953/1953/1395 1948/1948/1390 1957/1957/1399
f 1949/1949/1391 1953/1953/1395 1958/1958/1400
f 1954/1954/1396 1949/1949/1391 1958/1958/1400
f 1842/1842/1284 1954/1954/1396 1959/1959/1401
f 1959/1959/1401 1840/1840/1282 1842/1842/1284
f 1951/1951/1393 1955/1955/1397 1960/1960/1402
f 1956/1956/1398 1951/1951/1393 1960/1960/1402
f 1952/1952/1394 1956/1956/1398 1961/1961/1403
f 1957/1957/1399 1952/1952/1394 1961/1961/1403
f 1953/1953/1395 1957/1957/1399 1962/1962/1404
f 1958/1958/1400 1953/1953/1395 1962/1962/1404
f 1954/1954/1396 1958/1958/1400 1963/1963/1405
f 1959/1959/1401 1954/1954/1396 1963/1963/1405
f 1959/1959/1401 1964/1964/1406 1840/1840/1282
f 1964/1964/1406 1838/1838/1280 1840/1840/1282
f 1956/1956/1398 1960/1960/1402 1965/1965/1407
f 1961/1961/1403 1956/1956/1398 1965/1965/1407
f 1957/1957/1399 1961/1961/1403 1966/1966/1408
f 1962/1962/1404 1957/1957/1399 1966/1966/1408
f 1958/1958/1400 1962/1962/1404 1967/1967/1409
f 1963/1963/1405 1958/1958/1400 1967/1967/1409
f 1964/1964/1406 1968/1968/1410 1838/1838/1280
f 1968/1968/1410 1836/1836/1278 1838/1838/1280
f 1961/1961/1403 1965/1965/1407 1969/1969/1411
f 1966/1966/1408 1961/1961/1403 1969/1969/1411
f 1962/1962/1404 1966/1966/1408 1970/1970/1412
f 1967/1967/1409 1962/1962/1404 1970/1970/1412
f 1968/1968/1410 1971/1971/1413 1836/1836/1278
f 1971/1971/1413 1834/1834/1276 1836/1836/1278
f 1966/1966/1408 1969/1969/1411 1972/1972/1414
f 1970/1970/1412 1966/1966/1408 1972/1972/1414
f 1971/1971/1413 1973/1973/1415 1834/1834/1276
f 1973/1973/1415 1832/1832/1274 1834/1834/1276
f 1973/1973/1415 1974/1974/1416 1832/1832/1274
f 1974/1974/1416 1830/1830/1272 1832/1832/1274
f 1974/1974/1416 1975/1975/1417 1830/1830/1272
f 1975/1975/1417 1828/1828/1270 1830/1830/1272
f 1975/1975/1417 1976/1976/1418 1828/1828/1270
f 1976/1976/1418 1826/1826/1268 1828/1828/1270
f 1976/1976/1418 1977/1977/1419 1826/1826/1268
f 1977/1977/1419 1824/1824/1266 1826/1826/1268
f 1977/1977/1419 1978/1978/1420 1824/1824/1266
f 1978/1978/1420 1818/1818/1260 1824/1824/1266
f 1978/1978/1420 1979/1979/1421 1818/1818/1260
f 1979/1979/1421 1819/1819/1261 1818/1818/1260
f 1979/1979/1421 1980/1980/1422 1819/1819/1261
f 1980/1980/1422 1820/1820/1262 1819/1819/1261
f 1980/1980/1422 1981/1981/1423 1820/1820/1262
f 1981/1981/1423 1821/1821/1263 1820/1820/1262
f 1981/1981/1423 1982/1982/1424 1821/1821/1263
f 1982/1982/1424 1822/1822/1264 1821/1821/1263
f 1982/1982/1424 1983/1983/1425 1822/1822/1264
f 1983/1983/1425 1823/1823/1265 1822/1822/1264
f 1983/1983/1425 1984/1984/1426 1823/1823/1265
f 1984/1984/1426 1825/1825/1267 1823/1823/1265
f 1984/1984/1426 1985/1985/1427 1825/1825/1267
f 1827/1827/1269 1825/1825/1267 1985/1985/1427
f 1827/1827/1269 1985/1985/1427 1986/1986/1428
f 1829/1829/1271 1827/1827/1269 1986/1986/1428
f 1984/1984/1426 1987/1987/1429 1985/1985/1427
f 1986/1986/1428 1985/1985/1427 1987/1987/1429
f 1983/1983/1425 1988/1988/1430 1984/1984/1426
f 1984/1984/1426 1988/1988/1430 1987/1987/1429
f 1982/1982/1424 1989/1989/1431 1983/1983/1425
f 1983/1983/1425 1989/1989/1431 1988/1988/1430
f 1981/1981/1423 1990/1990/1432 1982/1982/1424
f 1982/1982/1424 1990/1990/1432 1989/1989/1431
f 1829/1829/1271 1986/1986/1428 1991/1991/1433
f 1831/1831/1273 1829/1829/1271 1991/1991/1433
f 1986/1986/1428 1987/1987/1429 1992/1992/1434
f 1991/1991/1433 1986/1986/1428 1992/1992/1434
f 1988/1988/1430 1993/1993/1435 1987/1987/1429
f 1992/1992/1434 1987/1987/1429 1993/1993/1435
f 1989/1989/1431 1994/1994/1436 1988/1988/1430
f 1988/1988/1430 1994/1994/1436 1993/1993/1435
f 1831/1831/1273 1991/1991/1433 1995/1995/1437
f 1833/1833/1275 1831/1831/1273 1995/1995/1437
f 1991/1991/1433 1992/1992/1434 1996/1996/1438
f 1995/1995/1437 1991/1991/1433 1996/1996/1438
f 1992/1992/1434 1993/1993/1435 1997/1997/1439
f 1996/1996/1438 1992/1992/1434 1997/1997/1439
f 1833/1833/1275 1995/1995/1437 1998/1998/1440
f 1835/1835/1277 1833/1833/1275 1998/1998/1440
f 1995/1995/1437 1996/1996/1438 1999/1999/1441
f 1998/1998/1440 1995/1995/1437 1999/1999/1441
f 1835/1835/1277 1998/1998/1440 2000/2000/1442
f 1837/1837/1279 1835/1835/1277 2000/2000/1442
f 1989/1989/1431 2001/2001/1443 1994/1994/1436
f 1990/1990/1432 2001/2001/1443 1989/1989/1431
f 1994/1994/1436 2002/2002/1444 1993/1993/1435
f 1997/1997/1439 1993/1993/1435 2002/2002/1444
f 1996/1996/1438 1997/1997/1439 2003/2003/1445
f 1999/1999/1441 1996/1996/1438 2003/2003/1445
f 1998/1998/1440 1999/1999/1441 2004/2004/1446
f 2000/2000/1442 1998/1998/1440 2004/2004/1446
f 1837/1837/1279 2000/2000/1442 2005/2005/1447
f 1839/1839/1281 1837/1837/1279 2005/2005/1447
f 2001/2001/1443 2006/2006/1448 1994/1994/1436
f 1994/1994/1436 2006/2006/1448 2002/2002/1444
f 1997/1997/1439 2002/2002/1444 2007/2007/1449
f 2003/2003/1445 1997/1997/1439 2007/2007/1449
f 1999/1999/1441 2003/2003/1445 2008/2008/1450
f 2004/2004/1446 1999/1999/1441 2008/2008/1450
f 2000/2000/1442 2004/2004/1446 2009/2009/1451
f 2005/2005/1447 2000/2000/1442 2009/2009/1451
f 1839/1839/1281 2005/2005/1447 2010/2010/1452
f 1841/1841/1283 1839/1839/1281 2010/2010/1452
f 2006/2006/1448 2011/2011/1453 2002/2002/1444
f 2007/2007/1449 2002/2002/1444 2011/2011/1453
f 2003/2003/1445 2007/2007/1449 2012/2012/1454
f 2008/2008/1450 2003/2003/1445 2012/2012/1454
f 2004/2004/1446 2008/2008/1450 2013/2013/1455
f 2009/2009/1451 2004/2004/1446 2013/2013/1455
f 2005/2005/1447 2009/2009/1451 2014/2014/1456
f 2010/2010/1452 2005/2005/1447 2014/2014/1456
f 1841/1841/1283 2010/2010/1452 2015/2015/1457
f 1843/1843/1285 1841/1841/1283 2015/2015/1457
f 2007/2007/1449 2011/2011/1453 2016/2016/1458
f 2012/2012/1454 2007/2007/1449 2016/2016/1458
f 2008/2008/1450 2012/2012/1454 2017/2017/1459
f 2013/2013/1455 2008/2008/1450 2017/2017/1459
f 2009/2009/1451 2013/2013/1455 2018/2018/1460
f 2014/2014/1456 2009/2009/1451 2018/2018/1460
f 2010/2010/1452 2014/2014/1456 2019/2019/1461
f 2015/2015/1457 2010/2010/1452 2019/2019/1461
f 1843/1843/1285 2015/2015/1457 2020/2020/1462
f 1845/1845/1287 1843/1843/1285 2020/2020/1462
f 2012/2012/1454 2016/2016/1458 2021/2021/1463
f 2017/2017/1459 2012/2012/1454 2021/2021/1463
f 2013/2013/1455 2017/2017/1459 2022/2022/1464
f 2018/2018/1460 2013/2013/1455 2022/2022/1464
f 2014/2014/1456 2018/2018/1460 2023/2023/1465
f 2019/2019/1461 2014/2014/1456 2023/2023/1465
f 2015/2015/1457 2019/2019/1461 2024/2024/1466
f 2020/2020/1462 2015/2015/1457 2024/2024/1466
f 1845/1845/1287 2020/2020/1462 2025/2025/1467
f 1847/1847/1289 1845/1845/1287 2025/2025/1467
f 2017/2017/1459 2021/2021/1463 2026/2026/1468
f 2022/2022/1464 2017/2017/1459 2026/2026/1468
f 2018/2018/1460 2022/2022/1464 2027/2027/1469
f 2023/2023/1465 2018/2018/1460 2027/2027/1469
f 2019/2019/1461 2023/2023/1465 2028/2028/1470
f 2024/2024/1466 2019/2019/1461 2028/2028/1470
f 2020/2020/1462 2024/2024/1466 2029/2029/1471
f 2025/2025/1467 2020/2020/1462 2029/2029/1471
f 1847/1847/1289 2025/2025/1467 2030/2030/1472
f 1849/1849/1291 1847/1847/1289 2030/2030/1472
f 2022/2022/1464 2026/2026/1468 2031/2031/1473
f 2027/2027/1469 2022/2022/1464 2031/2031/1473
f 2023/2023/1465 2027/2027/1469 2032/2032/1474
f 2028/2028/1470 2023/2023/1465 2032/2032/1474
f 2024/2024/1466 2028/2028/1470 2033/2033/1475
f 2029/2029/1471 2024/2024/1466 2033/2033/1475
f 2025/2025/1467 2029/2029/1471 2034/2034/1476
f 2030/2030/1472 2025/2025/1467 2034/2034/1476
f 1849/1849/1291 2030/2030/1472 2035/2035/1477
f 1851/1851/1293 1849/1849/1291 2035/2035/1477
f 2027/2027/1469 2031/2031/1473 2036/2036/1478
f 2032/2032/1474 2027/2027/1469 2036/2036/1478
f 2028/2028/1470 2032/2032/1474 2037/2037/1479
f 2033/2033/1475 2028/2028/1470 2037/2037/1479
f 2029/2029/1471 2033/2033/1475 2038/2038/1480
f 2034/2034/1476 2029/2029/1471 2038/2038/1480
f 2030/2030/1472 2034/2034/1476 2039/2039/1481
f 2035/2035/1477 2030/2030/1472 2039/2039/1481
f 1851/1851/1293 2035/2035/1477 2040/2040/1482
f 1853/1853/1295 1851/1851/1293 2040/2040/1482
f 2032/2032/1474 2036/2036/1478 2041/2041/1483
f 2037/2037/1479 2032/2032/1474 2041/2041/1483
f 2033/2033/1475 2037/2037/1479 2042/2042/1484
f 2038/2038/1480 2033/2033/1475 2042/2042/1484
f 2034/2034/1476 2038/2038/1480 2043/2043/1485
f 2039/2039/1481 2034/2034/1476 2043/2043/1485
f 2035/2035/1477 2039/2039/1481 2044/2044/1486
f 2040/2040/1482 2035/2035/1477 2044/2044/1486
f 1853/1853/1295 2040/2040/1482 2045/2045/1487
f 1855/1855/1297 1853/1853/1295 2045/2045/1487
f 2037/2037/1479 2041/2041/1483 2046/2046/1488
f 2042/2042/1484 2037/2037/1479 2046/2046/1488
f 2038/2038/1480 2042/2042/1484 2047/2047/1489
f 2043/2043/1485 2038/2038/1480 2047/2047/1489
f 2039/2039/1481 2043/2043/1485 2048/2048/1490
f 2044/2044/1486 2039/2039/1481 2048/2048/1490
f 2040/2040/1482 2044/2044/1486 2049/2049/1491
f 2045/2045/1487 2040/2040/1482 2049/2049/1491
f 1855/1855/1297 2045/2045/1487 2050/2050/1492
f 1857/1857/1299 1855/1855/1297 2050/2050/1492
f 2042/2042/1484 2046/2046/1488 2051/2051/1493
f 2047/2047/1489 2042/2042/1484 2051/2051/1493
f 2043/2043/1485 2047/2047/1489 2052/2052/1494
f 2048/2048/1490 2043/2043/1485 2052/2052/1494
f 2044/2044/1486 2048/2048/1490 2053/2053/1495
f 2049/2049/1491 2044/2044/1486 2053/2053/1495
f 2045/2045/1487 2049/2049/1491 2054/2054/1496
f 2050/2050/1492 2045/2045/1487 2054/2054/1496
f 1857/1857/1299 2050/2050/1492 2055/2055/1497
f 2055/2055/1497 1859/1859/1301 1857/1857/1299
f 2047/2047/1489 2051/2051/1493 2056/2056/1498
f 2052/2052/1494 2047/2047/1489 2056/2056/1498
f 2048/2048/1490 2052/2052/1494 2057/2057/1499
f 2053/2053/1495 2048/2048/1490 2057/2057/1499
f 2049/2049/1491 2053/2053/1495 2058/2058/1500
f 2054/2054/1496 2049/2049/1491 2058/2058/1500
f 2050/2050/1492 2054/2054/1496 2059/2059/1501
f 2055/2055/1497 2050/2050/1492 2059/2059/1501
f 2055/2055/1497 2060/2060/1502 1859/1859/1301
f 2060/2060/1502 1861/1861/1303 1859/1859/1301
f 2052/2052/1494 2056/2056/1498 2061/2061/1503
f 2057/2057/1499 2052/2052/1494 2061/2061/1503
f 2053/2053/1495 2057/2057/1499 2062/2062/1504
f 2058/2058/1500 2053/2053/1495 2062/2062/1504
f 2054/2054/1496 2058/2058/1500 2063/2063/1505
f 2059/2059/1501 2054/2054/1496 2063/2063/1505
f 2060/2060/1502 2064/2064/1506 1861/1861/1303
f 2064/2064/1506 1863/1863/1305 1861/1861/1303
f 2057/2057/1499 2061/2061/1503 2065/2065/1507
f 2062/2062/1504 2057/2057/1499 2065/2065/1507
f 2058/2058/1500 2062/2062/1504 2066/2066/1508
f 2063/2063/1505 2058/2058/1500 2066/2066/1508
f 2064/2064/1506 2067/2067/1509 1863/1863/1305
f 2067/2067/1509 1865/1865/1307 1863/1863/1305
f 2062/2062/1504 2065/2065/1507 2068/2068/1510
f 2066/2066/1508 2062/2062/1504 2068/2068/1510
f 2067/2067/1509 2069/2069/1511 1865/1865/1307
f 2069/2069/1511 1867/1867/1309 1865/1865/1307
f 2069/2069/1511 2070/2070/1512 1867/1867/1309
f 2070/2070/1512 1869/1869/1311 1867/1867/1309
f 2070/2070/1512 2071/2071/1513 1869/1869/1311
f 2071/2071/1513 1871/1871/1313 1869/1869/1311
f 2071/2071/1513 2072/2072/1514 1871/1871/1313
f 2072/2072/1514 1873/1873/1315 1871/1871/1313
f 2072/2072/1514 2073/2073/1515 1873/1873/1315
f 2073/2073/1515 1875/1875/1317 1873/1873/1315
f 2073/2073/1515 2074/2074/1516 1875/1875/1317
f 2074/2074/1516 1877/1877/1319 1875/1875/1317
f 2074/2074/1516 1887/1887/1329 1877/1877/1319
f 2067/2067/1509 2075/2075/1517 2069/2069/1511
f 2069/2069/1511 2076/2076/1518 2070/2070/1512
f 2069/2069/1511 2075/2075/1517 2076/2076/1518
f 2070/2070/1512 2077/2077/1519 2071/2071/1513
f 2070/2070/1512 2076/2076/1518 2077/2077/1519
f 2071/2071/1513 2078/2078/1520 2072/2072/1514
f 2071/2071/1513 2077/2077/1519 2078/2078/1520
f 2072/2072/1514 2079/2079/1521 2073/2073/1515
f 2072/2072/1514 2078/2078/1520 2079/2079/1521
f 2073/2073/1515 2080/2080/1522 2074/2074/1516
f 2073/2073/1515 2079/2079/1521 2080/2080/1522
f 2074/2074/1516 2081/2081/1523 1887/1887/1329
f 2074/2074/1516 2080/2080/1522 2081/2081/1523
f 2067/2067/1509 2082/2082/1524 2075/2075/1517
f 2064/2064/1506 2082/2082/1524 2067/2067/1509
f 1887/1887/1329 2081/2081/1523 2083/2083/1525
f 1887/1887/1329 2083/2083/1525 1886/1886/1328
f 1886/1886/1328 2083/2083/1525 1894/1894/1336
f 2064/2064/1506 2084/2084/1526 2082/2082/1524
f 2060/2060/1502 2084/2084/1526 2064/2064/1506
f 2060/2060/1502 2085/2085/1527 2084/2084/1526
f 2055/2055/1497 2085/2085/1527 2060/2060/1502
f 2055/2055/1497 2086/2086/1528 2085/2085/1527
f 2055/2055/1497 2059/2059/1501 2086/2086/1528
f 2086/2086/1528 2059/2059/1501 2087/2087/1529
f 2059/2059/1501 2063/2063/1505 2087/2087/1529
f 2087/2087/1529 2063/2063/1505 2088/2088/1530
f 2063/2063/1505 2066/2066/1508 2088/2088/1530
f 2088/2088/1530 2066/2066/1508 2089/2089/1531
f 2066/2066/1508 2068/2068/1510 2089/2089/1531
f 2083/2083/1525 2090/2090/1532 1894/1894/1336
f 2083/2083/1525 2091/2091/1533 2090/2090/1532
f 2081/2081/1523 2091/2091/1533 2083/2083/1525
f 1894/1894/1336 2090/2090/1532 2092/2092/1534
f 1894/1894/1336 2092/2092/1534 1893/1893/1335
f 1893/1893/1335 2092/2092/1534 1899/1899/1341
f 2092/2092/1534 2093/2093/1535 1899/1899/1341
f 1899/1899/1341 2093/2093/1535 1910/1910/1352
f 2090/2090/1532 2094/2094/1536 2092/2092/1534
f 2092/2092/1534 2094/2094/1536 2093/2093/1535
f 2093/2093/1535 2095/2095/1537 1910/1910/1352
f 1910/1910/1352 2095/2095/1537 1915/1915/1357
f 2081/2081/1523 2096/2096/1538 2091/2091/1533
f 2080/2080/1522 2096/2096/1538 2081/2081/1523
f 2091/2091/1533 2097/2097/1539 2090/2090/1532
f 2090/2090/1532 2097/2097/1539 2094/2094/1536
f 2094/2094/1536 2098/2098/1540 2093/2093/1535
f 2093/2093/1535 2098/2098/1540 2095/2095/1537
f 2095/2095/1537 2099/2099/1541 1915/1915/1357
f 1920/1920/1362 1915/1915/1357 2099/2099/1541
f 2080/2080/1522 2100/2100/1542 2096/2096/1538
f 2079/2079/1521 2100/2100/1542 2080/2080/1522
f 2096/2096/1538 2101/2101/1543 2091/2091/1533
f 2091/2091/1533 2101/2101/1543 2097/2097/1539
f 2097/2097/1539 2102/2102/1544 2094/2094/1536
f 2094/2094/1536 2102/2102/1544 2098/2098/1540
f 2098/2098/1540 2103/2103/1545 2095/2095/1537
f 2095/2095/1537 2103/2103/1545 2099/2099/1541
f 1920/1920/1362 2099/2099/1541 2104/2104/1546
f 1925/1925/1367 1920/1920/1362 2104/2104/1546
f 2079/2079/1521 2105/2105/1547 2100/2100/1542
f 2078/2078/1520 2105/2105/1547 2079/2079/1521
f 2101/2101/1543 2106/2106/1548 2097/2097/1539
f 2097/2097/1539 2106/2106/1548 2102/2102/1544
f 2102/2102/1544 2107/2107/1549 2098/2098/1540
f 2098/2098/1540 2107/2107/1549 2103/2103/1545
f 2103/2103/1545 2108/2108/1550 2099/2099/1541
f 2104/2104/1546 2099/2099/1541 2108/2108/1550
f 1925/1925/1367 2104/2104/1546 2109/2109/1551
f 1930/1930/1372 1925/1925/1367 2109/2109/1551
f 2078/2078/1520 2110/2110/1552 2105/2105/1547
f 2077/2077/1519 2110/2110/1552 2078/2078/1520
f 2106/2106/1548 2111/2111/1553 2102/2102/1544
f 2102/2102/1544 2111/2111/1553 2107/2107/1549
f 2107/2107/1549 2112/2112/1554 2103/2103/1545
f 2103/2103/1545 2112/2112/1554 2108/2108/1550
f 2104/2104/1546 2108/2108/1550 2113/2113/1555
f 2109/2109/1551 2104/2104/1546 2113/2113/1555
f 1930/1930/1372 2109/2109/1551 2114/2114/1556
f 1935/1935/1377 1930/1930/1372 2114/2114/1556
f 2077/2077/1519 2115/2115/1557 2110/2110/1552
f 2076/2076/1518 2115/2115/1557 2077/2077/1519
f 2111/2111/1553 2116/2116/1558 2107/2107/1549
f 2107/2107/1549 2116/2116/1558 2112/2112/1554
f 2112/2112/1554 2117/2117/1559 2108/2108/1550
f 2113/2113/1555 2108/2108/1550 2117/2117/1559
f 2109/2109/1551 2113/2113/1555 2118/2118/1560
f 2114/2114/1556 2109/2109/1551 2118/2118/1560
f 1935/1935/1377 2114/2114/1556 2119/2119/1561
f 1940/1940/1382 1935/1935/1377 2119/2119/1561
f 2076/2076/1518 2120/2120/1562 2115/2115/1557
f 2075/2075/1517 2120/2120/1562 2076/2076/1518
f 2116/2116/1558 2121/2121/1563 2112/2112/1554
f 2112/2112/1554 2121/2121/1563 2117/2117/1559
f 2113/2113/1555 2117/2117/1559 2122/2122/1564
f 2118/2118/1560 2113/2113/1555 2122/2122/1564
f 2114/2114/1556 2118/2118/1560 2123/2123/1565
f 2119/2119/1561 2114/2114/1556 2123/2123/1565
f 1940/1940/1382 2119/2119/1561 2124/2124/1566
f 1945/1945/1387 1940/1940/1382 2124/2124/1566
f 2075/2075/1517 2125/2125/1567 2120/2120/1562
f 2082/2082/1524 2125/2125/1567 2075/2075/1517
f 2121/2121/1563 2126/2126/1568 2117/2117/1559
f 2122/2122/1564 2117/2117/1559 2126/2126/1568
f 2118/2118/1560 2122/2122/1564 2127/2127/1569
f 2123/2123/1565 2118/2118/1560 2127/2127/1569
f 2119/2119/1561 2123/2123/1565 2128/2128/1570
f 2124/2124/1566 2119/2119/1561 2128/2128/1570
f 1945/1945/1387 2124/2124/1566 2129/2129/1571
f 1950/1950/1392 1945/1945/1387 2129/2129/1571
f 2082/2082/1524 2130/2130/1572 2125/2125/1567
f 2084/2084/1526 2130/2130/1572 2082/2082/1524
f 2122/2122/1564 2126/2126/1568 2131/2131/1573
f 2127/2127/1569 2122/2122/1564 2131/2131/1573
f 2123/2123/1565 2127/2127/1569 2132/2132/1574
f 2128/2128/1570 2123/2123/1565 2132/2132/1574
f 2124/2124/1566 2128/2128/1570 2133/2133/1575
f 2129/2129/1571 2124/2124/1566 2133/2133/1575
f 1950/1950/1392 2129/2129/1571 2134/2134/1576
f 1955/1955/1397 1950/1950/1392 2134/2134/1576
f 2084/2084/1526 2135/2135/1577 2130/2130/1572
f 2085/2085/1527 2135/2135/1577 2084/2084/1526
f 2127/2127/1569 2131/2131/1573 2136/2136/1578
f 2132/2132/1574 2127/2127/1569 2136/2136/1578
f 2128/2128/1570 2132/2132/1574 2137/2137/1579
f 2133/2133/1575 2128/2128/1570 2137/2137/1579
f 2129/2129/1571 2133/2133/1575 2138/2138/1580
f 2134/2134/1576 2129/2129/1571 2138/2138/1580
f 1955/1955/1397 2134/2134/1576 2139/2139/1581
f 1960/1960/1402 1955/1955/1397 2139/2139/1581
f 2085/2085/1527 2140/2140/1582 2135/2135/1577
f 2086/2086/1528 2140/2140/1582 2085/2085/1527
f 2132/2132/1574 2136/2136/1578 2141/2141/1583
f 2137/2137/1579 2132/2132/1574 2141/2141/1583
f 2133/2133/1575 2137/2137/1579 2142/2142/1584
f 2138/2138/1580 2133/2133/1575 2142/2142/1584
f 2134/2134/1576 2138/2138/1580 2143/2143/1585
f 2139/2139/1581 2134/2134/1576 2143/2143/1585
f 1960/1960/1402 2139/2139/1581 2144/2144/1586
f 1965/1965/1407 1960/1960/1402 2144/2144/1586
f 2086/2086/1528 2145/2145/1587 2140/2140/1582
f 2086/2086/1528 2087/2087/1529 2145/2145/1587
f 2137/2137/1579 2141/2141/1583 2146/2146/1588
f 2142/2142/1584 2137/2137/1579 2146/2146/1588
f 2138/2138/1580 2142/2142/1584 2147/2147/1589
f 2143/2143/1585 2138/2138/1580 2147/2147/1589
f 2139/2139/1581 2143/2143/1585 2148/2148/1590
f 2144/2144/1586 2139/2139/1581 2148/2148/1590
f 1965/1965/1407 2144/2144/1586 2149/2149/1591
f 1969/1969/1411 1965/1965/1407 2149/2149/1591
f 2145/2145/1587 2087/2087/1529 2150/2150/1592
f 2087/2087/1529 2088/2088/1530 2150/2150/1592
f 2142/2142/1584 2146/2146/1588 2151/2151/1593
f 2147/2147/1589 2142/2142/1584 2151/2151/1593
f 2143/2143/1585 2147/2147/1589 2152/2152/1594
f 2148/2148/1590 2143/2143/1585 2152/2152/1594
f 2144/2144/1586 2148/2148/1590 2153/2153/1595
f 2149/2149/1591 2144/2144/1586 2153/2153/1595
f 1969/1969/1411 2149/2149/1591 2154/2154/1596
f 1972/1972/1414 1969/1969/1411 2154/2154/1596
f 2150/2150/1592 2088/2088/1530 2155/2155/1597
f 2088/2088/1530 2089/2089/1531 2155/2155/1597
f 2147/2147/1589 2151/2151/1593 2156/2156/1598
f 2152/2152/1594 2147/2147/1589 2156/2156/1598
f 2148/2148/1590 2152/2152/1594 2157/2157/1599
f 2153/2153/1595 2148/2148/1590 2157/2157/1599
f 2149/2149/1591 2153/2153/1595 2158/2158/1600
f 2154/2154/1596 2149/2149/1591 2158/2158/1600
f 2152/2152/1594 2156/2156/1598 2159/2159/1601
f 2157/2157/1599 2152/2152/1594 2159/2159/1601
f 2153/2153/1595 2157/2157/1599 2160/2160/1602
f 2158/2158/1600 2153/2153/1595 2160/2160/1602
f 2157/2157/1599 2159/2159/1601 2161/2161/1603
f 2160/2160/1602 2157/2157/1599 2161/2161/1603
f 2156/2156/1598 2151/2151/1593 2162/2162/1604
f 2159/2159/1601 2156/2156/1598 2163/2163/1605
f 2156/2156/1598 2162/2162/1604 2163/2163/1605
f 2161/2161/1603 2159/2159/1601 2164/2164/1606
f 2159/2159/1601 2163/2163/1605 2164/2164/1606
f 2151/2151/1593 2165/2165/1607 2162/2162/1604
f 2151/2151/1593 2146/2146/1588 2165/2165/1607
f 2146/2146/1588 2166/2166/1608 2165/2165/1607
f 2146/2146/1588 2141/2141/1583 2166/2166/1608
f 2141/2141/1583 2167/2167/1609 2166/2166/1608
f 2141/2141/1583 2136/2136/1578 2167/2167/1609
f 2136/2136/1578 2168/2168/1610 2167/2167/1609
f 2136/2136/1578 2131/2131/1573 2168/2168/1610
f 2131/2131/1573 2169/2169/1611 2168/2168/1610
f 2168/2168/1610 2169/2169/1611 2170/2170/1612
f 2131/2131/1573 2126/2126/1568 2169/2169/1611
f 2167/2167/1609 2168/2168/1610 2171/2171/1613
f 2168/2168/1610 2170/2170/1612 2171/2171/1613
f 2166/2166/1608 2167/2167/1609 2172/2172/1614
f 2167/2167/1609 2171/2171/1613 2172/2172/1614
f 2165/2165/1607 2166/2166/1608 2173/2173/1615
f 2166/2166/1608 2172/2172/1614 2173/2173/1615
f 2162/2162/1604 2165/2165/1607 2174/2174/1616
f 2165/2165/1607 2173/2173/1615 2174/2174/1616
f 2175/2175/1617 2169/2169/1611 2126/2126/1568
f 2121/2121/1563 2175/2175/1617 2126/2126/1568
f 2176/2176/1618 2170/2170/1612 2169/2169/1611
f 2175/2175/1617 2176/2176/1618 2169/2169/1611
f 2177/2177/1619 2175/2175/1617 2121/2121/1563
f 2116/2116/1558 2177/2177/1619 2121/2121/1563
f 2162/2162/1604 2174/2174/1616 2178/2178/1620
f 2163/2163/1605 2162/2162/1604 2178/2178/1620
f 2179/2179/1621 2176/2176/1618 2175/2175/1617
f 2177/2177/1619 2179/2179/1621 2175/2175/1617
f 2180/2180/1622 2177/2177/1619 2116/2116/1558
f 2111/2111/1553 2180/2180/1622 2116/2116/1558
f 2163/2163/1605 2178/2178/1620 2181/2181/1623
f 2164/2164/1606 2163/2163/1605 2181/2181/1623
f 2182/2182/1624 2179/2179/1621 2177/2177/1619
f 2180/2180/1622 2182/2182/1624 2177/2177/1619
f 2183/2183/1625 2180/2180/1622 2111/2111/1553
f 2106/2106/1548 2183/2183/1625 2111/2111/1553
f 2184/2184/1626 2182/2182/1624 2180/2180/1622
f 2183/2183/1625 2184/2184/1626 2180/2180/1622
f 2185/2185/1627 2183/2183/1625 2106/2106/1548
f 2101/2101/1543 2185/2185/1627 2106/2106/1548
f 2186/2186/1628 2184/2184/1626 2183/2183/1625
f 2185/2185/1627 2186/2186/1628 2183/2183/1625
f 2187/2187/1629 2185/2185/1627 2101/2101/1543
f 2096/2096/1538 2187/2187/1629 2101/2101/1543
f 2100/2100/1542 2187/2187/1629 2096/2096/1538
f 2187/2187/1629 2188/2188/1630 2185/2185/1627
f 2188/2188/1630 2186/2186/1628 2185/2185/1627
f 2100/2100/1542 2189/2189/1631 2187/2187/1629
f 2189/2189/1631 2188/2188/1630 2187/2187/1629
f 2105/2105/1547 2189/2189/1631 2100/2100/1542
f 2105/2105/1547 2190/2190/1632 2189/2189/1631
f 2110/2110/1552 2190/2190/1632 2105/2105/1547
f 2189/2189/1631 2191/2191/1633 2188/2188/1630
f 2190/2190/1632 2191/2191/1633 2189/2189/1631
f 2188/2188/1630 2192/2192/1634 2186/2186/1628
f 2191/2191/1633 2192/2192/1634 2188/2188/1630
f 2186/2186/1628 2193/2193/1635 2184/2184/1626
f 2192/2192/1634 2193/2193/1635 2186/2186/1628
f 2110/2110/1552 2194/2194/1636 2190/2190/1632
f 2115/2115/1557 2194/2194/1636 2110/2110/1552
f 2190/2190/1632 2195/2195/1637 2191/2191/1633
f 2194/2194/1636 2195/2195/1637 2190/2190/1632
f 2191/2191/1633 2196/2196/1638 2192/2192/1634
f 2195/2195/1637 2196/2196/1638 2191/2191/1633
f 2115/2115/1557 2197/2197/1639 2194/2194/1636
f 2120/2120/1562 2197/2197/1639 2115/2115/1557
f 2194/2194/1636 2198/2198/1640 2195/2195/1637
f 2197/2197/1639 2198/2198/1640 2194/2194/1636
f 2120/2120/1562 2199/2199/1641 2197/2197/1639
f 2125/2125/1567 2199/2199/1641 2120/2120/1562
f 2193/2193/1635 2200/2200/1642 2184/2184/1626
f 2184/2184/1626 2200/2200/1642 2182/2182/1624
f 2192/2192/1634 2201/2201/1643 2193/2193/1635
f 2196/2196/1638 2201/2201/1643 2192/2192/1634
f 2195/2195/1637 2202/2202/1644 2196/2196/1638
f 2198/2198/1640 2202/2202/1644 2195/2195/1637
f 2197/2197/1639 2203/2203/1645 2198/2198/1640
f 2199/2199/1641 2203/2203/1645 2197/2197/1639
f 2125/2125/1567 2204/2204/1646 2199/2199/1641
f 2130/2130/1572 2204/2204/1646 2125/2125/1567
f 2200/2200/1642 2205/2205/1647 2182/2182/1624
f 2182/2182/1624 2205/2205/1647 2179/2179/1621
f 2196/2196/1638 2206/2206/1648 2201/2201/1643
f 2202/2202/1644 2206/2206/1648 2196/2196/1638
f 2198/2198/1640 2207/2207/1649 2202/2202/1644
f 2203/2203/1645 2207/2207/1649 2198/2198/1640
f 2199/2199/1641 2208/2208/1650 2203/2203/1645
f 2204/2204/1646 2208/2208/1650 2199/2199/1641
f 2130/2130/1572 2209/2209/1651 2204/2204/1646
f 2135/2135/1577 2209/2209/1651 2130/2130/1572
f 2205/2205/1647 2210/2210/1652 2179/2179/1621
f 2179/2179/1621 2210/2210/1652 2176/2176/1618
f 2202/2202/1644 2211/2211/1653 2206/2206/1648
f 2207/2207/1649 2211/2211/1653 2202/2202/1644
f 2203/2203/1645 2212/2212/1654 2207/2207/1649
f 2208/2208/1650 2212/2212/1654 2203/2203/1645
f 2204/2204/1646 2213/2213/1655 2208/2208/1650
f 2209/2209/1651 2213/2213/1655 2204/2204/1646
f 2135/2135/1577 2214/2214/1656 2209/2209/1651
f 2140/2140/1582 2214/2214/1656 2135/2135/1577
f 2210/2210/1652 2215/2215/1657 2176/2176/1618
f 2176/2176/1618 2215/2215/1657 2170/2170/1612
f 2207/2207/1649 2216/2216/1658 2211/2211/1653
f 2212/2212/1654 2216/2216/1658 2207/2207/1649
f 2208/2208/1650 2217/2217/1659 2212/2212/1654
f 2213/2213/1655 2217/2217/1659 2208/2208/1650
f 2209/2209/1651 2218/2218/1660 2213/2213/1655
f 2214/2214/1656 2218/2218/1660 2209/2209/1651
f 2140/2140/1582 2219/2219/1661 2214/2214/1656
f 2145/2145/1587 2219/2219/1661 2140/2140/1582
f 2212/2212/1654 2220/2220/1662 2216/2216/1658
f 2217/2217/1659 2220/2220/1662 2212/2212/1654
f 2213/2213/1655 2221/2221/1663 2217/2217/1659
f 2218/2218/1660 2221/2221/1663 2213/2213/1655
f 2214/2214/1656 2222/2222/1664 2218/2218/1660
f 2219/2219/1661 2222/2222/1664 2214/2214/1656
f 2145/2145/1587 2223/2223/1665 2219/2219/1661
f 2145/2145/1587 2150/2150/1592 2223/2223/1665
f 2217/2217/1659 2224/2224/1666 2220/2220/1662
f 2221/2221/1663 2224/2224/1666 2217/2217/1659
f 2218/2218/1660 2225/2225/1667 2221/2221/1663
f 2222/2222/1664 2225/2225/1667 2218/2218/1660
f 2219/2219/1661 2226/2226/1668 2222/2222/1664
f 2223/2223/1665 2226/2226/1668 2219/2219/1661
f 2223/2223/1665 2150/2150/1592 2227/2227/1669
f 2150/2150/1592 2155/2155/1597 2227/2227/1669
f 2221/2221/1663 2228/2228/1670 2224/2224/1666
f 2225/2225/1667 2228/2228/1670 2221/2221/1663
f 2222/2222/1664 2229/2229/1671 2225/2225/1667
f 2226/2226/1668 2229/2229/1671 2222/2222/1664
f 2223/2223/1665 2230/2230/1672 2226/2226/1668
f 2223/2223/1665 2227/2227/1669 2230/2230/1672
f 2225/2225/1667 2231/2231/1673 2228/2228/1670
f 2229/2229/1671 2231/2231/1673 2225/2225/1667
f 2226/2226/1668 2232/2232/1674 2229/2229/1671
f 2230/2230/1672 2232/2232/1674 2226/2226/1668
f 2229/2229/1671 2233/2233/1675 2231/2231/1673
f 2232/2232/1674 2233/2233/1675 2229/2229/1671
f 2227/2227/1669 2155/2155/1597 2234/2234/1676
f 2230/2230/1672 2227/2227/1669 2235/2235/1677
f 2227/2227/1669 2234/2234/1676 2235/2235/1677
f 2230/2230/1672 2236/2236/1678 2232/2232/1674
f 2230/2230/1672 2235/2235/1677 2236/2236/1678
f 2232/2232/1674 2237/2237/1679 2233/2233/1675
f 2236/2236/1678 2237/2237/1679 2232/2232/1674
f 2155/2155/1597 2238/2238/1680 2234/2234/1676
f 2155/2155/1597 2089/2089/1531 2238/2238/1680
f 2089/2089/1531 2239/2239/1681 2238/2238/1680
f 2089/2089/1531 2068/2068/1510 2239/2239/1681
f 2068/2068/1510 2240/2240/1682 2239/2239/1681
f 2068/2068/1510 2065/2065/1507 2240/2240/1682
f 2065/2065/1507 2241/2241/1683 2240/2240/1682
f 2065/2065/1507 2061/2061/1503 2241/2241/1683
f 2061/2061/1503 2242/2242/1684 2241/2241/1683
f 2061/2061/1503 2056/2056/1498 2242/2242/1684
f 2056/2056/1498 2243/2243/1685 2242/2242/1684
f 2056/2056/1498 2051/2051/1493 2243/2243/1685
f 2051/2051/1493 2244/2244/1686 2243/2243/1685
f 2051/2051/1493 2046/2046/1488 2244/2244/1686
f 2046/2046/1488 2245/2245/1687 2244/2244/1686
f 2046/2046/1488 2041/2041/1483 2245/2245/1687
f 2041/2041/1483 2246/2246/1688 2245/2245/1687
f 2041/2041/1483 2036/2036/1478 2246/2246/1688
f 2036/2036/1478 2247/2247/1689 2246/2246/1688
f 2036/2036/1478 2031/2031/1473 2247/2247/1689
f 2031/2031/1473 2248/2248/1690 2247/2247/1689
f 2031/2031/1473 2026/2026/1468 2248/2248/1690
f 2026/2026/1468 2249/2249/1691 2248/2248/1690
f 2026/2026/1468 2021/2021/1463 2249/2249/1691
f 2021/2021/1463 2250/2250/1692 2249/2249/1691
f 2021/2021/1463 2016/2016/1458 2250/2250/1692
f 2016/2016/1458 2251/2251/1693 2250/2250/1692
f 2016/2016/1458 2011/2011/1453 2251/2251/1693
f 2252/2252/1694 2251/2251/1693 2011/2011/1453
f 2006/2006/1448 2252/2252/1694 2011/2011/1453
f 2253/2253/1695 2252/2252/1694 2006/2006/1448
f 2001/2001/1443 2253/2253/1695 2006/2006/1448
f 2254/2254/1696 2253/2253/1695 2001/2001/1443
f 1990/1990/1432 2254/2254/1696 2001/2001/1443
f 2255/2255/1697 2254/2254/1696 1990/1990/1432
f 1981/1981/1423 2255/2255/1697 1990/1990/1432
f 1980/1980/1422 2255/2255/1697 1981/1981/1423
f 1980/1980/1422 2256/2256/1698 2255/2255/1697
f 1979/1979/1421 2256/2256/1698 1980/1980/1422
f 2255/2255/1697 2257/2257/1699 2254/2254/1696
f 2256/2256/1698 2257/2257/1699 2255/2255/1697
f 2254/2254/1696 2258/2258/1700 2253/2253/1695
f 2257/2257/1699 2258/2258/1700 2254/2254/1696
f 2253/2253/1695 2259/2259/1701 2252/2252/1694
f 2258/2258/1700 2259/2259/1701 2253/2253/1695
f 2252/2252/1694 2260/2260/1702 2251/2251/1693
f 2259/2259/1701 2260/2260/1702 2252/2252/1694
f 1979/1979/1421 2261/2261/1703 2256/2256/1698
f 1978/1978/1420 2261/2261/1703 1979/1979/1421
f 2256/2256/1698 2262/2262/1704 2257/2257/1699
f 2261/2261/1703 2262/2262/1704 2256/2256/1698
f 2257/2257/1699 2263/2263/1705 2258/2258/1700
f 2262/2262/1704 2263/2263/1705 2257/2257/1699
f 2258/2258/1700 2264/2264/1706 2259/2259/1701
f 2263/2263/1705 2264/2264/1706 2258/2258/1700
f 1978/1978/1420 2265/2265/1707 2261/2261/1703
f 1977/1977/1419 2265/2265/1707 1978/1978/1420
f 2261/2261/1703 2266/2266/1708 2262/2262/1704
f 2265/2265/1707 2266/2266/1708 2261/2261/1703
f 2262/2262/1704 2267/2267/1709 2263/2263/1705
f 2266/2266/1708 2267/2267/1709 2262/2262/1704
f 1977/1977/1419 2268/2268/1710 2265/2265/1707
f 1976/1976/1418 2268/2268/1710 1977/1977/1419
f 2265/2265/1707 2269/2269/1711 2266/2266/1708
f 2268/2268/1710 2269/2269/1711 2265/2265/1707
f 1976/1976/1418 2270/2270/1712 2268/2268/1710
f 1975/1975/1417 2270/2270/1712 1976/1976/1418
f 2264/2264/1706 2271/2271/1713 2259/2259/1701
f 2259/2259/1701 2271/2271/1713 2260/2260/1702
f 2263/2263/1705 2272/2272/1714 2264/2264/1706
f 2267/2267/1709 2272/2272/1714 2263/2263/1705
f 2266/2266/1708 2273/2273/1715 2267/2267/1709
f 2269/2269/1711 2273/2273/1715 2266/2266/1708
f 2268/2268/1710 2274/2274/1716 2269/2269/1711
f 2270/2270/1712 2274/2274/1716 2268/2268/1710
f 1975/1975/1417 2275/2275/1717 2270/2270/1712
f 1974/1974/1416 2275/2275/1717 1975/1975/1417
f 2264/2264/1706 2276/2276/1718 2271/2271/1713
f 2272/2272/1714 2276/2276/1718 2264/2264/1706
f 2267/2267/1709 2277/2277/1719 2272/2272/1714
f 2273/2273/1715 2277/2277/1719 2267/2267/1709
f 2269/2269/1711 2278/2278/1720 2273/2273/1715
f 2274/2274/1716 2278/2278/1720 2269/2269/1711
f 2270/2270/1712 2279/2279/1721 2274/2274/1716
f 2275/2275/1717 2279/2279/1721 2270/2270/1712
f 1974/1974/1416 2280/2280/1722 2275/2275/1717
f 1973/1973/1415 2280/2280/1722 1974/1974/1416
f 2272/2272/1714 2281/2281/1723 2276/2276/1718
f 2277/2277/1719 2281/2281/1723 2272/2272/1714
f 2273/2273/1715 2282/2282/1724 2277/2277/1719
f 2278/2278/1720 2282/2282/1724 2273/2273/1715
f 2274/2274/1716 2283/2283/1725 2278/2278/1720
f 2279/2279/1721 2283/2283/1725 2274/2274/1716
f 2275/2275/1717 2284/2284/1726 2279/2279/1721
f 2280/2280/1722 2284/2284/1726 2275/2275/1717
f 1973/1973/1415 2285/2285/1727 2280/2280/1722
f 1971/1971/1413 2285/2285/1727 1973/1973/1415
f 2277/2277/1719 2286/2286/1728 2281/2281/1723
f 2282/2282/1724 2286/2286/1728 2277/2277/1719
f 2278/2278/1720 2287/2287/1729 2282/2282/1724
f 2283/2283/1725 2287/2287/1729 2278/2278/1720
f 2279/2279/1721 2288/2288/1730 2283/2283/1725
f 2284/2284/1726 2288/2288/1730 2279/2279/1721
f 2280/2280/1722 2289/2289/1731 2284/2284/1726
f 2285/2285/1727 2289/2289/1731 2280/2280/1722
f 1971/1971/1413 2290/2290/1732 2285/2285/1727
f 1968/1968/1410 2290/2290/1732 1971/1971/1413
f 2282/2282/1724 2291/2291/1733 2286/2286/1728
f 2287/2287/1729 2291/2291/1733 2282/2282/1724
f 2283/2283/1725 2292/2292/1734 2287/2287/1729
f 2288/2288/1730 2292/2292/1734 2283/2283/1725
f 2284/2284/1726 2293/2293/1735 2288/2288/1730
f 2289/2289/1731 2293/2293/1735 2284/2284/1726
f 2285/2285/1727 2294/2294/1736 2289/2289/1731
f 2290/2290/1732 2294/2294/1736 2285/2285/1727
f 1968/1968/1410 2295/2295/1737 2290/2290/1732
f 1964/1964/1406 2295/2295/1737 1968/1968/1410
f 2287/2287/1729 2296/2296/1738 2291/2291/1733
f 2292/2292/1734 2296/2296/1738 2287/2287/1729
f 2288/2288/1730 2297/2297/1739 2292/2292/1734
f 2293/2293/1735 2297/2297/1739 2288/2288/1730
f 2289/2289/1731 2298/2298/1740 2293/2293/1735
f 2294/2294/1736 2298/2298/1740 2289/2289/1731
f 2290/2290/1732 2299/2299/1741 2294/2294/1736
f 2295/2295/1737 2299/2299/1741 2290/2290/1732
f 1964/1964/1406 2300/2300/1742 2295/2295/1737
f 1959/1959/1401 2300/2300/1742 1964/1964/1406
f 2292/2292/1734 2301/2301/1743 2296/2296/1738
f 2297/2297/1739 2301/2301/1743 2292/2292/1734
f 2293/2293/1735 2302/2302/1744 2297/2297/1739
f 2298/2298/1740 2302/2302/1744 2293/2293/1735
f 2294/2294/1736 2303/2303/1745 2298/2298/1740
f 2299/2299/1741 2303/2303/1745 2294/2294/1736
f 2295/2295/1737 2304/2304/1746 2299/2299/1741
f 2300/2300/1742 2304/2304/1746 2295/2295/1737
f 1959/1959/1401 2305/2305/1747 2300/2300/1742
f 1959/1959/1401 1963/1963/1405 2305/2305/1747
f 2297/2297/1739 2306/2306/1748 2301/2301/1743
f 2302/2302/1744 2306/2306/1748 2297/2297/1739
f 2298/2298/1740 2307/2307/1749 2302/2302/1744
f 2303/2303/1745 2307/2307/1749 2298/2298/1740
f 2299/2299/1741 2308/2308/1750 2303/2303/1745
f 2304/2304/1746 2308/2308/1750 2299/2299/1741
f 2300/2300/1742 2309/2309/1751 2304/2304/1746
f 2305/2305/1747 2309/2309/1751 2300/2300/1742
f 2305/2305/1747 1963/1963/1405 2310/2310/1752
f 1963/1963/1405 1967/1967/1409 2310/2310/1752
f 2302/2302/1744 2311/2311/1753 2306/2306/1748
f 2307/2307/1749 2311/2311/1753 2302/2302/1744
f 2303/2303/1745 2312/2312/1754 2307/2307/1749
f 2308/2308/1750 2312/2312/1754 2303/2303/1745
f 2304/2304/1746 2313/2313/1755 2308/2308/1750
f 2309/2309/1751 2313/2313/1755 2304/2304/1746
f 2305/2305/1747 2314/2314/1756 2309/2309/1751
f 2305/2305/1747 2310/2310/1752 2314/2314/1756
f 2310/2310/1752 1967/1967/1409 2315/2315/1757
f 1967/1967/1409 1970/1970/1412 2315/2315/1757
f 2307/2307/1749 2316/2316/1758 2311/2311/1753
f 2312/2312/1754 2316/2316/1758 2307/2307/1749
f 2308/2308/1750 2317/2317/1759 2312/2312/1754
f 2313/2313/1755 2317/2317/1759 2308/2308/1750
f 2309/2309/1751 2318/2318/1760 2313/2313/1755
f 2314/2314/1756 2318/2318/1760 2309/2309/1751
f 2314/2314/1756 2310/2310/1752 2319/2319/1761
f 2310/2310/1752 2315/2315/1757 2319/2319/1761
f 2315/2315/1757 1970/1970/1412 2320/2320/1762
f 1970/1970/1412 1972/1972/1414 2320/2320/1762
f 2312/2312/1754 2321/2321/1763 2316/2316/1758
f 2317/2317/1759 2321/2321/1763 2312/2312/1754
f 2313/2313/1755 2322/2322/1764 2317/2317/1759
f 2318/2318/1760 2322/2322/1764 2313/2313/1755
f 2314/2314/1756 2323/2323/1765 2318/2318/1760
f 2314/2314/1756 2319/2319/1761 2323/2323/1765
f 2319/2319/1761 2315/2315/1757 2324/2324/1766
f 2315/2315/1757 2320/2320/1762 2324/2324/1766
f 2320/2320/1762 1972/1972/1414 2325/2325/1767
f 1972/1972/1414 2154/2154/1596 2325/2325/1767
f 2317/2317/1759 2326/2326/1768 2321/2321/1763
f 2322/2322/1764 2326/2326/1768 2317/2317/1759
f 2318/2318/1760 2327/2327/1769 2322/2322/1764
f 2323/2323/1765 2327/2327/1769 2318/2318/1760
f 2323/2323/1765 2319/2319/1761 2328/2328/1770
f 2319/2319/1761 2324/2324/1766 2328/2328/1770
f 2324/2324/1766 2320/2320/1762 2329/2329/1771
f 2320/2320/1762 2325/2325/1767 2329/2329/1771
f 2325/2325/1767 2154/2154/1596 2330/2330/1772
f 2154/2154/1596 2158/2158/1600 2330/2330/1772
f 2322/2322/1764 2331/2331/1773 2326/2326/1768
f 2327/2327/1769 2331/2331/1773 2322/2322/1764
f 2323/2323/1765 2332/2332/1774 2327/2327/1769
f 2323/2323/1765 2328/2328/1770 2332/2332/1774
f 2328/2328/1770 2324/2324/1766 2333/2333/1775
f 2324/2324/1766 2329/2329/1771 2333/2333/1775
f 2329/2329/1771 2325/2325/1767 2334/2334/1776
f 2325/2325/1767 2330/2330/1772 2334/2334/1776
f 2330/2330/1772 2158/2158/1600 2335/2335/1777
f 2158/2158/1600 2160/2160/1602 2335/2335/1777
f 2327/2327/1769 2336/2336/1778 2331/2331/1773
f 2332/2332/1774 2336/2336/1778 2327/2327/1769
f 2332/2332/1774 2328/2328/1770 2337/2337/1779
f 2328/2328/1770 2333/2333/1775 2337/2337/1779
f 2333/2333/1775 2329/2329/1771 2338/2338/1780
f 2329/2329/1771 2334/2334/1776 2338/2338/1780
f 2334/2334/1776 2330/2330/1772 2339/2339/1781
f 2330/2330/1772 2335/2335/1777 2339/2339/1781
f 2335/2335/1777 2160/2160/1602 2340/2340/1782
f 2160/2160/1602 2161/2161/1603 2340/2340/1782
f 2332/2332/1774 2341/2341/1783 2336/2336/1778
f 2332/2332/1774 2337/2337/1779 2341/2341/1783
f 2337/2337/1779 2333/2333/1775 2342/2342/1784
f 2333/2333/1775 2338/2338/1780 2342/2342/1784
f 2338/2338/1780 2334/2334/1776 2343/2343/1785
f 2334/2334/1776 2339/2339/1781 2343/2343/1785
f 2339/2339/1781 2335/2335/1777 2344/2344/1786
f 2335/2335/1777 2340/2340/1782 2344/2344/1786
f 2340/2340/1782 2161/2161/1603 2345/2345/1787
f 2161/2161/1603 2164/2164/1606 2345/2345/1787
f 2341/2341/1783 2337/2337/1779 2346/2346/1788
f 2337/2337/1779 2342/2342/1784 2346/2346/1788
f 2342/2342/1784 2338/2338/1780 2347/2347/1789
f 2338/2338/1780 2343/2343/1785 2347/2347/1789
f 2343/2343/1785 2339/2339/1781 2348/2348/1790
f 2339/2339/1781 2344/2344/1786 2348/2348/1790
f 2344/2344/1786 2340/2340/1782 2349/2349/1791
f 2340/2340/1782 2345/2345/1787 2349/2349/1791
f 2345/2345/1787 2164/2164/1606 2350/2350/1792
f 2164/2164/1606 2181/2181/1623 2350/2350/1792
f 2346/2346/1788 2342/2342/1784 2351/2351/1793
f 2342/2342/1784 2347/2347/1789 2351/2351/1793
f 2347/2347/1789 2343/2343/1785 2352/2352/1794
f 2343/2343/1785 2348/2348/1790 2352/2352/1794
f 2348/2348/1790 2344/2344/1786 2353/2353/1795
f 2344/2344/1786 2349/2349/1791 2353/2353/1795
f 2349/2349/1791 2345/2345/1787 2354/2354/1796
f 2345/2345/1787 2350/2350/1792 2354/2354/1796
f 2349/2349/1791 2354/2354/1796 2355/2355/1797
f 2355/2355/1797 2354/2354/1796 2350/2350/1792
f 2353/2353/1795 2349/2349/1791 2355/2355/1797
f 2356/2356/1798 2350/2350/1792 2181/2181/1623
f 2355/2355/1797 2350/2350/1792 2356/2356/1798
f 2348/2348/1790 2353/2353/1795 2357/2357/1799
f 2352/2352/1794 2348/2348/1790 2357/2357/1799
f 2353/2353/1795 2355/2355/1797 2358/2358/1800
f 2358/2358/1800 2355/2355/1797 2356/2356/1798
f 2357/2357/1799 2353/2353/1795 2358/2358/1800
f 2347/2347/1789 2352/2352/1794 2359/2359/1801
f 2351/2351/1793 2347/2347/1789 2359/2359/1801
f 2356/2356/1798 2181/2181/1623 2360/2360/1802
f 2360/2360/1802 2181/2181/1623 2178/2178/1620
f 2352/2352/1794 2357/2357/1799 2361/2361/1803
f 2359/2359/1801 2352/2352/1794 2361/2361/1803
f 2358/2358/1800 2356/2356/1798 2362/2362/1804
f 2362/2362/1804 2356/2356/1798 2360/2360/1802
f 2357/2357/1799 2358/2358/1800 2363/2363/1805
f 2361/2361/1803 2357/2357/1799 2363/2363/1805
f 2363/2363/1805 2358/2358/1800 2362/2362/1804
f 2360/2360/1802 2178/2178/1620 2364/2364/1806
f 2364/2364/1806 2178/2178/1620 2174/2174/1616
f 2362/2362/1804 2360/2360/1802 2365/2365/1807
f 2365/2365/1807 2360/2360/1802 2364/2364/1806
f 2363/2363/1805 2362/2362/1804 2366/2366/1808
f 2366/2366/1808 2362/2362/1804 2365/2365/1807
f 2361/2361/1803 2363/2363/1805 2367/2367/1809
f 2367/2367/1809 2363/2363/1805 2366/2366/1808
f 2359/2359/1801 2361/2361/1803 2368/2368/1810
f 2368/2368/1810 2361/2361/1803 2367/2367/1809
f 2364/2364/1806 2174/2174/1616 2369/2369/1811
f 2369/2369/1811 2174/2174/1616 2173/2173/1615
f 2365/2365/1807 2364/2364/1806 2370/2370/1812
f 2370/2370/1812 2364/2364/1806 2369/2369/1811
f 2366/2366/1808 2365/2365/1807 2371/2371/1813
f 2371/2371/1813 2365/2365/1807 2370/2370/1812
f 2367/2367/1809 2366/2366/1808 2372/2372/1814
f 2372/2372/1814 2366/2366/1808 2371/2371/1813
f 2369/2369/1811 2173/2173/1615 2373/2373/1815
f 2373/2373/1815 2173/2173/1615 2172/2172/1614
f 2370/2370/1812 2369/2369/1811 2374/2374/1816
f 2374/2374/1816 2369/2369/1811 2373/2373/1815
f 2371/2371/1813 2370/2370/1812 2375/2375/1817
f 2375/2375/1817 2370/2370/1812 2374/2374/1816
f 2373/2373/1815 2172/2172/1614 2376/2376/1818
f 2376/2376/1818 2172/2172/1614 2171/2171/1613
f 2374/2374/1816 2373/2373/1815 2377/2377/1819
f 2377/2377/1819 2373/2373/1815 2376/2376/1818
f 2376/2376/1818 2171/2171/1613 2378/2378/1820
f 2378/2378/1820 2171/2171/1613 2170/2170/1612
f 2379/2379/1821 2367/2367/1809 2372/2372/1814
f 2368/2368/1810 2367/2367/1809 2379/2379/1821
f 2372/2372/1814 2371/2371/1813 2380/2380/1822
f 2380/2380/1822 2371/2371/1813 2375/2375/1817
f 2375/2375/1817 2374/2374/1816 2381/2381/1823
f 2381/2381/1823 2374/2374/1816 2377/2377/1819
f 2377/2377/1819 2376/2376/1818 2382/2382/1824
f 2382/2382/1824 2376/2376/1818 2378/2378/1820
f 2379/2379/1821 2372/2372/1814 2383/2383/1825
f 2383/2383/1825 2372/2372/1814 2380/2380/1822
f 2380/2380/1822 2375/2375/1817 2384/2384/1826
f 2384/2384/1826 2375/2375/1817 2381/2381/1823
f 2381/2381/1823 2377/2377/1819 2385/2385/1827
f 2385/2385/1827 2377/2377/1819 2382/2382/1824
f 2383/2383/1825 2380/2380/1822 2386/2386/1828
f 2386/2386/1828 2380/2380/1822 2384/2384/1826
f 2384/2384/1826 2381/2381/1823 2387/2387/1829
f 2387/2387/1829 2381/2381/1823 2385/2385/1827
f 2386/2386/1828 2384/2384/1826 2388/2388/1830
f 2388/2388/1830 2384/2384/1826 2387/2387/1829
f 2382/2382/1824 2378/2378/1820 2389/2389/1831
f 2385/2385/1827 2382/2382/1824 2390/2390/1832
f 2390/2390/1832 2382/2382/1824 2389/2389/1831
f 2387/2387/1829 2385/2385/1827 2391/2391/1833
f 2391/2391/1833 2385/2385/1827 2390/2390/1832
f 2388/2388/1830 2387/2387/1829 2392/2392/1834
f 2392/2392/1834 2387/2387/1829 2391/2391/1833
f 2389/2389/1831 2378/2378/1820 2393/2393/1835
f 2378/2378/1820 2170/2170/1612 2393/2393/1835
f 2394/2394/1836 2393/2393/1835 2170/2170/1612
f 2394/2394/1836 2170/2170/1612 2215/2215/1657
f 2395/2395/1837 2386/2386/1828 2388/2388/1830
f 2396/2396/1838 2388/2388/1830 2392/2392/1834
f 2395/2395/1837 2388/2388/1830 2396/2396/1838
f 2397/2397/1839 2386/2386/1828 2395/2395/1837
f 2397/2397/1839 2383/2383/1825 2386/2386/1828
f 2398/2398/1840 2383/2383/1825 2397/2397/1839
f 2398/2398/1840 2379/2379/1821 2383/2383/1825
f 2399/2399/1841 2379/2379/1821 2398/2398/1840
f 2399/2399/1841 2368/2368/1810 2379/2379/1821
f 2400/2400/1842 2368/2368/1810 2399/2399/1841
f 2400/2400/1842 2359/2359/1801 2368/2368/1810
f 2351/2351/1793 2359/2359/1801 2400/2400/1842
f 2401/2401/1843 2351/2351/1793 2400/2400/1842
f 2346/2346/1788 2351/2351/1793 2401/2401/1843
f 2402/2402/1844 2400/2400/1842 2399/2399/1841
f 2401/2401/1843 2400/2400/1842 2402/2402/1844
f 2403/2403/1845 2399/2399/1841 2398/2398/1840
f 2402/2402/1844 2399/2399/1841 2403/2403/1845
f 2404/2404/1846 2398/2398/1840 2397/2397/1839
f 2403/2403/1845 2398/2398/1840 2404/2404/1846
f 2405/2405/1847 2397/2397/1839 2395/2395/1837
f 2404/2404/1846 2397/2397/1839 2405/2405/1847
f 2406/2406/1848 2346/2346/1788 2401/2401/1843
f 2341/2341/1783 2346/2346/1788 2406/2406/1848
f 2407/2407/1849 2401/2401/1843 2402/2402/1844
f 2406/2406/1848 2401/2401/1843 2407/2407/1849
f 2408/2408/1850 2402/2402/1844 2403/2403/1845
f 2407/2407/1849 2402/2402/1844 2408/2408/1850
f 2409/2409/1851 2403/2403/1845 2404/2404/1846
f 2408/2408/1850 2403/2403/1845 2409/2409/1851
f 2341/2341/1783 2406/2406/1848 2410/2410/1852
f 2341/2341/1783 2410/2410/1852 2336/2336/1778
f 2406/2406/1848 2407/2407/1849 2411/2411/1853
f 2406/2406/1848 2411/2411/1853 2410/2410/1852
f 2407/2407/1849 2408/2408/1850 2412/2412/1854
f 2407/2407/1849 2412/2412/1854 2411/2411/1853
f 2336/2336/1778 2410/2410/1852 2413/2413/1855
f 2336/2336/1778 2413/2413/1855 2331/2331/1773
f 2410/2410/1852 2411/2411/1853 2414/2414/1856
f 2410/2410/1852 2414/2414/1856 2413/2413/1855
f 2331/2331/1773 2413/2413/1855 2415/2415/1857
f 2331/2331/1773 2415/2415/1857 2326/2326/1768
f 2409/2409/1851 2404/2404/1846 2416/2416/1858
f 2416/2416/1858 2404/2404/1846 2405/2405/1847
f 2408/2408/1850 2409/2409/1851 2417/2417/1859
f 2408/2408/1850 2417/2417/1859 2412/2412/1854
f 2411/2411/1853 2412/2412/1854 2418/2418/1860
f 2411/2411/1853 2418/2418/1860 2414/2414/1856
f 2413/2413/1855 2414/2414/1856 2419/2419/1861
f 2413/2413/1855 2419/2419/1861 2415/2415/1857
f 2326/2326/1768 2415/2415/1857 2420/2420/1862
f 2326/2326/1768 2420/2420/1862 2321/2321/1763
f 2409/2409/1851 2416/2416/1858 2421/2421/1863
f 2409/2409/1851 2421/2421/1863 2417/2417/1859
f 2412/2412/1854 2417/2417/1859 2422/2422/1864
f 2412/2412/1854 2422/2422/1864 2418/2418/1860
f 2414/2414/1856 2418/2418/1860 2423/2423/1865
f 2414/2414/1856 2423/2423/1865 2419/2419/1861
f 2415/2415/1857 2419/2419/1861 2424/2424/1866
f 2415/2415/1857 2424/2424/1866 2420/2420/1862
f 2321/2321/1763 2420/2420/1862 2425/2425/1867
f 2321/2321/1763 2425/2425/1867 2316/2316/1758
f 2417/2417/1859 2421/2421/1863 2426/2426/1868
f 2417/2417/1859 2426/2426/1868 2422/2422/1864
f 2418/2418/1860 2422/2422/1864 2427/2427/1869
f 2418/2418/1860 2427/2427/1869 2423/2423/1865
f 2419/2419/1861 2423/2423/1865 2428/2428/1870
f 2419/2419/1861 2428/2428/1870 2424/2424/1866
f 2420/2420/1862 2424/2424/1866 2429/2429/1871
f 2420/2420/1862 2429/2429/1871 2425/2425/1867
f 2316/2316/1758 2425/2425/1867 2430/2430/1872
f 2316/2316/1758 2430/2430/1872 2311/2311/1753
f 2422/2422/1864 2426/2426/1868 2431/2431/1873
f 2422/2422/1864 2431/2431/1873 2427/2427/1869
f 2423/2423/1865 2427/2427/1869 2432/2432/1874
f 2423/2423/1865 2432/2432/1874 2428/2428/1870
f 2424/2424/1866 2428/2428/1870 2433/2433/1875
f 2424/2424/1866 2433/2433/1875 2429/2429/1871
f 2425/2425/1867 2429/2429/1871 2434/2434/1876
f 2425/2425/1867 2434/2434/1876 2430/2430/1872
f 2311/2311/1753 2430/2430/1872 2435/2435/1877
f 2311/2311/1753 2435/2435/1877 2306/2306/1748
f 2427/2427/1869 2431/2431/1873 2436/2436/1878
f 2427/2427/1869 2436/2436/1878 2432/2432/1874
f 2428/2428/1870 2432/2432/1874 2437/2437/1879
f 2428/2428/1870 2437/2437/1879 2433/2433/1875
f 2429/2429/1871 2433/2433/1875 2438/2438/1880
f 2429/2429/1871 2438/2438/1880 2434/2434/1876
f 2430/2430/1872 2434/2434/1876 2439/2439/1881
f 2430/2430/1872 2439/2439/1881 2435/2435/1877
f 2306/2306/1748 2435/2435/1877 2440/2440/1882
f 2306/2306/1748 2440/2440/1882 2301/2301/1743
f 2432/2432/1874 2436/2436/1878 2441/2441/1883
f 2432/2432/1874 2441/2441/1883 2437/2437/1879
f 2433/2433/1875 2437/2437/1879 2442/2442/1884
f 2433/2433/1875 2442/2442/1884 2438/2438/1880
f 2434/2434/1876 2438/2438/1880 2443/2443/1885
f 2434/2434/1876 2443/2443/1885 2439/2439/1881
f 2435/2435/1877 2439/2439/1881 2444/2444/1886
f 2435/2435/1877 2444/2444/1886 2440/2440/1882
f 2301/2301/1743 2440/2440/1882 2445/2445/1887
f 2301/2301/1743 2445/2445/1887 2296/2296/1738
f 2437/2437/1879 2441/2441/1883 2446/2446/1888
f 2437/2437/1879 2446/2446/1888 2442/2442/1884
f 2438/2438/1880 2442/2442/1884 2447/2447/1889
f 2438/2438/1880 2447/2447/1889 2443/2443/1885
f 2439/2439/1881 2443/2443/1885 2448/2448/1890
f 2439/2439/1881 2448/2448/1890 2444/2444/1886
f 2440/2440/1882 2444/2444/1886 2449/2449/1891
f 2440/2440/1882 2449/2449/1891 2445/2445/1887
f 2296/2296/1738 2445/2445/1887 2450/2450/1892
f 2296/2296/1738 2450/2450/1892 2291/2291/1733
f 2442/2442/1884 2446/2446/1888 2451/2451/1893
f 2442/2442/1884 2451/2451/1893 2447/2447/1889
f 2443/2443/1885 2447/2447/1889 2452/2452/1894
f 2443/2443/1885 2452/2452/1894 2448/2448/1890
f 2444/2444/1886 2448/2448/1890 2453/2453/1895
f 2444/2444/1886 2453/2453/1895 2449/2449/1891
f 2445/2445/1887 2449/2449/1891 2454/2454/1896
f 2445/2445/1887 2454/2454/1896 2450/2450/1892
f 2291/2291/1733 2450/2450/1892 2455/2455/1897
f 2291/2291/1733 2455/2455/1897 2286/2286/1728
f 2447/2447/1889 2451/2451/1893 2456/2456/1898
f 2447/2447/1889 2456/2456/1898 2452/2452/1894
f 2448/2448/1890 2452/2452/1894 2457/2457/1899
f 2448/2448/1890 2457/2457/1899 2453/2453/1895
f 2452/2452/1894 2456/2456/1898 2458/2458/1900
f 2451/2451/1893 2458/2458/1900 2456/2456/1898
f 2452/2452/1894 2458/2458/1900 2457/2457/1899
f 2449/2449/1891 2453/2453/1895 2459/2459/1901
f 2449/2449/1891 2459/2459/1901 2454/2454/1896
f 2450/2450/1892 2454/2454/1896 2460/2460/1902
f 2450/2450/1892 2460/2460/1902 2455/2455/1897
f 2286/2286/1728 2455/2455/1897 2461/2461/1903
f 2286/2286/1728 2461/2461/1903 2281/2281/1723
f 2451/2451/1893 2462/2462/1904 2458/2458/1900
f 2446/2446/1888 2462/2462/1904 2451/2451/1893
f 2457/2457/1899 2458/2458/1900 2463/2463/1905
f 2462/2462/1904 2463/2463/1905 2458/2458/1900
f 2453/2453/1895 2457/2457/1899 2464/2464/1906
f 2453/2453/1895 2464/2464/1906 2459/2459/1901
f 2457/2457/1899 2463/2463/1905 2464/2464/1906
f 2454/2454/1896 2459/2459/1901 2465/2465/1907
f 2454/2454/1896 2465/2465/1907 2460/2460/1902
f 2455/2455/1897 2460/2460/1902 2466/2466/1908
f 2455/2455/1897 2466/2466/1908 2461/2461/1903
f 2281/2281/1723 2461/2461/1903 2467/2467/1909
f 2281/2281/1723 2467/2467/1909 2276/2276/1718
f 2459/2459/1901 2464/2464/1906 2468/2468/1910
f 2459/2459/1901 2468/2468/1910 2465/2465/1907
f 2464/2464/1906 2463/2463/1905 2469/2469/1911
f 2464/2464/1906 2469/2469/1911 2468/2468/1910
f 2460/2460/1902 2465/2465/1907 2470/2470/1912
f 2460/2460/1902 2470/2470/1912 2466/2466/1908
f 2461/2461/1903 2466/2466/1908 2471/2471/1913
f 2461/2461/1903 2471/2471/1913 2467/2467/1909
f 2276/2276/1718 2467/2467/1909 2472/2472/1914
f 2276/2276/1718 2472/2472/1914 2271/2271/1713
f 2465/2465/1907 2468/2468/1910 2473/2473/1915
f 2465/2465/1907 2473/2473/1915 2470/2470/1912
f 2466/2466/1908 2470/2470/1912 2474/2474/1916
f 2466/2466/1908 2474/2474/1916 2471/2471/1913
f 2467/2467/1909 2471/2471/1913 2475/2475/1917
f 2467/2467/1909 2475/2475/1917 2472/2472/1914
f 2271/2271/1713 2472/2472/1914 2476/2476/1918
f 2271/2271/1713 2476/2476/1918 2260/2260/1702
f 2468/2468/1910 2477/2477/1919 2473/2473/1915
f 2468/2468/1910 2469/2469/1911 2477/2477/1919
f 2470/2470/1912 2473/2473/1915 2478/2478/1920
f 2470/2470/1912 2478/2478/1920 2474/2474/1916
f 2471/2471/1913 2474/2474/1916 2479/2479/1921
f 2471/2471/1913 2479/2479/1921 2475/2475/1917
f 2472/2472/1914 2475/2475/1917 2480/2480/1922
f 2472/2472/1914 2480/2480/1922 2476/2476/1918
f 2260/2260/1702 2476/2476/1918 2481/2481/1923
f 2260/2260/1702 2481/2481/1923 2251/2251/1693
f 2250/2250/1692 2251/2251/1693 2481/2481/1923
f 2476/2476/1918 2482/2482/1924 2481/2481/1923
f 2476/2476/1918 2480/2480/1922 2482/2482/1924
f 2250/2250/1692 2481/2481/1923 2483/2483/1925
f 2483/2483/1925 2481/2481/1923 2482/2482/1924
f 2249/2249/1691 2250/2250/1692 2483/2483/1925
f 2475/2475/1917 2484/2484/1926 2480/2480/1922
f 2475/2475/1917 2479/2479/1921 2484/2484/1926
f 2474/2474/1916 2485/2485/1927 2479/2479/1921
f 2474/2474/1916 2478/2478/1920 2485/2485/1927
f 2480/2480/1922 2486/2486/1928 2482/2482/1924
f 2480/2480/1922 2484/2484/1926 2486/2486/1928
f 2249/2249/1691 2483/2483/1925 2487/2487/1929
f 2248/2248/1690 2249/2249/1691 2487/2487/1929
f 2483/2483/1925 2482/2482/1924 2488/2488/1930
f 2488/2488/1930 2482/2482/1924 2486/2486/1928
f 2487/2487/1929 2483/2483/1925 2488/2488/1930
f 2479/2479/1921 2489/2489/1931 2484/2484/1926
f 2479/2479/1921 2485/2485/1927 2489/2489/1931
f 2248/2248/1690 2487/2487/1929 2490/2490/1932
f 2247/2247/1689 2248/2248/1690 2490/2490/1932
f 2484/2484/1926 2491/2491/1933 2486/2486/1928
f 2484/2484/1926 2489/2489/1931 2491/2491/1933
f 2489/2489/1931 2492/2492/1934 2491/2491/1933
f 2487/2487/1929 2488/2488/1930 2493/2493/1935
f 2490/2490/1932 2487/2487/1929 2493/2493/1935
f 2488/2488/1930 2486/2486/1928 2494/2494/1936
f 2494/2494/1936 2486/2486/1928 2491/2491/1933
f 2493/2493/1935 2488/2488/1930 2494/2494/1936
f 2485/2485/1927 2495/2495/1937 2489/2489/1931
f 2489/2489/1931 2495/2495/1937 2492/2492/1934
f 2247/2247/1689 2490/2490/1932 2496/2496/1938
f 2246/2246/1688 2247/2247/1689 2496/2496/1938
f 2494/2494/1936 2491/2491/1933 2497/2497/1939
f 2497/2497/1939 2491/2491/1933 2492/2492/1934
f 2493/2493/1935 2494/2494/1936 2498/2498/1940
f 2498/2498/1940 2494/2494/1936 2497/2497/1939
f 2490/2490/1932 2493/2493/1935 2499/2499/1941
f 2496/2496/1938 2490/2490/1932 2499/2499/1941
f 2499/2499/1941 2493/2493/1935 2498/2498/1940
f 2246/2246/1688 2496/2496/1938 2500/2500/1942
f 2245/2245/1687 2246/2246/1688 2500/2500/1942
f 2496/2496/1938 2499/2499/1941 2501/2501/1943
f 2500/2500/1942 2496/2496/1938 2501/2501/1943
f 2499/2499/1941 2498/2498/1940 2502/2502/1944
f 2501/2501/1943 2499/2499/1941 2502/2502/1944
f 2498/2498/1940 2497/2497/1939 2503/2503/1945
f 2502/2502/1944 2498/2498/1940 2503/2503/1945
f 2245/2245/1687 2500/2500/1942 2504/2504/1946
f 2244/2244/1686 2245/2245/1687 2504/2504/1946
f 2500/2500/1942 2501/2501/1943 2505/2505/1947
f 2504/2504/1946 2500/2500/1942 2505/2505/1947
f 2501/2501/1943 2502/2502/1944 2506/2506/1948
f 2505/2505/1947 2501/2501/1943 2506/2506/1948
f 2244/2244/1686 2504/2504/1946 2507/2507/1949
f 2243/2243/1685 2244/2244/1686 2507/2507/1949
f 2504/2504/1946 2505/2505/1947 2508/2508/1950
f 2507/2507/1949 2504/2504/1946 2508/2508/1950
f 2243/2243/1685 2507/2507/1949 2509/2509/1951
f 2242/2242/1684 2243/2243/1685 2509/2509/1951
f 2503/2503/1945 2497/2497/1939 2510/2510/1952
f 2497/2497/1939 2492/2492/1934 2510/2510/1952
f 2502/2502/1944 2503/2503/1945 2511/2511/1953
f 2506/2506/1948 2502/2502/1944 2511/2511/1953
f 2505/2505/1947 2506/2506/1948 2512/2512/1954
f 2508/2508/1950 2505/2505/1947 2512/2512/1954
f 2507/2507/1949 2508/2508/1950 2513/2513/1955
f 2509/2509/1951 2507/2507/1949 2513/2513/1955
f 2242/2242/1684 2509/2509/1951 2514/2514/1956
f 2241/2241/1683 2242/2242/1684 2514/2514/1956
f 2503/2503/1945 2510/2510/1952 2515/2515/1957
f 2511/2511/1953 2503/2503/1945 2515/2515/1957
f 2506/2506/1948 2511/2511/1953 2516/2516/1958
f 2512/2512/1954 2506/2506/1948 2516/2516/1958
f 2508/2508/1950 2512/2512/1954 2517/2517/1959
f 2513/2513/1955 2508/2508/1950 2517/2517/1959
f 2509/2509/1951 2513/2513/1955 2518/2518/1960
f 2514/2514/1956 2509/2509/1951 2518/2518/1960
f 2241/2241/1683 2514/2514/1956 2519/2519/1961
f 2240/2240/1682 2241/2241/1683 2519/2519/1961
f 2511/2511/1953 2515/2515/1957 2520/2520/1962
f 2516/2516/1958 2511/2511/1953 2520/2520/1962
f 2512/2512/1954 2516/2516/1958 2521/2521/1963
f 2517/2517/1959 2512/2512/1954 2521/2521/1963
f 2513/2513/1955 2517/2517/1959 2522/2522/1964
f 2518/2518/1960 2513/2513/1955 2522/2522/1964
f 2514/2514/1956 2518/2518/1960 2523/2523/1965
f 2519/2519/1961 2514/2514/1956 2523/2523/1965
f 2240/2240/1682 2519/2519/1961 2524/2524/1966
f 2239/2239/1681 2240/2240/1682 2524/2524/1966
f 2516/2516/1958 2520/2520/1962 2525/2525/1967
f 2521/2521/1963 2516/2516/1958 2525/2525/1967
f 2517/2517/1959 2521/2521/1963 2526/2526/1968
f 2522/2522/1964 2517/2517/1959 2526/2526/1968
f 2518/2518/1960 2522/2522/1964 2527/2527/1969
f 2523/2523/1965 2518/2518/1960 2527/2527/1969
f 2519/2519/1961 2523/2523/1965 2528/2528/1970
f 2524/2524/1966 2519/2519/1961 2528/2528/1970
f 2239/2239/1681 2524/2524/1966 2529/2529/1971
f 2238/2238/1680 2239/2239/1681 2529/2529/1971
f 2521/2521/1963 2525/2525/1967 2530/2530/1972
f 2526/2526/1968 2521/2521/1963 2530/2530/1972
f 2522/2522/1964 2526/2526/1968 2531/2531/1973
f 2527/2527/1969 2522/2522/1964 2531/2531/1973
f 2523/2523/1965 2527/2527/1969 2532/2532/1974
f 2528/2528/1970 2523/2523/1965 2532/2532/1974
f 2524/2524/1966 2528/2528/1970 2533/2533/1975
f 2529/2529/1971 2524/2524/1966 2533/2533/1975
f 2238/2238/1680 2529/2529/1971 2534/2534/1976
f 2234/2234/1676 2238/2238/1680 2534/2534/1976
f 2526/2526/1968 2530/2530/1972 2535/2535/1977
f 2531/2531/1973 2526/2526/1968 2535/2535/1977
f 2527/2527/1969 2531/2531/1973 2536/2536/1978
f 2532/2532/1974 2527/2527/1969 2536/2536/1978
f 2528/2528/1970 2532/2532/1974 2537/2537/1979
f 2533/2533/1975 2528/2528/1970 2537/2537/1979
f 2529/2529/1971 2533/2533/1975 2538/2538/1980
f 2534/2534/1976 2529/2529/1971 2538/2538/1980
f 2234/2234/1676 2534/2534/1976 2539/2539/1981
f 2235/2235/1677 2234/2234/1676 2539/2539/1981
f 2531/2531/1973 2535/2535/1977 2540/2540/1982
f 2536/2536/1978 2531/2531/1973 2540/2540/1982
f 2532/2532/1974 2536/2536/1978 2541/2541/1983
f 2537/2537/1979 2532/2532/1974 2541/2541/1983
f 2533/2533/1975 2537/2537/1979 2542/2542/1984
f 2538/2538/1980 2533/2533/1975 2542/2542/1984
f 2534/2534/1976 2538/2538/1980 2543/2543/1985
f 2539/2539/1981 2534/2534/1976 2543/2543/1985
f 2235/2235/1677 2539/2539/1981 2544/2544/1986
f 2236/2236/1678 2235/2235/1677 2544/2544/1986
f 2536/2536/1978 2540/2540/1982 2545/2545/1987
f 2541/2541/1983 2536/2536/1978 2545/2545/1987
f 2537/2537/1979 2541/2541/1983 2546/2546/1988
f 2542/2542/1984 2537/2537/1979 2546/2546/1988
f 2541/2541/1983 2545/2545/1987 2547/2547/1989
f 2547/2547/1989 2545/2545/1987 2540/2540/1982
f 2546/2546/1988 2541/2541/1983 2547/2547/1989
f 2538/2538/1980 2542/2542/1984 2548/2548/1990
f 2543/2543/1985 2538/2538/1980 2548/2548/1990
f 2539/2539/1981 2543/2543/1985 2549/2549/1991
f 2544/2544/1986 2539/2539/1981 2549/2549/1991
f 2236/2236/1678 2544/2544/1986 2550/2550/1992
f 2236/2236/1678 2550/2550/1992 2237/2237/1679
f 2547/2547/1989 2540/2540/1982 2551/2551/1993
f 2551/2551/1993 2540/2540/1982 2535/2535/1977
f 2546/2546/1988 2547/2547/1989 2552/2552/1994
f 2552/2552/1994 2547/2547/1989 2551/2551/1993
f 2542/2542/1984 2546/2546/1988 2553/2553/1995
f 2553/2553/1995 2546/2546/1988 2552/2552/1994
f 2548/2548/1990 2542/2542/1984 2553/2553/1995
f 2543/2543/1985 2548/2548/1990 2554/2554/1996
f 2549/2549/1991 2543/2543/1985 2554/2554/1996
f 2544/2544/1986 2549/2549/1991 2555/2555/1997
f 2550/2550/1992 2544/2544/1986 2555/2555/1997
f 2551/2551/1993 2535/2535/1977 2556/2556/1998
f 2556/2556/1998 2535/2535/1977 2530/2530/1972
f 2552/2552/1994 2551/2551/1993 2557/2557/1999
f 2557/2557/1999 2551/2551/1993 2556/2556/1998
f 2548/2548/1990 2553/2553/1995 2558/2558/2000
f 2554/2554/1996 2548/2548/1990 2558/2558/2000
f 2553/2553/1995 2552/2552/1994 2559/2559/2001
f 2559/2559/2001 2552/2552/1994 2557/2557/1999
f 2558/2558/2000 2553/2553/1995 2559/2559/2001
f 2549/2549/1991 2554/2554/1996 2560/2560/2002
f 2555/2555/1997 2549/2549/1991 2560/2560/2002
f 2556/2556/1998 2530/2530/1972 2561/2561/2003
f 2561/2561/2003 2530/2530/1972 2525/2525/1967
f 2557/2557/1999 2556/2556/1998 2562/2562/2004
f 2562/2562/2004 2556/2556/1998 2561/2561/2003
f 2554/2554/1996 2558/2558/2000 2563/2563/2005
f 2560/2560/2002 2554/2554/1996 2563/2563/2005
f 2559/2559/2001 2557/2557/1999 2564/2564/2006
f 2564/2564/2006 2557/2557/1999 2562/2562/2004
f 2558/2558/2000 2559/2559/2001 2565/2565/2007
f 2563/2563/2005 2558/2558/2000 2565/2565/2007
f 2565/2565/2007 2559/2559/2001 2564/2564/2006
f 2561/2561/2003 2525/2525/1967 2566/2566/2008
f 2566/2566/2008 2525/2525/1967 2520/2520/1962
f 2562/2562/2004 2561/2561/2003 2567/2567/2009
f 2567/2567/2009 2561/2561/2003 2566/2566/2008
f 2564/2564/2006 2562/2562/2004 2568/2568/2010
f 2568/2568/2010 2562/2562/2004 2567/2567/2009
f 2565/2565/2007 2564/2564/2006 2569/2569/2011
f 2569/2569/2011 2564/2564/2006 2568/2568/2010
f 2563/2563/2005 2565/2565/2007 2570/2570/2012
f 2570/2570/2012 2565/2565/2007 2569/2569/2011
f 2566/2566/2008 2520/2520/1962 2571/2571/2013
f 2571/2571/2013 2520/2520/1962 2515/2515/1957
f 2567/2567/2009 2566/2566/2008 2572/2572/2014
f 2572/2572/2014 2566/2566/2008 2571/2571/2013
f 2568/2568/2010 2567/2567/2009 2573/2573/2015
f 2573/2573/2015 2567/2567/2009 2572/2572/2014
f 2569/2569/2011 2568/2568/2010 2574/2574/2016
f 2574/2574/2016 2568/2568/2010 2573/2573/2015
f 2571/2571/2013 2515/2515/1957 2575/2575/2017
f 2575/2575/2017 2515/2515/1957 2510/2510/1952
f 2572/2572/2014 2571/2571/2013 2576/2576/2018
f 2576/2576/2018 2571/2571/2013 2575/2575/2017
f 2573/2573/2015 2572/2572/2014 2577/2577/2019
f 2577/2577/2019 2572/2572/2014 2576/2576/2018
f 2575/2575/2017 2510/2510/1952 2578/2578/2020
f 2578/2578/2020 2510/2510/1952 2492/2492/1934
f 2576/2576/2018 2575/2575/2017 2579/2579/2021
f 2579/2579/2021 2575/2575/2017 2578/2578/2020
f 2580/2580/2022 2569/2569/2011 2574/2574/2016
f 2570/2570/2012 2569/2569/2011 2580/2580/2022
f 2574/2574/2016 2573/2573/2015 2581/2581/2023
f 2581/2581/2023 2573/2573/2015 2577/2577/2019
f 2577/2577/2019 2576/2576/2018 2582/2582/2024
f 2582/2582/2024 2576/2576/2018 2579/2579/2021
f 2580/2580/2022 2574/2574/2016 2583/2583/2025
f 2583/2583/2025 2574/2574/2016 2581/2581/2023
f 2581/2581/2023 2577/2577/2019 2584/2584/2026
f 2584/2584/2026 2577/2577/2019 2582/2582/2024
f 2583/2583/2025 2581/2581/2023 2585/2585/2027
f 2585/2585/2027 2581/2581/2023 2584/2584/2026
f 2579/2579/2021 2578/2578/2020 2586/2586/2028
f 2582/2582/2024 2579/2579/2021 2587/2587/2029
f 2587/2587/2029 2579/2579/2021 2586/2586/2028
f 2584/2584/2026 2582/2582/2024 2588/2588/2030
f 2588/2588/2030 2582/2582/2024 2587/2587/2029
f 2585/2585/2027 2584/2584/2026 2589/2589/2031
f 2589/2589/2031 2584/2584/2026 2588/2588/2030
f 2586/2586/2028 2578/2578/2020 2590/2590/2032
f 2578/2578/2020 2492/2492/1934 2590/2590/2032
f 2591/2591/2033 2590/2590/2032 2492/2492/1934
f 2591/2591/2033 2492/2492/1934 2495/2495/1937
f 2592/2592/2034 2583/2583/2025 2585/2585/2027
f 2593/2593/2035 2585/2585/2027 2589/2589/2031
f 2592/2592/2034 2585/2585/2027 2593/2593/2035
f 2594/2594/2036 2583/2583/2025 2592/2592/2034
f 2594/2594/2036 2580/2580/2022 2583/2583/2025
f 2595/2595/2037 2580/2580/2022 2594/2594/2036
f 2595/2595/2037 2570/2570/2012 2580/2580/2022
f 2596/2596/2038 2570/2570/2012 2595/2595/2037
f 2596/2596/2038 2563/2563/2005 2570/2570/2012
f 2560/2560/2002 2563/2563/2005 2596/2596/2038
f 2597/2597/2039 2560/2560/2002 2596/2596/2038
f 2555/2555/1997 2560/2560/2002 2597/2597/2039
f 2598/2598/2040 2596/2596/2038 2595/2595/2037
f 2597/2597/2039 2596/2596/2038 2598/2598/2040
f 2599/2599/2041 2595/2595/2037 2594/2594/2036
f 2598/2598/2040 2595/2595/2037 2599/2599/2041
f 2600/2600/2042 2594/2594/2036 2592/2592/2034
f 2599/2599/2041 2594/2594/2036 2600/2600/2042
f 2601/2601/2043 2555/2555/1997 2597/2597/2039
f 2550/2550/1992 2555/2555/1997 2601/2601/2043
f 2602/2602/2044 2597/2597/2039 2598/2598/2040
f 2601/2601/2043 2597/2597/2039 2602/2602/2044
f 2603/2603/2045 2598/2598/2040 2599/2599/2041
f 2602/2602/2044 2598/2598/2040 2603/2603/2045
f 2550/2550/1992 2601/2601/2043 2604/2604/2046
f 2550/2550/1992 2604/2604/2046 2237/2237/1679
f 2601/2601/2043 2602/2602/2044 2605/2605/2047
f 2601/2601/2043 2605/2605/2047 2604/2604/2046
f 2237/2237/1679 2604/2604/2046 2606/2606/2048
f 2237/2237/1679 2606/2606/2048 2233/2233/1675
f 2600/2600/2042 2592/2592/2034 2607/2607/2049
f 2607/2607/2049 2592/2592/2034 2593/2593/2035
f 2608/2608/2050 2599/2599/2041 2600/2600/2042
f 2603/2603/2045 2599/2599/2041 2608/2608/2050
f 2602/2602/2044 2603/2603/2045 2609/2609/2051
f 2602/2602/2044 2609/2609/2051 2605/2605/2047
f 2604/2604/2046 2605/2605/2047 2610/2610/2052
f 2604/2604/2046 2610/2610/2052 2606/2606/2048
f 2233/2233/1675 2606/2606/2048 2611/2611/2053
f 2233/2233/1675 2611/2611/2053 2231/2231/1673
f 2612/2612/2054 2600/2600/2042 2607/2607/2049
f 2608/2608/2050 2600/2600/2042 2612/2612/2054
f 2603/2603/2045 2608/2608/2050 2613/2613/2055
f 2603/2603/2045 2613/2613/2055 2609/2609/2051
f 2605/2605/2047 2609/2609/2051 2614/2614/2056
f 2605/2605/2047 2614/2614/2056 2610/2610/2052
f 2606/2606/2048 2610/2610/2052 2615/2615/2057
f 2606/2606/2048 2615/2615/2057 2611/2611/2053
f 2231/2231/1673 2611/2611/2053 2616/2616/2058
f 2231/2231/1673 2616/2616/2058 2228/2228/1670
f 2608/2608/2050 2612/2612/2054 2617/2617/2059
f 2608/2608/2050 2617/2617/2059 2613/2613/2055
f 2609/2609/2051 2613/2613/2055 2618/2618/2060
f 2609/2609/2051 2618/2618/2060 2614/2614/2056
f 2610/2610/2052 2614/2614/2056 2619/2619/2061
f 2610/2610/2052 2619/2619/2061 2615/2615/2057
f 2611/2611/2053 2615/2615/2057 2620/2620/2062
f 2611/2611/2053 2620/2620/2062 2616/2616/2058
f 2228/2228/1670 2616/2616/2058 2621/2621/2063
f 2228/2228/1670 2621/2621/2063 2224/2224/1666
f 2613/2613/2055 2617/2617/2059 2622/2622/2064
f 2613/2613/2055 2622/2622/2064 2618/2618/2060
f 2614/2614/2056 2618/2618/2060 2623/2623/2065
f 2614/2614/2056 2623/2623/2065 2619/2619/2061
f 2615/2615/2057 2619/2619/2061 2624/2624/2066
f 2615/2615/2057 2624/2624/2066 2620/2620/2062
f 2616/2616/2058 2620/2620/2062 2625/2625/2067
f 2616/2616/2058 2625/2625/2067 2621/2621/2063
f 2224/2224/1666 2621/2621/2063 2626/2626/2068
f 2224/2224/1666 2626/2626/2068 2220/2220/1662
f 2618/2618/2060 2622/2622/2064 2627/2627/2069
f 2618/2618/2060 2627/2627/2069 2623/2623/2065
f 2619/2619/2061 2623/2623/2065 2628/2628/2070
f 2619/2619/2061 2628/2628/2070 2624/2624/2066
f 2620/2620/2062 2624/2624/2066 2629/2629/2071
f 2620/2620/2062 2629/2629/2071 2625/2625/2067
f 2621/2621/2063 2625/2625/2067 2630/2630/2072
f 2621/2621/2063 2630/2630/2072 2626/2626/2068
f 2220/2220/1662 2626/2626/2068 2631/2631/2073
f 2220/2220/1662 2631/2631/2073 2216/2216/1658
f 2623/2623/2065 2627/2627/2069 2632/2632/2074
f 2623/2623/2065 2632/2632/2074 2628/2628/2070
f 2624/2624/2066 2628/2628/2070 2633/2633/2075
f 2624/2624/2066 2633/2633/2075 2629/2629/2071
f 2625/2625/2067 2629/2629/2071 2634/2634/2076
f 2625/2625/2067 2634/2634/2076 2630/2630/2072
f 2626/2626/2068 2630/2630/2072 2635/2635/2077
f 2626/2626/2068 2635/2635/2077 2631/2631/2073
f 2216/2216/1658 2631/2631/2073 2636/2636/2078
f 2216/2216/1658 2636/2636/2078 2211/2211/1653
f 2628/2628/2070 2632/2632/2074 2637/2637/2079
f 2628/2628/2070 2637/2637/2079 2633/2633/2075
f 2629/2629/2071 2633/2633/2075 2638/2638/2080
f 2629/2629/2071 2638/2638/2080 2634/2634/2076
f 2630/2630/2072 2634/2634/2076 2639/2639/2081
f 2630/2630/2072 2639/2639/2081 2635/2635/2077
f 2631/2631/2073 2635/2635/2077 2640/2640/2082
f 2631/2631/2073 2640/2640/2082 2636/2636/2078
f 2211/2211/1653 2636/2636/2078 2641/2641/2083
f 2211/2211/1653 2641/2641/2083 2206/2206/1648
f 2633/2633/2075 2637/2637/2079 2642/2642/2084
f 2633/2633/2075 2642/2642/2084 2638/2638/2080
f 2634/2634/2076 2638/2638/2080 2643/2643/2085
f 2634/2634/2076 2643/2643/2085 2639/2639/2081
f 2635/2635/2077 2639/2639/2081 2644/2644/2086
f 2635/2635/2077 2644/2644/2086 2640/2640/2082
f 2636/2636/2078 2640/2640/2082 2645/2645/2087
f 2636/2636/2078 2645/2645/2087 2641/2641/2083
f 2206/2206/1648 2641/2641/2083 2646/2646/2088
f 2206/2206/1648 2646/2646/2088 2201/2201/1643
f 2638/2638/2080 2642/2642/2084 2647/2647/2089
f 2638/2638/2080 2647/2647/2089 2643/2643/2085
f 2639/2639/2081 2643/2643/2085 2648/2648/2090
f 2639/2639/2081 2648/2648/2090 2644/2644/2086
f 2643/2643/2085 2649/2649/2091 2648/2648/2090
f 2644/2644/2086 2648/2648/2090 2649/2649/2091
f 2643/2643/2085 2647/2647/2089 2649/2649/2091
f 2640/2640/2082 2644/2644/2086 2650/2650/2092
f 2644/2644/2086 2649/2649/2091 2650/2650/2092
f 2640/2640/2082 2650/2650/2092 2645/2645/2087
f 2641/2641/2083 2645/2645/2087 2651/2651/2093
f 2641/2641/2083 2651/2651/2093 2646/2646/2088
f 2201/2201/1643 2646/2646/2088 2652/2652/2094
f 2201/2201/1643 2652/2652/2094 2193/2193/1635
f 2193/2193/1635 2652/2652/2094 2200/2200/1642
f 2647/2647/2089 2653/2653/2095 2649/2649/2091
f 2650/2650/2092 2649/2649/2091 2653/2653/2095
f 2645/2645/2087 2650/2650/2092 2654/2654/2096
f 2645/2645/2087 2654/2654/2096 2651/2651/2093
f 2650/2650/2092 2653/2653/2095 2654/2654/2096
f 2646/2646/2088 2655/2655/2097 2652/2652/2094
f 2646/2646/2088 2651/2651/2093 2655/2655/2097
f 2652/2652/2094 2656/2656/2098 2200/2200/1642
f 2652/2652/2094 2655/2655/2097 2656/2656/2098
f 2200/2200/1642 2656/2656/2098 2205/2205/1647
f 2647/2647/2089 2657/2657/2099 2653/2653/2095
f 2642/2642/2084 2657/2657/2099 2647/2647/2089
f 2651/2651/2093 2654/2654/2096 2658/2658/2100
f 2651/2651/2093 2658/2658/2100 2655/2655/2097
f 2654/2654/2096 2653/2653/2095 2659/2659/2101
f 2657/2657/2099 2659/2659/2101 2653/2653/2095
f 2654/2654/2096 2659/2659/2101 2658/2658/2100
f 2656/2656/2098 2660/2660/2102 2205/2205/1647
f 2205/2205/1647 2660/2660/2102 2210/2210/1652
f 2655/2655/2097 2661/2661/2103 2656/2656/2098
f 2655/2655/2097 2658/2658/2100 2661/2661/2103
f 2656/2656/2098 2661/2661/2103 2660/2660/2102
f 2642/2642/2084 2662/2662/2104 2657/2657/2099
f 2637/2637/2079 2662/2662/2104 2642/2642/2084
f 2658/2658/2100 2659/2659/2101 2663/2663/2105
f 2658/2658/2100 2663/2663/2105 2661/2661/2103
f 2657/2657/2099 2664/2664/2106 2659/2659/2101
f 2662/2662/2104 2664/2664/2106 2657/2657/2099
f 2664/2664/2106 2663/2663/2105 2659/2659/2101
f 2660/2660/2102 2665/2665/2107 2210/2210/1652
f 2210/2210/1652 2665/2665/2107 2215/2215/1657
f 2661/2661/2103 2666/2666/2108 2660/2660/2102
f 2661/2661/2103 2663/2663/2105 2666/2666/2108
f 2660/2660/2102 2666/2666/2108 2665/2665/2107
f 2637/2637/2079 2667/2667/2109 2662/2662/2104
f 2632/2632/2074 2667/2667/2109 2637/2637/2079
f 2662/2662/2104 2668/2668/2110 2664/2664/2106
f 2667/2667/2109 2668/2668/2110 2662/2662/2104
f 2664/2664/2106 2669/2669/2111 2663/2663/2105
f 2669/2669/2111 2666/2666/2108 2663/2663/2105
f 2668/2668/2110 2669/2669/2111 2664/2664/2106
f 2670/2670/2112 2215/2215/1657 2665/2665/2107
f 2670/2670/2112 2394/2394/1836 2215/2215/1657
f 2671/2671/2113 2665/2665/2107 2666/2666/2108
f 2669/2669/2111 2671/2671/2113 2666/2666/2108
f 2671/2671/2113 2670/2670/2112 2665/2665/2107
f 2632/2632/2074 2672/2672/2114 2667/2667/2109
f 2627/2627/2069 2672/2672/2114 2632/2632/2074
f 2668/2668/2110 2673/2673/2115 2669/2669/2111
f 2673/2673/2115 2671/2671/2113 2669/2669/2111
f 2667/2667/2109 2674/2674/2116 2668/2668/2110
f 2672/2672/2114 2674/2674/2116 2667/2667/2109
f 2674/2674/2116 2673/2673/2115 2668/2668/2110
f 2675/2675/2117 2670/2670/2112 2671/2671/2113
f 2673/2673/2115 2675/2675/2117 2671/2671/2113
f 2676/2676/2118 2394/2394/1836 2670/2670/2112
f 2675/2675/2117 2676/2676/2118 2670/2670/2112
f 2627/2627/2069 2677/2677/2119 2672/2672/2114
f 2622/2622/2064 2677/2677/2119 2627/2627/2069
f 2672/2672/2114 2678/2678/2120 2674/2674/2116
f 2677/2677/2119 2678/2678/2120 2672/2672/2114
f 2674/2674/2116 2679/2679/2121 2673/2673/2115
f 2679/2679/2121 2675/2675/2117 2673/2673/2115
f 2678/2678/2120 2679/2679/2121 2674/2674/2116
f 2622/2622/2064 2680/2680/2122 2677/2677/2119
f 2617/2617/2059 2680/2680/2122 2622/2622/2064
f 2679/2679/2121 2681/2681/2123 2675/2675/2117
f 2681/2681/2123 2676/2676/2118 2675/2675/2117
f 2676/2676/2118 2682/2682/2124 2394/2394/1836
f 2682/2682/2124 2393/2393/1835 2394/2394/1836
f 2677/2677/2119 2683/2683/2125 2678/2678/2120
f 2680/2680/2122 2683/2683/2125 2677/2677/2119
f 2678/2678/2120 2684/2684/2126 2679/2679/2121
f 2684/2684/2126 2681/2681/2123 2679/2679/2121
f 2683/2683/2125 2684/2684/2126 2678/2678/2120
f 2617/2617/2059 2685/2685/2127 2680/2680/2122
f 2612/2612/2054 2685/2685/2127 2617/2617/2059
f 2681/2681/2123 2686/2686/2128 2676/2676/2118
f 2686/2686/2128 2682/2682/2124 2676/2676/2118
f 2682/2682/2124 2687/2687/2129 2393/2393/1835
f 2389/2389/1831 2393/2393/1835 2687/2687/2129
f 2680/2680/2122 2688/2688/2130 2683/2683/2125
f 2685/2685/2127 2688/2688/2130 2680/2680/2122
f 2683/2683/2125 2689/2689/2131 2684/2684/2126
f 2688/2688/2130 2689/2689/2131 2683/2683/2125
f 2684/2684/2126 2690/2690/2132 2681/2681/2123
f 2690/2690/2132 2686/2686/2128 2681/2681/2123
f 2689/2689/2131 2690/2690/2132 2684/2684/2126
f 2612/2612/2054 2691/2691/2133 2685/2685/2127
f 2612/2612/2054 2607/2607/2049 2691/2691/2133
f 2686/2686/2128 2692/2692/2134 2682/2682/2124
f 2692/2692/2134 2687/2687/2129 2682/2682/2124
f 2685/2685/2127 2693/2693/2135 2688/2688/2130
f 2691/2691/2133 2693/2693/2135 2685/2685/2127
f 2688/2688/2130 2694/2694/2136 2689/2689/2131
f 2693/2693/2135 2694/2694/2136 2688/2688/2130
f 2689/2689/2131 2695/2695/2137 2690/2690/2132
f 2694/2694/2136 2695/2695/2137 2689/2689/2131
f 2690/2690/2132 2696/2696/2138 2686/2686/2128
f 2696/2696/2138 2692/2692/2134 2686/2686/2128
f 2695/2695/2137 2696/2696/2138 2690/2690/2132
f 2691/2691/2133 2607/2607/2049 2697/2697/2139
f 2607/2607/2049 2593/2593/2035 2697/2697/2139
f 2691/2691/2133 2698/2698/2140 2693/2693/2135
f 2691/2691/2133 2697/2697/2139 2698/2698/2140
f 2693/2693/2135 2699/2699/2141 2694/2694/2136
f 2698/2698/2140 2699/2699/2141 2693/2693/2135
f 2694/2694/2136 2700/2700/2142 2695/2695/2137
f 2699/2699/2141 2700/2700/2142 2694/2694/2136
f 2695/2695/2137 2701/2701/2143 2696/2696/2138
f 2700/2700/2142 2701/2701/2143 2695/2695/2137
f 2696/2696/2138 2702/2702/2144 2692/2692/2134
f 2701/2701/2143 2702/2702/2144 2696/2696/2138
f 2697/2697/2139 2593/2593/2035 2703/2703/2145
f 2593/2593/2035 2589/2589/2031 2703/2703/2145
f 2698/2698/2140 2697/2697/2139 2704/2704/2146
f 2697/2697/2139 2703/2703/2145 2704/2704/2146
f 2698/2698/2140 2705/2705/2147 2699/2699/2141
f 2698/2698/2140 2704/2704/2146 2705/2705/2147
f 2699/2699/2141 2706/2706/2148 2700/2700/2142
f 2705/2705/2147 2706/2706/2148 2699/2699/2141
f 2700/2700/2142 2707/2707/2149 2701/2701/2143
f 2706/2706/2148 2707/2707/2149 2700/2700/2142
f 2703/2703/2145 2589/2589/2031 2708/2708/2150
f 2589/2589/2031 2588/2588/2030 2708/2708/2150
f 2704/2704/2146 2703/2703/2145 2709/2709/2151
f 2703/2703/2145 2708/2708/2150 2709/2709/2151
f 2705/2705/2147 2704/2704/2146 2710/2710/2152
f 2704/2704/2146 2709/2709/2151 2710/2710/2152
f 2705/2705/2147 2711/2711/2153 2706/2706/2148
f 2705/2705/2147 2710/2710/2152 2711/2711/2153
f 2708/2708/2150 2588/2588/2030 2712/2712/2154
f 2588/2588/2030 2587/2587/2029 2712/2712/2154
f 2709/2709/2151 2708/2708/2150 2713/2713/2155
f 2708/2708/2150 2712/2712/2154 2713/2713/2155
f 2710/2710/2152 2709/2709/2151 2714/2714/2156
f 2709/2709/2151 2713/2713/2155 2714/2714/2156
f 2712/2712/2154 2587/2587/2029 2715/2715/2157
f 2587/2587/2029 2586/2586/2028 2715/2715/2157
f 2713/2713/2155 2712/2712/2154 2716/2716/2158
f 2712/2712/2154 2715/2715/2157 2716/2716/2158
f 2715/2715/2157 2586/2586/2028 2717/2717/2159
f 2586/2586/2028 2590/2590/2032 2717/2717/2159
f 2711/2711/2153 2718/2718/2160 2706/2706/2148
f 2706/2706/2148 2718/2718/2160 2707/2707/2149
f 2711/2711/2153 2710/2710/2152 2719/2719/2161
f 2710/2710/2152 2714/2714/2156 2719/2719/2161
f 2714/2714/2156 2713/2713/2155 2720/2720/2162
f 2713/2713/2155 2716/2716/2158 2720/2720/2162
f 2716/2716/2158 2715/2715/2157 2721/2721/2163
f 2715/2715/2157 2717/2717/2159 2721/2721/2163
f 2722/2722/2164 2717/2717/2159 2590/2590/2032
f 2722/2722/2164 2590/2590/2032 2591/2591/2033
f 2711/2711/2153 2723/2723/2165 2718/2718/2160
f 2711/2711/2153 2719/2719/2161 2723/2723/2165
f 2719/2719/2161 2714/2714/2156 2724/2724/2166
f 2714/2714/2156 2720/2720/2162 2724/2724/2166
f 2720/2720/2162 2716/2716/2158 2725/2725/2167
f 2716/2716/2158 2721/2721/2163 2725/2725/2167
f 2726/2726/2168 2721/2721/2163 2717/2717/2159
f 2726/2726/2168 2717/2717/2159 2722/2722/2164
f 2723/2723/2165 2719/2719/2161 2727/2727/2169
f 2719/2719/2161 2724/2724/2166 2727/2727/2169
f 2724/2724/2166 2720/2720/2162 2728/2728/2170
f 2720/2720/2162 2725/2725/2167 2728/2728/2170
f 2729/2729/2171 2725/2725/2167 2721/2721/2163
f 2729/2729/2171 2721/2721/2163 2726/2726/2168
f 2727/2727/2169 2724/2724/2166 2730/2730/2172
f 2724/2724/2166 2728/2728/2170 2730/2730/2172
f 2731/2731/2173 2728/2728/2170 2725/2725/2167
f 2731/2731/2173 2725/2725/2167 2729/2729/2171
f 2732/2732/2174 2730/2730/2172 2728/2728/2170
f 2732/2732/2174 2728/2728/2170 2731/2731/2173
f 2733/2733/2175 2726/2726/2168 2722/2722/2164
f 2734/2734/2176 2729/2729/2171 2726/2726/2168
f 2734/2734/2176 2726/2726/2168 2733/2733/2175
f 2735/2735/2177 2731/2731/2173 2729/2729/2171
f 2735/2735/2177 2729/2729/2171 2734/2734/2176
f 2736/2736/2178 2732/2732/2174 2731/2731/2173
f 2736/2736/2178 2731/2731/2173 2735/2735/2177
f 2733/2733/2175 2722/2722/2164 2737/2737/2179
f 2737/2737/2179 2722/2722/2164 2591/2591/2033
f 2737/2737/2179 2591/2591/2033 2738/2738/2180
f 2738/2738/2180 2591/2591/2033 2495/2495/1937
f 2738/2738/2180 2495/2495/1937 2739/2739/2181
f 2485/2485/1927 2739/2739/2181 2495/2495/1937
f 2478/2478/1920 2739/2739/2181 2485/2485/1927
f 2478/2478/1920 2740/2740/2182 2739/2739/2181
f 2473/2473/1915 2740/2740/2182 2478/2478/1920
f 2473/2473/1915 2477/2477/1919 2740/2740/2182
f 2741/2741/2183 2738/2738/2180 2739/2739/2181
f 2741/2741/2183 2739/2739/2181 2740/2740/2182
f 2742/2742/2184 2737/2737/2179 2738/2738/2180
f 2742/2742/2184 2738/2738/2180 2741/2741/2183
f 2743/2743/2185 2733/2733/2175 2737/2737/2179
f 2743/2743/2185 2737/2737/2179 2742/2742/2184
f 2744/2744/2186 2740/2740/2182 2477/2477/1919
f 2744/2744/2186 2741/2741/2183 2740/2740/2182
f 2745/2745/2187 2742/2742/2184 2741/2741/2183
f 2745/2745/2187 2741/2741/2183 2744/2744/2186
f 2746/2746/2188 2744/2744/2186 2477/2477/1919
f 2746/2746/2188 2477/2477/1919 2469/2469/1911
f 2747/2747/2189 2733/2733/2175 2743/2743/2185
f 2747/2747/2189 2734/2734/2176 2733/2733/2175
f 2748/2748/2190 2743/2743/2185 2742/2742/2184
f 2748/2748/2190 2742/2742/2184 2745/2745/2187
f 2749/2749/2191 2745/2745/2187 2744/2744/2186
f 2749/2749/2191 2744/2744/2186 2746/2746/2188
f 2750/2750/2192 2746/2746/2188 2469/2469/1911
f 2750/2750/2192 2469/2469/1911 2463/2463/1905
f 2462/2462/1904 2750/2750/2192 2463/2463/1905
f 2751/2751/2193 2746/2746/2188 2750/2750/2192
f 2751/2751/2193 2749/2749/2191 2746/2746/2188
f 2752/2752/2194 2750/2750/2192 2462/2462/1904
f 2752/2752/2194 2751/2751/2193 2750/2750/2192
f 2446/2446/1888 2752/2752/2194 2462/2462/1904
f 2441/2441/1883 2752/2752/2194 2446/2446/1888
f 2441/2441/1883 2753/2753/2195 2752/2752/2194
f 2753/2753/2195 2751/2751/2193 2752/2752/2194
f 2436/2436/1878 2753/2753/2195 2441/2441/1883
f 2754/2754/2196 2745/2745/2187 2749/2749/2191
f 2754/2754/2196 2748/2748/2190 2745/2745/2187
f 2755/2755/2197 2749/2749/2191 2751/2751/2193
f 2753/2753/2195 2755/2755/2197 2751/2751/2193
f 2755/2755/2197 2754/2754/2196 2749/2749/2191
f 2436/2436/1878 2756/2756/2198 2753/2753/2195
f 2756/2756/2198 2755/2755/2197 2753/2753/2195
f 2431/2431/1873 2756/2756/2198 2436/2436/1878
f 2757/2757/2199 2754/2754/2196 2755/2755/2197
f 2756/2756/2198 2757/2757/2199 2755/2755/2197
f 2431/2431/1873 2758/2758/2200 2756/2756/2198
f 2758/2758/2200 2757/2757/2199 2756/2756/2198
f 2426/2426/1868 2758/2758/2200 2431/2431/1873
f 2759/2759/2201 2748/2748/2190 2754/2754/2196
f 2757/2757/2199 2759/2759/2201 2754/2754/2196
f 2426/2426/1868 2760/2760/2202 2758/2758/2200
f 2421/2421/1863 2760/2760/2202 2426/2426/1868
f 2758/2758/2200 2761/2761/2203 2757/2757/2199
f 2761/2761/2203 2759/2759/2201 2757/2757/2199
f 2760/2760/2202 2761/2761/2203 2758/2758/2200
f 2759/2759/2201 2762/2762/2204 2748/2748/2190
f 2762/2762/2204 2743/2743/2185 2748/2748/2190
f 2762/2762/2204 2747/2747/2189 2743/2743/2185
f 2421/2421/1863 2763/2763/2205 2760/2760/2202
f 2416/2416/1858 2763/2763/2205 2421/2421/1863
f 2761/2761/2203 2764/2764/2206 2759/2759/2201
f 2764/2764/2206 2762/2762/2204 2759/2759/2201
f 2760/2760/2202 2765/2765/2207 2761/2761/2203
f 2763/2763/2205 2765/2765/2207 2760/2760/2202
f 2765/2765/2207 2764/2764/2206 2761/2761/2203
f 2766/2766/2208 2747/2747/2189 2762/2762/2204
f 2764/2764/2206 2766/2766/2208 2762/2762/2204
f 2416/2416/1858 2767/2767/2209 2763/2763/2205
f 2416/2416/1858 2405/2405/1847 2767/2767/2209
f 2765/2765/2207 2768/2768/2210 2764/2764/2206
f 2768/2768/2210 2766/2766/2208 2764/2764/2206
f 2763/2763/2205 2769/2769/2211 2765/2765/2207
f 2767/2767/2209 2769/2769/2211 2763/2763/2205
f 2769/2769/2211 2768/2768/2210 2765/2765/2207
f 2766/2766/2208 2770/2770/2212 2747/2747/2189
f 2770/2770/2212 2734/2734/2176 2747/2747/2189
f 2770/2770/2212 2735/2735/2177 2734/2734/2176
f 2767/2767/2209 2405/2405/1847 2771/2771/2213
f 2405/2405/1847 2395/2395/1837 2771/2771/2213
f 2771/2771/2213 2395/2395/1837 2396/2396/1838
f 2767/2767/2209 2772/2772/2214 2769/2769/2211
f 2767/2767/2209 2771/2771/2213 2772/2772/2214
f 2768/2768/2210 2773/2773/2215 2766/2766/2208
f 2773/2773/2215 2770/2770/2212 2766/2766/2208
f 2774/2774/2216 2735/2735/2177 2770/2770/2212
f 2773/2773/2215 2774/2774/2216 2770/2770/2212
f 2774/2774/2216 2736/2736/2178 2735/2735/2177
f 2769/2769/2211 2775/2775/2217 2768/2768/2210
f 2775/2775/2217 2773/2773/2215 2768/2768/2210
f 2772/2772/2214 2775/2775/2217 2769/2769/2211
f 2771/2771/2213 2396/2396/1838 2776/2776/2218
f 2772/2772/2214 2771/2771/2213 2776/2776/2218
f 2777/2777/2219 2774/2774/2216 2773/2773/2215
f 2775/2775/2217 2777/2777/2219 2773/2773/2215
f 2772/2772/2214 2778/2778/2220 2775/2775/2217
f 2772/2772/2214 2776/2776/2218 2778/2778/2220
f 2778/2778/2220 2777/2777/2219 2775/2775/2217
f 2779/2779/2221 2736/2736/2178 2774/2774/2216
f 2777/2777/2219 2779/2779/2221 2774/2774/2216
f 2776/2776/2218 2396/2396/1838 2780/2780/2222
f 2396/2396/1838 2392/2392/1834 2780/2780/2222
f 2778/2778/2220 2776/2776/2218 2781/2781/2223
f 2776/2776/2218 2780/2780/2222 2781/2781/2223
f 2778/2778/2220 2782/2782/2224 2777/2777/2219
f 2782/2782/2224 2779/2779/2221 2777/2777/2219
f 2778/2778/2220 2781/2781/2223 2782/2782/2224
f 2779/2779/2221 2783/2783/2225 2736/2736/2178
f 2783/2783/2225 2732/2732/2174 2736/2736/2178
f 2780/2780/2222 2392/2392/1834 2784/2784/2226
f 2392/2392/1834 2391/2391/1833 2784/2784/2226
f 2782/2782/2224 2785/2785/2227 2779/2779/2221
f 2785/2785/2227 2783/2783/2225 2779/2779/2221
f 2782/2782/2224 2781/2781/2223 2786/2786/2228
f 2782/2782/2224 2786/2786/2228 2785/2785/2227
f 2781/2781/2223 2780/2780/2222 2787/2787/2229
f 2780/2780/2222 2784/2784/2226 2787/2787/2229
f 2781/2781/2223 2787/2787/2229 2786/2786/2228
f 2783/2783/2225 2788/2788/2230 2732/2732/2174
f 2788/2788/2230 2730/2730/2172 2732/2732/2174
f 2784/2784/2226 2391/2391/1833 2789/2789/2231
f 2391/2391/1833 2390/2390/1832 2789/2789/2231
f 2785/2785/2227 2790/2790/2232 2783/2783/2225
f 2790/2790/2232 2788/2788/2230 2783/2783/2225
f 2785/2785/2227 2786/2786/2228 2791/2791/2233
f 2785/2785/2227 2791/2791/2233 2790/2790/2232
f 2787/2787/2229 2784/2784/2226 2792/2792/2234
f 2784/2784/2226 2789/2789/2231 2792/2792/2234
f 2786/2786/2228 2787/2787/2229 2793/2793/2235
f 2786/2786/2228 2793/2793/2235 2791/2791/2233
f 2787/2787/2229 2792/2792/2234 2793/2793/2235
f 2788/2788/2230 2794/2794/2236 2730/2730/2172
f 2727/2727/2169 2730/2730/2172 2794/2794/2236
f 2789/2789/2231 2390/2390/1832 2795/2795/2237
f 2390/2390/1832 2389/2389/1831 2795/2795/2237
f 2795/2795/2237 2389/2389/1831 2687/2687/2129
f 2790/2790/2232 2796/2796/2238 2788/2788/2230
f 2796/2796/2238 2794/2794/2236 2788/2788/2230
f 2790/2790/2232 2791/2791/2233 2797/2797/2239
f 2790/2790/2232 2797/2797/2239 2796/2796/2238
f 2791/2791/2233 2793/2793/2235 2798/2798/2240
f 2791/2791/2233 2798/2798/2240 2797/2797/2239
f 2793/2793/2235 2792/2792/2234 2799/2799/2241
f 2793/2793/2235 2799/2799/2241 2798/2798/2240
f 2792/2792/2234 2789/2789/2231 2800/2800/2242
f 2789/2789/2231 2795/2795/2237 2800/2800/2242
f 2792/2792/2234 2800/2800/2242 2799/2799/2241
f 2795/2795/2237 2687/2687/2129 2801/2801/2243
f 2800/2800/2242 2795/2795/2237 2801/2801/2243
f 2692/2692/2134 2801/2801/2243 2687/2687/2129
f 2702/2702/2144 2801/2801/2243 2692/2692/2134
f 2800/2800/2242 2801/2801/2243 2802/2802/2244
f 2799/2799/2241 2800/2800/2242 2802/2802/2244
f 2702/2702/2144 2802/2802/2244 2801/2801/2243
f 2798/2798/2240 2799/2799/2241 2803/2803/2245
f 2799/2799/2241 2802/2802/2244 2803/2803/2245
f 2804/2804/2246 2802/2802/2244 2702/2702/2144
f 2804/2804/2246 2803/2803/2245 2802/2802/2244
f 2701/2701/2143 2804/2804/2246 2702/2702/2144
f 2707/2707/2149 2804/2804/2246 2701/2701/2143
f 2707/2707/2149 2805/2805/2247 2804/2804/2246
f 2805/2805/2247 2803/2803/2245 2804/2804/2246
f 2718/2718/2160 2805/2805/2247 2707/2707/2149
f 2798/2798/2240 2803/2803/2245 2806/2806/2248
f 2805/2805/2247 2806/2806/2248 2803/2803/2245
f 2797/2797/2239 2798/2798/2240 2806/2806/2248
f 2718/2718/2160 2807/2807/2249 2805/2805/2247
f 2807/2807/2249 2806/2806/2248 2805/2805/2247
f 2723/2723/2165 2807/2807/2249 2718/2718/2160
f 2797/2797/2239 2806/2806/2248 2808/2808/2250
f 2807/2807/2249 2808/2808/2250 2806/2806/2248
f 2796/2796/2238 2797/2797/2239 2808/2808/2250
f 2723/2723/2165 2809/2809/2251 2807/2807/2249
f 2809/2809/2251 2808/2808/2250 2807/2807/2249
f 2723/2723/2165 2727/2727/2169 2809/2809/2251
f 2809/2809/2251 2727/2727/2169 2794/2794/2236
f 2796/2796/2238 2808/2808/2250 2810/2810/2252
f 2809/2809/2251 2810/2810/2252 2808/2808/2250
f 2809/2809/2251 2794/2794/2236 2810/2810/2252
f 2796/2796/2238 2810/2810/2252 2794/2794/2236
# Vertices: 2810, normals: 2252, texture coordinates: 2810, faces: 4792

