# File generated by FabConvert.com - Free Image and 3D model conversion tools

mtllib mtl/patrick2.mtl

o obj1
v -0.00073482 0.00075512 -0.00036376
v -0.0007302 0.00097648 -0.00044102
v -0.00048876 0.00094163 -0.00030479
v -0.00051899 0.00076958 -0.0002365
v -0.0009791 0.00075553 -0.00042217
v -0.00101147 0.00101303 -0.00048723
v -0.00031154 0.00088572 -5.636E-05
v -0.00034707 0.00078 -2.293E-05
v -0.00022453 0.00088074 0.0002519
v -0.00026021 0.00078648 0.00025823
v -0.00121425 0.00075838 -0.00037038
v -0.00124777 0.00103929 -0.00043774
v -0.00142153 0.00077795 -0.00025206
v -0.00151057 0.00106871 -0.00029026
v -0.00160422 0.00080563 -1.813E-05
v -0.00167527 0.00109627 -3.232E-05
v -0.00169802 0.00083292 0.00027401
v -0.00172872 0.00111262 0.00027225
v -0.00170005 0.00111331 0.00058086
v -0.0016456 0.00082083 0.00057772
v -0.00150802 0.0010893 0.00082334
v -0.00145381 0.00076617 0.00081472
v -0.00127841 0.00105451 0.00097848
v -0.00123762 0.00073123 0.0009536
v -0.00101199 0.00100527 0.0010691
v -0.00097501 0.00070715 0.00100363
v -0.00073105 0.00096493 0.00103296
v -0.00071643 0.00070929 0.00095972
v -0.00044214 0.00092868 0.00087273
v -0.00046852 0.00074219 0.0008128
v -0.00025531 0.00088199 0.00058606
v -0.0002922 0.00077988 0.00056432
v -0.00022453 0.00088074 0.0002519
v -0.00026021 0.00078648 0.00025823
v -0.00022516 0.00099403 0.00060595
v -0.00043514 0.00104719 0.00088242
v -0.00018829 0.00099439 0.0002437
v -0.00073633 0.00112204 0.00106208
v -0.00103418 0.00118038 0.00110444
v -0.00129332 0.00125481 0.00099841
v -0.00154573 0.00132278 0.00082555
v -0.00173375 0.00138378 0.00059045
v -0.00177826 0.00138558 0.00027336
v -0.00171291 0.00136759 -5.783E-05
v -0.00153805 0.00131962 -0.00032331
v -0.00126902 0.00124795 -0.00049281
v -0.00099543 0.00117055 -0.00053733
v -0.00066685 0.00112036 -0.00047124
v -0.00046132 0.00105896 -0.00033224
v -0.00026318 0.00099897 -8.716E-05
v -0.00018829 0.00099439 0.0002437
v -0.00057875 0.0011972 -0.00051287
v -0.00039614 0.00111188 -0.00034905
v -0.00095943 0.00126966 -0.00058804
v -0.00024745 0.00104313 -5.882E-05
v -0.00017768 0.00103026 0.00025248
v -0.00126742 0.00134159 -0.00052683
v -0.00153811 0.00141795 -0.0003635
v -0.00172905 0.00145803 -7.257E-05
v -0.0017964 0.00147028 0.00026438
v -0.00174141 0.00147357 0.00058619
v -0.00156286 0.00142737 0.00083477
v -0.00130648 0.00134181 0.00101438
v -0.00102612 0.0012592 0.00113007
v -0.00071983 0.00118847 0.00109114
v -0.00040251 0.00112789 0.00090567
v -0.00021357 0.00104527 0.00057198
v -0.00017768 0.00103026 0.00025248
v -0.00132389 0.00142443 0.00104413
v -0.00158593 0.00151131 0.0008549
v -0.00136111 0.00158088 0.00110718
v -0.0016463 0.00165885 0.00086155
v -0.00110099 0.00151622 0.00126813
v -0.00101293 0.00133757 0.00115705
v -0.00176666 0.00155653 0.00059137
v -0.00182309 0.0017141 0.00057273
v -0.00181027 0.00155473 0.00025538
v -0.00185184 0.0017247 0.00022477
v -0.0017493 0.00154576 -9.029E-05
v -0.00178541 0.00170239 -0.0001499
v -0.00154581 0.00149105 -0.000416
v -0.00156015 0.00162713 -0.00052947
v -0.00126669 0.00142205 -0.00057293
v -0.00125944 0.00158488 -0.00073274
v -0.0009207 0.00135301 -0.00066266
v -0.00085232 0.00153131 -0.00086628
v -0.00144445 0.00180846 0.00117905
v -0.00172317 0.0018544 0.00086923
v -0.00153225 0.00201638 0.00119883
v -0.00177711 0.00206033 0.00084603
v -0.00156119 0.00226335 0.00115887
v -0.0017884 0.0023342 0.00080276
v -0.00192737 0.00210657 0.00048725
v -0.00190476 0.00239435 0.0004095
v -0.00191875 0.00214332 6.5E-05
v -0.00188819 0.00242811 -4.596E-05
v -0.00182308 0.00217957 -0.00037779
v -0.00180977 0.00246958 -0.00046922
v -0.00156819 0.00222501 -0.00080385
v -0.0015661 0.002514 -0.00088238
v -0.00122368 0.00224491 -0.00107814
v -0.00121352 0.00252974 -0.00115357
v -0.00079149 0.00222612 -0.0012943
v -0.00079178 0.00255001 -0.00133499
v -0.00033015 0.00222027 -0.00140186
v -0.00029243 0.00255208 -0.00143465
v 0.0001441 0.00222426 -0.00141299
v 0.0001229 0.00257095 -0.00144437
v 0.00015043 0.00181622 -0.00121931
v -0.0003369 0.00182228 -0.00120648
v -0.00080282 0.00185459 -0.00112651
v -0.00156629 0.00190919 -0.00067641
v -0.00180713 0.00192033 -0.00026571
v -0.00124428 0.00187504 -0.00092995
v -0.00037637 0.00150215 -0.00094877
v -0.00190329 0.00190263 0.00015318
v -0.00187753 0.00188066 0.00053689
v -0.00041594 0.00125264 -0.00059757
v 0.00014185 0.00127884 -0.0006446
v -0.00029878 0.00112483 -0.00037016
v 0.00010123 0.00113539 -0.00036663
v 0.00047882 0.00112616 -0.00037267
v 0.00070253 0.00132394 -0.00064626
v 0.0006371 0.00153665 -0.00091042
v 0.00014929 0.00150233 -0.00092516
v 0.00058931 0.00183383 -0.00117087
v 0.0005706 0.00223293 -0.00135945
v 0.00055737 0.0025722 -0.0013924
v 0.00100055 0.00256747 -0.00127564
v 0.00099985 0.00226463 -0.00122503
v 0.00137057 0.00256891 -0.00106077
v 0.00140681 0.00227858 -0.00098583
v 0.00164319 0.00256056 -0.00077699
v 0.00168246 0.0022784 -0.00070161
v 0.00186092 0.00255077 -0.00043649
v 0.00189811 0.00224897 -0.00037018
v 0.00198602 0.00252788 -5.032E-05
v 0.00202694 0.0022186 5.552E-05
v 0.00103941 0.0018612 -0.00107439
v 0.0017162 0.00196126 -0.00058691
v 0.00192414 0.0019707 -0.00024547
v 0.00201865 0.00194764 0.00013689
v 0.00142578 0.00191076 -0.00084587
v 0.00170604 0.00173652 -0.00049646
v 0.00190311 0.00175851 -0.00015795
v 0.00167832 0.00153886 -0.00037457
v 0.00186104 0.0015599 -7.73E-05
v 0.00198389 0.00173308 0.00020157
v 0.00197383 0.00154049 0.00023945
v 0.00141397 0.00147187 -0.00058197
v 0.00142175 0.00165867 -0.00071526
v 0.00107211 0.00139673 -0.00067785
v 0.00105308 0.00157585 -0.00087528
v 0.00109519 0.00130211 -0.00060787
v 0.00077373 0.00121326 -0.00054891
v 0.00111785 0.00120408 -0.00054228
v 0.00080343 0.00113029 -0.00049368
v 0.00053985 0.00110601 -0.00035024
v 0.00059062 0.0010602 -0.00034457
v 0.00142487 0.00128426 -0.00044705
v 0.00143034 0.00138144 -0.00050885
v 0.00164922 0.00135644 -0.00028862
v 0.00166204 0.00144846 -0.00033002
v 0.00182268 0.0013932 -6.48E-05
v 0.00184029 0.00147681 -7.035E-05
v 0.00196388 0.00139546 0.00025047
v 0.00196859 0.00146846 0.00024507
v 0.00038422 0.00104754 -3.528E-05
v 0.00040782 0.00100098 -2.853E-05
v 0.0003479 0.0010465 0.00027071
v 0.00037245 0.00099597 0.00028054
v 0.00083034 0.00096534 -0.00043077
v 0.00060837 0.00093923 -0.00029277
v 0.00085459 0.0007331 -0.00035094
v 0.00064989 0.00074678 -0.0002113
v 0.00108987 0.00073941 -0.0004015
v 0.00111664 0.00101144 -0.00047717
v 0.00044865 0.00090744 -7.82E-06
v 0.00052004 0.00078027 -2.93E-06
v 0.00042948 0.0009028 0.00027756
v 0.00048002 0.0008151 0.00027081
v 0.00131984 0.00075754 -0.0003633
v 0.00138355 0.00105546 -0.00040862
v 0.00153687 0.0007902 -0.00025764
v 0.00158965 0.00109206 -0.00026762
v 0.00175795 0.00083595 -5.944E-05
v 0.00178332 0.00112213 -5.722E-05
v 0.00189356 0.00088946 0.00024474
v 0.00193633 0.0011432 0.00024634
v 0.00170141 0.00082285 -1.516E-05
v 0.00149255 0.00077873 -0.00019807
v 0.0018284 0.00088442 0.00025817
v 0.00146041 0.00093785 9.43E-06
v 0.00163644 0.00102305 0.00037662
v 0.00129039 0.00075193 -0.00029761
v 0.00108369 0.00073905 -0.00033464
v 0.00087582 0.00073531 -0.00029283
v 0.00069419 0.00074551 -0.00017414
v 0.00057514 0.00077742 6.42E-06
v 0.00088186 0.00092192 -0.00011499
v 0.00115941 0.00090089 -0.00014988
v 0.00069822 0.00100297 0.00014422
v 0.00053528 0.00081437 0.00026377
v -0.00062768 0.00213095 0.00186064
v -0.00061134 0.00190423 0.00173555
v -0.00023133 0.00186726 0.0018311
v -0.00025529 0.00211525 0.00194802
v 0.00012069 0.00186214 0.00182813
v 0.00012442 0.00211252 0.00196413
v -0.00093781 0.00193916 0.00163203
v -0.00096215 0.0021495 0.00172205
v -0.00125714 0.00198968 0.00144026
v -0.00134382 0.00221131 0.00146775
v -0.00117625 0.00176619 0.00136973
v -0.00089761 0.00170847 0.0015206
v -0.00059858 0.00166028 0.00161909
v -0.00022433 0.00163203 0.00169446
v 0.00012208 0.0016365 0.00168974
v 0.00012055 0.00142542 0.00150413
v -0.00022547 0.00143597 0.00150071
v -0.00085581 0.00148656 0.00137742
v 0.00012589 0.00128812 0.00128162
v -0.00022997 0.00129568 0.00127749
v 0.00010384 0.00118824 0.00095015
v -0.00031284 0.00119067 0.00097684
v -0.00061257 0.00132584 0.00124639
v -0.00069574 0.00125121 0.00112686
v -0.00080295 0.00137242 0.00127286
v -0.00019344 0.00109336 0.00056279
v 6.546E-05 0.00110282 0.0005699
v -0.00059093 0.00146123 0.00145595
v 0.00030165 0.00110073 0.00057372
v 0.00047952 0.00118764 0.00098019
v 0.00046121 0.00131744 0.00128342
v 0.00083682 0.00132465 0.00122703
v 0.00082119 0.00122134 0.00111047
v 0.00103015 0.00139852 0.00126243
v 0.00118891 0.00133428 0.0011584
v 0.00082669 0.00149913 0.00141169
v 0.00045098 0.00145047 0.00148029
v 0.00045931 0.0016531 0.00165386
v 0.00047014 0.00187523 0.00178763
v 0.00083281 0.00189916 0.00169082
v 0.00085963 0.00217739 0.00181345
v 0.00048692 0.00213137 0.00192404
v 0.00115355 0.00194562 0.00155082
v 0.00119006 0.00221776 0.00165073
v 0.00145729 0.00197731 0.00138168
v 0.00157499 0.00229092 0.0013918
v 0.00174156 0.00201875 0.00115923
v 0.00182034 0.00237441 0.00112613
v 0.00197263 0.00208789 0.00084267
v 0.0019893 0.00244881 0.00078618
v 0.00205632 0.00217817 0.0004656
v 0.00204644 0.00248643 0.00038311
v 0.00202694 0.0022186 5.552E-05
v 0.00198602 0.00252788 -5.032E-05
v 0.00138983 0.00179002 0.00133391
v 0.00111653 0.00175506 0.00146534
v 0.00083171 0.00169853 0.00157452
v 0.0019067 0.00185527 0.00087194
v 0.00165755 0.00181412 0.00115818
v 0.00201865 0.00194764 0.00013689
v 0.00202276 0.00189087 0.00053789
v 0.00131477 0.00156558 0.00124198
v 0.00108304 0.0015335 0.00134027
v 0.00182256 0.00164316 0.00087669
v 0.00156281 0.00159649 0.00110517
v 0.0017565 0.00146687 0.00088001
v 0.00148764 0.00141316 0.0010513
v 0.00192798 0.00150448 0.00057691
v 0.00197295 0.00167434 0.00055369
v 0.00197383 0.00154049 0.00023945
v 0.00198389 0.00173308 0.00020157
v 0.00191731 0.001441 0.00059345
v 0.00196859 0.00146846 0.00024507
v 0.00190525 0.00137724 0.00061019
v 0.00196388 0.00139546 0.00025047
v 0.00169584 0.00131238 0.00089211
v 0.00172507 0.00138987 0.00088568
v 0.00141356 0.00127223 0.0010412
v 0.00145061 0.00134276 0.00104607
v 0.00113322 0.00118724 0.00109677
v 0.00116164 0.00126086 0.00112717
v 0.00082914 0.00112672 0.0010154
v 0.00082568 0.00117724 0.00105894
v 0.0005739 0.00107028 0.00082567
v 0.00055265 0.00113007 0.00085567
v 0.00043239 0.00101534 0.00056092
v 0.00040392 0.00107437 0.00055347
v 0.0003479 0.0010465 0.00027071
v 0.00037245 0.00099597 0.00028054
v 0.00060352 0.0009378 0.00078363
v 0.00047418 0.00091394 0.00054505
v 0.00063413 0.0008232 0.00074961
v 0.00051929 0.00082482 0.00051991
v 0.00042948 0.0009028 0.00027756
v 0.00048002 0.0008151 0.00027081
v 0.00084146 0.0008094 0.00091209
v 0.00083428 0.00097999 0.00096348
v 0.00108487 0.00080878 0.00097608
v 0.00110691 0.00101145 0.00103362
v 0.00133489 0.00081167 0.00095054
v 0.00138425 0.00105347 0.00100618
v 0.00161858 0.00085288 0.00083174
v 0.00166402 0.00110031 0.00088642
v 0.0018497 0.00088439 0.00057589
v 0.0018901 0.00113178 0.00060785
v 0.00189356 0.00088946 0.00024474
v 0.00193633 0.0011432 0.00024634
v 0.00131454 0.00081732 0.0008855
v 0.00157995 0.0008603 0.00077818
v 0.00108653 0.00081343 0.00090914
v 0.00179261 0.00088752 0.00054987
v 0.0018284 0.00088442 0.00025817
v 0.00136626 0.00099025 0.00068618
v 0.00102553 0.00097178 0.00072527
v 0.00086888 0.00081659 0.00085413
v 0.00068148 0.00082802 0.00071276
v 0.00057404 0.00082439 0.00050252
v 0.00053528 0.00081437 0.00026377
v 0.00076048 0.00101743 0.00053826
v 0.00069822 0.00100297 0.00014422
v 0.00163644 0.00102305 0.00037662
v -0.00021521 0.00107553 -4.66E-05
v 6.797E-05 0.00107683 -4.846E-05
v 0.0003386 0.00107205 -5.068E-05
v 4.757E-05 0.00108095 0.00026408
v 0.00029426 0.00107478 0.00026263
v -0.00015946 0.00106521 0.00026122
v -0.00024812 0.00224262 0.00194561
v -0.00063004 0.00227218 0.00187631
v 0.00012772 0.00224453 0.00197439
v -0.00096913 0.0023127 0.00174115
v -0.00134827 0.00237323 0.00145999
v -0.00158618 0.00243596 0.00112778
v -0.00176252 0.00248931 0.00076622
v -0.00187124 0.00253716 0.00036857
v -0.0018934 0.00258468 -5.49E-05
v -0.00177925 0.00263061 -0.00051064
v -0.00155067 0.00265002 -0.00090926
v -0.00120275 0.00267084 -0.00117792
v -0.00079551 0.00268958 -0.00133994
v -0.00028262 0.00269708 -0.00143042
v 0.00012002 0.00270158 -0.00143877
v 0.00052386 0.00270163 -0.00139507
v 0.0010045 0.0026944 -0.00128054
v 0.00135432 0.00269291 -0.00108313
v 0.00162081 0.0026944 -0.00079646
v 0.00181875 0.00269196 -0.00045542
v 0.00193769 0.00267504 -8.107E-05
v -0.00028061 0.00270139 -0.00135881
v 0.00011663 0.00270447 -0.00136685
v 0.00051684 0.00270676 -0.00132349
v 0.0009882 0.00270522 -0.00121323
v 0.0013177 0.00270381 -0.00102785
v 0.00156952 0.00269335 -0.00075548
v 0.00176132 0.00267593 -0.00042869
v 0.00187805 0.00264872 -6.719E-05
v -0.00046942 0.0025672 -0.00114182
v 0.0002881 0.00257107 -0.00116917
v -0.00078752 0.00270114 -0.00127009
v -0.00118034 0.00268737 -0.00111516
v -0.00150775 0.00265959 -0.0008649
v -0.00172076 0.00263128 -0.00048833
v -0.00183056 0.00257954 -5.337E-05
v -0.00181066 0.00251755 0.00035064
v -0.00170533 0.00246694 0.00073632
v -0.00153048 0.00242833 0.00109028
v -0.00130309 0.00237349 0.00141086
v -0.00093944 0.00231618 0.00167948
v -0.00061611 0.00227194 0.0018073
v -0.00024393 0.00223431 0.00187393
v 0.00012957 0.00223487 0.001887
v 0.00049535 0.00225991 0.00185096
v 0.00050657 0.00226719 0.00192126
v 0.00085369 0.0023046 0.00181147
v 0.00118866 0.00235786 0.0016487
v 0.00158629 0.00244393 0.00137013
v 0.00181665 0.00252033 0.00107121
v 0.00195485 0.00257874 0.00074403
v 0.00199997 0.00262933 0.00034956
v 0.00193769 0.00267504 -8.107E-05
v 0.00187805 0.00264872 -6.719E-05
v 0.00194168 0.00260884 0.00034967
v 0.00190052 0.00255735 0.00072379
v 0.00176888 0.00250222 0.00103127
v 0.00155004 0.00243798 0.00131408
v 0.0011608 0.00235002 0.00158414
v 0.00083218 0.00229804 0.0017437
v 0.00059708 0.00219121 0.00162879
v 0.00170656 0.00249732 0.00015427
v 0.00163964 0.00240586 0.00080984
v 0.0012129 0.00229024 0.00131874
v -4.482E-05 0.00215169 0.0017028
v -0.00068641 0.00220464 0.00158076
v -0.00125536 0.00229977 0.00114197
v -0.00155915 0.00238109 0.00051241
v -0.00157489 0.00248185 -0.00021264
v -0.00119059 0.00254246 -0.00085297
v -0.0005652 0.00076657 -0.00018575
v -0.00076352 0.00075068 -0.00029881
v -0.00097995 0.0007539 -0.00035216
v -0.00040717 0.00077242 9.02E-06
v -0.00033021 0.00078258 0.0002665
v -0.00118566 0.00075542 -0.00030363
v -0.00137156 0.00077623 -0.00020067
v -0.00153872 0.00080491 1.496E-05
v -0.00162618 0.00082684 0.0002807
v -0.00158001 0.00081665 0.00054921
v -0.00140195 0.00078185 0.00076054
v -0.00120795 0.00074642 0.00088604
v -0.00097256 0.00072723 0.00093102
v -0.00074163 0.00073462 0.00089347
v -0.00051743 0.00075073 0.00076019
v -0.00035858 0.00076598 0.00053952
v -0.00033021 0.00078258 0.0002665
v -0.00072914 0.00085572 0.00068032
v -0.00052686 0.00087939 0.00038297
v -0.00104906 0.00085599 0.00074213
v -0.00133916 0.00092098 0.00056338
v -0.00141616 0.00096133 0.00018687
v -0.00118807 0.00092586 -0.00011679
v -0.0009044 0.00092033 -0.00017155
v -0.00061184 0.00095064 5.46E-06
v -0.00052686 0.00087939 0.00038297
v 0.00103263 0.00257009 -0.00096917
v 0.00148892 0.0025524 -0.00049865
v 0.00170656 0.00249732 0.00015427
v -4.482E-05 0.00215169 0.0017028
v 8.466E-05 0.00240764 0.00028608
v -0.00068641 0.00220464 0.00158076
v -0.00125536 0.00229977 0.00114197
v -0.00155915 0.00238109 0.00051241
v -0.00157489 0.00248185 -0.00021264
v -0.00119059 0.00254246 -0.00085297
v -0.00046942 0.0025672 -0.00114182
v 0.0002881 0.00257107 -0.00116917
v 0.00103263 0.00257009 -0.00096917
v 0.00148892 0.0025524 -0.00049865
v 0.00170656 0.00249732 0.00015427
v 0.00163964 0.00240586 0.00080984
v 0.0012129 0.00229024 0.00131874
v 0.00059708 0.00219121 0.00162879
v -0.00061184 0.00095064 5.46E-06
v -0.00096845 0.00106593 0.00028405
v -0.0009044 0.00092033 -0.00017155
v -0.00052686 0.00087939 0.00038297
v -0.00072914 0.00085572 0.00068032
v -0.00104906 0.00085599 0.00074213
v -0.00133916 0.00092098 0.00056338
v -0.00141616 0.00096133 0.00018687
v -0.00118807 0.00092586 -0.00011679
v 0.00115941 0.00090089 -0.00014988
v 0.00111934 0.00114352 0.00027719
v 0.00088186 0.00092192 -0.00011499
v 0.00069822 0.00100297 0.00014422
v 0.00076048 0.00101743 0.00053826
v 0.00102553 0.00097178 0.00072527
v 0.00136626 0.00099025 0.00068618
v 0.00163644 0.00102305 0.00037662
v 0.00146041 0.00093785 9.43E-06
v 0.00029426 0.00107478 0.00026263
v 4.757E-05 0.00108095 0.00026408
v -0.00015946 0.00106521 0.00026122
v -0.00066222 0.00533597 0.00054017
v -0.00066222 0.00499838 0.00054017
v -0.00078799 0.00516687 0.00059486
v -0.00078799 0.00499838 0.00059486
v -0.00078799 0.00533597 0.00059486
v 0.00066216 0.00499838 0.00054017
v 0.00078793 0.00516687 0.00059486
v 0.00078793 0.00499838 0.00059486
v 0.00066216 0.00533597 0.00054017
v 0.00078793 0.00533597 0.00059486
v -0.00043495 0.00516687 0.00091782
v -0.00051805 0.00516687 0.00086688
v -0.0005115 0.00499838 0.00087138
v -0.00043495 0.00499838 0.00091782
v -0.00042986 0.00499838 0.00077255
v -0.00036552 0.00499838 0.00081158
v -0.00043495 0.00533597 0.00091782
v -0.00051805 0.00533597 0.00086688
v -0.00036552 0.00533597 0.00081158
v -0.00043536 0.00533597 0.00076877
v -0.00048775 0.00499838 0.00083094
v -0.0004517 0.00499838 0.00078816
v -0.00059363 0.00533597 0.00080898
v -0.00059363 0.00516687 0.00080898
v -0.00067948 0.00516687 0.00072845
v -0.00067948 0.00533597 0.00072845
v -0.00049888 0.00533597 0.00072011
v -0.00057103 0.00533597 0.00065243
v -0.00067948 0.00499838 0.00072845
v -0.00059363 0.00499838 0.00080898
v -0.00057103 0.00499838 0.00065243
v -0.00049888 0.00499838 0.00072011
v -0.00075699 0.00533597 0.0006372
v -0.000757 0.00516687 0.00063718
v -0.00078799 0.00516687 0.00059486
v -0.00078799 0.00533597 0.00059486
v -0.00063618 0.00533597 0.00057574
v -0.00066222 0.00533597 0.00054017
v -0.00078799 0.00499838 0.00059486
v -0.000757 0.00499838 0.00063718
v -0.00066222 0.00499838 0.00054017
v -0.00063618 0.00499838 0.00057574
v -0.00052459 0.00499838 0.00086238
v -0.00044086 0.00499838 0.00076498
v -0.00043536 0.00516687 0.00076877
v -0.00036552 0.00533597 0.00081158
v -0.00036552 0.00499838 0.00081158
v -0.00042986 0.00499838 0.00077255
v -0.00043536 0.00533597 0.00076877
v -0.0004517 0.00499838 0.00078816
v -0.00049888 0.00533597 0.00072011
v -0.00049888 0.00499838 0.00072011
v -0.00057103 0.00533597 0.00065243
v -0.00057103 0.00499838 0.00065243
v -0.00063618 0.00499838 0.00057574
v -0.00063618 0.00533597 0.00057574
v -0.00066222 0.00533597 0.00054017
v -0.00066222 0.00499838 0.00054017
v -0.00044086 0.00499838 0.00076498
v -0.00029868 0.00499838 0.00084517
v -0.00029868 0.00533597 0.00084517
v -0.00022918 0.00533597 0.0008718
v -0.00022918 0.00499838 0.0008718
v -0.00015155 0.00516687 0.00089422
v -0.00015793 0.00499838 0.00089274
v -0.00015155 0.00533597 0.00089422
v -0.00015724 0.00499838 0.00091832
v -0.00014517 0.00499838 0.0008957
v -7.201E-05 0.00533597 0.00090825
v -7.201E-05 0.00499838 0.00090825
v -2.09E-06 0.00499838 0.00091492
v -2.09E-06 0.00533597 0.00091492
v 7.196E-05 0.00499838 0.00090825
v 7.196E-05 0.00533597 0.00090825
v 0.00015149 0.00516687 0.00089422
v 0.00015149 0.00533597 0.00089422
v 0.00022912 0.00533597 0.0008718
v 0.00022912 0.00499838 0.0008718
v 0.00029863 0.00533597 0.00084517
v 0.00029863 0.00499838 0.00084517
v 0.00036547 0.00499838 0.00081158
v 0.00036547 0.00533597 0.00081158
v 0.0004353 0.00516687 0.00076877
v 0.00042981 0.00499838 0.00077255
v 0.0004353 0.00533597 0.00076877
v 0.00045164 0.00499838 0.00078816
v 0.00049882 0.00533597 0.00072011
v 0.0004408 0.00499838 0.00076498
v 0.00049882 0.00499838 0.00072011
v 0.00057097 0.00499838 0.00065243
v 0.00057097 0.00533597 0.00065243
v 0.00063612 0.00533597 0.00057574
v 0.00063612 0.00499838 0.00057574
v 0.00066216 0.00499838 0.00054017
v 0.00066216 0.00533597 0.00054017
v 0.00051799 0.00516687 0.00086688
v 0.00043489 0.00516687 0.00091782
v 0.00043489 0.00499838 0.00091782
v 0.00051145 0.00499838 0.00087138
v 0.00036547 0.00499838 0.00081158
v 0.00042981 0.00499838 0.00077255
v 0.00051799 0.00533597 0.00086688
v 0.00043489 0.00533597 0.00091782
v 0.0004353 0.00533597 0.00076877
v 0.00036547 0.00533597 0.00081158
v 0.00045164 0.00499838 0.00078816
v 0.00048769 0.00499838 0.00083094
v 0.00035535 0.00533597 0.00095779
v 0.00029863 0.00533597 0.00084517
v 0.00029863 0.00499838 0.00084517
v 0.00035535 0.00499838 0.00095779
v 0.00035535 0.00516687 0.00095779
v 0.00022912 0.00533597 0.0008718
v 0.00027265 0.00533597 0.00098947
v 0.00018027 0.00533597 0.00101615
v 0.00018027 0.00516687 0.00101615
v 0.00027265 0.00516687 0.00098947
v 0.00015149 0.00533597 0.00089422
v 0.00018787 0.00499838 0.00101439
v 0.00027265 0.00499838 0.00098947
v 0.00015787 0.00499838 0.00089274
v 0.00022912 0.00499838 0.0008718
v 0.00015718 0.00499838 0.00091832
v 0.00016973 0.00499838 0.00097148
v 0.00014512 0.00499838 0.0008957
v 0.00017268 0.00499838 0.00101791
v 7.196E-05 0.00533597 0.00090825
v 8.563E-05 0.00533597 0.00103285
v -2.49E-06 0.00533597 0.00104079
v -2.09E-06 0.00533597 0.00091492
v -8.568E-05 0.00533597 0.00103285
v -7.201E-05 0.00533597 0.00090825
v -8.568E-05 0.00516687 0.00103285
v -2.49E-06 0.00516687 0.00104079
v -8.568E-05 0.00499838 0.00103285
v -2.49E-06 0.00499838 0.00104079
v -7.201E-05 0.00499838 0.00090825
v -2.09E-06 0.00499838 0.00091492
v 8.563E-05 0.00516687 0.00103285
v 8.563E-05 0.00499838 0.00103285
v 7.196E-05 0.00499838 0.00090825
v -0.00018033 0.00533597 0.00101615
v -0.00018033 0.00516687 0.00101615
v -0.0002727 0.00516687 0.00098947
v -0.0002727 0.00533597 0.00098947
v -0.00015155 0.00533597 0.00089422
v -0.00022918 0.00533597 0.0008718
v -0.0002727 0.00499838 0.00098947
v -0.00018792 0.00499838 0.00101439
v -0.00022918 0.00499838 0.0008718
v -0.00015793 0.00499838 0.00089274
v -0.00016979 0.00499838 0.00097148
v -0.00015724 0.00499838 0.00091832
v -0.00035541 0.00533597 0.00095779
v -0.00035541 0.00516687 0.00095779
v -0.00035541 0.00499838 0.00095779
v -0.00029868 0.00499838 0.00084517
v -0.00029868 0.00533597 0.00084517
v -0.00017274 0.00499838 0.00101791
v -0.00014517 0.00499838 0.0008957
v 0.00067943 0.00533597 0.00072845
v 0.00059357 0.00533597 0.00080898
v 0.00059357 0.00516687 0.00080898
v 0.00067943 0.00516687 0.00072845
v 0.00057097 0.00533597 0.00065243
v 0.00049882 0.00533597 0.00072011
v 0.00059357 0.00499838 0.00080898
v 0.00067943 0.00499838 0.00072845
v 0.00049882 0.00499838 0.00072011
v 0.00057097 0.00499838 0.00065243
v 0.0004408 0.00499838 0.00076498
v 0.00052453 0.00499838 0.00086238
v 0.00075694 0.00533597 0.00063719
v 0.00063612 0.00533597 0.00057574
v 0.00066216 0.00533597 0.00054017
v 0.00078793 0.00533597 0.00059486
v 0.00075694 0.00516687 0.00063719
v 0.00078793 0.00516687 0.00059486
v 0.00075694 0.00499838 0.00063719
v 0.00078793 0.00499838 0.00059486
v 0.00063612 0.00499838 0.00057574
v 0.00066216 0.00499838 0.00054017
v 0.00015787 0.00499838 0.00089274
v 0.00015718 0.00499838 0.00091832
v 0.00014512 0.00499838 0.0008957
v -0.00066219 0.00500611 0.00054017
v -0.00066219 0.00466853 0.00054017
v -0.00078796 0.00483763 0.00059486
v -0.00078796 0.00500611 0.00059486
v -0.00078796 0.00466853 0.00059486
v 0.00078796 0.00483763 0.00059486
v 0.00066219 0.00500611 0.00054017
v 0.00078796 0.00500611 0.00059486
v 0.00066219 0.00466853 0.00054017
v 0.00078796 0.00466853 0.00059486
v -0.00043492 0.00483763 0.00091782
v -0.00043492 0.00500611 0.00091782
v -0.00051147 0.00500611 0.00087138
v -0.00051802 0.00483763 0.00086688
v -0.00042983 0.00500611 0.00077255
v -0.0003655 0.00500611 0.00081158
v -0.00043492 0.00466853 0.00091782
v -0.00051802 0.00466853 0.00086688
v -0.0003655 0.00466853 0.00081158
v -0.00043533 0.00466853 0.00076877
v -0.00048772 0.00500612 0.00083094
v -0.00045167 0.00500612 0.00078816
v -0.0005936 0.00466853 0.00080898
v -0.0005936 0.00483763 0.00080898
v -0.00067945 0.00483763 0.00072845
v -0.00067945 0.00466853 0.00072845
v -0.00049885 0.00466853 0.00072011
v -0.000571 0.00466853 0.00065243
v -0.00067945 0.00500612 0.00072845
v -0.0005936 0.00500612 0.00080898
v -0.000571 0.00500612 0.00065243
v -0.00049885 0.00500612 0.00072011
v -0.00075697 0.00466853 0.0006372
v -0.00075698 0.00483763 0.00063718
v -0.00078796 0.00483763 0.00059486
v -0.00078796 0.00466853 0.00059486
v -0.00063615 0.00466853 0.00057574
v -0.00066219 0.00466853 0.00054017
v -0.00078796 0.00500611 0.00059486
v -0.00075698 0.00500611 0.00063718
v -0.00066219 0.00500611 0.00054017
v -0.00063615 0.00500611 0.00057574
v -0.00052456 0.00500612 0.00086238
v -0.00044083 0.00500612 0.00076498
v -0.00043533 0.00483763 0.00076877
v -0.00042983 0.00500611 0.00077255
v -0.0003655 0.00500611 0.00081158
v -0.0003655 0.00466853 0.00081158
v -0.00043533 0.00466853 0.00076877
v -0.00045167 0.00500612 0.00078816
v -0.00049885 0.00466853 0.00072011
v -0.00049885 0.00500612 0.00072011
v -0.000571 0.00466853 0.00065243
v -0.000571 0.00500612 0.00065243
v -0.00063615 0.00500611 0.00057574
v -0.00063615 0.00466853 0.00057574
v -0.00066219 0.00466853 0.00054017
v -0.00066219 0.00500611 0.00054017
v -0.00044083 0.00500612 0.00076498
v -0.00029865 0.00500611 0.00084517
v -0.00029865 0.00466853 0.00084517
v -0.00022915 0.00466853 0.0008718
v -0.00022915 0.00500611 0.0008718
v -0.00015152 0.00483763 0.00089422
v -0.0001579 0.00500611 0.00089274
v -0.00015152 0.00466853 0.00089422
v -0.00015721 0.00500611 0.00091832
v -0.00014514 0.00500611 0.0008957
v -7.198E-05 0.00466853 0.00090825
v -7.198E-05 0.00500612 0.00090825
v -2.07E-06 0.00500612 0.00091492
v -2.07E-06 0.00466853 0.00091492
v 7.198E-05 0.00500611 0.00090825
v 7.198E-05 0.00466853 0.00090825
v 0.00015152 0.00483763 0.00089422
v 0.00015152 0.00466853 0.00089422
v 0.00022915 0.00466853 0.0008718
v 0.00022915 0.00500611 0.0008718
v 0.00029865 0.00466853 0.00084517
v 0.00029865 0.00500611 0.00084517
v 0.0003655 0.00500611 0.00081158
v 0.0003655 0.00466853 0.00081158
v 0.00043533 0.00483763 0.00076877
v 0.00042983 0.00500611 0.00077255
v 0.00043533 0.00466853 0.00076877
v 0.00045167 0.00500612 0.00078816
v 0.00049885 0.00466853 0.00072011
v 0.00044083 0.00500612 0.00076498
v 0.00049885 0.00500611 0.00072011
v 0.000571 0.00500611 0.00065243
v 0.000571 0.00466853 0.00065243
v 0.00063614 0.00466853 0.00057574
v 0.00063614 0.00500611 0.00057574
v 0.00066219 0.00500611 0.00054017
v 0.00066219 0.00466853 0.00054017
v 0.00051802 0.00483763 0.00086688
v 0.00051147 0.00500611 0.00087138
v 0.00043492 0.00500611 0.00091782
v 0.00043492 0.00483763 0.00091782
v 0.0003655 0.00500611 0.00081158
v 0.00042983 0.00500611 0.00077255
v 0.00051802 0.00466853 0.00086688
v 0.00043492 0.00466853 0.00091782
v 0.00043533 0.00466853 0.00076877
v 0.0003655 0.00466853 0.00081158
v 0.00045167 0.00500612 0.00078816
v 0.00048772 0.00500612 0.00083094
v 0.00035538 0.00466853 0.00095779
v 0.00029865 0.00466853 0.00084517
v 0.00029865 0.00500611 0.00084517
v 0.00035538 0.00500611 0.00095779
v 0.00035538 0.00483763 0.00095779
v 0.00022915 0.00466853 0.0008718
v 0.00027267 0.00466853 0.00098947
v 0.0001803 0.00466853 0.00101615
v 0.0001803 0.00483763 0.00101615
v 0.00027267 0.00483763 0.00098947
v 0.00015152 0.00466853 0.00089422
v 0.00018789 0.00500611 0.00101439
v 0.00027267 0.00500611 0.00098947
v 0.0001579 0.00500611 0.00089274
v 0.00022915 0.00500611 0.0008718
v 0.00015721 0.00500611 0.00091832
v 0.00016976 0.00500611 0.00097148
v 0.00014514 0.00500611 0.0008957
v 0.00017271 0.00500611 0.00101791
v 7.198E-05 0.00466853 0.00090825
v 8.566E-05 0.00466853 0.00103285
v -2.46E-06 0.00466853 0.00104079
v -2.07E-06 0.00466853 0.00091492
v -8.566E-05 0.00466853 0.00103285
v -7.198E-05 0.00466853 0.00090825
v -8.566E-05 0.00483763 0.00103285
v -2.46E-06 0.00483763 0.00104079
v -8.566E-05 0.00500612 0.00103285
v -2.46E-06 0.00500612 0.00104079
v -7.198E-05 0.00500612 0.00090825
v -2.07E-06 0.00500612 0.00091492
v 8.566E-05 0.00483763 0.00103285
v 8.566E-05 0.00500611 0.00103285
v 7.198E-05 0.00500611 0.00090825
v -0.0001803 0.00466853 0.00101615
v -0.0001803 0.00483763 0.00101615
v -0.00027267 0.00483763 0.00098947
v -0.00027267 0.00466853 0.00098947
v -0.00015152 0.00466853 0.00089422
v -0.00022915 0.00466853 0.0008718
v -0.00027267 0.00500611 0.00098947
v -0.00018789 0.00500611 0.00101439
v -0.00022915 0.00500611 0.0008718
v -0.0001579 0.00500611 0.00089274
v -0.00016976 0.00500611 0.00097148
v -0.00015721 0.00500611 0.00091832
v -0.00035538 0.00466853 0.00095779
v -0.00035538 0.00483763 0.00095779
v -0.00035538 0.00500611 0.00095779
v -0.00029865 0.00500611 0.00084517
v -0.00029865 0.00466853 0.00084517
v -0.00017271 0.00500611 0.00101791
v -0.00014514 0.00500611 0.0008957
v 0.00067945 0.00466853 0.00072845
v 0.00067945 0.00483763 0.00072845
v 0.0005936 0.00483763 0.00080898
v 0.0005936 0.00466853 0.00080898
v 0.000571 0.00466853 0.00065243
v 0.00049885 0.00466853 0.00072011
v 0.0005936 0.00500611 0.00080898
v 0.00067945 0.00500611 0.00072845
v 0.00049885 0.00500611 0.00072011
v 0.000571 0.00500611 0.00065243
v 0.00044083 0.00500612 0.00076498
v 0.00052456 0.00500612 0.00086238
v 0.00075697 0.00466853 0.00063719
v 0.00063614 0.00466853 0.00057574
v 0.00066219 0.00466853 0.00054017
v 0.00078796 0.00466853 0.00059486
v 0.00075697 0.00483763 0.00063719
v 0.00078796 0.00483763 0.00059486
v 0.00075697 0.00500611 0.00063719
v 0.00078796 0.00500611 0.00059486
v 0.00063614 0.00500611 0.00057574
v 0.00066219 0.00500611 0.00054017
v 0.0001579 0.00500611 0.00089274
v 0.00015721 0.00500611 0.00091832
v 0.00014514 0.00500611 0.0008957
v 0.00035801 0.00510626 0.00087711
v 0.00042835 0.00511204 0.00070118
v 0.00031932 0.00523688 0.00069905
v 0.00028906 0.00519632 0.00084274
v 0.00014029 0.00520129 0.0008648
v 0.00010615 0.00525171 0.00067175
v 0.00018683 0.00507782 0.00100373
v 2.7E-07 0.00507763 0.00100852
v 1.1E-07 0.00513908 0.00084388
v -0 0.00516827 0.00063415
v -9.8E-06 0.00492287 0.00101024
v 0.00016687 0.00494403 0.00099389
v 0.00035801 0.00510626 0.00087711
v 0.00035846 0.00498119 0.00084406
v 0.00042835 0.00511204 0.00070118
v 0.00041128 0.00501753 0.00068851
v -2.348E-05 0.00494358 0.00067981
v 0.00015551 0.00495706 0.00068194
v 0.00011521 0.00519845 0.00041381
v 0.00028841 0.00521073 0.00043544
v 0.00040562 0.00512216 0.00044478
v 7.06E-06 0.00514337 0.00041045
v 0.00040562 0.00512216 0.00044478
v 0.00040131 0.00495631 0.00044171
v 1.71E-06 0.00507029 0.00027835
v 0.00036414 0.00501933 0.00032041
v 0.00023295 0.00511493 0.00030152
v 0.00036414 0.00501933 0.00032041
v -0.00010642 0.00519688 0.00041594
v -0.00010824 0.00525607 0.00066988
v -0.00013947 0.00520146 0.00086436
v -0.00031918 0.00523713 0.00069798
v -0.00028812 0.00519627 0.00084345
v -0.00035779 0.00510675 0.00087703
v -0.00042819 0.00511244 0.00070093
v -0.00018702 0.00509595 0.00099317
v -0.00022102 0.00496366 0.00098315
v -0.00035779 0.00510675 0.00087703
v -0.00037479 0.00500327 0.00084471
v -0.00042819 0.00511244 0.00070093
v -0.00042494 0.0050385 0.0006858
v -0.00019552 0.00496533 0.00068075
v -0.00040358 0.00512605 0.00044421
v -0.00028288 0.00521258 0.00043582
v -0.00040358 0.00512605 0.00044421
v -0.00040818 0.00496613 0.00044189
v -0.00036493 0.00510916 0.00032483
v -0.00023065 0.00511766 0.0003034
v -0.00036493 0.00510916 0.00032483
v -0.00017378 0.00490136 0.00047099
v -1.895E-05 0.00489454 0.00045488
v 0.00015499 0.00489885 0.00047162
v -0.00075894 0.00074924 -0.00029747
v -0.00076712 0.00100894 -0.00033165
v -0.00056736 0.00097881 -0.00020962
v -0.00056457 0.00076137 -0.00018276
v -0.00097811 0.00076155 -0.00034563
v -0.00100671 0.00104197 -0.00037819
v -0.0004165 0.00091454 -1.89E-06
v -0.00040661 0.00076926 1.056E-05
v -0.00032361 0.00090482 0.0002647
v -0.00032263 0.00076891 0.00026594
v -0.00118727 0.00075336 -0.00030103
v -0.00120217 0.00106772 -0.0003346
v -0.00137234 0.00075364 -0.00019127
v -0.00142063 0.00109692 -0.00020449
v -0.00152735 0.00078296 8.46E-06
v -0.00157752 0.00111798 4.66E-06
v -0.00155838 0.00080477 0.00026673
v -0.00161635 0.00113101 0.00026759
v -0.00029094 0.00105236 0.00025572
v -0.00036815 0.00105208 -1.743E-05
v -0.0005534 0.00109984 -0.0002532
v -0.00073859 0.00114822 -0.00040487
v -0.00099023 0.00119681 -0.00045134
v -0.00148431 0.0013351 -0.00027059
v -0.00163673 0.00137735 -3.021E-05
v -0.0016743 0.00139138 0.00026857
v -0.00123481 0.00126508 -0.00041303
v -0.00147165 0.00049797 0.0002627
v -0.00144976 0.00049292 3.591E-05
v -0.00137326 0.0003129 6.848E-05
v -0.00138486 0.00032564 0.00026133
v -0.00126571 0.000165 0.00011537
v -0.00127831 0.00017716 0.00025926
v -0.00111514 6.26E-05 0.00026404
v -0.00110827 6.291E-05 0.00015215
v -0.00109852 8.95E-05 5.259E-05
v -0.00120128 0.00016676 -1.09E-06
v -0.00127395 0.00031427 -9.37E-05
v -0.00108401 0.00017764 -7.123E-05
v -0.00111766 0.00033049 -0.00018349
v -0.00095536 8.704E-05 2.721E-05
v -0.00095641 0.00018748 -9.015E-05
v -0.00082806 0.00018506 -6.264E-05
v -0.0007959 0.00033836 -0.00017068
v -0.00095527 0.00034151 -0.0002056
v -0.00080375 8.91E-05 5.991E-05
v -0.00070526 0.00017392 9.61E-06
v -0.00064016 0.00032767 -8.078E-05
v -0.00051228 0.00032087 7.91E-05
v -0.00060887 0.00016544 0.00012712
v -0.00078681 4.996E-05 0.0001584
v -0.0007657 3.928E-05 0.00027161
v -0.00056585 0.00016135 0.00027152
v -0.00045569 0.00031839 0.00027083
v -0.00094163 2.447E-05 0.00026643
v -0.00094555 3.855E-05 0.0001445
v -0.00045141 0.00050162 4.187E-05
v -0.00059577 0.00050569 -0.00014028
v -0.00076989 0.00052795 -0.00024852
v -0.00095657 0.0005481 -0.00029615
v -0.00038391 0.00049212 0.00027026
v -0.00115004 0.00053097 -0.00026668
v -0.00132948 0.00050131 -0.00015509
v -0.00050248 0.00072643 0.00077706
v -0.00034737 0.00076044 0.00054797
v -0.00030854 0.00092003 0.00057207
v -0.00049092 0.00095033 0.00082282
v -0.00032361 0.00090482 0.0002647
v -0.00032263 0.00076891 0.00026594
v -0.00072905 0.00070368 0.00090509
v -0.00074725 0.00098324 0.00096766
v -0.00096533 0.00070652 0.00093034
v -0.00099964 0.00102334 0.00098298
v -0.00119372 0.00072347 0.00086966
v -0.00124275 0.00106759 0.00091382
v -0.00137709 0.00074797 0.00073499
v -0.00143109 0.0011043 0.00075977
v -0.00150581 0.00079081 0.00051149
v -0.00157609 0.00112542 0.00052562
v -0.00155838 0.00080477 0.00026673
v -0.00161635 0.00113101 0.00026759
v -0.00074133 0.00117846 0.00102157
v -0.00101899 0.00124387 0.00102626
v -0.00044443 0.00110773 0.00087903
v -0.00027441 0.00106344 0.00056724
v -0.00029094 0.00105236 0.00025572
v -0.00125939 0.00129981 0.00094183
v -0.00146587 0.00135143 0.00075957
v -0.00159651 0.00137726 0.00053151
v -0.0016743 0.00139138 0.00026857
v -0.0014256 0.00050018 0.00049135
v -0.00147165 0.00049797 0.0002627
v -0.00134328 0.00032946 0.0004592
v -0.00125234 0.0003294 0.00062186
v -0.00117724 0.00017652 0.00053287
v -0.00107302 0.00017771 0.00061236
v -0.00108607 9.803E-05 0.00048252
v -0.00094449 8.054E-05 0.00051498
v -0.00094832 0.00017874 0.00064077
v -0.00081866 0.00016954 0.00061788
v -0.00079677 7.525E-05 0.00048877
v -0.00069049 0.00015627 0.00054506
v -0.00059809 0.00015324 0.00042114
v -0.0007783 4.556E-05 0.00038844
v -0.0007657 3.928E-05 0.00027161
v -0.00056585 0.00016135 0.00027152
v -0.00045569 0.00031839 0.00027083
v -0.00049115 0.00031033 0.00046973
v -0.00061382 0.00031015 0.00064316
v -0.00077882 0.00032124 0.00073998
v -0.00094713 0.00033067 0.00076489
v -0.00111249 0.00033115 0.00072494
v -0.00094163 2.447E-05 0.00026643
v -0.00094148 3.752E-05 0.00039802
v -0.00110304 7.188E-05 0.00038128
v -0.00111514 6.26E-05 0.00026404
v -0.00124623 0.00018047 0.0004089
v -0.00127831 0.00017716 0.00025926
v -0.00138486 0.00032564 0.00026133
v -0.00115077 0.00049944 0.00080625
v -0.00094726 0.00049699 0.00086025
v -0.0007459 0.0004854 0.00083387
v -0.00055289 0.00048209 0.00071763
v -0.00041549 0.0004823 0.00051092
v -0.00038391 0.00049212 0.00027026
v -0.0013134 0.00050073 0.00068752
v 0.00087709 0.00072887 -0.00028896
v 0.00069533 0.00073711 -0.00016331
v 0.00066971 0.00096933 -0.00022821
v 0.0008601 0.00099281 -0.00034345
v 0.0010877 0.00073422 -0.00033459
v 0.00110649 0.00103115 -0.00037789
v 0.00052389 0.00093838 1.59E-05
v 0.00057805 0.00076738 2.463E-05
v 0.00050616 0.00093688 0.00027727
v 0.00054644 0.00081583 0.00027135
v 0.00129079 0.00075339 -0.00029609
v 0.00133459 0.0010708 -0.00030695
v 0.00148503 0.00077793 -0.00019683
v 0.00150584 0.0011057 -0.00017793
v 0.00165431 0.00081156 5.13E-06
v 0.0016506 0.00113549 1.855E-05
v 0.00173589 0.00085452 0.00026333
v 0.00173966 0.00115879 0.00027226
v 0.00085174 0.00117976 -0.00040591
v 0.00065017 0.00112583 -0.00026326
v 0.00044874 0.00104942 0.00027534
v 0.00046863 0.00105045 -4.62E-06
v 0.00157653 0.00138 -0.00021442
v 0.00170513 0.00141281 -3.95E-06
v 0.00177973 0.00141518 0.00027522
v 0.00137857 0.00134097 -0.00033213
v 0.00112145 0.00126383 -0.00042303
v 0.00068213 0.00081256 0.00070604
v 0.00065801 0.00096499 0.000732
v 0.00054843 0.00094791 0.00051597
v 0.00058369 0.00082166 0.00050396
v 0.00050616 0.00093688 0.00027727
v 0.00054644 0.00081583 0.00027135
v 0.00086936 0.00080419 0.0008477
v 0.00086182 0.00100026 0.00089187
v 0.00108597 0.00080354 0.0009032
v 0.00110464 0.00103089 0.00093723
v 0.00130852 0.00080786 0.00087322
v 0.00134277 0.00106998 0.00089061
v 0.00155442 0.00084576 0.00075338
v 0.00156383 0.00111471 0.00076523
v 0.00172887 0.00086802 0.00052461
v 0.00172047 0.00114535 0.00054476
v 0.00173589 0.00085452 0.00026333
v 0.00173966 0.00115879 0.00027226
v 0.00084715 0.0011508 0.00095
v 0.00111848 0.00121852 0.00098012
v 0.00060416 0.0010966 0.00079151
v 0.00047761 0.0010515 0.00054232
v 0.00044874 0.00104942 0.00027534
v 0.00136683 0.00127533 0.00091765
v 0.00158472 0.00133125 0.00076681
v 0.00173271 0.00138114 0.00054508
v 0.00177973 0.00141518 0.00027522
v 0.00165776 0.00059043 0.00051926
v 0.00167374 0.00058558 0.00025991
v 0.00154143 0.00035619 0.00047798
v 0.00140054 0.0003392 0.00064162
v 0.00130433 0.00020662 0.00053909
v 0.00119307 0.00021789 0.00060074
v 0.0012183 0.00015911 0.00047357
v 0.00108495 0.00017276 0.00049077
v 0.00107834 0.00023382 0.00061803
v 0.00097671 0.00024346 0.00057824
v 0.00096787 0.00019318 0.00045879
v 0.00088514 0.00025817 0.00049938
v 0.00080924 0.00026647 0.00037926
v 0.00094952 0.00016861 0.00034994
v 0.00092936 0.0001416 0.00022556
v 0.00077603 0.00025525 0.00024701
v 0.00069138 0.00037441 0.00026116
v 0.00072456 0.00038581 0.0004261
v 0.00081193 0.00037742 0.0005848
v 0.00093072 0.00036403 0.00068459
v 0.00107373 0.0003526 0.00073077
v 0.00123005 0.00034284 0.00072039
v 0.0010853 0.00010548 0.00022795
v 0.0010872 0.00013948 0.00036723
v 0.0012307 0.00013256 0.00037319
v 0.00123984 0.00011127 0.00025292
v 0.00140163 0.00020433 0.00042192
v 0.00143458 0.00020618 0.00027016
v 0.0015781 0.00037884 0.00026248
v 0.00089698 0.00052465 0.00076246
v 0.00075181 0.00053262 0.00064711
v 0.00066895 0.00053885 0.00046917
v 0.00063421 0.00053861 0.00026325
v 0.00106919 0.00051822 0.00081884
v 0.00126729 0.00053301 0.00081325
v 0.00148394 0.00056682 0.00071698
v 0.00057484 0.005083 0.0009614
v 0.00059389 0.004957 0.000899
v 0.00041017 0.00488731 0.00098364
v 0.00048732 0.0050755 0.0010104
v 0.00037121 0.00505656 0.00106537
v 0.00019425 0.00482685 0.00105066
v 0.00025968 0.00505746 0.00111349
v 0.00059378 0.00488021 0.00080734
v 0.00040719 0.00482836 0.00084407
v 0.00070463 0.00510684 0.00082495
v 0.00072106 0.00515679 0.00086056
v 0.00065701 0.0051211 0.00090287
v 0.00075296 0.00518022 0.00083857
v 0.00073758 0.00514647 0.00080468
v 0.00076574 0.00519348 0.00083064
v 0.00075863 0.00517095 0.0007918
v 0.0007231 0.00498651 0.00074619
v 0.00074399 0.00504718 0.00072484
v 0.00019765 0.00480227 0.00090683
v 0.00073226 0.00512113 0.00071715
v 0.00039709 0.00483666 0.00064346
v 0.00059187 0.00486167 0.00062883
v 0.000713 0.00491431 0.00057363
v 0.00073279 0.00499831 0.00057628
v 0.00017805 0.0048222 0.00064474
v 0.00075055 0.00505486 0.00057457
v 0.00054654 0.0048781 0.0004415
v 0.00040131 0.00495631 0.00044171
v 0.00058751 0.00493476 0.00043381
v 0.00060454 0.00501001 0.00043018
v 0.0006087 0.00521054 0.0004461
v -7.2E-07 0.00479512 0.00085775
v -6.7E-07 0.00480668 0.00110543
v 0.00013907 0.00504387 0.00114096
v -1.42E-06 0.00502719 0.00115309
v 0 0.00481842 0.00063788
v 0.00015499 0.00489885 0.00047162
v -1.895E-05 0.00489454 0.00045488
v 0.00034124 0.0052737 0.00031977
v 0.00037076 0.00508073 0.00030919
v 0.00023133 0.0051931 0.00028483
v 0.00020887 0.0052887 0.00027707
v 0.00017531 0.00529671 0.0002284
v 0.00019206 0.00519691 0.00022883
v 0.0001942 0.00512692 0.00023172
v 0.00023295 0.00511493 0.00030152
v 0.00036414 0.00501933 0.00032041
v 0 0.00506425 0.00022692
v 1.71E-06 0.00507029 0.00027835
v -0.0001942 0.00512692 0.00023172
v -0.00023065 0.00511766 0.0003034
v -0.00023133 0.0051931 0.00028483
v -0.00019206 0.00519691 0.00022883
v -0.00017531 0.00529671 0.0002284
v -0.00020887 0.0052887 0.00027707
v -0.00034124 0.0052737 0.00031977
v -0.00037076 0.00521798 0.00030919
v -0.00036493 0.00510916 0.00032483
v -0.00059591 0.00514775 0.00044166
v -0.0005984 0.00522971 0.0004442
v -0.00074916 0.00505484 0.00057398
v -0.00073252 0.00499825 0.00059472
v -0.00073405 0.00512792 0.00073019
v -0.00070794 0.00504034 0.00069677
v -0.00075697 0.00518264 0.00081505
v -0.00075329 0.00511645 0.00082192
v -0.00077375 0.0052087 0.00085687
v -0.00076086 0.00520002 0.00086921
v -0.00071467 0.00508705 0.00084913
v -0.00072283 0.00518204 0.00089012
v -0.00060583 0.00502121 0.00091655
v -0.00061272 0.00512965 0.00095684
v -0.00040118 0.00491149 0.00101142
v -0.00043314 0.00509161 0.00103687
v -0.00021621 0.0048386 0.00107725
v -0.00023928 0.00505535 0.00111113
v -0.00058736 0.0048887 0.00081265
v -0.00043548 0.00485234 0.00091608
v -0.0006744 0.00498166 0.00073292
v -0.00015814 0.00482602 0.00090642
v -0.00038391 0.00488531 0.00064735
v -0.00059122 0.00486139 0.00062954
v -0.00071344 0.00491362 0.00055836
v -0.00017805 0.0048222 0.00064474
v -0.00054653 0.0048781 0.0004415
v -0.00040818 0.00496613 0.00044189
v -0.00058018 0.00507448 0.00044229
v -0.00013909 0.00505085 0.00113681
v -0.00017378 0.00490136 0.00047099
v -0.00026541 0.00520587 0.00122246
v -0.00013609 0.00520328 0.00124638
v -1.82E-06 0.00520401 0.00125864
v 0.00013647 0.00519971 0.00123534
v 0.00027626 0.00520263 0.00120432
v 0.00040002 0.00520323 0.00115261
v 0.00051446 0.0052046 0.00109626
v 0.00060881 0.00520335 0.00102971
v 0.00068792 0.00520427 0.00097188
v 0.00076462 0.0052118 0.00092187
v 0.00078386 0.00521484 0.00090062
v 0.0008145 0.0052143 0.0008983
v 0.00059589 0.0051962 0.00124358
v 0.00070203 0.00520304 0.00114252
v 0.00076906 0.00520718 0.0010526
v 0.00081629 0.00520516 0.0009742
v 0.00083607 0.00520425 0.00092263
v 0.00084084 0.00520338 0.00090811
v 0.0004701 0.00518777 0.00133135
v 0.00031818 0.00518434 0.00140585
v 0.00015424 0.0051871 0.00144129
v -1.31E-06 0.00518296 0.00145494
v -0.00015627 0.00518522 0.00143638
v -0.00030676 0.00518682 0.00139205
v -0.00046328 0.00519149 0.0013166
v -0.00040432 0.00520714 0.00116603
v -0.00051453 0.00520592 0.00110943
v -0.00061612 0.00520986 0.00104934
v -0.0007064 0.00520816 0.0009838
v -0.00076363 0.00520671 0.00092514
v -0.00078682 0.00521194 0.00089471
v -0.00080613 0.00521133 0.00088707
v -0.00069457 0.00519608 0.00114045
v -0.00058726 0.00519107 0.00123645
v -0.00076329 0.00519804 0.00106169
v -0.00083616 0.00519621 0.0009326
v -0.00081703 0.0051944 0.00098263
v -0.00083427 0.00520354 0.00090711
v 0 0.00527377 0.00024354
v 0 0.005309 0.00021249
v 3.882E-05 0.00530613 0.00024177
v 2.007E-05 0.00527988 0.00024669
v 2.406E-05 0.00533881 0.0002435
v 0 0.00534058 0.00021874
v 2.398E-05 0.00538397 0.00023896
v 0 0.00538394 0.00021618
v 6.604E-05 0.00539495 0.00022414
v 0 0.00540657 0.00020121
v 5.814E-05 0.00540032 0.00017489
v 0.0001435 0.00534477 0.00022614
v 0.00014692 0.00535191 0.00017494
v 0.00017531 0.00529671 0.0002284
v 0.00017799 0.00529998 0.00017503
v 0.00019206 0.00519691 0.00022883
v 0.00019542 0.005197 0.00017508
v 0.0001942 0.00512692 0.00023172
v 0.00019115 0.00512749 0.00017522
v 0 0.00506425 0.00022692
v 0 0.0050599 0.00017513
v 0 0.00540713 0.00017489
v 0 0.00517054 0.00017508
v 0 0.00529275 0.00017496
v -0.0001942 0.00512692 0.00023172
v -0.00019115 0.00512749 0.00017522
v -0.00019542 0.005197 0.00017508
v -0.00019206 0.00519691 0.00022883
v -0.00017799 0.00529998 0.00017503
v -0.00017531 0.00529671 0.0002284
v -0.00014692 0.00535191 0.00017494
v -0.00014563 0.00534686 0.00022615
v -5.814E-05 0.00540032 0.00017489
v -6.682E-05 0.00539799 0.00022382
v -2.484E-05 0.00538287 0.00023865
v -2.484E-05 0.00533908 0.00024311
v -3.882E-05 0.00530613 0.00024177
v -2.007E-05 0.00527988 0.00024669
v -0.0002537 0.00308284 0.00208923
v -0.00063932 0.00308275 0.00201653
v -0.00068157 0.00276593 0.00205242
v -0.00024309 0.00273587 0.00214303
v -0.00103522 0.00279834 0.00189334
v -0.0009959 0.00310472 0.00186344
v -0.00140712 0.0028617 0.0015427
v -0.0013596 0.00315875 0.00154218
v -0.0016281 0.00294558 0.00115165
v -0.00157034 0.00327821 0.00115142
v -0.00179729 0.00300837 0.00075816
v -0.00172674 0.00339041 0.00077452
v -0.00191083 0.00309176 0.00035476
v -0.00183085 0.00345313 0.00037784
v 0.00012843 0.00273042 0.00217527
v 0.00012007 0.00307956 0.00211159
v -0.00165026 0.0026771 0.00112482
v -0.00140884 0.00259712 0.00151036
v -0.00181295 0.00271536 0.00075107
v -0.00176648 0.00252556 0.00074386
v -0.00160525 0.00248054 0.00111297
v -0.00185884 0.00254808 0.00037009
v -0.0019208 0.00274428 0.0003504
v -0.00190225 0.00262224 -7.684E-05
v -0.00195723 0.00284499 -0.00011523
v -0.00181396 0.00272942 -0.00053103
v -0.00184009 0.00293654 -0.00056562
v -0.00161378 0.00298057 -0.00094657
v -0.00157797 0.00276914 -0.0009325
v -0.00126645 0.00299173 -0.00124176
v -0.0012234 0.00277144 -0.00121751
v -0.00079831 0.00302439 -0.00144361
v -0.00081509 0.00279685 -0.00139968
v -0.00081919 0.00332401 -0.0014161
v -0.00127714 0.00326885 -0.00120954
v -0.00032448 0.00305244 -0.00153367
v -0.00027746 0.00278872 -0.00150198
v -0.00194331 0.00315841 -9.777E-05
v -0.00182576 0.00319499 -0.00056416
v -0.00161062 0.00324486 -0.00091523
v -0.00126459 0.00362635 -0.00111367
v -0.0016037 0.00358343 -0.0008437
v 0.00011632 0.00305714 -0.00155897
v 0.0001163 0.00279384 -0.0015182
v 0.00012129 0.00269436 -0.00143138
v -0.00028192 0.00269289 -0.00142118
v -0.00079349 0.00268079 -0.00133598
v -0.00119325 0.00266567 -0.00115973
v -0.00153138 0.00265361 -0.00088776
v -0.00175893 0.00261301 -0.00049927
v -0.00182796 0.00254021 -5.174E-05
v -0.00179601 0.00249855 0.00035735
v -0.00169179 0.00246183 0.00074442
v -0.00153884 0.00241349 0.0011043
v -0.00135185 0.00239925 0.00146369
v -0.0013061 0.00234937 0.00142607
v -0.00098759 0.00231825 0.00176308
v -0.0010318 0.00253681 0.00185868
v -0.00094633 0.00228069 0.00171416
v -0.00064464 0.0022863 0.00191855
v -0.00069363 0.00249299 0.00201053
v -0.00025751 0.00225921 0.00199752
v -0.00027586 0.0025049 0.00212573
v -0.00061512 0.00225288 0.00185422
v -0.00024183 0.00223841 0.00193539
v 0.00012371 0.00226443 0.00203646
v 0.00012283 0.00232454 0.00209483
v -1.236E-05 0.00237529 0.00211405
v 0.00012881 0.00223951 0.00196663
v 5.251E-05 0.00238743 0.00220339
v 0.00013146 0.00234718 0.00219522
v 1.95E-05 0.00246949 0.0021986
v -6.909E-05 0.0024925 0.00215736
v 4.019E-05 0.00254404 0.00218982
v -6.91E-06 0.00260023 0.00217348
v 0.00013317 0.00265807 0.00217913
v 0.00013553 0.0025854 0.00218283
v 8.33E-05 0.00241245 0.00220669
v 0.00013599 0.00237733 0.00220589
v 0.00013015 0.00243055 0.00218437
v 0.00014503 0.00242208 0.00219686
v 0.00011189 0.00244537 0.00217699
v 7.051E-05 0.00247028 0.00220124
v 7.845E-05 0.00250644 0.00219357
v 0.00012353 0.00247427 0.00216022
v 0.00012576 0.00254577 0.00217604
v 0.0001431 0.00248748 0.00215451
v 0.00014522 0.00245105 0.00216212
v 0.00014799 0.00246382 0.00215893
v 0.00015145 0.00245067 0.0021613
v 0.00016837 0.0024395 0.00219034
v 0.00019275 0.00239751 0.00220418
v 0.00018635 0.00248447 0.00217264
v 0.00020413 0.00251876 0.0021807
v 0.00018235 0.00246115 0.00218386
v 0.00022488 0.00245407 0.0021992
v 0.00024198 0.00255682 0.00218322
v 0.00028363 0.00245259 0.00218836
v 0.00031934 0.00246776 0.00215747
v 0.00029474 0.00259364 0.00217034
v 0.00028491 0.00234763 0.0020829
v 0.00022609 0.00236819 0.0021842
v 0.00048162 0.00228703 0.00199676
v 0.00050346 0.00226299 0.00191743
v 0.00086801 0.00234417 0.0018725
v 0.0009015 0.00255616 0.00196756
v 0.00049704 0.00248252 0.00209713
v 0.00084456 0.00230916 0.00181441
v 0.00123677 0.00259267 0.00178988
v 0.00120131 0.00240286 0.00169252
v 0.00160886 0.00263632 0.0014644
v 0.00122888 0.00283645 0.00181572
v 0.00158574 0.00288175 0.00149131
v 0.00120293 0.00311771 0.0017752
v 0.00086497 0.0030922 0.00195454
v 0.00090589 0.0027916 0.00198636
v 0.00050643 0.00272358 0.0021204
v 0.00049164 0.00307924 0.00206103
v 0.00151546 0.00317495 0.00146992
v 0.00184169 0.00294122 0.00113396
v 0.00174828 0.00325104 0.00110534
v 0.0020079 0.0030289 0.00076415
v 0.00191361 0.00335193 0.00075509
v 0.0020702 0.00309966 0.00035078
v 0.00197976 0.00344326 0.00036819
v 0.00186081 0.00269092 0.00111511
v 0.00201579 0.00276706 0.00075648
v 0.00194416 0.00259942 0.00074673
v 0.00179967 0.00253784 0.00107788
v 0.00201517 0.00266797 0.0003672
v 0.00207403 0.00281704 0.00034887
v 0.00197317 0.00271294 -7.241E-05
v 0.00202267 0.00287516 -9.868E-05
v 0.00201277 0.0031373 -8.662E-05
v 0.00157225 0.00247622 0.00138827
v 0.0015348 0.00243421 0.00134081
v 0.0017625 0.00250053 0.00104606
v 0.00194157 0.0026097 0.00035103
v 0.00190642 0.00265679 -7.575E-05
v 0.00188722 0.00254855 0.00072943
v 0.00116754 0.00235566 0.00163988
v 0.00191949 0.00347502 -6.664E-05
v 0.00188935 0.00377625 -6.385E-05
v 0.0018561 0.00380799 0.00041516
v 0.00178299 0.00367065 0.00076159
v 0.00161794 0.003944 0.00080601
v 0.00152505 0.00379612 0.00104255
v 0.00137779 0.00403298 0.00104686
v 0.00147748 0.00419965 0.00083622
v 0.0011664 0.00395912 0.00129208
v 0.00130755 0.00369564 0.00135956
v 0.00121857 0.00426531 0.00105733
v 0.00135146 0.00439216 0.0008732
v 0.00098828 0.00421272 0.00125788
v 0.0015642 0.00441799 0.00067383
v 0.00140751 0.00461106 0.00071295
v 0.00157698 0.00480261 0.00050265
v 0.00141824 0.00491484 0.00052195
v 0.00159297 0.00503589 0.00023943
v 0.00144945 0.00510299 0.00019656
v 0.00132148 0.00518807 0.00030573
v 0.00127376 0.00519949 -9.827E-05
v 0.00139819 0.00509181 -0.00011918
v 0.00118491 0.00537387 -2.131E-05
v 0.0012085 0.00535526 0.00032685
v 0.00157019 0.00504992 -0.00010664
v 0.00109665 0.00442557 0.00107555
v 0.00090089 0.00436434 0.00122948
v 0.00080491 0.00454971 0.00120627
v 0.0006862 0.00434534 0.00133476
v 0.00060663 0.0045328 0.00129125
v 0.00040375 0.00452503 0.00133891
v 0.0004651 0.00433541 0.00140067
v 0.00024464 0.00432927 0.00142907
v 0.00021344 0.00452496 0.00135975
v 2.227E-05 0.00432717 0.00143403
v 1.619E-05 0.00452134 0.00136137
v 0.00097182 0.00459716 0.00109225
v 0.00108149 0.00468786 0.00097142
v 0.00122226 0.00453793 0.00092148
v 0.00128571 0.00470433 0.00077703
v 0.0011313 0.00481754 0.00086361
v 0.00112748 0.00495464 0.00079614
v 0.00128432 0.00492984 0.00065008
v 0.0012292 0.00512467 0.00057827
v 0.00108821 0.00512009 0.00074748
v 0.00102576 0.00524901 0.00074417
v 0.00113566 0.00529102 0.00056921
v -0.00018757 0.0045183 0.00134061
v -0.00020359 0.0043269 0.00142138
v -0.00039999 0.00451875 0.00131188
v -0.00043685 0.00433471 0.00138811
v -0.00060359 0.00453122 0.00126705
v -0.00066382 0.00434443 0.00132955
v -0.00087902 0.00436086 0.00123658
v -0.00079608 0.00454636 0.00119984
v -0.00096497 0.00459952 0.00109127
v -0.00107686 0.00442596 0.00108355
v -0.00119964 0.00454838 0.00092544
v -0.00107415 0.00469486 0.0009705
v -0.00124939 0.00472266 0.00078557
v -0.00110705 0.00484075 0.00086862
v -0.00124225 0.00493853 0.00066924
v -0.00110826 0.00498434 0.00078866
v -0.00107316 0.00512441 0.00074323
v -0.00119955 0.00513153 0.00057353
v -0.00110687 0.00528286 0.00057007
v -0.00100934 0.00524299 0.00074465
v -0.00071733 0.00475977 0.0011749
v -0.00054243 0.0047493 0.00123522
v -0.00036094 0.00473858 0.00127485
v -0.00016541 0.00473451 0.00131616
v 1.413E-05 0.00473719 0.00134621
v 0.00019287 0.00474281 0.00134789
v 0.00036977 0.00474133 0.00131806
v 0.00055828 0.00473615 0.00126799
v 0.00072745 0.0047607 0.00118838
v 0.00086488 0.00480787 0.00109102
v 0.00095588 0.00486964 0.00099921
v 0.00098932 0.0049683 0.00092744
v 0.00093896 0.00503754 0.00093984
v 0.00098867 0.00505741 0.00088181
v 0.00094041 0.00510556 0.00088793
v 0.0008896 0.00510146 0.00095997
v 0.00089416 0.00514449 0.00090006
v 0.00085708 0.00517928 0.0009197
v 0.00084406 0.00516708 0.0009722
v 0.00083607 0.00520425 0.00092263
v 0.00081629 0.00520516 0.0009742
v 0.00085002 0.00519718 0.00089101
v 0.00084084 0.00520338 0.00090811
v 0.00088457 0.00519833 0.00088753
v 0.00093205 0.00515965 0.00088877
v 0.00082504 0.00521299 0.00087629
v 0.00081868 0.00521411 0.00088146
v 0.0007956 0.00515928 0.00105709
v 0.00076906 0.00520718 0.0010526
v 0.00072781 0.00515685 0.00113422
v 0.00070203 0.00520304 0.00114252
v 0.00077345 0.00503962 0.00110724
v 0.00084492 0.00506346 0.00102853
v 0.00082227 0.0049249 0.00109418
v 0.00090185 0.00496992 0.00101072
v 0.00062566 0.0051481 0.00122906
v 0.00059589 0.0051962 0.00124358
v 0.0004881 0.00513649 0.00132098
v 0.0004701 0.00518777 0.00133135
v 0.0005114 0.0050096 0.00128715
v 0.0006628 0.00502294 0.00119331
v 0.00053484 0.00487287 0.00127757
v 0.00069513 0.00489182 0.00119084
v 0.00032747 0.00513111 0.00139038
v 0.00031818 0.00518434 0.00140585
v 0.00016068 0.00513084 0.00143316
v 0.00015424 0.0051871 0.00144129
v 1.8E-07 0.00513169 0.00144387
v -1.31E-06 0.00518296 0.00145494
v 8E-07 0.00500354 0.001397
v 0.00016887 0.00500018 0.00139351
v 7.91E-06 0.00487223 0.00136488
v 0.00018025 0.0048724 0.00136532
v 0.00034198 0.00500211 0.00135483
v 0.00035407 0.00487226 0.00133013
v -0.00015627 0.00518522 0.00143638
v -0.0001586 0.00513391 0.00142431
v -0.00030676 0.00518682 0.00139205
v -0.00032139 0.00513267 0.0013763
v -0.00016349 0.00500571 0.0013717
v -0.00016276 0.00487168 0.00133703
v -0.00033181 0.00500902 0.00132515
v -0.00034429 0.00487572 0.00129116
v -0.00046328 0.00519149 0.0013166
v -0.00048087 0.00513427 0.00130375
v -0.00058726 0.00519107 0.00123645
v -0.00061627 0.00513848 0.00121642
v -0.00049939 0.00501324 0.00126121
v -0.00065363 0.0050232 0.00117849
v -0.00051794 0.0048821 0.00123856
v -0.00068164 0.004891 0.00116958
v -0.00069457 0.00519608 0.00114045
v -0.00072249 0.00514374 0.00112637
v -0.00076329 0.00519804 0.00106169
v -0.00079009 0.00515347 0.00105415
v -0.00077511 0.00504081 0.00109161
v -0.00084459 0.00506901 0.00101956
v -0.00081567 0.00492377 0.00108594
v -0.00090162 0.00496746 0.00100691
v -0.00081703 0.0051944 0.00098263
v -0.00083899 0.00516172 0.00097285
v -0.00083616 0.00519621 0.0009326
v -0.00085189 0.00517633 0.00092302
v -0.00084014 0.00520117 0.00090338
v -0.00083427 0.00520354 0.00090711
v -0.00089785 0.00516351 0.00088412
v -0.00089651 0.00513433 0.00090015
v -0.00088976 0.00509632 0.00094715
v -0.00094123 0.00503258 0.0009347
v -0.00094034 0.00508601 0.00089144
v -0.00081014 0.00521752 0.0008658
v -0.00081225 0.00521167 0.00088287
v -0.00087049 0.00521534 0.00089116
v -0.00088974 0.00523447 0.00089905
v -0.000935 0.00514746 0.00088482
v -0.00096201 0.00513774 0.00087083
v -0.00092403 0.00522423 0.00087773
v -0.00098751 0.00496862 0.00092333
v -0.00098871 0.00504731 0.00088115
v -0.00095866 0.00486591 0.00099427
v -0.00086141 0.00480849 0.0010879
v 8.831E-05 0.00369129 -0.00142782
v 0.00010901 0.00336495 -0.0015228
v -0.00034773 0.00335775 -0.00149408
v -0.00036573 0.00368186 -0.00140367
v -0.00083023 0.00366429 -0.00131526
v 0.00056145 0.00334761 -0.00146442
v 0.00054002 0.00367057 -0.0013724
v 0.00101886 0.00332577 -0.00133796
v 0.0009929 0.0036319 -0.00126625
v 0.0014337 0.00329979 -0.00109829
v 0.00142705 0.00301471 -0.00112959
v 0.00103443 0.003033 -0.00135921
v 0.00138833 0.00279581 -0.00110365
v 0.00166394 0.00277836 -0.00082529
v 0.0017049 0.00300145 -0.0008509
v 0.00101794 0.00280169 -0.00132669
v 0.00055042 0.00305303 -0.00150852
v 0.00051039 0.00279691 -0.00147774
v 0.0018517 0.00275715 -0.00048207
v 0.0018932 0.00294 -0.00051218
v 0.00202267 0.00287516 -9.868E-05
v 0.00197317 0.00271294 -7.241E-05
v 0.00201277 0.0031373 -8.662E-05
v 0.00187662 0.00319424 -0.0005163
v 0.00170587 0.00325192 -0.00081465
v 0.0014219 0.00360061 -0.00104529
v 0.0016703 0.00356764 -0.00078566
v 0.00099468 0.00269277 -0.00126417
v 0.00051148 0.0026964 -0.00138775
v 0.00190642 0.00265679 -7.575E-05
v 0.00179424 0.00268445 -0.00044167
v 0.00191949 0.00347502 -6.664E-05
v 0.00181767 0.00352451 -0.00048262
v 0.00134574 0.00399176 -0.00098945
v 0.00161516 0.00405612 -0.00076052
v 0.00125895 0.00436599 -0.00089432
v 0.00087749 0.0043533 -0.00102633
v 0.00093288 0.00399028 -0.00116919
v 0.00085155 0.00470993 -0.00086497
v 0.00046348 0.0043582 -0.00111963
v 0.00043936 0.00470364 -0.00098239
v 0.00043614 0.00503431 -0.00086195
v 0.0008911 0.0050046 -0.00068032
v 0.00078978 0.00535277 -0.00057053
v 0.00040878 0.0053638 -0.00077318
v 0.00114933 0.00512995 -0.00035655
v 0.00106559 0.00535351 -0.00027895
v 0.00127376 0.00519949 -9.827E-05
v 0.00118491 0.00537387 -2.131E-05
v 0.00131814 0.00497031 -0.00039395
v 0.00117515 0.00475123 -0.00070145
v 0.00139819 0.00509181 -0.00011918
v -1.903E-05 0.0050466 -0.00093325
v -2.503E-05 0.00536922 -0.00086629
v -1.22E-06 0.00470711 -0.00103048
v -0.00047874 0.00536404 -0.00078864
v -0.00049231 0.00505457 -0.00086925
v -0.00088256 0.0053322 -0.00052597
v -0.00098442 0.00505829 -0.00061502
v -0.00091769 0.00472041 -0.00088144
v -0.00045783 0.0047098 -0.00098908
v -0.00115608 0.00512511 -0.0003503
v -0.0010628 0.00535063 -0.00027899
v -0.00125697 0.00518673 -0.00010465
v -0.0011475 0.00535561 -1.969E-05
v -0.0013195 0.00496381 -0.00039909
v -0.00120489 0.0047233 -0.00071164
v -0.00139103 0.00508097 -0.00012678
v -0.0015072 0.0046907 -0.00065127
v -0.00153662 0.00491913 -0.00039218
v -0.00156704 0.00504932 -0.00010339
v -0.0012311 0.00432822 -0.00092207
v -0.00152321 0.00438207 -0.00079155
v -0.00041885 0.00435952 -0.00113142
v 2.734E-05 0.00436443 -0.00116147
v 0.00050241 0.00401521 -0.00126023
v 5.905E-05 0.00402594 -0.00130274
v -0.00039045 0.00402091 -0.00127655
v -0.00084111 0.00400692 -0.00119566
v -0.00085587 0.00434162 -0.00105189
v -0.00126428 0.00398391 -0.0010262
v -0.00158358 0.00404412 -0.00076518
v -0.00172995 0.00379671 -0.00051838
v -0.00177957 0.00351177 -0.00053852
v -0.00185556 0.00348652 -7.544E-05
v -0.00180299 0.00373854 -5.674E-05
v -0.00169183 0.00383384 0.00042577
v -0.00162976 0.00368594 0.00077887
v -0.00151432 0.00397131 0.00081595
v -0.00140044 0.00383086 0.00109575
v -0.00127904 0.00406913 0.00109198
v -0.00142213 0.00420138 0.00084569
v -0.00105319 0.00398164 0.00134751
v -0.00115712 0.00374942 0.00141202
v -0.00117499 0.00426299 0.00108342
v -0.00130932 0.00439088 0.00089013
v -0.0009404 0.00421486 0.00127865
v -0.00152838 0.00447034 0.00064263
v -0.00139183 0.00457901 0.00071175
v -0.00157512 0.00480356 0.00049347
v -0.00141479 0.00487173 0.00053184
v -0.00158534 0.00502632 0.00023505
v -0.0014252 0.00509155 0.00019456
v -0.00129259 0.0051754 0.00029873
v -0.00125697 0.00518673 -0.00010465
v -0.00139103 0.00508097 -0.00012678
v -0.0011475 0.00535561 -1.969E-05
v -0.00117892 0.00532614 0.00033471
v -0.00156704 0.00504932 -0.00010339
v -0.00072422 0.00418777 0.00139744
v -0.00079593 0.00395688 0.00151331
v -0.00087261 0.00372125 0.00162662
v -0.00055034 0.00369745 0.00174571
v -0.00050569 0.00393967 0.0016035
v -0.00022032 0.00368272 0.00179966
v -0.00024126 0.00340819 0.00196651
v 0.0001126 0.00340869 0.00199435
v 9.918E-05 0.00369559 0.00182716
v 0.00041913 0.00369602 0.00181476
v 0.00046433 0.00340719 0.00196792
v 0.00074377 0.00368562 0.00173994
v 0.00081667 0.00340155 0.00187456
v 0.0003571 0.00393861 0.00166851
v 6.966E-05 0.00393412 0.00167968
v 0.00029216 0.00414946 0.00153705
v 0.00054021 0.00415826 0.00148599
v 0.00064467 0.00393399 0.00159347
v 3.699E-05 0.00415058 0.00154239
v 0.00091241 0.00393395 0.00148487
v 0.00103196 0.00367524 0.00159762
v 0.00077521 0.00418516 0.00138581
v 0.00142172 0.00345304 0.00141567
v 0.00163902 0.003551 0.00106571
v 0.00113582 0.00340896 0.00169651
v -0.00060088 0.00341946 0.00190244
v -0.00094458 0.00343016 0.00173716
v -0.00126961 0.00345654 0.0014908
v -0.00149384 0.00358069 0.00111619
v 0.00133486 0.00269377 -0.00105663
v 0.00159621 0.00268803 -0.00077766
v 0.00016571 0.00245957 0.00216131
v 0.00085541 0.00523665 0.00089582
v 0.00089617 0.00523116 0.0009047
v 0.00097243 0.00514152 0.00086913
v 0.00093817 0.00522661 0.00087473
v 0.00081567 0.00526607 0.00090471
v 0.00078417 0.00522734 0.00090398
v 0.00078499 0.00521466 0.00090467
v 0.00071525 0.00525389 0.00098321
v 0.00071553 0.00521156 0.00098528
v 0.00064301 0.00526602 0.00104665
v 0.00066157 0.00533237 0.00101434
v 0.00075991 0.00532632 0.00093713
v 0.00054538 0.00533725 0.00109356
v 0.00056505 0.00541034 0.00105944
v 0.00067966 0.00539736 0.00097822
v 0.00053618 0.00526937 0.00111721
v 0.00063997 0.00521525 0.00105255
v 0.00053594 0.00521696 0.00113134
v 0.00039371 0.00534214 0.0011721
v 0.00040015 0.00526591 0.00119056
v 0.00020582 0.00534447 0.00123225
v 0.00020744 0.00542631 0.00120796
v 8E-08 0.00542447 0.00123101
v 1.13E-06 0.00534278 0.00125627
v 0.00020914 0.00526566 0.00125679
v 0.0004022 0.00521494 0.00119907
v 0.00020545 0.00520986 0.00126347
v -8.9E-07 0.00526867 0.00128049
v -3.95E-06 0.00520545 0.00128823
v 0.00040153 0.00542016 0.00114846
v -0.00020728 0.00520533 0.00125676
v -0.00020518 0.00526899 0.00125204
v -0.0004137 0.00520854 0.00117902
v -0.00040425 0.00526977 0.00118451
v -0.00020384 0.00534389 0.00123605
v -0.00020741 0.00542252 0.00121515
v -0.00039966 0.00533382 0.0011735
v -0.00053441 0.00526809 0.00111394
v -0.00054431 0.00533199 0.00109708
v -0.00040595 0.00541355 0.00115064
v -0.00054112 0.00521045 0.00112018
v -0.00064381 0.00521079 0.00105056
v -0.00064391 0.00526597 0.00103964
v -0.00066614 0.00533174 0.0010114
v -0.00056202 0.00540348 0.0010705
v -0.00069265 0.00539212 0.0009784
v -0.0007196 0.00525638 0.00097172
v -0.00075 0.00532872 0.00094366
v -0.00071439 0.00520874 0.00099064
v -0.00078113 0.00520914 0.00092317
v -0.00077839 0.00523248 0.00090217
v -0.00081752 0.00527153 0.00091005
v -0.00082724 0.00528788 0.00091602
v -0.00078595 0.00535884 0.00091757
v -0.00085145 0.00530154 0.00089787
v -0.00058367 0.00549461 0.00103578
v -0.00042092 0.00549915 0.00112551
v -0.00045122 0.00563773 0.0010502
v -0.00021511 0.00566466 0.00113556
v -0.00021448 0.00550304 0.00119022
v 2.2E-07 0.00568477 0.00115147
v -3.78E-06 0.00550458 0.00120263
v 0.00021353 0.00566186 0.00113295
v 0.00021714 0.00550448 0.00118228
v 0.00041452 0.00550748 0.0011216
v 0.00044333 0.0056453 0.00103758
v 0.000584 0.00549633 0.00102077
v 0.00060932 0.00563511 0.00096828
v 0.00074969 0.00561655 0.00084328
v 0.00070542 0.00548134 0.00092847
v -0.00060452 0.00563643 0.00097114
v 0.00080247 0.00582314 0.0007104
v 0.00095747 0.00574355 0.00049332
v 0.00096153 0.00600834 0.00017098
v 0.0010698 0.00567383 0.00010662
v 0.00078687 0.00610579 0.00060772
v 0.00086614 0.00633531 0.00019094
v 0.00073471 0.00639931 0.0005277
v 0.0007806 0.00665006 0.00016407
v 0.00066622 0.00670522 0.000462
v 0.00054849 0.0067282 0.00063116
v 0.00061077 0.0064562 0.00069441
v 0.00048444 0.00702799 0.0005837
v 0.00025587 0.00707143 0.00074873
v 0.00030474 0.00676213 0.00082919
v -4.38E-06 0.00676913 0.00089568
v -1.708E-05 0.00708102 0.00082375
v -0.00031488 0.00675856 0.00083949
v -0.00029323 0.00707363 0.00075989
v -0.00054481 0.00672493 0.00068423
v -0.00049319 0.00703468 0.00064122
v -0.00066116 0.0069967 0.00045376
v -0.00071254 0.00667805 0.00047706
v -0.00075705 0.00640244 0.0005329
v -0.00082464 0.00665594 0.00016708
v -0.00089262 0.00633574 0.00017734
v -0.00060157 0.00645193 0.00073283
v -0.00076404 0.00699605 0.00016012
v -0.00079914 0.00610606 0.00060851
v -0.00096669 0.00600021 0.00015348
v -0.00062944 0.00615774 0.00076715
v -0.00045288 0.00619506 0.00088005
v -0.00031459 0.00652584 0.00087598
v -0.00020153 0.00621191 0.0009729
v 8.7E-07 0.0065395 0.00095588
v 1.118E-05 0.00621716 0.00104277
v 0.00020024 0.00621142 0.00097222
v 0.00031257 0.00652364 0.00087271
v 0.00045071 0.00619407 0.000877
v 0.00066246 0.00616684 0.00077725
v 0.00064534 0.00585394 0.00085237
v 0.00021387 0.00590885 0.00103848
v 0.00045075 0.00589542 0.00095174
v 3.42E-06 0.00591785 0.00112025
v -0.0002138 0.00590956 0.00104086
v -0.00045466 0.00589655 0.00095579
v -0.000646 0.00585511 0.00086416
v -0.000787 0.005821 0.00073386
v -0.00095089 0.00573162 0.00048286
v -0.00104346 0.00566577 8.688E-05
v -0.00106748 0.00550309 0.00039819
v -0.0008966 0.00554523 0.00070068
v -0.00075907 0.00560264 0.00084884
v -0.00072241 0.00546351 0.00093421
v -0.00083744 0.00542439 0.00083568
v -0.00093024 0.00534519 0.00077546
v -0.0010079 0.00541901 0.00061574
v 0.00150151 0.00469997 -0.00064837
v 0.00153424 0.00492033 -0.0003985
v 0.00157019 0.00504992 -0.00010664
v 0.00153516 0.00439124 -0.00079774
v 0.00175667 0.00386093 -0.00048299
v 0.00188935 0.00377625 -6.385E-05
v 0.00170288 0.00408546 0.00060105
v -0.00021457 0.0039287 0.00165204
v -0.00021315 0.00414576 0.00152805
v -0.0004712 0.00415721 0.0014867
v -0.00158925 0.00410239 0.00062063
v 0.00170288 0.00408546 0.00060105
v 0.00182425 0.00415679 0.0005314
v 0.00177696 0.00443186 0.00059763
v 0.0015642 0.00441799 0.00067383
v 0.00157698 0.00480261 0.00050265
v 0.00175904 0.00473619 0.00048832
v 0.00177453 0.00498376 0.00025534
v 0.00159297 0.00503589 0.00023943
v 0.0018561 0.00380799 0.00041516
v 0.00189604 0.00391403 0.00031825
v 0.00188935 0.00377625 -6.385E-05
v 0.00190064 0.00385732 -6.975E-05
v 0.00177377 0.00502746 -8.782E-05
v 0.00157019 0.00504992 -0.00010664
v 0.00176014 0.00490299 -0.0004035
v 0.00153424 0.00492033 -0.0003985
v 0.00173862 0.00469253 -0.00063999
v 0.00150151 0.00469997 -0.00064837
v 0.00173516 0.00442822 -0.00075042
v 0.00153516 0.00439124 -0.00079774
v 0.0017576 0.00417068 -0.00069399
v 0.00161516 0.00405612 -0.00076052
v 0.00175667 0.00386093 -0.00048299
v 0.0018361 0.00397527 -0.00046818
v 0.00190064 0.00385732 -6.975E-05
v 0.00188935 0.00377625 -6.385E-05
v 0.00206264 0.00397713 -0.00040337
v 0.0020863 0.00386339 -8.817E-05
v 0.00243504 0.00396949 -0.00040108
v 0.00245066 0.00387651 -8.137E-05
v 0.00279199 0.00397292 -0.00039576
v 0.00279873 0.0038875 -7.926E-05
v 0.00278497 0.00417844 -0.00061753
v 0.00240754 0.00417772 -0.00062853
v 0.00278253 0.00443931 -0.0006898
v 0.00239269 0.00443951 -0.00070489
v 0.00278332 0.00469761 -0.00061523
v 0.0023922 0.00470388 -0.00062972
v 0.00278422 0.00490217 -0.00039957
v 0.00239433 0.00490938 -0.00040249
v 0.0027865 0.0050139 -8.246E-05
v 0.00239785 0.00502079 -8.244E-05
v 0.00278604 0.00491328 0.00024956
v 0.00239658 0.00494213 0.00026248
v 0.00277929 0.00467625 0.00041295
v 0.00239059 0.00469324 0.00044868
v 0.00277914 0.00443317 0.00048659
v 0.00239436 0.00443702 0.00051796
v 0.00278259 0.0041884 0.00044126
v 0.00241791 0.00417894 0.00046378
v 0.00279081 0.00396893 0.00022718
v 0.00243787 0.00395781 0.00024353
v 0.00279873 0.0038875 -7.926E-05
v 0.00245066 0.00387651 -8.137E-05
v 0.00199799 0.00501855 -8.624E-05
v 0.00199962 0.00494703 0.00026817
v 0.00199462 0.00470355 0.00047479
v 0.00200473 0.00443496 0.00055311
v 0.00204432 0.00416763 0.00048426
v 0.00207497 0.00393923 0.00026487
v 0.0020863 0.00386339 -8.817E-05
v 0.0030223 0.0041957 0.00042257
v 0.00302326 0.00443003 0.00047055
v 0.00326653 0.0042066 0.00039697
v 0.003268 0.0044329 0.00045184
v 0.00302137 0.00466739 0.00039457
v 0.003268 0.00465779 0.00037601
v 0.00303061 0.00489303 0.0002323
v 0.00327682 0.00487377 0.00020663
v 0.00303848 0.00499366 -8.122E-05
v 0.00328368 0.00496133 -7.97E-05
v 0.00326862 0.00401068 0.00019876
v 0.00302459 0.00398513 0.00021543
v 0.00327487 0.0039228 -8.357E-05
v 0.00302941 0.00390324 -8.245E-05
v 0.0030305 0.0048865 -0.00038897
v 0.00327373 0.00486209 -0.00036603
v 0.00302576 0.00468753 -0.0005981
v 0.0032675 0.00466765 -0.00056387
v 0.00302509 0.00443852 -0.00067179
v 0.00326808 0.00443864 -0.00063836
v 0.00302689 0.0041791 -0.00060504
v 0.00326988 0.0041874 -0.00058202
v 0.00303086 0.00397925 -0.00039275
v 0.00327731 0.00398808 -0.00038296
v 0.00302941 0.00390324 -8.245E-05
v 0.00327487 0.0039228 -8.357E-05
v 0.00418829 0.00474712 -5.486E-05
v 0.00420419 0.00470883 0.00011834
v 0.00443436 0.00461016 6.236E-05
v 0.00442363 0.00462945 -5.12E-05
v 0.00445337 0.00452375 0.00015499
v 0.00420265 0.00459413 0.00024642
v 0.00446656 0.00440002 0.00019969
v 0.00421887 0.00442991 0.00029894
v 0.00447971 0.0042946 0.0001721
v 0.00422859 0.00426909 0.00025531
v 0.00449499 0.00418721 5.735E-05
v 0.00423262 0.00410628 0.00010284
v 0.00448892 0.00415476 -6.101E-05
v 0.00422625 0.00404822 -6.872E-05
v 0.00382297 0.00485176 -7.973E-05
v 0.00382224 0.00479168 0.00016201
v 0.00349833 0.00492332 -7.788E-05
v 0.00349876 0.00484749 0.00018912
v 0.00381887 0.00463337 0.00032257
v 0.00349452 0.00464901 0.00035792
v 0.0038184 0.00443766 0.00038012
v 0.00349469 0.00443679 0.00042672
v 0.00382147 0.00424285 0.0003286
v 0.00349537 0.00422163 0.00037017
v 0.0038231 0.0040758 0.00016202
v 0.00349283 0.00403758 0.00018531
v 0.00382705 0.00398023 -8.151E-05
v 0.00349557 0.0039439 -8.538E-05
v 0.00351804 0.00484395 -0.00031148
v 0.00381199 0.00476329 -0.00030168
v 0.00348726 0.00464313 -0.00051943
v 0.0038021 0.00460287 -0.00044665
v 0.0034915 0.00443765 -0.00059408
v 0.0038075 0.00443433 -0.00051682
v 0.00349285 0.00420576 -0.00054641
v 0.00381289 0.00424158 -0.00047557
v 0.00349852 0.00400623 -0.00037444
v 0.00382371 0.00405191 -0.0003394
v 0.00349557 0.0039439 -8.538E-05
v 0.00382705 0.00398023 -8.151E-05
v 0.00420371 0.00411856 -0.00024594
v 0.00422625 0.00404822 -6.872E-05
v 0.00446547 0.00419535 -0.00017391
v 0.00448892 0.00415476 -6.101E-05
v 0.00445173 0.00430529 -0.00026709
v 0.00419292 0.00426998 -0.00036731
v 0.00443563 0.00439981 -0.00029043
v 0.00417781 0.00442453 -0.0004045
v 0.00442213 0.00450073 -0.00025683
v 0.00416922 0.00455603 -0.00035123
v 0.00441892 0.00459153 -0.00016039
v 0.00416957 0.00468233 -0.00022574
v 0.00442363 0.00462945 -5.12E-05
v 0.00418829 0.00474712 -5.486E-05
v 0.00455147 0.00430919 -0.00016226
v 0.00457093 0.00425645 -5.442E-05
v 0.00455385 0.00440788 -0.00016827
v 0.0045354 0.00453408 -5.106E-05
v 0.00453555 0.00447755 -0.00015246
v 0.00455385 0.00440788 -0.00016827
v 0.00458856 0.00441088 -6.124E-05
v 0.00458856 0.00441088 -6.124E-05
v 0.00202315 0.00418182 -0.0006292
v 0.00199852 0.00444002 -0.00071587
v 0.00199439 0.00469914 -0.00063287
v 0.00199466 0.00490391 -0.00040418
v 0.0045561 0.0044958 3.997E-05
v 0.0045354 0.00453408 -5.106E-05
v 0.00457725 0.00440956 5.534E-05
v 0.00458856 0.00441088 -6.124E-05
v 0.00457227 0.00430053 4.78E-05
v 0.00457725 0.00440956 5.534E-05
v 0.00457093 0.00425645 -5.442E-05
v 0.00458856 0.00441088 -6.124E-05
v -0.00158925 0.00410239 0.00062063
v -0.00152838 0.00447034 0.00064263
v -0.00173212 0.00443571 0.00056879
v -0.00171522 0.00414815 0.00052581
v -0.00157512 0.00480356 0.00049347
v -0.00175561 0.00475485 0.00048033
v -0.00175847 0.00498444 0.00025121
v -0.00158534 0.00502632 0.00023505
v -0.00169183 0.00383384 0.00042577
v -0.00174404 0.00391214 0.0003124
v -0.00180299 0.00373854 -5.674E-05
v -0.00180154 0.00382889 -7.046E-05
v -0.00176295 0.00503724 -8.165E-05
v -0.00156704 0.00504932 -0.00010339
v -0.00175714 0.0049014 -0.0003943
v -0.00153662 0.00491913 -0.00039218
v -0.00174694 0.00468504 -0.00065169
v -0.0015072 0.0046907 -0.00065127
v -0.00173644 0.00443501 -0.00074754
v -0.00152321 0.00438207 -0.00079155
v -0.00173407 0.00416661 -0.00067954
v -0.00158358 0.00404412 -0.00076518
v -0.00172995 0.00379671 -0.00051838
v -0.00174606 0.00392036 -0.00047363
v -0.00180154 0.00382889 -7.046E-05
v -0.00180299 0.00373854 -5.674E-05
v -0.00195694 0.00396445 -0.00039493
v -0.00191941 0.00384979 -7.855E-05
v -0.00234575 0.00397246 -0.00041384
v -0.00232532 0.00386937 -8.909E-05
v -0.00277152 0.00397425 -0.00042305
v -0.00276358 0.00388277 -0.00010162
v -0.00278283 0.00418053 -0.00065338
v -0.00237616 0.00417811 -0.00064404
v -0.00278592 0.00446105 -0.00073041
v -0.00239014 0.00445048 -0.00073875
v -0.0027847 0.00472827 -0.00061768
v -0.00239246 0.0047208 -0.00063786
v -0.00278374 0.0049067 -0.00038135
v -0.00239237 0.00490799 -0.00039414
v -0.00278709 0.0050201 -6.536E-05
v -0.00239286 0.00502697 -7.552E-05
v -0.00278817 0.00490958 0.00027343
v -0.0023943 0.00493843 0.0002773
v -0.00278136 0.00466905 0.00044027
v -0.00239254 0.00469623 0.0004601
v -0.00278082 0.00442132 0.00047807
v -0.00238241 0.00442956 0.00049347
v -0.00277572 0.00417751 0.00042612
v -0.00236001 0.00417809 0.00044258
v -0.0027694 0.00396847 0.00022398
v -0.00233918 0.00396216 0.00023747
v -0.00276358 0.00388277 -0.00010162
v -0.00232532 0.00386937 -8.909E-05
v -0.00198057 0.00502893 -7.465E-05
v -0.00197866 0.0049484 0.0002707
v -0.00198712 0.0047225 0.00046984
v -0.00196862 0.00444206 0.00052531
v -0.00194311 0.0041653 0.00046777
v -0.00191998 0.00394153 0.00024885
v -0.00191941 0.00384979 -7.855E-05
v -0.00302435 0.00418234 0.00041532
v -0.00302265 0.00442024 0.00046868
v -0.00326982 0.00419392 0.00039532
v -0.00326777 0.0044206 0.00045376
v -0.00302279 0.00465954 0.00041996
v -0.00326774 0.00464933 0.00039679
v -0.00303015 0.00488914 0.00025833
v -0.00327544 0.00486577 0.00023746
v -0.00303262 0.00499818 -6.275E-05
v -0.00327788 0.00497191 -6.559E-05
v -0.00327358 0.00400398 0.00020334
v -0.00302669 0.00398099 0.00021543
v -0.00327507 0.00391869 -9.754E-05
v -0.00302589 0.00389816 -0.00010117
v -0.00302741 0.00489126 -0.00037454
v -0.00327282 0.00487285 -0.0003608
v -0.00302743 0.00471559 -0.00059938
v -0.0032727 0.00470015 -0.00057473
v -0.00302878 0.00446118 -0.00070712
v -0.00327507 0.00445531 -0.00067703
v -0.00302938 0.0041904 -0.00063363
v -0.00327513 0.00420548 -0.00060101
v -0.00302822 0.00398969 -0.00041526
v -0.00327479 0.00400727 -0.00039708
v -0.00302589 0.00389816 -0.00010117
v -0.00327507 0.00391869 -9.754E-05
v -0.00419596 0.00476986 -7.214E-05
v -0.00444159 0.00465308 -8.244E-05
v -0.00444281 0.00462343 6.816E-05
v -0.00420053 0.0047201 0.00012534
v -0.00445763 0.00453558 0.00018039
v -0.00421113 0.00459953 0.00025973
v -0.0044698 0.00441863 0.00023085
v -0.00422332 0.004423 0.0003192
v -0.00448642 0.00429482 0.0001952
v -0.00422718 0.0042621 0.00027088
v -0.00448825 0.00419963 8.214E-05
v -0.00422308 0.00411528 0.00012073
v -0.00448218 0.00416301 -7.066E-05
v -0.00422058 0.00406429 -7.984E-05
v -0.00382814 0.00487673 -7.157E-05
v -0.00382527 0.00480144 0.00018154
v -0.00350688 0.00493716 -6.759E-05
v -0.00350121 0.0048411 0.00021809
v -0.00381998 0.00462668 0.00033369
v -0.00349381 0.00463915 0.00037054
v -0.00381965 0.00442673 0.00039047
v -0.00349381 0.00442337 0.00043075
v -0.00382144 0.004229 0.00033184
v -0.00349589 0.00420903 0.00037087
v -0.00382576 0.00406118 0.00016737
v -0.00349978 0.0040265 0.00019075
v -0.00383091 0.00397879 -9.031E-05
v -0.00350233 0.00394029 -9.465E-05
v -0.00349979 0.00484712 -0.00034723
v -0.00382264 0.00480005 -0.0003169
v -0.00349946 0.00468159 -0.00054646
v -0.00381611 0.00464008 -0.00047871
v -0.00350101 0.00445164 -0.0006393
v -0.0038177 0.00445002 -0.00055533
v -0.00349889 0.00422444 -0.00056132
v -0.00382028 0.00424992 -0.00050145
v -0.00350186 0.00403105 -0.00038072
v -0.00382687 0.00407232 -0.00034899
v -0.00350233 0.00394029 -9.465E-05
v -0.00383091 0.00397879 -9.031E-05
v -0.00421285 0.00413766 -0.00027566
v -0.00422058 0.00406429 -7.984E-05
v -0.00447314 0.00420962 -0.00021109
v -0.00448218 0.00416301 -7.066E-05
v -0.00446742 0.00431614 -0.00031375
v -0.00420672 0.00428365 -0.00040779
v -0.00445577 0.00443282 -0.00034476
v -0.00420451 0.00443367 -0.00044544
v -0.00445028 0.00453244 -0.0003003
v -0.00419634 0.00458568 -0.00038869
v -0.00443861 0.00462836 -0.00020046
v -0.00419646 0.00471691 -0.00025593
v -0.00444159 0.00465308 -8.244E-05
v -0.00419596 0.00476986 -7.214E-05
v -0.00457316 0.00432206 -0.00019477
v -0.00458367 0.00443299 -0.00020447
v -0.00455776 0.00451884 -0.00018378
v -0.00458367 0.00443299 -0.00020447
v -0.00455871 0.00455362 -7.546E-05
v -0.00461324 0.00442392 -7.681E-05
v -0.00458574 0.00426731 -7.188E-05
v -0.00461324 0.00442392 -7.681E-05
v -0.00198093 0.00418341 -0.0006215
v -0.00199216 0.00445011 -0.00073176
v -0.00199649 0.00469517 -0.0006505
v -0.00199147 0.00489975 -0.00039156
v -0.00455871 0.00455362 -7.546E-05
v -0.00456497 0.00451665 4.807E-05
v -0.00459492 0.00442098 6.338E-05
v -0.00461324 0.00442392 -7.681E-05
v -0.00459492 0.00442098 6.338E-05
v -0.00459028 0.00431453 5.209E-05
v -0.00458574 0.00426731 -7.188E-05
v -0.00461324 0.00442392 -7.681E-05
v 0.0010688 0.0001946 -8.208E-05
v 0.00095642 0.00019633 -5.191E-05
v 0.00092208 0.00034802 -0.00015678
v 0.0010684 0.00034862 -0.00019344
v 0.00107341 0.00011053 3.103E-05
v 0.00094497 0.00012803 6.121E-05
v 0.00085533 0.000204 2.475E-05
v 0.00079384 0.00035024 -5.254E-05
v 0.00070922 0.00036284 9.793E-05
v 0.00079556 0.00022465 0.00012531
v 0.00093859 0.00012273 0.00013603
v 0.00092936 0.0001416 0.00022556
v 0.00077603 0.00025525 0.00024701
v 0.00069138 0.00037441 0.00026116
v 0.00118799 0.00019232 -6.237E-05
v 0.00120404 0.00011371 4.765E-05
v 0.00130144 0.000198 1.82E-06
v 0.00139179 0.0002037 0.00011691
v 0.00122315 9.88E-05 0.00014116
v 0.00123984 0.00011127 0.00025292
v 0.00143458 0.00020618 0.00027016
v 0.0015781 0.00037884 0.00026248
v 0.00150305 0.00038336 5.76E-05
v 0.00137303 0.00036751 -8.777E-05
v 0.00122194 0.0003506 -0.00017072
v 0.0010853 0.00010548 0.00022795
v 0.00107798 9.237E-05 0.00012471
v 0.00167374 0.00058558 0.00025991
v 0.00159201 0.0005729 2.182E-05
v 0.00143623 0.00054352 -0.00015112
v 0.00125279 0.0005256 -0.00024587
v 0.00106805 0.00052937 -0.00027989
v 0.00089448 0.00052759 -0.00023198
v 0.00074539 0.00052626 -0.00011189
v 0.00064953 0.00052949 6.378E-05
v 0.00063421 0.00053861 0.00026325
v 0.00108445 0.00554935 0.00038864
v 0.00089104 0.00555019 0.00071726
v 0.0010235 0.00543628 0.0006151
v 0.00094169 0.00535296 0.00077278
v 0.00083061 0.00543581 0.00083709
v 0.00078739 0.00536729 0.00090973
v 0.00085185 0.00527541 0.00091202
v 0.0008755 0.00529916 0.00088627
v 0.00075863 0.00517095 0.0007918
v 0.00076574 0.00519348 0.00083064
v 0.00076951 0.00520028 0.00083351
v 0.00077568 0.0052138 0.00082311
v 0.00073226 0.00512113 0.00071715
v 0.00076187 0.00527545 0.00076842
v 0.00075055 0.00505486 0.00057457
v 0.00072307 0.00529953 0.00062121
v 0.0006087 0.00521054 0.0004461
v 0.00058174 0.00534316 0.00046861
v 0.00064349 0.00536356 0.00086826
v 0.00059821 0.00544476 0.00069007
v 0.00043633 0.00542283 0.00095487
v 0.00038251 0.00551885 0.00075909
v 0.0005334 0.00543283 0.00053188
v 0.00033205 0.00550479 0.0005413
v 0.00014299 0.00555464 0.00079339
v 0.00011336 0.00554107 0.00055399
v 0.00018302 0.00545132 0.0010142
v 7.4E-07 0.00546389 0.00102762
v -9E-08 0.0055648 0.00080286
v -7.3E-07 0.00555037 0.0005601
v 0.00029931 0.00542916 0.0003541
v 0.00034124 0.0052737 0.00031977
v 0.00020887 0.0052887 0.00027707
v 0.00015846 0.00535782 0.00027229
v 0.0001435 0.00534477 0.00022614
v 6.604E-05 0.00539495 0.00022414
v 6.795E-05 0.00541461 0.00027043
v 1.812E-05 0.0053848 0.00027591
v -1E-07 0.00542754 0.00029636
v -7E-07 0.00538647 0.00029103
v 2.398E-05 0.00538397 0.00023896
v 0.00017531 0.00529671 0.0002284
v 2.2E-07 0.00549032 0.00036239
v 9.005E-05 0.00548223 0.00035064
v -0 0.0053434 0.00030024
v 1.975E-05 0.00534239 0.00029028
v 0 0.00531525 0.00030645
v 3.412E-05 0.00531314 0.00029944
v 2.406E-05 0.00533881 0.0002435
v 3.882E-05 0.00530613 0.00024177
v 1.739E-05 0.00528851 0.00028652
v 2.007E-05 0.00527988 0.00024669
v 0 0.00527377 0.00024354
v 0 0.00528197 0.00029324
v -2.12E-05 0.00534316 0.00029157
v -3.412E-05 0.00531314 0.00029944
v -2.484E-05 0.00533908 0.00024311
v -3.882E-05 0.00530613 0.00024177
v -1.739E-05 0.00528851 0.00028652
v -2.007E-05 0.00527988 0.00024669
v -2.484E-05 0.00538287 0.00023865
v -1.94E-05 0.00538406 0.00027651
v -6.682E-05 0.00539799 0.00022382
v -6.822E-05 0.00541495 0.00027005
v -0.00015594 0.00535572 0.00027721
v -0.00014563 0.00534686 0.00022615
v -0.00020887 0.0052887 0.00027707
v -0.00017531 0.00529671 0.0002284
v -9.02E-05 0.00548254 0.00035003
v -0.00029903 0.00542868 0.00035446
v -0.00034124 0.0052737 0.00031977
v -0.0005984 0.00522971 0.0004442
v -0.00058251 0.00534562 0.00046824
v -0.00071445 0.00529636 0.00062449
v -0.00074916 0.00505484 0.00057398
v -0.0007513 0.00528002 0.00077621
v -0.00065008 0.00537182 0.00087051
v -0.00060191 0.00544301 0.00069677
v -0.0004444 0.00543447 0.00095941
v -0.00039092 0.00552365 0.00077481
v -0.00053667 0.00543856 0.00052839
v -0.00033596 0.00550966 0.00053679
v -0.00014615 0.00555936 0.00079723
v -0.00011424 0.00554516 0.00055348
v -0.00018482 0.00545765 0.00101773
v -0.00073405 0.00512792 0.00073019
v -0.00076505 0.00520073 0.00084144
v -0.00075697 0.00518264 0.00081505
v -0.000761 0.00520021 0.00086966
v -0.00077375 0.0052087 0.00085687
v -0.00079694 0.00521067 0.00089729
v -0.00075152 0.00520301 0.00090819
v -0.00064787 0.00520794 0.00094372
v -0.00063394 0.00516711 0.00096337
v -0.00046255 0.00521594 0.00104632
v -0.00045676 0.00514297 0.00105659
v -0.00020243 0.00511238 0.00111599
v -0.00020017 0.00520557 0.00111681
v -2.6E-07 0.00520142 0.00113833
v 7.5E-07 0.0051093 0.00114981
v 0.00020251 0.00510925 0.00111692
v 0.00020289 0.00519572 0.0011109
v 0.00046165 0.00520353 0.00104128
v 0.00040972 0.00512234 0.00106972
v 0.00050368 0.00513466 0.00104171
v 0.000598 0.00515714 0.00098846
v 0.00064565 0.0052043 0.00094927
v 0.0006689 0.00518202 0.00094639
v 0.00076973 0.00520821 0.00087268
v 0.00081789 0.00521388 0.00089397
v 0.0008145 0.0052143 0.0008983
v 0.00020545 0.00520986 0.00126347
v -3.95E-06 0.00520545 0.00128823
v 0.0004022 0.00521494 0.00119907
v 0.00063997 0.00521525 0.00105255
v 0.00053594 0.00521696 0.00113134
v 0.00078499 0.00521466 0.00090467
v 0.00071553 0.00521156 0.00098528
v 0.00081868 0.00521411 0.00088146
v 0.00084084 0.00520338 0.00090811
v 0.0006534 0.00526879 0.00092241
v 0.00046131 0.00530261 0.00101035
v 0.00019769 0.00531492 0.00108683
v -7.6E-07 0.00532469 0.00110484
v -0.00018992 0.00532037 0.00108564
v -0.00046198 0.00529946 0.00101297
v -0.0006625 0.00526142 0.00092337
v -0.00080613 0.00521133 0.00088707
v -0.00083427 0.00520354 0.00090711
v -0.00081225 0.00521167 0.00088287
v -0.00078113 0.00520914 0.00092317
v -0.00071439 0.00520874 0.00099064
v -0.00064381 0.00521079 0.00105056
v -0.00054112 0.00521045 0.00112018
v -0.0004137 0.00520854 0.00117902
v -0.00020728 0.00520533 0.00125676
v -0.00041433 0.00759561 0.00060258
v -0.00045499 0.00731982 0.00061529
v -0.00027489 0.00732669 0.00072083
v -0.00024626 0.00759215 0.00068165
v -3.04E-05 0.00731791 0.00077828
v -5.352E-05 0.00759037 0.0007244
v -0.00056381 0.00759799 0.00046487
v -0.00061563 0.00731556 0.00044364
v -0.00071148 0.00732491 0.00017068
v -0.00066197 0.00760892 0.00021876
v -0.00040938 0.00796256 0.00064543
v -0.00025326 0.00795234 0.00074868
v -0.00025254 0.00829674 0.00083022
v -0.00038639 0.00831689 0.00073823
v -6.88E-05 0.00794449 0.00079715
v -8.35E-05 0.00828693 0.00086151
v -0.00052015 0.00797476 0.00051042
v -0.00047826 0.00834066 0.0006108
v -0.00059227 0.00799146 0.00028033
v -0.00052521 0.00836729 0.00040113
v -9.095E-05 0.00860561 0.00091311
v -0.00022761 0.008612 0.00089811
v -9.369E-05 0.00881553 0.00089714
v -0.00020287 0.00882016 0.00089093
v -9.328E-05 0.00893466 0.00084888
v -0.00019869 0.0089417 0.00084156
v -9.279E-05 0.00905358 0.00070858
v -0.0002077 0.00905151 0.0006993
v -0.00035054 0.00896966 0.00066743
v -0.00034455 0.00888395 0.00079336
v -0.00033089 0.00878931 0.00084178
v -0.00035932 0.00864015 0.00082807
v -0.00041596 0.00887703 0.00062441
v -0.00040305 0.00881464 0.00075469
v -0.00047079 0.00869825 0.00054624
v -0.00044417 0.008665 0.00071405
v -0.00055022 0.00801002 4.567E-05
v -0.00059227 0.00799146 0.00028033
v -0.00052521 0.00836729 0.00040113
v -0.00048144 0.00839134 0.00018796
v -0.0004542 0.00802373 -0.00010366
v -0.00040197 0.00840616 5.771E-05
v -0.00023395 0.00840987 -8.636E-05
v -0.00025628 0.00804001 -0.00025126
v -0.00062516 0.00761779 -4.071E-05
v -0.00066197 0.00760892 0.00021876
v -0.00066524 0.00734564 -9.82E-05
v -0.00051086 0.00735134 -0.00030369
v -0.00050057 0.00762589 -0.00022864
v -0.00056106 0.00700424 -0.00037071
v -0.0002899 0.00700393 -0.00054431
v -0.00027017 0.00735506 -0.00047092
v -0.00072179 0.00699906 -0.00013955
v -0.00071148 0.00732491 0.00017068
v -0.00076404 0.00699605 0.00016012
v -0.00027585 0.00763282 -0.00039006
v -7.827E-05 0.00840276 -0.00014013
v -5.844E-05 0.00804399 -0.0003136
v -1.583E-05 0.00735482 -0.00052754
v -3.707E-05 0.00763464 -0.00045229
v -3.01E-06 0.00700359 -0.00060945
v 0.00014451 0.0080471 -0.00026752
v 8.527E-05 0.00842264 -0.00010733
v 0.00034926 0.00802779 -0.00011788
v 0.00026709 0.00842168 3.716E-05
v 0.00034412 0.00840269 0.00017686
v 0.00043941 0.00801656 3.694E-05
v 0.00036499 0.00836982 0.00039857
v 0.00046279 0.00799295 0.00028022
v 0.00051866 0.00761668 -4.84E-05
v 0.00053965 0.00760456 0.00021685
v 0.00058293 0.00733539 -9.715E-05
v 0.00044781 0.00734371 -0.00028502
v 0.00041636 0.00762542 -0.00022675
v 0.00067071 0.00698469 -0.00014804
v 0.0006981 0.0069882 0.00015708
v 0.00061361 0.00731495 0.0001673
v 0.00053334 0.00699862 -0.00036164
v 0.00023277 0.00735428 -0.00046541
v 0.00027734 0.00700201 -0.00053893
v 0.00019817 0.0076344 -0.00039522
v 0.0007806 0.00665006 0.00016407
v 0.00074869 0.00664192 -0.00018667
v 0.0008317 0.00631414 -0.00016984
v 0.00065608 0.00631665 -0.00043092
v 0.00059774 0.00665527 -0.00041
v 0.00086614 0.00633531 0.00019094
v 0.00035249 0.00632371 -0.00063578
v 0.00031856 0.00666092 -0.00059352
v -7.38E-06 0.00632594 -0.00073395
v -2.93E-06 0.00666423 -0.00068078
v -0.00032908 0.00665968 -0.00059946
v -0.00038107 0.00632022 -0.00064624
v -0.00062233 0.00665574 -0.0004094
v -0.00070071 0.00630849 -0.0004202
v -0.00078653 0.00665646 -0.00016363
v -0.00085228 0.00630141 -0.00018675
v -0.00082464 0.00665594 0.00016708
v -0.00089262 0.00633574 0.00017734
v -0.00078165 0.00593679 -0.00042435
v -0.00092416 0.00593848 -0.00020332
v -0.00096669 0.00600021 0.00015348
v -0.00042633 0.00597345 -0.0006882
v -1.275E-05 0.00598936 -0.00077372
v 0.00037428 0.00598993 -0.00067205
v 0.00069588 0.00598761 -0.000462
v 0.00090899 0.0059749 -0.00017592
v 0.00096153 0.00600834 0.00017098
v 0.00097434 0.00567313 -0.00022404
v 0.0010698 0.00567383 0.00010662
v 0.00073461 0.00567329 -0.00050117
v 0.00038936 0.00567731 -0.00071269
v -2.225E-05 0.00567958 -0.0008148
v -0.00045012 0.00566817 -0.00073354
v -0.00081772 0.00564685 -0.00045194
v -0.00098228 0.00565009 -0.00021596
v -0.00104346 0.00566577 8.688E-05
v -9.432E-05 0.00906936 0.0005483
v -0.00020654 0.00905677 0.00053716
v -0.0002077 0.00905151 0.0006993
v -9.279E-05 0.00905358 0.00070858
v -9.194E-05 0.00901576 0.0004159
v -0.00020148 0.00900707 0.000428
v -0.00035054 0.00896966 0.00066743
v -0.00032981 0.00897884 0.00051417
v -0.00030294 0.00896201 0.00044219
v -0.00020587 0.00891653 0.00031433
v -9.275E-05 0.00891591 0.0002809
v -0.00021845 0.00873894 0.00014586
v -8.735E-05 0.00873478 9.407E-05
v -0.00032758 0.00890068 0.00039084
v -0.00041596 0.00887703 0.00062441
v -0.00037971 0.00889857 0.00047223
v -0.00047079 0.00869825 0.00054624
v -0.00042799 0.00871962 0.00036455
v -0.00035873 0.0087315 0.0002571
v 4.287E-05 0.00874558 0.0001376
v 1.998E-05 0.00891046 0.00031464
v 1.284E-05 0.00899531 0.00043125
v 1.032E-05 0.0090376 0.00053526
v -9.432E-05 0.00906936 0.0005483
v 1.014E-05 0.00902694 0.00068937
v -9.279E-05 0.00905358 0.00070858
v 0.00013215 0.00893893 0.00065093
v 0.00012272 0.00895752 0.00051292
v 0.00010666 0.00894657 0.00044479
v 0.00013484 0.00888712 0.00038632
v 0.00019238 0.00885978 0.00061627
v 0.00017404 0.00888645 0.00046781
v 0.0002685 0.00868949 0.00053732
v 0.00024513 0.00871899 0.00035571
v 0.00018209 0.00873407 0.00024798
v 0.00033074 0.00758937 0.00057167
v 0.00013998 0.00758843 0.00067923
v 0.00021051 0.00732464 0.00071091
v 0.00042076 0.0073144 0.00055886
v 0.00044193 0.00759545 0.00045384
v 0.00052327 0.00730731 0.00042419
v 0.00061361 0.00731495 0.0001673
v 0.00053965 0.00760456 0.00021685
v 0.00028397 0.00796404 0.00064026
v 0.00011757 0.00795255 0.00075827
v 8.495E-05 0.00829698 0.00083028
v 0.00022467 0.00831563 0.0007289
v 0.00038165 0.00797625 0.00050776
v 0.00030488 0.00833987 0.00060603
v 0.00046279 0.00799295 0.00028022
v 0.00036499 0.00836982 0.00039857
v 3.732E-05 0.00861191 0.00088678
v 9.61E-06 0.00881469 0.00087152
v -9.328E-05 0.00893466 0.00084888
v 3.17E-06 0.00892479 0.00082207
v -9.279E-05 0.00905358 0.00070858
v 1.014E-05 0.00902694 0.00068937
v 0.00013215 0.00893893 0.00065093
v 0.00012554 0.00886095 0.00076347
v 0.00012111 0.00877669 0.00081512
v 0.00019238 0.00885978 0.00061627
v 0.00017665 0.00880025 0.00073143
v 0.0002685 0.00868949 0.00053732
v 0.00023286 0.00865615 0.00069546
v 0.00016824 0.00863692 0.00080141
v 0.00059419 0.00701016 0.00043575
v 0.0006981 0.0069882 0.00015708
v -0.00031006 0.00643575 0.00114781
v -0.00031747 0.00626347 0.00121979
v -0.00017714 0.00624132 0.00121128
v -0.00018669 0.00639769 0.00116639
v -0.00017644 0.00605433 0.00126139
v -0.00031924 0.00605774 0.00126043
v -0.00043456 0.00626905 0.00119017
v -0.00043526 0.00605758 0.00123354
v -0.00042055 0.00644679 0.0011155
v -0.000327 0.00585612 0.00125983
v -0.00043337 0.00584902 0.00123381
v -0.00032562 0.00572619 0.00123447
v -0.00020089 0.00573626 0.00123521
v -0.00019973 0.00587098 0.00126446
v -0.00042642 0.0057144 0.00120752
v -0.00053394 0.00585673 0.00119137
v -0.00054494 0.00605753 0.00118614
v -0.00063973 0.00587196 0.00111785
v -0.00062439 0.00574053 0.00109268
v -0.00052257 0.00572745 0.00116861
v -0.00066447 0.0060541 0.00109978
v -0.00054504 0.00626091 0.00114272
v -0.00066213 0.00624221 0.00106008
v -0.00052709 0.0064305 0.00107486
v -0.00063353 0.00638721 0.00101602
v -0.00030997 0.00562951 0.00119377
v -0.00028217 0.00555328 0.00111996
v -0.00014534 0.00565156 0.00115627
v -0.00039602 0.00553032 0.00108529
v -0.00041728 0.0056076 0.00117072
v -0.00037177 0.00553467 0.00098808
v -0.00026021 0.00555675 0.00102269
v -0.00035303 0.00559496 0.00091968
v -0.0002492 0.00561146 0.00095246
v -0.00012936 0.00565112 0.00105923
v -0.00013329 0.00568399 0.00099134
v -0.00050607 0.00556031 0.00104597
v -0.00048104 0.00556377 0.00095632
v -0.00062876 0.00566328 0.00099495
v -0.00060227 0.00566096 0.00091414
v -0.00045573 0.00561577 0.00089091
v -0.00056771 0.00569065 0.00085986
v -0.00051631 0.005633 0.00112448
v -0.00070161 0.00585307 0.0010348
v -0.00062876 0.00566328 0.00099495
v -0.00069827 0.00577678 0.00095867
v -0.00073147 0.00586613 0.0009356
v -0.00073953 0.00604196 0.00099789
v -0.00075195 0.00596052 0.00091411
v -0.00076088 0.0060584 0.00089553
v -0.00073318 0.00623002 0.00095748
v -0.00069735 0.00635087 0.00094248
v -0.00063184 0.00645356 0.00095242
v -0.00075671 0.00615601 0.00087882
v -0.0007398 0.00625446 0.00086781
v -0.00063004 0.00648065 0.00087712
v -0.00070793 0.00635254 0.00088021
v -0.00072701 0.00601238 0.0008196
v -0.00068512 0.00581245 0.00085928
v -0.0006316 0.00582247 0.0008144
v -0.00056771 0.00569065 0.00085986
v -0.00060227 0.00566096 0.00091414
v -0.00066256 0.00600474 0.00076942
v -0.00059699 0.00646724 0.00079471
v -0.00067707 0.00635516 0.00079842
v -0.00056331 0.00642119 0.00075446
v -0.00062971 0.00632918 0.00075275
v -0.00066044 0.00620084 0.00075163
v -0.00071975 0.0062179 0.00080284
v -0.00021128 0.00650731 0.00081932
v -0.00021131 0.00657182 0.00087067
v -6.811E-05 0.00641327 0.00096459
v -8.219E-05 0.00637294 0.00090838
v -0.00011354 0.00649227 0.00102182
v -0.00022784 0.00661066 0.00096632
v -0.00032167 0.00659995 0.00082231
v -0.0003537 0.00661701 0.00092474
v -0.00031078 0.00651888 0.00076647
v -0.0002775 0.00655095 0.0010599
v -0.00038919 0.00657007 0.00102336
v -0.00015439 0.00647083 0.00110394
v -0.00050447 0.00654402 0.00098959
v -0.00047722 0.00659422 0.00089369
v -0.00063004 0.00648065 0.00087712
v -0.00044972 0.00656288 0.00080979
v -0.00042997 0.00649287 0.00074963
v -0.00059699 0.00646724 0.00079471
v -0.00056331 0.00642119 0.00075446
v -9.351E-05 0.00637133 0.00114219
v -6.308E-05 0.00624158 0.00118497
v -8.49E-06 0.00628223 0.00108943
v -4.373E-05 0.00637753 0.00106636
v -1.484E-05 0.00621475 0.00101793
v -7.55E-06 0.00618323 0.00111307
v 7.16E-06 0.00601 0.00104353
v -1.56E-05 0.00600318 0.00096758
v -1.629E-05 0.00619677 0.00095482
v -6.811E-05 0.00641327 0.00096459
v -8.219E-05 0.00637294 0.00090838
v -4.61E-06 0.00607723 0.00113559
v -0.00011354 0.00649227 0.00102182
v 1.21E-06 0.00596911 0.0011549
v -3.076E-05 0.00580819 0.00106555
v -2.567E-05 0.00586465 0.00116286
v -6.586E-05 0.00576918 0.00116322
v -0.00012936 0.00565112 0.00105923
v -0.00013329 0.00568399 0.00099134
v -5.435E-05 0.00581846 0.00099189
v -0.00014534 0.00565156 0.00115627
v -6.306E-05 0.00604177 0.00122525
v -0.00010426 0.00585029 0.00123263
v -0.00021545 0.0059801 0.00119631
v -0.00021409 0.00591821 0.00123978
v -0.00025315 0.00592031 0.0012573
v -0.00030612 0.005983 0.00122139
v -0.00012336 0.0059829 0.00121604
v -0.00017404 0.00592026 0.00125489
v -0.00029036 0.00594236 0.00125911
v -0.00021335 0.00591286 0.00126445
v -0.00010351 0.00607715 0.00119461
v -7.577E-05 0.00605711 0.00124193
v -7.566E-05 0.00610857 0.0012356
v -8.962E-05 0.00616004 0.00122928
v -0.00011467 0.00615477 0.00118844
v -0.00021618 0.00607369 0.00117015
v -0.0002162 0.00615157 0.00116583
v -0.00015732 0.00623242 0.00121138
v -0.00021544 0.00622945 0.00118945
v -0.00031617 0.00615489 0.00119457
v -0.00027211 0.00623249 0.00121487
v -0.00011096 0.00619623 0.00122033
v -0.00021446 0.00625428 0.00122111
v -0.0003271 0.00607728 0.00120124
v -0.00035231 0.00610873 0.00124359
v -0.00035187 0.00605727 0.00125033
v -0.00033869 0.00616019 0.00123686
v -0.00031791 0.00619634 0.00122586
v -0.00034074 0.00601084 0.00125563
v -0.00031235 0.0059644 0.00126092
v -0.00011468 0.00596428 0.00125491
v -0.00013675 0.00594227 0.0012549
v -8.659E-05 0.0060107 0.00124842
v -0.00015461 0.00594605 0.00128511
v -0.00018835 0.00592362 0.00128175
v -0.00017404 0.00592026 0.00125489
v -0.00013675 0.00594227 0.0012549
v -0.00018169 0.00594736 0.00129605
v -0.00024272 0.0059474 0.00129772
v -0.00023724 0.00592365 0.00128324
v -0.00021335 0.00591286 0.00126445
v -0.00025315 0.00592031 0.0012573
v -0.00029036 0.00594236 0.00125911
v -0.0002705 0.00594612 0.00128828
v -0.00030382 0.00599221 0.0012939
v -0.00024664 0.00599503 0.00131465
v -0.00032429 0.0060887 0.00129112
v -0.00035187 0.00605727 0.00125033
v -0.00035231 0.00610873 0.00124359
v -0.00033869 0.00616019 0.00123686
v -0.00030208 0.00618343 0.00127139
v -0.00031791 0.00619634 0.00122586
v -0.00025433 0.00609218 0.00131684
v -0.00025263 0.00618584 0.00128924
v -0.00016892 0.00609213 0.00131431
v -0.00017208 0.0061858 0.00128694
v -0.0001007 0.00608856 0.00128449
v -0.00012385 0.00618332 0.00126626
v -7.566E-05 0.00610857 0.0012356
v -7.577E-05 0.00605711 0.00124193
v -8.962E-05 0.00616004 0.00122928
v -0.00011096 0.00619623 0.00122033
v -0.00017683 0.00599499 0.0013126
v -0.00012106 0.00599211 0.00128855
v -8.659E-05 0.0060107 0.00124842
v -0.00011468 0.00596428 0.00125491
v -0.00024902 0.00623734 0.00125251
v -0.00017808 0.0062373 0.00125035
v -0.00021446 0.00625428 0.00122111
v -0.00015732 0.00623242 0.00121138
v -0.00027211 0.00623249 0.00121487
v -0.00034074 0.00601084 0.00125563
v -0.00031235 0.0059644 0.00126092
v -0.0003371 0.00698325 0.00080149
v -0.00022254 0.00704646 0.00083618
v -0.00029417 0.00709568 0.00079159
v -0.00037466 0.00702796 0.0007603
v -0.00029215 0.00694452 0.0008347
v -0.00021124 0.0070054 0.00085205
v -0.00025538 0.00708985 0.00073575
v -0.00020424 0.00714244 0.00078056
v -0.00021236 0.00714303 0.00081445
v -0.00032308 0.00703078 0.00069006
v -0.00018313 0.00699823 0.00081283
v -0.00011275 0.00703326 0.00082421
v -0.00012318 0.00704188 0.00085119
v -0.00026689 0.00694253 0.00079618
v -0.00046242 0.00693991 0.00071097
v -0.00042676 0.00690016 0.00076218
v -0.00042287 0.00694157 0.00065437
v -0.00052217 0.00685837 0.00067717
v -0.00045392 0.00688297 0.00074675
v -0.00050387 0.00683974 0.00069752
v -0.00050308 0.00686275 0.00063755
v -0.00047367 0.00684001 0.00065463
v -0.00047367 0.00684001 0.00065463
v -0.00041159 0.00686605 0.00067888
v -0.00048883 0.00679512 0.0007331
v -0.00047085 0.00677762 0.000743
v -0.00046473 0.00680131 0.00069756
v -0.00044711 0.00677542 0.00072235
v -0.0003868 0.00685637 0.00079323
v -0.00046473 0.00680131 0.00069756
v -0.00044711 0.00677542 0.00072235
v -0.00035631 0.00685941 0.00075159
v -0.00050308 0.00686275 0.00063755
v -0.00017133 0.0071156 0.00079513
v -0.00018506 0.00711753 0.00082033
v -0.00018621 0.00704371 0.00078689
v -0.00013354 0.00705933 0.00081195
v -0.00014567 0.00706139 0.00084449
v -0.00020424 0.00714244 0.00078056
v -0.00017133 0.0071156 0.00079513
v -0.00013354 0.00705933 0.00081195
v -0.00011275 0.00703326 0.00082421
v 0.00028418 0.00643723 0.00114967
v 0.00017395 0.00639766 0.00116546
v 0.00016971 0.00624682 0.00122388
v 0.00030442 0.00626423 0.00122254
v 0.00017676 0.00605436 0.0012611
v 0.00031817 0.00605799 0.00126338
v 0.00041368 0.00627145 0.00119777
v 0.00043215 0.00605806 0.00123967
v 0.00038349 0.00645133 0.00112247
v 0.00032814 0.00585565 0.00126321
v 0.00043518 0.00584791 0.00124019
v 0.00032689 0.00572504 0.00123936
v 0.0002027 0.00573786 0.00123266
v 0.00020041 0.00587087 0.00126356
v 0.00042886 0.00571113 0.00121538
v 0.00053634 0.00585579 0.00119691
v 0.00053892 0.00605816 0.00119274
v 0.00064323 0.00587117 0.00112249
v 0.00062934 0.00573813 0.00109711
v 0.00052691 0.00572515 0.00117578
v 0.0006546 0.00605473 0.00110814
v 0.00051736 0.00626439 0.0011538
v 0.00062972 0.00624717 0.00107554
v 0.0004809 0.00643735 0.00108571
v 0.00058306 0.00639794 0.00103284
v 0.00031084 0.00562888 0.00119659
v 0.00028363 0.00555725 0.00111832
v 0.00015104 0.00565714 0.00114923
v 0.00039612 0.00553085 0.00108537
v 0.00041679 0.00560831 0.00116896
v 0.00037206 0.00553737 0.00098895
v 0.00026314 0.0055623 0.00102412
v 0.00035265 0.00559443 0.00091819
v 0.00025117 0.00561435 0.00095386
v 0.00013602 0.00565711 0.00106029
v 0.00013915 0.00568867 0.00099412
v 0.00050794 0.0055574 0.00104739
v 0.00048137 0.0055625 0.00095528
v 0.00063545 0.00565749 0.0009957
v 0.00060551 0.00565752 0.00091159
v 0.00045567 0.00561456 0.00088922
v 0.00056861 0.00568906 0.00085786
v 0.00052048 0.00562899 0.00113007
v 0.00070492 0.00585196 0.0010377
v 0.00063545 0.00565749 0.0009957
v 0.00070483 0.00577347 0.00095851
v 0.00073323 0.00586763 0.00093556
v 0.00072667 0.00604208 0.00100835
v 0.00074658 0.00597068 0.00091477
v 0.0007443 0.00607868 0.00089706
v 0.00069636 0.00624129 0.00097926
v 0.00064519 0.00637251 0.00096234
v 0.00057106 0.00647121 0.00096368
v 0.00072648 0.00618651 0.00088313
v 0.00069455 0.0062891 0.00087376
v 0.00056111 0.0064971 0.00087234
v 0.00064957 0.00638254 0.00086915
v 0.00070503 0.00601117 0.00081685
v 0.00068331 0.00581373 0.00086223
v 0.00062886 0.00582188 0.00081331
v 0.00056861 0.00568906 0.00085786
v 0.00060551 0.00565752 0.00091159
v 0.0006407 0.00600386 0.00076769
v 0.00052921 0.00647021 0.00079219
v 0.00061447 0.00636027 0.00078816
v 0.00049782 0.0064214 0.00075024
v 0.00056759 0.00632925 0.00074582
v 0.00061164 0.00620001 0.0007458
v 0.00067143 0.00621914 0.00079232
v 0.00017325 0.00649059 0.00082441
v 5.354E-05 0.00637488 0.00090215
v 4.29E-05 0.00641477 0.00096075
v 0.00017963 0.00656148 0.00087647
v 9.079E-05 0.00649673 0.00102492
v 0.0002044 0.00659528 0.00096491
v 0.0002801 0.00658519 0.00083438
v 0.00030799 0.00662135 0.00092448
v 0.00026797 0.00650872 0.00078333
v 0.00024638 0.00655204 0.00106016
v 0.00034581 0.00657347 0.00102654
v 0.00013825 0.00647091 0.00110427
v 0.00044866 0.00655216 0.00099409
v 0.0004202 0.00659545 0.00089453
v 0.00056111 0.0064971 0.00087234
v 0.00039033 0.00656169 0.00080815
v 0.00037227 0.0064908 0.0007602
v 0.00052921 0.00647021 0.00079219
v 0.00049782 0.0064214 0.00075024
v 8.589E-05 0.0063721 0.00114322
v 6.307E-05 0.0062408 0.00118329
v 4.3E-06 0.00628855 0.00109613
v 2.959E-05 0.00638205 0.00106935
v -1.506E-05 0.00621858 0.00101306
v -8.09E-06 0.00618592 0.00111938
v -1.115E-05 0.0060106 0.00104655
v 1.518E-05 0.00600335 0.00096846
v 8.52E-06 0.00619951 0.00093952
v 4.29E-05 0.00641477 0.00096075
v 5.354E-05 0.00637488 0.00090215
v -7.09E-06 0.00607808 0.00113817
v 9.079E-05 0.00649673 0.00102492
v 7.29E-06 0.00597009 0.00115138
v 4.186E-05 0.0058132 0.00106676
v 3.404E-05 0.00586709 0.00115862
v 7.242E-05 0.00577299 0.00115961
v 0.00013602 0.00565711 0.00106029
v 0.00013915 0.00568867 0.00099412
v 6.126E-05 0.00582139 0.00099458
v 0.00015104 0.00565714 0.00114923
v 6.594E-05 0.00604156 0.00121998
v 0.00010741 0.00585153 0.00122803
v 0.00021545 0.0059801 0.00119631
v 0.00030612 0.005983 0.00122139
v 0.00025315 0.00592031 0.0012573
v 0.00021409 0.00591821 0.00123978
v 0.00012336 0.0059829 0.00121604
v 0.00017404 0.00592026 0.00125489
v 0.00029036 0.00594236 0.00125911
v 0.00021335 0.00591286 0.00126445
v 0.00010351 0.00607715 0.00119461
v 7.577E-05 0.00605711 0.00124193
v 7.566E-05 0.00610857 0.0012356
v 8.962E-05 0.00616004 0.00122928
v 0.00011467 0.00615477 0.00118844
v 0.00021618 0.00607369 0.00117015
v 0.00021621 0.00615157 0.00116583
v 0.00015732 0.00623242 0.00121138
v 0.00021544 0.00622945 0.00118945
v 0.00031617 0.00615489 0.00119457
v 0.00027211 0.00623249 0.00121487
v 0.00011096 0.00619623 0.00122033
v 0.00021446 0.00625428 0.00122111
v 0.0003271 0.00607728 0.00120124
v 0.00035231 0.00610873 0.00124359
v 0.00035187 0.00605727 0.00125033
v 0.00033869 0.00616019 0.00123686
v 0.00031791 0.00619634 0.00122586
v 0.00034074 0.00601084 0.00125563
v 0.00031235 0.0059644 0.00126092
v 0.00013675 0.00594227 0.0012549
v 0.00011468 0.00596428 0.00125491
v 8.659E-05 0.0060107 0.00124842
v 0.00015461 0.00594605 0.00128511
v 0.00013675 0.00594227 0.0012549
v 0.00017404 0.00592026 0.00125489
v 0.00018835 0.00592362 0.00128175
v 0.00018169 0.00594736 0.00129605
v 0.00024272 0.0059474 0.00129772
v 0.00023724 0.00592365 0.00128324
v 0.00021335 0.00591286 0.00126445
v 0.00025315 0.00592031 0.0012573
v 0.00029036 0.00594236 0.00125911
v 0.0002705 0.00594612 0.00128828
v 0.00030382 0.00599221 0.0012939
v 0.00024664 0.00599503 0.00131465
v 0.00032429 0.0060887 0.00129112
v 0.00035187 0.00605727 0.00125033
v 0.00035231 0.00610873 0.00124359
v 0.00033869 0.00616019 0.00123686
v 0.00030208 0.00618343 0.00127139
v 0.00031791 0.00619634 0.00122586
v 0.00025433 0.00609218 0.00131684
v 0.00025263 0.00618584 0.00128924
v 0.00016892 0.00609213 0.00131431
v 0.00017208 0.0061858 0.00128694
v 0.0001007 0.00608856 0.00128449
v 0.00012385 0.00618332 0.00126626
v 7.566E-05 0.00610857 0.0012356
v 7.577E-05 0.00605711 0.00124193
v 8.962E-05 0.00616004 0.00122928
v 0.00011096 0.00619623 0.00122033
v 0.00017683 0.00599499 0.0013126
v 0.00012106 0.00599211 0.00128855
v 8.659E-05 0.0060107 0.00124842
v 0.00011468 0.00596428 0.00125491
v 0.00024902 0.00623734 0.00125251
v 0.00017808 0.0062373 0.00125035
v 0.00021446 0.00625428 0.00122111
v 0.00015732 0.00623242 0.00121138
v 0.00027211 0.00623249 0.00121487
v 0.00031235 0.0059644 0.00126092
v 0.00034074 0.00601084 0.00125563
v 0.00029089 0.00701008 0.00078482
v 0.00032608 0.00706885 0.00074141
v 0.00023045 0.00712559 0.00077003
v 0.00014963 0.00707612 0.00080621
v 0.00024303 0.00696728 0.00080773
v 0.00014711 0.00701712 0.00082296
v 0.00020608 0.00712126 0.00072294
v 0.00012479 0.00716468 0.00076259
v 0.0001354 0.00716533 0.00077692
v 0.00029283 0.00706806 0.00068631
v 0.0001248 0.00701765 0.00079633
v 5.694E-05 0.007056 0.00081441
v 6.192E-05 0.00705499 0.00082283
v 0.00021501 0.0069682 0.0007661
v 0.00043856 0.00698 0.00070039
v 0.00040147 0.00693748 0.00074635
v 0.00039246 0.00698343 0.00063961
v 0.00050457 0.00690684 0.00065879
v 0.00043479 0.00690969 0.00073091
v 0.00048169 0.00688163 0.00067729
v 0.00048013 0.00690133 0.00061957
v 0.00044833 0.00688564 0.00063252
v 0.00044833 0.00688564 0.00063252
v 0.00038544 0.00689284 0.00066055
v 0.00046293 0.00682284 0.00071796
v 0.00044051 0.0067987 0.00073413
v 0.00045712 0.00682059 0.00069021
v 0.00042778 0.00679564 0.0007121
v 0.00035323 0.00687803 0.00077576
v 0.00045712 0.00682059 0.00069021
v 0.00042778 0.00679564 0.0007121
v 0.00032857 0.0068807 0.00073547
v 0.00048013 0.00690133 0.00061957
v 9.909E-05 0.0071439 0.00078136
v 0.00011066 0.00707229 0.00076826
v 0.00011139 0.00714467 0.00080233
v 6.55E-05 0.00707983 0.0007962
v 7.131E-05 0.00708194 0.00081763
v 0.00012479 0.00716468 0.00076259
v 9.909E-05 0.0071439 0.00078136
v 6.55E-05 0.00707983 0.0007962
v 5.694E-05 0.007056 0.00081441
vn 0.28974 -0.50198 -0.8149
vn 0.26962 -0.30637 -0.91293
vn 0.5702 -0.36469 -0.73612
vn 0.52615 -0.57525 -0.6263
vn -0.01096 -0.43967 -0.89809
vn -0.05118 -0.27595 -0.95981
vn 0.81004 -0.38567 -0.4417
vn 0.7163 -0.58445 -0.38123
vn 0.93455 -0.34767 -0.07583
vn 0.79135 -0.607 -0.07297
vn -0.35166 -0.42888 -0.83211
vn -0.39311 -0.25266 -0.8841
vn -0.62356 -0.42877 -0.65371
vn -0.69914 -0.23228 -0.6762
vn -0.83948 -0.40494 -0.36235
vn -0.91147 -0.19446 -0.36251
vn -0.94222 -0.33201 -0.04462
vn -0.98599 -0.1619 -0.0402
vn -0.91821 -0.14895 0.36701
vn -0.87054 -0.31914 0.37457
vn -0.69364 -0.13157 0.7082
vn -0.65775 -0.32807 0.67804
vn -0.45873 -0.14505 0.87665
vn -0.4069 -0.33875 0.84834
vn -0.11776 -0.19237 0.97423
vn -0.07257 -0.40421 0.91178
vn 0.28953 -0.21069 0.93369
vn 0.29454 -0.46573 0.83447
vn 0.61758 -0.23803 0.74963
vn 0.56903 -0.52699 0.63126
vn 0.88493 -0.30018 0.35609
vn 0.74906 -0.59663 0.28799
vn 0.88051 -0.24071 0.40837
vn 0.61379 -0.22908 0.75551
vn 0.94974 -0.30407 -0.07439
vn 0.25603 -0.25614 0.93212
vn -0.19896 -0.22335 0.95422
vn -0.50599 -0.16183 0.84722
vn -0.7113 -0.13508 0.68979
vn -0.92355 -0.14081 0.35669
vn -0.9862 -0.16372 -0.02439
vn -0.92095 -0.18181 -0.34466
vn -0.72392 -0.21156 -0.65665
vn -0.42443 -0.26945 -0.86444
vn -0.06837 -0.35093 -0.9339
vn 0.21571 -0.43797 -0.87273
vn 0.51502 -0.46652 -0.71911
vn 0.79239 -0.40205 -0.45879
vn 0.04853 -0.7243 -0.68777
vn 0.25402 -0.80519 -0.53585
vn -0.10982 -0.57134 -0.81333
vn 0.6779 -0.65119 -0.34117
vn 0.93331 -0.35756 -0.03288
vn -0.41672 -0.41841 -0.80702
vn -0.70606 -0.34149 -0.62037
vn -0.90405 -0.25522 -0.34285
vn -0.9793 -0.20141 -0.02032
vn -0.91284 -0.20643 0.35229
vn -0.71731 -0.25123 0.64988
vn -0.52368 -0.27435 0.80653
vn -0.2173 -0.3358 0.91653
vn 0.16775 -0.52706 0.83311
vn 0.4555 -0.62016 0.63869
vn 0.79348 -0.49574 0.35305
vn -0.5461 -0.43349 0.71684
vn -0.71863 -0.33952 0.60688
vn -0.5976 -0.42914 0.67728
vn -0.7543 -0.34064 0.56124
vn -0.46915 -0.52022 0.71363
vn -0.32735 -0.56681 0.75602
vn -0.9057 -0.28416 0.31458
vn -0.92063 -0.28466 0.26722
vn -0.96616 -0.25679 -0.02421
vn -0.96056 -0.27312 -0.05221
vn -0.89852 -0.31943 -0.30106
vn -0.89481 -0.30434 -0.32663
vn -0.69331 -0.46988 -0.54638
vn -0.70633 -0.41026 -0.57688
vn -0.40394 -0.59832 -0.69199
vn -0.43168 -0.53967 -0.72278
vn -0.17611 -0.72143 -0.66972
vn -0.22336 -0.65396 -0.72281
vn -0.65879 -0.36997 0.65507
vn -0.81256 -0.2713 0.51589
vn -0.76023 -0.18822 0.62179
vn -0.87853 -0.05705 0.47427
vn -0.81827 -0.00952 0.57475
vn -0.89692 0.10379 0.42985
vn -0.98454 -0.00951 0.17492
vn -0.9822 0.12758 0.13789
vn -0.99292 -0.03525 -0.11345
vn -0.99161 0.04746 -0.12022
vn -0.91571 -0.13139 -0.37976
vn -0.92318 -0.04286 -0.38198
vn -0.72831 -0.21527 -0.65055
vn -0.74113 -0.11993 -0.66056
vn -0.49889 -0.25892 -0.82709
vn -0.49797 -0.15009 -0.85411
vn -0.30456 -0.27427 -0.91215
vn -0.29666 -0.1005 -0.94968
vn -0.1153 -0.28721 -0.9509
vn -0.11314 -0.06345 -0.99155
vn 0.04791 -0.28906 -0.95611
vn 0.04725 -0.05685 -0.99726
vn 0.04471 -0.54916 -0.83452
vn -0.0925 -0.5336 -0.84067
vn -0.28037 -0.47575 -0.8337
vn -0.71846 -0.31007 -0.62264
vn -0.89808 -0.2343 -0.37224
vn -0.47292 -0.40289 -0.7836
vn -0.06685 -0.71223 -0.69876
vn -0.97536 -0.19734 -0.09863
vn -0.9543 -0.2048 0.21767
vn -0.03023 -0.81438 -0.57954
vn 0.02817 -0.82361 -0.56645
vn 0.03584 -0.92404 -0.38062
vn 0.00993 -0.9322 -0.3618
vn -0.02334 -0.89421 -0.44704
vn 0.05523 -0.7728 -0.63224
vn 0.10548 -0.69908 -0.70722
vn 0.03934 -0.72923 -0.68314
vn 0.15988 -0.51407 -0.84271
vn 0.19463 -0.27174 -0.94249
vn 0.19602 -0.07023 -0.97808
vn 0.37771 -0.10517 -0.91993
vn 0.37895 -0.24302 -0.89294
vn 0.60085 -0.0999 -0.7931
vn 0.5946 -0.19296 -0.78052
vn 0.78306 -0.01768 -0.6217
vn 0.76982 -0.11764 -0.62732
vn 0.90392 0.06728 -0.42238
vn 0.90618 -0.04562 -0.42043
vn 0.97041 0.11921 -0.20996
vn 0.98349 -0.01082 -0.18063
vn 0.35218 -0.41879 -0.83701
vn 0.75809 -0.22354 -0.61264
vn 0.90997 -0.1551 -0.38457
vn 0.98049 -0.1322 -0.14549
vn 0.57349 -0.31457 -0.75641
vn 0.73291 -0.35744 -0.57886
vn 0.88944 -0.26982 -0.36892
vn 0.72415 -0.41347 -0.55195
vn 0.87987 -0.28085 -0.38335
vn 0.97241 -0.19563 -0.12705
vn 0.97965 -0.16769 -0.11033
vn 0.48746 -0.53655 -0.68883
vn 0.526 -0.47121 -0.70801
vn 0.21779 -0.66852 -0.71109
vn 0.27615 -0.60971 -0.74296
vn 0.18713 -0.56172 -0.80589
vn -0.07441 -0.64599 -0.75971
vn 0.175 -0.39518 -0.90178
vn -0.18591 -0.4528 -0.87201
vn -0.33405 -0.74381 -0.57893
vn -0.54571 -0.47574 -0.68983
vn 0.48933 -0.32166 -0.81061
vn 0.4878 -0.47314 -0.73361
vn 0.70993 -0.24492 -0.66032
vn 0.71303 -0.37036 -0.59533
vn 0.85005 -0.16483 -0.50025
vn 0.86004 -0.2409 -0.44978
vn 0.98368 -0.11229 -0.14061
vn 0.98044 -0.13937 -0.139
vn -0.58212 -0.7706 -0.25944
vn -0.81852 -0.4689 -0.33191
vn -0.63634 -0.76963 0.05227
vn -0.88884 -0.45416 0.06082
vn -0.27346 -0.34895 -0.89636
vn -0.63786 -0.39528 -0.66097
vn -0.29398 -0.4896 -0.8209
vn -0.6066 -0.55131 -0.57279
vn 0.03825 -0.42483 -0.90447
vn 0.09551 -0.28433 -0.95396
vn -0.84358 -0.443 -0.30351
vn -0.76948 -0.57201 -0.28408
vn -0.87539 -0.48154 0.04255
vn -0.73899 -0.67267 0.03766
vn 0.35378 -0.38681 -0.8516
vn 0.42193 -0.22246 -0.87891
vn 0.60039 -0.33793 -0.7248
vn 0.65817 -0.16403 -0.73479
vn 0.79327 -0.29742 -0.53128
vn 0.83372 -0.12822 -0.5371
vn 0.94022 -0.30489 -0.15177
vn 0.98058 -0.12582 -0.15046
vn -0.21766 -0.92296 0.31743
vn -0.11439 -0.89335 0.43456
vn -0.28382 -0.92714 0.24468
vn -0.26762 -0.85591 0.44249
vn -0.34235 -0.93957 -0.00287
vn -0.10442 -0.88286 0.45787
vn 0.05359 -0.85264 0.51975
vn 0.11685 -0.83642 0.53549
vn 0.39324 -0.78908 0.47193
vn 0.49293 -0.75628 0.43018
vn 0.23476 -0.79679 0.55679
vn -0.07395 -0.81667 0.57235
vn 0.50082 -0.83823 0.21573
vn 0.66091 -0.75029 -0.01646
vn -0.29421 -0.321 0.90022
vn -0.28153 -0.45086 0.84703
vn -0.12391 -0.47298 0.87231
vn -0.13882 -0.32555 0.93528
vn 0.05539 -0.48904 0.8705
vn 0.04567 -0.33291 0.94185
vn -0.43519 -0.41619 0.79837
vn -0.47394 -0.26762 0.8389
vn -0.59735 -0.34011 0.72629
vn -0.67879 -0.15041 0.71876
vn -0.53022 -0.439 0.72536
vn -0.40097 -0.48599 0.77655
vn -0.25476 -0.54092 0.80156
vn -0.10349 -0.58354 0.80546
vn 0.05641 -0.59528 0.80153
vn 0.03855 -0.76069 0.64797
vn -0.08094 -0.76146 0.64314
vn -0.34251 -0.60886 0.71553
vn 0.01675 -0.91033 0.41355
vn -0.0434 -0.90043 0.43284
vn 0.00412 -0.96288 0.26992
vn 0.04548 -0.93605 0.34893
vn -0.10055 -0.86232 0.49629
vn -0.02099 -0.81552 0.57835
vn -0.21811 -0.75889 0.61361
vn 0.14306 -0.9659 0.2158
vn 0.00681 -0.98503 0.17227
vn -0.19202 -0.72071 0.66612
vn -0.06789 -0.9801 0.18656
vn -0.02655 -0.93656 0.34951
vn 0.06961 -0.86657 0.49418
vn 0.11453 -0.78614 0.60734
vn 0.00893 -0.82625 0.56323
vn 0.23809 -0.64525 0.72593
vn 0.32289 -0.53273 0.78227
vn 0.23499 -0.65956 0.71398
vn 0.14867 -0.72218 0.67554
vn 0.17601 -0.57911 0.79603
vn 0.19503 -0.48039 0.85509
vn 0.33668 -0.44133 0.83179
vn 0.3667 -0.2831 0.88622
vn 0.20936 -0.32815 0.92113
vn 0.46693 -0.36974 0.80328
vn 0.5027 -0.21191 0.83808
vn 0.5739 -0.28801 0.76661
vn 0.63779 -0.11963 0.76086
vn 0.75092 -0.17907 0.63565
vn 0.80677 -0.01019 0.59078
vn 0.91966 -0.08251 0.38395
vn 0.94102 0.08538 0.32741
vn 0.99765 -0.02377 0.0642
vn 0.99178 0.12636 0.02016
vn 0.48808 -0.41288 0.76897
vn 0.40589 -0.47257 0.78226
vn 0.29693 -0.54128 0.78667
vn 0.85477 -0.24754 0.45617
vn 0.64773 -0.33859 0.6825
vn 0.97778 -0.16694 0.12677
vn 0.43593 -0.47028 0.76733
vn 0.34972 -0.5398 0.76571
vn 0.78638 -0.31228 0.53299
vn 0.56515 -0.40259 0.72009
vn 0.73478 -0.28397 0.616
vn 0.49985 -0.39174 0.77246
vn 0.94186 -0.1865 0.2795
vn 0.95615 -0.21662 0.1971
vn 0.93323 -0.13475 0.33304
vn 0.92702 -0.10167 0.36097
vn 0.66846 -0.13475 0.73144
vn 0.6995 -0.20274 0.68527
vn 0.36575 -0.22505 0.90309
vn 0.44123 -0.30043 0.84561
vn 0.05595 -0.34051 0.93858
vn 0.16054 -0.47656 0.86436
vn -0.31667 -0.40446 0.85798
vn -0.13626 -0.72464 0.67553
vn -0.64024 -0.40229 0.65441
vn -0.30587 -0.84215 0.44411
vn -0.83455 -0.40991 0.3681
vn -0.47748 -0.82831 0.29312
vn -0.67335 -0.35381 0.64917
vn -0.83639 -0.43343 0.33556
vn -0.58483 -0.61086 0.53369
vn -0.65854 -0.71256 0.24205
vn -0.359 -0.52514 0.77158
vn -0.37426 -0.30826 0.87459
vn -0.04883 -0.47959 0.87613
vn -0.01619 -0.28329 0.9589
vn 0.26101 -0.48319 0.83571
vn 0.31484 -0.24395 0.91726
vn 0.57116 -0.44122 0.69217
vn 0.62738 -0.19346 0.7543
vn 0.85723 -0.37104 0.35707
vn 0.91159 -0.15111 0.38231
vn -0.03432 -0.84688 -0.53067
vn -0.22122 -0.90181 -0.37121
vn -0.00046 -0.84928 -0.52794
vn -0.2812 -0.92009 -0.27271
vn -0.15689 -0.88852 -0.43119
vn 0.10271 -0.85027 -0.51623
vn 0.23603 -0.83894 -0.49038
vn 0.33107 -0.83217 -0.44485
vn 0.61093 -0.78404 -0.10971
vn 0.42448 -0.86198 -0.27712
vn 0.10292 -0.98529 -0.1364
vn 0.00138 -0.9949 -0.10082
vn -0.07511 -0.98913 -0.1264
vn 0.01232 -0.99919 0.03835
vn -0.09275 -0.99483 0.04144
vn 0.17392 -0.98428 0.0308
vn -0.10171 0.46503 0.87943
vn -0.24577 0.34904 0.9043
vn 0.01694 0.4868 0.87335
vn -0.44542 0.29431 0.84557
vn -0.63629 0.33233 0.6962
vn -0.73476 0.43073 0.52402
vn -0.7447 0.55267 0.37415
vn -0.8418 0.5196 0.14624
vn -0.90802 0.41343 -0.06768
vn -0.86312 0.37175 -0.34181
vn -0.71226 0.30069 -0.63425
vn -0.4748 0.29098 -0.8306
vn -0.2635 0.36892 -0.89133
vn -0.10419 0.43153 -0.89606
vn 0.03621 0.46022 -0.88707
vn 0.15384 0.46324 -0.87278
vn 0.33583 0.39955 -0.85298
vn 0.56097 0.3624 -0.7443
vn 0.70598 0.45046 -0.54652
vn 0.76177 0.54656 -0.34781
vn 0.77231 0.61881 -0.14358
vn 0.01365 0.9079 0.41897
vn 0.00127 0.90049 0.43488
vn -0.09717 0.90685 0.4101
vn -0.10623 0.91612 0.38659
vn -0.25816 0.92255 0.28679
vn -0.29528 0.90923 0.29344
vn -0.40959 0.88745 0.21134
vn -0.43953 0.87549 0.20083
vn 0.02167 0.98139 0.19078
vn -0.02403 0.98114 0.19182
vn 0.11574 0.91886 0.37722
vn 0.11827 0.92226 0.36804
vn 0.25277 0.93835 0.23581
vn 0.28664 0.92796 0.23819
vn 0.36051 0.92387 0.12846
vn 0.39564 0.91307 0.09885
vn 0.40289 0.91303 -0.0637
vn 0.37864 0.92266 -0.073
vn 0.28124 0.94928 -0.1406
vn 0.26545 0.95081 -0.15965
vn 0.14481 0.96059 -0.23727
vn 0.10961 0.95852 -0.26311
vn -0.07269 0.95624 -0.2834
vn -0.11024 0.95516 -0.27479
vn 0.15735 0.47373 0.8665
vn 0.27342 0.4699 0.8393
vn 0.39621 0.46249 0.79317
vn 0.51589 0.49934 0.69607
vn 0.64016 0.58296 0.50035
vn 0.73401 0.62509 0.26551
vn 0.7797 0.62532 0.03231
vn -0.46061 0.88312 0.08908
vn -0.4618 0.88526 0.0553
vn -0.40762 0.90815 -0.09545
vn -0.37636 0.91975 -0.11139
vn -0.27466 0.93858 -0.20885
vn -0.25015 0.94038 -0.23044
vn -0.07972 0.99229 0.09493
vn -0.13792 0.98253 0.12496
vn -0.14675 0.98297 0.11062
vn -0.11927 0.98717 0.10616
vn 0.00783 0.99566 0.09276
vn 0.07846 0.99272 0.09137
vn 0.08789 0.9922 0.08845
vn 0.0853 0.99016 0.11092
vn 0.09442 0.98566 0.13983
vn 0.07106 0.98189 0.17561
vn -0.25845 -0.8457 0.46691
vn -0.20861 -0.84318 0.49551
vn 0.0443 -0.87144 0.4885
vn -0.44479 -0.88853 0.11258
vn -0.40829 -0.91256 0.02319
vn 0.10469 -0.86082 0.49802
vn 0.28714 -0.88452 0.36767
vn 0.32956 -0.88765 0.32166
vn 0.32659 -0.94353 -0.05565
vn 0.29663 -0.93834 -0.17755
vn 0.134 -0.89526 -0.42492
vn 0.08464 -0.89044 -0.44716
vn -0.05176 -0.88975 -0.4535
vn -0.08933 -0.89266 -0.44179
vn -0.21975 -0.93404 -0.28157
vn -0.22013 -0.95459 -0.20074
vn -0.2126 -0.89578 -0.39037
vn -0.40827 -0.90001 -0.15262
vn 0.01078 -0.87844 -0.47773
vn 0.25094 -0.91414 -0.31841
vn 0.3683 -0.92404 0.10252
vn 0.22383 -0.87275 0.43382
vn -0.07334 -0.85579 0.51209
vn -0.37054 -0.89623 0.24389
vn -0.08526 0.97982 0.18081
vn -0.12731 0.98213 0.13859
vn -0.01502 0.99084 0.13422
vn -0.0469 -0.9958 -0.0786
vn -0.01532 -0.99692 0.07698
vn -0.39877 -0 -0.91705
vn -0.39877 -0 -0.91705
vn -0.39877 -0 -0.91705
vn 0.39877 0 -0.91705
vn 0.39877 -0 -0.91705
vn 0.39877 0 -0.91705
vn 0.39877 0 -0.91705
vn -0.48705 0.00033 0.87337
vn -0.56532 -0.00043 0.82487
vn -0.61159 -0.50152 0.61191
vn -0.406 -0.55007 0.72978
vn 0 -1 0
vn 0 -1 0
vn -0.40498 0.55776 0.7245
vn -0.46958 0.55751 0.6846
vn 0 1 -0
vn 0 1 -0
vn -0.20769 -0.93056 0.30153
vn 2E-05 -1 3E-05
vn -0.53676 0.56575 0.62596
vn -0.6517 0.00027 0.75848
vn -0.72464 -0 0.68913
vn -0.59693 0.56692 0.56769
vn 0 1 -0
vn -0.59624 -0.56832 0.56702
vn -0.53997 -0.56136 0.62714
vn -0 -1 -0
vn -0 -1 -0
vn -0.64492 0.55646 0.52387
vn -0.77619 -0 0.6305
vn -0.80685 0 0.59076
vn -0.68413 0.53015 0.50092
vn 0 1 -0
vn 0 1 1E-05
vn -0.68343 -0.53153 0.5004
vn -0.6442 -0.55785 0.52328
vn -0 -1 -0
vn -0.34636 -0.53569 0.77011
vn -0 -1 -0
vn 0.56554 -0.0009 -0.82472
vn 0.4711 -0.00012 -0.88208
vn 0.48155 -0.00032 -0.87642
vn 0.43766 -0.00454 -0.89913
vn 0.56564 0 -0.82465
vn 0.56115 -0.14817 -0.81434
vn 0.66682 -9E-05 -0.74522
vn 0.65712 -0.00026 -0.75379
vn 0.72464 0 -0.68913
vn 0.77619 0 -0.6305
vn 0.80685 0 -0.59076
vn 0.68626 -0.00472 -0.72734
vn 0.40399 0 -0.91476
vn 0.3345 -0.00011 -0.9424
vn 0.32318 -0.00031 -0.94634
vn 0.22593 -0.00089 -0.97414
vn 0.3703 -0.0045 -0.9289
vn 0.22594 0 -0.97414
vn 0.22355 -0.14543 -0.96378
vn 0.07647 -0.00449 -0.99706
vn 0.11908 -0.00012 -0.99288
vn 0.13037 -0.00032 -0.99147
vn -0 -0 -1
vn -0.12636 -0.00031 -0.99198
vn -0.11445 -0.00011 -0.99343
vn -0.22593 -0.00089 -0.97414
vn -0.22594 -0 -0.97414
vn -0.3345 -0.00011 -0.9424
vn -0.32318 -0.00031 -0.94634
vn -0.40399 -0 -0.91476
vn -0.40399 -0 -0.91476
vn -0.48155 -0.00032 -0.87642
vn -0.4711 -0.00012 -0.88208
vn -0.56554 -0.0009 -0.82472
vn -0.43766 -0.00454 -0.89913
vn -0.56564 -0 -0.82465
vn -0.56119 -0.14817 -0.81432
vn -0.66682 -9E-05 -0.74522
vn -0.68626 -0.00472 -0.72734
vn -0.65712 -0.00026 -0.75379
vn -0.72463 -0 -0.68913
vn -0.77619 -0 -0.6305
vn -0.80685 -0 -0.59076
vn 0.56532 -0.00043 0.82487
vn 0.48705 0.00033 0.87337
vn 0.406 -0.55007 0.72978
vn 0.61159 -0.50152 0.61191
vn -0 -1 -0
vn 0.46958 0.55751 0.6846
vn 0.40498 0.55776 0.7245
vn -0 1 -0
vn -0 1 -0
vn -2E-05 -1 1E-05
vn 0.20769 -0.93057 0.30151
vn 0.33661 0.55297 0.76218
vn -0 1 -0
vn 0.33624 -0.55436 0.76133
vn 0.404 0 0.91476
vn -0 1 -0
vn 0.26352 0.55287 0.7905
vn 0.18868 0.55006 0.81353
vn 0.22592 -0.00036 0.97414
vn 0.3172 0.00032 0.94836
vn -0 1 -0
vn 0.04454 -0.51342 0.85698
vn 0.26645 -0.54651 0.79393
vn -0 -1 -0
vn -3E-05 -1 -0
vn 0.0844 -0.92756 0.36403
vn 0 -1 -0
vn 0.33792 -0.512 0.78972
vn -0 1 0
vn 0.11135 0.55266 0.82594
vn 0 0.54179 0.84051
vn 0 1 -0
vn -0.11434 0.55307 0.82525
vn 0 1 -0
vn -0.13626 0.00033 0.99067
vn 0 0 1
vn -0.11328 -0.54642 0.82982
vn 0 -0.54318 0.83961
vn -0 -1 -0
vn 0 -1 -0
vn 0.13262 0.00032 0.99117
vn 0.11025 -0.5462 0.83037
vn 0 -1 -0
vn -0.18868 0.55006 0.81353
vn -0.22592 -0.00036 0.97415
vn -0.31719 0.00032 0.94836
vn -0.26352 0.55287 0.7905
vn -0 1 -0
vn -0 1 -1E-05
vn -0.26645 -0.54651 0.79394
vn -0.04453 -0.51342 0.85698
vn 0 -1 0
vn -0.08443 -0.92756 0.36402
vn -0.33661 0.55297 0.76218
vn -0.40399 -0 0.91476
vn -0.33623 -0.55436 0.76133
vn -0 -1 -0
vn 0 1 -0
vn -0.33792 -0.51201 0.78972
vn -0 -1 -0
vn 0.59693 0.56692 0.56769
vn 0.53676 0.56575 0.62596
vn 0.6517 0.00027 0.75847
vn 0.72463 0 0.68913
vn -0 1 -0
vn 0.53997 -0.56136 0.62714
vn 0.59624 -0.56832 0.56703
vn 0 -1 -0
vn 0 -1 -0
vn 0.34637 -0.53569 0.77011
vn 0.64492 0.55646 0.52387
vn -0 1 0
vn 0.68413 0.53014 0.50091
vn 0.77619 0 0.6305
vn 0.80685 0 0.59076
vn 0.64419 -0.55785 0.52327
vn 0.68343 -0.53153 0.5004
vn -0.3703 -0.0045 -0.9289
vn -0.22357 -0.14543 -0.96378
vn -0.07647 -0.00449 -0.99706
vn 0.39877 0 -0.91705
vn 0.39877 -0 -0.91705
vn -0.48705 -0.00033 0.87337
vn -0.406 0.55007 0.72978
vn -0.61159 0.50152 0.61191
vn -0.56532 0.00043 0.82487
vn -0 1 0
vn 0 1 0
vn -0.40498 -0.55776 0.7245
vn -0.46958 -0.55751 0.6846
vn 0 -1 -0
vn 0 -1 -0
vn -0.20769 0.93056 0.30153
vn 2E-05 1 3E-05
vn -0.53676 -0.56575 0.62596
vn -0.6517 -0.00027 0.75848
vn -0.59693 -0.56692 0.56769
vn -0.59624 0.56832 0.56702
vn -0.53997 0.56136 0.62714
vn -0 1 -0
vn -0 1 -0
vn -0.64492 -0.55646 0.52387
vn -0.80685 -0 0.59076
vn -0.68413 -0.53015 0.50092
vn 0 -1 -0
vn 0 -1 1E-05
vn -0.68343 0.53153 0.5004
vn -0.6442 0.55785 0.52328
vn -0.34636 0.53569 0.77011
vn -0 1 -0
vn 0.56554 0.0009 -0.82472
vn 0.43766 0.00454 -0.89913
vn 0.48155 0.00032 -0.87642
vn 0.4711 0.00012 -0.88208
vn 0.56115 0.14817 -0.81434
vn 0.66682 9E-05 -0.74522
vn 0.65712 0.00026 -0.75379
vn 0.68626 0.00472 -0.72734
vn 0.3345 0.00011 -0.9424
vn 0.32318 0.00031 -0.94634
vn 0.22593 0.00089 -0.97414
vn 0.3703 0.0045 -0.9289
vn 0.22355 0.14543 -0.96378
vn 0.07647 0.00449 -0.99706
vn 0.11908 0.00012 -0.99288
vn 0.13037 0.00032 -0.99147
vn -0.12636 0.00031 -0.99198
vn -0.11445 0.00011 -0.99343
vn -0.22593 0.00089 -0.97414
vn -0.22594 0 -0.97414
vn -0.3345 0.00011 -0.9424
vn -0.32318 0.00031 -0.94634
vn -0.40399 0 -0.91476
vn -0.40399 0 -0.91476
vn -0.48155 0.00032 -0.87642
vn -0.4711 0.00012 -0.88208
vn -0.56554 0.0009 -0.82472
vn -0.43766 0.00454 -0.89913
vn -0.56119 0.14817 -0.81432
vn -0.66682 9E-05 -0.74522
vn -0.68626 0.00472 -0.72734
vn -0.65712 0.00026 -0.75379
vn 0.56532 0.00043 0.82487
vn 0.61159 0.50152 0.61191
vn 0.406 0.55007 0.72978
vn 0.48705 -0.00033 0.87337
vn 0.46958 -0.55751 0.6846
vn 0.40498 -0.55776 0.7245
vn -0 -1 -0
vn -0 -1 -0
vn -2E-05 1 1E-05
vn 0.20769 0.93057 0.30151
vn 0.33661 -0.55297 0.76218
vn -0 -1 -0
vn 0.33624 0.55436 0.76133
vn 0.26352 -0.55287 0.7905
vn 0.18868 -0.55006 0.81353
vn 0.22592 0.00036 0.97414
vn 0.3172 -0.00032 0.94836
vn 0.04454 0.51342 0.85698
vn 0.26645 0.54651 0.79393
vn -0 1 -0
vn -3E-05 1 -0
vn 0.0844 0.92756 0.36403
vn 0 1 -0
vn 0.33792 0.512 0.78972
vn -0 -1 0
vn 0.11135 -0.55266 0.82594
vn 0 -0.54179 0.84051
vn 0 -1 -0
vn -0.11434 -0.55307 0.82525
vn 0 -1 -0
vn -0.13626 -0.00033 0.99067
vn -0.11328 0.54642 0.82982
vn 0 0.54318 0.83961
vn 0 1 -0
vn 0.13262 -0.00032 0.99117
vn 0.11025 0.5462 0.83037
vn 0 1 -0
vn -0.18868 -0.55006 0.81353
vn -0.22592 0.00036 0.97415
vn -0.31719 -0.00032 0.94836
vn -0.26352 -0.55287 0.7905
vn -0 -1 -1E-05
vn -0.26645 0.54651 0.79394
vn -0.04453 0.51342 0.85698
vn 0 1 0
vn -0.08443 0.92756 0.36402
vn -0.33661 -0.55297 0.76218
vn -0.33623 0.55436 0.76133
vn -0 1 -0
vn 0 -1 -0
vn -0.33792 0.51201 0.78972
vn -0 1 -0
vn 0.59693 -0.56692 0.56769
vn 0.6517 -0.00027 0.75847
vn 0.53676 -0.56575 0.62596
vn -0 -1 -0
vn 0.53997 0.56136 0.62714
vn 0.59624 0.56832 0.56703
vn 0 1 -0
vn 0.34637 0.53569 0.77011
vn 0.64492 -0.55646 0.52387
vn -0 -1 0
vn 0.68413 -0.53014 0.50091
vn 0.64419 0.55785 0.52327
vn 0.68343 0.53153 0.5004
vn -0.3703 0.0045 -0.9289
vn -0.22357 0.14543 -0.96378
vn -0.07647 0.00449 -0.99706
vn 0.70996 0.28099 0.64576
vn 0.92769 0.36431 0.08165
vn 0.37252 0.92728 0.03718
vn 0.33043 0.83007 0.44923
vn -0.11201 0.89254 0.43684
vn -0.21726 0.97599 0.0154
vn 0.27096 0.33482 0.90248
vn -0.01336 0.46418 0.88564
vn 0.01085 0.91622 0.40054
vn 0.01093 0.99994 0.00124
vn -0.04149 -0.92565 0.37609
vn 0.26786 -0.87445 0.40445
vn 0.49362 -0.84472 0.20685
vn 0.63034 -0.76767 0.11559
vn -0.03106 -0.99713 0.06902
vn 0.14952 -0.98538 0.08172
vn -0.15472 0.92432 -0.34885
vn 0.30074 0.896 -0.32672
vn 0.84257 0.46952 -0.26386
vn -0.01356 0.96526 -0.26094
vn 0.65886 0.28502 0.69618
vn 0.00426 0.94346 -0.33145
vn 0.38671 0.81678 0.42817
vn 0.08442 0.91248 -0.40032
vn 0.164 0.9237 -0.34623
vn 0.21285 0.97695 0.01606
vn 0.131 0.89789 0.42029
vn -0.37598 0.92587 0.03743
vn -0.33541 0.83496 0.43629
vn -0.68473 0.37148 0.62702
vn -0.89535 0.43933 0.07298
vn -0.19908 0.41471 0.88791
vn -0.3418 -0.841 0.41939
vn -0.55658 -0.80298 0.21317
vn -0.68669 -0.71773 0.1154
vn -0.20934 -0.97308 0.09638
vn -0.82695 0.52654 -0.19724
vn -0.25375 0.92453 -0.28435
vn -0.43146 0.29881 0.85121
vn 0.06502 0.63332 0.77115
vn 0.09222 0.95306 -0.2884
vn -0.07558 -0.21471 0.97375
vn -0.01446 -0.25638 0.96647
vn 0.12979 -0.28115 0.95085
vn 0.35927 -0.15401 -0.92044
vn 0.30886 -0.24607 -0.91873
vn 0.63165 -0.20548 -0.74752
vn 0.65685 -0.14184 -0.74056
vn 0.00522 -0.15573 -0.98779
vn -0.05909 -0.2544 -0.96529
vn 0.86148 -0.14958 -0.48527
vn 0.8754 -0.12737 -0.46631
vn 0.97507 -0.16047 -0.15324
vn 0.98031 -0.16172 -0.11334
vn -0.37431 -0.15624 -0.91405
vn -0.4064 -0.23769 -0.88224
vn -0.67581 -0.1702 -0.71716
vn -0.68932 -0.22774 -0.68772
vn -0.91521 -0.19891 -0.35046
vn -0.91829 -0.20864 -0.33648
vn -0.97515 -0.21874 0.03528
vn -0.98222 -0.18515 0.03112
vn 0.95299 -0.25595 -0.16218
vn 0.83437 -0.30486 -0.45923
vn 0.57853 -0.38286 -0.72022
vn 0.23694 -0.45158 -0.86019
vn -0.09583 -0.42717 -0.89908
vn -0.70333 -0.33618 -0.62635
vn -0.9118 -0.26798 -0.31114
vn -0.98046 -0.19312 0.03736
vn -0.43935 -0.38143 -0.81332
vn -0.94234 -0.33006 0.05521
vn -0.89633 -0.32151 -0.30534
vn -0.82615 -0.50152 -0.2568
vn -0.86255 -0.50047 0.07448
vn -0.6847 -0.70781 -0.17376
vn -0.72056 -0.68912 0.07686
vn -0.4191 -0.90672 0.04698
vn -0.36534 -0.91994 -0.14225
vn -0.25741 -0.87267 -0.41495
vn -0.51682 -0.68879 -0.5084
vn -0.58824 -0.4993 -0.63614
vn -0.19268 -0.67138 -0.71562
vn -0.25413 -0.48721 -0.83549
vn 0.01244 -0.85106 -0.52492
vn 0.03923 -0.67146 -0.74
vn 0.24194 -0.65004 -0.72036
vn 0.30318 -0.47698 -0.82497
vn 0.04288 -0.47894 -0.8768
vn 0.26488 -0.83394 -0.48413
vn 0.49256 -0.64895 -0.57987
vn 0.56693 -0.4697 -0.67674
vn 0.78259 -0.45847 -0.42114
vn 0.63911 -0.68683 -0.34612
vn 0.32434 -0.91087 -0.25519
vn 0.36088 -0.93196 -0.03484
vn 0.70501 -0.70729 -0.05195
vn 0.88009 -0.46999 -0.06749
vn -0.06205 -0.99807 0.003
vn -0.03004 -0.97467 -0.22161
vn 0.85317 -0.26541 -0.44906
vn 0.63724 -0.27798 -0.71879
vn 0.35337 -0.28936 -0.88961
vn 0.03666 -0.29179 -0.95578
vn 0.95582 -0.28085 -0.0868
vn -0.31223 -0.29561 -0.90284
vn -0.65845 -0.307 -0.68716
vn 0.66538 -0.24586 0.70485
vn 0.91899 -0.22621 0.32294
vn 0.91689 -0.23342 0.32378
vn 0.617 -0.25707 0.74379
vn 0.30246 -0.2407 0.92227
vn 0.23131 -0.2331 0.94454
vn -0.09981 -0.23611 0.96659
vn -0.14879 -0.19158 0.97013
vn -0.4446 -0.22898 0.86597
vn -0.48961 -0.162 0.85676
vn -0.74997 -0.22643 0.62151
vn -0.76582 -0.14786 0.62582
vn -0.91488 -0.22638 0.33427
vn -0.92411 -0.16105 0.34652
vn 0.16402 -0.27626 0.94698
vn -0.20335 -0.19738 0.959
vn 0.57216 -0.32777 0.7518
vn 0.91912 -0.27962 0.27754
vn -0.53105 -0.14083 0.83556
vn -0.7873 -0.10735 0.60715
vn -0.92714 -0.12896 0.35181
vn -0.8838 -0.34142 0.31987
vn -0.80551 -0.50921 0.30307
vn -0.64335 -0.52261 0.55945
vn -0.58462 -0.66168 0.46947
vn -0.29997 -0.68134 0.66768
vn -0.33559 -0.85669 0.39174
vn -0.06523 -0.87129 0.48642
vn -0.05055 -0.7009 0.71147
vn 0.19133 -0.69183 0.69626
vn 0.22578 -0.87315 0.43201
vn 0.48717 -0.69107 0.53394
vn 0.65037 -0.71326 0.2613
vn 0.31311 -0.93154 0.18494
vn 0.79926 -0.50989 0.31811
vn 0.56453 -0.54813 0.61714
vn 0.25558 -0.56435 0.78498
vn -0.05809 -0.55223 0.83167
vn -0.35704 -0.5355 0.76535
vn -0.07723 -0.97715 0.19801
vn -0.40758 -0.89325 0.18969
vn -0.69429 -0.67545 0.24845
vn -0.40569 -0.38032 0.83113
vn -0.0699 -0.38897 0.91859
vn 0.30685 -0.39125 0.86762
vn 0.65393 -0.36927 0.66032
vn 0.89003 -0.32686 0.31782
vn -0.71503 -0.36115 0.59859
vn -0.36451 -0.23815 -0.90023
vn -0.70828 -0.28222 -0.64706
vn -0.65748 -0.27918 -0.69984
vn -0.29223 -0.2326 -0.92763
vn 0.02783 -0.19066 -0.98126
vn 0.1152 -0.17563 -0.97769
vn -0.87937 -0.33918 -0.33415
vn -0.90961 -0.29861 -0.28886
vn -0.91686 -0.39738 0.03816
vn -0.9514 -0.30397 0.04934
vn 0.37277 -0.15627 -0.91467
vn 0.43463 -0.12843 -0.89141
vn 0.66112 -0.12242 -0.74023
vn 0.70373 -0.11363 -0.70132
vn 0.87966 -0.1027 -0.46438
vn 0.89419 -0.09595 -0.43728
vn 0.98606 -0.10232 -0.13122
vn 0.99019 -0.06904 -0.12152
vn -0.19189 -0.26319 -0.94547
vn -0.6118 -0.30195 -0.73111
vn -0.87343 -0.48602 0.03013
vn -0.84134 -0.39253 -0.37157
vn 0.73687 -0.23338 -0.63447
vn 0.89638 -0.20861 -0.39112
vn 0.98367 -0.14754 -0.10305
vn 0.48525 -0.19545 -0.85225
vn 0.21261 -0.20161 -0.95611
vn -0.74175 -0.27721 0.6107
vn -0.66647 -0.37316 0.64542
vn -0.8561 -0.41636 0.30617
vn -0.91025 -0.29435 0.29121
vn -0.42037 -0.25036 0.87213
vn -0.33293 -0.28605 0.89852
vn -0.04719 -0.21469 0.97554
vn 0.04555 -0.19319 0.9801
vn 0.31452 -0.18261 0.93152
vn 0.37873 -0.12742 0.91669
vn 0.6529 -0.15266 0.7419
vn 0.68465 -0.0745 0.72506
vn 0.93601 -0.1241 0.32938
vn 0.93986 -0.04901 0.33802
vn -0.24538 -0.35472 0.9022
vn 0.12202 -0.23223 0.96498
vn -0.57607 -0.48697 0.65651
vn -0.78482 -0.53751 0.30844
vn 0.43719 -0.14721 0.88724
vn 0.73127 -0.08474 0.67681
vn 0.94764 -0.09045 0.30627
vn 0.87431 -0.33215 0.35392
vn 0.93997 -0.32482 -0.10465
vn 0.77366 -0.54558 0.32216
vn 0.53356 -0.55092 0.64172
vn 0.40314 -0.77672 0.48392
vn 0.11459 -0.78105 0.61387
vn 0.10834 -0.94217 0.31715
vn -0.14449 -0.92774 0.34413
vn -0.14144 -0.77779 0.61241
vn -0.38076 -0.75256 0.53729
vn -0.36111 -0.88193 0.30297
vn -0.57985 -0.7151 0.39039
vn -0.64878 -0.71002 0.27379
vn -0.39585 -0.88426 0.24775
vn -0.42846 -0.88383 0.18782
vn -0.71187 -0.69023 0.12973
vn -0.89294 -0.44404 0.07407
vn -0.82186 -0.49072 0.28938
vn -0.67378 -0.5449 0.49909
vn -0.43757 -0.55788 0.7052
vn -0.12285 -0.55513 0.82264
vn 0.2236 -0.55001 0.80467
vn -0.10823 -0.97707 0.18336
vn -0.13405 -0.96232 0.23657
vn 0.19695 -0.95951 0.20135
vn 0.28624 -0.9547 0.08131
vn 0.57429 -0.78203 0.24213
vn 0.66385 -0.74687 -0.0387
vn 0.85037 -0.51846 -0.08988
vn -0.44586 -0.35161 0.82315
vn -0.73627 -0.35647 0.57518
vn -0.89749 -0.33703 0.28446
vn -0.947 -0.31689 0.05263
vn -0.10423 -0.34333 0.93342
vn 0.2691 -0.33154 0.90425
vn 0.60226 -0.32889 0.7274
vn -0.52003 0.42106 -0.74315
vn -0.57943 0.52348 -0.62468
vn -0.39616 0.6586 -0.63977
vn -0.45905 0.43328 -0.77559
vn -0.37765 0.42134 -0.82453
vn -0.24498 0.76016 -0.60179
vn -0.30981 0.42795 -0.84904
vn -0.46585 0.83897 -0.28126
vn -0.21469 0.96907 -0.12169
vn -0.76859 0.37147 -0.52084
vn -0.65945 0.59678 -0.45715
vn -0.64871 0.50415 -0.5701
vn -0.63566 0.73148 -0.24672
vn -0.91621 0.29824 -0.26761
vn -0.62579 0.76245 -0.16448
vn -0.96804 0.14131 0.20721
vn -0.76764 0.5511 -0.32713
vn -0.96899 0.18807 -0.16029
vn -0.1172 0.9917 -0.05283
vn -0.99782 0.01219 0.06489
vn -0.07223 0.97332 0.21779
vn -0.26686 0.96084 0.07465
vn -0.72693 0.6601 0.18933
vn -0.87472 0.12459 0.46835
vn -0.07406 0.96522 0.25074
vn -0.874 -0.05295 0.48304
vn 0.00046 0.90847 0.41794
vn -0.43107 0.5681 0.70103
vn -0.55881 0.02184 0.82901
vn -0.59589 -0.16602 0.78572
vn 0.03622 0.99924 0.01442
vn 0.00975 0.7457 -0.66621
vn -0.19998 0.39601 -0.8962
vn -0.01693 0.35566 -0.93446
vn 0.01648 0.97609 0.21676
vn -0.41469 -0.17925 0.89213
vn -0.38426 -0.01244 0.92314
vn -0.39917 -0.02409 0.91656
vn -0.43347 -0.20778 0.87689
vn -0.91444 -0.32401 0.24253
vn -0.95022 -0.07781 0.30171
vn -0.52077 0.83781 0.16394
vn 0.00536 0.99869 0.05098
vn 0.51877 0.84346 0.13947
vn 0.43149 0.03526 0.90143
vn 0.95216 -0.07358 0.29662
vn 0.91649 -0.32886 0.22781
vn 0.43978 -0.25248 0.86189
vn 0.40099 -0.2391 0.88433
vn 0.40307 -0.01107 0.9151
vn 0.55295 0.05593 0.83133
vn 0.63057 -0.21446 0.74591
vn 0.89275 0.00909 0.45045
vn 0.93209 0.20842 0.29627
vn 0.996 0.01209 0.08854
vn 0.89992 0.37452 -0.22333
vn 0.97413 0.08924 0.20765
vn 0.91172 0.39065 -0.12708
vn 0.98876 0.14921 -0.00952
vn 0.73264 0.58169 -0.35338
vn 0.73125 0.48404 -0.4806
vn 0.59925 0.56597 -0.5662
vn 0.60307 0.43305 -0.66991
vn 0.50662 0.4543 -0.73277
vn 0.43173 0.5457 -0.71821
vn 0.42063 0.40506 -0.81178
vn 0.27902 0.70507 -0.65194
vn 0.3318 0.40494 -0.85202
vn 0.40274 0.87815 -0.25817
vn 0.28409 0.94034 -0.18724
vn 0.74723 0.58867 -0.30843
vn 0.17043 0.98528 -0.01346
vn 0.08594 0.98245 0.16553
vn 0.23135 0.96439 0.12817
vn 0.76784 0.50736 0.39116
vn 0.16096 0.96834 0.19083
vn 0.09684 0.7773 0.62164
vn 0.48128 0.23523 0.84441
vn 0.16786 0.38697 -0.90668
vn 0.14141 0.93011 -0.33898
vn 0.07978 0.92296 -0.37654
vn 0.00373 0.92241 -0.38619
vn -0.08012 0.91591 -0.39331
vn -0.11385 0.93886 -0.32492
vn -0.17563 0.92654 -0.33269
vn -0.21183 0.92185 -0.32453
vn -0.26971 0.90603 -0.32614
vn -0.31748 0.90207 -0.29237
vn -0.27007 0.9457 -0.18085
vn -0.28473 0.95306 -0.10297
vn -0.12225 0.99117 0.05137
vn 0.19197 0.93185 0.30791
vn 0.22491 0.94063 0.25424
vn 0.25466 0.9432 0.21337
vn 0.34437 0.91319 0.21792
vn 0.46523 0.85829 0.21658
vn 0.53691 0.82169 0.19119
vn 0.16245 0.92264 0.34979
vn 0.11421 0.92236 0.36907
vn 0.05657 0.93056 0.36175
vn -0.00336 0.92076 0.39011
vn -0.07044 0.9117 0.40477
vn -0.13422 0.89852 0.41791
vn -0.20397 0.89033 0.40708
vn 0.16851 0.92814 -0.33191
vn 0.16711 0.95194 -0.25667
vn 0.19787 0.93917 -0.28074
vn 0.15076 0.97975 -0.13173
vn 0.17195 0.98129 -0.08658
vn 0.09938 0.9927 0.06841
vn -0.18635 0.9579 0.21843
vn -0.30625 0.87744 0.3692
vn -0.27008 0.87387 0.40424
vn -0.35164 0.88761 0.2975
vn -0.43445 0.8661 0.24725
vn -0.42728 0.86488 0.26346
vn -0.2997 0.92241 0.24359
vn -0 -0.89544 -0.44517
vn 0.00105 -0.11105 -0.99381
vn 0.94461 -0.11119 -0.3088
vn 0.61714 -0.74597 -0.25032
vn 0.93002 0.20407 -0.30565
vn 0.00942 0.11064 -0.99382
vn 0.73078 -0.64512 -0.22311
vn -0.00405 -0.57218 -0.82012
vn -0.34727 -0.9317 0.10649
vn -0.01371 -0.97357 -0.22798
vn -0.17352 -0.42696 0.88746
vn -0.65992 -0.73167 0.17077
vn -0.26075 -0.3018 0.91702
vn -0.25665 -0.08232 0.96299
vn -0.25163 -0.02238 0.96756
vn -0.29816 0.43021 0.85207
vn 0 0.61047 0.79204
vn -0.00546 -0.61084 0.79174
vn 0 0.0009 1
vn 0 0.00081 1
vn 0.29816 0.43021 0.85207
vn 0.25163 -0.02238 0.96756
vn 0.25768 -0.08019 0.9629
vn 0.26191 -0.29716 0.91821
vn 0.66994 -0.7278 0.1466
vn 0.1692 -0.4219 0.89071
vn 0.34902 -0.93266 0.09125
vn -0.73981 -0.62146 -0.25781
vn -0.92884 0.18967 -0.31826
vn -0.94302 -0.12167 -0.30971
vn -0.61714 -0.74597 -0.25032
vn -0.12489 0.24621 0.96114
vn -0.27601 0.24802 0.9286
vn -0.30411 0.03083 0.95214
vn -0.15718 0.07268 0.98489
vn -0.56464 0.02343 0.825
vn -0.51269 0.24587 0.82261
vn -0.77148 0.04549 0.63462
vn -0.72793 0.22541 0.64754
vn -0.88358 0.08677 0.46017
vn -0.85248 0.21343 0.4772
vn -0.93379 0.10516 0.34201
vn -0.90895 0.22172 0.35307
vn -0.97623 0.1239 0.17786
vn -0.95058 0.24426 0.19168
vn 0.03546 0.15693 0.98697
vn 0.02738 0.24604 0.96887
vn -0.88821 -0.09795 0.44887
vn -0.7676 -0.1827 0.61433
vn -0.94435 -0.07235 0.3209
vn -0.87378 -0.40742 0.26555
vn -0.82596 -0.40094 0.39629
vn -0.89927 -0.42416 0.10679
vn -0.98489 -0.08668 0.14992
vn -0.91699 -0.38055 -0.11961
vn -0.99309 -0.06982 -0.09428
vn -0.86771 -0.31769 -0.38229
vn -0.92332 -0.0516 -0.38054
vn -0.75696 -0.04213 -0.6521
vn -0.71313 -0.29581 -0.63556
vn -0.52099 -0.03342 -0.85291
vn -0.48306 -0.29354 -0.82492
vn -0.28346 -0.02548 -0.95865
vn -0.2722 -0.29237 -0.91675
vn -0.3046 0.17798 -0.9357
vn -0.52908 0.15704 -0.83392
vn -0.12348 -0.00933 -0.9923
vn -0.10685 -0.30862 -0.94517
vn -0.98834 0.14044 -0.05886
vn -0.92977 0.12553 -0.34608
vn -0.75448 0.12913 -0.64349
vn -0.52128 0.21985 -0.82458
vn -0.75068 0.16809 -0.63893
vn 0.03085 0.00704 -0.9995
vn 0.03095 -0.31313 -0.9492
vn 0.03499 -0.65597 -0.75398
vn -0.09445 -0.6013 -0.79342
vn -0.22801 -0.54332 -0.80797
vn -0.43824 -0.50956 -0.74047
vn -0.6492 -0.49453 -0.5779
vn -0.76291 -0.53643 -0.36084
vn -0.7388 -0.65883 -0.14186
vn -0.66236 -0.74863 0.02878
vn -0.6488 -0.74453 0.15726
vn -0.64193 -0.72295 0.25546
vn -0.70043 -0.45778 0.54757
vn -0.53701 -0.7749 0.33339
vn -0.52244 -0.5287 0.66899
vn -0.57147 -0.246 0.78288
vn -0.35796 -0.85297 0.37988
vn -0.28692 -0.56495 0.77363
vn -0.32537 -0.27928 0.9034
vn -0.1766 -0.62405 0.76116
vn -0.21529 -0.26293 0.94049
vn -0.18327 -0.90936 0.37348
vn -0.07183 -0.93824 0.33845
vn 0.02105 -0.81702 0.57623
vn -0.01821 -0.75612 0.65418
vn -0.19907 -0.57207 0.79568
vn 0.04316 -0.9444 0.32594
vn -0.4363 -0.67622 0.5936
vn -0.05653 -0.91474 0.40007
vn -0.46407 -0.18119 0.86707
vn -0.21139 -0.26308 0.94133
vn -0.15322 0.1167 0.98128
vn -0.12831 0.0258 0.9914
vn 0.02846 0.10408 0.99416
vn 0.00969 0.08603 0.99625
vn 0.03726 0.05893 0.99757
vn 0.06306 -0.13384 0.98899
vn 0.21352 0.45233 0.86591
vn 0.00164 0.36014 0.9329
vn 0.4989 0.27156 0.82301
vn 0.16768 0.13344 0.97677
vn 0.24032 0.03826 0.96994
vn 0.49157 -0.03275 0.87022
vn 0.08373 -0.09943 0.99152
vn 0.05739 -0.23638 0.96996
vn 0.14942 0.52603 0.83724
vn -0.05189 0.14157 0.98857
vn -0.32613 0.6638 0.67306
vn -0.21992 0.36281 0.90554
vn 0.14309 -0.12468 0.98183
vn -0.3476 -0.07974 0.93425
vn -0.08149 -0.01226 0.9966
vn -0.38303 0.3082 0.8708
vn 0.05886 0.04525 0.99724
vn 0.14921 0.09136 0.98458
vn 0.54223 -0.26914 0.79596
vn 0.34202 -0.29105 0.89348
vn 0.22102 0.02886 0.97484
vn 0.23807 -0.62934 0.73976
vn 0.37233 -0.78864 0.4893
vn 0.27809 -0.63517 0.72057
vn 0.19149 -0.91254 0.3614
vn 0.39 -0.5535 0.73589
vn 0.40569 -0.25756 0.87697
vn 0.3241 -0.28223 0.90294
vn 0.30322 -0.86308 0.40391
vn 0.58301 -0.2392 0.77646
vn 0.53219 -0.55111 0.64269
vn 0.73405 -0.1967 0.64999
vn 0.57816 0.07006 0.81291
vn 0.73471 0.11435 0.66867
vn 0.55901 0.24976 0.79065
vn 0.35168 0.22547 0.90856
vn 0.3775 0.05374 0.92445
vn 0.24513 0.07793 0.96635
vn 0.19494 0.22721 0.95414
vn 0.70907 0.2845 0.6452
vn 0.84211 0.1566 0.51607
vn 0.79573 0.30605 0.52263
vn 0.93686 0.16273 0.30954
vn 0.88777 0.29876 0.35015
vn 0.98658 0.16103 0.02702
vn 0.95999 0.26978 0.07502
vn 0.86882 -0.1529 0.47092
vn 0.9588 -0.13023 0.25248
vn 0.84251 -0.5134 0.1631
vn 0.77771 -0.51464 0.36098
vn 0.86367 -0.50301 -0.03267
vn 0.99268 -0.12068 -0.00395
vn 0.85614 -0.46925 -0.21639
vn 0.97082 -0.09874 -0.21854
vn 0.9696 0.15858 -0.18634
vn 0.6564 -0.53889 0.52795
vn 0.51063 -0.7951 0.32721
vn 0.6021 -0.77368 0.19723
vn 0.64167 -0.76198 -0.08745
vn 0.64838 -0.73367 -0.20328
vn 0.64403 -0.76354 0.0472
vn 0.42291 -0.81316 0.39989
vn 0.96359 0.22057 -0.15114
vn 0.98733 0.08423 -0.13445
vn 0.94667 0.2152 0.23979
vn 0.8483 0.3393 0.40652
vn 0.78495 0.34059 0.51754
vn 0.70668 0.41126 0.57574
vn 0.65147 0.41389 0.63583
vn 0.70538 0.32257 0.63118
vn 0.55887 0.46666 0.68549
vn 0.61471 0.45444 0.64469
vn 0.59813 0.39318 0.69831
vn 0.63463 0.3432 0.69243
vn 0.49986 0.4424 0.74459
vn 0.53717 0.27207 0.79839
vn 0.58869 0.36507 0.72123
vn 0.37035 0.53617 0.75852
vn 0.58535 0.54123 0.60368
vn 0.29865 0.88199 0.36457
vn 0.50638 0.85172 0.13471
vn 0.78644 0.59232 0.17509
vn 0.71043 0.64496 -0.28164
vn 0.43148 0.85485 -0.28819
vn 0.86785 0.45555 -0.19826
vn 0.87012 0.47145 0.14359
vn 0.20483 0.95509 -0.21413
vn 0.5569 0.34924 0.75359
vn 0.45435 0.37035 0.81019
vn 0.43648 0.28507 0.85336
vn 0.31663 0.39865 0.86071
vn 0.30498 0.26298 0.91533
vn 0.17789 0.23865 0.95467
vn 0.18355 0.42482 0.88648
vn 0.06467 0.43914 0.89609
vn 0.06276 0.21672 0.97421
vn -0.02573 0.44496 0.89518
vn -0.05075 0.22667 0.97265
vn 0.53623 0.30369 0.78755
vn 0.60622 0.32514 0.7258
vn 0.61719 0.3432 0.70802
vn 0.64517 0.36218 0.67274
vn 0.64506 0.34682 0.68089
vn 0.67015 0.36242 0.64773
vn 0.68315 0.42451 0.59422
vn 0.7342 0.46769 0.49215
vn 0.70056 0.37155 0.60923
vn 0.71821 0.39155 0.57521
vn 0.77717 0.44031 0.44958
vn -0.12418 0.26321 0.95671
vn -0.09007 0.45252 0.88719
vn -0.16984 0.29148 0.94138
vn -0.16117 0.44828 0.87925
vn -0.25569 0.29529 0.92056
vn -0.27105 0.42238 0.86494
vn -0.42902 0.37688 0.82091
vn -0.39175 0.29632 0.87105
vn -0.52156 0.30071 0.79847
vn -0.55965 0.34068 0.75547
vn -0.64429 0.32971 0.69006
vn -0.61662 0.31917 0.71966
vn -0.67207 0.34729 0.654
vn -0.66444 0.34357 0.66369
vn -0.70445 0.43395 0.56165
vn -0.69203 0.37286 0.61811
vn -0.71928 0.39613 0.57072
vn -0.74312 0.49539 0.44985
vn -0.79012 0.44962 0.41659
vn -0.73872 0.40025 0.5423
vn -0.38817 0.20554 0.89838
vn -0.26888 0.14568 0.95209
vn -0.20357 0.08853 0.97505
vn -0.16721 0.03511 0.9853
vn -0.07372 -0.00047 0.99728
vn 0.07536 0.00608 0.99714
vn 0.2026 0.05103 0.97793
vn 0.32754 0.11867 0.93735
vn 0.45858 0.18725 0.8687
vn 0.55096 0.2464 0.79733
vn 0.61607 0.29468 0.73049
vn 0.65171 0.33213 0.68188
vn 0.66774 0.36027 0.6514
vn 0.66769 0.33684 0.66387
vn 0.60695 0.40385 0.68449
vn 0.73343 0.37791 0.56504
vn 0.69341 0.477 0.54006
vn 0.76628 0.54966 0.33271
vn 0.77233 0.41399 0.48179
vn 0.19859 0.33662 0.92046
vn -0.16394 -0.17992 0.96992
vn 0.37286 0.07395 0.92494
vn 0.1613 -0.20007 0.96641
vn 0.67649 0.40885 0.61254
vn 0.74456 0.27034 0.61037
vn 0.6831 0.13168 0.71835
vn 0.64659 0.1346 0.75087
vn 0.70786 0.24694 0.66178
vn 0.60053 0.18198 0.77862
vn 0.65524 0.26352 0.70797
vn 0.59624 0.00051 0.8028
vn 0.46693 -0.11487 0.8768
vn 0.44013 -0.07353 0.89492
vn 0.56569 0.03652 0.82381
vn 0.38373 0.00097 0.92344
vn 0.51512 0.09798 0.8515
vn 0.30878 -0.20124 0.9296
vn 0.13803 -0.25445 0.95718
vn -0.04001 -0.29793 0.95375
vn -0.06284 -0.28804 0.95555
vn 0.121 -0.24449 0.96207
vn -0.07931 -0.18809 0.97895
vn 0.0987 -0.15877 0.98237
vn 0.28907 -0.17424 0.94132
vn 0.24812 -0.0944 0.96412
vn -0.19721 -0.31595 0.92806
vn -0.32799 -0.27574 0.90354
vn -0.20321 -0.29669 0.9331
vn -0.20022 -0.18205 0.96269
vn -0.30372 -0.25944 0.91676
vn -0.26437 -0.13464 0.95498
vn -0.44752 -0.1916 0.87351
vn -0.56659 -0.06462 0.82146
vn -0.40891 -0.16229 0.89803
vn -0.51989 -0.02262 0.85393
vn -0.34056 -0.03413 0.9396
vn -0.44456 0.08572 0.89164
vn -0.65424 0.07594 0.75247
vn -0.73392 0.23331 0.63791
vn -0.61018 0.11374 0.78406
vn -0.69299 0.25841 0.67304
vn -0.5487 0.18205 0.81596
vn -0.63445 0.27186 0.72358
vn -0.77968 0.37752 0.49957
vn -0.74089 0.4976 0.45108
vn -0.39523 0.58825 0.70552
vn -0.23028 0.16214 0.95952
vn -0.70331 0.4812 0.52327
vn -0.72481 0.39463 0.56473
vn -0.66525 0.37207 0.64731
vn -0.5917 0.38618 0.70764
vn -0.105 -0.38415 0.91728
vn -0.53863 0.75439 0.37519
vn 0.0252 -0.18814 0.98182
vn -0.3192 0.06306 0.94559
vn -0.3568 0.11839 0.92665
vn -0.70291 0.32804 0.63112
vn -0.70659 0.37899 0.59758
vn -0.65967 0.33587 0.67233
vn -0.67988 0.35066 0.64406
vn -0.61025 0.29728 0.73432
vn -0.5143 0.25213 0.81971
vn 0.03211 0.31117 -0.94981
vn 0.03436 0.20685 -0.97777
vn -0.12372 0.1933 -0.97331
vn -0.12227 0.30294 -0.94513
vn -0.30235 0.27512 -0.91263
vn 0.20235 0.19914 -0.95885
vn 0.18318 0.29814 -0.93678
vn 0.38057 0.16883 -0.90921
vn 0.35137 0.25867 -0.89979
vn 0.59988 0.13478 -0.78865
vn 0.60269 -0.03641 -0.79715
vn 0.39269 -0.01993 -0.91945
vn 0.57118 -0.32291 -0.75464
vn 0.72747 -0.37531 -0.57439
vn 0.78979 -0.05915 -0.61052
vn 0.36645 -0.30261 -0.87985
vn 0.209 -0.00353 -0.97791
vn 0.18781 -0.31295 -0.93102
vn 0.82244 -0.41506 -0.38899
vn 0.9151 -0.0811 -0.395
vn 0.92562 0.14244 -0.35062
vn 0.80823 0.11839 -0.57684
vn 0.57418 0.19792 -0.79444
vn 0.80549 0.15756 -0.57128
vn 0.31589 -0.56887 -0.75934
vn 0.16387 -0.619 -0.7681
vn 0.64117 -0.69722 -0.3206
vn 0.93131 0.17296 -0.32056
vn 0.48534 0.24484 -0.83934
vn 0.66842 0.07961 -0.73951
vn 0.34158 0.36886 -0.86444
vn 0.27172 0.39346 -0.87827
vn 0.30276 0.32323 -0.89658
vn 0.29182 0.41958 -0.85953
vn 0.15732 0.38592 -0.90902
vn 0.18912 0.37004 -0.90956
vn 0.26389 0.32459 -0.9083
vn 0.44529 0.4403 -0.77965
vn 0.55529 0.32177 -0.76688
vn 0.32778 0.25019 -0.91102
vn 0.59177 0.5436 -0.59524
vn 0.74252 0.39143 -0.54355
vn 0.36602 0.71712 -0.5931
vn 0.32596 0.54585 -0.77188
vn 0.01299 0.27141 -0.96238
vn 0.01777 0.20988 -0.97757
vn 0.01049 0.33547 -0.94199
vn -0.35986 0.25549 -0.89735
vn -0.27067 0.3371 -0.90172
vn -0.60537 0.33104 -0.72384
vn -0.48816 0.45723 -0.7434
vn -0.31675 0.41063 -0.85502
vn -0.17481 0.36339 -0.91509
vn -0.63411 0.57289 -0.51932
vn -0.79896 0.40441 -0.44511
vn -0.69676 0.67919 -0.2307
vn -0.87774 0.45858 -0.13884
vn -0.39147 0.71838 -0.57505
vn -0.35947 0.51849 -0.77586
vn -0.40898 0.87385 -0.2629
vn -0.16253 0.59426 -0.78768
vn -0.13282 0.81766 -0.56017
vn -0.17633 0.96358 -0.20105
vn -0.38616 0.3297 -0.8615
vn -0.34105 0.26353 -0.90235
vn -0.12765 0.3719 -0.91945
vn 0.01363 0.37655 -0.92629
vn 0.16263 0.35647 -0.92004
vn 0.02218 0.36559 -0.93051
vn -0.12081 0.3589 -0.92552
vn -0.27754 0.32298 -0.9048
vn -0.2672 0.36638 -0.89128
vn -0.48052 0.23265 -0.84556
vn -0.65422 0.09328 -0.75053
vn -0.93746 0.0977 -0.33409
vn -0.9342 0.17763 -0.3094
vn -0.97239 0.23203 -0.02486
vn -0.98394 0.17781 0.01598
vn -0.93968 0.18668 0.28662
vn -0.88603 0.27966 0.36977
vn -0.84959 0.2593 0.4593
vn -0.74711 0.35607 0.56128
vn -0.67566 0.37432 0.63511
vn -0.76314 0.26492 0.58943
vn -0.5409 0.44024 0.71667
vn -0.60415 0.41168 0.68229
vn -0.61185 0.37205 0.69801
vn -0.6699 0.32069 0.66962
vn -0.47875 0.43327 0.76359
vn -0.54668 0.235 0.80369
vn -0.62207 0.33686 0.70679
vn -0.33083 0.54589 0.76978
vn -0.58169 0.53062 0.6165
vn -0.23865 0.89557 0.37551
vn -0.46856 0.8679 0.16491
vn -0.76058 0.62448 0.1776
vn -0.86812 0.47993 0.12661
vn -0.31276 0.47781 0.8209
vn -0.34721 0.48795 0.80084
vn -0.40665 0.45766 0.79069
vn -0.21109 0.49815 0.841
vn -0.18216 0.50261 0.84511
vn -0.10453 0.51344 0.85174
vn -0.11078 0.42151 0.90003
vn 0.00365 0.40881 0.91261
vn -0.02136 0.50988 0.85998
vn 0.1335 0.50934 0.85014
vn 0.16067 0.3846 0.90899
vn 0.30308 0.50566 0.80774
vn 0.33511 0.37728 0.86334
vn 0.11669 0.53703 0.83545
vn -0.03056 0.52241 0.85215
vn 0.09061 0.52625 0.84549
vn 0.23006 0.5077 0.83025
vn 0.26965 0.53458 0.80095
vn -0.02505 0.5209 0.85325
vn 0.42156 0.51112 0.74903
vn 0.4754 0.48789 0.73209
vn 0.36572 0.48062 0.79702
vn 0.67226 0.38836 0.63028
vn 0.75641 0.37189 0.5381
vn 0.52658 0.38735 0.75675
vn -0.25375 0.41487 0.87378
vn -0.46295 0.38967 0.79614
vn -0.66125 0.35347 0.66167
vn -0.7988 0.31584 0.51202
vn 0.49067 -0.57723 -0.65272
vn 0.58853 -0.65417 -0.47507
vn -0.50046 0.31127 0.80787
vn -0.10164 -0.35945 0.92761
vn 0.32134 0.08986 0.94269
vn 0.69939 0.30968 0.64417
vn 0.69301 0.36669 0.62071
vn 0.39358 -0.27287 0.87786
vn 0.61078 -0.11341 0.78364
vn 0.52488 -0.75493 0.39316
vn 0.65724 0.05975 0.75131
vn 0.57367 -0.63466 0.51779
vn 0.59435 0.15781 0.78857
vn 0.58837 0.20519 0.78212
vn 0.58316 0.13871 0.80042
vn 0.49959 0.23798 0.83293
vn 0.52468 0.23751 0.81749
vn 0.59102 0.25621 0.76489
vn 0.49887 0.2091 0.84107
vn 0.54423 -0.52844 0.65158
vn 0.44639 -0.50971 0.73548
vn 0.367 0.25622 0.89424
vn 0.37212 0.2194 0.90188
vn 0.20077 0.28237 0.93806
vn 0.19063 0.28322 0.93992
vn 0.01416 0.29876 0.95422
vn 0.00809 0.28345 0.95895
vn 0.20987 0.21861 0.95298
vn 0.28729 -0.61023 0.7383
vn 0.16967 -0.63755 0.75149
vn -0.00658 0.20659 0.9784
vn -0.00922 -0.63798 0.77
vn 0.37992 0.24711 0.8914
vn -0.19712 -0.64035 0.74236
vn -0.22465 0.15328 0.96231
vn -0.29785 -0.63693 0.71106
vn -0.37637 0.11576 0.91921
vn -0.2001 0.24447 0.94879
vn -0.19016 0.26713 0.94471
vn -0.37103 0.20722 0.90521
vn -0.50223 0.13571 0.85402
vn -0.50794 0.17853 0.84269
vn -0.37577 0.22259 0.89958
vn -0.44158 -0.55895 0.70184
vn -0.48763 -0.58982 0.64368
vn -0.59563 0.13764 0.79138
vn -0.59651 0.12778 0.79237
vn -0.51833 0.19199 0.83335
vn -0.6028 0.19438 0.77385
vn -0.65208 0.07341 0.75459
vn -0.58575 0.03597 0.80969
vn -0.63417 -0.48197 0.6046
vn -0.72837 -0.40183 0.55499
vn -0.5383 -0.11627 0.83469
vn -0.27516 -0.36921 0.88767
vn -0.37097 0.09743 0.92352
vn -0.62971 0.30219 0.71564
vn -0.65733 0.39737 0.64032
vn -0.53341 0.26716 0.80256
vn -0.37458 0.29984 0.87738
vn -0.38676 0.32889 0.86154
vn -0.2557 0.30695 0.91673
vn -0.19764 0.30691 0.93099
vn 0.00853 0.26863 0.9632
vn 0.0106 0.29884 0.95424
vn 0.26965 0.30015 0.91498
vn 0.20715 0.31152 0.92738
vn 0.38173 0.31432 0.86919
vn 0.39321 0.32606 0.85969
vn 0.53292 0.26567 0.80338
vn 0.54046 0.2887 0.79029
vn 0.70583 0.26447 0.65716
vn 0.63862 0.25419 0.72633
vn -0.54535 0.29125 0.78598
vn 0.8141 0.26578 0.51633
vn 0.86778 0.31754 0.38226
vn 0.95813 0.27792 0.06886
vn 0.92728 0.35933 -0.10505
vn 0.87049 0.26296 0.41606
vn 0.95946 0.25977 0.10934
vn 0.88586 0.27124 0.37641
vn 0.9627 0.25332 0.09512
vn 0.88316 0.26296 0.38843
vn 0.69199 0.26495 0.67153
vn 0.66797 0.27832 0.69019
vn 0.68906 0.24393 0.68242
vn 0.43701 0.2407 0.86665
vn 0.43624 0.25245 0.86369
vn 0.01613 0.2329 0.97237
vn 0.01852 0.22389 0.97444
vn -0.37303 0.21747 0.90197
vn -0.3676 0.20338 0.90747
vn -0.66411 0.21595 0.71577
vn -0.65639 0.18329 0.73182
vn -0.86955 0.16586 0.46516
vn -0.87746 0.20676 0.43281
vn -0.88146 0.21428 0.42085
vn -0.97615 0.19576 0.09386
vn -0.97304 0.20689 0.1019
vn -0.65072 0.21456 0.72838
vn -0.98061 0.17203 0.09387
vn -0.87039 0.22841 0.43618
vn -0.97234 0.21996 0.0786
vn -0.6295 0.22672 0.74319
vn -0.44685 0.21061 0.86947
vn -0.3774 0.19974 0.90425
vn -0.31379 0.21677 0.92442
vn 0.00622 0.22249 0.97492
vn 0.00953 0.23546 0.97184
vn 0.3327 0.21588 0.91799
vn 0.41509 0.23545 0.87879
vn 0.4376 0.22933 0.86943
vn 0.64097 0.2436 0.72789
vn 0.59448 0.2387 0.76787
vn 0.3353 0.24957 0.90845
vn 0.40182 0.25562 0.87931
vn 0.0032 0.24711 0.96898
vn -0.31661 0.2594 0.9124
vn -0.40913 0.27451 0.8702
vn -0.59465 0.26765 0.75812
vn -0.81402 0.25752 0.52063
vn -0.89524 0.27153 0.35329
vn -0.95024 0.30376 -0.06915
vn -0.89443 0.39622 0.20738
vn -0.80516 0.29814 0.51267
vn -0.72577 0.26317 0.63561
vn -0.65242 0.2609 0.71153
vn -0.71531 0.31567 0.62344
vn -0.73293 0.38178 0.56309
vn -0.81133 0.37244 0.4506
vn 0.16519 0.59769 -0.78452
vn 0.14275 0.81715 -0.55847
vn 0.32071 0.28629 -0.90287
vn 0.92302 0.01085 -0.3846
vn 0.7675 0.17029 0.61801
vn -0.10328 0.5089 0.85461
vn -0.09301 0.50328 0.8591
vn -0.17436 0.49248 0.85268
vn -0.82316 0.09688 0.55948
vn 0.4222 -0.25782 0.86907
vn 0.26303 0.13191 0.95573
vn 0.186 0.50951 0.84012
vn 0.15686 0.88174 0.44489
vn 0.61057 -0.61052 0.50446
vn 0.5075 -0.85272 -0.12373
vn 0.09929 0.98715 -0.12521
vn 0.03818 0.84645 -0.5311
vn 0.04921 0.58143 -0.81211
vn 0.16905 0.13449 -0.97639
vn 0.35963 -0.35351 -0.86354
vn 0.43879 -0.69367 -0.57122
vn 0.04312 -0.86812 -0.49447
vn 0.04981 -0.99673 -0.06363
vn 0.01154 -0.87138 -0.49048
vn 0.0303 -0.99923 -0.02498
vn 0.02888 -0.87753 -0.47866
vn 0.04265 -0.99907 -0.00619
vn 0.03491 -0.52932 -0.8477
vn 0.01365 -0.53985 -0.84165
vn 0.04978 0.00607 -0.99874
vn 0.02565 0.00098 -0.99967
vn 0.05095 0.53486 -0.8434
vn 0.01904 0.54397 -0.83889
vn 0.04402 0.8608 -0.50704
vn 0.00822 0.86391 -0.50357
vn 0.05446 0.99817 -0.02644
vn 0.01661 0.99887 -0.04454
vn 0.07905 0.8304 0.55153
vn 0.04563 0.8512 0.52286
vn 0.08763 0.44637 0.89055
vn 0.07377 0.45841 0.88567
vn 0.08063 0.05273 0.99535
vn 0.08113 0.04085 0.99587
vn 0.07213 -0.48535 0.87134
vn 0.07123 -0.48494 0.87164
vn 0.06069 -0.86599 0.49637
vn 0.0545 -0.87138 0.48757
vn 0.02034 0.99717 -0.07236
vn 0.05354 0.86181 0.50441
vn 0.08509 0.4798 0.87325
vn 0.11915 0.05119 0.99156
vn 0.13412 -0.46487 0.87516
vn 0.10352 -0.87431 0.47421
vn 0.09394 -0.49469 0.86398
vn 0.08179 0.05438 0.99516
vn 0.11785 -0.50723 0.85371
vn 0.09876 0.04521 0.99408
vn 0.08955 0.45758 0.88465
vn 0.09837 0.47744 0.87314
vn 0.10501 0.82048 0.56195
vn 0.12512 0.82686 0.54832
vn 0.10511 0.99435 -0.01455
vn 0.14076 0.9899 -0.01685
vn 0.11524 -0.85463 0.50629
vn 0.0944 -0.85941 0.50249
vn 0.09207 -0.99511 0.03579
vn 0.07158 -0.99737 0.01168
vn 0.107 0.853 -0.51082
vn 0.16231 0.83665 -0.52313
vn 0.11286 0.53093 -0.83986
vn 0.17871 0.53531 -0.82553
vn 0.10145 0.01654 -0.9947
vn 0.16324 0.03597 -0.98593
vn 0.07177 -0.51502 -0.85417
vn 0.12452 -0.48828 -0.86376
vn 0.05426 -0.88007 -0.47172
vn 0.08879 -0.87778 -0.47075
vn 0.32091 0.9444 -0.07161
vn 0.30372 0.84697 0.43635
vn 0.49612 0.79261 0.35446
vn 0.50124 0.85824 -0.11041
vn 0.49986 0.4821 0.71953
vn 0.2816 0.52312 0.80439
vn 0.50512 0.06515 0.86059
vn 0.26264 0.0409 0.96403
vn 0.44709 -0.4469 0.77484
vn 0.22829 -0.50403 0.83297
vn 0.43597 -0.76463 0.47463
vn 0.21142 -0.8215 0.52957
vn 0.48621 -0.8714 -0.06533
vn 0.23655 -0.97162 -0.00117
vn 0.2469 0.96756 -0.05355
vn 0.20749 0.85329 0.47837
vn 0.19243 0.98112 -0.01918
vn 0.16064 0.84056 0.51735
vn 0.17801 0.51304 0.8397
vn 0.12371 0.49755 0.85857
vn 0.17113 0.02506 0.98493
vn 0.12592 0.02957 0.9916
vn 0.16061 -0.5076 0.84649
vn 0.135 -0.51144 0.84865
vn 0.13976 -0.82975 0.54035
vn 0.12483 -0.84474 0.52041
vn 0.15386 -0.98757 0.03206
vn 0.11933 -0.9916 0.04982
vn 0.21295 0.82971 -0.51598
vn 0.25958 0.79454 -0.54893
vn 0.22569 0.53826 -0.81199
vn 0.25878 0.53469 -0.80445
vn 0.22371 0.06124 -0.97273
vn 0.26691 0.07548 -0.96076
vn 0.19337 -0.44315 -0.87534
vn 0.25216 -0.4135 -0.87489
vn 0.14907 -0.85172 -0.50235
vn 0.21286 -0.81166 -0.54396
vn 0.28584 -0.77978 -0.55699
vn 0.4468 -0.70865 -0.54607
vn 0.46118 -0.37557 -0.8039
vn 0.31681 -0.41366 -0.85353
vn 0.48934 0.07868 -0.86853
vn 0.328 0.08029 -0.94126
vn 0.46063 0.50674 -0.72872
vn 0.32434 0.53481 -0.78025
vn 0.46529 0.74588 -0.47662
vn 0.32551 0.78589 -0.52575
vn 0.84261 -0.25358 -0.47508
vn 0.90147 -0.42037 -0.10314
vn 0.84469 0.1234 -0.52083
vn 0.76117 0.6387 -0.11258
vn 0.75388 0.4798 -0.44885
vn 0.98808 0.10703 -0.11063
vn 0.08424 -0.53102 -0.84316
vn 0.06442 0.02718 -0.99755
vn 0.01452 0.55841 -0.82944
vn -0.00114 0.86082 -0.5089
vn 0.82545 0.46865 0.31464
vn 0.90788 0.11514 0.40311
vn 0.9076 -0.24931 0.33779
vn -0.27544 0.07168 0.95864
vn -0.46299 -0.28841 0.83813
vn -0.17311 0.48312 0.85827
vn -0.12672 0.88811 0.44182
vn -0.66216 -0.54113 0.51838
vn -0.72453 -0.68916 -0.01045
vn -0.08453 0.98811 -0.12839
vn -0.03293 0.84537 -0.53317
vn -0.02243 0.59579 -0.80283
vn -0.14501 0.09245 -0.9851
vn -0.39914 -0.34753 -0.84848
vn -0.65902 -0.52999 -0.53367
vn -0.09773 -0.86088 -0.49933
vn -0.1071 -0.99407 -0.01863
vn 0.00331 -0.87086 -0.49153
vn -0.03009 -0.99943 -0.01504
vn -0.0251 -0.87794 -0.47811
vn -0.03495 -0.99928 -0.01479
vn -0.02929 -0.54239 -0.83962
vn 0.01992 -0.55807 -0.82955
vn -0.04499 0.04916 -0.99778
vn 0.00308 0.0053 -0.99998
vn -0.04623 0.61367 -0.78821
vn -0.00291 0.60768 -0.79418
vn -0.04176 0.88258 -0.46831
vn -0.00081 0.87618 -0.48198
vn -0.05371 0.99847 -0.01337
vn -0.01691 0.9989 -0.04364
vn -0.07124 0.82651 0.5584
vn -0.03822 0.84983 0.52567
vn -0.06859 0.38646 0.91975
vn -0.05283 0.40279 0.91377
vn -0.04754 -0.03128 0.99838
vn -0.0538 -0.02986 0.9981
vn -0.03957 -0.49419 0.86845
vn -0.05042 -0.48657 0.87218
vn -0.0401 -0.87296 0.48615
vn -0.04495 -0.86682 0.49659
vn -0.02303 0.99728 -0.07005
vn -0.04716 0.86462 0.5002
vn -0.06948 0.43462 0.89793
vn -0.10511 -0.003 0.99446
vn -0.13914 -0.47537 0.86871
vn -0.12673 -0.85915 0.49579
vn -0.06825 -0.50185 0.86226
vn -0.06637 -0.01421 0.99769
vn -0.10218 -0.50839 0.85504
vn -0.09517 -0.00462 0.99545
vn -0.09068 0.40698 0.90893
vn -0.10878 0.42879 0.89683
vn -0.10669 0.81407 0.57088
vn -0.12663 0.81427 0.5665
vn -0.09816 0.99516 0.00487
vn -0.12372 0.99228 0.00812
vn -0.10198 -0.86771 0.48649
vn -0.07446 -0.87369 0.48075
vn -0.09848 -0.99511 -0.00792
vn -0.07489 -0.99713 -0.01128
vn -0.08839 0.87991 -0.46685
vn -0.11531 0.87704 -0.46638
vn -0.09926 0.60797 -0.78773
vn -0.12868 0.59927 -0.79014
vn -0.11142 0.06367 -0.99173
vn -0.14875 0.05105 -0.98756
vn -0.10494 -0.52798 -0.84275
vn -0.14471 -0.52231 -0.84039
vn -0.08588 -0.87289 -0.4803
vn -0.11726 -0.86309 -0.49125
vn -0.31457 0.94923 -0.00333
vn -0.49172 0.87072 -0.00705
vn -0.47461 0.8081 0.34888
vn -0.30081 0.83998 0.4516
vn -0.48194 0.51988 0.70531
vn -0.26343 0.52603 0.80864
vn -0.4968 0.06969 0.86506
vn -0.23504 0.02694 0.97161
vn -0.46223 -0.45981 0.75823
vn -0.22031 -0.52047 0.82497
vn -0.42878 -0.8051 0.40982
vn -0.22844 -0.84951 0.47555
vn -0.46009 -0.88649 -0.04945
vn -0.25319 -0.96663 -0.03887
vn -0.2193 0.97566 -0.00209
vn -0.20022 0.83542 0.51184
vn -0.16051 0.98701 0.00716
vn -0.14927 0.81968 0.55303
vn -0.1673 0.48304 0.85947
vn -0.12563 0.45262 0.88281
vn -0.15446 0.0083 0.98796
vn -0.12067 -0.00103 0.99269
vn -0.15157 -0.51738 0.84223
vn -0.12453 -0.51162 0.85014
vn -0.15205 -0.85209 0.50083
vn -0.11781 -0.859 0.49823
vn -0.16835 -0.98539 -0.02566
vn -0.12011 -0.9927 -0.01102
vn -0.16448 0.86435 -0.47524
vn -0.2264 0.84426 -0.48576
vn -0.18994 0.57756 -0.79394
vn -0.24631 0.55265 -0.79619
vn -0.21091 0.04194 -0.9766
vn -0.25722 0.05517 -0.96478
vn -0.18478 -0.50425 -0.84356
vn -0.2248 -0.47912 -0.84847
vn -0.1458 -0.84281 -0.51809
vn -0.19437 -0.81958 -0.539
vn -0.27023 -0.80209 -0.53258
vn -0.4312 -0.75902 -0.48781
vn -0.46068 -0.41797 -0.78299
vn -0.28658 -0.46657 -0.83677
vn -0.48823 0.07673 -0.86934
vn -0.305 0.05978 -0.95047
vn -0.45771 0.51397 -0.72549
vn -0.30327 0.53958 -0.78542
vn -0.45761 0.78382 -0.41978
vn -0.30887 0.82305 -0.47664
vn -0.84403 -0.32627 -0.42562
vn -0.87534 0.09397 -0.47428
vn -0.78322 0.50363 -0.36459
vn -0.77749 0.62888 -0.00537
vn -0.99498 0.08813 -0.04748
vn -0.86221 -0.50274 -0.06208
vn -0.06879 -0.55081 -0.83179
vn -0.02056 -0.01117 -0.99973
vn 0.0092 0.59699 -0.80219
vn 0.00713 0.86645 -0.49921
vn -0.80174 0.50661 0.31712
vn -0.9106 0.11423 0.3972
vn -0.89395 -0.31405 0.31974
vn -0.04487 -0.67584 -0.73568
vn -0.34323 -0.65541 -0.67278
vn -0.40153 -0.48108 -0.77932
vn -0.03865 -0.49327 -0.86902
vn -0.05878 -0.90085 -0.43012
vn -0.36088 -0.87994 -0.30898
vn -0.63301 -0.63376 -0.44458
vn -0.68876 -0.46044 -0.56
vn -0.86602 -0.43881 -0.23968
vn -0.73444 -0.66598 -0.13062
vn -0.41854 -0.90798 0.01999
vn 0.25413 -0.64974 -0.71642
vn 0.27545 -0.88283 -0.38044
vn 0.54432 -0.64146 -0.54059
vn 0.65348 -0.69508 -0.29972
vn 0.32471 -0.94083 -0.09696
vn 0.76313 -0.50163 -0.40743
vn 0.57962 -0.49693 -0.64584
vn 0.30438 -0.49632 -0.81303
vn -0.07843 -0.99691 -0.0046
vn 0.83607 -0.32696 -0.44055
vn 0.61656 -0.3392 -0.71049
vn 0.32618 -0.33544 -0.88379
vn -0.03018 -0.32943 -0.9437
vn -0.41639 -0.33726 -0.84432
vn -0.7185 -0.34559 -0.60359
vn -0.90906 -0.33231 -0.25134
vn 0.87128 0.42817 0.2399
vn 0.76656 0.31417 0.56007
vn 0.78198 0.39038 0.48592
vn 0.69899 0.39411 0.59673
vn 0.66804 0.33677 0.66356
vn 0.59138 0.3488 0.72705
vn 0.36166 0.17588 0.91557
vn 0.62409 0.42599 0.65501
vn -0.6986 -0.30636 -0.64661
vn -0.87077 -0.30448 -0.38608
vn -0.88418 -0.45676 -0.09799
vn -0.85394 -0.42082 0.3061
vn -0.57798 -0.47604 0.66281
vn -0.54872 -0.73359 -0.40093
vn -0.49899 -0.86658 -0.00687
vn -0.31563 -0.76536 -0.56089
vn -0.25531 -0.9556 -0.1471
vn -0.42428 -0.83555 0.34905
vn -0.24036 -0.93635 0.2559
vn -0.139 -0.97261 -0.18633
vn -0.13068 -0.97343 0.18803
vn -0.1756 -0.76333 -0.62168
vn -0.01675 -0.76473 -0.64414
vn -0.01888 -0.97634 -0.2154
vn -0.01439 -0.98841 0.1511
vn -0.33451 -0.69216 0.63955
vn -0.35193 -0.52441 0.77533
vn -0.16685 -0.69567 0.69871
vn 0.71411 -0.31994 0.62264
vn -0.00315 -0.69928 0.71484
vn 0.00296 -0.10401 0.99457
vn -0.00976 -0.92356 0.38332
vn -0.15178 -0.87361 0.46236
vn 0.02371 0.29813 0.95423
vn 0.86046 0.3038 0.40903
vn 0.00666 -0.06994 0.99753
vn 0.89864 -0.00354 0.43867
vn 0.59195 -0.70459 0.39134
vn 0 -0.7984 0.60213
vn -0.86009 0.28974 0.41988
vn -0.8985 -0.01639 0.43866
vn -0.59195 -0.70459 0.39134
vn -0.72665 -0.30642 0.61488
vn 0.17893 -0.68908 0.70225
vn 0.35928 -0.52126 0.77408
vn 0.14608 -0.8648 0.48039
vn 0.3231 -0.68669 0.6512
vn 0.59449 -0.47425 0.64936
vn 0.86362 -0.40017 0.30663
vn 0.89688 -0.43627 -0.07267
vn 0.57935 -0.70495 -0.40914
vn 0.52009 -0.85396 0.01629
vn 0.32046 -0.74621 -0.58351
vn 0.25335 -0.95728 -0.13942
vn 0.4415 -0.82792 0.34587
vn 0.24127 -0.93466 0.26115
vn 0.11529 -0.97727 -0.17791
vn 0.11801 -0.97418 0.19246
vn 0.15553 -0.75198 -0.64057
vn 0.86681 -0.34301 -0.36192
vn 0.48783 -0.59803 -0.63591
vn -0.20877 -0.97796 0.0021
vn -0.13557 -0.9872 -0.08396
vn 0.45927 -0.33037 -0.82457
vn 0.08177 -0.93287 -0.3508
vn 0.32406 -0.21637 -0.92096
vn -0.00616 -0.9579 -0.28702
vn -0.06182 -0.99794 -0.01728
vn 0.18869 -0.18762 -0.96395
vn -0.00807 -0.17511 -0.98452
vn -0.00404 -0.99493 0.10048
vn 0.04715 -0.99737 0.05506
vn -0.19717 -0.1854 -0.96268
vn -0.31588 -0.23304 -0.91974
vn 0.09804 -0.99495 -0.02164
vn 0.18837 -0.9654 0.18032
vn 0.07918 -0.97719 -0.19705
vn -0.46824 -0.31958 -0.82379
vn 0.24696 -0.95951 0.13546
vn 0.10711 -0.99425 0.00135
vn -0.24769 0.2009 0.94778
vn -0.54378 -0.40283 -0.73623
vn -0.33924 -0.38066 -0.86024
vn -0.19571 -0.36746 -0.90921
vn -0.01037 -0.37476 -0.92706
vn 0.18042 -0.37409 -0.90967
vn 0.33709 -0.3694 -0.86598
vn 0.56184 -0.38997 -0.72956
vn -0.61096 0.01227 0.79157
vn -0.62517 0.1378 0.76823
vn -0.35297 0.16119 0.92164
vn -0.35561 -0.01774 0.93446
vn 0.01939 0.18611 0.98234
vn -0.00034 -0.02054 0.99979
vn -0.85925 0.07828 0.50553
vn -0.86125 0.13299 0.49048
vn -0.98275 0.15987 0.09301
vn -0.98198 0.15815 0.10342
vn -0.65505 -0.10789 0.74784
vn -0.3835 -0.18077 0.90568
vn -0.38389 -0.18689 0.90427
vn -0.68652 -0.13517 0.71443
vn -0.01177 -0.19698 0.98034
vn -0.00205 -0.18384 0.98295
vn -0.89132 0.02314 0.45278
vn -0.91934 -0.00476 0.39345
vn -0.98516 0.15784 0.06735
vn -0.98738 0.15588 0.02787
vn 0.0311 -0.088 0.99564
vn -0.32374 -0.10164 0.94067
vn 0.07502 0.17982 0.98084
vn -0.24468 0.18835 0.95113
vn 0.11152 0.61862 0.77773
vn -0.27701 0.62862 0.72671
vn 0.1115 0.91379 0.39058
vn -0.32297 0.88477 0.33597
vn -0.64652 0.72388 0.24087
vn -0.58664 0.5445 0.59947
vn -0.54332 0.14246 0.82735
vn -0.65702 -0.07376 0.75026
vn -0.92136 0.38642 0.04214
vn -0.89126 0.23572 0.38741
vn -0.98084 0.19445 0.01179
vn -0.92382 0.03618 0.3811
vn -0.91339 0.25522 -0.31716
vn -0.9076 0.28926 -0.3043
vn -0.68982 0.31733 -0.65073
vn -0.68258 0.40011 -0.61155
vn -0.45276 0.45033 -0.76955
vn -0.44757 0.34443 -0.82526
vn -0.91662 0.22174 -0.33264
vn -0.91101 0.19782 -0.36184
vn -0.671 0.22034 -0.70796
vn -0.68503 0.25899 -0.68092
vn -0.66883 0.20678 -0.71408
vn -0.38882 0.20454 -0.89832
vn -0.39642 0.22959 -0.8889
vn -0.91511 0.19517 -0.35281
vn -0.42657 0.27956 -0.86016
vn -0.06068 0.48935 -0.86997
vn -0.03903 0.36526 -0.93009
vn 0.00814 0.24258 -0.9701
vn -0.01398 0.29803 -0.95445
vn 0.01197 0.2101 -0.97761
vn 0.41483 0.36381 -0.834
vn 0.38767 0.49186 -0.77961
vn 0.69584 0.33711 -0.63416
vn 0.66871 0.4542 -0.58867
vn 0.91313 0.3449 -0.21735
vn 0.93054 0.27234 -0.24481
vn 0.96817 0.22235 0.11495
vn 0.97438 0.18546 0.12726
vn 0.93146 0.24488 -0.2691
vn 0.97089 0.19442 0.13988
vn 0.9166 0.26802 -0.29668
vn 0.69791 0.26917 -0.66368
vn 0.70722 0.2728 -0.65224
vn 0.9188 0.25858 -0.29824
vn 0.96448 0.24345 0.10254
vn 0.96396 0.23994 0.1149
vn 0.68626 0.2542 -0.68149
vn 0.43303 0.25794 -0.86369
vn 0.41754 0.22782 -0.87963
vn 0.43128 0.29312 -0.85327
vn 0.92157 0.22849 -0.31385
vn 0.91769 0.22153 -0.3298
vn 0.68568 0.16063 -0.70996
vn 0.68206 0.19375 -0.70517
vn 0.40892 0.13816 -0.90205
vn 0.4098 0.17499 -0.89523
vn 0.01239 0.14193 -0.9898
vn 0.01091 0.17582 -0.98436
vn -0.39617 0.18011 -0.90034
vn -0.41152 0.15724 -0.89773
vn -0.67641 0.19081 -0.71138
vn -0.68996 0.17698 -0.70188
vn -0.92367 0.19744 -0.32842
vn -0.92528 0.2023 -0.32083
vn -0.69781 0.16783 -0.69634
vn -0.91984 0.20677 -0.33338
vn -0.41918 0.15133 -0.8952
vn 0.01818 0.1342 -0.99079
vn 0.39873 0.13415 -0.90721
vn 0.66706 0.17021 -0.7253
vn 0.89135 0.24344 -0.38239
vn 0.82898 0.30072 -0.47155
vn 0.62519 0.22597 -0.74704
vn 0.37349 0.17566 -0.91085
vn 0.01997 0.16217 -0.98656
vn -0.40114 0.1893 -0.89624
vn -0.67276 0.22579 -0.70457
vn -0.88509 0.27406 -0.37618
vn 0.08546 0.98979 -0.11409
vn -0.31199 0.94123 -0.12938
vn 0.0489 0.85997 -0.508
vn -0.25897 0.82637 -0.50005
vn -0.6284 0.76458 -0.14329
vn -0.49317 0.73154 -0.47079
vn -0.35053 0.68394 -0.63981
vn -0.00373 0.74527 -0.66675
vn -0.42873 0.56539 -0.70464
vn -0.04995 0.62474 -0.77923
vn -0.598 0.58808 -0.54456
vn -0.85402 0.45845 -0.24591
vn -0.89797 0.33248 -0.28829
vn -0.65702 0.4867 -0.57572
vn 0.37389 0.62269 -0.68736
vn 0.35233 0.72096 -0.59673
vn 0.33735 0.82433 -0.45462
vn 0.42526 0.9007 -0.08888
vn 0.46547 0.82051 0.33182
vn 0.68853 0.67732 0.25916
vn 0.66586 0.74371 -0.05941
vn 0.53329 0.74802 -0.39505
vn 0.59863 0.64671 -0.47266
vn 0.89538 0.42615 0.1292
vn 0.85111 0.50852 -0.13046
vn 0.95464 0.2767 0.10998
vn 0.89358 0.41089 -0.1808
vn 0.63774 0.56353 -0.5251
vn 0.64467 0.05627 0.76239
vn 0.39836 0.00712 0.9172
vn 0.42499 0.19918 0.88301
vn 0.66343 0.20212 0.72042
vn 0.87211 0.12609 0.47278
vn 0.87469 0.21195 0.43588
vn 0.67595 -0.05979 0.73452
vn 0.39926 -0.15013 0.90447
vn 0.40686 -0.12935 0.90429
vn 0.70642 -0.04336 0.70647
vn 0.89077 0.07773 0.44776
vn 0.90793 0.09088 0.40916
vn 0.38525 -0.04645 0.92164
vn 0.37421 0.22081 0.90067
vn 0.43659 0.59442 0.67532
vn 0.64806 0.52268 0.55392
vn 0.60995 0.20905 0.76437
vn 0.86761 0.304 0.3935
vn 0.90779 0.14402 0.39393
vn 0.69153 0.02434 0.72194
vn 0.88077 0.23575 0.41068
vn -0.07272 0.48589 0.87099
vn -0.0868 0.2818 0.95554
vn 0.14288 0.26562 0.95343
vn 0.12231 0.42139 0.89859
vn 0.1434 0.11661 0.98277
vn -0.10015 0.11419 0.9884
vn -0.30839 0.28593 0.90727
vn -0.31246 0.10049 0.9446
vn -0.28343 0.50038 0.8181
vn -0.11802 -0.07631 0.99007
vn -0.31298 -0.07712 0.94662
vn -0.10649 -0.263 0.9589
vn 0.25545 -0.3917 0.88392
vn 0.10622 -0.0647 0.99224
vn -0.30547 -0.28014 0.91006
vn -0.49662 -0.0809 0.86419
vn -0.4969 0.09392 0.86271
vn -0.66974 -0.07572 0.73873
vn -0.72585 -0.38293 0.5714
vn -0.49499 -0.26224 0.82838
vn -0.69603 0.07427 0.71416
vn -0.49233 0.26595 0.82878
vn -0.69079 0.23062 0.6853
vn -0.47279 0.47373 0.743
vn -0.64029 0.41372 0.6472
vn 0.07314 -0.57323 0.81612
vn 0.29108 -0.85203 0.43511
vn 0.57249 -0.65845 0.48857
vn -0.13185 -0.93424 0.33138
vn -0.26405 -0.587 0.76532
vn 0.06745 -0.94631 -0.31615
vn 0.45103 -0.87412 -0.18025
vn 0.15991 -0.77464 -0.61185
vn 0.47961 -0.73275 -0.48275
vn 0.72566 -0.68264 -0.0861
vn 0.72393 -0.58949 -0.35837
vn -0.53549 -0.81596 0.21787
vn -0.32924 -0.86477 -0.37917
vn -0.76916 -0.6265 0.12604
vn -0.59889 -0.68026 -0.42259
vn -0.18399 -0.73892 -0.64818
vn -0.43918 -0.60352 -0.6655
vn -0.56396 -0.5568 0.60985
vn -0.86482 -0.17899 0.4691
vn -0.87711 -0.47773 0.0495
vn -0.97099 -0.23541 -0.04205
vn -0.88109 0.02924 0.47205
vn -0.97832 -0.20017 -0.05306
vn -0.99636 0.01191 -0.08442
vn -0.8787 0.1968 0.43491
vn -0.85645 0.37329 0.35659
vn -0.67158 0.63337 0.38448
vn -0.99344 0.04859 -0.1035
vn -0.95196 0.27153 -0.14157
vn -0.69405 0.7131 -0.0989
vn -0.89947 0.42174 -0.11441
vn -0.76168 -0.15338 -0.62954
vn -0.72774 -0.40811 -0.55122
vn -0.575 -0.37809 -0.72555
vn -0.62328 -0.16618 -0.76414
vn -0.53969 0.62263 -0.56663
vn -0.74611 0.36786 -0.55497
vn -0.38822 0.4716 -0.79176
vn -0.57911 0.25067 -0.77575
vn -0.63781 0.02664 -0.76974
vn -0.76752 0.08193 -0.63577
vn 0.65597 0.47209 -0.58892
vn 0.6154 0.69118 -0.37888
vn 0.86517 0.41521 -0.28122
vn 0.86404 0.33051 -0.37973
vn 0.68854 0.70088 0.18625
vn 0.42352 0.89247 0.15531
vn 0.11123 0.84282 -0.52657
vn -0.07416 0.9932 0.08978
vn 0.16284 0.59958 -0.78357
vn 0.07323 0.74352 0.6647
vn -0.2178 0.77257 0.59641
vn 0.35648 0.66241 0.65889
vn -0.46839 0.73397 0.49183
vn -0.41703 0.90812 -0.03737
vn -0.28557 0.77019 -0.57031
vn -0.1894 0.57366 -0.79689
vn 0.52387 0.43238 0.7339
vn 0.49274 0.25603 0.83166
vn 0.94477 0.28432 0.16298
vn 0.8891 0.4162 0.19047
vn 0.97806 0.13767 -0.15638
vn 0.9505 0.10251 0.29333
vn 0.98988 -0.07752 -0.11883
vn 0.96547 -0.09821 -0.24131
vn 0.97003 0.12842 -0.20626
vn 0.9438 0.10813 0.31232
vn 0.91048 -0.13079 0.39233
vn 0.92174 -0.37129 -0.11193
vn 0.89193 -0.20282 0.40413
vn 0.73557 -0.48531 0.47265
vn 0.89058 -0.33935 -0.30283
vn 0.48313 0.07836 0.87204
vn 0.46831 -0.17146 0.86677
vn -0.02751 -0.38592 -0.92212
vn -0.0228 -0.64883 -0.76059
vn -0.34879 -0.74433 -0.56949
vn -0.38729 -0.36617 -0.84613
vn 0.33601 -0.36664 -0.86757
vn 0.31312 -0.74397 -0.5903
vn -0.62622 -0.76886 0.12924
vn 0.00341 -0.9913 0.13157
vn 0.38853 -0.15347 -0.90857
vn 0.97743 -0.21117 -0.0057
vn 0.97919 0.2017 0.02242
vn 0.95437 0.29126 0.06589
vn 0.37591 0.11894 -0.91899
vn -0.02943 -0.16915 -0.98515
vn -0.02979 0.12217 -0.99206
vn 0.44246 0.626 -0.64214
vn -0.02757 0.40451 -0.91412
vn -0.42965 0.1199 -0.895
vn -0.48124 0.62726 -0.61234
vn 0.70761 0.70505 -0.04686
vn -0.00298 0.99305 -0.11769
vn -0.44202 -0.15204 -0.88403
vn -0.97571 0.20361 0.08082
vn -0.97605 -0.20937 0.05908
vn -0.94712 0.2939 0.12876
vn -0.70871 0.70547 -0.00699
vn -0.95638 -0.28493 0.06443
vn -0.76295 -0.59769 0.24632
vn 0.77719 -0.59867 0.19384
vn 0.63357 -0.76822 0.09175
vn 0.95826 -0.28579 0.008
vn 0.47642 -0.53477 0.69789
vn 0.21236 -0.72206 0.65844
vn 0.14497 -0.38229 0.9126
vn -0.09279 -0.38288 0.91913
vn -0.17528 -0.72026 0.6712
vn -0.43383 -0.53451 0.72532
vn -0.48581 -0.16847 0.85767
vn -0.13291 -0.11549 0.98438
vn -0.52325 0.10308 0.84592
vn -0.51628 0.42501 0.74352
vn -0.14485 0.12662 0.98132
vn -0.11415 0.37546 0.91978
vn 0.20238 0.12627 0.97113
vn 0.16841 0.37507 0.91157
vn 0.57343 0.10249 0.81282
vn 0.56033 0.42402 0.71151
vn 0.19018 -0.11509 0.97498
vn 0.53651 -0.16811 0.82698
vn -0.21687 0.73277 0.64499
vn 0.25434 0.73316 0.6307
vn -0.50682 0.22479 0.83223
vn -0.26353 0.31405 0.9121
vn -0.60023 0.66855 0.43904
vn -0.69452 0.65973 0.28705
vn -0.07003 -0.29301 0.95354
vn -0.00844 -0.25365 0.96726
vn -0.48104 0.80516 -0.34687
vn -0.31646 0.91653 -0.24458
vn -0.37438 0.71879 0.58581
vn -0.51775 0.7728 -0.36704
vn 0.41113 -0.81378 0.41077
vn 0.59876 -0.64804 0.47067
vn 0.41327 -0.36025 0.83632
vn 0.50505 -0.77116 0.38761
vn -0.75511 0.64661 0.10819
vn -0.57556 0.21194 0.78982
vn -0.57671 0.73215 -0.36243
vn -0.93011 0.36728 -0.00277
vn -0.77195 0.01767 0.63544
vn -0.41166 -0.63046 0.65807
vn -0.75917 0.4892 -0.42936
vn 0.15981 -0.96377 0.21356
vn -0.52366 -0.83313 -0.17797
vn -0.92438 0.16203 0.34535
vn -0.234 -0.50581 0.8303
vn -0.77242 0.30826 -0.55529
vn 0.39126 -0.86191 0.32252
vn -0.06684 -0.3925 0.91732
vn 0.52537 -0.75729 0.38795
vn 0.8521 0.00391 0.52336
vn 0.24599 0.18425 0.9516
vn 0.57934 0.73002 0.36254
vn 0.01796 0.99415 -0.10654
vn -0.08443 0.82363 0.5608
vn 0.05238 0.49842 0.86535
vn -0.13901 0.43906 0.88764
vn -0.16872 0.25417 0.95233
vn 0.08354 0.28576 0.95465
vn -0.17229 0.09122 0.98081
vn 0.09011 0.10626 0.99025
vn 0.29238 0.30375 0.90678
vn 0.3034 0.11109 0.94637
vn 0.26324 0.52339 0.81041
vn 0.08694 -0.07401 0.99346
vn 0.30331 -0.06775 0.95048
vn 0.07276 -0.27358 0.95909
vn -0.29888 -0.4015 0.86572
vn -0.14277 -0.06954 0.98731
vn 0.28879 -0.29943 0.90936
vn 0.50183 -0.06599 0.86245
vn 0.50015 0.11654 0.85806
vn 0.6789 -0.05144 0.73243
vn 0.73008 -0.37865 0.56886
vn 0.49125 -0.26591 0.82943
vn 0.69984 0.11472 0.70503
vn 0.48614 0.29807 0.82147
vn 0.68018 0.28004 0.67744
vn 0.45957 0.51171 0.72591
vn 0.61749 0.4629 0.63594
vn -0.11162 -0.59648 0.79483
vn -0.31601 -0.84835 0.42478
vn -0.59615 -0.65415 0.4655
vn 0.1017 -0.94073 0.32355
vn 0.23676 -0.61498 0.75216
vn -0.09304 -0.94696 -0.3076
vn -0.47024 -0.86496 -0.17529
vn -0.17968 -0.79289 -0.58227
vn -0.50102 -0.7384 -0.45139
vn -0.73555 -0.67196 -0.08621
vn -0.73887 -0.58806 -0.32903
vn 0.51054 -0.83294 0.21345
vn 0.30573 -0.87214 -0.38198
vn 0.7662 -0.63345 0.10807
vn 0.58633 -0.67434 -0.44888
vn 0.16788 -0.74673 -0.64359
vn 0.4452 -0.58988 -0.67367
vn 0.54117 -0.57953 0.60933
vn 0.87979 -0.14518 0.45264
vn 0.88777 -0.45981 0.02089
vn 0.98104 -0.16943 -0.09408
vn 0.88954 0.08958 0.44799
vn 0.98724 -0.12132 -0.10314
vn 0.9825 0.11824 -0.14389
vn 0.87047 0.27469 0.40845
vn 0.83198 0.46121 0.30837
vn 0.65223 0.68538 0.32381
vn 0.97505 0.16113 -0.15267
vn 0.9124 0.36614 -0.18291
vn 0.64846 0.74263 -0.16732
vn 0.84169 0.50369 -0.19459
vn 0.75377 -0.08792 -0.65123
vn 0.73241 -0.36406 -0.57535
vn 0.59644 -0.33906 -0.72753
vn 0.61824 -0.10749 -0.77861
vn 0.48505 0.61555 -0.62115
vn 0.67501 0.39228 -0.62488
vn 0.34408 0.46245 -0.81716
vn 0.52678 0.28252 -0.80168
vn 0.59726 0.08019 -0.79803
vn 0.73192 0.13698 -0.66748
vn -0.6548 0.49434 -0.57172
vn -0.86045 0.31311 -0.40198
vn -0.872 0.42179 -0.24843
vn -0.62519 0.68367 -0.37648
vn -0.66899 0.71565 0.20075
vn -0.45231 0.88191 0.13287
vn -0.18384 0.8081 -0.55962
vn 0.00747 0.99933 0.03587
vn -0.24915 0.57024 -0.78278
vn -0.11671 0.75421 0.64618
vn 0.18761 0.79544 0.57626
vn -0.36052 0.65362 0.66544
vn 0.45985 0.7689 0.44422
vn 0.39775 0.91226 -0.09787
vn 0.22027 0.74922 -0.62462
vn 0.1081 0.54571 -0.83097
vn -0.52897 0.41115 0.74239
vn -0.50321 0.22767 0.83364
vn -0.90804 0.29818 0.2942
vn -0.86767 0.40095 0.29391
vn -0.98383 0.0874 -0.1563
vn -0.91589 0.07898 0.39358
vn -0.97979 -0.15175 -0.1303
vn -0.94084 -0.17021 -0.29299
vn -0.94889 0.04397 -0.31253
vn -0.91503 0.03841 0.40156
vn -0.89306 -0.17982 0.41245
vn -0.91556 -0.38905 -0.10194
vn -0.88451 -0.22282 0.40987
vn -0.74353 -0.48788 0.45732
vn -0.88725 -0.36614 -0.28059
vn -0.50009 0.04666 0.86472
vn -0.49625 -0.18064 0.84918
vn 0.02751 -0.38592 -0.92212
vn 0.38729 -0.36617 -0.84613
vn 0.34879 -0.74433 -0.56949
vn 0.0228 -0.64883 -0.76059
vn -0.33601 -0.36664 -0.86757
vn -0.31312 -0.74397 -0.5903
vn 0.62622 -0.76886 0.12924
vn -0.00341 -0.9913 0.13157
vn -0.38853 -0.15347 -0.90857
vn -0.97743 -0.21117 -0.0057
vn -0.97919 0.2017 0.02242
vn -0.95437 0.29126 0.06589
vn -0.37591 0.11894 -0.91899
vn 0.02943 -0.16915 -0.98515
vn 0.02979 0.12217 -0.99206
vn -0.44246 0.626 -0.64214
vn 0.02757 0.40451 -0.91412
vn 0.42965 0.1199 -0.895
vn 0.48124 0.62726 -0.61234
vn -0.70761 0.70505 -0.04686
vn 0.00298 0.99305 -0.11769
vn 0.44202 -0.15204 -0.88403
vn 0.97571 0.20361 0.08082
vn 0.97605 -0.20937 0.05908
vn 0.94712 0.2939 0.12876
vn 0.70871 0.70547 -0.00699
vn 0.95638 -0.28493 0.06443
vn 0.76295 -0.59769 0.24632
vn -0.63357 -0.76822 0.09175
vn -0.77719 -0.59867 0.19384
vn -0.95826 -0.28579 0.008
vn -0.47642 -0.53477 0.69788
vn -0.21236 -0.72206 0.65844
vn -0.14497 -0.38229 0.9126
vn 0.09279 -0.38288 0.91913
vn 0.17528 -0.72026 0.6712
vn 0.43383 -0.53451 0.72532
vn 0.48581 -0.16847 0.85767
vn 0.13291 -0.11549 0.98438
vn 0.52325 0.10308 0.84592
vn 0.51628 0.42501 0.74352
vn 0.14485 0.12662 0.98132
vn 0.11415 0.37546 0.91978
vn -0.20238 0.12627 0.97113
vn -0.16841 0.37507 0.91157
vn -0.57342 0.10249 0.81282
vn -0.56033 0.42402 0.71151
vn -0.19018 -0.11509 0.97498
vn -0.53651 -0.16811 0.82698
vn 0.21687 0.73277 0.64499
vn -0.25434 0.73316 0.6307
vn 0.38762 0.24039 0.88992
vn 0.58514 0.68519 0.43374
vn 0.45332 0.63498 0.62555
vn 0.19539 0.29549 0.93515
vn 0.0185 -0.26387 0.96438
vn 0.02176 -0.19515 0.98053
vn 0.39597 0.8753 -0.2776
vn 0.19614 0.96508 -0.17365
vn 0.34375 0.75197 0.56247
vn 0.47345 0.82426 -0.31056
vn -0.40043 -0.87394 0.27546
vn -0.69375 -0.62267 0.36192
vn -0.16103 -0.18285 0.96986
vn -0.47307 -0.83029 0.29465
vn 0.70321 0.68231 0.19988
vn 0.47233 0.23044 0.85077
vn 0.52824 0.76989 -0.35808
vn 0.88618 0.46131 -0.04333
vn 0.75374 -0.02429 0.65672
vn 0.50672 -0.65604 0.55932
vn 0.70798 0.49062 -0.50799
vn -0.0145 -0.99427 0.10593
vn 0.57296 -0.78349 -0.24054
vn 0.89256 0.18381 0.41176
vn 0.1889 -0.44154 0.87713
vn 0.80576 0.30709 -0.5064
vn -0.39523 -0.8726 0.28698
vn 0.03508 -0.35718 0.93338
vn -0.54088 -0.77855 0.31829
vn -0.75992 -0.05498 0.64769
vn -0.61945 0.62343 0.47708
vn -0.09539 0.21551 0.97183
vn -0.03942 0.99373 -0.10463
vn 0.06077 0.66646 0.74306
vt 0.46277 0.18113
vt 0.45367 0.1642
vt 0.43624 0.18178
vt 0.44694 0.19407
vt 0.47895 0.17075
vt 0.4722 0.15106
vt 0.42374 0.20656
vt 0.43159 0.2119
vt 0.41254 0.2309
vt 0.42197 0.23498
vt 0.49567 0.16404
vt 0.48942 0.1429
vt 0.5123 0.1584
vt 0.51107 0.13553
vt 0.53449 0.15331
vt 0.53338 0.13084
vt 0.55743 0.14934
vt 0.55616 0.1281
vt 0.57926 0.12724
vt 0.58096 0.14875
vt 0.60184 0.12812
vt 0.60309 0.15231
vt 0.62214 0.13147
vt 0.62076 0.15561
vt 0.64244 0.13766
vt 0.63778 0.16057
vt 0.66183 0.14727
vt 0.65396 0.16712
vt 0.68247 0.16255
vt 0.6711 0.17721
vt 0.69469 0.18678
vt 0.68536 0.19305
vt 0.7062 0.20906
vt 0.69667 0.21339
vt 0.7031 0.17916
vt 0.69039 0.15375
vt 0.71418 0.20597
vt 0.66703 0.13495
vt 0.64472 0.12288
vt 0.62343 0.11509
vt 0.60071 0.11071
vt 0.57917 0.11023
vt 0.5553 0.10885
vt 0.5308 0.11154
vt 0.50789 0.11769
vt 0.48502 0.12723
vt 0.4658 0.13932
vt 0.44336 0.15487
vt 0.42965 0.17277
vt 0.41467 0.20066
vt 0.4056 0.22775
vt 0.43309 0.15046
vt 0.42099 0.17149
vt 0.45975 0.13211
vt 0.41105 0.20263
vt 0.40317 0.22802
vt 0.48224 0.1206
vt 0.50485 0.11131
vt 0.52971 0.1058
vt 0.5543 0.10318
vt 0.57835 0.10411
vt 0.60038 0.10379
vt 0.62345 0.10879
vt 0.64655 0.11777
vt 0.66995 0.1301
vt 0.69634 0.14765
vt 0.70998 0.17965
vt 0.71634 0.20459
vt 0.62388 0.10267
vt 0.60035 0.09783
vt 0.62453 0.09005
vt 0.59767 0.08648
vt 0.64729 0.09403
vt 0.64897 0.11234
vt 0.57754 0.09735
vt 0.57416 0.08462
vt 0.55332 0.0979
vt 0.55051 0.08588
vt 0.52858 0.10017
vt 0.52483 0.08882
vt 0.50137 0.10581
vt 0.49468 0.09427
vt 0.47925 0.11441
vt 0.47077 0.09936
vt 0.45328 0.12503
vt 0.44122 0.10748
vt 0.62273 0.07174
vt 0.59425 0.07118
vt 0.61831 0.05682
vt 0.58991 0.05715
vt 0.61316 0.04087
vt 0.58514 0.03966
vt 0.56509 0.05661
vt 0.55894 0.03883
vt 0.53862 0.05642
vt 0.53035 0.03917
vt 0.51065 0.05554
vt 0.50465 0.03838
vt 0.48058 0.05373
vt 0.47653 0.03657
vt 0.45413 0.05339
vt 0.45101 0.03594
vt 0.42437 0.05527
vt 0.42306 0.03518
vt 0.39447 0.05678
vt 0.39086 0.0356
vt 0.36368 0.05848
vt 0.36352 0.03559
vt 0.3652 0.08889
vt 0.3985 0.08567
vt 0.42982 0.08079
vt 0.48693 0.07387
vt 0.51741 0.07248
vt 0.46114 0.07744
vt 0.40624 0.11395
vt 0.5451 0.07225
vt 0.57005 0.07178
vt 0.41651 0.14655
vt 0.37004 0.14874
vt 0.411 0.1713
vt 0.37562 0.17502
vt 0.34199 0.17644
vt 0.32357 0.14567
vt 0.33017 0.11928
vt 0.36739 0.12015
vt 0.33454 0.09036
vt 0.33545 0.06015
vt 0.33473 0.03752
vt 0.30424 0.04071
vt 0.30538 0.06111
vt 0.27644 0.04372
vt 0.27364 0.06395
vt 0.24965 0.04685
vt 0.246 0.06754
vt 0.22063 0.04985
vt 0.21701 0.07335
vt 0.18802 0.05302
vt 0.18124 0.08063
vt 0.30237 0.09058
vt 0.24147 0.09205
vt 0.21082 0.09668
vt 0.17897 0.10535
vt 0.27036 0.09156
vt 0.23982 0.11046
vt 0.20881 0.11532
vt 0.23718 0.12883
vt 0.20839 0.13365
vt 0.17898 0.12553
vt 0.18067 0.14303
vt 0.26484 0.13023
vt 0.26794 0.11254
vt 0.29331 0.13583
vt 0.29875 0.11559
vt 0.2894 0.14492
vt 0.31561 0.15723
vt 0.28565 0.15433
vt 0.31198 0.1651
vt 0.33643 0.17915
vt 0.33061 0.18178
vt 0.25924 0.14824
vt 0.26083 0.13894
vt 0.2365 0.14553
vt 0.23686 0.13716
vt 0.21254 0.14765
vt 0.21043 0.14068
vt 0.1836 0.15554
vt 0.18212 0.14925
vt 0.3525 0.20755
vt 0.34854 0.20984
vt 0.361 0.23241
vt 0.35721 0.23452
vt 0.30694 0.17987
vt 0.32528 0.19204
vt 0.30046 0.19774
vt 0.31623 0.20658
vt 0.28399 0.19253
vt 0.28481 0.17101
vt 0.34114 0.21486
vt 0.33015 0.21996
vt 0.34904 0.23707
vt 0.34129 0.23944
vt 0.26754 0.19032
vt 0.26296 0.16726
vt 0.24973 0.18974
vt 0.24293 0.16697
vt 0.2274 0.19118
vt 0.21961 0.16972
vt 0.20043 0.19756
vt 0.19135 0.17674
vt 0.22889 0.20001
vt 0.24981 0.19877
vt 0.20526 0.20663
vt 0.24092 0.21517
vt 0.20518 0.2263
vt 0.26692 0.19912
vt 0.28198 0.201
vt 0.29693 0.20581
vt 0.31079 0.21382
vt 0.32256 0.22594
vt 0.29627 0.22261
vt 0.27236 0.21532
vt 0.31511 0.2429
vt 0.33259 0.24351
vt 0.69222 0.03958
vt 0.69185 0.05753
vt 0.71963 0.05815
vt 0.71895 0.03892
vt 0.74475 0.05966
vt 0.74573 0.0397
vt 0.66819 0.05672
vt 0.66819 0.04117
vt 0.64275 0.05607
vt 0.63773 0.04101
vt 0.64581 0.07301
vt 0.6685 0.07492
vt 0.69113 0.07667
vt 0.71878 0.07721
vt 0.74396 0.07826
vt 0.74327 0.0983
vt 0.7167 0.09694
vt 0.66778 0.09474
vt 0.74283 0.11753
vt 0.71397 0.11678
vt 0.74024 0.14405
vt 0.70493 0.14125
vt 0.68259 0.11511
vt 0.67348 0.12517
vt 0.66853 0.10809
vt 0.71427 0.17729
vt 0.73633 0.17445
vt 0.68865 0.09547
vt 0.75551 0.17252
vt 0.77287 0.14141
vt 0.77046 0.11658
vt 0.80373 0.11998
vt 0.80431 0.13295
vt 0.81924 0.11205
vt 0.83533 0.12056
vt 0.80004 0.09922
vt 0.76927 0.09868
vt 0.7689 0.07932
vt 0.77004 0.06101
vt 0.79788 0.06306
vt 0.79943 0.04141
vt 0.77162 0.04078
vt 0.82425 0.06418
vt 0.82638 0.04319
vt 0.85036 0.06629
vt 0.86023 0.04504
vt 0.87739 0.06777
vt 0.88633 0.0443
vt 0.90672 0.06756
vt 0.91317 0.04342
vt 0.93632 0.06441
vt 0.94281 0.04233
vt 0.96925 0.06212
vt 0.97666 0.0363
vt 0.84617 0.08061
vt 0.82248 0.07971
vt 0.79848 0.0799
vt 0.90054 0.08385
vt 0.87101 0.08231
vt 0.96201 0.08426
vt 0.92863 0.08542
vt 0.8428 0.09968
vt 0.82182 0.09926
vt 0.89458 0.10006
vt 0.86601 0.09998
vt 0.88932 0.11397
vt 0.86208 0.11574
vt 0.91926 0.11599
vt 0.92436 0.10245
vt 0.94925 0.11868
vt 0.95505 0.10221
vt 0.91682 0.12088
vt 0.9475 0.12488
vt 0.91417 0.12571
vt 0.94556 0.13107
vt 0.88374 0.12612
vt 0.88651 0.12004
vt 0.85648 0.12727
vt 0.85934 0.12154
vt 0.83239 0.13409
vt 0.83421 0.12763
vt 0.80667 0.1439
vt 0.80586 0.13905
vt 0.78271 0.1561
vt 0.77989 0.15277
vt 0.76874 0.17597
vt 0.76451 0.17443
vt 0.75848 0.19222
vt 0.76157 0.19225
vt 0.79056 0.1674
vt 0.77661 0.18099
vt 0.7964 0.17556
vt 0.78235 0.18654
vt 0.76721 0.19538
vt 0.77266 0.19978
vt 0.81501 0.16927
vt 0.8102 0.15568
vt 0.83398 0.16603
vt 0.83247 0.14921
vt 0.85387 0.16465
vt 0.85538 0.14505
vt 0.87844 0.16302
vt 0.88045 0.14282
vt 0.90662 0.16473
vt 0.90998 0.14511
vt 0.93313 0.17345
vt 0.93997 0.15246
vt 0.85512 0.17384
vt 0.8785 0.17257
vt 0.83573 0.1753
vt 0.90486 0.17365
vt 0.92756 0.18197
vt 0.86801 0.19123
vt 0.83017 0.19317
vt 0.81848 0.17796
vt 0.80172 0.18327
vt 0.78909 0.19283
vt 0.78004 0.20428
vt 0.80241 0.19914
vt 0.7861 0.2168
vt 0.90978 0.1933
vt 0.40698 0.20288
vt 0.38072 0.2031
vt 0.357 0.2053
vt 0.38409 0.2287
vt 0.36522 0.23079
vt 0.40014 0.22822
vt 0.7193 0.02981
vt 0.69138 0.02979
vt 0.74673 0.03031
vt 0.66729 0.0303
vt 0.63573 0.03057
vt 0.60935 0.02978
vt 0.58229 0.02938
vt 0.55581 0.02963
vt 0.52887 0.02958
vt 0.50139 0.02902
vt 0.47451 0.02877
vt 0.44988 0.02745
vt 0.4231 0.02653
vt 0.39004 0.02614
vt 0.36309 0.02686
vt 0.33628 0.02865
vt 0.30305 0.03237
vt 0.27749 0.03535
vt 0.25085 0.03731
vt 0.22292 0.03902
vt 0.19142 0.03966
vt 0.39014 0.01821
vt 0.36256 0.01871
vt 0.33563 0.02054
vt 0.302 0.02446
vt 0.27697 0.02749
vt 0.25021 0.02892
vt 0.22277 0.03016
vt 0.19231 0.02943
vt 0.40575 0.00373
vt 0.34881 0.00468
vt 0.42321 0.01912
vt 0.45041 0.02028
vt 0.47453 0.02196
vt 0.50163 0.02201
vt 0.52873 0.02226
vt 0.55592 0.02188
vt 0.58215 0.02137
vt 0.60972 0.02179
vt 0.63575 0.02275
vt 0.6673 0.02237
vt 0.69111 0.02138
vt 0.71949 0.02102
vt 0.7469 0.02152
vt 0.77454 0.02289
vt 0.77416 0.03149
vt 0.80033 0.03235
vt 0.82819 0.03316
vt 0.86378 0.035
vt 0.89094 0.03476
vt 0.91574 0.03432
vt 0.94481 0.03147
vt 0.9779 0.02339
vt 0.97461 0.01435
vt 0.9432 0.02291
vt 0.91483 0.02602
vt 0.89078 0.02644
vt 0.86373 0.02674
vt 0.8286 0.02428
vt 0.80045 0.02358
vt 0.78614 0.00935
vt 0.95399 0.0036
vt 0.89982 0.00997
vt 0.8432 0.0102
vt 0.73382 0.00766
vt 0.68058 0.00776
vt 0.62482 0.00766
vt 0.57082 0.00672
vt 0.51628 0.00658
vt 0.46227 0.00556
vt 0.45436 0.2011
vt 0.46868 0.18874
vt 0.4832 0.17886
vt 0.44174 0.21766
vt 0.43188 0.23739
vt 0.49906 0.17251
vt 0.51467 0.16724
vt 0.53644 0.16236
vt 0.55814 0.15855
vt 0.58043 0.15779
vt 0.6014 0.16096
vt 0.6188 0.16382
vt 0.63465 0.16843
vt 0.64995 0.17475
vt 0.66521 0.18429
vt 0.67776 0.19869
vt 0.68673 0.21685
vt 0.64915 0.19187
vt 0.66891 0.2139
vt 0.62242 0.1813
vt 0.58896 0.17631
vt 0.55003 0.17772
vt 0.51225 0.18603
vt 0.48514 0.19763
vt 0.46087 0.21916
vt 0.44506 0.25025
vt 0.28965 0.00983
vt 0.23668 0.01283
vt 0.17864 0.0098
vt 0.09455 0.99514
vt 0.09306 0.95571
vt 0.07174 0.99372
vt 0.05014 0.98343
vt 0.03697 0.96722
vt 0.03338 0.94745
vt 0.04402 0.92879
vt 0.06782 0.91859
vt 0.09396 0.91537
vt 0.12062 0.9183
vt 0.13845 0.92952
vt 0.14878 0.94653
vt 0.14923 0.96467
vt 0.13656 0.98017
vt 0.11649 0.9909
vt 0.75844 0.95918
vt 0.78525 0.96122
vt 0.76705 0.94025
vt 0.76597 0.98181
vt 0.786 0.99049
vt 0.80443 0.98348
vt 0.81308 0.96434
vt 0.80474 0.94244
vt 0.78331 0.93378
vt 0.72569 0.99049
vt 0.72384 0.9624
vt 0.709 0.98744
vt 0.69862 0.97055
vt 0.70266 0.94669
vt 0.71867 0.93493
vt 0.73926 0.93817
vt 0.75449 0.95794
vt 0.74412 0.9809
vt 0.75502 0.19329
vt 0.73752 0.19792
vt 0.71953 0.2027
vt 0.65493 0.23626
vt 0.65493 0.26273
vt 0.6657 0.24984
vt 0.6657 0.26273
vt 0.6657 0.23626
vt 0.6419 0.24706
vt 0.63049 0.23404
vt 0.63049 0.24706
vt 0.6419 0.22065
vt 0.63049 0.22065
vt 0.51234 0.23413
vt 0.50485 0.23466
vt 0.50638 0.24754
vt 0.51247 0.24745
vt 0.50411 0.2593
vt 0.51131 0.2593
vt 0.51209 0.22064
vt 0.50461 0.22068
vt 0.51137 0.21038
vt 0.50393 0.21038
vt 0.50463 0.25112
vt 0.50394 0.25655
vt 0.49729 0.22069
vt 0.49743 0.23413
vt 0.48841 0.23409
vt 0.48821 0.22072
vt 0.49672 0.21038
vt 0.48798 0.21038
vt 0.48789 0.2474
vt 0.49683 0.24744
vt 0.4879 0.2593
vt 0.49667 0.2593
vt 0.47912 0.22068
vt 0.47921 0.23411
vt 0.47537 0.23416
vt 0.47537 0.22058
vt 0.47914 0.21038
vt 0.47537 0.21038
vt 0.47537 0.24705
vt 0.47884 0.2473
vt 0.47537 0.2593
vt 0.47908 0.2593
vt 0.50301 0.24758
vt 0.50329 0.2593
vt 0.37143 0.97921
vt 0.36384 0.96128
vt 0.36388 0.98665
vt 0.36933 0.98665
vt 0.37027 0.96128
vt 0.37127 0.98665
vt 0.37653 0.96128
vt 0.37819 0.98665
vt 0.38464 0.96128
vt 0.38565 0.98665
vt 0.39322 0.98665
vt 0.3929 0.96128
vt 0.39652 0.96128
vt 0.39654 0.98665
vt 0.37304 0.98665
vt 0.35816 0.98665
vt 0.35759 0.96128
vt 0.35138 0.96128
vt 0.35246 0.98665
vt 0.34536 0.97921
vt 0.34712 0.98665
vt 0.34498 0.96128
vt 0.3453 0.98665
vt 0.34345 0.98665
vt 0.33857 0.96128
vt 0.33806 0.98665
vt 0.33266 0.98665
vt 0.33268 0.96128
vt 0.32695 0.98665
vt 0.32643 0.96128
vt 0.31964 0.97921
vt 0.32003 0.96128
vt 0.31363 0.96128
vt 0.31255 0.98665
vt 0.30741 0.96128
vt 0.30685 0.98665
vt 0.30113 0.98665
vt 0.30117 0.96128
vt 0.29357 0.97921
vt 0.29568 0.98665
vt 0.29474 0.96128
vt 0.29373 0.98665
vt 0.28848 0.96128
vt 0.29197 0.98665
vt 0.28681 0.98665
vt 0.27937 0.98665
vt 0.28036 0.96128
vt 0.2721 0.96128
vt 0.2718 0.98665
vt 0.26848 0.98665
vt 0.26848 0.96128
vt 0.58925 0.23452
vt 0.58175 0.23413
vt 0.58187 0.24715
vt 0.58795 0.24679
vt 0.58321 0.25892
vt 0.59046 0.25892
vt 0.58924 0.22068
vt 0.58175 0.22064
vt 0.58976 0.21038
vt 0.58231 0.21038
vt 0.59052 0.25702
vt 0.58976 0.25014
vt 0.57492 0.22064
vt 0.57545 0.21038
vt 0.57621 0.25892
vt 0.57538 0.2474
vt 0.57498 0.2341
vt 0.56858 0.21038
vt 0.56815 0.22062
vt 0.56078 0.22065
vt 0.5609 0.23464
vt 0.56827 0.23413
vt 0.56113 0.21038
vt 0.56274 0.24754
vt 0.56887 0.24744
vt 0.56221 0.25892
vt 0.56923 0.25892
vt 0.56162 0.25657
vt 0.56124 0.25105
vt 0.56133 0.2593
vt 0.55948 0.24754
vt 0.55366 0.21038
vt 0.55342 0.22063
vt 0.54673 0.22072
vt 0.54665 0.21038
vt 0.54042 0.22062
vt 0.54 0.21038
vt 0.54055 0.23413
vt 0.54687 0.2341
vt 0.54097 0.24745
vt 0.54699 0.2473
vt 0.54032 0.2593
vt 0.54707 0.2593
vt 0.55355 0.23413
vt 0.55338 0.24744
vt 0.55419 0.2593
vt 0.53306 0.22065
vt 0.53321 0.23465
vt 0.52583 0.23413
vt 0.52569 0.22062
vt 0.53254 0.21038
vt 0.5251 0.21038
vt 0.52548 0.24746
vt 0.53162 0.24759
vt 0.52528 0.2593
vt 0.53229 0.2593
vt 0.53316 0.25112
vt 0.53286 0.25654
vt 0.51892 0.22064
vt 0.51911 0.2341
vt 0.51896 0.2474
vt 0.5183 0.2593
vt 0.51823 0.21038
vt 0.53488 0.24759
vt 0.53317 0.2593
vt 0.60563 0.22072
vt 0.59656 0.22069
vt 0.59665 0.23412
vt 0.60567 0.23409
vt 0.60571 0.21038
vt 0.59697 0.21038
vt 0.5975 0.24714
vt 0.60644 0.2474
vt 0.59781 0.25892
vt 0.6066 0.25892
vt 0.59113 0.25892
vt 0.59133 0.24684
vt 0.61473 0.2207
vt 0.61452 0.21038
vt 0.61943 0.21038
vt 0.61943 0.22065
vt 0.61489 0.2341
vt 0.61943 0.23404
vt 0.61549 0.2473
vt 0.61943 0.24706
vt 0.61542 0.25892
vt 0.61943 0.25892
vt 0.31788 0.98665
vt 0.31971 0.98665
vt 0.32156 0.98665
vt 0.43738 0.59093
vt 0.44447 0.57526
vt 0.43109 0.57344
vt 0.42886 0.58482
vt 0.41715 0.58566
vt 0.41496 0.57077
vt 0.42042 0.59938
vt 0.40587 0.59964
vt 0.40587 0.58557
vt 0.40587 0.5683
vt 0.40587 0.60875
vt 0.42042 0.61167
vt 0.43652 0.60718
vt 0.43254 0.6173
vt 0.44493 0.62138
vt 0.43675 0.62823
vt 0.40587 0.62998
vt 0.4194 0.62951
vt 0.41462 0.55022
vt 0.42918 0.55226
vt 0.44191 0.55282
vt 0.40587 0.54864
vt 0.44923 0.64263
vt 0.4386 0.64325
vt 0.40587 0.53763
vt 0.43772 0.54294
vt 0.42525 0.54069
vt 0.45031 0.65245
vt 0.39711 0.55022
vt 0.39669 0.57074
vt 0.39458 0.58566
vt 0.38085 0.57357
vt 0.38287 0.58482
vt 0.37436 0.59093
vt 0.36726 0.57526
vt 0.39131 0.59938
vt 0.39131 0.61167
vt 0.37521 0.60718
vt 0.37919 0.6173
vt 0.3668 0.62138
vt 0.37498 0.62823
vt 0.39232 0.62918
vt 0.36982 0.55282
vt 0.38256 0.55226
vt 0.3625 0.64263
vt 0.37314 0.64325
vt 0.37401 0.54294
vt 0.38648 0.54069
vt 0.36142 0.65245
vt 0.39268 0.64212
vt 0.40587 0.64479
vt 0.41905 0.64212
vt 0.88475 0.91408
vt 0.88461 0.89357
vt 0.86451 0.89972
vt 0.86683 0.91659
vt 0.90297 0.91163
vt 0.90622 0.89023
vt 0.84385 0.90827
vt 0.84803 0.92287
vt 0.8239 0.91866
vt 0.82894 0.93148
vt 0.92045 0.91398
vt 0.92382 0.89009
vt 0.93657 0.91761
vt 0.94513 0.89242
vt 0.95634 0.92172
vt 0.96587 0.89795
vt 0.97571 0.92982
vt 0.98578 0.90492
vt 0.82095 0.9112
vt 0.84048 0.90172
vt 0.86373 0.8892
vt 0.88357 0.88076
vt 0.90534 0.87664
vt 0.95042 0.8736
vt 0.97193 0.87835
vt 0.99341 0.88612
vt 0.92659 0.87349
vt 0.96323 0.95287
vt 0.94731 0.94365
vt 0.93993 0.95733
vt 0.95312 0.96724
vt 0.93055 0.97012
vt 0.94025 0.98021
vt 0.92061 0.99151
vt 0.91659 0.9808
vt 0.91367 0.97271
vt 0.92207 0.96423
vt 0.92679 0.95048
vt 0.91141 0.96038
vt 0.91345 0.9463
vt 0.90129 0.97151
vt 0.90098 0.95896
vt 0.89052 0.96015
vt 0.8883 0.94595
vt 0.90089 0.94481
vt 0.88793 0.97274
vt 0.87981 0.96393
vt 0.87505 0.94968
vt 0.86093 0.9565
vt 0.86931 0.96969
vt 0.88554 0.9811
vt 0.88005 0.99121
vt 0.85927 0.97874
vt 0.84694 0.96537
vt 0.90044 0.99487
vt 0.9005 0.98237
vt 0.85465 0.94251
vt 0.87119 0.936
vt 0.88615 0.93062
vt 0.90093 0.92771
vt 0.83833 0.95162
vt 0.91616 0.93007
vt 0.93163 0.93604
vt 0.11573 0.21925
vt 0.13109 0.23138
vt 0.13979 0.22121
vt 0.12379 0.206
vt 0.15419 0.2375
vt 0.14455 0.24747
vt 0.09956 0.2099
vt 0.10713 0.19064
vt 0.08434 0.20201
vt 0.0902 0.17996
vt 0.06816 0.19572
vt 0.07214 0.17126
vt 0.0515 0.19167
vt 0.0539 0.1654
vt 0.03206 0.18761
vt 0.03273 0.16218
vt 0.0121 0.18754
vt 0.01245 0.16131
vt 0.11356 0.17743
vt 0.09481 0.16417
vt 0.13137 0.19531
vt 0.14796 0.21356
vt 0.16016 0.23282
vt 0.07609 0.1544
vt 0.05474 0.14658
vt 0.03396 0.14285
vt 0.01269 0.14092
vt 0.03231 0.21153
vt 0.0135 0.21358
vt 0.03334 0.22683
vt 0.04786 0.22559
vt 0.04706 0.24089
vt 0.05748 0.24119
vt 0.05056 0.25144
vt 0.06232 0.25577
vt 0.06721 0.2439
vt 0.07616 0.24935
vt 0.07327 0.26195
vt 0.08469 0.25703
vt 0.09173 0.26644
vt 0.07333 0.27015
vt 0.07283 0.2821
vt 0.09752 0.27905
vt 0.1143 0.27162
vt 0.10518 0.25754
vt 0.09496 0.24581
vt 0.08442 0.23672
vt 0.07342 0.2306
vt 0.06108 0.22687
vt 0.05266 0.27737
vt 0.05858 0.26497
vt 0.04425 0.25718
vt 0.03567 0.26581
vt 0.03612 0.24251
vt 0.02244 0.24774
vt 0.0166 0.23065
vt 0.06452 0.21214
vt 0.07968 0.2164
vt 0.09223 0.22393
vt 0.1044 0.23431
vt 0.11597 0.24786
vt 0.12778 0.26206
vt 0.04952 0.21044
vt 0.88959 0.52199
vt 0.90836 0.52629
vt 0.91057 0.50731
vt 0.8921 0.50334
vt 0.87167 0.52113
vt 0.86924 0.49967
vt 0.93123 0.51619
vt 0.92568 0.52945
vt 0.95028 0.52735
vt 0.94688 0.53542
vt 0.85512 0.52174
vt 0.84742 0.50004
vt 0.83861 0.5252
vt 0.82972 0.50175
vt 0.81915 0.53216
vt 0.80908 0.50699
vt 0.79799 0.53863
vt 0.78777 0.51429
vt 0.8907 0.48755
vt 0.91161 0.49571
vt 0.95347 0.51716
vt 0.93442 0.50729
vt 0.82114 0.4801
vt 0.79992 0.48541
vt 0.77903 0.49555
vt 0.84223 0.47941
vt 0.86677 0.48181
vt 0.04936 0.05685
vt 0.04764 0.04688
vt 0.02745 0.05192
vt 0.03098 0.06291
vt 0.00895 0.06263
vt 0.01265 0.07332
vt 0.06866 0.05365
vt 0.06873 0.03851
vt 0.08648 0.05265
vt 0.08913 0.03509
vt 0.10362 0.05505
vt 0.10918 0.03477
vt 0.12358 0.05804
vt 0.12957 0.0371
vt 0.1429 0.06472
vt 0.14983 0.04267
vt 0.15993 0.07572
vt 0.17041 0.04993
vt 0.06843 0.02466
vt 0.09138 0.01939
vt 0.04557 0.03209
vt 0.02499 0.04502
vt 0.00507 0.05345
vt 0.11343 0.01785
vt 0.13599 0.01981
vt 0.15753 0.02412
vt 0.17869 0.03042
vt 0.13293 0.08472
vt 0.14787 0.0966
vt 0.12362 0.10112
vt 0.11019 0.0946
vt 0.10407 0.10761
vt 0.0946 0.10369
vt 0.09774 0.11542
vt 0.08443 0.11425
vt 0.08446 0.10151
vt 0.07476 0.10353
vt 0.07241 0.11459
vt 0.0642 0.10686
vt 0.05271 0.11233
vt 0.06868 0.12341
vt 0.06394 0.13573
vt 0.04337 0.1227
vt 0.03173 0.10922
vt 0.04444 0.09966
vt 0.05901 0.09267
vt 0.07181 0.08916
vt 0.08462 0.08815
vt 0.09689 0.08991
vt 0.08417 0.1392
vt 0.08459 0.12502
vt 0.10002 0.12355
vt 0.10329 0.1352
vt 0.11437 0.11351
vt 0.12326 0.12302
vt 0.13679 0.11019
vt 0.06984 0.07552
vt 0.05475 0.0795
vt 0.03957 0.08636
vt 0.02299 0.09452
vt 0.08428 0.07459
vt 0.09955 0.07504
vt 0.11607 0.07837
vt 0.97442 0.68266
vt 0.97337 0.67478
vt 0.961 0.68218
vt 0.9673 0.68699
vt 0.9597 0.69116
vt 0.94269 0.68514
vt 0.94973 0.6944
vt 0.97066 0.66583
vt 0.95851 0.67191
vt 0.9835 0.66917
vt 0.98563 0.67154
vt 0.98104 0.67712
vt 0.98811 0.66881
vt 0.98686 0.66638
vt 0.98871 0.66931
vt 0.98962 0.66636
vt 0.98005 0.66067
vt 0.98551 0.65818
vt 0.9412 0.67392
vt 0.98963 0.65923
vt 0.95529 0.65193
vt 0.96898 0.65038
vt 0.9771 0.64814
vt 0.9819 0.64654
vt 0.93924 0.65213
vt 0.98806 0.6442
vt 0.96578 0.6377
vt 0.95679 0.6377
vt 0.96964 0.63595
vt 0.97338 0.63204
vt 0.97821 0.62624
vt 0.92702 0.67446
vt 0.92746 0.68709
vt 0.93903 0.69693
vt 0.92785 0.69836
vt 0.92622 0.65198
vt 0.93846 0.64053
vt 0.92571 0.63826
vt 0.95799 0.60944
vt 0.95698 0.61803
vt 0.9471 0.61136
vt 0.94862 0.60408
vt 0.94494 0.60183
vt 0.94278 0.60895
vt 0.9406 0.61279
vt 0.94556 0.61697
vt 0.95578 0.62376
vt 0.92492 0.61448
vt 0.92504 0.61826
vt 0.90913 0.61383
vt 0.90447 0.61831
vt 0.90256 0.61284
vt 0.90671 0.61013
vt 0.90407 0.60318
vt 0.90055 0.60567
vt 0.89157 0.61166
vt 0.89322 0.62014
vt 0.89481 0.62583
vt 0.87781 0.63537
vt 0.87257 0.62991
vt 0.86413 0.64878
vt 0.87041 0.65041
vt 0.86349 0.66371
vt 0.86725 0.66227
vt 0.86502 0.671
vt 0.86545 0.67083
vt 0.86508 0.67361
vt 0.86532 0.67345
vt 0.87058 0.67311
vt 0.86844 0.67572
vt 0.88069 0.6783
vt 0.87687 0.68332
vt 0.8948 0.68285
vt 0.89146 0.69159
vt 0.91212 0.68632
vt 0.90572 0.69585
vt 0.88311 0.66878
vt 0.89544 0.67407
vt 0.87296 0.66448
vt 0.91285 0.67493
vt 0.89722 0.65402
vt 0.88345 0.6534
vt 0.87528 0.65163
vt 0.91327 0.6531
vt 0.88576 0.64053
vt 0.89479 0.6399
vt 0.88179 0.63905
vt 0.9166 0.69775
vt 0.9132 0.6415
vt 0.90546 0.7022
vt 0.91689 0.70505
vt 0.92814 0.70666
vt 0.9392 0.70404
vt 0.95045 0.70056
vt 0.96052 0.69679
vt 0.96953 0.69242
vt 0.97661 0.68682
vt 0.98298 0.68059
vt 0.98816 0.67483
vt 0.98971 0.67229
vt 0.99044 0.67067
vt 0.97542 0.70056
vt 0.9833 0.69223
vt 0.98799 0.68463
vt 0.99128 0.67809
vt 0.99279 0.67389
vt 0.99282 0.67271
vt 0.96526 0.70757
vt 0.95355 0.714
vt 0.94094 0.71794
vt 0.92855 0.71966
vt 0.91613 0.71896
vt 0.90386 0.71601
vt 0.89108 0.71029
vt 0.89503 0.69939
vt 0.88572 0.69564
vt 0.87821 0.69055
vt 0.87025 0.68486
vt 0.86669 0.67936
vt 0.86421 0.67665
vt 0.86363 0.67506
vt 0.87258 0.6956
vt 0.88093 0.70405
vt 0.86709 0.68922
vt 0.86155 0.67852
vt 0.86289 0.68261
vt 0.86176 0.67643
vt 0.03519 0.62232
vt 0.03519 0.62566
vt 0.03853 0.62476
vt 0.03691 0.62262
vt 0.03795 0.62762
vt 0.03519 0.62787
vt 0.03801 0.63079
vt 0.03519 0.63143
vt 0.04159 0.6331
vt 0.03519 0.63379
vt 0.03949 0.63646
vt 0.04913 0.63762
vt 0.04613 0.64028
vt 0.05249 0.64273
vt 0.04834 0.64398
vt 0.05404 0.65212
vt 0.04964 0.65181
vt 0.05177 0.65956
vt 0.0491 0.65634
vt 0.03519 0.66546
vt 0.03519 0.66172
vt 0.03519 0.63576
vt 0.03519 0.65348
vt 0.03519 0.64435
vt 0.0186 0.65956
vt 0.02127 0.65634
vt 0.02073 0.65181
vt 0.01633 0.65212
vt 0.02203 0.64398
vt 0.01788 0.64273
vt 0.02424 0.64028
vt 0.02124 0.63762
vt 0.03088 0.63646
vt 0.02878 0.6331
vt 0.03236 0.63079
vt 0.03242 0.62762
vt 0.03187 0.62478
vt 0.03346 0.62262
vt 0.60115 0.75861
vt 0.57496 0.75789
vt 0.57121 0.78055
vt 0.60029 0.78409
vt 0.54663 0.7769
vt 0.54965 0.75502
vt 0.51387 0.76986
vt 0.51808 0.74774
vt 0.48516 0.75995
vt 0.49008 0.73398
vt 0.4567 0.75066
vt 0.46324 0.72111
vt 0.42874 0.7411
vt 0.43428 0.71298
vt 0.62406 0.78456
vt 0.6251 0.7595
vt 0.48135 0.78177
vt 0.51122 0.79106
vt 0.45365 0.77393
vt 0.45294 0.79101
vt 0.48119 0.79925
vt 0.4263 0.78458
vt 0.4258 0.76748
vt 0.39583 0.7755
vt 0.39505 0.75748
vt 0.36485 0.76571
vt 0.36439 0.74893
vt 0.33519 0.74415
vt 0.33395 0.76063
vt 0.30479 0.74307
vt 0.30347 0.75979
vt 0.2694 0.74218
vt 0.27303 0.75868
vt 0.26928 0.72107
vt 0.30569 0.72286
vt 0.23506 0.74167
vt 0.23419 0.76058
vt 0.3979 0.73412
vt 0.36485 0.72851
vt 0.33654 0.72396
vt 0.30602 0.6954
vt 0.33847 0.69689
vt 0.20556 0.74292
vt 0.20707 0.76163
vt 0.20726 0.77112
vt 0.23601 0.76956
vt 0.27359 0.76855
vt 0.30379 0.76932
vt 0.33373 0.77112
vt 0.36471 0.77649
vt 0.39611 0.78475
vt 0.4253 0.79188
vt 0.45392 0.79967
vt 0.48249 0.80765
vt 0.51108 0.8088
vt 0.51125 0.81591
vt 0.5428 0.81634
vt 0.54448 0.79693
vt 0.5427 0.82291
vt 0.56797 0.82018
vt 0.56814 0.80145
vt 0.59543 0.82374
vt 0.59679 0.80174
vt 0.56799 0.82673
vt 0.59554 0.82912
vt 0.62193 0.82437
vt 0.62213 0.81791
vt 0.6133 0.81297
vt 0.62195 0.83027
vt 0.6185 0.80888
vt 0.62306 0.81126
vt 0.61632 0.80373
vt 0.61036 0.8027
vt 0.61778 0.79801
vt 0.61488 0.79408
vt 0.62411 0.78951
vt 0.62412 0.79458
vt 0.61999 0.80708
vt 0.62333 0.8094
vt 0.62288 0.80528
vt 0.62404 0.80633
vt 0.62182 0.80384
vt 0.61927 0.80307
vt 0.62001 0.8004
vt 0.62282 0.80146
vt 0.6234 0.79733
vt 0.62403 0.80061
vt 0.62394 0.80327
vt 0.6242 0.80217
vt 0.62437 0.8033
vt 0.62587 0.8051
vt 0.62707 0.80808
vt 0.6269 0.80116
vt 0.62826 0.79904
vt 0.62689 0.80326
vt 0.6295 0.8041
vt 0.63087 0.79676
vt 0.63307 0.80458
vt 0.63587 0.80439
vt 0.63443 0.79464
vt 0.63341 0.81626
vt 0.62884 0.81021
vt 0.64694 0.82418
vt 0.64906 0.83055
vt 0.67579 0.82352
vt 0.67637 0.80377
vt 0.64763 0.80572
vt 0.67572 0.82987
vt 0.70179 0.8024
vt 0.70224 0.82073
vt 0.73465 0.79964
vt 0.70119 0.78185
vt 0.73409 0.77806
vt 0.70149 0.75977
vt 0.67545 0.76102
vt 0.67673 0.78429
vt 0.64868 0.78679
vt 0.64937 0.76051
vt 0.73217 0.75458
vt 0.76447 0.77276
vt 0.7621 0.74695
vt 0.79232 0.76577
vt 0.78924 0.7386
vt 0.82189 0.75974
vt 0.81787 0.73044
vt 0.76546 0.79489
vt 0.79333 0.78848
vt 0.79211 0.80554
vt 0.76462 0.81033
vt 0.82022 0.7998
vt 0.82239 0.78466
vt 0.85512 0.79654
vt 0.85759 0.77849
vt 0.85539 0.75473
vt 0.7348 0.81441
vt 0.73471 0.82196
vt 0.76435 0.81672
vt 0.82082 0.80825
vt 0.85464 0.80553
vt 0.79204 0.81251
vt 0.70202 0.82775
vt 0.85146 0.72601
vt 0.84866 0.69936
vt 0.8106 0.69775
vt 0.7833 0.71093
vt 0.77135 0.68661
vt 0.75382 0.70099
vt 0.74427 0.68159
vt 0.76005 0.66606
vt 0.71939 0.68904
vt 0.72533 0.71134
vt 0.73272 0.66306
vt 0.74884 0.65113
vt 0.70897 0.66852
vt 0.77081 0.64627
vt 0.75705 0.6315
vt 0.77431 0.61483
vt 0.76265 0.60508
vt 0.78516 0.59529
vt 0.7785 0.58409
vt 0.76349 0.57802
vt 0.78603 0.55927
vt 0.79495 0.56872
vt 0.77323 0.54998
vt 0.75322 0.56544
vt 0.80291 0.57979
vt 0.72302 0.65053
vt 0.70385 0.65632
vt 0.69727 0.6424
vt 0.68473 0.6581
vt 0.67993 0.64426
vt 0.66238 0.64527
vt 0.66549 0.65887
vt 0.64687 0.65907
vt 0.64596 0.64555
vt 0.62918 0.65869
vt 0.6299 0.64544
vt 0.71278 0.63777
vt 0.72413 0.6293
vt 0.73697 0.64007
vt 0.74538 0.62483
vt 0.73042 0.61753
vt 0.73165 0.60642
vt 0.74804 0.60525
vt 0.74573 0.58887
vt 0.73037 0.59444
vt 0.72658 0.58501
vt 0.73951 0.57578
vt 0.61373 0.64449
vt 0.61151 0.65772
vt 0.59636 0.64285
vt 0.59263 0.65592
vt 0.5792 0.64017
vt 0.57353 0.65366
vt 0.55475 0.65044
vt 0.56268 0.63705
vt 0.5476 0.63092
vt 0.53613 0.64281
vt 0.52326 0.63075
vt 0.5368 0.62159
vt 0.51722 0.61454
vt 0.53244 0.60917
vt 0.51682 0.59568
vt 0.5315 0.59721
vt 0.534 0.58688
vt 0.51931 0.57949
vt 0.52769 0.56841
vt 0.53977 0.57897
vt 0.5698 0.62515
vt 0.58462 0.6284
vt 0.5999 0.63109
vt 0.61611 0.63295
vt 0.63053 0.63374
vt 0.64506 0.6337
vt 0.66033 0.63326
vt 0.67655 0.63243
vt 0.69145 0.62987
vt 0.70427 0.62546
vt 0.7134 0.61941
vt 0.71755 0.61108
vt 0.71347 0.60862
vt 0.71902 0.60412
vt 0.71508 0.60195
vt 0.71011 0.60723
vt 0.71159 0.60201
vt 0.70767 0.60073
vt 0.70415 0.60317
vt 0.70546 0.59959
vt 0.70223 0.60074
vt 0.70811 0.598
vt 0.7063 0.59835
vt 0.71086 0.59766
vt 0.71503 0.59844
vt 0.70599 0.59641
vt 0.70523 0.5976
vt 0.69809 0.60654
vt 0.69616 0.60328
vt 0.69069 0.60792
vt 0.68838 0.60486
vt 0.69691 0.6144
vt 0.70414 0.61086
vt 0.70062 0.61996
vt 0.7088 0.6151
vt 0.6805 0.60949
vt 0.67784 0.60628
vt 0.66846 0.61121
vt 0.66672 0.60693
vt 0.67177 0.61883
vt 0.68547 0.61707
vt 0.67421 0.62576
vt 0.68849 0.62352
vt 0.65545 0.61174
vt 0.65425 0.60771
vt 0.64294 0.61183
vt 0.64243 0.60799
vt 0.63134 0.61143
vt 0.63145 0.60781
vt 0.63076 0.62026
vt 0.64376 0.62058
vt 0.63065 0.62717
vt 0.64441 0.62733
vt 0.65758 0.62004
vt 0.65901 0.62685
vt 0.62021 0.60712
vt 0.61965 0.61075
vt 0.60876 0.60644
vt 0.60702 0.61009
vt 0.61787 0.61956
vt 0.61701 0.62644
vt 0.60421 0.61819
vt 0.60198 0.6248
vt 0.59616 0.60467
vt 0.59403 0.60842
vt 0.58542 0.60299
vt 0.58213 0.60618
vt 0.5902 0.61594
vt 0.57672 0.61283
vt 0.58729 0.62232
vt 0.57323 0.61908
vt 0.57508 0.60034
vt 0.57197 0.60361
vt 0.56759 0.59835
vt 0.56495 0.60111
vt 0.56554 0.60914
vt 0.55867 0.60494
vt 0.56141 0.61437
vt 0.55352 0.60875
vt 0.56095 0.59629
vt 0.55861 0.59789
vt 0.55766 0.59424
vt 0.55595 0.59462
vt 0.55646 0.59221
vt 0.55757 0.59263
vt 0.5523 0.59233
vt 0.55221 0.59498
vt 0.55348 0.59998
vt 0.54934 0.60165
vt 0.54856 0.59637
vt 0.55865 0.59103
vt 0.55847 0.59182
vt 0.55497 0.58945
vt 0.55346 0.58622
vt 0.54949 0.59129
vt 0.54714 0.59123
vt 0.55044 0.58624
vt 0.54518 0.60388
vt 0.54461 0.59732
vt 0.54819 0.61274
vt 0.55731 0.61949
vt 0.2025 0.69779
vt 0.20389 0.72146
vt 0.23447 0.7203
vt 0.23363 0.6967
vt 0.26944 0.6957
vt 0.17309 0.72405
vt 0.17112 0.70047
vt 0.1375 0.72771
vt 0.1351 0.70509
vt 0.10173 0.73239
vt 0.10622 0.754
vt 0.13932 0.74924
vt 0.10973 0.77112
vt 0.08051 0.77738
vt 0.07713 0.75933
vt 0.1415 0.76665
vt 0.17612 0.74491
vt 0.17965 0.76323
vt 0.05229 0.78659
vt 0.04964 0.77027
vt 0.01701 0.7833
vt 0.01978 0.80128
vt 0.01262 0.7597
vt 0.04703 0.74896
vt 0.07228 0.73985
vt 0.09741 0.7097
vt 0.06935 0.71503
vt 0.14254 0.7764
vt 0.17893 0.77302
vt 0.02395 0.80907
vt 0.05356 0.79578
vt 0.00986 0.73095
vt 0.04327 0.72228
vt 0.09665 0.67964
vt 0.06722 0.6756
vt 0.09841 0.64918
vt 0.13232 0.64917
vt 0.13414 0.67838
vt 0.12843 0.6172
vt 0.16834 0.64721
vt 0.16616 0.61736
vt 0.16225 0.58978
vt 0.1182 0.58974
vt 0.12283 0.56158
vt 0.16093 0.56422
vt 0.09117 0.57405
vt 0.09531 0.55567
vt 0.0743 0.5624
vt 0.07722 0.54817
vt 0.08087 0.5892
vt 0.09902 0.61338
vt 0.06617 0.57218
vt 0.19773 0.5885
vt 0.19612 0.56379
vt 0.19903 0.61604
vt 0.23262 0.56067
vt 0.23528 0.58506
vt 0.2712 0.55466
vt 0.27938 0.57692
vt 0.27138 0.60931
vt 0.23382 0.61343
vt 0.30018 0.56318
vt 0.29337 0.54534
vt 0.31561 0.55025
vt 0.31132 0.53646
vt 0.3114 0.57728
vt 0.29676 0.60421
vt 0.32509 0.55917
vt 0.3198 0.60623
vt 0.32646 0.58361
vt 0.33809 0.56458
vt 0.29933 0.63929
vt 0.32262 0.63177
vt 0.23256 0.64328
vt 0.19999 0.64532
vt 0.16974 0.67474
vt 0.20118 0.6725
vt 0.23287 0.67073
vt 0.26878 0.66901
vt 0.26807 0.64159
vt 0.30444 0.66726
vt 0.33531 0.65814
vt 0.3653 0.67678
vt 0.36535 0.70218
vt 0.40062 0.70793
vt 0.40279 0.6866
vt 0.44425 0.67991
vt 0.47072 0.69678
vt 0.48432 0.67328
vt 0.50224 0.68986
vt 0.5139 0.67077
vt 0.49707 0.65554
vt 0.53812 0.68163
vt 0.53031 0.70121
vt 0.52534 0.6551
vt 0.51101 0.64129
vt 0.54869 0.66202
vt 0.4896 0.63098
vt 0.50322 0.6232
vt 0.48798 0.60227
vt 0.50005 0.59657
vt 0.47854 0.58368
vt 0.48695 0.57258
vt 0.50189 0.5673
vt 0.48054 0.54761
vt 0.4709 0.55642
vt 0.49425 0.53918
vt 0.51375 0.5565
vt 0.46243 0.56711
vt 0.56792 0.66634
vt 0.56145 0.68629
vt 0.55612 0.70683
vt 0.58053 0.70927
vt 0.58451 0.68818
vt 0.60455 0.70991
vt 0.60258 0.73348
vt 0.62625 0.73407
vt 0.62749 0.70996
vt 0.65034 0.7115
vt 0.64985 0.73545
vt 0.67438 0.71343
vt 0.67494 0.73713
vt 0.64954 0.69098
vt 0.62805 0.69002
vt 0.64802 0.67292
vt 0.66844 0.67295
vt 0.67228 0.69176
vt 0.62848 0.67187
vt 0.69475 0.69204
vt 0.69803 0.71406
vt 0.68931 0.67106
vt 0.72958 0.73207
vt 0.75893 0.72183
vt 0.70059 0.7367
vt 0.57747 0.73288
vt 0.55154 0.73021
vt 0.52339 0.725
vt 0.49499 0.70981
vt 0.11226 0.78062
vt 0.08277 0.787
vt 0.62532 0.80261
vt 0.70829 0.595
vt 0.71156 0.59403
vt 0.71815 0.59752
vt 0.71551 0.592
vt 0.7044 0.59244
vt 0.70219 0.59593
vt 0.70208 0.59794
vt 0.69426 0.59559
vt 0.69426 0.59874
vt 0.68679 0.59512
vt 0.68879 0.58896
vt 0.69947 0.58832
vt 0.6777 0.5887
vt 0.67939 0.58079
vt 0.69156 0.58186
vt 0.6772 0.59482
vt 0.68666 0.59894
vt 0.677 0.59927
vt 0.66528 0.58908
vt 0.66574 0.59544
vt 0.64837 0.58931
vt 0.64879 0.57951
vt 0.63246 0.57902
vt 0.63204 0.58937
vt 0.64837 0.59525
vt 0.66578 0.60041
vt 0.64779 0.60109
vt 0.63164 0.59446
vt 0.63121 0.60078
vt 0.66626 0.58073
vt 0.61476 0.59992
vt 0.61533 0.5935
vt 0.59692 0.59792
vt 0.59826 0.59195
vt 0.61563 0.58827
vt 0.61593 0.57843
vt 0.59868 0.58729
vt 0.58686 0.59127
vt 0.58663 0.58539
vt 0.59865 0.57795
vt 0.58611 0.59602
vt 0.57679 0.59477
vt 0.57718 0.5907
vt 0.57633 0.5843
vt 0.58588 0.57746
vt 0.57455 0.57699
vt 0.56952 0.59038
vt 0.56764 0.58353
vt 0.56987 0.59362
vt 0.56272 0.59244
vt 0.56199 0.59045
vt 0.55931 0.58605
vt 0.55942 0.58452
vt 0.56402 0.57864
vt 0.55641 0.58181
vt 0.585 0.56712
vt 0.59849 0.56857
vt 0.59717 0.55201
vt 0.61672 0.55187
vt 0.61588 0.56984
vt 0.63359 0.55076
vt 0.63254 0.57043
vt 0.65017 0.5535
vt 0.64994 0.57124
vt 0.66697 0.57111
vt 0.66961 0.55429
vt 0.6814 0.571
vt 0.68342 0.55456
vt 0.69989 0.55444
vt 0.69575 0.57114
vt 0.58446 0.55024
vt 0.70412 0.53521
vt 0.72559 0.53815
vt 0.74082 0.51077
vt 0.75474 0.53356
vt 0.70497 0.51236
vt 0.73112 0.48756
vt 0.70361 0.48914
vt 0.72562 0.46442
vt 0.70109 0.46533
vt 0.685 0.4659
vt 0.68731 0.48751
vt 0.68194 0.4427
vt 0.65957 0.44059
vt 0.66072 0.46531
vt 0.63674 0.46479
vt 0.63756 0.43989
vt 0.61294 0.4641
vt 0.61571 0.43911
vt 0.59183 0.46382
vt 0.59744 0.4402
vt 0.57789 0.43998
vt 0.57135 0.46321
vt 0.56765 0.48414
vt 0.54739 0.45797
vt 0.53916 0.48017
vt 0.58696 0.48472
vt 0.55545 0.43465
vt 0.56459 0.50703
vt 0.52782 0.50259
vt 0.58272 0.50677
vt 0.59892 0.50653
vt 0.61164 0.48212
vt 0.61912 0.50753
vt 0.63611 0.48323
vt 0.63568 0.509
vt 0.65083 0.50871
vt 0.66059 0.4839
vt 0.67112 0.50928
vt 0.68853 0.5105
vt 0.68716 0.5347
vt 0.65132 0.53247
vt 0.6704 0.53272
vt 0.63436 0.53248
vt 0.61721 0.53113
vt 0.59802 0.52985
vt 0.5817 0.53074
vt 0.56668 0.53047
vt 0.54281 0.53091
vt 0.51305 0.52312
vt 0.52691 0.5454
vt 0.55215 0.55217
vt 0.56899 0.55036
vt 0.57176 0.56728
vt 0.55828 0.56819
vt 0.54766 0.57251
vt 0.53834 0.5596
vt 0.07536 0.61989
vt 0.06685 0.59748
vt 0.05404 0.57896
vt 0.07535 0.64742
vt 0.04178 0.69492
vt 0.00734 0.70451
vt 0.78691 0.67256
vt 0.60678 0.6892
vt 0.60928 0.67137
vt 0.58881 0.66992
vt 0.47116 0.65815
vt 0.33098 0.28134
vt 0.33385 0.29263
vt 0.35376 0.29182
vt 0.3528 0.27459
vt 0.38168 0.27788
vt 0.37831 0.29204
vt 0.40217 0.29238
vt 0.40497 0.27892
vt 0.30849 0.28647
vt 0.30924 0.29744
vt 0.28034 0.30217
vt 0.28237 0.3077
vt 0.42674 0.29395
vt 0.42903 0.27885
vt 0.45184 0.29543
vt 0.45259 0.27842
vt 0.47619 0.29638
vt 0.47784 0.27861
vt 0.49829 0.2976
vt 0.50277 0.28305
vt 0.5184 0.30058
vt 0.5255 0.28868
vt 0.54484 0.30233
vt 0.53868 0.31179
vt 0.56801 0.32315
vt 0.57213 0.31833
vt 0.53862 0.32884
vt 0.56287 0.33662
vt 0.53146 0.35812
vt 0.55546 0.36494
vt 0.52464 0.38625
vt 0.54785 0.39333
vt 0.50375 0.38081
vt 0.50967 0.35187
vt 0.48477 0.37688
vt 0.48987 0.34772
vt 0.46561 0.37396
vt 0.4696 0.34508
vt 0.44474 0.37165
vt 0.44738 0.3428
vt 0.42185 0.36987
vt 0.42351 0.34116
vt 0.39815 0.36893
vt 0.39901 0.33986
vt 0.37741 0.36883
vt 0.37645 0.33942
vt 0.35806 0.36962
vt 0.35641 0.33982
vt 0.33937 0.37125
vt 0.33654 0.34233
vt 0.3173 0.37465
vt 0.3138 0.34563
vt 0.294 0.37919
vt 0.28932 0.35001
vt 0.42557 0.31112
vt 0.39957 0.30999
vt 0.37626 0.30944
vt 0.35466 0.30928
vt 0.33317 0.31153
vt 0.30942 0.31474
vt 0.28448 0.32129
vt 0.34122 0.38973
vt 0.35917 0.38801
vt 0.34337 0.40803
vt 0.36089 0.40611
vt 0.37813 0.38687
vt 0.37873 0.40526
vt 0.39817 0.38713
vt 0.39872 0.40569
vt 0.42067 0.38855
vt 0.41956 0.40713
vt 0.32343 0.41197
vt 0.32013 0.39316
vt 0.30211 0.41743
vt 0.29768 0.398
vt 0.44289 0.38979
vt 0.44067 0.40802
vt 0.46307 0.39169
vt 0.46047 0.40964
vt 0.48144 0.39464
vt 0.47774 0.41242
vt 0.49995 0.39888
vt 0.49564 0.41662
vt 0.51967 0.40458
vt 0.51447 0.42303
vt 0.54196 0.41148
vt 0.53545 0.43037
vt 0.40767 0.48021
vt 0.39358 0.47755
vt 0.38989 0.49519
vt 0.39823 0.49888
vt 0.37999 0.49423
vt 0.38101 0.47465
vt 0.36888 0.4954
vt 0.36818 0.47582
vt 0.3612 0.49584
vt 0.3575 0.47771
vt 0.35045 0.5002
vt 0.34215 0.48269
vt 0.34288 0.50415
vt 0.3308 0.48743
vt 0.41778 0.45058
vt 0.39762 0.44741
vt 0.41859 0.42358
vt 0.39862 0.42258
vt 0.38069 0.44629
vt 0.37942 0.42217
vt 0.36527 0.44665
vt 0.36269 0.42283
vt 0.35061 0.4489
vt 0.34603 0.42508
vt 0.33431 0.45317
vt 0.32736 0.42887
vt 0.31585 0.45998
vt 0.30687 0.43499
vt 0.43883 0.4247
vt 0.43713 0.44965
vt 0.45797 0.42619
vt 0.45447 0.45017
vt 0.4741 0.42889
vt 0.46867 0.45226
vt 0.49112 0.43287
vt 0.48341 0.45617
vt 0.50868 0.43901
vt 0.49918 0.46213
vt 0.52861 0.4474
vt 0.51665 0.47154
vt 0.48777 0.48926
vt 0.49859 0.49797
vt 0.47857 0.5067
vt 0.48458 0.51274
vt 0.46745 0.50234
vt 0.47413 0.48407
vt 0.45971 0.50063
vt 0.46245 0.48015
vt 0.45016 0.49797
vt 0.45183 0.47893
vt 0.43886 0.49848
vt 0.43722 0.47864
vt 0.43058 0.50089
vt 0.42312 0.48242
vt 0.47028 0.51278
vt 0.47724 0.51868
vt 0.4629 0.51507
vt 0.43525 0.50996
vt 0.44461 0.50871
vt 0.44923 0.51171
vt 0.46708 0.52344
vt 0.44217 0.51829
vt 0.51581 0.32204
vt 0.49458 0.31777
vt 0.47343 0.31548
vt 0.45028 0.31305
vt 0.38423 0.505
vt 0.39203 0.50736
vt 0.37816 0.50795
vt 0.38473 0.51523
vt 0.35715 0.50637
vt 0.36468 0.5096
vt 0.35027 0.51114
vt 0.35949 0.51749
vt 0.94454 0.23988
vt 0.92377 0.23109
vt 0.92113 0.24935
vt 0.94296 0.25102
vt 0.89441 0.23345
vt 0.89658 0.24828
vt 0.87265 0.24774
vt 0.87073 0.23309
vt 0.96554 0.2464
vt 0.96603 0.25776
vt 0.99629 0.26042
vt 0.99302 0.2668
vt 0.84832 0.24776
vt 0.84665 0.23208
vt 0.82301 0.24783
vt 0.82325 0.23085
vt 0.79883 0.24758
vt 0.79748 0.22993
vt 0.7766 0.24834
vt 0.77214 0.23254
vt 0.75608 0.24997
vt 0.74976 0.23695
vt 0.73034 0.25123
vt 0.73472 0.25748
vt 0.70385 0.26732
vt 0.69781 0.2647
vt 0.73449 0.27578
vt 0.71027 0.28206
vt 0.74025 0.30566
vt 0.71671 0.3111
vt 0.74556 0.33516
vt 0.7229 0.34055
vt 0.76649 0.33065
vt 0.76209 0.30132
vt 0.78575 0.32747
vt 0.7823 0.29836
vt 0.80518 0.32548
vt 0.80272 0.29642
vt 0.82634 0.32435
vt 0.82499 0.29518
vt 0.84919 0.32395
vt 0.84903 0.29467
vt 0.87214 0.32412
vt 0.87324 0.2949
vt 0.89335 0.32504
vt 0.89557 0.29591
vt 0.9127 0.32693
vt 0.916 0.29771
vt 0.93191 0.32999
vt 0.93616 0.30058
vt 0.95286 0.33444
vt 0.95805 0.30496
vt 0.97557 0.33977
vt 0.98158 0.31046
vt 0.84888 0.26471
vt 0.87414 0.26498
vt 0.8975 0.26608
vt 0.91905 0.26765
vt 0.94072 0.27031
vt 0.96401 0.27482
vt 0.98793 0.28171
vt 0.92903 0.34803
vt 0.91046 0.34488
vt 0.92576 0.3662
vt 0.90796 0.36302
vt 0.89177 0.34305
vt 0.89003 0.36129
vt 0.87133 0.34225
vt 0.87042 0.36072
vt 0.84927 0.34221
vt 0.84932 0.36086
vt 0.94508 0.37107
vt 0.94928 0.35267
vt 0.96589 0.37733
vt 0.97123 0.35839
vt 0.82723 0.34247
vt 0.82827 0.3609
vt 0.80681 0.34344
vt 0.80867 0.36163
vt 0.78809 0.34537
vt 0.79069 0.36348
vt 0.76948 0.34864
vt 0.77289 0.36678
vt 0.74927 0.35338
vt 0.75358 0.37177
vt 0.72736 0.35922
vt 0.73284 0.37817
vt 0.85721 0.43552
vt 0.86493 0.45437
vt 0.8748 0.4508
vt 0.87145 0.43224
vt 0.88472 0.44988
vt 0.88476 0.43123
vt 0.89408 0.45158
vt 0.89702 0.43217
vt 0.90351 0.45268
vt 0.90873 0.43477
vt 0.91267 0.45643
vt 0.9213 0.43961
vt 0.92114 0.46261
vt 0.93389 0.44675
vt 0.84947 0.4043
vt 0.86866 0.40254
vt 0.84939 0.3784
vt 0.86961 0.37783
vt 0.88594 0.40211
vt 0.88834 0.37807
vt 0.90146 0.40335
vt 0.90542 0.37962
vt 0.91661 0.40645
vt 0.9223 0.38282
vt 0.93269 0.41175
vt 0.94051 0.38794
vt 0.94967 0.41923
vt 0.96004 0.39482
vt 0.82919 0.378
vt 0.83028 0.40269
vt 0.81046 0.37837
vt 0.813 0.40238
vt 0.79333 0.38003
vt 0.79749 0.4037
vt 0.77647 0.38336
vt 0.78235 0.40695
vt 0.75829 0.38861
vt 0.76632 0.41236
vt 0.73882 0.39563
vt 0.74939 0.41999
vt 0.77794 0.44012
vt 0.76538 0.44742
vt 0.78659 0.45692
vt 0.77826 0.46317
vt 0.79581 0.4531
vt 0.79043 0.43516
vt 0.80527 0.45193
vt 0.80214 0.43249
vt 0.81454 0.45021
vt 0.81429 0.43148
vt 0.82458 0.45102
vt 0.82777 0.43244
vt 0.83429 0.45446
vt 0.84196 0.43557
vt 0.79355 0.46406
vt 0.80045 0.46627
vt 0.82005 0.46002
vt 0.8142 0.46414
vt 0.82869 0.46292
vt 0.79576 0.47484
vt 0.78617 0.46949
vt 0.82123 0.47093
vt 0.75758 0.27103
vt 0.77918 0.26849
vt 0.80036 0.26674
vt 0.82378 0.2654
vt 0.87068 0.46275
vt 0.87933 0.45976
vt 0.8852 0.46386
vt 0.87821 0.47069
vt 0.89899 0.46589
vt 0.90582 0.46366
vt 0.91324 0.469
vt 0.9037 0.47444
vt 0.87441 0.56701
vt 0.88433 0.56833
vt 0.88658 0.55345
vt 0.87411 0.5525
vt 0.87425 0.58014
vt 0.88703 0.58103
vt 0.89547 0.57237
vt 0.90005 0.55788
vt 0.91405 0.5645
vt 0.90438 0.57719
vt 0.88946 0.58734
vt 0.89546 0.59749
vt 0.91689 0.58511
vt 0.9279 0.57289
vt 0.86425 0.56881
vt 0.86274 0.58048
vt 0.85439 0.57233
vt 0.84504 0.57854
vt 0.85979 0.58827
vt 0.85368 0.5987
vt 0.83492 0.58775
vt 0.82249 0.57487
vt 0.83569 0.56402
vt 0.84888 0.55755
vt 0.86185 0.55393
vt 0.87365 0.60174
vt 0.87448 0.58894
vt 0.81077 0.56015
vt 0.82742 0.54923
vt 0.84355 0.54329
vt 0.85912 0.5394
vt 0.87409 0.53623
vt 0.88859 0.53781
vt 0.9043 0.54229
vt 0.92023 0.54985
vt 0.93559 0.5581
vt 0.74101 0.5523
vt 0.71623 0.55806
vt 0.73016 0.56567
vt 0.71978 0.57793
vt 0.70954 0.57297
vt 0.70295 0.58318
vt 0.7075 0.59123
vt 0.71011 0.58798
vt 0.93744 0.85833
vt 0.94087 0.85879
vt 0.94177 0.85618
vt 0.93903 0.85625
vt 0.93075 0.86089
vt 0.93164 0.85469
vt 0.91751 0.86043
vt 0.91891 0.85109
vt 0.90045 0.85164
vt 0.90491 0.8422
vt 0.93515 0.84138
vt 0.92186 0.83755
vt 0.9396 0.82566
vt 0.9244 0.82138
vt 0.90974 0.83503
vt 0.90829 0.81926
vt 0.92559 0.80451
vt 0.90794 0.80296
vt 0.94338 0.80762
vt 0.94417 0.79487
vt 0.92597 0.79473
vt 0.90807 0.79463
vt 0.89351 0.81903
vt 0.88582 0.82891
vt 0.88104 0.81723
vt 0.88348 0.81043
vt 0.87967 0.80935
vt 0.88054 0.80212
vt 0.88444 0.80137
vt 0.88224 0.797
vt 0.88597 0.7945
vt 0.88266 0.79448
vt 0.88076 0.79945
vt 0.87813 0.81362
vt 0.89249 0.79454
vt 0.89189 0.80188
vt 0.87932 0.79446
vt 0.87916 0.79615
vt 0.87745 0.79445
vt 0.87702 0.79614
vt 0.87795 0.79941
vt 0.87475 0.79899
vt 0.87507 0.79559
vt 0.87277 0.79646
vt 0.87203 0.79442
vt 0.87517 0.79444
vt 0.87918 0.79277
vt 0.87704 0.79275
vt 0.878 0.7895
vt 0.8748 0.78988
vt 0.87508 0.79328
vt 0.87279 0.79239
vt 0.88082 0.78949
vt 0.88227 0.79196
vt 0.88063 0.78681
vt 0.88452 0.78761
vt 0.88366 0.77854
vt 0.87984 0.77958
vt 0.8813 0.77171
vt 0.87835 0.77529
vt 0.89198 0.78719
vt 0.8938 0.77006
vt 0.88622 0.76009
vt 0.9011 0.73753
vt 0.90546 0.74702
vt 0.91956 0.73827
vt 0.91825 0.72893
vt 0.93222 0.73505
vt 0.93569 0.74818
vt 0.92236 0.75185
vt 0.94057 0.76389
vt 0.92476 0.76808
vt 0.91021 0.75424
vt 0.90871 0.76998
vt 0.9257 0.78495
vt 0.90803 0.78629
vt 0.94368 0.782
vt 0.93151 0.72865
vt 0.93962 0.73339
vt 0.93838 0.73098
vt 0.94245 0.73349
vt 0.94165 0.73083
vt 0.94501 0.73063
vt 0.9465 0.73361
vt 0.94733 0.74436
vt 0.95274 0.74246
vt 0.95532 0.75854
vt 0.96023 0.75743
vt 0.96718 0.77785
vt 0.95939 0.77898
vt 0.96241 0.79471
vt 0.96922 0.79501
vt 0.96619 0.81197
vt 0.95966 0.8109
vt 0.95329 0.83036
vt 0.962 0.82892
vt 0.95895 0.83674
vt 0.95396 0.84428
vt 0.94643 0.8452
vt 0.95008 0.85026
vt 0.94581 0.85609
vt 0.94393 0.85897
vt 0.94372 0.86007
vt 0.98076 0.81189
vt 0.98309 0.79481
vt 0.97352 0.82939
vt 0.96092 0.84786
vt 0.96697 0.83962
vt 0.94904 0.85769
vt 0.9552 0.85341
vt 0.94564 0.86079
vt 0.94584 0.86281
vt 0.94073 0.84343
vt 0.94544 0.82797
vt 0.949 0.80882
vt 0.95199 0.79437
vt 0.949 0.78071
vt 0.94735 0.76079
vt 0.94195 0.74599
vt 0.94435 0.72962
vt 0.94565 0.72763
vt 0.94531 0.72941
vt 0.9491 0.73164
vt 0.95561 0.73647
vt 0.96109 0.74212
vt 0.96727 0.75048
vt 0.97367 0.76086
vt 0.98081 0.7781
vt 0.60754 0.39512
vt 0.60243 0.41802
vt 0.6187 0.41869
vt 0.62247 0.39588
vt 0.6382 0.42044
vt 0.63863 0.39653
vt 0.59166 0.39417
vt 0.58436 0.41634
vt 0.56299 0.41197
vt 0.57265 0.39067
vt 0.61068 0.37195
vt 0.62493 0.37245
vt 0.62763 0.34804
vt 0.61587 0.34712
vt 0.63941 0.37307
vt 0.64002 0.34884
vt 0.59755 0.37121
vt 0.6044 0.34606
vt 0.58075 0.36981
vt 0.58892 0.34488
vt 0.64067 0.32539
vt 0.63112 0.325
vt 0.641 0.30873
vt 0.63244 0.30961
vt 0.63766 0.29782
vt 0.62987 0.30043
vt 0.62983 0.28499
vt 0.62202 0.2894
vt 0.61235 0.29812
vt 0.61977 0.3064
vt 0.6229 0.31288
vt 0.62088 0.32347
vt 0.60634 0.30559
vt 0.6152 0.31136
vt 0.59867 0.32008
vt 0.61104 0.32228
vt 0.23277 0.34786
vt 0.24884 0.33934
vt 0.23884 0.30941
vt 0.22444 0.31856
vt 0.22017 0.35306
vt 0.21393 0.32369
vt 0.19831 0.32995
vt 0.20204 0.35818
vt 0.24095 0.37395
vt 0.25871 0.3642
vt 0.24719 0.39777
vt 0.22903 0.40344
vt 0.22532 0.37978
vt 0.23525 0.43107
vt 0.21102 0.43594
vt 0.20717 0.40831
vt 0.25514 0.4253
vt 0.26778 0.39022
vt 0.27696 0.41631
vt 0.20528 0.38493
vt 0.18643 0.33295
vt 0.18716 0.3606
vt 0.18864 0.41056
vt 0.18808 0.38715
vt 0.18966 0.43834
vt 0.17216 0.35927
vt 0.17424 0.3309
vt 0.15344 0.35565
vt 0.15791 0.32572
vt 0.14694 0.32123
vt 0.14067 0.3511
vt 0.13184 0.31294
vt 0.12385 0.34365
vt 0.13494 0.37792
vt 0.11596 0.36942
vt 0.12995 0.40277
vt 0.14785 0.40663
vt 0.15012 0.38238
vt 0.12448 0.43136
vt 0.10165 0.42338
vt 0.10892 0.39661
vt 0.14369 0.43491
vt 0.16997 0.40978
vt 0.16823 0.4378
vt 0.17092 0.3862
vt 0.09385 0.44947
vt 0.11959 0.45799
vt 0.11151 0.48276
vt 0.134 0.48716
vt 0.13959 0.46115
vt 0.08578 0.4732
vt 0.16326 0.4897
vt 0.16597 0.46376
vt 0.19178 0.48996
vt 0.19078 0.46415
vt 0.21536 0.46175
vt 0.2204 0.48717
vt 0.24191 0.45686
vt 0.25038 0.48167
vt 0.26295 0.45068
vt 0.2708 0.47634
vt 0.28685 0.44119
vt 0.29628 0.46401
vt 0.25991 0.50849
vt 0.27934 0.50243
vt 0.30346 0.48848
vt 0.22544 0.51381
vt 0.19275 0.51644
vt 0.16082 0.51627
vt 0.12921 0.51325
vt 0.1044 0.50876
vt 0.08054 0.4983
vt 0.10061 0.53167
vt 0.07729 0.52391
vt 0.12564 0.53715
vt 0.16017 0.54035
vt 0.19436 0.54024
vt 0.22877 0.5373
vt 0.26516 0.53008
vt 0.28664 0.52288
vt 0.30787 0.51314
vt 0.18855 0.25949
vt 0.19652 0.2638
vt 0.20247 0.25292
vt 0.19512 0.24797
vt 0.18424 0.27139
vt 0.19387 0.27242
vt 0.21259 0.26098
vt 0.20569 0.27013
vt 0.20244 0.27465
vt 0.19384 0.28315
vt 0.18476 0.28487
vt 0.1955 0.30082
vt 0.18526 0.30371
vt 0.20444 0.28039
vt 0.21864 0.26811
vt 0.21005 0.27631
vt 0.22742 0.28223
vt 0.21618 0.29111
vt 0.20794 0.29582
vt 0.17505 0.3015
vt 0.17543 0.28378
vt 0.17472 0.27298
vt 0.17195 0.26463
vt 0.17946 0.25969
vt 0.16535 0.25397
vt 0.17219 0.24857
vt 0.15565 0.26278
vt 0.16301 0.27138
vt 0.16629 0.27567
vt 0.1647 0.28199
vt 0.15001 0.26999
vt 0.15917 0.27791
vt 0.14188 0.28505
vt 0.15374 0.2933
vt 0.16222 0.29746
vt 0.67279 0.39727
vt 0.65499 0.3971
vt 0.65792 0.41998
vt 0.67856 0.42031
vt 0.68571 0.39684
vt 0.69208 0.42005
vt 0.7132 0.41714
vt 0.70473 0.39475
vt 0.66919 0.37365
vt 0.65383 0.37323
vt 0.65246 0.3488
vt 0.66505 0.34872
vt 0.68143 0.37365
vt 0.67584 0.34817
vt 0.69818 0.37324
vt 0.69143 0.3476
vt 0.64993 0.32547
vt 0.64957 0.30994
vt 0.64482 0.29805
vt 0.6524 0.30102
vt 0.6533 0.28546
vt 0.66069 0.29035
vt 0.67013 0.29953
vt 0.6623 0.30739
vt 0.65881 0.31388
vt 0.67552 0.30716
vt 0.66648 0.31244
vt 0.68273 0.32231
vt 0.67033 0.32402
vt 0.66122 0.32462
vt 0.69655 0.44251
vt 0.7193 0.44041
vt 0.04906 0.32716
vt 0.04893 0.34154
vt 0.03869 0.34167
vt 0.03983 0.32865
vt 0.03786 0.35711
vt 0.0484 0.3579
vt 0.05755 0.34154
vt 0.05723 0.35842
vt 0.05765 0.32695
vt 0.0479 0.37363
vt 0.05678 0.37437
vt 0.04755 0.38357
vt 0.03624 0.38383
vt 0.03797 0.37195
vt 0.0565 0.38438
vt 0.06575 0.37429
vt 0.06609 0.35858
vt 0.07602 0.37342
vt 0.07723 0.38533
vt 0.06556 0.38421
vt 0.07679 0.3586
vt 0.0662 0.34214
vt 0.07655 0.34304
vt 0.06629 0.32767
vt 0.07565 0.32982
vt 0.04746 0.39136
vt 0.04762 0.39969
vt 0.03475 0.39614
vt 0.05646 0.40085
vt 0.05641 0.39241
vt 0.05678 0.40813
vt 0.04729 0.40719
vt 0.05678 0.41553
vt 0.04577 0.41374
vt 0.03418 0.40443
vt 0.03363 0.41056
vt 0.06547 0.40034
vt 0.06623 0.40765
vt 0.07882 0.3977
vt 0.07916 0.40577
vt 0.06779 0.41418
vt 0.07977 0.41175
vt 0.06551 0.39198
vt 0.08419 0.37413
vt 0.08822 0.39041
vt 0.09073 0.37959
vt 0.09244 0.37171
vt 0.08606 0.35873
vt 0.09375 0.36328
vt 0.09411 0.35465
vt 0.08537 0.34266
vt 0.0831 0.33136
vt 0.07855 0.32117
vt 0.09363 0.34575
vt 0.09223 0.33723
vt 0.08678 0.3178
vt 0.09003 0.32905
vt 0.10201 0.35895
vt 0.09921 0.3762
vt 0.10516 0.37642
vt 0.10221 0.38956
vt 0.09614 0.39089
vt 0.10842 0.35881
vt 0.09467 0.31675
vt 0.0974 0.32793
vt 0.10077 0.31747
vt 0.10311 0.32728
vt 0.10673 0.33982
vt 0.10072 0.34057
vt 0.04723 0.2939
vt 0.04871 0.30043
vt 0.03136 0.30213
vt 0.03139 0.29622
vt 0.03625 0.31043
vt 0.04903 0.30791
vt 0.05777 0.29984
vt 0.05747 0.30718
vt 0.05811 0.2925
vt 0.04873 0.31628
vt 0.05752 0.31573
vt 0.03711 0.31989
vt 0.06647 0.31672
vt 0.06631 0.30822
vt 0.07987 0.31199
vt 0.06712 0.30078
vt 0.06916 0.29444
vt 0.08038 0.30377
vt 0.08142 0.29792
vt 0.0325 0.3296
vt 0.03017 0.34072
vt 0.02365 0.33503
vt 0.02563 0.32696
vt 0.01499 0.33822
vt 0.02217 0.34338
vt 0.01328 0.35644
vt 0.00689 0.35647
vt 0.00869 0.33757
vt 0.01914 0.32063
vt 0.01302 0.32141
vt 0.02133 0.3522
vt 0.02894 0.31627
vt 0.02146 0.3609
vt 0.01544 0.37398
vt 0.02245 0.36948
vt 0.02378 0.37753
vt 0.01749 0.3889
vt 0.01141 0.38743
vt 0.00936 0.37416
vt 0.02541 0.38854
vt 0.02896 0.35664
vt 0.03018 0.37217
vt 0.53018 0.97046
vt 0.53019 0.97605
vt 0.52678 0.97666
vt 0.52303 0.97067
vt 0.53735 0.97068
vt 0.5336 0.97666
vt 0.5236 0.97504
vt 0.53019 0.97792
vt 0.53883 0.96327
vt 0.54254 0.96558
vt 0.54273 0.96107
vt 0.5415 0.95664
vt 0.53803 0.95732
vt 0.53019 0.96325
vt 0.5302 0.95746
vt 0.53511 0.95074
vt 0.5302 0.9515
vt 0.52236 0.95731
vt 0.5253 0.95073
vt 0.53919 0.95359
vt 0.53021 0.9485
vt 0.52155 0.96326
vt 0.51768 0.96105
vt 0.51783 0.96557
vt 0.51889 0.95662
vt 0.52125 0.9536
vt 0.51885 0.96944
vt 0.5214 0.97349
vt 0.53897 0.97349
vt 0.5368 0.97506
vt 0.54155 0.96947
vt 0.32543 0.94042
vt 0.32814 0.94225
vt 0.3263 0.94383
vt 0.32305 0.94165
vt 0.32771 0.94015
vt 0.33246 0.94017
vt 0.33205 0.94225
vt 0.3301 0.94398
vt 0.3339 0.94382
vt 0.33715 0.94166
vt 0.33475 0.94043
vt 0.33733 0.93673
vt 0.33272 0.93643
vt 0.33882 0.92921
vt 0.34253 0.93148
vt 0.34252 0.92686
vt 0.34127 0.92246
vt 0.33709 0.92173
vt 0.3395 0.91897
vt 0.33327 0.92925
vt 0.3331 0.92205
vt 0.32689 0.92926
vt 0.32705 0.92207
vt 0.32135 0.92923
vt 0.32307 0.92175
vt 0.31766 0.92688
vt 0.31764 0.9315
vt 0.31888 0.92247
vt 0.32069 0.919
vt 0.32746 0.93643
vt 0.32285 0.93674
vt 0.31864 0.93546
vt 0.32115 0.93964
vt 0.33282 0.91737
vt 0.32734 0.91736
vt 0.33009 0.91449
vt 0.32447 0.91544
vt 0.3357 0.91546
vt 0.34155 0.93544
vt 0.33903 0.93962
vt 0.46013 0.96769
vt 0.44411 0.97008
vt 0.44934 0.95857
vt 0.46157 0.95879
vt 0.45818 0.97593
vt 0.44714 0.97684
vt 0.44686 0.9515
vt 0.43738 0.95235
vt 0.43756 0.95623
vt 0.4582 0.95016
vt 0.44667 0.98261
vt 0.43771 0.98436
vt 0.43758 0.98134
vt 0.45721 0.983
vt 0.47673 0.95851
vt 0.47547 0.9665
vt 0.47383 0.94901
vt 0.48868 0.95394
vt 0.48386 0.96584
vt 0.48951 0.95822
vt 0.49496 0.9533
vt 0.49595 0.95751
vt 0.49541 0.95853
vt 0.49496 0.96552
vt 0.49099 0.97523
vt 0.48913 0.97861
vt 0.49554 0.97871
vt 0.49298 0.98189
vt 0.47391 0.97539
vt 0.49606 0.97376
vt 0.4878 0.98359
vt 0.47263 0.98288
vt 0.48756 0.94763
vt 0.43228 0.96149
vt 0.43559 0.96028
vt 0.43625 0.96987
vt 0.43268 0.97678
vt 0.43621 0.97782
vt 0.43393 0.95474
vt 0.43227 0.95906
vt 0.43279 0.97924
vt 0.43479 0.98256
usemtl mat0
f 1/1/1 2/2/2 3/3/3
f 4/4/4 1/1/1 3/3/3
f 1/1/1 5/5/5 2/2/2
f 5/5/5 6/6/6 2/2/2
f 4/4/4 3/3/3 7/7/7
f 8/8/8 4/4/4 7/7/7
f 8/8/8 7/7/7 9/9/9
f 10/10/10 8/8/8 9/9/9
f 5/5/5 11/11/11 6/6/6
f 11/11/11 12/12/12 6/6/6
f 11/11/11 13/13/13 12/12/12
f 13/13/13 14/14/14 12/12/12
f 13/13/13 15/15/15 14/14/14
f 15/15/15 16/16/16 14/14/14
f 15/15/15 17/17/17 16/16/16
f 17/17/17 18/18/18 16/16/16
f 18/18/18 17/17/17 19/19/19
f 17/17/17 20/20/20 19/19/19
f 19/19/19 20/20/20 21/21/21
f 20/20/20 22/22/22 21/21/21
f 21/21/21 22/22/22 23/23/23
f 22/22/22 24/24/24 23/23/23
f 23/23/23 24/24/24 25/25/25
f 24/24/24 26/26/26 25/25/25
f 25/25/25 26/26/26 27/27/27
f 26/26/26 28/28/28 27/27/27
f 27/27/27 28/28/28 29/29/29
f 28/28/28 30/30/30 29/29/29
f 29/29/29 30/30/30 31/31/31
f 30/30/30 32/32/32 31/31/31
f 31/31/31 32/32/32 33/33/9
f 32/32/32 34/34/10 33/33/9
f 29/29/29 31/31/31 35/35/33
f 36/36/34 29/29/29 35/35/33
f 27/27/27 29/29/29 36/36/34
f 31/31/31 33/33/9 37/37/35
f 35/35/33 31/31/31 37/37/35
f 25/25/25 27/27/27 38/38/36
f 38/38/36 27/27/27 36/36/34
f 39/39/37 25/25/25 38/38/36
f 23/23/23 25/25/25 39/39/37
f 40/40/38 23/23/23 39/39/37
f 21/21/21 23/23/23 40/40/38
f 41/41/39 21/21/21 40/40/38
f 19/19/19 21/21/21 41/41/39
f 42/42/40 19/19/19 41/41/39
f 18/18/18 19/19/19 42/42/40
f 43/43/41 18/18/18 42/42/40
f 18/18/18 43/43/41 44/44/42
f 16/16/16 18/18/18 44/44/42
f 16/16/16 44/44/42 45/45/43
f 14/14/14 16/16/16 45/45/43
f 14/14/14 45/45/43 46/46/44
f 12/12/12 14/14/14 46/46/44
f 12/12/12 46/46/44 47/47/45
f 6/6/6 12/12/12 47/47/45
f 6/6/6 47/47/45 48/48/46
f 2/2/2 6/6/6 48/48/46
f 2/2/2 48/48/46 49/49/47
f 3/3/3 2/2/2 49/49/47
f 3/3/3 49/49/47 50/50/48
f 7/7/7 3/3/3 50/50/48
f 7/7/7 50/50/48 51/51/35
f 9/9/9 7/7/7 51/51/35
f 48/48/46 52/52/49 49/49/47
f 52/52/49 53/53/50 49/49/47
f 49/49/47 53/53/50 50/50/48
f 54/54/51 52/52/49 48/48/46
f 47/47/45 54/54/51 48/48/46
f 50/50/48 55/55/52 51/51/35
f 53/53/50 55/55/52 50/50/48
f 55/55/52 56/56/53 51/51/35
f 57/57/54 54/54/51 47/47/45
f 46/46/44 57/57/54 47/47/45
f 58/58/55 57/57/54 46/46/44
f 45/45/43 58/58/55 46/46/44
f 59/59/56 58/58/55 45/45/43
f 44/44/42 59/59/56 45/45/43
f 60/60/57 59/59/56 44/44/42
f 43/43/41 60/60/57 44/44/42
f 61/61/58 60/60/57 43/43/41
f 42/42/40 61/61/58 43/43/41
f 62/62/59 61/61/58 42/42/40
f 41/41/39 62/62/59 42/42/40
f 63/63/60 62/62/59 41/41/39
f 40/40/38 63/63/60 41/41/39
f 63/63/60 40/40/38 64/64/61
f 40/40/38 39/39/37 64/64/61
f 65/65/62 64/64/61 39/39/37
f 38/38/36 65/65/62 39/39/37
f 66/66/63 65/65/62 38/38/36
f 36/36/34 66/66/63 38/38/36
f 67/67/64 66/66/63 36/36/34
f 35/35/33 67/67/64 36/36/34
f 68/68/53 67/67/64 35/35/33
f 37/37/35 68/68/53 35/35/33
f 63/63/60 69/69/65 62/62/59
f 63/63/60 64/64/61 69/69/65
f 69/69/65 70/70/66 62/62/59
f 70/70/66 69/69/65 71/71/67
f 72/72/68 70/70/66 71/71/67
f 71/71/67 69/69/65 73/73/69
f 69/69/65 74/74/70 73/73/69
f 64/64/61 74/74/70 69/69/65
f 75/75/71 70/70/66 72/72/68
f 76/76/72 75/75/71 72/72/68
f 77/77/73 75/75/71 76/76/72
f 78/78/74 77/77/73 76/76/72
f 79/79/75 77/77/73 78/78/74
f 80/80/76 79/79/75 78/78/74
f 81/81/77 79/79/75 80/80/76
f 82/82/78 81/81/77 80/80/76
f 83/83/79 81/81/77 82/82/78
f 84/84/80 83/83/79 82/82/78
f 85/85/81 83/83/79 84/84/80
f 86/86/82 85/85/81 84/84/80
f 72/72/68 71/71/67 87/87/83
f 88/88/84 72/72/68 87/87/83
f 76/76/72 72/72/68 88/88/84
f 88/88/84 87/87/83 89/89/85
f 90/90/86 88/88/84 89/89/85
f 89/89/85 91/91/87 90/90/86
f 91/91/87 92/92/88 90/90/86
f 90/90/86 92/92/88 93/93/89
f 92/92/88 94/94/90 93/93/89
f 93/93/89 94/94/90 95/95/91
f 94/94/90 96/96/92 95/95/91
f 95/95/91 96/96/92 97/97/93
f 96/96/92 98/98/94 97/97/93
f 97/97/93 98/98/94 99/99/95
f 98/98/94 100/100/96 99/99/95
f 99/99/95 100/100/96 101/101/97
f 100/100/96 102/102/98 101/101/97
f 101/101/97 102/102/98 103/103/99
f 102/102/98 104/104/100 103/103/99
f 103/103/99 104/104/100 105/105/101
f 104/104/100 106/106/102 105/105/101
f 105/105/101 106/106/102 107/107/103
f 106/106/102 108/108/104 107/107/103
f 107/107/103 109/109/105 105/105/101
f 109/109/105 110/110/106 105/105/101
f 105/105/101 110/110/106 103/103/99
f 110/110/106 111/111/107 103/103/99
f 103/103/99 111/111/107 101/101/97
f 99/99/95 112/112/108 97/97/93
f 112/112/108 113/113/109 97/97/93
f 111/111/107 114/114/110 101/101/97
f 114/114/110 112/112/108 99/99/95
f 101/101/97 114/114/110 99/99/95
f 111/111/107 110/110/106 115/115/111
f 86/86/82 111/111/107 115/115/111
f 111/111/107 86/86/82 114/114/110
f 112/112/108 82/82/78 113/113/109
f 82/82/78 80/80/76 113/113/109
f 113/113/109 80/80/76 116/116/112
f 113/113/109 116/116/112 95/95/91
f 95/95/91 116/116/112 93/93/89
f 116/116/112 117/117/113 93/93/89
f 93/93/89 117/117/113 90/90/86
f 117/117/113 88/88/84 90/90/86
f 97/97/93 113/113/109 95/95/91
f 116/116/112 78/78/74 117/117/113
f 80/80/76 78/78/74 116/116/112
f 78/78/74 76/76/72 117/117/113
f 117/117/113 76/76/72 88/88/84
f 86/86/82 84/84/80 114/114/110
f 84/84/80 82/82/78 112/112/108
f 114/114/110 84/84/80 112/112/108
f 86/86/82 115/115/111 118/118/114
f 119/119/115 118/118/114 115/115/111
f 120/120/116 118/118/114 119/119/115
f 121/121/117 120/120/116 119/119/115
f 122/122/118 121/121/117 119/119/115
f 123/123/119 122/122/118 119/119/115
f 123/123/119 119/119/115 124/124/120
f 119/119/115 125/125/121 124/124/120
f 125/125/121 119/119/115 115/115/111
f 125/125/121 115/115/111 110/110/106
f 109/109/105 125/125/121 110/110/106
f 125/125/121 109/109/105 126/126/122
f 124/124/120 125/125/121 126/126/122
f 126/126/122 109/109/105 127/127/123
f 109/109/105 107/107/103 127/127/123
f 128/128/124 127/127/123 107/107/103
f 108/108/104 128/128/124 107/107/103
f 128/128/124 129/129/125 127/127/123
f 129/129/125 130/130/126 127/127/123
f 126/126/122 127/127/123 130/130/126
f 129/129/125 131/131/127 130/130/126
f 131/131/127 132/132/128 130/130/126
f 131/131/127 133/133/129 132/132/128
f 133/133/129 134/134/130 132/132/128
f 133/133/129 135/135/131 134/134/130
f 135/135/131 136/136/132 134/134/130
f 135/135/131 137/137/133 136/136/132
f 137/137/133 138/138/134 136/136/132
f 139/139/135 126/126/122 130/130/126
f 139/139/135 130/130/126 132/132/128
f 140/140/136 134/134/130 136/136/132
f 141/141/137 140/140/136 136/136/132
f 141/141/137 136/136/132 138/138/134
f 142/142/138 141/141/137 138/138/134
f 143/143/139 139/139/135 132/132/128
f 143/143/139 132/132/128 134/134/130
f 140/140/136 143/143/139 134/134/130
f 144/144/140 140/140/136 141/141/137
f 145/145/141 144/144/140 141/141/137
f 145/145/141 141/141/137 142/142/138
f 146/146/142 144/144/140 145/145/141
f 147/147/143 146/146/142 145/145/141
f 147/147/143 145/145/141 148/148/144
f 148/148/144 145/145/141 142/142/138
f 149/149/145 147/147/143 148/148/144
f 146/146/142 150/150/146 144/144/140
f 150/150/146 151/151/147 144/144/140
f 151/151/147 143/143/139 140/140/136
f 144/144/140 151/151/147 140/140/136
f 150/150/146 152/152/148 151/151/147
f 152/152/148 153/153/149 151/151/147
f 153/153/149 139/139/135 143/143/139
f 151/151/147 153/153/149 143/143/139
f 139/139/135 153/153/149 124/124/120
f 126/126/122 139/139/135 124/124/120
f 153/153/149 152/152/148 123/123/119
f 124/124/120 153/153/149 123/123/119
f 123/123/119 152/152/148 154/154/150
f 155/155/151 123/123/119 154/154/150
f 155/155/151 154/154/150 156/156/152
f 157/157/153 155/155/151 156/156/152
f 158/158/154 155/155/151 157/157/153
f 159/159/155 158/158/154 157/157/153
f 156/156/152 154/154/150 160/160/156
f 154/154/150 161/161/157 160/160/156
f 152/152/148 150/150/146 161/161/157
f 154/154/150 152/152/148 161/161/157
f 160/160/156 161/161/157 162/162/158
f 161/161/157 163/163/159 162/162/158
f 162/162/158 163/163/159 164/164/160
f 163/163/159 165/165/161 164/164/160
f 164/164/160 165/165/161 166/166/162
f 165/165/161 167/167/163 166/166/162
f 168/168/164 158/158/154 159/159/155
f 169/169/165 168/168/164 159/159/155
f 170/170/166 168/168/164 169/169/165
f 171/171/167 170/170/166 169/169/165
f 157/157/153 172/172/168 159/159/155
f 172/172/168 173/173/169 159/159/155
f 159/159/155 173/173/169 169/169/165
f 172/172/168 174/174/170 173/173/169
f 174/174/170 175/175/171 173/173/169
f 176/176/172 174/174/170 172/172/168
f 177/177/173 176/176/172 172/172/168
f 173/173/169 175/175/171 178/178/174
f 169/169/165 178/178/174 171/171/167
f 173/173/169 178/178/174 169/169/165
f 175/175/171 179/179/175 178/178/174
f 178/178/174 179/179/175 180/180/176
f 178/178/174 180/180/176 171/171/167
f 179/179/175 181/181/177 180/180/176
f 182/182/178 176/176/172 177/177/173
f 183/183/179 182/182/178 177/177/173
f 184/184/180 182/182/178 183/183/179
f 185/185/181 184/184/180 183/183/179
f 186/186/182 184/184/180 185/185/181
f 187/187/183 186/186/182 185/185/181
f 188/188/184 186/186/182 187/187/183
f 189/189/185 188/188/184 187/187/183
f 187/187/183 185/185/181 162/162/158
f 164/164/160 187/187/183 162/162/158
f 189/189/185 187/187/183 164/164/160
f 166/166/162 189/189/185 164/164/160
f 183/183/179 177/177/173 156/156/152
f 156/156/152 177/177/173 157/157/153
f 177/177/173 172/172/168 157/157/153
f 160/160/156 183/183/179 156/156/152
f 185/185/181 183/183/179 160/160/156
f 162/162/158 185/185/181 160/160/156
f 186/186/182 190/190/186 184/184/180
f 190/190/186 191/191/187 184/184/180
f 192/192/188 190/190/186 186/186/182
f 188/188/184 192/192/188 186/186/182
f 190/190/186 193/193/189 191/191/187
f 194/194/190 193/193/189 190/190/186
f 192/192/188 194/194/190 190/190/186
f 191/191/187 193/193/189 195/195/191
f 191/191/187 195/195/191 182/182/178
f 182/182/178 195/195/191 176/176/172
f 195/195/191 196/196/192 176/176/172
f 176/176/172 196/196/192 174/174/170
f 196/196/192 197/197/193 174/174/170
f 174/174/170 197/197/193 175/175/171
f 197/197/193 198/198/194 175/175/171
f 175/175/171 198/198/194 179/179/175
f 198/198/194 199/199/195 179/179/175
f 184/184/180 191/191/187 182/182/178
f 197/197/193 200/200/196 198/198/194
f 198/198/194 200/200/196 199/199/195
f 201/201/197 200/200/196 197/197/193
f 196/196/192 201/201/197 197/197/193
f 195/195/191 201/201/197 196/196/192
f 193/193/189 201/201/197 195/195/191
f 200/200/196 202/202/198 199/199/195
f 199/199/195 202/202/198 203/203/199
f 199/199/195 203/203/199 181/181/177
f 179/179/175 199/199/195 181/181/177
f 204/204/200 205/205/201 206/206/202
f 207/207/203 204/204/200 206/206/202
f 207/207/203 206/206/202 208/208/204
f 209/209/205 207/207/203 208/208/204
f 205/205/201 204/204/200 210/210/206
f 204/204/200 211/211/207 210/210/206
f 210/210/206 211/211/207 212/212/208
f 211/211/207 213/213/209 212/212/208
f 212/212/208 213/213/209 89/89/85
f 213/213/209 91/91/87 89/89/85
f 212/212/208 214/214/210 210/210/206
f 214/214/210 215/215/211 210/210/206
f 210/210/206 215/215/211 205/205/201
f 215/215/211 216/216/212 205/205/201
f 87/87/83 214/214/210 212/212/208
f 89/89/85 87/87/83 212/212/208
f 205/205/201 216/216/212 217/217/213
f 206/206/202 205/205/201 217/217/213
f 206/206/202 217/217/213 218/218/214
f 208/208/204 206/206/202 218/218/214
f 218/218/214 217/217/213 219/219/215
f 217/217/213 220/220/216 219/219/215
f 217/217/213 216/216/212 220/220/216
f 214/214/210 73/73/69 215/215/211
f 73/73/69 221/221/217 215/215/211
f 71/71/67 73/73/69 214/214/210
f 87/87/83 71/71/67 214/214/210
f 222/222/218 219/219/215 220/220/216
f 223/223/219 222/222/218 220/220/216
f 222/222/218 223/223/219 224/224/220
f 223/223/219 225/225/221 224/224/220
f 225/225/221 223/223/219 226/226/222
f 227/227/223 225/225/221 226/226/222
f 227/227/223 226/226/222 228/228/224
f 221/221/217 73/73/69 228/228/224
f 74/74/70 227/227/223 228/228/224
f 73/73/69 74/74/70 228/228/224
f 225/225/221 229/229/225 224/224/220
f 229/229/225 230/230/226 224/224/220
f 231/231/227 226/226/222 223/223/219
f 220/220/216 231/231/227 223/223/219
f 231/231/227 221/221/217 228/228/224
f 226/226/222 231/231/227 228/228/224
f 216/216/212 231/231/227 220/220/216
f 215/215/211 221/221/217 231/231/227
f 216/216/212 215/215/211 231/231/227
f 230/230/226 232/232/228 224/224/220
f 232/232/228 233/233/229 224/224/220
f 234/234/230 222/222/218 224/224/220
f 233/233/229 234/234/230 224/224/220
f 234/234/230 233/233/229 235/235/231
f 233/233/229 236/236/232 235/235/231
f 235/235/231 236/236/232 237/237/233
f 236/236/232 238/238/234 237/237/233
f 235/235/231 239/239/235 234/234/230
f 239/239/235 235/235/231 237/237/233
f 239/239/235 240/240/236 234/234/230
f 222/222/218 234/234/230 240/240/236
f 219/219/215 222/222/218 240/240/236
f 240/240/236 241/241/237 219/219/215
f 241/241/237 218/218/214 219/219/215
f 241/241/237 242/242/238 218/218/214
f 243/243/239 242/242/238 241/241/237
f 243/243/239 244/244/240 242/242/238
f 244/244/240 245/245/241 242/242/238
f 242/242/238 245/245/241 208/208/204
f 242/242/238 208/208/204 218/218/214
f 245/245/241 209/209/205 208/208/204
f 244/244/240 243/243/239 246/246/242
f 247/247/243 244/244/240 246/246/242
f 247/247/243 246/246/242 248/248/244
f 249/249/245 247/247/243 248/248/244
f 249/249/245 248/248/244 250/250/246
f 251/251/247 249/249/245 250/250/246
f 251/251/247 250/250/246 252/252/248
f 253/253/249 251/251/247 252/252/248
f 253/253/249 252/252/248 254/254/250
f 255/255/251 253/253/249 254/254/250
f 255/255/251 254/254/250 256/256/134
f 257/257/133 255/255/251 256/256/134
f 258/258/252 248/248/244 246/246/242
f 259/259/253 258/258/252 246/246/242
f 259/259/253 246/246/242 243/243/239
f 260/260/254 259/259/253 243/243/239
f 261/261/255 252/252/248 250/250/246
f 262/262/256 261/261/255 250/250/246
f 262/262/256 250/250/246 248/248/244
f 258/258/252 262/262/256 248/248/244
f 263/263/138 256/256/134 254/254/250
f 264/264/257 263/263/138 254/254/250
f 264/264/257 254/254/250 252/252/248
f 261/261/255 264/264/257 252/252/248
f 260/260/254 243/243/239 241/241/237
f 265/265/258 258/258/252 259/259/253
f 266/266/259 265/265/258 259/259/253
f 267/267/260 261/261/255 262/262/256
f 268/268/261 267/267/260 262/262/256
f 268/268/261 262/262/256 258/258/252
f 265/265/258 268/268/261 258/258/252
f 269/269/262 267/267/260 268/268/261
f 270/270/263 269/269/262 268/268/261
f 270/270/263 268/268/261 265/265/258
f 238/238/234 270/270/263 265/265/258
f 269/269/262 271/271/264 267/267/260
f 271/271/264 272/272/265 267/267/260
f 272/272/265 264/264/257 261/261/255
f 267/267/260 272/272/265 261/261/255
f 271/271/264 273/273/145 272/272/265
f 273/273/145 274/274/144 272/272/265
f 274/274/144 263/263/138 264/264/257
f 272/272/265 274/274/144 264/264/257
f 265/265/258 266/266/259 237/237/233
f 238/238/234 265/265/258 237/237/233
f 266/266/259 239/239/235 237/237/233
f 266/266/259 259/259/253 239/239/235
f 259/259/253 260/260/254 239/239/235
f 260/260/254 241/241/237 240/240/236
f 239/239/235 260/260/254 240/240/236
f 273/273/145 271/271/264 275/275/266
f 276/276/163 273/273/145 275/275/266
f 276/276/163 275/275/266 277/277/267
f 278/278/162 276/276/163 277/277/267
f 277/277/267 275/275/266 279/279/268
f 275/275/266 280/280/269 279/279/268
f 275/275/266 271/271/264 280/280/269
f 279/279/268 280/280/269 281/281/270
f 280/280/269 282/282/271 281/281/270
f 281/281/270 282/282/271 283/283/272
f 282/282/271 284/284/273 283/283/272
f 283/283/272 284/284/273 285/285/274
f 284/284/273 286/286/275 285/285/274
f 285/285/274 286/286/275 287/287/276
f 286/286/275 288/288/277 287/287/276
f 287/287/276 288/288/277 289/289/278
f 288/288/277 290/290/279 289/289/278
f 289/289/278 290/290/279 291/291/166
f 292/292/167 289/289/278 291/291/166
f 293/293/280 287/287/276 289/289/278
f 294/294/281 293/293/280 289/289/278
f 294/294/281 289/289/278 292/292/167
f 295/295/282 293/293/280 294/294/281
f 296/296/283 295/295/282 294/294/281
f 296/296/283 294/294/281 297/297/176
f 297/297/176 294/294/281 292/292/167
f 298/298/177 296/296/283 297/297/176
f 295/295/282 299/299/284 293/293/280
f 299/299/284 300/300/285 293/293/280
f 300/300/285 285/285/274 287/287/276
f 293/293/280 300/300/285 287/287/276
f 299/299/284 301/301/286 300/300/285
f 301/301/286 302/302/287 300/300/285
f 301/301/286 303/303/288 302/302/287
f 303/303/288 304/304/289 302/302/287
f 303/303/288 305/305/290 304/304/289
f 305/305/290 306/306/291 304/304/289
f 305/305/290 307/307/292 306/306/291
f 307/307/292 308/308/293 306/306/291
f 307/307/292 309/309/184 308/308/293
f 309/309/184 310/310/185 308/308/293
f 300/300/285 302/302/287 285/285/274
f 302/302/287 283/283/272 285/285/274
f 302/302/287 304/304/289 283/283/272
f 304/304/289 306/306/291 281/281/270
f 304/304/289 281/281/270 283/283/272
f 306/306/291 279/279/268 281/281/270
f 306/306/291 308/308/293 279/279/268
f 308/308/293 310/310/185 277/277/267
f 308/308/293 277/277/267 279/279/268
f 310/310/185 278/278/162 277/277/267
f 303/303/288 311/311/294 305/305/290
f 311/311/294 312/312/295 305/305/290
f 305/305/290 312/312/295 307/307/292
f 313/313/296 311/311/294 303/303/288
f 307/307/292 314/314/297 309/309/184
f 312/312/295 314/314/297 307/307/292
f 314/314/297 315/315/188 309/309/184
f 311/311/294 316/316/298 312/312/295
f 312/312/295 316/316/298 314/314/297
f 317/317/299 316/316/298 311/311/294
f 313/313/296 317/317/299 311/311/294
f 318/318/300 317/317/299 313/313/296
f 318/318/300 313/313/296 301/301/286
f 299/299/284 318/318/300 301/301/286
f 319/319/301 318/318/300 299/299/284
f 295/295/282 319/319/301 299/299/284
f 320/320/302 319/319/301 295/295/282
f 296/296/283 320/320/302 295/295/282
f 320/320/302 296/296/283 321/321/199
f 296/296/283 298/298/177 321/321/199
f 301/301/286 313/313/296 303/303/288
f 320/320/302 322/322/303 319/319/301
f 322/322/303 317/317/299 318/318/300
f 319/319/301 322/322/303 318/318/300
f 323/323/198 322/322/303 320/320/302
f 321/321/199 323/323/198 320/320/302
f 314/314/297 324/324/190 315/315/188
f 316/316/298 324/324/190 314/314/297
f 85/85/81 86/86/82 118/118/114
f 85/85/81 118/118/114 52/52/49
f 54/54/51 85/85/81 52/52/49
f 83/83/79 85/85/81 54/54/51
f 57/57/54 83/83/79 54/54/51
f 81/81/77 83/83/79 57/57/54
f 58/58/55 81/81/77 57/57/54
f 79/79/75 81/81/77 58/58/55
f 59/59/56 79/79/75 58/58/55
f 77/77/73 79/79/75 59/59/56
f 60/60/57 77/77/73 59/59/56
f 75/75/71 77/77/73 60/60/57
f 61/61/58 75/75/71 60/60/57
f 70/70/66 75/75/71 61/61/58
f 62/62/59 70/70/66 61/61/58
f 52/52/49 118/118/114 53/53/50
f 118/118/114 120/120/116 53/53/50
f 53/53/50 120/120/116 55/55/52
f 120/120/116 325/325/304 55/55/52
f 325/325/304 120/120/116 121/121/117
f 326/326/305 325/325/304 121/121/117
f 326/326/305 121/121/117 327/327/306
f 326/326/305 327/327/306 328/328/307
f 327/327/306 329/329/308 328/328/307
f 121/121/117 122/122/118 327/327/306
f 326/326/305 328/328/307 330/330/309
f 325/325/304 326/326/305 330/330/309
f 329/329/308 327/327/306 168/168/164
f 170/170/166 329/329/308 168/168/164
f 327/327/306 122/122/118 158/158/154
f 168/168/164 327/327/306 158/158/154
f 158/158/154 122/122/118 155/155/151
f 122/122/118 123/123/119 155/155/151
f 325/325/304 330/330/309 56/56/53
f 55/55/52 325/325/304 56/56/53
f 331/331/310 332/332/311 204/204/200
f 207/207/203 331/331/310 204/204/200
f 333/333/312 331/331/310 207/207/203
f 209/209/205 333/333/312 207/207/203
f 204/204/200 332/332/311 211/211/207
f 332/332/311 334/334/313 211/211/207
f 211/211/207 334/334/313 213/213/209
f 334/334/313 335/335/314 213/213/209
f 213/213/209 335/335/314 91/91/87
f 335/335/314 336/336/315 91/91/87
f 91/91/87 336/336/315 92/92/88
f 336/336/315 337/337/316 92/92/88
f 92/92/88 337/337/316 94/94/90
f 337/337/316 338/338/317 94/94/90
f 94/94/90 338/338/317 339/339/318
f 96/96/92 94/94/90 339/339/318
f 96/96/92 339/339/318 98/98/94
f 339/339/318 340/340/319 98/98/94
f 98/98/94 340/340/319 100/100/96
f 340/340/319 341/341/320 100/100/96
f 100/100/96 341/341/320 102/102/98
f 341/341/320 342/342/321 102/102/98
f 102/102/98 342/342/321 104/104/100
f 342/342/321 343/343/322 104/104/100
f 104/104/100 343/343/322 106/106/102
f 343/343/322 344/344/323 106/106/102
f 106/106/102 344/344/323 108/108/104
f 344/344/323 345/345/324 108/108/104
f 108/108/104 345/345/324 128/128/124
f 345/345/324 346/346/325 128/128/124
f 128/128/124 346/346/325 129/129/125
f 346/346/325 347/347/326 129/129/125
f 129/129/125 347/347/326 131/131/127
f 347/347/326 348/348/327 131/131/127
f 131/131/127 348/348/327 133/133/129
f 348/348/327 349/349/328 133/133/129
f 133/133/129 349/349/328 135/135/131
f 349/349/328 350/350/329 135/135/131
f 135/135/131 350/350/329 137/137/133
f 350/350/329 351/351/330 137/137/133
f 344/344/323 352/352/331 345/345/324
f 352/352/331 353/353/332 345/345/324
f 345/345/324 353/353/332 346/346/325
f 353/353/332 354/354/333 346/346/325
f 346/346/325 354/354/333 347/347/326
f 354/354/333 355/355/334 347/347/326
f 347/347/326 355/355/334 348/348/327
f 355/355/334 356/356/335 348/348/327
f 348/348/327 356/356/335 349/349/328
f 356/356/335 357/357/336 349/349/328
f 349/349/328 357/357/336 350/350/329
f 357/357/336 358/358/337 350/350/329
f 350/350/329 358/358/337 351/351/330
f 358/358/337 359/359/338 351/351/330
f 352/352/331 360/360/339 353/353/332
f 360/360/339 361/361/340 353/353/332
f 353/353/332 361/361/340 354/354/333
f 354/354/333 361/361/340 355/355/334
f 362/362/341 360/360/339 352/352/331
f 362/362/341 352/352/331 344/344/323
f 343/343/322 362/362/341 344/344/323
f 363/363/342 362/362/341 343/343/322
f 342/342/321 363/363/342 343/343/322
f 364/364/343 363/363/342 342/342/321
f 341/341/320 364/364/343 342/342/321
f 365/365/344 364/364/343 341/341/320
f 340/340/319 365/365/344 341/341/320
f 366/366/345 365/365/344 340/340/319
f 339/339/318 366/366/345 340/340/319
f 367/367/346 366/366/345 339/339/318
f 338/338/317 367/367/346 339/339/318
f 368/368/347 367/367/346 338/338/317
f 337/337/316 368/368/347 338/338/317
f 369/369/348 368/368/347 337/337/316
f 336/336/315 369/369/348 337/337/316
f 370/370/349 369/369/348 336/336/315
f 335/335/314 370/370/349 336/336/315
f 371/371/350 370/370/349 335/335/314
f 334/334/313 371/371/350 335/335/314
f 372/372/351 371/371/350 334/334/313
f 332/332/311 372/372/351 334/334/313
f 373/373/352 372/372/351 332/332/311
f 331/331/310 373/373/352 332/332/311
f 374/374/353 373/373/352 331/331/310
f 333/333/312 374/374/353 331/331/310
f 375/375/354 374/374/353 333/333/312
f 376/376/355 375/375/354 333/333/312
f 376/376/355 333/333/312 209/209/205
f 245/245/241 376/376/355 209/209/205
f 377/377/356 376/376/355 245/245/241
f 244/244/240 377/377/356 245/245/241
f 378/378/357 377/377/356 244/244/240
f 247/247/243 378/378/357 244/244/240
f 379/379/358 378/378/357 247/247/243
f 249/249/245 379/379/358 247/247/243
f 380/380/359 379/379/358 249/249/245
f 251/251/247 380/380/359 249/249/245
f 381/381/360 380/380/359 251/251/247
f 253/253/249 381/381/360 251/251/247
f 382/382/361 381/381/360 253/253/249
f 255/255/251 382/382/361 253/253/249
f 383/383/330 382/382/361 255/255/251
f 257/257/133 383/383/330 255/255/251
f 383/383/330 384/384/338 382/382/361
f 384/384/338 385/385/362 382/382/361
f 382/382/361 385/385/362 381/381/360
f 385/385/362 386/386/363 381/381/360
f 381/381/360 386/386/363 380/380/359
f 386/386/363 387/387/364 380/380/359
f 380/380/359 387/387/364 379/379/358
f 387/387/364 388/388/365 379/379/358
f 379/379/358 388/388/365 378/378/357
f 388/388/365 389/389/366 378/378/357
f 378/378/357 389/389/366 377/377/356
f 389/389/366 390/390/367 377/377/356
f 377/377/356 390/390/367 376/376/355
f 390/390/367 375/375/354 376/376/355
f 390/390/367 391/391/368 375/375/354
f 384/384/338 392/392/369 385/385/362
f 385/385/362 392/392/369 386/386/363
f 392/392/369 393/393/370 386/386/363
f 386/386/363 393/393/370 387/387/364
f 387/387/364 393/393/370 388/388/365
f 393/393/370 394/394/371 388/388/365
f 388/388/365 394/394/371 389/389/366
f 394/394/371 391/391/368 390/390/367
f 389/389/366 394/394/371 390/390/367
f 375/375/354 391/391/368 374/374/353
f 391/391/368 395/395/372 374/374/353
f 374/374/353 395/395/372 373/373/352
f 373/373/352 395/395/372 372/372/351
f 395/395/372 396/396/373 372/372/351
f 372/372/351 396/396/373 371/371/350
f 371/371/350 396/396/373 370/370/349
f 396/396/373 397/397/374 370/370/349
f 370/370/349 397/397/374 369/369/348
f 369/369/348 397/397/374 368/368/347
f 397/397/374 398/398/375 368/368/347
f 368/368/347 398/398/375 367/367/346
f 367/367/346 398/398/375 366/366/345
f 398/398/375 399/399/376 366/366/345
f 366/366/345 399/399/376 365/365/344
f 365/365/344 399/399/376 364/364/343
f 399/399/376 400/400/377 364/364/343
f 364/364/343 400/400/377 363/363/342
f 363/363/342 400/400/377 362/362/341
f 400/400/377 360/360/339 362/362/341
f 401/401/378 402/402/379 1/1/1
f 4/4/4 401/401/378 1/1/1
f 1/1/1 402/402/379 5/5/5
f 402/402/379 403/403/380 5/5/5
f 404/404/381 401/401/378 4/4/4
f 8/8/8 404/404/381 4/4/4
f 405/405/382 404/404/381 8/8/8
f 5/5/5 403/403/380 11/11/11
f 403/403/380 406/406/383 11/11/11
f 11/11/11 406/406/383 13/13/13
f 406/406/383 407/407/384 13/13/13
f 13/13/13 407/407/384 15/15/15
f 407/407/384 408/408/385 15/15/15
f 15/15/15 408/408/385 17/17/17
f 408/408/385 409/409/386 17/17/17
f 17/17/17 409/409/386 20/20/20
f 409/409/386 410/410/387 20/20/20
f 20/20/20 410/410/387 22/22/22
f 410/410/387 411/411/388 22/22/22
f 22/22/22 411/411/388 24/24/24
f 411/411/388 412/412/389 24/24/24
f 24/24/24 412/412/389 26/26/26
f 412/412/389 413/413/390 26/26/26
f 26/26/26 413/413/390 28/28/28
f 413/413/390 414/414/391 28/28/28
f 28/28/28 414/414/391 30/30/30
f 414/414/391 415/415/392 30/30/30
f 30/30/30 415/415/392 32/32/32
f 415/415/392 416/416/393 32/32/32
f 32/32/32 416/416/393 34/34/10
f 416/416/393 417/417/382 34/34/10
f 415/415/392 418/418/394 416/416/393
f 414/414/391 418/418/394 415/415/392
f 418/418/394 419/419/395 416/416/393
f 416/416/393 419/419/395 417/417/382
f 420/420/396 418/418/394 414/414/391
f 413/413/390 420/420/396 414/414/391
f 412/412/389 420/420/396 413/413/390
f 421/421/397 420/420/396 412/412/389
f 411/411/388 421/421/397 412/412/389
f 410/410/387 421/421/397 411/411/388
f 422/422/398 421/421/397 410/410/387
f 409/409/386 422/422/398 410/410/387
f 408/408/385 422/422/398 409/409/386
f 423/423/399 422/422/398 408/408/385
f 407/407/384 423/423/399 408/408/385
f 406/406/383 423/423/399 407/407/384
f 424/424/400 423/423/399 406/406/383
f 403/403/380 424/424/400 406/406/383
f 402/402/379 424/424/400 403/403/380
f 425/425/401 424/424/400 402/402/379
f 401/401/378 425/425/401 402/402/379
f 404/404/381 425/425/401 401/401/378
f 426/426/395 425/425/401 404/404/381
f 405/405/382 426/426/395 404/404/381
f 10/10/10 405/405/382 8/8/8
f 361/361/340 427/427/402 355/355/334
f 355/355/334 427/427/402 356/356/335
f 356/356/335 427/427/402 357/357/336
f 427/427/402 428/428/403 357/357/336
f 357/357/336 428/428/403 358/358/337
f 358/358/337 428/428/403 359/359/338
f 428/428/403 429/429/369 359/359/338
f 430/430/372 431/431/404 432/432/373
f 432/432/373 431/431/404 433/433/374
f 433/433/374 431/431/404 434/434/375
f 434/434/375 431/431/404 435/435/376
f 435/435/376 431/431/404 436/436/377
f 436/436/377 431/431/404 437/437/339
f 437/437/339 431/431/404 438/438/340
f 438/438/340 431/431/404 439/439/402
f 439/439/402 431/431/404 440/440/403
f 440/440/403 431/431/404 441/441/369
f 441/441/369 431/431/404 442/442/370
f 442/442/370 431/431/404 443/443/371
f 444/444/368 431/431/404 430/430/372
f 443/443/371 431/431/404 444/444/368
f 445/445/401 446/446/405 447/447/400
f 448/448/395 446/446/405 445/445/401
f 449/449/394 446/446/405 448/448/395
f 450/450/396 446/446/405 449/449/394
f 451/451/397 446/446/405 450/450/396
f 452/452/398 446/446/405 451/451/397
f 453/453/399 446/446/405 452/452/398
f 447/447/400 446/446/405 453/453/399
f 454/454/197 455/455/406 456/456/196
f 456/456/196 455/455/406 457/457/198
f 457/457/198 455/455/406 458/458/303
f 458/458/303 455/455/406 459/459/299
f 459/459/299 455/455/406 460/460/298
f 460/460/298 455/455/406 461/461/190
f 461/461/190 455/455/406 462/462/189
f 462/462/189 455/455/406 454/454/197
f 463/463/308 232/232/228 230/230/226
f 464/464/307 463/463/308 230/230/226
f 464/464/307 230/230/226 465/465/309
f 230/230/226 229/229/225 465/465/309
f 290/290/279 232/232/228 463/463/308
f 233/233/229 232/232/228 290/290/279
f 288/288/277 233/233/229 290/290/279
f 236/236/232 233/233/229 288/288/277
f 286/286/275 236/236/232 288/288/277
f 238/238/234 236/236/232 286/286/275
f 284/284/273 238/238/234 286/286/275
f 291/291/166 290/290/279 463/463/308
f 270/270/263 238/238/234 284/284/273
f 282/282/271 270/270/263 284/284/273
f 269/269/262 270/270/263 282/282/271
f 280/280/269 269/269/262 282/282/271
f 271/271/264 269/269/262 280/280/269
f 465/465/309 229/229/225 67/67/64
f 68/68/53 465/465/309 67/67/64
f 67/67/64 229/229/225 66/66/63
f 229/229/225 225/225/221 66/66/63
f 66/66/63 225/225/221 65/65/62
f 225/225/221 227/227/223 65/65/62
f 65/65/62 227/227/223 64/64/61
f 227/227/223 74/74/70 64/64/61
f 150/150/146 146/146/142 163/163/159
f 161/161/157 150/150/146 163/163/159
f 163/163/159 146/146/142 165/165/161
f 146/146/142 147/147/143 165/165/161
f 165/165/161 147/147/143 167/167/163
f 147/147/143 149/149/145 167/167/163
f 466/466/407 467/467/408 468/468/408
f 469/469/407 468/468/408 467/467/408
f 468/468/408 470/470/409 466/466/407
f 471/471/410 472/472/410 473/473/411
f 472/472/410 471/471/410 474/474/412
f 474/474/412 475/475/413 472/472/410
f 476/476/414 477/477/415 478/478/416
f 479/479/417 476/476/414 478/478/416
f 478/478/416 480/480/418 479/479/417
f 480/480/418 481/481/419 479/479/417
f 477/477/415 476/476/414 482/482/420
f 483/483/421 477/477/415 482/482/420
f 482/482/420 484/484/422 483/483/421
f 484/484/422 485/485/423 483/483/421
f 477/477/415 486/486/424 478/478/416
f 478/478/416 486/486/424 480/480/418
f 486/486/424 487/487/425 480/480/418
f 483/483/421 488/488/426 477/477/415
f 488/488/426 489/489/427 477/477/415
f 490/490/428 489/489/427 488/488/426
f 491/491/429 490/490/428 488/488/426
f 491/491/429 488/488/426 492/492/423
f 492/492/423 488/488/426 483/483/421
f 485/485/423 492/492/423 483/483/421
f 493/493/430 491/491/429 492/492/423
f 490/490/428 494/494/431 489/489/427
f 494/494/431 495/495/432 489/489/427
f 494/494/431 496/496/433 495/495/432
f 496/496/433 497/497/434 495/495/432
f 491/491/429 498/498/435 490/490/428
f 498/498/435 499/499/436 490/490/428
f 490/490/428 499/499/436 494/494/431
f 500/500/437 499/499/436 498/498/435
f 501/501/438 500/500/437 498/498/435
f 501/501/438 498/498/435 502/502/439
f 502/502/439 498/498/435 491/491/429
f 493/493/430 502/502/439 491/491/429
f 503/503/440 501/501/438 502/502/439
f 500/500/437 504/504/441 499/499/436
f 504/504/441 505/505/442 499/499/436
f 499/499/436 505/505/442 494/494/431
f 494/494/431 505/505/442 496/496/433
f 504/504/441 506/506/418 505/505/442
f 506/506/418 507/507/443 505/505/442
f 505/505/442 507/507/443 496/496/433
f 495/495/432 497/497/434 508/508/444
f 495/495/432 508/508/444 477/477/415
f 489/489/427 495/495/432 477/477/415
f 497/497/434 509/509/445 508/508/444
f 477/477/415 508/508/444 486/486/424
f 508/508/444 509/509/445 487/487/425
f 486/486/424 508/508/444 487/487/425
f 510/510/446 511/511/447 512/512/448
f 513/513/449 510/510/446 512/512/448
f 510/510/446 514/514/450 511/511/447
f 513/513/449 515/515/451 510/510/446
f 510/510/446 516/516/452 514/514/450
f 517/517/453 516/516/452 510/510/446
f 518/518/454 516/516/452 517/517/453
f 519/519/454 518/518/454 517/517/453
f 519/519/454 520/520/455 518/518/454
f 520/520/455 521/521/455 518/518/454
f 522/522/456 521/521/455 520/520/455
f 523/523/456 522/522/456 520/520/455
f 524/524/457 517/517/453 510/510/446
f 524/524/457 510/510/446 515/515/451
f 512/512/448 511/511/447 525/525/458
f 511/511/447 526/526/458 525/525/458
f 525/525/458 526/526/458 527/527/459
f 528/528/460 525/525/458 527/527/459
f 528/528/460 527/527/459 529/529/461
f 530/530/462 528/528/460 529/529/461
f 527/527/459 531/531/463 529/529/461
f 530/530/462 529/529/461 532/532/464
f 532/532/464 529/529/461 533/533/465
f 533/533/465 529/529/461 534/534/466
f 529/529/461 531/531/463 534/534/466
f 535/535/467 533/533/465 534/534/466
f 535/535/467 534/534/466 536/536/468
f 534/534/466 537/537/468 536/536/468
f 536/536/468 537/537/468 538/538/469
f 537/537/468 539/539/470 538/538/469
f 539/539/470 540/540/471 538/538/469
f 539/539/470 541/541/472 540/540/471
f 542/542/473 540/540/471 541/541/472
f 542/542/473 543/543/474 540/540/471
f 542/542/473 544/544/475 543/543/474
f 544/544/475 545/545/476 543/543/474
f 546/546/477 545/545/476 544/544/475
f 547/547/478 546/546/477 544/544/475
f 546/546/477 547/547/478 548/548/479
f 549/549/480 546/546/477 548/548/479
f 547/547/478 550/550/481 548/548/479
f 548/548/479 551/551/482 549/549/480
f 550/550/481 552/552/483 548/548/479
f 548/548/479 553/553/484 551/551/482
f 554/554/485 553/553/484 548/548/479
f 552/552/483 554/554/485 548/548/479
f 555/555/486 554/554/485 552/552/483
f 556/556/486 555/555/486 552/552/483
f 556/556/486 557/557/487 555/555/486
f 557/557/487 558/558/487 555/555/486
f 559/559/488 558/558/487 557/557/487
f 560/560/488 559/559/488 557/557/487
f 561/561/489 562/562/490 563/563/491
f 564/564/492 561/561/489 563/563/491
f 563/563/491 565/565/493 564/564/492
f 565/565/493 566/566/445 564/564/492
f 562/562/490 561/561/489 567/567/494
f 568/568/495 562/562/490 567/567/494
f 567/567/494 569/569/496 568/568/495
f 569/569/496 570/570/497 568/568/495
f 566/566/445 571/571/498 564/564/492
f 571/571/498 572/572/499 564/564/492
f 564/564/492 572/572/499 561/561/489
f 568/568/495 570/570/497 573/573/500
f 570/570/497 574/574/501 573/573/500
f 565/565/493 563/563/491 575/575/434
f 563/563/491 576/576/502 575/575/434
f 563/563/491 562/562/490 576/576/502
f 562/562/490 577/577/503 576/576/502
f 568/568/495 573/573/500 577/577/503
f 562/562/490 568/568/495 577/577/503
f 573/573/500 574/574/501 578/578/504
f 579/579/505 573/573/500 578/578/504
f 577/577/503 573/573/500 579/579/505
f 579/579/505 578/578/504 580/580/506
f 580/580/506 581/581/507 579/579/505
f 581/581/507 582/582/508 579/579/505
f 576/576/502 577/577/503 582/582/508
f 582/582/508 577/577/503 579/579/505
f 578/578/504 583/583/509 580/580/506
f 582/582/508 581/581/507 584/584/510
f 585/585/511 582/582/508 584/584/510
f 575/575/434 576/576/502 585/585/511
f 585/585/511 576/576/502 582/582/508
f 585/585/511 584/584/510 586/586/512
f 587/587/418 585/585/511 586/586/512
f 587/587/418 575/575/434 585/585/511
f 586/586/512 584/584/510 588/588/513
f 584/584/510 589/589/514 588/588/513
f 584/584/510 581/581/507 589/589/514
f 588/588/513 589/589/514 590/590/515
f 589/589/514 591/591/516 590/590/515
f 589/589/514 581/581/507 591/591/516
f 580/580/506 583/583/509 592/592/517
f 593/593/518 580/580/506 592/592/517
f 581/581/507 580/580/506 593/593/518
f 594/594/519 593/593/518 592/592/517
f 595/595/520 594/594/519 592/592/517
f 594/594/519 595/595/520 596/596/521
f 595/595/520 597/597/522 596/596/521
f 596/596/521 598/598/523 594/594/519
f 598/598/523 599/599/524 594/594/519
f 594/594/519 599/599/524 593/593/518
f 598/598/523 600/600/525 599/599/524
f 600/600/525 601/601/526 599/599/524
f 600/600/525 602/602/527 601/601/526
f 602/602/527 603/603/528 601/601/526
f 599/599/524 604/604/529 593/593/518
f 599/599/524 601/601/526 604/604/529
f 601/601/526 605/605/530 604/604/529
f 601/601/526 603/603/528 605/605/530
f 590/590/515 591/591/516 605/605/530
f 605/605/530 591/591/516 604/604/529
f 603/603/528 606/606/531 605/605/530
f 596/596/521 607/607/532 598/598/523
f 607/607/532 608/608/533 598/598/523
f 598/598/523 608/608/533 600/600/525
f 609/609/534 608/608/533 607/607/532
f 610/610/535 609/609/534 607/607/532
f 607/607/532 611/611/536 610/610/535
f 611/611/536 607/607/532 596/596/521
f 597/597/522 611/611/536 596/596/521
f 611/611/536 612/612/537 610/610/535
f 609/609/534 613/613/538 608/608/533
f 613/613/538 614/614/539 608/608/533
f 613/613/538 615/615/527 614/614/539
f 615/615/527 616/616/540 614/614/539
f 614/614/539 616/616/540 617/617/541
f 608/608/533 614/614/539 617/617/541
f 616/616/540 618/618/493 617/617/541
f 610/610/535 619/619/542 609/609/534
f 619/619/542 620/620/543 609/609/534
f 609/609/534 620/620/543 613/613/538
f 476/476/414 620/620/543 619/619/542
f 482/482/420 476/476/414 619/619/542
f 476/476/414 479/479/417 620/620/543
f 479/479/417 621/621/544 620/620/543
f 620/620/543 621/621/544 613/613/538
f 613/613/538 621/621/544 615/615/527
f 479/479/417 481/481/419 621/621/544
f 481/481/419 622/622/545 621/621/544
f 621/621/544 622/622/545 615/615/527
f 482/482/420 619/619/542 623/623/546
f 484/484/422 482/482/420 623/623/546
f 623/623/546 619/619/542 610/610/535
f 612/612/537 623/623/546 610/610/535
f 617/617/541 618/618/493 624/624/547
f 618/618/493 625/625/548 624/624/547
f 624/624/547 625/625/548 602/602/527
f 600/600/525 624/624/547 602/602/527
f 608/608/533 624/624/547 600/600/525
f 617/617/541 624/624/547 608/608/533
f 626/626/549 627/627/550 628/628/551
f 629/629/552 626/626/549 628/628/551
f 626/626/549 630/630/553 627/627/550
f 630/630/553 631/631/509 627/627/550
f 629/629/552 628/628/551 632/632/554
f 633/633/555 629/629/552 632/632/554
f 633/633/555 632/632/554 634/634/556
f 635/635/545 633/633/555 634/634/556
f 627/627/550 631/631/509 569/569/496
f 567/567/494 627/627/550 569/569/496
f 628/628/551 627/627/550 567/567/494
f 634/634/556 632/632/554 636/636/557
f 632/632/554 637/637/558 636/636/557
f 632/632/554 628/628/551 637/637/558
f 628/628/551 561/561/489 637/637/558
f 561/561/489 628/628/551 567/567/494
f 636/636/557 637/637/558 572/572/499
f 637/637/558 561/561/489 572/572/499
f 571/571/498 636/636/557 572/572/499
f 626/626/549 638/638/559 630/630/553
f 638/638/559 639/639/496 630/630/553
f 640/640/560 639/639/496 638/638/559
f 641/641/561 640/640/560 638/638/559
f 641/641/561 638/638/559 642/642/562
f 643/643/563 641/641/561 642/642/562
f 643/643/563 642/642/562 644/644/564
f 645/645/565 643/643/563 644/644/564
f 645/645/565 644/644/564 646/646/434
f 647/647/418 645/645/565 646/646/434
f 646/646/434 644/644/564 633/633/555
f 635/635/545 646/646/434 633/633/555
f 644/644/564 642/642/562 629/629/552
f 633/633/555 644/644/564 629/629/552
f 642/642/562 638/638/559 626/626/549
f 629/629/552 642/642/562 626/626/549
f 606/606/531 590/590/515 605/605/530
f 591/591/516 581/581/507 604/604/529
f 604/604/529 581/581/507 593/593/518
f 540/540/471 648/648/566 649/649/567
f 649/649/567 650/650/568 540/540/471
f 543/543/474 648/648/566 540/540/471
f 540/540/471 650/650/568 538/538/469
f 651/467/408 652/466/407 653/468/408
f 653/468/408 654/469/407 651/467/408
f 655/470/409 653/468/408 652/466/407
f 656/472/410 657/471/410 658/473/569
f 657/471/410 656/472/410 659/474/412
f 660/475/570 659/474/412 656/472/410
f 661/476/571 662/479/572 663/478/573
f 664/477/574 661/476/571 663/478/573
f 665/480/575 663/478/573 662/479/572
f 666/481/576 665/480/575 662/479/572
f 661/476/571 664/477/574 667/482/577
f 664/477/574 668/483/578 667/482/577
f 669/484/579 667/482/577 668/483/578
f 670/485/580 669/484/579 668/483/578
f 671/486/581 664/477/574 663/478/573
f 671/486/581 663/478/573 665/480/575
f 672/487/582 671/486/581 665/480/575
f 673/488/583 668/483/578 664/477/574
f 674/489/584 673/488/583 664/477/574
f 674/489/584 675/490/428 673/488/583
f 675/490/428 676/491/585 673/488/583
f 673/488/583 676/491/585 677/492/580
f 677/492/580 670/485/580 668/483/578
f 673/488/583 677/492/580 668/483/578
f 676/491/585 678/493/556 677/492/580
f 679/494/586 675/490/428 674/489/584
f 680/495/587 679/494/586 674/489/584
f 681/496/588 679/494/586 680/495/587
f 682/497/589 681/496/588 680/495/587
f 683/498/590 676/491/585 675/490/428
f 684/499/436 683/498/590 675/490/428
f 684/499/436 675/490/428 679/494/586
f 684/499/436 685/500/591 683/498/590
f 685/500/591 686/501/592 683/498/590
f 683/498/590 686/501/592 687/502/593
f 687/502/593 678/493/556 676/491/585
f 683/498/590 687/502/593 676/491/585
f 686/501/592 688/503/594 687/502/593
f 689/504/595 685/500/591 684/499/436
f 690/505/596 689/504/595 684/499/436
f 690/505/596 684/499/436 679/494/586
f 690/505/596 679/494/586 681/496/588
f 691/506/575 689/504/595 690/505/596
f 692/507/504 691/506/575 690/505/596
f 692/507/504 690/505/596 681/496/588
f 682/497/589 680/495/587 693/508/597
f 693/508/597 680/495/587 664/477/574
f 680/495/587 674/489/584 664/477/574
f 694/509/598 682/497/589 693/508/597
f 693/508/597 664/477/574 671/486/581
f 693/508/597 671/486/581 672/487/582
f 694/509/598 693/508/597 672/487/582
f 695/510/599 696/513/600 697/512/601
f 698/511/602 695/510/599 697/512/601
f 699/514/450 695/510/599 698/511/602
f 700/515/603 696/513/600 695/510/599
f 701/516/604 695/510/599 699/514/450
f 701/516/604 702/517/605 695/510/599
f 701/516/604 703/518/454 702/517/605
f 703/518/454 704/519/454 702/517/605
f 705/520/455 704/519/454 703/518/454
f 706/521/455 705/520/455 703/518/454
f 706/521/455 707/522/456 705/520/455
f 707/522/456 708/523/456 705/520/455
f 702/517/605 709/524/606 695/510/599
f 695/510/599 709/524/606 700/515/603
f 698/511/602 697/512/601 710/525/458
f 711/526/458 698/511/602 710/525/458
f 711/526/458 710/525/458 712/527/607
f 710/525/458 713/528/608 712/527/607
f 712/527/607 713/528/608 714/529/609
f 713/528/608 715/530/610 714/529/609
f 716/531/463 712/527/607 714/529/609
f 714/529/609 715/530/610 717/532/611
f 714/529/609 717/532/611 718/533/612
f 714/529/609 718/533/612 719/534/613
f 716/531/463 714/529/609 719/534/613
f 718/533/612 720/535/614 719/534/613
f 719/534/613 720/535/614 721/536/468
f 722/537/468 719/534/613 721/536/468
f 722/537/468 721/536/468 723/538/615
f 724/539/616 722/537/468 723/538/615
f 725/540/617 724/539/616 723/538/615
f 726/541/618 724/539/616 725/540/617
f 725/540/617 727/542/619 726/541/618
f 728/543/620 727/542/619 725/540/617
f 729/544/621 727/542/619 728/543/620
f 730/545/622 729/544/621 728/543/620
f 730/545/622 731/546/623 729/544/621
f 731/546/623 732/547/624 729/544/621
f 732/547/624 731/546/623 733/548/625
f 731/546/623 734/549/626 733/548/625
f 735/550/481 732/547/624 733/548/625
f 736/551/627 733/548/625 734/549/626
f 737/552/628 735/550/481 733/548/625
f 738/553/629 733/548/625 736/551/627
f 739/554/630 737/552/628 733/548/625
f 738/553/629 739/554/630 733/548/625
f 739/554/630 740/555/486 737/552/628
f 740/555/486 741/556/486 737/552/628
f 742/557/487 741/556/486 740/555/486
f 743/558/487 742/557/487 740/555/486
f 743/558/487 744/559/488 742/557/487
f 744/559/488 745/560/488 742/557/487
f 746/561/631 747/564/632 748/563/633
f 749/562/634 746/561/631 748/563/633
f 750/565/536 748/563/633 747/564/632
f 751/566/598 750/565/536 747/564/632
f 746/561/631 749/562/634 752/567/635
f 749/562/634 753/568/636 752/567/635
f 754/569/637 752/567/635 753/568/636
f 755/570/638 754/569/637 753/568/636
f 756/571/639 751/566/598 747/564/632
f 757/572/640 756/571/639 747/564/632
f 757/572/640 747/564/632 746/561/631
f 755/570/638 753/568/636 758/573/641
f 759/574/642 755/570/638 758/573/641
f 748/563/633 750/565/536 760/575/589
f 761/576/643 748/563/633 760/575/589
f 749/562/634 748/563/633 761/576/643
f 762/577/503 749/562/634 761/576/643
f 753/568/636 749/562/634 762/577/503
f 758/573/641 753/568/636 762/577/503
f 759/574/642 758/573/641 763/578/443
f 758/573/641 764/579/644 763/578/443
f 758/573/641 762/577/503 764/579/644
f 763/578/443 764/579/644 765/580/645
f 766/581/646 765/580/645 764/579/644
f 767/582/647 766/581/646 764/579/644
f 762/577/503 761/576/643 767/582/647
f 762/577/503 767/582/647 764/579/644
f 768/583/527 763/578/443 765/580/645
f 766/581/646 767/582/647 769/584/648
f 767/582/647 770/585/649 769/584/648
f 761/576/643 760/575/589 770/585/649
f 761/576/643 770/585/649 767/582/647
f 769/584/648 770/585/649 771/586/650
f 770/585/649 772/587/575 771/586/650
f 760/575/589 772/587/575 770/585/649
f 769/584/648 771/586/650 773/588/651
f 774/589/652 769/584/648 773/588/651
f 766/581/646 769/584/648 774/589/652
f 774/589/652 773/588/651 775/590/653
f 776/591/654 774/589/652 775/590/653
f 766/581/646 774/589/652 776/591/654
f 768/583/527 765/580/645 777/592/655
f 765/580/645 778/593/656 777/592/655
f 765/580/645 766/581/646 778/593/656
f 778/593/656 779/594/657 777/592/655
f 779/594/657 780/595/658 777/592/655
f 780/595/658 779/594/657 781/596/659
f 782/597/660 780/595/658 781/596/659
f 783/598/661 781/596/659 779/594/657
f 784/599/524 783/598/661 779/594/657
f 784/599/524 779/594/657 778/593/656
f 785/600/662 783/598/661 784/599/524
f 786/601/663 785/600/662 784/599/524
f 787/602/509 785/600/662 786/601/663
f 788/603/664 787/602/509 786/601/663
f 789/604/665 784/599/524 778/593/656
f 786/601/663 784/599/524 789/604/665
f 790/605/666 786/601/663 789/604/665
f 788/603/664 786/601/663 790/605/666
f 776/591/654 775/590/653 790/605/666
f 776/591/654 790/605/666 789/604/665
f 791/606/667 788/603/664 790/605/666
f 792/607/668 781/596/659 783/598/661
f 793/608/669 792/607/668 783/598/661
f 793/608/669 783/598/661 785/600/662
f 793/608/669 794/609/670 792/607/668
f 794/609/670 795/610/671 792/607/668
f 796/611/493 792/607/668 795/610/671
f 796/611/493 782/597/660 781/596/659
f 792/607/668 796/611/493 781/596/659
f 797/612/672 796/611/493 795/610/671
f 798/613/673 794/609/670 793/608/669
f 799/614/674 798/613/673 793/608/669
f 800/615/509 798/613/673 799/614/674
f 801/616/675 800/615/509 799/614/674
f 801/616/675 799/614/674 802/617/676
f 799/614/674 793/608/669 802/617/676
f 803/618/536 801/616/675 802/617/676
f 804/619/677 795/610/671 794/609/670
f 805/620/543 804/619/677 794/609/670
f 805/620/543 794/609/670 798/613/673
f 805/620/543 661/476/571 804/619/677
f 661/476/571 667/482/577 804/619/677
f 662/479/572 661/476/571 805/620/543
f 806/621/678 662/479/572 805/620/543
f 806/621/678 805/620/543 798/613/673
f 806/621/678 798/613/673 800/615/509
f 666/481/576 662/479/572 806/621/678
f 807/622/679 666/481/576 806/621/678
f 807/622/679 806/621/678 800/615/509
f 804/619/677 667/482/577 808/623/680
f 667/482/577 669/484/579 808/623/680
f 804/619/677 808/623/680 795/610/671
f 808/623/680 797/612/672 795/610/671
f 803/618/536 802/617/676 809/624/681
f 810/625/682 803/618/536 809/624/681
f 810/625/682 809/624/681 787/602/509
f 809/624/681 785/600/662 787/602/509
f 809/624/681 793/608/669 785/600/662
f 809/624/681 802/617/676 793/608/669
f 811/626/683 812/629/552 813/628/684
f 814/627/685 811/626/683 813/628/684
f 815/630/686 811/626/683 814/627/685
f 816/631/527 815/630/686 814/627/685
f 813/628/684 812/629/552 817/632/687
f 812/629/552 818/633/688 817/632/687
f 817/632/687 818/633/688 819/634/430
f 818/633/688 820/635/679 819/634/430
f 816/631/527 814/627/685 754/569/637
f 814/627/685 752/567/635 754/569/637
f 814/627/685 813/628/684 752/567/635
f 817/632/687 819/634/430 821/636/689
f 822/637/690 817/632/687 821/636/689
f 813/628/684 817/632/687 822/637/690
f 746/561/631 813/628/684 822/637/690
f 813/628/684 746/561/631 752/567/635
f 822/637/690 821/636/689 757/572/640
f 746/561/631 822/637/690 757/572/640
f 821/636/689 756/571/639 757/572/640
f 823/638/691 811/626/683 815/630/686
f 824/639/637 823/638/691 815/630/686
f 824/639/637 825/640/692 823/638/691
f 825/640/692 826/641/693 823/638/691
f 823/638/691 826/641/693 827/642/562
f 826/641/693 828/643/563 827/642/562
f 827/642/562 828/643/563 829/644/694
f 828/643/563 830/645/695 829/644/694
f 829/644/694 830/645/695 831/646/589
f 830/645/695 832/647/575 831/646/589
f 829/644/694 831/646/589 818/633/688
f 831/646/589 820/635/679 818/633/688
f 829/644/694 818/633/688 812/629/552
f 827/642/562 829/644/694 812/629/552
f 827/642/562 812/629/552 811/626/683
f 823/638/691 827/642/562 811/626/683
f 775/590/653 791/606/667 790/605/666
f 766/581/646 776/591/654 789/604/665
f 766/581/646 789/604/665 778/593/656
f 833/648/696 725/540/617 834/649/697
f 835/650/698 834/649/697 725/540/617
f 833/648/696 728/543/620 725/540/617
f 835/650/698 725/540/617 723/538/615
f 836/651/699 837/652/700 838/653/701
f 839/654/702 836/651/699 838/653/701
f 839/654/702 838/653/701 840/655/703
f 838/653/701 841/656/704 840/655/703
f 842/657/705 836/651/699 839/654/702
f 840/655/703 842/657/705 839/654/702
f 843/658/706 842/657/705 840/655/703
f 844/659/707 843/658/706 840/655/703
f 844/659/707 840/655/703 841/656/704
f 845/660/708 844/659/707 841/656/704
f 842/657/705 843/658/706 846/661/709
f 847/662/710 842/657/705 846/661/709
f 848/663/699 842/657/705 847/662/710
f 849/664/711 848/663/699 847/662/710
f 850/665/700 848/663/699 849/664/711
f 851/666/712 850/665/700 849/664/711
f 847/662/710 846/661/709 852/667/713
f 853/668/714 847/662/710 852/667/713
f 853/668/714 851/666/712 849/664/711
f 847/662/710 853/668/714 849/664/711
f 845/660/708 841/656/704 854/669/715
f 854/669/715 841/656/704 855/670/716
f 841/656/704 838/653/701 855/670/716
f 855/670/716 838/653/701 856/671/717
f 838/653/701 837/652/700 856/671/717
f 857/672/718 845/660/708 854/669/715
f 850/665/700 851/666/712 858/673/717
f 851/666/712 859/674/719 858/673/717
f 860/675/720 857/672/718 854/669/715
f 854/669/715 855/670/716 860/675/720
f 855/670/716 856/671/717 861/676/721
f 862/677/722 855/670/716 861/676/721
f 855/670/716 862/677/722 860/675/720
f 863/678/721 858/673/717 859/674/719
f 864/679/723 857/672/718 860/675/720
f 845/660/708 857/672/718 864/679/723
f 865/680/724 845/660/708 864/679/723
f 844/659/707 845/660/708 865/680/724
f 866/681/725 844/659/707 865/680/724
f 865/680/724 867/682/726 866/681/725
f 867/682/726 868/683/727 866/681/725
f 869/684/728 868/683/727 867/682/726
f 870/685/729 869/684/728 867/682/726
f 871/686/730 866/681/725 868/683/727
f 869/684/728 871/686/730 868/683/727
f 843/658/706 844/659/707 866/681/725
f 871/686/730 843/658/706 866/681/725
f 843/658/706 871/686/730 846/661/709
f 871/686/730 872/687/731 846/661/709
f 871/686/730 873/688/728 872/687/731
f 873/688/728 874/689/732 872/687/731
f 873/688/728 875/690/729 874/689/732
f 875/690/729 876/691/733 874/689/732
f 846/661/709 872/687/731 877/692/734
f 877/692/734 872/687/731 874/689/732
f 876/691/733 877/692/734 874/689/732
f 852/667/713 846/661/709 877/692/734
f 870/685/729 867/682/726 878/693/735
f 867/682/726 879/694/736 878/693/735
f 867/682/726 865/680/724 879/694/736
f 865/680/724 864/679/723 879/694/736
f 876/691/733 875/690/729 880/695/735
f 881/696/737 876/691/733 880/695/735
f 878/693/735 879/694/736 882/697/738
f 879/694/736 883/698/739 882/697/738
f 883/698/739 879/694/736 864/679/723
f 880/695/735 884/699/738 881/696/737
f 860/675/720 883/698/739 864/679/723
f 876/691/733 881/696/737 885/700/740
f 877/692/734 876/691/733 885/700/740
f 877/692/734 885/700/740 886/701/741
f 852/667/713 877/692/734 886/701/741
f 852/667/713 886/701/741 853/668/714
f 886/701/741 887/702/742 853/668/714
f 853/668/714 887/702/742 851/666/712
f 887/702/742 859/674/719 851/666/712
f 888/703/743 889/704/744 890/705/745
f 891/706/746 888/703/743 890/705/745
f 888/703/743 892/707/747 889/704/744
f 892/707/747 893/708/748 889/704/744
f 891/706/746 890/705/745 894/709/749
f 895/710/750 891/706/746 894/709/749
f 895/710/750 894/709/749 896/711/751
f 897/712/752 895/710/750 896/711/751
f 892/707/747 898/713/753 893/708/748
f 898/713/753 899/714/754 893/708/748
f 898/713/753 900/715/755 899/714/754
f 900/715/755 901/716/756 899/714/754
f 900/715/755 902/717/757 901/716/756
f 902/717/757 903/718/758 901/716/756
f 902/717/757 904/719/759 903/718/758
f 904/719/759 905/720/760 903/718/758
f 896/711/751 894/709/749 906/721/761
f 894/709/749 907/722/762 906/721/761
f 894/709/749 890/705/745 907/722/762
f 890/705/745 908/723/763 907/722/762
f 890/705/745 889/704/744 908/723/763
f 889/704/744 909/724/764 908/723/763
f 889/704/744 893/708/748 909/724/764
f 893/708/748 910/725/765 909/724/764
f 893/708/748 899/714/754 910/725/765
f 901/716/756 903/718/758 911/726/766
f 903/718/758 912/727/767 911/726/766
f 903/718/758 905/720/760 912/727/767
f 905/720/760 913/728/768 912/727/767
f 901/716/756 911/726/766 914/729/769
f 899/714/754 914/729/769 910/725/765
f 899/714/754 901/716/756 914/729/769
f 915/730/770 904/719/759 902/717/757
f 916/731/771 915/730/770 902/717/757
f 916/731/771 917/732/772 915/730/770
f 917/732/772 918/733/773 915/730/770
f 918/733/773 917/732/772 919/734/774
f 920/735/775 918/733/773 919/734/774
f 921/736/776 920/735/775 919/734/774
f 922/737/777 921/736/776 919/734/774
f 923/738/778 922/737/777 919/734/774
f 924/739/779 923/738/778 919/734/774
f 919/734/774 917/732/772 924/739/779
f 917/732/772 925/740/780 924/739/779
f 925/740/780 917/732/772 916/731/771
f 924/739/779 925/740/780 926/741/781
f 923/738/778 924/739/779 926/741/781
f 925/740/780 927/742/782 926/741/781
f 928/743/783 923/738/778 926/741/781
f 929/744/784 928/743/783 926/741/781
f 926/741/781 927/742/782 929/744/784
f 928/743/783 929/744/784 930/745/785
f 930/745/785 929/744/784 931/746/786
f 929/744/784 932/747/787 931/746/786
f 927/742/782 932/747/787 929/744/784
f 933/748/788 928/743/783 930/745/785
f 934/749/789 933/748/788 930/745/785
f 935/750/790 934/749/789 930/745/785
f 931/746/786 935/750/790 930/745/785
f 934/749/789 935/750/790 936/751/791
f 937/752/792 934/749/789 936/751/791
f 933/748/788 934/749/789 937/752/792
f 938/753/793 933/748/788 937/752/792
f 939/754/794 938/753/793 937/752/792
f 940/755/795 939/754/794 937/752/792
f 941/756/796 940/755/795 937/752/792
f 936/751/791 941/756/796 937/752/792
f 939/754/794 942/757/797 938/753/793
f 942/757/797 943/758/798 938/753/793
f 943/758/798 928/743/783 933/748/788
f 938/753/793 943/758/798 933/748/788
f 943/758/798 942/757/797 922/737/777
f 942/757/797 921/736/776 922/737/777
f 922/737/777 923/738/778 943/758/798
f 923/738/778 928/743/783 943/758/798
f 936/751/791 935/750/790 944/759/799
f 935/750/790 945/760/800 944/759/799
f 945/760/800 935/750/790 931/746/786
f 946/761/801 945/760/800 931/746/786
f 931/746/786 932/747/787 946/761/801
f 932/747/787 947/762/802 946/761/801
f 891/706/746 945/760/800 946/761/801
f 888/703/743 891/706/746 946/761/801
f 946/761/801 947/762/802 888/703/743
f 947/762/802 892/707/747 888/703/743
f 945/760/800 891/706/746 895/710/750
f 944/759/799 945/760/800 895/710/750
f 895/710/750 897/712/752 944/759/799
f 897/712/752 948/763/803 944/759/799
f 944/759/799 948/763/803 936/751/791
f 948/763/803 941/756/796 936/751/791
f 947/762/802 932/747/787 949/764/804
f 932/747/787 927/742/782 949/764/804
f 949/764/804 927/742/782 950/765/805
f 927/742/782 925/740/780 950/765/805
f 950/765/805 925/740/780 916/731/771
f 916/731/771 902/717/757 950/765/805
f 902/717/757 900/715/755 950/765/805
f 950/765/805 900/715/755 949/764/804
f 898/713/753 892/707/747 947/762/802
f 900/715/755 898/713/753 949/764/804
f 949/764/804 898/713/753 947/762/802
f 951/766/806 952/767/807 953/768/808
f 954/769/809 951/766/806 953/768/808
f 953/768/808 952/767/807 955/770/751
f 952/767/807 956/771/752 955/770/751
f 957/772/810 951/766/806 954/769/809
f 958/773/811 957/772/810 954/769/809
f 959/774/812 957/772/810 958/773/811
f 960/775/813 959/774/812 958/773/811
f 961/776/814 959/774/812 960/775/813
f 962/777/815 961/776/814 960/775/813
f 963/778/816 961/776/814 962/777/815
f 964/779/817 963/778/816 962/777/815
f 965/780/818 963/778/816 964/779/817
f 966/781/819 965/780/818 964/779/817
f 967/782/759 965/780/818 966/781/819
f 968/783/760 967/782/759 966/781/819
f 960/775/813 958/773/811 969/784/820
f 970/785/821 960/775/813 969/784/820
f 962/777/815 960/775/813 970/785/821
f 969/784/820 958/773/811 971/786/822
f 958/773/811 954/769/809 971/786/822
f 971/786/822 954/769/809 972/787/823
f 954/769/809 953/768/808 972/787/823
f 972/787/823 953/768/808 973/788/761
f 953/768/808 955/770/751 973/788/761
f 964/779/817 962/777/815 974/789/824
f 974/789/824 962/777/815 970/785/821
f 975/790/825 964/779/817 974/789/824
f 966/781/819 964/779/817 975/790/825
f 968/783/760 966/781/819 976/791/826
f 976/791/826 966/781/819 975/790/825
f 977/792/768 968/783/760 976/791/826
f 965/780/818 967/782/759 978/793/827
f 967/782/759 979/794/770 978/793/827
f 978/793/827 979/794/770 980/795/828
f 980/795/828 981/796/829 978/793/827
f 982/797/830 981/796/829 980/795/828
f 981/796/829 982/797/830 983/798/831
f 982/797/830 984/799/832 983/798/831
f 984/799/832 985/800/833 983/798/831
f 985/800/833 986/801/834 983/798/831
f 986/801/834 985/800/833 987/802/835
f 985/800/833 988/803/836 987/802/835
f 988/803/836 989/804/837 987/802/835
f 989/804/837 988/803/836 990/805/838
f 988/803/836 991/806/839 990/805/838
f 991/806/839 992/807/794 990/805/838
f 992/807/794 993/808/795 990/805/838
f 993/808/795 994/809/796 990/805/838
f 994/809/796 995/810/840 990/805/838
f 990/805/838 995/810/840 989/804/837
f 995/810/840 996/811/841 989/804/837
f 989/804/837 996/811/841 987/802/835
f 996/811/841 997/812/842 987/802/835
f 987/802/835 997/812/842 986/801/834
f 997/812/842 998/813/843 986/801/834
f 986/801/834 998/813/843 999/814/844
f 983/798/831 986/801/834 999/814/844
f 999/814/844 981/796/829 983/798/831
f 1000/815/797 992/807/794 991/806/839
f 1001/816/845 1000/815/797 991/806/839
f 991/806/839 988/803/836 1001/816/845
f 988/803/836 985/800/833 1001/816/845
f 1000/815/797 1001/816/845 1002/817/846
f 1003/818/776 1000/815/797 1002/817/846
f 1003/818/776 1002/817/846 1004/819/847
f 1002/817/846 984/799/832 1004/819/847
f 1001/816/845 985/800/833 984/799/832
f 1002/817/846 1001/816/845 984/799/832
f 984/799/832 982/797/830 1004/819/847
f 1004/819/847 982/797/830 980/795/828
f 1005/820/775 1003/818/776 1004/819/847
f 1006/821/773 1005/820/775 1004/819/847
f 980/795/828 1006/821/773 1004/819/847
f 999/814/844 998/813/843 1007/822/848
f 998/813/843 1008/823/849 1007/822/848
f 1008/823/849 998/813/843 1009/824/850
f 998/813/843 997/812/842 1009/824/850
f 1009/824/850 997/812/842 1010/825/851
f 997/812/842 996/811/841 1010/825/851
f 1010/825/851 996/811/841 1011/826/852
f 996/811/841 995/810/840 1011/826/852
f 1011/826/852 995/810/840 1012/827/803
f 995/810/840 994/809/796 1012/827/803
f 1011/826/852 952/767/807 1010/825/851
f 952/767/807 951/766/806 1010/825/851
f 1010/825/851 951/766/806 1009/824/850
f 956/771/752 952/767/807 1011/826/852
f 1012/827/803 956/771/752 1011/826/852
f 1009/824/850 957/772/810 1008/823/849
f 951/766/806 957/772/810 1009/824/850
f 957/772/810 959/774/812 1008/823/849
f 1008/823/849 959/774/812 961/776/814
f 1007/822/848 1008/823/849 961/776/814
f 961/776/814 963/778/816 1007/822/848
f 963/778/816 1013/828/853 1007/822/848
f 1007/822/848 1013/828/853 999/814/844
f 1013/828/853 981/796/829 999/814/844
f 981/796/829 1013/828/853 978/793/827
f 1013/828/853 963/778/816 965/780/818
f 978/793/827 1013/828/853 965/780/818
f 1014/829/854 1015/830/855 1016/831/856
f 1017/832/857 1014/829/854 1016/831/856
f 1018/833/858 1014/829/854 1017/832/857
f 1019/834/859 1018/833/858 1017/832/857
f 1016/831/856 1015/830/855 1020/835/860
f 1015/830/855 1021/836/861 1020/835/860
f 1020/835/860 1021/836/861 1022/837/862
f 1021/836/861 1023/838/863 1022/837/862
f 1024/839/864 1018/833/858 1019/834/859
f 1025/840/865 1024/839/864 1019/834/859
f 1026/841/866 1024/839/864 1025/840/865
f 1027/842/867 1026/841/866 1025/840/865
f 1028/843/868 1026/841/866 1027/842/867
f 1029/844/869 1028/843/868 1027/842/867
f 1030/845/870 1028/843/868 1029/844/869
f 1031/846/871 1030/845/870 1029/844/869
f 1019/834/859 1017/832/857 1032/847/872
f 1032/847/872 1017/832/857 1033/848/873
f 1017/832/857 1016/831/856 1033/848/873
f 1020/835/860 1022/837/862 1034/849/874
f 1035/850/875 1020/835/860 1034/849/874
f 1016/831/856 1020/835/860 1035/850/875
f 1033/848/873 1016/831/856 1035/850/875
f 1029/844/869 1027/842/867 1036/851/876
f 1037/852/877 1029/844/869 1036/851/876
f 1031/846/871 1029/844/869 1037/852/877
f 1038/853/878 1031/846/871 1037/852/877
f 1036/851/876 1027/842/867 1039/854/879
f 1027/842/867 1025/840/865 1039/854/879
f 1039/854/879 1025/840/865 1040/855/880
f 1040/855/880 1019/834/859 1032/847/872
f 1025/840/865 1019/834/859 1040/855/880
f 1041/856/881 1042/857/882 1043/858/883
f 1044/859/884 1041/856/881 1043/858/883
f 1044/859/884 1043/858/883 1045/860/862
f 1046/861/863 1044/859/884 1045/860/862
f 1041/856/881 1047/862/885 1042/857/882
f 1047/862/885 1048/863/886 1042/857/882
f 1047/862/885 1049/864/887 1048/863/886
f 1049/864/887 1050/865/888 1048/863/886
f 1049/864/887 1051/866/889 1050/865/888
f 1051/866/889 1052/867/890 1050/865/888
f 1051/866/889 1053/868/891 1052/867/890
f 1053/868/891 1054/869/892 1052/867/890
f 1053/868/891 1055/870/893 1054/869/892
f 1055/870/893 1056/871/894 1054/869/892
f 1055/870/893 1057/872/870 1056/871/894
f 1057/872/870 1058/873/871 1056/871/894
f 1048/863/886 1050/865/888 1059/874/895
f 1050/865/888 1060/875/896 1059/874/895
f 1050/865/888 1052/867/890 1060/875/896
f 1048/863/886 1059/874/895 1061/876/897
f 1042/857/882 1048/863/886 1061/876/897
f 1042/857/882 1061/876/897 1062/877/898
f 1043/858/883 1042/857/882 1062/877/898
f 1043/858/883 1062/877/898 1063/878/874
f 1045/860/862 1043/858/883 1063/878/874
f 1052/867/890 1054/869/892 1064/879/899
f 1052/867/890 1064/879/899 1060/875/896
f 1054/869/892 1065/880/900 1064/879/899
f 1054/869/892 1056/871/894 1065/880/900
f 1056/871/894 1058/873/871 1066/881/901
f 1056/871/894 1066/881/901 1065/880/900
f 1058/873/871 1067/882/878 1066/881/901
f 1057/872/870 1055/870/893 1068/883/902
f 1069/884/903 1057/872/870 1068/883/902
f 1069/884/903 1068/883/902 1070/885/904
f 1071/886/905 1070/885/904 1068/883/902
f 1071/886/905 1072/887/906 1070/885/904
f 1072/887/906 1071/886/905 1073/888/907
f 1074/889/908 1072/887/906 1073/888/907
f 1075/890/909 1074/889/908 1073/888/907
f 1076/891/910 1075/890/909 1073/888/907
f 1075/890/909 1076/891/910 1077/892/911
f 1078/893/912 1075/890/909 1077/892/911
f 1079/894/913 1078/893/912 1077/892/911
f 1078/893/912 1079/894/913 1080/895/914
f 1081/896/915 1078/893/912 1080/895/914
f 1082/897/916 1081/896/915 1080/895/914
f 1083/898/917 1082/897/916 1080/895/914
f 1084/899/918 1083/898/917 1080/895/914
f 1085/900/919 1084/899/918 1080/895/914
f 1085/900/919 1080/895/914 1079/894/913
f 1086/901/920 1085/900/919 1079/894/913
f 1086/901/920 1079/894/913 1077/892/911
f 1087/902/921 1086/901/920 1077/892/911
f 1087/902/921 1077/892/911 1076/891/910
f 1088/903/922 1087/902/921 1076/891/910
f 1076/891/910 1073/888/907 1089/904/923
f 1088/903/922 1076/891/910 1089/904/923
f 1071/886/905 1089/904/923 1073/888/907
f 1082/897/916 1090/905/924 1081/896/915
f 1090/905/924 1091/906/925 1081/896/915
f 1078/893/912 1081/896/915 1091/906/925
f 1075/890/909 1078/893/912 1091/906/925
f 1091/906/925 1090/905/924 1092/907/926
f 1090/905/924 1093/908/927 1092/907/926
f 1092/907/926 1093/908/927 1094/909/928
f 1074/889/908 1092/907/926 1094/909/928
f 1091/906/925 1092/907/926 1074/889/908
f 1075/890/909 1091/906/925 1074/889/908
f 1072/887/906 1074/889/908 1094/909/928
f 1072/887/906 1094/909/928 1070/885/904
f 1093/908/927 1095/910/929 1094/909/928
f 1096/911/930 1070/885/904 1094/909/928
f 1095/910/929 1096/911/930 1094/909/928
f 1087/902/921 1088/903/922 1097/912/931
f 1087/902/921 1097/912/931 1098/913/932
f 1086/901/920 1087/902/921 1098/913/932
f 1086/901/920 1098/913/932 1099/914/933
f 1085/900/919 1086/901/920 1099/914/933
f 1085/900/919 1099/914/933 1100/915/934
f 1084/899/918 1085/900/919 1100/915/934
f 1044/859/884 1099/914/933 1098/913/932
f 1041/856/881 1044/859/884 1098/913/932
f 1041/856/881 1098/913/932 1097/912/931
f 1046/861/863 1100/915/934 1099/914/933
f 1044/859/884 1046/861/863 1099/914/933
f 1047/862/885 1041/856/881 1097/912/931
f 1047/862/885 1097/912/931 1101/916/935
f 1088/903/922 1101/916/935 1097/912/931
f 1049/864/887 1047/862/885 1101/916/935
f 1101/916/935 1088/903/922 1102/917/936
f 1088/903/922 1089/904/923 1102/917/936
f 1103/918/937 1102/917/936 1089/904/923
f 1071/886/905 1103/918/937 1089/904/923
f 1103/918/937 1053/868/891 1102/917/936
f 1053/868/891 1051/866/889 1102/917/936
f 1101/916/935 1102/917/936 1051/866/889
f 1049/864/887 1101/916/935 1051/866/889
f 1103/918/937 1071/886/905 1068/883/902
f 1103/918/937 1068/883/902 1055/870/893
f 1053/868/891 1103/918/937 1055/870/893
f 1104/919/938 1105/920/939 1106/921/940
f 1107/922/941 1104/919/938 1106/921/940
f 1108/923/942 1107/922/941 1106/921/940
f 1108/923/942 1106/921/940 1109/924/943
f 1110/925/944 1108/923/942 1109/924/943
f 1105/920/939 1111/926/945 1106/921/940
f 1111/926/945 1112/927/946 1106/921/940
f 1106/921/940 1112/927/946 1109/924/943
f 1105/920/939 1113/928/947 1111/926/945
f 1114/929/948 1113/928/947 1105/920/939
f 1115/930/949 1114/929/948 1105/920/939
f 1105/920/939 1104/919/938 1115/930/949
f 1114/929/948 1116/931/950 1113/928/947
f 1116/931/950 1117/932/951 1113/928/947
f 1116/931/950 1118/933/952 1117/932/951
f 1118/933/952 1119/934/953 1117/932/951
f 1113/928/947 1120/935/954 1111/926/945
f 1113/928/947 1117/932/951 1120/935/954
f 1117/932/951 1121/936/955 1120/935/954
f 1117/932/951 1119/934/953 1121/936/955
f 1112/927/946 1122/937/956 1109/924/943
f 1119/934/953 1123/938/957 1121/936/955
f 1112/927/946 1111/926/945 1124/939/958
f 1112/927/946 1124/939/958 1122/937/956
f 1111/926/945 1125/940/959 1124/939/958
f 1111/926/945 1120/935/954 1125/940/959
f 1120/935/954 1126/941/960 1125/940/959
f 1120/935/954 1121/936/955 1126/941/960
f 1121/936/955 1127/942/961 1126/941/960
f 1121/936/955 1123/938/957 1127/942/961
f 1124/939/958 1128/943/962 1122/937/956
f 1123/938/957 1129/944/963 1127/942/961
f 1124/939/958 1125/940/959 1130/945/964
f 1131/946/719 1124/939/958 1130/945/964
f 1128/943/962 1124/939/958 1131/946/719
f 1125/940/959 1126/941/960 1132/947/965
f 1130/945/964 1125/940/959 1132/947/965
f 1130/945/964 1132/947/965 1131/946/719
f 1126/941/960 1127/942/961 1133/948/966
f 1132/947/965 1126/941/960 1133/948/966
f 1127/942/961 1129/944/963 1133/948/966
f 1129/944/963 1134/949/967 1133/948/966
f 1122/937/956 1128/943/962 1135/950/968
f 1122/937/956 1135/950/968 1136/951/969
f 1109/924/943 1122/937/956 1136/951/969
f 1137/952/970 1109/924/943 1136/951/969
f 1138/953/971 1137/952/970 1136/951/969
f 1128/943/962 1139/954/972 1135/950/968
f 1128/943/962 1140/955/742 1139/954/972
f 1140/955/742 1128/943/962 1131/946/719
f 1140/955/742 1141/956/741 1139/954/972
f 1137/952/970 1110/925/944 1109/924/943
f 1133/948/966 1134/949/967 1142/957/973
f 1143/958/974 1133/948/966 1142/957/973
f 1132/947/965 1133/948/966 1143/958/974
f 1143/958/974 1142/957/973 1144/959/975
f 1142/957/973 1145/960/976 1144/959/975
f 1144/959/975 1145/960/976 1146/961/977
f 1147/962/978 1144/959/975 1146/961/977
f 1144/959/975 1147/962/978 1148/963/979
f 1149/964/722 1144/959/975 1148/963/979
f 1150/965/721 1143/958/974 1144/959/975
f 1149/964/722 1150/965/721 1144/959/975
f 1149/964/722 1148/963/979 1151/966/980
f 1152/967/720 1149/964/722 1151/966/980
f 1150/965/721 1132/947/965 1143/958/974
f 1132/947/965 1150/965/721 1131/946/719
f 1152/967/720 1151/966/980 1153/968/981
f 1154/969/739 1152/967/720 1153/968/981
f 1155/970/982 1154/969/739 1153/968/981
f 1156/971/983 1155/970/982 1153/968/981
f 1155/970/982 1156/971/983 1157/972/984
f 1158/973/985 1155/970/982 1157/972/984
f 1158/973/985 1159/974/986 1155/970/982
f 1159/974/986 1160/975/987 1155/970/982
f 1161/976/738 1154/969/739 1155/970/982
f 1160/975/987 1161/976/738 1155/970/982
f 1162/977/988 1160/975/987 1159/974/986
f 1163/978/989 1162/977/988 1159/974/986
f 1163/978/989 1164/979/990 1162/977/988
f 1164/979/990 1165/980/991 1162/977/988
f 1164/979/990 1166/981/992 1165/980/991
f 1166/981/992 1167/982/993 1165/980/991
f 1166/981/992 1168/983/994 1167/982/993
f 1168/983/994 1169/984/995 1167/982/993
f 1168/983/994 1170/985/996 1169/984/995
f 1170/985/996 1171/986/997 1169/984/995
f 1169/984/995 1171/986/997 1172/987/998
f 1171/986/997 1173/988/999 1172/987/998
f 1172/987/998 1173/988/999 1174/989/1000
f 1173/988/999 1175/990/1001 1174/989/1000
f 1174/989/1000 1175/990/1001 1176/991/1002
f 1175/990/1001 1177/992/1003 1176/991/1002
f 1176/991/1002 1177/992/1003 1178/993/1004
f 1177/992/1003 1179/994/1005 1178/993/1004
f 1180/995/1006 1174/989/1000 1176/991/1002
f 1172/987/998 1174/989/1000 1180/995/1006
f 1181/996/1007 1180/995/1006 1176/991/1002
f 1181/996/1007 1176/991/1002 1178/993/1004
f 1182/997/1008 1172/987/998 1180/995/1006
f 1169/984/995 1172/987/998 1182/997/1008
f 1167/982/993 1169/984/995 1182/997/1008
f 1183/998/1009 1181/996/1007 1178/993/1004
f 1180/995/1006 1181/996/1007 1184/999/1010
f 1184/999/1010 1181/996/1007 1183/998/1009
f 1185/1000/1011 1180/995/1006 1184/999/1010
f 1182/997/1008 1180/995/1006 1185/1000/1011
f 1186/1001/1012 1182/997/1008 1185/1000/1011
f 1167/982/993 1182/997/1008 1186/1001/1012
f 1165/980/991 1167/982/993 1186/1001/1012
f 1187/1002/1013 1184/999/1010 1183/998/1009
f 1185/1000/1011 1184/999/1010 1188/1003/1014
f 1184/999/1010 1189/1004/737 1188/1003/1014
f 1184/999/1010 1187/1002/1013 1189/1004/737
f 1185/1000/1011 1188/1003/1014 1190/1005/1015
f 1186/1001/1012 1185/1000/1011 1190/1005/1015
f 1190/1005/1015 1188/1003/1014 1189/1004/737
f 1186/1001/1012 1190/1005/1015 1162/977/988
f 1165/980/991 1186/1001/1012 1162/977/988
f 1183/998/1009 1178/993/1004 1136/951/969
f 1178/993/1004 1191/1006/1016 1136/951/969
f 1191/1006/1016 1138/953/971 1136/951/969
f 1135/950/968 1183/998/1009 1136/951/969
f 1187/1002/1013 1183/998/1009 1135/950/968
f 1139/954/972 1187/1002/1013 1135/950/968
f 1192/1007/740 1187/1002/1013 1139/954/972
f 1187/1002/1013 1192/1007/740 1189/1004/737
f 1141/956/741 1192/1007/740 1139/954/972
f 1179/994/1005 1191/1006/1016 1178/993/1004
f 1162/977/988 1190/1005/1015 1160/975/987
f 1190/1005/1015 1161/976/738 1160/975/987
f 1161/976/738 1190/1005/1015 1189/1004/737
f 1179/994/1005 1193/1008/1017 1191/1006/1016
f 1193/1008/1017 1194/1009/1018 1191/1006/1016
f 1191/1006/1016 1194/1009/1018 1138/953/971
f 1194/1009/1018 1195/1010/1019 1138/953/971
f 1195/1010/1019 1196/1011/1020 1138/953/971
f 1196/1011/1020 1137/952/970 1138/953/971
f 1196/1011/1020 1197/1012/1021 1137/952/970
f 1197/1012/1021 1110/925/944 1137/952/970
f 1197/1012/1021 1198/1013/1022 1110/925/944
f 1198/1013/1022 1108/923/942 1110/925/944
f 1198/1013/1022 1199/1014/1023 1108/923/942
f 1199/1014/1023 1107/922/941 1108/923/942
f 1199/1014/1023 1200/1015/1024 1107/922/941
f 1200/1015/1024 1104/919/938 1107/922/941
f 1200/1015/1024 1201/1016/1025 1104/919/938
f 1201/1016/1025 1115/930/949 1104/919/938
f 1201/1016/1025 1202/1017/1026 1115/930/949
f 1202/1017/1026 1114/929/948 1115/930/949
f 1202/1017/1026 1203/1018/1027 1114/929/948
f 1203/1018/1027 1116/931/950 1114/929/948
f 1203/1018/1027 1204/1019/1028 1116/931/950
f 1204/1019/1028 1118/933/952 1116/931/950
f 1199/1014/1023 1205/1020/1029 1200/1015/1024
f 1205/1020/1029 1199/1014/1023 1198/1013/1022
f 1205/1020/1029 1206/1021/1030 1200/1015/1024
f 1200/1015/1024 1206/1021/1030 1201/1016/1025
f 1206/1021/1030 1207/1022/1031 1201/1016/1025
f 1202/1017/1026 1208/1023/1032 1203/1018/1027
f 1201/1016/1025 1207/1022/1031 1208/1023/1032
f 1202/1017/1026 1201/1016/1025 1208/1023/1032
f 1208/1023/1032 1209/1024/1033 1203/1018/1027
f 1203/1018/1027 1209/1024/1033 1204/1019/1028
f 1209/1024/1033 1210/1025/1034 1204/1019/1028
f 1211/1026/1035 1205/1020/1029 1198/1013/1022
f 1212/1027/1036 1211/1026/1035 1198/1013/1022
f 1197/1012/1021 1212/1027/1036 1198/1013/1022
f 1212/1027/1036 1197/1012/1021 1196/1011/1020
f 1213/1028/1037 1212/1027/1036 1196/1011/1020
f 1214/1029/1038 1213/1028/1037 1196/1011/1020
f 1195/1010/1019 1214/1029/1038 1196/1011/1020
f 1195/1010/1019 1194/1009/1018 1214/1029/1038
f 1194/1009/1018 1215/1030/1039 1214/1029/1038
f 1215/1030/1039 1194/1009/1018 1193/1008/1017
f 1216/1031/1040 1215/1030/1039 1193/1008/1017
f 1217/1032/1041 1216/1031/1040 1193/1008/1017
f 1218/1033/1042 1217/1032/1041 1193/1008/1017
f 1218/1033/1042 1193/1008/1017 1179/994/1005
f 1177/992/1003 1218/1033/1042 1179/994/1005
f 1219/1034/1043 1218/1033/1042 1177/992/1003
f 1217/1032/1041 1218/1033/1042 1219/1034/1043
f 1220/1035/1044 1219/1034/1043 1177/992/1003
f 1175/990/1001 1220/1035/1044 1177/992/1003
f 1221/1036/1045 1220/1035/1044 1175/990/1001
f 1222/1037/1046 1221/1036/1045 1175/990/1001
f 1173/988/999 1222/1037/1046 1175/990/1001
f 1223/1038/1047 1222/1037/1046 1173/988/999
f 1171/986/997 1223/1038/1047 1173/988/999
f 1224/1039/1048 1223/1038/1047 1171/986/997
f 1170/985/996 1224/1039/1048 1171/986/997
f 1220/1035/1044 1225/1040/1049 1219/1034/1043
f 1225/1040/1049 1226/1041/1050 1219/1034/1043
f 1226/1041/1050 1217/1032/1041 1219/1034/1043
f 1227/1042/1051 1225/1040/1049 1220/1035/1044
f 1221/1036/1045 1227/1042/1051 1220/1035/1044
f 1221/1036/1045 1222/1037/1046 1227/1042/1051
f 1223/1038/1047 1228/1043/1052 1222/1037/1046
f 1228/1043/1052 1229/1044/1053 1222/1037/1046
f 1222/1037/1046 1229/1044/1053 1227/1042/1051
f 1230/1045/1054 1228/1043/1052 1223/1038/1047
f 1224/1039/1048 1230/1045/1054 1223/1038/1047
f 1231/1046/1055 1232/1047/1056 1233/1048/1057
f 1234/1049/1058 1231/1046/1055 1233/1048/1057
f 1233/1048/1057 1232/1047/1056 1235/1050/1059
f 1232/1047/1056 1236/1051/1060 1235/1050/1059
f 1235/1050/1059 1236/1051/1060 1237/1052/1061
f 1236/1051/1060 1238/1053/1062 1237/1052/1061
f 1237/1052/1061 1238/1053/1062 1239/1054/1063
f 1238/1053/1062 1240/1055/1064 1239/1054/1063
f 1239/1054/1063 1240/1055/1064 1241/1056/1065
f 1239/1054/1063 1241/1056/1065 1242/1057/1066
f 1241/1056/1065 1243/1058/1067 1242/1057/1066
f 1242/1057/1066 1243/1058/1067 1244/1059/977
f 1243/1058/1067 1245/1060/1068 1244/1059/977
f 1244/1059/977 1245/1060/1068 1246/1061/978
f 1245/1060/1068 1247/1062/1069 1246/1061/978
f 1246/1061/978 1247/1062/1069 1248/1063/979
f 1247/1062/1069 1249/1064/1070 1248/1063/979
f 1248/1063/979 1249/1064/1070 1250/1065/980
f 1249/1064/1070 1251/1066/1071 1250/1065/980
f 1240/1055/1064 1252/1067/1072 1241/1056/1065
f 1253/1068/1073 1247/1062/1069 1245/1060/1068
f 1249/1064/1070 1247/1062/1069 1253/1068/1073
f 1251/1066/1071 1249/1064/1070 1253/1068/1073
f 1254/1069/1074 1253/1068/1073 1245/1060/1068
f 1241/1056/1065 1252/1067/1072 1254/1069/1074
f 1254/1069/1074 1245/1060/1068 1243/1058/1067
f 1241/1056/1065 1254/1069/1074 1243/1058/1067
f 1250/1065/980 1251/1066/1071 1255/1070/981
f 1251/1066/1071 1256/1071/1075 1255/1070/981
f 1256/1071/1075 1251/1066/1071 1253/1068/1073
f 1256/1071/1075 1257/1072/1076 1255/1070/981
f 1257/1072/1076 1256/1071/1075 1253/1068/1073
f 1257/1072/1076 1258/1073/983 1255/1070/981
f 1257/1072/1076 1259/1074/1077 1258/1073/983
f 1253/1068/1073 1254/1069/1074 1259/1074/1077
f 1257/1072/1076 1253/1068/1073 1259/1074/1077
f 1259/1074/1077 1260/1075/984 1258/1073/983
f 1259/1074/1077 1261/1076/1078 1260/1075/984
f 1259/1074/1077 1254/1069/1074 1261/1076/1078
f 1261/1076/1078 1262/1077/1079 1260/1075/984
f 1261/1076/1078 1263/1078/1080 1262/1077/1079
f 1252/1067/1072 1263/1078/1080 1254/1069/1074
f 1254/1069/1074 1263/1078/1080 1261/1076/1078
f 1263/1078/1080 1264/1079/1081 1262/1077/1079
f 1240/1055/1064 1264/1079/1081 1263/1078/1080
f 1252/1067/1072 1240/1055/1064 1263/1078/1080
f 1240/1055/1064 1238/1053/1062 1264/1079/1081
f 1238/1053/1062 1265/1080/1082 1264/1079/1081
f 1238/1053/1062 1236/1051/1060 1265/1080/1082
f 1236/1051/1060 1266/1081/1083 1265/1080/1082
f 1236/1051/1060 1232/1047/1056 1266/1081/1083
f 1232/1047/1056 1267/1082/1084 1266/1081/1083
f 1232/1047/1056 1231/1046/1055 1267/1082/1084
f 1231/1046/1055 1268/1083/1085 1267/1082/1084
f 979/794/770 1006/821/773 980/795/828
f 1269/1084/1086 1270/1085/1087 1271/1086/1088
f 1272/1087/1089 1269/1084/1086 1271/1086/1088
f 1271/1086/1088 1270/1085/1087 1273/1088/1090
f 1270/1085/1087 1274/1089/1091 1273/1088/1090
f 1275/1090/1092 1273/1088/1090 1274/1089/1091
f 1276/1091/1093 1275/1090/1092 1274/1089/1091
f 1277/1092/1094 1275/1090/1092 1276/1091/1093
f 1278/1093/1095 1277/1092/1094 1276/1091/1093
f 1279/1094/1096 1277/1092/1094 1278/1093/1095
f 1280/1095/1097 1279/1094/1096 1278/1093/1095
f 1281/1096/1098 1279/1094/1096 1280/1095/1097
f 1282/1097/1099 1281/1096/1098 1280/1095/1097
f 1272/1087/1089 1283/1098/1100 1269/1084/1086
f 1283/1098/1100 1284/1099/1101 1269/1084/1086
f 1277/1092/1094 1285/1100/1102 1275/1090/1092
f 1285/1100/1102 1286/1101/1103 1275/1090/1092
f 1275/1090/1092 1286/1101/1103 1273/1088/1090
f 1287/1102/1104 1285/1100/1102 1277/1092/1094
f 1279/1094/1096 1287/1102/1104 1277/1092/1094
f 1285/1100/1102 1287/1102/1104 1288/1103/1105
f 1289/1104/1106 1285/1100/1102 1288/1103/1105
f 1286/1101/1103 1285/1100/1102 1289/1104/1106
f 1288/1103/1105 1287/1102/1104 1290/1105/1107
f 1287/1102/1104 1291/1106/1108 1290/1105/1107
f 1291/1106/1108 1287/1102/1104 1279/1094/1096
f 1281/1096/1098 1291/1106/1108 1279/1094/1096
f 1290/1105/1107 1291/1106/1108 1292/1107/1109
f 1291/1106/1108 1293/1108/1110 1292/1107/1109
f 1293/1108/1110 1291/1106/1108 1281/1096/1098
f 1292/1107/1109 1293/1108/1110 1294/1109/1111
f 1293/1108/1110 1295/1110/1112 1294/1109/1111
f 1294/1109/1111 1295/1110/1112 1296/1111/1113
f 1297/1112/1114 1294/1109/1111 1296/1111/1113
f 1296/1111/1113 1298/1113/1115 1297/1112/1114
f 1298/1113/1115 1299/1114/1116 1297/1112/1114
f 1298/1113/1115 1300/1115/1117 1299/1114/1116
f 1300/1115/1117 1301/1116/1118 1299/1114/1116
f 1302/1117/1119 1300/1115/1117 1298/1113/1115
f 1303/1118/1120 1302/1117/1119 1298/1113/1115
f 1298/1113/1115 1296/1111/1113 1303/1118/1120
f 1300/1115/1117 1304/1119/1121 1301/1116/1118
f 1304/1119/1121 1305/1120/1122 1301/1116/1118
f 1295/1110/1112 1293/1108/1110 1306/1121/1123
f 1307/1122/1124 1295/1110/1112 1306/1121/1123
f 1296/1111/1113 1295/1110/1112 1307/1122/1124
f 1308/1123/1125 1296/1111/1113 1307/1122/1124
f 1296/1111/1113 1308/1123/1125 1303/1118/1120
f 1309/1124/1126 1303/1118/1120 1308/1123/1125
f 1310/1125/1127 1309/1124/1126 1308/1123/1125
f 1310/1125/1127 1308/1123/1125 1307/1122/1124
f 1304/1119/1121 1311/1126/1128 1305/1120/1122
f 1311/1126/1128 1312/1127/1129 1305/1120/1122
f 1312/1127/1129 1313/1128/1130 1305/1120/1122
f 1313/1128/1130 1314/1129/1131 1305/1120/1122
f 1305/1120/1122 1314/1129/1131 1301/1116/1118
f 1314/1129/1131 1315/1130/1132 1301/1116/1118
f 1301/1116/1118 1315/1130/1132 1299/1114/1116
f 1315/1130/1132 1316/1131/1133 1299/1114/1116
f 1299/1114/1116 1316/1131/1133 1297/1112/1114
f 1316/1131/1133 1317/1132/1134 1297/1112/1114
f 1297/1112/1114 1317/1132/1134 1294/1109/1111
f 1317/1132/1134 1318/1133/1135 1294/1109/1111
f 1294/1109/1111 1318/1133/1135 1292/1107/1109
f 1318/1133/1135 1319/1134/1136 1292/1107/1109
f 1292/1107/1109 1319/1134/1136 1290/1105/1107
f 1319/1134/1136 1320/1135/1137 1290/1105/1107
f 1290/1105/1107 1320/1135/1137 1288/1103/1105
f 1320/1135/1137 1321/1136/1138 1288/1103/1105
f 1288/1103/1105 1321/1136/1138 1289/1104/1106
f 1321/1136/1138 1322/1137/1139 1289/1104/1106
f 1289/1104/1106 1322/1137/1139 1323/1138/1140
f 1322/1137/1139 1324/1139/1141 1323/1138/1140
f 1323/1138/1140 1286/1101/1103 1289/1104/1106
f 1323/1138/1140 1325/1140/1142 1286/1101/1103
f 1323/1138/1140 1324/1139/1141 1325/1140/1142
f 1325/1140/1142 1326/1141/1143 1286/1101/1103
f 1286/1101/1103 1326/1141/1143 1273/1088/1090
f 1324/1139/1141 1327/1142/1144 1325/1140/1142
f 1325/1140/1142 1328/1143/1145 1326/1141/1143
f 1328/1143/1145 1329/1144/1146 1326/1141/1143
f 1328/1143/1145 1330/1145/1147 1329/1144/1146
f 1330/1145/1147 1331/1146/1148 1329/1144/1146
f 1328/1143/1145 1332/1147/1149 1330/1145/1147
f 1325/1140/1142 1327/1142/1144 1332/1147/1149
f 1328/1143/1145 1325/1140/1142 1332/1147/1149
f 1332/1147/1149 1333/1148/1150 1330/1145/1147
f 1330/1145/1147 1333/1148/1150 1334/1149/1151
f 1334/1149/1151 1335/1150/1152 1330/1145/1147
f 1335/1150/1152 1336/1151/1153 1330/1145/1147
f 1330/1145/1147 1336/1151/1153 1331/1146/1148
f 1333/1148/1150 1337/1152/1154 1334/1149/1151
f 1336/1151/1153 1335/1150/1152 1338/1153/1155
f 1335/1150/1152 1339/1154/1156 1338/1153/1155
f 1338/1153/1155 1340/1155/1157 1336/1151/1153
f 1340/1155/1157 1341/1156/1158 1336/1151/1153
f 1336/1151/1153 1341/1156/1158 1331/1146/1148
f 1341/1156/1158 1340/1155/1157 1342/1157/1159
f 1343/1158/1160 1341/1156/1158 1342/1157/1159
f 1343/1158/1160 1342/1157/1159 1344/1159/1161
f 1342/1157/1159 1345/1160/1162 1344/1159/1161
f 1338/1153/1155 1339/1154/1156 1346/1161/1163
f 1339/1154/1156 1347/1162/1164 1346/1161/1163
f 1346/1161/1163 1347/1162/1164 1348/1163/1165
f 1347/1162/1164 1349/1164/1166 1348/1163/1165
f 1346/1161/1163 1348/1163/1165 1350/1165/1167
f 1351/1166/1168 1346/1161/1163 1350/1165/1167
f 1340/1155/1157 1351/1166/1168 1342/1157/1159
f 1338/1153/1155 1346/1161/1163 1351/1166/1168
f 1340/1155/1157 1338/1153/1155 1351/1166/1168
f 1351/1166/1168 1350/1165/1167 1352/1167/1169
f 1351/1166/1168 1352/1167/1169 1342/1157/1159
f 1342/1157/1159 1352/1167/1169 1345/1160/1162
f 1350/1165/1167 1353/1168/1170 1352/1167/1169
f 1352/1167/1169 1353/1168/1170 1354/1169/1171
f 1352/1167/1169 1354/1169/1171 1345/1160/1162
f 1353/1168/1170 1355/1170/1172 1354/1169/1171
f 1353/1168/1170 1350/1165/1167 1356/1171/1173
f 1350/1165/1167 1348/1163/1165 1356/1171/1173
f 1348/1163/1165 1349/1164/1166 1356/1171/1173
f 1357/1172/1174 1353/1168/1170 1356/1171/1173
f 1355/1170/1172 1353/1168/1170 1357/1172/1174
f 1349/1164/1166 1358/1173/1175 1356/1171/1173
f 1349/1164/1166 1347/1162/1164 1359/1174/1176
f 1349/1164/1166 1359/1174/1176 1358/1173/1175
f 1347/1162/1164 1360/1175/1177 1359/1174/1176
f 1355/1170/1172 1361/1176/1178 1354/1169/1171
f 1361/1176/1178 1362/1177/1179 1354/1169/1171
f 1361/1176/1178 1363/1178/1180 1362/1177/1179
f 1359/1174/1176 1360/1175/1177 1363/1178/1180
f 1363/1178/1180 1364/1179/1181 1362/1177/1179
f 1360/1175/1177 1364/1179/1181 1363/1178/1180
f 1362/1177/1179 1364/1179/1181 1365/1180/1182
f 1364/1179/1181 1366/1181/1183 1365/1180/1182
f 1366/1181/1183 1367/1182/1184 1365/1180/1182
f 1367/1182/1184 1368/1183/1185 1365/1180/1182
f 1365/1180/1182 1368/1183/1185 1344/1159/1161
f 1345/1160/1162 1365/1180/1182 1344/1159/1161
f 1362/1177/1179 1365/1180/1182 1345/1160/1162
f 1367/1182/1184 1366/1181/1183 1369/1184/1186
f 1366/1181/1183 1370/1185/1187 1369/1184/1186
f 1370/1185/1187 1366/1181/1183 1364/1179/1181
f 1360/1175/1177 1370/1185/1187 1364/1179/1181
f 1335/1150/1152 1369/1184/1186 1370/1185/1187
f 1339/1154/1156 1335/1150/1152 1370/1185/1187
f 1339/1154/1156 1370/1185/1187 1360/1175/1177
f 1369/1184/1186 1335/1150/1152 1371/1186/1188
f 1335/1150/1152 1334/1149/1151 1371/1186/1188
f 1334/1149/1151 1337/1152/1154 1371/1186/1188
f 1337/1152/1154 1372/1187/1189 1371/1186/1188
f 1371/1186/1188 1372/1187/1189 1373/1188/1190
f 1371/1186/1188 1373/1188/1190 1374/1189/1191
f 1375/1190/1192 1371/1186/1188 1374/1189/1191
f 1369/1184/1186 1371/1186/1188 1375/1190/1192
f 1367/1182/1184 1369/1184/1186 1375/1190/1192
f 1372/1187/1189 1376/1191/1193 1373/1188/1190
f 1374/1189/1191 1373/1188/1190 1377/1192/1194
f 1373/1188/1190 1378/1193/1195 1377/1192/1194
f 1373/1188/1190 1376/1191/1193 1378/1193/1195
f 1377/1192/1194 1378/1193/1195 1379/1194/1196
f 1377/1192/1194 1379/1194/1196 1380/1195/1197
f 1379/1194/1196 1381/1196/1198 1380/1195/1197
f 1380/1195/1197 1381/1196/1198 1382/1197/1199
f 1382/1197/1199 1383/1198/1200 1380/1195/1197
f 1383/1198/1200 1384/1199/1201 1380/1195/1197
f 1384/1199/1201 1374/1189/1191 1377/1192/1194
f 1380/1195/1197 1384/1199/1201 1377/1192/1194
f 1384/1199/1201 1383/1198/1200 1385/1200/1202
f 1385/1200/1202 1375/1190/1192 1374/1189/1191
f 1384/1199/1201 1385/1200/1202 1374/1189/1191
f 1383/1198/1200 1386/1201/1203 1385/1200/1202
f 1381/1196/1198 1387/1202/1204 1382/1197/1199
f 1381/1196/1198 1388/1203/1205 1387/1202/1204
f 1388/1203/1205 1389/1204/1206 1387/1202/1204
f 1388/1203/1205 1390/1205/1207 1389/1204/1206
f 1390/1205/1207 1391/1206/1208 1389/1204/1206
f 1390/1205/1207 1392/1207/1209 1391/1206/1208
f 1392/1207/1209 1393/1208/1210 1391/1206/1208
f 1283/1098/1100 1385/1200/1202 1386/1201/1203
f 1284/1099/1101 1283/1098/1100 1386/1201/1203
f 1394/1209/1211 1388/1203/1205 1381/1196/1198
f 1379/1194/1196 1394/1209/1211 1381/1196/1198
f 1395/1210/1212 1390/1205/1207 1388/1203/1205
f 1394/1209/1211 1395/1210/1212 1388/1203/1205
f 1395/1210/1212 1394/1209/1211 1396/1211/1213
f 1394/1209/1211 1397/1212/1214 1396/1211/1213
f 1394/1209/1211 1379/1194/1196 1397/1212/1214
f 1395/1210/1212 1396/1211/1213 1398/1213/1215
f 1399/1214/1216 1395/1210/1212 1398/1213/1215
f 1399/1214/1216 1392/1207/1209 1390/1205/1207
f 1395/1210/1212 1399/1214/1216 1390/1205/1207
f 1399/1214/1216 1398/1213/1215 1400/1215/1217
f 1401/1216/1218 1399/1214/1216 1400/1215/1217
f 1399/1214/1216 1401/1216/1218 1392/1207/1209
f 1401/1216/1218 1402/1217/1219 1392/1207/1209
f 1392/1207/1209 1402/1217/1219 1393/1208/1210
f 1379/1194/1196 1403/1218/1220 1397/1212/1214
f 1403/1218/1220 1404/1219/1221 1397/1212/1214
f 1404/1219/1221 1405/1220/1222 1397/1212/1214
f 1397/1212/1214 1405/1220/1222 1396/1211/1213
f 1378/1193/1195 1403/1218/1220 1379/1194/1196
f 1398/1213/1215 1406/1221/1223 1400/1215/1217
f 1406/1221/1223 1407/1222/1224 1400/1215/1217
f 1408/1223/1225 1406/1221/1223 1398/1213/1215
f 1396/1211/1213 1408/1223/1225 1398/1213/1215
f 1405/1220/1222 1408/1223/1225 1396/1211/1213
f 1409/1224/1226 1404/1219/1221 1403/1218/1220
f 1378/1193/1195 1409/1224/1226 1403/1218/1220
f 1376/1191/1193 1409/1224/1226 1378/1193/1195
f 1402/1217/1219 1410/1225/1227 1393/1208/1210
f 1410/1225/1227 1411/1226/1228 1393/1208/1210
f 1411/1226/1228 1412/1227/1229 1393/1208/1210
f 1393/1208/1210 1412/1227/1229 1413/1228/1230
f 1414/1229/1231 1413/1228/1230 1412/1227/1229
f 1414/1229/1231 1415/1230/1232 1413/1228/1230
f 1416/1231/1233 1415/1230/1232 1414/1229/1231
f 1417/1232/1234 1416/1231/1233 1414/1229/1231
f 1416/1231/1233 1418/1233/1235 1415/1230/1232
f 1418/1233/1235 1419/1234/1236 1415/1230/1232
f 1416/1231/1233 1417/1232/1234 1420/1235/1237
f 1418/1233/1235 1416/1231/1233 1420/1235/1237
f 1417/1232/1234 1421/1236/1238 1420/1235/1237
f 1422/1237/1239 1418/1233/1235 1420/1235/1237
f 1421/1236/1238 1417/1232/1234 1423/1238/1240
f 1424/1239/1241 1421/1236/1238 1423/1238/1240
f 1423/1238/1240 1425/1240/1242 1424/1239/1241
f 1425/1240/1242 1426/1241/1243 1424/1239/1241
f 1425/1240/1242 1427/1242/1244 1426/1241/1243
f 1427/1242/1244 1428/1243/1245 1426/1241/1243
f 1429/1244/1246 1426/1241/1243 1428/1243/1245
f 1430/1245/1247 1429/1244/1246 1428/1243/1245
f 1431/1246/1248 1430/1245/1247 1428/1243/1245
f 1429/1244/1246 1430/1245/1247 1432/1247/1249
f 1433/1248/1250 1429/1244/1246 1432/1247/1249
f 1434/1249/1251 1431/1246/1248 1428/1243/1245
f 1427/1242/1244 1434/1249/1251 1428/1243/1245
f 1420/1235/1237 1435/1250/1252 1422/1237/1239
f 1435/1250/1252 1436/1251/1253 1422/1237/1239
f 1437/1252/1254 1436/1251/1253 1435/1250/1252
f 1438/1253/1255 1436/1251/1253 1437/1252/1254
f 1439/1254/1256 1438/1253/1255 1437/1252/1254
f 1439/1254/1256 1440/1255/1257 1438/1253/1255
f 1440/1255/1257 1441/1256/1258 1438/1253/1255
f 1442/1257/1259 1441/1256/1258 1440/1255/1257
f 1443/1258/1260 1442/1257/1259 1440/1255/1257
f 1444/1259/1261 1442/1257/1259 1443/1258/1260
f 1445/1260/1262 1444/1259/1261 1443/1258/1260
f 1446/1261/1263 1437/1252/1254 1435/1250/1252
f 1446/1261/1263 1435/1250/1252 1447/1262/1264
f 1435/1250/1252 1448/1263/1265 1447/1262/1264
f 1447/1262/1264 1448/1263/1265 1449/1264/1266
f 1450/1265/1267 1447/1262/1264 1449/1264/1266
f 1451/1266/1268 1450/1265/1267 1449/1264/1266
f 1452/1267/1269 1451/1266/1268 1449/1264/1266
f 1451/1266/1268 1452/1267/1269 1453/1268/1270
f 1454/1269/1271 1451/1266/1268 1453/1268/1270
f 1454/1269/1271 1453/1268/1270 1455/1270/1272
f 1453/1268/1270 1456/1271/1273 1455/1270/1272
f 1445/1260/1262 1457/1272/1274 1444/1259/1261
f 1457/1272/1274 1458/1273/1275 1444/1259/1261
f 1457/1272/1274 1459/1274/1276 1458/1273/1275
f 1459/1274/1276 1460/1275/1277 1458/1273/1275
f 1459/1274/1276 1461/1276/1278 1460/1275/1277
f 1461/1276/1278 1462/1277/1279 1460/1275/1277
f 1463/1278/1280 1462/1277/1279 1461/1276/1278
f 1464/1279/1281 1463/1278/1280 1461/1276/1278
f 1464/1279/1281 1465/1280/1282 1463/1278/1280
f 1465/1280/1282 1466/1281/1283 1463/1278/1280
f 1467/1282/1284 1466/1281/1283 1465/1280/1282
f 1468/1283/1285 1467/1282/1284 1465/1280/1282
f 1469/1284/1286 1467/1282/1284 1468/1283/1285
f 1470/1285/1287 1469/1284/1286 1468/1283/1285
f 1469/1284/1286 1470/1285/1287 1471/1286/1288
f 1470/1285/1287 1472/1287/1289 1471/1286/1288
f 1472/1287/1289 1473/1288/1290 1471/1286/1288
f 1473/1288/1290 1474/1289/1291 1471/1286/1288
f 1475/1290/1292 1474/1289/1291 1473/1288/1290
f 1476/1291/1293 1475/1290/1292 1473/1288/1290
f 1464/1279/1281 1461/1276/1278 1477/1292/1294
f 1461/1276/1278 1478/1293/1295 1477/1292/1294
f 1461/1276/1278 1459/1274/1276 1478/1293/1295
f 1459/1274/1276 1479/1294/1296 1478/1293/1295
f 1459/1274/1276 1457/1272/1274 1479/1294/1296
f 1457/1272/1274 1480/1295/1297 1479/1294/1296
f 1457/1272/1274 1445/1260/1262 1480/1295/1297
f 1445/1260/1262 1481/1296/1298 1480/1295/1297
f 1481/1296/1298 1445/1260/1262 1482/1297/1299
f 1445/1260/1262 1443/1258/1260 1482/1297/1299
f 1482/1297/1299 1443/1258/1260 1483/1298/1300
f 1443/1258/1260 1440/1255/1257 1483/1298/1300
f 1483/1298/1300 1440/1255/1257 1484/1299/1301
f 1440/1255/1257 1439/1254/1256 1484/1299/1301
f 1484/1299/1301 1439/1254/1256 1485/1300/1302
f 1439/1254/1256 1437/1252/1254 1485/1300/1302
f 1485/1300/1302 1437/1252/1254 1486/1301/1303
f 1437/1252/1254 1446/1261/1263 1486/1301/1303
f 1486/1301/1303 1446/1261/1263 1487/1302/1304
f 1446/1261/1263 1447/1262/1264 1487/1302/1304
f 1447/1262/1264 1450/1265/1267 1487/1302/1304
f 1450/1265/1267 1488/1303/1305 1487/1302/1304
f 1487/1302/1304 1488/1303/1305 1489/1304/1306
f 1489/1304/1306 1488/1303/1305 1490/1305/1307
f 1490/1305/1307 1488/1303/1305 1450/1265/1267
f 1491/1306/1308 1489/1304/1306 1490/1305/1307
f 1489/1304/1306 1491/1306/1308 1492/1307/1309
f 1491/1306/1308 1493/1308/1310 1492/1307/1309
f 1492/1307/1309 1493/1308/1310 1494/1309/1311
f 1495/1310/1312 1492/1307/1309 1494/1309/1311
f 1495/1310/1312 1494/1309/1311 1496/1311/1033
f 1497/1312/1032 1495/1310/1312 1496/1311/1033
f 1496/1311/1033 1494/1309/1311 1498/1313/1313
f 1498/1313/1313 1494/1309/1311 1493/1308/1310
f 1499/1314/1034 1496/1311/1033 1498/1313/1313
f 1498/1313/1313 1493/1308/1310 1500/1315/1314
f 1491/1306/1308 1500/1315/1314 1493/1308/1310
f 1491/1306/1308 1501/1316/1315 1500/1315/1314
f 1501/1316/1315 1491/1306/1308 1490/1305/1307
f 1499/1314/1034 1498/1313/1313 1502/1317/1316
f 1503/1318/1317 1499/1314/1034 1502/1317/1316
f 1504/1319/1318 1495/1310/1312 1497/1312/1032
f 1505/1320/1031 1504/1319/1318 1497/1312/1032
f 1506/1321/1319 1504/1319/1318 1505/1320/1031
f 1507/1322/1030 1506/1321/1319 1505/1320/1031
f 1506/1321/1319 1508/1323/1320 1504/1319/1318
f 1508/1323/1320 1509/1324/1321 1504/1319/1318
f 1504/1319/1318 1509/1324/1321 1495/1310/1312
f 1508/1323/1320 1510/1325/1322 1509/1324/1321
f 1510/1325/1322 1511/1326/1323 1509/1324/1321
f 1512/1327/1324 1506/1321/1319 1507/1322/1030
f 1513/1328/1029 1512/1327/1324 1507/1322/1030
f 1514/1329/1325 1512/1327/1324 1513/1328/1029
f 1515/1330/1035 1514/1329/1325 1513/1328/1029
f 1514/1329/1325 1516/1331/1326 1512/1327/1324
f 1516/1331/1326 1517/1332/1327 1512/1327/1324
f 1517/1332/1327 1508/1323/1320 1506/1321/1319
f 1512/1327/1324 1517/1332/1327 1506/1321/1319
f 1516/1331/1326 1518/1333/1328 1517/1332/1327
f 1518/1333/1328 1519/1334/1329 1517/1332/1327
f 1519/1334/1329 1510/1325/1322 1508/1323/1320
f 1517/1332/1327 1519/1334/1329 1508/1323/1320
f 1520/1335/1330 1514/1329/1325 1515/1330/1035
f 1521/1336/1036 1520/1335/1330 1515/1330/1035
f 1522/1337/1331 1520/1335/1330 1521/1336/1036
f 1523/1338/1037 1522/1337/1331 1521/1336/1036
f 1524/1339/1332 1522/1337/1331 1523/1338/1037
f 1525/1340/1038 1524/1339/1332 1523/1338/1037
f 1524/1339/1332 1526/1341/1333 1522/1337/1331
f 1526/1341/1333 1527/1342/1334 1522/1337/1331
f 1522/1337/1331 1527/1342/1334 1520/1335/1330
f 1526/1341/1333 1528/1343/1335 1527/1342/1334
f 1528/1343/1335 1529/1344/1336 1527/1342/1334
f 1527/1342/1334 1530/1345/1337 1520/1335/1330
f 1527/1342/1334 1529/1344/1336 1530/1345/1337
f 1529/1344/1336 1531/1346/1338 1530/1345/1337
f 1531/1346/1338 1518/1333/1328 1516/1331/1326
f 1530/1345/1337 1531/1346/1338 1516/1331/1326
f 1530/1345/1337 1516/1331/1326 1514/1329/1325
f 1520/1335/1330 1530/1345/1337 1514/1329/1325
f 1524/1339/1332 1525/1340/1038 1532/1347/1039
f 1533/1348/1339 1524/1339/1332 1532/1347/1039
f 1526/1341/1333 1524/1339/1332 1533/1348/1339
f 1533/1348/1339 1532/1347/1039 1534/1349/1040
f 1535/1350/1340 1533/1348/1339 1534/1349/1040
f 1536/1351/1341 1526/1341/1333 1533/1348/1339
f 1528/1343/1335 1526/1341/1333 1536/1351/1341
f 1536/1351/1341 1533/1348/1339 1535/1350/1340
f 1537/1352/1342 1528/1343/1335 1536/1351/1341
f 1538/1353/1343 1536/1351/1341 1535/1350/1340
f 1537/1352/1342 1536/1351/1341 1538/1353/1343
f 1539/1354/1344 1537/1352/1342 1538/1353/1343
f 1535/1350/1340 1534/1349/1040 1540/1355/1041
f 1541/1356/1345 1535/1350/1340 1540/1355/1041
f 1538/1353/1343 1535/1350/1340 1541/1356/1345
f 1541/1356/1345 1540/1355/1041 1542/1357/1050
f 1543/1358/1346 1541/1356/1345 1542/1357/1050
f 1544/1359/1347 1541/1356/1345 1543/1358/1346
f 1544/1359/1347 1538/1353/1343 1541/1356/1345
f 1539/1354/1344 1538/1353/1343 1544/1359/1347
f 1545/1360/1348 1544/1359/1347 1543/1358/1346
f 1546/1361/1349 1544/1359/1347 1545/1360/1348
f 1546/1361/1349 1539/1354/1344 1544/1359/1347
f 1547/1362/1350 1546/1361/1349 1545/1360/1348
f 1543/1358/1346 1542/1357/1050 1548/1363/1049
f 1549/1364/1351 1543/1358/1346 1548/1363/1049
f 1545/1360/1348 1543/1358/1346 1549/1364/1351
f 1549/1364/1351 1548/1363/1049 1550/1365/1051
f 1551/1366/1352 1549/1364/1351 1550/1365/1051
f 1552/1367/1353 1549/1364/1351 1551/1366/1352
f 1552/1367/1353 1545/1360/1348 1549/1364/1351
f 1547/1362/1350 1545/1360/1348 1552/1367/1353
f 1553/1368/1354 1552/1367/1353 1551/1366/1352
f 1554/1369/1355 1552/1367/1353 1553/1368/1354
f 1554/1369/1355 1547/1362/1350 1552/1367/1353
f 1555/1370/1356 1554/1369/1355 1553/1368/1354
f 1551/1366/1352 1550/1365/1051 1556/1371/1053
f 1557/1372/1357 1551/1366/1352 1556/1371/1053
f 1553/1368/1354 1551/1366/1352 1557/1372/1357
f 1557/1372/1357 1556/1371/1053 1558/1373/1052
f 1559/1374/1358 1557/1372/1357 1558/1373/1052
f 1559/1374/1358 1558/1373/1052 1560/1375/1359
f 1558/1373/1052 1561/1376/1054 1560/1375/1359
f 1559/1374/1358 1560/1375/1359 1562/1377/1360
f 1563/1378/1361 1559/1374/1358 1562/1377/1360
f 1564/1379/1362 1557/1372/1357 1559/1374/1358
f 1563/1378/1361 1564/1379/1362 1559/1374/1358
f 1564/1379/1362 1553/1368/1354 1557/1372/1357
f 1564/1379/1362 1563/1378/1361 1565/1380/1363
f 1553/1368/1354 1564/1379/1362 1565/1380/1363
f 1555/1370/1356 1553/1368/1354 1565/1380/1363
f 1563/1378/1361 1566/1381/1364 1565/1380/1363
f 1562/1377/1360 1566/1381/1364 1563/1378/1361
f 1560/1375/1359 1561/1376/1054 1567/1382/1365
f 1561/1376/1054 1568/1383/1366 1567/1382/1365
f 1560/1375/1359 1567/1382/1365 1569/1384/1367
f 1562/1377/1360 1560/1375/1359 1569/1384/1367
f 1562/1377/1360 1569/1384/1367 1570/1385/1368
f 1571/1386/1369 1562/1377/1360 1570/1385/1368
f 1562/1377/1360 1571/1386/1369 1566/1381/1364
f 1571/1386/1369 1570/1385/1368 1572/1387/1370
f 1570/1385/1368 1573/1388/1371 1572/1387/1370
f 1565/1380/1363 1566/1381/1364 1574/1389/1372
f 1566/1381/1364 1575/1390/1373 1574/1389/1372
f 1575/1390/1373 1566/1381/1364 1571/1386/1369
f 1572/1387/1370 1575/1390/1373 1571/1386/1369
f 1574/1389/1372 1575/1390/1373 1472/1287/1289
f 1470/1285/1287 1574/1389/1372 1472/1287/1289
f 1574/1389/1372 1470/1285/1287 1576/1391/1374
f 1470/1285/1287 1468/1283/1285 1576/1391/1374
f 1468/1283/1285 1465/1280/1282 1576/1391/1374
f 1465/1280/1282 1577/1392/1375 1576/1391/1374
f 1465/1280/1282 1464/1279/1281 1577/1392/1375
f 1464/1279/1281 1477/1292/1294 1577/1392/1375
f 1575/1390/1373 1572/1387/1370 1473/1288/1290
f 1472/1287/1289 1575/1390/1373 1473/1288/1290
f 1473/1288/1290 1572/1387/1370 1573/1388/1371
f 1476/1291/1293 1473/1288/1290 1573/1388/1371
f 1576/1391/1374 1577/1392/1375 1554/1369/1355
f 1555/1370/1356 1576/1391/1374 1554/1369/1355
f 1574/1389/1372 1576/1391/1374 1555/1370/1356
f 1577/1392/1375 1477/1292/1294 1547/1362/1350
f 1554/1369/1355 1577/1392/1375 1547/1362/1350
f 1547/1362/1350 1477/1292/1294 1546/1361/1349
f 1477/1292/1294 1478/1293/1295 1546/1361/1349
f 1546/1361/1349 1478/1293/1295 1539/1354/1344
f 1478/1293/1295 1479/1294/1296 1539/1354/1344
f 1539/1354/1344 1479/1294/1296 1537/1352/1342
f 1479/1294/1296 1480/1295/1297 1537/1352/1342
f 1537/1352/1342 1480/1295/1297 1528/1343/1335
f 1480/1295/1297 1481/1296/1298 1528/1343/1335
f 1528/1343/1335 1481/1296/1298 1529/1344/1336
f 1481/1296/1298 1482/1297/1299 1529/1344/1336
f 1529/1344/1336 1482/1297/1299 1531/1346/1338
f 1482/1297/1299 1483/1298/1300 1531/1346/1338
f 1531/1346/1338 1483/1298/1300 1518/1333/1328
f 1483/1298/1300 1484/1299/1301 1518/1333/1328
f 1518/1333/1328 1484/1299/1301 1519/1334/1329
f 1484/1299/1301 1485/1300/1302 1519/1334/1329
f 1519/1334/1329 1485/1300/1302 1510/1325/1322
f 1485/1300/1302 1486/1301/1303 1510/1325/1322
f 1510/1325/1322 1486/1301/1303 1511/1326/1323
f 1486/1301/1303 1487/1302/1304 1511/1326/1323
f 1511/1326/1323 1487/1302/1304 1489/1304/1306
f 1509/1324/1321 1511/1326/1323 1489/1304/1306
f 1492/1307/1309 1509/1324/1321 1489/1304/1306
f 1509/1324/1321 1492/1307/1309 1495/1310/1312
f 1578/1393/1376 1579/1394/1377 1580/1395/1378
f 1581/1396/1379 1578/1393/1376 1580/1395/1378
f 1580/1395/1378 1302/1117/1119 1581/1396/1379
f 1302/1117/1119 1582/1397/1380 1581/1396/1379
f 1582/1397/1380 1302/1117/1119 1303/1118/1120
f 1309/1124/1126 1582/1397/1380 1303/1118/1120
f 1304/1119/1121 1580/1395/1378 1579/1394/1377
f 1311/1126/1128 1304/1119/1121 1579/1394/1377
f 1300/1115/1117 1302/1117/1119 1580/1395/1378
f 1304/1119/1121 1300/1115/1117 1580/1395/1378
f 1579/1394/1377 1578/1393/1376 1583/1398/1381
f 1578/1393/1376 1584/1399/1382 1583/1398/1381
f 1585/1400/1383 1583/1398/1381 1584/1399/1382
f 1586/1401/1384 1585/1400/1383 1584/1399/1382
f 1585/1400/1383 1586/1401/1384 1587/1402/1385
f 1585/1400/1383 1587/1402/1385 1588/1403/1386
f 1589/1404/1387 1585/1400/1383 1588/1403/1386
f 1585/1400/1383 1589/1404/1387 1583/1398/1381
f 1589/1404/1387 1588/1403/1386 1590/1405/1388
f 1590/1405/1388 1588/1403/1386 1591/1406/1389
f 1588/1403/1386 1592/1407/1390 1591/1406/1389
f 1592/1407/1390 1588/1403/1386 1587/1402/1385
f 1593/1408/1391 1589/1404/1387 1590/1405/1388
f 1594/1409/1392 1589/1404/1387 1593/1408/1391
f 1589/1404/1387 1594/1409/1392 1583/1398/1381
f 1595/1410/1393 1594/1409/1392 1593/1408/1391
f 1311/1126/1128 1594/1409/1392 1595/1410/1393
f 1596/1411/1394 1591/1406/1389 1592/1407/1390
f 1597/1412/1395 1596/1411/1394 1592/1407/1390
f 1597/1412/1395 1598/1413/1218 1596/1411/1394
f 1598/1413/1218 1599/1414/1217 1596/1411/1394
f 1598/1413/1218 1597/1412/1395 1600/1415/1219
f 1597/1412/1395 1601/1416/1396 1600/1415/1219
f 1597/1412/1395 1592/1407/1390 1601/1416/1396
f 1592/1407/1390 1602/1417/1397 1601/1416/1396
f 1602/1417/1397 1592/1407/1390 1587/1402/1385
f 1587/1402/1385 1603/1418/1398 1602/1417/1397
f 1603/1418/1398 1604/1419/1399 1602/1417/1397
f 1602/1417/1397 1604/1419/1399 1601/1416/1396
f 1593/1408/1391 1605/1420/1400 1595/1410/1393
f 1605/1420/1400 1606/1421/1401 1595/1410/1393
f 1595/1410/1393 1606/1421/1401 1312/1127/1129
f 1312/1127/1129 1311/1126/1128 1595/1410/1393
f 1606/1421/1401 1313/1128/1130 1312/1127/1129
f 1599/1414/1217 1607/1422/1224 1596/1411/1394
f 1607/1422/1224 1608/1423/1402 1596/1411/1394
f 1586/1401/1384 1603/1418/1398 1587/1402/1385
f 1600/1415/1219 1601/1416/1396 1609/1424/1227
f 1601/1416/1396 1610/1425/1403 1609/1424/1227
f 1604/1419/1399 1610/1425/1403 1601/1416/1396
f 1603/1418/1398 1611/1426/1404 1604/1419/1399
f 1611/1426/1404 1612/1427/1405 1604/1419/1399
f 1612/1427/1405 1611/1426/1404 1613/1428/1406
f 1614/1429/1407 1613/1428/1406 1611/1426/1404
f 1615/1430/1408 1614/1429/1407 1611/1426/1404
f 1614/1429/1407 1616/1431/1409 1613/1428/1406
f 1614/1429/1407 1617/1432/1410 1616/1431/1409
f 1617/1432/1410 1614/1429/1407 1615/1430/1408
f 1617/1432/1410 1618/1433/1411 1616/1431/1409
f 1618/1433/1411 1619/1434/1412 1616/1431/1409
f 1619/1434/1412 1620/1435/1413 1616/1431/1409
f 1621/1436/1414 1620/1435/1413 1619/1434/1412
f 1622/1437/1415 1621/1436/1414 1619/1434/1412
f 1623/1438/1416 1620/1435/1413 1621/1436/1414
f 1624/1439/1417 1623/1438/1416 1621/1436/1414
f 1625/1440/1247 1623/1438/1416 1624/1439/1417
f 1626/1441/1249 1625/1440/1247 1624/1439/1417
f 1623/1438/1416 1627/1442/1418 1620/1435/1413
f 1627/1442/1418 1628/1443/1419 1620/1435/1413
f 1616/1431/1409 1628/1443/1419 1613/1428/1406
f 1620/1435/1413 1628/1443/1419 1616/1431/1409
f 1629/1444/1248 1627/1442/1418 1623/1438/1416
f 1625/1440/1247 1629/1444/1248 1623/1438/1416
f 1619/1434/1412 1630/1445/1420 1622/1437/1415
f 1630/1445/1420 1631/1446/1421 1622/1437/1415
f 1632/1447/1422 1630/1445/1420 1619/1434/1412
f 1618/1433/1411 1632/1447/1422 1619/1434/1412
f 1618/1433/1411 1617/1432/1410 1632/1447/1422
f 1631/1446/1421 1630/1445/1420 1633/1448/1423
f 1630/1445/1420 1634/1449/1424 1633/1448/1423
f 1630/1445/1420 1632/1447/1422 1634/1449/1424
f 1635/1450/1425 1633/1448/1423 1634/1449/1424
f 1636/1451/1426 1635/1450/1425 1634/1449/1424
f 1637/1452/1427 1636/1451/1426 1634/1449/1424
f 1638/1453/1428 1637/1452/1427 1634/1449/1424
f 1632/1447/1422 1638/1453/1428 1634/1449/1424
f 1636/1451/1426 1639/1454/1429 1635/1450/1425
f 1639/1454/1429 1640/1455/1430 1635/1450/1425
f 1639/1454/1429 1641/1456/1431 1640/1455/1430
f 1641/1456/1431 1642/1457/1432 1640/1455/1430
f 1643/1458/1433 1639/1454/1429 1636/1451/1426
f 1644/1459/1434 1643/1458/1433 1636/1451/1426
f 1644/1459/1434 1636/1451/1426 1637/1452/1427
f 1645/1460/1435 1641/1456/1431 1639/1454/1429
f 1643/1458/1433 1645/1460/1435 1639/1454/1429
f 1644/1459/1434 1646/1461/1436 1643/1458/1433
f 1646/1461/1436 1647/1462/1437 1643/1458/1433
f 1643/1458/1433 1647/1462/1437 1645/1460/1435
f 1647/1462/1437 1648/1463/1438 1645/1460/1435
f 1646/1461/1436 1644/1459/1434 1649/1464/1439
f 1644/1459/1434 1637/1452/1427 1649/1464/1439
f 1650/1465/1440 1646/1461/1436 1649/1464/1439
f 1638/1453/1428 1651/1466/1441 1637/1452/1427
f 1651/1466/1441 1638/1453/1428 1632/1447/1422
f 1652/1467/1442 1651/1466/1441 1632/1447/1422
f 1617/1432/1410 1652/1467/1442 1632/1447/1422
f 1652/1467/1442 1617/1432/1410 1653/1468/1443
f 1653/1468/1443 1617/1432/1410 1615/1430/1408
f 1654/1469/1444 1652/1467/1442 1653/1468/1443
f 1652/1467/1442 1654/1469/1444 1655/1470/1445
f 1651/1466/1441 1652/1467/1442 1655/1470/1445
f 1651/1466/1441 1655/1470/1445 1656/1471/1446
f 1657/1472/1447 1651/1466/1441 1656/1471/1446
f 1657/1472/1447 1656/1471/1446 1658/1473/1448
f 1649/1464/1439 1657/1472/1447 1658/1473/1448
f 1651/1466/1441 1657/1472/1447 1637/1452/1427
f 1637/1452/1427 1657/1472/1447 1649/1464/1439
f 1659/1474/1449 1650/1465/1440 1649/1464/1439
f 1658/1473/1448 1659/1474/1449 1649/1464/1439
f 1582/1397/1380 1656/1471/1446 1655/1470/1445
f 1581/1396/1379 1582/1397/1380 1655/1470/1445
f 1578/1393/1376 1581/1396/1379 1655/1470/1445
f 1654/1469/1444 1578/1393/1376 1655/1470/1445
f 1578/1393/1376 1654/1469/1444 1653/1468/1443
f 1659/1474/1449 1658/1473/1448 1310/1125/1127
f 1658/1473/1448 1309/1124/1126 1310/1125/1127
f 1309/1124/1126 1658/1473/1448 1656/1471/1446
f 1582/1397/1380 1309/1124/1126 1656/1471/1446
f 1660/1475/1450 1659/1474/1449 1310/1125/1127
f 1661/1476/1451 1660/1475/1450 1310/1125/1127
f 1661/1476/1451 1310/1125/1127 1307/1122/1124
f 1661/1476/1451 1307/1122/1124 1662/1477/1452
f 1307/1122/1124 1306/1121/1123 1662/1477/1452
f 1662/1477/1452 1306/1121/1123 1282/1097/1099
f 1306/1121/1123 1281/1096/1098 1282/1097/1099
f 1306/1121/1123 1293/1108/1110 1281/1096/1098
f 1663/1478/1453 1662/1477/1452 1282/1097/1099
f 1663/1478/1453 1660/1475/1450 1661/1476/1451
f 1662/1477/1452 1663/1478/1453 1661/1476/1451
f 1664/1479/1454 1663/1478/1453 1282/1097/1099
f 1664/1479/1454 1282/1097/1099 1665/1480/1455
f 1665/1480/1455 1666/1481/1456 1664/1479/1454
f 1667/1482/1457 1666/1481/1456 1665/1480/1455
f 1667/1482/1457 1668/1483/1458 1666/1481/1456
f 1668/1483/1458 1669/1484/1459 1666/1481/1456
f 1670/1485/1460 1668/1483/1458 1667/1482/1457
f 1671/1486/1461 1670/1485/1460 1667/1482/1457
f 1669/1484/1459 1668/1483/1458 1672/1487/1462
f 1668/1483/1458 1670/1485/1460 1672/1487/1462
f 1673/1488/1463 1669/1484/1459 1672/1487/1462
f 1670/1485/1460 1674/1489/1464 1672/1487/1462
f 1669/1484/1459 1673/1488/1463 1675/1490/1465
f 1673/1488/1463 1676/1491/1466 1675/1490/1465
f 1677/1492/1467 1675/1490/1465 1676/1491/1466
f 1678/1493/1468 1677/1492/1467 1676/1491/1466
f 1679/1494/1469 1677/1492/1467 1678/1493/1468
f 1680/1495/1470 1679/1494/1469 1678/1493/1468
f 1678/1493/1468 1681/1496/1471 1680/1495/1470
f 1681/1496/1471 1682/1497/1431 1680/1495/1470
f 1682/1497/1431 1683/1498/1435 1680/1495/1470
f 1682/1497/1431 1681/1496/1471 1684/1499/1432
f 1681/1496/1471 1685/1500/1472 1684/1499/1432
f 1686/1501/1438 1679/1494/1469 1680/1495/1470
f 1683/1498/1435 1686/1501/1438 1680/1495/1470
f 1685/1500/1472 1681/1496/1471 1474/1289/1291
f 1475/1290/1292 1685/1500/1472 1474/1289/1291
f 1681/1496/1471 1678/1493/1468 1471/1286/1288
f 1474/1289/1291 1681/1496/1471 1471/1286/1288
f 1469/1284/1286 1471/1286/1288 1678/1493/1468
f 1676/1491/1466 1469/1284/1286 1678/1493/1468
f 1467/1282/1284 1469/1284/1286 1676/1491/1466
f 1673/1488/1463 1467/1282/1284 1676/1491/1466
f 1467/1282/1284 1673/1488/1463 1672/1487/1462
f 1466/1281/1283 1467/1282/1284 1672/1487/1462
f 1466/1281/1283 1672/1487/1462 1674/1489/1464
f 1463/1278/1280 1466/1281/1283 1674/1489/1464
f 1463/1278/1280 1674/1489/1464 1687/1502/1473
f 1688/1503/1474 1687/1502/1473 1674/1489/1464
f 1670/1485/1460 1688/1503/1474 1674/1489/1464
f 1689/1504/1475 1688/1503/1474 1670/1485/1460
f 1689/1504/1475 1690/1505/1476 1688/1503/1474
f 1690/1505/1476 1691/1506/1477 1688/1503/1474
f 1688/1503/1474 1691/1506/1477 1687/1502/1473
f 1690/1505/1476 1692/1507/1478 1691/1506/1477
f 1693/1508/1479 1692/1507/1478 1690/1505/1476
f 1693/1508/1479 1694/1509/1480 1692/1507/1478
f 1694/1509/1480 1695/1510/1481 1692/1507/1478
f 1695/1510/1481 1694/1509/1480 1696/1511/1482
f 1694/1509/1480 1697/1512/1483 1696/1511/1482
f 1696/1511/1482 1697/1512/1483 1698/1513/1484
f 1697/1512/1483 1699/1514/1485 1698/1513/1484
f 1696/1511/1482 1700/1515/1486 1695/1510/1481
f 1700/1515/1486 1701/1516/1487 1695/1510/1481
f 1700/1515/1486 1702/1517/1488 1701/1516/1487
f 1703/1518/1489 1702/1517/1488 1700/1515/1486
f 1704/1519/1490 1703/1518/1489 1700/1515/1486
f 1696/1511/1482 1698/1513/1484 1704/1519/1490
f 1700/1515/1486 1696/1511/1482 1704/1519/1490
f 1702/1517/1488 1705/1520/1491 1701/1516/1487
f 1704/1519/1490 1698/1513/1484 1706/1521/1492
f 1698/1513/1484 1707/1522/1493 1706/1521/1492
f 1698/1513/1484 1699/1514/1485 1707/1522/1493
f 1706/1521/1492 1707/1522/1493 1418/1233/1235
f 1707/1522/1493 1419/1234/1236 1418/1233/1235
f 1706/1521/1492 1418/1233/1235 1422/1237/1239
f 1708/1523/1494 1706/1521/1492 1422/1237/1239
f 1704/1519/1490 1706/1521/1492 1708/1523/1494
f 1703/1518/1489 1704/1519/1490 1708/1523/1494
f 1709/1524/1495 1419/1234/1236 1707/1522/1493
f 1419/1234/1236 1709/1524/1495 1710/1525/1496
f 1415/1230/1232 1419/1234/1236 1710/1525/1496
f 1415/1230/1232 1710/1525/1496 1413/1228/1230
f 1711/1526/1497 1709/1524/1495 1707/1522/1493
f 1699/1514/1485 1711/1526/1497 1707/1522/1493
f 1387/1202/1204 1709/1524/1495 1711/1526/1497
f 1382/1197/1199 1387/1202/1204 1711/1526/1497
f 1382/1197/1199 1711/1526/1497 1699/1514/1485
f 1413/1228/1230 1710/1525/1496 1391/1206/1208
f 1391/1206/1208 1393/1208/1210 1413/1228/1230
f 1710/1525/1496 1389/1204/1206 1391/1206/1208
f 1709/1524/1495 1387/1202/1204 1389/1204/1206
f 1710/1525/1496 1709/1524/1495 1389/1204/1206
f 1383/1198/1200 1382/1197/1199 1699/1514/1485
f 1386/1201/1203 1383/1198/1200 1699/1514/1485
f 1697/1512/1483 1386/1201/1203 1699/1514/1485
f 1284/1099/1101 1386/1201/1203 1697/1512/1483
f 1694/1509/1480 1284/1099/1101 1697/1512/1483
f 1284/1099/1101 1694/1509/1480 1693/1508/1479
f 1269/1084/1086 1284/1099/1101 1693/1508/1479
f 1269/1084/1086 1693/1508/1479 1712/1527/1498
f 1712/1527/1498 1693/1508/1479 1690/1505/1476
f 1712/1527/1498 1690/1505/1476 1689/1504/1475
f 1713/1528/1499 1712/1527/1498 1689/1504/1475
f 1714/1529/1500 1713/1528/1499 1689/1504/1475
f 1671/1486/1461 1714/1529/1500 1689/1504/1475
f 1714/1529/1500 1671/1486/1461 1715/1530/1501
f 1671/1486/1461 1667/1482/1457 1715/1530/1501
f 1715/1530/1501 1667/1482/1457 1665/1480/1455
f 1671/1486/1461 1689/1504/1475 1670/1485/1460
f 1270/1085/1087 1269/1084/1086 1712/1527/1498
f 1714/1529/1500 1276/1091/1093 1713/1528/1499
f 1276/1091/1093 1274/1089/1091 1713/1528/1499
f 1274/1089/1091 1270/1085/1087 1712/1527/1498
f 1713/1528/1499 1274/1089/1091 1712/1527/1498
f 1715/1530/1501 1665/1480/1455 1280/1095/1097
f 1282/1097/1099 1280/1095/1097 1665/1480/1455
f 1278/1093/1095 1715/1530/1501 1280/1095/1097
f 1714/1529/1500 1715/1530/1501 1278/1093/1095
f 1276/1091/1093 1714/1529/1500 1278/1093/1095
f 1271/1086/1088 1273/1088/1090 1326/1141/1143
f 1329/1144/1146 1271/1086/1088 1326/1141/1143
f 1271/1086/1088 1329/1144/1146 1331/1146/1148
f 1272/1087/1089 1271/1086/1088 1331/1146/1148
f 1331/1146/1148 1341/1156/1158 1272/1087/1089
f 1341/1156/1158 1343/1158/1160 1272/1087/1089
f 1343/1158/1160 1344/1159/1161 1272/1087/1089
f 1344/1159/1161 1283/1098/1100 1272/1087/1089
f 1344/1159/1161 1368/1183/1185 1283/1098/1100
f 1368/1183/1185 1385/1200/1202 1283/1098/1100
f 1385/1200/1202 1368/1183/1185 1367/1182/1184
f 1375/1190/1192 1385/1200/1202 1367/1182/1184
f 1716/1531/1502 1605/1420/1400 1593/1408/1391
f 1590/1405/1388 1716/1531/1502 1593/1408/1391
f 1717/1532/1503 1716/1531/1502 1590/1405/1388
f 1591/1406/1389 1717/1532/1503 1590/1405/1388
f 1608/1423/1402 1717/1532/1503 1591/1406/1389
f 1596/1411/1394 1608/1423/1402 1591/1406/1389
f 1594/1409/1392 1311/1126/1128 1579/1394/1377
f 1583/1398/1381 1594/1409/1392 1579/1394/1377
f 1347/1162/1164 1339/1154/1156 1360/1175/1177
f 1354/1169/1171 1362/1177/1179 1345/1160/1162
f 1363/1178/1180 1361/1176/1178 1718/1533/1504
f 1359/1174/1176 1363/1178/1180 1718/1533/1504
f 1358/1173/1175 1359/1174/1176 1718/1533/1504
f 1361/1176/1178 1355/1170/1172 1718/1533/1504
f 1355/1170/1172 1357/1172/1174 1718/1533/1504
f 1718/1533/1504 1357/1172/1174 1356/1171/1173
f 1358/1173/1175 1718/1533/1504 1356/1171/1173
f 1498/1313/1313 1500/1315/1314 1719/1534/1505
f 1502/1317/1316 1498/1313/1313 1719/1534/1505
f 1719/1534/1505 1500/1315/1314 1720/1535/1506
f 1500/1315/1314 1501/1316/1315 1720/1535/1506
f 1720/1535/1506 1501/1316/1315 1721/1536/1507
f 1722/1537/1508 1720/1535/1506 1721/1536/1507
f 1721/1536/1507 1501/1316/1315 1490/1305/1307
f 1721/1536/1507 1490/1305/1307 1451/1266/1268
f 1454/1269/1271 1721/1536/1507 1451/1266/1268
f 1722/1537/1508 1721/1536/1507 1454/1269/1271
f 1451/1266/1268 1490/1305/1307 1450/1265/1267
f 1455/1270/1272 1722/1537/1508 1454/1269/1271
f 1502/1317/1316 1719/1534/1505 1723/1538/1509
f 1724/1539/1510 1502/1317/1316 1723/1538/1509
f 1503/1318/1317 1502/1317/1316 1724/1539/1510
f 1725/1540/1511 1503/1318/1317 1724/1539/1510
f 1725/1540/1511 1724/1539/1510 1726/1541/1512
f 1727/1542/1513 1725/1540/1511 1726/1541/1512
f 1726/1541/1512 1728/1543/1514 1727/1542/1513
f 1729/1544/1515 1728/1543/1514 1726/1541/1512
f 1730/1545/1516 1729/1544/1515 1726/1541/1512
f 1724/1539/1510 1723/1538/1509 1730/1545/1516
f 1726/1541/1512 1724/1539/1510 1730/1545/1516
f 1728/1543/1514 1729/1544/1515 1731/1546/1517
f 1731/1546/1517 1729/1544/1515 1732/1547/1518
f 1729/1544/1515 1733/1548/1519 1732/1547/1518
f 1733/1548/1519 1729/1544/1515 1730/1545/1516
f 1734/1549/1520 1728/1543/1514 1731/1546/1517
f 1735/1550/1521 1728/1543/1514 1734/1549/1520
f 1728/1543/1514 1735/1550/1521 1727/1542/1513
f 1736/1551/1522 1735/1550/1521 1734/1549/1520
f 1734/1549/1520 1731/1546/1517 1737/1552/1523
f 1738/1553/1524 1734/1549/1520 1737/1552/1523
f 1734/1549/1520 1738/1553/1524 1736/1551/1522
f 1738/1553/1524 1737/1552/1523 1739/1554/1525
f 1739/1554/1525 1737/1552/1523 1740/1555/1526
f 1739/1554/1525 1740/1555/1526 1741/1556/1527
f 1742/1557/1528 1739/1554/1525 1741/1556/1527
f 1743/1558/1529 1739/1554/1525 1742/1557/1528
f 1743/1558/1529 1738/1553/1524 1739/1554/1525
f 1744/1559/1530 1738/1553/1524 1743/1558/1529
f 1738/1553/1524 1744/1559/1530 1736/1551/1522
f 1745/1560/1531 1744/1559/1530 1743/1558/1529
f 1745/1560/1531 1743/1558/1529 1746/1561/1532
f 1746/1561/1532 1743/1558/1529 1742/1557/1528
f 1747/1562/1533 1745/1560/1531 1746/1561/1532
f 1737/1552/1523 1748/1563/1534 1740/1555/1526
f 1748/1563/1534 1737/1552/1523 1731/1546/1517
f 1732/1547/1518 1748/1563/1534 1731/1546/1517
f 1749/1564/1535 1747/1562/1533 1746/1561/1532
f 1750/1565/1536 1749/1564/1535 1746/1561/1532
f 1750/1565/1536 1746/1561/1532 1742/1557/1528
f 1751/1566/1537 1749/1564/1535 1750/1565/1536
f 1752/1567/1538 1751/1566/1537 1750/1565/1536
f 1753/1568/1539 1750/1565/1536 1742/1557/1528
f 1753/1568/1539 1742/1557/1528 1741/1556/1527
f 1752/1567/1538 1750/1565/1536 1753/1568/1539
f 1754/1569/1540 1753/1568/1539 1741/1556/1527
f 1755/1570/1541 1753/1568/1539 1754/1569/1540
f 1755/1570/1541 1752/1567/1538 1753/1568/1539
f 1756/1571/1542 1752/1567/1538 1755/1570/1541
f 1757/1572/1543 1756/1571/1542 1755/1570/1541
f 1758/1573/1544 1755/1570/1541 1754/1569/1540
f 1755/1570/1541 1758/1573/1544 1757/1572/1543
f 1752/1567/1538 1756/1571/1542 1759/1574/1545
f 1751/1566/1537 1752/1567/1538 1759/1574/1545
f 1760/1575/1546 1759/1574/1545 1756/1571/1542
f 1761/1576/1547 1760/1575/1546 1756/1571/1542
f 1761/1576/1547 1756/1571/1542 1757/1572/1543
f 1762/1577/1548 1761/1576/1547 1757/1572/1543
f 1762/1577/1548 1757/1572/1543 1763/1578/1549
f 1758/1573/1544 1763/1578/1549 1757/1572/1543
f 1764/1579/1550 1762/1577/1548 1763/1578/1549
f 1761/1576/1547 1762/1577/1548 1765/1580/1551
f 1762/1577/1548 1766/1581/1552 1765/1580/1551
f 1766/1581/1552 1762/1577/1548 1764/1579/1550
f 1761/1576/1547 1765/1580/1551 1767/1582/1553
f 1760/1575/1546 1761/1576/1547 1767/1582/1553
f 1768/1583/1554 1767/1582/1553 1765/1580/1551
f 1769/1584/1555 1768/1583/1554 1765/1580/1551
f 1769/1584/1555 1765/1580/1551 1766/1581/1552
f 1568/1383/1366 1768/1583/1554 1769/1584/1555
f 1567/1382/1365 1568/1383/1366 1769/1584/1555
f 1567/1382/1365 1769/1584/1555 1770/1585/1556
f 1770/1585/1556 1769/1584/1555 1766/1581/1552
f 1569/1384/1367 1567/1382/1365 1770/1585/1556
f 1569/1384/1367 1770/1585/1556 1771/1586/1557
f 1766/1581/1552 1771/1586/1557 1770/1585/1556
f 1766/1581/1552 1772/1587/1558 1771/1586/1557
f 1772/1587/1558 1766/1581/1552 1764/1579/1550
f 1772/1587/1558 1773/1588/1559 1771/1586/1557
f 1570/1385/1368 1569/1384/1367 1771/1586/1557
f 1771/1586/1557 1773/1588/1559 1570/1385/1368
f 1773/1588/1559 1573/1388/1371 1570/1385/1368
f 1763/1578/1549 1774/1589/1560 1764/1579/1550
f 1775/1590/1561 1774/1589/1560 1763/1578/1549
f 1775/1590/1561 1776/1591/1562 1774/1589/1560
f 1777/1592/1563 1776/1591/1562 1775/1590/1561
f 1778/1593/1564 1777/1592/1563 1775/1590/1561
f 1779/1594/1565 1777/1592/1563 1778/1593/1564
f 1780/1595/1566 1779/1594/1565 1778/1593/1564
f 1781/1596/1567 1779/1594/1565 1780/1595/1566
f 1782/1597/1568 1781/1596/1567 1780/1595/1566
f 1782/1597/1568 1783/1598/1569 1781/1596/1567
f 1783/1598/1569 1784/1599/1570 1781/1596/1567
f 1783/1598/1569 1785/1600/1571 1784/1599/1570
f 1785/1600/1571 1786/1601/1572 1784/1599/1570
f 1787/1602/1573 1786/1601/1572 1785/1600/1571
f 1788/1603/1574 1787/1602/1573 1785/1600/1571
f 1776/1591/1562 1789/1604/1575 1774/1589/1560
f 1758/1573/1544 1775/1590/1561 1763/1578/1549
f 1775/1590/1561 1758/1573/1544 1778/1593/1564
f 1758/1573/1544 1754/1569/1540 1778/1593/1564
f 1778/1593/1564 1754/1569/1540 1741/1556/1527
f 1780/1595/1566 1778/1593/1564 1741/1556/1527
f 1782/1597/1568 1780/1595/1566 1741/1556/1527
f 1740/1555/1526 1782/1597/1568 1741/1556/1527
f 1782/1597/1568 1740/1555/1526 1783/1598/1569
f 1740/1555/1526 1748/1563/1534 1783/1598/1569
f 1783/1598/1569 1748/1563/1534 1732/1547/1518
f 1785/1600/1571 1783/1598/1569 1732/1547/1518
f 1785/1600/1571 1732/1547/1518 1733/1548/1519
f 1788/1603/1574 1785/1600/1571 1733/1548/1519
f 1787/1602/1573 1790/1605/1576 1786/1601/1572
f 1791/1606/1577 1790/1605/1576 1787/1602/1573
f 1790/1605/1576 1791/1606/1577 1792/1607/1578
f 1791/1606/1577 1793/1608/1579 1792/1607/1578
f 1794/1609/1580 1790/1605/1576 1792/1607/1578
f 1794/1609/1580 1792/1607/1578 1795/1610/1581
f 1796/1611/1582 1794/1609/1580 1795/1610/1581
f 1795/1610/1581 1797/1612/1583 1796/1611/1582
f 1797/1612/1583 1798/1613/1584 1796/1611/1582
f 1796/1611/1582 1798/1613/1584 1799/1614/1585
f 1800/1615/1586 1796/1611/1582 1799/1614/1585
f 1799/1614/1585 1798/1613/1584 1801/1616/1587
f 1799/1614/1585 1801/1616/1587 1802/1617/1588
f 1803/1618/1589 1799/1614/1585 1802/1617/1588
f 1804/1619/1590 1803/1618/1589 1802/1617/1588
f 1805/1620/1591 1804/1619/1590 1802/1617/1588
f 1806/1621/1592 1804/1619/1590 1805/1620/1591
f 1807/1622/1593 1806/1621/1592 1805/1620/1591
f 1806/1621/1592 1807/1622/1593 1808/1623/1594
f 1807/1622/1593 1809/1624/1595 1808/1623/1594
f 1809/1624/1595 1810/1625/1596 1808/1623/1594
f 1810/1625/1596 1811/1626/1597 1808/1623/1594
f 1808/1623/1594 1811/1626/1597 1812/1627/1598
f 1812/1627/1598 1811/1626/1597 1813/1628/1599
f 1811/1626/1597 1810/1625/1596 1813/1628/1599
f 1814/1629/1600 1812/1627/1598 1813/1628/1599
f 1815/1630/1601 1808/1623/1594 1812/1627/1598
f 1810/1625/1596 1816/1631/1602 1813/1628/1599
f 1817/1632/1603 1812/1627/1598 1814/1629/1600
f 1818/1633/1604 1817/1632/1603 1814/1629/1600
f 1819/1634/1605 1815/1630/1601 1812/1627/1598
f 1817/1632/1603 1819/1634/1605 1812/1627/1598
f 1819/1634/1605 1820/1635/1606 1815/1630/1601
f 1820/1635/1606 1821/1636/1607 1815/1630/1601
f 1821/1636/1607 1806/1621/1592 1808/1623/1594
f 1815/1630/1601 1821/1636/1607 1808/1623/1594
f 1820/1635/1606 1822/1637/1608 1821/1636/1607
f 1823/1638/1609 1821/1636/1607 1822/1637/1608
f 1824/1639/1610 1823/1638/1609 1822/1637/1608
f 1823/1638/1609 1824/1639/1610 1825/1640/1611
f 1826/1641/1612 1823/1638/1609 1825/1640/1611
f 1825/1640/1611 1827/1642/1613 1826/1641/1612
f 1826/1641/1612 1827/1642/1613 1800/1615/1586
f 1827/1642/1613 1828/1643/1614 1800/1615/1586
f 1800/1615/1586 1828/1643/1614 1796/1611/1582
f 1828/1643/1614 1794/1609/1580 1796/1611/1582
f 1828/1643/1614 1829/1644/1615 1794/1609/1580
f 1829/1644/1615 1790/1605/1576 1794/1609/1580
f 1827/1642/1613 1825/1640/1611 1830/1645/1616
f 1830/1645/1616 1825/1640/1611 1824/1639/1610
f 1831/1646/1617 1827/1642/1613 1830/1645/1616
f 1831/1646/1617 1829/1644/1615 1828/1643/1614
f 1827/1642/1613 1831/1646/1617 1828/1643/1614
f 1832/1647/1618 1830/1645/1616 1824/1639/1610
f 1833/1648/1619 1832/1647/1618 1824/1639/1610
f 1822/1637/1608 1833/1648/1619 1824/1639/1610
f 1822/1637/1608 1820/1635/1606 1833/1648/1619
f 1820/1635/1606 1834/1649/1620 1833/1648/1619
f 1834/1649/1620 1820/1635/1606 1819/1634/1605
f 1835/1650/1621 1834/1649/1620 1819/1634/1605
f 1835/1650/1621 1819/1634/1605 1817/1632/1603
f 1836/1651/1622 1835/1650/1621 1817/1632/1603
f 1836/1651/1622 1817/1632/1603 1818/1633/1604
f 1837/1652/1623 1836/1651/1622 1818/1633/1604
f 1838/1653/1624 1837/1652/1623 1818/1633/1604
f 1838/1653/1624 1839/1654/1625 1837/1652/1623
f 1839/1654/1625 1838/1653/1624 1685/1500/1472
f 1838/1653/1624 1684/1499/1432 1685/1500/1472
f 1836/1651/1622 1837/1652/1623 1840/1655/1626
f 1841/1656/1627 1836/1651/1622 1840/1655/1626
f 1835/1650/1621 1836/1651/1622 1841/1656/1627
f 1842/1657/1628 1841/1656/1627 1840/1655/1626
f 1789/1604/1575 1841/1656/1627 1842/1657/1628
f 1834/1649/1620 1835/1650/1621 1789/1604/1575
f 1789/1604/1575 1835/1650/1621 1841/1656/1627
f 1774/1589/1560 1789/1604/1575 1842/1657/1628
f 1843/1658/1629 1842/1657/1628 1840/1655/1626
f 1844/1659/1630 1843/1658/1629 1840/1655/1626
f 1845/1660/1631 1844/1659/1630 1840/1655/1626
f 1837/1652/1623 1839/1654/1625 1845/1660/1631
f 1840/1655/1626 1837/1652/1623 1845/1660/1631
f 1844/1659/1630 1845/1660/1631 1476/1291/1293
f 1845/1660/1631 1475/1290/1292 1476/1291/1293
f 1475/1290/1292 1845/1660/1631 1839/1654/1625
f 1685/1500/1472 1475/1290/1292 1839/1654/1625
f 1774/1589/1560 1842/1657/1628 1764/1579/1550
f 1844/1659/1630 1476/1291/1293 1573/1388/1371
f 1773/1588/1559 1844/1659/1630 1573/1388/1371
f 1844/1659/1630 1773/1588/1559 1772/1587/1558
f 1843/1658/1629 1844/1659/1630 1772/1587/1558
f 1772/1587/1558 1764/1579/1550 1842/1657/1628
f 1843/1658/1629 1772/1587/1558 1842/1657/1628
f 1776/1591/1562 1834/1649/1620 1789/1604/1575
f 1833/1648/1619 1834/1649/1620 1776/1591/1562
f 1777/1592/1563 1833/1648/1619 1776/1591/1562
f 1777/1592/1563 1779/1594/1565 1833/1648/1619
f 1779/1594/1565 1832/1647/1618 1833/1648/1619
f 1832/1647/1618 1779/1594/1565 1830/1645/1616
f 1779/1594/1565 1781/1596/1567 1830/1645/1616
f 1831/1646/1617 1830/1645/1616 1781/1596/1567
f 1784/1599/1570 1831/1646/1617 1781/1596/1567
f 1829/1644/1615 1831/1646/1617 1784/1599/1570
f 1786/1601/1572 1829/1644/1615 1784/1599/1570
f 1790/1605/1576 1829/1644/1615 1786/1601/1572
f 1846/1661/1632 1628/1443/1419 1627/1442/1418
f 1847/1662/1633 1846/1661/1632 1627/1442/1418
f 1847/1662/1633 1627/1442/1418 1629/1444/1248
f 1848/1663/1251 1847/1662/1633 1629/1444/1248
f 1628/1443/1419 1846/1661/1632 1613/1428/1406
f 1846/1661/1632 1849/1664/1634 1613/1428/1406
f 1849/1664/1634 1612/1427/1405 1613/1428/1406
f 1612/1427/1405 1850/1665/1635 1604/1419/1399
f 1850/1665/1635 1610/1425/1403 1604/1419/1399
f 1850/1665/1635 1851/1666/1228 1610/1425/1403
f 1851/1666/1228 1609/1424/1227 1610/1425/1403
f 1417/1232/1234 1414/1229/1231 1852/1667/1636
f 1423/1238/1240 1417/1232/1234 1852/1667/1636
f 1852/1667/1636 1414/1229/1231 1412/1227/1229
f 1853/1668/1637 1692/1507/1478 1695/1510/1481
f 1701/1516/1487 1853/1668/1637 1695/1510/1481
f 1854/1669/1638 1853/1668/1637 1701/1516/1487
f 1854/1669/1638 1855/1670/1639 1853/1668/1637
f 1855/1670/1639 1691/1506/1477 1853/1668/1637
f 1692/1507/1478 1853/1668/1637 1691/1506/1477
f 1705/1520/1491 1854/1669/1638 1701/1516/1487
f 1691/1506/1477 1855/1670/1639 1687/1502/1473
f 1462/1277/1279 1687/1502/1473 1855/1670/1639
f 1462/1277/1279 1463/1278/1280 1687/1502/1473
f 1460/1275/1277 1462/1277/1279 1855/1670/1639
f 1460/1275/1277 1855/1670/1639 1854/1669/1638
f 1458/1273/1275 1460/1275/1277 1854/1669/1638
f 1458/1273/1275 1854/1669/1638 1705/1520/1491
f 1444/1259/1261 1458/1273/1275 1705/1520/1491
f 1442/1257/1259 1444/1259/1261 1705/1520/1491
f 1702/1517/1488 1442/1257/1259 1705/1520/1491
f 1441/1256/1258 1442/1257/1259 1702/1517/1488
f 1703/1518/1489 1441/1256/1258 1702/1517/1488
f 1438/1253/1255 1441/1256/1258 1703/1518/1489
f 1708/1523/1494 1438/1253/1255 1703/1518/1489
f 1436/1251/1253 1438/1253/1255 1708/1523/1494
f 1422/1237/1239 1436/1251/1253 1708/1523/1494
f 1669/1484/1459 1675/1490/1465 1856/1671/1640
f 1666/1481/1456 1669/1484/1459 1856/1671/1640
f 1666/1481/1456 1856/1671/1640 1664/1479/1454
f 1857/1672/1636 1858/1673/1641 1859/1674/1642
f 1860/1675/1240 1857/1672/1636 1859/1674/1642
f 1860/1675/1240 1859/1674/1642 1861/1676/1242
f 1859/1674/1642 1862/1677/1643 1861/1676/1242
f 1862/1677/1643 1863/1678/1644 1861/1676/1242
f 1863/1678/1644 1864/1679/1244 1861/1676/1242
f 1857/1672/1636 1865/1680/1229 1858/1673/1641
f 1865/1680/1229 1866/1681/1645 1858/1673/1641
f 1865/1680/1229 1867/1682/1228 1866/1681/1645
f 1867/1682/1228 1868/1683/1646 1866/1681/1645
f 1864/1679/1244 1863/1678/1644 1869/1684/1647
f 1870/1685/1251 1864/1679/1244 1869/1684/1647
f 1870/1685/1251 1869/1684/1647 1871/1686/1648
f 1872/1687/1633 1870/1685/1251 1871/1686/1648
f 1872/1687/1633 1871/1686/1648 1873/1688/1649
f 1874/1689/1632 1872/1687/1633 1873/1688/1649
f 1873/1688/1649 1875/1690/1650 1874/1689/1632
f 1875/1690/1650 1876/1691/1634 1874/1689/1632
f 1875/1690/1650 1877/1692/1651 1876/1691/1634
f 1877/1692/1651 1878/1693/1405 1876/1691/1634
f 1878/1693/1405 1877/1692/1651 1879/1694/1635
f 1877/1692/1651 1880/1695/1652 1879/1694/1635
f 1879/1694/1635 1880/1695/1652 1881/1696/1646
f 1882/1697/1228 1879/1694/1635 1881/1696/1646
f 1881/1696/1646 1880/1695/1652 1883/1698/1653
f 1884/1699/1654 1881/1696/1646 1883/1698/1653
f 1884/1699/1654 1883/1698/1653 1885/1700/1655
f 1886/1701/1656 1884/1699/1654 1885/1700/1655
f 1886/1701/1656 1885/1700/1655 1887/1702/1657
f 1888/1703/1658 1886/1701/1656 1887/1702/1657
f 1887/1702/1657 1885/1700/1655 1889/1704/1659
f 1885/1700/1655 1890/1705/1660 1889/1704/1659
f 1885/1700/1655 1883/1698/1653 1890/1705/1660
f 1889/1704/1659 1890/1705/1660 1891/1706/1661
f 1890/1705/1660 1892/1707/1662 1891/1706/1661
f 1891/1706/1661 1892/1707/1662 1893/1708/1663
f 1892/1707/1662 1894/1709/1664 1893/1708/1663
f 1893/1708/1663 1894/1709/1664 1895/1710/1665
f 1894/1709/1664 1896/1711/1666 1895/1710/1665
f 1895/1710/1665 1896/1711/1666 1897/1712/1667
f 1896/1711/1666 1898/1713/1668 1897/1712/1667
f 1897/1712/1667 1898/1713/1668 1899/1714/1669
f 1898/1713/1668 1900/1715/1670 1899/1714/1669
f 1899/1714/1669 1900/1715/1670 1901/1716/1671
f 1900/1715/1670 1902/1717/1672 1901/1716/1671
f 1901/1716/1671 1902/1717/1672 1903/1718/1673
f 1902/1717/1672 1904/1719/1674 1903/1718/1673
f 1903/1718/1673 1904/1719/1674 1905/1720/1675
f 1904/1719/1674 1906/1721/1676 1905/1720/1675
f 1905/1720/1675 1906/1721/1676 1907/1722/1677
f 1906/1721/1676 1908/1723/1678 1907/1722/1677
f 1907/1722/1677 1908/1723/1678 1909/1724/1658
f 1908/1723/1678 1910/1725/1656 1909/1724/1658
f 1898/1713/1668 1911/1726/1679 1900/1715/1670
f 1911/1726/1679 1912/1727/1680 1900/1715/1670
f 1900/1715/1670 1912/1727/1680 1902/1717/1672
f 1912/1727/1680 1913/1728/1681 1902/1717/1672
f 1902/1717/1672 1913/1728/1681 1904/1719/1674
f 1913/1728/1681 1914/1729/1682 1904/1719/1674
f 1904/1719/1674 1914/1729/1682 1906/1721/1676
f 1914/1729/1682 1915/1730/1683 1906/1721/1676
f 1906/1721/1676 1915/1730/1683 1908/1723/1678
f 1915/1730/1683 1916/1731/1684 1908/1723/1678
f 1908/1723/1678 1916/1731/1684 1910/1725/1656
f 1916/1731/1684 1917/1732/1654 1910/1725/1656
f 1903/1718/1673 1905/1720/1675 1918/1733/1685
f 1919/1734/1686 1903/1718/1673 1918/1733/1685
f 1919/1734/1686 1918/1733/1685 1920/1735/1687
f 1921/1736/1688 1919/1734/1686 1920/1735/1687
f 1922/1737/1689 1919/1734/1686 1921/1736/1688
f 1923/1738/1690 1922/1737/1689 1921/1736/1688
f 1924/1739/1691 1922/1737/1689 1923/1738/1690
f 1925/1740/1692 1924/1739/1691 1923/1738/1690
f 1926/1741/1693 1924/1739/1691 1925/1740/1692
f 1927/1742/1694 1926/1741/1693 1925/1740/1692
f 1920/1735/1687 1918/1733/1685 1928/1743/1695
f 1918/1733/1685 1929/1744/1696 1928/1743/1695
f 1928/1743/1695 1929/1744/1696 1930/1745/1697
f 1929/1744/1696 1931/1746/1698 1930/1745/1697
f 1932/1747/1699 1926/1741/1693 1927/1742/1694
f 1933/1748/1700 1932/1747/1699 1927/1742/1694
f 1934/1749/1701 1932/1747/1699 1933/1748/1700
f 1935/1750/1702 1934/1749/1701 1933/1748/1700
f 1936/1751/1703 1934/1749/1701 1935/1750/1702
f 1937/1752/1704 1936/1751/1703 1935/1750/1702
f 1938/1753/1705 1936/1751/1703 1937/1752/1704
f 1939/1754/1706 1938/1753/1705 1937/1752/1704
f 1940/1755/1707 1938/1753/1705 1939/1754/1706
f 1941/1756/1708 1940/1755/1707 1939/1754/1706
f 1942/1757/1698 1940/1755/1707 1941/1756/1708
f 1943/1758/1697 1942/1757/1698 1941/1756/1708
f 1929/1744/1696 1907/1722/1677 1931/1746/1698
f 1905/1720/1675 1907/1722/1677 1929/1744/1696
f 1907/1722/1677 1909/1724/1658 1931/1746/1698
f 1942/1757/1698 1888/1703/1658 1940/1755/1707
f 1888/1703/1658 1887/1702/1657 1940/1755/1707
f 1940/1755/1707 1887/1702/1657 1938/1753/1705
f 1887/1702/1657 1889/1704/1659 1938/1753/1705
f 1938/1753/1705 1889/1704/1659 1936/1751/1703
f 1889/1704/1659 1891/1706/1661 1936/1751/1703
f 1936/1751/1703 1891/1706/1661 1934/1749/1701
f 1891/1706/1661 1893/1708/1663 1934/1749/1701
f 1934/1749/1701 1893/1708/1663 1932/1747/1699
f 1893/1708/1663 1895/1710/1665 1932/1747/1699
f 1932/1747/1699 1895/1710/1665 1926/1741/1693
f 1895/1710/1665 1897/1712/1667 1926/1741/1693
f 1926/1741/1693 1897/1712/1667 1924/1739/1691
f 1897/1712/1667 1899/1714/1669 1924/1739/1691
f 1924/1739/1691 1899/1714/1669 1922/1737/1689
f 1899/1714/1669 1901/1716/1671 1922/1737/1689
f 1922/1737/1689 1901/1716/1671 1919/1734/1686
f 1901/1716/1671 1903/1718/1673 1919/1734/1686
f 1944/1759/1709 1945/1760/1710 1946/1761/1711
f 1947/1762/1712 1944/1759/1709 1946/1761/1711
f 1946/1761/1711 1945/1760/1710 1948/1763/1713
f 1945/1760/1710 1949/1764/1714 1948/1763/1713
f 1948/1763/1713 1949/1764/1714 1950/1765/1715
f 1949/1764/1714 1951/1766/1716 1950/1765/1715
f 1950/1765/1715 1951/1766/1716 1952/1767/1717
f 1951/1766/1716 1953/1768/1718 1952/1767/1717
f 1952/1767/1717 1953/1768/1718 1954/1769/1719
f 1953/1768/1718 1955/1770/1720 1954/1769/1719
f 1954/1769/1719 1955/1770/1720 1956/1771/1721
f 1955/1770/1720 1957/1772/1722 1956/1771/1721
f 1944/1759/1709 1958/1773/1723 1945/1760/1710
f 1958/1773/1723 1959/1774/1724 1945/1760/1710
f 1945/1760/1710 1959/1774/1724 1949/1764/1714
f 1958/1773/1723 1960/1775/1725 1959/1774/1724
f 1960/1775/1725 1961/1776/1726 1959/1774/1724
f 1959/1774/1724 1961/1776/1726 1962/1777/1727
f 1959/1774/1724 1962/1777/1727 1949/1764/1714
f 1949/1764/1714 1962/1777/1727 1951/1766/1716
f 1961/1776/1726 1963/1778/1728 1962/1777/1727
f 1962/1777/1727 1963/1778/1728 1964/1779/1729
f 1962/1777/1727 1964/1779/1729 1951/1766/1716
f 1951/1766/1716 1964/1779/1729 1953/1768/1718
f 1963/1778/1728 1965/1780/1730 1964/1779/1729
f 1964/1779/1729 1965/1780/1730 1966/1781/1731
f 1964/1779/1729 1966/1781/1731 1953/1768/1718
f 1953/1768/1718 1966/1781/1731 1955/1770/1720
f 1965/1780/1730 1967/1782/1732 1966/1781/1731
f 1966/1781/1731 1967/1782/1732 1968/1783/1733
f 1966/1781/1731 1968/1783/1733 1955/1770/1720
f 1955/1770/1720 1968/1783/1733 1957/1772/1722
f 1967/1782/1732 1969/1784/1734 1968/1783/1733
f 1968/1783/1733 1969/1784/1734 1970/1785/1735
f 1968/1783/1733 1970/1785/1735 1957/1772/1722
f 1969/1784/1734 1971/1786/1736 1970/1785/1735
f 1972/1787/1737 1960/1775/1725 1958/1773/1723
f 1973/1788/1738 1972/1787/1737 1958/1773/1723
f 1974/1789/1739 1972/1787/1737 1973/1788/1738
f 1975/1790/1740 1974/1789/1739 1973/1788/1738
f 1976/1791/1741 1974/1789/1739 1975/1790/1740
f 1977/1792/1742 1976/1791/1741 1975/1790/1740
f 1978/1793/1743 1976/1791/1741 1977/1792/1742
f 1979/1794/1744 1978/1793/1743 1977/1792/1742
f 1980/1795/1745 1978/1793/1743 1979/1794/1744
f 1981/1796/1746 1980/1795/1745 1979/1794/1744
f 1982/1797/1736 1980/1795/1745 1981/1796/1746
f 1983/1798/1735 1982/1797/1736 1981/1796/1746
f 1983/1798/1735 1981/1796/1746 1984/1799/1747
f 1985/1800/1722 1983/1798/1735 1984/1799/1747
f 1985/1800/1722 1984/1799/1747 1986/1801/1748
f 1987/1802/1721 1985/1800/1722 1986/1801/1748
f 1986/1801/1748 1984/1799/1747 1988/1803/1749
f 1984/1799/1747 1989/1804/1750 1988/1803/1749
f 1981/1796/1746 1979/1794/1744 1989/1804/1750
f 1984/1799/1747 1981/1796/1746 1989/1804/1750
f 1988/1803/1749 1989/1804/1750 1990/1805/1751
f 1989/1804/1750 1991/1806/1752 1990/1805/1751
f 1979/1794/1744 1977/1792/1742 1991/1806/1752
f 1989/1804/1750 1979/1794/1744 1991/1806/1752
f 1990/1805/1751 1991/1806/1752 1992/1807/1753
f 1991/1806/1752 1993/1808/1754 1992/1807/1753
f 1992/1807/1753 1993/1808/1754 1994/1809/1755
f 1993/1808/1754 1995/1810/1756 1994/1809/1755
f 1994/1809/1755 1995/1810/1756 1996/1811/1712
f 1995/1810/1756 1997/1812/1709 1996/1811/1712
f 1991/1806/1752 1977/1792/1742 1993/1808/1754
f 1977/1792/1742 1975/1790/1740 1993/1808/1754
f 1993/1808/1754 1975/1790/1740 1995/1810/1756
f 1975/1790/1740 1973/1788/1738 1995/1810/1756
f 1995/1810/1756 1973/1788/1738 1997/1812/1709
f 1973/1788/1738 1958/1773/1723 1997/1812/1709
f 1987/1802/1721 1986/1801/1748 1998/1813/1757
f 1999/1814/1758 1987/1802/1721 1998/1813/1757
f 1986/1801/1748 1988/1803/1749 1998/1813/1757
f 1998/1813/1757 1988/1803/1749 2000/1815/1759
f 1988/1803/1749 1990/1805/1751 2000/1815/1759
f 1994/1809/1755 1996/1811/1712 2001/1816/1760
f 2002/1817/1761 1994/1809/1755 2001/1816/1760
f 1990/1805/1751 1992/1807/1753 2002/1817/1761
f 2003/1818/1759 1990/1805/1751 2002/1817/1761
f 1992/1807/1753 1994/1809/1755 2002/1817/1761
f 1998/1813/1757 2000/1815/1759 2004/1819/1762
f 1999/1814/1758 1998/1813/1757 2004/1819/1762
f 2002/1817/1761 2001/1816/1760 2005/1820/1762
f 2003/1818/1759 2002/1817/1761 2005/1820/1762
f 1883/1698/1653 2006/1821/1763 1890/1705/1660
f 1890/1705/1660 2006/1821/1763 1892/1707/1662
f 2006/1821/1763 2007/1822/1764 1892/1707/1662
f 1892/1707/1662 2007/1822/1764 1894/1709/1664
f 2007/1822/1764 2008/1823/1765 1894/1709/1664
f 1894/1709/1664 2008/1823/1765 1896/1711/1666
f 2008/1823/1765 2009/1824/1766 1896/1711/1666
f 1896/1711/1666 2009/1824/1766 1898/1713/1668
f 2009/1824/1766 1911/1726/1679 1898/1713/1668
f 1883/1698/1653 1880/1695/1652 2006/1821/1763
f 1880/1695/1652 1877/1692/1651 2006/1821/1763
f 2006/1821/1763 1877/1692/1651 2007/1822/1764
f 1877/1692/1651 1875/1690/1650 2007/1822/1764
f 2007/1822/1764 1875/1690/1650 2008/1823/1765
f 1875/1690/1650 1873/1688/1649 2008/1823/1765
f 2008/1823/1765 1873/1688/1649 2009/1824/1766
f 1873/1688/1649 1871/1686/1648 2009/1824/1766
f 2009/1824/1766 1871/1686/1648 1911/1726/1679
f 1871/1686/1648 1869/1684/1647 1911/1726/1679
f 1911/1726/1679 1869/1684/1647 1912/1727/1680
f 1869/1684/1647 1863/1678/1644 1912/1727/1680
f 1912/1727/1680 1863/1678/1644 1913/1728/1681
f 1863/1678/1644 1862/1677/1643 1913/1728/1681
f 1913/1728/1681 1862/1677/1643 1914/1729/1682
f 1862/1677/1643 1859/1674/1642 1914/1729/1682
f 1914/1729/1682 1859/1674/1642 1915/1730/1683
f 1859/1674/1642 1858/1673/1641 1915/1730/1683
f 1915/1730/1683 1858/1673/1641 1916/1731/1684
f 1858/1673/1641 1866/1681/1645 1916/1731/1684
f 1916/1731/1684 1866/1681/1645 1917/1732/1654
f 1866/1681/1645 1868/1683/1646 1917/1732/1654
f 1918/1733/1685 1905/1720/1675 1929/1744/1696
f 1927/1742/1694 1925/1740/1692 1961/1776/1726
f 1960/1775/1725 1927/1742/1694 1961/1776/1726
f 1961/1776/1726 1925/1740/1692 1963/1778/1728
f 1925/1740/1692 1923/1738/1690 1963/1778/1728
f 1963/1778/1728 1923/1738/1690 1965/1780/1730
f 1923/1738/1690 1921/1736/1688 1965/1780/1730
f 1965/1780/1730 1921/1736/1688 1967/1782/1732
f 1921/1736/1688 1920/1735/1687 1967/1782/1732
f 1967/1782/1732 1920/1735/1687 1969/1784/1734
f 1920/1735/1687 1928/1743/1695 1969/1784/1734
f 1969/1784/1734 1928/1743/1695 1971/1786/1736
f 1928/1743/1695 1930/1745/1697 1971/1786/1736
f 1933/1748/1700 1927/1742/1694 1960/1775/1725
f 1972/1787/1737 1933/1748/1700 1960/1775/1725
f 1935/1750/1702 1933/1748/1700 1972/1787/1737
f 1974/1789/1739 1935/1750/1702 1972/1787/1737
f 1937/1752/1704 1935/1750/1702 1974/1789/1739
f 1976/1791/1741 1937/1752/1704 1974/1789/1739
f 1939/1754/1706 1937/1752/1704 1976/1791/1741
f 1978/1793/1743 1939/1754/1706 1976/1791/1741
f 1941/1756/1708 1939/1754/1706 1978/1793/1743
f 1980/1795/1745 1941/1756/1708 1978/1793/1743
f 1943/1758/1697 1941/1756/1708 1980/1795/1745
f 1982/1797/1736 1943/1758/1697 1980/1795/1745
f 1947/1762/1712 1946/1761/1711 2010/1825/1767
f 2011/1826/1760 1947/1762/1712 2010/1825/1767
f 1946/1761/1711 1948/1763/1713 2010/1825/1767
f 2010/1825/1767 1948/1763/1713 2012/1827/1768
f 1948/1763/1713 1950/1765/1715 2012/1827/1768
f 2013/1828/1762 2011/1826/1760 2010/1825/1767
f 2012/1827/1768 2013/1828/1762 2010/1825/1767
f 1950/1765/1715 1952/1767/1717 2014/1829/1769
f 2015/1830/1768 1950/1765/1715 2014/1829/1769
f 1952/1767/1717 1954/1769/1719 2014/1829/1769
f 2014/1829/1769 1954/1769/1719 2016/1831/1758
f 1954/1769/1719 1956/1771/1721 2016/1831/1758
f 2014/1829/1769 2016/1831/1758 2017/1832/1762
f 2015/1830/1768 2014/1829/1769 2017/1832/1762
f 2018/1833/1640 2019/1834/1465 2020/1835/1770
f 2021/1836/1771 2018/1833/1640 2020/1835/1770
f 2020/1835/1770 2019/1834/1465 2022/1837/1467
f 2023/1838/1772 2020/1835/1770 2022/1837/1467
f 2024/1839/1773 2023/1838/1772 2022/1837/1467
f 2025/1840/1469 2024/1839/1773 2022/1837/1467
f 2026/1841/1454 2018/1833/1640 2021/1836/1771
f 2027/1842/1774 2026/1841/1454 2021/1836/1771
f 2028/1843/1453 2026/1841/1454 2027/1842/1774
f 2029/1844/1775 2028/1843/1453 2027/1842/1774
f 2024/1839/1773 2025/1840/1469 2030/1845/1776
f 2025/1840/1469 2031/1846/1438 2030/1845/1776
f 2030/1845/1776 2031/1846/1438 2032/1847/1777
f 2031/1846/1438 2033/1848/1437 2032/1847/1777
f 2032/1847/1777 2033/1848/1437 2034/1849/1778
f 2033/1848/1437 2035/1850/1436 2034/1849/1778
f 2036/1851/1779 2034/1849/1778 2035/1850/1436
f 2037/1852/1440 2036/1851/1779 2035/1850/1436
f 2038/1853/1780 2036/1851/1779 2037/1852/1440
f 2039/1854/1449 2038/1853/1780 2037/1852/1440
f 2038/1853/1780 2039/1854/1449 2040/1855/1450
f 2041/1856/1781 2038/1853/1780 2040/1855/1450
f 2041/1856/1781 2040/1855/1450 2042/1857/1775
f 2040/1855/1450 2043/1858/1453 2042/1857/1775
f 2041/1856/1781 2042/1857/1775 2044/1859/1782
f 2042/1857/1775 2045/1860/1783 2044/1859/1782
f 2044/1859/1782 2045/1860/1783 2046/1861/1784
f 2045/1860/1783 2047/1862/1785 2046/1861/1784
f 2046/1861/1784 2047/1862/1785 2048/1863/1786
f 2047/1862/1785 2049/1864/1787 2048/1863/1786
f 2046/1861/1784 2048/1863/1786 2050/1865/1788
f 2051/1866/1789 2046/1861/1784 2050/1865/1788
f 2044/1859/1782 2046/1861/1784 2051/1866/1789
f 2051/1866/1789 2050/1865/1788 2052/1867/1790
f 2053/1868/1791 2051/1866/1789 2052/1867/1790
f 2053/1868/1791 2052/1867/1790 2054/1869/1792
f 2055/1870/1793 2053/1868/1791 2054/1869/1792
f 2055/1870/1793 2054/1869/1792 2056/1871/1794
f 2057/1872/1795 2055/1870/1793 2056/1871/1794
f 2057/1872/1795 2056/1871/1794 2058/1873/1796
f 2059/1874/1797 2057/1872/1795 2058/1873/1796
f 2059/1874/1797 2058/1873/1796 2060/1875/1798
f 2061/1876/1799 2059/1874/1797 2060/1875/1798
f 2061/1876/1799 2060/1875/1798 2062/1877/1800
f 2063/1878/1801 2061/1876/1799 2062/1877/1800
f 2063/1878/1801 2062/1877/1800 2064/1879/1802
f 2065/1880/1803 2063/1878/1801 2064/1879/1802
f 2065/1880/1803 2064/1879/1802 2066/1881/1804
f 2067/1882/1805 2065/1880/1803 2066/1881/1804
f 2067/1882/1805 2066/1881/1804 2068/1883/1806
f 2069/1884/1807 2067/1882/1805 2068/1883/1806
f 2069/1884/1807 2068/1883/1806 2070/1885/1787
f 2071/1886/1785 2069/1884/1807 2070/1885/1787
f 2072/1887/1808 2059/1874/1797 2061/1876/1799
f 2073/1888/1809 2072/1887/1808 2061/1876/1799
f 2073/1888/1809 2061/1876/1799 2063/1878/1801
f 2074/1889/1810 2073/1888/1809 2063/1878/1801
f 2074/1889/1810 2063/1878/1801 2065/1880/1803
f 2075/1890/1811 2074/1889/1810 2065/1880/1803
f 2075/1890/1811 2065/1880/1803 2067/1882/1805
f 2076/1891/1812 2075/1890/1811 2067/1882/1805
f 2076/1891/1812 2067/1882/1805 2069/1884/1807
f 2077/1892/1813 2076/1891/1812 2069/1884/1807
f 2077/1892/1813 2069/1884/1807 2071/1886/1785
f 2078/1893/1783 2077/1892/1813 2071/1886/1785
f 2066/1881/1804 2064/1879/1802 2079/1894/1814
f 2064/1879/1802 2080/1895/1815 2079/1894/1814
f 2079/1894/1814 2080/1895/1815 2081/1896/1816
f 2080/1895/1815 2082/1897/1817 2081/1896/1816
f 2080/1895/1815 2083/1898/1818 2082/1897/1817
f 2083/1898/1818 2084/1899/1819 2082/1897/1817
f 2083/1898/1818 2085/1900/1820 2084/1899/1819
f 2085/1900/1820 2086/1901/1821 2084/1899/1819
f 2085/1900/1820 2087/1902/1822 2086/1901/1821
f 2087/1902/1822 2088/1903/1823 2086/1901/1821
f 2079/1894/1814 2081/1896/1816 2089/1904/1824
f 2090/1905/1825 2079/1894/1814 2089/1904/1824
f 2090/1905/1825 2089/1904/1824 2091/1906/1826
f 2092/1907/1827 2090/1905/1825 2091/1906/1826
f 2087/1902/1822 2093/1908/1828 2088/1903/1823
f 2093/1908/1828 2094/1909/1829 2088/1903/1823
f 2093/1908/1828 2095/1910/1830 2094/1909/1829
f 2095/1910/1830 2096/1911/1831 2094/1909/1829
f 2095/1910/1830 2097/1912/1832 2096/1911/1831
f 2097/1912/1832 2098/1913/1833 2096/1911/1831
f 2097/1912/1832 2099/1914/1834 2098/1913/1833
f 2099/1914/1834 2100/1915/1835 2098/1913/1833
f 2099/1914/1834 2101/1916/1836 2100/1915/1835
f 2101/1916/1836 2102/1917/1837 2100/1915/1835
f 2101/1916/1836 2103/1918/1827 2102/1917/1837
f 2103/1918/1827 2104/1919/1826 2102/1917/1837
f 2068/1883/1806 2090/1905/1825 2092/1907/1827
f 2068/1883/1806 2066/1881/1804 2090/1905/1825
f 2070/1885/1787 2068/1883/1806 2092/1907/1827
f 2049/1864/1787 2103/1918/1827 2101/1916/1836
f 2048/1863/1786 2049/1864/1787 2101/1916/1836
f 2048/1863/1786 2101/1916/1836 2099/1914/1834
f 2050/1865/1788 2048/1863/1786 2099/1914/1834
f 2050/1865/1788 2099/1914/1834 2097/1912/1832
f 2052/1867/1790 2050/1865/1788 2097/1912/1832
f 2052/1867/1790 2097/1912/1832 2095/1910/1830
f 2054/1869/1792 2052/1867/1790 2095/1910/1830
f 2054/1869/1792 2095/1910/1830 2093/1908/1828
f 2056/1871/1794 2054/1869/1792 2093/1908/1828
f 2056/1871/1794 2093/1908/1828 2087/1902/1822
f 2058/1873/1796 2056/1871/1794 2087/1902/1822
f 2058/1873/1796 2087/1902/1822 2085/1900/1820
f 2060/1875/1798 2058/1873/1796 2085/1900/1820
f 2060/1875/1798 2085/1900/1820 2083/1898/1818
f 2062/1877/1800 2060/1875/1798 2083/1898/1818
f 2062/1877/1800 2083/1898/1818 2080/1895/1815
f 2064/1879/1802 2062/1877/1800 2080/1895/1815
f 2105/1920/1838 2106/1921/1839 2107/1922/1840
f 2108/1923/1841 2105/1920/1838 2107/1922/1840
f 2108/1923/1841 2107/1922/1840 2109/1924/1842
f 2110/1925/1843 2108/1923/1841 2109/1924/1842
f 2110/1925/1843 2109/1924/1842 2111/1926/1844
f 2112/1927/1845 2110/1925/1843 2111/1926/1844
f 2112/1927/1845 2111/1926/1844 2113/1928/1846
f 2114/1929/1847 2112/1927/1845 2113/1928/1846
f 2114/1929/1847 2113/1928/1846 2115/1930/1848
f 2116/1931/1849 2114/1929/1847 2115/1930/1848
f 2116/1931/1849 2115/1930/1848 2117/1932/1850
f 2118/1933/1851 2116/1931/1849 2117/1932/1850
f 2119/1934/1852 2105/1920/1838 2108/1923/1841
f 2120/1935/1853 2119/1934/1852 2108/1923/1841
f 2120/1935/1853 2108/1923/1841 2110/1925/1843
f 2121/1936/1854 2119/1934/1852 2120/1935/1853
f 2122/1937/1855 2121/1936/1854 2120/1935/1853
f 2122/1937/1855 2120/1935/1853 2123/1938/1856
f 2123/1938/1856 2120/1935/1853 2110/1925/1843
f 2123/1938/1856 2110/1925/1843 2112/1927/1845
f 2124/1939/1857 2122/1937/1855 2123/1938/1856
f 2124/1939/1857 2123/1938/1856 2125/1940/1858
f 2125/1940/1858 2123/1938/1856 2112/1927/1845
f 2125/1940/1858 2112/1927/1845 2114/1929/1847
f 2126/1941/1859 2124/1939/1857 2125/1940/1858
f 2126/1941/1859 2125/1940/1858 2127/1942/1860
f 2127/1942/1860 2125/1940/1858 2114/1929/1847
f 2127/1942/1860 2114/1929/1847 2116/1931/1849
f 2128/1943/1861 2126/1941/1859 2127/1942/1860
f 2128/1943/1861 2127/1942/1860 2129/1944/1862
f 2129/1944/1862 2127/1942/1860 2116/1931/1849
f 2129/1944/1862 2116/1931/1849 2118/1933/1851
f 2130/1945/1863 2128/1943/1861 2129/1944/1862
f 2130/1945/1863 2129/1944/1862 2131/1946/1864
f 2131/1946/1864 2129/1944/1862 2118/1933/1851
f 2132/1947/1865 2130/1945/1863 2131/1946/1864
f 2121/1936/1854 2133/1948/1866 2119/1934/1852
f 2133/1948/1866 2134/1949/1867 2119/1934/1852
f 2133/1948/1866 2135/1950/1868 2134/1949/1867
f 2135/1950/1868 2136/1951/1869 2134/1949/1867
f 2135/1950/1868 2137/1952/1870 2136/1951/1869
f 2137/1952/1870 2138/1953/1871 2136/1951/1869
f 2137/1952/1870 2139/1954/1872 2138/1953/1871
f 2139/1954/1872 2140/1955/1873 2138/1953/1871
f 2139/1954/1872 2141/1956/1874 2140/1955/1873
f 2141/1956/1874 2142/1957/1875 2140/1955/1873
f 2141/1956/1874 2143/1958/1865 2142/1957/1875
f 2143/1958/1865 2144/1959/1864 2142/1957/1875
f 2142/1957/1875 2144/1959/1864 2145/1960/1876
f 2144/1959/1864 2146/1961/1851 2145/1960/1876
f 2145/1960/1876 2146/1961/1851 2147/1962/1877
f 2146/1961/1851 2148/1963/1850 2147/1962/1877
f 2145/1960/1876 2147/1962/1877 2149/1964/1878
f 2150/1965/1879 2145/1960/1876 2149/1964/1878
f 2142/1957/1875 2145/1960/1876 2150/1965/1879
f 2140/1955/1873 2142/1957/1875 2150/1965/1879
f 2150/1965/1879 2149/1964/1878 2151/1966/1880
f 2152/1967/1881 2150/1965/1879 2151/1966/1880
f 2140/1955/1873 2150/1965/1879 2152/1967/1881
f 2138/1953/1871 2140/1955/1873 2152/1967/1881
f 2152/1967/1881 2151/1966/1880 2153/1968/1882
f 2154/1969/1883 2152/1967/1881 2153/1968/1882
f 2154/1969/1883 2153/1968/1882 2155/1970/1884
f 2156/1971/1885 2154/1969/1883 2155/1970/1884
f 2156/1971/1885 2155/1970/1884 2157/1972/1839
f 2158/1973/1838 2156/1971/1885 2157/1972/1839
f 2138/1953/1871 2152/1967/1881 2154/1969/1883
f 2136/1951/1869 2138/1953/1871 2154/1969/1883
f 2136/1951/1869 2154/1969/1883 2156/1971/1885
f 2134/1949/1867 2136/1951/1869 2156/1971/1885
f 2134/1949/1867 2156/1971/1885 2158/1973/1838
f 2119/1934/1852 2134/1949/1867 2158/1973/1838
f 2147/1962/1877 2148/1963/1850 2159/1974/1886
f 2149/1964/1878 2147/1962/1877 2159/1974/1886
f 2149/1964/1878 2159/1974/1886 2160/1975/1887
f 2151/1966/1880 2149/1964/1878 2160/1975/1887
f 2153/1968/1882 2151/1966/1880 2161/1976/1888
f 2155/1970/1884 2153/1968/1882 2161/1976/1888
f 2151/1966/1880 2162/1977/1887 2161/1976/1888
f 2155/1970/1884 2161/1976/1888 2163/1978/1889
f 2157/1972/1839 2155/1970/1884 2163/1978/1889
f 2160/1975/1887 2159/1974/1886 2164/1979/1890
f 2159/1974/1886 2165/1980/1891 2164/1979/1890
f 2148/1963/1850 2165/1980/1891 2159/1974/1886
f 2161/1976/1888 2162/1977/1887 2166/1981/1890
f 2163/1978/1889 2161/1976/1888 2166/1981/1890
f 2167/1982/1892 2044/1859/1782 2051/1866/1789
f 2167/1982/1892 2051/1866/1789 2053/1868/1791
f 2168/1983/1893 2167/1982/1892 2053/1868/1791
f 2168/1983/1893 2053/1868/1791 2055/1870/1793
f 2169/1984/1894 2168/1983/1893 2055/1870/1793
f 2169/1984/1894 2055/1870/1793 2057/1872/1795
f 2170/1985/1895 2169/1984/1894 2057/1872/1795
f 2170/1985/1895 2057/1872/1795 2059/1874/1797
f 2072/1887/1808 2170/1985/1895 2059/1874/1797
f 2041/1856/1781 2044/1859/1782 2167/1982/1892
f 2038/1853/1780 2041/1856/1781 2167/1982/1892
f 2038/1853/1780 2167/1982/1892 2168/1983/1893
f 2036/1851/1779 2038/1853/1780 2168/1983/1893
f 2036/1851/1779 2168/1983/1893 2169/1984/1894
f 2034/1849/1778 2036/1851/1779 2169/1984/1894
f 2034/1849/1778 2169/1984/1894 2170/1985/1895
f 2032/1847/1777 2034/1849/1778 2170/1985/1895
f 2032/1847/1777 2170/1985/1895 2072/1887/1808
f 2030/1845/1776 2032/1847/1777 2072/1887/1808
f 2030/1845/1776 2072/1887/1808 2073/1888/1809
f 2024/1839/1773 2030/1845/1776 2073/1888/1809
f 2024/1839/1773 2073/1888/1809 2074/1889/1810
f 2023/1838/1772 2024/1839/1773 2074/1889/1810
f 2023/1838/1772 2074/1889/1810 2075/1890/1811
f 2020/1835/1770 2023/1838/1772 2075/1890/1811
f 2020/1835/1770 2075/1890/1811 2076/1891/1812
f 2021/1836/1771 2020/1835/1770 2076/1891/1812
f 2021/1836/1771 2076/1891/1812 2077/1892/1813
f 2027/1842/1774 2021/1836/1771 2077/1892/1813
f 2027/1842/1774 2077/1892/1813 2078/1893/1783
f 2029/1844/1775 2027/1842/1774 2078/1893/1783
f 2066/1881/1804 2079/1894/1814 2090/1905/1825
f 2088/1903/1823 2121/1936/1854 2122/1937/1855
f 2086/1901/1821 2088/1903/1823 2122/1937/1855
f 2086/1901/1821 2122/1937/1855 2124/1939/1857
f 2084/1899/1819 2086/1901/1821 2124/1939/1857
f 2084/1899/1819 2124/1939/1857 2126/1941/1859
f 2082/1897/1817 2084/1899/1819 2126/1941/1859
f 2082/1897/1817 2126/1941/1859 2128/1943/1861
f 2081/1896/1816 2082/1897/1817 2128/1943/1861
f 2081/1896/1816 2128/1943/1861 2130/1945/1863
f 2089/1904/1824 2081/1896/1816 2130/1945/1863
f 2089/1904/1824 2130/1945/1863 2132/1947/1865
f 2091/1906/1826 2089/1904/1824 2132/1947/1865
f 2088/1903/1823 2094/1909/1829 2121/1936/1854
f 2094/1909/1829 2133/1948/1866 2121/1936/1854
f 2094/1909/1829 2096/1911/1831 2133/1948/1866
f 2096/1911/1831 2135/1950/1868 2133/1948/1866
f 2096/1911/1831 2098/1913/1833 2135/1950/1868
f 2098/1913/1833 2137/1952/1870 2135/1950/1868
f 2098/1913/1833 2100/1915/1835 2137/1952/1870
f 2100/1915/1835 2139/1954/1872 2137/1952/1870
f 2100/1915/1835 2102/1917/1837 2139/1954/1872
f 2102/1917/1837 2141/1956/1874 2139/1954/1872
f 2102/1917/1837 2104/1919/1826 2141/1956/1874
f 2104/1919/1826 2143/1958/1865 2141/1956/1874
f 2106/1921/1839 2171/1986/1889 2172/1987/1896
f 2107/1922/1840 2106/1921/1839 2172/1987/1896
f 2109/1924/1842 2107/1922/1840 2172/1987/1896
f 2109/1924/1842 2172/1987/1896 2173/1988/1897
f 2111/1926/1844 2109/1924/1842 2173/1988/1897
f 2174/1989/1890 2173/1988/1897 2172/1987/1896
f 2171/1986/1889 2174/1989/1890 2172/1987/1896
f 2111/1926/1844 2175/1990/1897 2176/1991/1898
f 2113/1928/1846 2111/1926/1844 2176/1991/1898
f 2115/1930/1848 2113/1928/1846 2176/1991/1898
f 2115/1930/1848 2176/1991/1898 2177/1992/1891
f 2117/1932/1850 2115/1930/1848 2177/1992/1891
f 2176/1991/1898 2175/1990/1897 2178/1993/1890
f 2177/1992/1891 2176/1991/1898 2178/1993/1890
f 1586/1401/1384 1584/1399/1382 1653/1468/1443
f 1615/1430/1408 1586/1401/1384 1653/1468/1443
f 1584/1399/1382 1578/1393/1376 1653/1468/1443
f 1603/1418/1398 1586/1401/1384 1615/1430/1408
f 1611/1426/1404 1603/1418/1398 1615/1430/1408
f 2179/1994/1899 2180/1995/1900 2181/1996/1901
f 2182/1997/1902 2179/1994/1899 2181/1996/1901
f 2179/1994/1899 2183/1998/1903 2180/1995/1900
f 2183/1998/1903 2184/1999/1904 2180/1995/1900
f 2184/1999/1904 2185/2000/1905 2180/1995/1900
f 2186/2001/1906 2181/1996/1901 2180/1995/1900
f 2185/2000/1905 2186/2001/1906 2180/1995/1900
f 2186/2001/1906 2185/2000/1905 2187/2002/1907
f 2185/2000/1905 2188/2003/1908 2187/2002/1907
f 2185/2000/1905 2184/1999/1904 2188/2003/1908
f 2184/1999/1904 2189/2004/1909 2188/2003/1908
f 2189/2004/1909 2190/2005/916 2188/2003/1908
f 2190/2005/916 2191/2006/917 2188/2003/1908
f 2192/2007/918 2187/2002/1907 2188/2003/1908
f 2191/2006/917 2192/2007/918 2188/2003/1908
f 2183/1998/1903 2179/1994/1899 2193/2008/1910
f 2194/2009/1911 2183/1998/1903 2193/2008/1910
f 2195/2010/1912 2194/2009/1911 2193/2008/1910
f 2194/2009/1911 2195/2010/1912 2196/2011/1913
f 2197/2012/1914 2194/2009/1911 2196/2011/1913
f 2198/2013/927 2197/2012/1914 2196/2011/1913
f 2199/2014/929 2198/2013/927 2196/2011/1913
f 2200/2015/930 2199/2014/929 2196/2011/1913
f 2201/2016/1915 2200/2015/930 2196/2011/1913
f 2201/2016/1915 2196/2011/1913 2195/2010/1912
f 2202/2017/1916 2201/2016/1915 2195/2010/1912
f 2202/2017/1916 2195/2010/1912 2193/2008/1910
f 2203/2018/1917 2202/2017/1916 2193/2008/1910
f 2203/2018/1917 2193/2008/1910 2179/1994/1899
f 2182/1997/1902 2203/2018/1917 2179/1994/1899
f 2198/2013/927 2204/2019/924 2197/2012/1914
f 2204/2019/924 2205/2020/1918 2197/2012/1914
f 2194/2009/1911 2197/2012/1914 2205/2020/1918
f 2205/2020/1918 2204/2019/924 2189/2004/1909
f 2204/2019/924 2190/2005/916 2189/2004/1909
f 2205/2020/1918 2189/2004/1909 2184/1999/1904
f 2183/1998/1903 2205/2020/1918 2184/1999/1904
f 2183/1998/1903 2194/2009/1911 2205/2020/1918
f 2200/2015/930 2201/2016/1915 2206/2021/903
f 2201/2016/1915 2207/2022/1919 2206/2021/903
f 2201/2016/1915 2202/2017/1916 2207/2022/1919
f 2202/2017/1916 2208/2023/1920 2207/2022/1919
f 2202/2017/1916 2203/2018/1917 2208/2023/1920
f 1028/843/868 2207/2022/1919 2208/2023/1920
f 2206/2021/903 2207/2022/1919 1028/843/868
f 1026/841/866 1028/843/868 2208/2023/1920
f 1030/845/870 2206/2021/903 1028/843/868
f 2203/2018/1917 2209/2024/1921 2208/2023/1920
f 2203/2018/1917 2182/1997/1902 2209/2024/1921
f 1026/841/866 2208/2023/1920 2209/2024/1921
f 2182/1997/1902 2210/2025/1922 2209/2024/1921
f 2210/2025/1922 2182/1997/1902 2211/2026/1923
f 2182/1997/1902 2181/1996/1901 2211/2026/1923
f 2212/2027/1924 2211/2026/1923 2181/1996/1901
f 2186/2001/1906 2212/2027/1924 2181/1996/1901
f 2212/2027/1924 1015/830/855 2211/2026/1923
f 1015/830/855 1014/829/854 2211/2026/1923
f 2210/2025/1922 2211/2026/1923 1014/829/854
f 1018/833/858 2210/2025/1922 1014/829/854
f 2212/2027/1924 2186/2001/1906 2213/2028/1925
f 2186/2001/1906 2187/2002/1907 2213/2028/1925
f 2214/2029/934 2213/2028/1925 2187/2002/1907
f 2192/2007/918 2214/2029/934 2187/2002/1907
f 2214/2029/934 1023/838/863 2213/2028/1925
f 1023/838/863 1021/836/861 2213/2028/1925
f 2212/2027/1924 2213/2028/1925 1021/836/861
f 1015/830/855 2212/2027/1924 1021/836/861
f 1018/833/858 1024/839/864 2210/2025/1922
f 1024/839/864 2209/2024/1921 2210/2025/1922
f 1024/839/864 1026/841/866 2209/2024/1921
f 1096/911/930 1069/884/903 1070/885/904
f 1448/1263/1265 1435/1250/1252 1420/1235/1237
f 1421/1236/1238 1448/1263/1265 1420/1235/1237
f 1448/1263/1265 1421/1236/1238 1424/1239/1241
f 1449/1264/1266 1448/1263/1265 1424/1239/1241
f 1449/1264/1266 1424/1239/1241 1426/1241/1243
f 1452/1267/1269 1449/1264/1266 1426/1241/1243
f 1452/1267/1269 1426/1241/1243 1453/1268/1270
f 1426/1241/1243 1429/1244/1246 1453/1268/1270
f 1453/1268/1270 1429/1244/1246 1456/1271/1273
f 1429/1244/1246 1433/1248/1250 1456/1271/1273
f 1456/1271/1273 1433/1248/1250 2215/2030/1926
f 1793/1608/1579 2215/2030/1926 1433/1248/1250
f 1432/1247/1249 1793/1608/1579 1433/1248/1250
f 2215/2030/1926 1793/1608/1579 1791/1606/1577
f 2215/2030/1926 1791/1606/1577 2216/2031/1927
f 2217/2032/1928 2215/2030/1926 2216/2031/1927
f 2217/2032/1928 1456/1271/1273 2215/2030/1926
f 1455/1270/1272 1456/1271/1273 2217/2032/1928
f 2218/2033/1929 1455/1270/1272 2217/2032/1928
f 2217/2032/1928 2216/2031/1927 2218/2033/1929
f 2216/2031/1927 1791/1606/1577 1787/1602/1573
f 2216/2031/1927 1787/1602/1573 2219/2034/1930
f 2216/2031/1927 2219/2034/1930 2218/2033/1929
f 1787/1602/1573 1788/1603/1574 2219/2034/1930
f 1788/1603/1574 1733/1548/1519 2219/2034/1930
f 1733/1548/1519 2220/2035/1931 2219/2034/1930
f 2219/2034/1930 2220/2035/1931 2218/2033/1929
f 2220/2035/1931 1733/1548/1519 1730/1545/1516
f 1730/1545/1516 2221/2036/1932 2220/2035/1931
f 2221/2036/1932 2222/2037/1933 2220/2035/1931
f 2220/2035/1931 2222/2037/1933 2218/2033/1929
f 2222/2037/1933 2221/2036/1932 1720/1535/1506
f 1719/1534/1505 1720/1535/1506 2221/2036/1932
f 1723/1538/1509 1719/1534/1505 2221/2036/1932
f 2221/2036/1932 1730/1545/1516 1723/1538/1509
f 1722/1537/1508 2222/2037/1933 1720/1535/1506
f 2218/2033/1929 2222/2037/1933 1722/1537/1508
f 1455/1270/1272 2218/2033/1929 1722/1537/1508
f 1565/1380/1363 1574/1389/1372 1555/1370/1356
f 2223/2038/953 2224/2039/952 2225/2040/1934
f 2226/2041/1935 2223/2038/953 2225/2040/1934
f 2227/2042/957 2223/2038/953 2226/2041/1935
f 2228/2043/1936 2227/2042/957 2226/2041/1935
f 2229/2044/963 2227/2042/957 2228/2043/1936
f 2230/2045/1937 2229/2044/963 2228/2043/1936
f 2229/2044/963 2230/2045/1937 2231/2046/967
f 2230/2045/1937 2232/2047/1938 2231/2046/967
f 2230/2045/1937 2228/2043/1936 2233/2048/1939
f 2233/2048/1939 2228/2043/1936 2226/2041/1935
f 2234/2049/1940 2230/2045/1937 2233/2048/1939
f 2232/2047/1938 2230/2045/1937 2234/2049/1940
f 2234/2049/1940 2233/2048/1939 2235/2050/1941
f 2236/2051/1942 2234/2049/1940 2235/2050/1941
f 2234/2049/1940 2236/2051/1942 2237/2052/1943
f 2237/2052/1943 2232/2047/1938 2234/2049/1940
f 2236/2051/1942 2238/2053/1944 2237/2052/1943
f 2232/2047/1938 2237/2052/1943 2238/2053/1944
f 2236/2051/1942 2239/2054/1945 2238/2053/1944
f 2239/2054/1945 2240/2055/1946 2238/2053/1944
f 2241/2056/1947 2239/2054/1945 2236/2051/1942
f 2235/2050/1941 2241/2056/1947 2236/2051/1942
f 2239/2054/1945 2241/2056/1947 2242/2057/1948
f 2243/2058/1949 2239/2054/1945 2242/2057/1948
f 2244/2059/1950 2240/2055/1946 2239/2054/1945
f 2243/2058/1949 2244/2059/1950 2239/2054/1945
f 2231/2046/967 2232/2047/1938 2245/2060/1951
f 2245/2060/1951 2232/2047/1938 2238/2053/1944
f 2245/2060/1951 2238/2053/1944 2240/2055/1946
f 2246/2061/973 2231/2046/967 2245/2060/1951
f 2246/2061/973 2245/2060/1951 2247/2062/976
f 2245/2060/1951 2248/2063/1952 2247/2062/976
f 2247/2062/976 2248/2063/1952 2249/2064/1066
f 2249/2064/1066 2248/2063/1952 2250/2065/1063
f 2248/2063/1952 2251/2066/1953 2250/2065/1063
f 2248/2063/1952 2245/2060/1951 2251/2066/1953
f 2250/2065/1063 2251/2066/1953 2252/2067/1954
f 2252/2067/1954 2251/2066/1953 2253/2068/1955
f 2254/2069/1956 2252/2067/1954 2253/2068/1955
f 2255/2070/1061 2250/2065/1063 2252/2067/1954
f 2256/2071/977 2247/2062/976 2249/2064/1066
f 2257/2072/1957 2253/2068/1955 2251/2066/1953
f 2258/2073/1958 2257/2072/1957 2251/2066/1953
f 2245/2060/1951 2258/2073/1958 2251/2066/1953
f 2254/2069/1956 2259/2074/1959 2252/2067/1954
f 2259/2074/1959 2260/2075/1960 2252/2067/1954
f 2252/2067/1954 2260/2075/1960 2255/2070/1061
f 2260/2075/1960 2259/2074/1959 2261/2076/1961
f 2262/2077/1962 2260/2075/1960 2261/2076/1961
f 2263/2078/1059 2260/2075/1960 2262/2077/1962
f 2260/2075/1960 2263/2078/1059 2255/2070/1061
f 2264/2079/1057 2263/2078/1059 2262/2077/1962
f 2264/2079/1057 2262/2077/1962 2265/2080/1963
f 2265/2080/1963 2262/2077/1962 2261/2076/1961
f 2266/2081/1058 2264/2079/1057 2265/2080/1963
f 2267/2082/1055 2266/2081/1058 2265/2080/1963
f 2268/2083/1964 2267/2082/1055 2265/2080/1963
f 2268/2083/1964 2265/2080/1963 2261/2076/1961
f 2257/2072/1957 2258/2073/1958 2240/2055/1946
f 2244/2059/1950 2257/2072/1957 2240/2055/1946
f 2258/2073/1958 2245/2060/1951 2240/2055/1946
f 2259/2074/1959 2269/2084/1965 2261/2076/1961
f 2269/2084/1965 2270/2085/1966 2261/2076/1961
f 2269/2084/1965 2271/2086/1083 2270/2085/1966
f 2271/2086/1083 2272/2087/1084 2270/2085/1966
f 2270/2085/1966 2272/2087/1084 2273/2088/1967
f 2267/2082/1055 2268/2083/1964 2273/2088/1967
f 2273/2088/1967 2268/2083/1964 2261/2076/1961
f 2270/2085/1966 2273/2088/1967 2261/2076/1961
f 2272/2087/1084 2274/2089/1085 2273/2088/1967
f 2274/2089/1085 2267/2082/1055 2273/2088/1967
f 2271/2086/1083 2269/2084/1965 2275/2090/1082
f 2269/2084/1965 2276/2091/1968 2275/2090/1082
f 2277/2092/1081 2275/2090/1082 2276/2091/1968
f 2278/2093/1969 2277/2092/1081 2276/2091/1968
f 2278/2093/1969 2276/2091/1968 2253/2068/1955
f 2276/2091/1968 2254/2069/1956 2253/2068/1955
f 2278/2093/1969 2279/2094/1970 2277/2092/1081
f 2279/2094/1970 2280/2095/1079 2277/2092/1081
f 2279/2094/1970 2281/2096/985 2280/2095/1079
f 2281/2096/985 2282/2097/984 2280/2095/1079
f 2253/2068/1955 2257/2072/1957 2278/2093/1969
f 2257/2072/1957 2283/2098/1971 2278/2093/1969
f 2284/2099/1972 2279/2094/1970 2278/2093/1969
f 2283/2098/1971 2284/2099/1972 2278/2093/1969
f 2279/2094/1970 2284/2099/1972 2281/2096/985
f 2284/2099/1972 2285/2100/986 2281/2096/985
f 2259/2074/1959 2254/2069/1956 2276/2091/1968
f 2269/2084/1965 2259/2074/1959 2276/2091/1968
f 2286/2101/989 2285/2100/986 2284/2099/1972
f 2287/2102/1973 2286/2101/989 2284/2099/1972
f 2287/2102/1973 2288/2103/1974 2286/2101/989
f 2288/2103/1974 2289/2104/990 2286/2101/989
f 2289/2104/990 2288/2103/1974 2290/2105/1975
f 2290/2105/1975 2288/2103/1974 2291/2106/1976
f 2288/2103/1974 2292/2107/1977 2291/2106/1976
f 2288/2103/1974 2287/2102/1973 2292/2107/1977
f 2291/2106/1976 2292/2107/1977 2293/2108/1978
f 2292/2107/1977 2294/2109/1979 2293/2108/1978
f 2294/2109/1979 2292/2107/1977 2295/2110/1980
f 2287/2102/1973 2295/2110/1980 2292/2107/1977
f 2296/2111/1981 2294/2109/1979 2295/2110/1980
f 2287/2102/1973 2284/2099/1972 2296/2111/1981
f 2295/2110/1980 2287/2102/1973 2296/2111/1981
f 2297/2112/1982 2294/2109/1979 2296/2111/1981
f 2298/2113/1983 2297/2112/1982 2296/2111/1981
f 2299/2114/1984 2293/2108/1978 2294/2109/1979
f 2297/2112/1982 2299/2114/1984 2294/2109/1979
f 2300/2115/992 2289/2104/990 2290/2105/1975
f 2300/2115/992 2290/2105/1975 2301/2116/1985
f 2302/2117/994 2300/2115/992 2301/2116/1985
f 2302/2117/994 2301/2116/1985 2303/2118/1986
f 2304/2119/996 2302/2117/994 2303/2118/1986
f 2299/2114/1984 2297/2112/1982 2242/2057/1948
f 2297/2112/1982 2243/2058/1949 2242/2057/1948
f 2244/2059/1950 2243/2058/1949 2297/2112/1982
f 2298/2113/1983 2244/2059/1950 2297/2112/1982
f 2257/2072/1957 2244/2059/1950 2298/2113/1983
f 2283/2098/1971 2257/2072/1957 2298/2113/1983
f 2284/2099/1972 2283/2098/1971 2298/2113/1983
f 2296/2111/1981 2284/2099/1972 2298/2113/1983
f 2304/2119/996 2303/2118/1986 2305/2120/1987
f 2306/2121/1988 2305/2120/1987 2303/2118/1986
f 2306/2121/1988 2303/2118/1986 2307/2122/1989
f 2303/2118/1986 2301/2116/1985 2307/2122/1989
f 2308/2123/1990 2306/2121/1988 2307/2122/1989
f 2308/2123/1990 2307/2122/1989 2309/2124/1991
f 2310/2125/1992 2308/2123/1990 2309/2124/1991
f 2311/2126/1993 2310/2125/1992 2309/2124/1991
f 2312/2127/1994 2311/2126/1993 2309/2124/1991
f 2311/2126/1993 2312/2127/1994 2313/2128/1995
f 2314/2129/1996 2311/2126/1993 2313/2128/1995
f 2315/2130/1997 2314/2129/1996 2313/2128/1995
f 2316/2131/1998 2315/2130/1997 2313/2128/1995
f 2315/2130/1997 2316/2131/1998 2317/2132/1999
f 2318/2133/2000 2315/2130/1997 2317/2132/1999
f 2319/2134/2001 2318/2133/2000 2317/2132/1999
f 2320/2135/2002 2319/2134/2001 2317/2132/1999
f 2321/2136/2003 2320/2135/2002 2317/2132/1999
f 2322/2137/2004 2320/2135/2002 2321/2136/2003
f 2323/2138/2005 2322/2137/2004 2321/2136/2003
f 2225/2040/1934 2323/2138/2005 2321/2136/2003
f 2324/2139/2006 2323/2138/2005 2225/2040/1934
f 2225/2040/1934 2224/2039/952 2324/2139/2006
f 2224/2039/952 2325/2140/1028 2324/2139/2006
f 2314/2129/1996 2315/2130/1997 2326/2141/1531
f 2327/2142/1533 2314/2129/1996 2326/2141/1531
f 2315/2130/1997 2318/2133/2000 2328/2143/1530
f 2326/2141/1531 2315/2130/1997 2328/2143/1530
f 2318/2133/2000 2319/2134/2001 2328/2143/1530
f 2319/2134/2001 2320/2135/2002 2329/2144/1521
f 2320/2135/2002 2322/2137/2004 2329/2144/1521
f 2330/2145/1522 2319/2134/2001 2329/2144/1521
f 2319/2134/2001 2330/2145/1522 2328/2143/1530
f 2322/2137/2004 2323/2138/2005 2331/2146/1511
f 2332/2147/1513 2322/2137/2004 2331/2146/1511
f 2322/2137/2004 2332/2147/1513 2329/2144/1521
f 2323/2138/2005 2324/2139/2006 2333/2148/1317
f 2331/2146/1511 2323/2138/2005 2333/2148/1317
f 2333/2148/1317 2324/2139/2006 2325/2140/1028
f 2334/2149/1034 2333/2148/1317 2325/2140/1028
f 2225/2040/1934 2321/2136/2003 2226/2041/1935
f 2321/2136/2003 2335/2150/2007 2226/2041/1935
f 2335/2150/2007 2233/2048/1939 2226/2041/1935
f 2235/2050/1941 2233/2048/1939 2335/2150/2007
f 2336/2151/2008 2235/2050/1941 2335/2150/2007
f 2336/2151/2008 2335/2150/2007 2321/2136/2003
f 2241/2056/1947 2235/2050/1941 2336/2151/2008
f 2337/2152/2009 2241/2056/1947 2336/2151/2008
f 2337/2152/2009 2338/2153/2010 2241/2056/1947
f 2338/2153/2010 2242/2057/1948 2241/2056/1947
f 2338/2153/2010 2339/2154/2011 2242/2057/1948
f 2339/2154/2011 2299/2114/1984 2242/2057/1948
f 2299/2114/1984 2339/2154/2011 2293/2108/1978
f 2339/2154/2011 2340/2155/2012 2293/2108/1978
f 2291/2106/1976 2293/2108/1978 2340/2155/2012
f 2341/2156/2013 2291/2106/1976 2340/2155/2012
f 2290/2105/1975 2291/2106/1976 2341/2156/2013
f 2301/2116/1985 2290/2105/1975 2341/2156/2013
f 2301/2116/1985 2341/2156/2013 2307/2122/1989
f 2341/2156/2013 2340/2155/2012 2309/2124/1991
f 2307/2122/1989 2341/2156/2013 2309/2124/1991
f 2340/2155/2012 2339/2154/2011 2312/2127/1994
f 2309/2124/1991 2340/2155/2012 2312/2127/1994
f 2312/2127/1994 2339/2154/2011 2338/2153/2010
f 2313/2128/1995 2312/2127/1994 2338/2153/2010
f 2338/2153/2010 2337/2152/2009 2316/2131/1998
f 2313/2128/1995 2338/2153/2010 2316/2131/1998
f 2316/2131/1998 2337/2152/2009 2317/2132/1999
f 2337/2152/2009 2336/2151/2008 2317/2132/1999
f 2317/2132/1999 2336/2151/2008 2321/2136/2003
f 2342/2157/1048 2304/2119/996 2305/2120/1987
f 2343/2158/1054 2342/2157/1048 2305/2120/1987
f 2344/2159/1366 2343/2158/1054 2305/2120/1987
f 2344/2159/1366 2305/2120/1987 2345/2160/1554
f 2305/2120/1987 2306/2121/1988 2345/2160/1554
f 2345/2160/1554 2306/2121/1988 2346/2161/1553
f 2306/2121/1988 2308/2123/1990 2346/2161/1553
f 2308/2123/1990 2347/2162/1546 2346/2161/1553
f 2347/2162/1546 2308/2123/1990 2348/2163/1545
f 2308/2123/1990 2310/2125/1992 2348/2163/1545
f 2310/2125/1992 2349/2164/1537 2348/2163/1545
f 2349/2164/1537 2310/2125/1992 2350/2165/1535
f 2310/2125/1992 2311/2126/1993 2350/2165/1535
f 2350/2165/1535 2311/2126/1993 2314/2129/1996
f 2327/2142/1533 2350/2165/1535 2314/2129/1996
f 2351/2166/2014 2352/2167/2015 2353/2168/2016
f 2354/2169/2017 2351/2166/2014 2353/2168/2016
f 2354/2169/2017 2353/2168/2016 2355/2170/2018
f 2356/2171/2019 2354/2169/2017 2355/2170/2018
f 2351/2166/2014 2357/2172/2020 2352/2167/2015
f 2357/2172/2020 2358/2173/2021 2352/2167/2015
f 2358/2173/2021 2357/2172/2020 2359/2174/2022
f 2357/2172/2020 2360/2175/2023 2359/2174/2022
f 2351/2166/2014 2354/2169/2017 2361/2176/2024
f 2351/2166/2014 2361/2176/2024 2357/2172/2020
f 2354/2169/2017 2362/2177/2025 2361/2176/2024
f 2354/2169/2017 2356/2171/2019 2362/2177/2025
f 2361/2176/2024 2362/2177/2025 2363/2178/2026
f 2364/2179/2027 2361/2176/2024 2363/2178/2026
f 2363/2178/2026 2362/2177/2025 2365/2180/2028
f 2356/2171/2019 2365/2180/2028 2362/2177/2025
f 2366/2181/2029 2363/2178/2026 2365/2180/2028
f 2367/2182/2030 2361/2176/2024 2364/2179/2027
f 2361/2176/2024 2367/2182/2030 2357/2172/2020
f 2360/2175/2023 2357/2172/2020 2367/2182/2030
f 2368/2183/2031 2367/2182/2030 2364/2179/2027
f 2369/2184/2032 2367/2182/2030 2368/2183/2031
f 2369/2184/2032 2360/2175/2023 2367/2182/2030
f 2370/2185/2033 2369/2184/2032 2368/2183/2031
f 2363/2178/2026 2366/2181/2029 2371/2186/2034
f 2372/2187/2035 2363/2178/2026 2371/2186/2034
f 2372/2187/2035 2371/2186/2034 2373/2188/2036
f 2374/2189/2037 2372/2187/2035 2373/2188/2036
f 2373/2188/2036 2375/2190/2038 2374/2189/2037
f 2375/2190/2038 2376/2191/2039 2374/2189/2037
f 2376/2191/2039 2375/2190/2038 2377/2192/2040
f 2378/2193/2041 2376/2191/2039 2377/2192/2040
f 2378/2193/2041 2379/2194/2042 2376/2191/2039
f 2379/2194/2042 2380/2195/2043 2376/2191/2039
f 2376/2191/2039 2380/2195/2043 2374/2189/2037
f 2374/2189/2037 2381/2196/2044 2372/2187/2035
f 2380/2195/2043 2381/2196/2044 2374/2189/2037
f 2381/2196/2044 2382/2197/2045 2372/2187/2035
f 2380/2195/2043 2379/2194/2042 2383/2198/2046
f 2384/2199/2047 2380/2195/2043 2383/2198/2046
f 2381/2196/2044 2380/2195/2043 2384/2199/2047
f 2383/2198/2046 2385/2200/2048 2384/2199/2047
f 2385/2200/2048 2386/2201/2049 2384/2199/2047
f 2386/2201/2049 2382/2197/2045 2381/2196/2044
f 2384/2199/2047 2386/2201/2049 2381/2196/2044
f 2385/2200/2048 2370/2185/2033 2386/2201/2049
f 2370/2185/2033 2368/2183/2031 2386/2201/2049
f 2386/2201/2049 2368/2183/2031 2382/2197/2045
f 2368/2183/2031 2364/2179/2027 2382/2197/2045
f 2382/2197/2045 2364/2179/2027 2363/2178/2026
f 2372/2187/2035 2382/2197/2045 2363/2178/2026
f 2387/2202/2050 2388/2203/2032 2389/2204/2033
f 2390/2205/2051 2387/2202/2050 2389/2204/2033
f 2391/2206/2052 2387/2202/2050 2390/2205/2051
f 2392/2207/2053 2391/2206/2052 2390/2205/2051
f 2391/2206/2052 2392/2207/2053 2393/2208/2054
f 2394/2209/2055 2391/2206/2052 2393/2208/2054
f 2387/2202/2050 2395/2210/2056 2388/2203/2032
f 2395/2210/2056 2396/2211/2023 2388/2203/2032
f 2395/2210/2056 2397/2212/2057 2396/2211/2023
f 2397/2212/2057 2395/2210/2056 2398/2213/2058
f 2395/2210/2056 2399/2214/2059 2398/2213/2058
f 2399/2214/2059 2395/2210/2056 2387/2202/2050
f 2391/2206/2052 2399/2214/2059 2387/2202/2050
f 2397/2212/2057 2398/2213/2058 2400/2215/2060
f 2400/2215/2060 2398/2213/2058 2401/2216/2061
f 2398/2213/2058 2402/2217/2062 2401/2216/2061
f 2398/2213/2058 2399/2214/2059 2402/2217/2062
f 2403/2218/2063 2397/2212/2057 2400/2215/2060
f 2404/2219/2022 2397/2212/2057 2403/2218/2063
f 2397/2212/2057 2404/2219/2022 2396/2211/2023
f 2405/2220/1602 2404/2219/2022 2403/2218/2063
f 2399/2214/2059 2406/2221/2064 2402/2217/2062
f 2406/2221/2064 2399/2214/2059 2391/2206/2052
f 2394/2209/2055 2406/2221/2064 2391/2206/2052
f 2393/2208/2054 2407/2222/2065 2394/2209/2055
f 2407/2222/2065 2408/2223/2066 2394/2209/2055
f 2394/2209/2055 2408/2223/2066 2406/2221/2064
f 2402/2217/2062 2406/2221/2064 2409/2224/2067
f 2406/2221/2064 2410/2225/2068 2409/2224/2067
f 2408/2223/2066 2410/2225/2068 2406/2221/2064
f 2402/2217/2062 2409/2224/2067 2411/2226/2069
f 2401/2216/2061 2402/2217/2062 2411/2226/2069
f 2408/2223/2066 2407/2222/2065 2412/2227/2070
f 2407/2222/2065 2413/2228/2071 2412/2227/2070
f 2414/2229/2072 2412/2227/2070 2413/2228/2071
f 2415/2230/2073 2414/2229/2072 2413/2228/2071
f 2414/2229/2072 2415/2230/2073 2416/2231/2074
f 2417/2232/2075 2414/2229/2072 2416/2231/2074
f 2417/2232/2075 2416/2231/2074 2418/2233/2076
f 2419/2234/2077 2417/2232/2075 2418/2233/2076
f 2420/2235/2078 2417/2232/2075 2419/2234/2077
f 2421/2236/2079 2420/2235/2078 2419/2234/2077
f 2422/2237/2080 2420/2235/2078 2421/2236/2079
f 2420/2235/2078 2422/2237/2080 2423/2238/2081
f 2424/2239/2082 2420/2235/2078 2423/2238/2081
f 2424/2239/2082 2414/2229/2072 2417/2232/2075
f 2420/2235/2078 2424/2239/2082 2417/2232/2075
f 2423/2238/2081 2422/2237/2080 2425/2240/2083
f 2425/2240/2083 2422/2237/2080 2426/2241/2084
f 2422/2237/2080 2427/2242/2085 2426/2241/2084
f 2427/2242/2085 2422/2237/2080 2421/2236/2079
f 2428/2243/2086 2423/2238/2081 2425/2240/2083
f 2429/2244/2087 2423/2238/2081 2428/2243/2086
f 2424/2239/2082 2423/2238/2081 2429/2244/2087
f 2430/2245/2088 2429/2244/2087 2428/2243/2086
f 2431/2246/2089 2424/2239/2082 2429/2244/2087
f 2424/2239/2082 2431/2246/2089 2414/2229/2072
f 2431/2246/2089 2412/2227/2070 2414/2229/2072
f 2431/2246/2089 2429/2244/2087 2409/2224/2067
f 2410/2225/2068 2431/2246/2089 2409/2224/2067
f 2411/2226/2069 2409/2224/2067 2429/2244/2087
f 2430/2245/2088 2411/2226/2069 2429/2244/2087
f 2408/2223/2066 2412/2227/2070 2431/2246/2089
f 2410/2225/2068 2408/2223/2066 2431/2246/2089
f 2426/2241/2084 2432/2247/1583 2425/2240/2083
f 2432/2247/1583 2433/2248/2090 2425/2240/2083
f 2433/2248/2090 2432/2247/1583 2434/2249/2091
f 2433/2248/2090 2434/2249/2091 2435/2250/2092
f 2436/2251/2093 2433/2248/2090 2435/2250/2092
f 2428/2243/2086 2436/2251/2093 2430/2245/2088
f 2432/2247/1583 2437/2252/1581 2434/2249/2091
f 2436/2251/2093 2435/2250/2092 2438/2253/2094
f 2439/2254/2095 2436/2251/2093 2438/2253/2094
f 2436/2251/2093 2439/2254/2095 2430/2245/2088
f 2439/2254/2095 2438/2253/2094 2440/2255/2096
f 2441/2256/2097 2439/2254/2095 2440/2255/2096
f 2442/2257/2098 2441/2256/2097 2440/2255/2096
f 2411/2226/2069 2441/2256/2097 2442/2257/2098
f 2443/2258/2099 2442/2257/2098 2440/2255/2096
f 2444/2259/2100 2442/2257/2098 2443/2258/2099
f 2445/2260/2101 2444/2259/2100 2443/2258/2099
f 2446/2261/2102 2444/2259/2100 2445/2260/2101
f 2447/2262/2103 2446/2261/2102 2445/2260/2101
f 2448/2263/1599 2446/2261/2102 2447/2262/2103
f 2449/2264/1600 2448/2263/1599 2447/2262/2103
f 2447/2262/2103 2445/2260/2101 2450/2265/2104
f 2451/2266/2105 2447/2262/2103 2450/2265/2104
f 2447/2262/2103 2451/2266/2105 2449/2264/1600
f 2451/2266/2105 2452/2267/1604 2449/2264/1600
f 2445/2260/2101 2443/2258/2099 2453/2268/2106
f 2450/2265/2104 2445/2260/2101 2453/2268/2106
f 2443/2258/2099 2440/2255/2096 2454/2269/2107
f 2453/2268/2106 2443/2258/2099 2454/2269/2107
f 2440/2255/2096 2438/2253/2094 2454/2269/2107
f 2438/2253/2094 2455/2270/2108 2454/2269/2107
f 2438/2253/2094 2435/2250/2092 2455/2270/2108
f 2435/2250/2092 2456/2271/2109 2455/2270/2108
f 2435/2250/2092 2434/2249/2091 2456/2271/2109
f 2434/2249/2091 2457/2272/2110 2456/2271/2109
f 2457/2272/2110 2434/2249/2091 2437/2252/1581
f 2458/2273/1578 2457/2272/2110 2437/2252/1581
f 2459/2274/2111 2457/2272/2110 2458/2273/1578
f 2460/2275/1579 2459/2274/2111 2458/2273/1578
f 2459/2274/2111 2460/2275/1579 1626/1441/1249
f 1624/1439/1417 2459/2274/2111 1626/1441/1249
f 2459/2274/2111 1624/1439/1417 2461/2276/2112
f 2457/2272/2110 2459/2274/2111 2461/2276/2112
f 2456/2271/2109 2457/2272/2110 2461/2276/2112
f 1624/1439/1417 1621/1436/1414 2461/2276/2112
f 2461/2276/2112 1621/1436/1414 1622/1437/1415
f 2462/2277/2113 2461/2276/2112 1622/1437/1415
f 2456/2271/2109 2461/2276/2112 2462/2277/2113
f 2455/2270/2108 2456/2271/2109 2462/2277/2113
f 1622/1437/1415 1631/1446/1421 2462/2277/2113
f 1631/1446/1421 2463/2278/2114 2462/2277/2113
f 2455/2270/2108 2462/2277/2113 2463/2278/2114
f 2454/2269/2107 2455/2270/2108 2463/2278/2114
f 2463/2278/2114 1631/1446/1421 2464/2279/2115
f 1631/1446/1421 1633/1448/1423 2464/2279/2115
f 2465/2280/2116 2464/2279/2115 1633/1448/1423
f 1635/1450/1425 2465/2280/2116 1633/1448/1423
f 1635/1450/1425 1640/1455/1430 2465/2280/2116
f 1640/1455/1430 2466/2281/2117 2465/2280/2116
f 2466/2281/2117 1640/1455/1430 1642/1457/1432
f 2467/2282/1624 2466/2281/2117 1642/1457/1432
f 2466/2281/2117 2467/2282/1624 2452/2267/1604
f 2451/2266/2105 2466/2281/2117 2452/2267/1604
f 2466/2281/2117 2451/2266/2105 2465/2280/2116
f 2451/2266/2105 2450/2265/2104 2465/2280/2116
f 2465/2280/2116 2450/2265/2104 2464/2279/2115
f 2450/2265/2104 2453/2268/2106 2464/2279/2115
f 2453/2268/2106 2454/2269/2107 2463/2278/2114
f 2464/2279/2115 2453/2268/2106 2463/2278/2114
f 2468/2283/2118 2469/2284/2119 2470/2285/2041
f 2471/2286/2040 2468/2283/2118 2470/2285/2041
f 2469/2284/2119 2468/2283/2118 2472/2287/2120
f 2473/2288/2121 2469/2284/2119 2472/2287/2120
f 2474/2289/2042 2470/2285/2041 2469/2284/2119
f 2475/2290/2122 2474/2289/2042 2469/2284/2119
f 2475/2290/2122 2469/2284/2119 2473/2288/2121
f 2476/2291/2123 2475/2290/2122 2473/2288/2121
f 2477/2292/2124 2473/2288/2121 2472/2287/2120
f 2473/2288/2121 2477/2292/2124 2476/2291/2123
f 2478/2293/2125 2477/2292/2124 2472/2287/2120
f 2477/2292/2124 2478/2293/2125 2479/2294/2126
f 2478/2293/2125 2480/2295/2127 2479/2294/2126
f 2477/2292/2124 2481/2296/2128 2476/2291/2123
f 2481/2296/2128 2477/2292/2124 2479/2294/2126
f 2474/2289/2042 2475/2290/2122 2482/2297/2046
f 2475/2290/2122 2483/2298/2129 2482/2297/2046
f 2476/2291/2123 2481/2296/2128 2483/2298/2129
f 2475/2290/2122 2476/2291/2123 2483/2298/2129
f 2482/2297/2046 2483/2298/2129 2484/2299/2048
f 2483/2298/2129 2485/2300/2130 2484/2299/2048
f 2483/2298/2129 2481/2296/2128 2485/2300/2130
f 2481/2296/2128 2486/2301/2131 2485/2300/2130
f 2486/2301/2131 2481/2296/2128 2479/2294/2126
f 2485/2300/2130 2390/2205/2051 2484/2299/2048
f 2390/2205/2051 2389/2204/2033 2484/2299/2048
f 2392/2207/2053 2390/2205/2051 2485/2300/2130
f 2486/2301/2131 2392/2207/2053 2485/2300/2130
f 2392/2207/2053 2486/2301/2131 2479/2294/2126
f 2393/2208/2054 2479/2294/2126 2480/2295/2127
f 2393/2208/2054 2392/2207/2053 2479/2294/2126
f 2407/2222/2065 2393/2208/2054 2480/2295/2127
f 2480/2295/2127 2478/2293/2125 2487/2302/2132
f 2478/2293/2125 2488/2303/2133 2487/2302/2132
f 2488/2303/2133 2478/2293/2125 2472/2287/2120
f 2489/2304/2134 2488/2303/2133 2472/2287/2120
f 2490/2305/2135 2489/2304/2134 2472/2287/2120
f 2491/2306/2118 2490/2305/2135 2472/2287/2120
f 2490/2305/2135 2491/2306/2118 2492/2307/2136
f 2491/2306/2118 2493/2308/2040 2492/2307/2136
f 2492/2307/2136 2494/2309/2137 2490/2305/2135
f 2494/2309/2137 2495/2310/2138 2490/2305/2135
f 2490/2305/2135 2495/2310/2138 2489/2304/2134
f 2495/2310/2138 2496/2311/2139 2489/2304/2134
f 2488/2303/2133 2489/2304/2134 2496/2311/2139
f 2497/2312/2140 2488/2303/2133 2496/2311/2139
f 2488/2303/2133 2497/2312/2140 2487/2302/2132
f 2495/2310/2138 2494/2309/2137 2498/2313/2141
f 2499/2314/2142 2495/2310/2138 2498/2313/2141
f 2496/2311/2139 2495/2310/2138 2499/2314/2142
f 2497/2312/2140 2496/2311/2139 2499/2314/2142
f 2499/2314/2142 2498/2313/2141 2500/2315/2143
f 2501/2316/2144 2499/2314/2142 2500/2315/2143
f 2497/2312/2140 2499/2314/2142 2501/2316/2144
f 2502/2317/2145 2497/2312/2140 2501/2316/2144
f 2497/2312/2140 2502/2317/2145 2487/2302/2132
f 2416/2231/2074 2501/2316/2144 2500/2315/2143
f 2418/2233/2076 2416/2231/2074 2500/2315/2143
f 2415/2230/2073 2502/2317/2145 2501/2316/2144
f 2416/2231/2074 2415/2230/2073 2501/2316/2144
f 2502/2317/2145 2415/2230/2073 2487/2302/2132
f 2415/2230/2073 2413/2228/2071 2487/2302/2132
f 2487/2302/2132 2413/2228/2071 2480/2295/2127
f 2413/2228/2071 2407/2222/2065 2480/2295/2127
f 2503/2318/2146 2504/2319/2147 2505/2320/2148
f 2506/2321/2149 2503/2318/2146 2505/2320/2148
f 2505/2320/2148 2504/2319/2147 2355/2170/2018
f 2504/2319/2147 2356/2171/2019 2355/2170/2018
f 2507/2322/2150 2503/2318/2146 2506/2321/2149
f 2508/2323/2151 2507/2322/2150 2506/2321/2149
f 2507/2322/2150 2508/2323/2151 2509/2324/2085
f 2510/2325/2079 2507/2322/2150 2509/2324/2085
f 2504/2319/2147 2503/2318/2146 2511/2326/2152
f 2511/2326/2152 2503/2318/2146 2507/2322/2150
f 2512/2327/2153 2504/2319/2147 2511/2326/2152
f 2356/2171/2019 2504/2319/2147 2512/2327/2153
f 2512/2327/2153 2511/2326/2152 2513/2328/2154
f 2511/2326/2152 2514/2329/2155 2513/2328/2154
f 2512/2327/2153 2513/2328/2154 2365/2180/2028
f 2365/2180/2028 2356/2171/2019 2512/2327/2153
f 2513/2328/2154 2366/2181/2029 2365/2180/2028
f 2511/2326/2152 2515/2330/2156 2514/2329/2155
f 2515/2330/2156 2511/2326/2152 2507/2322/2150
f 2507/2322/2150 2510/2325/2079 2515/2330/2156
f 2515/2330/2156 2516/2331/2157 2514/2329/2155
f 2515/2330/2156 2517/2332/2077 2516/2331/2157
f 2510/2325/2079 2517/2332/2077 2515/2330/2156
f 2517/2332/2077 2518/2333/2076 2516/2331/2157
f 2366/2181/2029 2513/2328/2154 2371/2186/2034
f 2513/2328/2154 2519/2334/2158 2371/2186/2034
f 2371/2186/2034 2519/2334/2158 2373/2188/2036
f 2519/2334/2158 2520/2335/2159 2373/2188/2036
f 2521/2336/2038 2373/2188/2036 2520/2335/2159
f 2522/2337/2160 2521/2336/2038 2520/2335/2159
f 2521/2336/2038 2522/2337/2160 2523/2338/2040
f 2522/2337/2160 2524/2339/2136 2523/2338/2040
f 2525/2340/2137 2524/2339/2136 2522/2337/2160
f 2526/2341/2161 2525/2340/2137 2522/2337/2160
f 2526/2341/2161 2522/2337/2160 2520/2335/2159
f 2527/2342/2162 2526/2341/2161 2520/2335/2159
f 2525/2340/2137 2526/2341/2161 2528/2343/2141
f 2526/2341/2161 2529/2344/2163 2528/2343/2141
f 2526/2341/2161 2527/2342/2162 2529/2344/2163
f 2530/2345/2143 2528/2343/2141 2529/2344/2163
f 2531/2346/2164 2530/2345/2143 2529/2344/2163
f 2531/2346/2164 2529/2344/2163 2527/2342/2162
f 2518/2333/2076 2530/2345/2143 2531/2346/2164
f 2520/2335/2159 2519/2334/2158 2532/2347/2165
f 2527/2342/2162 2520/2335/2159 2532/2347/2165
f 2532/2347/2165 2531/2346/2164 2527/2342/2162
f 2516/2331/2157 2531/2346/2164 2532/2347/2165
f 2516/2331/2157 2518/2333/2076 2531/2346/2164
f 2514/2329/2155 2516/2331/2157 2532/2347/2165
f 2514/2329/2155 2532/2347/2165 2513/2328/2154
f 2532/2347/2165 2519/2334/2158 2513/2328/2154
f 1798/1613/1584 2533/2348/2166 1801/1616/1587
f 1798/1613/1584 1797/1612/1583 2533/2348/2166
f 1797/1612/1583 2534/2349/2084 2533/2348/2166
f 2533/2348/2166 2508/2323/2151 1801/1616/1587
f 2508/2323/2151 2506/2321/2149 1801/1616/1587
f 1802/1617/1588 1801/1616/1587 2506/2321/2149
f 2505/2320/2148 1802/1617/1588 2506/2321/2149
f 1802/1617/1588 2505/2320/2148 1805/1620/1591
f 2505/2320/2148 2355/2170/2018 1805/1620/1591
f 1805/1620/1591 2355/2170/2018 1807/1622/1593
f 2355/2170/2018 2353/2168/2016 1807/1622/1593
f 1807/1622/1593 2353/2168/2016 2352/2167/2015
f 1809/1624/1595 1807/1622/1593 2352/2167/2015
f 1809/1624/1595 2352/2167/2015 1810/1625/1596
f 2352/2167/2015 2358/2173/2021 1810/1625/1596
f 1810/1625/1596 2358/2173/2021 1816/1631/1602
f 2358/2173/2021 2359/2174/2022 1816/1631/1602
f 2509/2324/2085 2508/2323/2151 2533/2348/2166
f 2534/2349/2084 2509/2324/2085 2533/2348/2166
f 1804/1619/1590 1806/1621/1592 1821/1636/1607
f 1823/1638/1609 1804/1619/1590 1821/1636/1607
f 1804/1619/1590 1823/1638/1609 1826/1641/1612
f 1803/1618/1589 1804/1619/1590 1826/1641/1612
f 1803/1618/1589 1826/1641/1612 1799/1614/1585
f 1826/1641/1612 1800/1615/1586 1799/1614/1585
f 2425/2240/2083 2433/2248/2090 2436/2251/2093
f 2428/2243/2086 2425/2240/2083 2436/2251/2093
f 2430/2245/2088 2439/2254/2095 2441/2256/2097
f 2411/2226/2069 2430/2245/2088 2441/2256/2097
f 2401/2216/2061 2411/2226/2069 2442/2257/2098
f 2401/2216/2061 2442/2257/2098 2400/2215/2060
f 2442/2257/2098 2444/2259/2100 2400/2215/2060
f 2400/2215/2060 2444/2259/2100 2446/2261/2102
f 2403/2218/2063 2400/2215/2060 2446/2261/2102
f 2403/2218/2063 2446/2261/2102 2405/2220/1602
f 2446/2261/2102 2448/2263/1599 2405/2220/1602
f 2535/2350/2167 2536/2351/2168 2537/2352/2169
f 2538/2353/2170 2535/2350/2167 2537/2352/2169
f 2537/2352/2169 2536/2351/2168 2539/2354/2171
f 2536/2351/2168 2540/2355/2172 2539/2354/2171
f 2536/2351/2168 2541/2356/2173 2540/2355/2172
f 2541/2356/2173 2542/2357/2174 2540/2355/2172
f 2543/2358/2175 2541/2356/2173 2536/2351/2168
f 2535/2350/2167 2543/2358/2175 2536/2351/2168
f 2540/2355/2172 2542/2357/2174 2544/2359/2176
f 2542/2357/2174 2545/2360/2177 2544/2359/2176
f 2544/2359/2176 2545/2360/2177 2546/2361/2178
f 2544/2359/2176 2546/2361/2178 2547/2362/2179
f 2548/2363/2180 2544/2359/2176 2547/2362/2179
f 2540/2355/2172 2544/2359/2176 2548/2363/2180
f 2539/2354/2171 2540/2355/2172 2548/2363/2180
f 2545/2360/2177 2549/2364/2181 2546/2361/2178
f 2550/2365/2182 2545/2360/2177 2542/2357/2174
f 2551/2366/2183 2550/2365/2182 2542/2357/2174
f 2551/2366/2183 2542/2357/2174 2541/2356/2173
f 2552/2367/2184 2550/2365/2182 2551/2366/2183
f 2552/2367/2184 2553/2368/2185 2550/2365/2182
f 2553/2368/2185 2554/2369/2186 2550/2365/2182
f 2554/2369/2186 2549/2364/2181 2545/2360/2177
f 2550/2365/2182 2554/2369/2186 2545/2360/2177
f 2555/2370/2187 2552/2367/2184 2551/2366/2183
f 2556/2371/2188 2551/2366/2183 2541/2356/2173
f 2555/2370/2187 2551/2366/2183 2556/2371/2188
f 2556/2371/2188 2541/2356/2173 2543/2358/2175
f 2557/2372/2189 2555/2370/2187 2556/2371/2188
f 2557/2372/2189 2556/2371/2188 2558/2373/2190
f 2558/2373/2190 2556/2371/2188 2543/2358/2175
f 2559/2374/2191 2557/2372/2189 2558/2373/2190
f 2547/2362/2179 2546/2361/2178 2560/2375/2192
f 2547/2362/2179 2560/2375/2192 2561/2376/2193
f 2562/2377/2194 2547/2362/2179 2561/2376/2193
f 2561/2376/2193 2560/2375/2192 2563/2378/2195
f 2560/2375/2192 2564/2379/2196 2563/2378/2195
f 2564/2379/2196 2549/2364/2181 2554/2369/2186
f 2546/2361/2178 2549/2364/2181 2564/2379/2196
f 2560/2375/2192 2546/2361/2178 2564/2379/2196
f 2561/2376/2193 2563/2378/2195 2565/2380/2197
f 2566/2381/2198 2561/2376/2193 2565/2380/2197
f 2562/2377/2194 2561/2376/2193 2566/2381/2198
f 2566/2381/2198 2565/2380/2197 2567/2382/2199
f 2568/2383/2200 2566/2381/2198 2567/2382/2199
f 2569/2384/2201 2566/2381/2198 2568/2383/2200
f 2569/2384/2201 2562/2377/2194 2566/2381/2198
f 2570/2385/2202 2569/2384/2201 2568/2383/2200
f 2565/2380/2197 2563/2378/2195 2571/2386/2203
f 2572/2387/2204 2565/2380/2197 2571/2386/2203
f 2567/2382/2199 2565/2380/2197 2572/2387/2204
f 2572/2387/2204 2571/2386/2203 2573/2388/2205
f 2574/2389/2206 2572/2387/2204 2573/2388/2205
f 2575/2390/2207 2572/2387/2204 2574/2389/2206
f 2575/2390/2207 2567/2382/2199 2572/2387/2204
f 2576/2391/2208 2575/2390/2207 2574/2389/2206
f 2563/2378/2195 2564/2379/2196 2577/2392/2209
f 2571/2386/2203 2563/2378/2195 2577/2392/2209
f 2577/2392/2209 2564/2379/2196 2554/2369/2186
f 2577/2392/2209 2554/2369/2186 2553/2368/2185
f 2571/2386/2203 2577/2392/2209 2553/2368/2185
f 2573/2388/2205 2571/2386/2203 2553/2368/2185
f 2578/2393/2210 2553/2368/2185 2552/2367/2184
f 2579/2394/2205 2553/2368/2185 2578/2393/2210
f 2580/2395/2211 2579/2394/2205 2578/2393/2210
f 2580/2395/2211 2578/2393/2210 2581/2396/2212
f 2581/2396/2212 2578/2393/2210 2582/2397/2213
f 2583/2398/2214 2581/2396/2212 2582/2397/2213
f 2583/2398/2214 2582/2397/2213 2584/2399/2215
f 2584/2399/2215 2582/2397/2213 2585/2400/2216
f 2585/2400/2216 2582/2397/2213 2557/2372/2189
f 2585/2400/2216 2557/2372/2189 2559/2374/2191
f 2586/2401/2217 2585/2400/2216 2559/2374/2191
f 2586/2401/2217 2559/2374/2191 2587/2402/2218
f 2582/2397/2213 2555/2370/2187 2557/2372/2189
f 2578/2393/2210 2552/2367/2184 2555/2370/2187
f 2582/2397/2213 2578/2393/2210 2555/2370/2187
f 2588/2403/2219 2584/2399/2215 2585/2400/2216
f 2588/2403/2219 2585/2400/2216 2589/2404/2220
f 2589/2404/2220 2585/2400/2216 2586/2401/2217
f 2586/2401/2217 2587/2402/2218 2590/2405/2221
f 2591/2406/2222 2586/2401/2217 2590/2405/2221
f 2591/2406/2222 2589/2404/2220 2586/2401/2217
f 2583/2398/2214 2584/2399/2215 2592/2407/2223
f 2592/2407/2223 2584/2399/2215 2588/2403/2219
f 2593/2408/2224 2581/2396/2212 2583/2398/2214
f 2592/2407/2223 2593/2408/2224 2583/2398/2214
f 2594/2409/2225 2593/2408/2224 2592/2407/2223
f 2594/2409/2225 2595/2410/2208 2593/2408/2224
f 2595/2410/2208 2596/2411/2206 2593/2408/2224
f 2597/2412/2226 2594/2409/2225 2592/2407/2223
f 2593/2408/2224 2596/2411/2206 2580/2395/2211
f 2596/2411/2206 2579/2394/2205 2580/2395/2211
f 2580/2395/2211 2581/2396/2212 2593/2408/2224
f 2591/2406/2222 2590/2405/2221 2598/2413/2227
f 2599/2414/2228 2591/2406/2222 2598/2413/2227
f 2599/2414/2228 2598/2413/2227 2600/2415/2229
f 2601/2416/2230 2599/2414/2228 2600/2415/2229
f 2601/2416/2230 2602/2417/2231 2599/2414/2228
f 2602/2417/2231 2603/2418/2232 2599/2414/2228
f 2599/2414/2228 2603/2418/2232 2591/2406/2222
f 2597/2412/2226 2592/2407/2223 2603/2418/2232
f 2602/2417/2231 2597/2412/2226 2603/2418/2232
f 2603/2418/2232 2589/2404/2220 2591/2406/2222
f 2603/2418/2232 2592/2407/2223 2588/2403/2219
f 2588/2403/2219 2589/2404/2220 2603/2418/2232
f 2604/2419/2233 2605/2420/2234 2606/2421/2235
f 2607/2422/2236 2604/2419/2233 2606/2421/2235
f 2606/2421/2235 2605/2420/2234 2608/2423/2237
f 2605/2420/2234 2609/2424/2238 2608/2423/2237
f 2605/2420/2234 2610/2425/2239 2609/2424/2238
f 2610/2425/2239 2611/2426/2240 2609/2424/2238
f 2612/2427/2241 2610/2425/2239 2605/2420/2234
f 2604/2419/2233 2612/2427/2241 2605/2420/2234
f 2609/2424/2238 2611/2426/2240 2613/2428/2242
f 2611/2426/2240 2614/2429/2243 2613/2428/2242
f 2613/2428/2242 2614/2429/2243 2535/2350/2167
f 2613/2428/2242 2535/2350/2167 2538/2353/2170
f 2615/2430/2244 2613/2428/2242 2538/2353/2170
f 2609/2424/2238 2613/2428/2242 2615/2430/2244
f 2608/2423/2237 2609/2424/2238 2615/2430/2244
f 2614/2429/2243 2543/2358/2175 2535/2350/2167
f 2616/2431/2245 2614/2429/2243 2611/2426/2240
f 2617/2432/2246 2616/2431/2245 2611/2426/2240
f 2617/2432/2246 2611/2426/2240 2610/2425/2239
f 2587/2402/2218 2616/2431/2245 2617/2432/2246
f 2618/2433/2221 2587/2402/2218 2617/2432/2246
f 2558/2373/2190 2543/2358/2175 2614/2429/2243
f 2616/2431/2245 2558/2373/2190 2614/2429/2243
f 2616/2431/2245 2587/2402/2218 2558/2373/2190
f 2619/2434/2247 2610/2425/2239 2612/2427/2241
f 2619/2434/2247 2617/2432/2246 2610/2425/2239
f 2618/2433/2221 2617/2432/2246 2619/2434/2247
f 2620/2435/2248 2619/2434/2247 2612/2427/2241
f 2621/2436/2227 2619/2434/2247 2620/2435/2248
f 2621/2436/2227 2618/2433/2221 2619/2434/2247
f 2622/2437/2229 2621/2436/2227 2620/2435/2248
f 2623/2438/2249 2615/2430/2244 2538/2353/2170
f 2623/2438/2249 2538/2353/2170 2624/2439/2250
f 2538/2353/2170 2537/2352/2169 2624/2439/2250
f 2623/2438/2249 2624/2439/2250 2625/2440/2251
f 2626/2441/2252 2623/2438/2249 2625/2440/2251
f 2626/2441/2252 2625/2440/2251 2627/2442/2253
f 2627/2442/2253 2625/2440/2251 2628/2443/2254
f 2628/2443/2254 2625/2440/2251 2624/2439/2250
f 2627/2442/2253 2628/2443/2254 2629/2444/2255
f 2627/2442/2253 2629/2444/2255 2630/2445/2256
f 2631/2446/2257 2627/2442/2253 2630/2445/2256
f 2632/2447/2235 2627/2442/2253 2631/2446/2257
f 2632/2447/2235 2626/2441/2252 2627/2442/2253
f 2633/2448/2236 2632/2447/2235 2631/2446/2257
f 2628/2443/2254 2634/2449/2258 2629/2444/2255
f 2628/2443/2254 2624/2439/2250 2634/2449/2258
f 2632/2447/2235 2635/2450/2237 2626/2441/2252
f 2626/2441/2252 2635/2450/2237 2623/2438/2249
f 2629/2444/2255 2634/2449/2258 2636/2451/2259
f 2629/2444/2255 2636/2451/2259 2637/2452/2260
f 2636/2451/2259 2638/2453/2261 2637/2452/2260
f 2637/2452/2260 2638/2453/2261 2639/2454/2262
f 2637/2452/2260 2639/2454/2262 2640/2455/2201
f 2637/2452/2260 2640/2455/2201 2641/2456/2202
f 2642/2457/2263 2637/2452/2260 2641/2456/2202
f 2629/2444/2255 2637/2452/2260 2642/2457/2263
f 2630/2445/2256 2629/2444/2255 2642/2457/2263
f 2639/2454/2262 2643/2458/2194 2640/2455/2201
f 2636/2451/2259 2644/2459/2264 2638/2453/2261
f 2636/2451/2259 2634/2449/2258 2644/2459/2264
f 2644/2459/2264 2645/2460/2265 2638/2453/2261
f 2639/2454/2262 2645/2460/2265 2643/2458/2194
f 2639/2454/2262 2638/2453/2261 2645/2460/2265
f 2644/2459/2264 2539/2354/2171 2645/2460/2265
f 2539/2354/2171 2548/2363/2180 2645/2460/2265
f 2645/2460/2265 2548/2363/2180 2547/2362/2179
f 2645/2460/2265 2547/2362/2179 2643/2458/2194
f 2624/2439/2250 2644/2459/2264 2634/2449/2258
f 2537/2352/2169 2539/2354/2171 2644/2459/2264
f 2624/2439/2250 2537/2352/2169 2644/2459/2264
f 2635/2450/2237 2615/2430/2244 2623/2438/2249
f 2587/2402/2218 2559/2374/2191 2558/2373/2190
f 2646/2461/2266 2647/2462/2267 2648/2463/2268
f 2649/2464/2269 2646/2461/2266 2648/2463/2268
f 2646/2461/2266 2650/2465/2270 2647/2462/2267
f 2650/2465/2270 2651/2466/2271 2647/2462/2267
f 2652/2467/2272 2649/2464/2269 2648/2463/2268
f 2653/2468/2273 2648/2463/2268 2647/2462/2267
f 2653/2468/2273 2647/2462/2267 2651/2466/2271
f 2654/2469/2274 2650/2465/2270 2646/2461/2266
f 2654/2469/2274 2655/2470/2275 2650/2465/2270
f 2656/2471/2276 2655/2470/2275 2654/2469/2274
f 2657/2472/2277 2656/2471/2276 2654/2469/2274
f 2658/2473/2278 2657/2472/2277 2654/2469/2274
f 2658/2473/2278 2654/2469/2274 2659/2474/2279
f 2659/2474/2279 2654/2469/2274 2646/2461/2266
f 2659/2474/2279 2646/2461/2266 2649/2464/2269
f 2660/2475/2280 2658/2473/2278 2659/2474/2279
f 2661/2476/2281 2658/2473/2278 2660/2475/2280
f 2662/2477/2282 2661/2476/2281 2660/2475/2280
f 2662/2477/2282 2660/2475/2280 2663/2478/2283
f 2664/2479/2284 2662/2477/2282 2663/2478/2283
f 2661/2476/2281 2665/2480/2285 2658/2473/2278
f 2665/2480/2285 2657/2472/2277 2658/2473/2278
f 2666/2481/2286 2662/2477/2282 2664/2479/2284
f 2666/2481/2286 2661/2476/2281 2662/2477/2282
f 2660/2475/2280 2659/2474/2279 2667/2482/2287
f 2663/2478/2283 2660/2475/2280 2667/2482/2287
f 2663/2478/2283 2667/2482/2287 2668/2483/2288
f 2668/2483/2288 2667/2482/2287 2669/2484/2289
f 2670/2485/2290 2663/2478/2283 2668/2483/2288
f 2671/2486/2291 2663/2478/2283 2670/2485/2290
f 2664/2479/2284 2663/2478/2283 2671/2486/2291
f 2667/2482/2287 2659/2474/2279 2649/2464/2269
f 2667/2482/2287 2649/2464/2269 2672/2487/2292
f 2669/2484/2289 2667/2482/2287 2672/2487/2292
f 2672/2487/2292 2649/2464/2269 2673/2488/2293
f 2673/2488/2293 2649/2464/2269 2652/2467/2272
f 2674/2489/2294 2675/2490/2295 2650/2465/2270
f 2676/2491/2296 2674/2489/2294 2650/2465/2270
f 2655/2470/2275 2676/2491/2296 2650/2465/2270
f 2650/2465/2270 2675/2490/2295 2651/2466/2271
f 2677/2492/2297 2678/2493/2298 2679/2494/2271
f 2680/2495/2295 2677/2492/2297 2679/2494/2271
f 2677/2492/2297 2681/2496/2299 2678/2493/2298
f 2681/2496/2299 2682/2497/2300 2678/2493/2298
f 2682/2497/2300 2683/2498/2301 2678/2493/2298
f 2684/2499/2273 2679/2494/2271 2678/2493/2298
f 2684/2499/2273 2678/2493/2298 2683/2498/2301
f 2684/2499/2273 2683/2498/2301 2685/2500/2268
f 2686/2501/2272 2685/2500/2268 2683/2498/2301
f 2687/2502/2302 2686/2501/2272 2683/2498/2301
f 2682/2497/2300 2687/2502/2302 2683/2498/2301
f 2688/2503/2303 2687/2502/2302 2682/2497/2300
f 2689/2504/2304 2688/2503/2303 2682/2497/2300
f 2689/2504/2304 2682/2497/2300 2681/2496/2299
f 2690/2505/2305 2688/2503/2303 2689/2504/2304
f 2690/2505/2305 2691/2506/2289 2688/2503/2303
f 2692/2507/2288 2691/2506/2289 2690/2505/2305
f 2693/2508/2290 2692/2507/2288 2690/2505/2305
f 2694/2509/2306 2693/2508/2290 2690/2505/2305
f 2695/2510/2291 2693/2508/2290 2694/2509/2306
f 2694/2509/2306 2690/2505/2305 2696/2511/2307
f 2696/2511/2307 2690/2505/2305 2689/2504/2304
f 2697/2512/2308 2694/2509/2306 2696/2511/2307
f 2697/2512/2308 2696/2511/2307 2698/2513/2309
f 2699/2514/2310 2697/2512/2308 2698/2513/2309
f 2699/2514/2310 2698/2513/2309 2700/2515/2311
f 2701/2516/2312 2699/2514/2310 2700/2515/2311
f 2701/2516/2312 2700/2515/2311 2702/2517/2276
f 2702/2517/2276 2700/2515/2311 2703/2518/2275
f 2704/2519/2277 2701/2516/2312 2702/2517/2276
f 2705/2520/2285 2701/2516/2312 2704/2519/2277
f 2698/2513/2309 2696/2511/2307 2706/2521/2313
f 2696/2511/2307 2689/2504/2304 2706/2521/2313
f 2698/2513/2309 2706/2521/2313 2707/2522/2314
f 2700/2515/2311 2698/2513/2309 2707/2522/2314
f 2700/2515/2311 2707/2522/2314 2708/2523/2296
f 2703/2518/2275 2700/2515/2311 2708/2523/2296
f 2708/2523/2296 2707/2522/2314 2709/2524/2294
f 2710/2525/2315 2697/2512/2308 2699/2514/2310
f 2711/2526/2316 2710/2525/2315 2699/2514/2310
f 2711/2526/2316 2701/2516/2312 2705/2520/2285
f 2711/2526/2316 2699/2514/2310 2701/2516/2312
f 2712/2527/2286 2710/2525/2315 2711/2526/2316
f 2712/2527/2286 2711/2526/2316 2713/2528/2281
f 2713/2528/2281 2711/2526/2316 2705/2520/2285
f 2712/2527/2286 2714/2529/2284 2710/2525/2315
f 2710/2525/2315 2714/2529/2284 2694/2509/2306
f 2714/2529/2284 2695/2510/2291 2694/2509/2306
f 2710/2525/2315 2694/2509/2306 2697/2512/2308
f 2706/2521/2313 2689/2504/2304 2681/2496/2299
f 2709/2524/2294 2707/2522/2314 2680/2495/2295
f 2707/2522/2314 2677/2492/2297 2680/2495/2295
f 2706/2521/2313 2681/2496/2299 2677/2492/2297
f 2707/2522/2314 2706/2521/2313 2677/2492/2297
f 2715/2530/2292 2716/2531/2293 2688/2503/2303
f 2691/2506/2289 2715/2530/2292 2688/2503/2303
f 2688/2503/2303 2716/2531/2293 2687/2502/2302
f 2716/2531/2293 2686/2501/2272 2687/2502/2302
f 2717/2532/2317 2718/2533/2318 2719/2534/2319
f 2720/2535/2320 2717/2532/2317 2719/2534/2319
f 2717/2532/2317 2721/2536/2321 2718/2533/2318
f 2721/2536/2321 2722/2537/2322 2718/2533/2318
f 2720/2535/2320 2719/2534/2319 2723/2538/2323
f 2723/2538/2323 2719/2534/2319 2724/2539/2324
f 2719/2534/2319 2725/2540/2325 2724/2539/2324
f 2719/2534/2319 2718/2533/2318 2725/2540/2325
f 2726/2541/2326 2720/2535/2320 2723/2538/2323
f 2727/2542/2327 2722/2537/2322 2721/2536/2321
f 2727/2542/2327 2728/2543/2328 2722/2537/2322
f 2728/2543/2328 2729/2544/2329 2722/2537/2322
f 2730/2545/2330 2727/2542/2327 2721/2536/2321
f 2717/2532/2317 2720/2535/2320 2731/2546/2331
f 2731/2546/2331 2720/2535/2320 2726/2541/2326
f 2732/2547/2332 2717/2532/2317 2731/2546/2331
f 2717/2532/2317 2732/2547/2332 2721/2536/2321
f 2733/2548/2333 2731/2546/2331 2726/2541/2326
f 2731/2546/2331 2733/2548/2333 2734/2549/2334
f 2731/2546/2331 2734/2549/2334 2735/2550/2335
f 2732/2547/2332 2731/2546/2331 2735/2550/2335
f 2734/2549/2334 2736/2551/2336 2735/2550/2335
f 2734/2549/2334 2737/2552/2337 2736/2551/2336
f 2737/2552/2337 2738/2553/2338 2736/2551/2336
f 2735/2550/2335 2736/2551/2336 2739/2554/2338
f 2740/2555/2339 2735/2550/2335 2739/2554/2338
f 2735/2550/2335 2740/2555/2339 2741/2556/2340
f 2735/2550/2335 2741/2556/2340 2742/2557/2341
f 2742/2557/2341 2741/2556/2340 2743/2558/2342
f 2744/2559/2343 2742/2557/2341 2743/2558/2342
f 2745/2560/2344 2735/2550/2335 2742/2557/2341
f 2732/2547/2332 2735/2550/2335 2745/2560/2344
f 2740/2555/2339 2746/2561/2342 2741/2556/2340
f 2745/2560/2344 2742/2557/2341 2747/2562/2343
f 2748/2563/2345 2745/2560/2344 2747/2562/2343
f 2733/2548/2333 2749/2564/2337 2734/2549/2334
f 2721/2536/2321 2745/2560/2344 2748/2563/2345
f 2732/2547/2332 2745/2560/2344 2721/2536/2321
f 2730/2545/2330 2721/2536/2321 2748/2563/2345
f 2750/2565/2346 2751/2566/2347 2718/2533/2318
f 2752/2567/2348 2750/2565/2346 2718/2533/2318
f 2752/2567/2348 2718/2533/2318 2753/2568/2349
f 2718/2533/2318 2754/2569/2350 2753/2568/2349
f 2718/2533/2318 2751/2566/2347 2725/2540/2325
f 2755/2570/2324 2725/2540/2325 2751/2566/2347
f 2756/2571/2346 2755/2570/2324 2751/2566/2347
f 2718/2533/2318 2722/2537/2322 2754/2569/2350
f 2722/2537/2322 2729/2544/2329 2754/2569/2350
f 2757/2572/2349 2754/2569/2350 2729/2544/2329
f 2758/2573/2328 2757/2572/2349 2729/2544/2329
f 2759/2350/2351 2760/2353/2352 2761/2352/2353
f 2762/2351/2354 2759/2350/2351 2761/2352/2353
f 2762/2351/2354 2761/2352/2353 2763/2354/2355
f 2764/2355/2356 2762/2351/2354 2763/2354/2355
f 2765/2356/2357 2762/2351/2354 2764/2355/2356
f 2766/2357/2358 2765/2356/2357 2764/2355/2356
f 2767/2358/2359 2759/2350/2351 2762/2351/2354
f 2765/2356/2357 2767/2358/2359 2762/2351/2354
f 2766/2357/2358 2764/2355/2356 2768/2359/2360
f 2769/2360/2361 2766/2357/2358 2768/2359/2360
f 2769/2360/2361 2768/2359/2360 2770/2361/2362
f 2770/2361/2362 2768/2359/2360 2771/2362/2363
f 2768/2359/2360 2772/2363/2364 2771/2362/2363
f 2764/2355/2356 2763/2354/2355 2772/2363/2364
f 2768/2359/2360 2764/2355/2356 2772/2363/2364
f 2773/2364/2365 2769/2360/2361 2770/2361/2362
f 2769/2360/2361 2774/2365/2366 2766/2357/2358
f 2774/2365/2366 2775/2366/2367 2766/2357/2358
f 2766/2357/2358 2775/2366/2367 2765/2356/2357
f 2774/2365/2366 2776/2367/2368 2775/2366/2367
f 2777/2368/2369 2776/2367/2368 2774/2365/2366
f 2778/2369/2370 2777/2368/2369 2774/2365/2366
f 2778/2369/2370 2774/2365/2366 2769/2360/2361
f 2773/2364/2365 2778/2369/2370 2769/2360/2361
f 2776/2367/2368 2779/2370/2371 2775/2366/2367
f 2775/2366/2367 2780/2371/2372 2765/2356/2357
f 2775/2366/2367 2779/2370/2371 2780/2371/2372
f 2765/2356/2357 2780/2371/2372 2767/2358/2359
f 2779/2370/2371 2781/2372/2373 2780/2371/2372
f 2780/2371/2372 2781/2372/2373 2782/2373/2374
f 2780/2371/2372 2782/2373/2374 2767/2358/2359
f 2781/2372/2373 2783/2374/2375 2782/2373/2374
f 2770/2361/2362 2771/2362/2363 2784/2375/2376
f 2784/2375/2376 2771/2362/2363 2785/2376/2377
f 2771/2362/2363 2786/2377/2378 2785/2376/2377
f 2784/2375/2376 2785/2376/2377 2787/2378/2379
f 2788/2379/2380 2784/2375/2376 2787/2378/2379
f 2773/2364/2365 2788/2379/2380 2778/2369/2370
f 2770/2361/2362 2784/2375/2376 2788/2379/2380
f 2773/2364/2365 2770/2361/2362 2788/2379/2380
f 2787/2378/2379 2785/2376/2377 2789/2380/2381
f 2785/2376/2377 2790/2381/2382 2789/2380/2381
f 2785/2376/2377 2786/2377/2378 2790/2381/2382
f 2789/2380/2381 2790/2381/2382 2791/2382/2383
f 2790/2381/2382 2792/2383/2384 2791/2382/2383
f 2790/2381/2382 2793/2384/2385 2792/2383/2384
f 2786/2377/2378 2793/2384/2385 2790/2381/2382
f 2793/2384/2385 2794/2385/2386 2792/2383/2384
f 2787/2378/2379 2789/2380/2381 2795/2386/2387
f 2789/2380/2381 2796/2387/2388 2795/2386/2387
f 2789/2380/2381 2791/2382/2383 2796/2387/2388
f 2795/2386/2387 2796/2387/2388 2797/2388/2389
f 2796/2387/2388 2798/2389/2390 2797/2388/2389
f 2796/2387/2388 2799/2390/2391 2798/2389/2390
f 2791/2382/2383 2799/2390/2391 2796/2387/2388
f 2799/2390/2391 2800/2391/2392 2798/2389/2390
f 2787/2378/2379 2795/2386/2387 2801/2392/2393
f 2788/2379/2380 2787/2378/2379 2801/2392/2393
f 2788/2379/2380 2801/2392/2393 2778/2369/2370
f 2778/2369/2370 2801/2392/2393 2777/2368/2369
f 2795/2386/2387 2797/2388/2389 2777/2368/2369
f 2801/2392/2393 2795/2386/2387 2777/2368/2369
f 2777/2368/2369 2802/2393/2394 2776/2367/2368
f 2777/2368/2369 2803/2394/2389 2802/2393/2394
f 2803/2394/2389 2804/2395/2395 2802/2393/2394
f 2802/2393/2394 2804/2395/2395 2805/2396/2396
f 2802/2393/2394 2805/2396/2396 2806/2397/2397
f 2805/2396/2396 2807/2398/2398 2806/2397/2397
f 2806/2397/2397 2807/2398/2398 2808/2399/2399
f 2806/2397/2397 2808/2399/2399 2809/2400/2400
f 2806/2397/2397 2809/2400/2400 2781/2372/2373
f 2781/2372/2373 2809/2400/2400 2783/2374/2375
f 2809/2400/2400 2810/2401/2401 2783/2374/2375
f 2783/2374/2375 2810/2401/2401 2811/2402/2402
f 2779/2370/2371 2806/2397/2397 2781/2372/2373
f 2802/2393/2394 2806/2397/2397 2779/2370/2371
f 2776/2367/2368 2802/2393/2394 2779/2370/2371
f 2808/2399/2399 2812/2403/2403 2809/2400/2400
f 2809/2400/2400 2812/2403/2403 2813/2404/2404
f 2809/2400/2400 2813/2404/2404 2810/2401/2401
f 2811/2402/2402 2810/2401/2401 2814/2405/2405
f 2810/2401/2401 2815/2406/2406 2814/2405/2405
f 2813/2404/2404 2815/2406/2406 2810/2401/2401
f 2808/2399/2399 2807/2398/2398 2816/2407/2407
f 2808/2399/2399 2816/2407/2407 2812/2403/2403
f 2817/2408/2408 2816/2407/2407 2807/2398/2398
f 2805/2396/2396 2817/2408/2408 2807/2398/2398
f 2817/2408/2408 2818/2409/2409 2816/2407/2407
f 2819/2410/2392 2818/2409/2409 2817/2408/2408
f 2820/2411/2390 2819/2410/2392 2817/2408/2408
f 2818/2409/2409 2821/2412/2410 2816/2407/2407
f 2820/2411/2390 2817/2408/2408 2804/2395/2395
f 2803/2394/2389 2820/2411/2390 2804/2395/2395
f 2805/2396/2396 2804/2395/2395 2817/2408/2408
f 2814/2405/2405 2815/2406/2406 2822/2413/2411
f 2815/2406/2406 2823/2414/2412 2822/2413/2411
f 2822/2413/2411 2823/2414/2412 2824/2415/2413
f 2823/2414/2412 2825/2416/2414 2824/2415/2413
f 2826/2417/2415 2825/2416/2414 2823/2414/2412
f 2827/2418/2416 2826/2417/2415 2823/2414/2412
f 2827/2418/2416 2823/2414/2412 2815/2406/2406
f 2821/2412/2410 2826/2417/2415 2827/2418/2416
f 2816/2407/2407 2821/2412/2410 2827/2418/2416
f 2813/2404/2404 2827/2418/2416 2815/2406/2406
f 2816/2407/2407 2827/2418/2416 2812/2403/2403
f 2813/2404/2404 2812/2403/2403 2827/2418/2416
f 2828/2419/2417 2829/2422/2418 2830/2421/2419
f 2831/2420/2420 2828/2419/2417 2830/2421/2419
f 2831/2420/2420 2830/2421/2419 2832/2423/2421
f 2833/2424/2422 2831/2420/2420 2832/2423/2421
f 2834/2425/2423 2831/2420/2420 2833/2424/2422
f 2835/2426/2424 2834/2425/2423 2833/2424/2422
f 2836/2427/2425 2828/2419/2417 2831/2420/2420
f 2834/2425/2423 2836/2427/2425 2831/2420/2420
f 2835/2426/2424 2833/2424/2422 2837/2428/2426
f 2838/2429/2427 2835/2426/2424 2837/2428/2426
f 2838/2429/2427 2837/2428/2426 2759/2350/2351
f 2759/2350/2351 2837/2428/2426 2760/2353/2352
f 2837/2428/2426 2839/2430/2428 2760/2353/2352
f 2833/2424/2422 2832/2423/2421 2839/2430/2428
f 2837/2428/2426 2833/2424/2422 2839/2430/2428
f 2767/2358/2359 2838/2429/2427 2759/2350/2351
f 2838/2429/2427 2840/2431/2429 2835/2426/2424
f 2840/2431/2429 2841/2432/2430 2835/2426/2424
f 2835/2426/2424 2841/2432/2430 2834/2425/2423
f 2840/2431/2429 2811/2402/2402 2841/2432/2430
f 2811/2402/2402 2842/2433/2405 2841/2432/2430
f 2782/2373/2374 2840/2431/2429 2838/2429/2427
f 2767/2358/2359 2782/2373/2374 2838/2429/2427
f 2811/2402/2402 2840/2431/2429 2782/2373/2374
f 2834/2425/2423 2843/2434/2431 2836/2427/2425
f 2841/2432/2430 2843/2434/2431 2834/2425/2423
f 2841/2432/2430 2842/2433/2405 2843/2434/2431
f 2843/2434/2431 2844/2435/2432 2836/2427/2425
f 2843/2434/2431 2845/2436/2411 2844/2435/2432
f 2842/2433/2405 2845/2436/2411 2843/2434/2431
f 2845/2436/2411 2846/2437/2413 2844/2435/2432
f 2839/2430/2428 2847/2438/2433 2760/2353/2352
f 2760/2353/2352 2847/2438/2433 2848/2439/2434
f 2761/2352/2353 2760/2353/2352 2848/2439/2434
f 2848/2439/2434 2847/2438/2433 2849/2440/2435
f 2847/2438/2433 2850/2441/2436 2849/2440/2435
f 2849/2440/2435 2850/2441/2436 2851/2442/2437
f 2849/2440/2435 2851/2442/2437 2852/2443/2438
f 2849/2440/2435 2852/2443/2438 2848/2439/2434
f 2852/2443/2438 2851/2442/2437 2853/2444/2439
f 2853/2444/2439 2851/2442/2437 2854/2445/2440
f 2851/2442/2437 2855/2446/2441 2854/2445/2440
f 2851/2442/2437 2856/2447/2419 2855/2446/2441
f 2850/2441/2436 2856/2447/2419 2851/2442/2437
f 2856/2447/2419 2857/2448/2418 2855/2446/2441
f 2858/2449/2442 2852/2443/2438 2853/2444/2439
f 2848/2439/2434 2852/2443/2438 2858/2449/2442
f 2859/2450/2421 2856/2447/2419 2850/2441/2436
f 2859/2450/2421 2850/2441/2436 2847/2438/2433
f 2858/2449/2442 2853/2444/2439 2860/2451/2443
f 2860/2451/2443 2853/2444/2439 2861/2452/2444
f 2862/2453/2445 2860/2451/2443 2861/2452/2444
f 2862/2453/2445 2861/2452/2444 2863/2454/2446
f 2863/2454/2446 2861/2452/2444 2864/2455/2385
f 2864/2455/2385 2861/2452/2444 2865/2456/2386
f 2861/2452/2444 2866/2457/2447 2865/2456/2386
f 2853/2444/2439 2854/2445/2440 2866/2457/2447
f 2861/2452/2444 2853/2444/2439 2866/2457/2447
f 2867/2458/2378 2863/2454/2446 2864/2455/2385
f 2868/2459/2448 2860/2451/2443 2862/2453/2445
f 2858/2449/2442 2860/2451/2443 2868/2459/2448
f 2869/2460/2449 2868/2459/2448 2862/2453/2445
f 2869/2460/2449 2863/2454/2446 2867/2458/2378
f 2862/2453/2445 2863/2454/2446 2869/2460/2449
f 2763/2354/2355 2868/2459/2448 2869/2460/2449
f 2772/2363/2364 2763/2354/2355 2869/2460/2449
f 2772/2363/2364 2869/2460/2449 2771/2362/2363
f 2771/2362/2363 2869/2460/2449 2867/2458/2378
f 2868/2459/2448 2848/2439/2434 2858/2449/2442
f 2761/2352/2353 2848/2439/2434 2868/2459/2448
f 2763/2354/2355 2761/2352/2353 2868/2459/2448
f 2839/2430/2428 2859/2450/2421 2847/2438/2433
f 2783/2374/2375 2811/2402/2402 2782/2373/2374
f 2870/2461/2450 2871/2464/2451 2872/2463/2452
f 2873/2462/2453 2870/2461/2450 2872/2463/2452
f 2874/2465/2454 2870/2461/2450 2873/2462/2453
f 2875/2466/2455 2874/2465/2454 2873/2462/2453
f 2871/2464/2451 2876/2467/2456 2872/2463/2452
f 2872/2463/2452 2877/2468/2457 2873/2462/2453
f 2873/2462/2453 2877/2468/2457 2875/2466/2455
f 2874/2465/2454 2878/2469/2458 2870/2461/2450
f 2879/2470/2459 2878/2469/2458 2874/2465/2454
f 2879/2470/2459 2880/2471/2460 2878/2469/2458
f 2880/2471/2460 2881/2472/2461 2878/2469/2458
f 2881/2472/2461 2882/2473/2462 2878/2469/2458
f 2878/2469/2458 2882/2473/2462 2883/2474/2463
f 2878/2469/2458 2883/2474/2463 2870/2461/2450
f 2870/2461/2450 2883/2474/2463 2871/2464/2451
f 2882/2473/2462 2884/2475/2464 2883/2474/2463
f 2882/2473/2462 2885/2476/2465 2884/2475/2464
f 2885/2476/2465 2886/2477/2466 2884/2475/2464
f 2884/2475/2464 2886/2477/2466 2887/2478/2467
f 2886/2477/2466 2888/2479/2468 2887/2478/2467
f 2889/2480/2469 2885/2476/2465 2882/2473/2462
f 2881/2472/2461 2889/2480/2469 2882/2473/2462
f 2886/2477/2466 2890/2481/2470 2888/2479/2468
f 2885/2476/2465 2890/2481/2470 2886/2477/2466
f 2884/2475/2464 2887/2478/2467 2891/2482/2471
f 2883/2474/2463 2884/2475/2464 2891/2482/2471
f 2891/2482/2471 2887/2478/2467 2892/2483/2472
f 2891/2482/2471 2892/2483/2472 2893/2484/2473
f 2887/2478/2467 2894/2485/2474 2892/2483/2472
f 2887/2478/2467 2895/2486/2475 2894/2485/2474
f 2887/2478/2467 2888/2479/2468 2895/2486/2475
f 2883/2474/2463 2891/2482/2471 2871/2464/2451
f 2891/2482/2471 2893/2484/2473 2896/2487/2476
f 2871/2464/2451 2891/2482/2471 2896/2487/2476
f 2871/2464/2451 2896/2487/2476 2897/2488/2477
f 2871/2464/2451 2897/2488/2477 2876/2467/2456
f 2898/2490/2478 2899/2489/2479 2874/2465/2454
f 2899/2489/2479 2900/2491/2480 2874/2465/2454
f 2900/2491/2480 2879/2470/2459 2874/2465/2454
f 2898/2490/2478 2874/2465/2454 2875/2466/2455
f 2901/2492/2481 2902/2495/2478 2903/2494/2455
f 2904/2493/2482 2901/2492/2481 2903/2494/2455
f 2905/2496/2483 2901/2492/2481 2904/2493/2482
f 2906/2497/2484 2905/2496/2483 2904/2493/2482
f 2907/2498/2485 2906/2497/2484 2904/2493/2482
f 2903/2494/2455 2908/2499/2457 2904/2493/2482
f 2904/2493/2482 2908/2499/2457 2907/2498/2485
f 2907/2498/2485 2908/2499/2457 2909/2500/2452
f 2909/2500/2452 2910/2501/2456 2907/2498/2485
f 2910/2501/2456 2911/2502/2486 2907/2498/2485
f 2911/2502/2486 2906/2497/2484 2907/2498/2485
f 2911/2502/2486 2912/2503/2487 2906/2497/2484
f 2912/2503/2487 2913/2504/2488 2906/2497/2484
f 2906/2497/2484 2913/2504/2488 2905/2496/2483
f 2912/2503/2487 2914/2505/2489 2913/2504/2488
f 2915/2506/2473 2914/2505/2489 2912/2503/2487
f 2915/2506/2473 2916/2507/2472 2914/2505/2489
f 2916/2507/2472 2917/2508/2474 2914/2505/2489
f 2917/2508/2474 2918/2509/2490 2914/2505/2489
f 2917/2508/2474 2919/2510/2475 2918/2509/2490
f 2914/2505/2489 2918/2509/2490 2920/2511/2491
f 2914/2505/2489 2920/2511/2491 2913/2504/2488
f 2918/2509/2490 2921/2512/2492 2920/2511/2491
f 2920/2511/2491 2921/2512/2492 2922/2513/2493
f 2921/2512/2492 2923/2514/2494 2922/2513/2493
f 2922/2513/2493 2923/2514/2494 2924/2515/2495
f 2923/2514/2494 2925/2516/2496 2924/2515/2495
f 2924/2515/2495 2925/2516/2496 2926/2517/2460
f 2924/2515/2495 2926/2517/2460 2927/2518/2459
f 2925/2516/2496 2928/2519/2461 2926/2517/2460
f 2925/2516/2496 2929/2520/2469 2928/2519/2461
f 2920/2511/2491 2922/2513/2493 2930/2521/2497
f 2913/2504/2488 2920/2511/2491 2930/2521/2497
f 2922/2513/2493 2924/2515/2495 2931/2522/2498
f 2930/2521/2497 2922/2513/2493 2931/2522/2498
f 2924/2515/2495 2927/2518/2459 2932/2523/2480
f 2931/2522/2498 2924/2515/2495 2932/2523/2480
f 2931/2522/2498 2932/2523/2480 2933/2524/2479
f 2921/2512/2492 2934/2525/2499 2923/2514/2494
f 2934/2525/2499 2935/2526/2500 2923/2514/2494
f 2925/2516/2496 2935/2526/2500 2929/2520/2469
f 2923/2514/2494 2935/2526/2500 2925/2516/2496
f 2934/2525/2499 2936/2527/2470 2935/2526/2500
f 2935/2526/2500 2936/2527/2470 2937/2528/2465
f 2935/2526/2500 2937/2528/2465 2929/2520/2469
f 2938/2529/2468 2936/2527/2470 2934/2525/2499
f 2938/2529/2468 2934/2525/2499 2918/2509/2490
f 2919/2510/2475 2938/2529/2468 2918/2509/2490
f 2918/2509/2490 2934/2525/2499 2921/2512/2492
f 2913/2504/2488 2930/2521/2497 2905/2496/2483
f 2931/2522/2498 2933/2524/2479 2902/2495/2478
f 2901/2492/2481 2931/2522/2498 2902/2495/2478
f 2930/2521/2497 2931/2522/2498 2901/2492/2481
f 2905/2496/2483 2930/2521/2497 2901/2492/2481
f 2939/2531/2477 2940/2530/2476 2912/2503/2487
f 2940/2530/2476 2915/2506/2473 2912/2503/2487
f 2939/2531/2477 2912/2503/2487 2911/2502/2486
f 2910/2501/2456 2939/2531/2477 2911/2502/2486
f 2941/2532/2501 2942/2535/2502 2943/2534/2503
f 2944/2533/2504 2941/2532/2501 2943/2534/2503
f 2945/2536/2505 2941/2532/2501 2944/2533/2504
f 2946/2537/2506 2945/2536/2505 2944/2533/2504
f 2943/2534/2503 2942/2535/2502 2947/2538/2507
f 2943/2534/2503 2947/2538/2507 2948/2539/2508
f 2949/2540/2509 2943/2534/2503 2948/2539/2508
f 2944/2533/2504 2943/2534/2503 2949/2540/2509
f 2942/2535/2502 2950/2541/2510 2947/2538/2507
f 2946/2537/2506 2951/2542/2511 2945/2536/2505
f 2952/2543/2512 2951/2542/2511 2946/2537/2506
f 2953/2544/2513 2952/2543/2512 2946/2537/2506
f 2951/2542/2511 2954/2545/2514 2945/2536/2505
f 2942/2535/2502 2941/2532/2501 2955/2546/2515
f 2942/2535/2502 2955/2546/2515 2950/2541/2510
f 2941/2532/2501 2956/2547/2516 2955/2546/2515
f 2956/2547/2516 2941/2532/2501 2945/2536/2505
f 2955/2546/2515 2957/2548/2517 2950/2541/2510
f 2957/2548/2517 2955/2546/2515 2958/2549/2518
f 2958/2549/2518 2955/2546/2515 2959/2550/2519
f 2955/2546/2515 2956/2547/2516 2959/2550/2519
f 2960/2551/2520 2958/2549/2518 2959/2550/2519
f 2961/2552/2521 2958/2549/2518 2960/2551/2520
f 2962/2553/2522 2961/2552/2521 2960/2551/2520
f 2960/2551/2520 2959/2550/2519 2963/2554/2522
f 2959/2550/2519 2964/2555/2523 2963/2554/2522
f 2964/2555/2523 2959/2550/2519 2965/2556/2524
f 2965/2556/2524 2959/2550/2519 2966/2557/2525
f 2965/2556/2524 2966/2557/2525 2967/2558/2526
f 2966/2557/2525 2968/2559/2527 2967/2558/2526
f 2959/2550/2519 2969/2560/2528 2966/2557/2525
f 2959/2550/2519 2956/2547/2516 2969/2560/2528
f 2970/2561/2526 2964/2555/2523 2965/2556/2524
f 2966/2557/2525 2969/2560/2528 2971/2562/2527
f 2969/2560/2528 2972/2563/2529 2971/2562/2527
f 2973/2564/2521 2957/2548/2517 2958/2549/2518
f 2969/2560/2528 2945/2536/2505 2972/2563/2529
f 2969/2560/2528 2956/2547/2516 2945/2536/2505
f 2945/2536/2505 2954/2545/2514 2972/2563/2529
f 2974/2565/2530 2975/2567/2531 2944/2533/2504
f 2976/2566/2532 2974/2565/2530 2944/2533/2504
f 2944/2533/2504 2975/2567/2531 2977/2568/2533
f 2978/2569/2534 2944/2533/2504 2977/2568/2533
f 2976/2566/2532 2944/2533/2504 2949/2540/2509
f 2949/2540/2509 2979/2570/2508 2976/2566/2532
f 2979/2570/2508 2980/2571/2530 2976/2566/2532
f 2946/2537/2506 2944/2533/2504 2978/2569/2534
f 2953/2544/2513 2946/2537/2506 2978/2569/2534
f 2978/2569/2534 2981/2572/2533 2953/2544/2513
f 2981/2572/2533 2982/2573/2512 2953/2544/2513
# Vertices: 2982, normals: 2534, texture coordinates: 2573, faces: 4824

