# File generated by FabConvert.com - Free Image and 3D model conversion tools

mtllib mtl/squidward_house.mtl

o obj1
v 0.54858192 1.9904114 0.16296976
v 0.54858192 3.20362918 0.16296957
v 0.54858192 3.20362913 -0.16296911
v 0.54858192 1.99041134 -0.16296891
v 1.15183749 3.20362913 -0.16296911
v 1.29692201 1.99041134 -0.16296891
v 1.15183749 3.20362918 0.16296957
v 1.29692201 1.9904114 0.16296976
v 0.54858192 3.20362918 0.16296957
v 0.54858192 1.9904114 0.16296976
v 0.54858192 1.99041134 -0.16296891
v 0.54858192 1.9904114 0.16296976
v 0.54858192 3.20362913 -0.16296911
v 0.54858192 3.20362918 0.16296957
vn -1 0 0
vn 0 1 0
vn 0.99293 0 0.11874
vn 0 -1 0
vn 0 0 -1
vn 0 0 1
vt 0.375 1
vt 0.625 1
vt 0.625 0.75
vt 0.375 0.75
vt 0.625 0.5
vt 0.375 0.5
vt 0.625 0.25
vt 0.375 0.25
vt 0.625 0
vt 0.375 0
vt 0.125 0.5
vt 0.125 0.25
vt 0.875 0.5
vt 0.875 0.25
usemtl mat1
f 1/1/1 2/2/1 3/3/1
f 1/1/1 3/3/1 4/4/1
f 4/4/2 3/3/2 5/5/2
f 4/4/2 5/5/2 6/6/2
f 6/6/3 5/5/3 7/7/3
f 6/6/3 7/7/3 8/8/3
f 8/8/4 7/7/4 9/9/4
f 8/8/4 9/9/4 10/10/4
f 11/11/5 6/6/5 8/8/5
f 11/11/5 8/8/5 12/12/5
f 5/5/6 13/13/6 14/14/6
f 5/5/6 14/14/6 7/7/6
# Vertices: 14, normals: 6, texture coordinates: 14, faces: 12

o obj2
v -0.53858618 1.99041136 -0.16296904
v -0.53858618 3.20362914 -0.16296913
v -0.53858605 3.20362917 0.16296954
v -0.53858605 1.99041138 0.16296963
v -1.14184163 3.20362917 0.16296978
v -1.28692614 1.99041138 0.16296993
v -1.14184175 3.20362914 -0.1629689
v -1.28692627 1.99041136 -0.16296875
v -0.53858618 3.20362914 -0.16296913
v -0.53858618 1.99041136 -0.16296904
v -0.53858605 1.99041138 0.16296963
v -0.53858618 1.99041136 -0.16296904
v -0.53858605 3.20362917 0.16296954
v -0.53858618 3.20362914 -0.16296913
vn -1 0 0
vn 0 1 0
vn 0.99293 0 0.11874
vn 0 -1 0
vn 0 0 -1
vn 0 0 1
vt 0.375 1
vt 0.625 1
vt 0.625 0.75
vt 0.375 0.75
vt 0.625 0.5
vt 0.375 0.5
vt 0.625 0.25
vt 0.375 0.25
vt 0.625 0
vt 0.375 0
vt 0.125 0.5
vt 0.125 0.25
vt 0.875 0.5
vt 0.875 0.25
usemtl mat1
f 15/15/7 16/16/7 17/17/7
f 15/15/7 17/17/7 18/18/7
f 18/18/8 17/17/8 19/19/8
f 18/18/8 19/19/8 20/20/8
f 20/20/9 19/19/9 21/21/9
f 20/20/9 21/21/9 22/22/9
f 22/22/10 21/21/10 23/23/10
f 22/22/10 23/23/10 24/24/10
f 25/25/11 20/20/11 22/22/11
f 25/25/11 22/22/11 26/26/11
f 19/19/12 27/27/12 28/28/12
f 19/19/12 28/28/12 21/21/12
# Vertices: 14, normals: 6, texture coordinates: 14, faces: 12

o obj3
v 0.74669424 3.71752664 0.57789681
v 0.74679804 3.71753176 0.50647793
v 0.74697945 3.68980054 0.50644724
v 0.74687355 3.68980055 0.57786144
v 0.74661713 3.71752662 0.43514957
v 0.74679149 3.68980052 0.43512462
v 0.74681631 3.6620693 0.50654953
v 0.7467101 3.66207446 0.57799003
v 0.74663103 3.66207444 0.43519621
v 0.74582219 3.74102049 0.6379765
v 0.74616304 3.74105836 0.57807524
v 0.74632907 3.71751126 0.63779142
v 0.74626595 3.74107098 0.50662523
v 0.74610455 3.74105834 0.43526037
v 0.74565215 3.74102045 0.37561463
v 0.74612847 3.71751122 0.37552648
v 0.74628911 3.68980051 0.3755034
v 0.74613604 3.66208982 0.37555109
v 0.74567086 3.63858058 0.37567524
v 0.74613916 3.6385427 0.43537514
v 0.74631419 3.6385301 0.50680113
v 0.7462132 3.63854274 0.57830349
v 0.74633103 3.66208985 0.63789668
v 0.74585298 3.63858062 0.63823252
v 0.74649422 3.68980057 0.63775723
v 0.04671316 3.78171459 0.77487132
v 0.04671316 3.78188559 0.65087493
v 0.09342631 3.78188559 0.64925163
v 0.09342631 3.78171458 0.77265647
v 0.04671316 3.78171454 0.52690998
v 0.09342631 3.78171454 0.52587842
v 0.14013945 3.78188559 0.64635574
v 0.14013946 3.78171458 0.76870532
v 0.14013945 3.78171454 0.52403823
v 0 3.78120153 0.87907709
v 0 3.78171459 0.77556241
v 0.04671316 3.78120153 0.87823324
v -0 3.78188559 0.65138139
v 0 3.78171454 0.5272318
v 0 3.78120145 0.42381129
v 0.04671316 3.78120145 0.42364246
v 0.09342631 3.78120145 0.4231013
v 0.14013946 3.78120145 0.42213595
v 0.18685263 3.78120145 0.42069442
v 0.1868526 3.78171454 0.52129037
v 0.1868526 3.78188559 0.64203149
v 0.1868526 3.78171458 0.76280519
v 0.14013946 3.78120153 0.87070367
v 0.18685263 3.78120153 0.86349857
v 0.09342631 3.78120153 0.87552861
v -0.42036971 3.71753856 0.29505364
v -0.46674219 3.71753857 0.29505364
v -0.46674228 3.68980051 0.29488262
v -0.42036975 3.68980051 0.29488262
v -0.51253086 3.71753857 0.29505364
v -0.51253095 3.6898005 0.29488262
v -0.46674228 3.66206245 0.29505365
v -0.42036971 3.66206245 0.29505365
v -0.51253086 3.66206245 0.29505365
v -0.37370525 3.74108778 0.29556671
v -0.42036971 3.74108778 0.29556671
v -0.37370525 3.71753857 0.29505364
v -0.46674228 3.74108778 0.29556671
v -0.51253086 3.74108778 0.29556671
v -0.55744369 3.74108778 0.29556671
v -0.55744365 3.71753857 0.29505364
v -0.55744365 3.6898005 0.29488262
v -0.5574436 3.66206244 0.29505365
v -0.55744369 3.63851321 0.29556673
v -0.51253086 3.63851321 0.29556673
v -0.46674228 3.6385132 0.29556673
v -0.42036971 3.63851321 0.29556673
v -0.37370521 3.66206243 0.29505365
v -0.37370525 3.63851321 0.29556673
v -0.37370525 3.6898005 0.29488262
v 0.42037002 3.78171457 0.70737136
v 0.42036984 3.78188558 0.60140495
v 0.466743 3.78188558 0.59069663
v 0.4667446 3.78171457 0.69275898
v 0.42036971 3.78171454 0.49547442
v 0.46674237 3.78171454 0.48867016
v 0.51253331 3.78188558 0.5792257
v 0.51253892 3.78171457 0.67710388
v 0.51253113 3.78171454 0.4813819
v 0.37370525 3.78120152 0.81243813
v 0.37370525 3.78171458 0.7209936
v 0.42037047 3.78120151 0.79580202
v 0.37370525 3.78188558 0.61138825
v 0.37370521 3.78171454 0.50181822
v 0.37370525 3.78120145 0.41047941
v 0.42036975 3.78120145 0.40715148
v 0.46674224 3.78120145 0.40358203
v 0.51253086 3.78120145 0.39975875
v 0.55744365 3.78120145 0.39566922
v 0.55744441 3.78171454 0.47358588
v 0.55744935 3.78188558 0.56695459
v 0.55746263 3.78171457 0.66035379
v 0.51254988 3.78120151 0.75882998
v 0.55748878 3.78120151 0.7383621
v 0.4667479 3.78120151 0.77795465
v -0.67781638 3.71752798 0.76451637
v -0.64261606 3.71753592 0.78806277
v -0.64259419 3.68980079 0.78826111
v -0.67779607 3.68980084 0.7647099
v -0.60191825 3.71753868 0.81396497
v -0.60190199 3.68980072 0.8141614
v -0.64255151 3.66206596 0.78809713
v -0.67774145 3.66207409 0.76455844
v -0.60187392 3.66206298 0.81398802
v -0.70523343 3.7410228 0.74490905
v -0.67782507 3.74106154 0.7639673
v -0.70525192 3.71751224 0.74541139
v -0.64263353 3.74108109 0.78749392
v -0.60193317 3.74108789 0.81339354
v -0.55799842 3.74108844 0.83957039
v -0.55799013 3.71753889 0.8401371
v -0.55798131 3.68980066 0.84032916
v -0.55796643 3.66206254 0.84014936
v -0.55794015 3.63851332 0.83960052
v -0.60182363 3.63851435 0.81345031
v -0.64247141 3.63852172 0.78757903
v -0.67762963 3.63854172 0.76407232
v -0.70518563 3.66208992 0.74545363
v -0.70504428 3.63858065 0.74501603
v -0.70524537 3.68980086 0.74558919
v 0.42037795 3.71753866 0.90929878
v 0.46680759 3.71753866 0.88787804
v 0.46680942 3.68980059 0.88806337
v 0.42037813 3.6898006 0.90948469
v 0.51275151 3.71753865 0.86486459
v 0.51275775 3.68980057 0.86504813
v 0.46681062 3.66206251 0.88787645
v 0.42037831 3.66206254 0.90929866
v 0.51276145 3.66206244 0.86485943
v 0.37370525 3.74108789 0.9286797
v 0.42037742 3.74108788 0.90874111
v 0.37370525 3.71753868 0.92923661
v 0.46680438 3.74108787 0.88732055
v 0.51274033 3.74108787 0.86430977
v 0.55794019 3.74108787 0.83960055
v 0.55796652 3.71753865 0.8401494
v 0.55798131 3.68980052 0.84032911
v 0.55799013 3.6620623 0.84013706
v 0.55799846 3.63851273 0.83957045
v 0.51276492 3.63851307 0.86429709
v 0.46681165 3.63851323 0.88731687
v 0.42037835 3.6385133 0.90874073
v 0.37370521 3.66206253 0.92923653
v 0.37370525 3.63851332 0.92867972
v 0.37370525 3.6898006 0.92942216
v -0.51254926 3.78171467 0.67709849
v -0.51253634 3.78188561 0.57922412
v -0.4667438 3.78188559 0.59069612
v -0.46674776 3.7817146 0.69275733
v -0.51253153 3.78171454 0.4813817
v -0.46674251 3.78171454 0.48867007
v -0.42036993 3.78188558 0.60140486
v -0.42037042 3.78171458 0.70737123
v -0.42036975 3.78171454 0.49547437
v -0.55754709 3.78120208 0.73833194
v -0.55748726 3.78171481 0.66034107
v -0.51257447 3.78120175 0.75881728
v -0.55745661 3.78188565 0.56695081
v -0.55744525 3.78171454 0.47358541
v -0.55744365 3.78120145 0.39566922
v -0.51253086 3.78120145 0.39975876
v -0.46674233 3.78120145 0.40358204
v -0.42036971 3.78120145 0.40715148
v -0.37370525 3.78120145 0.41047941
v -0.37370525 3.78171454 0.50181822
v -0.37370525 3.78188558 0.61138828
v -0.37370525 3.78171458 0.7209936
v -0.42037136 3.78120152 0.79580157
v -0.37370525 3.78120152 0.81243813
v -0.46675525 3.78120158 0.77795087
v 0.04671316 3.71753868 1.00804799
v 0.0934263 3.71753868 1.00481052
v 0.09342631 3.68980062 1.00499469
v 0.04671316 3.68980062 1.00823207
v 0.14013945 3.71753868 0.99903347
v 0.14013946 3.68980062 0.99921773
v 0.0934263 3.66206257 1.00481062
v 0.04671316 3.66206257 1.008048
v 0.14013946 3.66206257 0.99903344
v 0 3.7410879 1.00850573
v 0.04671316 3.7410879 1.0074958
v 0 3.71753869 1.00905783
v 0.09342631 3.74108789 1.0042581
v 0.14013945 3.7410879 0.99848057
v 0.1868526 3.7410879 0.98985145
v 0.1868526 3.71753869 0.99040489
v 0.18685263 3.68980061 0.99058941
v 0.18685263 3.66206254 0.99040494
v 0.1868526 3.63851333 0.98985151
v 0.14013945 3.63851333 0.99848063
v 0.09342631 3.63851332 1.00425812
v 0.04671316 3.63851333 1.00749582
v 0 3.66206255 1.0090578
v 0 3.63851333 1.00850579
v 0 3.68980061 1.00924187
v -0.14013946 3.59788657 0.76870535
v -0.09342632 3.59788659 0.7726565
v -0.0934263 3.59771554 0.64925164
v -0.14013946 3.59771555 0.64635577
v -0.04671316 3.59788658 0.77487139
v -0.04671316 3.59771554 0.65087494
v -0.09342631 3.59788656 0.52587841
v -0.14013945 3.59788655 0.52403828
v -0.04671316 3.59788655 0.52691001
v -0.18685263 3.59839965 0.8634986
v -0.14013946 3.59839967 0.87070366
v -0.18685263 3.59788657 0.76280522
v -0.09342631 3.59839968 0.87552869
v -0.04671316 3.59839968 0.87823327
v 0 3.59839965 0.87907716
v 0 3.59788658 0.77556248
v 0 3.59771553 0.65138142
v 0 3.59788654 0.52723186
v 0 3.59839959 0.42381132
v -0.04671316 3.59839959 0.42364249
v -0.09342631 3.59839958 0.42310132
v -0.14013946 3.59839959 0.42213599
v -0.18685263 3.59788653 0.5212904
v -0.18685263 3.59839959 0.42069445
v -0.18685263 3.59771553 0.64203152
v 0.04671316 3.59788658 0.77487135
v 0.0934263 3.59788659 0.77265654
v 0.09342631 3.59771554 0.64925164
v 0.04671316 3.59771555 0.65087494
v 0.14013945 3.59788657 0.76870535
v 0.14013946 3.59771554 0.64635579
v 0.0934263 3.59788656 0.52587843
v 0.04671316 3.59788655 0.52691001
v 0.14013946 3.59788655 0.52403824
v 0.04671316 3.59839968 0.87823327
v 0.09342631 3.59839968 0.87552869
v 0.14013945 3.59839967 0.8707037
v 0.1868526 3.59839965 0.86349855
v 0.1868526 3.59788657 0.76280522
v 0.18685263 3.59771553 0.64203152
v 0.18685263 3.59788653 0.52129038
v 0.1868526 3.59839959 0.42069445
v 0.14013945 3.59839959 0.42213599
v 0.09342631 3.59839958 0.42310131
v 0.04671316 3.59839959 0.42364249
v 0.2335658 3.59788657 0.75482985
v 0.28027891 3.59788658 0.74499884
v 0.28027893 3.59771554 0.6289814
v 0.23356578 3.59771555 0.63618647
v 0.3269921 3.59788657 0.73361814
v 0.32699206 3.59771554 0.62064063
v 0.28027893 3.59788655 0.51299767
v 0.23356578 3.59788654 0.51757616
v 0.32699208 3.59788654 0.50769762
v 0.23356578 3.59839967 0.85375917
v 0.28027893 3.59839967 0.84175363
v 0.3269921 3.59839967 0.82785537
v 0.37370525 3.59839964 0.81243816
v 0.37370525 3.59788657 0.72099367
v 0.37370525 3.59771552 0.61138828
v 0.37370521 3.59788653 0.50181825
v 0.37370525 3.59839959 0.41047944
v 0.3269921 3.59839959 0.41356372
v 0.28027893 3.59839958 0.41634412
v 0.23356578 3.59839959 0.41874598
v 0.42037042 3.59788656 0.70737122
v 0.46674772 3.59788654 0.69275736
v 0.46674389 3.59771552 0.59069617
v 0.42036993 3.59771552 0.60140491
v 0.51254922 3.59788646 0.67709857
v 0.51253643 3.59771551 0.57922417
v 0.46674246 3.59788655 0.4886701
v 0.42036971 3.59788654 0.49547445
v 0.51253153 3.59788654 0.48138173
v 0.42037131 3.59839966 0.7958016
v 0.4667552 3.59839958 0.7779509
v 0.51257447 3.59839941 0.75881727
v 0.55754705 3.59839905 0.73833197
v 0.55748731 3.59788632 0.6603411
v 0.55745657 3.59771545 0.56695084
v 0.5574453 3.59788652 0.47358544
v 0.55744369 3.59839959 0.39566926
v 0.51253086 3.59839959 0.39975879
v 0.46674228 3.59839958 0.40358205
v 0.42036971 3.59839959 0.40715151
v 0.60096459 3.59789976 0.642683
v 0.64114741 3.59799526 0.62532753
v 0.64105965 3.59782669 0.54131934
v 0.60090663 3.59772933 0.55402214
v 0.6758928 3.59825484 0.6097293
v 0.67578147 3.59809113 0.5299077
v 0.64102508 3.59799591 0.45731082
v 0.60088498 3.59790017 0.46537466
v 0.67573318 3.59825568 0.45007228
v 0.60107725 3.5984115 0.71673451
v 0.64131683 3.59850143 0.69549758
v 0.67610391 3.59874664 0.67640182
v 0.70327693 3.5992248 0.66122812
v 0.70305761 3.59876067 0.59734315
v 0.70293822 3.59860619 0.52085222
v 0.70287692 3.59876157 0.44433754
v 0.7028321 3.59922705 0.38038121
v 0.67571104 3.59874866 0.38335853
v 0.64101564 3.59850302 0.38713945
v 0.60088128 3.59841252 0.39136328
v -0.51253892 3.59788656 0.67710387
v -0.46674464 3.59788657 0.69275892
v -0.46674295 3.59771553 0.59069664
v -0.51253331 3.59771554 0.57922575
v -0.42037002 3.59788656 0.70737144
v -0.4203698 3.59771553 0.60140498
v -0.46674242 3.59788655 0.48867017
v -0.51253117 3.59788654 0.48138196
v -0.42036971 3.59788654 0.49547445
v -0.55748878 3.59839963 0.73836218
v -0.51254993 3.59839966 0.75883001
v -0.55746272 3.59788656 0.66035384
v -0.46674794 3.59839966 0.77795473
v -0.42037042 3.59839966 0.79580213
v -0.37370525 3.59839964 0.81243816
v -0.37370525 3.59788657 0.72099367
v -0.37370525 3.59771552 0.61138828
v -0.37370521 3.59788653 0.50181825
v -0.37370525 3.59839959 0.41047944
v -0.42036971 3.59839959 0.40715152
v -0.46674228 3.59839958 0.40358206
v -0.51253086 3.59839959 0.39975879
v -0.55744436 3.59788653 0.47358591
v -0.55744369 3.59839959 0.39566925
v -0.55744931 3.59771552 0.5669546
v -0.3269921 3.59788657 0.73361814
v -0.28027893 3.59788658 0.74499884
v -0.28027893 3.59771554 0.6289814
v -0.32699206 3.59771555 0.62064065
v -0.23356578 3.59788657 0.75482985
v -0.23356578 3.59771554 0.63618647
v -0.28027895 3.59788655 0.51299769
v -0.3269921 3.59788654 0.50769762
v -0.23356578 3.59788654 0.51757616
v -0.32699208 3.59839967 0.82785541
v -0.28027893 3.59839967 0.84175358
v -0.23356578 3.59839967 0.85375917
v -0.23356578 3.59839959 0.41874598
v -0.28027893 3.59839958 0.41634412
v -0.32699208 3.59839959 0.41356373
v -0.14013946 3.78171458 0.76870532
v -0.14013947 3.78188559 0.64635576
v -0.0934263 3.78188559 0.64925161
v -0.09342631 3.78171458 0.77265651
v -0.14013945 3.78171454 0.52403823
v -0.09342631 3.78171454 0.52587838
v -0.04671316 3.78188559 0.65087491
v -0.04671316 3.78171459 0.77487136
v -0.04671316 3.78171454 0.52690998
v -0.18685263 3.78120153 0.86349857
v -0.18685263 3.78171458 0.76280519
v -0.14013946 3.78120153 0.87070367
v -0.18685263 3.78188559 0.64203149
v -0.1868526 3.78171454 0.52129035
v -0.18685263 3.78120145 0.42069442
v -0.14013946 3.78120145 0.42213596
v -0.09342631 3.78120145 0.4231013
v -0.04671315 3.78120145 0.42364245
v -0.04671315 3.78120153 0.87823324
v -0.09342631 3.78120153 0.87552861
v 0.2335658 3.71753867 0.97873943
v 0.28027891 3.71753868 0.96435799
v 0.28027893 3.68980062 0.96454296
v 0.23356578 3.68980062 0.97892413
v 0.3269921 3.71753867 0.9477078
v 0.32699206 3.68980061 0.94789312
v 0.28027893 3.66206256 0.96435795
v 0.23356578 3.66206256 0.97873948
v 0.32699208 3.66206256 0.9477078
v 0.23356578 3.7410879 0.97818519
v 0.28027893 3.74108789 0.96380295
v 0.3269921 3.74108789 0.94715186
v 0.3269921 3.63851332 0.94715197
v 0.28027893 3.63851331 0.96380301
v 0.23356578 3.63851332 0.97818525
v -0.04671316 3.71753856 0.29505364
v -0.0934263 3.71753857 0.29505364
v -0.09342631 3.68980051 0.29488262
v -0.04671316 3.68980051 0.29488262
v -0.14013945 3.71753857 0.29505364
v -0.14013946 3.6898005 0.29488262
v -0.0934263 3.66206245 0.29505365
v -0.04671316 3.66206245 0.29505365
v -0.14013946 3.66206245 0.29505365
v 0 3.74108778 0.29556671
v -0.04671316 3.74108778 0.29556671
v 0 3.71753857 0.29505364
v -0.09342631 3.74108778 0.29556671
v -0.14013945 3.74108778 0.29556671
v -0.1868526 3.74108778 0.29556671
v -0.1868526 3.71753857 0.29505364
v -0.18685263 3.6898005 0.29488262
v -0.18685263 3.66206243 0.29505365
v -0.1868526 3.63851321 0.29556673
v -0.14013945 3.63851321 0.29556673
v -0.09342631 3.6385132 0.29556673
v -0.04671316 3.63851321 0.29556673
v 0 3.66206243 0.29505365
v 0 3.63851321 0.29556673
v 0 3.6898005 0.29488262
v -0.2335658 3.71753856 0.29505364
v -0.28027891 3.71753857 0.29505364
v -0.28027893 3.68980051 0.29488262
v -0.23356578 3.68980051 0.29488262
v -0.3269921 3.71753857 0.29505364
v -0.32699206 3.6898005 0.29488262
v -0.28027893 3.66206245 0.29505365
v -0.23356578 3.66206245 0.29505365
v -0.32699208 3.66206245 0.29505365
v -0.23356578 3.74108778 0.29556671
v -0.28027893 3.74108778 0.29556671
v -0.3269921 3.74108778 0.29556671
v -0.3269921 3.63851321 0.29556673
v -0.28027893 3.6385132 0.29556673
v -0.23356578 3.63851321 0.29556673
v -0.51276145 3.71753876 0.86485946
v -0.46681058 3.71753869 0.88787648
v -0.46680942 3.68980061 0.88806337
v -0.51275775 3.68980063 0.86504822
v -0.42037826 3.71753867 0.9092986
v -0.42037813 3.6898006 0.90948464
v -0.46680764 3.66206255 0.88787801
v -0.51275147 3.66206256 0.86486464
v -0.42037791 3.66206255 0.90929888
v -0.51276492 3.74108812 0.86429707
v -0.55799013 3.71753889 0.8401371
v -0.46681165 3.74108795 0.88731677
v -0.4203784 3.74108789 0.90874067
v -0.37370525 3.74108789 0.92867974
v -0.37370525 3.71753868 0.92923661
v -0.37370525 3.6898006 0.92942221
v -0.37370521 3.66206253 0.92923653
v -0.37370525 3.63851332 0.92867976
v -0.42037751 3.63851331 0.90874117
v -0.46680434 3.6385133 0.88732066
v -0.51274033 3.6385133 0.86430987
v -0.55796643 3.66206254 0.84014936
v 0.60187383 3.71753821 0.81398805
v 0.64255151 3.71753519 0.78809716
v 0.64259424 3.68980038 0.78826115
v 0.60190194 3.68980046 0.81416135
v 0.67774145 3.71752707 0.76455852
v 0.67779616 3.68980032 0.76470985
v 0.64261611 3.66206525 0.78806278
v 0.60191821 3.66206249 0.81396498
v 0.67781638 3.66207318 0.76451629
v 0.60182363 3.74108681 0.81345038
v 0.55796652 3.71753865 0.8401494
v 0.64247146 3.74107944 0.78757901
v 0.67762972 3.74105945 0.76407235
v 0.70504428 3.74102051 0.74501601
v 0.7051855 3.71751124 0.74545362
v 0.70524542 3.68980029 0.74558923
v 0.70525188 3.66208891 0.7454114
v 0.70523343 3.63857837 0.74490902
v 0.67782512 3.63853962 0.76396741
v 0.64263353 3.63852009 0.78749398
v 0.60193308 3.63851329 0.81339347
v 0.55799013 3.6620623 0.84013706
v 0.55799846 3.63851273 0.83957045
v -0.3269921 3.78171458 0.73361811
v -0.32699206 3.78188558 0.62064062
v -0.28027891 3.78188559 0.6289814
v -0.28027893 3.78171458 0.74499881
v -0.32699208 3.78171454 0.50769759
v -0.28027895 3.78171454 0.51299769
v -0.23356578 3.78188559 0.63618642
v -0.23356578 3.78171458 0.75482978
v -0.23356578 3.78171454 0.51757611
v -0.3269921 3.78120152 0.82785538
v -0.3269921 3.78120145 0.4135637
v -0.28027895 3.78120145 0.4163441
v -0.23356578 3.78120145 0.41874593
v -0.23356578 3.78120152 0.85375914
v -0.28027895 3.78120152 0.8417536
v -0.67577136 3.59825572 0.60968096
v -0.64106749 3.59799595 0.62533595
v -0.64103176 3.5978269 0.54130831
v -0.67573144 3.59809141 0.52984767
v -0.60091696 3.59790022 0.64270352
v -0.60089202 3.59772945 0.55402653
v -0.641018 3.59799593 0.45729785
v -0.67571487 3.59825571 0.45002564
v -0.60088266 3.5979002 0.46537377
v -0.70295688 3.59922707 0.6610995
v -0.67585328 3.59874873 0.67640743
v -0.70288547 3.59876164 0.59716869
v -0.64113841 3.59850307 0.69555313
v -0.6009657 3.59841258 0.7167877
v -0.60088101 3.59841252 0.39136234
v -0.64101328 3.59850302 0.38713187
v -0.67570315 3.59874866 0.38333298
v -0.70283772 3.5987616 0.44422478
v -0.70281339 3.59922704 0.38032063
v -0.7028538 3.59860647 0.52069227
v -0.6758928 3.78134626 0.60972927
v -0.6757816 3.78150996 0.52990765
v -0.64105956 3.78177441 0.54131933
v -0.64114741 3.78160587 0.62532748
v -0.67573318 3.78134539 0.45007225
v -0.64102504 3.78160517 0.45731078
v -0.60090663 3.78187179 0.55402209
v -0.60096454 3.78170134 0.64268295
v -0.60088493 3.78170088 0.46537464
v -0.70327688 3.78037632 0.66122809
v -0.70305757 3.78084043 0.59734312
v -0.67610387 3.78085451 0.67640179
v -0.70293822 3.78099489 0.52085221
v -0.70287683 3.78083948 0.44433752
v -0.70283201 3.78037399 0.38038118
v -0.67571104 3.78085236 0.3833585
v -0.64101559 3.78109802 0.38713942
v -0.60088128 3.78118852 0.39136325
v -0.6010773 3.78118965 0.71673452
v -0.64131679 3.7810997 0.69549755
v -0.3269921 3.71753867 0.94770784
v -0.28027893 3.71753868 0.96435799
v -0.28027893 3.68980062 0.96454292
v -0.32699206 3.68980061 0.94789312
v -0.23356578 3.71753868 0.97873943
v -0.23356578 3.68980061 0.97892413
v -0.28027895 3.66206256 0.96435795
v -0.3269921 3.66206256 0.94770785
v -0.23356578 3.66206256 0.97873944
v -0.32699208 3.74108789 0.94715191
v -0.28027893 3.74108789 0.96380299
v -0.23356578 3.74108789 0.97818519
v -0.18685263 3.7410879 0.98985145
v -0.18685263 3.71753869 0.99040489
v -0.18685263 3.68980061 0.99058941
v -0.18685263 3.66206254 0.99040494
v -0.18685263 3.63851333 0.98985151
v -0.23356578 3.63851332 0.97818534
v -0.28027893 3.63851331 0.96380305
v -0.32699208 3.63851332 0.94715197
v 0.14013946 3.71753856 0.29505364
v 0.09342632 3.71753857 0.29505364
v 0.0934263 3.68980051 0.29488262
v 0.14013946 3.68980051 0.29488262
v 0.04671316 3.71753857 0.29505364
v 0.04671316 3.6898005 0.29488262
v 0.09342631 3.66206245 0.29505365
v 0.14013945 3.66206245 0.29505365
v 0.04671316 3.66206245 0.29505365
v 0.18685263 3.74108778 0.29556671
v 0.14013946 3.74108778 0.29556671
v 0.18685263 3.71753857 0.29505364
v 0.09342631 3.74108778 0.29556671
v 0.04671316 3.74108778 0.29556671
v 0.04671316 3.63851321 0.29556673
v 0.09342631 3.6385132 0.29556673
v 0.14013946 3.63851321 0.29556673
v 0.18685263 3.66206243 0.29505365
v 0.18685263 3.63851321 0.29556673
v 0.18685263 3.6898005 0.29488262
v 0.60091696 3.78170089 0.64270349
v 0.60089193 3.78187165 0.55402652
v 0.64103176 3.7817742 0.5413083
v 0.64106754 3.78160518 0.6253359
v 0.60088271 3.78170086 0.46537373
v 0.64101795 3.78160515 0.45729781
v 0.67573144 3.7815097 0.52984764
v 0.6757714 3.78134538 0.60968093
v 0.67571478 3.78134536 0.45002562
v 0.60096579 3.78118857 0.71678763
v 0.60088101 3.78118852 0.39136231
v 0.64101332 3.78109802 0.38713185
v 0.67570311 3.78085236 0.38333293
v 0.70281344 3.78037399 0.3803206
v 0.70283776 3.78083945 0.44422475
v 0.70285384 3.78099461 0.52069226
v 0.70288552 3.78083947 0.59716866
v 0.67585328 3.78085241 0.67640745
v 0.70295693 3.78037404 0.66109952
v 0.64113846 3.78109807 0.6955531
v 0.51253091 3.71753856 0.29505364
v 0.46674224 3.71753857 0.29505364
v 0.46674224 3.68980051 0.29488262
v 0.51253095 3.68980051 0.29488262
v 0.42036971 3.71753857 0.29505364
v 0.42036971 3.6898005 0.29488262
v 0.46674233 3.66206245 0.29505365
v 0.51253082 3.66206245 0.29505365
v 0.42036971 3.66206245 0.29505365
v 0.55744369 3.74108778 0.29556671
v 0.51253086 3.74108778 0.29556671
v 0.55744365 3.71753857 0.29505364
v 0.46674228 3.74108778 0.29556671
v 0.42036971 3.74108778 0.29556671
v 0.37370525 3.74108778 0.29556671
v 0.37370525 3.71753857 0.29505364
v 0.37370525 3.6898005 0.29488262
v 0.37370521 3.66206243 0.29505365
v 0.37370525 3.63851321 0.29556673
v 0.42036971 3.63851321 0.29556673
v 0.46674228 3.6385132 0.29556673
v 0.51253086 3.63851321 0.29556673
v 0.55744365 3.66206243 0.29505365
v 0.55744369 3.63851321 0.29556673
v 0.55744369 3.6898005 0.29488262
v -0.60088186 3.71753814 0.29506731
v -0.64102036 3.71753514 0.29516302
v -0.64102192 3.6898005 0.29499399
v -0.60088208 3.6898005 0.29489654
v -0.67572707 3.71752702 0.29542282
v -0.67573238 3.68980051 0.2952585
v -0.6410204 3.66206587 0.29516304
v -0.6008819 3.66206287 0.29506732
v -0.67572707 3.66207397 0.29542283
v -0.55744369 3.74108778 0.29556671
v -0.60088128 3.74108673 0.29557964
v -0.55744365 3.71753857 0.29505364
v -0.64101559 3.74107936 0.29567014
v -0.67571108 3.74105937 0.29591579
v -0.70283201 3.74102044 0.29639417
v -0.70286992 3.7175112 0.29592872
v -0.70288262 3.6898005 0.29577358
v -0.70287001 3.66208982 0.29592874
v -0.70283206 3.63858058 0.29639418
v -0.67571113 3.63854163 0.29591581
v -0.64101564 3.63852164 0.29567016
v -0.60088128 3.63851428 0.29557966
v -0.5574436 3.66206244 0.29505365
v -0.55744369 3.63851321 0.29556673
v -0.55744365 3.6898005 0.29488262
v -0.14013946 3.71753868 0.99903352
v -0.09342632 3.71753868 1.00481056
v -0.0934263 3.68980062 1.00499473
v -0.14013946 3.68980062 0.99921769
v -0.04671316 3.71753868 1.00804799
v -0.04671316 3.68980062 1.00823207
v -0.09342631 3.66206257 1.00481062
v -0.14013945 3.66206257 0.99903353
v -0.04671316 3.66206257 1.00804805
v -0.14013946 3.7410879 0.99848062
v -0.09342631 3.74108789 1.0042581
v -0.04671316 3.7410879 1.0074958
v -0.04671316 3.63851333 1.00749586
v -0.09342631 3.63851332 1.00425812
v -0.14013946 3.63851333 0.99848072
v 0.23356582 3.78171458 0.75482978
v 0.23356578 3.78188559 0.63618642
v 0.28027893 3.78188559 0.62898137
v 0.28027891 3.78171458 0.74499885
v 0.23356578 3.78171454 0.51757611
v 0.28027888 3.78171454 0.51299764
v 0.32699208 3.78188558 0.6206406
v 0.3269921 3.78171458 0.73361811
v 0.32699208 3.78171454 0.50769757
v 0.23356578 3.78120152 0.85375914
v 0.23356578 3.78120145 0.41874595
v 0.28027891 3.78120145 0.4163441
v 0.32699208 3.78120145 0.41356369
v 0.32699208 3.78120152 0.82785534
v 0.28027891 3.78120152 0.84175355
v 0.67572707 3.71752702 0.29542282
v 0.64102045 3.71753515 0.29516303
v 0.64102192 3.68980051 0.29499399
v 0.67573242 3.68980051 0.2952585
v 0.6008819 3.71753814 0.29506731
v 0.60088213 3.6898005 0.29489654
v 0.6410204 3.66206586 0.29516304
v 0.67572707 3.66207399 0.29542282
v 0.6008819 3.66206287 0.29506732
v 0.70283201 3.74102044 0.29639417
v 0.67571104 3.74105937 0.29591579
v 0.70286992 3.7175112 0.29592872
v 0.64101568 3.74107937 0.29567014
v 0.60088132 3.74108673 0.29557964
v 0.55744369 3.74108778 0.29556671
v 0.55744365 3.71753857 0.29505364
v 0.55744369 3.6898005 0.29488262
v 0.55744365 3.66206243 0.29505365
v 0.55744369 3.63851321 0.29556673
v 0.60088132 3.63851427 0.29557965
v 0.64101564 3.63852164 0.29567016
v 0.67571108 3.63854165 0.29591581
v 0.70287001 3.6620898 0.29592873
v 0.70283206 3.63858058 0.29639418
v 0.70288262 3.6898005 0.29577358
v 0.3269921 3.71753856 0.29505364
v 0.28027893 3.71753857 0.29505364
v 0.28027893 3.68980051 0.29488262
v 0.32699206 3.68980051 0.29488262
v 0.23356578 3.71753857 0.29505364
v 0.23356578 3.6898005 0.29488262
v 0.28027895 3.66206245 0.29505365
v 0.3269921 3.66206245 0.29505365
v 0.23356578 3.66206245 0.29505365
v 0.32699208 3.74108778 0.29556671
v 0.28027893 3.74108778 0.29556671
v 0.23356578 3.74108778 0.29556671
v 0.23356578 3.63851321 0.29556673
v 0.28027893 3.6385132 0.29556673
v 0.32699208 3.63851321 0.29556673
v -0.74451922 3.75704084 0.6783236
v -0.74348866 3.76667568 0.67898885
v -0.74281798 3.76644354 0.70079395
v -0.74371021 3.75691041 0.70031648
v -0.74210408 3.77184583 0.67982579
v -0.74161983 3.77146729 0.70143243
v -0.74186578 3.76622516 0.71072654
v -0.74258779 3.7568012 0.71053801
v -0.74091537 3.77105661 0.71100595
v -0.74585298 3.7410205 0.6382325
v -0.74506446 3.75715673 0.63877793
v -0.7452406 3.74096053 0.67783926
v -0.74393349 3.76686825 0.63950852
v -0.74241935 3.77213328 0.64039039
v -0.74048102 3.77493006 0.6413896
v -0.74031873 3.77453519 0.68083242
v -0.74005682 3.7739803 0.7023109
v -0.73967709 3.77328858 0.71158509
v -0.73928955 3.77266006 0.71419674
v -0.73989676 3.77083837 0.7144079
v -0.74055978 3.76612663 0.71462076
v -0.74110048 3.75675555 0.71477334
v -0.7431132 3.74084082 0.71040298
v -0.7415097 3.74081905 0.71486966
v -0.74434209 3.7408943 0.69997786
v -0.72170369 3.77888331 0.69182764
v -0.72204743 3.77784091 0.71396201
v -0.73247215 3.77692851 0.70712675
v -0.73228042 3.77783798 0.6854155
v -0.72240196 3.77641254 0.72363808
v -0.73267044 3.77566977 0.71654666
v -0.73767754 3.77566686 0.70376837
v -0.73770084 3.77640689 0.68226619
v -0.73762319 3.77465742 0.71302536
v -0.70327688 3.78037632 0.66122809
v -0.70361924 3.77959512 0.70305411
v -0.72142246 3.7795929 0.65122641
v -0.70403324 3.77845886 0.72588456
v -0.70444919 3.7769219 0.73591212
v -0.70479708 3.77493863 0.73932922
v -0.72272062 3.77454248 0.72686335
v -0.73289555 3.77398518 0.71955934
v -0.73767318 3.77329069 0.71579797
v -0.74031873 3.77453519 0.68083242
v -0.73769674 3.77691459 0.64271195
v -0.73211968 3.77845393 0.6455226
v -0.72327356 3.75704477 0.73107191
v -0.73366571 3.75691336 0.72299297
v -0.73343664 3.7664479 0.72219678
v -0.72314775 3.76668155 0.73004024
v -0.73880165 3.75680277 0.71812914
v -0.73843051 3.76622747 0.71763549
v -0.73316485 3.77147251 0.72108533
v -0.72296813 3.77185306 0.72865155
v -0.73800253 3.7710593 0.71691882
v -0.70523343 3.7410228 0.74490905
v -0.72336475 3.74096263 0.73178323
v -0.7052076 3.75716104 0.74406907
v -0.7338481 3.74089587 0.7235293
v -0.73909314 3.74084165 0.71845542
v -0.74110048 3.75675555 0.71477334
v -0.73989676 3.77083837 0.7144079
v -0.70502468 3.77214142 0.74129976
v -0.70514977 3.76687474 0.74287288
v 0.72293931 3.75704079 0.73123923
v 0.72255837 3.7666755 0.73029288
v 0.73298821 3.7664431 0.72233177
v 0.73345228 3.75691023 0.72308184
v 0.72214825 3.77184532 0.72895199
v 0.73248904 3.77146632 0.72122998
v 0.73814059 3.76622419 0.71761535
v 0.73871576 3.75680068 0.7181119
v 0.73749903 3.77105492 0.7168724
v 0.70504428 3.74102051 0.74501601
v 0.70480443 3.75715673 0.744276
v 0.72323356 3.74096052 0.73186725
v 0.70449378 3.76686818 0.7431862
v 0.70415142 3.77213304 0.7416877
v 0.7038161 3.77492949 0.73972139
v 0.72177168 3.77453405 0.72713403
v 0.7320758 3.7739784 0.71963637
v 0.7370212 3.77328578 0.71566374
v 0.7387759 3.77265656 0.71390699
v 0.739529 3.77083558 0.7141537
v 0.74038965 3.76612473 0.71442136
v 0.74110435 3.75675441 0.71463332
v 0.73913648 3.74084056 0.7184368
v 0.74160851 3.74081846 0.71478466
v 0.73380453 3.74089423 0.72356926
v 0.72112692 3.77887934 0.69159157
v 0.73170506 3.77783485 0.68490145
v 0.73174476 3.77692371 0.70681521
v 0.72126934 3.77783486 0.71391274
v 0.73717048 3.7764048 0.68150667
v 0.73705359 3.77566358 0.70321266
v 0.7318441 3.77566358 0.71645498
v 0.72147961 3.77640481 0.7237777
v 0.73694404 3.77465304 0.71270318
v 0.70295693 3.78037404 0.66109952
v 0.72104437 3.7795908 0.6508658
v 0.70308728 3.7795908 0.70304671
v 0.73170462 3.77845228 0.64489239
v 0.73727526 3.7769135 0.64185273
v 0.7400938 3.77492947 0.64042041
v 0.73987582 3.77453404 0.67994238
v 0.73957591 3.7739784 0.70161085
v 0.73917181 3.77328578 0.71111443
v 0.7320758 3.7739784 0.71963637
v 0.72177168 3.77453405 0.72713403
v 0.70352114 3.77691351 0.7362143
v 0.70327675 3.77845229 0.72603723
v 0.74445743 3.75704079 0.67786612
v 0.74370125 3.75691023 0.69993643
v 0.74267199 3.7664431 0.70023558
v 0.74330637 3.7666755 0.67830782
v 0.74261105 3.75680068 0.71027067
v 0.74173606 3.76622419 0.71033901
v 0.74130669 3.77146632 0.70074562
v 0.74178524 3.77184531 0.67897704
v 0.74059872 3.77105491 0.71053084
v 0.74525415 3.74096052 0.67759143
v 0.7449599 3.75715671 0.63829981
v 0.7444074 3.74089423 0.69976817
v 0.74321469 3.74084056 0.71025107
v 0.74038965 3.76612473 0.71442136
v 0.739529 3.77083558 0.7141537
v 0.73987582 3.77453404 0.67994238
v 0.74211054 3.77213302 0.63948359
v 0.74372767 3.76686816 0.63878949
v -0.74417615 3.75704073 0.33663082
v -0.74313169 3.75691016 0.31510112
v -0.74222057 3.76644304 0.31535633
v -0.74313174 3.76667544 0.33683836
v -0.74170167 3.75680062 0.30554894
v -0.74096046 3.76622412 0.30593079
v -0.7409605 3.77146625 0.31560161
v -0.74170175 3.77184526 0.33703688
v -0.73994986 3.77105485 0.30634549
v -0.74567086 3.74102045 0.37567522
v -0.74488769 3.74096046 0.33645591
v -0.74488764 3.75715667 0.37587502
v -0.7437491 3.74089416 0.31489098
v -0.74221037 3.74084049 0.30525905
v -0.74022629 3.74081839 0.30183873
v -0.73983091 3.75675435 0.30223416
v -0.73927525 3.76612467 0.30278981
v -0.7385826 3.77083551 0.30348242
v -0.73795339 3.77265649 0.30411165
v -0.7385826 3.77328572 0.30656834
v -0.7392753 3.77397834 0.3157292
v -0.73983091 3.77453398 0.33717813
v -0.74221037 3.77213298 0.37638835
v -0.74022624 3.77492943 0.37663558
v -0.7437491 3.76686812 0.37612378
v -0.72086719 3.75704073 0.29788887
v -0.72073671 3.76667543 0.29893335
v -0.73130425 3.76644304 0.29984449
v -0.73153662 3.75691016 0.29893335
v -0.72062712 3.77184525 0.3003634
v -0.73108543 3.77146625 0.30110462
v -0.73670878 3.76622412 0.30110462
v -0.73708776 3.75680062 0.3003634
v -0.73629732 3.77105485 0.30211517
v -0.70283201 3.74102044 0.29639417
v -0.70277205 3.75715665 0.2971774
v -0.72098325 3.74096045 0.29717741
v -0.70270572 3.7668681 0.29831592
v -0.70265217 3.77213297 0.2998547
v -0.70262998 3.77492942 0.30183872
v -0.72058088 3.77453398 0.30223416
v -0.73098591 3.77397834 0.30278981
v -0.73607801 3.77328572 0.30348242
v -0.7385826 3.77083551 0.30348242
v -0.73927525 3.76612467 0.30278981
v -0.73983091 3.75675435 0.30223416
v -0.73737541 3.74084049 0.2998547
v -0.73172934 3.74089416 0.29831592
v -0.72086728 3.77887928 0.3377203
v -0.73153667 3.7778348 0.33737445
v -0.7313043 3.77692365 0.31551517
v -0.72073667 3.77783479 0.31542393
v -0.73708771 3.77640474 0.33724785
v -0.73670873 3.77566352 0.31566412
v -0.73108538 3.77566352 0.30595065
v -0.72062721 3.77640474 0.30558929
v -0.73629732 3.77465297 0.3063533
v -0.70283201 3.78037399 0.38038118
v -0.72098329 3.77959075 0.3784575
v -0.70277205 3.77959075 0.33844123
v -0.7317293 3.77845223 0.37739449
v -0.73737545 3.77691345 0.37688843
v -0.73983091 3.77453398 0.33717813
v -0.7385826 3.77328572 0.30656834
v -0.73607801 3.77328572 0.30348242
v -0.73098591 3.77397834 0.30278981
v -0.72058088 3.77453398 0.30223416
v -0.70265217 3.77691344 0.30533257
v -0.70270581 3.77845222 0.31547922
v 0.74416127 3.75704073 0.3365825
v 0.74310902 3.76667544 0.33676489
v 0.74221389 3.76644304 0.31533456
v 0.74312724 3.75691016 0.3150868
v 0.74167266 3.77184526 0.33694304
v 0.74095195 3.77146625 0.3155738
v 0.74095966 3.76622412 0.30592807
v 0.74170113 3.75680062 0.30554715
v 0.73994888 3.77105485 0.30634201
v 0.74485227 3.75715667 0.37576048
v 0.74487976 3.74096046 0.33643035
v 0.74369537 3.76686812 0.37594961
v 0.74214177 3.77213298 0.3761659
v 0.74015153 3.77492943 0.37639324
v 0.73979937 3.77453398 0.3370759
v 0.73926594 3.77397834 0.31569891
v 0.73858144 3.77328572 0.30656456
v 0.73795339 3.77265649 0.30411165
v 0.7385826 3.77083551 0.30348242
v 0.7392753 3.76612467 0.30278981
v 0.73983091 3.75675435 0.30223416
v 0.7422101 3.74084049 0.3052581
v 0.74022624 3.74081839 0.30183873
v 0.74374678 3.74089417 0.3148834
v 0.7208524 3.77887928 0.33767199
v 0.7207323 3.77783479 0.31540961
v 0.73129753 3.77692365 0.31549339
v 0.73151399 3.7778348 0.33730097
v 0.72062658 3.77640474 0.3055875
v 0.73108454 3.77566352 0.30594793
v 0.73670022 3.77566352 0.31563631
v 0.73705871 3.77640474 0.337154
v 0.73629625 3.77465297 0.30634983
v 0.70281344 3.78037399 0.3803206
v 0.70276425 3.77959075 0.33841567
v 0.72094792 3.77959075 0.37834298
v 0.70270336 3.77845222 0.31547165
v 0.70265181 3.77691344 0.30533163
v 0.70262998 3.77492942 0.30183872
v 0.72058088 3.77453398 0.30223416
v 0.73098591 3.77397834 0.30278981
v 0.73607801 3.77328572 0.30348242
v 0.73858144 3.77328572 0.30656456
v 0.73926594 3.77397834 0.31569891
v 0.73979937 3.77453398 0.3370759
v 0.73730676 3.77691345 0.37666597
v 0.73167562 3.77845223 0.37722034
v 0.72086724 3.75704073 0.29788887
v 0.73153667 3.75691016 0.29893335
v 0.7313043 3.76644304 0.29984449
v 0.72073667 3.76667543 0.29893335
v 0.73708771 3.75680062 0.3003634
v 0.73670873 3.76622412 0.30110463
v 0.73108538 3.77146625 0.30110462
v 0.72062721 3.77184525 0.3003634
v 0.73629732 3.77105485 0.30211517
v 0.70283201 3.74102044 0.29639417
v 0.7209832 3.74096045 0.29717741
v 0.70277205 3.75715666 0.2971774
v 0.7317293 3.74089416 0.29831592
v 0.73737545 3.74084049 0.2998547
v 0.73983091 3.75675435 0.30223416
v 0.7392753 3.76612467 0.30278981
v 0.7385826 3.77083551 0.30348242
v 0.73607801 3.77328572 0.30348242
v 0.73098591 3.77397834 0.30278981
v 0.72058088 3.77453398 0.30223416
v 0.70265217 3.77213296 0.2998547
v 0.70270581 3.76686811 0.29831592
v -0.74445747 3.62256034 0.67786614
v -0.74370121 3.6226909 0.6999365
v -0.74267199 3.61315803 0.7002356
v -0.7433065 3.61292566 0.67830781
v -0.742611 3.62280048 0.71027069
v -0.74173606 3.61337694 0.71033903
v -0.74130669 3.60813481 0.70074564
v -0.7417852 3.60775584 0.67897707
v -0.74059872 3.60854624 0.71053082
v -0.74582219 3.63858065 0.63797651
v -0.74525424 3.63864062 0.6775915
v -0.74495994 3.62244441 0.63829983
v -0.74440745 3.63870692 0.69976814
v -0.74321464 3.63876058 0.71025104
v -0.74160851 3.63878269 0.71478463
v -0.74110431 3.62284673 0.7146333
v -0.74038965 3.61347641 0.71442143
v -0.73952905 3.60876556 0.71415373
v -0.7387759 3.60694458 0.71390702
v -0.73917185 3.60631534 0.71111446
v -0.73957591 3.60562272 0.70161088
v -0.73987591 3.6050671 0.67994245
v -0.74211063 3.60746811 0.63948366
v -0.74009375 3.60467165 0.64042042
v -0.74372772 3.61273295 0.6387895
v -0.72293926 3.62256034 0.7312393
v -0.72255846 3.61292564 0.73029295
v -0.73298821 3.61315802 0.72233179
v -0.73345232 3.62269091 0.72308182
v -0.72214829 3.60775584 0.72895206
v -0.73248904 3.60813482 0.72123
v -0.73814059 3.61337695 0.71761538
v -0.73871572 3.62280046 0.71811187
v -0.73749903 3.60854623 0.71687243
v -0.70504428 3.63858065 0.74501603
v -0.70480452 3.62244442 0.74427598
v -0.7232336 3.63864062 0.73186726
v -0.70449387 3.61273298 0.74318627
v -0.70415142 3.60746812 0.74168772
v -0.70381615 3.60467167 0.73972146
v -0.72177172 3.6050671 0.7271341
v -0.7320758 3.60562273 0.71963639
v -0.7370212 3.60631536 0.71566377
v -0.74110431 3.62284673 0.7146333
v -0.73913644 3.63876058 0.71843677
v -0.73380453 3.63870693 0.72356923
v -0.72112692 3.60072181 0.6915916
v -0.73170511 3.60176628 0.68490144
v -0.73174476 3.6026774 0.70681524
v -0.72126943 3.60176629 0.71391272
v -0.73717053 3.60319634 0.68150675
v -0.73705359 3.60393755 0.70321269
v -0.7318441 3.60393755 0.71645501
v -0.72147952 3.60319634 0.72377777
v -0.73694404 3.60494812 0.71270321
v -0.70295688 3.59922707 0.6610995
v -0.72104437 3.60001033 0.65086583
v -0.70308728 3.60001034 0.70304674
v -0.73170471 3.60114884 0.64489242
v -0.73727526 3.60268764 0.64185278
v -0.73917185 3.60631534 0.71111446
v -0.7370212 3.60631536 0.71566377
v -0.70352123 3.60268766 0.73621433
v -0.70327684 3.60114887 0.72603721
v 0.72327356 3.62255639 0.73107184
v 0.73366567 3.62268779 0.72299299
v 0.73343664 3.61315324 0.72219685
v 0.7231478 3.61291959 0.73004031
v 0.73880165 3.62279837 0.71812916
v 0.73843051 3.61337369 0.71763551
v 0.73316485 3.60812862 0.72108535
v 0.72296818 3.6077481 0.72865158
v 0.73800253 3.60854186 0.71691885
v 0.7233648 3.63863852 0.73178324
v 0.70520764 3.6224401 0.74406918
v 0.7338481 3.63870528 0.72352931
v 0.73909314 3.6387595 0.71845543
v 0.74150961 3.63878211 0.71486972
v 0.74110052 3.62284558 0.71477341
v 0.74055978 3.61347453 0.71462074
v 0.73989676 3.60876276 0.71440797
v 0.7392896 3.60694108 0.71419672
v 0.73767322 3.60631046 0.715798
v 0.73289559 3.60561595 0.71955932
v 0.72272066 3.60505868 0.72686342
v 0.70502472 3.60745973 0.74129983
v 0.70479712 3.60466255 0.73932929
v 0.70514977 3.61272642 0.74287295
v 0.74451922 3.62256031 0.67832362
v 0.74348871 3.61292544 0.67898887
v 0.74281798 3.61315758 0.70079402
v 0.74371021 3.62269073 0.7003165
v 0.74210417 3.6077553 0.67982582
v 0.74161983 3.60813384 0.70143246
v 0.74186578 3.613376 0.71072661
v 0.74258779 3.62279995 0.71053803
v 0.74091537 3.60854453 0.71100598
v 0.74506446 3.6224444 0.63877796
v 0.7452406 3.6386406 0.67783928
v 0.74393349 3.61273289 0.63950859
v 0.7424194 3.60746784 0.64039041
v 0.74048106 3.60467106 0.64138963
v 0.74031873 3.60506595 0.68083245
v 0.74005682 3.60562084 0.70231092
v 0.73967709 3.60631258 0.71158512
v 0.73989676 3.60876276 0.71440797
v 0.7431132 3.63876034 0.71040305
v 0.74434209 3.63870683 0.69997788
v 0.7217036 3.60071785 0.69182767
v 0.72204748 3.60176025 0.71396208
v 0.73247215 3.60267263 0.70712677
v 0.73228046 3.60176317 0.68541549
v 0.72240191 3.60318862 0.72363806
v 0.73267044 3.60393137 0.71654669
v 0.73767754 3.60393426 0.70376839
v 0.73770084 3.60319426 0.68226622
v 0.73762319 3.60494373 0.71302535
v 0.70327693 3.5992248 0.66122812
v 0.70361924 3.60000603 0.70305414
v 0.72142237 3.60000824 0.65122643
v 0.70403324 3.60114231 0.72588463
v 0.70444915 3.60267925 0.7359122
v 0.70479712 3.60466255 0.73932929
v 0.72272066 3.60505868 0.72686342
v 0.73767322 3.60631046 0.715798
v 0.74031873 3.60506595 0.68083245
v 0.73769683 3.60268653 0.64271196
v 0.74048106 3.60467106 0.64138963
v 0.73211977 3.60114721 0.64552263
v -0.74416122 3.62256027 0.33658252
v -0.74310902 3.61292558 0.33676492
v -0.74221389 3.61315795 0.31533458
v -0.74312724 3.62269084 0.31508683
v -0.74167262 3.60775577 0.33694306
v -0.74095195 3.60813475 0.31557383
v -0.74095966 3.61337688 0.3059281
v -0.74170104 3.62280039 0.30554718
v -0.73994888 3.60854617 0.30634204
v -0.74565219 3.63858061 0.37561466
v -0.74485231 3.62244436 0.37576049
v -0.7448798 3.63864055 0.33643037
v -0.74369542 3.61273292 0.37594964
v -0.74214172 3.60746806 0.37616593
v -0.74015153 3.60467161 0.37639328
v -0.73979937 3.60506703 0.33707593
v -0.73926594 3.60562267 0.31569894
v -0.73858144 3.6063153 0.30656458
v -0.73795339 3.60694451 0.30411167
v -0.7385826 3.6087655 0.30348245
v -0.7392753 3.61347633 0.30278983
v -0.73983091 3.62284665 0.30223418
v -0.7422101 3.63876052 0.30525812
v -0.74022633 3.63878262 0.30183874
v -0.74374678 3.63870686 0.31488342
v -0.7208524 3.60072176 0.33767201
v -0.72073234 3.60176622 0.31540964
v -0.73129753 3.60267734 0.31549342
v -0.73151404 3.60176623 0.337301
v -0.72062658 3.60319628 0.30558753
v -0.73108454 3.60393749 0.30594795
v -0.73670022 3.60393749 0.31563634
v -0.73705876 3.60319628 0.33715404
v -0.73629625 3.60494805 0.30634985
v -0.70281339 3.59922704 0.38032063
v -0.70276425 3.60001028 0.3384157
v -0.72094792 3.60001029 0.378343
v -0.70270344 3.60114879 0.31547168
v -0.7026519 3.60268757 0.30533165
v -0.70263003 3.6046716 0.30183875
v -0.72058097 3.60506702 0.30223419
v -0.73098591 3.60562268 0.30278983
v -0.73607801 3.60631529 0.30348245
v -0.73926594 3.60562267 0.31569894
v -0.73979937 3.60506703 0.33707593
v -0.7373068 3.6026876 0.37666601
v -0.74015153 3.60467161 0.37639328
v -0.73167562 3.60114881 0.37722036
v -0.72086728 3.62256028 0.29788889
v -0.73153671 3.62269083 0.29893338
v -0.7313043 3.61315796 0.29984452
v -0.72073671 3.61292559 0.29893338
v -0.73708771 3.62280039 0.30036342
v -0.73670873 3.61337688 0.30110465
v -0.73108538 3.60813475 0.30110465
v -0.72062721 3.60775577 0.30036343
v -0.73629732 3.60854616 0.3021152
v -0.72098329 3.63864056 0.29717742
v -0.70277205 3.62244435 0.29717742
v -0.73172939 3.63870686 0.29831594
v -0.73737541 3.63876052 0.29985472
v -0.74022633 3.63878262 0.30183874
v -0.73983091 3.62284665 0.30223418
v -0.7392753 3.61347633 0.30278983
v -0.7385826 3.6087655 0.30348245
v -0.73607801 3.60631529 0.30348245
v -0.72058097 3.60506702 0.30223419
v -0.70265217 3.60746806 0.29985473
v -0.70263003 3.6046716 0.30183875
v -0.70270576 3.6127329 0.29831594
v 0.74417615 3.62256027 0.33663084
v 0.74313174 3.62269083 0.31510114
v 0.74222057 3.61315797 0.31535635
v 0.74313169 3.6129256 0.33683838
v 0.74170162 3.62280041 0.30554897
v 0.74096046 3.61337688 0.30593082
v 0.7409605 3.60813475 0.31560163
v 0.74170158 3.60775579 0.33703691
v 0.73994986 3.60854616 0.30634552
v 0.74567086 3.63858058 0.37567524
v 0.74488769 3.63864056 0.33645593
v 0.74488764 3.62244436 0.37587504
v 0.7437491 3.63870686 0.314891
v 0.74221037 3.63876052 0.30525906
v 0.74022642 3.63878262 0.30183874
v 0.73983091 3.62284666 0.30223419
v 0.73927525 3.61347634 0.30278983
v 0.7385826 3.6087655 0.30348245
v 0.73795339 3.60694452 0.30411167
v 0.7385826 3.60631527 0.30656837
v 0.7392753 3.60562266 0.31572923
v 0.73983091 3.60506704 0.33717816
v 0.74221037 3.60746807 0.37638838
v 0.74022633 3.60467161 0.3766356
v 0.7437491 3.61273292 0.37612381
v 0.72086728 3.62256027 0.29788889
v 0.72073675 3.61292557 0.29893338
v 0.73130425 3.61315795 0.29984452
v 0.73153671 3.62269084 0.29893337
v 0.72062716 3.60775577 0.30036343
v 0.73108543 3.60813475 0.30110465
v 0.73670878 3.61337688 0.30110465
v 0.73708767 3.62280039 0.30036343
v 0.73629732 3.60854616 0.3021152
v 0.70277209 3.62244435 0.29717742
v 0.72098325 3.63864054 0.29717742
v 0.70270581 3.61273291 0.29831594
v 0.70265217 3.60746805 0.29985473
v 0.70263003 3.6046716 0.30183875
v 0.72058097 3.60506703 0.30223419
v 0.73098591 3.60562267 0.30278983
v 0.73607801 3.60631529 0.30348245
v 0.7385826 3.6087655 0.30348245
v 0.73927525 3.61347634 0.30278983
v 0.73737541 3.63876052 0.29985472
v 0.74022642 3.63878262 0.30183874
v 0.73172934 3.63870686 0.29831594
v 0.72086728 3.60072176 0.33772033
v 0.73153671 3.60176622 0.33737448
v 0.7313043 3.60267734 0.3155152
v 0.72073671 3.60176623 0.31542396
v 0.73708771 3.60319628 0.33724788
v 0.73670873 3.60393749 0.31566414
v 0.73108538 3.60393749 0.30595067
v 0.72062721 3.60319628 0.30558932
v 0.73629732 3.60494805 0.30635333
v 0.7028321 3.59922705 0.38038121
v 0.72098329 3.60001029 0.37845753
v 0.70277205 3.60001028 0.33844126
v 0.73172939 3.6011488 0.37739453
v 0.73737541 3.60268759 0.37688846
v 0.74022633 3.60467161 0.3766356
v 0.73983091 3.60506704 0.33717816
v 0.7385826 3.60631527 0.30656837
v 0.73607801 3.60631529 0.30348245
v 0.73098591 3.60562267 0.30278983
v 0.70265217 3.60268759 0.3053326
v 0.70263003 3.6046716 0.30183875
v 0.70270576 3.6011488 0.31547925
v -0.72106312 3.78001248 0.44058018
v -0.72113543 3.78015329 0.51489833
v -0.73193761 3.77893973 0.51151153
v -0.73185502 3.77881772 0.43845453
v -0.72124154 3.78001336 0.58918824
v -0.73201365 3.77881842 0.58454206
v -0.73764912 3.77731643 0.50983753
v -0.73755561 3.77721559 0.43740996
v -0.7376861 3.77721606 0.58224642
v -0.70283201 3.78037399 0.38038118
v -0.70287683 3.78083948 0.44433752
v -0.70293822 3.78099489 0.52085221
v -0.70305757 3.78084043 0.59734312
v -0.74057079 3.77516676 0.58114327
v -0.74057417 3.77524559 0.50902197
v -0.74046739 3.77516649 0.43689598
v -0.73737545 3.77691345 0.37688843
v -0.7317293 3.77845223 0.37739449
v -0.74251576 3.77230817 0.43645949
v -0.74263925 3.7723666 0.50835966
v -0.74425941 3.76702762 0.50774183
v -0.74411748 3.76698773 0.43603749
v -0.74260062 3.7723083 0.58027465
v -0.74419241 3.76698779 0.5794833
v -0.74547199 3.75725397 0.50720882
v -0.74531211 3.75722964 0.43566456
v -0.74538396 3.75722967 0.57881197
v -0.74022624 3.77492943 0.37663558
v -0.74621316 3.74105837 0.57830345
v -0.74631424 3.74107098 0.50680109
v -0.7461392 3.74105834 0.43537512
v -0.74567086 3.74102045 0.37567522
v 0.60104384 3.78032877 0.76529366
v 0.64125353 3.78024677 0.74156741
v 0.64140624 3.77902078 0.76672573
v 0.60114617 3.77909184 0.79176355
v 0.67599085 3.78002421 0.72016668
v 0.67617858 3.7788279 0.74412908
v 0.64158587 3.77738347 0.77780982
v 0.60126471 3.77744222 0.80337109
v 0.67640627 3.77722402 0.7547225
v 0.55748878 3.78120151 0.7383621
v 0.55753047 3.78034049 0.78939037
v 0.64113846 3.78109807 0.6955531
v 0.67666359 3.77517312 0.75837491
v 0.64178188 3.77529823 0.78160136
v 0.60139186 3.77534433 0.80728999
v 0.55764742 3.77745061 0.82930127
v 0.55771451 3.77535092 0.83332989
v 0.55758474 3.779102 0.81717905
v 0.60151958 3.77243961 0.80950484
v 0.64198293 3.77240554 0.78375892
v 0.64217481 3.76705423 0.78544688
v 0.60163964 3.76707749 0.81124399
v 0.67693805 3.77231308 0.76045081
v 0.67720704 3.7669911 0.76206095
v 0.64234262 3.75727022 0.7867066
v 0.60174371 3.75728442 0.81254603
v 0.67744591 3.75723172 0.76325237
v 0.55778151 3.77244448 0.83558203
v 0.7038161 3.77492949 0.73972139
v 0.70415142 3.77213304 0.7416877
v 0.55789854 3.75728645 0.83867878
v 0.55784428 3.76708082 0.83735206
v 0.7210118 3.78001247 0.58880886
v 0.72100423 3.78015303 0.51458125
v 0.73175808 3.77893952 0.51101908
v 0.73173184 3.77881772 0.58393055
v 0.72099247 3.78001245 0.44036514
v 0.73175024 3.7788177 0.43812627
v 0.73743341 3.77731629 0.50920181
v 0.73737207 3.7772156 0.58144255
v 0.73742357 3.77721557 0.43698988
v 0.70285384 3.78099461 0.52069226
v 0.74032456 3.77516648 0.43643784
v 0.74034817 3.77524551 0.50832531
v 0.74025903 3.77516651 0.58025354
v 0.73727526 3.7769135 0.64185273
v 0.73170462 3.77845228 0.64489239
v 0.74233409 3.77230819 0.57945072
v 0.74243762 3.77236657 0.50771797
v 0.74410603 3.76702761 0.50723824
v 0.74399884 3.76698775 0.57883429
v 0.74238541 3.77230817 0.43603865
v 0.74401595 3.76698773 0.43570786
v 0.74537492 3.75725397 0.50687702
v 0.74526969 3.75722966 0.57838292
v 0.74524577 3.75722964 0.43544769
v 0.7400938 3.77492947 0.64042041
v 0.74015153 3.77492943 0.37639324
v 0.74582219 3.74102049 0.6379765
v -0.60088034 3.7803287 0.34297458
v -0.64100815 3.78024671 0.34120373
v -0.64099982 3.7790207 0.31614532
v -0.60087936 3.77909176 0.31665096
v -0.67568578 3.78002415 0.33963872
v -0.67565776 3.77882783 0.31573333
v -0.6409931 3.77738339 0.30516659
v -0.60087852 3.77744214 0.30519864
v -0.67563508 3.77722395 0.30519965
v -0.55744365 3.78120145 0.39566922
v -0.60088128 3.78118852 0.39136325
v -0.55744365 3.78034042 0.34478959
v -0.64101559 3.78109802 0.38713942
v -0.67571104 3.78085236 0.3833585
v -0.67562581 3.77517305 0.30159509
v -0.64099038 3.77529815 0.30146998
v -0.60087816 3.77534425 0.30142389
v -0.5574436 3.77745053 0.30526107
v -0.55744365 3.77535083 0.30141731
v -0.55744365 3.77910191 0.31718601
v -0.60087847 3.77243953 0.299326
v -0.6409931 3.77240547 0.29938475
v -0.64099982 3.76705415 0.29774744
v -0.60087932 3.76707741 0.29767638
v -0.67563508 3.77231301 0.2995442
v -0.67565771 3.76699103 0.29794032
v -0.64100806 3.75727015 0.29652144
v -0.60088034 3.75728434 0.29643945
v -0.67568569 3.75723164 0.296744
v -0.55744365 3.77244439 0.29931761
v -0.70262998 3.77492942 0.30183872
v -0.55744365 3.75728636 0.29642773
v -0.55744365 3.76708073 0.29766623
v -0.14013946 3.78034051 0.93704032
v -0.09342631 3.78034051 0.94242176
v -0.09342631 3.77910202 0.97836164
v -0.14013949 3.77910202 0.97269566
v -0.04671315 3.78034051 0.94543814
v -0.04671316 3.77910202 0.98153742
v -0.09342631 3.77745064 0.99349253
v -0.14013949 3.77745064 0.98772324
v -0.04671316 3.77745064 0.99672618
v -0.18685263 3.78034051 0.92900406
v -0.09342631 3.78120153 0.87552861
v -0.04671315 3.78120153 0.87823324
v 0 3.78120153 0.87907709
v 0 3.78034051 0.94637915
v 0 3.77910202 0.98252823
v 0 3.77745064 0.99773495
v 0 3.77535095 1.00221026
v -0.04671316 3.77535095 1.00119927
v -0.09342631 3.77535094 0.99795854
v -0.14013949 3.77535094 0.9921762
v -0.1868526 3.77745064 0.97910722
v -0.1868526 3.77535094 0.98354048
v -0.1868526 3.77910202 0.96423427
v -0.14013949 3.77244451 0.99443876
v -0.09342631 3.77244451 1.00021936
v -0.09342631 3.76708085 1.0019975
v -0.14013946 3.76708085 0.99621827
v -0.04671316 3.77244451 1.00345902
v -0.04671316 3.76708085 1.00523635
v -0.09342631 3.75728648 1.00333099
v -0.14013946 3.75728648 0.99755279
v -0.04671315 3.75728648 1.00656927
v -0.1868526 3.7724445 0.9858054
v 0 3.77244451 1.00446971
v 0 3.76708085 1.00624655
v 0 3.75728648 1.00757919
v -0.18685263 3.75728647 0.98892273
v -0.18685263 3.7410879 0.98985145
v -0.18685263 3.76708085 0.98758675
v 0.14013946 3.78034042 0.35595523
v 0.09342631 3.78034042 0.3563625
v 0.09342631 3.77910192 0.32061502
v 0.14013949 3.77910192 0.32049435
v 0.04671315 3.78034042 0.35659079
v 0.04671316 3.77910192 0.32068267
v 0.09342631 3.77745053 0.3056897
v 0.14013949 3.77745053 0.30567461
v 0.04671316 3.77745053 0.30569816
v 0.18685263 3.78120145 0.42069442
v 0.14013946 3.78120145 0.42213595
v 0.18685263 3.78034042 0.3553471
v 0.09342631 3.78120145 0.4231013
v 0.04671316 3.78120145 0.42364246
v 0 3.78034042 0.35666203
v 0 3.77910192 0.32070377
v 0 3.77745053 0.30570079
v 0 3.77535083 0.30141731
v 0.04671316 3.77535083 0.30141731
v 0.09342631 3.77535083 0.30141731
v 0.14013949 3.77535083 0.30141731
v 0.1868526 3.77745053 0.30565209
v 0.1868526 3.77535083 0.30141731
v 0.1868526 3.77910192 0.32031416
v 0.14013949 3.77244439 0.29931761
v 0.09342631 3.77244439 0.29931761
v 0.09342631 3.76708073 0.29766623
v 0.14013946 3.76708073 0.29766623
v 0.04671316 3.77244439 0.29931761
v 0.04671316 3.76708073 0.29766623
v 0.09342631 3.75728636 0.29642773
v 0.14013946 3.75728636 0.29642773
v 0.04671315 3.75728636 0.29642773
v 0.1868526 3.77244439 0.29931761
v 0 3.77244439 0.29931761
v 0 3.76708073 0.29766623
v 0 3.75728636 0.29642773
v 0.04671316 3.74108778 0.29556671
v 0.09342631 3.74108778 0.29556671
v 0.14013946 3.74108778 0.29556671
v 0.18685263 3.75728636 0.29642773
v 0.18685263 3.74108778 0.29556671
v 0.18685263 3.76708073 0.29766623
v -0.23356575 3.78034042 0.35452507
v -0.28027893 3.78034042 0.3535118
v -0.28027895 3.77910192 0.31977037
v -0.23356578 3.77910192 0.3200706
v -0.32699208 3.78034042 0.35233881
v -0.32699206 3.77910192 0.31942282
v -0.28027895 3.77745053 0.30558412
v -0.23356578 3.77745053 0.30562164
v -0.32699208 3.77745053 0.30554067
v -0.23356578 3.78120145 0.41874593
v -0.18685263 3.78034042 0.3553471
v -0.28027895 3.78120145 0.4163441
v -0.37370525 3.78120145 0.41047941
v -0.37370525 3.78034042 0.35103764
v -0.37370525 3.77910192 0.31903729
v -0.37370525 3.77745053 0.30549248
v -0.37370525 3.77535083 0.30141731
v -0.32699208 3.77535083 0.30141731
v -0.28027895 3.77535083 0.30141731
v -0.23356578 3.77535083 0.30141731
v -0.18685263 3.77745053 0.30565209
v -0.18685263 3.77535083 0.30141731
v -0.1868526 3.77910192 0.32031416
v -0.23356578 3.77244439 0.29931761
v -0.28027895 3.77244439 0.29931761
v -0.28027895 3.76708073 0.29766623
v -0.23356578 3.76708073 0.29766623
v -0.32699206 3.77244439 0.29931761
v -0.32699208 3.76708073 0.29766623
v -0.28027893 3.75728636 0.29642773
v -0.23356575 3.75728636 0.29642773
v -0.32699208 3.75728636 0.29642773
v -0.1868526 3.77244439 0.29931761
v -0.37370525 3.77244439 0.29931761
v -0.37370521 3.76708073 0.29766623
v -0.37370525 3.75728636 0.29642773
v -0.37370525 3.74108778 0.29556671
v -0.3269921 3.74108778 0.29556671
v -0.28027893 3.74108778 0.29556671
v -0.23356578 3.74108778 0.29556671
v -0.18685263 3.75728636 0.29642773
v -0.18685263 3.76708073 0.29766623
v -0.51261399 3.78034095 0.8122169
v -0.46676692 3.78034063 0.83357634
v -0.46678086 3.77910221 0.86374318
v -0.51266112 3.77910269 0.84123033
v -0.42037278 3.78034051 0.85349381
v -0.42037457 3.77910203 0.88472391
v -0.46679454 3.77745088 0.87676316
v -0.51270714 3.7774515 0.85381479
v -0.42037626 3.77745066 0.89813734
v -0.5576406 3.78034156 0.7893333
v -0.46675525 3.78120158 0.77795087
v -0.42037136 3.78120152 0.79580157
v -0.37370525 3.78120152 0.81243813
v -0.37370525 3.7803405 0.87205142
v -0.37370521 3.77910201 0.90426583
v -0.37370525 3.77745063 0.91803927
v -0.37370525 3.77535093 0.92232975
v -0.4203776 3.77535096 0.90237985
v -0.46680523 3.77535121 0.88094828
v -0.51274349 3.77535188 0.85792725
v -0.55786143 3.7774527 0.82919048
v -0.55794759 3.7753532 0.83320917
v -0.55775224 3.77910363 0.81709236
v -0.51276372 3.77244537 0.86020443
v -0.46681125 3.77244475 0.88323129
v -0.46681329 3.76708103 0.88502858
v -0.51277054 3.76708152 0.86200181
v -0.42037835 3.77244452 0.90466228
v -0.42037866 3.76708086 0.9064577
v -0.46681294 3.75728659 0.88637798
v -0.51276929 3.75728691 0.86335427
v -0.42037858 3.75728648 0.90780437
v -0.55799548 3.77244657 0.83547124
v -0.37370521 3.77244449 0.92460862
v -0.37370521 3.76708084 0.92640105
v -0.37370525 3.75728646 0.92774523
v -0.37370525 3.74108789 0.92867974
v -0.4203784 3.74108789 0.90874067
v -0.46681165 3.74108795 0.88731677
v -0.51276492 3.74108812 0.86429707
v -0.55800875 3.75728753 0.83862171
v -0.55801178 3.76708246 0.83726532
v 0.23356575 3.78034051 0.91814102
v 0.28027893 3.78034051 0.90475008
v 0.28027895 3.77910202 0.93869639
v 0.23356578 3.77910202 0.95279623
v 0.32699208 3.7803405 0.88924801
v 0.32699206 3.77910201 0.92237341
v 0.28027895 3.77745063 0.95310157
v 0.23356578 3.77745064 0.96745985
v 0.32699208 3.77745063 0.93647909
v 0.18685263 3.78120153 0.86349857
v 0.23356578 3.78120152 0.85375914
v 0.18685263 3.78034051 0.92900397
v 0.32699208 3.78120152 0.82785534
v 0.37370525 3.78120152 0.81243813
v 0.37370525 3.7803405 0.87205142
v 0.37370525 3.77910201 0.90426583
v 0.37370525 3.77745063 0.91803931
v 0.37370525 3.77535093 0.92232979
v 0.32699208 3.77535094 0.94081301
v 0.28027895 3.77535094 0.95747447
v 0.23356578 3.77535094 0.9718662
v 0.18685263 3.77745064 0.97910722
v 0.18685263 3.77535094 0.98354052
v 0.1868526 3.77910202 0.96423427
v 0.23356578 3.7724445 0.97413402
v 0.28027895 3.7724445 0.95974563
v 0.28027895 3.76708084 0.96153196
v 0.23356578 3.76708084 0.97591763
v 0.32699206 3.7724445 0.94308795
v 0.32699208 3.76708084 0.94487722
v 0.28027893 3.75728647 0.96287156
v 0.23356575 3.75728647 0.97725527
v 0.32699208 3.75728647 0.94621909
v 0.1868526 3.7724445 0.9858054
v 0.37370525 3.77244449 0.92460866
v 0.37370521 3.76708084 0.92640105
v 0.37370525 3.75728646 0.92774523
v 0.3269921 3.74108789 0.94715186
v 0.28027893 3.74108789 0.96380295
v 0.23356578 3.7410879 0.97818519
v 0.18685263 3.75728647 0.98892269
v 0.1868526 3.7410879 0.98985145
v 0.18685263 3.76708085 0.98758675
v 0.51253091 3.78034042 0.34651485
v 0.46674233 3.78034042 0.3481278
v 0.46674228 3.77910192 0.31817512
v 0.51253082 3.77910192 0.3176972
v 0.42036975 3.78034042 0.34963366
v 0.42036975 3.77910192 0.3186213
v 0.46674224 3.77745053 0.30538471
v 0.51253086 3.77745053 0.30532497
v 0.42036967 3.77745053 0.30544048
v 0.51253086 3.78120145 0.39975875
v 0.5574436 3.78034042 0.34478957
v 0.42036975 3.78120145 0.40715148
v 0.37370525 3.78120145 0.41047941
v 0.37370525 3.78034042 0.35103764
v 0.37370521 3.77910192 0.31903729
v 0.37370525 3.77745053 0.30549248
v 0.37370525 3.77535083 0.30141731
v 0.42036971 3.77535083 0.30141731
v 0.46674224 3.77535083 0.30141731
v 0.51253091 3.77535083 0.30141731
v 0.5574436 3.77745053 0.30526107
v 0.55744365 3.77535083 0.30141731
v 0.55744365 3.77910191 0.31718601
v 0.51253091 3.77244439 0.29931761
v 0.46674224 3.77244439 0.29931761
v 0.46674228 3.76708073 0.29766623
v 0.51253086 3.76708073 0.29766623
v 0.42036975 3.77244439 0.29931761
v 0.42036975 3.76708073 0.29766623
v 0.46674233 3.75728636 0.29642773
v 0.51253091 3.75728636 0.29642773
v 0.42036975 3.75728636 0.29642773
v 0.55744365 3.77244439 0.29931761
v 0.37370521 3.77244439 0.29931761
v 0.37370521 3.76708073 0.29766623
v 0.37370525 3.75728636 0.29642773
v 0.42036971 3.74108778 0.29556671
v 0.46674228 3.74108778 0.29556671
v 0.51253086 3.74108778 0.29556671
v 0.55744365 3.75728636 0.29642773
v 0.5574436 3.76708073 0.29766623
v -0.42036975 3.78034042 0.34963366
v -0.46674233 3.78034042 0.34812781
v -0.46674228 3.77910192 0.31817512
v -0.42036975 3.77910192 0.31862129
v -0.51253091 3.78034042 0.34651486
v -0.51253086 3.77910192 0.3176972
v -0.46674224 3.77745053 0.30538471
v -0.42036971 3.77745053 0.30544048
v -0.51253091 3.77745053 0.30532497
v -0.42036971 3.78120145 0.40715148
v -0.46674233 3.78120145 0.40358204
v -0.51253086 3.78120145 0.39975876
v -0.51253091 3.77535083 0.30141731
v -0.46674224 3.77535083 0.30141731
v -0.42036971 3.77535083 0.30141731
v -0.42036971 3.77244439 0.29931761
v -0.46674224 3.77244439 0.29931761
v -0.46674228 3.76708073 0.29766623
v -0.42036975 3.76708073 0.29766623
v -0.51253091 3.77244439 0.29931761
v -0.51253091 3.76708073 0.29766623
v -0.46674228 3.75728636 0.29642773
v -0.42036975 3.75728636 0.29642773
v -0.51253095 3.75728636 0.29642773
v -0.51253086 3.74108778 0.29556671
v -0.46674228 3.74108778 0.29556671
v -0.42036971 3.74108778 0.29556671
v -0.67643393 3.78002817 0.7200566
v -0.64158177 3.78024987 0.74143292
v -0.64189865 3.77902549 0.76650058
v -0.67683015 3.77883392 0.74389261
v -0.60125362 3.78033081 0.76518946
v -0.60146416 3.77909494 0.79160259
v -0.64220995 3.77738948 0.77750881
v -0.67722237 3.77723171 0.75437515
v -0.60167042 3.77744617 0.80316376
v -0.67610387 3.78085451 0.67640179
v -0.70361924 3.77959512 0.70305411
v -0.64131679 3.7810997 0.69549755
v -0.6010773 3.78118965 0.71673452
v -0.60183325 3.77534864 0.80706315
v -0.64245805 3.77530479 0.78126568
v -0.67754 3.7751815 0.75796996
v -0.70444919 3.7769219 0.73591212
v -0.70403324 3.77845886 0.72588456
v -0.67773107 3.77232077 0.76006733
v -0.64260021 3.77241156 0.78344721
v -0.64265469 3.76705894 0.78520164
v -0.67781629 3.76699713 0.76175664
v -0.60192431 3.77244356 0.80929631
v -0.60195621 3.76708059 0.81108054
v -0.64265469 3.75727333 0.78654529
v -0.67783465 3.75723568 0.76305195
v -0.60195148 3.75728646 0.81243854
v -0.70479708 3.77493863 0.73932922
v -0.70514977 3.76687474 0.74287288
v 0.42037114 3.7803405 0.85349475
v 0.46675311 3.78034049 0.83358347
v 0.46675992 3.779102 0.86375397
v 0.42037194 3.77910201 0.88472529
v 0.51256748 3.78034049 0.81224096
v 0.51259042 3.779102 0.8412669
v 0.46676777 3.77745062 0.87677701
v 0.42037296 3.77745062 0.89813912
v 0.5126168 3.77745062 0.85386147
v 0.42037047 3.78120151 0.79580202
v 0.51254988 3.78120151 0.75882998
v 0.51264513 3.77535092 0.85797817
v 0.4667761 3.77535093 0.88096334
v 0.42037399 3.77535093 0.90238181
v 0.42037506 3.77244449 0.90466406
v 0.46678447 3.77244449 0.8832451
v 0.46679231 3.76708083 0.88503945
v 0.42037604 3.76708083 0.90645908
v 0.51267342 3.77244448 0.8602512
v 0.51269984 3.76708082 0.86203843
v 0.46679913 3.75728646 0.88638515
v 0.42037688 3.75728646 0.90780527
v 0.51272282 3.75728646 0.86337833
v 0.67568239 3.78002415 0.33962794
v 0.64100713 3.78024671 0.34120055
v 0.64099956 3.7790207 0.31614437
v 0.67565678 3.77882783 0.31573013
v 0.60088021 3.7803287 0.34297418
v 0.60087932 3.77909176 0.31665084
v 0.64099305 3.77738339 0.30516647
v 0.67563504 3.77722395 0.30519926
v 0.60087852 3.77744214 0.30519863
v 0.70281344 3.78037399 0.3803206
v 0.67570311 3.78085236 0.38333293
v 0.70276425 3.77959075 0.33841567
v 0.64101332 3.78109802 0.38713185
v 0.60088101 3.78118852 0.39136231
v 0.60087812 3.77534425 0.30142389
v 0.64099038 3.77529816 0.30146998
v 0.67562586 3.77517305 0.30159509
v 0.70270336 3.77845222 0.31547165
v 0.67563517 3.77231301 0.29954419
v 0.6409931 3.77240547 0.29938475
v 0.64099982 3.76705416 0.29774744
v 0.67565771 3.76699103 0.29794032
v 0.60087852 3.77243953 0.299326
v 0.60087936 3.76707741 0.29767638
v 0.64100811 3.75727015 0.29652144
v 0.67568569 3.75723164 0.296744
v 0.60088034 3.75728434 0.29643945
v 0.70262998 3.77492942 0.30183872
v 0.70277205 3.75715666 0.2971774
v -0.32699208 3.7803405 0.88924801
v -0.28027895 3.78034051 0.90475008
v -0.28027893 3.77910202 0.93869634
v -0.32699208 3.77910201 0.92237336
v -0.23356575 3.78034051 0.91814102
v -0.23356578 3.77910202 0.95279632
v -0.28027893 3.77745063 0.95310148
v -0.32699208 3.77745063 0.93647909
v -0.23356575 3.77745064 0.96745985
v -0.3269921 3.78120152 0.82785538
v -0.28027895 3.78120152 0.8417536
v -0.23356578 3.78120152 0.85375914
v -0.23356575 3.77535094 0.9718662
v -0.28027893 3.77535094 0.95747443
v -0.32699208 3.77535094 0.94081305
v -0.32699208 3.7724445 0.943088
v -0.28027893 3.7724445 0.95974568
v -0.28027897 3.76708084 0.96153187
v -0.32699206 3.76708084 0.94487722
v -0.23356578 3.7724445 0.97413402
v -0.23356578 3.76708084 0.97591768
v -0.28027895 3.75728647 0.96287156
v -0.32699208 3.75728647 0.94621909
v -0.23356575 3.75728647 0.97725531
v -0.23356578 3.74108789 0.97818519
v -0.28027893 3.74108789 0.96380299
v -0.32699208 3.74108789 0.94715191
v -0.04671316 3.78034042 0.3565908
v -0.09342631 3.78034042 0.3563625
v -0.09342631 3.77910192 0.32061502
v -0.04671315 3.77910192 0.32068267
v -0.14013946 3.78034042 0.35595523
v -0.14013947 3.77910192 0.32049435
v -0.09342631 3.77745053 0.3056897
v -0.04671315 3.77745053 0.30569815
v -0.14013947 3.77745053 0.30567462
v -0.04671315 3.78120145 0.42364245
v -0.09342631 3.78120145 0.4231013
v -0.14013946 3.78120145 0.42213596
v -0.14013947 3.77535083 0.30141731
v -0.09342631 3.77535083 0.30141731
v -0.04671315 3.77535083 0.30141731
v -0.04671315 3.77244439 0.29931761
v -0.09342631 3.77244439 0.29931761
v -0.0934263 3.76708073 0.29766623
v -0.04671316 3.76708073 0.29766623
v -0.14013947 3.77244439 0.29931761
v -0.14013946 3.76708073 0.29766623
v -0.09342631 3.75728636 0.29642773
v -0.04671316 3.75728636 0.29642773
v -0.14013946 3.75728636 0.29642773
v -0.14013945 3.74108778 0.29556671
v -0.09342631 3.74108778 0.29556671
v -0.04671316 3.74108778 0.29556671
v 0.32699208 3.78034042 0.35233882
v 0.28027895 3.78034042 0.35351181
v 0.28027893 3.77910192 0.31977038
v 0.32699208 3.77910192 0.31942282
v 0.23356575 3.78034042 0.35452507
v 0.23356578 3.77910192 0.3200706
v 0.28027893 3.77745053 0.30558412
v 0.32699208 3.77745053 0.30554067
v 0.23356575 3.77745053 0.30562165
v 0.32699208 3.78120145 0.41356369
v 0.28027891 3.78120145 0.4163441
v 0.23356578 3.78120145 0.41874595
v 0.23356575 3.77535083 0.30141731
v 0.28027893 3.77535083 0.30141731
v 0.32699208 3.77535083 0.30141731
v 0.32699208 3.77244439 0.29931761
v 0.28027893 3.77244439 0.29931761
v 0.28027897 3.76708073 0.29766623
v 0.32699206 3.76708073 0.29766623
v 0.23356578 3.77244439 0.29931761
v 0.23356578 3.76708073 0.29766623
v 0.28027895 3.75728636 0.29642773
v 0.32699208 3.75728636 0.29642773
v 0.23356575 3.75728636 0.29642773
v 0.23356578 3.74108778 0.29556671
v 0.28027893 3.74108778 0.29556671
v 0.32699208 3.74108778 0.29556671
v 0.04671316 3.78034051 0.9454381
v 0.09342631 3.78034051 0.94242167
v 0.09342631 3.77910202 0.97836169
v 0.04671315 3.77910202 0.98153746
v 0.14013946 3.78034051 0.93704018
v 0.14013947 3.77910202 0.97269571
v 0.09342631 3.77745064 0.99349249
v 0.04671315 3.77745064 0.99672613
v 0.14013947 3.77745064 0.9877232
v 0.04671316 3.78120153 0.87823324
v 0.09342631 3.78120153 0.87552861
v 0.14013946 3.78120153 0.87070367
v 0.14013947 3.77535094 0.9921762
v 0.09342631 3.77535094 0.99795849
v 0.04671315 3.77535094 1.00119927
v 0.04671315 3.77244451 1.00345898
v 0.09342631 3.77244451 1.00021941
v 0.0934263 3.76708085 1.00199745
v 0.04671316 3.76708085 1.0052364
v 0.14013947 3.7724445 0.99443876
v 0.14013946 3.76708085 0.99621832
v 0.09342631 3.75728648 1.00333103
v 0.04671316 3.75728648 1.00656927
v 0.14013946 3.75728648 0.99755279
v 0.14013945 3.7410879 0.99848057
v 0.04671316 3.7410879 1.0074958
v -0.74524582 3.62237145 0.43544772
v -0.74537492 3.62234709 0.50687706
v -0.74410607 3.61257347 0.50723829
v -0.74401599 3.61261333 0.43570789
v -0.74526965 3.62237146 0.57838296
v -0.7439988 3.61261334 0.57883432
v -0.74243766 3.60723449 0.50771802
v -0.74238536 3.60729289 0.4360387
v -0.74233409 3.6072929 0.57945072
v -0.74565219 3.63858061 0.37561466
v -0.74610455 3.63854272 0.43526039
v -0.74485231 3.62244436 0.37576049
v -0.74626595 3.63853009 0.50662525
v -0.74616304 3.63854274 0.57807526
v -0.74372772 3.61273295 0.6387895
v -0.74211063 3.60746811 0.63948366
v -0.74025903 3.60443459 0.58025356
v -0.74034822 3.60435554 0.50832534
v -0.74032461 3.60443457 0.43643786
v -0.74214172 3.60746806 0.37616593
v -0.74015153 3.60467161 0.37639328
v -0.74369542 3.61273292 0.37594964
v -0.73742348 3.60238547 0.4369899
v -0.73743341 3.60228476 0.50920184
v -0.73175803 3.60066155 0.51101911
v -0.73175033 3.60078336 0.4381263
v -0.73737202 3.60238549 0.58144256
v -0.73173193 3.60078337 0.5839306
v -0.72100418 3.59944806 0.51458124
v -0.72099247 3.59958861 0.4403652
v -0.72101185 3.59958863 0.58880889
v -0.7373068 3.6026876 0.37666601
v -0.73170471 3.60114884 0.64489242
v -0.70288547 3.59876164 0.59716869
v -0.7028538 3.59860647 0.52069227
v -0.70283772 3.5987616 0.44422478
v -0.70281339 3.59922704 0.38032063
v -0.73167562 3.60114881 0.37722036
v 0.60195139 3.62231473 0.81243869
v 0.64265469 3.62232783 0.78654522
v 0.64265469 3.61254222 0.7852018
v 0.60195621 3.61252058 0.81108057
v 0.6778346 3.6223655 0.76305193
v 0.67781625 3.61260403 0.76175666
v 0.64260025 3.60718959 0.78344732
v 0.60192435 3.6071576 0.80929638
v 0.67773107 3.60728038 0.7600674
v 0.60193308 3.63851329 0.81339347
v 0.55800871 3.62231367 0.83862169
v 0.64263353 3.63852009 0.78749398
v 0.67782512 3.63853962 0.76396741
v 0.70523343 3.63857837 0.74490902
v 0.70479712 3.60466255 0.73932929
v 0.67753991 3.60441967 0.75797003
v 0.64245805 3.60429637 0.78126584
v 0.60183321 3.60425255 0.80706317
v 0.55799543 3.60715462 0.83547122
v 0.55794763 3.60424797 0.83320919
v 0.55801183 3.61251871 0.83726539
v 0.60167033 3.602155 0.80316379
v 0.64221004 3.60221167 0.77750892
v 0.64189869 3.60057568 0.76650061
v 0.60146425 3.60050623 0.79160258
v 0.67722232 3.60236945 0.75437527
v 0.67683015 3.60076725 0.74389255
v 0.64158172 3.59935129 0.74143295
v 0.60125362 3.59927036 0.76518953
v 0.67643389 3.59957297 0.72005667
v 0.55786143 3.60214848 0.82919051
v 0.5576406 3.59925962 0.78933333
v 0.55775224 3.60049753 0.81709239
v 0.74538392 3.62237143 0.57881195
v 0.74547199 3.62234711 0.50720884
v 0.74425941 3.61257346 0.50774183
v 0.74419232 3.61261331 0.57948333
v 0.74531211 3.62237141 0.43566457
v 0.74411748 3.61261333 0.43603753
v 0.74263934 3.60723449 0.50835971
v 0.74260062 3.6072928 0.58027468
v 0.74251571 3.6072929 0.43645951
v 0.74506446 3.6224444 0.63877796
v 0.74046743 3.60443457 0.43689601
v 0.74057426 3.60435549 0.509022
v 0.74057088 3.60443435 0.58114332
v 0.7424194 3.60746784 0.64039041
v 0.74048106 3.60467106 0.64138963
v 0.73768614 3.60238505 0.58224645
v 0.73764912 3.60228462 0.50983758
v 0.73193765 3.60066135 0.51151156
v 0.7320137 3.60078269 0.58454211
v 0.73755557 3.60238547 0.43740998
v 0.7318551 3.60078333 0.43845456
v 0.72113543 3.59944779 0.51489834
v 0.72124141 3.59958774 0.58918829
v 0.72106299 3.59958857 0.44058022
v 0.74048106 3.60467106 0.64138963
v 0.73769683 3.60268653 0.64271196
v 0.74057426 3.60435549 0.509022
v 0.74046743 3.60443457 0.43689601
v 0.74022633 3.60467161 0.3766356
v 0.73737541 3.60268759 0.37688846
v 0.73172939 3.6011488 0.37739453
v 0.72098329 3.60001029 0.37845753
v 0.70287692 3.59876157 0.44433754
v 0.72142237 3.60000824 0.65122643
v 0.73211977 3.60114721 0.64552263
v -0.60088039 3.62231668 0.29643947
v -0.64100815 3.62233085 0.29652146
v -0.64099982 3.61254685 0.29774746
v -0.60087932 3.61252359 0.2976764
v -0.67568573 3.62236939 0.29674402
v -0.6756578 3.61260997 0.29794034
v -0.64099314 3.60719552 0.29938478
v -0.60087852 3.60716147 0.29932603
v -0.67563512 3.607288 0.29954422
v -0.60088128 3.63851428 0.29557966
v -0.55744365 3.62231465 0.29642776
v -0.64101564 3.63852164 0.29567016
v -0.67571113 3.63854163 0.29591581
v -0.70283206 3.63858058 0.29639418
v -0.70270576 3.6127329 0.29831594
v -0.70265217 3.60746806 0.29985473
v -0.70263003 3.6046716 0.30183875
v -0.67562572 3.60442796 0.30159512
v -0.64099038 3.60430284 0.30147001
v -0.60087807 3.60425678 0.30142392
v -0.5574436 3.60715663 0.29931764
v -0.55744369 3.60425016 0.30141734
v -0.55744365 3.61252026 0.29766625
v -0.60087843 3.60215887 0.30519865
v -0.6409931 3.6022176 0.3051665
v -0.64099956 3.60058031 0.3161444
v -0.60087927 3.60050925 0.31665087
v -0.67563499 3.60237706 0.30519928
v -0.67565682 3.6007732 0.31573016
v -0.64100717 3.59935432 0.34120057
v -0.60088025 3.59927232 0.34297421
v -0.67568239 3.59957688 0.33962796
v -0.55744365 3.60215049 0.3052611
v -0.7026519 3.60268757 0.30533165
v -0.70270344 3.60114879 0.31547168
v -0.70276425 3.60001028 0.3384157
v -0.64101328 3.59850302 0.38713187
v -0.60088101 3.59841252 0.39136234
v -0.5574436 3.59926061 0.3447896
v -0.55744369 3.59839959 0.39566925
v -0.55744365 3.6004991 0.31718604
v -0.14013946 3.62231477 0.99755286
v -0.09342632 3.62231476 1.00333101
v -0.0934263 3.61252039 1.00199748
v -0.14013946 3.61252039 0.99621825
v -0.04671316 3.62231476 1.00656915
v -0.04671316 3.61252038 1.00523629
v -0.09342631 3.60715671 1.00021935
v -0.14013945 3.60715672 0.99443883
v -0.04671316 3.60715673 1.00345905
v -0.18685263 3.62231474 0.98892271
v 0 3.62231474 1.00757926
v 0 3.61252038 1.00624662
v 0 3.60715674 1.00446969
v 0 3.60425028 1.00221025
v -0.04671316 3.6042503 1.00119934
v -0.09342631 3.60425029 0.99795861
v -0.14013946 3.60425029 0.99217622
v -0.18685263 3.60715674 0.98580539
v -0.18685263 3.60425027 0.98354051
v -0.18685263 3.61252038 0.98758681
v -0.14013946 3.6021506 0.98772327
v -0.09342632 3.60215059 0.99349261
v -0.0934263 3.60049921 0.97836163
v -0.14013946 3.6004992 0.97269569
v -0.04671316 3.6021506 0.99672616
v -0.04671316 3.60049919 0.9815374
v -0.09342631 3.59926072 0.94242175
v -0.14013945 3.59926069 0.93704026
v -0.04671316 3.59926071 0.94543813
v -0.18685263 3.6021506 0.97910711
v 0 3.6021506 0.99773493
v 0 3.6004992 0.98252826
v 0 3.59926071 0.94637923
v -0.18685263 3.59926071 0.929004
v -0.18685263 3.6004992 0.9642343
v 0.14013946 3.62231466 0.29642776
v 0.09342632 3.62231465 0.29642776
v 0.0934263 3.61252028 0.29766625
v 0.14013946 3.61252028 0.29766625
v 0.04671316 3.62231465 0.29642776
v 0.04671316 3.61252026 0.29766625
v 0.09342631 3.60715659 0.29931764
v 0.14013945 3.6071566 0.29931764
v 0.04671316 3.60715662 0.29931764
v 0.18685263 3.62231462 0.29642776
v 0 3.62231462 0.29642776
v 0 3.61252026 0.29766625
v 0 3.60715663 0.29931764
v 0 3.60425016 0.30141734
v 0.04671316 3.60425019 0.30141734
v 0.09342631 3.60425017 0.30141734
v 0.14013946 3.60425017 0.30141733
v 0.18685263 3.60715663 0.29931764
v 0.18685263 3.60425016 0.30141734
v 0.18685263 3.61252026 0.29766625
v 0.14013946 3.60215049 0.30567464
v 0.09342632 3.60215047 0.30568973
v 0.0934263 3.60049911 0.32061505
v 0.14013946 3.6004991 0.32049438
v 0.04671316 3.60215049 0.30569818
v 0.04671316 3.60049909 0.3206827
v 0.09342631 3.59926063 0.35636252
v 0.14013945 3.59926059 0.35595526
v 0.04671316 3.59926061 0.35659081
v 0.18685263 3.60215049 0.30565212
v 0 3.60215049 0.30570082
v 0 3.6004991 0.3207038
v 0 3.59926061 0.35666204
v 0 3.59839959 0.42381132
v 0.14013945 3.59839959 0.42213599
v 0.18685263 3.59926061 0.35534711
v 0.18685263 3.6004991 0.32031419
v -0.2335658 3.62231466 0.29642776
v -0.28027891 3.62231465 0.29642776
v -0.28027893 3.61252028 0.29766625
v -0.23356578 3.61252028 0.29766625
v -0.3269921 3.62231465 0.29642776
v -0.32699206 3.61252026 0.29766625
v -0.28027893 3.60715659 0.29931764
v -0.23356578 3.6071566 0.29931764
v -0.32699208 3.60715662 0.29931764
v -0.1868526 3.62231462 0.29642776
v -0.37370525 3.62231462 0.29642776
v -0.37370525 3.61252026 0.29766625
v -0.37370521 3.60715663 0.29931764
v -0.37370525 3.60425016 0.30141734
v -0.3269921 3.60425019 0.30141734
v -0.28027893 3.60425017 0.30141734
v -0.23356578 3.60425017 0.30141733
v -0.18685263 3.60715663 0.29931764
v -0.1868526 3.60425016 0.30141734
v -0.18685263 3.61252026 0.29766625
v -0.2335658 3.60215049 0.30562167
v -0.28027891 3.60215047 0.30558415
v -0.28027893 3.60049911 0.3197704
v -0.23356578 3.6004991 0.32007063
v -0.3269921 3.60215049 0.3055407
v -0.32699206 3.60049909 0.31942285
v -0.28027893 3.59926062 0.35351182
v -0.23356578 3.59926059 0.3545251
v -0.32699208 3.59926061 0.35233884
v -0.1868526 3.60215049 0.30565212
v -0.37370525 3.60215049 0.30549251
v -0.37370525 3.6004991 0.31903732
v -0.37370521 3.59926061 0.35103765
v -0.37370525 3.59839959 0.41047944
v -0.18685263 3.59926061 0.35534711
v -0.18685263 3.59839959 0.42069445
v -0.18685263 3.6004991 0.32031419
v -0.51272282 3.62231475 0.86337844
v -0.46679913 3.62231474 0.88638513
v -0.46679231 3.61252037 0.88503952
v -0.51269997 3.61252037 0.86203845
v -0.42037684 3.62231475 0.90780529
v -0.42037599 3.61252036 0.9064591
v -0.46678452 3.60715669 0.88324509
v -0.51267337 3.6071567 0.86025127
v -0.42037501 3.60715671 0.90466409
v -0.55789858 3.62231471 0.83867875
v -0.37370525 3.62231473 0.92774526
v -0.37370525 3.61252037 0.92640103
v -0.37370521 3.60715673 0.92460869
v -0.37370525 3.60425026 0.92232978
v -0.42037394 3.60425028 0.90238188
v -0.46677614 3.60425027 0.88096332
v -0.51264513 3.60425027 0.8579782
v -0.55778151 3.60715671 0.83558201
v -0.55771455 3.60425025 0.83332983
v -0.55784432 3.61252035 0.83735213
v -0.51261689 3.60215058 0.85386159
v -0.46676772 3.60215057 0.876777
v -0.46675988 3.6004992 0.86375399
v -0.51259047 3.60049918 0.84126693
v -0.42037292 3.60215058 0.89813915
v -0.42037194 3.60049918 0.88472528
v -0.46675315 3.5992607 0.83358354
v -0.51256744 3.59926067 0.81224094
v -0.42037109 3.5992607 0.85349473
v -0.5576475 3.60215057 0.82930126
v -0.37370525 3.60215059 0.9180393
v -0.37370525 3.60049919 0.90426586
v -0.37370521 3.5992607 0.87205145
v -0.55753043 3.59926068 0.7893904
v -0.55758474 3.60049918 0.81717912
v 0.2335658 3.62231477 0.97725533
v 0.28027891 3.62231476 0.96287162
v 0.28027893 3.61252038 0.96153194
v 0.23356578 3.61252039 0.97591766
v 0.3269921 3.62231475 0.94621907
v 0.32699206 3.61252037 0.94487725
v 0.28027893 3.6071567 0.95974566
v 0.23356578 3.60715671 0.97413409
v 0.32699208 3.60715672 0.94308798
v 0.1868526 3.62231474 0.98892271
v 0.37370525 3.62231473 0.92774526
v 0.37370525 3.61252037 0.92640103
v 0.37370521 3.60715673 0.92460873
v 0.37370525 3.60425026 0.92232982
v 0.3269921 3.60425029 0.94081303
v 0.28027893 3.60425028 0.95747445
v 0.23356578 3.60425028 0.97186618
v 0.18685263 3.60715674 0.98580543
v 0.1868526 3.60425027 0.98354046
v 0.18685263 3.61252038 0.98758686
v 0.2335658 3.60215059 0.96745983
v 0.28027891 3.60215058 0.95310151
v 0.28027893 3.60049921 0.93869642
v 0.23356578 3.6004992 0.95279631
v 0.3269921 3.60215059 0.93647916
v 0.32699206 3.60049918 0.92237335
v 0.28027893 3.59926071 0.90475016
v 0.23356578 3.59926068 0.91814096
v 0.32699208 3.5992607 0.88924799
v 0.1868526 3.6021506 0.97910716
v 0.37370525 3.60215059 0.9180393
v 0.37370525 3.60049919 0.90426586
v 0.37370521 3.5992607 0.87205149
v 0.18685263 3.59926071 0.92900404
v 0.18685263 3.6004992 0.9642343
v 0.51253091 3.62231466 0.29642776
v 0.46674224 3.62231465 0.29642776
v 0.46674224 3.61252028 0.29766625
v 0.51253095 3.61252028 0.29766625
v 0.42036971 3.62231465 0.29642776
v 0.42036971 3.61252026 0.29766625
v 0.46674233 3.60715659 0.29931764
v 0.51253082 3.6071566 0.29931764
v 0.42036971 3.60715662 0.29931764
v 0.55744365 3.62231462 0.29642776
v 0.37370525 3.62231462 0.29642776
v 0.37370525 3.61252026 0.29766625
v 0.37370521 3.60715663 0.29931764
v 0.37370525 3.60425016 0.30141734
v 0.42036971 3.60425019 0.30141734
v 0.46674228 3.60425017 0.30141734
v 0.51253086 3.60425017 0.30141733
v 0.55744365 3.60715663 0.29931764
v 0.55744369 3.60425016 0.30141734
v 0.55744369 3.61252026 0.29766625
v 0.51253091 3.60215049 0.305325
v 0.46674224 3.60215047 0.30538474
v 0.46674224 3.60049911 0.31817515
v 0.51253095 3.6004991 0.31769723
v 0.42036971 3.60215049 0.30544051
v 0.42036971 3.60049908 0.31862132
v 0.46674233 3.59926062 0.34812783
v 0.51253082 3.59926059 0.34651488
v 0.42036971 3.59926061 0.34963368
v 0.55744365 3.60215049 0.3052611
v 0.37370525 3.60215049 0.30549251
v 0.37370525 3.6004991 0.31903732
v 0.37370521 3.59926061 0.35103765
v 0.37370525 3.59839959 0.41047944
v 0.46674228 3.59839958 0.40358205
v 0.51253086 3.59839959 0.39975879
v 0.55744365 3.59926061 0.3447896
v 0.55744369 3.6004991 0.31718604
v -0.42036971 3.62231466 0.29642776
v -0.46674219 3.62231465 0.29642776
v -0.46674228 3.61252028 0.29766625
v -0.42036975 3.61252028 0.29766625
v -0.51253086 3.62231465 0.29642776
v -0.51253095 3.61252026 0.29766625
v -0.46674228 3.60715659 0.29931764
v -0.42036971 3.6071566 0.29931764
v -0.51253086 3.60715662 0.29931764
v -0.51253086 3.60425019 0.30141734
v -0.46674228 3.60425017 0.30141734
v -0.42036971 3.60425017 0.30141733
v -0.42036971 3.60215049 0.30544051
v -0.46674219 3.60215047 0.30538474
v -0.46674228 3.60049911 0.31817515
v -0.42036975 3.6004991 0.31862132
v -0.51253086 3.60215049 0.305325
v -0.51253095 3.60049908 0.31769723
v -0.46674228 3.59926062 0.34812783
v -0.42036971 3.59926059 0.34963368
v -0.51253086 3.59926061 0.34651488
v -0.46674228 3.59839958 0.40358206
v -0.42036971 3.59839959 0.40715152
v -0.67744591 3.62236947 0.7632524
v -0.64234258 3.62233093 0.78670653
v -0.64217485 3.61254694 0.78544691
v -0.67720717 3.61261006 0.76206098
v -0.6017438 3.62231676 0.81254619
v -0.60163964 3.61252367 0.81124398
v -0.64198293 3.60719561 0.7837589
v -0.6769381 3.60728808 0.76045088
v -0.60151958 3.60716155 0.809505
v -0.67762963 3.63854172 0.76407232
v -0.70480452 3.62244442 0.74427598
v -0.60182363 3.63851435 0.81345031
v -0.60139177 3.60425685 0.80728993
v -0.64178184 3.60430292 0.78160143
v -0.67666363 3.60442804 0.75837503
v -0.70415142 3.60746812 0.74168772
v -0.70449387 3.61273298 0.74318627
v -0.67640627 3.60237714 0.75472253
v -0.64158582 3.60221768 0.77780976
v -0.6414062 3.60058038 0.76672567
v -0.67617862 3.60077325 0.74412906
v -0.60126471 3.60215895 0.80337112
v -0.60114617 3.60050932 0.79176358
v -0.64125357 3.5993544 0.74156749
v -0.67599085 3.59957693 0.72016671
v -0.60104393 3.59927237 0.76529373
v -0.70352123 3.60268766 0.73621433
v -0.70327684 3.60114887 0.72603721
v 0.42037858 3.62231475 0.9078044
v 0.46681289 3.62231461 0.886378
v 0.46681325 3.61252017 0.8850287
v 0.42037858 3.61252034 0.90645777
v 0.51276929 3.62231429 0.86335439
v 0.51277062 3.61251967 0.86200188
v 0.46681129 3.60715642 0.88323132
v 0.42037835 3.60715667 0.90466239
v 0.51276363 3.60715583 0.8602045
v 0.51274345 3.60424932 0.85792728
v 0.46680528 3.60424998 0.88094827
v 0.4203776 3.60425024 0.90237996
v 0.42037621 3.60215055 0.89813742
v 0.46679441 3.6021503 0.87676323
v 0.46678082 3.600499 0.86374317
v 0.42037457 3.60049917 0.88472394
v 0.5127071 3.6021497 0.85381482
v 0.51266112 3.60049848 0.84123031
v 0.46676687 3.59926055 0.83357646
v 0.42037278 3.59926067 0.85349384
v 0.51261395 3.59926022 0.81221693
v 0.67568573 3.6223694 0.29674402
v 0.64100811 3.62233085 0.29652146
v 0.64099982 3.61254686 0.29774746
v 0.67565784 3.61260999 0.29794034
v 0.60088034 3.62231667 0.29643947
v 0.60087932 3.61252358 0.2976764
v 0.64099314 3.60719553 0.29938477
v 0.67563517 3.607288 0.29954422
v 0.60087847 3.60716147 0.29932603
v 0.70283206 3.63858058 0.29639418
v 0.67571108 3.63854165 0.29591581
v 0.70277209 3.62244435 0.29717742
v 0.64101564 3.63852164 0.29567016
v 0.60088132 3.63851427 0.29557965
v 0.60087812 3.60425677 0.30142392
v 0.64099033 3.60430284 0.30147001
v 0.67562581 3.60442797 0.30159512
v 0.70265217 3.60746805 0.29985473
v 0.70270581 3.61273291 0.29831594
v 0.67563512 3.60237706 0.30519968
v 0.64099305 3.6022176 0.30516662
v 0.64099982 3.60058031 0.31614534
v 0.67565784 3.60077318 0.31573335
v 0.60087847 3.60215887 0.30519867
v 0.60087932 3.60050924 0.31665099
v 0.64100811 3.59935433 0.34120376
v 0.67568578 3.59957687 0.33963875
v 0.60088034 3.59927231 0.34297461
v 0.70265217 3.60268759 0.3053326
v 0.60088128 3.59841252 0.39136328
v 0.64101564 3.59850302 0.38713945
v 0.70277205 3.60001028 0.33844126
v 0.70270576 3.6011488 0.31547925
v -0.3269921 3.62231476 0.94621907
v -0.28027893 3.62231476 0.96287167
v -0.28027893 3.61252038 0.96153185
v -0.32699206 3.61252038 0.94487729
v -0.23356578 3.62231476 0.97725529
v -0.23356578 3.61252037 0.97591762
v -0.28027895 3.6071567 0.95974575
v -0.3269921 3.60715671 0.94308798
v -0.23356578 3.60715673 0.974134
v -0.23356578 3.6042503 0.97186618
v -0.28027893 3.60425028 0.95747441
v -0.32699208 3.60425028 0.94081308
v -0.3269921 3.60215059 0.93647912
v -0.28027893 3.60215058 0.9531016
v -0.28027893 3.60049921 0.93869637
v -0.32699206 3.60049919 0.9223733
v -0.23356578 3.60215059 0.96745983
v -0.23356578 3.60049919 0.95279626
v -0.28027895 3.59926071 0.90475016
v -0.3269921 3.59926068 0.88924799
v -0.23356578 3.59926071 0.918141
v -0.04671316 3.62231466 0.29642776
v -0.0934263 3.62231465 0.29642776
v -0.09342631 3.61252028 0.29766625
v -0.04671316 3.61252028 0.29766625
v -0.14013945 3.62231465 0.29642776
v -0.14013946 3.61252026 0.29766625
v -0.0934263 3.60715659 0.29931764
v -0.04671316 3.6071566 0.29931764
v -0.14013946 3.60715662 0.29931764
v -0.14013945 3.60425019 0.30141734
v -0.09342631 3.60425017 0.30141734
v -0.04671316 3.60425017 0.30141733
v -0.04671316 3.60215049 0.30569818
v -0.0934263 3.60215047 0.30568973
v -0.09342631 3.60049911 0.32061505
v -0.04671316 3.6004991 0.3206827
v -0.14013945 3.60215049 0.30567464
v -0.14013946 3.60049909 0.32049438
v -0.0934263 3.59926063 0.35636252
v -0.04671316 3.59926059 0.35659081
v -0.14013946 3.59926061 0.35595526
v -0.14013946 3.59839959 0.42213599
v -0.04671316 3.59839959 0.42364249
v 0.3269921 3.62231466 0.29642776
v 0.28027893 3.62231465 0.29642776
v 0.28027893 3.61252028 0.29766625
v 0.32699206 3.61252028 0.29766625
v 0.23356578 3.62231465 0.29642776
v 0.23356578 3.61252026 0.29766625
v 0.28027895 3.60715659 0.29931764
v 0.3269921 3.6071566 0.29931764
v 0.23356578 3.60715662 0.29931764
v 0.23356578 3.60425019 0.30141734
v 0.28027893 3.60425017 0.30141734
v 0.32699208 3.60425017 0.30141733
v 0.3269921 3.60215049 0.3055407
v 0.28027893 3.60215047 0.30558415
v 0.28027893 3.60049911 0.3197704
v 0.32699206 3.6004991 0.31942285
v 0.23356578 3.60215049 0.30562167
v 0.23356578 3.60049909 0.32007063
v 0.28027895 3.59926062 0.35351182
v 0.3269921 3.59926059 0.35233883
v 0.23356578 3.59926061 0.3545251
v 0.28027893 3.59839958 0.41634412
v 0.04671316 3.62231477 1.00656915
v 0.0934263 3.62231476 1.00333106
v 0.09342631 3.61252039 1.00199743
v 0.04671316 3.61252039 1.00523629
v 0.14013945 3.62231476 0.99755281
v 0.14013946 3.61252038 0.9962183
v 0.0934263 3.60715671 1.00021935
v 0.04671316 3.60715672 1.00345905
v 0.14013946 3.60715673 0.99443883
v 0.14013945 3.6042503 0.99217618
v 0.09342631 3.60425029 0.99795857
v 0.04671316 3.60425029 1.00119934
v 0.04671316 3.6021506 0.99672616
v 0.0934263 3.60215059 0.99349256
v 0.09342631 3.60049921 0.97836158
v 0.04671316 3.6004992 0.9815374
v 0.14013945 3.6021506 0.98772323
v 0.14013946 3.60049919 0.97269569
v 0.0934263 3.59926072 0.94242179
v 0.04671316 3.59926069 0.94543813
v 0.14013946 3.59926071 0.9370403
v -0.7457126 3.66211424 0.67743851
v -0.7458507 3.68980056 0.67741494
v -0.74490662 3.68980058 0.69967494
v -0.74480206 3.66214116 0.69968011
v -0.74568725 3.71748691 0.67754159
v -0.74474526 3.71746 0.69976889
v -0.74361434 3.6898006 0.7102681
v -0.74354168 3.66216298 0.71024961
v -0.74346185 3.71743828 0.71031603
v -0.74582219 3.63858065 0.63797651
v -0.74632912 3.66208987 0.63779143
v -0.74649422 3.68980056 0.63775726
v -0.74633103 3.71751127 0.63789667
v -0.74179326 3.71742945 0.71492031
v -0.7419261 3.68980064 0.71492495
v -0.74187545 3.66217195 0.71488067
v -0.74160851 3.63878269 0.71478463
v -0.74440745 3.63870692 0.69976814
v -0.73935932 3.66216299 0.71863109
v -0.73940329 3.6898007 0.71870089
v -0.73404412 3.68980078 0.7239507
v -0.73399591 3.66214121 0.72385661
v -0.73930305 3.71743864 0.71864333
v -0.73398335 3.71746066 0.72384404
v -0.72345572 3.68980084 0.73235364
v -0.7233999 3.66211428 0.73223742
v -0.72343331 3.7174878 0.73220569
v -0.73913644 3.63876058 0.71843677
v -0.73909314 3.74084165 0.71845542
v -0.70525192 3.71751224 0.74541139
v -0.70524537 3.68980086 0.74558919
v -0.70518563 3.66208992 0.74545363
v -0.7232336 3.63864062 0.73186726
v -0.72105622 3.66211417 0.29675573
v -0.72108045 3.6898005 0.29661516
v -0.73188887 3.6898005 0.29782866
v -0.73184896 3.66214109 0.29795048
v -0.72105617 3.71748683 0.29675572
v -0.73184891 3.7174599 0.29795047
v -0.73760898 3.6898005 0.2994519
v -0.73755062 3.66216291 0.29955261
v -0.73755058 3.7174381 0.2995526
v -0.70283206 3.63858058 0.29639418
v -0.70287001 3.66208982 0.29592874
v -0.72098329 3.63864056 0.29717742
v -0.70288262 3.6898005 0.29577358
v -0.70286992 3.7175112 0.29592872
v -0.74046333 3.71742913 0.30160168
v -0.74054236 3.6898005 0.30152267
v -0.74046342 3.6621719 0.30160169
v -0.73737541 3.63876052 0.29985472
v -0.73172939 3.63870686 0.29831594
v -0.74251242 3.66216291 0.30508215
v -0.74261305 3.6898005 0.30502359
v -0.74423607 3.6898005 0.31471635
v -0.7441136 3.66214111 0.31475753
v -0.74251246 3.7174381 0.30508252
v -0.74411449 3.71745991 0.31476059
v -0.74544892 3.68980051 0.33630746
v -0.74530596 3.66211419 0.33633619
v -0.74530921 3.71748685 0.33634656
v -0.74221037 3.74084049 0.30525905
v -0.74613604 3.71751122 0.37555108
v -0.74628916 3.68980052 0.3755034
v -0.74612838 3.66208982 0.37552649
v -0.74565219 3.63858061 0.37561466
v -0.74374678 3.63870686 0.31488342
v 0.74571256 3.71748691 0.6774385
v 0.7458507 3.68980056 0.67741494
v 0.74490657 3.68980056 0.69967498
v 0.74480206 3.71745997 0.6996801
v 0.74568721 3.66211424 0.6775416
v 0.74474526 3.66214112 0.6997689
v 0.74361434 3.68980055 0.7102681
v 0.74354168 3.71743817 0.71024969
v 0.74346185 3.66216287 0.71031604
v 0.74632907 3.71751126 0.63779142
v 0.74525415 3.74096052 0.67759143
v 0.74150961 3.63878211 0.71486972
v 0.74179326 3.6621717 0.71492032
v 0.7419261 3.6898005 0.71492495
v 0.74187545 3.71742918 0.71488067
v 0.74321469 3.74084056 0.71025107
v 0.73935923 3.71743816 0.71863112
v 0.73940329 3.68980043 0.71870089
v 0.73404412 3.68980036 0.7239507
v 0.73399587 3.71745995 0.7238566
v 0.73930305 3.66216251 0.71864334
v 0.73398339 3.66214047 0.72384405
v 0.72345572 3.68980031 0.73235364
v 0.7233999 3.71748688 0.73223745
v 0.72343331 3.66211335 0.73220565
v 0.74160851 3.74081846 0.71478466
v 0.7338481 3.63870528 0.72352931
v 0.70525188 3.66208891 0.7454114
v 0.70524542 3.68980029 0.74558923
v 0.72323356 3.74096052 0.73186725
v 0.72105617 3.71748683 0.29675572
v 0.72108054 3.6898005 0.29661516
v 0.73188887 3.6898005 0.29782866
v 0.73184891 3.7174599 0.29795047
v 0.72105622 3.66211416 0.29675573
v 0.73184896 3.6621411 0.29795048
v 0.73760898 3.6898005 0.2994519
v 0.73755053 3.7174381 0.29955259
v 0.73755062 3.6621629 0.29955261
v 0.70286992 3.7175112 0.29592872
v 0.70288262 3.6898005 0.29577358
v 0.70287001 3.6620898 0.29592873
v 0.74046338 3.6621719 0.3016017
v 0.74054241 3.6898005 0.30152267
v 0.74046342 3.71742912 0.30160168
v 0.74251237 3.7174381 0.30508214
v 0.74261319 3.68980051 0.30502359
v 0.74423607 3.6898005 0.31471635
v 0.74411356 3.71745991 0.31475752
v 0.7425125 3.66216291 0.30508253
v 0.74411449 3.66214111 0.3147606
v 0.74544892 3.68980051 0.33630746
v 0.745306 3.71748685 0.33633618
v 0.74530921 3.66211418 0.33634657
v 0.74221037 3.63876052 0.30525906
v 0.7437491 3.63870686 0.314891
v 0.74488769 3.63864056 0.33645593
v -0.74663107 3.71752662 0.43519621
v -0.74681631 3.71753176 0.50654954
v -0.74697949 3.68980054 0.50644724
v -0.74679154 3.68980053 0.4351246
v -0.74671015 3.71752664 0.57799005
v -0.74687355 3.68980055 0.57786142
v -0.746798 3.66206932 0.50647792
v -0.74661717 3.66207444 0.43514958
v -0.74669424 3.66207446 0.57789679
v -0.74613604 3.71751122 0.37555108
v -0.74633103 3.71751127 0.63789667
v -0.74649422 3.68980056 0.63775726
v -0.74632912 3.66208987 0.63779143
v -0.74616304 3.63854274 0.57807526
v -0.74610455 3.63854272 0.43526039
v -0.74612838 3.66208982 0.37552649
v -0.74628916 3.68980052 0.3755034
vn -0.99998 0.00147 -0.0065
vn -0.99998 -0.00259 -0.00642
vn -0.99998 0.00149 0.00588
vn -0.99998 -0.00262 0.00584
vn -0.99974 0.0059 -0.02202
vn -0.99974 0.00145 -0.02257
vn -0.99975 -0.0024 -0.0222
vn -0.99975 -0.0079 -0.02105
vn -0.99995 -0.00831 -0.00605
vn -0.99995 -0.00836 0.00567
vn -0.99976 -0.00808 0.02039
vn -0.99977 -0.00253 0.02113
vn -0.99977 0.00145 0.0212
vn -0.99977 0.00618 0.02064
vn -0.99996 0.00633 0.00586
vn -0.99996 0.00622 -0.00621
vn -6E-05 0.00138 -1
vn 4E-05 -0.00138 -1
vn -0.0001 0.00139 -1
vn 7E-05 -0.00139 -1
vn -8E-05 0.00496 -0.99999
vn -2E-05 0.00138 -1
vn 1E-05 -0.00138 -1
vn 3E-05 -0.00496 -0.99999
vn 8E-05 -0.00498 -0.99999
vn 0.00015 -0.00501 -0.99999
vn 0.00023 -0.00507 -0.99999
vn 0.00011 -0.00141 -1
vn -0.00015 0.00141 -1
vn -0.00071 0.00506 -0.99999
vn -0.00047 0.00501 -0.99999
vn -0.00026 0.00498 -0.99999
vn 0 -0.99998 -0.00617
vn -0 -0.99998 -0.00617
vn -0 -0.99998 0.00617
vn 0 -0.99998 0.00617
vn 0 -0.99976 -0.02178
vn 0 -0.99976 -0.02178
vn -0 -0.99976 -0.02178
vn -0 -0.99976 -0.02178
vn 0 -0.99998 -0.00617
vn 0 -0.99998 0.00617
vn 0 -0.99976 0.02178
vn -0 -0.99976 0.02178
vn -0 -0.99976 0.02178
vn 0 -0.99976 0.02178
vn 0 -0.99998 0.00617
vn 0 -0.99998 -0.00617
vn -0.00045 0.00164 -1
vn 0.00031 -0.00164 -1
vn -0.00051 0.00171 -1
vn 0.00035 -0.00171 -1
vn -0.00185 0.0057 -0.99998
vn -0.0004 0.00159 -1
vn 0.00028 -0.00159 -1
vn 0.00059 -0.00571 -0.99998
vn 0.00066 -0.00592 -0.99998
vn 0.00075 -0.00616 -0.99998
vn 0.00085 -0.00643 -0.99998
vn 0.0004 -0.00179 -1
vn -0.00058 0.00179 -1
vn -0.00266 0.00642 -0.99998
vn -0.00233 0.00615 -0.99998
vn -0.00207 0.00591 -0.99998
vn 0.55602 0.83115 -0.00545
vn 0.53693 0.84361 -0.00563
vn 0.55601 0.83115 0.0057
vn 0.53694 0.8436 0.00582
vn 0.57109 0.82068 -0.01846
vn 0.55579 0.8311 -0.01943
vn 0.53679 0.84348 -0.02005
vn 0.51174 0.8589 -0.0205
vn 0.51183 0.85907 -0.00578
vn 0.51184 0.85906 0.00586
vn 0.51177 0.85887 0.02064
vn 0.53684 0.84344 0.0204
vn 0.55579 0.83108 0.01999
vn 0.57096 0.82076 0.01919
vn 0.57145 0.82062 0.00543
vn 0.57151 0.82058 -0.00522
vn -0.41891 0.90801 -0.00609
vn -0.44785 0.89409 -0.00601
vn -0.41892 0.908 0.00609
vn -0.44785 0.89409 0.00602
vn -0.39276 0.91939 -0.02176
vn -0.41884 0.90781 -0.02153
vn -0.44777 0.8939 -0.02125
vn -0.47955 0.87727 -0.02094
vn -0.47962 0.87746 -0.00593
vn -0.47962 0.87746 0.00591
vn -0.47954 0.87727 0.02091
vn -0.44777 0.8939 0.02125
vn -0.41884 0.9078 0.02153
vn -0.39276 0.91939 0.02176
vn -0.39283 0.91959 0.00616
vn -0.39283 0.91959 -0.00616
vn 0.00051 0.00171 -1
vn -0.00035 -0.00171 -1
vn 0.00045 0.00164 -1
vn -0.00031 -0.00164 -1
vn 0.00265 0.00642 -0.99998
vn 0.00058 0.00179 -1
vn -0.0004 -0.00179 -1
vn -0.00085 -0.00643 -0.99998
vn -0.00075 -0.00616 -0.99998
vn -0.00066 -0.00592 -0.99998
vn -0.00059 -0.00571 -0.99998
vn -0.00028 -0.00159 -1
vn 0.0004 0.00159 -1
vn 0.00185 0.0057 -0.99998
vn 0.00207 0.00591 -0.99998
vn 0.00233 0.00615 -0.99998
vn -0.06914 0.99759 -0.00662
vn -0.12273 0.99242 -0.00659
vn -0.06914 0.99759 0.00662
vn -0.12273 0.99242 0.00659
vn -0.02161 0.99949 -0.02343
vn -0.06912 0.99733 -0.02339
vn -0.12271 0.99217 -0.02328
vn -0.1816 0.9831 -0.02309
vn -0.18163 0.98334 -0.00654
vn -0.18163 0.98334 0.00654
vn -0.1816 0.9831 0.02309
vn -0.12271 0.99217 0.02329
vn -0.06912 0.99733 0.02339
vn -0.02161 0.99949 0.02343
vn -0.02161 0.99974 0.00663
vn -0.02161 0.99974 -0.00663
vn 0.0001 0.00139 1
vn 6E-05 0.00138 1
vn -7E-05 -0.00139 1
vn -4E-05 -0.00138 1
vn 0.00071 0.00506 0.99999
vn 0.00047 0.00501 0.99999
vn 0.00026 0.00498 0.99999
vn 8E-05 0.00496 0.99999
vn 2E-05 0.00138 1
vn -1E-05 -0.00138 1
vn -3E-05 -0.00496 0.99999
vn -8E-05 -0.00498 0.99999
vn -0.00015 -0.00501 0.99999
vn -0.00023 -0.00507 0.99999
vn -0.00011 -0.00141 1
vn 0.00015 0.00141 1
vn -6E-05 0.00138 1
vn -0.0001 0.00139 1
vn 4E-05 -0.00138 1
vn 7E-05 -0.00139 1
vn -8E-05 0.00496 0.99999
vn -0.00026 0.00498 0.99999
vn -0.00047 0.00501 0.99999
vn -0.00071 0.00506 0.99999
vn -0.00015 0.00141 1
vn 0.00011 -0.00141 1
vn 0.00023 -0.00507 0.99999
vn 0.00015 -0.00501 0.99999
vn 8E-05 -0.00498 0.99999
vn 3E-05 -0.00496 0.99999
vn 1E-05 -0.00138 1
vn -2E-05 0.00138 1
vn -0.00027 0.00146 1
vn -0.00032 0.00149 1
vn 0.00018 -0.00146 1
vn 0.00022 -0.00149 1
vn -0.00098 0.00514 0.99999
vn -0.00123 0.00524 0.99999
vn -0.00145 0.00537 0.99998
vn -0.00166 0.00553 0.99998
vn -0.00036 0.00154 1
vn 0.00025 -0.00154 1
vn 0.00053 -0.00553 0.99998
vn 0.00047 -0.00538 0.99999
vn 0.00039 -0.00525 0.99999
vn 0.00031 -0.00515 0.99999
vn 0.00015 -0.00143 1
vn -0.00021 0.00143 1
vn -0.00045 0.00164 1
vn -0.00051 0.00171 1
vn 0.00031 -0.00164 1
vn 0.00035 -0.00171 1
vn -0.00185 0.0057 0.99998
vn -0.00207 0.00591 0.99998
vn -0.00233 0.00615 0.99998
vn -0.00265 0.00642 0.99998
vn -0.00058 0.00179 1
vn 0.0004 -0.00179 1
vn 0.00085 -0.00643 0.99998
vn 0.00075 -0.00615 0.99998
vn 0.00066 -0.00592 0.99998
vn 0.00059 -0.00571 0.99998
vn 0.00028 -0.00159 1
vn -0.0004 0.00159 1
vn -0.00313 0.00196 0.99999
vn -0.00833 0.00202 0.99996
vn -0.0019 -0.00197 1
vn -0.007 -0.00204 0.99997
vn -0.00334 0.00673 0.99997
vn -0.00569 0.00705 0.99996
vn -0.01088 0.00726 0.99991
vn -0.02178 0.00725 0.99974
vn -0.01958 0.00201 0.99981
vn -0.01824 -0.00206 0.99983
vn -0.01696 -0.00734 0.99983
vn -0.00612 -0.00731 0.99995
vn -0.00124 -0.00707 0.99997
vn 0.00067 -0.00675 0.99998
vn 0.00014 -0.00188 1
vn -0.00097 0.00187 1
vn 0.00051 0.00171 1
vn 0.00045 0.00164 1
vn -0.00035 -0.00171 1
vn -0.00031 -0.00164 1
vn 0.00266 0.00642 0.99998
vn 0.00233 0.00615 0.99998
vn 0.00207 0.00591 0.99998
vn 0.00185 0.0057 0.99998
vn 0.0004 0.00159 1
vn -0.00028 -0.00159 1
vn -0.00059 -0.00571 0.99998
vn -0.00066 -0.00592 0.99998
vn -0.00075 -0.00615 0.99998
vn -0.00085 -0.00643 0.99998
vn -0.0004 -0.00179 1
vn 0.00058 0.00179 1
vn 0.00032 0.00149 1
vn 0.00027 0.00146 1
vn -0.00022 -0.00149 1
vn -0.00018 -0.00146 1
vn 0.00166 0.00553 0.99998
vn 0.00145 0.00537 0.99998
vn 0.00123 0.00524 0.99999
vn 0.00098 0.00514 0.99999
vn 0.00021 0.00143 1
vn -0.00015 -0.00143 1
vn -0.00031 -0.00515 0.99999
vn -0.00039 -0.00525 0.99999
vn -0.00047 -0.00538 0.99999
vn -0.00053 -0.00553 0.99998
vn -0.00025 -0.00154 1
vn 0.00036 0.00154 1
vn 0.0001 0.00139 -1
vn -7E-05 -0.00139 -1
vn 6E-05 0.00138 -1
vn -4E-05 -0.00138 -1
vn 0.00071 0.00506 -0.99999
vn 0.00015 0.00141 -1
vn -0.00011 -0.00141 -1
vn -0.00023 -0.00507 -0.99999
vn -0.00015 -0.00501 -0.99999
vn -8E-05 -0.00498 -0.99999
vn -3E-05 -0.00496 -0.99999
vn -1E-05 -0.00138 -1
vn 2E-05 0.00138 -1
vn 8E-05 0.00496 -0.99999
vn 0.00026 0.00498 -0.99999
vn 0.00047 0.00501 -0.99999
vn -0.29423 0.95571 -0.00637
vn -0.33573 0.94194 -0.00629
vn -0.29423 0.95571 0.00637
vn -0.33573 0.94194 0.00629
vn -0.24223 0.96995 -0.02281
vn -0.29417 0.95549 -0.0225
vn -0.33567 0.94172 -0.02221
vn -0.36763 0.92971 -0.02197
vn -0.3677 0.92992 -0.00622
vn -0.36771 0.92992 0.00622
vn -0.36764 0.92971 0.02196
vn -0.33567 0.94172 0.02221
vn -0.29417 0.95549 0.0225
vn -0.24223 0.96995 0.02281
vn -0.24228 0.97019 0.00646
vn -0.24228 0.97019 -0.00646
vn 0 -0.99998 -0.00617
vn -0 -0.99998 -0.00617
vn -0 -0.99998 0.00617
vn 0 -0.99998 0.00617
vn 0 -0.99976 -0.02178
vn 0 -0.99976 -0.02178
vn -0 -0.99976 -0.02178
vn 0 -0.99976 -0.02178
vn 0 -0.99998 -0.00617
vn 0 -0.99998 0.00617
vn 0 -0.99976 0.02178
vn -0 -0.99976 0.02178
vn -0 -0.99976 0.02178
vn 0 -0.99976 0.02178
vn 0 -0.99998 0.00617
vn 0 -0.99998 -0.00617
vn 0 -0.99998 -0.00617
vn -0 -0.99998 -0.00617
vn -0 -0.99998 0.00617
vn 0 -0.99998 0.00617
vn 0 -0.99976 -0.02178
vn 0 -0.99976 -0.02178
vn -0 -0.99976 -0.02178
vn 0 -0.99998 -0.00617
vn 0 -0.99998 0.00617
vn 0 -0.99976 0.02178
vn -0 -0.99976 0.02178
vn -0 -0.99976 0.02178
vn 0 -0.99976 0.02178
vn 0 -0.99998 0.00617
vn 0 -0.99998 -0.00617
vn 0.44785 0.89409 -0.00602
vn 0.41892 0.908 -0.00609
vn 0.44785 0.89409 0.00601
vn 0.41891 0.90801 0.00609
vn 0.47954 0.87727 -0.02091
vn 0.44777 0.8939 -0.02125
vn 0.41884 0.9078 -0.02153
vn 0.39276 0.91938 -0.02176
vn 0.39283 0.91959 -0.00616
vn 0.39283 0.91959 0.00616
vn 0.39275 0.91939 0.02176
vn 0.41884 0.90781 0.02153
vn 0.44777 0.8939 0.02124
vn 0.47955 0.87726 0.02094
vn 0.47962 0.87745 0.00593
vn 0.47962 0.87746 -0.00592
vn -0.53694 0.8436 -0.00582
vn -0.55602 0.83115 -0.0057
vn -0.53693 0.84361 0.00563
vn -0.55602 0.83115 0.00545
vn -0.51177 0.85887 -0.02065
vn -0.53684 0.84344 -0.02039
vn -0.55579 0.83108 -0.01999
vn -0.57096 0.82075 -0.01919
vn -0.57145 0.82062 -0.00543
vn -0.57151 0.82058 0.00522
vn -0.57109 0.82068 0.01846
vn -0.55579 0.8311 0.01942
vn -0.53679 0.84348 0.02006
vn -0.51174 0.8589 0.0205
vn -0.51183 0.85907 0.00578
vn -0.51184 0.85906 -0.00586
vn 0.00032 0.00149 -1
vn -0.00022 -0.00149 -1
vn 0.00027 0.00146 -1
vn -0.00018 -0.00146 -1
vn 0.00166 0.00553 -0.99998
vn 0.00036 0.00154 -1
vn -0.00025 -0.00154 -1
vn -0.00053 -0.00553 -0.99998
vn -0.00047 -0.00538 -0.99999
vn -0.00039 -0.00525 -0.99999
vn -0.00031 -0.00515 -0.99999
vn -0.00015 -0.00143 -1
vn 0.00021 0.00143 -1
vn 0.00097 0.00514 -0.99999
vn 0.00123 0.00524 -0.99999
vn 0.00145 0.00537 -0.99998
vn 0.00835 0.00203 0.99996
vn 0.00314 0.00197 0.99999
vn 0.007 -0.00204 0.99997
vn 0.0019 -0.00197 1
vn 0.0219 0.00731 0.99973
vn 0.01094 0.00729 0.99991
vn 0.00571 0.00706 0.99996
vn 0.00335 0.00674 0.99997
vn 0.00098 0.00188 1
vn -0.00014 -0.00188 1
vn -0.00067 -0.00675 0.99998
vn 0.00124 -0.00707 0.99997
vn 0.00612 -0.00731 0.99995
vn 0.01695 -0.00734 0.99983
vn 0.01825 -0.00205 0.99983
vn 0.01963 0.00203 0.99981
vn 0.00833 0.00202 -0.99996
vn 0.007 -0.00204 -0.99997
vn 0.00313 0.00196 -0.99999
vn 0.0019 -0.00197 -1
vn 0.02178 0.00725 -0.99974
vn 0.01958 0.00201 -0.99981
vn 0.01824 -0.00206 -0.99983
vn 0.01696 -0.00734 -0.99983
vn 0.00612 -0.00731 -0.99995
vn 0.00124 -0.00707 -0.99997
vn -0.00067 -0.00675 -0.99998
vn -0.00014 -0.00188 -1
vn 0.00097 0.00187 -1
vn 0.00334 0.00673 -0.99997
vn 0.00569 0.00705 -0.99996
vn 0.01088 0.00726 -0.99991
vn 0.33573 0.94194 -0.00629
vn 0.29423 0.95571 -0.00637
vn 0.33573 0.94194 0.00629
vn 0.29423 0.95571 0.00637
vn 0.36763 0.92971 -0.02197
vn 0.33567 0.94172 -0.02221
vn 0.29417 0.95549 -0.0225
vn 0.24223 0.96995 -0.02281
vn 0.24228 0.97019 -0.00646
vn 0.24228 0.97019 0.00646
vn 0.24223 0.96995 0.02281
vn 0.29417 0.95549 0.0225
vn 0.33567 0.94172 0.02221
vn 0.36764 0.92971 0.02196
vn 0.36771 0.92992 0.00622
vn 0.3677 0.92992 -0.00622
vn 0 -0.99998 -0.00617
vn -0 -0.99998 -0.00617
vn -0 -0.99998 0.00617
vn 0 -0.99998 0.00617
vn 0 -0.99976 -0.02178
vn 0 -0.99976 -0.02178
vn -0 -0.99976 -0.02178
vn 0 -0.99976 -0.02178
vn 0 -0.99976 0.02178
vn -0 -0.99976 0.02178
vn -0 -0.99976 0.02178
vn 0 -0.99976 0.02178
vn 0 -0.99998 0.00617
vn 0 -0.99998 -0.00617
vn -0.00314 0.00197 -0.99999
vn -0.0019 -0.00197 -1
vn -0.00835 0.00203 -0.99996
vn -0.00701 -0.00204 -0.99997
vn -0.00335 0.00674 -0.99997
vn -0.00098 0.00188 -1
vn 0.00014 -0.00188 -1
vn 0.00067 -0.00675 -0.99998
vn -0.00124 -0.00707 -0.99997
vn -0.00612 -0.00731 -0.99995
vn -0.01695 -0.00734 -0.99983
vn -0.01825 -0.00205 -0.99983
vn -0.01963 0.00203 -0.99981
vn -0.0219 0.00731 -0.99973
vn -0.01094 0.00729 -0.99991
vn -0.00571 0.00706 -0.99996
vn 0 -0.99998 -0.00617
vn -0 -0.99998 -0.00617
vn -0 -0.99998 0.00617
vn 0 -0.99998 0.00617
vn 0 -0.99976 -0.02178
vn 0 -0.99976 -0.02178
vn -0 -0.99976 -0.02178
vn 0 -0.99976 -0.02178
vn 0 -0.99998 -0.00617
vn 0 -0.99998 0.00617
vn 0 -0.99976 0.02178
vn -0 -0.99976 0.02178
vn -0 -0.99976 0.02178
vn 0 -0.99976 0.02178
vn 0 -0.99998 0.00617
vn 0 -0.99998 -0.00617
vn 0.00241 -0.99998 -0.00613
vn 0.00755 -0.99995 -0.00601
vn 0.00241 -0.99998 0.00613
vn 0.00755 -0.99995 0.00601
vn 0.00031 -0.99976 -0.02177
vn 0.00232 -0.99976 -0.02164
vn 0.00729 -0.99975 -0.02124
vn 0.01815 -0.99963 -0.02039
vn 0.0188 -0.99981 -0.00577
vn 0.0188 -0.99981 0.00577
vn 0.01815 -0.99963 0.02039
vn 0.00729 -0.99975 0.02124
vn 0.00232 -0.99976 0.02164
vn 0.00031 -0.99976 0.02177
vn 0.00032 -0.99998 0.00616
vn 0.00032 -0.99998 -0.00616
vn 0.12273 0.99242 -0.00659
vn 0.06914 0.99759 -0.00662
vn 0.12273 0.99242 0.00659
vn 0.06914 0.99759 0.00662
vn 0.1816 0.9831 -0.02309
vn 0.12271 0.99217 -0.02329
vn 0.06912 0.99733 -0.02339
vn 0.02161 0.99949 -0.02343
vn 0.02161 0.99974 -0.00663
vn 0.02161 0.99974 0.00663
vn 0.02161 0.99949 0.02343
vn 0.06912 0.99733 0.02339
vn 0.12271 0.99217 0.02328
vn 0.1816 0.9831 0.02309
vn 0.18163 0.98334 0.00653
vn 0.18163 0.98334 -0.00654
vn -0.00027 0.00146 -1
vn 0.00018 -0.00146 -1
vn -0.00032 0.00149 -1
vn 0.00022 -0.00149 -1
vn -0.00097 0.00514 -0.99999
vn -0.00021 0.00143 -1
vn 0.00015 -0.00143 -1
vn 0.00031 -0.00515 -0.99999
vn 0.00039 -0.00525 -0.99999
vn 0.00047 -0.00538 -0.99999
vn 0.00053 -0.00553 -0.99998
vn 0.00025 -0.00154 -1
vn -0.00036 0.00154 -1
vn -0.00166 0.00553 -0.99998
vn -0.00145 0.00537 -0.99998
vn -0.00123 0.00524 -0.99999
vn -0.00755 -0.99995 -0.00601
vn -0.00241 -0.99998 -0.00613
vn -0.00755 -0.99995 0.00601
vn -0.00241 -0.99998 0.00613
vn -0.01815 -0.99963 -0.02039
vn -0.00729 -0.99975 -0.02124
vn -0.00232 -0.99976 -0.02164
vn -0.00031 -0.99976 -0.02177
vn -0.00032 -0.99998 -0.00616
vn -0.00032 -0.99998 0.00616
vn -0.00031 -0.99976 0.02177
vn -0.00232 -0.99976 0.02164
vn -0.00729 -0.99975 0.02124
vn -0.01815 -0.99963 0.02039
vn -0.0188 -0.99981 0.00577
vn -0.0188 -0.99981 -0.00577
vn -0 -0.99998 -0.00617
vn -0 -0.99998 0.00617
vn 0 -0.99976 -0.02178
vn 0 -0.99976 -0.02178
vn -0 -0.99976 -0.02178
vn -0 -0.99976 0.02178
vn 0 -0.99976 0.02178
vn 0 -0.99998 -0.00617
vn 0.99462 0.03441 -0.09772
vn 0.96996 0.0292 -0.24152
vn 0.99136 0.10336 -0.08079
vn 0.97484 0.08938 -0.2042
vn 0.99882 0.01471 -0.04634
vn 0.99384 0.01288 -0.11011
vn 0.96392 0.0109 -0.26597
vn 0.82904 0.00986 -0.5591
vn 0.84489 0.02621 -0.53429
vn 0.86885 0.07857 -0.4888
vn 0.88728 0.26102 -0.38026
vn 0.93906 0.30598 -0.15663
vn 0.94353 0.3253 -0.06277
vn 0.94191 0.33476 -0.02719
vn 0.99296 0.11335 -0.03426
vn 0.9984 0.03881 -0.0411
vn 0.1194 0.0427 -0.99193
vn 0.1674 0.13262 -0.97693
vn 0.266 0.03573 -0.96331
vn 0.28944 0.1132 -0.95048
vn 0.05156 0.01767 -0.99851
vn 0.06696 0.04716 -0.99664
vn 0.12681 0.14277 -0.9816
vn 0.33032 0.44861 -0.83044
vn 0.36068 0.43785 -0.82353
vn 0.44161 0.40205 -0.80208
vn 0.63702 0.30266 -0.70895
vn 0.60323 0.08691 -0.79282
vn 0.59059 0.02822 -0.80648
vn 0.58449 0.01044 -0.81134
vn 0.26733 0.01307 -0.96352
vn 0.111 0.01575 -0.9937
vn 0.60872 0.78866 -0.08646
vn 0.6807 0.7291 -0.07115
vn 0.59099 0.77703 -0.2167
vn 0.65931 0.72948 -0.18211
vn 0.58484 0.81011 -0.04113
vn 0.61602 0.78692 -0.03584
vn 0.69146 0.72181 -0.02972
vn 0.82705 0.56154 -0.02561
vn 0.82031 0.56883 -0.05935
vn 0.80358 0.57651 -0.148
vn 0.74561 0.56257 -0.35718
vn 0.59931 0.66451 -0.44637
vn 0.52762 0.69172 -0.4931
vn 0.49678 0.69532 -0.51937
vn 0.5635 0.79028 -0.24069
vn 0.58 0.80862 -0.09861
vn -0.60812 0.78796 -0.09655
vn -0.58977 0.77183 -0.23757
vn -0.67997 0.72828 -0.08517
vn -0.65824 0.7225 -0.21146
vn -0.58435 0.8103 -0.04409
vn -0.57966 0.80797 -0.10576
vn -0.56246 0.78664 -0.25462
vn -0.49272 0.68506 -0.53658
vn -0.52131 0.67509 -0.52201
vn -0.59079 0.64115 -0.48979
vn -0.73168 0.53984 -0.41619
vn -0.80066 0.5694 -0.18635
vn -0.81945 0.56786 -0.07765
vn -0.82601 0.56273 -0.03235
vn -0.68993 0.72303 -0.03505
vn -0.615 0.78752 -0.03976
vn -0.12051 0.04335 -0.99176
vn -0.26462 0.03697 -0.96364
vn -0.16881 0.13204 -0.97676
vn -0.28736 0.11305 -0.95113
vn -0.05207 0.01792 -0.99848
vn -0.11181 0.01624 -0.9936
vn -0.26734 0.01397 -0.9635
vn -0.57649 0.01168 -0.81702
vn -0.57453 0.02998 -0.81794
vn -0.5798 0.08831 -0.80996
vn -0.61202 0.28933 -0.73602
vn -0.43322 0.38355 -0.81561
vn -0.35643 0.42423 -0.83246
vn -0.32834 0.44104 -0.83527
vn -0.12808 0.14248 -0.98148
vn -0.06785 0.04752 -0.99656
vn -0.99321 0.03231 -0.11173
vn -0.99022 0.09973 -0.09754
vn -0.96263 0.02829 -0.26932
vn -0.96698 0.08751 -0.23935
vn -0.9986 0.01362 -0.05117
vn -0.99827 0.03637 -0.04624
vn -0.99321 0.10923 -0.04004
vn -0.94325 0.33032 -0.03413
vn -0.94375 0.32026 -0.08228
vn -0.93298 0.30074 -0.19776
vn -0.86022 0.25493 -0.44162
vn -0.84077 0.07913 -0.53558
vn -0.82339 0.02695 -0.56683
vn -0.81485 0.01061 -0.57957
vn -0.95796 0.01079 -0.2867
vn -0.9925 0.01207 -0.12169
vn 0.99367 -0.04604 -0.10249
vn 0.9858 -0.14131 -0.09068
vn 0.96565 -0.04083 -0.25662
vn 0.96495 -0.12507 -0.23073
vn 0.99873 -0.01913 -0.04656
vn 0.99783 -0.05074 -0.04192
vn 0.98751 -0.15314 -0.03717
vn 0.86722 -0.49668 -0.03525
vn 0.872 -0.48221 -0.08423
vn 0.86755 -0.45207 -0.20733
vn 0.79798 -0.37476 -0.472
vn 0.83214 -0.10955 -0.54364
vn 0.82401 -0.03724 -0.56534
vn 0.81759 -0.01437 -0.57562
vn 0.96154 -0.01545 -0.27425
vn 0.9935 -0.01726 -0.11251
vn 0.09295 -0.99035 -0.1028
vn 0.08314 -0.96288 -0.25681
vn 0.24006 -0.96639 -0.09198
vn 0.2166 -0.94821 -0.23235
vn 0.04138 -0.99806 -0.04653
vn 0.03749 -0.99295 -0.11243
vn 0.03372 -0.96114 -0.27399
vn 0.03151 -0.81758 -0.57496
vn 0.07638 -0.82208 -0.56422
vn 0.19326 -0.81909 -0.54013
vn 0.45807 -0.7556 -0.46823
vn 0.53062 -0.82167 -0.20807
vn 0.55604 -0.82683 -0.08471
vn 0.56734 -0.82272 -0.03547
vn 0.25662 -0.96577 -0.03787
vn 0.1017 -0.99392 -0.04213
vn 0.09107 -0.04481 -0.99484
vn 0.23836 -0.04026 -0.97034
vn 0.08055 -0.13825 -0.98712
vn 0.21369 -0.12371 -0.96904
vn 0.03987 -0.01815 -0.99904
vn 0.10031 -0.01675 -0.99482
vn 0.25545 -0.01521 -0.9667
vn 0.5668 -0.01431 -0.82373
vn 0.55604 -0.0371 -0.83033
vn 0.53383 -0.10922 -0.83851
vn 0.4618 -0.37481 -0.8039
vn 0.19201 -0.4512 -0.87152
vn 0.07542 -0.47897 -0.87459
vn 0.03082 -0.49048 -0.87091
vn 0.03174 -0.14715 -0.98861
vn 0.03568 -0.0483 -0.9982
vn -0.99365 -0.04552 -0.10292
vn -0.96552 -0.04013 -0.25723
vn -0.98584 -0.14104 -0.09074
vn -0.96497 -0.12469 -0.23083
vn -0.99871 -0.01876 -0.04724
vn -0.99337 -0.01664 -0.11375
vn -0.96106 -0.01463 -0.27594
vn -0.81706 -0.01356 -0.57639
vn -0.82385 -0.03654 -0.56563
vn -0.83214 -0.10914 -0.54372
vn -0.7979 -0.37493 -0.472
vn -0.86747 -0.45223 -0.20732
vn -0.87193 -0.48233 -0.08421
vn -0.86716 -0.49679 -0.03525
vn -0.98753 -0.15298 -0.03721
vn -0.99784 -0.05043 -0.04216
vn -0.09105 -0.04484 -0.99484
vn -0.08051 -0.13843 -0.98709
vn -0.23843 -0.04017 -0.97033
vn -0.21365 -0.12384 -0.96903
vn -0.03986 -0.01815 -0.99904
vn -0.03565 -0.04835 -0.99819
vn -0.03171 -0.14728 -0.98859
vn -0.03081 -0.49062 -0.87083
vn -0.0754 -0.47922 -0.87445
vn -0.19199 -0.45152 -0.87136
vn -0.46178 -0.37508 -0.80379
vn -0.53386 -0.10907 -0.83851
vn -0.55624 -0.03667 -0.83021
vn -0.56737 -0.01376 -0.82335
vn -0.25583 -0.01502 -0.9666
vn -0.10036 -0.01672 -0.99481
vn -0.09295 -0.99035 -0.1028
vn -0.24006 -0.96639 -0.09198
vn -0.08314 -0.96288 -0.2568
vn -0.2166 -0.94821 -0.23235
vn -0.04138 -0.99806 -0.04653
vn -0.1017 -0.99392 -0.04213
vn -0.25662 -0.96577 -0.03787
vn -0.56735 -0.82271 -0.03547
vn -0.55604 -0.82683 -0.08471
vn -0.53061 -0.82168 -0.20807
vn -0.45807 -0.7556 -0.46824
vn -0.19326 -0.81909 -0.54013
vn -0.07638 -0.82208 -0.56422
vn -0.03151 -0.81758 -0.57496
vn -0.03372 -0.96114 -0.27399
vn -0.03749 -0.99295 -0.11243
vn 0.99321 0.03232 0.11172
vn 0.99022 0.09974 0.09753
vn 0.96263 0.02829 0.26934
vn 0.96698 0.08751 0.23935
vn 0.9986 0.01361 0.05117
vn 0.99827 0.03637 0.04624
vn 0.99321 0.10924 0.04004
vn 0.94325 0.33032 0.03413
vn 0.94375 0.32026 0.08227
vn 0.93298 0.30072 0.19775
vn 0.86022 0.25493 0.44163
vn 0.84077 0.07913 0.53557
vn 0.82341 0.02695 0.56681
vn 0.81485 0.01061 0.57957
vn 0.95796 0.0108 0.28671
vn 0.9925 0.01207 0.12168
vn 0.60812 0.78795 0.09655
vn 0.58978 0.77183 0.23758
vn 0.67996 0.72828 0.08517
vn 0.65824 0.7225 0.21146
vn 0.58435 0.8103 0.0441
vn 0.57966 0.80797 0.10575
vn 0.56246 0.78664 0.25462
vn 0.49272 0.68507 0.53657
vn 0.52132 0.67508 0.52201
vn 0.59079 0.64114 0.48979
vn 0.73167 0.53985 0.41619
vn 0.80065 0.56942 0.18635
vn 0.81946 0.56785 0.07764
vn 0.826 0.56274 0.03235
vn 0.68993 0.72303 0.03504
vn 0.61501 0.78752 0.03975
vn 0.12051 0.04335 0.99177
vn 0.26462 0.03697 0.96364
vn 0.16881 0.13204 0.97676
vn 0.28736 0.11305 0.95113
vn 0.05207 0.01792 0.99848
vn 0.11181 0.01624 0.9936
vn 0.26734 0.01397 0.9635
vn 0.57649 0.01168 0.81702
vn 0.57453 0.02998 0.81794
vn 0.5798 0.0883 0.80996
vn 0.61202 0.28933 0.73602
vn 0.43322 0.38355 0.81561
vn 0.35642 0.42422 0.83247
vn 0.32833 0.44103 0.83528
vn 0.12808 0.14248 0.98148
vn 0.06785 0.04751 0.99656
vn -0.60872 0.78866 0.08645
vn -0.6807 0.7291 0.07115
vn -0.59099 0.77702 0.2167
vn -0.65932 0.72948 0.18211
vn -0.58484 0.8101 0.04112
vn -0.61602 0.78692 0.03584
vn -0.69146 0.72181 0.02972
vn -0.82706 0.56154 0.0256
vn -0.82032 0.56882 0.05936
vn -0.80358 0.57651 0.148
vn -0.7456 0.5626 0.35716
vn -0.59932 0.66451 0.44637
vn -0.52762 0.69172 0.4931
vn -0.49678 0.69532 0.51936
vn -0.5635 0.79028 0.24068
vn -0.58 0.80862 0.0986
vn -0.99462 0.03441 0.09772
vn -0.96996 0.02921 0.24152
vn -0.99136 0.10336 0.08078
vn -0.97484 0.08938 0.2042
vn -0.99882 0.01471 0.04634
vn -0.99384 0.01288 0.11011
vn -0.96392 0.0109 0.26596
vn -0.82903 0.00986 0.55911
vn -0.84488 0.02621 0.53431
vn -0.86885 0.07857 0.48881
vn -0.88729 0.261 0.38025
vn -0.93907 0.30597 0.15663
vn -0.94352 0.3253 0.06277
vn -0.94191 0.33477 0.02719
vn -0.99296 0.11335 0.03426
vn -0.9984 0.03881 0.0411
vn -0.1194 0.0427 0.99193
vn -0.1674 0.13262 0.97693
vn -0.266 0.03573 0.96331
vn -0.28944 0.1132 0.95048
vn -0.05156 0.01767 0.99851
vn -0.06696 0.04716 0.99664
vn -0.12681 0.14277 0.9816
vn -0.33031 0.4486 0.83045
vn -0.36067 0.43784 0.82354
vn -0.44161 0.40204 0.80209
vn -0.637 0.30265 0.70896
vn -0.60324 0.08691 0.79281
vn -0.59059 0.02822 0.80648
vn -0.58449 0.01044 0.81134
vn -0.26733 0.01307 0.96352
vn -0.111 0.01575 0.9937
vn 0.99365 -0.04552 0.10292
vn 0.96551 -0.04012 0.25724
vn 0.98584 -0.14105 0.09073
vn 0.96497 -0.12468 0.23083
vn 0.99871 -0.01876 0.04725
vn 0.99337 -0.01664 0.11375
vn 0.96106 -0.01463 0.27595
vn 0.81707 -0.01356 0.57638
vn 0.82385 -0.03654 0.56563
vn 0.83214 -0.10914 0.54372
vn 0.7979 -0.37493 0.472
vn 0.86747 -0.45223 0.20732
vn 0.87194 -0.48231 0.08421
vn 0.86717 -0.49676 0.03525
vn 0.98753 -0.15298 0.03721
vn 0.99784 -0.05043 0.04216
vn 0.09105 -0.04484 0.99484
vn 0.08051 -0.13844 0.98709
vn 0.23843 -0.04017 0.97033
vn 0.21366 -0.12384 0.96903
vn 0.03986 -0.01815 0.99904
vn 0.03565 -0.04834 0.99819
vn 0.03171 -0.14728 0.98859
vn 0.03081 -0.49062 0.87083
vn 0.0754 -0.47921 0.87445
vn 0.19199 -0.45152 0.87136
vn 0.46179 -0.37507 0.80379
vn 0.53387 -0.10908 0.8385
vn 0.55624 -0.03666 0.83021
vn 0.56737 -0.01376 0.82335
vn 0.25583 -0.01502 0.9666
vn 0.10036 -0.01672 0.99481
vn 0.09295 -0.99035 0.1028
vn 0.24006 -0.96639 0.09198
vn 0.08314 -0.96288 0.25681
vn 0.2166 -0.94821 0.23236
vn 0.04138 -0.99806 0.04653
vn 0.1017 -0.99392 0.04213
vn 0.25662 -0.96577 0.03787
vn 0.56735 -0.82271 0.03547
vn 0.55604 -0.82683 0.08471
vn 0.53061 -0.82168 0.20807
vn 0.45807 -0.7556 0.46824
vn 0.19326 -0.81909 0.54013
vn 0.07638 -0.82208 0.56422
vn 0.03151 -0.81758 0.57495
vn 0.03372 -0.96114 0.27399
vn 0.03749 -0.99295 0.11243
vn -0.99367 -0.04604 0.10249
vn -0.9858 -0.14132 0.09068
vn -0.96565 -0.04083 0.25663
vn -0.96495 -0.12507 0.23073
vn -0.99873 -0.01913 0.04656
vn -0.99783 -0.05074 0.04192
vn -0.98751 -0.15314 0.03717
vn -0.86721 -0.49669 0.03526
vn -0.87201 -0.48219 0.08422
vn -0.86756 -0.45206 0.20733
vn -0.79798 -0.37475 0.472
vn -0.83214 -0.10956 0.54364
vn -0.82403 -0.03724 0.56532
vn -0.81761 -0.01437 0.57559
vn -0.96153 -0.01545 0.27426
vn -0.9935 -0.01725 0.11251
vn -0.09295 -0.99035 0.1028
vn -0.08314 -0.96288 0.25681
vn -0.24006 -0.96639 0.09198
vn -0.2166 -0.94821 0.23235
vn -0.04138 -0.99806 0.04653
vn -0.03749 -0.99295 0.11243
vn -0.03372 -0.96114 0.27399
vn -0.03151 -0.81758 0.57496
vn -0.07638 -0.82208 0.56422
vn -0.19326 -0.81909 0.54013
vn -0.45807 -0.75559 0.46824
vn -0.53062 -0.82167 0.20807
vn -0.55605 -0.82682 0.0847
vn -0.56734 -0.82272 0.03547
vn -0.25662 -0.96577 0.03787
vn -0.1017 -0.99392 0.04213
vn -0.09107 -0.04481 0.99484
vn -0.23836 -0.04026 0.97034
vn -0.08055 -0.13825 0.98712
vn -0.21369 -0.12371 0.96904
vn -0.03987 -0.01815 0.99904
vn -0.1003 -0.01675 0.99482
vn -0.25546 -0.01521 0.9667
vn -0.56679 -0.01431 0.82374
vn -0.55604 -0.0371 0.83033
vn -0.53383 -0.10922 0.83851
vn -0.4618 -0.37481 0.8039
vn -0.19202 -0.45119 0.87152
vn -0.07542 -0.47897 0.87458
vn -0.03082 -0.49047 0.87091
vn -0.03174 -0.14715 0.98861
vn -0.03568 -0.0483 0.9982
vn 0.11036 -0.00189 -0.99389
vn 0.11155 0.00162 -0.99376
vn 0.27158 -0.0018 -0.96241
vn 0.27302 0.00125 -0.96201
vn 0.04317 -0.00707 -0.99904
vn 0.04528 -0.002 -0.99897
vn 0.04655 0.00188 -0.99891
vn 0.04771 0.00687 -0.99884
vn 0.11097 0.00608 -0.99381
vn 0.27109 0.00502 -0.96254
vn 0.5809 0.00401 -0.81396
vn 0.57867 0.00088 -0.81556
vn 0.57639 -0.00182 -0.81717
vn 0.57288 -0.00566 -0.81962
vn 0.26602 -0.00596 -0.96395
vn 0.10675 -0.00653 -0.99426
vn 0.95717 -0.00197 -0.2895
vn 0.95751 0.0009 -0.2884
vn 0.99248 -0.00215 -0.12242
vn 0.99252 0.00113 -0.1221
vn 0.81385 -0.00569 -0.58105
vn 0.81253 -0.00186 -0.58291
vn 0.81405 0.00079 -0.58079
vn 0.81917 0.00381 -0.57354
vn 0.95972 0.00421 -0.28093
vn 0.99299 0.00498 -0.1181
vn 0.99874 0.00571 -0.04982
vn 0.99867 0.00133 -0.05155
vn 0.99867 -0.00235 -0.05158
vn 0.99873 -0.00751 -0.04989
vn 0.99285 -0.00677 -0.1192
vn 0.95857 -0.00608 -0.28478
vn -0.03067 0.04748 -0.9984
vn -0.03696 0.04896 -0.99812
vn -0.0905 0.1416 -0.98578
vn -0.10035 0.14528 -0.98429
vn -0.00935 0.01727 -0.99981
vn -0.01225 0.01807 -0.99976
vn -0.01763 0.01865 -0.99967
vn -0.028 0.0187 -0.99943
vn -0.04688 0.04924 -0.99769
vn -0.11115 0.1462 -0.98299
vn -0.31494 0.44743 -0.83703
vn -0.30174 0.44895 -0.84107
vn -0.28542 0.44776 -0.84737
vn -0.26521 0.44523 -0.85524
vn -0.08074 0.13673 -0.98731
vn -0.02611 0.04548 -0.99862
vn -0.51638 0.81117 -0.27452
vn -0.53472 0.80057 -0.27047
vn -0.53327 0.83781 -0.11703
vn -0.55181 0.82599 -0.11508
vn -0.42403 0.7111 -0.56083
vn -0.447 0.70181 -0.55466
vn -0.46448 0.6945 -0.54948
vn -0.47856 0.68917 -0.54408
vn -0.54902 0.79285 -0.26451
vn -0.56612 0.81672 -0.11167
vn -0.56979 0.82044 -0.04709
vn -0.55505 0.83039 -0.04879
vn -0.53628 0.84257 -0.04968
vn -0.5113 0.85793 -0.05028
vn -0.50841 0.85291 -0.11857
vn -0.49187 0.82499 -0.27831
vn -0.11214 0.00179 -0.99369
vn -0.11078 -0.00179 -0.99384
vn -0.2747 0.00164 -0.96153
vn -0.27302 -0.00151 -0.96201
vn -0.048 0.00699 -0.99882
vn -0.04672 0.00195 -0.99891
vn -0.04537 -0.00197 -0.99897
vn -0.04319 -0.00706 -0.99904
vn -0.10696 -0.00647 -0.99424
vn -0.2669 -0.00573 -0.96371
vn -0.57403 -0.00505 -0.81882
vn -0.57786 -0.00115 -0.81613
vn -0.57936 0.00162 -0.81507
vn -0.57872 0.0049 -0.81551
vn -0.27232 0.00557 -0.96219
vn -0.11167 0.00635 -0.99372
vn -0.95447 0.00161 -0.2983
vn -0.95527 -0.00115 -0.29573
vn -0.99166 0.00153 -0.12888
vn -0.99191 -0.00158 -0.12695
vn -0.81082 0.00463 -0.58528
vn -0.80947 0.00165 -0.58716
vn -0.81015 -0.00099 -0.58623
vn -0.81266 -0.00483 -0.58272
vn -0.95753 -0.00523 -0.2883
vn -0.99253 -0.00613 -0.12181
vn -0.99866 -0.00713 -0.05134
vn -0.99854 -0.00205 -0.05403
vn -0.99848 0.00147 -0.05504
vn -0.99852 0.00547 -0.05415
vn -0.99185 0.00501 -0.12727
vn -0.9553 0.00467 -0.29561
vn 0.00055 -0.04788 -0.99885
vn 0.00458 -0.04941 -0.99877
vn 0.00063 -0.14499 -0.98943
vn 0.00421 -0.14899 -0.98883
vn -0.00094 -0.01733 -0.99985
vn 0.00079 -0.01814 -0.99984
vn 0.0053 -0.01873 -0.99981
vn 0.01537 -0.01882 -0.9997
vn 0.01359 -0.04978 -0.99867
vn 0.01221 -0.15027 -0.98857
vn 0.01236 -0.49417 -0.86928
vn 0.0047 -0.49291 -0.87007
vn 0.00123 -0.48853 -0.87255
vn -0.00016 -0.48257 -0.87586
vn -0.00075 -0.13982 -0.99018
vn -0.00099 -0.04585 -0.99895
vn 0.00176 -0.95602 -0.29331
vn 0.00552 -0.95683 -0.29058
vn 0.00195 -0.99218 -0.12482
vn 0.00613 -0.99239 -0.12301
vn 0.00022 -0.81064 -0.58555
vn 0.00164 -0.81094 -0.58513
vn 0.00517 -0.81191 -0.58376
vn 0.0129 -0.814 -0.58072
vn 0.01376 -0.95854 -0.28464
vn 0.01527 -0.99276 -0.11912
vn 0.0169 -0.99861 -0.04985
vn 0.00678 -0.99863 -0.05183
vn 0.00216 -0.99861 -0.05276
vn 0.00029 -0.99859 -0.05304
vn 0.00026 -0.99211 -0.12538
vn 0.00023 -0.95576 -0.29415
vn 0.00409 0.03458 -0.99939
vn 0.00228 0.03436 -0.99941
vn 0.01332 0.10885 -0.99397
vn 0.00743 0.10829 -0.99409
vn 0.00213 0.01306 -0.99991
vn 0.00141 0.01292 -0.99992
vn 0.00079 0.01284 -0.99992
vn 0.00024 0.0128 -0.99992
vn 0.00071 0.03426 -0.99941
vn 0.00231 0.10802 -0.99415
vn 0.00918 0.42482 -0.90523
vn 0.02945 0.42501 -0.90471
vn 0.0526 0.42539 -0.90348
vn 0.07865 0.42595 -0.90132
vn 0.02006 0.10977 -0.99375
vn 0.00617 0.03492 -0.99937
vn 0.11664 0.94269 -0.31263
vn 0.06568 0.94717 -0.31394
vn 0.12166 0.98349 -0.13395
vn 0.06853 0.98853 -0.13456
vn 0.1443 0.78067 -0.60805
vn 0.09721 0.78546 -0.61123
vn 0.05467 0.78821 -0.61297
vn 0.01708 0.78937 -0.61368
vn 0.02053 0.94905 -0.31444
vn 0.02142 0.99064 -0.1348
vn 0.02158 0.99814 -0.05709
vn 0.06904 0.99599 -0.05699
vn 0.12255 0.99084 -0.05673
vn 0.18137 0.9818 -0.05626
vn 0.18008 0.97464 -0.13287
vn 0.17275 0.93481 -0.3103
vn 0.0002 -0.03476 -0.9994
vn 0.00011 -0.03455 -0.9994
vn 0.00016 -0.11036 -0.99389
vn 9E-05 -0.10976 -0.99396
vn 0.00029 -0.01309 -0.99991
vn 0.00019 -0.01295 -0.99992
vn 0.00011 -0.01287 -0.99992
vn 3E-05 -0.01283 -0.99992
vn 3E-05 -0.03445 -0.99941
vn 3E-05 -0.10948 -0.99399
vn 1E-05 -0.44026 -0.89787
vn 4E-05 -0.44072 -0.89765
vn 7E-05 -0.4417 -0.89716
vn 0.00011 -0.44327 -0.89639
vn 0.00024 -0.11133 -0.99378
vn 0.0003 -0.03512 -0.99938
vn 0 -0.95573 -0.29425
vn 0 -0.95573 -0.29425
vn 0 -0.9921 -0.12545
vn -0 -0.9921 -0.12545
vn -0 -0.8106 -0.5856
vn 0 -0.8106 -0.5856
vn -0 -0.8106 -0.5856
vn 0 -0.8106 -0.5856
vn 0 -0.95573 -0.29425
vn 0 -0.9921 -0.12545
vn 0 -0.99859 -0.05308
vn -0 -0.99859 -0.05308
vn 0 -0.99859 -0.05308
vn 0 -0.99859 -0.05308
vn -0 -0.9921 -0.12545
vn 0 -0.95573 -0.29425
vn -0.00051 -0.0363 -0.99934
vn -0.0006 -0.03713 -0.99931
vn -0.00041 -0.11458 -0.99341
vn -0.00049 -0.11686 -0.99315
vn -0.00039 -0.01329 -0.99991
vn -0.0005 -0.01355 -0.99991
vn -0.00059 -0.01388 -0.9999
vn -0.00067 -0.01427 -0.9999
vn -0.00069 -0.03813 -0.99927
vn -0.00056 -0.11956 -0.99283
vn -0.00024 -0.45589 -0.89004
vn -0.00021 -0.45188 -0.89208
vn -0.00018 -0.44839 -0.89384
vn -0.00015 -0.4455 -0.89528
vn -0.00033 -0.11273 -0.99363
vn -0.00041 -0.03562 -0.99937
vn 0 -0.95573 -0.29425
vn 0 -0.95573 -0.29425
vn 0 -0.9921 -0.12545
vn -0 -0.9921 -0.12545
vn -0 -0.8106 -0.5856
vn 0 -0.8106 -0.5856
vn -0 -0.8106 -0.5856
vn 0 -0.8106 -0.5856
vn 0 -0.95573 -0.29425
vn 0 -0.9921 -0.12545
vn 0 -0.99859 -0.05308
vn 0 -0.99859 -0.05308
vn -0 -0.9921 -0.12545
vn 0 -0.95573 -0.29425
vn 0.01998 0.04178 -0.99893
vn 0.01776 0.0403 -0.99903
vn 0.06314 0.12752 -0.98982
vn 0.05646 0.12375 -0.99071
vn 0.00793 0.01647 -0.99983
vn 0.00697 0.01579 -0.99985
vn 0.00618 0.01519 -0.99987
vn 0.00553 0.01468 -0.99988
vn 0.01592 0.03901 -0.99911
vn 0.05089 0.12044 -0.99142
vn 0.18525 0.43389 -0.88171
vn 0.2013 0.43663 -0.87683
vn 0.21995 0.4395 -0.8709
vn 0.24155 0.44239 -0.86368
vn 0.07121 0.13182 -0.98871
vn 0.02268 0.0435 -0.9988
vn 0.42909 0.85635 -0.28731
vn 0.40091 0.86867 -0.29102
vn 0.44458 0.88735 -0.12235
vn 0.41577 0.90098 -0.12399
vn 0.39474 0.72192 -0.56834
vn 0.36644 0.73126 -0.57531
vn 0.34114 0.73908 -0.58085
vn 0.3187 0.74567 -0.58515
vn 0.37559 0.87893 -0.29398
vn 0.38981 0.91233 -0.12532
vn 0.39232 0.9183 -0.05303
vn 0.41839 0.90675 -0.05246
vn 0.4473 0.89288 -0.05178
vn 0.47905 0.87631 -0.05095
vn 0.47623 0.87105 -0.12034
vn 0.46017 0.8416 -0.28275
vn -0.01062 0.03608 -0.99929
vn -0.01257 0.0369 -0.99924
vn -0.03437 0.11283 -0.99302
vn -0.04055 0.11498 -0.99254
vn -0.00292 0.01326 -0.99991
vn -0.00367 0.01352 -0.9999
vn -0.00436 0.01384 -0.99989
vn -0.00497 0.01423 -0.99989
vn -0.01431 0.03788 -0.99918
vn -0.04597 0.11752 -0.99201
vn -0.17048 0.43137 -0.88592
vn -0.15295 0.42931 -0.89011
vn -0.13163 0.42775 -0.89426
vn -0.10651 0.42666 -0.89812
vn -0.02745 0.11109 -0.99343
vn -0.00845 0.03542 -0.99934
vn -0.2805 0.91075 -0.30309
vn -0.32043 0.89866 -0.29955
vn -0.29182 0.94766 -0.12952
vn -0.33305 0.9342 -0.12788
vn -0.19334 0.77371 -0.60332
vn -0.23594 0.76592 -0.59807
vn -0.27046 0.75836 -0.59309
vn -0.29736 0.7516 -0.5888
vn -0.35128 0.88807 -0.29652
vn -0.36483 0.92244 -0.12648
vn -0.36722 0.92859 -0.05352
vn -0.33528 0.94056 -0.05412
vn -0.29382 0.95429 -0.05483
vn -0.24194 0.9687 -0.05557
vn -0.24024 0.9618 -0.13127
vn -0.23068 0.92338 -0.30686
vn 0.00096 -0.04211 -0.99911
vn 0.00085 -0.0406 -0.99918
vn 0.00076 -0.13014 -0.9915
vn 0.00068 -0.12615 -0.99201
vn 0.00107 -0.01654 -0.99986
vn 0.00094 -0.01584 -0.99987
vn 0.00083 -0.01524 -0.99988
vn 0.00075 -0.01472 -0.99989
vn 0.00077 -0.03928 -0.99923
vn 0.00062 -0.12265 -0.99245
vn 0.00026 -0.46034 -0.88774
vn 0.00028 -0.46521 -0.8852
vn 0.00031 -0.47053 -0.88238
vn 0.00034 -0.47634 -0.87926
vn 0.00086 -0.13469 -0.99089
vn 0.00109 -0.04386 -0.99904
vn 0 -0.95573 -0.29425
vn 0 -0.95573 -0.29425
vn 0 -0.9921 -0.12545
vn -0 -0.9921 -0.12545
vn 0 -0.8106 -0.5856
vn 0 -0.8106 -0.5856
vn -0 -0.8106 -0.5856
vn 0 -0.8106 -0.5856
vn 0 -0.95573 -0.29425
vn 0 -0.9921 -0.12545
vn 0 -0.99859 -0.05308
vn -0 -0.99859 -0.05308
vn 0 -0.99859 -0.05308
vn 0 -0.99859 -0.05308
vn -0 -0.9921 -0.12545
vn 0 -0.95573 -0.29425
vn -0.00085 -0.0406 -0.99918
vn -0.00096 -0.04211 -0.99911
vn -0.00068 -0.12615 -0.99201
vn -0.00076 -0.13014 -0.9915
vn -0.00075 -0.01472 -0.99989
vn -0.00083 -0.01524 -0.99988
vn -0.00094 -0.01584 -0.99987
vn -0.00107 -0.01654 -0.99986
vn -0.00109 -0.04386 -0.99904
vn -0.00086 -0.13469 -0.99089
vn -0.00034 -0.47634 -0.87926
vn -0.00031 -0.47053 -0.88238
vn -0.00028 -0.46521 -0.8852
vn -0.00026 -0.46034 -0.88774
vn -0.00062 -0.12265 -0.99245
vn -0.00077 -0.03928 -0.99923
vn -0 -0.95573 -0.29425
vn 0 -0.9921 -0.12545
vn -0 -0.9921 -0.12545
vn -0 -0.8106 -0.5856
vn 0 -0.8106 -0.5856
vn -0 -0.8106 -0.5856
vn 0 -0.8106 -0.5856
vn 0 -0.95573 -0.29425
vn 0 -0.9921 -0.12545
vn -0 -0.99859 -0.05308
vn -0 -0.99859 -0.05308
vn 0 -0.99859 -0.05308
vn 0 -0.99859 -0.05308
vn -0 -0.9921 -0.12545
vn 0.03669 0.04883 -0.99813
vn 0.03054 0.0474 -0.99841
vn 0.09978 0.14506 -0.98438
vn 0.09018 0.14141 -0.98584
vn 0.02775 0.01858 -0.99944
vn 0.0175 0.01859 -0.99967
vn 0.0122 0.01804 -0.99976
vn 0.00933 0.01726 -0.99981
vn 0.02605 0.04545 -0.99863
vn 0.08059 0.13663 -0.98734
vn 0.2649 0.44508 -0.85541
vn 0.28487 0.44771 -0.84759
vn 0.30127 0.44973 -0.84082
vn 0.31529 0.45053 -0.83523
vn 0.11028 0.14612 -0.9831
vn 0.04638 0.04902 -0.99772
vn 0.53487 0.80207 -0.26572
vn 0.51632 0.81195 -0.2723
vn 0.55167 0.82649 -0.1121
vn 0.5331 0.83813 -0.11552
vn 0.48059 0.69478 -0.53508
vn 0.46516 0.69723 -0.54543
vn 0.44706 0.70293 -0.55319
vn 0.42395 0.71147 -0.56043
vn 0.49178 0.82531 -0.27752
vn 0.5083 0.85306 -0.118
vn 0.51122 0.858 -0.04996
vn 0.53617 0.84269 -0.04887
vn 0.55497 0.83052 -0.0473
vn 0.56987 0.82051 -0.04486
vn 0.56614 0.81736 -0.10678
vn 0.54956 0.79529 -0.25591
vn -0.01776 0.0403 -0.99903
vn -0.01999 0.04179 -0.99893
vn -0.05646 0.12375 -0.99071
vn -0.06316 0.12753 -0.98982
vn -0.00553 0.01468 -0.99988
vn -0.00618 0.01519 -0.99987
vn -0.00697 0.01579 -0.99985
vn -0.00794 0.01648 -0.99983
vn -0.02271 0.04351 -0.99879
vn -0.07125 0.13186 -0.9887
vn -0.24163 0.44243 -0.86364
vn -0.21995 0.4395 -0.8709
vn -0.20129 0.43662 -0.87684
vn -0.18524 0.43389 -0.88172
vn -0.05089 0.12044 -0.99142
vn -0.01592 0.03901 -0.99911
vn -0.40089 0.86868 -0.29099
vn -0.42908 0.85636 -0.28729
vn -0.41576 0.90099 -0.12398
vn -0.44457 0.88735 -0.12233
vn -0.3187 0.74568 -0.58515
vn -0.34112 0.73908 -0.58086
vn -0.36643 0.73127 -0.5753
vn -0.39477 0.72184 -0.56842
vn -0.46021 0.84154 -0.28288
vn -0.47626 0.87102 -0.12045
vn -0.47907 0.87629 -0.051
vn -0.4473 0.89289 -0.05177
vn -0.41838 0.90676 -0.05245
vn -0.39232 0.9183 -0.05302
vn -0.38981 0.91233 -0.12532
vn -0.37559 0.87893 -0.29396
vn -0.00457 -0.04942 -0.99877
vn -0.00054 -0.04788 -0.99885
vn -0.00421 -0.14901 -0.98883
vn -0.00063 -0.14499 -0.98943
vn -0.01535 -0.01883 -0.9997
vn -0.0053 -0.01874 -0.99981
vn -0.00079 -0.01814 -0.99984
vn 0.00094 -0.01733 -0.99985
vn 0.00099 -0.04586 -0.99895
vn 0.00075 -0.13982 -0.99018
vn 0.00016 -0.48257 -0.87586
vn -0.00123 -0.48854 -0.87254
vn -0.0047 -0.49293 -0.87006
vn -0.01236 -0.49424 -0.86924
vn -0.01219 -0.15034 -0.98856
vn -0.01357 -0.0498 -0.99867
vn -0.00552 -0.95683 -0.29058
vn -0.00176 -0.95602 -0.29331
vn -0.00613 -0.99239 -0.12301
vn -0.00195 -0.99218 -0.12482
vn -0.0129 -0.814 -0.58072
vn -0.00517 -0.81191 -0.58376
vn -0.00164 -0.81094 -0.58513
vn -0.00022 -0.81064 -0.58555
vn -0.00023 -0.95576 -0.29415
vn -0.00026 -0.99211 -0.12538
vn -0.00029 -0.99859 -0.05304
vn -0.00216 -0.99861 -0.05276
vn -0.00678 -0.99863 -0.05183
vn -0.0169 -0.99861 -0.04985
vn -0.01527 -0.99276 -0.11912
vn -0.01376 -0.95854 -0.28464
vn 0.01257 0.0369 -0.99924
vn 0.01062 0.03608 -0.99929
vn 0.04055 0.11498 -0.99254
vn 0.03437 0.11283 -0.99302
vn 0.00497 0.01423 -0.99989
vn 0.00436 0.01384 -0.99989
vn 0.00367 0.01352 -0.9999
vn 0.00292 0.01326 -0.99991
vn 0.00845 0.03542 -0.99934
vn 0.02745 0.11109 -0.99343
vn 0.10651 0.42666 -0.89812
vn 0.13163 0.42775 -0.89426
vn 0.15294 0.42931 -0.89012
vn 0.17048 0.43137 -0.88592
vn 0.04597 0.11752 -0.99201
vn 0.01431 0.03788 -0.99918
vn 0.32043 0.89867 -0.29952
vn 0.2805 0.91075 -0.30309
vn 0.33305 0.9342 -0.12789
vn 0.29182 0.94766 -0.12952
vn 0.29736 0.75159 -0.5888
vn 0.27045 0.75835 -0.5931
vn 0.23594 0.76592 -0.59807
vn 0.19334 0.77371 -0.60332
vn 0.23068 0.92337 -0.30686
vn 0.24024 0.9618 -0.13127
vn 0.24194 0.9687 -0.05557
vn 0.29382 0.95429 -0.05482
vn 0.33528 0.94056 -0.05412
vn 0.36722 0.92859 -0.05352
vn 0.36483 0.92244 -0.12648
vn 0.35128 0.88807 -0.29652
vn -0.00011 -0.03455 -0.9994
vn -0.0002 -0.03476 -0.9994
vn -9E-05 -0.10976 -0.99396
vn -0.00016 -0.11036 -0.99389
vn -3E-05 -0.01283 -0.99992
vn -0.00011 -0.01287 -0.99992
vn -0.00019 -0.01295 -0.99992
vn -0.00029 -0.01309 -0.99991
vn -0.0003 -0.03512 -0.99938
vn -0.00024 -0.11133 -0.99378
vn -0.00011 -0.44327 -0.89639
vn -7E-05 -0.4417 -0.89716
vn -4E-05 -0.44072 -0.89765
vn -1E-05 -0.44026 -0.89787
vn -3E-05 -0.10948 -0.99399
vn -3E-05 -0.03445 -0.99941
vn 0 -0.95573 -0.29425
vn 0 -0.95573 -0.29425
vn 0 -0.9921 -0.12545
vn -0 -0.8106 -0.5856
vn 0 -0.8106 -0.5856
vn -0 -0.8106 -0.5856
vn -0 -0.8106 -0.5856
vn -0 -0.95573 -0.29425
vn 0 -0.9921 -0.12545
vn -0 -0.99859 -0.05308
vn 0 -0.99859 -0.05308
vn 0 -0.99859 -0.05308
vn -0 -0.9921 -0.12545
vn 0 -0.95573 -0.29425
vn 0.0006 -0.03713 -0.99931
vn 0.00051 -0.0363 -0.99934
vn 0.00049 -0.11686 -0.99315
vn 0.00041 -0.11458 -0.99341
vn 0.00067 -0.01427 -0.9999
vn 0.00059 -0.01388 -0.9999
vn 0.0005 -0.01355 -0.99991
vn 0.00039 -0.01329 -0.99991
vn 0.00041 -0.03562 -0.99937
vn 0.00033 -0.11273 -0.99363
vn 0.00015 -0.4455 -0.89528
vn 0.00018 -0.44839 -0.89384
vn 0.00021 -0.45188 -0.89208
vn 0.00024 -0.45589 -0.89004
vn 0.00056 -0.11956 -0.99283
vn 0.00069 -0.03813 -0.99927
vn 0 -0.95573 -0.29425
vn 0 -0.95573 -0.29425
vn 0 -0.9921 -0.12545
vn -0 -0.9921 -0.12545
vn -0 -0.8106 -0.5856
vn 0 -0.8106 -0.5856
vn -0 -0.8106 -0.5856
vn -0 -0.8106 -0.5856
vn -0 -0.95573 -0.29425
vn 0 -0.9921 -0.12545
vn 0 -0.99859 -0.05308
vn -0 -0.99859 -0.05308
vn 0 -0.99859 -0.05308
vn -0 -0.9921 -0.12545
vn -0.00228 0.03436 -0.99941
vn -0.00409 0.03458 -0.99939
vn -0.00743 0.10829 -0.99409
vn -0.01332 0.10885 -0.99397
vn -0.00024 0.0128 -0.99992
vn -0.00079 0.01284 -0.99992
vn -0.00141 0.01292 -0.99992
vn -0.00213 0.01306 -0.99991
vn -0.00617 0.03492 -0.99937
vn -0.02006 0.10977 -0.99375
vn -0.07865 0.42594 -0.90133
vn -0.0526 0.42539 -0.90348
vn -0.02945 0.42501 -0.90471
vn -0.00918 0.42482 -0.90523
vn -0.00231 0.10802 -0.99415
vn -0.00071 0.03426 -0.99941
vn -0.06568 0.94717 -0.31394
vn -0.11664 0.94269 -0.31262
vn -0.06853 0.98853 -0.13456
vn -0.12166 0.98349 -0.13396
vn -0.01708 0.78937 -0.61368
vn -0.05467 0.78821 -0.61298
vn -0.09721 0.78546 -0.61123
vn -0.1443 0.78069 -0.60804
vn -0.17275 0.93481 -0.31031
vn -0.18008 0.97464 -0.13286
vn -0.18137 0.9818 -0.05627
vn -0.12256 0.99084 -0.05673
vn -0.06904 0.99599 -0.05699
vn -0.02158 0.99814 -0.05709
vn -0.02142 0.99064 -0.1348
vn -0.02053 0.94905 -0.31445
vn 0.99191 -0.00158 0.12694
vn 0.99166 0.00153 0.12888
vn 0.95527 -0.00115 0.29574
vn 0.95447 0.00161 0.29829
vn 0.99866 -0.00713 0.05134
vn 0.99854 -0.00205 0.05403
vn 0.99848 0.00147 0.05504
vn 0.99852 0.00547 0.05415
vn 0.99185 0.00501 0.12727
vn 0.9553 0.00466 0.2956
vn 0.81081 0.00463 0.58529
vn 0.80947 0.00165 0.58716
vn 0.81015 -0.00099 0.58622
vn 0.81267 -0.00483 0.58271
vn 0.95752 -0.00523 0.28832
vn 0.99253 -0.00613 0.12181
vn 0.27301 -0.00151 0.96201
vn 0.27469 0.00164 0.96153
vn 0.11078 -0.00179 0.99384
vn 0.11214 0.00179 0.99369
vn 0.57402 -0.00505 0.81883
vn 0.57785 -0.00115 0.81614
vn 0.57936 0.00162 0.81507
vn 0.57872 0.0049 0.81551
vn 0.27233 0.00557 0.96219
vn 0.11167 0.00635 0.99372
vn 0.048 0.00699 0.99882
vn 0.04672 0.00195 0.99891
vn 0.04537 -0.00197 0.99897
vn 0.04319 -0.00706 0.99904
vn 0.10696 -0.00647 0.99424
vn 0.26691 -0.00573 0.96371
vn -0.53311 0.83813 0.11551
vn -0.55167 0.82649 0.11209
vn -0.51632 0.81195 0.27231
vn -0.53487 0.80207 0.26571
vn -0.51122 0.858 0.04996
vn -0.53617 0.84269 0.04887
vn -0.55497 0.83053 0.04731
vn -0.56987 0.82051 0.04486
vn -0.56614 0.81736 0.10678
vn -0.54956 0.7953 0.2559
vn -0.48058 0.69477 0.53511
vn -0.46516 0.69722 0.54544
vn -0.44706 0.70294 0.55318
vn -0.42395 0.71146 0.56044
vn -0.49178 0.82531 0.27752
vn -0.5083 0.85306 0.118
vn -0.09017 0.14141 0.98584
vn -0.09978 0.14506 0.98438
vn -0.03054 0.0474 0.99841
vn -0.03669 0.04883 0.99813
vn -0.2649 0.44508 0.85541
vn -0.28486 0.44771 0.84759
vn -0.30127 0.44974 0.84082
vn -0.31529 0.45053 0.83523
vn -0.11028 0.14612 0.9831
vn -0.04638 0.04902 0.99772
vn -0.02775 0.01858 0.99944
vn -0.0175 0.01859 0.99967
vn -0.0122 0.01804 0.99976
vn -0.00933 0.01726 0.99981
vn -0.02605 0.04545 0.99863
vn -0.08059 0.13663 0.98734
vn -0.99252 0.00113 0.1221
vn -0.99248 -0.00215 0.12242
vn -0.95751 0.0009 0.28839
vn -0.95718 -0.00197 0.2895
vn -0.99874 0.00571 0.04983
vn -0.99867 0.00133 0.05156
vn -0.99867 -0.00235 0.05157
vn -0.99873 -0.00751 0.04989
vn -0.99285 -0.00677 0.1192
vn -0.95857 -0.00608 0.28479
vn -0.81386 -0.00569 0.58104
vn -0.81254 -0.00186 0.5829
vn -0.81406 0.00079 0.58078
vn -0.81917 0.00381 0.57353
vn -0.95972 0.0042 0.28092
vn -0.99299 0.00498 0.1181
vn -0.27302 0.00125 0.96201
vn -0.27158 -0.0018 0.96241
vn -0.11154 0.00162 0.99376
vn -0.11036 -0.00189 0.99389
vn -0.5809 0.00401 0.81396
vn -0.57866 0.00088 0.81557
vn -0.57638 -0.00182 0.81718
vn -0.57287 -0.00566 0.81963
vn -0.26602 -0.00596 0.96395
vn -0.10675 -0.00653 0.99427
vn -0.04317 -0.00707 0.99904
vn -0.04528 -0.002 0.99897
vn -0.04655 0.00188 0.99891
vn -0.04771 0.00687 0.99884
vn -0.11097 0.00608 0.99381
vn -0.27109 0.00502 0.96254
vn 0.00195 -0.99218 0.12482
vn 0.00613 -0.99239 0.12301
vn 0.00176 -0.95602 0.29331
vn 0.00552 -0.95684 0.29058
vn 0.00029 -0.99859 0.05304
vn 0.00216 -0.99861 0.05276
vn 0.00678 -0.99863 0.05183
vn 0.0169 -0.99861 0.04985
vn 0.01527 -0.99276 0.11912
vn 0.01376 -0.95854 0.28464
vn 0.0129 -0.814 0.58072
vn 0.00517 -0.81191 0.58376
vn 0.00164 -0.81093 0.58513
vn 0.00022 -0.81064 0.58555
vn 0.00023 -0.95576 0.29415
vn 0.00026 -0.99211 0.12538
vn 0.00063 -0.14499 0.98943
vn 0.00421 -0.14901 0.98883
vn 0.00055 -0.04788 0.99885
vn 0.00457 -0.04942 0.99877
vn -0.00016 -0.48257 0.87586
vn 0.00122 -0.48854 0.87254
vn 0.0047 -0.49293 0.87005
vn 0.01236 -0.49424 0.86924
vn 0.01219 -0.15034 0.98856
vn 0.01357 -0.0498 0.99867
vn 0.01535 -0.01883 0.9997
vn 0.0053 -0.01874 0.99981
vn 0.00079 -0.01814 0.99984
vn -0.00094 -0.01733 0.99985
vn -0.00099 -0.04586 0.99895
vn -0.00075 -0.13982 0.99018
vn 0.12166 0.98349 0.13396
vn 0.06853 0.98853 0.13456
vn 0.11664 0.94269 0.31263
vn 0.06568 0.94717 0.31392
vn 0.18138 0.9818 0.05627
vn 0.12255 0.99084 0.05673
vn 0.06904 0.99598 0.05699
vn 0.02158 0.99814 0.0571
vn 0.02142 0.99064 0.1348
vn 0.02053 0.94906 0.31444
vn 0.01708 0.78937 0.61368
vn 0.05467 0.78821 0.61297
vn 0.09721 0.78547 0.61122
vn 0.1443 0.78067 0.60805
vn 0.17275 0.93481 0.3103
vn 0.18008 0.97464 0.13287
vn 0.01332 0.10885 0.99397
vn 0.00743 0.10829 0.99409
vn 0.00409 0.03458 0.99939
vn 0.00228 0.03436 0.99941
vn 0.07865 0.42594 0.90133
vn 0.0526 0.42539 0.90348
vn 0.02945 0.42501 0.90471
vn 0.00918 0.42481 0.90524
vn 0.00231 0.10802 0.99415
vn 0.00071 0.03426 0.99941
vn 0.00024 0.0128 0.99992
vn 0.00079 0.01284 0.99992
vn 0.00141 0.01292 0.99992
vn 0.00213 0.01306 0.99991
vn 0.00617 0.03492 0.99937
vn 0.02007 0.10977 0.99375
vn -0 -0.9921 0.12545
vn -0 -0.9921 0.12545
vn -0 -0.95573 0.29425
vn 0 -0.95573 0.29425
vn 0 -0.99859 0.05308
vn 0 -0.99859 0.05308
vn -0 -0.99859 0.05308
vn 0 -0.99859 0.05308
vn 0 -0.9921 0.12545
vn 0 -0.95573 0.29425
vn -0 -0.8106 0.5856
vn 0 -0.8106 0.5856
vn -0 -0.8106 0.5856
vn 0 -0.8106 0.5856
vn -0 -0.95573 0.29425
vn 0 -0.9921 0.12545
vn 0.00016 -0.11036 0.99389
vn 9E-05 -0.10976 0.99396
vn 0.0002 -0.03476 0.9994
vn 0.00011 -0.03455 0.9994
vn 0.00011 -0.44327 0.89639
vn 7E-05 -0.4417 0.89716
vn 4E-05 -0.44072 0.89765
vn 1E-05 -0.44026 0.89787
vn 3E-05 -0.10948 0.99399
vn 3E-05 -0.03445 0.99941
vn 3E-05 -0.01283 0.99992
vn 0.00011 -0.01287 0.99992
vn 0.00019 -0.01295 0.99992
vn 0.00029 -0.01309 0.99991
vn 0.0003 -0.03512 0.99938
vn 0.00024 -0.11133 0.99378
vn -0 -0.9921 0.12545
vn -0 -0.9921 0.12545
vn 0 -0.95573 0.29425
vn 0 -0.99859 0.05308
vn 0 -0.99859 0.05308
vn -0 -0.99859 0.05308
vn 0 -0.99859 0.05308
vn 0 -0.9921 0.12545
vn 0 -0.95573 0.29425
vn -0 -0.8106 0.5856
vn 0 -0.8106 0.5856
vn -0 -0.8106 0.5856
vn -0 -0.95573 0.29425
vn 0 -0.9921 0.12545
vn -0.00041 -0.11458 0.99341
vn -0.00049 -0.11686 0.99315
vn -0.00051 -0.0363 0.99934
vn -0.0006 -0.03713 0.99931
vn -0.00015 -0.4455 0.89528
vn -0.00018 -0.44839 0.89384
vn -0.00021 -0.45188 0.89208
vn -0.00024 -0.45589 0.89004
vn -0.00055 -0.11956 0.99283
vn -0.00069 -0.03813 0.99927
vn -0.00067 -0.01427 0.9999
vn -0.00059 -0.01388 0.9999
vn -0.0005 -0.01355 0.99991
vn -0.00039 -0.01329 0.99991
vn -0.00041 -0.03562 0.99937
vn -0.00033 -0.11273 0.99363
vn 0.44457 0.88735 0.12233
vn 0.41575 0.90099 0.12397
vn 0.42908 0.85636 0.2873
vn 0.40089 0.86868 0.291
vn 0.47907 0.87629 0.051
vn 0.4473 0.89289 0.05177
vn 0.41838 0.90676 0.05245
vn 0.39232 0.9183 0.05303
vn 0.38981 0.91233 0.12532
vn 0.37559 0.87893 0.29396
vn 0.3187 0.74568 0.58515
vn 0.34113 0.73908 0.58085
vn 0.36643 0.73126 0.57531
vn 0.39478 0.72185 0.5684
vn 0.4602 0.84154 0.2829
vn 0.47626 0.87101 0.12045
vn 0.06316 0.12753 0.98982
vn 0.05646 0.12375 0.99071
vn 0.01999 0.04179 0.99893
vn 0.01776 0.0403 0.99903
vn 0.24164 0.44243 0.86363
vn 0.21995 0.4395 0.8709
vn 0.20129 0.43662 0.87684
vn 0.18524 0.43389 0.88172
vn 0.05089 0.12044 0.99142
vn 0.01592 0.03901 0.99911
vn 0.00554 0.01468 0.99988
vn 0.00618 0.01519 0.99987
vn 0.00697 0.01579 0.99985
vn 0.00794 0.01648 0.99983
vn 0.02271 0.04351 0.99879
vn 0.07125 0.13186 0.9887
vn -0.29182 0.94766 0.12952
vn -0.33305 0.9342 0.12788
vn -0.2805 0.91075 0.30308
vn -0.32043 0.89867 0.29954
vn -0.24194 0.9687 0.05558
vn -0.29382 0.95429 0.05483
vn -0.33528 0.94056 0.05412
vn -0.36722 0.92859 0.05352
vn -0.36483 0.92244 0.12649
vn -0.35129 0.88808 0.29651
vn -0.29735 0.75159 0.58881
vn -0.27045 0.75835 0.59309
vn -0.23595 0.76592 0.59808
vn -0.19333 0.7737 0.60333
vn -0.23069 0.92337 0.30686
vn -0.24024 0.9618 0.13127
vn -0.03437 0.11283 0.99302
vn -0.04055 0.11498 0.99254
vn -0.01062 0.03608 0.99929
vn -0.01257 0.0369 0.99924
vn -0.10651 0.42666 0.89812
vn -0.13163 0.42775 0.89426
vn -0.15295 0.42931 0.89011
vn -0.17048 0.43137 0.88592
vn -0.04597 0.11752 0.99201
vn -0.01431 0.03788 0.99918
vn -0.00497 0.01423 0.99989
vn -0.00436 0.01384 0.99989
vn -0.00368 0.01352 0.9999
vn -0.00292 0.01326 0.99991
vn -0.00845 0.03542 0.99934
vn -0.02745 0.11109 0.99343
vn -0 -0.9921 0.12545
vn -0 -0.9921 0.12545
vn -0 -0.95573 0.29425
vn 0 -0.95573 0.29425
vn 0 -0.99859 0.05308
vn 0 -0.99859 0.05308
vn -0 -0.99859 0.05308
vn 0 -0.99859 0.05308
vn 0 -0.9921 0.12545
vn 0 -0.95573 0.29425
vn -0 -0.8106 0.5856
vn 0 -0.8106 0.5856
vn -0 -0.8106 0.5856
vn 0 -0.8106 0.5856
vn -0 -0.95573 0.29425
vn 0 -0.9921 0.12545
vn 0.00076 -0.13014 0.9915
vn 0.00068 -0.12615 0.99201
vn 0.00096 -0.04211 0.99911
vn 0.00085 -0.0406 0.99918
vn 0.00034 -0.47634 0.87926
vn 0.00031 -0.47053 0.88238
vn 0.00028 -0.46521 0.8852
vn 0.00026 -0.46034 0.88774
vn 0.00061 -0.12265 0.99245
vn 0.00077 -0.03928 0.99923
vn 0.00075 -0.01472 0.99989
vn 0.00083 -0.01524 0.99988
vn 0.00094 -0.01584 0.99987
vn 0.00107 -0.01654 0.99986
vn 0.00109 -0.04386 0.99904
vn 0.00086 -0.13469 0.99089
vn -0 -0.9921 0.12545
vn -0 -0.9921 0.12545
vn -0 -0.95573 0.29425
vn 0 -0.95573 0.29425
vn 0 -0.99859 0.05308
vn 0 -0.99859 0.05308
vn -0 -0.99859 0.05308
vn 0 -0.9921 0.12545
vn 0 -0.95573 0.29425
vn -0 -0.8106 0.5856
vn 0 -0.8106 0.5856
vn -0 -0.8106 0.5856
vn 0 -0.8106 0.5856
vn -0 -0.95573 0.29425
vn 0 -0.9921 0.12545
vn -0.00068 -0.12615 0.99201
vn -0.00076 -0.13014 0.9915
vn -0.00085 -0.0406 0.99918
vn -0.00096 -0.04211 0.99911
vn -0.00026 -0.46034 0.88774
vn -0.00028 -0.46521 0.8852
vn -0.00031 -0.47053 0.88238
vn -0.00034 -0.47634 0.87926
vn -0.00086 -0.13469 0.99089
vn -0.00109 -0.04386 0.99904
vn -0.00107 -0.01654 0.99986
vn -0.00094 -0.01584 0.99987
vn -0.00083 -0.01524 0.99988
vn -0.00075 -0.01472 0.99989
vn -0.00077 -0.03928 0.99923
vn -0.00061 -0.12265 0.99245
vn 0.55181 0.826 0.11507
vn 0.53327 0.83781 0.11704
vn 0.53472 0.80057 0.27048
vn 0.51638 0.81117 0.27451
vn 0.56979 0.82044 0.04708
vn 0.55505 0.83039 0.04879
vn 0.53629 0.84257 0.04967
vn 0.5113 0.85793 0.05027
vn 0.50841 0.85291 0.11857
vn 0.49187 0.825 0.2783
vn 0.42402 0.71109 0.56086
vn 0.447 0.7018 0.55467
vn 0.46448 0.6945 0.54947
vn 0.47856 0.68918 0.54406
vn 0.54902 0.79285 0.26452
vn 0.56612 0.81672 0.11166
vn 0.10035 0.14528 0.98429
vn 0.0905 0.1416 0.98578
vn 0.03696 0.04896 0.99812
vn 0.03067 0.04748 0.9984
vn 0.31494 0.44743 0.83703
vn 0.30173 0.44894 0.84107
vn 0.28542 0.44776 0.84738
vn 0.26521 0.44523 0.85524
vn 0.08074 0.13673 0.98731
vn 0.02611 0.04548 0.99862
vn 0.00935 0.01727 0.99981
vn 0.01226 0.01807 0.99976
vn 0.01763 0.01865 0.99967
vn 0.028 0.0187 0.99943
vn 0.04688 0.04924 0.99769
vn 0.11115 0.1462 0.98299
vn -0.41577 0.90098 0.12399
vn -0.44457 0.88735 0.12235
vn -0.40091 0.86867 0.29101
vn -0.42909 0.85635 0.28732
vn -0.39232 0.9183 0.05303
vn -0.41839 0.90675 0.05247
vn -0.4473 0.89288 0.05178
vn -0.47905 0.87631 0.05094
vn -0.47623 0.87105 0.12034
vn -0.46017 0.8416 0.28275
vn -0.39474 0.72193 0.56833
vn -0.36643 0.73125 0.57533
vn -0.34114 0.73907 0.58086
vn -0.3187 0.74566 0.58516
vn -0.37559 0.87893 0.29397
vn -0.38981 0.91233 0.12532
vn -0.05646 0.12375 0.99071
vn -0.06314 0.12752 0.98982
vn -0.01776 0.0403 0.99903
vn -0.01998 0.04178 0.99893
vn -0.18524 0.43389 0.88172
vn -0.2013 0.43662 0.87683
vn -0.21995 0.43951 0.87089
vn -0.24155 0.44239 0.86368
vn -0.07121 0.13183 0.98871
vn -0.02268 0.0435 0.9988
vn -0.00793 0.01648 0.99983
vn -0.00697 0.01579 0.99985
vn -0.00618 0.01519 0.99987
vn -0.00553 0.01468 0.99988
vn -0.01592 0.03901 0.99911
vn -0.05089 0.12044 0.99142
vn -0.00613 -0.99239 0.12301
vn -0.00195 -0.99218 0.12482
vn -0.00552 -0.95684 0.29058
vn -0.00176 -0.95602 0.29331
vn -0.0169 -0.99861 0.04985
vn -0.00678 -0.99863 0.05183
vn -0.00216 -0.99861 0.05276
vn -0.00029 -0.99859 0.05304
vn -0.00026 -0.99211 0.12538
vn -0.00023 -0.95576 0.29415
vn -0.00022 -0.81064 0.58555
vn -0.00164 -0.81094 0.58513
vn -0.00517 -0.81191 0.58376
vn -0.0129 -0.814 0.58072
vn -0.01376 -0.95854 0.28464
vn -0.01527 -0.99276 0.11912
vn -0.00421 -0.14899 0.98883
vn -0.00063 -0.14499 0.98943
vn -0.00458 -0.04941 0.99877
vn -0.00055 -0.04788 0.99885
vn -0.01236 -0.49417 0.86928
vn -0.0047 -0.49291 0.87007
vn -0.00123 -0.48853 0.87255
vn 0.00016 -0.48257 0.87586
vn 0.00075 -0.13982 0.99018
vn 0.00099 -0.04585 0.99895
vn 0.00094 -0.01733 0.99985
vn -0.00079 -0.01814 0.99984
vn -0.0053 -0.01873 0.99981
vn -0.01537 -0.01882 0.9997
vn -0.01359 -0.04978 0.99867
vn -0.01221 -0.15027 0.98857
vn 0.33305 0.9342 0.12789
vn 0.29182 0.94766 0.12953
vn 0.32043 0.89867 0.29952
vn 0.2805 0.91075 0.30308
vn 0.36722 0.92859 0.05353
vn 0.33528 0.94056 0.05412
vn 0.29382 0.95429 0.05483
vn 0.24194 0.9687 0.05558
vn 0.24024 0.9618 0.13127
vn 0.23068 0.92337 0.30687
vn 0.19334 0.77372 0.60331
vn 0.23594 0.76592 0.59808
vn 0.27045 0.75834 0.59311
vn 0.29736 0.7516 0.5888
vn 0.35129 0.88807 0.29652
vn 0.36483 0.92244 0.12648
vn 0.04055 0.11498 0.99254
vn 0.03437 0.11283 0.99302
vn 0.01257 0.0369 0.99924
vn 0.01062 0.03608 0.99929
vn 0.17048 0.43137 0.88592
vn 0.15295 0.42932 0.89011
vn 0.13163 0.42776 0.89426
vn 0.1065 0.42666 0.89812
vn 0.02745 0.11109 0.99343
vn 0.00845 0.03542 0.99934
vn 0.00292 0.01326 0.99991
vn 0.00367 0.01352 0.9999
vn 0.00436 0.01384 0.99989
vn 0.00497 0.01423 0.99989
vn 0.01431 0.03788 0.99918
vn 0.04597 0.11752 0.99201
vn -0 -0.9921 0.12545
vn -0 -0.9921 0.12545
vn -0 -0.95573 0.29425
vn 0 -0.95573 0.29425
vn 0 -0.99859 0.05308
vn 0 -0.99859 0.05308
vn -0 -0.99859 0.05308
vn 0 -0.9921 0.12545
vn 0 -0.95573 0.29425
vn -0 -0.8106 0.5856
vn 0 -0.8106 0.5856
vn -0 -0.8106 0.5856
vn 0 -0.8106 0.5856
vn -0 -0.95573 0.29425
vn 0 -0.9921 0.12545
vn -9E-05 -0.10976 0.99396
vn -0.00016 -0.11036 0.99389
vn -0.00011 -0.03455 0.9994
vn -0.0002 -0.03476 0.9994
vn -1E-05 -0.44026 0.89787
vn -4E-05 -0.44072 0.89765
vn -7E-05 -0.4417 0.89716
vn -0.00011 -0.44327 0.89639
vn -0.00024 -0.11133 0.99378
vn -0.0003 -0.03512 0.99938
vn -0.00029 -0.01309 0.99991
vn -0.00019 -0.01295 0.99992
vn -0.00011 -0.01287 0.99992
vn -3E-05 -0.01283 0.99992
vn -3E-05 -0.03445 0.99941
vn -3E-05 -0.10948 0.99399
vn -0 -0.9921 0.12545
vn -0 -0.95573 0.29425
vn 0 -0.95573 0.29425
vn 0 -0.99859 0.05308
vn -0 -0.99859 0.05308
vn 0 -0.95573 0.29425
vn -0 -0.8106 0.5856
vn 0 -0.8106 0.5856
vn 0 -0.8106 0.5856
vn -0 -0.95573 0.29425
vn 0 -0.9921 0.12545
vn 0.00049 -0.11686 0.99315
vn 0.00041 -0.11458 0.99341
vn 0.0006 -0.03713 0.99931
vn 0.00051 -0.0363 0.99934
vn 0.00024 -0.45589 0.89004
vn 0.00021 -0.45188 0.89208
vn 0.00018 -0.44839 0.89384
vn 0.00015 -0.4455 0.89528
vn 0.00033 -0.11273 0.99363
vn 0.00041 -0.03562 0.99937
vn 0.00039 -0.01329 0.99991
vn 0.0005 -0.01355 0.99991
vn 0.00059 -0.01388 0.9999
vn 0.00067 -0.01427 0.9999
vn 0.00069 -0.03813 0.99927
vn 0.00055 -0.11956 0.99283
vn -0.06853 0.98853 0.13456
vn -0.12166 0.98349 0.13396
vn -0.06568 0.94717 0.31392
vn -0.11664 0.94269 0.31263
vn -0.02158 0.99814 0.05709
vn -0.06904 0.99599 0.05699
vn -0.12256 0.99084 0.05673
vn -0.18137 0.9818 0.05627
vn -0.18008 0.97464 0.13286
vn -0.17275 0.93481 0.31031
vn -0.1443 0.78066 0.60806
vn -0.09721 0.78546 0.61123
vn -0.05467 0.78821 0.61297
vn -0.01708 0.78937 0.61368
vn -0.02053 0.94906 0.31444
vn -0.02142 0.99064 0.1348
vn -0.00743 0.10829 0.99409
vn -0.01332 0.10885 0.99397
vn -0.00228 0.03436 0.99941
vn -0.00409 0.03458 0.99939
vn -0.00918 0.42481 0.90524
vn -0.02945 0.42501 0.90471
vn -0.0526 0.4254 0.90348
vn -0.07865 0.42594 0.90133
vn -0.02006 0.10977 0.99375
vn -0.00617 0.03492 0.99937
vn -0.00213 0.01306 0.99991
vn -0.00141 0.01292 0.99992
vn -0.00079 0.01284 0.99992
vn -0.00024 0.0128 0.99992
vn -0.00071 0.03426 0.99941
vn -0.00231 0.10802 0.99415
vn 0.99912 0.04164 0.00436
vn 0.99909 0.04236 -0.00569
vn 0.9928 0.11976 0.00321
vn 0.99264 0.12095 -0.00532
vn 0.99968 0.01496 0.02043
vn 0.99986 0.01589 0.00546
vn 0.99985 0.01623 -0.00582
vn 0.99968 0.01587 -0.01946
vn 0.99898 0.04148 -0.01765
vn 0.99278 0.11898 -0.01518
vn 0.94058 0.33934 -0.01245
vn 0.94014 0.34076 -0.00459
vn 0.94053 0.3397 0.00248
vn 0.94168 0.33628 0.01263
vn 0.99316 0.11579 0.01508
vn 0.99906 0.03956 0.01796
vn 0.69881 0.7153 0.00328
vn 0.69942 0.7147 -0.00416
vn 0.62099 0.7838 0.00415
vn 0.62138 0.78349 -0.00454
vn 0.82925 0.55875 0.01215
vn 0.83096 0.55633 0.00257
vn 0.83134 0.55575 -0.00413
vn 0.83021 0.55732 -0.0116
vn 0.69718 0.71678 -0.01283
vn 0.61985 0.78458 -0.01502
vn 0.58698 0.80942 -0.01702
vn 0.5878 0.80899 -0.00492
vn 0.5876 0.80914 0.0049
vn 0.5865 0.80976 0.01776
vn 0.61888 0.78533 0.01573
vn 0.69567 0.71823 0.01354
vn 0.11081 -0.99383 0.00484
vn 0.11081 -0.99383 -0.00484
vn 0.27177 -0.96235 0.00436
vn 0.27177 -0.96235 -0.00436
vn 0.04431 -0.99884 0.01896
vn 0.04581 -0.99894 0.00536
vn 0.04581 -0.99894 -0.00536
vn 0.04431 -0.99884 -0.01896
vn 0.10776 -0.99403 -0.01712
vn 0.26682 -0.96362 -0.01541
vn 0.57332 -0.8192 -0.01449
vn 0.57605 -0.81741 -0.00409
vn 0.57604 -0.81741 0.00409
vn 0.57331 -0.81921 0.01449
vn 0.26682 -0.96362 0.01541
vn 0.10776 -0.99403 0.01712
vn 0.98642 -0.16421 0.00428
vn 0.98641 -0.16423 -0.00427
vn 0.99844 -0.05563 0.00486
vn 0.99844 -0.05568 -0.0048
vn 0.86323 -0.50461 0.0144
vn 0.86121 -0.50823 0.00406
vn 0.86122 -0.50822 -0.00407
vn 0.86325 -0.50457 -0.01441
vn 0.98691 -0.16058 -0.01512
vn 0.99839 -0.05402 -0.01702
vn 0.99961 -0.02054 -0.01897
vn 0.99976 -0.02126 -0.00532
vn 0.99976 -0.02121 0.0055
vn 0.99961 -0.02036 0.01928
vn 0.9984 -0.05387 0.01713
vn 0.98692 -0.16051 0.01513
vn -0.99912 0.04164 -0.00436
vn -0.99909 0.04236 0.00569
vn -0.9928 0.11975 -0.00321
vn -0.99264 0.12095 0.00532
vn -0.99968 0.01496 -0.02043
vn -0.99986 0.01589 -0.00546
vn -0.99985 0.01623 0.00582
vn -0.99968 0.01587 0.01946
vn -0.99898 0.04148 0.01765
vn -0.99278 0.11898 0.01518
vn -0.94058 0.33934 0.01245
vn -0.94014 0.34076 0.00459
vn -0.94053 0.3397 -0.00248
vn -0.94168 0.33628 -0.01263
vn -0.99316 0.11578 -0.01508
vn -0.99906 0.03956 -0.01797
vn -0.69881 0.7153 -0.00328
vn -0.69942 0.7147 0.00416
vn -0.62099 0.78381 -0.00415
vn -0.62138 0.78349 0.00454
vn -0.82925 0.55875 -0.01214
vn -0.83095 0.55634 -0.00257
vn -0.83134 0.55575 0.00413
vn -0.83022 0.55732 0.0116
vn -0.69718 0.71678 0.01283
vn -0.61985 0.78458 0.01502
vn -0.58698 0.80942 0.01702
vn -0.5878 0.80899 0.00493
vn -0.5876 0.80914 -0.00491
vn -0.5865 0.80976 -0.01776
vn -0.61888 0.78533 -0.01573
vn -0.69567 0.71823 -0.01354
vn -0.11081 -0.99383 -0.00484
vn -0.11081 -0.99383 0.00484
vn -0.27177 -0.96235 -0.00436
vn -0.27177 -0.96235 0.00436
vn -0.04431 -0.99884 -0.01896
vn -0.04581 -0.99894 -0.00536
vn -0.04581 -0.99894 0.00536
vn -0.04431 -0.99884 0.01896
vn -0.10776 -0.99403 0.01712
vn -0.26682 -0.96362 0.01541
vn -0.57331 -0.81921 0.01449
vn -0.57604 -0.81741 0.00409
vn -0.57604 -0.81741 -0.00409
vn -0.57332 -0.8192 -0.01449
vn -0.26682 -0.96362 -0.01541
vn -0.10776 -0.99403 -0.01712
vn -0.98642 -0.16421 -0.00428
vn -0.98641 -0.16422 0.00427
vn -0.99844 -0.05563 -0.00486
vn -0.99844 -0.05568 0.0048
vn -0.86323 -0.5046 -0.01441
vn -0.86121 -0.50823 -0.00407
vn -0.86122 -0.50822 0.00407
vn -0.86326 -0.50456 0.01441
vn -0.98691 -0.16057 0.01512
vn -0.99839 -0.05402 0.01702
vn -0.99961 -0.02054 0.01897
vn -0.99976 -0.02126 0.00532
vn -0.99976 -0.02121 -0.0055
vn -0.99961 -0.02036 -0.01928
vn -0.9984 -0.05388 -0.01713
vn -0.98692 -0.16051 -0.01513
vn 0.99998 -0.00262 -0.00584
vn 0.99998 0.00149 -0.00588
vn 0.99998 -0.00258 0.00642
vn 0.99998 0.00147 0.0065
vn 0.99976 -0.00808 -0.02039
vn 0.99977 -0.00252 -0.02113
vn 0.99977 0.00145 -0.0212
vn 0.99977 0.00618 -0.02064
vn 0.99996 0.00633 -0.00586
vn 0.99996 0.00621 0.0062
vn 0.99974 0.0059 0.02202
vn 0.99974 0.00145 0.02257
vn 0.99975 -0.0024 0.0222
vn 0.99975 -0.0079 0.02105
vn 0.99995 -0.00831 0.00605
vn 0.99995 -0.00836 -0.00567
vt 1 0.69658
vt 1 0.49172
vt 1 0.48795
vt 1 0.68425
vt 1 0.27104
vt 1 0.27057
vt 1 0.49172
vt 1 0.69658
vt 1 0.27104
vt 1 0.95586
vt 1 0.72793
vt 1 0.85629
vt 1 0.5
vt 1 0.27207
vt 1 0.04414
vt 1 0.04414
vt 1 0.72793
vt 1 0.85645
vt 1 0.95586
vt 1 0.83537
vt 0.53126 0.6733
vt 0.53125 0.49904
vt 0.56251 0.49903
vt 0.56252 0.67325
vt 0.53125 0.32485
vt 0.5625 0.32488
vt 0.59376 0.49901
vt 0.59378 0.67315
vt 0.59375 0.32494
vt 0.5 0.81894
vt 0.5 0.67331
vt 0.53128 0.81891
vt 0.5 0.49905
vt 0.5 0.32484
vt 0.5 0.17941
vt 0.53125 0.17942
vt 0.5625 0.17948
vt 0.59375 0.17959
vt 0.625 0.17975
vt 0.625 0.32502
vt 0.62501 0.49898
vt 0.62504 0.67301
vt 0.59382 0.81869
vt 0.62509 0.81848
vt 0.56255 0.81883
vt 0.21878 -0
vt 0.18776 -0
vt 0.21878 -0
vt 0.15713 0
vt 0.15713 0
vt 0.18776 -0
vt 0.21878 -0
vt 0.15713 -0
vt 0.25 0
vt 0.21878 0
vt 0.25 -0
vt 0.12708 0
vt 0.12708 -0
vt 0.12708 0
vt 0.25 0
vt 0.78127 0.67158
vt 0.78123 0.49872
vt 0.81226 0.49867
vt 0.8123 0.67118
vt 0.78122 0.32594
vt 0.81224 0.32624
vt 0.84289 0.49865
vt 0.84294 0.67079
vt 0.84287 0.32661
vt 0.75013 0.81685
vt 0.75005 0.67196
vt 0.78135 0.81627
vt 0.75002 0.49879
vt 0.75 0.32569
vt 0.75 0.18103
vt 0.78122 0.1815
vt 0.81224 0.18205
vt 0.84287 0.18267
vt 0.87292 0.1834
vt 0.87292 0.32706
vt 0.87294 0.4987
vt 0.87301 0.67042
vt 0.84304 0.81498
vt 0.87313 0.81433
vt 0.81239 0.81564
vt 0.04295 1
vt 0.06887 1
vt 0.06965 1
vt 0.04528 1
vt 0.0971 1
vt 0.09724 1
vt 0.06994 1
vt 0.04617 0.99999
vt 0.09726 1
vt 0.01033 1
vt 0.0399 1
vt 0.02247 1
vt 0.06801 1
vt 0.09689 1
vt 0.12654 1
vt 0.12664 1
vt 0.12668 1
vt 0.12665 1
vt 0.12657 1
vt 0.09718 1
vt 0.06991 0.99999
vt 0.04623 0.99997
vt 0.02749 0.99997
vt 0.02761 0.99993
vt 0.02625 0.99999
vt 0.78128 1
vt 0.81235 1
vt 0.81232 1
vt 0.78126 1
vt 0.84309 1
vt 0.84306 1
vt 0.81235 1
vt 0.78128 1
vt 0.84309 1
vt 0.75013 1
vt 0.78136 1
vt 0.75006 1
vt 0.81243 1
vt 0.84317 1
vt 0.87343 1
vt 0.87335 1
vt 0.87332 1
vt 0.87336 1
vt 0.87346 1
vt 0.84319 1
vt 0.81243 1
vt 0.78136 1
vt 0.75003 1
vt 0.15705 0.67079
vt 0.15711 0.49865
vt 0.18774 0.49867
vt 0.1877 0.67118
vt 0.15713 0.32661
vt 0.18776 0.32624
vt 0.21877 0.49872
vt 0.21873 0.67158
vt 0.21878 0.32594
vt 0.12684 0.81433
vt 0.12698 0.67042
vt 0.15694 0.81498
vt 0.12705 0.4987
vt 0.12708 0.32706
vt 0.12708 0.1834
vt 0.15713 0.18267
vt 0.18776 0.18205
vt 0.21878 0.1815
vt 0.25 0.18103
vt 0.25 0.32569
vt 0.24998 0.49879
vt 0.24995 0.67196
vt 0.21865 0.81627
vt 0.24987 0.81685
vt 0.18761 0.81564
vt 0.53126 1
vt 0.56252 1
vt 0.56251 1
vt 0.53126 1
vt 0.59378 1
vt 0.59377 1
vt 0.59378 1
vt 0.5 1
vt 0.53128 1
vt 0.5 1
vt 0.56255 1
vt 0.59382 1
vt 0.62509 1
vt 0.62504 1
vt 0.62502 1
vt 0.62509 1
vt 0.40622 0.67315
vt 0.43748 0.67325
vt 0.43749 0.49903
vt 0.40624 0.49901
vt 0.46874 0.6733
vt 0.46875 0.49904
vt 0.4375 0.32488
vt 0.40625 0.32494
vt 0.46875 0.32485
vt 0.37491 0.81848
vt 0.40618 0.81869
vt 0.37496 0.67301
vt 0.43745 0.81883
vt 0.46872 0.81891
vt 0.5 0.81894
vt 0.5 0.67331
vt 0.5 0.17941
vt 0.46875 0.17942
vt 0.4375 0.17948
vt 0.40625 0.17959
vt 0.375 0.32502
vt 0.375 0.17975
vt 0.37499 0.49898
vt 0.53126 0.6733
vt 0.53125 0.49904
vt 0.59378 0.67315
vt 0.59376 0.49901
vt 0.53125 0.32485
vt 0.59375 0.32494
vt 0.53128 0.81891
vt 0.62504 0.67301
vt 0.62501 0.49898
vt 0.625 0.32502
vt 0.625 0.17975
vt 0.59375 0.17959
vt 0.5625 0.17948
vt 0.53125 0.17942
vt 0.65629 0.67283
vt 0.68755 0.67258
vt 0.68751 0.4989
vt 0.65626 0.49895
vt 0.7188 0.6723
vt 0.71877 0.49885
vt 0.6875 0.32529
vt 0.65625 0.32514
vt 0.71875 0.32547
vt 0.65635 0.81819
vt 0.68761 0.81782
vt 0.71887 0.81737
vt 0.75013 0.81685
vt 0.75005 0.67196
vt 0.75002 0.49879
vt 0.75 0.32569
vt 0.71875 0.18062
vt 0.6875 0.18027
vt 0.65625 0.17998
vt 0.78127 0.67158
vt 0.8123 0.67118
vt 0.81226 0.49867
vt 0.78123 0.49872
vt 0.84295 0.67079
vt 0.84289 0.49865
vt 0.81224 0.32624
vt 0.84287 0.32661
vt 0.78135 0.81627
vt 0.81239 0.81564
vt 0.84306 0.81498
vt 0.87316 0.81433
vt 0.87302 0.67042
vt 0.87295 0.4987
vt 0.87292 0.32706
vt 0.87292 0.1834
vt 0.84287 0.18267
vt 0.90213 0.67012
vt 0.92909 0.66999
vt 0.92896 0.49911
vt 0.90203 0.49883
vt 0.95252 0.67016
vt 0.95237 0.49961
vt 0.92891 0.32828
vt 0.90199 0.32761
vt 0.95231 0.3291
vt 0.90232 0.81373
vt 0.92933 0.8133
vt 0.9528 0.81319
vt 0.97133 0.81355
vt 0.97104 0.67074
vt 0.97089 0.50042
vt 0.97082 0.33008
vt 0.97078 0.18725
vt 0.95229 0.18617
vt 0.9289 0.18516
vt 0.90198 0.18423
vt 0.15706 0.67079
vt 0.1877 0.67118
vt 0.18774 0.49867
vt 0.15711 0.49865
vt 0.21873 0.67158
vt 0.21877 0.49872
vt 0.18776 0.32624
vt 0.15713 0.32661
vt 0.21878 0.32594
vt 0.12687 0.81433
vt 0.15696 0.81498
vt 0.12699 0.67042
vt 0.18761 0.81564
vt 0.21865 0.81627
vt 0.24987 0.81685
vt 0.24998 0.49879
vt 0.25 0.18103
vt 0.21878 0.1815
vt 0.18776 0.18205
vt 0.15713 0.18267
vt 0.12708 0.32706
vt 0.12708 0.1834
vt 0.12706 0.4987
vt 0.2812 0.6723
vt 0.31245 0.67258
vt 0.31249 0.4989
vt 0.28123 0.49885
vt 0.34371 0.67283
vt 0.34374 0.49895
vt 0.3125 0.32529
vt 0.28125 0.32547
vt 0.34375 0.32514
vt 0.28113 0.81737
vt 0.31239 0.81782
vt 0.34365 0.81819
vt 0.34375 0.17998
vt 0.3125 0.18027
vt 0.28125 0.18062
vt 0.40622 0.67315
vt 0.40624 0.49901
vt 0.43749 0.49903
vt 0.43748 0.67325
vt 0.40625 0.32494
vt 0.46874 0.6733
vt 0.46875 0.32485
vt 0.37491 0.81848
vt 0.37496 0.67301
vt 0.37499 0.49898
vt 0.375 0.32502
vt 0.375 0.17975
vt 0.40625 0.17959
vt 0.4375 0.17948
vt 0.46875 0.17942
vt 0.46872 0.81891
vt 0.6563 1
vt 0.68755 1
vt 0.68753 1
vt 0.65628 1
vt 0.7188 1
vt 0.71878 1
vt 0.68755 1
vt 0.6563 1
vt 0.7188 1
vt 0.65635 1
vt 0.68761 1
vt 0.71887 1
vt 0.71887 1
vt 0.68761 1
vt 0.46875 -0
vt 0.4375 -0
vt 0.4375 -0
vt 0.40625 0
vt 0.40625 0
vt 0.46875 -0
vt 0.40625 -0
vt 0.5 0
vt 0.46875 0
vt 0.5 -0
vt 0.4375 -0
vt 0.375 0
vt 0.375 -0
vt 0.375 -0
vt 0.375 0
vt 0.46875 0
vt 0.5 -0
vt 0.34375 -0
vt 0.3125 -0
vt 0.34375 -0
vt 0.28125 0
vt 0.3125 -0
vt 0.28125 -0
vt 0.34375 0
vt 0.15691 1
vt 0.18765 1
vt 0.18768 1
vt 0.15694 1
vt 0.21872 1
vt 0.21874 1
vt 0.18765 1
vt 0.15691 1
vt 0.21872 1
vt 0.15681 1
vt 0.12664 1
vt 0.18757 1
vt 0.21864 1
vt 0.24987 1
vt 0.24994 1
vt 0.24997 1
vt 0.24994 1
vt 0.21864 1
vt 0.18757 1
vt 0.15683 1
vt 0.12665 1
vt 0.90287 1
vt 0.93109 1
vt 0.93036 1
vt 0.90276 1
vt 0.95702 1
vt 0.95473 1
vt 0.9301 1
vt 0.90277 1
vt 0.95389 0.99999
vt 0.90305 1
vt 0.87335 1
vt 0.9319 1
vt 0.96 1
vt 0.98967 1
vt 0.97753 1
vt 0.97377 0.99999
vt 0.97257 0.99997
vt 0.97253 0.99993
vt 0.95391 0.99997
vt 0.9302 0.99999
vt 0.90289 1
vt 0.87336 1
vt 0.87346 1
vt 0.2812 0.6723
vt 0.28123 0.49885
vt 0.31249 0.4989
vt 0.31245 0.67258
vt 0.3125 0.32529
vt 0.34374 0.49895
vt 0.34371 0.67283
vt 0.28113 0.81737
vt 0.28125 0.18062
vt 0.3125 0.18027
vt 0.31239 0.81782
vt 0.04754 0.66994
vt 0.07096 0.66993
vt 0.07105 0.49906
vt 0.04765 0.49944
vt 0.0979 0.67011
vt 0.09798 0.49882
vt 0.07109 0.32825
vt 0.04769 0.32899
vt 0.09801 0.32761
vt 0.02882 0.81298
vt 0.04733 0.81295
vt 0.02902 0.67022
vt 0.07077 0.81322
vt 0.09775 0.81372
vt 0.09802 0.18423
vt 0.0711 0.18515
vt 0.04771 0.18611
vt 0.02918 0.32981
vt 0.02922 0.18711
vt 0.02913 0.5
vt 0.04748 0.67016
vt 0.04763 0.49961
vt 0.07104 0.49911
vt 0.07092 0.66999
vt 0.04769 0.3291
vt 0.07109 0.32828
vt 0.09797 0.49883
vt 0.09787 0.67012
vt 0.09801 0.32761
vt 0.02867 0.81355
vt 0.02896 0.67074
vt 0.0472 0.81319
vt 0.02911 0.50042
vt 0.02918 0.33008
vt 0.02922 0.18725
vt 0.04771 0.18617
vt 0.0711 0.18516
vt 0.09802 0.18423
vt 0.09768 0.81373
vt 0.07067 0.8133
vt 0.2812 1
vt 0.31245 1
vt 0.31247 1
vt 0.28122 1
vt 0.3437 1
vt 0.34372 1
vt 0.2812 1
vt 0.3437 1
vt 0.28113 1
vt 0.31239 1
vt 0.34365 1
vt 0.37491 1
vt 0.37496 1
vt 0.37498 1
vt 0.37496 1
vt 0.59375 -0
vt 0.5625 -0
vt 0.59375 -0
vt 0.53125 0
vt 0.53125 0
vt 0.5625 -0
vt 0.53125 -0
vt 0.625 0
vt 0.59375 0
vt 0.625 -0
vt 0.53125 0
vt 0.625 -0
vt 0.9021 0.67011
vt 0.90202 0.49882
vt 0.92895 0.49906
vt 0.92904 0.66993
vt 0.90199 0.32761
vt 0.92891 0.32825
vt 0.95235 0.49944
vt 0.95246 0.66994
vt 0.95231 0.32899
vt 0.90225 0.81372
vt 0.90198 0.18423
vt 0.9289 0.18515
vt 0.95229 0.18611
vt 0.97078 0.18711
vt 0.97082 0.32981
vt 0.97087 0.5
vt 0.97098 0.67022
vt 0.95267 0.81295
vt 0.97118 0.81298
vt 0.92923 0.81322
vt 0.84287 -0
vt 0.81224 -0
vt 0.81224 -0
vt 0.84287 -0
vt 0.78122 0
vt 0.78122 0
vt 0.81224 -0
vt 0.84287 -0
vt 0.78122 -0
vt 0.87292 0
vt 0.84287 0
vt 0.87292 0
vt 0.78122 0
vt 0.75 0
vt 0.75 -0
vt 0.75 0
vt 0.84287 0
vt 0.87292 -0
vt 0.09788 -0
vt 0.07005 0
vt 0.07075 0
vt 0.09797 0
vt 0.04449 0
vt 0.04669 1E-05
vt 0.07105 1E-05
vt 0.09801 0
vt 0.04757 3E-05
vt 0.0978 -0
vt 0.12708 -0
vt 0.06936 0
vt 0.0417 0
vt 0.0125 0
vt 0.02415 0
vt 0.02778 2E-05
vt 0.02901 7E-05
vt 0.02922 0.00017
vt 0.04771 7E-05
vt 0.0711 2E-05
vt 0.09802 0
vt 0.40622 1
vt 0.43748 1
vt 0.43749 1
vt 0.40623 1
vt 0.46874 1
vt 0.46874 1
vt 0.40622 1
vt 0.46874 1
vt 0.40618 1
vt 0.43745 1
vt 0.46872 1
vt 0.65629 0.67283
vt 0.65626 0.49895
vt 0.68751 0.4989
vt 0.68755 0.67258
vt 0.65625 0.32514
vt 0.6875 0.32529
vt 0.6875 0.18027
vt 0.71875 0.18062
vt 0.71887 0.81737
vt 0.68761 0.81782
vt 0.95551 0
vt 0.92995 0
vt 0.92925 0
vt 0.95331 1E-05
vt 0.90212 -0
vt 0.90203 0
vt 0.92895 1E-05
vt 0.95243 3E-05
vt 0.90199 0
vt 0.9875 0
vt 0.9583 0
vt 0.97585 0
vt 0.93064 0
vt 0.9022 -0
vt 0.87292 0
vt 0.87292 -0
vt 0.90198 0
vt 0.9289 2E-05
vt 0.95229 7E-05
vt 0.97099 7E-05
vt 0.97078 0.00017
vt 0.97222 2E-05
vt 0.71875 -0
vt 0.6875 -0
vt 0.6875 -0
vt 0.71875 -0
vt 0.65625 0
vt 0.65625 0
vt 0.6875 -0
vt 0.65625 -0
vt 0.71875 0
vt 7E-05 0.9691
vt 0.0002 0.97125
vt 0.00047 0.97975
vt 0.00019 0.97886
vt 0.00051 0.97237
vt 0.00096 0.98012
vt 0.00092 0.98728
vt 0.00047 0.98793
vt 0.00145 0.98679
vt 0 0.95586
vt 0 0.95908
vt 0 0.96689
vt 0 0.96231
vt 0 0.96553
vt 0 0.96876
vt 0.00139 0.965
vt 0.0019 0.97782
vt 0.00225 0.98626
vt 0.00257 0.99026
vt 0.00218 0.99159
vt 0.00175 0.99304
vt 0.00124 0.99493
vt 0 0.98896
vt 0 1
vt 0 0.97793
vt 0.01548 0.90997
vt 0.01407 0.96201
vt 0.00731 0.96499
vt 0.00785 0.91879
vt 0.01118 0.98625
vt 0.00631 0.98569
vt 0.00369 0.97152
vt 0.00357 0.9396
vt 0.00367 0.98583
vt 0.02867 0.81355
vt 0.02803 0.9082
vt 0.01599 0.81604
vt 0.02613 0.96152
vt 0.02153 0.98723
vt 0.00813 1
vt 0.00783 0.99512
vt 0.00538 0.99318
vt 0.00356 0.99165
vt 0.00139 0.965
vt 0.00336 0.86239
vt 0.00808 0.82829
vt 0.00739 0.99976
vt 0.00507 0.99928
vt 0.00499 0.99825
vt 0.00705 0.99928
vt 0.00291 0.99813
vt 0.00316 0.99646
vt 0.00499 0.9965
vt 0.00687 0.99817
vt 0.00337 0.99456
vt 0.01033 1
vt 0.00774 1
vt 0.00978 1
vt 0.00516 1
vt 0.00258 1
vt 0.00124 0.99493
vt 0.00218 0.99159
vt 0.00868 1
vt 0.00923 1
vt 0.99237 0.99974
vt 0.99247 0.99923
vt 0.99468 0.99811
vt 0.99476 0.99922
vt 0.99244 0.99804
vt 0.99455 0.99623
vt 0.99663 0.99619
vt 0.99698 0.99801
vt 0.99634 0.99409
vt 0.98967 1
vt 0.9899 1
vt 0.99226 1
vt 0.99013 1
vt 0.99035 1
vt 0.99058 1
vt 0.9914 0.99484
vt 0.99412 0.99267
vt 0.99611 0.9909
vt 0.9972 0.98933
vt 0.99764 0.99084
vt 0.99812 0.99255
vt 0.99869 0.9947
vt 0.99742 1
vt 1 1
vt 0.99484 1
vt 0.98426 0.90894
vt 0.99194 0.91707
vt 0.99237 0.96369
vt 0.9855 0.9612
vt 0.9963 0.93706
vt 0.9961 0.96975
vt 0.99325 0.98482
vt 0.98818 0.98572
vt 0.99604 0.98465
vt 0.97118 0.81298
vt 0.98387 0.81491
vt 0.97168 0.90767
vt 0.99181 0.82636
vt 0.99658 0.85933
vt 1 0.9636
vt 0.99854 0.96192
vt 0.99798 0.9758
vt 0.99756 0.98494
vt 0.99412 0.99267
vt 0.9914 0.99484
vt 0.9777 0.98699
vt 0.97339 0.9611
vt 0.99992 0.96743
vt 0.99977 0.97791
vt 0.99949 0.97846
vt 0.99978 0.96936
vt 0.99947 0.98749
vt 0.99901 0.98646
vt 0.99897 0.9783
vt 0.99945 0.96964
vt 0.99844 0.98562
vt 0.99997 0.95831
vt 1 0.95779
vt 0.99992 0.97514
vt 0.99985 0.9883
vt 0.99812 0.99255
vt 0.99764 0.99084
vt 0.99854 0.96192
vt 1 0.96167
vt 1 0.95973
vt 0.00014 0.03354
vt 0.00035 0.02322
vt 0.00079 0.02422
vt 0.00035 0.0339
vt 0.00076 0.01365
vt 0.00145 0.0157
vt 0.00145 0.02528
vt 0.00076 0.03494
vt 0.0022 0.01723
vt 0 0.04414
vt 0 0.03311
vt 0 0.04414
vt 0 0.02207
vt 0 0.01104
vt 0 0
vt 0.00176 0.00621
vt 0.0026 0.00916
vt 0.00326 0.01144
vt 0.00379 0.01325
vt 0.00326 0.01815
vt 0.0026 0.02811
vt 0.00177 0.04325
vt 0.0095 0.00048
vt 0.0096 0.00121
vt 0.00686 0.00276
vt 0.00658 0.00122
vt 0.00977 0.00261
vt 0.00712 0.00503
vt 0.00445 0.00509
vt 0.00387 0.00266
vt 0.00489 0.0077
vt 0.0125 0
vt 0.0125 0
vt 0.00937 0
vt 0.0125 -0
vt 0.01076 0.00602
vt 0.00751 0.00897
vt 0.00512 0.01134
vt 0.00326 0.01144
vt 0.0026 0.00916
vt 0.00176 0.00621
vt 0.00312 -0
vt 0.00625 -0
vt 0.01647 0.09257
vt 0.00868 0.08591
vt 0.00862 0.03877
vt 0.01569 0.0401
vt 0.00417 0.06733
vt 0.00468 0.03371
vt 0.00813 0.01719
vt 0.01354 0.01538
vt 0.00502 0.01811
vt 0.02922 0.18725
vt 0.0165 0.18683
vt 0.02908 0.09256
vt 0.0085 0.1772
vt 0.00363 0.1462
vt 0.00177 0.04325
vt 0.00326 0.01815
vt 0.00512 0.01134
vt 0.00751 0.00897
vt 0.01076 0.00602
vt 0.02427 0.01328
vt 0.0279 0.03917
vt 0.99986 0.03354
vt 0.99965 0.0339
vt 0.99921 0.02422
vt 0.99965 0.02322
vt 0.99924 0.03493
vt 0.99855 0.02528
vt 0.99855 0.0157
vt 0.99924 0.01365
vt 0.9978 0.01723
vt 1 0.03311
vt 1 0.04414
vt 0.99823 0.04322
vt 0.9974 0.02811
vt 0.99674 0.01815
vt 0.99621 0.01325
vt 0.99674 0.01144
vt 0.9974 0.00916
vt 0.99824 0.00621
vt 1 0.01104
vt 1 0
vt 1 0.02207
vt 0.98353 0.09246
vt 0.98431 0.04007
vt 0.99138 0.03873
vt 0.99132 0.08577
vt 0.98646 0.01538
vt 0.99187 0.01719
vt 0.99532 0.03368
vt 0.99583 0.06723
vt 0.99498 0.0181
vt 0.97078 0.18711
vt 0.97092 0.0925
vt 0.9835 0.18657
vt 0.9721 0.03915
vt 0.97573 0.01327
vt 0.9875 0
vt 0.98924 0.00602
vt 0.99249 0.00897
vt 0.99488 0.01134
vt 0.99674 0.01815
vt 0.9974 0.02811
vt 0.99823 0.04322
vt 0.99637 0.14581
vt 0.9915 0.17682
vt 0.9905 0.00048
vt 0.99342 0.00122
vt 0.99314 0.00276
vt 0.9904 0.00121
vt 0.99613 0.00266
vt 0.99555 0.00509
vt 0.99288 0.00503
vt 0.99023 0.00261
vt 0.99511 0.0077
vt 0.9875 0
vt 0.99063 0
vt 0.99375 -0
vt 0.99688 -0
vt 0.99824 0.00621
vt 0.9974 0.00915
vt 0.99674 0.01144
vt 0.99488 0.01134
vt 0.99249 0.00897
vt 0.98924 0.00602
vt 0.9875 -0
vt 0.00013 0.90701
vt 0.00035 0.95969
vt 0.0006 0.96003
vt 0.00038 0.90765
vt 0.00087 0.98383
vt 0.0011 0.98372
vt 0.00116 0.96022
vt 0.00098 0.90819
vt 0.00159 0.9833
vt 2E-05 0.81205
vt 7E-05 0.90643
vt 7E-05 0.81275
vt 0.00027 0.95934
vt 0.00079 0.98374
vt 0.00178 0.99256
vt 0.00185 0.99243
vt 0.00203 0.99191
vt 0.00238 0.99076
vt 0.0028 0.98933
vt 0.00246 0.98301
vt 0.0022 0.96032
vt 0.00209 0.90847
vt 0.00092 0.8142
vt 0.00208 0.81452
vt 0.00031 0.81354
vt 0.01499 0.99952
vt 0.01496 0.99866
vt 0.00755 0.99777
vt 0.00753 0.99863
vt 0.01498 0.99658
vt 0.00764 0.99576
vt 0.00375 0.99571
vt 0.00364 0.99647
vt 0.00395 0.99397
vt 0.02761 0.99993
vt 0.02752 0.99976
vt 0.01504 0.99975
vt 0.02744 0.99894
vt 0.02743 0.99688
vt 0.02754 0.99295
vt 0.01509 0.99268
vt 0.00776 0.99206
vt 0.00412 0.99082
vt 0.00185 0.99243
vt 0.00361 0.99672
vt 0.00754 0.9989
vt 0.0159 0.90776
vt 0.00824 0.90811
vt 0.00805 0.96043
vt 0.01559 0.96037
vt 0.00411 0.9084
vt 0.00408 0.96041
vt 0.00789 0.98401
vt 0.01531 0.9843
vt 0.00412 0.98344
vt 0.02882 0.81298
vt 0.01615 0.81335
vt 0.02851 0.90758
vt 0.0084 0.81389
vt 0.00418 0.81436
vt 0.00246 0.98301
vt 0.00412 0.99082
vt 0.02779 0.98445
vt 0.02814 0.96036
vt 0.98528 0.99961
vt 0.99278 0.99917
vt 0.99279 0.99807
vt 0.98544 0.99875
vt 0.99683 0.99804
vt 0.99657 0.99643
vt 0.99277 0.99607
vt 0.98552 0.99674
vt 0.99635 0.99451
vt 0.98511 0.99986
vt 0.97275 0.99977
vt 0.99275 0.9997
vt 0.99709 0.99944
vt 0.99876 0.99491
vt 0.99825 0.99304
vt 0.99782 0.99159
vt 0.99743 0.99026
vt 0.9962 0.99158
vt 0.99268 0.99259
vt 0.98545 0.993
vt 0.9731 0.99696
vt 0.97304 0.99311
vt 0.97297 0.99898
vt 0.99991 0.93615
vt 0.99965 0.91773
vt 0.99948 0.96433
vt 0.9998 0.97004
vt 0.99906 0.91123
vt 0.99891 0.96219
vt 0.99908 0.98535
vt 0.99953 0.98683
vt 0.99854 0.98455
vt 0.99994 0.85695
vt 1 0.96689
vt 0.9997 0.82708
vt 0.9991 0.8178
vt 0.99796 0.81683
vt 0.99798 0.91062
vt 0.99793 0.96206
vt 0.99772 0.98429
vt 0.99782 0.99159
vt 1 0.98896
vt 1 0.97793
vt 0.98436 0.90878
vt 0.98479 0.96118
vt 0.99226 0.96167
vt 0.99197 0.90965
vt 0.98519 0.98485
vt 0.9925 0.98487
vt 0.99614 0.962
vt 0.99603 0.91037
vt 0.99617 0.98459
vt 0.97133 0.81355
vt 0.97177 0.90811
vt 0.98398 0.81445
vt 0.97228 0.96079
vt 0.97274 0.98474
vt 0.97304 0.99311
vt 0.98545 0.993
vt 0.9962 0.99158
vt 0.99798 0.91062
vt 0.99589 0.81648
vt 0.99796 0.81683
vt 0.9917 0.81556
vt 0.00024 0.09501
vt 0.00056 0.0954
vt 0.00091 0.04264
vt 0.00056 0.04206
vt 0.00124 0.09568
vt 0.0016 0.04316
vt 0.0016 0.0185
vt 0.00124 0.01764
vt 0.00224 0.01953
vt 5E-05 0.18913
vt 0.00013 0.18947
vt 0.00013 0.09464
vt 0.0004 0.18982
vt 0.00106 0.19005
vt 0.00228 0.19002
vt 0.00247 0.09567
vt 0.0028 0.04331
vt 0.00328 0.02005
vt 0.00328 0.01153
vt 0.0028 0.00985
vt 0.00247 0.00873
vt 0.00106 0.01704
vt 0.00228 0.00805
vt 0.0004 0.04159
vt 0.01661 0.09362
vt 0.01671 0.04092
vt 0.00902 0.04193
vt 0.00886 0.09454
vt 0.01679 0.01687
vt 0.00919 0.01802
vt 0.00486 0.04282
vt 0.00461 0.09526
vt 0.00517 0.0193
vt 0.02922 0.18711
vt 0.02926 0.0926
vt 0.01653 0.18808
vt 0.02931 0.03991
vt 0.02935 0.01591
vt 0.02936 0.00745
vt 0.01682 0.00832
vt 0.00926 0.00961
vt 0.00534 0.01142
vt 0.0028 0.04331
vt 0.00247 0.09567
vt 0.00444 0.18964
vt 0.00228 0.19002
vt 0.00873 0.18896
vt 0.01661 0.00084
vt 0.00886 0.00196
vt 0.00902 0.00317
vt 0.01671 0.00191
vt 0.00461 0.00439
vt 0.00486 0.00563
vt 0.00919 0.00554
vt 0.01679 0.00422
vt 0.00517 0.00783
vt 0.01653 0.00044
vt 0.02926 0.00043
vt 0.00873 0.00142
vt 0.00444 0.00374
vt 0.00228 0.00805
vt 0.00247 0.00873
vt 0.0028 0.00985
vt 0.00328 0.01153
vt 0.00534 0.01142
vt 0.01682 0.00832
vt 0.02935 0.00348
vt 0.02936 0.00745
vt 0.02931 0.00134
vt 0.99977 0.06727
vt 0.99945 0.03304
vt 0.99909 0.03967
vt 0.99945 0.08689
vt 0.99876 0.01651
vt 0.9984 0.01813
vt 0.9984 0.04285
vt 0.99876 0.09481
vt 0.99776 0.01949
vt 1 0.04414
vt 0.99989 0.04261
vt 0.99989 0.14605
vt 0.9996 0.02651
vt 0.99894 0.01515
vt 0.99772 0.00805
vt 0.99753 0.00873
vt 0.9972 0.00985
vt 0.99672 0.01153
vt 0.99672 0.02006
vt 0.9972 0.04338
vt 0.99753 0.09591
vt 0.99894 0.18906
vt 0.99772 0.19059
vt 0.9996 0.17813
vt 0.98339 0.00084
vt 0.98329 0.00191
vt 0.99098 0.00317
vt 0.99114 0.00196
vt 0.98321 0.00422
vt 0.99081 0.00554
vt 0.99514 0.00563
vt 0.99539 0.00439
vt 0.99483 0.00783
vt 0.97074 0.00043
vt 0.98347 0.00044
vt 0.97069 0.00134
vt 0.97065 0.00348
vt 0.97064 0.00745
vt 0.98318 0.00832
vt 0.99074 0.00961
vt 0.99466 0.01142
vt 0.99672 0.01153
vt 0.9972 0.00985
vt 0.99556 0.00374
vt 0.99772 0.00805
vt 0.99127 0.00142
vt 0.98339 0.09373
vt 0.99114 0.09471
vt 0.99098 0.04198
vt 0.98329 0.04095
vt 0.99539 0.09548
vt 0.99514 0.04289
vt 0.99081 0.01803
vt 0.98321 0.01687
vt 0.99483 0.01931
vt 0.97078 0.18725
vt 0.98347 0.18836
vt 0.97074 0.09266
vt 0.99127 0.18937
vt 0.99556 0.19016
vt 0.99772 0.19059
vt 0.99753 0.09591
vt 0.99672 0.02006
vt 0.99466 0.01142
vt 0.99074 0.00961
vt 0.97065 0.01591
vt 0.97064 0.00745
vt 0.97069 0.03993
vt 0.01644 0.33017
vt 0.01636 0.50156
vt 0.00831 0.503
vt 0.00838 0.32405
vt 0.01623 0.67289
vt 0.00822 0.68185
vt 0.00337 0.50467
vt 0.00343 0.3059
vt 0.00333 0.70333
vt 0.02922 0.18725
vt 0.02918 0.33008
vt 0.02911 0.50042
vt 0.02896 0.67074
vt 0 0.7376
vt 0 0.50645
vt 0 0.2753
vt 0.00363 0.1462
vt 0.0085 0.1772
vt 0 0.2745
vt 0 0.50485
vt 0 0.50331
vt 0 0.27375
vt 0 0.73519
vt 0 0.73283
vt 0 0.50194
vt 0 0.27384
vt 0 0.72985
vt 0 0.04414
vt 0 0.72023
vt 0 0.5009
vt 0 0.28125
vt 0 0.04414
vt 0.90251 0.90881
vt 0.92957 0.90822
vt 0.93031 0.96181
vt 0.90297 0.96231
vt 0.95312 0.90781
vt 0.95448 0.96142
vt 0.93162 0.9878
vt 0.90367 0.98809
vt 0.95741 0.98754
vt 0.87313 0.81433
vt 0.87334 0.9095
vt 0.92923 0.81322
vt 0.96192 1
vt 0.93325 1
vt 0.90459 1
vt 0.8744 0.9884
vt 0.87593 1
vt 0.87372 0.96288
vt 0.90397 1
vt 0.93292 1
vt 0.93263 1
vt 0.90352 1
vt 0.96168 1
vt 0.96145 1
vt 0.93236 1
vt 0.90324 1
vt 0.96114 1
vt 0.87449 1
vt 0.99058 1
vt 0.99035 1
vt 0.87359 1
vt 0.87389 1
vt 0.98371 0.67186
vt 0.98362 0.50077
vt 0.99168 0.5017
vt 0.99174 0.68011
vt 0.98356 0.32966
vt 0.99162 0.32325
vt 0.99662 0.50275
vt 0.99664 0.70063
vt 0.99657 0.30483
vt 0.97087 0.5
vt 1 0.27401
vt 1 0.50387
vt 1 0.73374
vt 0.99658 0.85933
vt 0.99181 0.82636
vt 1 0.73229
vt 1 0.5029
vt 1 0.50194
vt 1 0.73083
vt 1 0.27352
vt 1 0.27304
vt 1 0.50097
vt 1 0.72938
vt 1 0.27256
vt 1 0.9636
vt 0.09799 0.08952
vt 0.07106 0.09047
vt 0.07072 0.03728
vt 0.09785 0.03651
vt 0.0476 0.09149
vt 0.04673 0.03812
vt 0.06988 0.01173
vt 0.09747 0.01131
vt 0.04441 0.01224
vt 0.12708 0.1834
vt 0.09802 0.18423
vt 0.12706 0.08865
vt 0.0711 0.18516
vt 0.04771 0.18617
vt 0.04062 -0
vt 0.06875 -0
vt 0.09688 -0
vt 0.12645 0.01092
vt 0.125 0
vt 0.12691 0.03582
vt 0.09734 0
vt 0.06887 0
vt 0.06897 0
vt 0.09763 -0
vt 0.04064 0
vt 0.04065 0
vt 0.06905 0
vt 0.09774 -0
vt 0.04075 0
vt 0.12645 0
vt 0.0125 -0
vt 0.12706 -0
vt 0.12691 0
vt 0.40611 0.91413
vt 0.4374 0.91428
vt 0.43734 0.96673
vt 0.40602 0.96661
vt 0.4687 0.91436
vt 0.46867 0.9668
vt 0.43727 0.99053
vt 0.40591 0.99047
vt 0.46863 0.99057
vt 0.37483 0.91391
vt 0.43745 0.81883
vt 0.46872 0.81891
vt 0.5 0.81894
vt 0.5 0.91438
vt 0.5 0.96682
vt 0.5 0.99058
vt 0.4686 1
vt 0.43719 1
vt 0.40579 1
vt 0.37457 0.99037
vt 0.37438 1
vt 0.37471 0.96644
vt 0.40591 1
vt 0.43727 1
vt 0.43734 1
vt 0.40602 1
vt 0.46863 1
vt 0.46867 1
vt 0.4374 1
vt 0.40611 1
vt 0.4687 1
vt 0.37457 1
vt 0.37483 1
vt 0.37491 1
vt 0.37471 1
vt 0.59375 0.08447
vt 0.5625 0.08435
vt 0.5625 0.0323
vt 0.59375 0.0324
vt 0.53125 0.08428
vt 0.53125 0.03225
vt 0.5625 0.00897
vt 0.59375 0.00902
vt 0.53125 0.00894
vt 0.625 0.17975
vt 0.59375 0.17959
vt 0.625 0.08465
vt 0.5625 0.17948
vt 0.53125 0.17942
vt 0.5 0.08426
vt 0.5 0.03223
vt 0.5 0.00893
vt 0.625 0.00911
vt 0.625 0
vt 0.625 0.03255
vt 0.59375 0
vt 0.5625 0
vt 0.53125 -0
vt 0.625 0
vt 0.5 0
vt 0.34375 0.08491
vt 0.3125 0.08523
vt 0.3125 0.03302
vt 0.34375 0.03276
vt 0.28125 0.08562
vt 0.28125 0.03335
vt 0.3125 0.00937
vt 0.34375 0.00922
vt 0.28125 0.00955
vt 0.34375 0.17998
vt 0.375 0.08465
vt 0.3125 0.18027
vt 0.25 0.18103
vt 0.25 0.08608
vt 0.25 0.03372
vt 0.25 0.00976
vt 0.28125 -0
vt 0.375 0.00911
vt 0.375 0
vt 0.375 0.03255
vt 0.34375 0
vt 0.3125 0
vt 0.3125 0
vt 0.34375 -0
vt 0.28125 0
vt 0.3125 -0
vt 0.34375 -0
vt 0.15676 0.91021
vt 0.18746 0.91091
vt 0.18725 0.96403
vt 0.15645 0.96346
vt 0.21852 0.91158
vt 0.21835 0.96457
vt 0.18697 0.98904
vt 0.15598 0.98873
vt 0.21816 0.98934
vt 0.12659 0.9095
vt 0.18761 0.81564
vt 0.21865 0.81627
vt 0.24975 0.9122
vt 0.2496 0.96506
vt 0.24942 0.98961
vt 0.24923 1
vt 0.21794 1
vt 0.18665 1
vt 0.15536 1
vt 0.12551 0.9884
vt 0.12407 1
vt 0.12619 0.96288
vt 0.15594 1
vt 0.18696 1
vt 0.18723 1
vt 0.15638 1
vt 0.21815 1
vt 0.21835 1
vt 0.18743 1
vt 0.15665 1
vt 0.21852 1
vt 0.12542 1
vt 0.24942 1
vt 0.2496 1
vt 0.24975 1
vt 0.24987 1
vt 0.21864 1
vt 0.18757 1
vt 0.15681 1
vt 0.12635 1
vt 0.12601 1
vt 0.65645 0.9136
vt 0.68772 0.91321
vt 0.68786 0.96588
vt 0.65658 0.96619
vt 0.71898 0.91274
vt 0.71913 0.9655
vt 0.68802 0.99006
vt 0.65673 0.99023
vt 0.7193 0.98985
vt 0.62509 0.81848
vt 0.65635 0.81819
vt 0.62517 0.91391
vt 0.75013 0.81685
vt 0.75025 0.9122
vt 0.7504 0.96506
vt 0.75058 0.98961
vt 0.75077 1
vt 0.71948 1
vt 0.68819 1
vt 0.65691 1
vt 0.62543 0.99037
vt 0.62562 1
vt 0.62529 0.96644
vt 0.65673 1
vt 0.68802 1
vt 0.68786 1
vt 0.65658 1
vt 0.7193 1
vt 0.71913 1
vt 0.68772 1
vt 0.65645 1
vt 0.71898 1
vt 0.62543 1
vt 0.75058 1
vt 0.7504 1
vt 0.75025 1
vt 0.71887 1
vt 0.68761 1
vt 0.65635 1
vt 0.62517 1
vt 0.62529 1
vt 0.84289 0.08788
vt 0.81225 0.0872
vt 0.81228 0.03464
vt 0.843 0.03519
vt 0.78122 0.0866
vt 0.78122 0.03415
vt 0.81238 0.01027
vt 0.84328 0.01058
vt 0.78123 0.01
vt 0.84287 0.18267
vt 0.87294 0.08865
vt 0.78122 0.1815
vt 0.75 0.18103
vt 0.75 0.08608
vt 0.75 0.03372
vt 0.75 0.00976
vt 0.78125 -0
vt 0.8125 -0
vt 0.84375 -0
vt 0.87355 0.01092
vt 0.875 0
vt 0.87309 0.03582
vt 0.84328 0
vt 0.81238 0
vt 0.81228 0
vt 0.843 -0
vt 0.78123 0
vt 0.78122 -0
vt 0.81225 -0
vt 0.84289 -0
vt 0.78122 -0
vt 0.87355 0
vt 0.75 0
vt 0.75 -0
vt 0.78122 -0
vt 0.81224 0
vt 0.87294 -0
vt 0.87309 0
vt 0.21878 0.0866
vt 0.18776 0.0872
vt 0.18772 0.03464
vt 0.21878 0.03415
vt 0.15711 0.08788
vt 0.157 0.03519
vt 0.18762 0.01027
vt 0.21877 0.01
vt 0.15672 0.01058
vt 0.18776 0.18205
vt 0.15625 -0
vt 0.1875 -0
vt 0.21875 -0
vt 0.21877 0
vt 0.18762 0
vt 0.18772 0
vt 0.21878 -0
vt 0.15672 0
vt 0.157 -0
vt 0.18776 -0
vt 0.21878 -0
vt 0.15711 -0
vt 0.18776 0
vt 0.04662 0.90804
vt 0.07023 0.90828
vt 0.06936 0.96186
vt 0.04508 0.96159
vt 0.09736 0.90882
vt 0.09683 0.96232
vt 0.0679 0.98783
vt 0.04191 0.98764
vt 0.09606 0.98809
vt 0.0472 0.81319
vt 0.02803 0.9082
vt 0.07067 0.8133
vt 0.09768 0.81373
vt 0.09508 1
vt 0.0661 1
vt 0.03711 1
vt 0.02153 0.98723
vt 0.02613 0.96152
vt 0.03759 1
vt 0.06658 1
vt 0.06703 1
vt 0.03806 1
vt 0.09576 1
vt 0.09628 1
vt 0.06743 1
vt 0.03859 1
vt 0.09663 1
vt 0.00813 1
vt 0.00923 1
vt 0.78148 0.91158
vt 0.81253 0.91091
vt 0.81274 0.96403
vt 0.78165 0.96457
vt 0.84321 0.91021
vt 0.84351 0.96346
vt 0.81302 0.98904
vt 0.78184 0.98934
vt 0.84399 0.98873
vt 0.78135 0.81627
vt 0.84304 0.81498
vt 0.84464 1
vt 0.81335 1
vt 0.78206 1
vt 0.78184 1
vt 0.81303 1
vt 0.81276 1
vt 0.78165 1
vt 0.84403 1
vt 0.84359 1
vt 0.81256 1
vt 0.78148 1
vt 0.84332 1
vt 0.9524 0.09146
vt 0.92894 0.09047
vt 0.92928 0.03728
vt 0.95327 0.03812
vt 0.90201 0.08952
vt 0.90215 0.03651
vt 0.93012 0.01173
vt 0.95559 0.01224
vt 0.90253 0.01131
vt 0.97078 0.18711
vt 0.95229 0.18611
vt 0.97092 0.0925
vt 0.9289 0.18515
vt 0.90198 0.18423
vt 0.90313 -0
vt 0.93125 -0
vt 0.95938 -0
vt 0.9721 0.03915
vt 0.95936 0
vt 0.93113 0
vt 0.93103 0
vt 0.95935 0
vt 0.90266 0
vt 0.90237 -0
vt 0.93095 -0
vt 0.95925 0
vt 0.90226 -0
vt 0.9875 -0
vt 0.28102 0.91274
vt 0.31228 0.91321
vt 0.31214 0.96588
vt 0.28087 0.9655
vt 0.34355 0.9136
vt 0.34342 0.96619
vt 0.31198 0.99006
vt 0.2807 0.98985
vt 0.34327 0.99023
vt 0.31239 0.81782
vt 0.34365 0.81819
vt 0.34309 1
vt 0.31181 1
vt 0.28052 1
vt 0.2807 1
vt 0.31198 1
vt 0.31214 1
vt 0.28087 1
vt 0.34327 1
vt 0.34342 1
vt 0.31228 1
vt 0.28102 1
vt 0.34355 1
vt 0.34365 1
vt 0.31239 1
vt 0.28113 1
vt 0.46875 0.08428
vt 0.4375 0.08435
vt 0.4375 0.0323
vt 0.46875 0.03225
vt 0.40625 0.08447
vt 0.40625 0.0324
vt 0.4375 0.00897
vt 0.46875 0.00894
vt 0.40625 0.00902
vt 0.46875 0.17942
vt 0.40625 0.17959
vt 0.40625 -0
vt 0.4375 0
vt 0.40625 0
vt 0.40625 -0
vt 0.4375 -0
vt 0.71875 0.08562
vt 0.6875 0.08523
vt 0.6875 0.03302
vt 0.71875 0.03335
vt 0.65625 0.08491
vt 0.65625 0.03276
vt 0.6875 0.00937
vt 0.71875 0.00955
vt 0.65625 0.00922
vt 0.71875 0.18062
vt 0.65625 0.17998
vt 0.65625 -0
vt 0.6875 0
vt 0.6875 0
vt 0.71875 -0
vt 0.5313 0.91436
vt 0.5626 0.91428
vt 0.56266 0.96673
vt 0.53133 0.9668
vt 0.59389 0.91413
vt 0.59398 0.96661
vt 0.56273 0.99053
vt 0.53137 0.99057
vt 0.59409 0.99047
vt 0.56255 0.81883
vt 0.59382 0.81869
vt 0.59421 1
vt 0.56281 1
vt 0.5314 1
vt 0.53137 1
vt 0.56273 1
vt 0.56266 1
vt 0.53133 1
vt 0.59409 1
vt 0.59398 1
vt 0.5626 1
vt 0.5313 1
vt 0.59389 1
vt 0.59382 1
vt 0.53128 1
vt 7E-05 0.33172
vt 5E-05 0.50119
vt 0.00028 0.5018
vt 0.00032 0.33216
vt 5E-05 0.67063
vt 0.00028 0.67138
vt 0.00091 0.50228
vt 0.00096 0.33249
vt 0.0009 0.67199
vt 5E-05 0.18913
vt 2E-05 0.33129
vt 0.00013 0.18947
vt 1E-05 0.50063
vt 1E-05 0.66995
vt 0.00031 0.81354
vt 0.00092 0.8142
vt 0.00209 0.67225
vt 0.00211 0.50243
vt 0.00217 0.33253
vt 0.00106 0.19005
vt 0.00228 0.19002
vt 0.0004 0.18982
vt 0.00434 0.33218
vt 0.00428 0.50214
vt 0.00859 0.50151
vt 0.00865 0.33152
vt 0.00423 0.67203
vt 0.00852 0.67146
vt 0.01641 0.50074
vt 0.01647 0.33069
vt 0.01632 0.67078
vt 0.00444 0.18964
vt 0.0084 0.81389
vt 0.02902 0.67022
vt 0.02913 0.5
vt 0.02918 0.32981
vt 0.02922 0.18711
vt 0.00873 0.18896
vt 0.90308 0.9999
vt 0.93042 0.99988
vt 0.93065 0.99915
vt 0.90329 0.9992
vt 0.95414 0.99984
vt 0.95438 0.99908
vt 0.93079 0.9972
vt 0.90343 0.9973
vt 0.95452 0.99708
vt 0.90289 1
vt 0.87363 0.9999
vt 0.9302 0.99999
vt 0.95391 0.99997
vt 0.97253 0.99993
vt 0.97304 0.99311
vt 0.95448 0.99323
vt 0.93078 0.99339
vt 0.90343 0.9936
vt 0.87394 0.99739
vt 0.87396 0.99382
vt 0.87381 0.99923
vt 0.90326 0.98539
vt 0.93054 0.98504
vt 0.93015 0.96103
vt 0.90296 0.96151
vt 0.95419 0.9848
vt 0.95374 0.96075
vt 0.92971 0.90818
vt 0.90262 0.90872
vt 0.95324 0.90793
vt 0.87385 0.9858
vt 0.87338 0.9094
vt 0.87363 0.96211
vt 0.99996 0.69847
vt 0.99996 0.50153
vt 0.99972 0.50286
vt 0.99972 0.68102
vt 0.99994 0.30452
vt 0.99968 0.32457
vt 0.9991 0.50377
vt 0.99911 0.67495
vt 0.99905 0.33243
vt 0.99994 0.85695
vt 0.99783 0.33361
vt 0.9979 0.50408
vt 0.99793 0.67437
vt 0.9991 0.8178
vt 0.99796 0.81683
vt 0.9958 0.67396
vt 0.99573 0.50365
vt 0.99143 0.5027
vt 0.99153 0.67298
vt 0.99566 0.33317
vt 0.99135 0.3323
vt 0.9836 0.50152
vt 0.98374 0.67178
vt 0.98353 0.3312
vt 0.99796 0.81683
vt 0.99589 0.81648
vt 0.9979 0.50408
vt 0.99783 0.33361
vt 0.99772 0.19059
vt 0.99556 0.19016
vt 0.99127 0.18937
vt 0.98347 0.18836
vt 0.97082 0.33008
vt 0.98398 0.81445
vt 0.9917 0.81556
vt 0.09802 0.0001
vt 0.07111 0.00014
vt 0.07111 0.00084
vt 0.09802 0.00076
vt 0.04773 0.00024
vt 0.04775 0.00102
vt 0.07112 0.00272
vt 0.09802 0.00254
vt 0.04776 0.00302
vt 0.09802 0
vt 0.12708 9E-05
vt 0.0711 2E-05
vt 0.04771 7E-05
vt 0.02922 0.00017
vt 0.02931 0.00134
vt 0.02935 0.00348
vt 0.02936 0.00745
vt 0.04777 0.00682
vt 0.07112 0.00635
vt 0.09802 0.006
vt 0.12708 0.00242
vt 0.12708 0.00573
vt 0.12708 0.00072
vt 0.09802 0.01384
vt 0.07112 0.01442
vt 0.07111 0.03808
vt 0.09802 0.03727
vt 0.04776 0.0151
vt 0.04775 0.03896
vt 0.07111 0.09057
vt 0.09802 0.08962
vt 0.04773 0.09157
vt 0.12708 0.01334
vt 0.02935 0.01591
vt 0.02931 0.03991
vt 0.02926 0.0926
vt 0.0711 0.18515
vt 0.09802 0.18423
vt 0.12708 0.08874
vt 0.12708 0.03653
vt 0.40611 0.99993
vt 0.43741 0.99993
vt 0.43736 0.99941
vt 0.40604 0.9994
vt 0.4687 0.99993
vt 0.46868 0.99941
vt 0.43732 0.99801
vt 0.40599 0.99799
vt 0.46866 0.99802
vt 0.37483 0.99992
vt 0.5 0.99993
vt 0.5 0.99941
vt 0.5 0.99802
vt 0.5 0.99531
vt 0.46865 0.9953
vt 0.4373 0.99528
vt 0.40596 0.99523
vt 0.37467 0.99796
vt 0.37464 0.99517
vt 0.37474 0.9994
vt 0.40599 0.98846
vt 0.43732 0.98854
vt 0.43736 0.96614
vt 0.40604 0.96602
vt 0.46866 0.98859
vt 0.46868 0.96621
vt 0.43741 0.9142
vt 0.40611 0.91405
vt 0.4687 0.91429
vt 0.37467 0.98833
vt 0.5 0.9886
vt 0.5 0.96623
vt 0.5 0.91431
vt 0.37483 0.91383
vt 0.37474 0.96583
vt 0.59375 7E-05
vt 0.5625 7E-05
vt 0.5625 0.00055
vt 0.59375 0.00055
vt 0.53125 7E-05
vt 0.53125 0.00055
vt 0.5625 0.00185
vt 0.59375 0.00187
vt 0.53125 0.00184
vt 0.625 7E-05
vt 0.5 7E-05
vt 0.5 0.00054
vt 0.5 0.00184
vt 0.5 0.00436
vt 0.53125 0.00436
vt 0.5625 0.00438
vt 0.59375 0.00442
vt 0.625 0.00189
vt 0.625 0.00448
vt 0.625 0.00056
vt 0.59375 0.01089
vt 0.5625 0.01082
vt 0.5625 0.03285
vt 0.59375 0.03295
vt 0.53125 0.01078
vt 0.53125 0.03279
vt 0.5625 0.08442
vt 0.59375 0.08454
vt 0.53125 0.08435
vt 0.625 0.011
vt 0.5 0.01077
vt 0.5 0.03277
vt 0.5 0.08433
vt 0.625 0.08472
vt 0.625 0.03311
vt 0.34375 7E-05
vt 0.3125 7E-05
vt 0.3125 0.00058
vt 0.34375 0.00057
vt 0.28125 7E-05
vt 0.28125 0.0006
vt 0.3125 0.00197
vt 0.34375 0.00192
vt 0.28125 0.00202
vt 0.375 7E-05
vt 0.25 8E-05
vt 0.25 0.00062
vt 0.25 0.00208
vt 0.25 0.00493
vt 0.28125 0.00479
vt 0.3125 0.00466
vt 0.34375 0.00456
vt 0.375 0.00189
vt 0.375 0.00448
vt 0.375 0.00056
vt 0.34375 0.01115
vt 0.3125 0.01134
vt 0.3125 0.03361
vt 0.34375 0.03333
vt 0.28125 0.01157
vt 0.28125 0.03394
vt 0.3125 0.0853
vt 0.34375 0.08498
vt 0.28125 0.0857
vt 0.375 0.011
vt 0.25 0.01184
vt 0.25 0.03434
vt 0.25 0.08616
vt 0.375 0.08472
vt 0.375 0.17975
vt 0.375 0.03311
vt 0.1567 0.99991
vt 0.18745 0.99991
vt 0.18731 0.99928
vt 0.15656 0.99925
vt 0.21852 0.99991
vt 0.21839 0.99931
vt 0.1872 0.99758
vt 0.15645 0.99749
vt 0.21828 0.99766
vt 0.12644 0.9999
vt 0.24976 0.99992
vt 0.24963 0.99933
vt 0.24953 0.99774
vt 0.24949 0.99465
vt 0.21824 0.99446
vt 0.18716 0.99426
vt 0.15642 0.99404
vt 0.1262 0.99739
vt 0.12618 0.99382
vt 0.1263 0.99923
vt 0.15649 0.98621
vt 0.18721 0.98662
vt 0.18733 0.96331
vt 0.15663 0.96272
vt 0.21828 0.987
vt 0.21839 0.96388
vt 0.18748 0.91082
vt 0.1568 0.91012
vt 0.21853 0.9115
vt 0.12629 0.9858
vt 0.24953 0.98735
vt 0.24963 0.9644
vt 0.24976 0.91212
vt 0.12668 0.9094
vt 0.12647 0.96211
vt 0.65645 0.99992
vt 0.68772 0.99992
vt 0.68783 0.99937
vt 0.65655 0.99938
vt 0.71898 0.99992
vt 0.7191 0.99935
vt 0.68792 0.99787
vt 0.65663 0.99792
vt 0.7192 0.99781
vt 0.62517 0.99992
vt 0.75024 0.99992
vt 0.75037 0.99933
vt 0.75047 0.99774
vt 0.75051 0.99465
vt 0.71924 0.99481
vt 0.68796 0.99496
vt 0.65667 0.99507
vt 0.62533 0.99796
vt 0.62536 0.99517
vt 0.62526 0.9994
vt 0.65663 0.98815
vt 0.68792 0.98793
vt 0.68783 0.96525
vt 0.65655 0.96557
vt 0.7192 0.98767
vt 0.7191 0.96485
vt 0.68772 0.91313
vt 0.65645 0.91352
vt 0.71898 0.91266
vt 0.62533 0.98833
vt 0.75047 0.98735
vt 0.75037 0.9644
vt 0.75024 0.91212
vt 0.62517 0.91383
vt 0.62526 0.96583
vt 0.84287 9E-05
vt 0.81224 8E-05
vt 0.81224 0.00066
vt 0.84287 0.00069
vt 0.78122 8E-05
vt 0.78122 0.00064
vt 0.81224 0.00223
vt 0.84287 0.00232
vt 0.78122 0.00215
vt 0.87292 9E-05
vt 0.75 8E-05
vt 0.75 0.00062
vt 0.75 0.00208
vt 0.75 0.00493
vt 0.78122 0.00509
vt 0.81224 0.00528
vt 0.84287 0.00549
vt 0.87292 0.00242
vt 0.87292 0.00573
vt 0.87292 0.00072
vt 0.84287 0.01289
vt 0.81224 0.0125
vt 0.81224 0.0353
vt 0.84287 0.03588
vt 0.78122 0.01215
vt 0.78122 0.03479
vt 0.81224 0.08728
vt 0.84287 0.08796
vt 0.78122 0.08668
vt 0.87292 0.01334
vt 0.75 0.01184
vt 0.75 0.03434
vt 0.75 0.08616
vt 0.75 0.18103
vt 0.81224 0.18205
vt 0.87292 0.08874
vt 0.87292 0.03653
vt 0.21878 8E-05
vt 0.18776 8E-05
vt 0.18776 0.00066
vt 0.21878 0.00064
vt 0.15713 9E-05
vt 0.15713 0.00069
vt 0.18776 0.00223
vt 0.21878 0.00215
vt 0.15713 0.00232
vt 0.15713 0.00549
vt 0.18776 0.00528
vt 0.21878 0.00509
vt 0.21878 0.01215
vt 0.18776 0.0125
vt 0.18776 0.0353
vt 0.21878 0.03479
vt 0.15713 0.01289
vt 0.15713 0.03588
vt 0.18776 0.08728
vt 0.21878 0.08668
vt 0.15713 0.08796
vt 0.18776 0.18205
vt 0.21878 0.1815
vt 0.04611 0.99984
vt 0.06978 0.99988
vt 0.06965 0.99915
vt 0.046 0.99907
vt 0.09705 0.9999
vt 0.09691 0.9992
vt 0.06959 0.99719
vt 0.04597 0.99705
vt 0.09682 0.9973
vt 0.04623 0.99997
vt 0.02752 0.99976
vt 0.09718 1
vt 0.09684 0.99359
vt 0.06964 0.99337
vt 0.04605 0.99316
vt 0.02743 0.99688
vt 0.02744 0.99894
vt 0.04629 0.98468
vt 0.06984 0.985
vt 0.07015 0.96098
vt 0.04664 0.96057
vt 0.09699 0.98538
vt 0.09724 0.96151
vt 0.07049 0.90811
vt 0.04702 0.90771
vt 0.09751 0.90871
vt 0.02779 0.98445
vt 0.02814 0.96036
vt 0.78148 0.99991
vt 0.81256 0.99991
vt 0.8127 0.99928
vt 0.78161 0.99931
vt 0.84333 0.99991
vt 0.84348 0.99925
vt 0.81282 0.99758
vt 0.78172 0.99766
vt 0.84361 0.99749
vt 0.84364 0.99404
vt 0.81286 0.99426
vt 0.78176 0.99446
vt 0.78172 0.987
vt 0.8128 0.98662
vt 0.81268 0.96331
vt 0.78161 0.96388
vt 0.84357 0.98621
vt 0.84341 0.96272
vt 0.81253 0.91082
vt 0.78147 0.9115
vt 0.84322 0.91012
vt 0.95227 0.00024
vt 0.92889 0.00014
vt 0.92889 0.00084
vt 0.95225 0.00102
vt 0.90198 0.0001
vt 0.90198 0.00076
vt 0.92888 0.00272
vt 0.95224 0.00302
vt 0.90198 0.00254
vt 0.97078 0.00017
vt 0.95229 7E-05
vt 0.97074 0.00043
vt 0.9289 2E-05
vt 0.90198 0
vt 0.90198 0.006
vt 0.92888 0.00635
vt 0.95223 0.00682
vt 0.97065 0.00348
vt 0.97069 0.00134
vt 0.95224 0.0151
vt 0.92888 0.01442
vt 0.92889 0.03808
vt 0.95225 0.03897
vt 0.90198 0.01384
vt 0.90198 0.03727
vt 0.92889 0.09057
vt 0.95227 0.0916
vt 0.90198 0.08962
vt 0.97065 0.01591
vt 0.90199 0.18423
vt 0.9289 0.18516
vt 0.97074 0.09266
vt 0.97069 0.03993
vt 0.28102 0.99992
vt 0.31228 0.99992
vt 0.31217 0.99937
vt 0.2809 0.99935
vt 0.34355 0.99992
vt 0.34345 0.99938
vt 0.31208 0.99787
vt 0.2808 0.99781
vt 0.34337 0.99792
vt 0.34334 0.99507
vt 0.31204 0.99496
vt 0.28076 0.99481
vt 0.2808 0.98767
vt 0.31208 0.98793
vt 0.31217 0.96525
vt 0.2809 0.96485
vt 0.34337 0.98815
vt 0.34345 0.96557
vt 0.31228 0.91313
vt 0.28102 0.91266
vt 0.34355 0.91352
vt 0.46875 7E-05
vt 0.4375 7E-05
vt 0.4375 0.00055
vt 0.46875 0.00055
vt 0.40625 7E-05
vt 0.40625 0.00055
vt 0.4375 0.00185
vt 0.46875 0.00184
vt 0.40625 0.00187
vt 0.40625 0.00442
vt 0.4375 0.00438
vt 0.46875 0.00436
vt 0.46875 0.01078
vt 0.4375 0.01082
vt 0.4375 0.03285
vt 0.46875 0.03279
vt 0.40625 0.01089
vt 0.40625 0.03295
vt 0.4375 0.08442
vt 0.46875 0.08435
vt 0.40625 0.08454
vt 0.40625 0.17959
vt 0.46875 0.17942
vt 0.71875 7E-05
vt 0.6875 7E-05
vt 0.6875 0.00058
vt 0.71875 0.0006
vt 0.65625 7E-05
vt 0.65625 0.00057
vt 0.6875 0.00197
vt 0.71875 0.00202
vt 0.65625 0.00192
vt 0.65625 0.00456
vt 0.6875 0.00466
vt 0.71875 0.00479
vt 0.71875 0.01157
vt 0.6875 0.01134
vt 0.6875 0.03361
vt 0.71875 0.03394
vt 0.65625 0.01115
vt 0.65625 0.03333
vt 0.6875 0.0853
vt 0.71875 0.0857
vt 0.65625 0.08498
vt 0.6875 0.18027
vt 0.5313 0.99993
vt 0.56259 0.99993
vt 0.56264 0.99941
vt 0.53132 0.99941
vt 0.59389 0.99993
vt 0.59396 0.9994
vt 0.56268 0.99801
vt 0.53134 0.99802
vt 0.59401 0.99799
vt 0.59404 0.99523
vt 0.5627 0.99528
vt 0.53135 0.9953
vt 0.53134 0.98859
vt 0.56268 0.98854
vt 0.56264 0.96614
vt 0.53132 0.96621
vt 0.59401 0.98846
vt 0.59396 0.96602
vt 0.56259 0.9142
vt 0.5313 0.91429
vt 0.59389 0.91405
vt 4E-05 0.90714
vt 3E-05 0.91454
vt 0.00019 0.96215
vt 0.00023 0.9595
vt 1E-05 0.93442
vt 0.0001 0.96883
vt 0.00063 0.98444
vt 0.00074 0.98376
vt 0.00039 0.98623
vt 2E-05 0.81205
vt 1E-05 0.8131
vt 0 0.82343
vt 0 0.85484
vt 0.0012 0.99486
vt 0.00158 0.99325
vt 0.00173 0.99269
vt 0.00178 0.99256
vt 0.00027 0.95934
vt 0.00357 0.99688
vt 0.00343 0.99731
vt 0.00715 0.99921
vt 0.0075 0.99902
vt 0.0031 0.99835
vt 0.00631 0.99956
vt 0.01405 0.99989
vt 0.01495 0.99983
vt 0.01166 0.99994
vt 0.00361 0.99672
vt 0.00258 1
vt 0.02247 1
vt 0.02625 0.99999
vt 0.02749 0.99997
vt 0.01504 0.99975
vt 0.01635 0.00025
vt 0.01545 0.00014
vt 0.00822 0.00083
vt 0.0086 0.00111
vt 0.01313 6E-05
vt 0.00738 0.00045
vt 0.00412 0.00274
vt 0.00432 0.00332
vt 0.00372 0.00166
vt 0.02922 0.00017
vt 0.02901 7E-05
vt 0.01653 0.00044
vt 0.02778 2E-05
vt 0.02415 0
vt 0.00146 0.00515
vt 0.00193 0.00683
vt 0.00214 0.00757
vt 0.00444 0.00374
vt 0.00873 0.00142
vt 0.00094 0.01657
vt 0.00078 0.01566
vt 0.00023 0.03797
vt 0.00031 0.04089
vt 0.00047 0.01378
vt 0.00013 0.03118
vt 4E-05 0.0856
vt 7E-05 0.09332
vt 2E-05 0.06561
vt 0 0.01104
vt 0 0.14531
vt 1E-05 0.17676
vt 2E-05 0.1874
vt 5E-05 0.18913
vt 0.0004 0.04159
vt 0.99999 0.93485
vt 1 0.92324
vt 0.99999 0.96591
vt 0.99998 0.96938
vt 1 0.93555
vt 1 0.96965
vt 1 0.98748
vt 0.99998 0.98792
vt 1 0.98793
vt 1 0.85629
vt 0.99997 0.95831
vt 1 1
vt 0.99985 0.9883
vt 0.99729 1
vt 0.9972 0.99999
vt 0.99304 0.99998
vt 0.9938 1
vt 0.99717 0.99992
vt 0.99276 0.99992
vt 0.98599 0.99998
vt 0.98836 1
vt 0.98513 0.99995
vt 0.99275 0.9997
vt 0.97257 0.99997
vt 0.97377 0.99999
vt 0.99226 1
vt 0.98687 6E-05
vt 0.98455 0.00014
vt 0.99178 0.00083
vt 0.99262 0.00045
vt 0.98365 0.00025
vt 0.9914 0.00111
vt 0.99588 0.00274
vt 0.99628 0.00166
vt 0.99568 0.00332
vt 0.97585 0
vt 0.97222 2E-05
vt 0.97099 7E-05
vt 0.99786 0.00757
vt 0.99807 0.00683
vt 0.99854 0.00515
vt 0.99953 0.0127
vt 0.99922 0.01378
vt 0.99977 0.0229
vt 0.99987 0.02252
vt 0.99906 0.0144
vt 0.99969 0.02355
vt 0.99996 0.03324
vt 0.99998 0.03317
vt 0.99994 0.03414
vt 0.99894 0.01515
vt 0.9996 0.02651
vt 0.99989 0.04261
vt 0 0.3044
vt 0 0.50033
vt 0 0.50017
vt 0 0.32265
vt 0 0.6961
vt 0 0.67763
vt 0 0.50028
vt 1E-05 0.32999
vt 0 0.67055
vt 0 0.14531
vt 0 0.85484
vt 0 0.82343
vt 1E-05 0.8131
vt 1E-05 0.66995
vt 2E-05 0.33129
vt 2E-05 0.1874
vt 1E-05 0.17676
usemtl mat1
f 29/29/13 30/30/13 31/31/13
f 29/29/13 31/31/13 32/32/13
f 30/30/14 33/33/14 34/34/14
f 30/30/14 34/34/14 31/31/14
f 32/32/15 31/31/15 35/35/15
f 32/32/15 35/35/15 36/36/15
f 31/31/16 34/34/16 37/37/16
f 31/31/16 37/37/16 35/35/16
f 38/38/17 39/39/17 29/29/17
f 38/38/17 29/29/17 40/40/17
f 39/39/18 41/41/18 30/30/18
f 39/39/18 30/30/18 29/29/18
f 41/41/19 42/42/19 33/33/19
f 41/41/19 33/33/19 30/30/19
f 42/42/20 43/43/20 44/44/20
f 42/42/20 44/44/20 33/33/20
f 33/33/21 44/44/21 45/43/21
f 33/33/21 45/43/21 34/34/21
f 34/34/22 45/43/22 46/43/22
f 34/34/22 46/43/22 37/37/22
f 37/37/23 46/43/23 47/44/23
f 37/37/23 47/44/23 48/42/23
f 35/35/24 37/37/24 48/42/24
f 35/35/24 48/42/24 49/41/24
f 36/36/25 35/35/25 49/41/25
f 36/36/25 49/41/25 50/45/25
f 51/46/26 36/36/26 50/45/26
f 51/46/26 50/45/26 52/47/26
f 53/48/27 32/32/27 36/36/27
f 53/48/27 36/36/27 51/46/27
f 40/40/28 29/29/28 32/32/28
f 40/40/28 32/32/28 53/48/28
f 54/49/29 55/50/29 56/51/29
f 54/49/29 56/51/29 57/52/29
f 55/50/30 58/53/30 59/54/30
f 55/50/30 59/54/30 56/51/30
f 57/52/31 56/51/31 60/55/31
f 57/52/31 60/55/31 61/56/31
f 56/51/32 59/54/32 62/57/32
f 56/51/32 62/57/32 60/55/32
f 63/58/33 64/59/33 54/49/33
f 63/58/33 54/49/33 65/60/33
f 64/59/34 66/61/34 55/50/34
f 64/59/34 55/50/34 54/49/34
f 66/61/35 67/62/35 58/53/35
f 66/61/35 58/53/35 55/50/35
f 67/62/36 68/63/36 69/64/36
f 67/62/36 69/64/36 58/53/36
f 58/53/37 69/64/37 70/65/37
f 58/53/37 70/65/37 59/54/37
f 59/54/38 70/65/38 71/66/38
f 59/54/38 71/66/38 62/57/38
f 62/57/39 71/66/39 72/67/39
f 62/57/39 72/67/39 73/68/39
f 60/55/40 62/57/40 73/68/40
f 60/55/40 73/68/40 74/69/40
f 61/56/41 60/55/41 74/69/41
f 61/56/41 74/69/41 75/70/41
f 76/71/42 61/56/42 75/70/42
f 76/71/42 75/70/42 77/72/42
f 78/73/43 57/52/43 61/56/43
f 78/73/43 61/56/43 76/71/43
f 65/60/44 54/49/44 57/52/44
f 65/60/44 57/52/44 78/73/44
f 79/74/45 80/75/45 81/75/45
f 79/74/45 81/75/45 82/76/45
f 80/75/46 83/77/46 84/78/46
f 80/75/46 84/78/46 81/75/46
f 82/76/47 81/75/47 85/79/47
f 82/76/47 85/79/47 86/80/47
f 81/75/48 84/78/48 87/81/48
f 81/75/48 87/81/48 85/79/48
f 88/82/49 89/83/49 79/74/49
f 88/82/49 79/74/49 90/84/49
f 89/83/50 91/79/50 80/75/50
f 89/83/50 80/75/50 79/74/50
f 91/79/51 92/78/51 83/77/51
f 91/79/51 83/77/51 80/75/51
f 92/78/52 93/85/52 94/86/52
f 92/78/52 94/86/52 83/77/52
f 83/77/53 94/86/53 95/86/53
f 83/77/53 95/86/53 84/78/53
f 84/78/54 95/86/54 96/87/54
f 84/78/54 96/87/54 87/81/54
f 87/81/55 96/87/55 97/85/55
f 87/81/55 97/85/55 98/78/55
f 85/79/56 87/81/56 98/78/56
f 85/79/56 98/78/56 99/79/56
f 86/80/57 85/79/57 99/79/57
f 86/80/57 99/79/57 100/83/57
f 101/88/58 86/80/58 100/83/58
f 101/88/58 100/83/58 102/82/58
f 103/84/59 82/76/59 86/80/59
f 103/84/59 86/80/59 101/88/59
f 90/84/60 79/74/60 82/76/60
f 90/84/60 82/76/60 103/84/60
f 104/89/61 105/90/61 106/91/61
f 104/89/61 106/91/61 107/92/61
f 105/90/62 108/93/62 109/94/62
f 105/90/62 109/94/62 106/91/62
f 107/92/63 106/91/63 110/95/63
f 107/92/63 110/95/63 111/96/63
f 106/91/64 109/94/64 112/97/64
f 106/91/64 112/97/64 110/95/64
f 113/98/65 114/99/65 104/89/65
f 113/98/65 104/89/65 115/100/65
f 114/99/66 116/101/66 105/90/66
f 114/99/66 105/90/66 104/89/66
f 116/101/67 117/102/67 108/93/67
f 116/101/67 108/93/67 105/90/67
f 117/102/68 118/103/68 119/104/68
f 117/102/68 119/104/68 108/93/68
f 108/93/69 119/104/69 120/105/69
f 108/93/69 120/105/69 109/94/69
f 109/94/70 120/105/70 121/106/70
f 109/94/70 121/106/70 112/97/70
f 112/97/71 121/106/71 122/107/71
f 112/97/71 122/107/71 123/108/71
f 110/95/72 112/97/72 123/108/72
f 110/95/72 123/108/72 124/109/72
f 111/96/73 110/95/73 124/109/73
f 111/96/73 124/109/73 125/110/73
f 126/111/74 111/96/74 125/110/74
f 126/111/74 125/110/74 127/112/74
f 128/113/75 107/92/75 111/96/75
f 128/113/75 111/96/75 126/111/75
f 115/100/76 104/89/76 107/92/76
f 115/100/76 107/92/76 128/113/76
f 129/114/77 130/115/77 131/116/77
f 129/114/77 131/116/77 132/117/77
f 130/115/78 133/118/78 134/119/78
f 130/115/78 134/119/78 131/116/78
f 132/117/79 131/116/79 135/120/79
f 132/117/79 135/120/79 136/121/79
f 131/116/80 134/119/80 137/122/80
f 131/116/80 137/122/80 135/120/80
f 138/123/81 139/124/81 129/114/81
f 138/123/81 129/114/81 140/125/81
f 139/124/82 141/126/82 130/115/82
f 139/124/82 130/115/82 129/114/82
f 141/126/83 142/127/83 133/118/83
f 141/126/83 133/118/83 130/115/83
f 142/127/84 143/128/84 144/129/84
f 142/127/84 144/129/84 133/118/84
f 133/118/85 144/129/85 145/130/85
f 133/118/85 145/130/85 134/119/85
f 134/119/86 145/130/86 146/131/86
f 134/119/86 146/131/86 137/122/86
f 137/122/87 146/131/87 147/132/87
f 137/122/87 147/132/87 148/133/87
f 135/120/88 137/122/88 148/133/88
f 135/120/88 148/133/88 149/134/88
f 136/121/89 135/120/89 149/134/89
f 136/121/89 149/134/89 150/135/89
f 151/136/90 136/121/90 150/135/90
f 151/136/90 150/135/90 152/137/90
f 153/138/91 132/117/91 136/121/91
f 153/138/91 136/121/91 151/136/91
f 140/125/92 129/114/92 132/117/92
f 140/125/92 132/117/92 153/138/92
f 154/139/93 155/140/93 156/141/93
f 154/139/93 156/141/93 157/142/93
f 155/140/94 158/143/94 159/144/94
f 155/140/94 159/144/94 156/141/94
f 157/142/95 156/141/95 160/145/95
f 157/142/95 160/145/95 161/146/95
f 156/141/96 159/144/96 162/147/96
f 156/141/96 162/147/96 160/145/96
f 163/148/97 164/149/97 154/139/97
f 163/148/97 154/139/97 165/150/97
f 164/149/98 166/151/98 155/140/98
f 164/149/98 155/140/98 154/139/98
f 166/151/99 167/152/99 158/143/99
f 166/151/99 158/143/99 155/140/99
f 167/152/100 168/153/100 169/154/100
f 167/152/100 169/154/100 158/143/100
f 158/143/101 169/154/101 170/155/101
f 158/143/101 170/155/101 159/144/101
f 159/144/102 170/155/102 171/156/102
f 159/144/102 171/156/102 162/147/102
f 162/147/103 171/156/103 172/157/103
f 162/147/103 172/157/103 173/158/103
f 160/145/104 162/147/104 173/158/104
f 160/145/104 173/158/104 174/159/104
f 161/146/105 160/145/105 174/159/105
f 161/146/105 174/159/105 175/160/105
f 176/150/106 161/146/106 175/160/106
f 176/150/106 175/160/106 177/148/106
f 178/161/107 157/142/107 161/146/107
f 178/161/107 161/146/107 176/150/107
f 165/150/108 154/139/108 157/142/108
f 165/150/108 157/142/108 178/161/108
f 179/162/109 180/163/109 181/164/109
f 179/162/109 181/164/109 182/165/109
f 180/163/110 183/166/110 184/167/110
f 180/163/110 184/167/110 181/164/110
f 182/165/111 181/164/111 185/168/111
f 182/165/111 185/168/111 186/169/111
f 181/164/112 184/167/112 187/170/112
f 181/164/112 187/170/112 185/168/112
f 188/171/113 189/172/113 179/162/113
f 188/171/113 179/162/113 190/173/113
f 189/172/114 191/174/114 180/163/114
f 189/172/114 180/163/114 179/162/114
f 191/174/115 192/175/115 183/166/115
f 191/174/115 183/166/115 180/163/115
f 192/175/116 193/176/116 194/177/116
f 192/175/116 194/177/116 183/166/116
f 183/166/117 194/177/117 195/178/117
f 183/166/117 195/178/117 184/167/117
f 184/167/118 195/178/118 196/179/118
f 184/167/118 196/179/118 187/170/118
f 187/170/119 196/179/119 197/180/119
f 187/170/119 197/180/119 198/181/119
f 185/168/120 187/170/120 198/181/120
f 185/168/120 198/181/120 199/182/120
f 186/169/121 185/168/121 199/182/121
f 186/169/121 199/182/121 200/183/121
f 201/184/122 186/169/122 200/183/122
f 201/184/122 200/183/122 202/185/122
f 203/186/123 182/165/123 186/169/123
f 203/186/123 186/169/123 201/184/123
f 190/173/124 179/162/124 182/165/124
f 190/173/124 182/165/124 203/186/124
f 204/187/125 205/188/125 206/189/125
f 204/187/125 206/189/125 207/190/125
f 205/188/126 208/191/126 209/192/126
f 205/188/126 209/192/126 206/189/126
f 207/190/127 206/189/127 210/188/127
f 207/190/127 210/188/127 211/187/127
f 206/189/128 209/192/128 212/193/128
f 206/189/128 212/193/128 210/188/128
f 213/194/129 214/195/129 204/187/129
f 213/194/129 204/187/129 215/196/129
f 214/195/130 216/197/130 205/188/130
f 214/195/130 205/188/130 204/187/130
f 216/197/131 217/198/131 208/191/131
f 216/197/131 208/191/131 205/188/131
f 217/198/132 218/199/132 219/200/132
f 217/198/132 219/200/132 208/191/132
f 208/191/133 219/200/133 220/201/133
f 208/191/133 220/201/133 209/192/133
f 209/192/134 220/201/134 221/200/134
f 209/192/134 221/200/134 212/193/134
f 212/193/135 221/200/135 222/202/135
f 212/193/135 222/202/135 223/198/135
f 210/188/136 212/193/136 223/198/136
f 210/188/136 223/198/136 224/197/136
f 211/187/137 210/188/137 224/197/137
f 211/187/137 224/197/137 225/195/137
f 226/196/138 211/187/138 225/195/138
f 226/196/138 225/195/138 227/196/138
f 228/194/139 207/190/139 211/187/139
f 228/194/139 211/187/139 226/196/139
f 215/196/140 204/187/140 207/190/140
f 215/196/140 207/190/140 228/194/140
f 229/203/141 230/204/141 231/205/141
f 229/203/141 231/205/141 232/206/141
f 230/204/142 233/207/142 234/208/142
f 230/204/142 234/208/142 231/205/142
f 232/206/143 231/205/143 235/209/143
f 232/206/143 235/209/143 236/210/143
f 231/205/144 234/208/144 237/211/144
f 231/205/144 237/211/144 235/209/144
f 238/212/145 239/213/145 229/203/145
f 238/212/145 229/203/145 240/214/145
f 239/213/146 241/215/146 230/204/146
f 239/213/146 230/204/146 229/203/146
f 241/215/147 242/216/147 233/207/147
f 241/215/147 233/207/147 230/204/147
f 242/216/148 243/217/148 244/218/148
f 242/216/148 244/218/148 233/207/148
f 233/207/149 244/218/149 245/61/149
f 233/207/149 245/61/149 234/208/149
f 234/208/150 245/61/150 246/62/150
f 234/208/150 246/62/150 237/211/150
f 237/211/151 246/62/151 247/219/151
f 237/211/151 247/219/151 248/220/151
f 235/209/152 237/211/152 248/220/152
f 235/209/152 248/220/152 249/221/152
f 236/210/153 235/209/153 249/221/153
f 236/210/153 249/221/153 250/222/153
f 251/223/154 236/210/154 250/222/154
f 251/223/154 250/222/154 252/224/154
f 253/225/155 232/206/155 236/210/155
f 253/225/155 236/210/155 251/223/155
f 240/214/156 229/203/156 232/206/156
f 240/214/156 232/206/156 253/225/156
f 254/226/157 255/52/157 256/51/157
f 254/226/157 256/51/157 257/227/157
f 255/52/158 258/228/158 259/229/158
f 255/52/158 259/229/158 256/51/158
f 257/227/159 256/51/159 260/54/159
f 257/227/159 260/54/159 261/230/159
f 256/51/160 259/229/160 262/231/160
f 256/51/160 262/231/160 260/54/160
f 243/217/161 263/232/161 254/226/161
f 243/217/161 254/226/161 244/218/161
f 263/232/162 264/73/162 255/52/162
f 263/232/162 255/52/162 254/226/162
f 264/73/163 265/71/163 258/228/163
f 264/73/163 258/228/163 255/52/163
f 265/71/164 266/72/164 267/233/164
f 265/71/164 267/233/164 258/228/164
f 258/228/165 267/233/165 268/234/165
f 258/228/165 268/234/165 259/229/165
f 259/229/166 268/234/166 269/235/166
f 259/229/166 269/235/166 262/231/166
f 262/231/167 269/235/167 270/236/167
f 262/231/167 270/236/167 271/237/167
f 260/54/168 262/231/168 271/237/168
f 260/54/168 271/237/168 272/238/168
f 261/230/169 260/54/169 272/238/169
f 261/230/169 272/238/169 273/239/169
f 246/62/170 261/230/170 273/239/170
f 246/62/170 273/239/170 247/219/170
f 245/61/171 257/227/171 261/230/171
f 245/61/171 261/230/171 246/62/171
f 244/218/172 254/226/172 257/227/172
f 244/218/172 257/227/172 245/61/172
f 274/240/173 275/241/173 276/242/173
f 274/240/173 276/242/173 277/243/173
f 275/241/174 278/244/174 279/245/174
f 275/241/174 279/245/174 276/242/174
f 277/243/175 276/242/175 280/246/175
f 277/243/175 280/246/175 281/247/175
f 276/242/176 279/245/176 282/248/176
f 276/242/176 282/248/176 280/246/176
f 266/72/177 283/249/177 274/240/177
f 266/72/177 274/240/177 267/233/177
f 283/249/178 284/250/178 275/241/178
f 283/249/178 275/241/178 274/240/178
f 284/250/179 285/251/179 278/244/179
f 284/250/179 278/244/179 275/241/179
f 285/251/180 286/252/180 287/253/180
f 285/251/180 287/253/180 278/244/180
f 278/244/181 287/253/181 288/254/181
f 278/244/181 288/254/181 279/245/181
f 279/245/182 288/254/182 289/255/182
f 279/245/182 289/255/182 282/248/182
f 282/248/183 289/255/183 290/103/183
f 282/248/183 290/103/183 291/256/183
f 280/246/184 282/248/184 291/256/184
f 280/246/184 291/256/184 292/257/184
f 281/247/185 280/246/185 292/257/185
f 281/247/185 292/257/185 293/258/185
f 269/235/186 281/247/186 293/258/186
f 269/235/186 293/258/186 270/236/186
f 268/234/187 277/243/187 281/247/187
f 268/234/187 281/247/187 269/235/187
f 267/233/188 274/240/188 277/243/188
f 267/233/188 277/243/188 268/234/188
f 294/259/189 295/260/189 296/261/189
f 294/259/189 296/261/189 297/262/189
f 295/260/190 298/263/190 299/264/190
f 295/260/190 299/264/190 296/261/190
f 297/262/191 296/261/191 300/265/191
f 297/262/191 300/265/191 301/93/191
f 296/261/192 299/264/192 302/266/192
f 296/261/192 302/266/192 300/265/192
f 286/252/193 303/267/193 294/259/193
f 286/252/193 294/259/193 287/253/193
f 303/267/194 304/268/194 295/260/194
f 303/267/194 295/260/194 294/259/194
f 304/268/195 305/269/195 298/263/195
f 304/268/195 298/263/195 295/260/195
f 305/269/196 306/270/196 307/271/196
f 305/269/196 307/271/196 298/263/196
f 298/263/197 307/271/197 308/272/197
f 298/263/197 308/272/197 299/264/197
f 299/264/198 308/272/198 309/273/198
f 299/264/198 309/273/198 302/266/198
f 302/266/199 309/273/199 310/274/199
f 302/266/199 310/274/199 311/275/199
f 300/265/200 302/266/200 311/275/200
f 300/265/200 311/275/200 312/105/200
f 301/93/201 300/265/201 312/105/201
f 301/93/201 312/105/201 313/104/201
f 289/255/202 301/93/202 313/104/202
f 289/255/202 313/104/202 290/103/202
f 288/254/203 297/262/203 301/93/203
f 288/254/203 301/93/203 289/255/203
f 287/253/204 294/259/204 297/262/204
f 287/253/204 297/262/204 288/254/204
f 314/276/205 315/277/205 316/278/205
f 314/276/205 316/278/205 317/279/205
f 315/277/206 318/280/206 319/281/206
f 315/277/206 319/281/206 316/278/206
f 317/279/207 316/278/207 320/282/207
f 317/279/207 320/282/207 321/283/207
f 316/278/208 319/281/208 322/284/208
f 316/278/208 322/284/208 320/282/208
f 306/270/209 323/285/209 314/276/209
f 306/270/209 314/276/209 307/271/209
f 323/285/210 324/286/210 315/277/210
f 323/285/210 315/277/210 314/276/210
f 324/286/211 325/287/211 318/280/211
f 324/286/211 318/280/211 315/277/211
f 325/287/212 326/288/212 327/289/212
f 325/287/212 327/289/212 318/280/212
f 318/280/213 327/289/213 328/290/213
f 318/280/213 328/290/213 319/281/213
f 319/281/214 328/290/214 329/291/214
f 319/281/214 329/291/214 322/284/214
f 322/284/215 329/291/215 330/292/215
f 322/284/215 330/292/215 331/293/215
f 320/282/216 322/284/216 331/293/216
f 320/282/216 331/293/216 332/294/216
f 321/283/217 320/282/217 332/294/217
f 321/283/217 332/294/217 333/295/217
f 309/273/218 321/283/218 333/295/218
f 309/273/218 333/295/218 310/274/218
f 308/272/219 317/279/219 321/283/219
f 308/272/219 321/283/219 309/273/219
f 307/271/220 314/276/220 317/279/220
f 307/271/220 317/279/220 308/272/220
f 334/296/221 335/297/221 336/298/221
f 334/296/221 336/298/221 337/299/221
f 335/297/222 338/300/222 339/301/222
f 335/297/222 339/301/222 336/298/222
f 337/299/223 336/298/223 340/302/223
f 337/299/223 340/302/223 341/303/223
f 336/298/224 339/301/224 342/304/224
f 336/298/224 342/304/224 340/302/224
f 343/305/225 344/306/225 334/296/225
f 343/305/225 334/296/225 345/307/225
f 344/306/226 346/308/226 335/297/226
f 344/306/226 335/297/226 334/296/226
f 346/308/227 347/309/227 338/300/227
f 346/308/227 338/300/227 335/297/227
f 347/309/228 348/310/228 349/183/228
f 347/309/228 349/183/228 338/300/228
f 338/300/229 349/183/229 350/311/229
f 338/300/229 350/311/229 339/301/229
f 339/301/230 350/311/230 351/181/230
f 339/301/230 351/181/230 342/304/230
f 342/304/231 351/181/231 352/312/231
f 342/304/231 352/312/231 353/313/231
f 340/302/232 342/304/232 353/313/232
f 340/302/232 353/313/232 354/314/232
f 341/303/233 340/302/233 354/314/233
f 341/303/233 354/314/233 355/315/233
f 356/316/234 341/303/234 355/315/234
f 356/316/234 355/315/234 357/317/234
f 358/318/235 337/299/235 341/303/235
f 358/318/235 341/303/235 356/316/235
f 345/307/236 334/296/236 337/299/236
f 345/307/236 337/299/236 358/318/236
f 359/319/237 360/320/237 361/321/237
f 359/319/237 361/321/237 362/322/237
f 360/320/238 363/323/238 364/324/238
f 360/320/238 364/324/238 361/321/238
f 362/322/239 361/321/239 365/325/239
f 362/322/239 365/325/239 366/326/239
f 361/321/240 364/324/240 367/327/240
f 361/321/240 367/327/240 365/325/240
f 348/310/241 368/328/241 359/319/241
f 348/310/241 359/319/241 349/183/241
f 368/328/242 369/329/242 360/320/242
f 368/328/242 360/320/242 359/319/242
f 369/329/243 370/330/243 363/323/243
f 369/329/243 363/323/243 360/320/243
f 370/330/244 238/212/244 240/214/244
f 370/330/244 240/214/244 363/323/244
f 363/323/245 240/214/245 253/225/245
f 363/323/245 253/225/245 364/324/245
f 364/324/246 253/225/246 251/223/246
f 364/324/246 251/223/246 367/327/246
f 367/327/247 251/223/247 252/224/247
f 367/327/247 252/224/247 371/331/247
f 365/325/248 367/327/248 371/331/248
f 365/325/248 371/331/248 372/332/248
f 366/326/249 365/325/249 372/332/249
f 366/326/249 372/332/249 373/333/249
f 351/181/250 366/326/250 373/333/250
f 351/181/250 373/333/250 352/312/250
f 350/311/251 362/322/251 366/326/251
f 350/311/251 366/326/251 351/181/251
f 349/183/252 359/319/252 362/322/252
f 349/183/252 362/322/252 350/311/252
f 374/334/253 375/335/253 376/336/253
f 374/334/253 376/336/253 377/337/253
f 375/335/254 378/338/254 379/209/254
f 375/335/254 379/209/254 376/336/254
f 377/337/255 376/336/255 380/208/255
f 377/337/255 380/208/255 381/339/255
f 376/336/256 379/209/256 382/340/256
f 376/336/256 382/340/256 380/208/256
f 383/341/257 384/342/257 374/334/257
f 383/341/257 374/334/257 385/213/257
f 384/342/258 386/343/258 375/335/258
f 384/342/258 375/335/258 374/334/258
f 386/343/259 387/344/259 378/338/259
f 386/343/259 378/338/259 375/335/259
f 387/344/260 388/345/260 389/346/260
f 387/344/260 389/346/260 378/338/260
f 378/338/261 389/346/261 390/347/261
f 378/338/261 390/347/261 379/209/261
f 379/209/262 390/347/262 391/348/262
f 379/209/262 391/348/262 382/340/262
f 382/340/263 391/348/263 68/63/263
f 382/340/263 68/63/263 67/62/263
f 380/208/264 382/340/264 67/62/264
f 380/208/264 67/62/264 66/61/264
f 381/339/265 380/208/265 66/61/265
f 381/339/265 66/61/265 64/59/265
f 392/349/266 381/339/266 64/59/266
f 392/349/266 64/59/266 63/58/266
f 393/215/267 377/337/267 381/339/267
f 393/215/267 381/339/267 392/349/267
f 385/213/268 374/334/268 377/337/268
f 385/213/268 377/337/268 393/215/268
f 394/350/269 395/351/269 396/352/269
f 394/350/269 396/352/269 397/353/269
f 395/351/270 398/354/270 399/355/270
f 395/351/270 399/355/270 396/352/270
f 397/353/271 396/352/271 400/356/271
f 397/353/271 400/356/271 401/357/271
f 396/352/272 399/355/272 402/358/272
f 396/352/272 402/358/272 400/356/272
f 218/199/273 403/359/273 394/350/273
f 218/199/273 394/350/273 219/200/273
f 403/359/274 404/360/274 395/351/274
f 403/359/274 395/351/274 394/350/274
f 404/360/275 405/361/275 398/354/275
f 404/360/275 398/354/275 395/351/275
f 405/361/276 163/148/276 165/150/276
f 405/361/276 165/150/276 398/354/276
f 398/354/277 165/150/277 178/161/277
f 398/354/277 178/161/277 399/355/277
f 399/355/278 178/161/278 176/150/278
f 399/355/278 176/150/278 402/358/278
f 402/358/279 176/150/279 177/148/279
f 402/358/279 177/148/279 406/362/279
f 400/356/280 402/358/280 406/362/280
f 400/356/280 406/362/280 407/363/280
f 401/357/281 400/356/281 407/363/281
f 401/357/281 407/363/281 408/359/281
f 221/200/282 401/357/282 408/359/282
f 221/200/282 408/359/282 222/202/282
f 220/201/283 397/353/283 401/357/283
f 220/201/283 401/357/283 221/200/283
f 219/200/284 394/350/284 397/353/284
f 219/200/284 397/353/284 220/201/284
f 409/364/285 410/365/285 411/366/285
f 409/364/285 411/366/285 412/364/285
f 410/365/286 413/367/286 414/368/286
f 410/365/286 414/368/286 411/366/286
f 412/364/287 411/366/287 415/366/287
f 412/364/287 415/366/287 416/369/287
f 411/366/288 414/368/288 417/370/288
f 411/366/288 417/370/288 415/366/288
f 418/371/289 419/372/289 409/364/289
f 418/371/289 409/364/289 420/373/289
f 419/372/290 421/374/290 410/365/290
f 419/372/290 410/365/290 409/364/290
f 421/374/291 422/367/291 413/367/291
f 421/374/291 413/367/291 410/365/291
f 422/367/292 423/375/292 424/376/292
f 422/367/292 424/376/292 413/367/292
f 413/367/293 424/376/293 425/377/293
f 413/367/293 425/377/293 414/368/293
f 414/368/294 425/377/294 426/375/294
f 414/368/294 426/375/294 417/370/294
f 417/370/295 426/375/295 427/378/295
f 417/370/295 427/378/295 428/367/295
f 415/366/296 417/370/296 428/367/296
f 415/366/296 428/367/296 429/374/296
f 416/369/297 415/366/297 429/374/297
f 416/369/297 429/374/297 430/379/297
f 431/371/298 416/369/298 430/379/298
f 431/371/298 430/379/298 432/371/298
f 433/380/299 412/364/299 416/369/299
f 433/380/299 416/369/299 431/371/299
f 420/373/300 409/364/300 412/364/300
f 420/373/300 412/364/300 433/380/300
f 434/381/301 435/382/301 436/382/301
f 434/381/301 436/382/301 437/383/301
f 435/382/302 438/384/302 439/384/302
f 435/382/302 439/384/302 436/382/302
f 437/383/303 436/382/303 440/385/303
f 437/383/303 440/385/303 441/381/303
f 436/382/304 439/384/304 442/386/304
f 436/382/304 442/386/304 440/385/304
f 423/375/305 443/387/305 434/381/305
f 423/375/305 434/381/305 424/376/305
f 443/387/306 444/385/306 435/382/306
f 443/387/306 435/382/306 434/381/306
f 444/385/307 445/384/307 438/384/307
f 444/385/307 438/384/307 435/382/307
f 445/384/292 88/82/292 90/84/292
f 445/384/292 90/84/292 438/384/292
f 438/384/308 90/84/308 103/84/308
f 438/384/308 103/84/308 439/384/308
f 439/384/309 103/84/309 101/88/309
f 439/384/309 101/88/309 442/386/309
f 442/386/310 101/88/310 102/82/310
f 442/386/310 102/82/310 446/384/310
f 440/385/311 442/386/311 446/384/311
f 440/385/311 446/384/311 447/385/311
f 441/381/312 440/385/312 447/385/312
f 441/381/312 447/385/312 448/387/312
f 426/375/313 441/381/313 448/387/313
f 426/375/313 448/387/313 427/378/313
f 425/377/314 437/383/314 441/381/314
f 425/377/314 441/381/314 426/375/314
f 424/376/315 434/381/315 437/383/315
f 424/376/315 437/383/315 425/377/315
f 449/388/316 450/389/316 451/390/316
f 449/388/316 451/390/316 452/391/316
f 450/389/317 453/392/317 454/393/317
f 450/389/317 454/393/317 451/390/317
f 452/391/318 451/390/318 455/394/318
f 452/391/318 455/394/318 456/395/318
f 451/390/319 454/393/319 457/396/319
f 451/390/319 457/396/319 455/394/319
f 143/128/320 458/397/320 449/388/320
f 143/128/320 449/388/320 459/398/320
f 458/397/321 460/399/321 450/389/321
f 458/397/321 450/389/321 449/388/321
f 460/399/322 461/400/322 453/392/322
f 460/399/322 453/392/322 450/389/322
f 461/400/323 462/401/323 463/402/323
f 461/400/323 463/402/323 453/392/323
f 453/392/324 463/402/324 464/403/324
f 453/392/324 464/403/324 454/393/324
f 454/393/325 464/403/325 465/404/325
f 454/393/325 465/404/325 457/396/325
f 457/396/326 465/404/326 466/401/326
f 457/396/326 466/401/326 467/405/326
f 455/394/327 457/396/327 467/405/327
f 455/394/327 467/405/327 468/406/327
f 456/395/328 455/394/328 468/406/328
f 456/395/328 468/406/328 469/407/328
f 470/408/329 456/395/329 469/407/329
f 470/408/329 469/407/329 147/132/329
f 145/130/330 452/391/330 456/395/330
f 145/130/330 456/395/330 470/408/330
f 459/398/331 449/388/331 452/391/331
f 459/398/331 452/391/331 145/130/331
f 471/409/332 472/410/332 473/411/332
f 471/409/332 473/411/332 474/412/332
f 472/410/333 475/413/333 476/414/333
f 472/410/333 476/414/333 473/411/333
f 474/412/334 473/411/334 477/415/334
f 474/412/334 477/415/334 478/416/334
f 473/411/335 476/414/335 479/417/335
f 473/411/335 479/417/335 477/415/335
f 168/153/336 480/418/336 471/409/336
f 168/153/336 471/409/336 481/419/336
f 480/418/337 482/420/337 472/410/337
f 480/418/337 472/410/337 471/409/337
f 482/420/338 483/421/338 475/413/338
f 482/420/338 475/413/338 472/410/338
f 483/421/339 484/422/339 485/423/339
f 483/421/339 485/423/339 475/413/339
f 475/413/340 485/423/340 486/424/340
f 475/413/340 486/424/340 476/414/340
f 476/414/341 486/424/341 487/425/341
f 476/414/341 487/425/341 479/417/341
f 479/417/342 487/425/342 488/426/342
f 479/417/342 488/426/342 489/427/342
f 477/415/343 479/417/343 489/427/343
f 477/415/343 489/427/343 490/428/343
f 478/416/344 477/415/344 490/428/344
f 478/416/344 490/428/344 491/429/344
f 492/430/345 478/416/345 491/429/345
f 492/430/345 491/429/345 493/431/345
f 170/155/346 474/412/346 478/416/346
f 170/155/346 478/416/346 492/430/346
f 481/419/347 471/409/347 474/412/347
f 481/419/347 474/412/347 170/155/347
f 494/432/348 495/433/348 496/434/348
f 494/432/348 496/434/348 497/435/348
f 495/433/349 498/326/349 499/436/349
f 495/433/349 499/436/349 496/434/349
f 497/435/350 496/434/350 500/437/350
f 497/435/350 500/437/350 501/438/350
f 496/434/351 499/436/351 502/327/351
f 496/434/351 502/327/351 500/437/351
f 202/185/352 200/183/352 494/432/352
f 202/185/352 494/432/352 503/439/352
f 200/183/353 199/182/353 495/433/353
f 200/183/353 495/433/353 494/432/353
f 199/182/354 198/181/354 498/326/354
f 199/182/354 498/326/354 495/433/354
f 198/181/355 197/180/355 504/440/355
f 198/181/355 504/440/355 498/326/355
f 498/326/356 504/440/356 505/441/356
f 498/326/356 505/441/356 499/436/356
f 499/436/357 505/441/357 506/331/357
f 499/436/357 506/331/357 502/327/357
f 502/327/358 506/331/358 388/345/358
f 502/327/358 388/345/358 387/344/358
f 500/437/359 502/327/359 387/344/359
f 500/437/359 387/344/359 386/343/359
f 501/438/360 500/437/360 386/343/360
f 501/438/360 386/343/360 384/342/360
f 507/330/361 501/438/361 384/342/361
f 507/330/361 384/342/361 383/341/361
f 508/442/362 497/435/362 501/438/362
f 508/442/362 501/438/362 507/330/362
f 503/439/363 494/432/363 497/435/363
f 503/439/363 497/435/363 508/442/363
f 509/443/364 510/444/364 511/445/364
f 509/443/364 511/445/364 512/446/364
f 510/444/365 513/447/365 514/448/365
f 510/444/365 514/448/365 511/445/365
f 512/446/366 511/445/366 515/449/366
f 512/446/366 515/449/366 516/450/366
f 511/445/367 514/448/367 517/451/367
f 511/445/367 517/451/367 515/449/367
f 518/452/368 519/453/368 509/443/368
f 518/452/368 509/443/368 520/454/368
f 519/453/369 521/455/369 510/444/369
f 519/453/369 510/444/369 509/443/369
f 521/455/370 522/456/370 513/447/370
f 521/455/370 513/447/370 510/444/370
f 522/456/371 343/305/371 345/307/371
f 522/456/371 345/307/371 513/447/371
f 513/447/372 345/307/372 358/318/372
f 513/447/372 358/318/372 514/448/372
f 514/448/373 358/318/373 356/316/373
f 514/448/373 356/316/373 517/451/373
f 517/451/374 356/316/374 357/317/374
f 517/451/374 357/317/374 523/457/374
f 515/449/375 517/451/375 523/457/375
f 515/449/375 523/457/375 524/458/375
f 516/450/376 515/449/376 524/458/376
f 516/450/376 524/458/376 525/459/376
f 526/460/377 516/450/377 525/459/377
f 526/460/377 525/459/377 527/461/377
f 528/462/378 512/446/378 516/450/378
f 528/462/378 516/450/378 526/460/378
f 520/454/379 509/443/379 512/446/379
f 520/454/379 512/446/379 528/462/379
f 529/463/380 530/464/380 531/465/380
f 529/463/380 531/465/380 532/466/380
f 530/464/381 533/467/381 534/468/381
f 530/464/381 534/468/381 531/465/381
f 532/466/382 531/465/382 535/469/382
f 532/466/382 535/469/382 536/470/382
f 531/465/383 534/468/383 537/471/383
f 531/465/383 537/471/383 535/469/383
f 538/472/384 539/473/384 529/463/384
f 538/472/384 529/463/384 540/474/384
f 539/473/385 541/475/385 530/464/385
f 539/473/385 530/464/385 529/463/385
f 541/475/386 542/476/386 533/467/386
f 541/475/386 533/467/386 530/464/386
f 542/476/387 543/477/387 544/478/387
f 542/476/387 544/478/387 533/467/387
f 533/467/388 544/478/388 545/479/388
f 533/467/388 545/479/388 534/468/388
f 534/468/389 545/479/389 546/480/389
f 534/468/389 546/480/389 537/471/389
f 537/471/390 546/480/390 193/176/390
f 537/471/390 193/176/390 192/175/390
f 535/469/391 537/471/391 192/175/391
f 535/469/391 192/175/391 191/174/391
f 536/470/392 535/469/392 191/174/392
f 536/470/392 191/174/392 189/172/392
f 547/481/393 536/470/393 189/172/393
f 547/481/393 189/172/393 188/171/393
f 548/482/394 532/466/394 536/470/394
f 548/482/394 536/470/394 547/481/394
f 540/474/395 529/463/395 532/466/395
f 540/474/395 532/466/395 548/482/395
f 549/483/396 550/484/396 551/485/396
f 549/483/396 551/485/396 552/486/396
f 550/484/397 553/487/397 554/488/397
f 550/484/397 554/488/397 551/485/397
f 552/486/398 551/485/398 555/484/398
f 552/486/398 555/484/398 556/489/398
f 551/485/399 554/488/399 557/490/399
f 551/485/399 557/490/399 555/484/399
f 462/401/400 558/491/400 549/483/400
f 462/401/400 549/483/400 463/402/400
f 558/491/401 559/492/401 550/484/401
f 558/491/401 550/484/401 549/483/401
f 559/492/402 560/493/402 553/487/402
f 559/492/402 553/487/402 550/484/402
f 560/493/403 561/494/403 562/495/403
f 560/493/403 562/495/403 553/487/403
f 553/487/404 562/495/404 563/496/404
f 553/487/404 563/496/404 554/488/404
f 554/488/405 563/496/405 564/497/405
f 554/488/405 564/497/405 557/490/405
f 557/490/406 564/497/406 565/494/406
f 557/490/406 565/494/406 566/493/406
f 555/484/407 557/490/407 566/493/407
f 555/484/407 566/493/407 567/492/407
f 556/489/408 555/484/408 567/492/408
f 556/489/408 567/492/408 568/491/408
f 465/404/409 556/489/409 568/491/409
f 465/404/409 568/491/409 466/401/409
f 464/403/410 552/486/410 556/489/410
f 464/403/410 556/489/410 465/404/410
f 463/402/411 549/483/411 552/486/411
f 463/402/411 552/486/411 464/403/411
f 569/498/412 570/499/412 571/499/412
f 569/498/412 571/499/412 572/500/412
f 570/499/413 573/501/413 574/502/413
f 570/499/413 574/502/413 571/499/413
f 572/500/414 571/499/414 575/503/414
f 572/500/414 575/503/414 576/498/414
f 571/499/415 574/502/415 577/504/415
f 571/499/415 577/504/415 575/503/415
f 578/505/416 579/506/416 569/498/416
f 578/505/416 569/498/416 580/507/416
f 579/506/417 581/503/417 570/499/417
f 579/506/417 570/499/417 569/498/417
f 581/503/418 582/508/418 573/501/418
f 581/503/418 573/501/418 570/499/418
f 582/508/419 418/371/419 420/373/419
f 582/508/419 420/373/419 573/501/419
f 573/501/308 420/373/308 433/380/308
f 573/501/308 433/380/308 574/502/308
f 574/502/309 433/380/309 431/371/309
f 574/502/309 431/371/309 577/504/309
f 577/504/420 431/371/420 432/371/420
f 577/504/420 432/371/420 583/508/420
f 575/503/421 577/504/421 583/508/421
f 575/503/421 583/508/421 584/503/421
f 576/498/422 575/503/422 584/503/422
f 576/498/422 584/503/422 585/506/422
f 586/505/423 576/498/423 585/506/423
f 586/505/423 585/506/423 587/505/423
f 588/509/424 572/500/424 576/498/424
f 588/509/424 576/498/424 586/505/424
f 580/507/425 569/498/425 572/500/425
f 580/507/425 572/500/425 588/509/425
f 589/510/426 590/511/426 591/512/426
f 589/510/426 591/512/426 592/513/426
f 590/511/427 593/514/427 594/515/427
f 590/511/427 594/515/427 591/512/427
f 592/513/428 591/512/428 595/516/428
f 592/513/428 595/516/428 596/517/428
f 591/512/429 594/515/429 597/518/429
f 591/512/429 597/518/429 595/516/429
f 127/112/430 125/110/430 589/510/430
f 127/112/430 589/510/430 598/519/430
f 125/110/431 124/109/431 590/511/431
f 125/110/431 590/511/431 589/510/431
f 124/109/432 123/108/432 593/514/432
f 124/109/432 593/514/432 590/511/432
f 123/108/433 122/107/433 599/520/433
f 123/108/433 599/520/433 593/514/433
f 593/514/434 599/520/434 600/521/434
f 593/514/434 600/521/434 594/515/434
f 594/515/435 600/521/435 601/522/435
f 594/515/435 601/522/435 597/518/435
f 597/518/436 601/522/436 602/523/436
f 597/518/436 602/523/436 603/524/436
f 595/516/437 597/518/437 603/524/437
f 595/516/437 603/524/437 604/525/437
f 596/517/438 595/516/438 604/525/438
f 596/517/438 604/525/438 605/526/438
f 606/527/439 596/517/439 605/526/439
f 606/527/439 605/526/439 607/528/439
f 608/529/440 592/513/440 596/517/440
f 608/529/440 596/517/440 606/527/440
f 598/519/441 589/510/441 592/513/441
f 598/519/441 592/513/441 608/529/441
f 609/530/442 610/531/442 611/532/442
f 609/530/442 611/532/442 612/533/442
f 610/531/443 613/534/443 614/535/443
f 610/531/443 614/535/443 611/532/443
f 612/533/444 611/532/444 615/536/444
f 612/533/444 615/536/444 616/537/444
f 611/532/445 614/535/445 617/538/445
f 611/532/445 617/538/445 615/536/445
f 618/539/446 619/540/446 609/530/446
f 618/539/446 609/530/446 620/541/446
f 619/540/447 621/531/447 610/531/447
f 619/540/447 610/531/447 609/530/447
f 621/531/448 622/542/448 613/534/448
f 621/531/448 613/534/448 610/531/448
f 622/542/449 623/543/449 624/544/449
f 622/542/449 624/544/449 613/534/449
f 613/534/450 624/544/450 625/544/450
f 613/534/450 625/544/450 614/535/450
f 614/535/451 625/544/451 626/543/451
f 614/535/451 626/543/451 617/538/451
f 617/538/452 626/543/452 627/545/452
f 617/538/452 627/545/452 628/542/452
f 615/536/453 617/538/453 628/542/453
f 615/536/453 628/542/453 629/531/453
f 616/537/454 615/536/454 629/531/454
f 616/537/454 629/531/454 630/546/454
f 631/539/455 616/537/455 630/546/455
f 631/539/455 630/546/455 632/539/455
f 633/547/456 612/533/456 616/537/456
f 633/547/456 616/537/456 631/539/456
f 620/541/457 609/530/457 612/533/457
f 620/541/457 612/533/457 633/547/457
f 634/548/458 635/549/458 636/550/458
f 634/548/458 636/550/458 637/551/458
f 635/549/459 638/552/459 639/553/459
f 635/549/459 639/553/459 636/550/459
f 637/551/460 636/550/460 640/554/460
f 637/551/460 640/554/460 641/555/460
f 636/550/461 639/553/461 642/556/461
f 636/550/461 642/556/461 640/554/461
f 643/87/462 644/557/462 634/548/462
f 643/87/462 634/548/462 645/558/462
f 644/557/463 646/559/463 635/549/463
f 644/557/463 635/549/463 634/548/463
f 646/559/464 647/560/464 638/552/464
f 646/559/464 638/552/464 635/549/464
f 647/560/465 648/561/465 649/562/465
f 647/560/465 649/562/465 638/552/465
f 638/552/466 649/562/466 650/563/466
f 638/552/466 650/563/466 639/553/466
f 639/553/467 650/563/467 651/564/467
f 639/553/467 651/564/467 642/556/467
f 642/556/468 651/564/468 652/565/468
f 642/556/468 652/565/468 653/566/468
f 640/554/469 642/556/469 653/566/469
f 640/554/469 653/566/469 654/567/469
f 641/555/470 640/554/470 654/567/470
f 641/555/470 654/567/470 655/568/470
f 656/86/471 641/555/471 655/568/471
f 656/86/471 655/568/471 657/87/471
f 658/87/472 637/551/472 641/555/472
f 658/87/472 641/555/472 656/86/472
f 645/558/473 634/548/473 637/551/473
f 645/558/473 637/551/473 658/87/473
f 659/569/474 660/570/474 661/571/474
f 659/569/474 661/571/474 662/572/474
f 660/570/475 663/573/475 664/574/475
f 660/570/475 664/574/475 661/571/475
f 662/572/476 661/571/476 665/570/476
f 662/572/476 665/570/476 666/575/476
f 661/571/477 664/574/477 667/576/477
f 661/571/477 667/576/477 665/570/477
f 561/494/478 668/577/478 659/569/478
f 561/494/478 659/569/478 562/495/478
f 668/577/479 669/578/479 660/570/479
f 668/577/479 660/570/479 659/569/479
f 669/578/480 670/579/480 663/573/480
f 669/578/480 663/573/480 660/570/480
f 670/579/481 213/194/481 215/196/481
f 670/579/481 215/196/481 663/573/481
f 663/573/482 215/196/482 228/194/482
f 663/573/482 228/194/482 664/574/482
f 664/574/483 228/194/483 226/196/483
f 664/574/483 226/196/483 667/576/483
f 667/576/484 226/196/484 227/196/484
f 667/576/484 227/196/484 671/579/484
f 665/570/485 667/576/485 671/579/485
f 665/570/485 671/579/485 672/578/485
f 666/575/486 665/570/486 672/578/486
f 666/575/486 672/578/486 673/577/486
f 564/497/487 666/575/487 673/577/487
f 564/497/487 673/577/487 565/494/487
f 563/496/488 662/572/488 666/575/488
f 563/496/488 666/575/488 564/497/488
f 562/495/489 659/569/489 662/572/489
f 562/495/489 662/572/489 563/496/489
f 674/580/490 675/581/490 676/582/490
f 674/580/490 676/582/490 677/583/490
f 675/581/491 678/584/491 679/585/491
f 675/581/491 679/585/491 676/582/491
f 677/583/492 676/582/492 680/245/492
f 677/583/492 680/245/492 681/244/492
f 676/582/493 679/585/493 682/248/493
f 676/582/493 682/248/493 680/245/493
f 77/72/494 75/70/494 674/580/494
f 77/72/494 674/580/494 683/249/494
f 75/70/495 74/69/495 675/581/495
f 75/70/495 675/581/495 674/580/495
f 74/69/496 73/68/496 678/584/496
f 74/69/496 678/584/496 675/581/496
f 73/68/497 72/67/497 684/258/497
f 73/68/497 684/258/497 678/584/497
f 678/584/498 684/258/498 685/586/498
f 678/584/498 685/586/498 679/585/498
f 679/585/499 685/586/499 686/587/499
f 679/585/499 686/587/499 682/248/499
f 682/248/500 686/587/500 118/103/500
f 682/248/500 118/103/500 117/102/500
f 680/245/501 682/248/501 117/102/501
f 680/245/501 117/102/501 116/101/501
f 681/244/502 680/245/502 116/101/502
f 681/244/502 116/101/502 114/99/502
f 687/588/503 681/244/503 114/99/503
f 687/588/503 114/99/503 113/98/503
f 688/589/504 677/583/504 681/244/504
f 688/589/504 681/244/504 687/588/504
f 683/249/505 674/580/505 677/583/505
f 683/249/505 677/583/505 688/589/505
f 689/590/506 690/591/506 691/592/506
f 689/590/506 691/592/506 692/593/506
f 690/591/507 693/594/507 694/595/507
f 690/591/507 694/595/507 691/592/507
f 692/593/508 691/592/508 695/596/508
f 692/593/508 695/596/508 696/597/508
f 691/592/509 694/595/509 697/598/509
f 691/592/509 697/598/509 695/596/509
f 698/599/510 699/600/510 689/590/510
f 698/599/510 689/590/510 700/601/510
f 699/600/511 701/602/511 690/591/511
f 699/600/511 690/591/511 689/590/511
f 701/602/512 702/603/512 693/594/512
f 701/602/512 693/594/512 690/591/512
f 702/603/513 703/604/513 704/605/513
f 702/603/513 704/605/513 693/594/513
f 693/594/514 704/605/514 705/604/514
f 693/594/514 705/604/514 694/595/514
f 694/595/515 705/604/515 706/547/515
f 694/595/515 706/547/515 697/598/515
f 697/598/516 706/547/516 707/604/516
f 697/598/516 707/604/516 708/606/516
f 695/596/517 697/598/517 708/606/517
f 695/596/517 708/606/517 709/607/517
f 696/597/518 695/596/518 709/607/518
f 696/597/518 709/607/518 710/608/518
f 711/609/519 696/597/519 710/608/519
f 711/609/519 710/608/519 712/610/519
f 713/611/520 692/593/520 696/597/520
f 713/611/520 696/597/520 711/609/520
f 700/601/521 689/590/521 692/593/521
f 700/601/521 692/593/521 713/611/521
f 714/612/412 715/613/412 716/614/412
f 714/612/412 716/614/412 717/615/412
f 715/613/522 718/616/522 719/617/522
f 715/613/522 719/617/522 716/614/522
f 717/615/523 716/614/523 720/618/523
f 717/615/523 720/618/523 721/612/523
f 716/614/288 719/617/288 722/619/288
f 716/614/288 722/619/288 720/618/288
f 623/543/524 723/620/524 714/612/524
f 623/543/524 714/612/524 624/544/524
f 723/620/525 724/613/525 715/613/525
f 723/620/525 715/613/525 714/612/525
f 724/613/526 725/616/526 718/616/526
f 724/613/526 718/616/526 715/613/526
f 725/616/292 578/505/292 580/507/292
f 725/616/292 580/507/292 718/616/292
f 718/616/308 580/507/308 588/509/308
f 718/616/308 588/509/308 719/617/308
f 719/617/309 588/509/309 586/505/309
f 719/617/309 586/505/309 722/619/309
f 722/619/295 586/505/295 587/505/295
f 722/619/295 587/505/295 726/616/295
f 720/618/527 722/619/527 726/616/527
f 720/618/527 726/616/527 727/613/527
f 721/612/312 720/618/312 727/613/312
f 721/612/312 727/613/312 728/620/312
f 626/543/528 721/612/528 728/620/528
f 626/543/528 728/620/528 627/545/528
f 625/544/314 717/615/314 721/612/314
f 625/544/314 721/612/314 626/543/314
f 624/544/529 714/612/529 717/615/529
f 624/544/529 717/615/529 625/544/529
f 729/621/530 730/622/530 731/623/530
f 729/621/530 731/623/530 732/624/530
f 730/622/531 733/625/531 734/626/531
f 730/622/531 734/626/531 731/623/531
f 732/624/532 731/623/532 735/627/532
f 732/624/532 735/627/532 736/628/532
f 731/623/533 734/626/533 737/629/533
f 731/623/533 737/629/533 735/627/533
f 738/630/534 739/631/534 729/621/534
f 738/630/534 729/621/534 740/632/534
f 739/631/535 741/633/535 730/622/535
f 739/631/535 730/622/535 729/621/535
f 741/633/536 742/634/536 733/625/536
f 741/633/536 733/625/536 730/622/536
f 742/634/537 743/635/537 744/636/537
f 742/634/537 744/636/537 733/625/537
f 733/625/538 744/636/538 745/637/538
f 733/625/538 745/637/538 734/626/538
f 734/626/539 745/637/539 746/638/539
f 734/626/539 746/638/539 737/629/539
f 737/629/540 746/638/540 747/639/540
f 737/629/540 747/639/540 748/640/540
f 735/627/541 737/629/541 748/640/541
f 735/627/541 748/640/541 749/641/541
f 736/628/542 735/627/542 749/641/542
f 736/628/542 749/641/542 750/642/542
f 751/643/543 736/628/543 750/642/543
f 751/643/543 750/642/543 752/644/543
f 753/645/544 732/624/544 736/628/544
f 753/645/544 736/628/544 751/643/544
f 740/632/545 729/621/545 732/624/545
f 740/632/545 732/624/545 753/645/545
f 754/646/546 755/647/546 756/648/546
f 754/646/546 756/648/546 757/649/546
f 755/647/547 758/650/547 759/651/547
f 755/647/547 759/651/547 756/648/547
f 757/649/548 756/648/548 760/652/548
f 757/649/548 760/652/548 761/653/548
f 756/648/549 759/651/549 762/654/549
f 756/648/549 762/654/549 760/652/549
f 763/655/550 764/656/550 754/646/550
f 763/655/550 754/646/550 765/657/550
f 764/656/551 766/658/551 755/647/551
f 764/656/551 755/647/551 754/646/551
f 766/658/552 767/659/552 758/650/552
f 766/658/552 758/650/552 755/647/552
f 767/659/553 768/660/553 769/661/553
f 767/659/553 769/661/553 758/650/553
f 758/650/554 769/661/554 770/662/554
f 758/650/554 770/662/554 759/651/554
f 759/651/555 770/662/555 771/663/555
f 759/651/555 771/663/555 762/654/555
f 762/654/556 771/663/556 747/639/556
f 762/654/556 747/639/556 746/638/556
f 760/652/557 762/654/557 746/638/557
f 760/652/557 746/638/557 745/637/557
f 761/653/558 760/652/558 745/637/558
f 761/653/558 745/637/558 772/664/558
f 773/665/559 761/653/559 772/664/559
f 773/665/559 772/664/559 743/635/559
f 774/666/560 757/649/560 761/653/560
f 774/666/560 761/653/560 773/665/560
f 765/657/561 754/646/561 757/649/561
f 765/657/561 757/649/561 774/666/561
f 775/667/562 776/668/562 777/669/562
f 775/667/562 777/669/562 778/670/562
f 776/668/563 779/671/563 780/672/563
f 776/668/563 780/672/563 777/669/563
f 778/670/564 777/669/564 781/673/564
f 778/670/564 781/673/564 782/674/564
f 777/669/565 780/672/565 783/675/565
f 777/669/565 783/675/565 781/673/565
f 784/676/566 785/677/566 775/667/566
f 784/676/566 775/667/566 786/678/566
f 785/677/567 787/679/567 776/668/567
f 785/677/567 776/668/567 775/667/567
f 787/679/568 788/680/568 779/671/568
f 787/679/568 779/671/568 776/668/568
f 788/680/569 752/644/569 789/681/569
f 788/680/569 789/681/569 779/671/569
f 779/671/570 789/681/570 749/641/570
f 779/671/570 749/641/570 780/672/570
f 780/672/571 749/641/571 790/682/571
f 780/672/571 790/682/571 783/675/571
f 783/675/572 790/682/572 747/639/572
f 783/675/572 747/639/572 771/663/572
f 781/673/573 783/675/573 771/663/573
f 781/673/573 771/663/573 770/662/573
f 782/674/574 781/673/574 770/662/574
f 782/674/574 770/662/574 769/661/574
f 791/683/575 782/674/575 769/661/575
f 791/683/575 769/661/575 768/660/575
f 792/684/576 778/670/576 782/674/576
f 792/684/576 782/674/576 791/683/576
f 786/678/577 775/667/577 778/670/577
f 786/678/577 778/670/577 792/684/577
f 793/685/578 794/686/578 795/687/578
f 793/685/578 795/687/578 796/688/578
f 794/686/579 797/689/579 798/690/579
f 794/686/579 798/690/579 795/687/579
f 796/688/580 795/687/580 799/691/580
f 796/688/580 799/691/580 800/692/580
f 795/687/581 798/690/581 801/693/581
f 795/687/581 801/693/581 799/691/581
f 802/694/582 803/695/582 793/685/582
f 802/694/582 793/685/582 804/696/582
f 803/695/583 805/697/583 794/686/583
f 803/695/583 794/686/583 793/685/583
f 805/697/584 806/698/584 797/689/584
f 805/697/584 797/689/584 794/686/584
f 806/698/585 807/699/585 808/700/585
f 806/698/585 808/700/585 797/689/585
f 797/689/586 808/700/586 809/701/586
f 797/689/586 809/701/586 798/690/586
f 798/690/587 809/701/587 810/702/587
f 798/690/587 810/702/587 801/693/587
f 801/693/588 810/702/588 811/703/588
f 801/693/588 811/703/588 812/704/588
f 799/691/589 801/693/589 812/704/589
f 799/691/589 812/704/589 813/705/589
f 800/692/590 799/691/590 813/705/590
f 800/692/590 813/705/590 814/706/590
f 815/707/591 800/692/591 814/706/591
f 815/707/591 814/706/591 816/708/591
f 817/709/592 796/688/592 800/692/592
f 817/709/592 800/692/592 815/707/592
f 804/696/593 793/685/593 796/688/593
f 804/696/593 796/688/593 817/709/593
f 818/710/594 819/711/594 820/712/594
f 818/710/594 820/712/594 821/713/594
f 819/711/595 822/714/595 823/715/595
f 819/711/595 823/715/595 820/712/595
f 821/713/596 820/712/596 824/716/596
f 821/713/596 824/716/596 825/717/596
f 820/712/597 823/715/597 826/718/597
f 820/712/597 826/718/597 824/716/597
f 827/719/598 828/720/598 818/710/598
f 827/719/598 818/710/598 829/721/598
f 828/720/599 830/722/599 819/711/599
f 828/720/599 819/711/599 818/710/599
f 830/722/600 831/723/600 822/714/600
f 830/722/600 822/714/600 819/711/600
f 831/723/601 832/724/601 833/725/601
f 831/723/601 833/725/601 822/714/601
f 822/714/602 833/725/602 834/726/602
f 822/714/602 834/726/602 823/715/602
f 823/715/603 834/726/603 835/727/603
f 823/715/603 835/727/603 826/718/603
f 826/718/604 835/727/604 811/703/604
f 826/718/604 811/703/604 810/702/604
f 824/716/605 826/718/605 810/702/605
f 824/716/605 810/702/605 836/728/605
f 825/717/606 824/716/606 836/728/606
f 825/717/606 836/728/606 837/729/606
f 838/730/607 825/717/607 837/729/607
f 838/730/607 837/729/607 807/699/607
f 839/731/608 821/713/608 825/717/608
f 839/731/608 825/717/608 838/730/608
f 829/721/609 818/710/609 821/713/609
f 829/721/609 821/713/609 839/731/609
f 840/732/610 841/733/610 842/734/610
f 840/732/610 842/734/610 843/735/610
f 841/733/611 844/736/611 845/737/611
f 841/733/611 845/737/611 842/734/611
f 843/735/612 842/734/612 846/738/612
f 843/735/612 846/738/612 847/739/612
f 842/734/613 845/737/613 848/740/613
f 842/734/613 848/740/613 846/738/613
f 38/38/614 849/741/614 840/732/614
f 38/38/614 840/732/614 850/742/614
f 849/741/615 851/743/615 841/733/615
f 849/741/615 841/733/615 840/732/615
f 851/743/616 852/744/616 844/736/616
f 851/743/616 844/736/616 841/733/616
f 852/744/617 816/708/617 814/706/617
f 852/744/617 814/706/617 844/736/617
f 844/736/618 814/706/618 853/745/618
f 844/736/618 853/745/618 845/737/618
f 845/737/619 853/745/619 854/746/619
f 845/737/619 854/746/619 848/740/619
f 848/740/620 854/746/620 811/703/620
f 848/740/620 811/703/620 835/727/620
f 846/738/621 848/740/621 835/727/621
f 846/738/621 835/727/621 834/726/621
f 847/739/622 846/738/622 834/726/622
f 847/739/622 834/726/622 855/747/622
f 856/748/623 847/739/623 855/747/623
f 856/748/623 855/747/623 832/724/623
f 857/749/624 843/735/624 847/739/624
f 857/749/624 847/739/624 856/748/624
f 850/742/625 840/732/625 843/735/625
f 850/742/625 843/735/625 857/749/625
f 858/750/626 859/751/626 860/752/626
f 858/750/626 860/752/626 861/753/626
f 859/751/627 862/754/627 863/755/627
f 859/751/627 863/755/627 860/752/627
f 861/753/628 860/752/628 864/756/628
f 861/753/628 864/756/628 865/757/628
f 860/752/629 863/755/629 866/758/629
f 860/752/629 866/758/629 864/756/629
f 867/759/630 868/760/630 858/750/630
f 867/759/630 858/750/630 869/761/630
f 868/760/631 870/762/631 859/751/631
f 868/760/631 859/751/631 858/750/631
f 870/762/632 871/763/632 862/754/632
f 870/762/632 862/754/632 859/751/632
f 871/763/633 872/764/633 873/765/633
f 871/763/633 873/765/633 862/754/633
f 862/754/634 873/765/634 874/766/634
f 862/754/634 874/766/634 863/755/634
f 863/755/635 874/766/635 875/767/635
f 863/755/635 875/767/635 866/758/635
f 866/758/636 875/767/636 876/768/636
f 866/758/636 876/768/636 877/769/636
f 864/756/637 866/758/637 877/769/637
f 864/756/637 877/769/637 878/770/637
f 865/757/638 864/756/638 878/770/638
f 865/757/638 878/770/638 879/771/638
f 880/761/639 865/757/639 879/771/639
f 880/761/639 879/771/639 881/759/639
f 882/761/640 861/753/640 865/757/640
f 882/761/640 865/757/640 880/761/640
f 869/761/641 858/750/641 861/753/641
f 869/761/641 861/753/641 882/761/641
f 883/772/642 884/773/642 885/774/642
f 883/772/642 885/774/642 886/775/642
f 884/773/643 887/776/643 888/777/643
f 884/773/643 888/777/643 885/774/643
f 886/775/644 885/774/644 889/778/644
f 886/775/644 889/778/644 890/779/644
f 885/774/645 888/777/645 891/780/645
f 885/774/645 891/780/645 889/778/645
f 892/781/646 893/782/646 883/772/646
f 892/781/646 883/772/646 894/783/646
f 893/782/647 895/784/647 884/773/647
f 893/782/647 884/773/647 883/772/647
f 895/784/648 896/784/648 887/776/648
f 895/784/648 887/776/648 884/773/648
f 896/784/649 897/782/649 898/785/649
f 896/784/649 898/785/649 887/776/649
f 887/776/650 898/785/650 899/786/650
f 887/776/650 899/786/650 888/777/650
f 888/777/651 899/786/651 900/787/651
f 888/777/651 900/787/651 891/780/651
f 891/780/652 900/787/652 876/768/652
f 891/780/652 876/768/652 901/788/652
f 889/778/653 891/780/653 901/788/653
f 889/778/653 901/788/653 902/789/653
f 890/779/654 889/778/654 902/789/654
f 890/779/654 902/789/654 903/790/654
f 904/791/655 890/779/655 903/790/655
f 904/791/655 903/790/655 872/764/655
f 905/792/656 886/775/656 890/779/656
f 905/792/656 890/779/656 904/791/656
f 894/783/657 883/772/657 886/775/657
f 894/783/657 886/775/657 905/792/657
f 906/793/658 907/794/658 908/795/658
f 906/793/658 908/795/658 909/796/658
f 907/794/659 910/797/659 911/798/659
f 907/794/659 911/798/659 908/795/659
f 909/796/660 908/795/660 912/799/660
f 909/796/660 912/799/660 913/800/660
f 908/795/661 911/798/661 914/801/661
f 908/795/661 914/801/661 912/799/661
f 915/802/662 916/803/662 906/793/662
f 915/802/662 906/793/662 917/804/662
f 916/803/663 918/805/663 907/794/663
f 916/803/663 907/794/663 906/793/663
f 918/805/664 919/806/664 910/797/664
f 918/805/664 910/797/664 907/794/664
f 919/806/665 881/759/665 920/807/665
f 919/806/665 920/807/665 910/797/665
f 910/797/666 920/807/666 878/770/666
f 910/797/666 878/770/666 911/798/666
f 911/798/667 878/770/667 921/808/667
f 911/798/667 921/808/667 914/801/667
f 914/801/668 921/808/668 876/768/668
f 914/801/668 876/768/668 922/809/668
f 912/799/669 914/801/669 922/809/669
f 912/799/669 922/809/669 923/810/669
f 913/800/670 912/799/670 923/810/670
f 913/800/670 923/810/670 924/811/670
f 925/812/671 913/800/671 924/811/671
f 925/812/671 924/811/671 897/782/671
f 926/813/672 909/796/672 913/800/672
f 926/813/672 913/800/672 925/812/672
f 917/804/673 906/793/673 909/796/673
f 917/804/673 909/796/673 926/813/673
f 927/814/674 928/815/674 929/816/674
f 927/814/674 929/816/674 930/817/674
f 928/815/675 931/818/675 932/819/675
f 928/815/675 932/819/675 929/816/675
f 930/817/676 929/816/676 933/820/676
f 930/817/676 933/820/676 934/821/676
f 929/816/677 932/819/677 935/822/677
f 929/816/677 935/822/677 933/820/677
f 43/43/678 936/43/678 927/814/678
f 43/43/678 927/814/678 937/823/678
f 936/43/679 938/43/679 928/815/679
f 936/43/679 928/815/679 927/814/679
f 938/43/680 939/43/680 931/818/680
f 938/43/680 931/818/680 928/815/680
f 939/43/681 940/824/681 941/825/681
f 939/43/681 941/825/681 931/818/681
f 931/818/682 941/825/682 942/826/682
f 931/818/682 942/826/682 932/819/682
f 932/819/683 942/826/683 943/827/683
f 932/819/683 943/827/683 935/822/683
f 935/822/684 943/827/684 944/828/684
f 935/822/684 944/828/684 945/829/684
f 933/820/685 935/822/685 945/829/685
f 933/820/685 945/829/685 946/830/685
f 934/821/686 933/820/686 946/830/686
f 934/821/686 946/830/686 947/831/686
f 948/832/687 934/821/687 947/831/687
f 948/832/687 947/831/687 949/833/687
f 950/834/688 930/817/688 934/821/688
f 950/834/688 934/821/688 948/832/688
f 937/823/689 927/814/689 930/817/689
f 937/823/689 930/817/689 950/834/689
f 951/835/690 952/836/690 953/837/690
f 951/835/690 953/837/690 954/838/690
f 952/836/691 955/839/691 956/840/691
f 952/836/691 956/840/691 953/837/691
f 954/838/692 953/837/692 957/841/692
f 954/838/692 957/841/692 958/842/692
f 953/837/693 956/840/693 959/843/693
f 953/837/693 959/843/693 957/841/693
f 960/844/694 961/845/694 951/835/694
f 960/844/694 951/835/694 962/846/694
f 961/845/695 963/847/695 952/836/695
f 961/845/695 952/836/695 951/835/695
f 963/847/696 964/848/696 955/839/696
f 963/847/696 955/839/696 952/836/696
f 964/848/697 965/849/697 966/850/697
f 964/848/697 966/850/697 955/839/697
f 955/839/698 966/850/698 967/851/698
f 955/839/698 967/851/698 956/840/698
f 956/840/699 967/851/699 968/852/699
f 956/840/699 968/852/699 959/843/699
f 959/843/700 968/852/700 944/828/700
f 959/843/700 944/828/700 969/853/700
f 957/841/701 959/843/701 969/853/701
f 957/841/701 969/853/701 970/854/701
f 958/842/702 957/841/702 970/854/702
f 958/842/702 970/854/702 971/855/702
f 972/856/703 958/842/703 971/855/703
f 972/856/703 971/855/703 940/824/703
f 973/857/704 954/838/704 958/842/704
f 973/857/704 958/842/704 972/856/704
f 962/846/705 951/835/705 954/838/705
f 962/846/705 954/838/705 973/857/705
f 974/858/706 975/859/706 976/860/706
f 974/858/706 976/860/706 977/861/706
f 975/859/707 978/862/707 979/863/707
f 975/859/707 979/863/707 976/860/707
f 977/861/708 976/860/708 980/864/708
f 977/861/708 980/864/708 981/865/708
f 976/860/709 979/863/709 982/866/709
f 976/860/709 982/866/709 980/864/709
f 983/867/710 984/868/710 974/858/710
f 983/867/710 974/858/710 985/849/710
f 984/868/711 986/869/711 975/859/711
f 984/868/711 975/859/711 974/858/711
f 986/869/712 987/870/712 978/862/712
f 986/869/712 978/862/712 975/859/712
f 987/870/713 949/833/713 988/871/713
f 987/870/713 988/871/713 978/862/713
f 978/862/714 988/871/714 989/872/714
f 978/862/714 989/872/714 979/863/714
f 979/863/715 989/872/715 990/873/715
f 979/863/715 990/873/715 982/866/715
f 982/866/716 990/873/716 944/828/716
f 982/866/716 944/828/716 991/874/716
f 980/864/717 982/866/717 991/874/717
f 980/864/717 991/874/717 992/875/717
f 981/865/718 980/864/718 992/875/718
f 981/865/718 992/875/718 993/876/718
f 994/877/719 981/865/719 993/876/719
f 994/877/719 993/876/719 965/849/719
f 995/877/720 977/861/720 981/865/720
f 995/877/720 981/865/720 994/877/720
f 985/849/721 974/858/721 977/861/721
f 985/849/721 977/861/721 995/877/721
f 996/878/722 997/879/722 998/880/722
f 996/878/722 998/880/722 999/881/722
f 997/879/723 1000/882/723 1001/883/723
f 997/879/723 1001/883/723 998/880/723
f 999/881/724 998/880/724 1002/884/724
f 999/881/724 1002/884/724 1003/885/724
f 998/880/725 1001/883/725 1004/886/725
f 998/880/725 1004/886/725 1002/884/725
f 1005/887/726 1006/888/726 996/878/726
f 1005/887/726 996/878/726 1007/889/726
f 1006/888/727 1008/890/727 997/879/727
f 1006/888/727 997/879/727 996/878/727
f 1008/890/728 1009/891/728 1000/882/728
f 1008/890/728 1000/882/728 997/879/728
f 1009/891/729 1010/892/729 1011/893/729
f 1009/891/729 1011/893/729 1000/882/729
f 1000/882/730 1011/893/730 1012/894/730
f 1000/882/730 1012/894/730 1001/883/730
f 1001/883/731 1012/894/731 1013/895/731
f 1001/883/731 1013/895/731 1004/886/731
f 1004/886/732 1013/895/732 1014/896/732
f 1004/886/732 1014/896/732 1015/897/732
f 1002/884/733 1004/886/733 1015/897/733
f 1002/884/733 1015/897/733 1016/898/733
f 1003/885/734 1002/884/734 1016/898/734
f 1003/885/734 1016/898/734 1017/899/734
f 1018/900/735 1003/885/735 1017/899/735
f 1018/900/735 1017/899/735 1019/901/735
f 1020/902/736 999/881/736 1003/885/736
f 1020/902/736 1003/885/736 1018/900/736
f 1007/889/737 996/878/737 999/881/737
f 1007/889/737 999/881/737 1020/902/737
f 1021/903/738 1022/904/738 1023/905/738
f 1021/903/738 1023/905/738 1024/906/738
f 1022/904/739 1025/907/739 1026/908/739
f 1022/904/739 1026/908/739 1023/905/739
f 1024/906/740 1023/905/740 1027/909/740
f 1024/906/740 1027/909/740 1028/910/740
f 1023/905/741 1026/908/741 1029/911/741
f 1023/905/741 1029/911/741 1027/909/741
f 1030/912/742 1031/913/742 1021/903/742
f 1030/912/742 1021/903/742 1032/914/742
f 1031/913/743 1033/915/743 1022/904/743
f 1031/913/743 1022/904/743 1021/903/743
f 1033/915/744 1034/916/744 1025/907/744
f 1033/915/744 1025/907/744 1022/904/744
f 1034/916/745 1035/917/745 1036/918/745
f 1034/916/745 1036/918/745 1025/907/745
f 1025/907/746 1036/918/746 1037/919/746
f 1025/907/746 1037/919/746 1026/908/746
f 1026/908/747 1037/919/747 1038/920/747
f 1026/908/747 1038/920/747 1029/911/747
f 1029/911/748 1038/920/748 1014/896/748
f 1029/911/748 1014/896/748 1013/895/748
f 1027/909/749 1029/911/749 1013/895/749
f 1027/909/749 1013/895/749 1012/894/749
f 1028/910/750 1027/909/750 1012/894/750
f 1028/910/750 1012/894/750 1039/921/750
f 1040/922/751 1028/910/751 1039/921/751
f 1040/922/751 1039/921/751 1010/892/751
f 1041/923/752 1024/906/752 1028/910/752
f 1041/923/752 1028/910/752 1040/922/752
f 1032/914/753 1021/903/753 1024/906/753
f 1032/914/753 1024/906/753 1041/923/753
f 1042/924/754 1043/925/754 1044/926/754
f 1042/924/754 1044/926/754 1045/927/754
f 1043/925/755 1046/928/755 1047/929/755
f 1043/925/755 1047/929/755 1044/926/755
f 1045/927/756 1044/926/756 1048/930/756
f 1045/927/756 1048/930/756 1049/931/756
f 1044/926/757 1047/929/757 1050/932/757
f 1044/926/757 1050/932/757 1048/930/757
f 1051/933/758 1052/934/758 1042/924/758
f 1051/933/758 1042/924/758 1053/935/758
f 1052/934/759 1054/936/759 1043/925/759
f 1052/934/759 1043/925/759 1042/924/759
f 1054/936/760 1055/937/760 1046/928/760
f 1054/936/760 1046/928/760 1043/925/760
f 1055/937/761 1019/901/761 1017/899/761
f 1055/937/761 1017/899/761 1046/928/761
f 1046/928/762 1017/899/762 1016/898/762
f 1046/928/762 1016/898/762 1047/929/762
f 1047/929/763 1016/898/763 1056/938/763
f 1047/929/763 1056/938/763 1050/932/763
f 1050/932/764 1056/938/764 1014/896/764
f 1050/932/764 1014/896/764 1057/939/764
f 1048/930/765 1050/932/765 1057/939/765
f 1048/930/765 1057/939/765 1037/919/765
f 1049/931/766 1048/930/766 1037/919/766
f 1049/931/766 1037/919/766 1036/918/766
f 1058/940/767 1049/931/767 1036/918/767
f 1058/940/767 1036/918/767 1035/917/767
f 1059/941/768 1045/927/768 1049/931/768
f 1059/941/768 1049/931/768 1058/940/768
f 1053/935/769 1042/924/769 1045/927/769
f 1053/935/769 1045/927/769 1059/941/769
f 1060/942/770 1061/943/770 1062/944/770
f 1060/942/770 1062/944/770 1063/945/770
f 1061/943/771 1064/946/771 1065/947/771
f 1061/943/771 1065/947/771 1062/944/771
f 1063/945/772 1062/944/772 1066/948/772
f 1063/945/772 1066/948/772 1067/949/772
f 1062/944/773 1065/947/773 1068/950/773
f 1062/944/773 1068/950/773 1066/948/773
f 488/426/774 1069/951/774 1060/942/774
f 488/426/774 1060/942/774 1070/952/774
f 1069/951/775 1071/953/775 1061/943/775
f 1069/951/775 1061/943/775 1060/942/775
f 1071/953/776 1072/954/776 1064/946/776
f 1071/953/776 1064/946/776 1061/943/776
f 1072/954/777 1073/708/777 1074/955/777
f 1072/954/777 1074/955/777 1064/946/777
f 1064/946/778 1074/955/778 1075/956/778
f 1064/946/778 1075/956/778 1065/947/778
f 1065/947/779 1075/956/779 1076/957/779
f 1065/947/779 1076/957/779 1068/950/779
f 1068/950/780 1076/957/780 1077/958/780
f 1068/950/780 1077/958/780 1078/959/780
f 1066/948/781 1068/950/781 1078/959/781
f 1066/948/781 1078/959/781 1079/960/781
f 1067/949/782 1066/948/782 1079/960/782
f 1067/949/782 1079/960/782 1080/961/782
f 1081/962/783 1067/949/783 1080/961/783
f 1081/962/783 1080/961/783 1082/963/783
f 1083/964/784 1063/945/784 1067/949/784
f 1083/964/784 1067/949/784 1081/962/784
f 1070/952/785 1060/942/785 1063/945/785
f 1070/952/785 1063/945/785 1083/964/785
f 1084/965/786 1085/966/786 1086/967/786
f 1084/965/786 1086/967/786 1087/968/786
f 1085/966/787 1088/969/787 1089/970/787
f 1085/966/787 1089/970/787 1086/967/787
f 1087/968/788 1086/967/788 1090/971/788
f 1087/968/788 1090/971/788 1091/972/788
f 1086/967/789 1089/970/789 1092/973/789
f 1086/967/789 1092/973/789 1090/971/789
f 52/47/790 1093/974/790 1084/965/790
f 52/47/790 1084/965/790 1094/975/790
f 1093/974/791 1095/976/791 1085/966/791
f 1093/974/791 1085/966/791 1084/965/791
f 1095/976/792 1096/977/792 1088/969/792
f 1095/976/792 1088/969/792 1085/966/792
f 1096/977/793 1097/978/793 1098/979/793
f 1096/977/793 1098/979/793 1088/969/793
f 1088/969/794 1098/979/794 1099/980/794
f 1088/969/794 1099/980/794 1089/970/794
f 1089/970/795 1099/980/795 1100/981/795
f 1089/970/795 1100/981/795 1092/973/795
f 1092/973/796 1100/981/796 1077/958/796
f 1092/973/796 1077/958/796 1101/982/796
f 1090/971/797 1092/973/797 1101/982/797
f 1090/971/797 1101/982/797 1075/956/797
f 1091/972/798 1090/971/798 1075/956/798
f 1091/972/798 1075/956/798 1074/955/798
f 1102/983/799 1091/972/799 1074/955/799
f 1102/983/799 1074/955/799 1073/708/799
f 1103/984/800 1087/968/800 1091/972/800
f 1103/984/800 1091/972/800 1102/983/800
f 1094/975/801 1084/965/801 1087/968/801
f 1094/975/801 1087/968/801 1103/984/801
f 1104/985/802 1105/986/802 1106/987/802
f 1104/985/802 1106/987/802 1107/988/802
f 1105/986/803 1108/989/803 1109/990/803
f 1105/986/803 1109/990/803 1106/987/803
f 1107/988/804 1106/987/804 1110/991/804
f 1107/988/804 1110/991/804 1111/992/804
f 1106/987/805 1109/990/805 1112/993/805
f 1106/987/805 1112/993/805 1110/991/805
f 1113/994/806 1114/995/806 1104/985/806
f 1113/994/806 1104/985/806 1115/996/806
f 1114/995/807 1116/997/807 1105/986/807
f 1114/995/807 1105/986/807 1104/985/807
f 1116/997/808 1117/998/808 1108/989/808
f 1116/997/808 1108/989/808 1105/986/808
f 1117/998/809 1118/999/809 1119/1000/809
f 1117/998/809 1119/1000/809 1108/989/809
f 1108/989/810 1119/1000/810 1079/960/810
f 1108/989/810 1079/960/810 1109/990/810
f 1109/990/811 1079/960/811 1120/1001/811
f 1109/990/811 1120/1001/811 1112/993/811
f 1112/993/812 1120/1001/812 1077/958/812
f 1112/993/812 1077/958/812 1100/981/812
f 1110/991/813 1112/993/813 1100/981/813
f 1110/991/813 1100/981/813 1099/980/813
f 1111/992/814 1110/991/814 1099/980/814
f 1111/992/814 1099/980/814 1121/1002/814
f 1122/1003/815 1111/992/815 1121/1002/815
f 1122/1003/815 1121/1002/815 1123/1004/815
f 1124/1005/816 1107/988/816 1111/992/816
f 1124/1005/816 1111/992/816 1122/1003/816
f 1115/996/817 1104/985/817 1107/988/817
f 1115/996/817 1107/988/817 1124/1005/817
f 1125/1006/818 1126/1007/818 1127/1008/818
f 1125/1006/818 1127/1008/818 1128/1009/818
f 1126/1007/819 1129/1010/819 1130/1011/819
f 1126/1007/819 1130/1011/819 1127/1008/819
f 1128/1009/820 1127/1008/820 1131/1012/820
f 1128/1009/820 1131/1012/820 1132/1013/820
f 1127/1008/821 1130/1011/821 1133/1014/821
f 1127/1008/821 1133/1014/821 1131/1012/821
f 1134/1015/822 1135/1016/822 1125/1006/822
f 1134/1015/822 1125/1006/822 1136/1017/822
f 1135/1016/823 1137/1018/823 1126/1007/823
f 1135/1016/823 1126/1007/823 1125/1006/823
f 1137/1018/824 1138/1019/824 1129/1010/824
f 1137/1018/824 1129/1010/824 1126/1007/824
f 1138/1019/825 1139/1020/825 1140/1021/825
f 1138/1019/825 1140/1021/825 1129/1010/825
f 1129/1010/826 1140/1021/826 1141/1022/826
f 1129/1010/826 1141/1022/826 1130/1011/826
f 1130/1011/827 1141/1022/827 1142/1023/827
f 1130/1011/827 1142/1023/827 1133/1014/827
f 1133/1014/828 1142/1023/828 1143/768/828
f 1133/1014/828 1143/768/828 1144/1024/828
f 1131/1012/829 1133/1014/829 1144/1024/829
f 1131/1012/829 1144/1024/829 1145/1025/829
f 1132/1013/830 1131/1012/830 1145/1025/830
f 1132/1013/830 1145/1025/830 1146/1026/830
f 1147/1027/831 1132/1013/831 1146/1026/831
f 1147/1027/831 1146/1026/831 1148/1028/831
f 1149/1029/832 1128/1009/832 1132/1013/832
f 1149/1029/832 1132/1013/832 1147/1027/832
f 1136/1017/833 1125/1006/833 1128/1009/833
f 1136/1017/833 1128/1009/833 1149/1029/833
f 1150/1030/834 1151/1031/834 1152/1032/834
f 1150/1030/834 1152/1032/834 1153/1033/834
f 1151/1031/835 1154/1034/835 1155/1035/835
f 1151/1031/835 1155/1035/835 1152/1032/835
f 1153/1033/836 1152/1032/836 1156/1036/836
f 1153/1033/836 1156/1036/836 1157/1037/836
f 1152/1032/837 1155/1035/837 1158/1038/837
f 1152/1032/837 1158/1038/837 1156/1036/837
f 1159/1039/838 1160/1040/838 1150/1030/838
f 1159/1039/838 1150/1030/838 1161/1041/838
f 1160/1040/839 1162/1042/839 1151/1031/839
f 1160/1040/839 1151/1031/839 1150/1030/839
f 1162/1042/840 1163/1043/840 1154/1034/840
f 1162/1042/840 1154/1034/840 1151/1031/840
f 1163/1043/841 1164/1044/841 1165/1045/841
f 1163/1043/841 1165/1045/841 1154/1034/841
f 1154/1034/842 1165/1045/842 1166/1046/842
f 1154/1034/842 1166/1046/842 1155/1035/842
f 1155/1035/843 1166/1046/843 1167/1047/843
f 1155/1035/843 1167/1047/843 1158/1038/843
f 1158/1038/844 1167/1047/844 1143/768/844
f 1158/1038/844 1143/768/844 1142/1023/844
f 1156/1036/845 1158/1038/845 1142/1023/845
f 1156/1036/845 1142/1023/845 1168/1048/845
f 1157/1037/846 1156/1036/846 1168/1048/846
f 1157/1037/846 1168/1048/846 1169/1049/846
f 1170/1050/847 1157/1037/847 1169/1049/847
f 1170/1050/847 1169/1049/847 1171/1051/847
f 1172/1052/848 1153/1033/848 1157/1037/848
f 1172/1052/848 1157/1037/848 1170/1050/848
f 1161/1041/849 1150/1030/849 1153/1033/849
f 1161/1041/849 1153/1033/849 1172/1052/849
f 1173/1053/850 1174/1054/850 1175/1055/850
f 1173/1053/850 1175/1055/850 1176/1056/850
f 1174/1054/851 1177/1057/851 1178/1058/851
f 1174/1054/851 1178/1058/851 1175/1055/851
f 1176/1056/852 1175/1055/852 1179/1059/852
f 1176/1056/852 1179/1059/852 1180/1060/852
f 1175/1055/853 1178/1058/853 1181/1061/853
f 1175/1055/853 1181/1061/853 1179/1059/853
f 652/565/854 1182/1062/854 1173/1053/854
f 652/565/854 1173/1053/854 1183/1063/854
f 1182/1062/855 1184/1064/855 1174/1054/855
f 1182/1062/855 1174/1054/855 1173/1053/855
f 1184/1064/856 1185/1065/856 1177/1057/856
f 1184/1064/856 1177/1057/856 1174/1054/856
f 1185/1065/857 1186/1066/857 1187/1067/857
f 1185/1065/857 1187/1067/857 1177/1057/857
f 1177/1057/858 1187/1067/858 1188/1068/858
f 1177/1057/858 1188/1068/858 1178/1058/858
f 1178/1058/859 1188/1068/859 1189/1069/859
f 1178/1058/859 1189/1069/859 1181/1061/859
f 1181/1061/860 1189/1069/860 1143/768/860
f 1181/1061/860 1143/768/860 1190/1070/860
f 1179/1059/861 1181/1061/861 1190/1070/861
f 1179/1059/861 1190/1070/861 1166/1046/861
f 1180/1060/862 1179/1059/862 1166/1046/862
f 1180/1060/862 1166/1046/862 1191/1071/862
f 1192/1072/863 1180/1060/863 1191/1071/863
f 1192/1072/863 1191/1071/863 1193/1073/863
f 1194/1074/864 1176/1056/864 1180/1060/864
f 1194/1074/864 1180/1060/864 1192/1072/864
f 1183/1063/865 1173/1053/865 1176/1056/865
f 1183/1063/865 1176/1056/865 1194/1074/865
f 1195/1075/866 1196/1076/866 1197/1077/866
f 1195/1075/866 1197/1077/866 1198/1078/866
f 1196/1076/867 1199/1079/867 1200/1080/867
f 1196/1076/867 1200/1080/867 1197/1077/867
f 1198/1078/868 1197/1077/868 1201/1081/868
f 1198/1078/868 1201/1081/868 1202/1082/868
f 1197/1077/869 1200/1080/869 1203/1083/869
f 1197/1077/869 1203/1083/869 1201/1081/869
f 1204/1084/870 1205/1085/870 1195/1075/870
f 1204/1084/870 1195/1075/870 1206/1086/870
f 1205/1085/871 1207/1087/871 1196/1076/871
f 1205/1085/871 1196/1076/871 1195/1075/871
f 1207/1087/872 1208/1088/872 1199/1079/872
f 1207/1087/872 1199/1079/872 1196/1076/872
f 1208/1088/873 1209/1089/873 1210/1090/873
f 1208/1088/873 1210/1090/873 1199/1079/873
f 1199/1079/874 1210/1090/874 1211/1091/874
f 1199/1079/874 1211/1091/874 1200/1080/874
f 1200/1080/875 1211/1091/875 1212/1092/875
f 1200/1080/875 1212/1092/875 1203/1083/875
f 1203/1083/876 1212/1092/876 1213/828/876
f 1203/1083/876 1213/828/876 1214/1093/876
f 1201/1081/877 1203/1083/877 1214/1093/877
f 1201/1081/877 1214/1093/877 1215/1094/877
f 1202/1082/878 1201/1081/878 1215/1094/878
f 1202/1082/878 1215/1094/878 1216/1095/878
f 1217/1096/879 1202/1082/879 1216/1095/879
f 1217/1096/879 1216/1095/879 1218/1097/879
f 1219/1098/880 1198/1078/880 1202/1082/880
f 1219/1098/880 1202/1082/880 1217/1096/880
f 1206/1086/881 1195/1075/881 1198/1078/881
f 1206/1086/881 1198/1078/881 1219/1098/881
f 1220/1099/882 1221/1100/882 1222/1101/882
f 1220/1099/882 1222/1101/882 1223/1102/882
f 1221/1100/883 1224/1103/883 1225/1104/883
f 1221/1100/883 1225/1104/883 1222/1101/883
f 1223/1102/884 1222/1101/884 1226/1105/884
f 1223/1102/884 1226/1105/884 1227/1106/884
f 1222/1101/885 1225/1104/885 1228/1107/885
f 1222/1101/885 1228/1107/885 1226/1105/885
f 712/610/886 1229/1108/886 1220/1099/886
f 712/610/886 1220/1099/886 1230/1109/886
f 1229/1108/887 1231/1110/887 1221/1100/887
f 1229/1108/887 1221/1100/887 1220/1099/887
f 1231/1110/888 1232/1111/888 1224/1103/888
f 1231/1110/888 1224/1103/888 1221/1100/888
f 1232/1111/889 1233/1112/889 1234/1113/889
f 1232/1111/889 1234/1113/889 1224/1103/889
f 1224/1103/890 1234/1113/890 1235/1114/890
f 1224/1103/890 1235/1114/890 1225/1104/890
f 1225/1104/891 1235/1114/891 1236/1115/891
f 1225/1104/891 1236/1115/891 1228/1107/891
f 1228/1107/892 1236/1115/892 1213/828/892
f 1228/1107/892 1213/828/892 1237/1116/892
f 1226/1105/893 1228/1107/893 1237/1116/893
f 1226/1105/893 1237/1116/893 1238/1117/893
f 1227/1106/894 1226/1105/894 1238/1117/894
f 1227/1106/894 1238/1117/894 1210/1090/894
f 1239/1118/895 1227/1106/895 1210/1090/895
f 1239/1118/895 1210/1090/895 1240/1119/895
f 1241/1120/896 1223/1102/896 1227/1106/896
f 1241/1120/896 1227/1106/896 1239/1118/896
f 1230/1109/897 1220/1099/897 1223/1102/897
f 1230/1109/897 1223/1102/897 1241/1120/897
f 1242/1121/898 1243/1122/898 1244/1123/898
f 1242/1121/898 1244/1123/898 1245/1124/898
f 1243/1122/899 1246/1125/899 1247/1126/899
f 1243/1122/899 1247/1126/899 1244/1123/899
f 1245/1124/900 1244/1123/900 1248/1127/900
f 1245/1124/900 1248/1127/900 1249/1128/900
f 1244/1123/901 1247/1126/901 1250/1129/901
f 1244/1123/901 1250/1129/901 1248/1127/901
f 1251/1130/902 1252/1131/902 1242/1121/902
f 1251/1130/902 1242/1121/902 1253/1132/902
f 1252/1131/903 1254/1133/903 1243/1122/903
f 1252/1131/903 1243/1122/903 1242/1121/903
f 1254/1133/904 1255/1134/904 1246/1125/904
f 1254/1133/904 1246/1125/904 1243/1122/904
f 1255/1134/905 1256/1135/905 1257/1136/905
f 1255/1134/905 1257/1136/905 1246/1125/905
f 1246/1125/906 1257/1136/906 1215/1094/906
f 1246/1125/906 1215/1094/906 1247/1126/906
f 1247/1126/907 1215/1094/907 1258/1137/907
f 1247/1126/907 1258/1137/907 1250/1129/907
f 1250/1129/908 1258/1137/908 1213/828/908
f 1250/1129/908 1213/828/908 1259/1138/908
f 1248/1127/909 1250/1129/909 1259/1138/909
f 1248/1127/909 1259/1138/909 1260/1139/909
f 1249/1128/910 1248/1127/910 1260/1139/910
f 1249/1128/910 1260/1139/910 1234/1113/910
f 1261/1140/911 1249/1128/911 1234/1113/911
f 1261/1140/911 1234/1113/911 1262/1141/911
f 1263/1142/912 1245/1124/912 1249/1128/912
f 1263/1142/912 1249/1128/912 1261/1140/912
f 1253/1132/913 1242/1121/913 1245/1124/913
f 1253/1132/913 1245/1124/913 1263/1142/913
f 1264/1143/914 1265/1144/914 1266/1145/914
f 1264/1143/914 1266/1145/914 1267/1146/914
f 1265/1144/915 1268/1147/915 1269/1148/915
f 1265/1144/915 1269/1148/915 1266/1145/915
f 1267/1146/916 1266/1145/916 1270/1149/916
f 1267/1146/916 1270/1149/916 1271/1150/916
f 1266/1145/917 1269/1148/917 1272/1151/917
f 1266/1145/917 1272/1151/917 1270/1149/917
f 1273/1152/918 1274/1153/918 1264/1143/918
f 1273/1152/918 1264/1143/918 916/803/918
f 1274/1153/919 1275/1154/919 1265/1144/919
f 1274/1153/919 1265/1144/919 1264/1143/919
f 1275/1154/920 1276/1155/920 1268/1147/920
f 1275/1154/920 1268/1147/920 1265/1144/920
f 1276/1155/921 763/655/921 765/657/921
f 1276/1155/921 765/657/921 1268/1147/921
f 1268/1147/922 765/657/922 774/666/922
f 1268/1147/922 774/666/922 1269/1148/922
f 1269/1148/923 774/666/923 773/665/923
f 1269/1148/923 773/665/923 1272/1151/923
f 1272/1151/924 773/665/924 743/635/924
f 1272/1151/924 743/635/924 1277/1156/924
f 1270/1149/925 1272/1151/925 1277/1156/925
f 1270/1149/925 1277/1156/925 1278/1157/925
f 1271/1150/926 1270/1149/926 1278/1157/926
f 1271/1150/926 1278/1157/926 1279/1158/926
f 1280/1159/927 1271/1150/927 1279/1158/927
f 1280/1159/927 1279/1158/927 881/759/927
f 1281/1160/928 1267/1146/928 1271/1150/928
f 1281/1160/928 1271/1150/928 1280/1159/928
f 916/803/929 1264/1143/929 1267/1146/929
f 916/803/929 1267/1146/929 1281/1160/929
f 1282/1161/930 1283/1162/930 1284/1163/930
f 1282/1161/930 1284/1163/930 1285/1164/930
f 1283/1162/931 1286/1165/931 1287/1166/931
f 1283/1162/931 1287/1166/931 1284/1163/931
f 1285/1164/932 1284/1163/932 1288/1167/932
f 1285/1164/932 1288/1167/932 1289/1168/932
f 1284/1163/933 1287/1166/933 1290/1169/933
f 1284/1163/933 1290/1169/933 1288/1167/933
f 1291/1170/934 1279/1158/934 1282/1161/934
f 1291/1170/934 1282/1161/934 880/761/934
f 1279/1158/935 1278/1157/935 1283/1162/935
f 1279/1158/935 1283/1162/935 1282/1161/935
f 1278/1157/936 1277/1156/936 1286/1165/936
f 1278/1157/936 1286/1165/936 1283/1162/936
f 1277/1156/937 743/635/937 742/634/937
f 1277/1156/937 742/634/937 1286/1165/937
f 1286/1165/938 742/634/938 741/633/938
f 1286/1165/938 741/633/938 1287/1166/938
f 1287/1166/939 741/633/939 739/631/939
f 1287/1166/939 739/631/939 1290/1169/939
f 1290/1169/940 739/631/940 738/630/940
f 1290/1169/940 738/630/940 1292/1171/940
f 1288/1167/941 1290/1169/941 1292/1171/941
f 1288/1167/941 1292/1171/941 1293/1172/941
f 1289/1168/942 1288/1167/942 1293/1172/942
f 1289/1168/942 1293/1172/942 1294/1173/942
f 869/761/943 1289/1168/943 1294/1173/943
f 869/761/943 1294/1173/943 1295/1174/943
f 882/761/944 1285/1164/944 1289/1168/944
f 882/761/944 1289/1168/944 869/761/944
f 880/761/945 1282/1161/945 1285/1164/945
f 880/761/945 1285/1164/945 882/761/945
f 1296/1175/946 1297/1176/946 1298/1177/946
f 1296/1175/946 1298/1177/946 1299/1178/946
f 1297/1176/947 1300/1179/947 1301/1180/947
f 1297/1176/947 1301/1180/947 1298/1177/947
f 1299/1178/948 1298/1177/948 1302/1181/948
f 1299/1178/948 1302/1181/948 1303/1182/948
f 1298/1177/949 1301/1180/949 1304/1183/949
f 1298/1177/949 1304/1183/949 1302/1181/949
f 1305/1184/950 598/519/950 1296/1175/950
f 1305/1184/950 1296/1175/950 1306/1185/950
f 598/519/951 1307/1186/951 1297/1176/951
f 598/519/951 1297/1176/951 1296/1175/951
f 1307/1186/952 606/527/952 1300/1179/952
f 1307/1186/952 1300/1179/952 1297/1176/952
f 606/527/953 827/719/953 829/721/953
f 606/527/953 829/721/953 1300/1179/953
f 1300/1179/954 829/721/954 839/731/954
f 1300/1179/954 839/731/954 1301/1180/954
f 1301/1180/955 839/731/955 838/730/955
f 1301/1180/955 838/730/955 1304/1183/955
f 1304/1183/956 838/730/956 807/699/956
f 1304/1183/956 807/699/956 1308/1187/956
f 1302/1181/957 1304/1183/957 1308/1187/957
f 1302/1181/957 1308/1187/957 1309/1188/957
f 1303/1182/958 1302/1181/958 1309/1188/958
f 1303/1182/958 1309/1188/958 1310/1189/958
f 1311/1190/959 1303/1182/959 1310/1189/959
f 1311/1190/959 1310/1189/959 1312/1191/959
f 1313/1192/960 1299/1178/960 1303/1182/960
f 1313/1192/960 1303/1182/960 1311/1190/960
f 1306/1185/961 1296/1175/961 1299/1178/961
f 1306/1185/961 1299/1178/961 1313/1192/961
f 1314/1193/962 1315/1194/962 1316/1195/962
f 1314/1193/962 1316/1195/962 1317/1196/962
f 1315/1194/963 1318/1197/963 1319/1198/963
f 1315/1194/963 1319/1198/963 1316/1195/963
f 1317/1196/964 1316/1195/964 1320/1199/964
f 1317/1196/964 1320/1199/964 1321/1200/964
f 1316/1195/965 1319/1198/965 1322/1201/965
f 1316/1195/965 1322/1201/965 1320/1199/965
f 1312/1191/966 1310/1189/966 1314/1193/966
f 1312/1191/966 1314/1193/966 1323/1202/966
f 1310/1189/967 1309/1188/967 1315/1194/967
f 1310/1189/967 1315/1194/967 1314/1193/967
f 1309/1188/968 1308/1187/968 1318/1197/968
f 1309/1188/968 1318/1197/968 1315/1194/968
f 1308/1187/969 1324/1203/969 1325/1204/969
f 1308/1187/969 1325/1204/969 1318/1197/969
f 1318/1197/970 1325/1204/970 805/697/970
f 1318/1197/970 805/697/970 1319/1198/970
f 1319/1198/971 805/697/971 803/695/971
f 1319/1198/971 803/695/971 1322/1201/971
f 1322/1201/972 803/695/972 484/422/972
f 1322/1201/972 484/422/972 483/421/972
f 1320/1199/973 1322/1201/973 483/421/973
f 1320/1199/973 483/421/973 482/420/973
f 1321/1200/974 1320/1199/974 482/420/974
f 1321/1200/974 482/420/974 480/418/974
f 1326/1205/975 1321/1200/975 480/418/975
f 1326/1205/975 480/418/975 168/153/975
f 1327/1206/976 1317/1196/976 1321/1200/976
f 1327/1206/976 1321/1200/976 1326/1205/976
f 1323/1202/977 1314/1193/977 1317/1196/977
f 1323/1202/977 1317/1196/977 1327/1206/977
f 1328/1207/978 1329/1208/978 1330/1209/978
f 1328/1207/978 1330/1209/978 1331/1210/978
f 1329/1208/979 1332/1211/979 1333/1212/979
f 1329/1208/979 1333/1212/979 1330/1209/979
f 1331/1210/980 1330/1209/980 1334/1213/980
f 1331/1210/980 1334/1213/980 1335/1214/980
f 1330/1209/981 1333/1212/981 1336/1215/981
f 1330/1209/981 1336/1215/981 1334/1213/981
f 827/719/982 605/526/982 1328/1207/982
f 827/719/982 1328/1207/982 828/720/982
f 605/526/983 1337/1216/983 1329/1208/983
f 605/526/983 1329/1208/983 1328/1207/983
f 1337/1216/984 603/524/984 1332/1211/984
f 1337/1216/984 1332/1211/984 1329/1208/984
f 603/524/985 960/844/985 962/846/985
f 603/524/985 962/846/985 1332/1211/985
f 1332/1211/986 962/846/986 973/857/986
f 1332/1211/986 973/857/986 1333/1212/986
f 1333/1212/987 973/857/987 972/856/987
f 1333/1212/987 972/856/987 1336/1215/987
f 1336/1215/988 972/856/988 940/824/988
f 1336/1215/988 940/824/988 1338/1217/988
f 1334/1213/989 1336/1215/989 1338/1217/989
f 1334/1213/989 1338/1217/989 1339/1218/989
f 1335/1214/990 1334/1213/990 1339/1218/990
f 1335/1214/990 1339/1218/990 1340/1219/990
f 1341/1220/991 1335/1214/991 1340/1219/991
f 1341/1220/991 1340/1219/991 832/724/991
f 1342/1221/992 1331/1210/992 1335/1214/992
f 1342/1221/992 1335/1214/992 1341/1220/992
f 828/720/993 1328/1207/993 1331/1210/993
f 828/720/993 1331/1210/993 1342/1221/993
f 1343/1222/994 1344/1223/994 1345/1224/994
f 1343/1222/994 1345/1224/994 1346/1225/994
f 1344/1223/995 1347/1226/995 1348/1227/995
f 1344/1223/995 1348/1227/995 1345/1224/995
f 1346/1225/996 1345/1224/996 1349/1228/996
f 1346/1225/996 1349/1228/996 1350/1229/996
f 1345/1224/997 1348/1227/997 1351/1230/997
f 1345/1224/997 1351/1230/997 1349/1228/997
f 1352/1231/998 1340/1219/998 1343/1222/998
f 1352/1231/998 1343/1222/998 856/748/998
f 1340/1219/999 1339/1218/999 1344/1223/999
f 1340/1219/999 1344/1223/999 1343/1222/999
f 1339/1218/1000 1338/1217/1000 1347/1226/1000
f 1339/1218/1000 1347/1226/1000 1344/1223/1000
f 1338/1217/1001 1353/43/1001 939/43/1001
f 1338/1217/1001 939/43/1001 1347/1226/1001
f 1347/1226/1002 939/43/1002 938/43/1002
f 1347/1226/1002 938/43/1002 1348/1227/1002
f 1348/1227/1003 938/43/1003 936/43/1003
f 1348/1227/1003 936/43/1003 1351/1230/1003
f 1351/1230/1004 936/43/1004 43/43/1004
f 1351/1230/1004 43/43/1004 42/42/1004
f 1349/1228/1005 1351/1230/1005 42/42/1005
f 1349/1228/1005 42/42/1005 41/41/1005
f 1350/1229/1006 1349/1228/1006 41/41/1006
f 1350/1229/1006 41/41/1006 39/39/1006
f 850/742/1007 1350/1229/1007 39/39/1007
f 850/742/1007 39/39/1007 1354/47/1007
f 857/749/1008 1346/1225/1008 1350/1229/1008
f 857/749/1008 1350/1229/1008 850/742/1008
f 856/748/1009 1343/1222/1009 1346/1225/1009
f 856/748/1009 1346/1225/1009 857/749/1009
f 1355/1232/1010 1356/1233/1010 1357/1234/1010
f 1355/1232/1010 1357/1234/1010 1358/1235/1010
f 1356/1233/1011 1359/1236/1011 1360/1237/1011
f 1356/1233/1011 1360/1237/1011 1357/1234/1011
f 1358/1235/1012 1357/1234/1012 1361/1238/1012
f 1358/1235/1012 1361/1238/1012 1362/1239/1012
f 1357/1234/1013 1360/1237/1013 1363/1240/1013
f 1357/1234/1013 1363/1240/1013 1361/1238/1013
f 1364/1241/1014 1365/1242/1014 1355/1232/1014
f 1364/1241/1014 1355/1232/1014 1366/1243/1014
f 1365/1242/1015 1367/1244/1015 1356/1233/1015
f 1365/1242/1015 1356/1233/1015 1355/1232/1015
f 1367/1244/1016 1368/1245/1016 1359/1236/1016
f 1367/1244/1016 1359/1236/1016 1356/1233/1016
f 1368/1245/1017 915/802/1017 917/804/1017
f 1368/1245/1017 917/804/1017 1359/1236/1017
f 1359/1236/1018 917/804/1018 926/813/1018
f 1359/1236/1018 926/813/1018 1360/1237/1018
f 1360/1237/1019 926/813/1019 925/812/1019
f 1360/1237/1019 925/812/1019 1363/1240/1019
f 1363/1240/1020 925/812/1020 897/782/1020
f 1363/1240/1020 897/782/1020 1369/1246/1020
f 1361/1238/1021 1363/1240/1021 1369/1246/1021
f 1361/1238/1021 1369/1246/1021 1370/1247/1021
f 1362/1239/1022 1361/1238/1022 1370/1247/1022
f 1362/1239/1022 1370/1247/1022 1371/1248/1022
f 1372/1249/1023 1362/1239/1023 1371/1248/1023
f 1372/1249/1023 1371/1248/1023 1373/1250/1023
f 1374/1251/1024 1358/1235/1024 1362/1239/1024
f 1374/1251/1024 1362/1239/1024 1372/1249/1024
f 1366/1243/1025 1355/1232/1025 1358/1235/1025
f 1366/1243/1025 1358/1235/1025 1374/1251/1025
f 1375/1252/1026 1376/1253/1026 1377/1254/1026
f 1375/1252/1026 1377/1254/1026 1378/1255/1026
f 1376/1253/1027 1379/1256/1027 1380/1257/1027
f 1376/1253/1027 1380/1257/1027 1377/1254/1027
f 1378/1255/1028 1377/1254/1028 1381/1258/1028
f 1378/1255/1028 1381/1258/1028 1382/1259/1028
f 1377/1254/1029 1380/1257/1029 1383/1260/1029
f 1377/1254/1029 1383/1260/1029 1381/1258/1029
f 1373/1250/1030 1371/1248/1030 1375/1252/1030
f 1373/1250/1030 1375/1252/1030 1384/1261/1030
f 1371/1248/1031 1370/1247/1031 1376/1253/1031
f 1371/1248/1031 1376/1253/1031 1375/1252/1031
f 1370/1247/1032 1369/1246/1032 1379/1256/1032
f 1370/1247/1032 1379/1256/1032 1376/1253/1032
f 1369/1246/1033 1385/1262/1033 896/784/1033
f 1369/1246/1033 896/784/1033 1379/1256/1033
f 1379/1256/1034 896/784/1034 895/784/1034
f 1379/1256/1034 895/784/1034 1380/1257/1034
f 1380/1257/1035 895/784/1035 893/782/1035
f 1380/1257/1035 893/782/1035 1383/1260/1035
f 1383/1260/1036 893/782/1036 648/561/1036
f 1383/1260/1036 648/561/1036 647/560/1036
f 1381/1258/1037 1383/1260/1037 647/560/1037
f 1381/1258/1037 647/560/1037 646/559/1037
f 1382/1259/1038 1381/1258/1038 646/559/1038
f 1382/1259/1038 646/559/1038 644/557/1038
f 1386/1263/1039 1382/1259/1039 644/557/1039
f 1386/1263/1039 644/557/1039 643/87/1039
f 1387/1264/1040 1378/1255/1040 1382/1259/1040
f 1387/1264/1040 1382/1259/1040 1386/1263/1040
f 1384/1261/1041 1375/1252/1041 1378/1255/1041
f 1384/1261/1041 1378/1255/1041 1387/1264/1041
f 1388/1265/1042 1389/1266/1042 1390/1267/1042
f 1388/1265/1042 1390/1267/1042 1391/1268/1042
f 1389/1266/1043 1392/1269/1043 1393/1270/1043
f 1389/1266/1043 1393/1270/1043 1390/1267/1043
f 1391/1268/1044 1390/1267/1044 1394/1271/1044
f 1391/1268/1044 1394/1271/1044 1395/1272/1044
f 1390/1267/1045 1393/1270/1045 1396/1273/1045
f 1390/1267/1045 1396/1273/1045 1394/1271/1045
f 383/341/1046 385/213/1046 1388/1265/1046
f 383/341/1046 1388/1265/1046 1397/1274/1046
f 385/213/1047 1398/1275/1047 1389/1266/1047
f 385/213/1047 1389/1266/1047 1388/1265/1047
f 1398/1275/1048 1399/1276/1048 1392/1269/1048
f 1398/1275/1048 1392/1269/1048 1389/1266/1048
f 1399/1276/1049 1400/1277/1049 1401/1278/1049
f 1399/1276/1049 1401/1278/1049 1392/1269/1049
f 1392/1269/1050 1401/1278/1050 1402/1279/1050
f 1392/1269/1050 1402/1279/1050 1393/1270/1050
f 1393/1270/1051 1402/1279/1051 1403/1280/1051
f 1393/1270/1051 1403/1280/1051 1396/1273/1051
f 1396/1273/1052 1403/1280/1052 1404/196/1052
f 1396/1273/1052 1404/196/1052 1405/1281/1052
f 1394/1271/1053 1396/1273/1053 1405/1281/1053
f 1394/1271/1053 1405/1281/1053 1406/1282/1053
f 1395/1272/1054 1394/1271/1054 1406/1282/1054
f 1395/1272/1054 1406/1282/1054 1407/1283/1054
f 1408/1284/1055 1395/1272/1055 1407/1283/1055
f 1408/1284/1055 1407/1283/1055 1409/1285/1055
f 1410/1286/1056 1391/1268/1056 1395/1272/1056
f 1410/1286/1056 1395/1272/1056 1408/1284/1056
f 1397/1274/1057 1388/1265/1057 1391/1268/1057
f 1397/1274/1057 1391/1268/1057 1410/1286/1057
f 1411/1287/1058 1412/1288/1058 1413/1289/1058
f 1411/1287/1058 1413/1289/1058 1414/1290/1058
f 1412/1288/1059 1415/1291/1059 1416/1292/1059
f 1412/1288/1059 1416/1292/1059 1413/1289/1059
f 1414/1290/1060 1413/1289/1060 1417/1293/1060
f 1414/1290/1060 1417/1293/1060 1418/1294/1060
f 1413/1289/1061 1416/1292/1061 1419/1295/1061
f 1413/1289/1061 1419/1295/1061 1417/1293/1061
f 1409/1285/1062 1407/1283/1062 1411/1287/1062
f 1409/1285/1062 1411/1287/1062 1420/1296/1062
f 1407/1283/1063 1406/1282/1063 1412/1288/1063
f 1407/1283/1063 1412/1288/1063 1411/1287/1063
f 1406/1282/1064 1405/1281/1064 1415/1291/1064
f 1406/1282/1064 1415/1291/1064 1412/1288/1064
f 1405/1281/1065 1404/196/1065 1421/194/1065
f 1405/1281/1065 1421/194/1065 1415/1291/1065
f 1415/1291/1066 1421/194/1066 1422/194/1066
f 1415/1291/1066 1422/194/1066 1416/1292/1066
f 1416/1292/1067 1422/194/1067 1423/194/1067
f 1416/1292/1067 1423/194/1067 1419/1295/1067
f 1419/1295/1068 1423/194/1068 213/194/1068
f 1419/1295/1068 213/194/1068 670/579/1068
f 1417/1293/1069 1419/1295/1069 670/579/1069
f 1417/1293/1069 670/579/1069 669/578/1069
f 1418/1294/1070 1417/1293/1070 669/578/1070
f 1418/1294/1070 669/578/1070 668/577/1070
f 1424/1297/1071 1418/1294/1071 668/577/1071
f 1424/1297/1071 668/577/1071 1425/1298/1071
f 1426/1299/1072 1414/1290/1072 1418/1294/1072
f 1426/1299/1072 1418/1294/1072 1424/1297/1072
f 1420/1296/1073 1411/1287/1073 1414/1290/1073
f 1420/1296/1073 1414/1290/1073 1426/1299/1073
f 1427/1300/1074 1428/1301/1074 1429/1302/1074
f 1427/1300/1074 1429/1302/1074 1430/1303/1074
f 1428/1301/1075 1431/1304/1075 1432/1305/1075
f 1428/1301/1075 1432/1305/1075 1429/1302/1075
f 1430/1303/1076 1429/1302/1076 1433/1306/1076
f 1430/1303/1076 1433/1306/1076 1434/1307/1076
f 1429/1302/1077 1432/1305/1077 1435/1308/1077
f 1429/1302/1077 1435/1308/1077 1433/1306/1077
f 1436/1309/1078 1437/1310/1078 1427/1300/1078
f 1436/1309/1078 1427/1300/1078 1438/1311/1078
f 1437/1310/1079 1439/1312/1079 1428/1301/1079
f 1437/1310/1079 1428/1301/1079 1427/1300/1079
f 1439/1312/1080 1440/1313/1080 1431/1304/1080
f 1439/1312/1080 1431/1304/1080 1428/1301/1080
f 1440/1313/1081 68/63/1081 1441/1314/1081
f 1440/1313/1081 1441/1314/1081 1431/1304/1081
f 1431/1304/1082 1441/1314/1082 1442/1315/1082
f 1431/1304/1082 1442/1315/1082 1432/1305/1082
f 1432/1305/1083 1442/1315/1083 1443/1316/1083
f 1432/1305/1083 1443/1316/1083 1435/1308/1083
f 1435/1308/1084 1443/1316/1084 1444/371/1084
f 1435/1308/1084 1444/371/1084 1445/504/1084
f 1433/1306/1085 1435/1308/1085 1445/504/1085
f 1433/1306/1085 1445/504/1085 1446/503/1085
f 1434/1307/1086 1433/1306/1086 1446/503/1086
f 1434/1307/1086 1446/503/1086 1447/498/1086
f 1448/1317/1087 1434/1307/1087 1447/498/1087
f 1448/1317/1087 1447/498/1087 1449/1318/1087
f 1450/1319/1088 1430/1303/1088 1434/1307/1088
f 1450/1319/1088 1434/1307/1088 1448/1317/1088
f 1438/1311/1089 1427/1300/1089 1430/1303/1089
f 1438/1311/1089 1430/1303/1089 1450/1319/1089
f 1451/1320/1090 1452/1321/1090 1453/1321/1090
f 1451/1320/1090 1453/1321/1090 1454/498/1090
f 1452/1321/1091 1455/508/1091 1456/504/1091
f 1452/1321/1091 1456/504/1091 1453/1321/1091
f 1454/498/1092 1453/1321/1092 1457/503/1092
f 1454/498/1092 1457/503/1092 1458/498/1092
f 1453/1321/1093 1456/504/1093 1459/1322/1093
f 1453/1321/1093 1459/1322/1093 1457/503/1093
f 1449/1318/1094 1447/498/1094 1451/1320/1094
f 1449/1318/1094 1451/1320/1094 1460/1323/1094
f 1447/498/1095 1446/503/1095 1452/1321/1095
f 1447/498/1095 1452/1321/1095 1451/1320/1095
f 1446/503/1096 1445/504/1096 1455/508/1096
f 1446/503/1096 1455/508/1096 1452/1321/1096
f 1445/504/1097 1444/371/1097 1461/1324/1097
f 1445/504/1097 1461/1324/1097 1455/508/1097
f 1455/508/1098 1461/1324/1098 1462/371/1098
f 1455/508/1098 1462/371/1098 1456/504/1098
f 1456/504/1099 1462/371/1099 1463/380/1099
f 1456/504/1099 1463/380/1099 1459/1322/1099
f 1459/1322/1100 1463/380/1100 418/371/1100
f 1459/1322/1100 418/371/1100 1464/504/1100
f 1457/503/1101 1459/1322/1101 1464/504/1101
f 1457/503/1101 1464/504/1101 1465/1321/1101
f 1458/498/1102 1457/503/1102 1465/1321/1102
f 1458/498/1102 1465/1321/1102 1466/498/1102
f 1467/509/1103 1458/498/1103 1466/498/1103
f 1467/509/1103 1466/498/1103 1468/1318/1103
f 1469/1318/1104 1454/498/1104 1458/498/1104
f 1469/1318/1104 1458/498/1104 1467/509/1104
f 1460/1323/1105 1451/1320/1105 1454/498/1105
f 1460/1323/1105 1454/498/1105 1469/1318/1105
f 1470/1325/1106 1471/1326/1106 1472/1327/1106
f 1470/1325/1106 1472/1327/1106 1473/1328/1106
f 1471/1326/1107 1474/1329/1107 1475/1330/1107
f 1471/1326/1107 1475/1330/1107 1472/1327/1107
f 1473/1328/1108 1472/1327/1108 1476/1331/1108
f 1473/1328/1108 1476/1331/1108 1477/1332/1108
f 1472/1327/1109 1475/1330/1109 1478/1333/1109
f 1472/1327/1109 1478/1333/1109 1476/1331/1109
f 388/345/1110 1479/1334/1110 1470/1325/1110
f 388/345/1110 1470/1325/1110 1480/1335/1110
f 1479/1334/1111 1481/1336/1111 1471/1326/1111
f 1479/1334/1111 1471/1326/1111 1470/1325/1111
f 1481/1336/1112 504/440/1112 1474/1329/1112
f 1481/1336/1112 1474/1329/1112 1471/1326/1112
f 504/440/1113 1482/1337/1113 1483/1338/1113
f 504/440/1113 1483/1338/1113 1474/1329/1113
f 1474/1329/1114 1483/1338/1114 1484/1339/1114
f 1474/1329/1114 1484/1339/1114 1475/1330/1114
f 1475/1330/1115 1484/1339/1115 1485/1340/1115
f 1475/1330/1115 1485/1340/1115 1478/1333/1115
f 1478/1333/1116 1485/1340/1116 1486/88/1116
f 1478/1333/1116 1486/88/1116 1487/1341/1116
f 1476/1331/1117 1478/1333/1117 1487/1341/1117
f 1476/1331/1117 1487/1341/1117 1488/385/1117
f 1477/1332/1118 1476/1331/1118 1488/385/1118
f 1477/1332/1118 1488/385/1118 1489/383/1118
f 1490/1342/1119 1477/1332/1119 1489/383/1119
f 1490/1342/1119 1489/383/1119 1491/1343/1119
f 1492/1344/1120 1473/1328/1120 1477/1332/1120
f 1492/1344/1120 1477/1332/1120 1490/1342/1120
f 1480/1335/1121 1470/1325/1121 1473/1328/1121
f 1480/1335/1121 1473/1328/1121 1492/1344/1121
f 1493/1345/1122 1494/1346/1122 1495/1347/1122
f 1493/1345/1122 1495/1347/1122 1496/1348/1122
f 1494/1346/1123 1497/1349/1123 1498/1341/1123
f 1494/1346/1123 1498/1341/1123 1495/1347/1123
f 1496/1348/1124 1495/1347/1124 1499/1350/1124
f 1496/1348/1124 1499/1350/1124 1500/1351/1124
f 1495/1347/1125 1498/1341/1125 1501/386/1125
f 1495/1347/1125 1501/386/1125 1499/1350/1125
f 1491/1343/1126 1489/383/1126 1493/1345/1126
f 1491/1343/1126 1493/1345/1126 1502/1343/1126
f 1489/383/1127 1488/385/1127 1494/1346/1127
f 1489/383/1127 1494/1346/1127 1493/1345/1127
f 1488/385/1128 1487/1341/1128 1497/1349/1128
f 1488/385/1128 1497/1349/1128 1494/1346/1128
f 1487/1341/1129 1486/88/1129 1503/88/1129
f 1487/1341/1129 1503/88/1129 1497/1349/1129
f 1497/1349/1130 1503/88/1130 1504/88/1130
f 1497/1349/1130 1504/88/1130 1498/1341/1130
f 1498/1341/1131 1504/88/1131 1505/84/1131
f 1498/1341/1131 1505/84/1131 1501/386/1131
f 1501/386/1132 1505/84/1132 1506/88/1132
f 1501/386/1132 1506/88/1132 1507/1341/1132
f 1499/1350/1101 1501/386/1101 1507/1341/1101
f 1499/1350/1101 1507/1341/1101 1508/1347/1101
f 1500/1351/1133 1499/1350/1133 1508/1347/1133
f 1500/1351/1133 1508/1347/1133 1509/1348/1133
f 1510/377/1103 1500/1351/1103 1509/1348/1103
f 1510/377/1103 1509/1348/1103 423/375/1103
f 1511/375/1134 1496/1348/1134 1500/1351/1134
f 1511/375/1134 1500/1351/1134 1510/377/1134
f 1502/1343/1135 1493/1345/1135 1496/1348/1135
f 1502/1343/1135 1496/1348/1135 1511/375/1135
f 1512/1352/1136 1513/1353/1136 1514/1354/1136
f 1512/1352/1136 1514/1354/1136 1515/1355/1136
f 1513/1353/1137 1516/1356/1137 1517/1357/1137
f 1513/1353/1137 1517/1357/1137 1514/1354/1137
f 1515/1355/1138 1514/1354/1138 1518/1358/1138
f 1515/1355/1138 1518/1358/1138 1519/1359/1138
f 1514/1354/1139 1517/1357/1139 1520/1360/1139
f 1514/1354/1139 1520/1360/1139 1518/1358/1139
f 188/171/1140 190/173/1140 1512/1352/1140
f 188/171/1140 1512/1352/1140 1521/1361/1140
f 190/173/1141 1522/1362/1141 1513/1353/1141
f 190/173/1141 1513/1353/1141 1512/1352/1141
f 1522/1362/1142 1523/1363/1142 1516/1356/1142
f 1522/1362/1142 1516/1356/1142 1513/1353/1142
f 1523/1363/1143 1524/310/1143 1525/1364/1143
f 1523/1363/1143 1525/1364/1143 1516/1356/1143
f 1516/1356/1144 1525/1364/1144 1526/1365/1144
f 1516/1356/1144 1526/1365/1144 1517/1357/1144
f 1517/1357/1145 1526/1365/1145 1527/1366/1145
f 1517/1357/1145 1527/1366/1145 1520/1360/1145
f 1520/1360/1146 1527/1366/1146 1528/1367/1146
f 1520/1360/1146 1528/1367/1146 1529/1368/1146
f 1518/1358/1147 1520/1360/1147 1529/1368/1147
f 1518/1358/1147 1529/1368/1147 1530/1369/1147
f 1519/1359/1148 1518/1358/1148 1530/1369/1148
f 1519/1359/1148 1530/1369/1148 1531/1370/1148
f 1532/1371/1149 1519/1359/1149 1531/1370/1149
f 1532/1371/1149 1531/1370/1149 1533/1372/1149
f 1534/1373/1150 1515/1355/1150 1519/1359/1150
f 1534/1373/1150 1519/1359/1150 1532/1371/1150
f 1521/1361/1151 1512/1352/1151 1515/1355/1151
f 1521/1361/1151 1515/1355/1151 1534/1373/1151
f 1535/1374/1152 1536/1375/1152 1537/1376/1152
f 1535/1374/1152 1537/1376/1152 1538/1377/1152
f 1536/1375/1153 1539/1378/1153 1540/1379/1153
f 1536/1375/1153 1540/1379/1153 1537/1376/1153
f 1538/1377/1154 1537/1376/1154 1541/1380/1154
f 1538/1377/1154 1541/1380/1154 1542/1381/1154
f 1537/1376/1155 1540/1379/1155 1543/1382/1155
f 1537/1376/1155 1543/1382/1155 1541/1380/1155
f 1533/1372/1156 1531/1370/1156 1535/1374/1156
f 1533/1372/1156 1535/1374/1156 1544/1383/1156
f 1531/1370/1157 1530/1369/1157 1536/1375/1157
f 1531/1370/1157 1536/1375/1157 1535/1374/1157
f 1530/1369/1158 1529/1368/1158 1539/1378/1158
f 1530/1369/1158 1539/1378/1158 1536/1375/1158
f 1529/1368/1159 1528/1367/1159 1545/1384/1159
f 1529/1368/1159 1545/1384/1159 1539/1378/1159
f 1539/1378/1160 1545/1384/1160 1546/1385/1160
f 1539/1378/1160 1546/1385/1160 1540/1379/1160
f 1540/1379/1161 1546/1385/1161 1547/1386/1161
f 1540/1379/1161 1547/1386/1161 1543/1382/1161
f 1543/1382/1162 1547/1386/1162 1548/1387/1162
f 1543/1382/1162 1548/1387/1162 1549/1388/1162
f 1541/1380/1163 1543/1382/1163 1549/1388/1163
f 1541/1380/1163 1549/1388/1163 1550/1389/1163
f 1542/1381/1164 1541/1380/1164 1550/1389/1164
f 1542/1381/1164 1550/1389/1164 1551/1390/1164
f 1552/1391/1165 1542/1381/1165 1551/1390/1165
f 1552/1391/1165 1551/1390/1165 143/128/1165
f 1553/1392/1166 1538/1377/1166 1542/1381/1166
f 1553/1392/1166 1542/1381/1166 1552/1391/1166
f 1544/1383/1167 1535/1374/1167 1538/1377/1167
f 1544/1383/1167 1538/1377/1167 1553/1392/1167
f 1554/1393/1168 1555/1394/1168 1556/1395/1168
f 1554/1393/1168 1556/1395/1168 1557/1396/1168
f 1555/1394/1169 1558/1397/1169 1559/1398/1169
f 1555/1394/1169 1559/1398/1169 1556/1395/1169
f 1557/1396/1170 1556/1395/1170 1560/1399/1170
f 1557/1396/1170 1560/1399/1170 1561/1400/1170
f 1556/1395/1171 1559/1398/1171 1562/1401/1171
f 1556/1395/1171 1562/1401/1171 1560/1399/1171
f 1563/1402/1172 1564/1403/1172 1554/1393/1172
f 1563/1402/1172 1554/1393/1172 1565/1404/1172
f 1564/1403/1173 688/589/1173 1555/1394/1173
f 1564/1403/1173 1555/1394/1173 1554/1393/1173
f 688/589/1174 1566/251/1174 1558/1397/1174
f 688/589/1174 1558/1397/1174 1555/1394/1174
f 1566/251/1175 1567/1405/1175 1568/1406/1175
f 1566/251/1175 1568/1406/1175 1558/1397/1175
f 1558/1397/1176 1568/1406/1176 1569/1407/1176
f 1558/1397/1176 1569/1407/1176 1559/1398/1176
f 1559/1398/1177 1569/1407/1177 1570/1408/1177
f 1559/1398/1177 1570/1408/1177 1562/1401/1177
f 1562/1401/1178 1570/1408/1178 1571/1409/1178
f 1562/1401/1178 1571/1409/1178 1572/1410/1178
f 1560/1399/1179 1562/1401/1179 1572/1410/1179
f 1560/1399/1179 1572/1410/1179 1573/1411/1179
f 1561/1400/1180 1560/1399/1180 1573/1411/1180
f 1561/1400/1180 1573/1411/1180 1574/1412/1180
f 1575/1413/1181 1561/1400/1181 1574/1412/1181
f 1575/1413/1181 1574/1412/1181 1576/1414/1181
f 1577/1415/1182 1557/1396/1182 1561/1400/1182
f 1577/1415/1182 1561/1400/1182 1575/1413/1182
f 1565/1404/1183 1554/1393/1183 1557/1396/1183
f 1565/1404/1183 1557/1396/1183 1577/1415/1183
f 1578/1416/1184 1579/1417/1184 1580/1418/1184
f 1578/1416/1184 1580/1418/1184 1581/1419/1184
f 1579/1417/1185 1582/1420/1185 1583/1421/1185
f 1579/1417/1185 1583/1421/1185 1580/1418/1185
f 1581/1419/1186 1580/1418/1186 1584/1422/1186
f 1581/1419/1186 1584/1422/1186 1585/1423/1186
f 1580/1418/1187 1583/1421/1187 1586/1424/1187
f 1580/1418/1187 1586/1424/1187 1584/1422/1187
f 1576/1414/1188 1574/1412/1188 1578/1416/1188
f 1576/1414/1188 1578/1416/1188 1587/1425/1188
f 1574/1412/1189 1573/1411/1189 1579/1417/1189
f 1574/1412/1189 1579/1417/1189 1578/1416/1189
f 1573/1411/1190 1572/1410/1190 1582/1420/1190
f 1573/1411/1190 1582/1420/1190 1579/1417/1190
f 1572/1410/1191 1571/1409/1191 1588/1426/1191
f 1572/1410/1191 1588/1426/1191 1582/1420/1191
f 1582/1420/1192 1588/1426/1192 1589/1427/1192
f 1582/1420/1192 1589/1427/1192 1583/1421/1192
f 1583/1421/1193 1589/1427/1193 1590/1428/1193
f 1583/1421/1193 1590/1428/1193 1586/1424/1193
f 1586/1424/1194 1590/1428/1194 163/148/1194
f 1586/1424/1194 163/148/1194 1591/1429/1194
f 1584/1422/1195 1586/1424/1195 1591/1429/1195
f 1584/1422/1195 1591/1429/1195 1592/1430/1195
f 1585/1423/1196 1584/1422/1196 1592/1430/1196
f 1585/1423/1196 1592/1430/1196 1593/1431/1196
f 1594/1432/1197 1585/1423/1197 1593/1431/1197
f 1594/1432/1197 1593/1431/1197 1595/202/1197
f 1596/1433/1198 1581/1419/1198 1585/1423/1198
f 1596/1433/1198 1585/1423/1198 1594/1432/1198
f 1587/1425/1199 1578/1416/1199 1581/1419/1199
f 1587/1425/1199 1581/1419/1199 1596/1433/1199
f 1597/1434/1200 1598/1435/1200 1599/1436/1200
f 1597/1434/1200 1599/1436/1200 1600/1437/1200
f 1598/1435/1201 1601/1438/1201 1602/1439/1201
f 1598/1435/1201 1602/1439/1201 1599/1436/1201
f 1600/1437/1202 1599/1436/1202 1603/1440/1202
f 1600/1437/1202 1603/1440/1202 1604/1441/1202
f 1599/1436/1203 1602/1439/1203 1605/1442/1203
f 1599/1436/1203 1605/1442/1203 1603/1440/1203
f 122/107/1204 1606/1443/1204 1597/1434/1204
f 122/107/1204 1597/1434/1204 1607/1444/1204
f 1606/1443/1205 120/105/1205 1598/1435/1205
f 1606/1443/1205 1598/1435/1205 1597/1434/1205
f 120/105/1206 1608/1445/1206 1601/1438/1206
f 120/105/1206 1601/1438/1206 1598/1435/1206
f 1608/1445/1207 1609/1446/1207 1610/1447/1207
f 1608/1445/1207 1610/1447/1207 1601/1438/1207
f 1601/1438/1208 1610/1447/1208 1611/1448/1208
f 1601/1438/1208 1611/1448/1208 1602/1439/1208
f 1602/1439/1209 1611/1448/1209 1612/1449/1209
f 1602/1439/1209 1612/1449/1209 1605/1442/1209
f 1605/1442/1210 1612/1449/1210 1613/543/1210
f 1605/1442/1210 1613/543/1210 1614/1450/1210
f 1603/1440/1211 1605/1442/1211 1614/1450/1211
f 1603/1440/1211 1614/1450/1211 1615/1451/1211
f 1604/1441/1212 1603/1440/1212 1615/1451/1212
f 1604/1441/1212 1615/1451/1212 1616/1452/1212
f 1617/1453/1213 1604/1441/1213 1616/1452/1213
f 1617/1453/1213 1616/1452/1213 1618/1454/1213
f 1619/1455/1214 1600/1437/1214 1604/1441/1214
f 1619/1455/1214 1604/1441/1214 1617/1453/1214
f 1607/1444/1215 1597/1434/1215 1600/1437/1215
f 1607/1444/1215 1600/1437/1215 1619/1455/1215
f 1620/1456/1216 1621/1457/1216 1622/1458/1216
f 1620/1456/1216 1622/1458/1216 1623/1459/1216
f 1621/1457/1217 1624/1460/1217 1625/1461/1217
f 1621/1457/1217 1625/1461/1217 1622/1458/1217
f 1623/1459/1218 1622/1458/1218 1626/1462/1218
f 1623/1459/1218 1626/1462/1218 1627/1463/1218
f 1622/1458/1219 1625/1461/1219 1628/1464/1219
f 1622/1458/1219 1628/1464/1219 1626/1462/1219
f 1618/1454/1220 1616/1452/1220 1620/1456/1220
f 1618/1454/1220 1620/1456/1220 1629/1465/1220
f 1616/1452/1221 1615/1451/1221 1621/1457/1221
f 1616/1452/1221 1621/1457/1221 1620/1456/1221
f 1615/1451/1222 1614/1450/1222 1624/1460/1222
f 1615/1451/1222 1624/1460/1222 1621/1457/1222
f 1614/1450/1223 1613/543/1223 1630/1466/1223
f 1614/1450/1223 1630/1466/1223 1624/1460/1223
f 1624/1460/1224 1630/1466/1224 1631/543/1224
f 1624/1460/1224 1631/543/1224 1625/1461/1224
f 1625/1461/1225 1631/543/1225 1632/1467/1225
f 1625/1461/1225 1632/1467/1225 1628/1464/1225
f 1628/1464/1226 1632/1467/1226 623/543/1226
f 1628/1464/1226 623/543/1226 1633/1468/1226
f 1626/1462/1227 1628/1464/1227 1633/1468/1227
f 1626/1462/1227 1633/1468/1227 1634/1469/1227
f 1627/1463/1228 1626/1462/1228 1634/1469/1228
f 1627/1463/1228 1634/1469/1228 1635/537/1228
f 1636/1470/1229 1627/1463/1229 1635/537/1229
f 1636/1470/1229 1635/537/1229 703/604/1229
f 1637/1471/1230 1623/1459/1230 1627/1463/1230
f 1637/1471/1230 1627/1463/1230 1636/1470/1230
f 1629/1465/1231 1620/1456/1231 1623/1459/1231
f 1629/1465/1231 1623/1459/1231 1637/1471/1231
f 1638/1472/1232 1639/1473/1232 1640/1474/1232
f 1638/1472/1232 1640/1474/1232 1641/1475/1232
f 1639/1473/1233 1642/1476/1233 1643/1477/1233
f 1639/1473/1233 1643/1477/1233 1640/1474/1233
f 1641/1475/1234 1640/1474/1234 1644/1478/1234
f 1641/1475/1234 1644/1478/1234 1645/1479/1234
f 1640/1474/1235 1643/1477/1235 1646/1480/1235
f 1640/1474/1235 1646/1480/1235 1644/1478/1235
f 1482/1337/1236 1647/313/1236 1638/1472/1236
f 1482/1337/1236 1638/1472/1236 1483/1338/1236
f 1647/313/1237 1648/1481/1237 1639/1473/1237
f 1647/313/1237 1639/1473/1237 1638/1472/1237
f 1648/1481/1238 1649/315/1238 1642/1476/1238
f 1648/1481/1238 1642/1476/1238 1639/1473/1238
f 1649/315/1239 1364/1241/1239 1366/1243/1239
f 1649/315/1239 1366/1243/1239 1642/1476/1239
f 1642/1476/1240 1366/1243/1240 1374/1251/1240
f 1642/1476/1240 1374/1251/1240 1643/1477/1240
f 1643/1477/1241 1374/1251/1241 1372/1249/1241
f 1643/1477/1241 1372/1249/1241 1646/1480/1241
f 1646/1480/1242 1372/1249/1242 1373/1250/1242
f 1646/1480/1242 1373/1250/1242 1650/1482/1242
f 1644/1478/1243 1646/1480/1243 1650/1482/1243
f 1644/1478/1243 1650/1482/1243 1651/1483/1243
f 1645/1479/1244 1644/1478/1244 1651/1483/1244
f 1645/1479/1244 1651/1483/1244 1652/1484/1244
f 1485/1340/1245 1645/1479/1245 1652/1484/1245
f 1485/1340/1245 1652/1484/1245 1486/88/1245
f 1484/1339/1246 1641/1475/1246 1645/1479/1246
f 1484/1339/1246 1645/1479/1246 1485/1340/1246
f 1483/1338/1247 1638/1472/1247 1641/1475/1247
f 1483/1338/1247 1641/1475/1247 1484/1339/1247
f 1653/1485/1091 1654/1486/1091 1655/1487/1091
f 1653/1485/1091 1655/1487/1091 1656/1488/1091
f 1654/1486/1248 1657/1489/1248 1658/1490/1248
f 1654/1486/1248 1658/1490/1248 1655/1487/1248
f 1656/1488/1249 1655/1487/1249 1659/1491/1249
f 1656/1488/1249 1659/1491/1249 1660/1492/1249
f 1655/1487/1250 1658/1490/1250 1661/1493/1250
f 1655/1487/1250 1661/1493/1250 1659/1491/1250
f 1486/88/1251 1652/1484/1251 1653/1485/1251
f 1486/88/1251 1653/1485/1251 1503/88/1251
f 1652/1484/1252 1651/1483/1252 1654/1486/1252
f 1652/1484/1252 1654/1486/1252 1653/1485/1252
f 1651/1483/1253 1650/1482/1253 1657/1489/1253
f 1651/1483/1253 1657/1489/1253 1654/1486/1253
f 1650/1482/1254 1373/1250/1254 1384/1261/1254
f 1650/1482/1254 1384/1261/1254 1657/1489/1254
f 1657/1489/1255 1384/1261/1255 1387/1264/1255
f 1657/1489/1255 1387/1264/1255 1658/1490/1255
f 1658/1490/1256 1387/1264/1256 1386/1263/1256
f 1658/1490/1256 1386/1263/1256 1661/1493/1256
f 1661/1493/1257 1386/1263/1257 643/87/1257
f 1661/1493/1257 643/87/1257 1662/81/1257
f 1659/1491/1258 1661/1493/1258 1662/81/1258
f 1659/1491/1258 1662/81/1258 1663/1494/1258
f 1660/1492/1259 1659/1491/1259 1663/1494/1259
f 1660/1492/1259 1663/1494/1259 1664/74/1259
f 1505/84/1260 1660/1492/1260 1664/74/1260
f 1505/84/1260 1664/74/1260 1506/88/1260
f 1504/88/1261 1656/1488/1261 1660/1492/1261
f 1504/88/1261 1660/1492/1261 1505/84/1261
f 1503/88/1224 1653/1485/1224 1656/1488/1224
f 1503/88/1224 1656/1488/1224 1504/88/1224
f 1665/1495/1262 1666/1496/1262 1667/1497/1262
f 1665/1495/1262 1667/1497/1262 1668/1498/1262
f 1666/1496/1263 1669/1499/1263 1670/1500/1263
f 1666/1496/1263 1670/1500/1263 1667/1497/1263
f 1668/1498/1264 1667/1497/1264 1671/1501/1264
f 1668/1498/1264 1671/1501/1264 1672/1502/1264
f 1667/1497/1265 1670/1500/1265 1673/1503/1265
f 1667/1497/1265 1673/1503/1265 1671/1501/1265
f 763/655/1266 1674/1504/1266 1665/1495/1266
f 763/655/1266 1665/1495/1266 1675/1505/1266
f 1674/1504/1267 1676/1506/1267 1666/1496/1267
f 1674/1504/1267 1666/1496/1267 1665/1495/1267
f 1676/1506/1268 1677/1507/1268 1669/1499/1268
f 1676/1506/1268 1669/1499/1268 1666/1496/1268
f 1677/1507/1269 188/171/1269 1521/1361/1269
f 1677/1507/1269 1521/1361/1269 1669/1499/1269
f 1669/1499/1270 1521/1361/1270 1534/1373/1270
f 1669/1499/1270 1534/1373/1270 1670/1500/1270
f 1670/1500/1271 1534/1373/1271 1532/1371/1271
f 1670/1500/1271 1532/1371/1271 1673/1503/1271
f 1673/1503/1272 1532/1371/1272 1533/1372/1272
f 1673/1503/1272 1533/1372/1272 1678/1508/1272
f 1671/1501/1273 1673/1503/1273 1678/1508/1273
f 1671/1501/1273 1678/1508/1273 1679/1509/1273
f 1672/1502/1274 1671/1501/1274 1679/1509/1274
f 1672/1502/1274 1679/1509/1274 1680/1510/1274
f 1681/1511/1275 1672/1502/1275 1680/1510/1275
f 1681/1511/1275 1680/1510/1275 768/660/1275
f 1682/1512/1276 1668/1498/1276 1672/1502/1276
f 1682/1512/1276 1672/1502/1276 1681/1511/1276
f 1675/1505/1277 1665/1495/1277 1668/1498/1277
f 1675/1505/1277 1668/1498/1277 1682/1512/1277
f 1683/1513/1278 1684/1514/1278 1685/1515/1278
f 1683/1513/1278 1685/1515/1278 1686/1516/1278
f 1684/1514/1279 1687/1517/1279 1688/1518/1279
f 1684/1514/1279 1688/1518/1279 1685/1515/1279
f 1686/1516/1280 1685/1515/1280 1689/1519/1280
f 1686/1516/1280 1689/1519/1280 1690/1520/1280
f 1685/1515/1281 1688/1518/1281 1691/1521/1281
f 1685/1515/1281 1691/1521/1281 1689/1519/1281
f 1692/1522/1282 1680/1510/1282 1683/1513/1282
f 1692/1522/1282 1683/1513/1282 791/683/1282
f 1680/1510/1283 1679/1509/1283 1684/1514/1283
f 1680/1510/1283 1684/1514/1283 1683/1513/1283
f 1679/1509/1284 1678/1508/1284 1687/1517/1284
f 1679/1509/1284 1687/1517/1284 1684/1514/1284
f 1678/1508/1285 1533/1372/1285 1544/1383/1285
f 1678/1508/1285 1544/1383/1285 1687/1517/1285
f 1687/1517/1286 1544/1383/1286 1553/1392/1286
f 1687/1517/1286 1553/1392/1286 1688/1518/1286
f 1688/1518/1287 1553/1392/1287 1552/1391/1287
f 1688/1518/1287 1552/1391/1287 1691/1521/1287
f 1691/1521/1288 1552/1391/1288 143/128/1288
f 1691/1521/1288 143/128/1288 142/127/1288
f 1689/1519/1289 1691/1521/1289 142/127/1289
f 1689/1519/1289 142/127/1289 141/126/1289
f 1690/1520/1290 1689/1519/1290 141/126/1290
f 1690/1520/1290 141/126/1290 139/124/1290
f 786/678/1291 1690/1520/1291 139/124/1291
f 786/678/1291 139/124/1291 138/123/1291
f 1693/1523/1292 1686/1516/1292 1690/1520/1292
f 1693/1523/1292 1690/1520/1292 786/678/1292
f 791/683/1293 1683/1513/1293 1686/1516/1293
f 791/683/1293 1686/1516/1293 1693/1523/1293
f 1694/1524/1294 1695/1525/1294 1696/1526/1294
f 1694/1524/1294 1696/1526/1294 1697/1527/1294
f 1695/1525/1295 1698/1528/1295 1699/1529/1295
f 1695/1525/1295 1699/1529/1295 1696/1526/1295
f 1697/1527/1296 1696/1526/1296 1700/1530/1296
f 1697/1527/1296 1700/1530/1296 1701/1531/1296
f 1696/1526/1297 1699/1529/1297 1702/1532/1297
f 1696/1526/1297 1702/1532/1297 1700/1530/1297
f 1567/1405/1298 1703/1533/1298 1694/1524/1298
f 1567/1405/1298 1694/1524/1298 1568/1406/1298
f 1703/1533/1299 128/113/1299 1695/1525/1299
f 1703/1533/1299 1695/1525/1299 1694/1524/1299
f 128/113/1300 1704/1534/1300 1698/1528/1300
f 128/113/1300 1698/1528/1300 1695/1525/1300
f 1704/1534/1301 1305/1184/1301 1306/1185/1301
f 1704/1534/1301 1306/1185/1301 1698/1528/1301
f 1698/1528/1302 1306/1185/1302 1313/1192/1302
f 1698/1528/1302 1313/1192/1302 1699/1529/1302
f 1699/1529/1303 1313/1192/1303 1311/1190/1303
f 1699/1529/1303 1311/1190/1303 1702/1532/1303
f 1702/1532/1304 1311/1190/1304 1312/1191/1304
f 1702/1532/1304 1312/1191/1304 1705/1535/1304
f 1700/1530/1305 1702/1532/1305 1705/1535/1305
f 1700/1530/1305 1705/1535/1305 1706/1536/1305
f 1701/1531/1306 1700/1530/1306 1706/1536/1306
f 1701/1531/1306 1706/1536/1306 1707/1537/1306
f 1570/1408/1307 1701/1531/1307 1707/1537/1307
f 1570/1408/1307 1707/1537/1307 1571/1409/1307
f 1569/1407/1308 1697/1527/1308 1701/1531/1308
f 1569/1407/1308 1701/1531/1308 1570/1408/1308
f 1568/1406/1309 1694/1524/1309 1697/1527/1309
f 1568/1406/1309 1697/1527/1309 1569/1407/1309
f 1708/1538/1310 1709/1539/1310 1710/1540/1310
f 1708/1538/1310 1710/1540/1310 1711/1541/1310
f 1709/1539/1311 1712/1542/1311 1713/1543/1311
f 1709/1539/1311 1713/1543/1311 1710/1540/1311
f 1711/1541/1312 1710/1540/1312 1714/1544/1312
f 1711/1541/1312 1714/1544/1312 1715/1545/1312
f 1710/1540/1313 1713/1543/1313 1716/1546/1313
f 1710/1540/1313 1716/1546/1313 1714/1544/1313
f 1571/1409/1314 1707/1537/1314 1708/1538/1314
f 1571/1409/1314 1708/1538/1314 1588/1426/1314
f 1707/1537/1315 1706/1536/1315 1709/1539/1315
f 1707/1537/1315 1709/1539/1315 1708/1538/1315
f 1706/1536/1316 1705/1535/1316 1712/1542/1316
f 1706/1536/1316 1712/1542/1316 1709/1539/1316
f 1705/1535/1317 1312/1191/1317 1323/1202/1317
f 1705/1535/1317 1323/1202/1317 1712/1542/1317
f 1712/1542/1318 1323/1202/1318 1327/1206/1318
f 1712/1542/1318 1327/1206/1318 1713/1543/1318
f 1713/1543/1319 1327/1206/1319 1326/1205/1319
f 1713/1543/1319 1326/1205/1319 1716/1546/1319
f 1716/1546/1320 1326/1205/1320 168/153/1320
f 1716/1546/1320 168/153/1320 167/152/1320
f 1714/1544/1321 1716/1546/1321 167/152/1321
f 1714/1544/1321 167/152/1321 166/151/1321
f 1715/1545/1322 1714/1544/1322 166/151/1322
f 1715/1545/1322 166/151/1322 164/149/1322
f 1590/1428/1323 1715/1545/1323 164/149/1323
f 1590/1428/1323 164/149/1323 163/148/1323
f 1589/1427/1324 1711/1541/1324 1715/1545/1324
f 1589/1427/1324 1715/1545/1324 1590/1428/1324
f 1588/1426/1325 1708/1538/1325 1711/1541/1325
f 1588/1426/1325 1711/1541/1325 1589/1427/1325
f 1717/1547/1326 1718/1548/1326 1719/1549/1326
f 1717/1547/1326 1719/1549/1326 1720/1550/1326
f 1718/1548/1327 1721/1551/1327 1722/1552/1327
f 1718/1548/1327 1722/1552/1327 1719/1549/1327
f 1720/1550/1328 1719/1549/1328 1723/1553/1328
f 1720/1550/1328 1723/1553/1328 1724/1554/1328
f 1719/1549/1329 1722/1552/1329 1725/1555/1329
f 1719/1549/1329 1725/1555/1329 1723/1553/1329
f 1726/1556/1330 1727/1557/1330 1717/1547/1330
f 1726/1556/1330 1717/1547/1330 1728/1558/1330
f 1727/1557/1331 1729/1559/1331 1718/1548/1331
f 1727/1557/1331 1718/1548/1331 1717/1547/1331
f 1729/1559/1332 1730/1560/1332 1721/1551/1332
f 1729/1559/1332 1721/1551/1332 1718/1548/1332
f 1730/1560/1333 122/107/1333 1607/1444/1333
f 1730/1560/1333 1607/1444/1333 1721/1551/1333
f 1721/1551/1334 1607/1444/1334 1619/1455/1334
f 1721/1551/1334 1619/1455/1334 1722/1552/1334
f 1722/1552/1335 1619/1455/1335 1617/1453/1335
f 1722/1552/1335 1617/1453/1335 1725/1555/1335
f 1725/1555/1336 1617/1453/1336 1618/1454/1336
f 1725/1555/1336 1618/1454/1336 1731/1561/1336
f 1723/1553/1337 1725/1555/1337 1731/1561/1337
f 1723/1553/1337 1731/1561/1337 1732/1562/1337
f 1724/1554/1338 1723/1553/1338 1732/1562/1338
f 1724/1554/1338 1732/1562/1338 1733/1563/1338
f 964/848/1339 1724/1554/1339 1733/1563/1339
f 964/848/1339 1733/1563/1339 965/849/1339
f 1734/1564/1340 1720/1550/1340 1724/1554/1340
f 1734/1564/1340 1724/1554/1340 964/848/1340
f 1728/1558/1341 1717/1547/1341 1720/1550/1341
f 1728/1558/1341 1720/1550/1341 1734/1564/1341
f 1735/1565/1342 1736/1566/1342 1737/1567/1342
f 1735/1565/1342 1737/1567/1342 1738/1568/1342
f 1736/1566/1343 1739/1569/1343 1740/1570/1343
f 1736/1566/1343 1740/1570/1343 1737/1567/1343
f 1738/1568/1344 1737/1567/1344 1741/1571/1344
f 1738/1568/1344 1741/1571/1344 1742/1572/1344
f 1737/1567/1345 1740/1570/1345 1743/1573/1345
f 1737/1567/1345 1743/1573/1345 1741/1571/1345
f 1744/1574/1346 1733/1563/1346 1735/1565/1346
f 1744/1574/1346 1735/1565/1346 994/877/1346
f 1733/1563/1347 1732/1562/1347 1736/1566/1347
f 1733/1563/1347 1736/1566/1347 1735/1565/1347
f 1732/1562/1348 1731/1561/1348 1739/1569/1348
f 1732/1562/1348 1739/1569/1348 1736/1566/1348
f 1731/1561/1349 1618/1454/1349 1629/1465/1349
f 1731/1561/1349 1629/1465/1349 1739/1569/1349
f 1739/1569/1350 1629/1465/1350 1637/1471/1350
f 1739/1569/1350 1637/1471/1350 1740/1570/1350
f 1740/1570/1351 1637/1471/1351 1636/1470/1351
f 1740/1570/1351 1636/1470/1351 1743/1573/1351
f 1743/1573/1352 1636/1470/1352 703/604/1352
f 1743/1573/1352 703/604/1352 702/603/1352
f 1741/1571/1353 1743/1573/1353 702/603/1353
f 1741/1571/1353 702/603/1353 701/602/1353
f 1742/1572/1354 1741/1571/1354 701/602/1354
f 1742/1572/1354 701/602/1354 699/600/1354
f 1745/867/1355 1742/1572/1355 699/600/1355
f 1745/867/1355 699/600/1355 698/599/1355
f 995/877/1356 1738/1568/1356 1742/1572/1356
f 995/877/1356 1742/1572/1356 1745/867/1356
f 994/877/1357 1735/1565/1357 1738/1568/1357
f 994/877/1357 1738/1568/1357 995/877/1357
f 1746/1575/1358 1747/1576/1358 1748/1577/1358
f 1746/1575/1358 1748/1577/1358 1749/1578/1358
f 1747/1576/1359 1750/1579/1359 1751/1580/1359
f 1747/1576/1359 1751/1580/1359 1748/1577/1359
f 1749/1578/1360 1748/1577/1360 1752/1581/1360
f 1749/1578/1360 1752/1581/1360 1753/1582/1360
f 1748/1577/1361 1751/1580/1361 1754/1583/1361
f 1748/1577/1361 1754/1583/1361 1752/1581/1361
f 1524/310/1362 1755/328/1362 1746/1575/1362
f 1524/310/1362 1746/1575/1362 1525/1364/1362
f 1755/328/1363 1756/1584/1363 1747/1576/1363
f 1755/328/1363 1747/1576/1363 1746/1575/1363
f 1756/1584/1364 1757/1585/1364 1750/1579/1364
f 1756/1584/1364 1750/1579/1364 1747/1576/1364
f 1757/1585/1365 383/341/1365 1397/1274/1365
f 1757/1585/1365 1397/1274/1365 1750/1579/1365
f 1750/1579/1366 1397/1274/1366 1410/1286/1366
f 1750/1579/1366 1410/1286/1366 1751/1580/1366
f 1751/1580/1367 1410/1286/1367 1408/1284/1367
f 1751/1580/1367 1408/1284/1367 1754/1583/1367
f 1754/1583/1368 1408/1284/1368 1409/1285/1368
f 1754/1583/1368 1409/1285/1368 1758/1586/1368
f 1752/1581/1369 1754/1583/1369 1758/1586/1369
f 1752/1581/1369 1758/1586/1369 1759/1587/1369
f 1753/1582/1370 1752/1581/1370 1759/1587/1370
f 1753/1582/1370 1759/1587/1370 1760/1588/1370
f 1527/1366/1371 1753/1582/1371 1760/1588/1371
f 1527/1366/1371 1760/1588/1371 1528/1367/1371
f 1526/1365/1372 1749/1578/1372 1753/1582/1372
f 1526/1365/1372 1753/1582/1372 1527/1366/1372
f 1525/1364/1373 1746/1575/1373 1749/1578/1373
f 1525/1364/1373 1749/1578/1373 1526/1365/1373
f 1761/1589/1374 1762/1590/1374 1763/1591/1374
f 1761/1589/1374 1763/1591/1374 1764/1592/1374
f 1762/1590/1375 1765/1593/1375 1766/1594/1375
f 1762/1590/1375 1766/1594/1375 1763/1591/1375
f 1764/1592/1376 1763/1591/1376 1767/1595/1376
f 1764/1592/1376 1767/1595/1376 1768/1596/1376
f 1763/1591/1377 1766/1594/1377 1769/1597/1377
f 1763/1591/1377 1769/1597/1377 1767/1595/1377
f 1528/1367/1378 1760/1588/1378 1761/1589/1378
f 1528/1367/1378 1761/1589/1378 1545/1384/1378
f 1760/1588/1379 1759/1587/1379 1762/1590/1379
f 1760/1588/1379 1762/1590/1379 1761/1589/1379
f 1759/1587/1380 1758/1586/1380 1765/1593/1380
f 1759/1587/1380 1765/1593/1380 1762/1590/1380
f 1758/1586/1381 1409/1285/1381 1420/1296/1381
f 1758/1586/1381 1420/1296/1381 1765/1593/1381
f 1765/1593/1382 1420/1296/1382 1426/1299/1382
f 1765/1593/1382 1426/1299/1382 1766/1594/1382
f 1766/1594/1383 1426/1299/1383 1424/1297/1383
f 1766/1594/1383 1424/1297/1383 1769/1597/1383
f 1769/1597/1384 1424/1297/1384 1425/1298/1384
f 1769/1597/1384 1425/1298/1384 1770/1598/1384
f 1767/1595/1385 1769/1597/1385 1770/1598/1385
f 1767/1595/1385 1770/1598/1385 1771/1599/1385
f 1768/1596/1386 1767/1595/1386 1771/1599/1386
f 1768/1596/1386 1771/1599/1386 1772/1600/1386
f 1547/1386/1387 1768/1596/1387 1772/1600/1387
f 1547/1386/1387 1772/1600/1387 1548/1387/1387
f 1546/1385/1388 1764/1592/1388 1768/1596/1388
f 1546/1385/1388 1768/1596/1388 1547/1386/1388
f 1545/1384/1389 1761/1589/1389 1764/1592/1389
f 1545/1384/1389 1764/1592/1389 1546/1385/1389
f 1773/1601/1390 1774/1602/1390 1775/1603/1390
f 1773/1601/1390 1775/1603/1390 1776/1604/1390
f 1774/1602/1391 1777/1605/1391 1778/1606/1391
f 1774/1602/1391 1778/1606/1391 1775/1603/1391
f 1776/1604/1392 1775/1603/1392 1779/1607/1392
f 1776/1604/1392 1779/1607/1392 1780/1608/1392
f 1775/1603/1393 1778/1606/1393 1781/1609/1393
f 1775/1603/1393 1781/1609/1393 1779/1607/1393
f 68/63/1394 1782/1610/1394 1773/1601/1394
f 68/63/1394 1773/1601/1394 1441/1314/1394
f 1782/1610/1395 1783/221/1395 1774/1602/1395
f 1782/1610/1395 1774/1602/1395 1773/1601/1395
f 1783/221/1396 1784/1611/1396 1777/1605/1396
f 1783/221/1396 1777/1605/1396 1774/1602/1396
f 1784/1611/1397 388/345/1397 1480/1335/1397
f 1784/1611/1397 1480/1335/1397 1777/1605/1397
f 1777/1605/1398 1480/1335/1398 1492/1344/1398
f 1777/1605/1398 1492/1344/1398 1778/1606/1398
f 1778/1606/1399 1492/1344/1399 1490/1342/1399
f 1778/1606/1399 1490/1342/1399 1781/1609/1399
f 1781/1609/1400 1490/1342/1400 1491/1343/1400
f 1781/1609/1400 1491/1343/1400 1785/1612/1400
f 1779/1607/1401 1781/1609/1401 1785/1612/1401
f 1779/1607/1401 1785/1612/1401 1786/366/1401
f 1780/1608/1402 1779/1607/1402 1786/366/1402
f 1780/1608/1402 1786/366/1402 1787/364/1402
f 1443/1316/1403 1780/1608/1403 1787/364/1403
f 1443/1316/1403 1787/364/1403 1444/371/1403
f 1442/1315/1404 1776/1604/1404 1780/1608/1404
f 1442/1315/1404 1780/1608/1404 1443/1316/1404
f 1441/1314/1405 1773/1601/1405 1776/1604/1405
f 1441/1314/1405 1776/1604/1405 1442/1315/1405
f 1788/372/1406 1789/1613/1406 1790/1613/1406
f 1788/372/1406 1790/1613/1406 1791/369/1406
f 1789/1613/1407 1792/1614/1407 1793/1615/1407
f 1789/1613/1407 1793/1615/1407 1790/1613/1407
f 1791/369/1408 1790/1613/1408 1794/1616/1408
f 1791/369/1408 1794/1616/1408 1795/369/1408
f 1790/1613/1093 1793/1615/1093 1796/1612/1093
f 1790/1613/1093 1796/1612/1093 1794/1616/1093
f 1444/371/1409 1787/364/1409 1788/372/1409
f 1444/371/1409 1788/372/1409 1461/1324/1409
f 1787/364/1410 1786/366/1410 1789/1613/1410
f 1787/364/1410 1789/1613/1410 1788/372/1410
f 1786/366/1411 1785/1612/1411 1792/1614/1411
f 1786/366/1411 1792/1614/1411 1789/1613/1411
f 1785/1612/1412 1491/1343/1412 1502/1343/1412
f 1785/1612/1412 1502/1343/1412 1792/1614/1412
f 1792/1614/1413 1502/1343/1413 1511/375/1413
f 1792/1614/1413 1511/375/1413 1793/1615/1413
f 1793/1615/1414 1511/375/1414 1510/377/1414
f 1793/1615/1414 1510/377/1414 1796/1612/1414
f 1796/1612/1132 1510/377/1132 423/375/1132
f 1796/1612/1132 423/375/1132 1797/1615/1132
f 1794/1616/1415 1796/1612/1415 1797/1615/1415
f 1794/1616/1415 1797/1615/1415 1798/1613/1415
f 1795/369/1416 1794/1616/1416 1798/1613/1416
f 1795/369/1416 1798/1613/1416 1799/369/1416
f 1463/380/1417 1795/369/1417 1799/369/1417
f 1463/380/1417 1799/369/1417 418/371/1417
f 1462/371/1418 1791/369/1418 1795/369/1418
f 1462/371/1418 1795/369/1418 1463/380/1418
f 1461/1324/1419 1788/372/1419 1791/369/1419
f 1461/1324/1419 1791/369/1419 1462/371/1419
f 1800/1617/1420 1801/1618/1420 1802/1619/1420
f 1800/1617/1420 1802/1619/1420 1803/1620/1420
f 1801/1618/1421 1804/1621/1421 1805/1622/1421
f 1801/1618/1421 1805/1622/1421 1802/1619/1421
f 1803/1620/1422 1802/1619/1422 1806/1623/1422
f 1803/1620/1422 1806/1623/1422 1807/1624/1422
f 1802/1619/1423 1805/1622/1423 1808/1625/1423
f 1802/1619/1423 1808/1625/1423 1806/1623/1423
f 1609/1446/1424 1809/1626/1424 1800/1617/1424
f 1609/1446/1424 1800/1617/1424 1610/1447/1424
f 1809/1626/1425 1810/257/1425 1801/1618/1425
f 1809/1626/1425 1801/1618/1425 1800/1617/1425
f 1810/257/1426 1811/1627/1426 1804/1621/1426
f 1810/257/1426 1804/1621/1426 1801/1618/1426
f 1811/1627/1427 1436/1309/1427 1438/1311/1427
f 1811/1627/1427 1438/1311/1427 1804/1621/1427
f 1804/1621/1428 1438/1311/1428 1450/1319/1428
f 1804/1621/1428 1450/1319/1428 1805/1622/1428
f 1805/1622/1429 1450/1319/1429 1448/1317/1429
f 1805/1622/1429 1448/1317/1429 1808/1625/1429
f 1808/1625/1430 1448/1317/1430 1449/1318/1430
f 1808/1625/1430 1449/1318/1430 1812/1628/1430
f 1806/1623/1431 1808/1625/1431 1812/1628/1431
f 1806/1623/1431 1812/1628/1431 1813/618/1431
f 1807/1624/1432 1806/1623/1432 1813/618/1432
f 1807/1624/1432 1813/618/1432 1814/615/1432
f 1612/1449/1433 1807/1624/1433 1814/615/1433
f 1612/1449/1433 1814/615/1433 1613/543/1433
f 1611/1448/1434 1803/1620/1434 1807/1624/1434
f 1611/1448/1434 1807/1624/1434 1612/1449/1434
f 1610/1447/1435 1800/1617/1435 1803/1620/1435
f 1610/1447/1435 1803/1620/1435 1611/1448/1435
f 1815/620/1436 1816/1629/1436 1817/1630/1436
f 1815/620/1436 1817/1630/1436 1818/615/1436
f 1816/1629/1437 1819/616/1437 1820/1628/1437
f 1816/1629/1437 1820/1628/1437 1817/1630/1437
f 1818/615/1438 1817/1630/1438 1821/618/1438
f 1818/615/1438 1821/618/1438 1822/1631/1438
f 1817/1630/1439 1820/1628/1439 1823/619/1439
f 1817/1630/1439 1823/619/1439 1821/618/1439
f 1613/543/1440 1814/615/1440 1815/620/1440
f 1613/543/1440 1815/620/1440 1630/1466/1440
f 1814/615/1441 1813/618/1441 1816/1629/1441
f 1814/615/1441 1816/1629/1441 1815/620/1441
f 1813/618/1442 1812/1628/1442 1819/616/1442
f 1813/618/1442 1819/616/1442 1816/1629/1442
f 1812/1628/1443 1449/1318/1443 1460/1323/1443
f 1812/1628/1443 1460/1323/1443 1819/616/1443
f 1819/616/1444 1460/1323/1444 1469/1318/1444
f 1819/616/1444 1469/1318/1444 1820/1628/1444
f 1820/1628/1445 1469/1318/1445 1467/509/1445
f 1820/1628/1445 1467/509/1445 1823/619/1445
f 1823/619/1446 1467/509/1446 1468/1318/1446
f 1823/619/1446 1468/1318/1446 1824/1628/1446
f 1821/618/1447 1823/619/1447 1824/1628/1447
f 1821/618/1447 1824/1628/1447 1825/1630/1447
f 1822/1631/1448 1821/618/1448 1825/1630/1448
f 1822/1631/1448 1825/1630/1448 1826/615/1448
f 1632/1467/1103 1822/1631/1103 1826/615/1103
f 1632/1467/1103 1826/615/1103 623/543/1103
f 1631/543/1449 1818/615/1449 1822/1631/1449
f 1631/543/1449 1822/1631/1449 1632/1467/1449
f 1630/1466/1105 1815/620/1105 1818/615/1105
f 1630/1466/1105 1818/615/1105 1631/543/1105
f 1827/1632/1450 1828/1633/1450 1829/1634/1450
f 1827/1632/1450 1829/1634/1450 1830/1635/1450
f 1828/1633/1451 1831/1636/1451 1832/1637/1451
f 1828/1633/1451 1832/1637/1451 1829/1634/1451
f 1830/1635/1452 1829/1634/1452 1833/1638/1452
f 1830/1635/1452 1833/1638/1452 1834/1639/1452
f 1829/1634/1453 1832/1637/1453 1835/1640/1453
f 1829/1634/1453 1835/1640/1453 1833/1638/1453
f 1400/1277/1454 1836/232/1454 1827/1632/1454
f 1400/1277/1454 1827/1632/1454 1401/1278/1454
f 1836/232/1455 1837/1641/1455 1828/1633/1455
f 1836/232/1455 1828/1633/1455 1827/1632/1455
f 1837/1641/1456 1838/1642/1456 1831/1636/1456
f 1837/1641/1456 1831/1636/1456 1828/1633/1456
f 1838/1642/1457 1563/1402/1457 1565/1404/1457
f 1838/1642/1457 1565/1404/1457 1831/1636/1457
f 1831/1636/1458 1565/1404/1458 1577/1415/1458
f 1831/1636/1458 1577/1415/1458 1832/1637/1458
f 1832/1637/1459 1577/1415/1459 1575/1413/1459
f 1832/1637/1459 1575/1413/1459 1835/1640/1459
f 1835/1640/1460 1575/1413/1460 1576/1414/1460
f 1835/1640/1460 1576/1414/1460 1839/1643/1460
f 1833/1638/1461 1835/1640/1461 1839/1643/1461
f 1833/1638/1461 1839/1643/1461 1840/1644/1461
f 1834/1639/1462 1833/1638/1462 1840/1644/1462
f 1834/1639/1462 1840/1644/1462 1841/1645/1462
f 1403/1280/1463 1834/1639/1463 1841/1645/1463
f 1403/1280/1463 1841/1645/1463 1404/196/1463
f 1402/1279/1464 1830/1635/1464 1834/1639/1464
f 1402/1279/1464 1834/1639/1464 1403/1280/1464
f 1401/1278/1465 1827/1632/1465 1830/1635/1465
f 1401/1278/1465 1830/1635/1465 1402/1279/1465
f 1842/1646/1466 1843/1647/1466 1844/1648/1466
f 1842/1646/1466 1844/1648/1466 1845/1649/1466
f 1843/1647/1467 1846/1650/1467 1847/1651/1467
f 1843/1647/1467 1847/1651/1467 1844/1648/1467
f 1845/1649/1468 1844/1648/1468 1848/1652/1468
f 1845/1649/1468 1848/1652/1468 1849/1653/1468
f 1844/1648/1469 1847/1651/1469 1850/1654/1469
f 1844/1648/1469 1850/1654/1469 1848/1652/1469
f 1404/196/1470 1841/1645/1470 1842/1646/1470
f 1404/196/1470 1842/1646/1470 1421/194/1470
f 1841/1645/1471 1840/1644/1471 1843/1647/1471
f 1841/1645/1471 1843/1647/1471 1842/1646/1471
f 1840/1644/1472 1839/1643/1472 1846/1650/1472
f 1840/1644/1472 1846/1650/1472 1843/1647/1472
f 1839/1643/1473 1576/1414/1473 1587/1425/1473
f 1839/1643/1473 1587/1425/1473 1846/1650/1473
f 1846/1650/1474 1587/1425/1474 1596/1433/1474
f 1846/1650/1474 1596/1433/1474 1847/1651/1474
f 1847/1651/1475 1596/1433/1475 1594/1432/1475
f 1847/1651/1475 1594/1432/1475 1850/1654/1475
f 1850/1654/1476 1594/1432/1476 1595/202/1476
f 1850/1654/1476 1595/202/1476 1851/1655/1476
f 1848/1652/1477 1850/1654/1477 1851/1655/1477
f 1848/1652/1477 1851/1655/1477 216/197/1477
f 1849/1653/1478 1848/1652/1478 216/197/1478
f 1849/1653/1478 216/197/1478 1852/1656/1478
f 1423/194/1479 1849/1653/1479 1852/1656/1479
f 1423/194/1479 1852/1656/1479 213/194/1479
f 1422/194/1480 1845/1649/1480 1849/1653/1480
f 1422/194/1480 1849/1653/1480 1423/194/1480
f 1421/194/1481 1842/1646/1481 1845/1649/1481
f 1421/194/1481 1845/1649/1481 1422/194/1481
f 1853/1657/1482 1854/1658/1482 1855/1659/1482
f 1853/1657/1482 1855/1659/1482 1856/1660/1482
f 1854/1658/1483 1857/1661/1483 1858/1662/1483
f 1854/1658/1483 1858/1662/1483 1855/1659/1483
f 1856/1660/1484 1855/1659/1484 1859/1663/1484
f 1856/1660/1484 1859/1663/1484 1860/1664/1484
f 1855/1659/1485 1858/1662/1485 1861/1665/1485
f 1855/1659/1485 1861/1665/1485 1859/1663/1485
f 1862/1666/1486 1863/1667/1486 1853/1657/1486
f 1862/1666/1486 1853/1657/1486 1864/1668/1486
f 1863/1667/1487 1865/1669/1487 1854/1658/1487
f 1863/1667/1487 1854/1658/1487 1853/1657/1487
f 1865/1669/1488 1866/1670/1488 1857/1661/1488
f 1865/1669/1488 1857/1661/1488 1854/1658/1488
f 1866/1670/1489 1005/887/1489 1007/889/1489
f 1866/1670/1489 1007/889/1489 1857/1661/1489
f 1857/1661/1490 1007/889/1490 1867/1671/1490
f 1857/1661/1490 1867/1671/1490 1858/1662/1490
f 1858/1662/1491 1867/1671/1491 1868/1672/1491
f 1858/1662/1491 1868/1672/1491 1861/1665/1491
f 1861/1665/1492 1868/1672/1492 1019/901/1492
f 1861/1665/1492 1019/901/1492 1869/1673/1492
f 1859/1663/1493 1861/1665/1493 1869/1673/1493
f 1859/1663/1493 1869/1673/1493 1870/1674/1493
f 1860/1664/1494 1859/1663/1494 1870/1674/1494
f 1860/1664/1494 1870/1674/1494 1871/1675/1494
f 1872/1676/1495 1860/1664/1495 1871/1675/1495
f 1872/1676/1495 1871/1675/1495 1873/1677/1495
f 1874/1678/1496 1856/1660/1496 1860/1664/1496
f 1874/1678/1496 1860/1664/1496 1872/1676/1496
f 1864/1668/1497 1853/1657/1497 1856/1660/1497
f 1864/1668/1497 1856/1660/1497 1874/1678/1497
f 1875/1679/1498 1876/1680/1498 1877/1681/1498
f 1875/1679/1498 1877/1681/1498 1878/1682/1498
f 1876/1680/1499 1879/1683/1499 1880/1684/1499
f 1876/1680/1499 1880/1684/1499 1877/1681/1499
f 1878/1682/1500 1877/1681/1500 1881/1685/1500
f 1878/1682/1500 1881/1685/1500 1882/1686/1500
f 1877/1681/1501 1880/1684/1501 1883/1687/1501
f 1877/1681/1501 1883/1687/1501 1881/1685/1501
f 1873/1677/1502 1871/1675/1502 1875/1679/1502
f 1873/1677/1502 1875/1679/1502 1884/1688/1502
f 1871/1675/1503 1870/1674/1503 1876/1680/1503
f 1871/1675/1503 1876/1680/1503 1875/1679/1503
f 1870/1674/1504 1869/1673/1504 1879/1683/1504
f 1870/1674/1504 1879/1683/1504 1876/1680/1504
f 1869/1673/1505 1019/901/1505 1055/937/1505
f 1869/1673/1505 1055/937/1505 1879/1683/1505
f 1879/1683/1506 1055/937/1506 1885/1689/1506
f 1879/1683/1506 1885/1689/1506 1880/1684/1506
f 1880/1684/1507 1885/1689/1507 1052/934/1507
f 1880/1684/1507 1052/934/1507 1883/1687/1507
f 1883/1687/1508 1052/934/1508 1051/933/1508
f 1883/1687/1508 1051/933/1508 1886/1690/1508
f 1881/1685/1509 1883/1687/1509 1886/1690/1509
f 1881/1685/1509 1886/1690/1509 1887/1691/1509
f 1882/1686/1510 1881/1685/1510 1887/1691/1510
f 1882/1686/1510 1887/1691/1510 1888/1692/1510
f 1161/1041/1511 1882/1686/1511 1888/1692/1511
f 1161/1041/1511 1888/1692/1511 1889/1693/1511
f 1890/1694/1512 1878/1682/1512 1882/1686/1512
f 1890/1694/1512 1882/1686/1512 1161/1041/1512
f 1884/1688/1513 1875/1679/1513 1878/1682/1513
f 1884/1688/1513 1878/1682/1513 1890/1694/1513
f 1891/1695/1514 1892/1696/1514 1893/1697/1514
f 1891/1695/1514 1893/1697/1514 1894/1698/1514
f 1892/1696/1515 1895/1699/1515 1896/1700/1515
f 1892/1696/1515 1896/1700/1515 1893/1697/1515
f 1894/1698/1516 1893/1697/1516 1897/1701/1516
f 1894/1698/1516 1897/1701/1516 1898/1702/1516
f 1893/1697/1517 1896/1700/1517 1899/1703/1517
f 1893/1697/1517 1899/1703/1517 1897/1701/1517
f 172/157/1518 1900/1704/1518 1891/1695/1518
f 172/157/1518 1891/1695/1518 1901/1705/1518
f 1900/1704/1519 1902/1706/1519 1892/1696/1519
f 1900/1704/1519 1892/1696/1519 1891/1695/1519
f 1902/1706/1520 1903/1707/1520 1895/1699/1520
f 1902/1706/1520 1895/1699/1520 1892/1696/1520
f 1903/1707/1521 1904/1708/1521 1070/952/1521
f 1903/1707/1521 1070/952/1521 1895/1699/1521
f 1895/1699/1522 1070/952/1522 1083/964/1522
f 1895/1699/1522 1083/964/1522 1896/1700/1522
f 1896/1700/1523 1083/964/1523 1081/962/1523
f 1896/1700/1523 1081/962/1523 1899/1703/1523
f 1899/1703/1524 1081/962/1524 1905/1709/1524
f 1899/1703/1524 1905/1709/1524 1906/1710/1524
f 1897/1701/1525 1899/1703/1525 1906/1710/1525
f 1897/1701/1525 1906/1710/1525 1907/1711/1525
f 1898/1702/1526 1897/1701/1526 1907/1711/1526
f 1898/1702/1526 1907/1711/1526 1908/1712/1526
f 1909/1713/1527 1898/1702/1527 1908/1712/1527
f 1909/1713/1527 1908/1712/1527 1910/1714/1527
f 1911/1715/1528 1894/1698/1528 1898/1702/1528
f 1911/1715/1528 1898/1702/1528 1909/1713/1528
f 1901/1705/1529 1891/1695/1529 1894/1698/1529
f 1901/1705/1529 1894/1698/1529 1911/1715/1529
f 1912/1716/1530 1913/1717/1530 1914/1718/1530
f 1912/1716/1530 1914/1718/1530 1915/1719/1530
f 1913/1717/1531 1916/1720/1531 1917/1721/1531
f 1913/1717/1531 1917/1721/1531 1914/1718/1531
f 1915/1719/1532 1914/1718/1532 1918/1722/1532
f 1915/1719/1532 1918/1722/1532 1919/1723/1532
f 1914/1718/1533 1917/1721/1533 1920/1724/1533
f 1914/1718/1533 1920/1724/1533 1918/1722/1533
f 1910/1714/1534 1908/1712/1534 1912/1716/1534
f 1910/1714/1534 1912/1716/1534 1921/1725/1534
f 1908/1712/1535 1907/1711/1535 1913/1717/1535
f 1908/1712/1535 1913/1717/1535 1912/1716/1535
f 1907/1711/1536 1906/1710/1536 1916/1720/1536
f 1907/1711/1536 1916/1720/1536 1913/1717/1536
f 1906/1710/1537 1905/1709/1537 1117/998/1537
f 1906/1710/1537 1117/998/1537 1916/1720/1537
f 1916/1720/1538 1117/998/1538 1116/997/1538
f 1916/1720/1538 1116/997/1538 1917/1721/1538
f 1917/1721/1539 1116/997/1539 1114/995/1539
f 1917/1721/1539 1114/995/1539 1920/1724/1539
f 1920/1724/1540 1114/995/1540 326/288/1540
f 1920/1724/1540 326/288/1540 325/287/1540
f 1918/1722/1541 1920/1724/1541 325/287/1541
f 1918/1722/1541 325/287/1541 324/286/1541
f 1919/1723/1542 1918/1722/1542 324/286/1542
f 1919/1723/1542 324/286/1542 323/285/1542
f 1922/1726/1543 1919/1723/1543 323/285/1543
f 1922/1726/1543 323/285/1543 306/270/1543
f 1923/1727/1544 1915/1719/1544 1919/1723/1544
f 1923/1727/1544 1919/1723/1544 1922/1726/1544
f 1921/1725/1545 1912/1716/1545 1915/1719/1545
f 1921/1725/1545 1915/1719/1545 1923/1727/1545
f 1924/1728/1546 1925/1729/1546 1926/1730/1546
f 1924/1728/1546 1926/1730/1546 1927/1731/1546
f 1925/1729/1547 1928/1732/1547 1929/1733/1547
f 1925/1729/1547 1929/1733/1547 1926/1730/1547
f 1927/1731/1548 1926/1730/1548 1930/1734/1548
f 1927/1731/1548 1930/1734/1548 1931/1735/1548
f 1926/1730/1549 1929/1733/1549 1932/1736/1549
f 1926/1730/1549 1932/1736/1549 1930/1734/1549
f 52/47/1550 50/45/1550 1924/1728/1550
f 52/47/1550 1924/1728/1550 1933/1737/1550
f 50/45/1551 49/41/1551 1925/1729/1551
f 50/45/1551 1925/1729/1551 1924/1728/1551
f 49/41/1552 48/42/1552 1928/1732/1552
f 49/41/1552 1928/1732/1552 1925/1729/1552
f 48/42/1553 1204/1084/1553 1206/1086/1553
f 48/42/1553 1206/1086/1553 1928/1732/1553
f 1928/1732/1554 1206/1086/1554 1219/1098/1554
f 1928/1732/1554 1219/1098/1554 1929/1733/1554
f 1929/1733/1555 1219/1098/1555 1217/1096/1555
f 1929/1733/1555 1217/1096/1555 1932/1736/1555
f 1932/1736/1556 1217/1096/1556 1218/1097/1556
f 1932/1736/1556 1218/1097/1556 1934/1738/1556
f 1930/1734/1557 1932/1736/1557 1934/1738/1557
f 1930/1734/1557 1934/1738/1557 1935/1739/1557
f 1931/1735/1558 1930/1734/1558 1935/1739/1558
f 1931/1735/1558 1935/1739/1558 1936/1740/1558
f 1937/1741/1559 1931/1735/1559 1936/1740/1559
f 1937/1741/1559 1936/1740/1559 1938/1742/1559
f 1095/976/1560 1927/1731/1560 1931/1735/1560
f 1095/976/1560 1931/1735/1560 1937/1741/1560
f 1933/1737/1561 1924/1728/1561 1927/1731/1561
f 1933/1737/1561 1927/1731/1561 1095/976/1561
f 1939/1743/1562 1940/1744/1562 1941/1745/1562
f 1939/1743/1562 1941/1745/1562 1942/1746/1562
f 1940/1744/1563 1943/1747/1563 1944/1748/1563
f 1940/1744/1563 1944/1748/1563 1941/1745/1563
f 1942/1746/1564 1941/1745/1564 1945/1749/1564
f 1942/1746/1564 1945/1749/1564 1946/1750/1564
f 1941/1745/1565 1944/1748/1565 1947/1751/1565
f 1941/1745/1565 1947/1751/1565 1945/1749/1565
f 1948/1752/1566 1936/1740/1566 1939/1743/1566
f 1948/1752/1566 1939/1743/1566 1949/1753/1566
f 1936/1740/1567 1950/1754/1567 1940/1744/1567
f 1936/1740/1567 1940/1744/1567 1939/1743/1567
f 1950/1754/1568 1951/1755/1568 1943/1747/1568
f 1950/1754/1568 1943/1747/1568 1940/1744/1568
f 1951/1755/1569 1952/1756/1569 1953/1757/1569
f 1951/1755/1569 1953/1757/1569 1943/1747/1569
f 1943/1747/1570 1953/1757/1570 1954/1758/1570
f 1943/1747/1570 1954/1758/1570 1944/1748/1570
f 1944/1748/1571 1954/1758/1571 1955/1759/1571
f 1944/1748/1571 1955/1759/1571 1947/1751/1571
f 1947/1751/1572 1955/1759/1572 330/292/1572
f 1947/1751/1572 330/292/1572 1956/1760/1572
f 1945/1749/1573 1947/1751/1573 1956/1760/1573
f 1945/1749/1573 1956/1760/1573 328/290/1573
f 1946/1750/1574 1945/1749/1574 328/290/1574
f 1946/1750/1574 328/290/1574 327/289/1574
f 1957/1761/1575 1946/1750/1575 327/289/1575
f 1957/1761/1575 327/289/1575 326/288/1575
f 1958/1762/1576 1942/1746/1576 1946/1750/1576
f 1958/1762/1576 1946/1750/1576 1957/1761/1576
f 1949/1753/1577 1939/1743/1577 1942/1746/1577
f 1949/1753/1577 1942/1746/1577 1958/1762/1577
f 1959/1763/1578 1960/1764/1578 1961/1765/1578
f 1959/1763/1578 1961/1765/1578 1962/1766/1578
f 1960/1764/1579 1963/1767/1579 1964/1768/1579
f 1960/1764/1579 1964/1768/1579 1961/1765/1579
f 1962/1766/1580 1961/1765/1580 1965/1769/1580
f 1962/1766/1580 1965/1769/1580 1966/1770/1580
f 1961/1765/1581 1964/1768/1581 1967/1771/1581
f 1961/1765/1581 1967/1771/1581 1965/1769/1581
f 97/85/1582 1968/1772/1582 1959/1763/1582
f 97/85/1582 1959/1763/1582 1969/1773/1582
f 1968/1772/1583 1970/1774/1583 1960/1764/1583
f 1968/1772/1583 1960/1764/1583 1959/1763/1583
f 1970/1774/1584 1971/1775/1584 1963/1767/1584
f 1970/1774/1584 1963/1767/1584 1960/1764/1584
f 1971/1775/1585 1972/1776/1585 1183/1063/1585
f 1971/1775/1585 1183/1063/1585 1963/1767/1585
f 1963/1767/1586 1183/1063/1586 1973/1777/1586
f 1963/1767/1586 1973/1777/1586 1964/1768/1586
f 1964/1768/1587 1973/1777/1587 1974/1778/1587
f 1964/1768/1587 1974/1778/1587 1967/1771/1587
f 1967/1771/1588 1974/1778/1588 1975/1779/1588
f 1967/1771/1588 1975/1779/1588 1976/1780/1588
f 1965/1769/1589 1967/1771/1589 1976/1780/1589
f 1965/1769/1589 1976/1780/1589 1977/1781/1589
f 1966/1770/1590 1965/1769/1590 1977/1781/1590
f 1966/1770/1590 1977/1781/1590 1978/1782/1590
f 1979/1783/1591 1966/1770/1591 1978/1782/1591
f 1979/1783/1591 1978/1782/1591 1980/1784/1591
f 1981/1785/1592 1962/1766/1592 1966/1770/1592
f 1981/1785/1592 1966/1770/1592 1979/1783/1592
f 1969/1773/1593 1959/1763/1593 1962/1766/1593
f 1969/1773/1593 1962/1766/1593 1981/1785/1593
f 1982/1786/1594 1983/1787/1594 1984/1788/1594
f 1982/1786/1594 1984/1788/1594 1985/1789/1594
f 1983/1787/1595 1986/1790/1595 1987/1791/1595
f 1983/1787/1595 1987/1791/1595 1984/1788/1595
f 1985/1789/1596 1984/1788/1596 1988/1792/1596
f 1985/1789/1596 1988/1792/1596 1989/1793/1596
f 1984/1788/1597 1987/1791/1597 1990/1794/1597
f 1984/1788/1597 1990/1794/1597 1988/1792/1597
f 1980/1784/1598 1978/1782/1598 1982/1786/1598
f 1980/1784/1598 1982/1786/1598 1991/1795/1598
f 1978/1782/1599 1977/1781/1599 1983/1787/1599
f 1978/1782/1599 1983/1787/1599 1982/1786/1599
f 1977/1781/1600 1976/1780/1600 1986/1790/1600
f 1977/1781/1600 1986/1790/1600 1983/1787/1600
f 1976/1780/1601 1975/1779/1601 1992/1796/1601
f 1976/1780/1601 1992/1796/1601 1986/1790/1601
f 1986/1790/1602 1992/1796/1602 1993/1797/1602
f 1986/1790/1602 1993/1797/1602 1987/1791/1602
f 1987/1791/1603 1993/1797/1603 1994/1798/1603
f 1987/1791/1603 1994/1798/1603 1990/1794/1603
f 1990/1794/1604 1994/1798/1604 527/461/1604
f 1990/1794/1604 527/461/1604 525/459/1604
f 1988/1792/1605 1990/1794/1605 525/459/1605
f 1988/1792/1605 525/459/1605 1995/1799/1605
f 1989/1793/1606 1988/1792/1606 1995/1799/1606
f 1989/1793/1606 1995/1799/1606 1996/1800/1606
f 1997/1801/1607 1989/1793/1607 1996/1800/1607
f 1997/1801/1607 1996/1800/1607 1998/176/1607
f 1999/1802/1608 1985/1789/1608 1989/1793/1608
f 1999/1802/1608 1989/1793/1608 1997/1801/1608
f 1991/1795/1609 1982/1786/1609 1985/1789/1609
f 1991/1795/1609 1985/1789/1609 1999/1802/1609
f 2000/1803/1610 2001/1804/1610 2002/1805/1610
f 2000/1803/1610 2002/1805/1610 2003/1806/1610
f 2001/1804/1611 2004/1807/1611 2005/1808/1611
f 2001/1804/1611 2005/1808/1611 2002/1805/1611
f 2003/1806/1612 2002/1805/1612 2006/1809/1612
f 2003/1806/1612 2006/1809/1612 2007/1810/1612
f 2002/1805/1613 2005/1808/1613 2008/1811/1613
f 2002/1805/1613 2008/1811/1613 2006/1809/1613
f 565/494/1614 673/577/1614 2000/1803/1614
f 565/494/1614 2000/1803/1614 2009/1812/1614
f 673/577/1615 672/578/1615 2001/1804/1615
f 673/577/1615 2001/1804/1615 2000/1803/1615
f 672/578/1616 671/579/1616 2004/1807/1616
f 672/578/1616 2004/1807/1616 2001/1804/1616
f 671/579/1617 227/196/1617 2010/1813/1617
f 671/579/1617 2010/1813/1617 2004/1807/1617
f 2004/1807/1618 2010/1813/1618 2011/1814/1618
f 2004/1807/1618 2011/1814/1618 2005/1808/1618
f 2005/1808/1619 2011/1814/1619 2012/1815/1619
f 2005/1808/1619 2012/1815/1619 2008/1811/1619
f 2008/1811/1620 2012/1815/1620 2013/1816/1620
f 2008/1811/1620 2013/1816/1620 2014/1817/1620
f 2006/1809/1621 2008/1811/1621 2014/1817/1621
f 2006/1809/1621 2014/1817/1621 2015/1818/1621
f 2007/1810/1622 2006/1809/1622 2015/1818/1622
f 2007/1810/1622 2015/1818/1622 2016/1819/1622
f 2017/1820/1623 2007/1810/1623 2016/1819/1623
f 2017/1820/1623 2016/1819/1623 2018/1821/1623
f 2019/1822/1624 2003/1806/1624 2007/1810/1624
f 2019/1822/1624 2007/1810/1624 2017/1820/1624
f 2009/1812/1625 2000/1803/1625 2003/1806/1625
f 2009/1812/1625 2003/1806/1625 2019/1822/1625
f 2020/1823/1626 2021/1824/1626 2022/1825/1626
f 2020/1823/1626 2022/1825/1626 2023/1826/1626
f 2021/1824/1627 2024/1827/1627 2025/1828/1627
f 2021/1824/1627 2025/1828/1627 2022/1825/1627
f 2023/1826/1628 2022/1825/1628 2026/1829/1628
f 2023/1826/1628 2026/1829/1628 2027/1830/1628
f 2022/1825/1629 2025/1828/1629 2028/1831/1629
f 2022/1825/1629 2028/1831/1629 2026/1829/1629
f 2018/1821/1630 2016/1819/1630 2020/1823/1630
f 2018/1821/1630 2020/1823/1630 2029/1832/1630
f 2016/1819/1631 2015/1818/1631 2021/1824/1631
f 2016/1819/1631 2021/1824/1631 2020/1823/1631
f 2015/1818/1632 2014/1817/1632 2024/1827/1632
f 2015/1818/1632 2024/1827/1632 2021/1824/1632
f 2014/1817/1633 2013/1816/1633 2030/1833/1633
f 2014/1817/1633 2030/1833/1633 2024/1827/1633
f 2024/1827/1634 2030/1833/1634 2031/1834/1634
f 2024/1827/1634 2031/1834/1634 2025/1828/1634
f 2025/1828/1635 2031/1834/1635 2032/1835/1635
f 2025/1828/1635 2032/1835/1635 2028/1831/1635
f 2028/1831/1636 2032/1835/1636 243/217/1636
f 2028/1831/1636 243/217/1636 242/216/1636
f 2026/1829/1637 2028/1831/1637 242/216/1637
f 2026/1829/1637 242/216/1637 241/215/1637
f 2027/1830/1638 2026/1829/1638 241/215/1638
f 2027/1830/1638 241/215/1638 239/213/1638
f 2033/1836/1639 2027/1830/1639 239/213/1639
f 2033/1836/1639 239/213/1639 238/212/1639
f 2034/1837/1640 2023/1826/1640 2027/1830/1640
f 2034/1837/1640 2027/1830/1640 2033/1836/1640
f 2029/1832/1641 2020/1823/1641 2023/1826/1641
f 2029/1832/1641 2023/1826/1641 2034/1837/1641
f 2035/1838/1642 2036/1839/1642 2037/1840/1642
f 2035/1838/1642 2037/1840/1642 2038/1841/1642
f 2036/1839/1643 2039/1842/1643 2040/1843/1643
f 2036/1839/1643 2040/1843/1643 2037/1840/1643
f 2038/1841/1644 2037/1840/1644 2041/1844/1644
f 2038/1841/1644 2041/1844/1644 2042/1845/1644
f 2037/1840/1645 2040/1843/1645 2043/1846/1645
f 2037/1840/1645 2043/1846/1645 2041/1844/1645
f 587/505/1646 585/506/1646 2035/1838/1646
f 587/505/1646 2035/1838/1646 2044/1847/1646
f 585/506/1647 584/503/1647 2036/1839/1647
f 585/506/1647 2036/1839/1647 2035/1838/1647
f 584/503/1648 583/508/1648 2039/1842/1648
f 584/503/1648 2039/1842/1648 2036/1839/1648
f 583/508/1649 432/371/1649 2045/1848/1649
f 583/508/1649 2045/1848/1649 2039/1842/1649
f 2039/1842/1650 2045/1848/1650 2046/1849/1650
f 2039/1842/1650 2046/1849/1650 2040/1843/1650
f 2040/1843/1651 2046/1849/1651 2047/1850/1651
f 2040/1843/1651 2047/1850/1651 2043/1846/1651
f 2043/1846/1652 2047/1850/1652 2048/1851/1652
f 2043/1846/1652 2048/1851/1652 2049/1852/1652
f 2041/1844/1653 2043/1846/1653 2049/1852/1653
f 2041/1844/1653 2049/1852/1653 2050/1853/1653
f 2042/1845/1654 2041/1844/1654 2050/1853/1654
f 2042/1845/1654 2050/1853/1654 2051/1854/1654
f 2052/1855/1655 2042/1845/1655 2051/1854/1655
f 2052/1855/1655 2051/1854/1655 2053/1856/1655
f 2054/1857/1656 2038/1841/1656 2042/1845/1656
f 2054/1857/1656 2042/1845/1656 2052/1855/1656
f 2044/1847/1657 2035/1838/1657 2038/1841/1657
f 2044/1847/1657 2038/1841/1657 2054/1857/1657
f 2055/1858/1658 2056/1859/1658 2057/1860/1658
f 2055/1858/1658 2057/1860/1658 2058/1861/1658
f 2056/1859/1659 2059/1862/1659 2060/1863/1659
f 2056/1859/1659 2060/1863/1659 2057/1860/1659
f 2058/1861/1660 2057/1860/1660 2061/1864/1660
f 2058/1861/1660 2061/1864/1660 2062/1865/1660
f 2057/1860/1661 2060/1863/1661 2063/1866/1661
f 2057/1860/1661 2063/1866/1661 2061/1864/1661
f 2053/1856/1662 2051/1854/1662 2055/1858/1662
f 2053/1856/1662 2055/1858/1662 2064/1867/1662
f 2051/1854/1663 2050/1853/1663 2056/1859/1663
f 2051/1854/1663 2056/1859/1663 2055/1858/1663
f 2050/1853/1664 2049/1852/1664 2059/1862/1664
f 2050/1853/1664 2059/1862/1664 2056/1859/1664
f 2049/1852/1665 2048/1851/1665 2065/1868/1665
f 2049/1852/1665 2065/1868/1665 2059/1862/1665
f 2059/1862/1666 2065/1868/1666 2066/1869/1666
f 2059/1862/1666 2066/1869/1666 2060/1863/1666
f 2060/1863/1667 2066/1869/1667 2067/1870/1667
f 2060/1863/1667 2067/1870/1667 2063/1866/1667
f 2063/1866/1668 2067/1870/1668 2068/63/1668
f 2063/1866/1668 2068/63/1668 273/239/1668
f 2061/1864/1669 2063/1866/1669 273/239/1669
f 2061/1864/1669 273/239/1669 272/238/1669
f 2062/1865/1670 2061/1864/1670 272/238/1670
f 2062/1865/1670 272/238/1670 2069/1310/1670
f 2070/1871/1671 2062/1865/1671 2069/1310/1671
f 2070/1871/1671 2069/1310/1671 270/236/1671
f 2071/1872/1672 2058/1861/1672 2062/1865/1672
f 2071/1872/1672 2062/1865/1672 2070/1871/1672
f 2064/1867/1673 2055/1858/1673 2058/1861/1673
f 2064/1867/1673 2058/1861/1673 2071/1872/1673
f 2072/1873/1674 2073/1874/1674 2074/1875/1674
f 2072/1873/1674 2074/1875/1674 2075/1876/1674
f 2073/1874/1675 2076/1877/1675 2077/1878/1675
f 2073/1874/1675 2077/1878/1675 2074/1875/1675
f 2075/1876/1644 2074/1875/1644 2078/1879/1644
f 2075/1876/1644 2078/1879/1644 2079/1880/1644
f 2074/1875/1676 2077/1878/1676 2080/1881/1676
f 2074/1875/1676 2080/1881/1676 2078/1879/1676
f 427/378/1677 448/387/1677 2072/1873/1677
f 427/378/1677 2072/1873/1677 2081/1882/1677
f 448/387/1678 447/385/1678 2073/1874/1678
f 448/387/1678 2073/1874/1678 2072/1873/1678
f 447/385/1679 446/384/1679 2076/1877/1679
f 447/385/1679 2076/1877/1679 2073/1874/1679
f 446/384/1680 102/82/1680 2082/1883/1680
f 446/384/1680 2082/1883/1680 2076/1877/1680
f 2076/1877/1681 2082/1883/1681 2083/1884/1681
f 2076/1877/1681 2083/1884/1681 2077/1878/1681
f 2077/1878/1682 2083/1884/1682 2084/1885/1682
f 2077/1878/1682 2084/1885/1682 2080/1881/1682
f 2080/1881/1683 2084/1885/1683 2085/1886/1683
f 2080/1881/1683 2085/1886/1683 2086/1887/1683
f 2078/1879/1684 2080/1881/1684 2086/1887/1684
f 2078/1879/1684 2086/1887/1684 2087/1888/1684
f 2079/1880/1685 2078/1879/1685 2087/1888/1685
f 2079/1880/1685 2087/1888/1685 2088/1889/1685
f 2089/1890/1655 2079/1880/1655 2088/1889/1655
f 2089/1890/1655 2088/1889/1655 2090/1891/1655
f 2091/1892/1686 2075/1876/1686 2079/1880/1686
f 2091/1892/1686 2079/1880/1686 2089/1890/1686
f 2081/1882/1687 2072/1873/1687 2075/1876/1687
f 2081/1882/1687 2075/1876/1687 2091/1892/1687
f 2092/1893/1688 2093/1894/1688 2094/1895/1688
f 2092/1893/1688 2094/1895/1688 2095/1896/1688
f 2093/1894/1689 2096/1897/1689 2097/1898/1689
f 2093/1894/1689 2097/1898/1689 2094/1895/1689
f 2095/1896/1690 2094/1895/1690 2098/1899/1690
f 2095/1896/1690 2098/1899/1690 2099/1900/1690
f 2094/1895/1691 2097/1898/1691 2100/1901/1691
f 2094/1895/1691 2100/1901/1691 2098/1899/1691
f 2090/1891/1692 2088/1889/1692 2092/1893/1692
f 2090/1891/1692 2092/1893/1692 2101/1902/1692
f 2088/1889/1693 2087/1888/1693 2093/1894/1693
f 2088/1889/1693 2093/1894/1693 2092/1893/1693
f 2087/1888/1694 2086/1887/1694 2096/1897/1694
f 2087/1888/1694 2096/1897/1694 2093/1894/1694
f 2086/1887/1695 2085/1886/1695 2102/1903/1695
f 2086/1887/1695 2102/1903/1695 2096/1897/1695
f 2096/1897/1696 2102/1903/1696 2103/1904/1696
f 2096/1897/1696 2103/1904/1696 2097/1898/1696
f 2097/1898/1697 2103/1904/1697 2104/1905/1697
f 2097/1898/1697 2104/1905/1697 2100/1901/1697
f 2100/1901/1698 2104/1905/1698 2105/180/1698
f 2100/1901/1698 2105/180/1698 373/333/1698
f 2098/1899/1699 2100/1901/1699 373/333/1699
f 2098/1899/1699 373/333/1699 372/332/1699
f 2099/1900/1700 2098/1899/1700 372/332/1700
f 2099/1900/1700 372/332/1700 371/331/1700
f 2106/1906/1701 2099/1900/1701 371/331/1701
f 2106/1906/1701 371/331/1701 2107/1907/1701
f 2108/1908/1702 2095/1896/1702 2099/1900/1702
f 2108/1908/1702 2099/1900/1702 2106/1906/1702
f 2101/1902/1703 2092/1893/1703 2095/1896/1703
f 2101/1902/1703 2095/1896/1703 2108/1908/1703
f 2109/1909/1704 2110/1910/1704 2111/1911/1704
f 2109/1909/1704 2111/1911/1704 2112/1912/1704
f 2110/1910/1705 2113/1913/1705 2114/1914/1705
f 2110/1910/1705 2114/1914/1705 2111/1911/1705
f 2112/1912/1706 2111/1911/1706 2115/1915/1706
f 2112/1912/1706 2115/1915/1706 2116/1916/1706
f 2111/1911/1707 2114/1914/1707 2117/1917/1707
f 2111/1911/1707 2117/1917/1707 2115/1915/1707
f 147/132/1708 469/407/1708 2109/1909/1708
f 147/132/1708 2109/1909/1708 2118/1918/1708
f 469/407/1709 468/406/1709 2110/1910/1709
f 469/407/1709 2110/1910/1709 2109/1909/1709
f 468/406/1710 467/405/1710 2113/1913/1710
f 468/406/1710 2113/1913/1710 2110/1910/1710
f 467/405/1711 466/401/1711 2119/1919/1711
f 467/405/1711 2119/1919/1711 2113/1913/1711
f 2113/1913/1712 2119/1919/1712 2120/1920/1712
f 2113/1913/1712 2120/1920/1712 2114/1914/1712
f 2114/1914/1713 2120/1920/1713 2121/1921/1713
f 2114/1914/1713 2121/1921/1713 2117/1917/1713
f 2117/1917/1714 2121/1921/1714 2122/1922/1714
f 2117/1917/1714 2122/1922/1714 2123/1923/1714
f 2115/1915/1715 2117/1917/1715 2123/1923/1715
f 2115/1915/1715 2123/1923/1715 2124/1924/1715
f 2116/1916/1716 2115/1915/1716 2124/1924/1716
f 2116/1916/1716 2124/1924/1716 2125/1925/1716
f 2126/1926/1717 2116/1916/1717 2125/1925/1717
f 2126/1926/1717 2125/1925/1717 2127/1927/1717
f 2128/1928/1718 2112/1912/1718 2116/1916/1718
f 2128/1928/1718 2116/1916/1718 2126/1926/1718
f 2118/1918/1719 2109/1909/1719 2112/1912/1719
f 2118/1918/1719 2112/1912/1719 2128/1928/1719
f 2129/1929/1720 2130/1930/1720 2131/1931/1720
f 2129/1929/1720 2131/1931/1720 2132/1932/1720
f 2130/1930/1721 2133/1933/1721 2134/1934/1721
f 2130/1930/1721 2134/1934/1721 2131/1931/1721
f 2132/1932/1722 2131/1931/1722 2135/1935/1722
f 2132/1932/1722 2135/1935/1722 2136/1936/1722
f 2131/1931/1723 2134/1934/1723 2137/1937/1723
f 2131/1931/1723 2137/1937/1723 2135/1935/1723
f 2127/1927/1724 2125/1925/1724 2129/1929/1724
f 2127/1927/1724 2129/1929/1724 2138/1938/1724
f 2125/1925/1725 2124/1924/1725 2130/1930/1725
f 2125/1925/1725 2130/1930/1725 2129/1929/1725
f 2124/1924/1726 2123/1923/1726 2133/1933/1726
f 2124/1924/1726 2133/1933/1726 2130/1930/1726
f 2123/1923/1727 2122/1922/1727 2139/1939/1727
f 2123/1923/1727 2139/1939/1727 2133/1933/1727
f 2133/1933/1728 2139/1939/1728 2140/1940/1728
f 2133/1933/1728 2140/1940/1728 2134/1934/1728
f 2134/1934/1729 2140/1940/1729 2141/1941/1729
f 2134/1934/1729 2141/1941/1729 2137/1937/1729
f 2137/1937/1730 2141/1941/1730 348/310/1730
f 2137/1937/1730 348/310/1730 347/309/1730
f 2135/1935/1731 2137/1937/1731 347/309/1731
f 2135/1935/1731 347/309/1731 346/308/1731
f 2136/1936/1732 2135/1935/1732 346/308/1732
f 2136/1936/1732 346/308/1732 344/306/1732
f 2142/1942/1733 2136/1936/1733 344/306/1733
f 2142/1942/1733 344/306/1733 343/305/1733
f 2143/1943/1734 2132/1932/1734 2136/1936/1734
f 2143/1943/1734 2136/1936/1734 2142/1942/1734
f 2138/1938/1735 2129/1929/1735 2132/1932/1735
f 2138/1938/1735 2132/1932/1735 2143/1943/1735
f 2144/1944/1736 2145/1945/1736 2146/1946/1736
f 2144/1944/1736 2146/1946/1736 2147/1947/1736
f 2145/1945/1737 2148/1948/1737 2149/1949/1737
f 2145/1945/1737 2149/1949/1737 2146/1946/1737
f 2147/1947/1738 2146/1946/1738 2150/1950/1738
f 2147/1947/1738 2150/1950/1738 2151/1951/1738
f 2146/1946/1739 2149/1949/1739 2152/1952/1739
f 2146/1946/1739 2152/1952/1739 2150/1950/1739
f 222/202/1740 408/359/1740 2144/1944/1740
f 222/202/1740 2144/1944/1740 2153/1953/1740
f 408/359/1741 407/363/1741 2145/1945/1741
f 408/359/1741 2145/1945/1741 2144/1944/1741
f 407/363/1742 406/362/1742 2148/1948/1742
f 407/363/1742 2148/1948/1742 2145/1945/1742
f 406/362/1743 177/148/1743 2154/1954/1743
f 406/362/1743 2154/1954/1743 2148/1948/1743
f 2148/1948/1744 2154/1954/1744 2155/1955/1744
f 2148/1948/1744 2155/1955/1744 2149/1949/1744
f 2149/1949/1745 2155/1955/1745 2156/1956/1745
f 2149/1949/1745 2156/1956/1745 2152/1952/1745
f 2152/1952/1746 2156/1956/1746 2157/1957/1746
f 2152/1952/1746 2157/1957/1746 2158/1958/1746
f 2150/1950/1747 2152/1952/1747 2158/1958/1747
f 2150/1950/1747 2158/1958/1747 2159/1959/1747
f 2151/1951/1748 2150/1950/1748 2159/1959/1748
f 2151/1951/1748 2159/1959/1748 2160/1960/1748
f 2161/1961/1749 2151/1951/1749 2160/1960/1749
f 2161/1961/1749 2160/1960/1749 2162/1962/1749
f 2163/1963/1750 2147/1947/1750 2151/1951/1750
f 2163/1963/1750 2151/1951/1750 2161/1961/1750
f 2153/1953/1751 2144/1944/1751 2147/1947/1751
f 2153/1953/1751 2147/1947/1751 2163/1963/1751
f 2164/1964/1752 2165/1965/1752 2166/1966/1752
f 2164/1964/1752 2166/1966/1752 2167/1967/1752
f 2165/1965/1753 2168/1968/1753 2169/1969/1753
f 2165/1965/1753 2169/1969/1753 2166/1966/1753
f 2167/1967/1754 2166/1966/1754 2170/1970/1754
f 2167/1967/1754 2170/1970/1754 2171/1971/1754
f 2166/1966/1755 2169/1969/1755 2172/1972/1755
f 2166/1966/1755 2172/1972/1755 2170/1970/1755
f 2162/1962/1756 2160/1960/1756 2164/1964/1756
f 2162/1962/1756 2164/1964/1756 2173/1973/1756
f 2160/1960/1757 2159/1959/1757 2165/1965/1757
f 2160/1960/1757 2165/1965/1757 2164/1964/1757
f 2159/1959/1758 2158/1958/1758 2168/1968/1758
f 2159/1959/1758 2168/1968/1758 2165/1965/1758
f 2158/1958/1759 2157/1957/1759 2174/1974/1759
f 2158/1958/1759 2174/1974/1759 2168/1968/1759
f 2168/1968/1760 2174/1974/1760 2175/1975/1760
f 2168/1968/1760 2175/1975/1760 2169/1969/1760
f 2169/1969/1761 2175/1975/1761 2176/1976/1761
f 2169/1969/1761 2176/1976/1761 2172/1972/1761
f 2172/1972/1762 2176/1976/1762 286/252/1762
f 2172/1972/1762 286/252/1762 285/251/1762
f 2170/1970/1763 2172/1972/1763 285/251/1763
f 2170/1970/1763 285/251/1763 284/250/1763
f 2171/1971/1764 2170/1970/1764 284/250/1764
f 2171/1971/1764 284/250/1764 283/249/1764
f 2177/1977/1765 2171/1971/1765 283/249/1765
f 2177/1977/1765 283/249/1765 266/72/1765
f 2178/1978/1766 2167/1967/1766 2171/1971/1766
f 2178/1978/1766 2171/1971/1766 2177/1977/1766
f 2173/1973/1767 2164/1964/1767 2167/1967/1767
f 2173/1973/1767 2167/1967/1767 2178/1978/1767
f 2179/1979/1768 2180/1980/1768 2181/1981/1768
f 2179/1979/1768 2181/1981/1768 2182/1982/1768
f 2180/1980/1769 2183/1983/1769 2184/1984/1769
f 2180/1980/1769 2184/1984/1769 2181/1981/1769
f 2182/1982/1770 2181/1981/1770 2185/1985/1770
f 2182/1982/1770 2185/1985/1770 2186/1986/1770
f 2181/1981/1771 2184/1984/1771 2187/1987/1771
f 2181/1981/1771 2187/1987/1771 2185/1985/1771
f 632/539/1772 630/546/1772 2179/1979/1772
f 632/539/1772 2179/1979/1772 2188/1988/1772
f 630/546/1773 629/531/1773 2180/1980/1773
f 630/546/1773 2180/1980/1773 2179/1979/1773
f 629/531/1774 628/542/1774 2183/1983/1774
f 629/531/1774 2183/1983/1774 2180/1980/1774
f 628/542/1775 627/545/1775 2189/1989/1775
f 628/542/1775 2189/1989/1775 2183/1983/1775
f 2183/1983/1776 2189/1989/1776 2190/1990/1776
f 2183/1983/1776 2190/1990/1776 2184/1984/1776
f 2184/1984/1777 2190/1990/1777 2191/1991/1777
f 2184/1984/1777 2191/1991/1777 2187/1987/1777
f 2187/1987/1778 2191/1991/1778 2192/1992/1778
f 2187/1987/1778 2192/1992/1778 2193/1993/1778
f 2185/1985/1779 2187/1987/1779 2193/1993/1779
f 2185/1985/1779 2193/1993/1779 2194/1994/1779
f 2186/1986/1780 2185/1985/1780 2194/1994/1780
f 2186/1986/1780 2194/1994/1780 2195/1995/1780
f 2196/1996/1781 2186/1986/1781 2195/1995/1781
f 2196/1996/1781 2195/1995/1781 2197/1997/1781
f 2198/1998/1782 2182/1982/1782 2186/1986/1782
f 2198/1998/1782 2186/1986/1782 2196/1996/1782
f 2188/1988/1783 2179/1979/1783 2182/1982/1783
f 2188/1988/1783 2182/1982/1783 2198/1998/1783
f 2199/1999/1784 2200/2000/1784 2201/2001/1784
f 2199/1999/1784 2201/2001/1784 2202/2002/1784
f 2200/2000/1785 2203/2003/1785 2204/2004/1785
f 2200/2000/1785 2204/2004/1785 2201/2001/1785
f 2202/2002/1786 2201/2001/1786 2205/2005/1786
f 2202/2002/1786 2205/2005/1786 2206/2006/1786
f 2201/2001/1787 2204/2004/1787 2207/2007/1787
f 2201/2001/1787 2207/2007/1787 2205/2005/1787
f 2197/1997/1788 2195/1995/1788 2199/1999/1788
f 2197/1997/1788 2199/1999/1788 2208/2008/1788
f 2195/1995/1789 2194/1994/1789 2200/2000/1789
f 2195/1995/1789 2200/2000/1789 2199/1999/1789
f 2194/1994/1790 2193/1993/1790 2203/2003/1790
f 2194/1994/1790 2203/2003/1790 2200/2000/1790
f 2193/1993/1791 2192/1992/1791 2209/2009/1791
f 2193/1993/1791 2209/2009/1791 2203/2003/1791
f 2203/2003/1792 2209/2009/1792 2210/2010/1792
f 2203/2003/1792 2210/2010/1792 2204/2004/1792
f 2204/2004/1793 2210/2010/1793 2211/2011/1793
f 2204/2004/1793 2211/2011/1793 2207/2007/1793
f 2207/2007/1794 2211/2011/1794 2212/2012/1794
f 2207/2007/1794 2212/2012/1794 313/104/1794
f 2205/2005/1795 2207/2007/1795 313/104/1795
f 2205/2005/1795 313/104/1795 2213/2013/1795
f 2206/2006/1796 2205/2005/1796 2213/2013/1796
f 2206/2006/1796 2213/2013/1796 2214/106/1796
f 2215/2014/1797 2206/2006/1797 2214/106/1797
f 2215/2014/1797 2214/106/1797 310/274/1797
f 2216/2015/1798 2202/2002/1798 2206/2006/1798
f 2216/2015/1798 2206/2006/1798 2215/2014/1798
f 2208/2008/1799 2199/1999/1799 2202/2002/1799
f 2208/2008/1799 2202/2002/1799 2216/2015/1799
f 2217/2016/1800 2218/2017/1800 2219/2018/1800
f 2217/2016/1800 2219/2018/1800 2220/2019/1800
f 2218/2017/1801 2221/2020/1801 2222/2021/1801
f 2218/2017/1801 2222/2021/1801 2219/2018/1801
f 2220/2019/1802 2219/2018/1802 2223/2022/1802
f 2220/2019/1802 2223/2022/1802 2224/2023/1802
f 2219/2018/1803 2222/2021/1803 2225/2024/1803
f 2219/2018/1803 2225/2024/1803 2223/2022/1803
f 102/82/1804 100/83/1804 2217/2016/1804
f 102/82/1804 2217/2016/1804 2082/1883/1804
f 100/83/1805 99/79/1805 2218/2017/1805
f 100/83/1805 2218/2017/1805 2217/2016/1805
f 99/79/1806 98/78/1806 2221/2020/1806
f 99/79/1806 2221/2020/1806 2218/2017/1806
f 98/78/1678 97/85/1678 1969/1773/1678
f 98/78/1678 1969/1773/1678 2221/2020/1678
f 2221/2020/1807 1969/1773/1807 1981/1785/1807
f 2221/2020/1807 1981/1785/1807 2222/2021/1807
f 2222/2021/1808 1981/1785/1808 1979/1783/1808
f 2222/2021/1808 1979/1783/1808 2225/2024/1808
f 2225/2024/1809 1979/1783/1809 1980/1784/1809
f 2225/2024/1809 1980/1784/1809 2226/2025/1809
f 2223/2022/1810 2225/2024/1810 2226/2025/1810
f 2223/2022/1810 2226/2025/1810 2227/2026/1810
f 2224/2023/1811 2223/2022/1811 2227/2026/1811
f 2224/2023/1811 2227/2026/1811 2228/2027/1811
f 2084/1885/1812 2224/2023/1812 2228/2027/1812
f 2084/1885/1812 2228/2027/1812 2085/1886/1812
f 2083/1884/1813 2220/2019/1813 2224/2023/1813
f 2083/1884/1813 2224/2023/1813 2084/1885/1813
f 2082/1883/1814 2217/2016/1814 2220/2019/1814
f 2082/1883/1814 2220/2019/1814 2083/1884/1814
f 2229/2028/1815 2230/2029/1815 2231/2030/1815
f 2229/2028/1815 2231/2030/1815 2232/2031/1815
f 2230/2029/1816 2233/2032/1816 2234/2033/1816
f 2230/2029/1816 2234/2033/1816 2231/2030/1816
f 2232/2031/1817 2231/2030/1817 2235/2034/1817
f 2232/2031/1817 2235/2034/1817 2236/2035/1817
f 2231/2030/1818 2234/2033/1818 2237/2036/1818
f 2231/2030/1818 2237/2036/1818 2235/2034/1818
f 2085/1886/1819 2228/2027/1819 2229/2028/1819
f 2085/1886/1819 2229/2028/1819 2102/1903/1819
f 2228/2027/1820 2227/2026/1820 2230/2029/1820
f 2228/2027/1820 2230/2029/1820 2229/2028/1820
f 2227/2026/1821 2226/2025/1821 2233/2032/1821
f 2227/2026/1821 2233/2032/1821 2230/2029/1821
f 2226/2025/1822 1980/1784/1822 1991/1795/1822
f 2226/2025/1822 1991/1795/1822 2233/2032/1822
f 2233/2032/1823 1991/1795/1823 1999/1802/1823
f 2233/2032/1823 1999/1802/1823 2234/2033/1823
f 2234/2033/1824 1999/1802/1824 1997/1801/1824
f 2234/2033/1824 1997/1801/1824 2237/2036/1824
f 2237/2036/1825 1997/1801/1825 1998/176/1825
f 2237/2036/1825 1998/176/1825 355/315/1825
f 2235/2034/1826 2237/2036/1826 355/315/1826
f 2235/2034/1826 355/315/1826 2238/2037/1826
f 2236/2035/1827 2235/2034/1827 2238/2037/1827
f 2236/2035/1827 2238/2037/1827 2239/2038/1827
f 2104/1905/1828 2236/2035/1828 2239/2038/1828
f 2104/1905/1828 2239/2038/1828 2105/180/1828
f 2103/1904/1829 2232/2031/1829 2236/2035/1829
f 2103/1904/1829 2236/2035/1829 2104/1905/1829
f 2102/1903/1830 2229/2028/1830 2232/2031/1830
f 2102/1903/1830 2232/2031/1830 2103/1904/1830
f 2240/2039/1831 2241/2040/1831 2242/2041/1831
f 2240/2039/1831 2242/2041/1831 2243/2042/1831
f 2241/2040/1832 2244/2043/1832 2245/2044/1832
f 2241/2040/1832 2245/2044/1832 2242/2041/1832
f 2243/2042/1833 2242/2041/1833 2246/2045/1833
f 2243/2042/1833 2246/2045/1833 2247/2046/1833
f 2242/2041/1834 2245/2044/1834 2248/2047/1834
f 2242/2041/1834 2248/2047/1834 2246/2045/1834
f 152/137/1835 2249/2048/1835 2240/2039/1835
f 152/137/1835 2240/2039/1835 2250/2049/1835
f 2249/2048/1836 149/134/1836 2241/2040/1836
f 2249/2048/1836 2241/2040/1836 2240/2039/1836
f 149/134/1837 2251/2050/1837 2244/2043/1837
f 149/134/1837 2244/2043/1837 2241/2040/1837
f 2251/2050/1838 147/132/1838 2118/1918/1838
f 2251/2050/1838 2118/1918/1838 2244/2043/1838
f 2244/2043/1839 2118/1918/1839 2128/1928/1839
f 2244/2043/1839 2128/1928/1839 2245/2044/1839
f 2245/2044/1840 2128/1928/1840 2126/1926/1840
f 2245/2044/1840 2126/1926/1840 2248/2047/1840
f 2248/2047/1841 2126/1926/1841 2127/1927/1841
f 2248/2047/1841 2127/1927/1841 2252/2051/1841
f 2246/2045/1842 2248/2047/1842 2252/2051/1842
f 2246/2045/1842 2252/2051/1842 2253/2052/1842
f 2247/2046/1843 2246/2045/1843 2253/2052/1843
f 2247/2046/1843 2253/2052/1843 2254/2053/1843
f 2255/2054/1844 2247/2046/1844 2254/2053/1844
f 2255/2054/1844 2254/2053/1844 1035/917/1844
f 2256/2055/1845 2243/2042/1845 2247/2046/1845
f 2256/2055/1845 2247/2046/1845 2255/2054/1845
f 2250/2049/1846 2240/2039/1846 2243/2042/1846
f 2250/2049/1846 2243/2042/1846 2256/2055/1846
f 2257/2056/1847 2258/2057/1847 2259/2058/1847
f 2257/2056/1847 2259/2058/1847 2260/2059/1847
f 2258/2057/1848 2261/2060/1848 2262/2061/1848
f 2258/2057/1848 2262/2061/1848 2259/2058/1848
f 2260/2059/1849 2259/2058/1849 2263/2062/1849
f 2260/2059/1849 2263/2062/1849 2264/2063/1849
f 2259/2058/1850 2262/2061/1850 2265/2064/1850
f 2259/2058/1850 2265/2064/1850 2263/2062/1850
f 1035/917/1851 2254/2053/1851 2257/2056/1851
f 1035/917/1851 2257/2056/1851 2266/2065/1851
f 2254/2053/1852 2253/2052/1852 2258/2057/1852
f 2254/2053/1852 2258/2057/1852 2257/2056/1852
f 2253/2052/1853 2252/2051/1853 2261/2060/1853
f 2253/2052/1853 2261/2060/1853 2258/2057/1853
f 2252/2051/1854 2127/1927/1854 2138/1938/1854
f 2252/2051/1854 2138/1938/1854 2261/2060/1854
f 2261/2060/1855 2138/1938/1855 2143/1943/1855
f 2261/2060/1855 2143/1943/1855 2262/2061/1855
f 2262/2061/1856 2143/1943/1856 2142/1942/1856
f 2262/2061/1856 2142/1942/1856 2265/2064/1856
f 2265/2064/1857 2142/1942/1857 343/305/1857
f 2265/2064/1857 343/305/1857 522/456/1857
f 2263/2062/1858 2265/2064/1858 522/456/1858
f 2263/2062/1858 522/456/1858 521/455/1858
f 2264/2063/1859 2263/2062/1859 521/455/1859
f 2264/2063/1859 521/455/1859 519/453/1859
f 1053/935/1860 2264/2063/1860 519/453/1860
f 1053/935/1860 519/453/1860 518/452/1860
f 2267/2066/1861 2260/2059/1861 2264/2063/1861
f 2267/2066/1861 2264/2063/1861 1053/935/1861
f 2266/2065/1862 2257/2056/1862 2260/2059/1862
f 2266/2065/1862 2260/2059/1862 2267/2066/1862
f 2268/2067/1863 2269/2068/1863 2270/2069/1863
f 2268/2067/1863 2270/2069/1863 2271/2070/1863
f 2269/2068/1864 2272/2071/1864 2273/2072/1864
f 2269/2068/1864 2273/2072/1864 2270/2069/1864
f 2271/2070/1865 2270/2069/1865 2274/2073/1865
f 2271/2070/1865 2274/2073/1865 2275/2074/1865
f 2270/2069/1866 2273/2072/1866 2276/2075/1866
f 2270/2069/1866 2276/2075/1866 2274/2073/1866
f 177/148/1867 175/160/1867 2268/2067/1867
f 177/148/1867 2268/2067/1867 2154/1954/1867
f 175/160/1868 174/159/1868 2269/2068/1868
f 175/160/1868 2269/2068/1868 2268/2067/1868
f 174/159/1869 173/158/1869 2272/2071/1869
f 174/159/1869 2272/2071/1869 2269/2068/1869
f 173/158/1870 172/157/1870 1901/1705/1870
f 173/158/1870 1901/1705/1870 2272/2071/1870
f 2272/2071/1871 1901/1705/1871 1911/1715/1871
f 2272/2071/1871 1911/1715/1871 2273/2072/1871
f 2273/2072/1872 1911/1715/1872 1909/1713/1872
f 2273/2072/1872 1909/1713/1872 2276/2075/1872
f 2276/2075/1873 1909/1713/1873 1910/1714/1873
f 2276/2075/1873 1910/1714/1873 2277/2076/1873
f 2274/2073/1874 2276/2075/1874 2277/2076/1874
f 2274/2073/1874 2277/2076/1874 2278/2077/1874
f 2275/2074/1875 2274/2073/1875 2278/2077/1875
f 2275/2074/1875 2278/2077/1875 2279/2078/1875
f 2156/1956/1876 2275/2074/1876 2279/2078/1876
f 2156/1956/1876 2279/2078/1876 2157/1957/1876
f 2155/1955/1877 2271/2070/1877 2275/2074/1877
f 2155/1955/1877 2275/2074/1877 2156/1956/1877
f 2154/1954/1878 2268/2067/1878 2271/2070/1878
f 2154/1954/1878 2271/2070/1878 2155/1955/1878
f 2280/2079/1879 2281/2080/1879 2282/2081/1879
f 2280/2079/1879 2282/2081/1879 2283/2082/1879
f 2281/2080/1880 2284/2083/1880 2285/2084/1880
f 2281/2080/1880 2285/2084/1880 2282/2081/1880
f 2283/2082/1881 2282/2081/1881 2286/2085/1881
f 2283/2082/1881 2286/2085/1881 2287/2086/1881
f 2282/2081/1882 2285/2084/1882 2288/2087/1882
f 2282/2081/1882 2288/2087/1882 2286/2085/1882
f 2157/1957/1883 2279/2078/1883 2280/2079/1883
f 2157/1957/1883 2280/2079/1883 2174/1974/1883
f 2279/2078/1884 2278/2077/1884 2281/2080/1884
f 2279/2078/1884 2281/2080/1884 2280/2079/1884
f 2278/2077/1885 2277/2076/1885 2284/2083/1885
f 2278/2077/1885 2284/2083/1885 2281/2080/1885
f 2277/2076/1886 1910/1714/1886 1921/1725/1886
f 2277/2076/1886 1921/1725/1886 2284/2083/1886
f 2284/2083/1887 1921/1725/1887 1923/1727/1887
f 2284/2083/1887 1923/1727/1887 2285/2084/1887
f 2285/2084/1888 1923/1727/1888 1922/1726/1888
f 2285/2084/1888 1922/1726/1888 2288/2087/1888
f 2288/2087/1889 1922/1726/1889 306/270/1889
f 2288/2087/1889 306/270/1889 305/269/1889
f 2286/2085/1890 2288/2087/1890 305/269/1890
f 2286/2085/1890 305/269/1890 304/268/1890
f 2287/2086/1891 2286/2085/1891 304/268/1891
f 2287/2086/1891 304/268/1891 303/267/1891
f 2176/1976/1892 2287/2086/1892 303/267/1892
f 2176/1976/1892 303/267/1892 286/252/1892
f 2175/1975/1893 2283/2082/1893 2287/2086/1893
f 2175/1975/1893 2287/2086/1893 2176/1976/1893
f 2174/1974/1894 2280/2079/1894 2283/2082/1894
f 2174/1974/1894 2283/2082/1894 2175/1975/1894
f 2289/2088/1895 2290/2089/1895 2291/2090/1895
f 2289/2088/1895 2291/2090/1895 2292/2091/1895
f 2290/2089/1896 2293/2092/1896 2294/2093/1896
f 2290/2089/1896 2294/2093/1896 2291/2090/1896
f 2292/2091/1897 2291/2090/1897 2295/2094/1897
f 2292/2091/1897 2295/2094/1897 2296/2095/1897
f 2291/2090/1898 2294/2093/1898 2297/2096/1898
f 2291/2090/1898 2297/2096/1898 2295/2094/1898
f 2298/2097/1899 2299/2098/1899 2289/2088/1899
f 2298/2097/1899 2289/2088/1899 2300/2099/1899
f 2299/2098/1900 2301/2100/1900 2290/2089/1900
f 2299/2098/1900 2290/2089/1900 2289/2088/1900
f 2301/2100/1901 2302/2101/1901 2293/2092/1901
f 2301/2100/1901 2293/2092/1901 2290/2089/1901
f 2302/2101/1902 632/539/1902 2188/1988/1902
f 2302/2101/1902 2188/1988/1902 2293/2092/1902
f 2293/2092/1903 2188/1988/1903 2198/1998/1903
f 2293/2092/1903 2198/1998/1903 2294/2093/1903
f 2294/2093/1904 2198/1998/1904 2196/1996/1904
f 2294/2093/1904 2196/1996/1904 2297/2096/1904
f 2297/2096/1905 2196/1996/1905 2197/1997/1905
f 2297/2096/1905 2197/1997/1905 2303/2102/1905
f 2295/2094/1906 2297/2096/1906 2303/2102/1906
f 2295/2094/1906 2303/2102/1906 2304/2103/1906
f 2296/2095/1907 2295/2094/1907 2304/2103/1907
f 2296/2095/1907 2304/2103/1907 2305/2104/1907
f 2306/2105/1908 2296/2095/1908 2305/2104/1908
f 2306/2105/1908 2305/2104/1908 1233/1112/1908
f 2307/2106/1909 2292/2091/1909 2296/2095/1909
f 2307/2106/1909 2296/2095/1909 2306/2105/1909
f 2300/2099/1910 2289/2088/1910 2292/2091/1910
f 2300/2099/1910 2292/2091/1910 2307/2106/1910
f 2308/2107/1911 2309/2108/1911 2310/2109/1911
f 2308/2107/1911 2310/2109/1911 2311/2110/1911
f 2309/2108/1912 2312/2111/1912 2313/2112/1912
f 2309/2108/1912 2313/2112/1912 2310/2109/1912
f 2311/2110/1913 2310/2109/1913 2314/2113/1913
f 2311/2110/1913 2314/2113/1913 2315/2114/1913
f 2310/2109/1914 2313/2112/1914 2316/2115/1914
f 2310/2109/1914 2316/2115/1914 2314/2113/1914
f 1233/1112/1915 2305/2104/1915 2308/2107/1915
f 1233/1112/1915 2308/2107/1915 2317/2116/1915
f 2305/2104/1916 2304/2103/1916 2309/2108/1916
f 2305/2104/1916 2309/2108/1916 2308/2107/1916
f 2304/2103/1917 2303/2102/1917 2312/2111/1917
f 2304/2103/1917 2312/2111/1917 2309/2108/1917
f 2303/2102/1918 2197/1997/1918 2208/2008/1918
f 2303/2102/1918 2208/2008/1918 2312/2111/1918
f 2312/2111/1919 2208/2008/1919 2216/2015/1919
f 2312/2111/1919 2216/2015/1919 2313/2112/1919
f 2313/2112/1920 2216/2015/1920 2215/2014/1920
f 2313/2112/1920 2215/2014/1920 2316/2115/1920
f 2316/2115/1921 2215/2014/1921 310/274/1921
f 2316/2115/1921 310/274/1921 2318/2117/1921
f 2314/2113/1922 2316/2115/1922 2318/2117/1922
f 2314/2113/1922 2318/2117/1922 2319/2118/1922
f 2315/2114/1923 2314/2113/1923 2319/2118/1923
f 2315/2114/1923 2319/2118/1923 331/293/1923
f 2320/2119/1924 2315/2114/1924 331/293/1924
f 2320/2119/1924 331/293/1924 330/292/1924
f 2321/2120/1925 2311/2110/1925 2315/2114/1925
f 2321/2120/1925 2315/2114/1925 2320/2119/1925
f 2317/2116/1926 2308/2107/1926 2311/2110/1926
f 2317/2116/1926 2311/2110/1926 2321/2120/1926
f 2322/2121/1927 2323/2122/1927 2324/2123/1927
f 2322/2121/1927 2324/2123/1927 2325/2124/1927
f 2323/2122/1928 2326/2125/1928 2327/2126/1928
f 2323/2122/1928 2327/2126/1928 2324/2123/1928
f 2325/2124/1929 2324/2123/1929 2328/2127/1929
f 2325/2124/1929 2328/2127/1929 2329/2128/1929
f 2324/2123/1930 2327/2126/1930 2330/2129/1930
f 2324/2123/1930 2330/2129/1930 2328/2127/1930
f 466/401/1931 568/491/1931 2322/2121/1931
f 466/401/1931 2322/2121/1931 2119/1919/1931
f 568/491/1932 567/492/1932 2323/2122/1932
f 568/491/1932 2323/2122/1932 2322/2121/1932
f 567/492/1933 566/493/1933 2326/2125/1933
f 567/492/1933 2326/2125/1933 2323/2122/1933
f 566/493/1934 565/494/1934 2009/1812/1934
f 566/493/1934 2009/1812/1934 2326/2125/1934
f 2326/2125/1935 2009/1812/1935 2019/1822/1935
f 2326/2125/1935 2019/1822/1935 2327/2126/1935
f 2327/2126/1936 2019/1822/1936 2017/1820/1936
f 2327/2126/1936 2017/1820/1936 2330/2129/1936
f 2330/2129/1937 2017/1820/1937 2018/1821/1937
f 2330/2129/1937 2018/1821/1937 2331/2130/1937
f 2328/2127/1938 2330/2129/1938 2331/2130/1938
f 2328/2127/1938 2331/2130/1938 2332/2131/1938
f 2329/2128/1939 2328/2127/1939 2332/2131/1939
f 2329/2128/1939 2332/2131/1939 2333/2132/1939
f 2121/1921/1940 2329/2128/1940 2333/2132/1940
f 2121/1921/1940 2333/2132/1940 2122/1922/1940
f 2120/1920/1941 2325/2124/1941 2329/2128/1941
f 2120/1920/1941 2329/2128/1941 2121/1921/1941
f 2119/1919/1942 2322/2121/1942 2325/2124/1942
f 2119/1919/1942 2325/2124/1942 2120/1920/1942
f 2334/2133/1943 2335/2134/1943 2336/2135/1943
f 2334/2133/1943 2336/2135/1943 2337/2136/1943
f 2335/2134/1944 2338/2137/1944 2339/2138/1944
f 2335/2134/1944 2339/2138/1944 2336/2135/1944
f 2337/2136/1945 2336/2135/1945 2340/2139/1945
f 2337/2136/1945 2340/2139/1945 2341/2140/1945
f 2336/2135/1946 2339/2138/1946 2342/2141/1946
f 2336/2135/1946 2342/2141/1946 2340/2139/1946
f 2122/1922/1947 2333/2132/1947 2334/2133/1947
f 2122/1922/1947 2334/2133/1947 2139/1939/1947
f 2333/2132/1948 2332/2131/1948 2335/2134/1948
f 2333/2132/1948 2335/2134/1948 2334/2133/1948
f 2332/2131/1949 2331/2130/1949 2338/2137/1949
f 2332/2131/1949 2338/2137/1949 2335/2134/1949
f 2331/2130/1950 2018/1821/1950 2029/1832/1950
f 2331/2130/1950 2029/1832/1950 2338/2137/1950
f 2338/2137/1951 2029/1832/1951 2034/1837/1951
f 2338/2137/1951 2034/1837/1951 2339/2138/1951
f 2339/2138/1952 2034/1837/1952 2033/1836/1952
f 2339/2138/1952 2033/1836/1952 2342/2141/1952
f 2342/2141/1953 2033/1836/1953 238/212/1953
f 2342/2141/1953 238/212/1953 370/330/1953
f 2340/2139/1954 2342/2141/1954 370/330/1954
f 2340/2139/1954 370/330/1954 369/329/1954
f 2341/2140/1955 2340/2139/1955 369/329/1955
f 2341/2140/1955 369/329/1955 368/328/1955
f 2141/1941/1956 2341/2140/1956 368/328/1956
f 2141/1941/1956 368/328/1956 348/310/1956
f 2140/1940/1957 2337/2136/1957 2341/2140/1957
f 2140/1940/1957 2341/2140/1957 2141/1941/1957
f 2139/1939/1958 2334/2133/1958 2337/2136/1958
f 2139/1939/1958 2337/2136/1958 2140/1940/1958
f 2343/2142/1959 2344/2143/1959 2345/2144/1959
f 2343/2142/1959 2345/2144/1959 2346/2145/1959
f 2344/2143/1960 2347/2146/1960 2348/2147/1960
f 2344/2143/1960 2348/2147/1960 2345/2144/1960
f 2346/2145/1961 2345/2144/1961 2349/2148/1961
f 2346/2145/1961 2349/2148/1961 2350/2149/1961
f 2345/2144/1962 2348/2147/1962 2351/2150/1962
f 2345/2144/1962 2351/2150/1962 2349/2148/1962
f 432/371/1963 430/379/1963 2343/2142/1963
f 432/371/1963 2343/2142/1963 2045/1848/1963
f 430/379/1964 429/374/1964 2344/2143/1964
f 430/379/1964 2344/2143/1964 2343/2142/1964
f 429/374/1965 428/367/1965 2347/2146/1965
f 429/374/1965 2347/2146/1965 2344/2143/1965
f 428/367/1680 427/378/1680 2081/1882/1680
f 428/367/1680 2081/1882/1680 2347/2146/1680
f 2347/2146/1966 2081/1882/1966 2091/1892/1966
f 2347/2146/1966 2091/1892/1966 2348/2147/1966
f 2348/2147/1967 2091/1892/1967 2089/1890/1967
f 2348/2147/1967 2089/1890/1967 2351/2150/1967
f 2351/2150/1968 2089/1890/1968 2090/1891/1968
f 2351/2150/1968 2090/1891/1968 2352/2151/1968
f 2349/2148/1969 2351/2150/1969 2352/2151/1969
f 2349/2148/1969 2352/2151/1969 2353/2152/1969
f 2350/2149/1970 2349/2148/1970 2353/2152/1970
f 2350/2149/1970 2353/2152/1970 2354/2153/1970
f 2047/1850/1971 2350/2149/1971 2354/2153/1971
f 2047/1850/1971 2354/2153/1971 2048/1851/1971
f 2046/1849/1972 2346/2145/1972 2350/2149/1972
f 2046/1849/1972 2350/2149/1972 2047/1850/1972
f 2045/1848/1973 2343/2142/1973 2346/2145/1973
f 2045/1848/1973 2346/2145/1973 2046/1849/1973
f 2355/2154/1974 2356/2155/1974 2357/2156/1974
f 2355/2154/1974 2357/2156/1974 2358/2157/1974
f 2356/2155/1975 2359/2158/1975 2360/2159/1975
f 2356/2155/1975 2360/2159/1975 2357/2156/1975
f 2358/2157/1976 2357/2156/1976 2361/2160/1976
f 2358/2157/1976 2361/2160/1976 2362/2161/1976
f 2357/2156/1977 2360/2159/1977 2363/2162/1977
f 2357/2156/1977 2363/2162/1977 2361/2160/1977
f 2048/1851/1978 2354/2153/1978 2355/2154/1978
f 2048/1851/1978 2355/2154/1978 2065/1868/1978
f 2354/2153/1979 2353/2152/1979 2356/2155/1979
f 2354/2153/1979 2356/2155/1979 2355/2154/1979
f 2353/2152/1980 2352/2151/1980 2359/2158/1980
f 2353/2152/1980 2359/2158/1980 2356/2155/1980
f 2352/2151/1981 2090/1891/1981 2101/1902/1981
f 2352/2151/1981 2101/1902/1981 2359/2158/1981
f 2359/2158/1982 2101/1902/1982 2108/1908/1982
f 2359/2158/1982 2108/1908/1982 2360/2159/1982
f 2360/2159/1983 2108/1908/1983 2106/1906/1983
f 2360/2159/1983 2106/1906/1983 2363/2162/1983
f 2363/2162/1984 2106/1906/1984 2107/1907/1984
f 2363/2162/1984 2107/1907/1984 2364/2163/1984
f 2361/2160/1985 2363/2162/1985 2364/2163/1985
f 2361/2160/1985 2364/2163/1985 249/221/1985
f 2362/2161/1986 2361/2160/1986 249/221/1986
f 2362/2161/1986 249/221/1986 2365/2164/1986
f 2067/1870/1987 2362/2161/1987 2365/2164/1987
f 2067/1870/1987 2365/2164/1987 2068/63/1987
f 2066/1869/1988 2358/2157/1988 2362/2161/1988
f 2066/1869/1988 2362/2161/1988 2067/1870/1988
f 2065/1868/1989 2355/2154/1989 2358/2157/1989
f 2065/1868/1989 2358/2157/1989 2066/1869/1989
f 2366/2165/1990 2367/2166/1990 2368/2167/1990
f 2366/2165/1990 2368/2167/1990 2369/2168/1990
f 2367/2166/1960 2370/2169/1960 2371/2170/1960
f 2367/2166/1960 2371/2170/1960 2368/2167/1960
f 2369/2168/1991 2368/2167/1991 2372/2171/1991
f 2369/2168/1991 2372/2171/1991 2373/2172/1991
f 2368/2167/1992 2371/2170/1992 2374/2173/1992
f 2368/2167/1992 2374/2173/1992 2372/2171/1992
f 627/545/1646 728/620/1646 2366/2165/1646
f 627/545/1646 2366/2165/1646 2189/1989/1646
f 728/620/1993 727/613/1993 2367/2166/1993
f 728/620/1993 2367/2166/1993 2366/2165/1993
f 727/613/1994 726/616/1994 2370/2169/1994
f 727/613/1994 2370/2169/1994 2367/2166/1994
f 726/616/1680 587/505/1680 2044/1847/1680
f 726/616/1680 2044/1847/1680 2370/2169/1680
f 2370/2169/1966 2044/1847/1966 2054/1857/1966
f 2370/2169/1966 2054/1857/1966 2371/2170/1966
f 2371/2170/1995 2054/1857/1995 2052/1855/1995
f 2371/2170/1995 2052/1855/1995 2374/2173/1995
f 2374/2173/1996 2052/1855/1996 2053/1856/1996
f 2374/2173/1996 2053/1856/1996 2375/2174/1996
f 2372/2171/1997 2374/2173/1997 2375/2174/1997
f 2372/2171/1997 2375/2174/1997 2376/2175/1997
f 2373/2172/1685 2372/2171/1685 2376/2175/1685
f 2373/2172/1685 2376/2175/1685 2377/2176/1685
f 2191/1991/1998 2373/2172/1998 2377/2176/1998
f 2191/1991/1998 2377/2176/1998 2192/1992/1998
f 2190/1990/1999 2369/2168/1999 2373/2172/1999
f 2190/1990/1999 2373/2172/1999 2191/1991/1999
f 2189/1989/2000 2366/2165/2000 2369/2168/2000
f 2189/1989/2000 2369/2168/2000 2190/1990/2000
f 2378/2177/2001 2379/2178/2001 2380/2179/2001
f 2378/2177/2001 2380/2179/2001 2381/2180/2001
f 2379/2178/2002 2382/2181/2002 2383/2182/2002
f 2379/2178/2002 2383/2182/2002 2380/2179/2002
f 2381/2180/2003 2380/2179/2003 2384/2183/2003
f 2381/2180/2003 2384/2183/2003 2385/2184/2003
f 2380/2179/2004 2383/2182/2004 2386/2185/2004
f 2380/2179/2004 2386/2185/2004 2384/2183/2004
f 2192/1992/2005 2377/2176/2005 2378/2177/2005
f 2192/1992/2005 2378/2177/2005 2209/2009/2005
f 2377/2176/2006 2376/2175/2006 2379/2178/2006
f 2377/2176/2006 2379/2178/2006 2378/2177/2006
f 2376/2175/2007 2375/2174/2007 2382/2181/2007
f 2376/2175/2007 2382/2181/2007 2379/2178/2007
f 2375/2174/2008 2053/1856/2008 2064/1867/2008
f 2375/2174/2008 2064/1867/2008 2382/2181/2008
f 2382/2181/2009 2064/1867/2009 2071/1872/2009
f 2382/2181/2009 2071/1872/2009 2383/2182/2009
f 2383/2182/2010 2071/1872/2010 2070/1871/2010
f 2383/2182/2010 2070/1871/2010 2386/2185/2010
f 2386/2185/2011 2070/1871/2011 270/236/2011
f 2386/2185/2011 270/236/2011 293/258/2011
f 2384/2183/2012 2386/2185/2012 293/258/2012
f 2384/2183/2012 293/258/2012 2387/2186/2012
f 2385/2184/2013 2384/2183/2013 2387/2186/2013
f 2385/2184/2013 2387/2186/2013 291/256/2013
f 2211/2011/2014 2385/2184/2014 291/256/2014
f 2211/2011/2014 291/256/2014 2212/2012/2014
f 2210/2010/2015 2381/2180/2015 2385/2184/2015
f 2210/2010/2015 2385/2184/2015 2211/2011/2015
f 2209/2009/2016 2378/2177/2016 2381/2180/2016
f 2209/2009/2016 2381/2180/2016 2210/2010/2016
f 2388/2187/2017 2389/2188/2017 2390/2189/2017
f 2388/2187/2017 2390/2189/2017 2391/2190/2017
f 2389/2188/2018 2392/2191/2018 2393/2192/2018
f 2389/2188/2018 2393/2192/2018 2390/2189/2018
f 2391/2190/2019 2390/2189/2019 2394/2193/2019
f 2391/2190/2019 2394/2193/2019 2395/2194/2019
f 2390/2189/2020 2393/2192/2020 2396/2195/2020
f 2390/2189/2020 2396/2195/2020 2394/2193/2020
f 227/196/2021 225/195/2021 2388/2187/2021
f 227/196/2021 2388/2187/2021 2010/1813/2021
f 225/195/2022 224/197/2022 2389/2188/2022
f 225/195/2022 2389/2188/2022 2388/2187/2022
f 224/197/2023 223/198/2023 2392/2191/2023
f 224/197/2023 2392/2191/2023 2389/2188/2023
f 223/198/2024 222/202/2024 2153/1953/2024
f 223/198/2024 2153/1953/2024 2392/2191/2024
f 2392/2191/2025 2153/1953/2025 2163/1963/2025
f 2392/2191/2025 2163/1963/2025 2393/2192/2025
f 2393/2192/2026 2163/1963/2026 2161/1961/2026
f 2393/2192/2026 2161/1961/2026 2396/2195/2026
f 2396/2195/2027 2161/1961/2027 2162/1962/2027
f 2396/2195/2027 2162/1962/2027 2397/2196/2027
f 2394/2193/2028 2396/2195/2028 2397/2196/2028
f 2394/2193/2028 2397/2196/2028 2398/2197/2028
f 2395/2194/2029 2394/2193/2029 2398/2197/2029
f 2395/2194/2029 2398/2197/2029 2399/2198/2029
f 2012/1815/2030 2395/2194/2030 2399/2198/2030
f 2012/1815/2030 2399/2198/2030 2013/1816/2030
f 2011/1814/2031 2391/2190/2031 2395/2194/2031
f 2011/1814/2031 2395/2194/2031 2012/1815/2031
f 2010/1813/2032 2388/2187/2032 2391/2190/2032
f 2010/1813/2032 2391/2190/2032 2011/1814/2032
f 2400/2199/2033 2401/2200/2033 2402/2201/2033
f 2400/2199/2033 2402/2201/2033 2403/2202/2033
f 2401/2200/2034 2404/2203/2034 2405/2204/2034
f 2401/2200/2034 2405/2204/2034 2402/2201/2034
f 2403/2202/2035 2402/2201/2035 2406/2205/2035
f 2403/2202/2035 2406/2205/2035 2407/2206/2035
f 2402/2201/2036 2405/2204/2036 2408/2207/2036
f 2402/2201/2036 2408/2207/2036 2406/2205/2036
f 2013/1816/2037 2399/2198/2037 2400/2199/2037
f 2013/1816/2037 2400/2199/2037 2030/1833/2037
f 2399/2198/2038 2398/2197/2038 2401/2200/2038
f 2399/2198/2038 2401/2200/2038 2400/2199/2038
f 2398/2197/2039 2397/2196/2039 2404/2203/2039
f 2398/2197/2039 2404/2203/2039 2401/2200/2039
f 2397/2196/2040 2162/1962/2040 2173/1973/2040
f 2397/2196/2040 2173/1973/2040 2404/2203/2040
f 2404/2203/2041 2173/1973/2041 2178/1978/2041
f 2404/2203/2041 2178/1978/2041 2405/2204/2041
f 2405/2204/2042 2178/1978/2042 2177/1977/2042
f 2405/2204/2042 2177/1977/2042 2408/2207/2042
f 2408/2207/2043 2177/1977/2043 266/72/2043
f 2408/2207/2043 266/72/2043 265/71/2043
f 2406/2205/2044 2408/2207/2044 265/71/2044
f 2406/2205/2044 265/71/2044 264/73/2044
f 2407/2206/2045 2406/2205/2045 264/73/2045
f 2407/2206/2045 264/73/2045 263/232/2045
f 2032/1835/2046 2407/2206/2046 263/232/2046
f 2032/1835/2046 263/232/2046 243/217/2046
f 2031/1834/2047 2403/2202/2047 2407/2206/2047
f 2031/1834/2047 2407/2206/2047 2032/1835/2047
f 2030/1833/2048 2400/2199/2048 2403/2202/2048
f 2030/1833/2048 2403/2202/2048 2031/1834/2048
f 2409/2208/2049 2410/2209/2049 2411/2210/2049
f 2409/2208/2049 2411/2210/2049 2412/2211/2049
f 2410/2209/2050 2413/2212/2050 2414/2213/2050
f 2410/2209/2050 2414/2213/2050 2411/2210/2050
f 2412/2211/2051 2411/2210/2051 2415/2214/2051
f 2412/2211/2051 2415/2214/2051 2416/2215/2051
f 2411/2210/2052 2414/2213/2052 2417/2216/2052
f 2411/2210/2052 2417/2216/2052 2415/2214/2052
f 2418/2217/2053 2419/2218/2053 2409/2208/2053
f 2418/2217/2053 2409/2208/2053 1006/888/2053
f 2419/2218/2054 2420/2219/2054 2410/2209/2054
f 2419/2218/2054 2410/2209/2054 2409/2208/2054
f 2420/2219/2055 2421/2220/2055 2413/2212/2055
f 2420/2219/2055 2413/2212/2055 2410/2209/2055
f 2421/2220/2056 738/630/2056 740/632/2056
f 2421/2220/2056 740/632/2056 2413/2212/2056
f 2413/2212/2057 740/632/2057 753/645/2057
f 2413/2212/2057 753/645/2057 2414/2213/2057
f 2414/2213/2058 753/645/2058 751/643/2058
f 2414/2213/2058 751/643/2058 2417/2216/2058
f 2417/2216/2059 751/643/2059 752/644/2059
f 2417/2216/2059 752/644/2059 2422/2221/2059
f 2415/2214/2060 2417/2216/2060 2422/2221/2060
f 2415/2214/2060 2422/2221/2060 2423/2222/2060
f 2416/2215/2061 2415/2214/2061 2423/2222/2061
f 2416/2215/2061 2423/2222/2061 2424/2223/2061
f 1009/891/2062 2416/2215/2062 2424/2223/2062
f 1009/891/2062 2424/2223/2062 2425/2224/2062
f 2426/2225/2063 2412/2211/2063 2416/2215/2063
f 2426/2225/2063 2416/2215/2063 1009/891/2063
f 1006/888/2064 2409/2208/2064 2412/2211/2064
f 1006/888/2064 2412/2211/2064 2426/2225/2064
f 2427/2226/2065 2428/2227/2065 2429/2228/2065
f 2427/2226/2065 2429/2228/2065 2430/2229/2065
f 2428/2227/2066 2431/2230/2066 2432/2231/2066
f 2428/2227/2066 2432/2231/2066 2429/2228/2066
f 2430/2229/2067 2429/2228/2067 2433/2232/2067
f 2430/2229/2067 2433/2232/2067 2434/2233/2067
f 2429/2228/2068 2432/2231/2068 2435/2234/2068
f 2429/2228/2068 2435/2234/2068 2433/2232/2068
f 2425/2224/2069 2424/2223/2069 2427/2226/2069
f 2425/2224/2069 2427/2226/2069 2436/2235/2069
f 2424/2223/2070 2423/2222/2070 2428/2227/2070
f 2424/2223/2070 2428/2227/2070 2427/2226/2070
f 2423/2222/2071 2422/2221/2071 2431/2230/2071
f 2423/2222/2071 2431/2230/2071 2428/2227/2071
f 2422/2221/2072 752/644/2072 2437/2236/2072
f 2422/2221/2072 2437/2236/2072 2431/2230/2072
f 2431/2230/2073 2437/2236/2073 787/679/2073
f 2431/2230/2073 787/679/2073 2432/2231/2073
f 2432/2231/2074 787/679/2074 785/677/2074
f 2432/2231/2074 785/677/2074 2435/2234/2074
f 2435/2234/2075 785/677/2075 138/123/2075
f 2435/2234/2075 138/123/2075 2438/2237/2075
f 2433/2232/2076 2435/2234/2076 2438/2237/2076
f 2433/2232/2076 2438/2237/2076 2439/2238/2076
f 2434/2233/2077 2433/2232/2077 2439/2238/2077
f 2434/2233/2077 2439/2238/2077 2440/2239/2077
f 2441/2240/2078 2434/2233/2078 2440/2239/2078
f 2441/2240/2078 2440/2239/2078 152/137/2078
f 1041/923/2079 2430/2229/2079 2434/2233/2079
f 1041/923/2079 2434/2233/2079 2441/2240/2079
f 2436/2235/2080 2427/2226/2080 2430/2229/2080
f 2436/2235/2080 2430/2229/2080 1041/923/2080
f 2442/2241/2081 2443/2242/2081 2444/2243/2081
f 2442/2241/2081 2444/2243/2081 2445/2244/2081
f 2443/2242/2082 2446/2245/2082 2447/2246/2082
f 2443/2242/2082 2447/2246/2082 2444/2243/2082
f 2445/2244/2083 2444/2243/2083 2448/2247/2083
f 2445/2244/2083 2448/2247/2083 2449/2248/2083
f 2444/2243/2084 2447/2246/2084 2450/2249/2084
f 2444/2243/2084 2450/2249/2084 2448/2247/2084
f 2451/2250/2085 2452/2251/2085 2442/2241/2085
f 2451/2250/2085 2442/2241/2085 2453/2252/2085
f 2452/2251/2086 2454/2253/2086 2443/2242/2086
f 2452/2251/2086 2443/2242/2086 2442/2241/2086
f 2454/2253/2087 2455/2254/2087 2446/2245/2087
f 2454/2253/2087 2446/2245/2087 2443/2242/2087
f 2455/2254/2088 648/561/2088 894/783/2088
f 2455/2254/2088 894/783/2088 2446/2245/2088
f 2446/2245/2089 894/783/2089 905/792/2089
f 2446/2245/2089 905/792/2089 2447/2246/2089
f 2447/2246/2090 905/792/2090 904/791/2090
f 2447/2246/2090 904/791/2090 2450/2249/2090
f 2450/2249/2091 904/791/2091 872/764/2091
f 2450/2249/2091 872/764/2091 2456/2255/2091
f 2448/2247/2092 2450/2249/2092 2456/2255/2092
f 2448/2247/2092 2456/2255/2092 2457/2256/2092
f 2449/2248/2093 2448/2247/2093 2457/2256/2093
f 2449/2248/2093 2457/2256/2093 2458/2257/2093
f 2459/2258/2094 2449/2248/2094 2458/2257/2094
f 2459/2258/2094 2458/2257/2094 1148/1028/2094
f 2460/2259/2095 2445/2244/2095 2449/2248/2095
f 2460/2259/2095 2449/2248/2095 2459/2258/2095
f 2453/2252/2096 2442/2241/2096 2445/2244/2096
f 2453/2252/2096 2445/2244/2096 2460/2259/2096
f 2461/2260/2097 2462/2261/2097 2463/2262/2097
f 2461/2260/2097 2463/2262/2097 2464/2263/2097
f 2462/2261/2098 2465/2264/2098 2466/2265/2098
f 2462/2261/2098 2466/2265/2098 2463/2262/2098
f 2464/2263/2099 2463/2262/2099 2467/2266/2099
f 2464/2263/2099 2467/2266/2099 2468/2267/2099
f 2463/2262/2100 2466/2265/2100 2469/2268/2100
f 2463/2262/2100 2469/2268/2100 2467/2266/2100
f 1148/1028/2101 2458/2257/2101 2461/2260/2101
f 1148/1028/2101 2461/2260/2101 1147/1027/2101
f 2458/2257/2102 2457/2256/2102 2462/2261/2102
f 2458/2257/2102 2462/2261/2102 2461/2260/2102
f 2457/2256/2103 2456/2255/2103 2465/2264/2103
f 2457/2256/2103 2465/2264/2103 2462/2261/2103
f 2456/2255/2104 872/764/2104 2470/2269/2104
f 2456/2255/2104 2470/2269/2104 2465/2264/2104
f 2465/2264/2105 2470/2269/2105 870/762/2105
f 2465/2264/2105 870/762/2105 2466/2265/2105
f 2466/2265/2106 870/762/2106 868/760/2106
f 2466/2265/2106 868/760/2106 2469/2268/2106
f 2469/2268/2107 868/760/2107 1295/1174/2107
f 2469/2268/2107 1295/1174/2107 2471/2270/2107
f 2467/2266/2108 2469/2268/2108 2471/2270/2108
f 2467/2266/2108 2471/2270/2108 2472/2271/2108
f 2468/2267/2109 2467/2266/2109 2472/2271/2109
f 2468/2267/2109 2472/2271/2109 2473/2272/2109
f 1136/1017/2110 2468/2267/2110 2473/2272/2110
f 1136/1017/2110 2473/2272/2110 2474/2273/2110
f 2475/2274/2111 2464/2263/2111 2468/2267/2111
f 2475/2274/2111 2468/2267/2111 1136/1017/2111
f 1147/1027/2112 2461/2260/2112 2464/2263/2112
f 1147/1027/2112 2464/2263/2112 2475/2274/2112
f 2476/2275/2113 2477/2276/2113 2478/2277/2113
f 2476/2275/2113 2478/2277/2113 2479/2278/2113
f 2477/2276/2114 2480/2279/2114 2481/2280/2114
f 2477/2276/2114 2481/2280/2114 2478/2277/2114
f 2479/2278/2115 2478/2277/2115 2482/2281/2115
f 2479/2278/2115 2482/2281/2115 2483/2282/2115
f 2478/2277/2116 2481/2280/2116 2484/2283/2116
f 2478/2277/2116 2484/2283/2116 2482/2281/2116
f 38/38/2117 2485/2284/2117 2476/2275/2117
f 38/38/2117 2476/2275/2117 2486/2285/2117
f 2485/2284/2118 53/48/2118 2477/2276/2118
f 2485/2284/2118 2477/2276/2118 2476/2275/2118
f 53/48/2119 51/46/2119 2480/2279/2119
f 53/48/2119 2480/2279/2119 2477/2276/2119
f 51/46/2120 52/47/2120 1094/975/2120
f 51/46/2120 1094/975/2120 2480/2279/2120
f 2480/2279/2121 1094/975/2121 1103/984/2121
f 2480/2279/2121 1103/984/2121 2481/2280/2121
f 2481/2280/2122 1103/984/2122 1102/983/2122
f 2481/2280/2122 1102/983/2122 2484/2283/2122
f 2484/2283/2123 1102/983/2123 2487/2286/2123
f 2484/2283/2123 2487/2286/2123 2488/2286/2123
f 2482/2281/2124 2484/2283/2124 2488/2286/2124
f 2482/2281/2124 2488/2286/2124 2489/2286/2124
f 2483/2282/2125 2482/2281/2125 2489/2286/2125
f 2483/2282/2125 2489/2286/2125 2490/2286/2125
f 2491/2287/2126 2483/2282/2126 2490/2286/2126
f 2491/2287/2126 2490/2286/2126 816/708/2126
f 851/743/2127 2479/2278/2127 2483/2282/2127
f 851/743/2127 2483/2282/2127 2491/2287/2127
f 2486/2285/2128 2476/2275/2128 2479/2278/2128
f 2486/2285/2128 2479/2278/2128 851/743/2128
f 2492/2288/2129 2493/2289/2129 2494/2290/2129
f 2492/2288/2129 2494/2290/2129 2495/2291/2129
f 2493/2289/2130 2496/2292/2130 2497/2293/2130
f 2493/2289/2130 2497/2293/2130 2494/2290/2130
f 2495/2291/2131 2494/2290/2131 2498/2294/2131
f 2495/2291/2131 2498/2294/2131 2499/2295/2131
f 2494/2290/2132 2497/2293/2132 2500/2296/2132
f 2494/2290/2132 2500/2296/2132 2498/2294/2132
f 2501/2286/2133 2490/2286/2133 2492/2288/2133
f 2501/2286/2133 2492/2288/2133 815/707/2133
f 2490/2286/2134 2489/2286/2134 2493/2289/2134
f 2490/2286/2134 2493/2289/2134 2492/2288/2134
f 2489/2286/2135 2488/2286/2135 2496/2292/2135
f 2489/2286/2135 2496/2292/2135 2493/2289/2135
f 2488/2286/2136 1073/708/2136 1072/954/2136
f 2488/2286/2136 1072/954/2136 2496/2292/2136
f 2496/2292/2137 1072/954/2137 2502/2297/2137
f 2496/2292/2137 2502/2297/2137 2497/2293/2137
f 2497/2293/2138 2502/2297/2138 1069/951/2138
f 2497/2293/2138 1069/951/2138 2500/2296/2138
f 2500/2296/2139 1069/951/2139 1904/1708/2139
f 2500/2296/2139 1904/1708/2139 2503/2298/2139
f 2498/2294/2140 2500/2296/2140 2503/2298/2140
f 2498/2294/2140 2503/2298/2140 2504/2299/2140
f 2499/2295/2141 2498/2294/2141 2504/2299/2141
f 2499/2295/2141 2504/2299/2141 485/423/2141
f 2505/2300/2142 2499/2295/2142 485/423/2142
f 2505/2300/2142 485/423/2142 484/422/2142
f 817/709/2143 2495/2291/2143 2499/2295/2143
f 817/709/2143 2499/2295/2143 2505/2300/2143
f 815/707/2144 2492/2288/2144 2495/2291/2144
f 815/707/2144 2495/2291/2144 817/709/2144
f 2506/2301/2145 2507/2302/2145 2508/2303/2145
f 2506/2301/2145 2508/2303/2145 2509/2304/2145
f 2507/2302/2146 2510/2305/2146 2511/2306/2146
f 2507/2302/2146 2511/2306/2146 2508/2303/2146
f 2509/2304/2147 2508/2303/2147 2512/2307/2147
f 2509/2304/2147 2512/2307/2147 2513/2308/2147
f 2508/2303/2148 2511/2306/2148 2514/2309/2148
f 2508/2303/2148 2514/2309/2148 2512/2307/2148
f 698/599/2149 2515/2310/2149 2506/2301/2149
f 698/599/2149 2506/2301/2149 984/868/2149
f 2515/2310/2150 2516/2311/2150 2507/2302/2150
f 2515/2310/2150 2507/2302/2150 2506/2301/2150
f 2516/2311/2151 2517/2312/2151 2510/2305/2151
f 2516/2311/2151 2510/2305/2151 2507/2302/2151
f 2517/2312/2152 712/610/2152 1230/1109/2152
f 2517/2312/2152 1230/1109/2152 2510/2305/2152
f 2510/2305/2153 1230/1109/2153 1241/1120/2153
f 2510/2305/2153 1241/1120/2153 2511/2306/2153
f 2511/2306/2154 1241/1120/2154 1239/1118/2154
f 2511/2306/2154 1239/1118/2154 2514/2309/2154
f 2514/2309/2155 1239/1118/2155 1240/1119/2155
f 2514/2309/2155 1240/1119/2155 2518/2313/2155
f 2512/2307/2156 2514/2309/2156 2518/2313/2156
f 2512/2307/2156 2518/2313/2156 2519/2314/2156
f 2513/2308/2157 2512/2307/2157 2519/2314/2157
f 2513/2308/2157 2519/2314/2157 2520/2315/2157
f 987/870/2158 2513/2308/2158 2520/2315/2158
f 987/870/2158 2520/2315/2158 949/833/2158
f 986/869/2159 2509/2304/2159 2513/2308/2159
f 986/869/2159 2513/2308/2159 987/870/2159
f 984/868/2160 2506/2301/2160 2509/2304/2160
f 984/868/2160 2509/2304/2160 986/869/2160
f 2521/2316/2161 2522/2317/2161 2523/2318/2161
f 2521/2316/2161 2523/2318/2161 2524/2319/2161
f 2522/2317/2162 2525/2320/2162 2526/2321/2162
f 2522/2317/2162 2526/2321/2162 2523/2318/2162
f 2524/2319/2163 2523/2318/2163 2527/2322/2163
f 2524/2319/2163 2527/2322/2163 2528/2323/2163
f 2523/2318/2164 2526/2321/2164 2529/2324/2164
f 2523/2318/2164 2529/2324/2164 2527/2322/2164
f 949/833/2165 2520/2315/2165 2521/2316/2165
f 949/833/2165 2521/2316/2165 948/832/2165
f 2520/2315/2166 2519/2314/2166 2522/2317/2166
f 2520/2315/2166 2522/2317/2166 2521/2316/2166
f 2519/2314/2167 2518/2313/2167 2525/2320/2167
f 2519/2314/2167 2525/2320/2167 2522/2317/2167
f 2518/2313/2168 1240/1119/2168 2530/2325/2168
f 2518/2313/2168 2530/2325/2168 2525/2320/2168
f 2525/2320/2169 2530/2325/2169 2531/2326/2169
f 2525/2320/2169 2531/2326/2169 2526/2321/2169
f 2526/2321/2170 2531/2326/2170 2532/2327/2170
f 2526/2321/2170 2532/2327/2170 2529/2324/2170
f 2529/2324/2171 2532/2327/2171 1204/1084/2171
f 2529/2324/2171 1204/1084/2171 46/43/2171
f 2527/2322/2172 2529/2324/2172 46/43/2172
f 2527/2322/2172 46/43/2172 45/43/2172
f 2528/2323/2173 2527/2322/2173 45/43/2173
f 2528/2323/2173 45/43/2173 44/44/2173
f 937/823/2174 2528/2323/2174 44/44/2174
f 937/823/2174 44/44/2174 43/43/2174
f 950/834/2175 2524/2319/2175 2528/2323/2175
f 950/834/2175 2528/2323/2175 937/823/2175
f 948/832/2176 2521/2316/2176 2524/2319/2176
f 948/832/2176 2524/2319/2176 950/834/2176
f 2533/2328/2177 2534/2329/2177 2535/2330/2177
f 2533/2328/2177 2535/2330/2177 2536/2331/2177
f 2534/2329/2178 2537/2332/2178 2538/2333/2178
f 2534/2329/2178 2538/2333/2178 2535/2330/2178
f 2536/2331/2179 2535/2330/2179 2539/2334/2179
f 2536/2331/2179 2539/2334/2179 2540/2335/2179
f 2535/2330/2180 2538/2333/2180 2541/2336/2180
f 2535/2330/2180 2541/2336/2180 2539/2334/2180
f 1295/1174/2181 1294/1173/2181 2533/2328/2181
f 1295/1174/2181 2533/2328/2181 2542/2337/2181
f 1294/1173/2182 1293/1172/2182 2534/2329/2182
f 1294/1173/2182 2534/2329/2182 2533/2328/2182
f 1293/1172/2183 1292/1171/2183 2537/2332/2183
f 1293/1172/2183 2537/2332/2183 2534/2329/2183
f 1292/1171/2184 738/630/2184 2543/2338/2184
f 1292/1171/2184 2543/2338/2184 2537/2332/2184
f 2537/2332/2185 2543/2338/2185 2544/2339/2185
f 2537/2332/2185 2544/2339/2185 2538/2333/2185
f 2538/2333/2186 2544/2339/2186 2545/2340/2186
f 2538/2333/2186 2545/2340/2186 2541/2336/2186
f 2541/2336/2187 2545/2340/2187 1005/887/2187
f 2541/2336/2187 1005/887/2187 2546/2341/2187
f 2539/2334/2188 2541/2336/2188 2546/2341/2188
f 2539/2334/2188 2546/2341/2188 1865/1669/2188
f 2540/2335/2189 2539/2334/2189 1865/1669/2189
f 2540/2335/2189 1865/1669/2189 2547/2342/2189
f 2548/2343/2190 2540/2335/2190 2547/2342/2190
f 2548/2343/2190 2547/2342/2190 2474/2273/2190
f 2549/2344/2191 2536/2331/2191 2540/2335/2191
f 2549/2344/2191 2540/2335/2191 2548/2343/2191
f 2542/2337/2192 2533/2328/2192 2536/2331/2192
f 2542/2337/2192 2536/2331/2192 2549/2344/2192
# Vertices: 2521, normals: 2180, texture coordinates: 2316, faces: 4416

o obj4
v -0.37805417 2.01851519 1.26345256
v -0.37739228 2.02280429 1.2668459
v -0.3818323 2.02287739 1.26230219
v -0.1552261 3.5630242 0.90270726
v -0.15465064 3.5673133 0.89728591
v -0.15968718 3.5629511 0.89819816
v -0.37804803 2.0185523 0.36421978
v -0.38182616 2.02291449 0.36489368
v -0.37737413 2.02291448 0.36044165
v -0.15465527 3.56727591 0.58761228
v -0.1552398 3.56291371 0.58257573
v -0.15969183 3.56291371 0.58702776
v 0.37805413 2.01851519 1.26345256
v 0.38183225 2.02287739 1.26230219
v 0.37739224 2.02280429 1.2668459
v 0.15465064 3.5673133 0.89728592
v 0.1552261 3.5630242 0.90270729
v 0.15968718 3.5629511 0.89819817
v 0.37804803 2.0185523 0.36421978
v 0.37737413 2.02291448 0.36044165
v 0.38182616 2.02291449 0.36489368
v 0.15465527 3.56727591 0.58761228
v 0.15969183 3.56291371 0.58702776
v 0.1552398 3.56291371 0.58257573
v 0.36799497 2.03070409 1.26953061
v 0.14810777 3.5551244 0.90912733
v -0.14810777 3.5551244 0.90912731
v -0.36799497 2.03070409 1.26953061
v 0.38517624 2.0309868 0.37431937
v 0.16537067 3.55484147 0.5941247
v 0.16537067 3.55484152 0.8916786
v 0.38517627 2.03098694 1.25194812
v 0.14588094 3.57172166 0.59638662
v -0.14588094 3.57172166 0.59638662
v -0.14588094 3.57172171 0.88814849
v 0.14588094 3.57172171 0.88814849
v -0.38517627 2.03098694 1.25194812
v -0.16537067 3.55484152 0.8916786
v -0.16537067 3.55484147 0.5941247
v -0.38517627 2.0309868 0.37431937
v -0.36794844 2.0309868 0.35709156
v -0.14814285 3.55484146 0.57689688
v 0.14814285 3.55484146 0.57689688
v 0.36794844 2.0309868 0.35709154
v -0.37055621 2.01410675 1.25639964
v -0.37019092 2.01627235 1.26448815
v -0.37877031 2.0164136 1.25570843
v -0.3692508 2.02236456 1.26930803
v -0.37655123 2.03079359 1.26708516
v -0.37739228 2.02280429 1.2668459
v -0.3692508 2.02236456 1.26930803
v -0.37655123 2.03079359 1.26708516
v -0.38285779 2.03089742 1.26063135
v -0.3818323 2.02287739 1.26230219
v -0.37739228 2.02280429 1.2668459
v -0.38413675 2.02260964 1.25407446
v -0.38413675 2.02260964 1.25407446
v -0.14695775 3.5634639 0.90496147
v -0.1552261 3.5630242 0.90270726
v -0.15668984 3.55503494 0.9067242
v -0.14614038 3.56955618 0.89726098
v -0.15465064 3.5673133 0.89728591
v -0.15476051 3.56941488 0.88854807
v -0.15465064 3.5673133 0.89728591
v -0.14614038 3.56955618 0.89726098
v -0.15476051 3.56941488 0.88854807
v -0.1619144 3.56321882 0.88984383
v -0.16302636 3.55493107 0.90031948
v -0.15668984 3.55503494 0.9067242
v -0.37055621 2.01410661 0.37171159
v -0.37877879 2.01636173 0.3720916
v -0.37017618 2.01636173 0.36348899
v -0.38414523 2.02255777 0.37304882
v -0.38284308 2.0309868 0.36574839
v -0.38182616 2.02291449 0.36489368
v -0.38414523 2.02255777 0.37304882
v -0.37651941 2.0309868 0.35942475
v -0.37737413 2.02291448 0.36044165
v -0.36921899 2.02255777 0.35812258
v -0.36921899 2.02255777 0.35812258
v -0.1461515 3.5694664 0.58751345
v -0.15465527 3.56727591 0.58761228
v -0.15475411 3.5694664 0.59611605
v -0.1461515 3.5694664 0.58751345
v -0.14698176 3.56327043 0.58035955
v -0.1552398 3.56291371 0.58257573
v -0.15465527 3.56727591 0.58761228
v -0.15671384 3.55484137 0.57923008
v -0.16303748 3.55484137 0.58555371
v -0.161908 3.56327043 0.5952858
v -0.15475411 3.5694664 0.59611605
v 0.37055621 2.01410675 1.25639964
v 0.37877027 2.0164136 1.25570843
v 0.37019088 2.01627235 1.26448815
v 0.38413671 2.02260964 1.25407446
v 0.38183225 2.02287739 1.26230219
v 0.38285775 2.03089742 1.26063135
v 0.37655118 2.03079359 1.26708516
v 0.37739224 2.02280429 1.2668459
v 0.36925075 2.02236456 1.26930803
v 0.36925075 2.02236456 1.26930803
v 0.14614038 3.56955618 0.897261
v 0.15465064 3.5673133 0.89728592
v 0.15476051 3.56941488 0.88854809
v 0.14614038 3.56955618 0.897261
v 0.14695775 3.5634639 0.90496149
v 0.15668984 3.55503494 0.90672422
v 0.16302636 3.55493107 0.9003195
v 0.15968718 3.5629511 0.89819817
v 0.1619144 3.56321882 0.88984384
v 0.37055621 2.01410661 0.37171159
v 0.37017621 2.01636173 0.36348902
v 0.37877881 2.01636173 0.37209162
v 0.36921899 2.02255777 0.35812258
v 0.37651941 2.0309868 0.35942473
v 0.37737413 2.02291448 0.36044165
v 0.36921899 2.02255777 0.35812258
v 0.38284305 2.0309868 0.36574839
v 0.38182616 2.02291449 0.36489368
v 0.38414523 2.02255777 0.37304882
v 0.15475411 3.5694664 0.59611605
v 0.15465527 3.56727591 0.58761228
v 0.1461515 3.5694664 0.58751345
v 0.161908 3.56327043 0.5952858
v 0.15969183 3.56291371 0.58702776
v 0.16303748 3.55484137 0.58555371
v 0.15671384 3.55484137 0.57923008
v 0.14698176 3.56327043 0.58035955
v 0.1461515 3.5694664 0.58751345
vn -0.51328 -0.50304 -0.69534
vn -0.49416 -0.83499 -0.24206
vn -0.83713 -0.47623 -0.2691
vn -0.41137 -0.68231 0.60434
vn -0.40306 -0.38035 0.83239
vn -0.70707 -0.39539 0.58628
vn -0.49337 0.49337 -0.71636
vn -0.82404 0.47729 -0.3052
vn -0.47729 0.82404 -0.3052
vn -0.40442 0.40442 0.82029
vn -0.41374 0.71449 0.5642
vn -0.71449 0.41374 0.5642
vn 0.51328 -0.50304 -0.69534
vn 0.83713 -0.47623 -0.2691
vn 0.49416 -0.83499 -0.24206
vn 0.40306 -0.38035 0.83239
vn 0.41137 -0.68231 0.60434
vn 0.70707 -0.39538 0.58628
vn 0.49337 0.49337 -0.71635
vn 0.47729 0.82404 -0.3052
vn 0.82404 0.47729 -0.3052
vn 0.40442 0.40442 0.82029
vn 0.71449 0.41374 0.5642
vn 0.41374 0.71449 0.5642
vn 0.13638 -0.98366 0.11751
vn 0.12805 -0.92715 0.35214
vn -0.12805 -0.92715 0.35214
vn -0.13638 -0.98366 0.11751
vn 0.99084 0.13223 0.02738
vn 0.95266 0.12639 0.27653
vn 0.95039 -0.12291 0.28574
vn 0.9908 -0.12956 0.03918
vn 0.1215 0.12081 0.98521
vn -0.1215 0.12081 0.98521
vn -0.12227 -0.11284 0.98606
vn 0.12227 -0.11284 0.98606
vn -0.9908 -0.12955 0.03918
vn -0.95039 -0.12291 0.28574
vn -0.95266 0.12639 0.27653
vn -0.99084 0.13223 0.02738
vn -0.13223 0.99083 0.02762
vn -0.12639 0.95271 0.27635
vn 0.12639 0.95271 0.27635
vn 0.13223 0.99083 0.02762
vn -0.14229 -0.13604 -0.98043
vn -0.14646 -0.55062 -0.82181
vn -0.54159 -0.13328 -0.83001
vn -0.14303 -0.93705 -0.31855
vn -0.49947 -0.85371 0.1473
vn -0.86711 -0.4854 0.11184
vn -0.91847 -0.13167 -0.37293
vn -0.11336 -0.76809 0.63023
vn -0.47243 -0.80396 0.36119
vn -0.11173 -0.42349 0.89898
vn -0.4508 -0.103 0.88666
vn -0.80094 -0.10661 0.58918
vn -0.82323 -0.46004 0.33264
vn -0.13823 0.13749 -0.98081
vn -0.53405 0.13499 -0.8346
vn -0.13504 0.53337 -0.83504
vn -0.91392 0.13315 -0.38343
vn -0.86631 0.49474 0.06881
vn -0.49474 0.86631 0.06881
vn -0.13317 0.914 -0.38324
vn -0.11045 0.45029 0.88602
vn -0.45088 0.11038 0.88573
vn -0.11227 0.80375 0.58427
vn -0.47385 0.82903 0.29693
vn -0.82904 0.47385 0.29693
vn -0.80363 0.11223 0.58445
vn 0.14229 -0.13604 -0.98043
vn 0.5416 -0.13328 -0.83001
vn 0.14646 -0.55062 -0.82181
vn 0.91847 -0.13167 -0.37293
vn 0.86711 -0.4854 0.11184
vn 0.49948 -0.85371 0.1473
vn 0.14303 -0.93705 -0.31855
vn 0.11173 -0.42349 0.89898
vn 0.4508 -0.103 0.88666
vn 0.11335 -0.76809 0.63023
vn 0.47243 -0.80396 0.36119
vn 0.82323 -0.46004 0.33264
vn 0.80094 -0.10661 0.58918
vn 0.13823 0.13749 -0.98081
vn 0.13504 0.53337 -0.83504
vn 0.53406 0.13499 -0.8346
vn 0.13317 0.914 -0.38324
vn 0.49474 0.86631 0.06881
vn 0.86631 0.49474 0.06881
vn 0.91392 0.13315 -0.38343
vn 0.45088 0.11038 0.88573
vn 0.11045 0.45029 0.88602
vn 0.80363 0.11223 0.58445
vn 0.82904 0.47384 0.29693
vn 0.47385 0.82903 0.29693
vn 0.11227 0.80375 0.58427
vt 0.12808 0.25272
vt 0.1283 0.25
vt 0.125 0.25303
vt 0.62396 1
vt 0.625 0.99393
vt 0.62369 0.99388
vt 0.12808 0.4974
vt 0.125 0.49721
vt 0.1283 0.5
vt 0.625 0.75635
vt 0.62379 0.75291
vt 0.62369 0.75616
vt 0.37192 0.25272
vt 0.37314 0.25303
vt 0.3717 0.25
vt 0.625 0.24364
vt 0.62377 0.24373
vt 0.62392 0.24707
vt 0.37192 0.4974
vt 0.3717 0.5
vt 0.37313 0.49721
vt 0.625 0.50635
vt 0.62379 0.503
vt 0.62369 0.50629
vt 0.37766 0.2441
vt 0.62234 0.23784
vt 0.62234 0.01216
vt 0.37766 0.0059
vt 0.37771 0.49492
vt 0.62229 0.48812
vt 0.62229 0.26194
vt 0.37771 0.25511
vt 0.63808 0.48692
vt 0.86192 0.48692
vt 0.86192 0.26308
vt 0.63808 0.26308
vt 0.37771 0.99489
vt 0.62229 0.98806
vt 0.62229 0.76188
vt 0.37771 0.75508
vt 0.37771 0.74409
vt 0.62229 0.73785
vt 0.62229 0.51215
vt 0.37771 0.50591
vt 0.1305 0.25464
vt 0.13062 0.25244
vt 0.12785 0.25483
vt 0.13092 0.25
vt 0.37795 0
vt 0.375 0.0033
vt 0.375 0.00592
vt 0.37795 1
vt 0.37775 0.99738
vt 0.375 0.99697
vt 0.37523 1.00011
vt 0.375 0.99473
vt 0.125 0.25527
vt 0.62375 0.01249
vt 0.62396 0
vt 0.62259 0
vt 0.625 0.01289
vt 0.62528 0.00013
vt 0.875 0.26278
vt 0.875 0.25607
vt 0.86211 0.25
vt 0.625 0.98722
vt 0.62369 0.98766
vt 0.62236 0.99423
vt 0.62259 1
vt 0.1305 0.49536
vt 0.12785 0.49526
vt 0.13062 0.4976
vt 0.125 0.495
vt 0.37776 0.7526
vt 0.375 0.75279
vt 0.375 0.755
vt 0.37776 0.74699
vt 0.375 0.7467
vt 0.375 0.74407
vt 0.13093 0.5
vt 0.86212 0.5
vt 0.875 0.49365
vt 0.875 0.48712
vt 0.625 0.73712
vt 0.62369 0.73752
vt 0.62369 0.74371
vt 0.62519 0.74991
vt 0.62234 0.74408
vt 0.62234 0.75574
vt 0.62369 0.76231
vt 0.625 0.76288
vt 0.3695 0.25464
vt 0.37215 0.25483
vt 0.36938 0.25244
vt 0.37642 0.25494
vt 0.37651 0.25261
vt 0.37775 0.25262
vt 0.37777 0.247
vt 0.375 0.2467
vt 0.375 0.24408
vt 0.36908 0.25
vt 0.63789 0.25
vt 0.63136 0.25
vt 0.63127 0.26278
vt 0.625 0.23711
vt 0.62375 0.23751
vt 0.62241 0.24409
vt 0.62236 0.25577
vt 0.62369 0.25612
vt 0.62369 0.26234
vt 0.3695 0.49536
vt 0.36938 0.4976
vt 0.37215 0.49526
vt 0.36907 0.5
vt 0.37776 0.50301
vt 0.375 0.5033
vt 0.375 0.50593
vt 0.37776 0.4974
vt 0.37652 0.49738
vt 0.37641 0.49508
vt 0.63128 0.48712
vt 0.63135 0.5
vt 0.63788 0.5
vt 0.62369 0.48769
vt 0.62369 0.49384
vt 0.62234 0.49426
vt 0.62234 0.50592
vt 0.62369 0.51248
vt 0.625 0.51288
usemtl mat1
f 2550/2345/2193 2551/2346/2194 2552/2347/2195
f 2553/2348/2196 2554/2349/2197 2555/2350/2198
f 2556/2351/2199 2557/2352/2200 2558/2353/2201
f 2559/2354/2202 2560/2355/2203 2561/2356/2204
f 2562/2357/2205 2563/2358/2206 2564/2359/2207
f 2565/2360/2208 2566/2361/2209 2567/2362/2210
f 2568/2363/2211 2569/2364/2212 2570/2365/2213
f 2571/2366/2214 2572/2367/2215 2573/2368/2216
f 2574/2369/2217 2575/2370/2218 2576/2371/2219
f 2574/2369/2217 2576/2371/2219 2577/2372/2220
f 2578/2373/2221 2579/2374/2222 2580/2375/2223
f 2578/2373/2221 2580/2375/2223 2581/2376/2224
f 2582/2377/2225 2583/2378/2226 2584/2379/2227
f 2582/2377/2225 2584/2379/2227 2585/2380/2228
f 2586/2381/2229 2587/2382/2230 2588/2383/2231
f 2586/2381/2229 2588/2383/2231 2589/2384/2232
f 2590/2385/2233 2591/2386/2234 2592/2387/2235
f 2590/2385/2233 2592/2387/2235 2593/2388/2236
f 2594/2389/2237 2595/2390/2238 2550/2345/2193
f 2594/2389/2237 2550/2345/2193 2596/2391/2239
f 2595/2390/2238 2597/2392/2240 2551/2346/2194
f 2595/2390/2238 2551/2346/2194 2550/2345/2193
f 2577/2372/2220 2598/2393/2241 2599/2394/2194
f 2577/2372/2220 2599/2394/2194 2600/2395/2240
f 2601/2396/2241 2602/2397/2242 2603/2398/2195
f 2601/2396/2241 2603/2398/2195 2604/2399/2194
f 2586/2381/2229 2605/2400/2243 2603/2398/2195
f 2586/2381/2229 2603/2398/2195 2602/2397/2242
f 2606/2401/2243 2596/2391/2239 2550/2345/2193
f 2606/2401/2243 2550/2345/2193 2552/2347/2195
f 2576/2371/2219 2607/2402/2244 2608/2403/2196
f 2576/2371/2219 2608/2403/2196 2609/2404/2245
f 2607/2402/2244 2610/2405/2246 2611/2406/2197
f 2607/2402/2244 2611/2406/2197 2608/2403/2196
f 2584/2379/2227 2612/2407/2247 2613/2408/2197
f 2584/2379/2227 2613/2408/2197 2614/2409/2246
f 2615/2410/2247 2616/2411/2248 2555/2350/2198
f 2615/2410/2247 2555/2350/2198 2554/2349/2197
f 2587/2382/2230 2617/2412/2249 2555/2350/2198
f 2587/2382/2230 2555/2350/2198 2616/2411/2248
f 2617/2412/2249 2618/2413/2245 2553/2348/2196
f 2617/2412/2249 2553/2348/2196 2555/2350/2198
f 2619/2414/2250 2620/2415/2251 2556/2351/2199
f 2619/2414/2250 2556/2351/2199 2621/2416/2252
f 2620/2415/2251 2622/2417/2253 2557/2352/2200
f 2620/2415/2251 2557/2352/2200 2556/2351/2199
f 2589/2384/2232 2623/2418/2254 2624/2419/2200
f 2589/2384/2232 2624/2419/2200 2625/2420/2253
f 2623/2418/2254 2626/2421/2255 2627/2422/2201
f 2623/2418/2254 2627/2422/2201 2624/2419/2200
f 2590/2385/2233 2628/2423/2256 2627/2422/2201
f 2590/2385/2233 2627/2422/2201 2626/2421/2255
f 2629/2424/2256 2621/2416/2252 2556/2351/2199
f 2629/2424/2256 2556/2351/2199 2558/2353/2201
f 2583/2378/2226 2630/2425/2257 2631/2426/2202
f 2583/2378/2226 2631/2426/2202 2632/2427/2258
f 2633/2428/2257 2634/2429/2259 2635/2430/2203
f 2633/2428/2257 2635/2430/2203 2636/2431/2202
f 2591/2386/2234 2637/2432/2260 2635/2430/2203
f 2591/2386/2234 2635/2430/2203 2634/2429/2259
f 2637/2432/2260 2638/2433/2261 2561/2356/2204
f 2637/2432/2260 2561/2356/2204 2635/2430/2203
f 2588/2383/2231 2639/2434/2262 2561/2356/2204
f 2588/2383/2231 2561/2356/2204 2638/2433/2261
f 2639/2434/2262 2640/2435/2258 2559/2354/2202
f 2639/2434/2262 2559/2354/2202 2561/2356/2204
f 2641/2436/2263 2642/2437/2264 2562/2357/2205
f 2641/2436/2263 2562/2357/2205 2643/2438/2265
f 2642/2437/2264 2644/2439/2266 2645/2440/2206
f 2642/2437/2264 2645/2440/2206 2562/2357/2205
f 2581/2376/2224 2646/2441/2267 2645/2440/2206
f 2581/2376/2224 2645/2440/2206 2644/2439/2266
f 2646/2441/2267 2647/2442/2268 2648/2443/2207
f 2646/2441/2267 2648/2443/2207 2645/2440/2206
f 2574/2369/2217 2649/2444/2269 2648/2443/2207
f 2574/2369/2217 2648/2443/2207 2647/2442/2268
f 2650/2445/2269 2643/2438/2265 2562/2357/2205
f 2650/2445/2269 2562/2357/2205 2564/2359/2207
f 2585/2380/2228 2651/2446/2270 2652/2447/2208
f 2585/2380/2228 2652/2447/2208 2653/2448/2271
f 2654/2449/2270 2655/2450/2272 2566/2361/2209
f 2654/2449/2270 2566/2361/2209 2565/2360/2208
f 2575/2370/2218 2656/2451/2273 2566/2361/2209
f 2575/2370/2218 2566/2361/2209 2655/2450/2272
f 2656/2451/2273 2657/2452/2274 2658/2453/2210
f 2656/2451/2273 2658/2453/2210 2566/2361/2209
f 2580/2375/2223 2659/2454/2275 2658/2453/2210
f 2580/2375/2223 2658/2453/2210 2657/2452/2274
f 2659/2454/2275 2653/2448/2271 2652/2447/2208
f 2659/2454/2275 2652/2447/2208 2658/2453/2210
f 2660/2455/2276 2661/2456/2277 2568/2363/2211
f 2660/2455/2276 2568/2363/2211 2662/2457/2278
f 2661/2456/2277 2663/2458/2279 2569/2364/2212
f 2661/2456/2277 2569/2364/2212 2568/2363/2211
f 2593/2388/2236 2664/2459/2280 2665/2460/2212
f 2593/2388/2236 2665/2460/2212 2666/2461/2279
f 2664/2459/2280 2667/2462/2281 2668/2463/2213
f 2664/2459/2280 2668/2463/2213 2665/2460/2212
f 2578/2373/2221 2669/2464/2282 2668/2463/2213
f 2578/2373/2221 2668/2463/2213 2667/2462/2281
f 2669/2464/2282 2662/2457/2278 2568/2363/2211
f 2669/2464/2282 2568/2363/2211 2668/2463/2213
f 2582/2377/2225 2670/2465/2283 2671/2466/2214
f 2582/2377/2225 2671/2466/2214 2672/2467/2284
f 2670/2465/2283 2673/2468/2285 2674/2469/2215
f 2670/2465/2283 2674/2469/2215 2671/2466/2214
f 2579/2374/2222 2675/2470/2286 2674/2469/2215
f 2579/2374/2222 2674/2469/2215 2673/2468/2285
f 2675/2470/2286 2676/2471/2287 2573/2368/2216
f 2675/2470/2286 2573/2368/2216 2674/2469/2215
f 2592/2387/2235 2677/2472/2288 2573/2368/2216
f 2592/2387/2235 2573/2368/2216 2676/2471/2287
f 2677/2472/2288 2678/2473/2284 2571/2366/2214
f 2677/2472/2288 2571/2366/2214 2573/2368/2216
f 2619/2414/2250 2594/2389/2237 2596/2391/2239
f 2619/2414/2250 2596/2391/2239 2620/2415/2251
f 2620/2415/2251 2596/2391/2239 2606/2401/2243
f 2620/2415/2251 2606/2401/2243 2622/2417/2253
f 2625/2420/2253 2605/2400/2243 2586/2381/2229
f 2625/2420/2253 2586/2381/2229 2589/2384/2232
f 2577/2372/2220 2576/2371/2219 2609/2404/2245
f 2577/2372/2220 2609/2404/2245 2598/2393/2241
f 2601/2396/2241 2618/2413/2245 2617/2412/2249
f 2601/2396/2241 2617/2412/2249 2602/2397/2242
f 2602/2397/2242 2617/2412/2249 2587/2382/2230
f 2602/2397/2242 2587/2382/2230 2586/2381/2229
f 2584/2379/2227 2583/2378/2226 2632/2427/2258
f 2584/2379/2227 2632/2427/2258 2612/2407/2247
f 2615/2410/2247 2640/2435/2258 2639/2434/2262
f 2615/2410/2247 2639/2434/2262 2616/2411/2248
f 2616/2411/2248 2639/2434/2262 2588/2383/2231
f 2616/2411/2248 2588/2383/2231 2587/2382/2230
f 2591/2386/2234 2590/2385/2233 2626/2421/2255
f 2591/2386/2234 2626/2421/2255 2637/2432/2260
f 2637/2432/2260 2626/2421/2255 2623/2418/2254
f 2637/2432/2260 2623/2418/2254 2638/2433/2261
f 2638/2433/2261 2623/2418/2254 2589/2384/2232
f 2638/2433/2261 2589/2384/2232 2588/2383/2231
f 2660/2455/2276 2619/2414/2250 2621/2416/2252
f 2660/2455/2276 2621/2416/2252 2661/2456/2277
f 2661/2456/2277 2621/2416/2252 2629/2424/2256
f 2661/2456/2277 2629/2424/2256 2663/2458/2279
f 2666/2461/2279 2628/2423/2256 2590/2385/2233
f 2666/2461/2279 2590/2385/2233 2593/2388/2236
f 2583/2378/2226 2582/2377/2225 2672/2467/2284
f 2583/2378/2226 2672/2467/2284 2630/2425/2257
f 2633/2428/2257 2678/2473/2284 2677/2472/2288
f 2633/2428/2257 2677/2472/2288 2634/2429/2259
f 2634/2429/2259 2677/2472/2288 2592/2387/2235
f 2634/2429/2259 2592/2387/2235 2591/2386/2234
f 2579/2374/2222 2578/2373/2221 2667/2462/2281
f 2579/2374/2222 2667/2462/2281 2675/2470/2286
f 2675/2470/2286 2667/2462/2281 2664/2459/2280
f 2675/2470/2286 2664/2459/2280 2676/2471/2287
f 2676/2471/2287 2664/2459/2280 2593/2388/2236
f 2676/2471/2287 2593/2388/2236 2592/2387/2235
f 2641/2436/2263 2660/2455/2276 2662/2457/2278
f 2641/2436/2263 2662/2457/2278 2642/2437/2264
f 2642/2437/2264 2662/2457/2278 2669/2464/2282
f 2642/2437/2264 2669/2464/2282 2644/2439/2266
f 2644/2439/2266 2669/2464/2282 2578/2373/2221
f 2644/2439/2266 2578/2373/2221 2581/2376/2224
f 2582/2377/2225 2585/2380/2228 2653/2448/2271
f 2582/2377/2225 2653/2448/2271 2670/2465/2283
f 2670/2465/2283 2653/2448/2271 2659/2454/2275
f 2670/2465/2283 2659/2454/2275 2673/2468/2285
f 2673/2468/2285 2659/2454/2275 2580/2375/2223
f 2673/2468/2285 2580/2375/2223 2579/2374/2222
f 2575/2370/2218 2574/2369/2217 2647/2442/2268
f 2575/2370/2218 2647/2442/2268 2656/2451/2273
f 2656/2451/2273 2647/2442/2268 2646/2441/2267
f 2656/2451/2273 2646/2441/2267 2657/2452/2274
f 2657/2452/2274 2646/2441/2267 2581/2376/2224
f 2657/2452/2274 2581/2376/2224 2580/2375/2223
f 2594/2389/2237 2641/2436/2263 2643/2438/2265
f 2594/2389/2237 2643/2438/2265 2595/2390/2238
f 2595/2390/2238 2643/2438/2265 2650/2445/2269
f 2595/2390/2238 2650/2445/2269 2597/2392/2240
f 2600/2395/2240 2649/2444/2269 2574/2369/2217
f 2600/2395/2240 2574/2369/2217 2577/2372/2220
f 2585/2380/2228 2584/2379/2227 2614/2409/2246
f 2585/2380/2228 2614/2409/2246 2651/2446/2270
f 2654/2449/2270 2610/2405/2246 2607/2402/2244
f 2654/2449/2270 2607/2402/2244 2655/2450/2272
f 2655/2450/2272 2607/2402/2244 2576/2371/2219
f 2655/2450/2272 2576/2371/2219 2575/2370/2218
f 2619/2414/2250 2660/2455/2276 2641/2436/2263
f 2619/2414/2250 2641/2436/2263 2594/2389/2237
# Vertices: 129, normals: 96, texture coordinates: 129, faces: 188

o obj5
v -0.52762149 2.87120473 0.92244066
v -0.52762149 2.87120436 0.33157107
v -0.46998502 2.87688106 0.33157107
v -0.46998502 2.87688143 0.92244065
v -0.41456348 2.893693 0.33157106
v -0.41456348 2.89369337 0.92244064
v -0.36348671 2.9209941 0.33157104
v -0.36348671 2.92099447 0.92244062
v -0.31871754 2.95773521 0.33157102
v -0.31871754 2.95773558 0.9224406
v -0.28197644 3.00250437 0.33157099
v -0.28197644 3.00250474 0.92244057
v -0.25467534 3.05358114 0.33157096
v -0.25467534 3.05358151 0.92244054
v -0.2378634 3.10900268 0.33157092
v -0.2378634 3.10900305 0.92244051
v -0.23218669 3.16663915 0.33157088
v -0.23218669 3.16663952 0.92244047
v -0.2378634 3.22427562 0.33157085
v -0.2378634 3.22427599 0.92244043
v -0.25467534 3.27969716 0.33157081
v -0.25467534 3.27969753 0.9224404
v -0.28197644 3.33077393 0.33157078
v -0.28197644 3.3307743 0.92244037
v -0.31871754 3.37554309 0.33157075
v -0.31871754 3.37554346 0.92244034
v -0.36348671 3.4122842 0.33157073
v -0.36348671 3.41228457 0.92244032
v -0.41456348 3.4395853 0.33157071
v -0.41456348 3.43958567 0.9224403
v -0.46998502 3.45639724 0.3315707
v -0.46998502 3.45639761 0.92244029
v -0.52762149 3.46207394 0.3315707
v -0.52762149 3.46207431 0.92244028
v -0.58525796 3.45639724 0.3315707
v -0.58525796 3.45639761 0.92244029
v -0.64067949 3.4395853 0.33157071
v -0.64067949 3.43958567 0.9224403
v -0.69175627 3.4122842 0.33157073
v -0.69175627 3.41228457 0.92244032
v -0.73652543 3.37554309 0.33157075
v -0.73652543 3.37554346 0.92244034
v -0.77326653 3.33077393 0.33157078
v -0.77326653 3.3307743 0.92244037
v -0.80056764 3.27969716 0.33157081
v -0.80056764 3.27969753 0.9224404
v -0.81737957 3.22427562 0.33157085
v -0.81737957 3.22427599 0.92244043
v -0.82305628 3.16663915 0.33157088
v -0.82305628 3.16663952 0.92244047
v -0.81737957 3.10900268 0.33157092
v -0.81737957 3.10900305 0.92244051
v -0.80056764 3.05358114 0.33157096
v -0.80056764 3.05358151 0.92244054
v -0.77326653 3.00250437 0.33157099
v -0.77326653 3.00250474 0.92244057
v -0.73652543 2.95773521 0.33157102
v -0.73652543 2.95773558 0.9224406
v -0.69175627 2.9209941 0.33157104
v -0.69175627 2.92099447 0.92244062
v -0.64067949 2.893693 0.33157106
v -0.64067949 2.89369337 0.92244064
v -0.58525796 2.87688106 0.33157107
v -0.58525796 2.87688143 0.92244065
v -0.52762149 2.87120436 0.33157107
v -0.52762149 2.87120473 0.92244066
v -0.81737957 3.22427562 0.33157085
v -0.81737957 3.10900268 0.33157092
v -0.82305628 3.16663915 0.33157088
v -0.80056764 3.27969716 0.33157081
v -0.80056764 3.05358114 0.33157096
v -0.77326653 3.33077393 0.33157078
v -0.77326653 3.00250437 0.33157099
v -0.73652543 3.37554309 0.33157075
v -0.73652543 2.95773521 0.33157102
v -0.69175627 3.4122842 0.33157073
v -0.69175627 2.9209941 0.33157104
v -0.64067949 3.4395853 0.33157071
v -0.64067949 2.893693 0.33157106
v -0.58525796 3.45639724 0.3315707
v -0.58525796 2.87688106 0.33157107
v -0.52762149 3.46207394 0.3315707
v -0.52762149 2.87120436 0.33157107
v -0.46998502 3.45639724 0.3315707
v -0.46998502 2.87688106 0.33157107
v -0.41456348 3.4395853 0.33157071
v -0.41456348 2.893693 0.33157106
v -0.36348671 3.4122842 0.33157073
v -0.36348671 2.9209941 0.33157104
v -0.31871754 3.37554309 0.33157075
v -0.31871754 2.95773521 0.33157102
v -0.28197644 3.33077393 0.33157078
v -0.28197644 3.00250437 0.33157099
v -0.25467534 3.27969716 0.33157081
v -0.25467534 3.05358114 0.33157096
v -0.2378634 3.22427562 0.33157085
v -0.2378634 3.10900268 0.33157092
v -0.23218669 3.16663915 0.33157088
vn 0.09802 0.99518 0
vn 0.29028 0.95694 0
vn 0.4714 0.88192 0
vn 0.63439 0.77301 0
vn 0.77301 0.63439 0
vn 0.88192 0.4714 0
vn 0.95694 0.29028 0
vn 0.99518 0.09802 0
vn 0.99518 -0.09802 0
vn 0.95694 -0.29028 0
vn 0.88192 -0.4714 0
vn 0.77301 -0.63439 0
vn 0.63439 -0.77301 0
vn 0.4714 -0.88192 0
vn 0.29028 -0.95694 0
vn 0.09802 -0.99518 0
vn -0.09802 -0.99518 0
vn -0.29028 -0.95694 0
vn -0.4714 -0.88192 0
vn -0.63439 -0.77301 0
vn -0.77301 -0.63439 0
vn -0.88192 -0.4714 0
vn -0.95694 -0.29028 0
vn -0.99518 -0.09802 0
vn -0.99518 0.09802 0
vn -0.95694 0.29028 0
vn -0.88192 0.4714 0
vn -0.77301 0.63439 0
vn -0.63439 0.77301 0
vn -0.4714 0.88192 0
vn -0.29028 0.95694 0
vn -0.09802 0.99518 0
vn 0 0 1
vt 1 0.5
vt 1 0
vt 0.96875 0
vt 0.96875 0.5
vt 0.9375 0
vt 0.9375 0.5
vt 0.90625 0
vt 0.90625 0.5
vt 0.875 0
vt 0.875 0.5
vt 0.84375 0
vt 0.84375 0.5
vt 0.8125 0
vt 0.8125 0.5
vt 0.78125 0
vt 0.78125 0.5
vt 0.75 0
vt 0.75 0.5
vt 0.71875 0
vt 0.71875 0.5
vt 0.6875 0
vt 0.6875 0.5
vt 0.65625 0
vt 0.65625 0.5
vt 0.625 0
vt 0.625 0.5
vt 0.59375 0
vt 0.59375 0.5
vt 0.5625 0
vt 0.5625 0.5
vt 0.53125 0
vt 0.53125 0.5
vt 0.5 0
vt 0.5 0.5
vt 0.46875 0
vt 0.46875 0.5
vt 0.4375 0
vt 0.4375 0.5
vt 0.40625 0
vt 0.40625 0.5
vt 0.375 0
vt 0.375 0.5
vt 0.34375 0
vt 0.34375 0.5
vt 0.3125 0
vt 0.3125 0.5
vt 0.28125 0
vt 0.28125 0.5
vt 0.25 0
vt 0.25 0.5
vt 0.21875 0
vt 0.21875 0.5
vt 0.1875 0
vt 0.1875 0.5
vt 0.15625 0
vt 0.15625 0.5
vt 0.125 0
vt 0.125 0.5
vt 0.09375 0
vt 0.09375 0.5
vt 0.0625 0
vt 0.0625 0.5
vt 0.03125 0
vt 0.03125 0.5
vt 0 0
vt 0 0.5
vt 0.01461 0.79682
vt 0.01461 0.70318
vt 0.01 0.75
vt 0.02827 0.84184
vt 0.02827 0.65816
vt 0.05045 0.88334
vt 0.05045 0.61666
vt 0.08029 0.91971
vt 0.08029 0.58029
vt 0.11666 0.94955
vt 0.11666 0.55045
vt 0.15816 0.97173
vt 0.15816 0.52827
vt 0.20318 0.98539
vt 0.20318 0.51461
vt 0.25 0.99
vt 0.25 0.51
vt 0.29682 0.98539
vt 0.29682 0.51461
vt 0.34184 0.97173
vt 0.34184 0.52827
vt 0.38334 0.94955
vt 0.38334 0.55045
vt 0.41971 0.91971
vt 0.41971 0.58029
vt 0.44955 0.88334
vt 0.44955 0.61666
vt 0.47173 0.84184
vt 0.47173 0.65816
vt 0.48539 0.79682
vt 0.48539 0.70318
vt 0.49 0.75
usemtl mat1
f 2679/2474/2289 2680/2475/2289 2681/2476/2289
f 2679/2474/2289 2681/2476/2289 2682/2477/2289
f 2682/2477/2290 2681/2476/2290 2683/2478/2290
f 2682/2477/2290 2683/2478/2290 2684/2479/2290
f 2684/2479/2291 2683/2478/2291 2685/2480/2291
f 2684/2479/2291 2685/2480/2291 2686/2481/2291
f 2686/2481/2292 2685/2480/2292 2687/2482/2292
f 2686/2481/2292 2687/2482/2292 2688/2483/2292
f 2688/2483/2293 2687/2482/2293 2689/2484/2293
f 2688/2483/2293 2689/2484/2293 2690/2485/2293
f 2690/2485/2294 2689/2484/2294 2691/2486/2294
f 2690/2485/2294 2691/2486/2294 2692/2487/2294
f 2692/2487/2295 2691/2486/2295 2693/2488/2295
f 2692/2487/2295 2693/2488/2295 2694/2489/2295
f 2694/2489/2296 2693/2488/2296 2695/2490/2296
f 2694/2489/2296 2695/2490/2296 2696/2491/2296
f 2696/2491/2297 2695/2490/2297 2697/2492/2297
f 2696/2491/2297 2697/2492/2297 2698/2493/2297
f 2698/2493/2298 2697/2492/2298 2699/2494/2298
f 2698/2493/2298 2699/2494/2298 2700/2495/2298
f 2700/2495/2299 2699/2494/2299 2701/2496/2299
f 2700/2495/2299 2701/2496/2299 2702/2497/2299
f 2702/2497/2300 2701/2496/2300 2703/2498/2300
f 2702/2497/2300 2703/2498/2300 2704/2499/2300
f 2704/2499/2301 2703/2498/2301 2705/2500/2301
f 2704/2499/2301 2705/2500/2301 2706/2501/2301
f 2706/2501/2302 2705/2500/2302 2707/2502/2302
f 2706/2501/2302 2707/2502/2302 2708/2503/2302
f 2708/2503/2303 2707/2502/2303 2709/2504/2303
f 2708/2503/2303 2709/2504/2303 2710/2505/2303
f 2710/2505/2304 2709/2504/2304 2711/2506/2304
f 2710/2505/2304 2711/2506/2304 2712/2507/2304
f 2712/2507/2305 2711/2506/2305 2713/2508/2305
f 2712/2507/2305 2713/2508/2305 2714/2509/2305
f 2714/2509/2306 2713/2508/2306 2715/2510/2306
f 2714/2509/2306 2715/2510/2306 2716/2511/2306
f 2716/2511/2307 2715/2510/2307 2717/2512/2307
f 2716/2511/2307 2717/2512/2307 2718/2513/2307
f 2718/2513/2308 2717/2512/2308 2719/2514/2308
f 2718/2513/2308 2719/2514/2308 2720/2515/2308
f 2720/2515/2309 2719/2514/2309 2721/2516/2309
f 2720/2515/2309 2721/2516/2309 2722/2517/2309
f 2722/2517/2310 2721/2516/2310 2723/2518/2310
f 2722/2517/2310 2723/2518/2310 2724/2519/2310
f 2724/2519/2311 2723/2518/2311 2725/2520/2311
f 2724/2519/2311 2725/2520/2311 2726/2521/2311
f 2726/2521/2312 2725/2520/2312 2727/2522/2312
f 2726/2521/2312 2727/2522/2312 2728/2523/2312
f 2728/2523/2313 2727/2522/2313 2729/2524/2313
f 2728/2523/2313 2729/2524/2313 2730/2525/2313
f 2730/2525/2314 2729/2524/2314 2731/2526/2314
f 2730/2525/2314 2731/2526/2314 2732/2527/2314
f 2732/2527/2315 2731/2526/2315 2733/2528/2315
f 2732/2527/2315 2733/2528/2315 2734/2529/2315
f 2734/2529/2316 2733/2528/2316 2735/2530/2316
f 2734/2529/2316 2735/2530/2316 2736/2531/2316
f 2736/2531/2317 2735/2530/2317 2737/2532/2317
f 2736/2531/2317 2737/2532/2317 2738/2533/2317
f 2738/2533/2318 2737/2532/2318 2739/2534/2318
f 2738/2533/2318 2739/2534/2318 2740/2535/2318
f 2740/2535/2319 2739/2534/2319 2741/2536/2319
f 2740/2535/2319 2741/2536/2319 2742/2537/2319
f 2742/2537/2320 2741/2536/2320 2743/2538/2320
f 2742/2537/2320 2743/2538/2320 2744/2539/2320
f 2745/2540/2321 2746/2541/2321 2747/2542/2321
f 2746/2541/2321 2745/2540/2321 2748/2543/2321
f 2746/2541/2321 2748/2543/2321 2749/2544/2321
f 2749/2544/2321 2748/2543/2321 2750/2545/2321
f 2749/2544/2321 2750/2545/2321 2751/2546/2321
f 2751/2546/2321 2750/2545/2321 2752/2547/2321
f 2751/2546/2321 2752/2547/2321 2753/2548/2321
f 2753/2548/2321 2752/2547/2321 2754/2549/2321
f 2753/2548/2321 2754/2549/2321 2755/2550/2321
f 2755/2550/2321 2754/2549/2321 2756/2551/2321
f 2755/2550/2321 2756/2551/2321 2757/2552/2321
f 2757/2552/2321 2756/2551/2321 2758/2553/2321
f 2757/2552/2321 2758/2553/2321 2759/2554/2321
f 2759/2554/2321 2758/2553/2321 2760/2555/2321
f 2759/2554/2321 2760/2555/2321 2761/2556/2321
f 2761/2556/2321 2760/2555/2321 2762/2557/2321
f 2761/2556/2321 2762/2557/2321 2763/2558/2321
f 2763/2558/2321 2762/2557/2321 2764/2559/2321
f 2763/2558/2321 2764/2559/2321 2765/2560/2321
f 2765/2560/2321 2764/2559/2321 2766/2561/2321
f 2765/2560/2321 2766/2561/2321 2767/2562/2321
f 2767/2562/2321 2766/2561/2321 2768/2563/2321
f 2767/2562/2321 2768/2563/2321 2769/2564/2321
f 2769/2564/2321 2768/2563/2321 2770/2565/2321
f 2769/2564/2321 2770/2565/2321 2771/2566/2321
f 2771/2566/2321 2770/2565/2321 2772/2567/2321
f 2771/2566/2321 2772/2567/2321 2773/2568/2321
f 2773/2568/2321 2772/2567/2321 2774/2569/2321
f 2773/2568/2321 2774/2569/2321 2775/2570/2321
f 2775/2570/2321 2774/2569/2321 2776/2571/2321
# Vertices: 98, normals: 33, texture coordinates: 98, faces: 94

o obj6
v -0.81737957 3.10900305 0.92244051
v -0.81737957 3.22427599 0.92244043
v -0.82305628 3.16663952 0.92244047
v -0.80056764 3.05358151 0.92244054
v -0.80056764 3.27969753 0.9224404
v -0.77326653 3.00250474 0.92244057
v -0.77326653 3.3307743 0.92244037
v -0.73652543 2.95773558 0.9224406
v -0.73652543 3.37554346 0.92244034
v -0.69175627 2.92099447 0.92244062
v -0.69175627 3.41228457 0.92244032
v -0.64067949 2.89369337 0.92244064
v -0.64067949 3.43958567 0.9224403
v -0.58525796 2.87688143 0.92244065
v -0.58525796 3.45639761 0.92244029
v -0.52762149 2.87120473 0.92244066
v -0.52762149 3.46207431 0.92244028
v -0.46998502 2.87688143 0.92244065
v -0.46998502 3.45639761 0.92244029
v -0.41456348 2.89369337 0.92244064
v -0.41456348 3.43958567 0.9224403
v -0.36348671 2.92099447 0.92244062
v -0.36348671 3.41228457 0.92244032
v -0.31871754 2.95773558 0.9224406
v -0.31871754 3.37554346 0.92244034
v -0.28197644 3.00250474 0.92244057
v -0.28197644 3.3307743 0.92244037
v -0.25467534 3.05358151 0.92244054
v -0.25467534 3.27969753 0.9224404
v -0.2378634 3.10900305 0.92244051
v -0.2378634 3.22427599 0.92244043
v -0.23218669 3.16663952 0.92244047
vn -0 0 -1
vt 0.51461 0.70318
vt 0.51461 0.79682
vt 0.51 0.75
vt 0.52827 0.65816
vt 0.52827 0.84184
vt 0.55045 0.61666
vt 0.55045 0.88334
vt 0.58029 0.58029
vt 0.58029 0.91971
vt 0.61666 0.55045
vt 0.61666 0.94955
vt 0.65816 0.52827
vt 0.65816 0.97173
vt 0.70318 0.51461
vt 0.70318 0.98539
vt 0.75 0.51
vt 0.75 0.99
vt 0.79682 0.51461
vt 0.79682 0.98539
vt 0.84184 0.52827
vt 0.84184 0.97173
vt 0.88334 0.55045
vt 0.88334 0.94955
vt 0.91971 0.58029
vt 0.91971 0.91971
vt 0.94955 0.61666
vt 0.94955 0.88334
vt 0.97173 0.65816
vt 0.97173 0.84184
vt 0.98539 0.70318
vt 0.98539 0.79682
vt 0.99 0.75
usemtl mat2
f 2777/2572/2322 2778/2573/2322 2779/2574/2322
f 2778/2573/2322 2777/2572/2322 2780/2575/2322
f 2778/2573/2322 2780/2575/2322 2781/2576/2322
f 2781/2576/2322 2780/2575/2322 2782/2577/2322
f 2781/2576/2322 2782/2577/2322 2783/2578/2322
f 2783/2578/2322 2782/2577/2322 2784/2579/2322
f 2783/2578/2322 2784/2579/2322 2785/2580/2322
f 2785/2580/2322 2784/2579/2322 2786/2581/2322
f 2785/2580/2322 2786/2581/2322 2787/2582/2322
f 2787/2582/2322 2786/2581/2322 2788/2583/2322
f 2787/2582/2322 2788/2583/2322 2789/2584/2322
f 2789/2584/2322 2788/2583/2322 2790/2585/2322
f 2789/2584/2322 2790/2585/2322 2791/2586/2322
f 2791/2586/2322 2790/2585/2322 2792/2587/2322
f 2791/2586/2322 2792/2587/2322 2793/2588/2322
f 2793/2588/2322 2792/2587/2322 2794/2589/2322
f 2793/2588/2322 2794/2589/2322 2795/2590/2322
f 2795/2590/2322 2794/2589/2322 2796/2591/2322
f 2795/2590/2322 2796/2591/2322 2797/2592/2322
f 2797/2592/2322 2796/2591/2322 2798/2593/2322
f 2797/2592/2322 2798/2593/2322 2799/2594/2322
f 2799/2594/2322 2798/2593/2322 2800/2595/2322
f 2799/2594/2322 2800/2595/2322 2801/2596/2322
f 2801/2596/2322 2800/2595/2322 2802/2597/2322
f 2801/2596/2322 2802/2597/2322 2803/2598/2322
f 2803/2598/2322 2802/2597/2322 2804/2599/2322
f 2803/2598/2322 2804/2599/2322 2805/2600/2322
f 2805/2600/2322 2804/2599/2322 2806/2601/2322
f 2805/2600/2322 2806/2601/2322 2807/2602/2322
f 2807/2602/2322 2806/2601/2322 2808/2603/2322
# Vertices: 32, normals: 1, texture coordinates: 32, faces: 30

o obj7
v -0.58525796 2.87688144 0.93041738
v -0.52762149 2.87120473 0.93041738
v -0.52762149 2.87120474 0.94348062
v -0.58525796 2.87688143 0.94348061
v -0.41456348 2.89369337 0.93041737
v -0.36348671 2.92099448 0.93041735
v -0.36348671 2.92099447 0.94348059
v -0.41456348 2.89369336 0.9434806
v -0.36348671 2.92099448 0.93041735
v -0.31871754 2.95773558 0.93041733
v -0.31871754 2.95773557 0.94348056
v -0.36348671 2.92099447 0.94348059
v -0.28197644 3.00250474 0.9304173
v -0.28197644 3.00250473 0.94348054
v -0.28197644 3.00250474 0.9304173
v -0.25467534 3.05358151 0.93041727
v -0.25467534 3.05358152 0.9434805
v -0.28197644 3.00250473 0.94348054
v -0.25467534 3.05358151 0.93041727
v -0.2378634 3.10900305 0.93041723
v -0.2378634 3.10900305 0.94348047
v -0.25467534 3.05358152 0.9434805
v -0.23218669 3.16663952 0.93041719
v -0.23218669 3.16663952 0.94348043
v -0.23218669 3.16663952 0.93041719
v -0.2378634 3.22427599 0.93041716
v -0.2378634 3.22427599 0.9434804
v -0.2378634 3.22427599 0.93041716
v -0.25467534 3.27969752 0.93041712
v -0.25467534 3.27969753 0.94348036
v -0.2378634 3.22427599 0.9434804
v -0.28197644 3.3307743 0.93041709
v -0.28197644 3.33077429 0.94348033
v -0.25467534 3.27969753 0.94348036
v -0.28197644 3.3307743 0.93041709
v -0.31871754 3.37554347 0.93041706
v -0.31871754 3.37554346 0.9434803
v -0.36348671 3.41228457 0.93041704
v -0.36348671 3.41228456 0.94348028
v -0.36348671 3.41228457 0.93041704
v -0.41456348 3.43958567 0.93041702
v -0.41456348 3.43958566 0.94348026
v -0.36348671 3.41228456 0.94348028
v -0.41456348 3.43958567 0.93041702
v -0.46998502 3.45639761 0.93041701
v -0.46998502 3.4563976 0.94348025
v -0.41456348 3.43958566 0.94348026
v -0.46998502 3.45639761 0.93041701
v -0.52762149 3.46207432 0.93041701
v -0.52762149 3.46207431 0.94348025
v -0.46998502 3.4563976 0.94348025
v -0.52762149 3.46207432 0.93041701
v -0.58525796 3.45639761 0.93041701
v -0.58525796 3.4563976 0.94348025
v -0.52762149 3.46207431 0.94348025
v -0.64067949 3.43958567 0.93041702
v -0.64067949 3.43958566 0.94348026
v -0.64067949 3.43958567 0.93041702
v -0.69175627 3.41228457 0.93041704
v -0.69175627 3.41228456 0.94348028
v -0.64067949 3.43958566 0.94348026
v -0.73652543 3.37554347 0.93041706
v -0.73652543 3.37554346 0.9434803
v -0.77326653 3.3307743 0.93041709
v -0.77326653 3.33077429 0.94348033
v -0.80056764 3.27969752 0.93041712
v -0.80056764 3.27969753 0.94348036
v -0.81737957 3.22427599 0.93041716
v -0.81737957 3.22427599 0.9434804
v -0.82305628 3.16663952 0.93041719
v -0.82305628 3.16663952 0.94348043
v -0.81737957 3.10900305 0.93041723
v -0.81737957 3.10900305 0.94348047
v -0.80056764 3.05358151 0.93041727
v -0.80056764 3.05358152 0.9434805
v -0.77326653 3.00250474 0.9304173
v -0.77326653 3.00250473 0.94348054
v -0.73652543 2.95773558 0.93041733
v -0.73652543 2.95773557 0.94348056
v -0.69175627 2.92099448 0.93041735
v -0.69175627 2.92099447 0.94348059
v -0.69175627 2.92099448 0.93041735
v -0.64067949 2.89369337 0.93041737
v -0.64067949 2.89369336 0.9434806
v -0.69175627 2.92099447 0.94348059
v -0.64067949 2.89369337 0.93041737
v -0.64067949 2.89369336 0.9434806
v -0.48772844 2.9660836 0.93041732
v -0.52762149 2.96215449 0.93041732
v -0.52762149 2.96215448 0.94348056
v -0.48772844 2.96608359 0.94348056
v -0.48616473 2.95822228 0.9224406
v -0.47154873 2.88474275 0.92244065
v -0.52762149 2.87922005 0.92244065
v -0.52762149 2.95413914 0.9224406
v -0.52762149 2.95413916 0.95145729
v -0.56907824 2.95822226 0.95145729
v -0.58369424 2.88474275 0.95145733
v -0.52762149 2.87922007 0.95145734
v -0.40956261 2.98995192 0.95145727
v -0.44630111 2.97031481 0.95145728
v -0.41763081 2.90109857 0.95145732
v -0.3679398 2.92765897 0.95145731
v -0.37736105 3.01637906 0.95145725
v -0.32438523 2.96340327 0.95145728
v -0.35093389 3.04858062 0.95145723
v -0.37736105 3.01637906 0.95145725
v -0.28864094 3.00695781 0.95145726
v -0.33129679 3.08531912 0.95145721
v -0.26208053 3.05664885 0.95145723
v -0.31920425 3.12518274 0.95145718
v -0.26208053 3.05664885 0.95145723
v -0.24572471 3.11056676 0.95145719
v -0.31512113 3.1666395 0.95145716
v -0.24020204 3.16663952 0.95145716
v -0.31920425 3.20809626 0.95145713
v -0.24020204 3.16663952 0.95145716
v -0.24572471 3.22271227 0.95145712
v -0.33129679 3.24795988 0.95145711
v -0.26208053 3.27663019 0.95145709
v -0.35093389 3.28469838 0.95145708
v -0.28864094 3.32632121 0.95145706
v -0.37736105 3.31689994 0.95145706
v -0.28864094 3.32632121 0.95145706
v -0.32438523 3.36987577 0.95145703
v -0.40956261 3.3433271 0.95145705
v -0.3679398 3.40562005 0.95145701
v -0.44630111 3.3629642 0.95145703
v -0.41763081 3.43218047 0.95145699
v -0.48616473 3.37505674 0.95145703
v -0.44630111 3.3629642 0.95145703
v -0.47154873 3.44853628 0.95145698
v -0.52762149 3.37913986 0.95145702
v -0.48616473 3.37505674 0.95145703
v -0.47154873 3.44853628 0.95145698
v -0.52762149 3.45405897 0.95145698
v -0.56907824 3.37505674 0.95145703
v -0.58369424 3.44853628 0.95145698
v -0.60894186 3.3629642 0.95145703
v -0.56907824 3.37505674 0.95145703
v -0.58369424 3.44853628 0.95145698
v -0.63761216 3.43218047 0.95145699
v -0.64568036 3.3433271 0.95145705
v -0.68730318 3.40562005 0.95145701
v -0.67788193 3.31689994 0.95145706
v -0.73085774 3.36987577 0.95145703
v -0.70430908 3.28469838 0.95145708
v -0.67788193 3.31689994 0.95145706
v -0.76660204 3.32632121 0.95145706
v -0.72394618 3.24795988 0.95145711
v -0.70430908 3.28469838 0.95145708
v -0.76660204 3.32632121 0.95145706
v -0.79316244 3.27663019 0.95145709
v -0.73603872 3.20809626 0.95145713
v -0.72394618 3.24795988 0.95145711
v -0.80951826 3.22271227 0.95145712
v -0.74012184 3.1666395 0.95145716
v -0.73603872 3.20809626 0.95145713
v -0.81504094 3.16663952 0.95145716
v -0.73603872 3.12518274 0.95145718
v -0.80951826 3.11056676 0.95145719
v -0.72394618 3.08531912 0.95145721
v -0.73603872 3.12518274 0.95145718
v -0.79316244 3.05664885 0.95145723
v -0.70430908 3.04858062 0.95145723
v -0.76660204 3.00695781 0.95145726
v -0.67788193 3.01637906 0.95145725
v -0.76660204 3.00695781 0.95145726
v -0.73085774 2.96340327 0.95145728
v -0.64568036 2.98995192 0.95145727
v -0.68730318 2.92765897 0.95145731
v -0.60894186 2.97031481 0.95145728
v -0.64568036 2.98995192 0.95145727
v -0.63761216 2.90109857 0.95145732
v -0.56907824 2.95822226 0.95145729
v -0.60894186 2.97031481 0.95145728
v -0.58369424 2.88474275 0.95145733
v -0.44630111 2.97031481 0.95145728
v -0.48616473 2.95822226 0.95145729
v -0.47154873 2.88474275 0.95145733
v -0.67788193 3.31689994 0.92244038
v -0.73085774 3.36987577 0.92244034
v -0.68730318 3.40562005 0.92244032
v -0.64568036 3.3433271 0.92244036
v -0.69764457 3.0530337 0.93041727
v -0.71654098 3.08838645 0.93041724
v -0.71654098 3.08838646 0.94348048
v -0.69764457 3.05303371 0.9434805
v -0.70430908 3.28469838 0.9224404
v -0.76660204 3.32632121 0.92244037
v -0.67788193 3.31689994 0.92244038
v -0.67221423 3.02204675 0.93041729
v -0.67221423 3.02204676 0.94348052
v -0.56751453 2.9660836 0.93041732
v -0.56751453 2.96608359 0.94348056
v -0.72394618 3.24795988 0.92244042
v -0.79316244 3.27663019 0.9224404
v -0.76660204 3.32632121 0.92244037
v -0.70430908 3.28469838 0.9224404
v -0.64122728 2.99661643 0.9304173
v -0.64122728 2.99661642 0.94348054
v -0.41401569 2.99661643 0.9304173
v -0.44936844 2.97772001 0.93041731
v -0.44936844 2.97772 0.94348055
v -0.41401569 2.99661642 0.94348054
v -0.73603872 3.20809626 0.92244044
v -0.80951826 3.22271227 0.92244043
v -0.72394618 3.24795988 0.92244042
v -0.60587453 2.97772001 0.93041731
v -0.60587453 2.97772 0.94348055
v -0.38302874 3.02204675 0.93041729
v -0.41401569 2.99661643 0.9304173
v -0.41401569 2.99661642 0.94348054
v -0.38302874 3.02204676 0.94348052
v -0.74012184 3.1666395 0.92244047
v -0.81504094 3.16663952 0.92244047
v -0.73603872 3.20809626 0.92244044
v -0.56751453 2.9660836 0.93041732
v -0.56751453 2.96608359 0.94348056
v -0.35759841 3.0530337 0.93041727
v -0.35759841 3.05303371 0.9434805
v -0.73603872 3.12518274 0.9224405
v -0.80951826 3.11056676 0.92244051
v -0.52762149 2.95413916 0.95145729
v -0.52762149 2.87922007 0.95145734
v -0.33870199 3.08838645 0.93041724
v -0.35759841 3.0530337 0.93041727
v -0.35759841 3.05303371 0.9434805
v -0.33870199 3.08838646 0.94348048
v -0.72394618 3.08531912 0.92244052
v -0.79316244 3.05664885 0.92244054
v -0.73603872 3.12518274 0.9224405
v -0.32706558 3.12674646 0.93041722
v -0.32706558 3.12674646 0.94348046
v -0.70430908 3.04858062 0.92244054
v -0.76660204 3.00695781 0.92244057
v -0.58369424 2.88474275 0.92244065
v -0.56907824 2.95822228 0.9224406
v -0.32313647 3.1666395 0.93041719
v -0.32706558 3.12674646 0.93041722
v -0.32706558 3.12674646 0.94348046
v -0.32313647 3.1666395 0.94348043
v -0.67788193 3.01637906 0.92244056
v -0.73085774 2.96340327 0.9224406
v -0.76660204 3.00695781 0.92244057
v -0.44630111 2.97031481 0.92244059
v -0.41763081 2.90109857 0.92244064
v -0.32706558 3.20653255 0.93041717
v -0.32313647 3.1666395 0.93041719
v -0.32706558 3.20653255 0.94348041
v -0.64568036 2.98995192 0.92244058
v -0.68730318 2.92765897 0.92244062
v -0.40956261 2.98995192 0.92244058
v -0.3679398 2.92765897 0.92244062
v -0.44630111 2.97031481 0.92244059
v -0.33870199 3.24489254 0.93041715
v -0.32706558 3.20653255 0.93041717
v -0.32706558 3.20653255 0.94348041
v -0.33870199 3.24489255 0.94348038
v -0.60894186 2.97031481 0.92244059
v -0.63761216 2.90109857 0.92244064
v -0.64568036 2.98995192 0.92244058
v -0.37736105 3.01637906 0.92244056
v -0.32438523 2.96340327 0.9224406
v -0.35759841 3.28024529 0.93041712
v -0.33870199 3.24489254 0.93041715
v -0.33870199 3.24489255 0.94348038
v -0.35759841 3.2802453 0.94348036
v -0.56907824 2.95822228 0.9224406
v -0.58369424 2.88474275 0.92244065
v -0.60894186 2.97031481 0.92244059
v -0.35093389 3.04858062 0.92244054
v -0.28864094 3.00695781 0.92244057
v -0.37736105 3.01637906 0.92244056
v -0.38302874 3.31123224 0.9304171
v -0.35759841 3.28024529 0.93041712
v -0.38302874 3.31123225 0.94348034
v -0.46998502 2.87688144 0.93041738
v -0.41456348 2.89369337 0.93041737
v -0.41456348 2.89369336 0.9434806
v -0.46998502 2.87688143 0.94348061
v -0.33129679 3.08531912 0.92244052
v -0.26208053 3.05664885 0.92244054
v -0.41401569 3.33666259 0.93041709
v -0.41401569 3.33666258 0.94348033
v -0.31920425 3.12518274 0.9224405
v -0.24572471 3.11056676 0.92244051
v -0.26208053 3.05664885 0.92244054
v -0.44936844 3.355559 0.93041708
v -0.41401569 3.33666259 0.93041709
v -0.41401569 3.33666258 0.94348033
v -0.44936844 3.35555899 0.94348031
v -0.31512113 3.1666395 0.92244047
v -0.24020204 3.16663952 0.92244047
v -0.48772844 3.36719541 0.93041707
v -0.48772844 3.3671954 0.94348031
v -0.31920425 3.20809626 0.92244044
v -0.24572471 3.22271227 0.92244043
v -0.24020204 3.16663952 0.92244047
v -0.52762149 3.37112452 0.93041707
v -0.52762149 3.37112451 0.9434803
v -0.33129679 3.24795988 0.92244042
v -0.26208053 3.27663019 0.9224404
v -0.56751453 3.36719541 0.93041707
v -0.52762149 3.37112451 0.9434803
v -0.56751453 3.3671954 0.94348031
v -0.35093389 3.28469838 0.9224404
v -0.28864094 3.32632121 0.92244037
v -0.60587453 3.355559 0.93041708
v -0.60587453 3.35555899 0.94348031
v -0.37736105 3.31689994 0.92244038
v -0.32438523 3.36987577 0.92244034
v -0.28864094 3.32632121 0.92244037
v -0.64122728 3.33666259 0.93041709
v -0.60587453 3.355559 0.93041708
v -0.60587453 3.35555899 0.94348031
v -0.64122728 3.33666258 0.94348033
v -0.40956261 3.3433271 0.92244036
v -0.3679398 3.40562005 0.92244032
v -0.67221423 3.31123224 0.9304171
v -0.67221423 3.31123225 0.94348034
v -0.44630111 3.3629642 0.92244035
v -0.41763081 3.43218047 0.9224403
v -0.69764457 3.28024529 0.93041712
v -0.67221423 3.31123224 0.9304171
v -0.67221423 3.31123225 0.94348034
v -0.69764457 3.2802453 0.94348036
v -0.48616473 3.37505674 0.92244034
v -0.47154873 3.44853628 0.92244029
v -0.44630111 3.3629642 0.92244035
v -0.71654098 3.24489254 0.93041715
v -0.71654098 3.24489255 0.94348038
v -0.52762149 3.37913986 0.92244034
v -0.52762149 3.45405897 0.92244029
v -0.47154873 3.44853628 0.92244029
v -0.48616473 3.37505674 0.92244034
v -0.72817739 3.20653255 0.93041717
v -0.72817739 3.20653255 0.94348041
v -0.56907824 3.37505674 0.92244034
v -0.58369424 3.44853628 0.92244029
v -0.7321065 3.1666395 0.93041719
v -0.7321065 3.1666395 0.94348043
v -0.60894186 3.3629642 0.92244035
v -0.63761216 3.43218047 0.9224403
v -0.58369424 3.44853628 0.92244029
v -0.56907824 3.37505674 0.92244034
v -0.72817739 3.12674646 0.93041722
v -0.72817739 3.12674646 0.94348046
v -0.48727044 2.96378108 0.92477693
v -0.52762149 2.95980684 0.92477693
v -0.44847004 2.97555107 0.92477692
v -0.4127114 2.99466443 0.92477691
v -0.38136871 3.02038672 0.92477689
v -0.35564642 3.05172943 0.92477687
v -0.33653305 3.08748805 0.92477685
v -0.32476306 3.12628846 0.92477683
v -0.32078885 3.1666395 0.9247768
v -0.32476306 3.20699055 0.92477677
v -0.33653305 3.24579094 0.92477675
v -0.35564642 3.28154957 0.92477673
v -0.38136871 3.31289228 0.92477671
v -0.41271142 3.33861457 0.92477669
v -0.44847004 3.35772794 0.92477668
v -0.48727044 3.36949797 0.92477667
v -0.52762149 3.37347217 0.92477667
v -0.56797254 3.36949797 0.92477667
v -0.60677294 3.35772794 0.92477668
v -0.64253156 3.33861457 0.92477669
v -0.67387427 3.31289228 0.92477671
v -0.69959655 3.28154957 0.92477673
v -0.71870992 3.24579094 0.92477675
v -0.73047991 3.20699055 0.92477677
v -0.73445412 3.1666395 0.9247768
v -0.73047991 3.12628846 0.92477683
v -0.71870992 3.08748805 0.92477685
v -0.69959655 3.05172943 0.92477687
v -0.67387427 3.02038672 0.92477689
v -0.64253157 2.99466443 0.92477691
v -0.60677293 2.97555107 0.92477692
v -0.56797253 2.96378108 0.92477693
v -0.47044302 2.87918397 0.92477698
v -0.52762149 2.87355236 0.92477698
v -0.46998502 2.87688144 0.93041738
v -0.52762149 2.87120473 0.93041738
v -0.41546188 2.89586231 0.92477697
v -0.36479099 2.92294648 0.92477695
v -0.32037757 2.95939561 0.92477693
v -0.28392845 3.00380903 0.9247769
v -0.25684427 3.05447991 0.92477687
v -0.24016594 3.10946105 0.92477684
v -0.23453431 3.16663952 0.9247768
v -0.24016592 3.22381799 0.92477676
v -0.25684427 3.27879912 0.92477673
v -0.28392845 3.32947002 0.9247767
v -0.32037757 3.37388343 0.92477667
v -0.36479099 3.41033256 0.92477665
v -0.41546188 3.43741675 0.92477663
v -0.47044302 3.45409505 0.92477662
v -0.52762149 3.4597267 0.92477662
v -0.58479995 3.45409505 0.92477662
v -0.63978109 3.43741673 0.92477663
v -0.69045198 3.41033256 0.92477665
v -0.7348654 3.37388343 0.92477667
v -0.77131453 3.32947002 0.9247767
v -0.7983987 3.27879912 0.92477673
v -0.81507705 3.22381799 0.92477676
v -0.82070866 3.16663952 0.9247768
v -0.81507704 3.10946105 0.92477684
v -0.7983987 3.05447991 0.92477687
v -0.77131453 3.00380903 0.9247769
v -0.7348654 2.95939561 0.92477693
v -0.69045198 2.92294648 0.92477695
v -0.63978109 2.89586229 0.92477697
v -0.58479996 2.87918395 0.92477698
v -0.48727044 2.96378107 0.94912095
v -0.52762149 2.95980685 0.94912096
v -0.44847004 2.97555107 0.94912095
v -0.41271142 2.99466445 0.94912094
v -0.38136871 3.02038672 0.94912092
v -0.35564642 3.05172944 0.9491209
v -0.33653305 3.08748806 0.94912088
v -0.32476306 3.12628846 0.94912085
v -0.32078885 3.1666395 0.94912083
v -0.32476306 3.20699055 0.9491208
v -0.33653305 3.24579095 0.94912078
v -0.35564642 3.28154957 0.94912076
v -0.38136871 3.31289228 0.94912074
v -0.41271142 3.33861457 0.94912072
v -0.44847004 3.35772793 0.94912071
v -0.48727044 3.36949793 0.9491207
v -0.52762149 3.37347213 0.9491207
v -0.56797253 3.36949793 0.9491207
v -0.60677294 3.35772793 0.94912071
v -0.64253155 3.33861457 0.94912072
v -0.67387427 3.31289228 0.94912074
v -0.69959655 3.28154957 0.94912076
v -0.71870992 3.24579095 0.94912078
v -0.73047991 3.20699055 0.9491208
v -0.73445412 3.1666395 0.94912083
v -0.73047991 3.12628846 0.94912085
v -0.71870992 3.08748806 0.94912088
v -0.69959655 3.05172943 0.9491209
v -0.67387427 3.02038673 0.94912092
v -0.64253155 2.99466445 0.94912094
v -0.60677293 2.97555107 0.94912095
v -0.56797253 2.96378107 0.94912095
v -0.52762149 2.87120474 0.94348062
v -0.46998502 2.87688143 0.94348061
v -0.47044302 2.87918397 0.94912101
v -0.52762149 2.87355238 0.94912101
v -0.41546188 2.89586229 0.949121
v -0.36479099 2.92294646 0.94912098
v -0.32037757 2.9593956 0.94912096
v -0.28392845 3.00380902 0.94912093
v -0.25684427 3.05447992 0.9491209
v -0.24016592 3.10946105 0.94912086
v -0.23453431 3.16663952 0.94912083
v -0.24016594 3.22381798 0.94912079
v -0.25684427 3.27879913 0.94912076
v -0.28392841 3.32947003 0.94912073
v -0.32037757 3.37388343 0.9491207
v -0.36479099 3.41033258 0.94912067
v -0.41546188 3.43741675 0.94912066
v -0.47044302 3.45409509 0.94912065
v -0.52762149 3.45972666 0.94912064
v -0.58479996 3.45409509 0.94912065
v -0.63978109 3.43741675 0.94912066
v -0.69045198 3.41033256 0.94912067
v -0.7348654 3.37388343 0.9491207
v -0.77131456 3.32947003 0.94912073
v -0.7983987 3.27879913 0.94912076
v -0.81507705 3.22381799 0.94912079
v -0.82070866 3.16663952 0.94912083
v -0.81507705 3.10946105 0.94912086
v -0.7983987 3.05447992 0.9491209
v -0.77131453 3.00380902 0.94912093
v -0.7348654 2.9593956 0.94912096
v -0.69045198 2.92294646 0.94912098
v -0.63978109 2.89586229 0.949121
v -0.58479996 2.87918397 0.94912101
vn -0.09802 0.99518 0
vn 0.4714 0.88192 0
vn 0.63439 0.77301 0
vn 0.77301 0.63439 0
vn 0.88192 0.4714 0
vn 0.95694 0.29028 0
vn 0.99518 0.09802 0
vn 0.99518 -0.09802 -0
vn 0.95694 -0.29028 0
vn 0.88192 -0.4714 0
vn 0.77301 -0.63439 0
vn 0.63439 -0.77301 -0
vn 0.4714 -0.88192 -0
vn 0.29028 -0.95694 -0
vn 0.09802 -0.99518 0
vn -0.09802 -0.99518 0
vn -0.29028 -0.95694 -0
vn -0.4714 -0.88192 -0
vn -0.63439 -0.77301 -0
vn -0.77301 -0.63439 0
vn -0.88192 -0.4714 0
vn -0.95694 -0.29028 0
vn -0.99518 -0.09802 -0
vn -0.99518 0.09802 0
vn -0.95694 0.29028 0
vn -0.88192 0.4714 0
vn -0.77301 0.63439 0
vn -0.63439 0.77301 0
vn -0.4714 0.88192 0
vn -0.29028 0.95694 0
vn -0.09802 -0.99518 0
vn 0 0 1
vn -0 0 -1
vn 0 0 -1
vn 0 0 -1
vn 0 0 -1
vn 0 0 -1
vn 0 0 -1
vn -0 0 -1
vn 0 0 -1
vn -0 0 -1
vn -0 0 -1
vn -0 0 -1
vn 0 0 -1
vn -0 0 -1
vn 0.88192 -0.4714 0
vn 0.77301 -0.63439 0
vn 0.09802 -0.99518 0
vn 0.63439 -0.77301 0
vn -0.4714 -0.88192 -0
vn 0.4714 -0.88192 -0
vn -0.63439 -0.77301 0
vn 0 0 1
vn 0.29029 -0.95694 -0
vn -0.77301 -0.63439 0
vn -0 0 1
vn -0 0 -1
vn -0.88192 -0.4714 0
vn -0.29029 -0.95694 -0
vn -0.95694 -0.29028 0
vn -0.99518 -0.09802 -0
vn -0.99518 0.09802 0
vn -0.95694 0.29028 0
vn -0.88192 0.4714 0
vn -0.77301 0.63439 0
vn 0.29028 0.95694 0
vn -0.63439 0.77301 0
vn -0.4714 0.88192 0
vn -0.29029 0.95694 0
vn -0.09802 0.99518 0
vn 0.09802 0.99518 0
vn 0.29029 0.95694 0
vn 0.4714 0.88192 0
vn 0.63439 0.77301 0
vn 0.77301 0.63439 0
vn 0.88192 0.4714 0
vn 0.95694 0.29028 0
vn 0.99518 0.09802 0
vn 0.99518 -0.09802 -0
vn 0.95694 -0.29028 0
vn -0.09056 -0.91943 0.38268
vn -0.03751 -0.38084 0.92388
vn -0.26819 -0.8841 0.38269
vn -0.11109 -0.36621 0.92388
vn -0.43551 -0.81479 0.38269
vn -0.1804 -0.3375 0.92388
vn -0.5861 -0.71417 0.38269
vn -0.24277 -0.29582 0.92388
vn -0.71417 -0.5861 0.38268
vn -0.29582 -0.24277 0.92388
vn -0.81479 -0.43551 0.38268
vn -0.3375 -0.1804 0.92388
vn -0.8841 -0.26819 0.38268
vn -0.3662 -0.11109 0.92388
vn -0.91943 -0.09056 0.38268
vn -0.38084 -0.03751 0.92388
vn -0.91943 0.09056 0.38268
vn -0.38084 0.03751 0.92388
vn -0.8841 0.26819 0.38268
vn -0.3662 0.11109 0.92388
vn -0.81479 0.43551 0.38269
vn -0.3375 0.1804 0.92388
vn -0.71417 0.5861 0.38269
vn -0.29582 0.24277 0.92388
vn -0.5861 0.71417 0.38268
vn -0.24277 0.29582 0.92388
vn -0.43551 0.81479 0.38268
vn -0.1804 0.3375 0.92388
vn -0.26819 0.8841 0.38269
vn -0.11109 0.3662 0.92388
vn -0.09056 0.91943 0.38269
vn -0.03751 0.38084 0.92388
vn 0.09056 0.91943 0.38269
vn 0.03751 0.38084 0.92388
vn 0.26819 0.8841 0.38269
vn 0.11109 0.3662 0.92388
vn 0.43551 0.81479 0.38268
vn 0.1804 0.3375 0.92388
vn 0.5861 0.71417 0.38269
vn 0.24277 0.29582 0.92388
vn 0.71417 0.5861 0.38269
vn 0.29582 0.24277 0.92388
vn 0.81479 0.43551 0.38268
vn 0.3375 0.1804 0.92388
vn 0.8841 0.26819 0.38268
vn 0.3662 0.11109 0.92388
vn 0.91943 0.09056 0.38268
vn 0.38084 0.03751 0.92388
vn 0.91943 -0.09056 0.38268
vn 0.38084 -0.03751 0.92388
vn 0.8841 -0.26819 0.38268
vn 0.3662 -0.11109 0.92388
vn 0.81479 -0.43551 0.38268
vn 0.3375 -0.1804 0.92388
vn 0.71417 -0.5861 0.38268
vn 0.29582 -0.24277 0.92388
vn 0.5861 -0.71417 0.38269
vn 0.24277 -0.29582 0.92388
vn 0.43551 -0.81479 0.38269
vn 0.1804 -0.3375 0.92388
vn 0.26819 -0.8841 0.38269
vn 0.11109 -0.3662 0.92388
vn 0.09056 -0.91943 0.38268
vn 0.03751 -0.38084 0.92388
vn 0.03751 0.38084 0.92388
vn 0.09056 0.91943 0.38268
vn 0.11109 0.36621 0.92388
vn 0.26819 0.8841 0.38269
vn 0.1804 0.3375 0.92388
vn 0.43551 0.81479 0.38269
vn 0.24277 0.29582 0.92388
vn 0.5861 0.71417 0.38268
vn 0.29582 0.24277 0.92388
vn 0.71417 0.5861 0.38268
vn 0.3375 0.1804 0.92388
vn 0.81479 0.43551 0.38269
vn 0.3662 0.11109 0.92388
vn 0.8841 0.26819 0.38268
vn 0.38084 0.03751 0.92388
vn 0.91943 0.09056 0.38268
vn 0.38084 -0.03751 0.92388
vn 0.91943 -0.09056 0.38268
vn 0.3662 -0.11109 0.92388
vn 0.8841 -0.26819 0.38268
vn 0.3375 -0.1804 0.92388
vn 0.81479 -0.43551 0.38269
vn 0.29582 -0.24277 0.92388
vn 0.71417 -0.5861 0.38268
vn 0.24277 -0.29582 0.92388
vn 0.5861 -0.71417 0.38268
vn 0.18039 -0.33749 0.92388
vn 0.43551 -0.81479 0.38269
vn 0.11109 -0.3662 0.92388
vn 0.26819 -0.8841 0.38269
vn 0.03751 -0.38084 0.92388
vn 0.09056 -0.91943 0.38268
vn -0.03751 -0.38084 0.92388
vn -0.09056 -0.91943 0.38268
vn -0.11109 -0.3662 0.92388
vn -0.26819 -0.8841 0.38269
vn -0.18039 -0.3375 0.92388
vn -0.43551 -0.81479 0.38269
vn -0.24277 -0.29582 0.92388
vn -0.5861 -0.71417 0.38268
vn -0.29582 -0.24277 0.92388
vn -0.71417 -0.5861 0.38268
vn -0.3375 -0.1804 0.92388
vn -0.81479 -0.43551 0.38269
vn -0.3662 -0.11109 0.92388
vn -0.8841 -0.26819 0.38268
vn -0.38084 -0.03751 0.92388
vn -0.91943 -0.09056 0.38268
vn -0.38084 0.03751 0.92388
vn -0.91943 0.09056 0.38268
vn -0.3662 0.11109 0.92388
vn -0.8841 0.26819 0.38268
vn -0.3375 0.1804 0.92388
vn -0.81479 0.43551 0.38269
vn -0.29582 0.24277 0.92388
vn -0.71417 0.5861 0.38268
vn -0.24277 0.29582 0.92388
vn -0.5861 0.71417 0.38268
vn -0.18039 0.3375 0.92388
vn -0.43551 0.81479 0.38269
vn -0.11109 0.36621 0.92388
vn -0.26819 0.8841 0.38268
vn -0.03751 0.38084 0.92388
vn -0.09056 0.91943 0.38268
vn -0.03751 -0.38084 -0.92388
vn -0.09056 -0.91943 -0.38269
vn -0.11109 -0.3662 -0.92388
vn -0.26819 -0.8841 -0.38268
vn -0.1804 -0.3375 -0.92388
vn -0.43551 -0.81479 -0.38268
vn -0.24277 -0.29582 -0.92388
vn -0.5861 -0.71417 -0.38268
vn -0.29582 -0.24277 -0.92388
vn -0.71417 -0.5861 -0.38269
vn -0.3375 -0.1804 -0.92388
vn -0.81479 -0.43551 -0.38268
vn -0.3662 -0.11109 -0.92388
vn -0.8841 -0.26819 -0.38268
vn -0.38084 -0.03751 -0.92388
vn -0.91943 -0.09056 -0.38268
vn -0.38084 0.03751 -0.92388
vn -0.91943 0.09056 -0.38268
vn -0.3662 0.11109 -0.92388
vn -0.8841 0.26819 -0.38268
vn -0.3375 0.1804 -0.92388
vn -0.81479 0.43551 -0.38268
vn -0.29582 0.24277 -0.92388
vn -0.71417 0.5861 -0.38269
vn -0.24277 0.29582 -0.92388
vn -0.5861 0.71417 -0.38268
vn -0.18039 0.3375 -0.92388
vn -0.43551 0.81479 -0.38268
vn -0.11109 0.3662 -0.92388
vn -0.26819 0.8841 -0.38268
vn -0.03751 0.38084 -0.92388
vn -0.09056 0.91943 -0.38268
vn 0.03751 0.38084 -0.92388
vn 0.09056 0.91943 -0.38268
vn 0.11109 0.3662 -0.92388
vn 0.26819 0.8841 -0.38268
vn 0.18039 0.3375 -0.92388
vn 0.43551 0.81479 -0.38268
vn 0.24277 0.29582 -0.92388
vn 0.5861 0.71417 -0.38268
vn 0.29582 0.24277 -0.92388
vn 0.71417 0.5861 -0.38269
vn 0.3375 0.1804 -0.92388
vn 0.81479 0.43551 -0.38268
vn 0.3662 0.11109 -0.92388
vn 0.8841 0.26819 -0.38268
vn 0.38084 0.03751 -0.92388
vn 0.91943 0.09056 -0.38268
vn 0.38084 -0.03751 -0.92388
vn 0.91943 -0.09056 -0.38268
vn 0.3662 -0.11109 -0.92388
vn 0.8841 -0.26819 -0.38268
vn 0.3375 -0.1804 -0.92388
vn 0.81479 -0.43551 -0.38268
vn 0.29582 -0.24277 -0.92388
vn 0.71417 -0.5861 -0.38268
vn 0.24277 -0.29582 -0.92388
vn 0.5861 -0.71417 -0.38268
vn 0.1804 -0.3375 -0.92388
vn 0.43551 -0.81479 -0.38268
vn 0.11109 -0.3662 -0.92388
vn 0.26819 -0.8841 -0.38268
vn 0.03751 -0.38084 -0.92388
vn 0.09056 -0.91943 -0.38269
vn 0.09056 0.91943 -0.38268
vn 0.03751 0.38084 -0.92388
vn 0.26819 0.8841 -0.38268
vn 0.11109 0.36621 -0.92388
vn 0.43551 0.81479 -0.38268
vn 0.18039 0.33749 -0.92388
vn 0.5861 0.71417 -0.38268
vn 0.24277 0.29582 -0.92388
vn 0.71417 0.5861 -0.38269
vn 0.29582 0.24277 -0.92388
vn 0.81479 0.43551 -0.38268
vn 0.3375 0.1804 -0.92388
vn 0.8841 0.26819 -0.38268
vn 0.3662 0.11109 -0.92388
vn 0.91943 0.09056 -0.38268
vn 0.38084 0.03751 -0.92388
vn 0.91943 -0.09056 -0.38268
vn 0.38084 -0.03751 -0.92388
vn 0.8841 -0.26819 -0.38268
vn 0.3662 -0.11109 -0.92388
vn 0.81479 -0.43552 -0.38268
vn 0.3375 -0.1804 -0.92388
vn 0.71417 -0.5861 -0.38268
vn 0.29582 -0.24277 -0.92388
vn 0.5861 -0.71417 -0.38268
vn 0.24277 -0.29582 -0.92388
vn 0.43551 -0.81479 -0.38268
vn 0.18039 -0.3375 -0.92388
vn 0.26819 -0.8841 -0.38268
vn 0.11109 -0.36621 -0.92388
vn 0.09056 -0.91943 -0.38268
vn 0.03751 -0.38084 -0.92388
vn -0.09056 -0.91943 -0.38268
vn -0.03751 -0.38084 -0.92388
vn -0.26819 -0.8841 -0.38268
vn -0.11109 -0.36621 -0.92388
vn -0.43551 -0.81479 -0.38269
vn -0.1804 -0.3375 -0.92388
vn -0.5861 -0.71417 -0.38269
vn -0.24277 -0.29582 -0.92388
vn -0.71417 -0.5861 -0.38268
vn -0.29582 -0.24277 -0.92388
vn -0.81479 -0.43552 -0.38268
vn -0.3375 -0.1804 -0.92388
vn -0.8841 -0.26819 -0.38268
vn -0.3662 -0.11109 -0.92388
vn -0.91943 -0.09056 -0.38268
vn -0.38084 -0.03751 -0.92388
vn -0.91943 0.09056 -0.38268
vn -0.38084 0.03751 -0.92388
vn -0.8841 0.26819 -0.38268
vn -0.3662 0.11109 -0.92388
vn -0.81479 0.43551 -0.38268
vn -0.3375 0.1804 -0.92388
vn -0.71417 0.5861 -0.38269
vn -0.29582 0.24277 -0.92388
vn -0.5861 0.71417 -0.38268
vn -0.24277 0.29582 -0.92388
vn -0.43551 0.81479 -0.38268
vn -0.18039 0.33749 -0.92388
vn -0.26819 0.8841 -0.38268
vn -0.11109 0.36621 -0.92388
vn -0.09056 0.91943 -0.38268
vn -0.03751 0.38084 -0.92388
vn 0.09802 0.99518 0
vt 0.70318 0.51461
vt 0.75 0.51
vt 0.75 0.51
vt 0.84184 0.52827
vt 0.88334 0.55045
vt 0.88334 0.55045
vt 0.84184 0.52827
vt 0.91971 0.58029
vt 0.94955 0.61666
vt 0.94955 0.61666
vt 0.97173 0.65816
vt 0.97173 0.65816
vt 0.98539 0.70318
vt 0.99 0.75
vt 0.99 0.75
vt 0.98539 0.79682
vt 0.98539 0.79682
vt 0.97173 0.84184
vt 0.94955 0.88334
vt 0.94955 0.88334
vt 0.97173 0.84184
vt 0.94955 0.88334
vt 0.91971 0.91971
vt 0.88334 0.94955
vt 0.88334 0.94955
vt 0.84184 0.97173
vt 0.84184 0.97173
vt 0.88334 0.94955
vt 0.79682 0.98539
vt 0.79682 0.98539
vt 0.84184 0.97173
vt 0.75 0.99
vt 0.75 0.99
vt 0.70318 0.98539
vt 0.65816 0.97173
vt 0.65816 0.97173
vt 0.61666 0.94955
vt 0.65816 0.97173
vt 0.58029 0.91971
vt 0.55045 0.88334
vt 0.52827 0.84184
vt 0.51461 0.79682
vt 0.51 0.75
vt 0.51461 0.70318
vt 0.52827 0.65816
vt 0.55045 0.61666
vt 0.58029 0.58029
vt 0.61666 0.55045
vt 0.61666 0.55045
vt 0.65816 0.52827
vt 0.65816 0.52827
vt 0.78464 0.57586
vt 0.75 0.57245
vt 0.78571 0.57046
vt 0.79575 0.52001
vt 0.75 0.5155
vt 0.75 0.56694
vt 0.75 0.56694
vt 0.71429 0.57046
vt 0.70425 0.52001
vt 0.8517 0.5978
vt 0.82005 0.58088
vt 0.83974 0.53335
vt 0.88028 0.55502
vt 0.87944 0.62056
vt 0.91581 0.58419
vt 0.9022 0.6483
vt 0.87944 0.62056
vt 0.94498 0.61972
vt 0.91912 0.67995
vt 0.96665 0.66026
vt 0.92954 0.71429
vt 0.96665 0.66026
vt 0.97999 0.70425
vt 0.93306 0.75
vt 0.9845 0.75
vt 0.92954 0.78571
vt 0.9845 0.75
vt 0.97999 0.79575
vt 0.91912 0.82005
vt 0.96665 0.83974
vt 0.9022 0.8517
vt 0.94498 0.88028
vt 0.87944 0.87944
vt 0.94498 0.88028
vt 0.91581 0.91581
vt 0.8517 0.9022
vt 0.88028 0.94498
vt 0.82005 0.91912
vt 0.83974 0.96665
vt 0.78571 0.92954
vt 0.82005 0.91912
vt 0.79575 0.97999
vt 0.75 0.93306
vt 0.78571 0.92954
vt 0.79575 0.97999
vt 0.75 0.9845
vt 0.71429 0.92954
vt 0.70425 0.97999
vt 0.67995 0.91912
vt 0.71429 0.92954
vt 0.70425 0.97999
vt 0.66026 0.96665
vt 0.6483 0.9022
vt 0.61972 0.94498
vt 0.62056 0.87944
vt 0.58419 0.91581
vt 0.5978 0.8517
vt 0.62056 0.87944
vt 0.55502 0.88028
vt 0.58088 0.82005
vt 0.5978 0.8517
vt 0.55502 0.88028
vt 0.53335 0.83974
vt 0.57046 0.78571
vt 0.58088 0.82005
vt 0.52001 0.79575
vt 0.56694 0.75
vt 0.57046 0.78571
vt 0.5155 0.75
vt 0.57046 0.71429
vt 0.52001 0.70425
vt 0.58088 0.67995
vt 0.57046 0.71429
vt 0.53335 0.66026
vt 0.5978 0.6483
vt 0.55502 0.61972
vt 0.62056 0.62056
vt 0.55502 0.61972
vt 0.58419 0.58419
vt 0.6483 0.5978
vt 0.61972 0.55502
vt 0.67995 0.58088
vt 0.6483 0.5978
vt 0.66026 0.53335
vt 0.71429 0.57046
vt 0.67995 0.58088
vt 0.70425 0.52001
vt 0.82005 0.58088
vt 0.60237 0.65136
vt 0.58596 0.68205
vt 0.62445 0.62445
vt 0.71536 0.57586
vt 0.71536 0.57586
vt 0.65136 0.60237
vt 0.84864 0.60237
vt 0.81795 0.58596
vt 0.84864 0.60237
vt 0.68205 0.58596
vt 0.87555 0.62445
vt 0.89763 0.65136
vt 0.89763 0.65136
vt 0.75 0.5155
vt 0.91404 0.68205
vt 0.92414 0.71536
vt 0.92414 0.71536
vt 0.92755 0.75
vt 0.92414 0.78464
vt 0.92755 0.75
vt 0.92414 0.78464
vt 0.91404 0.81795
vt 0.92414 0.78464
vt 0.89763 0.84864
vt 0.91404 0.81795
vt 0.87555 0.87555
vt 0.89763 0.84864
vt 0.79682 0.51461
vt 0.79682 0.51461
vt 0.84864 0.89763
vt 0.84864 0.89763
vt 0.81795 0.91404
vt 0.78464 0.92414
vt 0.75 0.92755
vt 0.75 0.92755
vt 0.71536 0.92414
vt 0.68205 0.91404
vt 0.68205 0.91404
vt 0.65136 0.89763
vt 0.68205 0.91404
vt 0.62445 0.87555
vt 0.62445 0.87555
vt 0.60237 0.84864
vt 0.58596 0.81795
vt 0.57586 0.78464
vt 0.57245 0.75
vt 0.57586 0.71536
vt 0.87555 0.62445
vt 0.92755 0.75
vt 0.79682 0.51463
vt 0.75 0.51002
vt 0.84184 0.52829
vt 0.88333 0.55046
vt 0.91969 0.58031
vt 0.94954 0.61667
vt 0.97171 0.65816
vt 0.98537 0.70318
vt 0.98998 0.75
vt 0.98537 0.79682
vt 0.97171 0.84184
vt 0.94954 0.88333
vt 0.91969 0.91969
vt 0.88333 0.94954
vt 0.84184 0.97171
vt 0.79682 0.98537
vt 0.75 0.98998
vt 0.70318 0.98537
vt 0.65816 0.97171
vt 0.61667 0.94954
vt 0.58031 0.91969
vt 0.55046 0.88333
vt 0.52829 0.84184
vt 0.51463 0.79682
vt 0.51002 0.75
vt 0.51463 0.70318
vt 0.52829 0.65816
vt 0.55046 0.61667
vt 0.58031 0.58031
vt 0.61667 0.55046
vt 0.65816 0.52829
vt 0.70318 0.51463
vt 0.79682 0.51463
vt 0.88333 0.55046
vt 0.98537 0.70318
vt 0.94954 0.88333
vt 0.65816 0.97171
vt 0.58031 0.91969
vt 0.52829 0.84184
vt 0.51002 0.75
vt 0.61667 0.55046
usemtl mat3
f 2809/2604/2323 2810/2605/2323 2811/2606/2323
f 2809/2604/2323 2811/2606/2323 2812/2604/2323
f 2813/2607/2324 2814/2608/2324 2815/2609/2324
f 2813/2607/2324 2815/2609/2324 2816/2610/2324
f 2817/2609/2325 2818/2611/2325 2819/2611/2325
f 2817/2609/2325 2819/2611/2325 2820/2608/2325
f 2818/2611/2326 2821/2612/2326 2822/2613/2326
f 2818/2611/2326 2822/2613/2326 2819/2611/2326
f 2823/2613/2327 2824/2614/2327 2825/2615/2327
f 2823/2613/2327 2825/2615/2327 2826/2612/2327
f 2827/2615/2328 2828/2616/2328 2829/2616/2328
f 2827/2615/2328 2829/2616/2328 2830/2614/2328
f 2828/2616/2329 2831/2617/2329 2832/2618/2329
f 2828/2616/2329 2832/2618/2329 2829/2616/2329
f 2833/2618/2330 2834/2619/2330 2835/2620/2330
f 2833/2618/2330 2835/2620/2330 2832/2618/2330
f 2836/2620/2331 2837/2621/2331 2838/2621/2331
f 2836/2620/2331 2838/2621/2331 2839/2619/2331
f 2837/2621/2332 2840/2622/2332 2841/2623/2332
f 2837/2621/2332 2841/2623/2332 2842/2624/2332
f 2843/2625/2333 2844/2626/2333 2845/2626/2333
f 2843/2625/2333 2845/2626/2333 2841/2623/2333
f 2844/2626/2334 2846/2627/2334 2847/2627/2334
f 2844/2626/2334 2847/2627/2334 2845/2626/2334
f 2848/2628/2335 2849/2629/2335 2850/2630/2335
f 2848/2628/2335 2850/2630/2335 2851/2631/2335
f 2852/2630/2336 2853/2632/2336 2854/2633/2336
f 2852/2630/2336 2854/2633/2336 2855/2634/2336
f 2856/2633/2337 2857/2635/2337 2858/2636/2337
f 2856/2633/2337 2858/2636/2337 2859/2632/2337
f 2860/2636/2338 2861/2637/2338 2862/2637/2338
f 2860/2636/2338 2862/2637/2338 2863/2635/2338
f 2861/2637/2339 2864/2638/2339 2865/2639/2339
f 2861/2637/2339 2865/2639/2339 2862/2637/2339
f 2866/2639/2340 2867/2640/2340 2868/2640/2340
f 2866/2639/2340 2868/2640/2340 2869/2641/2340
f 2867/2640/2341 2870/2642/2341 2871/2642/2341
f 2867/2640/2341 2871/2642/2341 2868/2640/2341
f 2870/2642/2342 2872/2643/2342 2873/2643/2342
f 2870/2642/2342 2873/2643/2342 2871/2642/2342
f 2872/2643/2343 2874/2644/2343 2875/2644/2343
f 2872/2643/2343 2875/2644/2343 2873/2643/2343
f 2874/2644/2344 2876/2645/2344 2877/2645/2344
f 2874/2644/2344 2877/2645/2344 2875/2644/2344
f 2876/2645/2345 2878/2646/2345 2879/2646/2345
f 2876/2645/2345 2879/2646/2345 2877/2645/2345
f 2878/2646/2346 2880/2647/2346 2881/2647/2346
f 2878/2646/2346 2881/2647/2346 2879/2646/2346
f 2880/2647/2347 2882/2648/2347 2883/2648/2347
f 2880/2647/2347 2883/2648/2347 2881/2647/2347
f 2882/2648/2348 2884/2649/2348 2885/2649/2348
f 2882/2648/2348 2885/2649/2348 2883/2648/2348
f 2884/2649/2349 2886/2650/2349 2887/2650/2349
f 2884/2649/2349 2887/2650/2349 2885/2649/2349
f 2886/2650/2350 2888/2651/2350 2889/2652/2350
f 2886/2650/2350 2889/2652/2350 2887/2650/2350
f 2890/2652/2351 2891/2653/2351 2892/2654/2351
f 2890/2652/2351 2892/2654/2351 2893/2651/2351
f 2894/2654/2352 2809/2604/2352 2812/2604/2352
f 2894/2654/2352 2812/2604/2352 2895/2653/2352
f 2896/2655/2353 2897/2656/2353 2898/2656/2353
f 2896/2655/2353 2898/2656/2353 2899/2655/2353
f 2900/2657/2354 2901/2658/2354 2902/2659/2354
f 2900/2657/2354 2902/2659/2354 2903/2660/2354
f 2904/2661/2355 2905/2662/2355 2906/2663/2355
f 2904/2661/2355 2906/2663/2355 2907/2659/2355
f 2908/2664/2356 2909/2665/2356 2910/2666/2356
f 2908/2664/2356 2910/2666/2356 2911/2667/2356
f 2912/2668/2357 2908/2664/2357 2911/2667/2357
f 2912/2668/2357 2911/2667/2357 2913/2669/2357
f 2914/2670/2357 2915/2671/2357 2913/2669/2357
f 2914/2670/2357 2913/2669/2357 2916/2672/2357
f 2917/2673/2357 2914/2670/2357 2916/2672/2357
f 2917/2673/2357 2916/2672/2357 2918/2674/2357
f 2919/2675/2357 2917/2673/2357 2920/2676/2357
f 2919/2675/2357 2920/2676/2357 2921/2677/2357
f 2922/2678/2357 2919/2675/2357 2921/2677/2357
f 2922/2678/2357 2921/2677/2357 2923/2679/2357
f 2924/2680/2358 2922/2678/2358 2925/2681/2358
f 2924/2680/2358 2925/2681/2358 2926/2682/2358
f 2927/2683/2357 2924/2680/2357 2926/2682/2357
f 2927/2683/2357 2926/2682/2357 2928/2684/2357
f 2929/2685/2359 2927/2683/2359 2928/2684/2359
f 2929/2685/2359 2928/2684/2359 2930/2686/2359
f 2931/2687/2360 2929/2685/2360 2932/2688/2360
f 2931/2687/2360 2932/2688/2360 2933/2689/2360
f 2934/2690/2357 2931/2687/2357 2933/2689/2357
f 2934/2690/2357 2933/2689/2357 2935/2691/2357
f 2936/2692/2361 2934/2690/2361 2935/2691/2361
f 2936/2692/2361 2935/2691/2361 2937/2693/2361
f 2938/2694/2357 2939/2695/2357 2937/2693/2357
f 2938/2694/2357 2937/2693/2357 2940/2696/2357
f 2941/2697/2362 2942/2698/2362 2943/2699/2362
f 2941/2697/2362 2943/2699/2362 2944/2700/2362
f 2945/2701/2363 2941/2697/2363 2944/2700/2363
f 2945/2701/2363 2944/2700/2363 2946/2702/2363
f 2947/2703/2357 2948/2704/2357 2949/2705/2357
f 2947/2703/2357 2949/2705/2357 2950/2706/2357
f 2951/2707/2361 2947/2703/2361 2950/2706/2361
f 2951/2707/2361 2950/2706/2361 2952/2708/2361
f 2953/2709/2357 2951/2707/2357 2952/2708/2357
f 2953/2709/2357 2952/2708/2357 2954/2710/2357
f 2955/2711/2357 2956/2712/2357 2954/2710/2357
f 2955/2711/2357 2954/2710/2357 2957/2713/2357
f 2958/2714/2357 2959/2715/2357 2960/2716/2357
f 2958/2714/2357 2960/2716/2357 2961/2717/2357
f 2962/2718/2357 2963/2719/2357 2961/2717/2357
f 2962/2718/2357 2961/2717/2357 2964/2720/2357
f 2965/2721/2364 2966/2722/2364 2964/2720/2364
f 2965/2721/2364 2964/2720/2364 2967/2723/2364
f 2968/2724/2357 2965/2721/2357 2967/2723/2357
f 2968/2724/2357 2967/2723/2357 2969/2725/2357
f 2970/2726/2357 2971/2727/2357 2969/2725/2357
f 2970/2726/2357 2969/2725/2357 2972/2728/2357
f 2973/2729/2357 2970/2726/2357 2972/2728/2357
f 2973/2729/2357 2972/2728/2357 2974/2730/2357
f 2975/2731/2357 2973/2729/2357 2976/2732/2357
f 2975/2731/2357 2976/2732/2357 2977/2733/2357
f 2978/2734/2365 2975/2731/2365 2977/2733/2365
f 2978/2734/2365 2977/2733/2365 2979/2735/2365
f 2980/2736/2357 2981/2737/2357 2979/2735/2357
f 2980/2736/2357 2979/2735/2357 2982/2738/2357
f 2983/2739/2366 2984/2740/2366 2982/2738/2366
f 2983/2739/2366 2982/2738/2366 2985/2741/2366
f 2986/2742/2367 2987/2657/2367 2988/2658/2367
f 2986/2742/2367 2988/2658/2367 2910/2666/2367
f 2989/2712/2354 2990/2710/2354 2991/2708/2354
f 2989/2712/2354 2991/2708/2354 2992/2707/2354
f 2993/2743/2368 2994/2744/2368 2995/2744/2368
f 2993/2743/2368 2995/2744/2368 2996/2743/2368
f 2997/2715/2354 2998/2716/2354 2990/2710/2354
f 2997/2715/2354 2990/2710/2354 2999/2709/2354
f 3000/2745/2369 2993/2743/2369 2996/2743/2369
f 3000/2745/2369 2996/2743/2369 3001/2745/2369
f 2897/2656/2370 3002/2746/2370 3003/2747/2370
f 2897/2656/2370 3003/2747/2370 2898/2656/2370
f 3004/2719/2354 3005/2717/2354 3006/2713/2354
f 3004/2719/2354 3006/2713/2354 3007/2711/2354
f 3008/2748/2371 3000/2745/2371 3001/2745/2371
f 3008/2748/2371 3001/2745/2371 3009/2748/2371
f 3010/2749/2372 3011/2750/2372 3012/2750/2372
f 3010/2749/2372 3012/2750/2372 3013/2751/2372
f 3014/2722/2354 3015/2720/2354 3005/2717/2354
f 3014/2722/2354 3005/2717/2354 3016/2714/2354
f 3017/2752/2373 3008/2748/2373 3009/2748/2373
f 3017/2752/2373 3009/2748/2373 3018/2752/2373
f 3019/2753/2374 3020/2751/2374 3021/2749/2374
f 3019/2753/2374 3021/2749/2374 3022/2753/2374
f 3023/2721/2375 3024/2723/2375 3015/2720/2375
f 3023/2721/2375 3015/2720/2375 3025/2718/2375
f 3026/2747/2376 3017/2752/2376 3018/2752/2376
f 3026/2747/2376 3018/2752/2376 3027/2746/2376
f 3028/2754/2377 3019/2753/2377 3022/2753/2377
f 3028/2754/2377 3022/2753/2377 3029/2755/2377
f 3030/2727/2378 3031/2725/2378 3024/2723/2378
f 3030/2727/2378 3024/2723/2378 3023/2721/2378
f 2987/2657/2379 3032/2660/2379 3033/2756/2379
f 2987/2657/2379 3033/2756/2379 2988/2658/2379
f 3034/2757/2380 3035/2755/2380 3036/2754/2380
f 3034/2757/2380 3036/2754/2380 3037/2757/2380
f 3038/2726/2354 3039/2728/2354 3031/2725/2354
f 3038/2726/2354 3031/2725/2354 3040/2724/2354
f 3011/2750/2381 2896/2655/2381 2899/2655/2381
f 3011/2750/2381 2899/2655/2381 3012/2750/2381
f 3041/2758/2382 3034/2757/2382 3037/2757/2382
f 3041/2758/2382 3037/2757/2382 3042/2759/2382
f 3043/2729/2354 3044/2732/2354 3039/2728/2354
f 3043/2729/2354 3039/2728/2354 3038/2726/2354
f 2903/2660/2354 2902/2659/2354 3045/2741/2354
f 2903/2660/2354 3045/2741/2354 3046/2662/2354
f 3047/2760/2383 3048/2759/2383 3049/2758/2383
f 3047/2760/2383 3049/2758/2383 3050/2760/2383
f 3051/2731/2354 3052/2733/2354 3053/2730/2354
f 3051/2731/2354 3053/2730/2354 3043/2729/2354
f 3054/2665/2354 3055/2666/2354 2901/2658/2354
f 3054/2665/2354 2901/2658/2354 2900/2657/2354
f 3056/2761/2384 3057/2762/2384 3050/2760/2384
f 3056/2761/2384 3050/2760/2384 3058/2763/2384
f 3059/2737/2354 3060/2735/2354 3052/2733/2354
f 3059/2737/2354 3052/2733/2354 3051/2731/2354
f 3061/2664/2354 3062/2667/2354 3055/2666/2354
f 3061/2664/2354 3055/2666/2354 3063/2742/2354
f 3064/2764/2385 3065/2765/2385 3066/2765/2385
f 3064/2764/2385 3066/2765/2385 3067/2764/2385
f 3068/2740/2354 3069/2738/2354 3060/2735/2354
f 3068/2740/2354 3060/2735/2354 3070/2734/2354
f 3071/2671/2354 3072/2669/2354 3062/2667/2354
f 3071/2671/2354 3062/2667/2354 3061/2664/2354
f 3073/2766/2386 3074/2767/2386 3075/2767/2386
f 3073/2766/2386 3075/2767/2386 3076/2766/2386
f 3077/2739/2354 3078/2663/2354 3069/2738/2354
f 3077/2739/2354 3069/2738/2354 3079/2736/2354
f 3080/2670/2354 3081/2672/2354 3072/2669/2354
f 3080/2670/2354 3072/2669/2354 3082/2668/2354
f 3083/2768/2387 3084/2769/2387 3076/2766/2387
f 3083/2768/2387 3076/2766/2387 3085/2768/2387
f 3086/2770/2388 3087/2610/2388 3088/2607/2388
f 3086/2770/2388 3088/2607/2388 3089/2771/2388
f 3090/2673/2354 3091/2676/2354 3081/2672/2354
f 3090/2673/2354 3081/2672/2354 3080/2670/2354
f 3092/2772/2389 3083/2768/2389 3085/2768/2389
f 3092/2772/2389 3085/2768/2389 3093/2773/2389
f 3094/2675/2354 3095/2677/2354 3096/2674/2354
f 3094/2675/2354 3096/2674/2354 3090/2673/2354
f 3097/2774/2390 3098/2773/2390 3099/2772/2390
f 3097/2774/2390 3099/2772/2390 3100/2774/2390
f 3101/2678/2375 3102/2681/2375 3095/2677/2375
f 3101/2678/2375 3095/2677/2375 3094/2675/2375
f 3103/2775/2391 3097/2774/2391 3100/2774/2391
f 3103/2775/2391 3100/2774/2391 3104/2775/2391
f 3105/2680/2378 3106/2682/2378 3107/2679/2378
f 3105/2680/2378 3107/2679/2378 3101/2678/2378
f 3108/2776/2392 3103/2775/2392 3104/2775/2392
f 3108/2776/2392 3104/2775/2392 3109/2777/2392
f 3110/2683/2354 3111/2684/2354 3106/2682/2354
f 3110/2683/2354 3106/2682/2354 3105/2680/2354
f 3112/2778/2393 3108/2776/2393 3113/2776/2393
f 3112/2778/2393 3113/2776/2393 3114/2778/2393
f 3115/2685/2354 3116/2688/2354 3111/2684/2354
f 3115/2685/2354 3111/2684/2354 3110/2683/2354
f 3117/2779/2394 3112/2778/2394 3114/2778/2394
f 3117/2779/2394 3114/2778/2394 3118/2780/2394
f 3119/2687/2354 3120/2689/2354 3121/2686/2354
f 3119/2687/2354 3121/2686/2354 3115/2685/2354
f 3122/2781/2395 3123/2782/2395 3124/2779/2395
f 3122/2781/2395 3124/2779/2395 3125/2781/2395
f 3126/2690/2354 3127/2691/2354 3120/2689/2354
f 3126/2690/2354 3120/2689/2354 3119/2687/2354
f 3128/2783/2396 3122/2781/2396 3125/2781/2396
f 3128/2783/2396 3125/2781/2396 3129/2784/2396
f 3130/2695/2354 3131/2693/2354 3127/2691/2354
f 3130/2695/2354 3127/2691/2354 3126/2690/2354
f 3132/2785/2397 3133/2784/2397 3134/2783/2397
f 3132/2785/2397 3134/2783/2397 3135/2785/2397
f 3136/2698/2354 3137/2699/2354 3131/2693/2354
f 3136/2698/2354 3131/2693/2354 3138/2692/2354
f 3139/2786/2398 3132/2785/2398 3135/2785/2398
f 3139/2786/2398 3135/2785/2398 3140/2786/2398
f 3141/2697/2354 3142/2700/2354 3143/2696/2354
f 3141/2697/2354 3143/2696/2354 3144/2694/2354
f 3145/2787/2399 3139/2786/2399 3140/2786/2399
f 3145/2787/2399 3140/2786/2399 3146/2787/2399
f 3147/2704/2354 3148/2705/2354 3142/2700/2354
f 3147/2704/2354 3142/2700/2354 3141/2697/2354
f 3149/2788/2400 3145/2787/2400 3146/2787/2400
f 3149/2788/2400 3146/2787/2400 3150/2788/2400
f 3151/2703/2354 3152/2706/2354 3153/2702/2354
f 3151/2703/2354 3153/2702/2354 3154/2701/2354
f 3155/2789/2401 3149/2788/2401 3150/2788/2401
f 3155/2789/2401 3150/2788/2401 3156/2789/2401
f 2992/2707/2354 2991/2708/2354 3152/2706/2354
f 2992/2707/2354 3152/2706/2354 3151/2703/2354
f 2994/2744/2402 3155/2789/2402 3156/2789/2402
f 2994/2744/2402 3156/2789/2402 2995/2744/2402
f 2897/2656/2403 2896/2655/2403 3157/2655/2403
f 2897/2656/2403 3157/2655/2403 3158/2656/2403
f 3158/2656/2404 3157/2655/2404 2900/2657/2404
f 3158/2656/2404 2900/2657/2404 2903/2660/2404
f 2896/2655/2405 3011/2750/2405 3159/2750/2405
f 2896/2655/2405 3159/2750/2405 3157/2655/2405
f 3157/2655/2406 3159/2750/2406 3054/2665/2406
f 3157/2655/2406 3054/2665/2406 2900/2657/2406
f 3011/2750/2407 3010/2749/2407 3160/2751/2407
f 3011/2750/2407 3160/2751/2407 3159/2750/2407
f 3159/2750/2408 3160/2751/2408 3061/2664/2408
f 3159/2750/2408 3061/2664/2408 3063/2742/2408
f 3020/2751/2409 3019/2753/2409 3161/2790/2409
f 3020/2751/2409 3161/2790/2409 3160/2751/2409
f 3160/2751/2410 3161/2790/2410 3071/2671/2410
f 3160/2751/2410 3071/2671/2410 3061/2664/2410
f 3019/2753/2411 3028/2754/2411 3162/2754/2411
f 3019/2753/2411 3162/2754/2411 3161/2790/2411
f 3161/2790/2412 3162/2754/2412 3080/2670/2412
f 3161/2790/2412 3080/2670/2412 3082/2668/2412
f 3035/2755/2413 3034/2757/2413 3163/2757/2413
f 3035/2755/2413 3163/2757/2413 3162/2754/2413
f 3162/2754/2414 3163/2757/2414 3090/2673/2414
f 3162/2754/2414 3090/2673/2414 3080/2670/2414
f 3034/2757/2415 3041/2758/2415 3164/2758/2415
f 3034/2757/2415 3164/2758/2415 3163/2757/2415
f 3163/2757/2416 3164/2758/2416 3094/2675/2416
f 3163/2757/2416 3094/2675/2416 3090/2673/2416
f 3048/2759/2417 3047/2760/2417 3165/2791/2417
f 3048/2759/2417 3165/2791/2417 3164/2758/2417
f 3164/2758/2418 3165/2791/2418 3101/2678/2418
f 3164/2758/2418 3101/2678/2418 3094/2675/2418
f 3057/2762/2419 3056/2761/2419 3166/2761/2419
f 3057/2762/2419 3166/2761/2419 3165/2791/2419
f 3165/2791/2420 3166/2761/2420 3105/2680/2420
f 3165/2791/2420 3105/2680/2420 3101/2678/2420
f 3065/2765/2421 3064/2764/2421 3167/2767/2421
f 3065/2765/2421 3167/2767/2421 3166/2761/2421
f 3166/2761/2422 3167/2767/2422 3110/2683/2422
f 3166/2761/2422 3110/2683/2422 3105/2680/2422
f 3074/2767/2423 3073/2766/2423 3168/2766/2423
f 3074/2767/2423 3168/2766/2423 3167/2767/2423
f 3167/2767/2424 3168/2766/2424 3115/2685/2424
f 3167/2767/2424 3115/2685/2424 3110/2683/2424
f 3084/2769/2425 3083/2768/2425 3169/2768/2425
f 3084/2769/2425 3169/2768/2425 3168/2766/2425
f 3168/2766/2426 3169/2768/2426 3119/2687/2426
f 3168/2766/2426 3119/2687/2426 3115/2685/2426
f 3083/2768/2427 3092/2772/2427 3170/2772/2427
f 3083/2768/2427 3170/2772/2427 3169/2768/2427
f 3169/2768/2428 3170/2772/2428 3126/2690/2428
f 3169/2768/2428 3126/2690/2428 3119/2687/2428
f 3098/2773/2429 3097/2774/2429 3171/2774/2429
f 3098/2773/2429 3171/2774/2429 3170/2772/2429
f 3170/2772/2430 3171/2774/2430 3130/2695/2430
f 3170/2772/2430 3130/2695/2430 3126/2690/2430
f 3097/2774/2431 3103/2775/2431 3172/2775/2431
f 3097/2774/2431 3172/2775/2431 3171/2774/2431
f 3171/2774/2432 3172/2775/2432 3136/2698/2432
f 3171/2774/2432 3136/2698/2432 3138/2692/2432
f 3103/2775/2433 3108/2776/2433 3173/2776/2433
f 3103/2775/2433 3173/2776/2433 3172/2775/2433
f 3172/2775/2434 3173/2776/2434 3141/2697/2434
f 3172/2775/2434 3141/2697/2434 3144/2694/2434
f 3108/2776/2435 3112/2778/2435 3174/2778/2435
f 3108/2776/2435 3174/2778/2435 3173/2776/2435
f 3173/2776/2436 3174/2778/2436 3147/2704/2436
f 3173/2776/2436 3147/2704/2436 3141/2697/2436
f 3112/2778/2437 3117/2779/2437 3175/2779/2437
f 3112/2778/2437 3175/2779/2437 3174/2778/2437
f 3174/2778/2438 3175/2779/2438 3151/2703/2438
f 3174/2778/2438 3151/2703/2438 3154/2701/2438
f 3123/2782/2439 3122/2781/2439 3176/2781/2439
f 3123/2782/2439 3176/2781/2439 3175/2779/2439
f 3175/2779/2440 3176/2781/2440 2992/2707/2440
f 3175/2779/2440 2992/2707/2440 3151/2703/2440
f 3122/2781/2441 3128/2783/2441 3177/2783/2441
f 3122/2781/2441 3177/2783/2441 3176/2781/2441
f 3176/2781/2442 3177/2783/2442 2989/2712/2442
f 3176/2781/2442 2989/2712/2442 2992/2707/2442
f 3133/2784/2443 3132/2785/2443 3178/2785/2443
f 3133/2784/2443 3178/2785/2443 3177/2783/2443
f 3177/2783/2444 3178/2785/2444 2997/2715/2444
f 3177/2783/2444 2997/2715/2444 2999/2709/2444
f 3132/2785/2445 3139/2786/2445 3179/2786/2445
f 3132/2785/2445 3179/2786/2445 3178/2785/2445
f 3178/2785/2446 3179/2786/2446 3004/2719/2446
f 3178/2785/2446 3004/2719/2446 3007/2711/2446
f 3139/2786/2447 3145/2787/2447 3180/2787/2447
f 3139/2786/2447 3180/2787/2447 3179/2786/2447
f 3179/2786/2448 3180/2787/2448 3014/2722/2448
f 3179/2786/2448 3014/2722/2448 3016/2714/2448
f 3145/2787/2449 3149/2788/2449 3181/2788/2449
f 3145/2787/2449 3181/2788/2449 3180/2787/2449
f 3180/2787/2450 3181/2788/2450 3023/2721/2450
f 3180/2787/2450 3023/2721/2450 3025/2718/2450
f 3149/2788/2451 3155/2789/2451 3182/2789/2451
f 3149/2788/2451 3182/2789/2451 3181/2788/2451
f 3181/2788/2452 3182/2789/2452 3030/2727/2452
f 3181/2788/2452 3030/2727/2452 3023/2721/2452
f 3155/2789/2453 2994/2744/2453 3183/2744/2453
f 3155/2789/2453 3183/2744/2453 3182/2789/2453
f 3182/2789/2454 3183/2744/2454 3038/2726/2454
f 3182/2789/2454 3038/2726/2454 3040/2724/2454
f 2994/2744/2455 2993/2743/2455 3184/2743/2455
f 2994/2744/2455 3184/2743/2455 3183/2744/2455
f 3183/2744/2456 3184/2743/2456 3043/2729/2456
f 3183/2744/2456 3043/2729/2456 3038/2726/2456
f 2993/2743/2457 3000/2745/2457 3185/2745/2457
f 2993/2743/2457 3185/2745/2457 3184/2743/2457
f 3184/2743/2458 3185/2745/2458 3051/2731/2458
f 3184/2743/2458 3051/2731/2458 3043/2729/2458
f 3000/2745/2459 3008/2748/2459 3186/2748/2459
f 3000/2745/2459 3186/2748/2459 3185/2745/2459
f 3185/2745/2460 3186/2748/2460 3059/2737/2460
f 3185/2745/2460 3059/2737/2460 3051/2731/2460
f 3008/2748/2461 3017/2752/2461 3187/2752/2461
f 3008/2748/2461 3187/2752/2461 3186/2748/2461
f 3186/2748/2462 3187/2752/2462 3068/2740/2462
f 3186/2748/2462 3068/2740/2462 3070/2734/2462
f 3017/2752/2463 3026/2747/2463 3188/2747/2463
f 3017/2752/2463 3188/2747/2463 3187/2752/2463
f 3187/2752/2464 3188/2747/2464 3077/2739/2464
f 3187/2752/2464 3077/2739/2464 3079/2736/2464
f 3002/2746/2465 2897/2656/2465 3158/2656/2465
f 3002/2746/2465 3158/2656/2465 3188/2747/2465
f 3188/2747/2466 3158/2656/2466 2903/2660/2466
f 3188/2747/2466 2903/2660/2466 3046/2662/2466
f 2902/2659/2467 2901/2658/2467 3189/2792/2467
f 2902/2659/2467 3189/2792/2467 3190/2793/2467
f 3190/2793/2468 3189/2792/2468 3191/2771/2468
f 3190/2793/2468 3191/2771/2468 3192/2606/2468
f 2901/2658/2469 3055/2666/2469 3193/2794/2469
f 2901/2658/2469 3193/2794/2469 3189/2792/2469
f 3189/2792/2470 3193/2794/2470 3087/2610/2470
f 3189/2792/2470 3087/2610/2470 3086/2770/2470
f 3055/2666/2471 3062/2667/2471 3194/2795/2471
f 3055/2666/2471 3194/2795/2471 3193/2794/2471
f 3193/2794/2472 3194/2795/2472 2814/2608/2472
f 3193/2794/2472 2814/2608/2472 2813/2607/2472
f 3062/2667/2473 3072/2669/2473 3195/2796/2473
f 3062/2667/2473 3195/2796/2473 3194/2795/2473
f 3194/2795/2474 3195/2796/2474 2818/2611/2474
f 3194/2795/2474 2818/2611/2474 2817/2609/2474
f 3072/2669/2475 3081/2672/2475 3196/2797/2475
f 3072/2669/2475 3196/2797/2475 3195/2796/2475
f 3195/2796/2476 3196/2797/2476 2821/2612/2476
f 3195/2796/2476 2821/2612/2476 2818/2611/2476
f 3081/2672/2477 3091/2676/2477 3197/2798/2477
f 3081/2672/2477 3197/2798/2477 3196/2797/2477
f 3196/2797/2478 3197/2798/2478 2824/2614/2478
f 3196/2797/2478 2824/2614/2478 2823/2613/2478
f 3096/2674/2479 3095/2677/2479 3198/2799/2479
f 3096/2674/2479 3198/2799/2479 3197/2798/2479
f 3197/2798/2480 3198/2799/2480 2828/2616/2480
f 3197/2798/2480 2828/2616/2480 2827/2615/2480
f 3095/2677/2481 3102/2681/2481 3199/2800/2481
f 3095/2677/2481 3199/2800/2481 3198/2799/2481
f 3198/2799/2482 3199/2800/2482 2831/2617/2482
f 3198/2799/2482 2831/2617/2482 2828/2616/2482
f 3107/2679/2483 3106/2682/2483 3200/2801/2483
f 3107/2679/2483 3200/2801/2483 3199/2800/2483
f 3199/2800/2484 3200/2801/2484 2834/2619/2484
f 3199/2800/2484 2834/2619/2484 2833/2618/2484
f 3106/2682/2485 3111/2684/2485 3201/2802/2485
f 3106/2682/2485 3201/2802/2485 3200/2801/2485
f 3200/2801/2486 3201/2802/2486 2837/2621/2486
f 3200/2801/2486 2837/2621/2486 2836/2620/2486
f 3111/2684/2487 3116/2688/2487 3202/2803/2487
f 3111/2684/2487 3202/2803/2487 3201/2802/2487
f 3201/2802/2488 3202/2803/2488 2840/2622/2488
f 3201/2802/2488 2840/2622/2488 2837/2621/2488
f 3121/2686/2489 3120/2689/2489 3203/2804/2489
f 3121/2686/2489 3203/2804/2489 3202/2803/2489
f 3202/2803/2490 3203/2804/2490 2844/2626/2490
f 3202/2803/2490 2844/2626/2490 2843/2625/2490
f 3120/2689/2491 3127/2691/2491 3204/2805/2491
f 3120/2689/2491 3204/2805/2491 3203/2804/2491
f 3203/2804/2492 3204/2805/2492 2846/2627/2492
f 3203/2804/2492 2846/2627/2492 2844/2626/2492
f 3127/2691/2493 3131/2693/2493 3205/2806/2493
f 3127/2691/2493 3205/2806/2493 3204/2805/2493
f 3204/2805/2494 3205/2806/2494 2849/2629/2494
f 3204/2805/2494 2849/2629/2494 2848/2628/2494
f 3131/2693/2495 3137/2699/2495 3206/2807/2495
f 3131/2693/2495 3206/2807/2495 3205/2806/2495
f 3205/2806/2496 3206/2807/2496 2853/2632/2496
f 3205/2806/2496 2853/2632/2496 2852/2630/2496
f 3143/2696/2497 3142/2700/2497 3207/2808/2497
f 3143/2696/2497 3207/2808/2497 3206/2807/2497
f 3206/2807/2498 3207/2808/2498 2857/2635/2498
f 3206/2807/2498 2857/2635/2498 2856/2633/2498
f 3142/2700/2499 3148/2705/2499 3208/2809/2499
f 3142/2700/2499 3208/2809/2499 3207/2808/2499
f 3207/2808/2500 3208/2809/2500 2861/2637/2500
f 3207/2808/2500 2861/2637/2500 2860/2636/2500
f 3153/2702/2501 3152/2706/2501 3209/2810/2501
f 3153/2702/2501 3209/2810/2501 3208/2809/2501
f 3208/2809/2502 3209/2810/2502 2864/2638/2502
f 3208/2809/2502 2864/2638/2502 2861/2637/2502
f 3152/2706/2503 2991/2708/2503 3210/2811/2503
f 3152/2706/2503 3210/2811/2503 3209/2810/2503
f 3209/2810/2504 3210/2811/2504 2867/2640/2504
f 3209/2810/2504 2867/2640/2504 2866/2639/2504
f 2991/2708/2505 2990/2710/2505 3211/2812/2505
f 2991/2708/2505 3211/2812/2505 3210/2811/2505
f 3210/2811/2506 3211/2812/2506 2870/2642/2506
f 3210/2811/2506 2870/2642/2506 2867/2640/2506
f 2990/2710/2507 2998/2716/2507 3212/2813/2507
f 2990/2710/2507 3212/2813/2507 3211/2812/2507
f 3211/2812/2508 3212/2813/2508 2872/2643/2508
f 3211/2812/2508 2872/2643/2508 2870/2642/2508
f 3006/2713/2509 3005/2717/2509 3213/2814/2509
f 3006/2713/2509 3213/2814/2509 3212/2813/2509
f 3212/2813/2510 3213/2814/2510 2874/2644/2510
f 3212/2813/2510 2874/2644/2510 2872/2643/2510
f 3005/2717/2511 3015/2720/2511 3214/2815/2511
f 3005/2717/2511 3214/2815/2511 3213/2814/2511
f 3213/2814/2512 3214/2815/2512 2876/2645/2512
f 3213/2814/2512 2876/2645/2512 2874/2644/2512
f 3015/2720/2513 3024/2723/2513 3215/2816/2513
f 3015/2720/2513 3215/2816/2513 3214/2815/2513
f 3214/2815/2514 3215/2816/2514 2878/2646/2514
f 3214/2815/2514 2878/2646/2514 2876/2645/2514
f 3024/2723/2515 3031/2725/2515 3216/2817/2515
f 3024/2723/2515 3216/2817/2515 3215/2816/2515
f 3215/2816/2516 3216/2817/2516 2880/2647/2516
f 3215/2816/2516 2880/2647/2516 2878/2646/2516
f 3031/2725/2517 3039/2728/2517 3217/2818/2517
f 3031/2725/2517 3217/2818/2517 3216/2817/2517
f 3216/2817/2518 3217/2818/2518 2882/2648/2518
f 3216/2817/2518 2882/2648/2518 2880/2647/2518
f 3039/2728/2519 3044/2732/2519 3218/2819/2519
f 3039/2728/2519 3218/2819/2519 3217/2818/2519
f 3217/2818/2520 3218/2819/2520 2884/2649/2520
f 3217/2818/2520 2884/2649/2520 2882/2648/2520
f 3053/2730/2521 3052/2733/2521 3219/2820/2521
f 3053/2730/2521 3219/2820/2521 3218/2819/2521
f 3218/2819/2522 3219/2820/2522 2886/2650/2522
f 3218/2819/2522 2886/2650/2522 2884/2649/2522
f 3052/2733/2523 3060/2735/2523 3220/2821/2523
f 3052/2733/2523 3220/2821/2523 3219/2820/2523
f 3219/2820/2524 3220/2821/2524 2888/2651/2524
f 3219/2820/2524 2888/2651/2524 2886/2650/2524
f 3060/2735/2525 3069/2738/2525 3221/2822/2525
f 3060/2735/2525 3221/2822/2525 3220/2821/2525
f 3220/2821/2526 3221/2822/2526 2891/2653/2526
f 3220/2821/2526 2891/2653/2526 2890/2652/2526
f 3069/2738/2527 3078/2663/2527 3222/2823/2527
f 3069/2738/2527 3222/2823/2527 3221/2822/2527
f 3221/2822/2528 3222/2823/2528 2809/2604/2528
f 3221/2822/2528 2809/2604/2528 2894/2654/2528
f 3045/2741/2529 2902/2659/2529 3190/2793/2529
f 3045/2741/2529 3190/2793/2529 3222/2823/2529
f 3222/2823/2530 3190/2793/2530 2810/2605/2530
f 3222/2823/2530 2810/2605/2530 2809/2604/2530
f 3032/2660/2531 2987/2657/2531 3223/2655/2531
f 3032/2660/2531 3223/2655/2531 3224/2656/2531
f 3224/2656/2532 3223/2655/2532 2899/2655/2532
f 3224/2656/2532 2899/2655/2532 2898/2656/2532
f 2987/2657/2533 2986/2742/2533 3225/2750/2533
f 2987/2657/2533 3225/2750/2533 3223/2655/2533
f 3223/2655/2534 3225/2750/2534 3012/2750/2534
f 3223/2655/2534 3012/2750/2534 2899/2655/2534
f 2909/2665/2535 2908/2664/2535 3226/2751/2535
f 2909/2665/2535 3226/2751/2535 3225/2750/2535
f 3225/2750/2536 3226/2751/2536 3013/2751/2536
f 3225/2750/2536 3013/2751/2536 3012/2750/2536
f 2908/2664/2537 2912/2668/2537 3227/2790/2537
f 2908/2664/2537 3227/2790/2537 3226/2751/2537
f 3226/2751/2538 3227/2790/2538 3022/2753/2538
f 3226/2751/2538 3022/2753/2538 3021/2749/2538
f 2915/2671/2539 2914/2670/2539 3228/2754/2539
f 2915/2671/2539 3228/2754/2539 3227/2790/2539
f 3227/2790/2540 3228/2754/2540 3029/2755/2540
f 3227/2790/2540 3029/2755/2540 3022/2753/2540
f 2914/2670/2541 2917/2673/2541 3229/2757/2541
f 2914/2670/2541 3229/2757/2541 3228/2754/2541
f 3228/2754/2542 3229/2757/2542 3037/2757/2542
f 3228/2754/2542 3037/2757/2542 3036/2754/2542
f 2917/2673/2543 2919/2675/2543 3230/2758/2543
f 2917/2673/2543 3230/2758/2543 3229/2757/2543
f 3229/2757/2544 3230/2758/2544 3042/2759/2544
f 3229/2757/2544 3042/2759/2544 3037/2757/2544
f 2919/2675/2545 2922/2678/2545 3231/2791/2545
f 2919/2675/2545 3231/2791/2545 3230/2758/2545
f 3230/2758/2546 3231/2791/2546 3050/2760/2546
f 3230/2758/2546 3050/2760/2546 3049/2758/2546
f 2922/2678/2547 2924/2680/2547 3232/2761/2547
f 2922/2678/2547 3232/2761/2547 3231/2791/2547
f 3231/2791/2548 3232/2761/2548 3058/2763/2548
f 3231/2791/2548 3058/2763/2548 3050/2760/2548
f 2924/2680/2549 2927/2683/2549 3233/2767/2549
f 2924/2680/2549 3233/2767/2549 3232/2761/2549
f 3232/2761/2550 3233/2767/2550 3067/2764/2550
f 3232/2761/2550 3067/2764/2550 3066/2765/2550
f 2927/2683/2551 2929/2685/2551 3234/2766/2551
f 2927/2683/2551 3234/2766/2551 3233/2767/2551
f 3233/2767/2552 3234/2766/2552 3076/2766/2552
f 3233/2767/2552 3076/2766/2552 3075/2767/2552
f 2929/2685/2553 2931/2687/2553 3235/2768/2553
f 2929/2685/2553 3235/2768/2553 3234/2766/2553
f 3234/2766/2554 3235/2768/2554 3085/2768/2554
f 3234/2766/2554 3085/2768/2554 3076/2766/2554
f 2931/2687/2555 2934/2690/2555 3236/2772/2555
f 2931/2687/2555 3236/2772/2555 3235/2768/2555
f 3235/2768/2556 3236/2772/2556 3093/2773/2556
f 3235/2768/2556 3093/2773/2556 3085/2768/2556
f 2934/2690/2557 2936/2692/2557 3237/2774/2557
f 2934/2690/2557 3237/2774/2557 3236/2772/2557
f 3236/2772/2558 3237/2774/2558 3100/2774/2558
f 3236/2772/2558 3100/2774/2558 3099/2772/2558
f 2939/2695/2559 2938/2694/2559 3238/2775/2559
f 2939/2695/2559 3238/2775/2559 3237/2774/2559
f 3237/2774/2560 3238/2775/2560 3104/2775/2560
f 3237/2774/2560 3104/2775/2560 3100/2774/2560
f 2942/2698/2561 2941/2697/2561 3239/2776/2561
f 2942/2698/2561 3239/2776/2561 3238/2775/2561
f 3238/2775/2562 3239/2776/2562 3109/2777/2562
f 3238/2775/2562 3109/2777/2562 3104/2775/2562
f 2941/2697/2563 2945/2701/2563 3240/2778/2563
f 2941/2697/2563 3240/2778/2563 3239/2776/2563
f 3239/2776/2564 3240/2778/2564 3114/2778/2564
f 3239/2776/2564 3114/2778/2564 3113/2776/2564
f 2948/2704/2565 2947/2703/2565 3241/2779/2565
f 2948/2704/2565 3241/2779/2565 3240/2778/2565
f 3240/2778/2566 3241/2779/2566 3118/2780/2566
f 3240/2778/2566 3118/2780/2566 3114/2778/2566
f 2947/2703/2567 2951/2707/2567 3242/2781/2567
f 2947/2703/2567 3242/2781/2567 3241/2779/2567
f 3241/2779/2568 3242/2781/2568 3125/2781/2568
f 3241/2779/2568 3125/2781/2568 3124/2779/2568
f 2951/2707/2569 2953/2709/2569 3243/2783/2569
f 2951/2707/2569 3243/2783/2569 3242/2781/2569
f 3242/2781/2570 3243/2783/2570 3129/2784/2570
f 3242/2781/2570 3129/2784/2570 3125/2781/2570
f 2956/2712/2571 2955/2711/2571 3244/2785/2571
f 2956/2712/2571 3244/2785/2571 3243/2783/2571
f 3243/2783/2572 3244/2785/2572 3135/2785/2572
f 3243/2783/2572 3135/2785/2572 3134/2783/2572
f 2959/2715/2573 2958/2714/2573 3245/2786/2573
f 2959/2715/2573 3245/2786/2573 3244/2785/2573
f 3244/2785/2574 3245/2786/2574 3140/2786/2574
f 3244/2785/2574 3140/2786/2574 3135/2785/2574
f 2963/2719/2575 2962/2718/2575 3246/2787/2575
f 2963/2719/2575 3246/2787/2575 3245/2786/2575
f 3245/2786/2576 3246/2787/2576 3146/2787/2576
f 3245/2786/2576 3146/2787/2576 3140/2786/2576
f 2966/2722/2577 2965/2721/2577 3247/2788/2577
f 2966/2722/2577 3247/2788/2577 3246/2787/2577
f 3246/2787/2578 3247/2788/2578 3150/2788/2578
f 3246/2787/2578 3150/2788/2578 3146/2787/2578
f 2965/2721/2579 2968/2724/2579 3248/2789/2579
f 2965/2721/2579 3248/2789/2579 3247/2788/2579
f 3247/2788/2580 3248/2789/2580 3156/2789/2580
f 3247/2788/2580 3156/2789/2580 3150/2788/2580
f 2971/2727/2581 2970/2726/2581 3249/2744/2581
f 2971/2727/2581 3249/2744/2581 3248/2789/2581
f 3248/2789/2582 3249/2744/2582 2995/2744/2582
f 3248/2789/2582 2995/2744/2582 3156/2789/2582
f 2970/2726/2583 2973/2729/2583 3250/2743/2583
f 2970/2726/2583 3250/2743/2583 3249/2744/2583
f 3249/2744/2584 3250/2743/2584 2996/2743/2584
f 3249/2744/2584 2996/2743/2584 2995/2744/2584
f 2973/2729/2585 2975/2731/2585 3251/2745/2585
f 2973/2729/2585 3251/2745/2585 3250/2743/2585
f 3250/2743/2586 3251/2745/2586 3001/2745/2586
f 3250/2743/2586 3001/2745/2586 2996/2743/2586
f 2975/2731/2587 2978/2734/2587 3252/2748/2587
f 2975/2731/2587 3252/2748/2587 3251/2745/2587
f 3251/2745/2588 3252/2748/2588 3009/2748/2588
f 3251/2745/2588 3009/2748/2588 3001/2745/2588
f 2981/2737/2589 2980/2736/2589 3253/2752/2589
f 2981/2737/2589 3253/2752/2589 3252/2748/2589
f 3252/2748/2590 3253/2752/2590 3018/2752/2590
f 3252/2748/2590 3018/2752/2590 3009/2748/2590
f 2984/2740/2591 2983/2739/2591 3254/2747/2591
f 2984/2740/2591 3254/2747/2591 3253/2752/2591
f 3253/2752/2592 3254/2747/2592 3027/2746/2592
f 3253/2752/2592 3027/2746/2592 3018/2752/2592
f 2905/2662/2593 2904/2661/2593 3224/2656/2593
f 2905/2662/2593 3224/2656/2593 3254/2747/2593
f 3254/2747/2594 3224/2656/2594 2898/2656/2594
f 3254/2747/2594 2898/2656/2594 3003/2747/2594
f 3255/2605/2595 3256/2770/2595 3257/2824/2595
f 3255/2605/2595 3257/2824/2595 3258/2793/2595
f 3258/2793/2596 3257/2824/2596 2988/2658/2596
f 3258/2793/2596 2988/2658/2596 3033/2756/2596
f 3089/2771/2597 3088/2607/2597 3259/2794/2597
f 3089/2771/2597 3259/2794/2597 3257/2824/2597
f 3257/2824/2598 3259/2794/2598 2910/2666/2598
f 3257/2824/2598 2910/2666/2598 2988/2658/2598
f 2816/2610/2599 2815/2609/2599 3260/2825/2599
f 2816/2610/2599 3260/2825/2599 3259/2794/2599
f 3259/2794/2600 3260/2825/2600 2911/2667/2600
f 3259/2794/2600 2911/2667/2600 2910/2666/2600
f 2820/2608/2601 2819/2611/2601 3261/2796/2601
f 2820/2608/2601 3261/2796/2601 3260/2825/2601
f 3260/2825/2602 3261/2796/2602 2913/2669/2602
f 3260/2825/2602 2913/2669/2602 2911/2667/2602
f 2819/2611/2603 2822/2613/2603 3262/2797/2603
f 2819/2611/2603 3262/2797/2603 3261/2796/2603
f 3261/2796/2604 3262/2797/2604 2916/2672/2604
f 3261/2796/2604 2916/2672/2604 2913/2669/2604
f 2826/2612/2605 2825/2615/2605 3263/2798/2605
f 2826/2612/2605 3263/2798/2605 3262/2797/2605
f 3262/2797/2606 3263/2798/2606 2918/2674/2606
f 3262/2797/2606 2918/2674/2606 2916/2672/2606
f 2830/2614/2607 2829/2616/2607 3264/2826/2607
f 2830/2614/2607 3264/2826/2607 3263/2798/2607
f 3263/2798/2608 3264/2826/2608 2921/2677/2608
f 3263/2798/2608 2921/2677/2608 2920/2676/2608
f 2829/2616/2609 2832/2618/2609 3265/2800/2609
f 2829/2616/2609 3265/2800/2609 3264/2826/2609
f 3264/2826/2610 3265/2800/2610 2923/2679/2610
f 3264/2826/2610 2923/2679/2610 2921/2677/2610
f 2832/2618/2611 2835/2620/2611 3266/2801/2611
f 2832/2618/2611 3266/2801/2611 3265/2800/2611
f 3265/2800/2612 3266/2801/2612 2926/2682/2612
f 3265/2800/2612 2926/2682/2612 2925/2681/2612
f 2839/2619/2613 2838/2621/2613 3267/2802/2613
f 2839/2619/2613 3267/2802/2613 3266/2801/2613
f 3266/2801/2614 3267/2802/2614 2928/2684/2614
f 3266/2801/2614 2928/2684/2614 2926/2682/2614
f 2842/2624/2615 2841/2623/2615 3268/2827/2615
f 2842/2624/2615 3268/2827/2615 3267/2802/2615
f 3267/2802/2616 3268/2827/2616 2930/2686/2616
f 3267/2802/2616 2930/2686/2616 2928/2684/2616
f 2841/2623/2617 2845/2626/2617 3269/2804/2617
f 2841/2623/2617 3269/2804/2617 3268/2827/2617
f 3268/2827/2618 3269/2804/2618 2933/2689/2618
f 3268/2827/2618 2933/2689/2618 2932/2688/2618
f 2845/2626/2619 2847/2627/2619 3270/2805/2619
f 2845/2626/2619 3270/2805/2619 3269/2804/2619
f 3269/2804/2620 3270/2805/2620 2935/2691/2620
f 3269/2804/2620 2935/2691/2620 2933/2689/2620
f 2851/2631/2621 2850/2630/2621 3271/2806/2621
f 2851/2631/2621 3271/2806/2621 3270/2805/2621
f 3270/2805/2622 3271/2806/2622 2937/2693/2622
f 3270/2805/2622 2937/2693/2622 2935/2691/2622
f 2855/2634/2623 2854/2633/2623 3272/2807/2623
f 2855/2634/2623 3272/2807/2623 3271/2806/2623
f 3271/2806/2624 3272/2807/2624 2940/2696/2624
f 3271/2806/2624 2940/2696/2624 2937/2693/2624
f 2859/2632/2625 2858/2636/2625 3273/2808/2625
f 2859/2632/2625 3273/2808/2625 3272/2807/2625
f 3272/2807/2626 3273/2808/2626 2944/2700/2626
f 3272/2807/2626 2944/2700/2626 2943/2699/2626
f 2863/2635/2627 2862/2637/2627 3274/2809/2627
f 2863/2635/2627 3274/2809/2627 3273/2808/2627
f 3273/2808/2628 3274/2809/2628 2946/2702/2628
f 3273/2808/2628 2946/2702/2628 2944/2700/2628
f 2862/2637/2629 2865/2639/2629 3275/2828/2629
f 2862/2637/2629 3275/2828/2629 3274/2809/2629
f 3274/2809/2630 3275/2828/2630 2950/2706/2630
f 3274/2809/2630 2950/2706/2630 2949/2705/2630
f 2869/2641/2631 2868/2640/2631 3276/2811/2631
f 2869/2641/2631 3276/2811/2631 3275/2828/2631
f 3275/2828/2632 3276/2811/2632 2952/2708/2632
f 3275/2828/2632 2952/2708/2632 2950/2706/2632
f 2868/2640/2633 2871/2642/2633 3277/2829/2633
f 2868/2640/2633 3277/2829/2633 3276/2811/2633
f 3276/2811/2634 3277/2829/2634 2954/2710/2634
f 3276/2811/2634 2954/2710/2634 2952/2708/2634
f 2871/2642/2635 2873/2643/2635 3278/2813/2635
f 2871/2642/2635 3278/2813/2635 3277/2829/2635
f 3277/2829/2636 3278/2813/2636 2957/2713/2636
f 3277/2829/2636 2957/2713/2636 2954/2710/2636
f 2873/2643/2637 2875/2644/2637 3279/2830/2637
f 2873/2643/2637 3279/2830/2637 3278/2813/2637
f 3278/2813/2638 3279/2830/2638 2961/2717/2638
f 3278/2813/2638 2961/2717/2638 2960/2716/2638
f 2875/2644/2639 2877/2645/2639 3280/2815/2639
f 2875/2644/2639 3280/2815/2639 3279/2830/2639
f 3279/2830/2640 3280/2815/2640 2964/2720/2640
f 3279/2830/2640 2964/2720/2640 2961/2717/2640
f 2877/2645/2641 2879/2646/2641 3281/2831/2641
f 2877/2645/2641 3281/2831/2641 3280/2815/2641
f 3280/2815/2642 3281/2831/2642 2967/2723/2642
f 3280/2815/2642 2967/2723/2642 2964/2720/2642
f 2879/2646/2643 2881/2647/2643 3282/2817/2643
f 2879/2646/2643 3282/2817/2643 3281/2831/2643
f 3281/2831/2644 3282/2817/2644 2969/2725/2644
f 3281/2831/2644 2969/2725/2644 2967/2723/2644
f 2881/2647/2645 2883/2648/2645 3283/2818/2645
f 2881/2647/2645 3283/2818/2645 3282/2817/2645
f 3282/2817/2646 3283/2818/2646 2972/2728/2646
f 3282/2817/2646 2972/2728/2646 2969/2725/2646
f 2883/2648/2647 2885/2649/2647 3284/2819/2647
f 2883/2648/2647 3284/2819/2647 3283/2818/2647
f 3283/2818/2648 3284/2819/2648 2974/2730/2648
f 3283/2818/2648 2974/2730/2648 2972/2728/2648
f 2885/2649/2649 2887/2650/2649 3285/2820/2649
f 2885/2649/2649 3285/2820/2649 3284/2819/2649
f 3284/2819/2650 3285/2820/2650 2977/2733/2650
f 3284/2819/2650 2977/2733/2650 2976/2732/2650
f 2887/2650/2651 2889/2652/2651 3286/2832/2651
f 2887/2650/2651 3286/2832/2651 3285/2820/2651
f 3285/2820/2652 3286/2832/2652 2979/2735/2652
f 3285/2820/2652 2979/2735/2652 2977/2733/2652
f 2893/2651/2653 2892/2654/2653 3287/2822/2653
f 2893/2651/2653 3287/2822/2653 3286/2832/2653
f 3286/2832/2654 3287/2822/2654 2982/2738/2654
f 3286/2832/2654 2982/2738/2654 2979/2735/2654
f 2895/2653/2655 2812/2604/2655 3288/2823/2655
f 2895/2653/2655 3288/2823/2655 3287/2822/2655
f 3287/2822/2656 3288/2823/2656 2985/2741/2656
f 3287/2822/2656 2985/2741/2656 2982/2738/2656
f 2812/2604/2657 2811/2606/2657 3258/2793/2657
f 2812/2604/2657 3258/2793/2657 3288/2823/2657
f 3288/2823/2658 3258/2793/2658 2907/2659/2658
f 3288/2823/2658 2907/2659/2658 2906/2663/2658
f 3192/2606/2659 3191/2771/2659 3256/2770/2659
f 3192/2606/2659 3256/2770/2659 3255/2605/2659
# Vertices: 480, normals: 337, texture coordinates: 229, faces: 768

o obj8
v -0.64819866 3.41354249 0.90382218
v -0.64819866 3.41354249 0.96134189
v -0.62189313 3.40191714 0.96134189
v -0.62189313 3.40191715 0.90382218
v -0.61880821 3.37332322 0.96134189
v -0.61880821 3.37332322 0.90382218
v -0.64202882 3.35635464 0.96134189
v -0.64202881 3.35635464 0.90382218
v -0.66833434 3.36797998 0.96134189
v -0.66833434 3.36797998 0.90382218
v -0.67141926 3.3965739 0.96134189
v -0.67141926 3.39657391 0.90382218
v -0.64819866 3.41354249 0.96134189
v -0.64819866 3.41354249 0.90382218
v -0.64202882 3.35635464 0.96134189
v -0.67141926 3.3965739 0.96134189
v -0.66833434 3.36797998 0.96134189
v -0.64819866 3.41354249 0.96134189
v -0.61880821 3.37332322 0.96134189
v -0.62189313 3.40191714 0.96134189
v -0.64819866 3.41354249 0.90382218
v -0.66833434 3.36797998 0.90382218
v -0.67141926 3.39657391 0.90382218
v -0.64202881 3.35635464 0.90382218
v -0.62189313 3.40191715 0.90382218
v -0.61880821 3.37332322 0.90382218
vn 0.5 0.86603 0
vn 1 0 0
vn 0.5 -0.86603 0
vn -0.5 -0.86603 0
vn -1 0 0
vn -0.5 0.86603 0
vn -0 0 1
vn 0 0 -1
vt 1 0.5
vt 1 0
vt 0.83333 0
vt 0.83333 0.5
vt 0.66667 0
vt 0.66667 0.5
vt 0.5 0
vt 0.5 0.5
vt 0.33333 0
vt 0.33333 0.5
vt 0.16667 0
vt 0.16667 0.5
vt -0 0
vt -0 0.5
vt 0.25 0.99
vt 0.04215 0.63
vt 0.04215 0.87
vt 0.25 0.51
vt 0.45785 0.87
vt 0.45785 0.63
vt 0.75 0.51
vt 0.54215 0.87
vt 0.54215 0.63
vt 0.75 0.99
vt 0.95785 0.63
vt 0.95785 0.87
usemtl mat4
f 3289/2833/2660 3290/2834/2660 3291/2835/2660
f 3289/2833/2660 3291/2835/2660 3292/2836/2660
f 3292/2836/2661 3291/2835/2661 3293/2837/2661
f 3292/2836/2661 3293/2837/2661 3294/2838/2661
f 3294/2838/2662 3293/2837/2662 3295/2839/2662
f 3294/2838/2662 3295/2839/2662 3296/2840/2662
f 3296/2840/2663 3295/2839/2663 3297/2841/2663
f 3296/2840/2663 3297/2841/2663 3298/2842/2663
f 3298/2842/2664 3297/2841/2664 3299/2843/2664
f 3298/2842/2664 3299/2843/2664 3300/2844/2664
f 3300/2844/2665 3299/2843/2665 3301/2845/2665
f 3300/2844/2665 3301/2845/2665 3302/2846/2665
f 3303/2847/2666 3304/2848/2666 3305/2849/2666
f 3304/2848/2666 3303/2847/2666 3306/2850/2666
f 3306/2850/2666 3303/2847/2666 3307/2851/2666
f 3306/2850/2666 3307/2851/2666 3308/2852/2666
f 3309/2853/2667 3310/2854/2667 3311/2855/2667
f 3310/2854/2667 3309/2853/2667 3312/2856/2667
f 3312/2856/2667 3309/2853/2667 3313/2857/2667
f 3312/2856/2667 3313/2857/2667 3314/2858/2667
# Vertices: 26, normals: 8, texture coordinates: 26, faces: 20

o obj9
v -0.36277185 3.38646798 0.90382218
v -0.36277184 3.38646798 0.96134189
v -0.36113511 3.35775473 0.96134188
v -0.36113512 3.35775474 0.90382218
v -0.38518315 3.34198066 0.96134188
v -0.38518315 3.34198067 0.90382218
v -0.41086791 3.35491984 0.96134189
v -0.41086791 3.35491984 0.90382218
v -0.41250464 3.38363308 0.96134189
v -0.41250464 3.38363309 0.90382218
v -0.38845661 3.39940715 0.96134189
v -0.38845661 3.39940716 0.90382218
v -0.36277184 3.38646798 0.96134189
v -0.36277185 3.38646798 0.90382218
v -0.41086791 3.35491984 0.96134189
v -0.38845661 3.39940715 0.96134189
v -0.41250464 3.38363308 0.96134189
v -0.36277184 3.38646798 0.96134189
v -0.38518315 3.34198066 0.96134188
v -0.36113511 3.35775473 0.96134188
v -0.36277185 3.38646798 0.90382218
v -0.41250464 3.38363309 0.90382218
v -0.38845661 3.39940716 0.90382218
v -0.41086791 3.35491984 0.90382218
v -0.36113512 3.35775474 0.90382218
v -0.38518315 3.34198067 0.90382218
vn 0.5 0.86603 0
vn 1 0 0
vn 0.5 -0.86603 0
vn -0.5 -0.86603 0
vn -1 0 0
vn -0.5 0.86603 0
vn -0 0 1
vn 0 0 -1
vt 1 0.5
vt 1 0
vt 0.83333 0
vt 0.83333 0.5
vt 0.66667 0
vt 0.66667 0.5
vt 0.5 0
vt 0.5 0.5
vt 0.33333 0
vt 0.33333 0.5
vt 0.16667 0
vt 0.16667 0.5
vt -0 0
vt -0 0.5
vt 0.25 0.99
vt 0.04215 0.63
vt 0.04215 0.87
vt 0.25 0.51
vt 0.45785 0.87
vt 0.45785 0.63
vt 0.75 0.51
vt 0.54215 0.87
vt 0.54215 0.63
vt 0.75 0.99
vt 0.95785 0.63
vt 0.95785 0.87
usemtl mat4
f 3315/2859/2668 3316/2860/2668 3317/2861/2668
f 3315/2859/2668 3317/2861/2668 3318/2862/2668
f 3318/2862/2669 3317/2861/2669 3319/2863/2669
f 3318/2862/2669 3319/2863/2669 3320/2864/2669
f 3320/2864/2670 3319/2863/2670 3321/2865/2670
f 3320/2864/2670 3321/2865/2670 3322/2866/2670
f 3322/2866/2671 3321/2865/2671 3323/2867/2671
f 3322/2866/2671 3323/2867/2671 3324/2868/2671
f 3324/2868/2672 3323/2867/2672 3325/2869/2672
f 3324/2868/2672 3325/2869/2672 3326/2870/2672
f 3326/2870/2673 3325/2869/2673 3327/2871/2673
f 3326/2870/2673 3327/2871/2673 3328/2872/2673
f 3329/2873/2674 3330/2874/2674 3331/2875/2674
f 3330/2874/2674 3329/2873/2674 3332/2876/2674
f 3332/2876/2674 3329/2873/2674 3333/2877/2674
f 3332/2876/2674 3333/2877/2674 3334/2878/2674
f 3335/2879/2675 3336/2880/2675 3337/2881/2675
f 3336/2880/2675 3335/2879/2675 3338/2882/2675
f 3338/2882/2675 3335/2879/2675 3339/2883/2675
f 3338/2882/2675 3339/2883/2675 3340/2884/2675
# Vertices: 26, normals: 8, texture coordinates: 26, faces: 20

o obj10
v -0.25307981 3.1553728 0.90382215
v -0.2530798 3.15537279 0.96134186
v -0.27581108 3.1377541 0.96134186
v -0.27581108 3.13775411 0.90382215
v -0.30243495 3.14863061 0.96134186
v -0.30243495 3.14863062 0.90382215
v -0.30632755 3.17712582 0.96134186
v -0.30632755 3.17712583 0.90382216
v -0.28359627 3.19474452 0.96134187
v -0.28359628 3.19474452 0.90382216
v -0.2569724 3.183868 0.96134186
v -0.2569724 3.18386801 0.90382216
v -0.2530798 3.15537279 0.96134186
v -0.25307981 3.1553728 0.90382215
v -0.30632755 3.17712582 0.96134186
v -0.2569724 3.183868 0.96134186
v -0.28359627 3.19474452 0.96134187
v -0.2530798 3.15537279 0.96134186
v -0.30243495 3.14863061 0.96134186
v -0.27581108 3.1377541 0.96134186
v -0.25307981 3.1553728 0.90382215
v -0.28359628 3.19474452 0.90382216
v -0.2569724 3.18386801 0.90382216
v -0.30632755 3.17712583 0.90382216
v -0.27581108 3.13775411 0.90382215
v -0.30243495 3.14863062 0.90382215
vn 0.5 0.86603 0
vn 1 0 0
vn 0.5 -0.86603 0
vn -0.5 -0.86603 0
vn -1 0 0
vn -0.5 0.86603 0
vn -0 0 1
vn 0 0 -1
vt 1 0.5
vt 1 0
vt 0.83333 0
vt 0.83333 0.5
vt 0.66667 0
vt 0.66667 0.5
vt 0.5 0
vt 0.5 0.5
vt 0.33333 0
vt 0.33333 0.5
vt 0.16667 0
vt 0.16667 0.5
vt -0 0
vt -0 0.5
vt 0.25 0.99
vt 0.04215 0.63
vt 0.04215 0.87
vt 0.25 0.51
vt 0.45785 0.87
vt 0.45785 0.63
vt 0.75 0.51
vt 0.54215 0.87
vt 0.54215 0.63
vt 0.75 0.99
vt 0.95785 0.63
vt 0.95785 0.87
usemtl mat4
f 3341/2885/2676 3342/2886/2676 3343/2887/2676
f 3341/2885/2676 3343/2887/2676 3344/2888/2676
f 3344/2888/2677 3343/2887/2677 3345/2889/2677
f 3344/2888/2677 3345/2889/2677 3346/2890/2677
f 3346/2890/2678 3345/2889/2678 3347/2891/2678
f 3346/2890/2678 3347/2891/2678 3348/2892/2678
f 3348/2892/2679 3347/2891/2679 3349/2893/2679
f 3348/2892/2679 3349/2893/2679 3350/2894/2679
f 3350/2894/2680 3349/2893/2680 3351/2895/2680
f 3350/2894/2680 3351/2895/2680 3352/2896/2680
f 3352/2896/2681 3351/2895/2681 3353/2897/2681
f 3352/2896/2681 3353/2897/2681 3354/2898/2681
f 3355/2899/2682 3356/2900/2682 3357/2901/2682
f 3356/2900/2682 3355/2899/2682 3358/2902/2682
f 3358/2902/2682 3355/2899/2682 3359/2903/2682
f 3358/2902/2682 3359/2903/2682 3360/2904/2682
f 3361/2905/2683 3362/2906/2683 3363/2907/2683
f 3362/2906/2683 3361/2905/2683 3364/2908/2683
f 3364/2908/2683 3361/2905/2683 3365/2909/2683
f 3364/2908/2683 3365/2909/2683 3366/2910/2683
# Vertices: 26, normals: 8, texture coordinates: 26, faces: 20

o obj11
v -0.39890521 2.92387977 0.90382212
v -0.39890521 2.92387975 0.96134183
v -0.42558257 2.93462443 0.96134183
v -0.42558257 2.93462444 0.90382213
v -0.42961608 2.96310004 0.96134184
v -0.42961608 2.96310005 0.90382213
v -0.40697224 2.98083097 0.96134184
v -0.40697224 2.98083098 0.90382214
v -0.38029488 2.97008629 0.96134184
v -0.38029488 2.9700863 0.90382213
v -0.37626137 2.94161068 0.96134183
v -0.37626137 2.94161069 0.90382213
v -0.39890521 2.92387975 0.96134183
v -0.39890521 2.92387977 0.90382212
v -0.40697224 2.98083097 0.96134184
v -0.37626137 2.94161068 0.96134183
v -0.38029488 2.97008629 0.96134184
v -0.39890521 2.92387975 0.96134183
v -0.42961608 2.96310004 0.96134184
v -0.42558257 2.93462443 0.96134183
v -0.39890521 2.92387977 0.90382212
v -0.38029488 2.9700863 0.90382213
v -0.37626137 2.94161069 0.90382213
v -0.40697224 2.98083098 0.90382214
v -0.42558257 2.93462444 0.90382213
v -0.42961608 2.96310005 0.90382213
vn 0.5 0.86603 0
vn 1 0 0
vn 0.5 -0.86603 0
vn -0.5 -0.86603 0
vn -1 0 0
vn -0.5 0.86603 0
vn -0 0 1
vn 0 0 -1
vt 1 0.5
vt 1 0
vt 0.83333 0
vt 0.83333 0.5
vt 0.66667 0
vt 0.66667 0.5
vt 0.5 0
vt 0.5 0.5
vt 0.33333 0
vt 0.33333 0.5
vt 0.16667 0
vt 0.16667 0.5
vt -0 0
vt -0 0.5
vt 0.25 0.99
vt 0.04215 0.63
vt 0.04215 0.87
vt 0.25 0.51
vt 0.45785 0.87
vt 0.45785 0.63
vt 0.75 0.51
vt 0.54215 0.87
vt 0.54215 0.63
vt 0.75 0.99
vt 0.95785 0.63
vt 0.95785 0.87
usemtl mat4
f 3367/2911/2684 3368/2912/2684 3369/2913/2684
f 3367/2911/2684 3369/2913/2684 3370/2914/2684
f 3370/2914/2685 3369/2913/2685 3371/2915/2685
f 3370/2914/2685 3371/2915/2685 3372/2916/2685
f 3372/2916/2686 3371/2915/2686 3373/2917/2686
f 3372/2916/2686 3373/2917/2686 3374/2918/2686
f 3374/2918/2687 3373/2917/2687 3375/2919/2687
f 3374/2918/2687 3375/2919/2687 3376/2920/2687
f 3376/2920/2688 3375/2919/2688 3377/2921/2688
f 3376/2920/2688 3377/2921/2688 3378/2922/2688
f 3378/2922/2689 3377/2921/2689 3379/2923/2689
f 3378/2922/2689 3379/2923/2689 3380/2924/2689
f 3381/2925/2690 3382/2926/2690 3383/2927/2690
f 3382/2926/2690 3381/2925/2690 3384/2928/2690
f 3384/2928/2690 3381/2925/2690 3385/2929/2690
f 3384/2928/2690 3385/2929/2690 3386/2930/2690
f 3387/2931/2691 3388/2932/2691 3389/2933/2691
f 3388/2932/2691 3387/2931/2691 3390/2934/2691
f 3390/2934/2691 3387/2931/2691 3391/2935/2691
f 3390/2934/2691 3391/2935/2691 3392/2936/2691
# Vertices: 26, normals: 8, texture coordinates: 26, faces: 20

o obj12
v -0.70423639 2.95614654 0.90382213
v -0.70423639 2.95614654 0.96134184
v -0.70430176 2.98490631 0.96134184
v -0.70430176 2.98490632 0.90382214
v -0.67942774 2.99934281 0.96134185
v -0.67942774 2.99934282 0.90382214
v -0.65448836 2.98501953 0.96134184
v -0.65448836 2.98501954 0.90382214
v -0.65442299 2.95625976 0.96134184
v -0.65442299 2.95625976 0.90382213
v -0.67929701 2.94182326 0.96134184
v -0.679297 2.94182326 0.90382213
v -0.70423639 2.95614654 0.96134184
v -0.70423639 2.95614654 0.90382213
v -0.65448836 2.98501953 0.96134184
v -0.67929701 2.94182326 0.96134184
v -0.65442299 2.95625976 0.96134184
v -0.70423639 2.95614654 0.96134184
v -0.67942774 2.99934281 0.96134185
v -0.70430176 2.98490631 0.96134184
v -0.70423639 2.95614654 0.90382213
v -0.65442299 2.95625976 0.90382213
v -0.679297 2.94182326 0.90382213
v -0.65448836 2.98501954 0.90382214
v -0.70430176 2.98490632 0.90382214
v -0.67942774 2.99934282 0.90382214
vn 0.5 0.86603 0
vn 1 0 0
vn 0.5 -0.86603 0
vn -0.5 -0.86603 0
vn -1 0 0
vn -0.5 0.86603 0
vn -0 0 1
vn 0 0 -1
vt 1 0.5
vt 1 0
vt 0.83333 0
vt 0.83333 0.5
vt 0.66667 0
vt 0.66667 0.5
vt 0.5 0
vt 0.5 0.5
vt 0.33333 0
vt 0.33333 0.5
vt 0.16667 0
vt 0.16667 0.5
vt -0 0
vt -0 0.5
vt 0.25 0.99
vt 0.04215 0.63
vt 0.04215 0.87
vt 0.25 0.51
vt 0.45785 0.87
vt 0.45785 0.63
vt 0.75 0.51
vt 0.54215 0.87
vt 0.54215 0.63
vt 0.75 0.99
vt 0.95785 0.63
vt 0.95785 0.87
usemtl mat4
f 3393/2937/2692 3394/2938/2692 3395/2939/2692
f 3393/2937/2692 3395/2939/2692 3396/2940/2692
f 3396/2940/2693 3395/2939/2693 3397/2941/2693
f 3396/2940/2693 3397/2941/2693 3398/2942/2693
f 3398/2942/2694 3397/2941/2694 3399/2943/2694
f 3398/2942/2694 3399/2943/2694 3400/2944/2694
f 3400/2944/2695 3399/2943/2695 3401/2945/2695
f 3400/2944/2695 3401/2945/2695 3402/2946/2695
f 3402/2946/2696 3401/2945/2696 3403/2947/2696
f 3402/2946/2696 3403/2947/2696 3404/2948/2696
f 3404/2948/2697 3403/2947/2697 3405/2949/2697
f 3404/2948/2697 3405/2949/2697 3406/2950/2697
f 3407/2951/2698 3408/2952/2698 3409/2953/2698
f 3408/2952/2698 3407/2951/2698 3410/2954/2698
f 3410/2954/2698 3407/2951/2698 3411/2955/2698
f 3410/2954/2698 3411/2955/2698 3412/2956/2698
f 3413/2957/2699 3414/2958/2699 3415/2959/2699
f 3414/2958/2699 3413/2957/2699 3416/2960/2699
f 3416/2960/2699 3413/2957/2699 3417/2961/2699
f 3416/2960/2699 3417/2961/2699 3418/2962/2699
# Vertices: 26, normals: 8, texture coordinates: 26, faces: 20

o obj13
v -0.79254236 3.23955674 0.90382216
v -0.79254236 3.23955674 0.96134187
v -0.7664221 3.25159257 0.96134187
v -0.7664221 3.25159258 0.90382217
v -0.74293864 3.23498968 0.96134187
v -0.74293863 3.23498969 0.90382217
v -0.74557543 3.20635096 0.96134187
v -0.74557543 3.20635096 0.90382216
v -0.77169569 3.19431512 0.96134187
v -0.77169569 3.19431513 0.90382216
v -0.79517916 3.21091801 0.96134187
v -0.79517915 3.21091802 0.90382216
v -0.79254236 3.23955674 0.96134187
v -0.79254236 3.23955674 0.90382216
v -0.74557543 3.20635096 0.96134187
v -0.79517916 3.21091801 0.96134187
v -0.77169569 3.19431512 0.96134187
v -0.79254236 3.23955674 0.96134187
v -0.74293864 3.23498968 0.96134187
v -0.7664221 3.25159257 0.96134187
v -0.79254236 3.23955674 0.90382216
v -0.77169569 3.19431513 0.90382216
v -0.79517915 3.21091802 0.90382216
v -0.74557543 3.20635096 0.90382216
v -0.7664221 3.25159258 0.90382217
v -0.74293863 3.23498969 0.90382217
vn 0.5 0.86603 0
vn 1 0 0
vn 0.5 -0.86603 0
vn -0.5 -0.86603 0
vn -1 0 0
vn -0.5 0.86603 0
vn -0 0 1
vn 0 0 -1
vt 1 0.5
vt 1 0
vt 0.83333 0
vt 0.83333 0.5
vt 0.66667 0
vt 0.66667 0.5
vt 0.5 0
vt 0.5 0.5
vt 0.33333 0
vt 0.33333 0.5
vt 0.16667 0
vt 0.16667 0.5
vt -0 0
vt -0 0.5
vt 0.25 0.99
vt 0.04215 0.63
vt 0.04215 0.87
vt 0.25 0.51
vt 0.45785 0.87
vt 0.45785 0.63
vt 0.75 0.51
vt 0.54215 0.87
vt 0.54215 0.63
vt 0.75 0.99
vt 0.95785 0.63
vt 0.95785 0.87
usemtl mat4
f 3419/2963/2700 3420/2964/2700 3421/2965/2700
f 3419/2963/2700 3421/2965/2700 3422/2966/2700
f 3422/2966/2701 3421/2965/2701 3423/2967/2701
f 3422/2966/2701 3423/2967/2701 3424/2968/2701
f 3424/2968/2702 3423/2967/2702 3425/2969/2702
f 3424/2968/2702 3425/2969/2702 3426/2970/2702
f 3426/2970/2703 3425/2969/2703 3427/2971/2703
f 3426/2970/2703 3427/2971/2703 3428/2972/2703
f 3428/2972/2704 3427/2971/2704 3429/2973/2704
f 3428/2972/2704 3429/2973/2704 3430/2974/2704
f 3430/2974/2705 3429/2973/2705 3431/2975/2705
f 3430/2974/2705 3431/2975/2705 3432/2976/2705
f 3433/2977/2706 3434/2978/2706 3435/2979/2706
f 3434/2978/2706 3433/2977/2706 3436/2980/2706
f 3436/2980/2706 3433/2977/2706 3437/2981/2706
f 3436/2980/2706 3437/2981/2706 3438/2982/2706
f 3439/2983/2707 3440/2984/2707 3441/2985/2707
f 3440/2984/2707 3439/2983/2707 3442/2986/2707
f 3442/2986/2707 3439/2983/2707 3443/2987/2707
f 3442/2986/2707 3443/2987/2707 3444/2988/2707
# Vertices: 26, normals: 8, texture coordinates: 26, faces: 20

o obj14
v 0.52738463 2.87120473 0.92244066
v 0.52738463 2.87120436 0.33157107
v 0.5850211 2.87688106 0.33157107
v 0.5850211 2.87688143 0.92244065
v 0.64044264 2.893693 0.33157106
v 0.64044264 2.89369337 0.92244064
v 0.69151941 2.9209941 0.33157104
v 0.69151941 2.92099447 0.92244062
v 0.73628857 2.95773521 0.33157102
v 0.73628857 2.95773558 0.9224406
v 0.77302968 3.00250437 0.33157099
v 0.77302968 3.00250474 0.92244057
v 0.80033078 3.05358114 0.33157096
v 0.80033078 3.05358151 0.92244054
v 0.81714272 3.10900268 0.33157092
v 0.81714272 3.10900305 0.92244051
v 0.82281942 3.16663915 0.33157088
v 0.82281942 3.16663952 0.92244047
v 0.81714272 3.22427562 0.33157085
v 0.81714272 3.22427599 0.92244043
v 0.80033078 3.27969716 0.33157081
v 0.80033078 3.27969753 0.9224404
v 0.77302968 3.33077393 0.33157078
v 0.77302968 3.3307743 0.92244037
v 0.73628857 3.37554309 0.33157075
v 0.73628857 3.37554346 0.92244034
v 0.69151941 3.4122842 0.33157073
v 0.69151941 3.41228457 0.92244032
v 0.64044264 3.4395853 0.33157071
v 0.64044264 3.43958567 0.9224403
v 0.5850211 3.45639724 0.3315707
v 0.5850211 3.45639761 0.92244029
v 0.52738463 3.46207394 0.3315707
v 0.52738463 3.46207431 0.92244028
v 0.46974816 3.45639724 0.3315707
v 0.46974816 3.45639761 0.92244029
v 0.41432662 3.4395853 0.33157071
v 0.41432662 3.43958567 0.9224403
v 0.36324985 3.4122842 0.33157073
v 0.36324985 3.41228457 0.92244032
v 0.31848069 3.37554309 0.33157075
v 0.31848069 3.37554346 0.92244034
v 0.28173958 3.33077393 0.33157078
v 0.28173958 3.3307743 0.92244037
v 0.25443848 3.27969716 0.33157081
v 0.25443848 3.27969753 0.9224404
v 0.23762654 3.22427562 0.33157085
v 0.23762654 3.22427599 0.92244043
v 0.23194984 3.16663915 0.33157088
v 0.23194984 3.16663952 0.92244047
v 0.23762654 3.10900268 0.33157092
v 0.23762654 3.10900305 0.92244051
v 0.25443848 3.05358114 0.33157096
v 0.25443848 3.05358151 0.92244054
v 0.28173958 3.00250437 0.33157099
v 0.28173958 3.00250474 0.92244057
v 0.31848069 2.95773521 0.33157102
v 0.31848069 2.95773558 0.9224406
v 0.36324985 2.9209941 0.33157104
v 0.36324985 2.92099447 0.92244062
v 0.41432662 2.893693 0.33157106
v 0.41432662 2.89369337 0.92244064
v 0.46974816 2.87688106 0.33157107
v 0.46974816 2.87688143 0.92244065
v 0.52738463 2.87120436 0.33157107
v 0.52738463 2.87120473 0.92244066
v 0.23762654 3.22427562 0.33157085
v 0.23762654 3.10900268 0.33157092
v 0.23194984 3.16663915 0.33157088
v 0.25443848 3.27969716 0.33157081
v 0.25443848 3.05358114 0.33157096
v 0.28173958 3.33077393 0.33157078
v 0.28173958 3.00250437 0.33157099
v 0.31848069 3.37554309 0.33157075
v 0.31848069 2.95773521 0.33157102
v 0.36324985 3.4122842 0.33157073
v 0.36324985 2.9209941 0.33157104
v 0.41432662 3.4395853 0.33157071
v 0.41432662 2.893693 0.33157106
v 0.46974816 3.45639724 0.3315707
v 0.46974816 2.87688106 0.33157107
v 0.52738463 3.46207394 0.3315707
v 0.52738463 2.87120436 0.33157107
v 0.5850211 3.45639724 0.3315707
v 0.5850211 2.87688106 0.33157107
v 0.64044264 3.4395853 0.33157071
v 0.64044264 2.893693 0.33157106
v 0.69151941 3.4122842 0.33157073
v 0.69151941 2.9209941 0.33157104
v 0.73628857 3.37554309 0.33157075
v 0.73628857 2.95773521 0.33157102
v 0.77302968 3.33077393 0.33157078
v 0.77302968 3.00250437 0.33157099
v 0.80033078 3.27969716 0.33157081
v 0.80033078 3.05358114 0.33157096
v 0.81714272 3.22427562 0.33157085
v 0.81714272 3.10900268 0.33157092
v 0.82281942 3.16663915 0.33157088
vn 0.09802 0.99518 0
vn 0.29028 0.95694 0
vn 0.4714 0.88192 0
vn 0.63439 0.77301 0
vn 0.77301 0.63439 0
vn 0.88192 0.4714 0
vn 0.95694 0.29028 0
vn 0.99518 0.09802 0
vn 0.99518 -0.09802 0
vn 0.95694 -0.29028 0
vn 0.88192 -0.4714 0
vn 0.77301 -0.63439 0
vn 0.63439 -0.77301 0
vn 0.4714 -0.88192 0
vn 0.29028 -0.95694 0
vn 0.09802 -0.99518 0
vn -0.09802 -0.99518 0
vn -0.29028 -0.95694 0
vn -0.4714 -0.88192 0
vn -0.63439 -0.77301 0
vn -0.77301 -0.63439 0
vn -0.88192 -0.4714 0
vn -0.95694 -0.29028 0
vn -0.99518 -0.09802 0
vn -0.99518 0.09802 0
vn -0.95694 0.29028 0
vn -0.88192 0.4714 0
vn -0.77301 0.63439 0
vn -0.63439 0.77301 0
vn -0.4714 0.88192 0
vn -0.29028 0.95694 0
vn -0.09802 0.99518 0
vn 0 0 1
vt 1 0.5
vt 1 0
vt 0.96875 0
vt 0.96875 0.5
vt 0.9375 0
vt 0.9375 0.5
vt 0.90625 0
vt 0.90625 0.5
vt 0.875 0
vt 0.875 0.5
vt 0.84375 0
vt 0.84375 0.5
vt 0.8125 0
vt 0.8125 0.5
vt 0.78125 0
vt 0.78125 0.5
vt 0.75 0
vt 0.75 0.5
vt 0.71875 0
vt 0.71875 0.5
vt 0.6875 0
vt 0.6875 0.5
vt 0.65625 0
vt 0.65625 0.5
vt 0.625 0
vt 0.625 0.5
vt 0.59375 0
vt 0.59375 0.5
vt 0.5625 0
vt 0.5625 0.5
vt 0.53125 0
vt 0.53125 0.5
vt 0.5 0
vt 0.5 0.5
vt 0.46875 0
vt 0.46875 0.5
vt 0.4375 0
vt 0.4375 0.5
vt 0.40625 0
vt 0.40625 0.5
vt 0.375 0
vt 0.375 0.5
vt 0.34375 0
vt 0.34375 0.5
vt 0.3125 0
vt 0.3125 0.5
vt 0.28125 0
vt 0.28125 0.5
vt 0.25 0
vt 0.25 0.5
vt 0.21875 0
vt 0.21875 0.5
vt 0.1875 0
vt 0.1875 0.5
vt 0.15625 0
vt 0.15625 0.5
vt 0.125 0
vt 0.125 0.5
vt 0.09375 0
vt 0.09375 0.5
vt 0.0625 0
vt 0.0625 0.5
vt 0.03125 0
vt 0.03125 0.5
vt 0 0
vt 0 0.5
vt 0.01461 0.79682
vt 0.01461 0.70318
vt 0.01 0.75
vt 0.02827 0.84184
vt 0.02827 0.65816
vt 0.05045 0.88334
vt 0.05045 0.61666
vt 0.08029 0.91971
vt 0.08029 0.58029
vt 0.11666 0.94955
vt 0.11666 0.55045
vt 0.15816 0.97173
vt 0.15816 0.52827
vt 0.20318 0.98539
vt 0.20318 0.51461
vt 0.25 0.99
vt 0.25 0.51
vt 0.29682 0.98539
vt 0.29682 0.51461
vt 0.34184 0.97173
vt 0.34184 0.52827
vt 0.38334 0.94955
vt 0.38334 0.55045
vt 0.41971 0.91971
vt 0.41971 0.58029
vt 0.44955 0.88334
vt 0.44955 0.61666
vt 0.47173 0.84184
vt 0.47173 0.65816
vt 0.48539 0.79682
vt 0.48539 0.70318
vt 0.49 0.75
usemtl mat1
f 3445/2989/2708 3446/2990/2708 3447/2991/2708
f 3445/2989/2708 3447/2991/2708 3448/2992/2708
f 3448/2992/2709 3447/2991/2709 3449/2993/2709
f 3448/2992/2709 3449/2993/2709 3450/2994/2709
f 3450/2994/2710 3449/2993/2710 3451/2995/2710
f 3450/2994/2710 3451/2995/2710 3452/2996/2710
f 3452/2996/2711 3451/2995/2711 3453/2997/2711
f 3452/2996/2711 3453/2997/2711 3454/2998/2711
f 3454/2998/2712 3453/2997/2712 3455/2999/2712
f 3454/2998/2712 3455/2999/2712 3456/3000/2712
f 3456/3000/2713 3455/2999/2713 3457/3001/2713
f 3456/3000/2713 3457/3001/2713 3458/3002/2713
f 3458/3002/2714 3457/3001/2714 3459/3003/2714
f 3458/3002/2714 3459/3003/2714 3460/3004/2714
f 3460/3004/2715 3459/3003/2715 3461/3005/2715
f 3460/3004/2715 3461/3005/2715 3462/3006/2715
f 3462/3006/2716 3461/3005/2716 3463/3007/2716
f 3462/3006/2716 3463/3007/2716 3464/3008/2716
f 3464/3008/2717 3463/3007/2717 3465/3009/2717
f 3464/3008/2717 3465/3009/2717 3466/3010/2717
f 3466/3010/2718 3465/3009/2718 3467/3011/2718
f 3466/3010/2718 3467/3011/2718 3468/3012/2718
f 3468/3012/2719 3467/3011/2719 3469/3013/2719
f 3468/3012/2719 3469/3013/2719 3470/3014/2719
f 3470/3014/2720 3469/3013/2720 3471/3015/2720
f 3470/3014/2720 3471/3015/2720 3472/3016/2720
f 3472/3016/2721 3471/3015/2721 3473/3017/2721
f 3472/3016/2721 3473/3017/2721 3474/3018/2721
f 3474/3018/2722 3473/3017/2722 3475/3019/2722
f 3474/3018/2722 3475/3019/2722 3476/3020/2722
f 3476/3020/2723 3475/3019/2723 3477/3021/2723
f 3476/3020/2723 3477/3021/2723 3478/3022/2723
f 3478/3022/2724 3477/3021/2724 3479/3023/2724
f 3478/3022/2724 3479/3023/2724 3480/3024/2724
f 3480/3024/2725 3479/3023/2725 3481/3025/2725
f 3480/3024/2725 3481/3025/2725 3482/3026/2725
f 3482/3026/2726 3481/3025/2726 3483/3027/2726
f 3482/3026/2726 3483/3027/2726 3484/3028/2726
f 3484/3028/2727 3483/3027/2727 3485/3029/2727
f 3484/3028/2727 3485/3029/2727 3486/3030/2727
f 3486/3030/2728 3485/3029/2728 3487/3031/2728
f 3486/3030/2728 3487/3031/2728 3488/3032/2728
f 3488/3032/2729 3487/3031/2729 3489/3033/2729
f 3488/3032/2729 3489/3033/2729 3490/3034/2729
f 3490/3034/2730 3489/3033/2730 3491/3035/2730
f 3490/3034/2730 3491/3035/2730 3492/3036/2730
f 3492/3036/2731 3491/3035/2731 3493/3037/2731
f 3492/3036/2731 3493/3037/2731 3494/3038/2731
f 3494/3038/2732 3493/3037/2732 3495/3039/2732
f 3494/3038/2732 3495/3039/2732 3496/3040/2732
f 3496/3040/2733 3495/3039/2733 3497/3041/2733
f 3496/3040/2733 3497/3041/2733 3498/3042/2733
f 3498/3042/2734 3497/3041/2734 3499/3043/2734
f 3498/3042/2734 3499/3043/2734 3500/3044/2734
f 3500/3044/2735 3499/3043/2735 3501/3045/2735
f 3500/3044/2735 3501/3045/2735 3502/3046/2735
f 3502/3046/2736 3501/3045/2736 3503/3047/2736
f 3502/3046/2736 3503/3047/2736 3504/3048/2736
f 3504/3048/2737 3503/3047/2737 3505/3049/2737
f 3504/3048/2737 3505/3049/2737 3506/3050/2737
f 3506/3050/2738 3505/3049/2738 3507/3051/2738
f 3506/3050/2738 3507/3051/2738 3508/3052/2738
f 3508/3052/2739 3507/3051/2739 3509/3053/2739
f 3508/3052/2739 3509/3053/2739 3510/3054/2739
f 3511/3055/2740 3512/3056/2740 3513/3057/2740
f 3512/3056/2740 3511/3055/2740 3514/3058/2740
f 3512/3056/2740 3514/3058/2740 3515/3059/2740
f 3515/3059/2740 3514/3058/2740 3516/3060/2740
f 3515/3059/2740 3516/3060/2740 3517/3061/2740
f 3517/3061/2740 3516/3060/2740 3518/3062/2740
f 3517/3061/2740 3518/3062/2740 3519/3063/2740
f 3519/3063/2740 3518/3062/2740 3520/3064/2740
f 3519/3063/2740 3520/3064/2740 3521/3065/2740
f 3521/3065/2740 3520/3064/2740 3522/3066/2740
f 3521/3065/2740 3522/3066/2740 3523/3067/2740
f 3523/3067/2740 3522/3066/2740 3524/3068/2740
f 3523/3067/2740 3524/3068/2740 3525/3069/2740
f 3525/3069/2740 3524/3068/2740 3526/3070/2740
f 3525/3069/2740 3526/3070/2740 3527/3071/2740
f 3527/3071/2740 3526/3070/2740 3528/3072/2740
f 3527/3071/2740 3528/3072/2740 3529/3073/2740
f 3529/3073/2740 3528/3072/2740 3530/3074/2740
f 3529/3073/2740 3530/3074/2740 3531/3075/2740
f 3531/3075/2740 3530/3074/2740 3532/3076/2740
f 3531/3075/2740 3532/3076/2740 3533/3077/2740
f 3533/3077/2740 3532/3076/2740 3534/3078/2740
f 3533/3077/2740 3534/3078/2740 3535/3079/2740
f 3535/3079/2740 3534/3078/2740 3536/3080/2740
f 3535/3079/2740 3536/3080/2740 3537/3081/2740
f 3537/3081/2740 3536/3080/2740 3538/3082/2740
f 3537/3081/2740 3538/3082/2740 3539/3083/2740
f 3539/3083/2740 3538/3082/2740 3540/3084/2740
f 3539/3083/2740 3540/3084/2740 3541/3085/2740
f 3541/3085/2740 3540/3084/2740 3542/3086/2740
# Vertices: 98, normals: 33, texture coordinates: 98, faces: 94

o obj15
v 0.23762654 3.10900305 0.92244051
v 0.23762654 3.22427599 0.92244043
v 0.23194984 3.16663952 0.92244047
v 0.25443848 3.05358151 0.92244054
v 0.25443848 3.27969753 0.9224404
v 0.28173958 3.00250474 0.92244057
v 0.28173958 3.3307743 0.92244037
v 0.31848069 2.95773558 0.9224406
v 0.31848069 3.37554346 0.92244034
v 0.36324985 2.92099447 0.92244062
v 0.36324985 3.41228457 0.92244032
v 0.41432662 2.89369337 0.92244064
v 0.41432662 3.43958567 0.9224403
v 0.46974816 2.87688143 0.92244065
v 0.46974816 3.45639761 0.92244029
v 0.52738463 2.87120473 0.92244066
v 0.52738463 3.46207431 0.92244028
v 0.5850211 2.87688143 0.92244065
v 0.5850211 3.45639761 0.92244029
v 0.64044264 2.89369337 0.92244064
v 0.64044264 3.43958567 0.9224403
v 0.69151941 2.92099447 0.92244062
v 0.69151941 3.41228457 0.92244032
v 0.73628857 2.95773558 0.9224406
v 0.73628857 3.37554346 0.92244034
v 0.77302968 3.00250474 0.92244057
v 0.77302968 3.3307743 0.92244037
v 0.80033078 3.05358151 0.92244054
v 0.80033078 3.27969753 0.9224404
v 0.81714272 3.10900305 0.92244051
v 0.81714272 3.22427599 0.92244043
v 0.82281942 3.16663952 0.92244047
vn -0 0 -1
vt 0.51461 0.70318
vt 0.51461 0.79682
vt 0.51 0.75
vt 0.52827 0.65816
vt 0.52827 0.84184
vt 0.55045 0.61666
vt 0.55045 0.88334
vt 0.58029 0.58029
vt 0.58029 0.91971
vt 0.61666 0.55045
vt 0.61666 0.94955
vt 0.65816 0.52827
vt 0.65816 0.97173
vt 0.70318 0.51461
vt 0.70318 0.98539
vt 0.75 0.51
vt 0.75 0.99
vt 0.79682 0.51461
vt 0.79682 0.98539
vt 0.84184 0.52827
vt 0.84184 0.97173
vt 0.88334 0.55045
vt 0.88334 0.94955
vt 0.91971 0.58029
vt 0.91971 0.91971
vt 0.94955 0.61666
vt 0.94955 0.88334
vt 0.97173 0.65816
vt 0.97173 0.84184
vt 0.98539 0.70318
vt 0.98539 0.79682
vt 0.99 0.75
usemtl mat2
f 3543/3087/2741 3544/3088/2741 3545/3089/2741
f 3544/3088/2741 3543/3087/2741 3546/3090/2741
f 3544/3088/2741 3546/3090/2741 3547/3091/2741
f 3547/3091/2741 3546/3090/2741 3548/3092/2741
f 3547/3091/2741 3548/3092/2741 3549/3093/2741
f 3549/3093/2741 3548/3092/2741 3550/3094/2741
f 3549/3093/2741 3550/3094/2741 3551/3095/2741
f 3551/3095/2741 3550/3094/2741 3552/3096/2741
f 3551/3095/2741 3552/3096/2741 3553/3097/2741
f 3553/3097/2741 3552/3096/2741 3554/3098/2741
f 3553/3097/2741 3554/3098/2741 3555/3099/2741
f 3555/3099/2741 3554/3098/2741 3556/3100/2741
f 3555/3099/2741 3556/3100/2741 3557/3101/2741
f 3557/3101/2741 3556/3100/2741 3558/3102/2741
f 3557/3101/2741 3558/3102/2741 3559/3103/2741
f 3559/3103/2741 3558/3102/2741 3560/3104/2741
f 3559/3103/2741 3560/3104/2741 3561/3105/2741
f 3561/3105/2741 3560/3104/2741 3562/3106/2741
f 3561/3105/2741 3562/3106/2741 3563/3107/2741
f 3563/3107/2741 3562/3106/2741 3564/3108/2741
f 3563/3107/2741 3564/3108/2741 3565/3109/2741
f 3565/3109/2741 3564/3108/2741 3566/3110/2741
f 3565/3109/2741 3566/3110/2741 3567/3111/2741
f 3567/3111/2741 3566/3110/2741 3568/3112/2741
f 3567/3111/2741 3568/3112/2741 3569/3113/2741
f 3569/3113/2741 3568/3112/2741 3570/3114/2741
f 3569/3113/2741 3570/3114/2741 3571/3115/2741
f 3571/3115/2741 3570/3114/2741 3572/3116/2741
f 3571/3115/2741 3572/3116/2741 3573/3117/2741
f 3573/3117/2741 3572/3116/2741 3574/3118/2741
# Vertices: 32, normals: 1, texture coordinates: 32, faces: 30

o obj16
v 0.56727768 2.96608359 0.9224406
v 0.5850211 2.87688143 0.92244065
v 0.52738463 2.87120473 0.92244066
v 0.52738463 2.96215449 0.9224406
v 0.60563767 2.97772 0.92244059
v 0.64044264 2.89369337 0.92244064
v 0.64099043 2.99661642 0.92244058
v 0.69151941 2.92099447 0.92244062
v 0.67197737 3.02204676 0.92244056
v 0.73628857 2.95773558 0.9224406
v 0.69740771 3.0530337 0.92244054
v 0.77302968 3.00250474 0.92244057
v 0.71630413 3.08838646 0.92244052
v 0.80033078 3.05358151 0.92244054
v 0.72794054 3.12674646 0.9224405
v 0.81714272 3.10900305 0.92244051
v 0.73186965 3.1666395 0.92244047
v 0.82281942 3.16663952 0.92244047
v 0.72794054 3.20653255 0.92244045
v 0.81714272 3.22427599 0.92244043
v 0.71630413 3.24489254 0.92244042
v 0.80033078 3.27969753 0.9224404
v 0.69740771 3.2802453 0.9224404
v 0.77302968 3.3307743 0.92244037
v 0.67197737 3.31123224 0.92244038
v 0.73628857 3.37554346 0.92244034
v 0.64099043 3.33666258 0.92244036
v 0.69151941 3.41228457 0.92244032
v 0.60563767 3.355559 0.92244035
v 0.64044264 3.43958567 0.9224403
v 0.56727768 3.36719541 0.92244034
v 0.5850211 3.45639761 0.92244029
v 0.52738463 3.37112452 0.92244034
v 0.52738463 3.46207431 0.92244028
v 0.48749159 3.36719541 0.92244034
v 0.46974816 3.45639761 0.92244029
v 0.44913159 3.355559 0.92244035
v 0.41432662 3.43958567 0.9224403
v 0.41377883 3.33666258 0.92244036
v 0.36324985 3.41228457 0.92244032
v 0.38279189 3.31123224 0.92244038
v 0.31848069 3.37554346 0.92244034
v 0.35736155 3.2802453 0.9224404
v 0.28173958 3.3307743 0.92244037
v 0.33846513 3.24489254 0.92244042
v 0.25443848 3.27969753 0.9224404
v 0.32682872 3.20653255 0.92244045
v 0.23762654 3.22427599 0.92244043
v 0.32289962 3.1666395 0.92244047
v 0.23194984 3.16663952 0.92244047
v 0.32682872 3.12674646 0.9224405
v 0.23762654 3.10900305 0.92244051
v 0.33846513 3.08838646 0.92244052
v 0.25443848 3.05358151 0.92244054
v 0.35736155 3.0530337 0.92244054
v 0.28173958 3.00250474 0.92244057
v 0.38279189 3.02204676 0.92244056
v 0.31848069 2.95773558 0.9224406
v 0.41377883 2.99661642 0.92244058
v 0.36324985 2.92099447 0.92244062
v 0.44913159 2.97772 0.92244059
v 0.41432662 2.89369337 0.92244064
v 0.48749159 2.96608359 0.9224406
v 0.46974816 2.87688143 0.92244065
v 0.56727768 2.96608359 0.95145728
v 0.52738463 2.96215449 0.95145729
v 0.52738463 2.87120474 0.95145734
v 0.5850211 2.87688143 0.95145734
v 0.60563767 2.97772 0.95145728
v 0.64044264 2.89369337 0.95145733
v 0.64099043 2.99661642 0.95145726
v 0.69151941 2.92099447 0.95145731
v 0.67197737 3.02204676 0.95145725
v 0.73628857 2.95773558 0.95145729
v 0.69740771 3.0530337 0.95145723
v 0.77302968 3.00250474 0.95145726
v 0.71630413 3.08838646 0.95145721
v 0.80033078 3.05358151 0.95145723
v 0.72794054 3.12674646 0.95145718
v 0.81714272 3.10900305 0.95145719
v 0.73186965 3.1666395 0.95145716
v 0.82281942 3.16663952 0.95145716
v 0.72794054 3.20653255 0.95145713
v 0.81714272 3.22427599 0.95145712
v 0.71630413 3.24489254 0.95145711
v 0.80033078 3.27969753 0.95145709
v 0.69740771 3.2802453 0.95145709
v 0.77302968 3.3307743 0.95145705
v 0.67197737 3.31123224 0.95145707
v 0.73628857 3.37554346 0.95145703
v 0.64099043 3.33666258 0.95145705
v 0.69151941 3.41228457 0.951457
v 0.60563767 3.355559 0.95145704
v 0.64044264 3.43958567 0.95145699
v 0.56727768 3.36719541 0.95145703
v 0.5850211 3.45639761 0.95145698
v 0.52738463 3.37112452 0.95145703
v 0.52738463 3.46207431 0.95145697
v 0.48749159 3.36719541 0.95145703
v 0.46974816 3.45639761 0.95145698
v 0.44913159 3.355559 0.95145704
v 0.41432662 3.43958567 0.95145699
v 0.41377883 3.33666258 0.95145705
v 0.36324985 3.41228457 0.951457
v 0.38279189 3.31123224 0.95145707
v 0.31848069 3.37554346 0.95145703
v 0.35736155 3.2802453 0.95145709
v 0.28173958 3.3307743 0.95145705
v 0.33846513 3.24489254 0.95145711
v 0.25443848 3.27969753 0.95145709
v 0.32682872 3.20653255 0.95145713
v 0.23762654 3.22427599 0.95145712
v 0.32289962 3.1666395 0.95145716
v 0.23194984 3.16663952 0.95145716
v 0.32682872 3.12674646 0.95145718
v 0.23762654 3.10900305 0.95145719
v 0.33846513 3.08838646 0.95145721
v 0.25443848 3.05358151 0.95145723
v 0.35736155 3.0530337 0.95145723
v 0.28173958 3.00250474 0.95145726
v 0.38279189 3.02204676 0.95145725
v 0.31848069 2.95773558 0.95145729
v 0.41377883 2.99661642 0.95145726
v 0.36324985 2.92099447 0.95145731
v 0.44913159 2.97772 0.95145728
v 0.41432662 2.89369337 0.95145733
v 0.48749159 2.96608359 0.95145728
v 0.46974816 2.87688143 0.95145734
vn 0 0 1
vn 0 0 1
vn 0 0 1
vn 0 0 -1
vn -0 0 -1
vn 0 0 -1
vn -0 0 -1
vn 0 0 -1
vn 0 0 -1
vn 0 0 -1
vn -0 0 -1
vn 0 0 -1
vn -0 0 -1
vn 0 0 -1
vn -0 0 -1
vn 0 0 -1
vn -0 0 -1
vn 0 0 -1
vn -0 0 -1
vn -0 0 -1
vn -0 0 -1
vn -0.63439 -0.77301 -0
vn 0.95694 -0.29029 -0
vn -0.77301 -0.63439 0
vn 0.88192 -0.4714 -0
vn -0.09802 -0.99518 0
vn -0.88192 -0.4714 -0
vn 0.77301 -0.63439 -0
vn -0.29029 -0.95694 -0
vn -0.95694 -0.29028 -0
vn 0.63439 -0.77301 -0
vn -0.4714 -0.88192 -0
vn -0.99518 -0.09802 -0
vn 0.4714 -0.88192 -0
vn -0.63439 -0.77301 -0
vn -0.99518 0.09802 0
vn 0.29029 -0.95694 -0
vn -0.77301 -0.63439 -0
vn -0.95694 0.29028 0
vn 0.09802 -0.99518 0
vn -0.88192 -0.4714 -0
vn -0.88192 0.4714 0
vn 0.09802 0.99518 0
vn -0.95694 -0.29029 -0
vn -0.77301 0.63439 0
vn 0.29028 0.95694 0
vn -0.99518 -0.09802 -0
vn -0.63439 0.77301 0
vn 0.4714 0.88192 0
vn -0.99518 0.09802 0
vn -0.4714 0.88192 0
vn 0.63439 0.77301 0
vn -0.95694 0.29029 0
vn -0.29028 0.95694 0
vn 0.77301 0.63439 0
vn -0.88192 0.4714 0
vn -0.09802 0.99518 0
vn 0.88192 0.4714 0
vn -0.77301 0.63439 0
vn 0.95694 0.29028 0
vn -0.63439 0.77301 0
vn 0.99518 0.09802 0
vn -0.4714 0.88192 0
vn 0.99518 -0.09802 -0
vn -0.29029 0.95694 0
vn 0.95694 -0.29028 -0
vn -0.09802 0.99518 0
vn 0.88192 -0.4714 -0
vn 0.09802 0.99518 0
vn 0.77301 -0.63439 0
vn 0.29029 0.95694 0
vn 0.63439 -0.77301 -0
vn 0.4714 0.88192 0
vn 0.4714 -0.88192 -0
vn 0.63439 0.77301 0
vn 0.29028 -0.95694 -0
vn 0.77301 0.63439 0
vn 0.09802 -0.99518 0
vn 0.88192 0.4714 0
vn -0.09802 -0.99518 0
vn 0.95694 0.29029 0
vn -0.29028 -0.95694 -0
vn 0.99518 0.09802 0
vn -0.4714 -0.88192 -0
vn 0.99518 -0.09802 -0
vt 0.78464 0.57586
vt 0.79682 0.51461
vt 0.75 0.51
vt 0.75 0.57245
vt 0.81795 0.58596
vt 0.84184 0.52827
vt 0.84864 0.60237
vt 0.88334 0.55045
vt 0.87555 0.62445
vt 0.91971 0.58029
vt 0.89763 0.65136
vt 0.94955 0.61666
vt 0.91404 0.68205
vt 0.97173 0.65816
vt 0.92414 0.71536
vt 0.98539 0.70318
vt 0.92755 0.75
vt 0.99 0.75
vt 0.92414 0.78464
vt 0.98539 0.79682
vt 0.91404 0.81795
vt 0.97173 0.84184
vt 0.89763 0.84864
vt 0.94955 0.88334
vt 0.87555 0.87555
vt 0.91971 0.91971
vt 0.84864 0.89763
vt 0.88334 0.94955
vt 0.81795 0.91404
vt 0.84184 0.97173
vt 0.78464 0.92414
vt 0.79682 0.98539
vt 0.75 0.92755
vt 0.75 0.99
vt 0.71536 0.92414
vt 0.70318 0.98539
vt 0.68205 0.91404
vt 0.65816 0.97173
vt 0.65136 0.89763
vt 0.61666 0.94955
vt 0.62445 0.87555
vt 0.58029 0.91971
vt 0.60237 0.84864
vt 0.55045 0.88334
vt 0.58596 0.81795
vt 0.52827 0.84184
vt 0.57586 0.78464
vt 0.51461 0.79682
vt 0.57245 0.75
vt 0.51 0.75
vt 0.57586 0.71536
vt 0.51461 0.70318
vt 0.58596 0.68205
vt 0.52827 0.65816
vt 0.60237 0.65136
vt 0.55045 0.61666
vt 0.62445 0.62445
vt 0.58029 0.58029
vt 0.65136 0.60237
vt 0.61666 0.55045
vt 0.68205 0.58596
vt 0.65816 0.52827
vt 0.71536 0.57586
vt 0.70318 0.51461
usemtl mat3
f 3575/3119/2742 3576/3120/2742 3577/3121/2742
f 3575/3119/2742 3577/3121/2742 3578/3122/2742
f 3579/3123/2742 3580/3124/2742 3576/3120/2742
f 3579/3123/2742 3576/3120/2742 3575/3119/2742
f 3581/3125/2742 3582/3126/2742 3580/3124/2742
f 3581/3125/2742 3580/3124/2742 3579/3123/2742
f 3583/3127/2742 3584/3128/2742 3582/3126/2742
f 3583/3127/2742 3582/3126/2742 3581/3125/2742
f 3585/3129/2742 3586/3130/2742 3584/3128/2742
f 3585/3129/2742 3584/3128/2742 3583/3127/2742
f 3587/3131/2742 3588/3132/2742 3586/3130/2742
f 3587/3131/2742 3586/3130/2742 3585/3129/2742
f 3589/3133/2742 3590/3134/2742 3588/3132/2742
f 3589/3133/2742 3588/3132/2742 3587/3131/2742
f 3591/3135/2742 3592/3136/2742 3590/3134/2742
f 3591/3135/2742 3590/3134/2742 3589/3133/2742
f 3593/3137/2743 3594/3138/2743 3592/3136/2743
f 3593/3137/2743 3592/3136/2743 3591/3135/2743
f 3595/3139/2742 3596/3140/2742 3594/3138/2742
f 3595/3139/2742 3594/3138/2742 3593/3137/2742
f 3597/3141/2742 3598/3142/2742 3596/3140/2742
f 3597/3141/2742 3596/3140/2742 3595/3139/2742
f 3599/3143/2742 3600/3144/2742 3598/3142/2742
f 3599/3143/2742 3598/3142/2742 3597/3141/2742
f 3601/3145/2742 3602/3146/2742 3600/3144/2742
f 3601/3145/2742 3600/3144/2742 3599/3143/2742
f 3603/3147/2742 3604/3148/2742 3602/3146/2742
f 3603/3147/2742 3602/3146/2742 3601/3145/2742
f 3605/3149/2742 3606/3150/2742 3604/3148/2742
f 3605/3149/2742 3604/3148/2742 3603/3147/2742
f 3607/3151/2742 3608/3152/2742 3606/3150/2742
f 3607/3151/2742 3606/3150/2742 3605/3149/2742
f 3609/3153/2742 3610/3154/2742 3608/3152/2742
f 3609/3153/2742 3608/3152/2742 3607/3151/2742
f 3611/3155/2742 3612/3156/2742 3610/3154/2742
f 3611/3155/2742 3610/3154/2742 3609/3153/2742
f 3613/3157/2742 3614/3158/2742 3612/3156/2742
f 3613/3157/2742 3612/3156/2742 3611/3155/2742
f 3615/3159/2742 3616/3160/2742 3614/3158/2742
f 3615/3159/2742 3614/3158/2742 3613/3157/2742
f 3617/3161/2742 3618/3162/2742 3616/3160/2742
f 3617/3161/2742 3616/3160/2742 3615/3159/2742
f 3619/3163/2742 3620/3164/2742 3618/3162/2742
f 3619/3163/2742 3618/3162/2742 3617/3161/2742
f 3621/3165/2742 3622/3166/2742 3620/3164/2742
f 3621/3165/2742 3620/3164/2742 3619/3163/2742
f 3623/3167/2742 3624/3168/2742 3622/3166/2742
f 3623/3167/2742 3622/3166/2742 3621/3165/2742
f 3625/3169/2744 3626/3170/2744 3624/3168/2744
f 3625/3169/2744 3624/3168/2744 3623/3167/2744
f 3627/3171/2742 3628/3172/2742 3626/3170/2742
f 3627/3171/2742 3626/3170/2742 3625/3169/2742
f 3629/3173/2742 3630/3174/2742 3628/3172/2742
f 3629/3173/2742 3628/3172/2742 3627/3171/2742
f 3631/3175/2742 3632/3176/2742 3630/3174/2742
f 3631/3175/2742 3630/3174/2742 3629/3173/2742
f 3633/3177/2742 3634/3178/2742 3632/3176/2742
f 3633/3177/2742 3632/3176/2742 3631/3175/2742
f 3635/3179/2742 3636/3180/2742 3634/3178/2742
f 3635/3179/2742 3634/3178/2742 3633/3177/2742
f 3637/3181/2742 3638/3182/2742 3636/3180/2742
f 3637/3181/2742 3636/3180/2742 3635/3179/2742
f 3578/3122/2742 3577/3121/2742 3638/3182/2742
f 3578/3122/2742 3638/3182/2742 3637/3181/2742
f 3639/3119/2745 3640/3122/2745 3641/3121/2745
f 3639/3119/2745 3641/3121/2745 3642/3120/2745
f 3643/3123/2746 3639/3119/2746 3642/3120/2746
f 3643/3123/2746 3642/3120/2746 3644/3124/2746
f 3645/3125/2747 3643/3123/2747 3644/3124/2747
f 3645/3125/2747 3644/3124/2747 3646/3126/2747
f 3647/3127/2748 3645/3125/2748 3646/3126/2748
f 3647/3127/2748 3646/3126/2748 3648/3128/2748
f 3649/3129/2749 3647/3127/2749 3648/3128/2749
f 3649/3129/2749 3648/3128/2749 3650/3130/2749
f 3651/3131/2750 3649/3129/2750 3650/3130/2750
f 3651/3131/2750 3650/3130/2750 3652/3132/2750
f 3653/3133/2750 3651/3131/2750 3652/3132/2750
f 3653/3133/2750 3652/3132/2750 3654/3134/2750
f 3655/3135/2751 3653/3133/2751 3654/3134/2751
f 3655/3135/2751 3654/3134/2751 3656/3136/2751
f 3657/3137/2752 3655/3135/2752 3656/3136/2752
f 3657/3137/2752 3656/3136/2752 3658/3138/2752
f 3659/3139/2750 3657/3137/2750 3658/3138/2750
f 3659/3139/2750 3658/3138/2750 3660/3140/2750
f 3661/3141/2750 3659/3139/2750 3660/3140/2750
f 3661/3141/2750 3660/3140/2750 3662/3142/2750
f 3663/3143/2750 3661/3141/2750 3662/3142/2750
f 3663/3143/2750 3662/3142/2750 3664/3144/2750
f 3665/3145/2750 3663/3143/2750 3664/3144/2750
f 3665/3145/2750 3664/3144/2750 3666/3146/2750
f 3667/3147/2746 3665/3145/2746 3666/3146/2746
f 3667/3147/2746 3666/3146/2746 3668/3148/2746
f 3669/3149/2753 3667/3147/2753 3668/3148/2753
f 3669/3149/2753 3668/3148/2753 3670/3150/2753
f 3671/3151/2754 3669/3149/2754 3670/3150/2754
f 3671/3151/2754 3670/3150/2754 3672/3152/2754
f 3673/3153/2755 3671/3151/2755 3672/3152/2755
f 3673/3153/2755 3672/3152/2755 3674/3154/2755
f 3675/3155/2756 3673/3153/2756 3674/3154/2756
f 3675/3155/2756 3674/3154/2756 3676/3156/2756
f 3677/3157/2757 3675/3155/2757 3676/3156/2757
f 3677/3157/2757 3676/3156/2757 3678/3158/2757
f 3679/3159/2758 3677/3157/2758 3678/3158/2758
f 3679/3159/2758 3678/3158/2758 3680/3160/2758
f 3681/3161/2759 3679/3159/2759 3680/3160/2759
f 3681/3161/2759 3680/3160/2759 3682/3162/2759
f 3683/3163/2750 3681/3161/2750 3682/3162/2750
f 3683/3163/2750 3682/3162/2750 3684/3164/2750
f 3685/3165/2750 3683/3163/2750 3684/3164/2750
f 3685/3165/2750 3684/3164/2750 3686/3166/2750
f 3687/3167/2750 3685/3165/2750 3686/3166/2750
f 3687/3167/2750 3686/3166/2750 3688/3168/2750
f 3689/3169/2752 3687/3167/2752 3688/3168/2752
f 3689/3169/2752 3688/3168/2752 3690/3170/2752
f 3691/3171/2750 3689/3169/2750 3690/3170/2750
f 3691/3171/2750 3690/3170/2750 3692/3172/2750
f 3693/3173/2760 3691/3171/2760 3692/3172/2760
f 3693/3173/2760 3692/3172/2760 3694/3174/2760
f 3695/3175/2748 3693/3173/2748 3694/3174/2748
f 3695/3175/2748 3694/3174/2748 3696/3176/2748
f 3697/3177/2750 3695/3175/2750 3696/3176/2750
f 3697/3177/2750 3696/3176/2750 3698/3178/2750
f 3699/3179/2761 3697/3177/2761 3698/3178/2761
f 3699/3179/2761 3698/3178/2761 3700/3180/2761
f 3701/3181/2757 3699/3179/2757 3700/3180/2757
f 3701/3181/2757 3700/3180/2757 3702/3182/2757
f 3640/3122/2762 3701/3181/2762 3702/3182/2762
f 3640/3122/2762 3702/3182/2762 3641/3121/2762
f 3614/3158/2763 3616/3160/2763 3680/3160/2763
f 3614/3158/2763 3680/3160/2763 3678/3158/2763
f 3627/3171/2764 3625/3169/2764 3689/3169/2764
f 3627/3171/2764 3689/3169/2764 3691/3171/2764
f 3616/3160/2765 3618/3162/2765 3682/3162/2765
f 3616/3160/2765 3682/3162/2765 3680/3160/2765
f 3629/3173/2766 3627/3171/2766 3691/3171/2766
f 3629/3173/2766 3691/3171/2766 3693/3173/2766
f 3575/3119/2767 3578/3122/2767 3640/3122/2767
f 3575/3119/2767 3640/3122/2767 3639/3119/2767
f 3618/3162/2768 3620/3164/2768 3684/3164/2768
f 3618/3162/2768 3684/3164/2768 3682/3162/2768
f 3631/3175/2769 3629/3173/2769 3693/3173/2769
f 3631/3175/2769 3693/3173/2769 3695/3175/2769
f 3579/3123/2770 3575/3119/2770 3639/3119/2770
f 3579/3123/2770 3639/3119/2770 3643/3123/2770
f 3620/3164/2771 3622/3166/2771 3686/3166/2771
f 3620/3164/2771 3686/3166/2771 3684/3164/2771
f 3633/3177/2772 3631/3175/2772 3695/3175/2772
f 3633/3177/2772 3695/3175/2772 3697/3177/2772
f 3581/3125/2773 3579/3123/2773 3643/3123/2773
f 3581/3125/2773 3643/3123/2773 3645/3125/2773
f 3622/3166/2774 3624/3168/2774 3688/3168/2774
f 3622/3166/2774 3688/3168/2774 3686/3166/2774
f 3635/3179/2775 3633/3177/2775 3697/3177/2775
f 3635/3179/2775 3697/3177/2775 3699/3179/2775
f 3583/3127/2776 3581/3125/2776 3645/3125/2776
f 3583/3127/2776 3645/3125/2776 3647/3127/2776
f 3624/3168/2777 3626/3170/2777 3690/3170/2777
f 3624/3168/2777 3690/3170/2777 3688/3168/2777
f 3637/3181/2778 3635/3179/2778 3699/3179/2778
f 3637/3181/2778 3699/3179/2778 3701/3181/2778
f 3585/3129/2779 3583/3127/2779 3647/3127/2779
f 3585/3129/2779 3647/3127/2779 3649/3129/2779
f 3626/3170/2780 3628/3172/2780 3692/3172/2780
f 3626/3170/2780 3692/3172/2780 3690/3170/2780
f 3578/3122/2781 3637/3181/2781 3701/3181/2781
f 3578/3122/2781 3701/3181/2781 3640/3122/2781
f 3587/3131/2782 3585/3129/2782 3649/3129/2782
f 3587/3131/2782 3649/3129/2782 3651/3131/2782
f 3628/3172/2783 3630/3174/2783 3694/3174/2783
f 3628/3172/2783 3694/3174/2783 3692/3172/2783
f 3577/3121/2784 3576/3120/2784 3642/3120/2784
f 3577/3121/2784 3642/3120/2784 3641/3121/2784
f 3589/3133/2785 3587/3131/2785 3651/3131/2785
f 3589/3133/2785 3651/3131/2785 3653/3133/2785
f 3630/3174/2786 3632/3176/2786 3696/3176/2786
f 3630/3174/2786 3696/3176/2786 3694/3174/2786
f 3576/3120/2787 3580/3124/2787 3644/3124/2787
f 3576/3120/2787 3644/3124/2787 3642/3120/2787
f 3591/3135/2788 3589/3133/2788 3653/3133/2788
f 3591/3135/2788 3653/3133/2788 3655/3135/2788
f 3632/3176/2789 3634/3178/2789 3698/3178/2789
f 3632/3176/2789 3698/3178/2789 3696/3176/2789
f 3580/3124/2790 3582/3126/2790 3646/3126/2790
f 3580/3124/2790 3646/3126/2790 3644/3124/2790
f 3593/3137/2791 3591/3135/2791 3655/3135/2791
f 3593/3137/2791 3655/3135/2791 3657/3137/2791
f 3634/3178/2792 3636/3180/2792 3700/3180/2792
f 3634/3178/2792 3700/3180/2792 3698/3178/2792
f 3582/3126/2793 3584/3128/2793 3648/3128/2793
f 3582/3126/2793 3648/3128/2793 3646/3126/2793
f 3595/3139/2794 3593/3137/2794 3657/3137/2794
f 3595/3139/2794 3657/3137/2794 3659/3139/2794
f 3636/3180/2795 3638/3182/2795 3702/3182/2795
f 3636/3180/2795 3702/3182/2795 3700/3180/2795
f 3584/3128/2796 3586/3130/2796 3650/3130/2796
f 3584/3128/2796 3650/3130/2796 3648/3128/2796
f 3597/3141/2797 3595/3139/2797 3659/3139/2797
f 3597/3141/2797 3659/3139/2797 3661/3141/2797
f 3638/3182/2798 3577/3121/2798 3641/3121/2798
f 3638/3182/2798 3641/3121/2798 3702/3182/2798
f 3586/3130/2799 3588/3132/2799 3652/3132/2799
f 3586/3130/2799 3652/3132/2799 3650/3130/2799
f 3599/3143/2800 3597/3141/2800 3661/3141/2800
f 3599/3143/2800 3661/3141/2800 3663/3143/2800
f 3588/3132/2801 3590/3134/2801 3654/3134/2801
f 3588/3132/2801 3654/3134/2801 3652/3132/2801
f 3601/3145/2802 3599/3143/2802 3663/3143/2802
f 3601/3145/2802 3663/3143/2802 3665/3145/2802
f 3590/3134/2803 3592/3136/2803 3656/3136/2803
f 3590/3134/2803 3656/3136/2803 3654/3134/2803
f 3603/3147/2804 3601/3145/2804 3665/3145/2804
f 3603/3147/2804 3665/3145/2804 3667/3147/2804
f 3592/3136/2805 3594/3138/2805 3658/3138/2805
f 3592/3136/2805 3658/3138/2805 3656/3136/2805
f 3605/3149/2806 3603/3147/2806 3667/3147/2806
f 3605/3149/2806 3667/3147/2806 3669/3149/2806
f 3594/3138/2807 3596/3140/2807 3660/3140/2807
f 3594/3138/2807 3660/3140/2807 3658/3138/2807
f 3607/3151/2808 3605/3149/2808 3669/3149/2808
f 3607/3151/2808 3669/3149/2808 3671/3151/2808
f 3596/3140/2809 3598/3142/2809 3662/3142/2809
f 3596/3140/2809 3662/3142/2809 3660/3140/2809
f 3609/3153/2810 3607/3151/2810 3671/3151/2810
f 3609/3153/2810 3671/3151/2810 3673/3153/2810
f 3598/3142/2811 3600/3144/2811 3664/3144/2811
f 3598/3142/2811 3664/3144/2811 3662/3142/2811
f 3611/3155/2812 3609/3153/2812 3673/3153/2812
f 3611/3155/2812 3673/3153/2812 3675/3155/2812
f 3600/3144/2813 3602/3146/2813 3666/3146/2813
f 3600/3144/2813 3666/3146/2813 3664/3144/2813
f 3613/3157/2814 3611/3155/2814 3675/3155/2814
f 3613/3157/2814 3675/3155/2814 3677/3157/2814
f 3602/3146/2815 3604/3148/2815 3668/3148/2815
f 3602/3146/2815 3668/3148/2815 3666/3146/2815
f 3615/3159/2816 3613/3157/2816 3677/3157/2816
f 3615/3159/2816 3677/3157/2816 3679/3159/2816
f 3604/3148/2817 3606/3150/2817 3670/3150/2817
f 3604/3148/2817 3670/3150/2817 3668/3148/2817
f 3617/3161/2818 3615/3159/2818 3679/3159/2818
f 3617/3161/2818 3679/3159/2818 3681/3161/2818
f 3606/3150/2819 3608/3152/2819 3672/3152/2819
f 3606/3150/2819 3672/3152/2819 3670/3150/2819
f 3619/3163/2820 3617/3161/2820 3681/3161/2820
f 3619/3163/2820 3681/3161/2820 3683/3163/2820
f 3608/3152/2821 3610/3154/2821 3674/3154/2821
f 3608/3152/2821 3674/3154/2821 3672/3152/2821
f 3621/3165/2822 3619/3163/2822 3683/3163/2822
f 3621/3165/2822 3683/3163/2822 3685/3165/2822
f 3610/3154/2823 3612/3156/2823 3676/3156/2823
f 3610/3154/2823 3676/3156/2823 3674/3154/2823
f 3623/3167/2824 3621/3165/2824 3685/3165/2824
f 3623/3167/2824 3685/3165/2824 3687/3167/2824
f 3612/3156/2825 3614/3158/2825 3678/3158/2825
f 3612/3156/2825 3678/3158/2825 3676/3156/2825
f 3625/3169/2826 3623/3167/2826 3687/3167/2826
f 3625/3169/2826 3687/3167/2826 3689/3169/2826
# Vertices: 128, normals: 85, texture coordinates: 64, faces: 256

o obj17
v 0.40680746 3.41354249 0.90382218
v 0.40680746 3.41354249 0.96134189
v 0.43311299 3.40191714 0.96134189
v 0.43311299 3.40191715 0.90382218
v 0.43619791 3.37332322 0.96134189
v 0.43619791 3.37332322 0.90382218
v 0.4129773 3.35635464 0.96134189
v 0.4129773 3.35635464 0.90382218
v 0.38667178 3.36797998 0.96134189
v 0.38667178 3.36797998 0.90382218
v 0.38358685 3.3965739 0.96134189
v 0.38358686 3.39657391 0.90382218
v 0.40680746 3.41354249 0.96134189
v 0.40680746 3.41354249 0.90382218
v 0.4129773 3.35635464 0.96134189
v 0.38358685 3.3965739 0.96134189
v 0.38667178 3.36797998 0.96134189
v 0.40680746 3.41354249 0.96134189
v 0.43619791 3.37332322 0.96134189
v 0.43311299 3.40191714 0.96134189
v 0.40680746 3.41354249 0.90382218
v 0.38667178 3.36797998 0.90382218
v 0.38358686 3.39657391 0.90382218
v 0.4129773 3.35635464 0.90382218
v 0.43311299 3.40191715 0.90382218
v 0.43619791 3.37332322 0.90382218
vn 0.5 0.86603 0
vn 1 0 0
vn 0.5 -0.86603 0
vn -0.5 -0.86603 0
vn -1 0 0
vn -0.5 0.86603 0
vn -0 0 1
vn 0 0 -1
vt 1 0.5
vt 1 0
vt 0.83333 0
vt 0.83333 0.5
vt 0.66667 0
vt 0.66667 0.5
vt 0.5 0
vt 0.5 0.5
vt 0.33333 0
vt 0.33333 0.5
vt 0.16667 0
vt 0.16667 0.5
vt -0 0
vt -0 0.5
vt 0.25 0.99
vt 0.04215 0.63
vt 0.04215 0.87
vt 0.25 0.51
vt 0.45785 0.87
vt 0.45785 0.63
vt 0.75 0.51
vt 0.54215 0.87
vt 0.54215 0.63
vt 0.75 0.99
vt 0.95785 0.63
vt 0.95785 0.87
usemtl mat4
f 3703/3183/2827 3704/3184/2827 3705/3185/2827
f 3703/3183/2827 3705/3185/2827 3706/3186/2827
f 3706/3186/2828 3705/3185/2828 3707/3187/2828
f 3706/3186/2828 3707/3187/2828 3708/3188/2828
f 3708/3188/2829 3707/3187/2829 3709/3189/2829
f 3708/3188/2829 3709/3189/2829 3710/3190/2829
f 3710/3190/2830 3709/3189/2830 3711/3191/2830
f 3710/3190/2830 3711/3191/2830 3712/3192/2830
f 3712/3192/2831 3711/3191/2831 3713/3193/2831
f 3712/3192/2831 3713/3193/2831 3714/3194/2831
f 3714/3194/2832 3713/3193/2832 3715/3195/2832
f 3714/3194/2832 3715/3195/2832 3716/3196/2832
f 3717/3197/2833 3718/3198/2833 3719/3199/2833
f 3718/3198/2833 3717/3197/2833 3720/3200/2833
f 3720/3200/2833 3717/3197/2833 3721/3201/2833
f 3720/3200/2833 3721/3201/2833 3722/3202/2833
f 3723/3203/2834 3724/3204/2834 3725/3205/2834
f 3724/3204/2834 3723/3203/2834 3726/3206/2834
f 3726/3206/2834 3723/3203/2834 3727/3207/2834
f 3726/3206/2834 3727/3207/2834 3728/3208/2834
# Vertices: 26, normals: 8, texture coordinates: 26, faces: 20

o obj18
v 0.69223427 3.38646798 0.90382218
v 0.69223427 3.38646798 0.96134189
v 0.693871 3.35775473 0.96134188
v 0.693871 3.35775474 0.90382218
v 0.66982297 3.34198066 0.96134188
v 0.66982297 3.34198067 0.90382218
v 0.64413821 3.35491984 0.96134189
v 0.64413821 3.35491984 0.90382218
v 0.64250148 3.38363308 0.96134189
v 0.64250148 3.38363309 0.90382218
v 0.66654951 3.39940715 0.96134189
v 0.66654951 3.39940716 0.90382218
v 0.69223427 3.38646798 0.96134189
v 0.69223427 3.38646798 0.90382218
v 0.64413821 3.35491984 0.96134189
v 0.66654951 3.39940715 0.96134189
v 0.64250148 3.38363308 0.96134189
v 0.69223427 3.38646798 0.96134189
v 0.66982297 3.34198066 0.96134188
v 0.693871 3.35775473 0.96134188
v 0.69223427 3.38646798 0.90382218
v 0.64250148 3.38363309 0.90382218
v 0.66654951 3.39940716 0.90382218
v 0.64413821 3.35491984 0.90382218
v 0.693871 3.35775474 0.90382218
v 0.66982297 3.34198067 0.90382218
vn 0.5 0.86603 0
vn 1 0 0
vn 0.5 -0.86603 0
vn -0.5 -0.86603 0
vn -1 0 0
vn -0.5 0.86603 0
vn -0 0 1
vn 0 0 -1
vt 1 0.5
vt 1 0
vt 0.83333 0
vt 0.83333 0.5
vt 0.66667 0
vt 0.66667 0.5
vt 0.5 0
vt 0.5 0.5
vt 0.33333 0
vt 0.33333 0.5
vt 0.16667 0
vt 0.16667 0.5
vt -0 0
vt -0 0.5
vt 0.25 0.99
vt 0.04215 0.63
vt 0.04215 0.87
vt 0.25 0.51
vt 0.45785 0.87
vt 0.45785 0.63
vt 0.75 0.51
vt 0.54215 0.87
vt 0.54215 0.63
vt 0.75 0.99
vt 0.95785 0.63
vt 0.95785 0.87
usemtl mat4
f 3729/3209/2835 3730/3210/2835 3731/3211/2835
f 3729/3209/2835 3731/3211/2835 3732/3212/2835
f 3732/3212/2836 3731/3211/2836 3733/3213/2836
f 3732/3212/2836 3733/3213/2836 3734/3214/2836
f 3734/3214/2837 3733/3213/2837 3735/3215/2837
f 3734/3214/2837 3735/3215/2837 3736/3216/2837
f 3736/3216/2838 3735/3215/2838 3737/3217/2838
f 3736/3216/2838 3737/3217/2838 3738/3218/2838
f 3738/3218/2839 3737/3217/2839 3739/3219/2839
f 3738/3218/2839 3739/3219/2839 3740/3220/2839
f 3740/3220/2840 3739/3219/2840 3741/3221/2840
f 3740/3220/2840 3741/3221/2840 3742/3222/2840
f 3743/3223/2841 3744/3224/2841 3745/3225/2841
f 3744/3224/2841 3743/3223/2841 3746/3226/2841
f 3746/3226/2841 3743/3223/2841 3747/3227/2841
f 3746/3226/2841 3747/3227/2841 3748/3228/2841
f 3749/3229/2842 3750/3230/2842 3751/3231/2842
f 3750/3230/2842 3749/3229/2842 3752/3232/2842
f 3752/3232/2842 3749/3229/2842 3753/3233/2842
f 3752/3232/2842 3753/3233/2842 3754/3234/2842
# Vertices: 26, normals: 8, texture coordinates: 26, faces: 20

o obj19
v 0.80192631 3.1553728 0.90382215
v 0.80192632 3.15537279 0.96134186
v 0.77919504 3.1377541 0.96134186
v 0.77919504 3.13775411 0.90382215
v 0.75257117 3.14863061 0.96134186
v 0.75257116 3.14863062 0.90382215
v 0.74867857 3.17712582 0.96134186
v 0.74867857 3.17712583 0.90382216
v 0.77140984 3.19474452 0.96134187
v 0.77140984 3.19474452 0.90382216
v 0.79803372 3.183868 0.96134186
v 0.79803371 3.18386801 0.90382216
v 0.80192632 3.15537279 0.96134186
v 0.80192631 3.1553728 0.90382215
v 0.74867857 3.17712582 0.96134186
v 0.79803372 3.183868 0.96134186
v 0.77140984 3.19474452 0.96134187
v 0.80192632 3.15537279 0.96134186
v 0.75257117 3.14863061 0.96134186
v 0.77919504 3.1377541 0.96134186
v 0.80192631 3.1553728 0.90382215
v 0.77140984 3.19474452 0.90382216
v 0.79803371 3.18386801 0.90382216
v 0.74867857 3.17712583 0.90382216
v 0.77919504 3.13775411 0.90382215
v 0.75257116 3.14863062 0.90382215
vn 0.5 0.86603 0
vn 1 0 0
vn 0.5 -0.86603 0
vn -0.5 -0.86603 0
vn -1 0 0
vn -0.5 0.86603 0
vn -0 0 1
vn 0 0 -1
vt 1 0.5
vt 1 0
vt 0.83333 0
vt 0.83333 0.5
vt 0.66667 0
vt 0.66667 0.5
vt 0.5 0
vt 0.5 0.5
vt 0.33333 0
vt 0.33333 0.5
vt 0.16667 0
vt 0.16667 0.5
vt -0 0
vt -0 0.5
vt 0.25 0.99
vt 0.04215 0.63
vt 0.04215 0.87
vt 0.25 0.51
vt 0.45785 0.87
vt 0.45785 0.63
vt 0.75 0.51
vt 0.54215 0.87
vt 0.54215 0.63
vt 0.75 0.99
vt 0.95785 0.63
vt 0.95785 0.87
usemtl mat4
f 3755/3235/2843 3756/3236/2843 3757/3237/2843
f 3755/3235/2843 3757/3237/2843 3758/3238/2843
f 3758/3238/2844 3757/3237/2844 3759/3239/2844
f 3758/3238/2844 3759/3239/2844 3760/3240/2844
f 3760/3240/2845 3759/3239/2845 3761/3241/2845
f 3760/3240/2845 3761/3241/2845 3762/3242/2845
f 3762/3242/2846 3761/3241/2846 3763/3243/2846
f 3762/3242/2846 3763/3243/2846 3764/3244/2846
f 3764/3244/2847 3763/3243/2847 3765/3245/2847
f 3764/3244/2847 3765/3245/2847 3766/3246/2847
f 3766/3246/2848 3765/3245/2848 3767/3247/2848
f 3766/3246/2848 3767/3247/2848 3768/3248/2848
f 3769/3249/2849 3770/3250/2849 3771/3251/2849
f 3770/3250/2849 3769/3249/2849 3772/3252/2849
f 3772/3252/2849 3769/3249/2849 3773/3253/2849
f 3772/3252/2849 3773/3253/2849 3774/3254/2849
f 3775/3255/2850 3776/3256/2850 3777/3257/2850
f 3776/3256/2850 3775/3255/2850 3778/3258/2850
f 3778/3258/2850 3775/3255/2850 3779/3259/2850
f 3778/3258/2850 3779/3259/2850 3780/3260/2850
# Vertices: 26, normals: 8, texture coordinates: 26, faces: 20

o obj20
v 0.65610091 2.92387977 0.90382212
v 0.65610091 2.92387975 0.96134183
v 0.62942355 2.93462443 0.96134183
v 0.62942355 2.93462444 0.90382213
v 0.62539004 2.96310004 0.96134184
v 0.62539004 2.96310005 0.90382213
v 0.64803388 2.98083097 0.96134184
v 0.64803388 2.98083098 0.90382214
v 0.67471124 2.97008629 0.96134184
v 0.67471124 2.9700863 0.90382213
v 0.67874475 2.94161068 0.96134183
v 0.67874475 2.94161069 0.90382213
v 0.65610091 2.92387975 0.96134183
v 0.65610091 2.92387977 0.90382212
v 0.64803388 2.98083097 0.96134184
v 0.67874475 2.94161068 0.96134183
v 0.67471124 2.97008629 0.96134184
v 0.65610091 2.92387975 0.96134183
v 0.62539004 2.96310004 0.96134184
v 0.62942355 2.93462443 0.96134183
v 0.65610091 2.92387977 0.90382212
v 0.67471124 2.9700863 0.90382213
v 0.67874475 2.94161069 0.90382213
v 0.64803388 2.98083098 0.90382214
v 0.62942355 2.93462444 0.90382213
v 0.62539004 2.96310005 0.90382213
vn 0.5 0.86603 0
vn 1 0 0
vn 0.5 -0.86603 0
vn -0.5 -0.86603 0
vn -1 0 0
vn -0.5 0.86603 0
vn -0 0 1
vn 0 0 -1
vt 1 0.5
vt 1 0
vt 0.83333 0
vt 0.83333 0.5
vt 0.66667 0
vt 0.66667 0.5
vt 0.5 0
vt 0.5 0.5
vt 0.33333 0
vt 0.33333 0.5
vt 0.16667 0
vt 0.16667 0.5
vt -0 0
vt -0 0.5
vt 0.25 0.99
vt 0.04215 0.63
vt 0.04215 0.87
vt 0.25 0.51
vt 0.45785 0.87
vt 0.45785 0.63
vt 0.75 0.51
vt 0.54215 0.87
vt 0.54215 0.63
vt 0.75 0.99
vt 0.95785 0.63
vt 0.95785 0.87
usemtl mat4
f 3781/3261/2851 3782/3262/2851 3783/3263/2851
f 3781/3261/2851 3783/3263/2851 3784/3264/2851
f 3784/3264/2852 3783/3263/2852 3785/3265/2852
f 3784/3264/2852 3785/3265/2852 3786/3266/2852
f 3786/3266/2853 3785/3265/2853 3787/3267/2853
f 3786/3266/2853 3787/3267/2853 3788/3268/2853
f 3788/3268/2854 3787/3267/2854 3789/3269/2854
f 3788/3268/2854 3789/3269/2854 3790/3270/2854
f 3790/3270/2855 3789/3269/2855 3791/3271/2855
f 3790/3270/2855 3791/3271/2855 3792/3272/2855
f 3792/3272/2856 3791/3271/2856 3793/3273/2856
f 3792/3272/2856 3793/3273/2856 3794/3274/2856
f 3795/3275/2857 3796/3276/2857 3797/3277/2857
f 3796/3276/2857 3795/3275/2857 3798/3278/2857
f 3798/3278/2857 3795/3275/2857 3799/3279/2857
f 3798/3278/2857 3799/3279/2857 3800/3280/2857
f 3801/3281/2858 3802/3282/2858 3803/3283/2858
f 3802/3282/2858 3801/3281/2858 3804/3284/2858
f 3804/3284/2858 3801/3281/2858 3805/3285/2858
f 3804/3284/2858 3805/3285/2858 3806/3286/2858
# Vertices: 26, normals: 8, texture coordinates: 26, faces: 20

o obj21
v 0.35076973 2.95614654 0.90382213
v 0.35076973 2.95614654 0.96134184
v 0.35070436 2.98490631 0.96134184
v 0.35070436 2.98490632 0.90382214
v 0.37557837 2.99934281 0.96134185
v 0.37557838 2.99934282 0.90382214
v 0.40051776 2.98501953 0.96134184
v 0.40051776 2.98501954 0.90382214
v 0.40058313 2.95625976 0.96134184
v 0.40058313 2.95625976 0.90382213
v 0.37570911 2.94182326 0.96134184
v 0.37570911 2.94182326 0.90382213
v 0.35076973 2.95614654 0.96134184
v 0.35076973 2.95614654 0.90382213
v 0.40051776 2.98501953 0.96134184
v 0.37570911 2.94182326 0.96134184
v 0.40058313 2.95625976 0.96134184
v 0.35076973 2.95614654 0.96134184
v 0.37557837 2.99934281 0.96134185
v 0.35070436 2.98490631 0.96134184
v 0.35076973 2.95614654 0.90382213
v 0.40058313 2.95625976 0.90382213
v 0.37570911 2.94182326 0.90382213
v 0.40051776 2.98501954 0.90382214
v 0.35070436 2.98490632 0.90382214
v 0.37557838 2.99934282 0.90382214
vn 0.5 0.86603 0
vn 1 0 0
vn 0.5 -0.86603 0
vn -0.5 -0.86603 0
vn -1 0 0
vn -0.5 0.86603 0
vn -0 0 1
vn 0 0 -1
vt 1 0.5
vt 1 0
vt 0.83333 0
vt 0.83333 0.5
vt 0.66667 0
vt 0.66667 0.5
vt 0.5 0
vt 0.5 0.5
vt 0.33333 0
vt 0.33333 0.5
vt 0.16667 0
vt 0.16667 0.5
vt -0 0
vt -0 0.5
vt 0.25 0.99
vt 0.04215 0.63
vt 0.04215 0.87
vt 0.25 0.51
vt 0.45785 0.87
vt 0.45785 0.63
vt 0.75 0.51
vt 0.54215 0.87
vt 0.54215 0.63
vt 0.75 0.99
vt 0.95785 0.63
vt 0.95785 0.87
usemtl mat4
f 3807/3287/2859 3808/3288/2859 3809/3289/2859
f 3807/3287/2859 3809/3289/2859 3810/3290/2859
f 3810/3290/2860 3809/3289/2860 3811/3291/2860
f 3810/3290/2860 3811/3291/2860 3812/3292/2860
f 3812/3292/2861 3811/3291/2861 3813/3293/2861
f 3812/3292/2861 3813/3293/2861 3814/3294/2861
f 3814/3294/2862 3813/3293/2862 3815/3295/2862
f 3814/3294/2862 3815/3295/2862 3816/3296/2862
f 3816/3296/2863 3815/3295/2863 3817/3297/2863
f 3816/3296/2863 3817/3297/2863 3818/3298/2863
f 3818/3298/2864 3817/3297/2864 3819/3299/2864
f 3818/3298/2864 3819/3299/2864 3820/3300/2864
f 3821/3301/2865 3822/3302/2865 3823/3303/2865
f 3822/3302/2865 3821/3301/2865 3824/3304/2865
f 3824/3304/2865 3821/3301/2865 3825/3305/2865
f 3824/3304/2865 3825/3305/2865 3826/3306/2865
f 3827/3307/2866 3828/3308/2866 3829/3309/2866
f 3828/3308/2866 3827/3307/2866 3830/3310/2866
f 3830/3310/2866 3827/3307/2866 3831/3311/2866
f 3830/3310/2866 3831/3311/2866 3832/3312/2866
# Vertices: 26, normals: 8, texture coordinates: 26, faces: 20

o obj22
v 0.26246376 3.23955674 0.90382216
v 0.26246376 3.23955674 0.96134187
v 0.28858401 3.25159257 0.96134187
v 0.28858402 3.25159258 0.90382217
v 0.31206748 3.23498968 0.96134187
v 0.31206748 3.23498969 0.90382217
v 0.30943069 3.20635096 0.96134187
v 0.30943069 3.20635096 0.90382216
v 0.28331043 3.19431512 0.96134187
v 0.28331043 3.19431513 0.90382216
v 0.25982696 3.21091801 0.96134187
v 0.25982697 3.21091802 0.90382216
v 0.26246376 3.23955674 0.96134187
v 0.26246376 3.23955674 0.90382216
v 0.30943069 3.20635096 0.96134187
v 0.25982696 3.21091801 0.96134187
v 0.28331043 3.19431512 0.96134187
v 0.26246376 3.23955674 0.96134187
v 0.31206748 3.23498968 0.96134187
v 0.28858401 3.25159257 0.96134187
v 0.26246376 3.23955674 0.90382216
v 0.28331043 3.19431513 0.90382216
v 0.25982697 3.21091802 0.90382216
v 0.30943069 3.20635096 0.90382216
v 0.28858402 3.25159258 0.90382217
v 0.31206748 3.23498969 0.90382217
vn 0.5 0.86603 0
vn 1 0 0
vn 0.5 -0.86603 0
vn -0.5 -0.86603 0
vn -1 0 0
vn -0.5 0.86603 0
vn -0 0 1
vn 0 0 -1
vt 1 0.5
vt 1 0
vt 0.83333 0
vt 0.83333 0.5
vt 0.66667 0
vt 0.66667 0.5
vt 0.5 0
vt 0.5 0.5
vt 0.33333 0
vt 0.33333 0.5
vt 0.16667 0
vt 0.16667 0.5
vt -0 0
vt -0 0.5
vt 0.25 0.99
vt 0.04215 0.63
vt 0.04215 0.87
vt 0.25 0.51
vt 0.45785 0.87
vt 0.45785 0.63
vt 0.75 0.51
vt 0.54215 0.87
vt 0.54215 0.63
vt 0.75 0.99
vt 0.95785 0.63
vt 0.95785 0.87
usemtl mat4
f 3833/3313/2867 3834/3314/2867 3835/3315/2867
f 3833/3313/2867 3835/3315/2867 3836/3316/2867
f 3836/3316/2868 3835/3315/2868 3837/3317/2868
f 3836/3316/2868 3837/3317/2868 3838/3318/2868
f 3838/3318/2869 3837/3317/2869 3839/3319/2869
f 3838/3318/2869 3839/3319/2869 3840/3320/2869
f 3840/3320/2870 3839/3319/2870 3841/3321/2870
f 3840/3320/2870 3841/3321/2870 3842/3322/2870
f 3842/3322/2871 3841/3321/2871 3843/3323/2871
f 3842/3322/2871 3843/3323/2871 3844/3324/2871
f 3844/3324/2872 3843/3323/2872 3845/3325/2872
f 3844/3324/2872 3845/3325/2872 3846/3326/2872
f 3847/3327/2873 3848/3328/2873 3849/3329/2873
f 3848/3328/2873 3847/3327/2873 3850/3330/2873
f 3850/3330/2873 3847/3327/2873 3851/3331/2873
f 3850/3330/2873 3851/3331/2873 3852/3332/2873
f 3853/3333/2874 3854/3334/2874 3855/3335/2874
f 3854/3334/2874 3853/3333/2874 3856/3336/2874
f 3856/3336/2874 3853/3333/2874 3857/3337/2874
f 3856/3336/2874 3857/3337/2874 3858/3338/2874
# Vertices: 26, normals: 8, texture coordinates: 26, faces: 20

o obj23
v 0.31476175 0.82512934 0.98467397
v 0.31476175 0.81526243 0.98564578
v 0.31668669 0.82493976 0.98467397
v 0.31476175 0.81526244 0.88449349
v 0.31476175 0.82512934 0.8854653
v 0.31668669 0.82493976 0.8854653
v 0.31476175 0.81526243 0.98564578
v 0.31853765 0.82437827 0.98467397
v 0.31476175 0.81526244 0.88449349
v 0.31853765 0.82437828 0.8854653
v 0.31476175 0.81526243 0.98564578
v 0.32024351 0.82346647 0.98467397
v 0.31476175 0.81526244 0.88449349
v 0.32024351 0.82346648 0.8854653
v 0.31476175 0.81526243 0.98564578
v 0.32173871 0.82223939 0.98467397
v 0.31476175 0.81526244 0.88449349
v 0.32173871 0.8222394 0.8854653
v 0.31476175 0.81526243 0.98564578
v 0.32296579 0.82074419 0.98467397
v 0.31476175 0.81526244 0.88449349
v 0.32296579 0.8207442 0.8854653
v 0.31476175 0.81526243 0.98564578
v 0.32387759 0.81903834 0.98467397
v 0.31476175 0.81526244 0.88449349
v 0.32387759 0.81903834 0.8854653
v 0.31476175 0.81526244 0.88449349
v 0.32443907 0.81718737 0.8854653
v 0.31476175 0.81526243 0.98564578
v 0.32443907 0.81718737 0.98467397
v 0.31476175 0.81526243 0.98564578
v 0.32462866 0.81526243 0.98467397
v 0.31476175 0.81526244 0.88449349
v 0.32462866 0.81526243 0.8854653
v 0.31476175 0.81526243 0.98564578
v 0.32443907 0.81333749 0.98467397
v 0.31476175 0.81526244 0.88449349
v 0.32443907 0.8133375 0.8854653
v 0.31476175 0.81526243 0.98564578
v 0.32387759 0.81148653 0.98467397
v 0.31476175 0.81526244 0.88449349
v 0.32387759 0.81148653 0.8854653
v 0.31476175 0.81526243 0.98564578
v 0.32296578 0.80978067 0.98467397
v 0.31476175 0.81526244 0.88449349
v 0.32296578 0.80978067 0.8854653
v 0.31476175 0.81526243 0.98564578
v 0.32173871 0.80828547 0.98467397
v 0.31476175 0.81526244 0.88449349
v 0.32173871 0.80828547 0.8854653
v 0.31476175 0.81526243 0.98564578
v 0.32024351 0.80705839 0.98467397
v 0.31476175 0.81526244 0.88449349
v 0.32024351 0.8070584 0.8854653
v 0.31476175 0.81526243 0.98564578
v 0.31853765 0.80614659 0.98467397
v 0.31476175 0.81526244 0.88449349
v 0.31853765 0.8061466 0.8854653
v 0.31476175 0.81526243 0.98564578
v 0.31668668 0.80558511 0.98467397
v 0.31476175 0.81526244 0.88449349
v 0.31668668 0.80558511 0.8854653
v 0.31476175 0.81526243 0.98564578
v 0.31476175 0.80539552 0.98467397
v 0.31476175 0.81526244 0.88449349
v 0.31476175 0.80539553 0.8854653
v 0.31476175 0.81526243 0.98564578
v 0.31283681 0.80558511 0.98467397
v 0.31476175 0.81526244 0.88449349
v 0.31283681 0.80558512 0.8854653
v 0.31476175 0.81526243 0.98564578
v 0.31098584 0.80614659 0.98467397
v 0.31476175 0.81526244 0.88449349
v 0.31098584 0.8061466 0.8854653
v 0.31476175 0.81526243 0.98564578
v 0.30927998 0.8070584 0.98467397
v 0.31476175 0.81526244 0.88449349
v 0.30927998 0.8070584 0.8854653
v 0.31476175 0.81526243 0.98564578
v 0.30778479 0.80828547 0.98467397
v 0.31476175 0.81526244 0.88449349
v 0.30778479 0.80828548 0.8854653
v 0.31476175 0.81526243 0.98564578
v 0.30655771 0.80978067 0.98467397
v 0.31476175 0.81526244 0.88449349
v 0.30655771 0.80978067 0.8854653
v 0.31476175 0.81526243 0.98564578
v 0.30564591 0.81148653 0.98467397
v 0.31476175 0.81526244 0.88449349
v 0.30564591 0.81148653 0.8854653
v 0.31476175 0.81526243 0.98564578
v 0.30508443 0.81333749 0.98467397
v 0.31476175 0.81526244 0.88449349
v 0.30508443 0.8133375 0.8854653
v 0.31476175 0.81526243 0.98564578
v 0.30489484 0.81526243 0.98467397
v 0.31476175 0.81526244 0.88449349
v 0.30489484 0.81526244 0.8854653
v 0.30489484 0.81526243 0.98467397
v 0.31476175 0.81526243 0.98564578
v 0.30508443 0.81718737 0.98467397
v 0.31476175 0.81526244 0.88449349
v 0.30489484 0.81526244 0.8854653
v 0.30508443 0.81718737 0.8854653
v 0.31476175 0.81526243 0.98564578
v 0.30564591 0.81903833 0.98467397
v 0.31476175 0.81526244 0.88449349
v 0.30564591 0.81903834 0.8854653
v 0.31476175 0.81526243 0.98564578
v 0.30655771 0.82074419 0.98467397
v 0.31476175 0.81526244 0.88449349
v 0.30655771 0.8207442 0.8854653
v 0.31476175 0.81526243 0.98564578
v 0.30778479 0.82223939 0.98467397
v 0.31476175 0.81526244 0.88449349
v 0.30778479 0.82223939 0.8854653
v 0.31476175 0.81526243 0.98564578
v 0.30927999 0.82346646 0.98467397
v 0.31476175 0.81526244 0.88449349
v 0.30927999 0.82346647 0.8854653
v 0.31476175 0.81526243 0.98564578
v 0.31098585 0.82437826 0.98467397
v 0.31476175 0.81526244 0.88449349
v 0.31098585 0.82437827 0.8854653
v 0.31476175 0.81526243 0.98564578
v 0.31283681 0.82493975 0.98467397
v 0.31476175 0.81526244 0.88449349
v 0.31283681 0.82493975 0.8854653
v 0.31476175 0.81526243 0.98564578
v 0.31476175 0.81526244 0.88449349
v 0.31476175 0.85102516 0.8993069
v 0.31476175 0.85731496 0.90697103
v 0.32296579 0.85650693 0.90697103
v 0.32173871 0.850338 0.8993069
v 0.31476175 0.85731496 0.96316824
v 0.31476175 0.85102516 0.97083237
v 0.32173871 0.850338 0.97083237
v 0.32296579 0.85650693 0.96316824
v 0.31476176 0.843361 0.89301711
v 0.32024351 0.84282113 0.89301711
v 0.31476175 0.86198867 0.95442429
v 0.32387759 0.86109086 0.95442429
v 0.31476175 0.83461708 0.88834337
v 0.31853765 0.8342452 0.88834337
v 0.31476175 0.86486677 0.94493655
v 0.32443907 0.86391364 0.94493655
v 0.31476175 0.86583858 0.93506964
v 0.32462866 0.86486677 0.93506964
v 0.31476175 0.86486677 0.92520272
v 0.32443907 0.86391364 0.92520272
v 0.31476175 0.83461707 0.9817959
v 0.31853765 0.83424519 0.9817959
v 0.31476175 0.86198868 0.91571498
v 0.32387759 0.86109087 0.91571498
v 0.31476175 0.84336103 0.97712217
v 0.32024351 0.84282113 0.97712217
v 0.33264311 0.85843187 0.91571498
v 0.33085455 0.8541139 0.90697103
v 0.32551462 0.84122215 0.97712217
v 0.32844755 0.84830289 0.97083237
v 0.32844755 0.84830289 0.8993069
v 0.33085455 0.8541139 0.96316824
v 0.32551462 0.84122216 0.89301711
v 0.33264311 0.85843187 0.95442429
v 0.32216845 0.8331438 0.88834337
v 0.3337445 0.86109086 0.94493655
v 0.3341164 0.8619887 0.93506964
v 0.3337445 0.86109087 0.92520272
v 0.32216845 0.8331438 0.9817959
v 0.32551462 0.83135524 0.88834337
v 0.34232044 0.85650693 0.94493655
v 0.34286035 0.85731496 0.93506964
v 0.34232044 0.85650693 0.92520272
v 0.32551462 0.83135524 0.9817959
v 0.34072147 0.8541139 0.91571498
v 0.33037249 0.83862556 0.97712216
v 0.33812488 0.85022783 0.90697103
v 0.33463046 0.84499806 0.97083237
v 0.33463046 0.84499806 0.8993069
v 0.33812488 0.85022782 0.96316824
v 0.33037249 0.83862556 0.89301711
v 0.34072147 0.8541139 0.95442429
v 0.33463046 0.83513114 0.97712216
v 0.34004982 0.8405505 0.97083237
v 0.34449737 0.84499806 0.90697103
v 0.34004982 0.84055051 0.8993069
v 0.34449737 0.84499805 0.96316824
v 0.33463046 0.83513114 0.89301711
v 0.3478022 0.84830289 0.95442429
v 0.32844755 0.82894824 0.88834337
v 0.34983731 0.85033799 0.94493655
v 0.35052448 0.85102516 0.93506964
v 0.34983731 0.85033799 0.92520272
v 0.32844755 0.82894824 0.9817959
v 0.3478022 0.84830289 0.91571498
v 0.35600625 0.84282112 0.94493655
v 0.35681427 0.84336102 0.93506964
v 0.35600625 0.84282112 0.92520272
v 0.33085455 0.8260153 0.9817959
v 0.35361321 0.84122216 0.91571498
v 0.33812488 0.83087317 0.97712216
v 0.34972714 0.83862556 0.90697103
v 0.34449737 0.83513114 0.97083237
v 0.34449737 0.83513115 0.8993069
v 0.34972714 0.83862556 0.96316824
v 0.33812488 0.83087318 0.89301711
v 0.35361321 0.84122216 0.95442429
v 0.33085455 0.8260153 0.88834337
v 0.35361321 0.83135523 0.90697103
v 0.3478022 0.82894824 0.8993069
v 0.3478022 0.82894824 0.97083237
v 0.35361321 0.83135523 0.96316824
v 0.34072147 0.8260153 0.89301711
v 0.35793118 0.8331438 0.95442429
v 0.33264311 0.82266914 0.88834337
v 0.36059018 0.83424519 0.94493655
v 0.36148801 0.83461708 0.93506964
v 0.36059018 0.83424519 0.92520272
v 0.33264311 0.82266913 0.9817959
v 0.35793118 0.8331438 0.91571498
v 0.34072147 0.8260153 0.97712216
v 0.36436608 0.82512934 0.93506964
v 0.36341295 0.82493975 0.92520272
v 0.3337445 0.81903834 0.9817959
v 0.36059018 0.82437828 0.91571498
v 0.34232044 0.82074419 0.97712216
v 0.35600624 0.82346647 0.90697103
v 0.34983731 0.8222394 0.97083237
v 0.34983731 0.8222394 0.8993069
v 0.35600624 0.82346647 0.96316824
v 0.34232044 0.8207442 0.89301711
v 0.36059018 0.82437828 0.95442429
v 0.3337445 0.81903834 0.88834337
v 0.36341295 0.82493975 0.94493655
v 0.35052448 0.81526244 0.8993069
v 0.34286034 0.81526243 0.89301711
v 0.35681427 0.81526243 0.96316824
v 0.36148801 0.81526243 0.95442429
v 0.3341164 0.81526243 0.88834337
v 0.36436608 0.81526243 0.94493655
v 0.36533788 0.81526242 0.93506964
v 0.36436608 0.81526243 0.92520272
v 0.3341164 0.81526243 0.9817959
v 0.36148801 0.81526244 0.91571498
v 0.34286034 0.81526243 0.97712216
v 0.35681427 0.81526243 0.90697103
v 0.35052448 0.81526243 0.97083237
v 0.3337445 0.81148652 0.9817959
v 0.36341294 0.8055851 0.92520272
v 0.36059018 0.80614659 0.91571498
v 0.34232044 0.80978066 0.97712216
v 0.35600624 0.80705839 0.90697103
v 0.34983731 0.80828547 0.97083237
v 0.34983731 0.80828547 0.8993069
v 0.35600624 0.80705839 0.96316824
v 0.34232044 0.80978067 0.89301711
v 0.36059018 0.80614659 0.95442429
v 0.3337445 0.81148653 0.88834337
v 0.36341294 0.8055851 0.94493655
v 0.36436607 0.80539551 0.93506964
v 0.3536132 0.79916963 0.96316824
v 0.35793118 0.79738107 0.95442429
v 0.34072146 0.80450956 0.89301711
v 0.33264311 0.80785573 0.88834337
v 0.36059017 0.79627967 0.94493655
v 0.36148799 0.79590778 0.93506963
v 0.36059017 0.79627967 0.92520272
v 0.33264311 0.80785573 0.9817959
v 0.35793118 0.79738107 0.91571498
v 0.34072146 0.80450956 0.97712216
v 0.3536132 0.79916963 0.90697103
v 0.3478022 0.80157663 0.97083237
v 0.3478022 0.80157663 0.8993069
v 0.35600624 0.78770374 0.92520272
v 0.35361321 0.78930272 0.91571498
v 0.33085455 0.80450956 0.9817959
v 0.33812487 0.79965169 0.97712216
v 0.34972713 0.7918993 0.90697103
v 0.34449737 0.79539372 0.97083237
v 0.34449737 0.79539373 0.8993069
v 0.34972713 0.7918993 0.96316824
v 0.33812487 0.79965169 0.89301711
v 0.35361321 0.78930271 0.95442429
v 0.33085455 0.80450957 0.88834337
v 0.35600624 0.78770374 0.94493655
v 0.35681425 0.78716383 0.93506963
v 0.33463045 0.79539373 0.89301711
v 0.32844755 0.80157663 0.88834337
v 0.3478022 0.78222198 0.95442429
v 0.3498373 0.78018687 0.94493655
v 0.35052445 0.7794997 0.93506963
v 0.3498373 0.78018687 0.92520272
v 0.32844755 0.80157663 0.9817959
v 0.3478022 0.78222198 0.91571498
v 0.33463045 0.79539372 0.97712216
v 0.34449736 0.78552681 0.90697103
v 0.34004982 0.78997436 0.97083237
v 0.34004982 0.78997436 0.8993069
v 0.34449736 0.78552681 0.96316824
v 0.32551461 0.79916963 0.9817959
v 0.33037248 0.7918993 0.97712216
v 0.34072147 0.77641097 0.91571498
v 0.33812487 0.78029704 0.90697103
v 0.33463045 0.78552681 0.97083237
v 0.33463045 0.78552681 0.8993069
v 0.33812487 0.78029704 0.96316824
v 0.33037248 0.79189931 0.89301711
v 0.34072147 0.77641097 0.95442429
v 0.32551461 0.79916963 0.88834337
v 0.34232043 0.77401794 0.94493655
v 0.34286032 0.77320992 0.93506963
v 0.34232043 0.77401794 0.92520272
v 0.33264311 0.772093 0.95442429
v 0.33374449 0.76943401 0.94493655
v 0.32216845 0.79738107 0.88834337
v 0.33411638 0.76853619 0.93506963
v 0.33374449 0.76943401 0.92520272
v 0.32216845 0.79738107 0.9817959
v 0.33264311 0.772093 0.91571498
v 0.32551461 0.78930272 0.97712216
v 0.33085454 0.77641098 0.90697103
v 0.32844755 0.78222198 0.97083237
v 0.32844755 0.78222198 0.8993069
v 0.33085454 0.77641097 0.96316824
v 0.32551461 0.78930272 0.89301711
v 0.32387759 0.76943401 0.91571498
v 0.32296578 0.77401795 0.90697103
v 0.3202435 0.78770375 0.97712216
v 0.32173871 0.78018687 0.97083237
v 0.32173871 0.78018687 0.8993069
v 0.32296578 0.77401794 0.96316824
v 0.3202435 0.78770375 0.89301711
v 0.32387759 0.76943401 0.95442429
v 0.31853765 0.79627968 0.88834337
v 0.32443906 0.76661124 0.94493655
v 0.32462864 0.76565812 0.93506963
v 0.32443906 0.76661124 0.92520272
v 0.31853765 0.79627968 0.9817959
v 0.31476174 0.79590779 0.88834337
v 0.31476174 0.76565811 0.94493655
v 0.31476173 0.76468632 0.93506963
v 0.31476174 0.76565811 0.92520272
v 0.31476174 0.79590778 0.9817959
v 0.31476175 0.76853618 0.91571498
v 0.31476174 0.78716384 0.97712216
v 0.31476174 0.77320992 0.90697103
v 0.31476175 0.7794997 0.97083237
v 0.31476175 0.7794997 0.8993069
v 0.31476174 0.77320992 0.96316824
v 0.31476174 0.78716385 0.89301711
v 0.31476175 0.76853618 0.95442429
v 0.3065577 0.77401795 0.90697103
v 0.30778478 0.78018688 0.8993069
v 0.30778478 0.78018687 0.97083237
v 0.3065577 0.77401795 0.96316824
v 0.30927998 0.78770375 0.89301711
v 0.30564591 0.76943401 0.95442429
v 0.31098584 0.79627968 0.88834337
v 0.30508442 0.76661124 0.94493655
v 0.30489482 0.76565813 0.93506963
v 0.30508442 0.76661125 0.92520272
v 0.31098584 0.79627968 0.9817959
v 0.30564591 0.76943401 0.91571498
v 0.30927998 0.78770375 0.97712216
v 0.29540709 0.76853621 0.93506963
v 0.29577899 0.76943402 0.92520272
v 0.30735504 0.79738107 0.9817959
v 0.29688039 0.77209301 0.91571498
v 0.30400888 0.78930273 0.97712216
v 0.29866894 0.77641098 0.90697103
v 0.30107594 0.78222198 0.97083237
v 0.30107594 0.78222198 0.8993069
v 0.29866894 0.77641098 0.96316824
v 0.30400888 0.78930273 0.89301711
v 0.29688039 0.772093 0.95442429
v 0.30735504 0.79738107 0.88834337
v 0.29577899 0.76943402 0.94493655
v 0.29489304 0.78552681 0.97083237
v 0.29139862 0.78029705 0.96316824
v 0.29489304 0.78552681 0.8993069
v 0.299151 0.79189932 0.89301711
v 0.28880203 0.77641097 0.95442429
v 0.30400888 0.79916963 0.88834337
v 0.28720305 0.77401795 0.94493655
v 0.28666315 0.77320995 0.93506963
v 0.28720305 0.77401795 0.92520272
v 0.30400888 0.79916963 0.9817959
v 0.28880203 0.77641098 0.91571498
v 0.299151 0.79189932 0.97712216
v 0.29139862 0.78029705 0.90697103
v 0.27899903 0.77949974 0.93506963
v 0.27968619 0.78018689 0.92520272
v 0.30107594 0.80157663 0.9817959
v 0.2817213 0.78222198 0.91571498
v 0.29489304 0.79539374 0.97712216
v 0.28502613 0.78552683 0.90697103
v 0.28947368 0.78997436 0.97083237
v 0.28947368 0.78997437 0.8993069
v 0.28502613 0.78552682 0.96316824
v 0.29489304 0.79539374 0.89301711
v 0.2817213 0.78222198 0.95442429
v 0.30107594 0.80157663 0.88834337
v 0.27968619 0.78018689 0.94493655
v 0.28502612 0.79539373 0.8993069
v 0.29139863 0.79965171 0.89301711
v 0.27979636 0.79189932 0.96316824
v 0.27591029 0.78930272 0.95442429
v 0.29866894 0.80450957 0.88834337
v 0.27351726 0.78770376 0.94493655
v 0.27270924 0.78716387 0.93506963
v 0.27351726 0.78770376 0.92520272
v 0.29866894 0.80450957 0.9817959
v 0.27591029 0.78930272 0.91571498
v 0.29139863 0.7996517 0.97712216
v 0.27979636 0.79189932 0.90697103
v 0.28502612 0.79539373 0.97083237
v 0.29688038 0.80785573 0.9817959
v 0.26893333 0.79627969 0.92520272
v 0.27159232 0.79738107 0.91571498
v 0.28880204 0.80450958 0.97712216
v 0.27591029 0.79916964 0.90697103
v 0.28172129 0.80157663 0.97083237
v 0.28172129 0.80157663 0.8993069
v 0.27591029 0.79916964 0.96316824
v 0.28880204 0.80450958 0.89301711
v 0.27159232 0.79738107 0.95442429
v 0.29688038 0.80785573 0.88834337
v 0.26893333 0.79627969 0.94493655
v 0.26803551 0.79590782 0.93506963
v 0.27351726 0.8070584 0.96316824
v 0.26893333 0.80614659 0.95442429
v 0.28720307 0.80978068 0.89301711
v 0.29577899 0.81148653 0.88834337
v 0.26611056 0.80558512 0.94493655
v 0.26515745 0.80539555 0.93506964
v 0.26611056 0.80558512 0.92520272
v 0.29577899 0.81148653 0.9817959
v 0.26893333 0.80614659 0.91571498
v 0.28720307 0.80978068 0.97712216
v 0.27351726 0.8070584 0.90697103
v 0.27968619 0.80828547 0.97083237
v 0.27968619 0.80828547 0.8993069
v 0.26515743 0.81526245 0.92520272
v 0.2680355 0.81526243 0.91571498
v 0.2954071 0.81526243 0.9817959
v 0.28666317 0.81526244 0.97712216
v 0.27270924 0.81526244 0.90697103
v 0.27899902 0.81526243 0.97083237
v 0.27899902 0.81526244 0.8993069
v 0.27270924 0.81526244 0.96316824
v 0.28666317 0.81526244 0.89301711
v 0.2680355 0.81526243 0.95442429
v 0.2954071 0.81526244 0.88834337
v 0.26515743 0.81526245 0.94493655
v 0.26418565 0.81526246 0.93506964
v 0.2954071 0.81526244 0.88834337
v 0.28666317 0.81526244 0.89301711
v 0.28720307 0.8207442 0.89301711
v 0.295779 0.81903834 0.88834337
v 0.26515743 0.81526245 0.94493655
v 0.2680355 0.81526243 0.95442429
v 0.26893333 0.82437827 0.95442429
v 0.26611057 0.82493977 0.94493655
v 0.26418565 0.81526246 0.93506964
v 0.26515746 0.82512936 0.93506964
v 0.26515743 0.81526245 0.92520272
v 0.26611057 0.82493977 0.92520272
v 0.2954071 0.81526243 0.9817959
v 0.295779 0.81903834 0.9817959
v 0.2680355 0.81526243 0.91571498
v 0.26893333 0.82437827 0.91571498
v 0.28666317 0.81526244 0.97712216
v 0.28720307 0.8207442 0.97712216
v 0.27270924 0.81526244 0.90697103
v 0.27351727 0.82346648 0.90697103
v 0.27899902 0.81526243 0.97083237
v 0.27968619 0.8222394 0.97083237
v 0.27899902 0.81526244 0.8993069
v 0.27968619 0.8222394 0.8993069
v 0.27270924 0.81526244 0.96316824
v 0.27351727 0.82346648 0.96316824
v 0.27159232 0.83314379 0.91571498
v 0.2759103 0.83135524 0.90697103
v 0.28880205 0.8260153 0.97712216
v 0.2817213 0.82894824 0.97083237
v 0.2817213 0.82894824 0.8993069
v 0.2759103 0.83135524 0.96316824
v 0.28880205 0.8260153 0.89301711
v 0.27159232 0.83314379 0.95442429
v 0.29688039 0.82266914 0.88834337
v 0.26893334 0.83424519 0.94493655
v 0.26803553 0.83461709 0.93506964
v 0.26893334 0.8342452 0.92520272
v 0.29688039 0.82266913 0.9817959
v 0.29866895 0.8260153 0.88834337
v 0.27351727 0.84282112 0.94493655
v 0.27270927 0.84336103 0.93506964
v 0.27351727 0.84282113 0.92520272
v 0.29866895 0.8260153 0.9817959
v 0.27591029 0.84122215 0.91571498
v 0.29139864 0.83087317 0.97712216
v 0.27979637 0.83862556 0.90697103
v 0.28502613 0.83513114 0.97083237
v 0.28502613 0.83513114 0.8993069
v 0.27979637 0.83862556 0.96316824
v 0.29139864 0.83087317 0.89301711
v 0.27591029 0.84122214 0.95442429
v 0.29489306 0.83513113 0.97712216
v 0.28947368 0.8405505 0.97083237
v 0.28502615 0.84499805 0.90697103
v 0.28947368 0.8405505 0.8993069
v 0.28502615 0.84499805 0.96316824
v 0.29489306 0.83513113 0.89301711
v 0.2817213 0.84830288 0.95442429
v 0.30107595 0.82894824 0.88834337
v 0.27968621 0.85033799 0.94493655
v 0.27899906 0.85102515 0.93506964
v 0.27968621 0.85033799 0.92520272
v 0.30107595 0.82894823 0.9817959
v 0.2817213 0.84830288 0.91571498
v 0.28720308 0.85650692 0.94493655
v 0.28666319 0.85731493 0.93506964
v 0.28720308 0.85650692 0.92520272
v 0.30400888 0.83135523 0.9817959
v 0.28880204 0.85411389 0.91571498
v 0.29915102 0.83862555 0.97712216
v 0.29139864 0.85022782 0.90697103
v 0.29489304 0.84499805 0.97083237
v 0.29489304 0.84499806 0.8993069
v 0.29139864 0.85022781 0.96316824
v 0.29915102 0.83862555 0.89301711
v 0.28880204 0.85411388 0.95442429
v 0.30400888 0.83135523 0.88834337
v 0.29866896 0.85411388 0.90697103
v 0.30107595 0.84830289 0.8993069
v 0.30107595 0.84830288 0.97083237
v 0.29866896 0.85411388 0.96316824
v 0.3040089 0.84122213 0.89301711
v 0.29688039 0.85843185 0.95442429
v 0.30735505 0.8331438 0.88834337
v 0.29577901 0.86109084 0.94493655
v 0.29540714 0.86198865 0.93506964
v 0.29577901 0.86109084 0.92520272
v 0.30735505 0.83314379 0.9817959
v 0.29688039 0.85843186 0.91571498
v 0.3040089 0.84122213 0.97712217
v 0.30489486 0.86486672 0.93506964
v 0.30508444 0.86391361 0.92520272
v 0.31098585 0.83424518 0.9817959
v 0.30564591 0.86109084 0.91571498
v 0.30928 0.8428211 0.97712217
v 0.30655772 0.85650691 0.90697103
v 0.30778479 0.85033799 0.97083237
v 0.30778479 0.85033799 0.8993069
v 0.30655772 0.8565069 0.96316824
v 0.30928 0.8428211 0.89301711
v 0.30564591 0.86109084 0.95442429
v 0.31098585 0.83424518 0.88834337
v 0.30508444 0.86391361 0.94493655
vn 0.00965 0.09801 0.99514
vn 0.00966 0.09801 -0.99514
vn 0.02859 0.09425 0.99514
vn 0.02859 0.09425 -0.99514
vn 0.04642 0.08686 0.99514
vn 0.04642 0.08686 -0.99514
vn 0.06248 0.07613 0.99514
vn 0.06248 0.07613 -0.99514
vn 0.07613 0.06248 0.99514
vn 0.07613 0.06248 -0.99514
vn 0.08686 0.04643 0.99514
vn 0.08686 0.04643 -0.99514
vn 0.09425 0.02859 -0.99514
vn 0.09425 0.02859 0.99514
vn 0.09801 0.00965 0.99514
vn 0.09801 0.00965 -0.99514
vn 0.09801 -0.00965 0.99514
vn 0.09801 -0.00965 -0.99514
vn 0.09424 -0.02859 0.99514
vn 0.09425 -0.02859 -0.99514
vn 0.08686 -0.04643 0.99514
vn 0.08686 -0.04643 -0.99514
vn 0.07613 -0.06248 0.99514
vn 0.07613 -0.06248 -0.99514
vn 0.06248 -0.07613 0.99514
vn 0.06248 -0.07613 -0.99514
vn 0.04642 -0.08686 0.99514
vn 0.04642 -0.08686 -0.99514
vn 0.02859 -0.09425 0.99514
vn 0.02859 -0.09425 -0.99514
vn 0.00966 -0.09801 0.99514
vn 0.00966 -0.09801 -0.99514
vn -0.00966 -0.09801 0.99514
vn -0.00966 -0.09801 -0.99514
vn -0.02859 -0.09425 0.99514
vn -0.02859 -0.09425 -0.99514
vn -0.04642 -0.08686 0.99514
vn -0.04642 -0.08686 -0.99514
vn -0.06248 -0.07613 0.99514
vn -0.06248 -0.07613 -0.99514
vn -0.07613 -0.06248 0.99514
vn -0.07613 -0.06248 -0.99514
vn -0.08686 -0.04643 0.99514
vn -0.08686 -0.04643 -0.99514
vn -0.09425 -0.02859 0.99514
vn -0.09425 -0.02859 -0.99514
vn -0.09801 -0.00965 0.99514
vn -0.09801 -0.00965 -0.99514
vn -0.09801 0.00965 0.99514
vn -0.09801 0.00965 -0.99514
vn -0.09425 0.02859 0.99514
vn -0.09425 0.02859 -0.99514
vn -0.08686 0.04643 0.99514
vn -0.08686 0.04643 -0.99514
vn -0.07613 0.06248 0.99514
vn -0.07613 0.06248 -0.99514
vn -0.06248 0.07613 0.99514
vn -0.06248 0.07613 -0.99514
vn -0.04642 0.08686 0.99514
vn -0.04642 0.08686 -0.99514
vn -0.02859 0.09425 0.99514
vn -0.02859 0.09425 -0.99514
vn -0.00966 0.09801 0.99514
vn -0.00966 0.09801 -0.99514
vn 0.07591 0.77078 -0.63256
vn 0.07591 0.77078 0.63256
vn 0.06236 0.63316 -0.77151
vn 0.08653 0.87861 0.46963
vn 0.04638 0.47089 -0.88097
vn 0.09383 0.95272 0.28901
vn 0.02858 0.29017 -0.95655
vn 0.09755 0.99044 0.09755
vn 0.09755 0.99044 -0.09755
vn 0.02858 0.29017 0.95655
vn 0.09383 0.95272 -0.28901
vn 0.04638 0.47089 0.88097
vn 0.08653 0.87861 -0.46963
vn 0.06236 0.63316 0.77151
vn 0.25628 0.84485 -0.46963
vn 0.18469 0.60883 0.77151
vn 0.22483 0.74116 -0.63256
vn 0.22483 0.74116 0.63256
vn 0.18469 0.60883 -0.77151
vn 0.25628 0.84485 0.46963
vn 0.13735 0.45279 -0.88097
vn 0.2779 0.91611 0.289
vn 0.08464 0.27902 -0.95655
vn 0.2889 0.95238 0.09755
vn 0.2889 0.95238 -0.09755
vn 0.08464 0.27902 0.95655
vn 0.2779 0.91611 -0.289
vn 0.13735 0.45279 0.88097
vn 0.13745 0.25714 -0.95655
vn 0.46915 0.87772 0.09755
vn 0.46915 0.87772 -0.09755
vn 0.13745 0.25714 0.95655
vn 0.45128 0.84429 -0.289
vn 0.22305 0.4173 0.88097
vn 0.41618 0.77862 -0.46963
vn 0.29991 0.5611 0.77151
vn 0.3651 0.68306 -0.63256
vn 0.3651 0.68306 0.63256
vn 0.29991 0.5611 -0.77151
vn 0.41618 0.77862 0.46963
vn 0.22305 0.4173 -0.88097
vn 0.45128 0.84429 0.289
vn 0.40361 0.49181 0.77151
vn 0.49134 0.5987 -0.63256
vn 0.49134 0.5987 0.63256
vn 0.40361 0.49181 -0.77151
vn 0.56008 0.68246 0.46963
vn 0.30018 0.36576 -0.88097
vn 0.60732 0.74002 0.289
vn 0.18497 0.22539 -0.95655
vn 0.63137 0.76932 0.09755
vn 0.63137 0.76932 -0.09755
vn 0.18497 0.22539 0.95655
vn 0.60732 0.74002 -0.289
vn 0.30017 0.36576 0.88097
vn 0.56008 0.68246 -0.46963
vn 0.76932 0.63137 0.09755
vn 0.76932 0.63137 -0.09755
vn 0.22539 0.18497 0.95655
vn 0.74002 0.60732 -0.289
vn 0.36576 0.30017 0.88097
vn 0.68246 0.56008 -0.46963
vn 0.49181 0.40361 0.77151
vn 0.5987 0.49134 -0.63256
vn 0.5987 0.49134 0.63256
vn 0.49181 0.40362 -0.77151
vn 0.68246 0.56008 0.46963
vn 0.36576 0.30017 -0.88097
vn 0.74002 0.60732 0.289
vn 0.22539 0.18497 -0.95655
vn 0.68306 0.3651 -0.63256
vn 0.68306 0.3651 0.63256
vn 0.5611 0.29991 -0.77151
vn 0.77862 0.41618 0.46963
vn 0.4173 0.22305 -0.88097
vn 0.84429 0.45128 0.289
vn 0.25714 0.13745 -0.95655
vn 0.87772 0.46915 0.09755
vn 0.87772 0.46915 -0.09755
vn 0.25714 0.13745 0.95655
vn 0.84429 0.45128 -0.289
vn 0.4173 0.22305 0.88097
vn 0.77862 0.41618 -0.46963
vn 0.5611 0.29991 0.77151
vn 0.95238 0.2889 -0.09755
vn 0.27902 0.08464 0.95655
vn 0.91611 0.2779 -0.289
vn 0.45279 0.13735 0.88097
vn 0.84485 0.25628 -0.46963
vn 0.60883 0.18469 0.77151
vn 0.74116 0.22483 -0.63256
vn 0.74116 0.22483 0.63256
vn 0.60883 0.18469 -0.77151
vn 0.84485 0.25628 0.46963
vn 0.45279 0.13735 -0.88097
vn 0.91611 0.2779 0.289
vn 0.27902 0.08464 -0.95655
vn 0.95238 0.2889 0.09755
vn 0.63316 0.06236 -0.77151
vn 0.87861 0.08654 0.46963
vn 0.47089 0.04638 -0.88097
vn 0.95272 0.09383 0.289
vn 0.29017 0.02858 -0.95655
vn 0.99044 0.09755 0.09755
vn 0.99044 0.09755 -0.09755
vn 0.29017 0.02858 0.95655
vn 0.95272 0.09383 -0.289
vn 0.47089 0.04638 0.88097
vn 0.87861 0.08654 -0.46963
vn 0.63316 0.06236 0.77151
vn 0.77078 0.07591 -0.63256
vn 0.77078 0.07591 0.63256
vn 0.29017 -0.02858 0.95655
vn 0.95272 -0.09383 -0.289
vn 0.47089 -0.04638 0.88097
vn 0.87861 -0.08654 -0.46963
vn 0.63316 -0.06236 0.77151
vn 0.77078 -0.07592 -0.63256
vn 0.77078 -0.07592 0.63256
vn 0.63316 -0.06236 -0.77151
vn 0.87861 -0.08654 0.46963
vn 0.47089 -0.04638 -0.88097
vn 0.95272 -0.09383 0.289
vn 0.29017 -0.02858 -0.95655
vn 0.99044 -0.09755 0.09755
vn 0.99044 -0.09755 -0.09755
vn 0.84485 -0.25628 0.46963
vn 0.45279 -0.13735 -0.88097
vn 0.91611 -0.2779 0.289
vn 0.27902 -0.08464 -0.95655
vn 0.95238 -0.2889 0.09755
vn 0.95238 -0.2889 -0.09755
vn 0.27902 -0.08464 0.95655
vn 0.91611 -0.2779 -0.289
vn 0.45279 -0.13735 0.88097
vn 0.84485 -0.25628 -0.46963
vn 0.60883 -0.18469 0.77151
vn 0.74116 -0.22483 -0.63256
vn 0.74116 -0.22483 0.63256
vn 0.60883 -0.18469 -0.77151
vn 0.84429 -0.45128 -0.289
vn 0.4173 -0.22305 0.88097
vn 0.77862 -0.41618 -0.46963
vn 0.5611 -0.29991 0.77151
vn 0.68306 -0.3651 -0.63256
vn 0.68306 -0.3651 0.63256
vn 0.5611 -0.29991 -0.77151
vn 0.77862 -0.41618 0.46963
vn 0.4173 -0.22305 -0.88097
vn 0.84429 -0.45128 0.289
vn 0.25714 -0.13745 -0.95655
vn 0.87772 -0.46915 0.09755
vn 0.87772 -0.46915 -0.09755
vn 0.25714 -0.13745 0.95655
vn 0.36576 -0.30017 -0.88097
vn 0.74002 -0.60732 0.289
vn 0.22539 -0.18497 -0.95655
vn 0.76932 -0.63137 0.09755
vn 0.76932 -0.63137 -0.09755
vn 0.22539 -0.18497 0.95655
vn 0.74002 -0.60732 -0.289
vn 0.36576 -0.30017 0.88097
vn 0.68246 -0.56008 -0.46963
vn 0.49181 -0.40361 0.77151
vn 0.5987 -0.49134 -0.63256
vn 0.5987 -0.49134 0.63256
vn 0.49181 -0.40361 -0.77151
vn 0.68246 -0.56008 0.46963
vn 0.30017 -0.36576 0.88097
vn 0.56008 -0.68246 -0.46963
vn 0.40361 -0.49181 0.77151
vn 0.49134 -0.5987 -0.63256
vn 0.49134 -0.5987 0.63256
vn 0.40361 -0.49181 -0.77151
vn 0.56008 -0.68246 0.46963
vn 0.30017 -0.36576 -0.88097
vn 0.60732 -0.74002 0.289
vn 0.18497 -0.22539 -0.95655
vn 0.63137 -0.76932 0.09755
vn 0.63137 -0.76932 -0.09755
vn 0.18497 -0.22539 0.95655
vn 0.60732 -0.74002 -0.289
vn 0.45128 -0.84429 0.289
vn 0.13744 -0.25714 -0.95655
vn 0.46915 -0.87772 0.09755
vn 0.46915 -0.87772 -0.09755
vn 0.13745 -0.25714 0.95655
vn 0.45128 -0.84429 -0.289
vn 0.22305 -0.4173 0.88097
vn 0.41618 -0.77862 -0.46963
vn 0.29991 -0.5611 0.77151
vn 0.3651 -0.68306 -0.63256
vn 0.3651 -0.68306 0.63256
vn 0.29991 -0.5611 -0.77151
vn 0.41618 -0.77862 0.46963
vn 0.22305 -0.4173 -0.88097
vn 0.25628 -0.84485 -0.46963
vn 0.18469 -0.60883 0.77151
vn 0.22483 -0.74116 -0.63256
vn 0.22483 -0.74116 0.63256
vn 0.18469 -0.60883 -0.77151
vn 0.25628 -0.84485 0.46963
vn 0.13735 -0.45279 -0.88097
vn 0.2779 -0.91611 0.289
vn 0.08464 -0.27902 -0.95655
vn 0.2889 -0.95238 0.09755
vn 0.2889 -0.95238 -0.09755
vn 0.08464 -0.27902 0.95655
vn 0.2779 -0.91611 -0.289
vn 0.13735 -0.45279 0.88097
vn 0.02858 -0.29017 -0.95655
vn 0.09755 -0.99044 0.09755
vn 0.09755 -0.99044 -0.09755
vn 0.02858 -0.29017 0.95655
vn 0.09383 -0.95272 -0.289
vn 0.04638 -0.47089 0.88097
vn 0.08654 -0.87861 -0.46963
vn 0.06236 -0.63316 0.77151
vn 0.07592 -0.77078 -0.63256
vn 0.07592 -0.77078 0.63256
vn 0.06236 -0.63316 -0.77151
vn 0.08654 -0.87861 0.46963
vn 0.04638 -0.47089 -0.88097
vn 0.09383 -0.95272 0.289
vn -0.07592 -0.77078 -0.63256
vn -0.07592 -0.77078 0.63256
vn -0.06236 -0.63316 -0.77151
vn -0.08654 -0.87861 0.46963
vn -0.04638 -0.47089 -0.88097
vn -0.09383 -0.95272 0.289
vn -0.02858 -0.29017 -0.95655
vn -0.09755 -0.99044 0.09755
vn -0.09755 -0.99044 -0.09755
vn -0.02858 -0.29017 0.95655
vn -0.09383 -0.95272 -0.289
vn -0.04638 -0.47089 0.88097
vn -0.08654 -0.87861 -0.46963
vn -0.06236 -0.63316 0.77151
vn -0.2889 -0.95238 -0.09755
vn -0.08464 -0.27902 0.95655
vn -0.2779 -0.91611 -0.289
vn -0.13735 -0.45279 0.88097
vn -0.25628 -0.84485 -0.46963
vn -0.18469 -0.60883 0.77151
vn -0.22483 -0.74116 -0.63256
vn -0.22483 -0.74116 0.63256
vn -0.18469 -0.60883 -0.77151
vn -0.25628 -0.84485 0.46963
vn -0.13735 -0.45279 -0.88097
vn -0.2779 -0.91611 0.289
vn -0.08464 -0.27902 -0.95655
vn -0.2889 -0.95238 0.09755
vn -0.3651 -0.68306 0.63256
vn -0.29991 -0.5611 -0.77151
vn -0.41618 -0.77862 0.46963
vn -0.22305 -0.4173 -0.88097
vn -0.45128 -0.84429 0.289
vn -0.13745 -0.25714 -0.95655
vn -0.46915 -0.87772 0.09755
vn -0.46915 -0.87772 -0.09755
vn -0.13745 -0.25714 0.95655
vn -0.45128 -0.84429 -0.289
vn -0.22305 -0.4173 0.88097
vn -0.41618 -0.77862 -0.46963
vn -0.29991 -0.5611 0.77151
vn -0.3651 -0.68306 -0.63256
vn -0.63137 -0.76932 -0.09755
vn -0.18497 -0.22539 0.95655
vn -0.60732 -0.74002 -0.289
vn -0.30017 -0.36576 0.88097
vn -0.56008 -0.68246 -0.46963
vn -0.40361 -0.49181 0.77151
vn -0.49134 -0.5987 -0.63256
vn -0.49134 -0.5987 0.63256
vn -0.40361 -0.49181 -0.77151
vn -0.56008 -0.68246 0.46963
vn -0.30017 -0.36576 -0.88097
vn -0.60732 -0.74002 0.289
vn -0.18497 -0.22539 -0.95655
vn -0.63137 -0.76932 0.09755
vn -0.49181 -0.40361 -0.77151
vn -0.68246 -0.56008 0.46963
vn -0.36577 -0.30017 -0.88097
vn -0.74002 -0.60732 0.289
vn -0.22539 -0.18497 -0.95655
vn -0.76932 -0.63137 0.09755
vn -0.76932 -0.63137 -0.09755
vn -0.22539 -0.18497 0.95655
vn -0.74002 -0.60732 -0.289
vn -0.36576 -0.30017 0.88097
vn -0.68246 -0.56008 -0.46963
vn -0.49181 -0.40361 0.77151
vn -0.5987 -0.49134 -0.63256
vn -0.5987 -0.49134 0.63256
vn -0.25714 -0.13745 0.95655
vn -0.84429 -0.45128 -0.289
vn -0.4173 -0.22305 0.88097
vn -0.77862 -0.41618 -0.46963
vn -0.5611 -0.29991 0.77151
vn -0.68306 -0.3651 -0.63256
vn -0.68306 -0.3651 0.63256
vn -0.5611 -0.29991 -0.77151
vn -0.77862 -0.41618 0.46963
vn -0.4173 -0.22305 -0.88097
vn -0.84429 -0.45128 0.289
vn -0.25714 -0.13745 -0.95655
vn -0.87772 -0.46915 0.09755
vn -0.87772 -0.46915 -0.09755
vn -0.84485 -0.25628 0.46963
vn -0.45279 -0.13735 -0.88097
vn -0.91611 -0.2779 0.289
vn -0.27902 -0.08464 -0.95655
vn -0.95238 -0.2889 0.09755
vn -0.95238 -0.2889 -0.09755
vn -0.27902 -0.08464 0.95655
vn -0.91611 -0.2779 -0.289
vn -0.45279 -0.13735 0.88097
vn -0.84485 -0.25628 -0.46963
vn -0.60883 -0.18469 0.77151
vn -0.74116 -0.22483 -0.63256
vn -0.74116 -0.22483 0.63256
vn -0.60883 -0.18469 -0.77151
vn -0.95272 -0.09383 -0.289
vn -0.47089 -0.04638 0.88097
vn -0.87861 -0.08654 -0.46963
vn -0.63316 -0.06236 0.77151
vn -0.77078 -0.07592 -0.63256
vn -0.77078 -0.07592 0.63256
vn -0.63316 -0.06236 -0.77151
vn -0.87861 -0.08654 0.46963
vn -0.47089 -0.04638 -0.88097
vn -0.95272 -0.09383 0.289
vn -0.29017 -0.02858 -0.95655
vn -0.99044 -0.09755 0.09755
vn -0.99044 -0.09755 -0.09755
vn -0.29017 -0.02858 0.95655
vn -0.47089 0.04638 -0.88097
vn -0.95272 0.09383 0.289
vn -0.29017 0.02858 -0.95655
vn -0.99044 0.09755 0.09755
vn -0.99044 0.09755 -0.09755
vn -0.29017 0.02858 0.95655
vn -0.95272 0.09383 -0.289
vn -0.47089 0.04638 0.88097
vn -0.87861 0.08654 -0.46963
vn -0.63316 0.06236 0.77151
vn -0.77078 0.07592 -0.63256
vn -0.77078 0.07592 0.63256
vn -0.63316 0.06236 -0.77151
vn -0.87861 0.08654 0.46963
vn -0.84485 0.25628 -0.46963
vn -0.60883 0.18469 0.77151
vn -0.74116 0.22483 -0.63256
vn -0.74116 0.22483 0.63256
vn -0.60883 0.18469 -0.77151
vn -0.84485 0.25628 0.46963
vn -0.45279 0.13735 -0.88097
vn -0.91611 0.2779 0.289
vn -0.27902 0.08464 -0.95655
vn -0.95238 0.2889 0.09755
vn -0.95238 0.2889 -0.09755
vn -0.27902 0.08464 0.95655
vn -0.91611 0.2779 -0.289
vn -0.45279 0.13735 0.88097
vn -0.25714 0.13745 -0.95655
vn -0.87771 0.46915 0.09755
vn -0.87771 0.46915 -0.09755
vn -0.25714 0.13745 0.95655
vn -0.84429 0.45128 -0.289
vn -0.4173 0.22305 0.88097
vn -0.77862 0.41618 -0.46963
vn -0.5611 0.29991 0.77151
vn -0.68306 0.3651 -0.63256
vn -0.68306 0.3651 0.63256
vn -0.5611 0.29991 -0.77151
vn -0.77862 0.41618 0.46963
vn -0.4173 0.22305 -0.88097
vn -0.84429 0.45128 0.289
vn -0.49181 0.40361 0.77151
vn -0.5987 0.49134 -0.63256
vn -0.5987 0.49134 0.63256
vn -0.49181 0.40361 -0.77151
vn -0.68246 0.56008 0.46963
vn -0.36576 0.30018 -0.88097
vn -0.74002 0.60732 0.289
vn -0.22539 0.18497 -0.95655
vn -0.76932 0.63137 0.09755
vn -0.76932 0.63137 -0.09755
vn -0.22539 0.18497 0.95655
vn -0.74002 0.60732 -0.289
vn -0.36576 0.30017 0.88097
vn -0.68246 0.56008 -0.46963
vn -0.63137 0.76932 0.09755
vn -0.63137 0.76932 -0.09755
vn -0.18497 0.22539 0.95655
vn -0.60732 0.74002 -0.289
vn -0.30018 0.36576 0.88097
vn -0.56008 0.68246 -0.46963
vn -0.40361 0.49181 0.77151
vn -0.49134 0.5987 -0.63256
vn -0.49134 0.5987 0.63256
vn -0.40361 0.49181 -0.77151
vn -0.56008 0.68246 0.46963
vn -0.30017 0.36576 -0.88097
vn -0.60732 0.74002 0.289
vn -0.18497 0.22539 -0.95655
vn -0.3651 0.68306 -0.63256
vn -0.3651 0.68306 0.63256
vn -0.29991 0.5611 -0.77151
vn -0.41618 0.77862 0.46963
vn -0.22305 0.4173 -0.88097
vn -0.45128 0.84429 0.289
vn -0.13745 0.25714 -0.95655
vn -0.46915 0.87772 0.09755
vn -0.46915 0.87772 -0.09755
vn -0.13745 0.25714 0.95655
vn -0.45128 0.84429 -0.289
vn -0.22305 0.4173 0.88097
vn -0.41618 0.77862 -0.46963
vn -0.29991 0.5611 0.77151
vn -0.2889 0.95238 -0.09755
vn -0.08464 0.27902 0.95655
vn -0.2779 0.91611 -0.289
vn -0.13735 0.45279 0.88097
vn -0.25628 0.84485 -0.46963
vn -0.18469 0.60883 0.77151
vn -0.22483 0.74116 -0.63256
vn -0.22483 0.74116 0.63256
vn -0.18468 0.60883 -0.77151
vn -0.25628 0.84485 0.46963
vn -0.13735 0.45279 -0.88097
vn -0.2779 0.91611 0.289
vn -0.08464 0.27902 -0.95655
vn -0.2889 0.95238 0.09755
vn -0.07592 0.77078 0.63256
vn -0.06236 0.63316 -0.77151
vn -0.08654 0.87861 0.46963
vn -0.04638 0.47089 -0.88097
vn -0.09384 0.95272 0.289
vn -0.02858 0.29017 -0.95655
vn -0.09755 0.99044 0.09755
vn -0.09755 0.99044 -0.09755
vn -0.02858 0.29017 0.95655
vn -0.09384 0.95272 -0.289
vn -0.04638 0.47089 0.88097
vn -0.08654 0.87861 -0.46963
vn -0.06236 0.63316 0.77151
vn -0.07592 0.77078 -0.63256
vt 0.75 0.0625
vt 0.73438 0
vt 0.71875 0.0625
vt 0.73438 1
vt 0.75 0.9375
vt 0.71875 0.9375
vt 0.70312 0
vt 0.6875 0.0625
vt 0.70312 1
vt 0.6875 0.9375
vt 0.67188 0
vt 0.65625 0.0625
vt 0.67188 1
vt 0.65625 0.9375
vt 0.64062 0
vt 0.625 0.0625
vt 0.64062 1
vt 0.625 0.9375
vt 0.60938 0
vt 0.59375 0.0625
vt 0.60938 1
vt 0.59375 0.9375
vt 0.57812 0
vt 0.5625 0.0625
vt 0.57812 1
vt 0.5625 0.9375
vt 0.54688 1
vt 0.53125 0.9375
vt 0.54688 0
vt 0.53125 0.0625
vt 0.51562 0
vt 0.5 0.0625
vt 0.51562 1
vt 0.5 0.9375
vt 0.48438 0
vt 0.46875 0.0625
vt 0.48438 1
vt 0.46875 0.9375
vt 0.45312 0
vt 0.4375 0.0625
vt 0.45312 1
vt 0.4375 0.9375
vt 0.42188 0
vt 0.40625 0.0625
vt 0.42188 1
vt 0.40625 0.9375
vt 0.39062 0
vt 0.375 0.0625
vt 0.39062 1
vt 0.375 0.9375
vt 0.35938 0
vt 0.34375 0.0625
vt 0.35938 1
vt 0.34375 0.9375
vt 0.32812 0
vt 0.3125 0.0625
vt 0.32812 1
vt 0.3125 0.9375
vt 0.29688 0
vt 0.28125 0.0625
vt 0.29688 1
vt 0.28125 0.9375
vt 0.26562 0
vt 0.25 0.0625
vt 0.26562 1
vt 0.25 0.9375
vt 0.23438 0
vt 0.21875 0.0625
vt 0.23438 1
vt 0.21875 0.9375
vt 0.20312 0
vt 0.1875 0.0625
vt 0.20312 1
vt 0.1875 0.9375
vt 0.17188 0
vt 0.15625 0.0625
vt 0.17188 1
vt 0.15625 0.9375
vt 0.14063 0
vt 0.125 0.0625
vt 0.14063 1
vt 0.125 0.9375
vt 0.10938 0
vt 0.09375 0.0625
vt 0.10938 1
vt 0.09375 0.9375
vt 0.07812 0
vt 0.0625 0.0625
vt 0.07812 1
vt 0.0625 0.9375
vt 0.04687 0
vt 0.03125 0.0625
vt 0.04687 1
vt 0.03125 0.9375
vt 0.01562 0
vt 0 0.0625
vt 0.01562 1
vt 0 0.9375
vt 1 0.0625
vt 0.98438 0
vt 0.96875 0.0625
vt 0.98438 1
vt 1 0.9375
vt 0.96875 0.9375
vt 0.95312 0
vt 0.9375 0.0625
vt 0.95312 1
vt 0.9375 0.9375
vt 0.92188 0
vt 0.90625 0.0625
vt 0.92188 1
vt 0.90625 0.9375
vt 0.89062 0
vt 0.875 0.0625
vt 0.89062 1
vt 0.875 0.9375
vt 0.85938 0
vt 0.84375 0.0625
vt 0.85938 1
vt 0.84375 0.9375
vt 0.82812 0
vt 0.8125 0.0625
vt 0.82812 1
vt 0.8125 0.9375
vt 0.79688 0
vt 0.78125 0.0625
vt 0.79688 1
vt 0.78125 0.9375
vt 0.76562 0
vt 0.76562 1
vt 0.75 0.75
vt 0.75 0.6875
vt 0.71875 0.6875
vt 0.71875 0.75
vt 0.75 0.3125
vt 0.75 0.25
vt 0.71875 0.25
vt 0.71875 0.3125
vt 0.75 0.8125
vt 0.71875 0.8125
vt 0.75 0.375
vt 0.71875 0.375
vt 0.75 0.875
vt 0.71875 0.875
vt 0.75 0.4375
vt 0.71875 0.4375
vt 0.75 0.5
vt 0.71875 0.5
vt 0.75 0.5625
vt 0.71875 0.5625
vt 0.75 0.125
vt 0.71875 0.125
vt 0.75 0.625
vt 0.71875 0.625
vt 0.75 0.1875
vt 0.71875 0.1875
vt 0.6875 0.625
vt 0.6875 0.6875
vt 0.6875 0.1875
vt 0.6875 0.25
vt 0.6875 0.75
vt 0.6875 0.3125
vt 0.6875 0.8125
vt 0.6875 0.375
vt 0.6875 0.875
vt 0.6875 0.4375
vt 0.6875 0.5
vt 0.6875 0.5625
vt 0.6875 0.125
vt 0.65625 0.875
vt 0.65625 0.4375
vt 0.65625 0.5
vt 0.65625 0.5625
vt 0.65625 0.125
vt 0.65625 0.625
vt 0.65625 0.1875
vt 0.65625 0.6875
vt 0.65625 0.25
vt 0.65625 0.75
vt 0.65625 0.3125
vt 0.65625 0.8125
vt 0.65625 0.375
vt 0.625 0.1875
vt 0.625 0.25
vt 0.625 0.6875
vt 0.625 0.75
vt 0.625 0.3125
vt 0.625 0.8125
vt 0.625 0.375
vt 0.625 0.875
vt 0.625 0.4375
vt 0.625 0.5
vt 0.625 0.5625
vt 0.625 0.125
vt 0.625 0.625
vt 0.59375 0.4375
vt 0.59375 0.5
vt 0.59375 0.5625
vt 0.59375 0.125
vt 0.59375 0.625
vt 0.59375 0.1875
vt 0.59375 0.6875
vt 0.59375 0.25
vt 0.59375 0.75
vt 0.59375 0.3125
vt 0.59375 0.8125
vt 0.59375 0.375
vt 0.59375 0.875
vt 0.5625 0.6875
vt 0.5625 0.75
vt 0.5625 0.25
vt 0.5625 0.3125
vt 0.5625 0.8125
vt 0.5625 0.375
vt 0.5625 0.875
vt 0.5625 0.4375
vt 0.5625 0.5
vt 0.5625 0.5625
vt 0.5625 0.125
vt 0.5625 0.625
vt 0.5625 0.1875
vt 0.53125 0.5
vt 0.53125 0.5625
vt 0.53125 0.125
vt 0.53125 0.625
vt 0.53125 0.1875
vt 0.53125 0.6875
vt 0.53125 0.25
vt 0.53125 0.75
vt 0.53125 0.3125
vt 0.53125 0.8125
vt 0.53125 0.375
vt 0.53125 0.875
vt 0.53125 0.4375
vt 0.5 0.75
vt 0.5 0.8125
vt 0.5 0.3125
vt 0.5 0.375
vt 0.5 0.875
vt 0.5 0.4375
vt 0.5 0.5
vt 0.5 0.5625
vt 0.5 0.125
vt 0.5 0.625
vt 0.5 0.1875
vt 0.5 0.6875
vt 0.5 0.25
vt 0.46875 0.125
vt 0.46875 0.5625
vt 0.46875 0.625
vt 0.46875 0.1875
vt 0.46875 0.6875
vt 0.46875 0.25
vt 0.46875 0.75
vt 0.46875 0.3125
vt 0.46875 0.8125
vt 0.46875 0.375
vt 0.46875 0.875
vt 0.46875 0.4375
vt 0.46875 0.5
vt 0.4375 0.3125
vt 0.4375 0.375
vt 0.4375 0.8125
vt 0.4375 0.875
vt 0.4375 0.4375
vt 0.4375 0.5
vt 0.4375 0.5625
vt 0.4375 0.125
vt 0.4375 0.625
vt 0.4375 0.1875
vt 0.4375 0.6875
vt 0.4375 0.25
vt 0.4375 0.75
vt 0.40625 0.5625
vt 0.40625 0.625
vt 0.40625 0.125
vt 0.40625 0.1875
vt 0.40625 0.6875
vt 0.40625 0.25
vt 0.40625 0.75
vt 0.40625 0.3125
vt 0.40625 0.8125
vt 0.40625 0.375
vt 0.40625 0.875
vt 0.40625 0.4375
vt 0.40625 0.5
vt 0.375 0.8125
vt 0.375 0.875
vt 0.375 0.375
vt 0.375 0.4375
vt 0.375 0.5
vt 0.375 0.5625
vt 0.375 0.125
vt 0.375 0.625
vt 0.375 0.1875
vt 0.375 0.6875
vt 0.375 0.25
vt 0.375 0.75
vt 0.375 0.3125
vt 0.34375 0.125
vt 0.34375 0.1875
vt 0.34375 0.625
vt 0.34375 0.6875
vt 0.34375 0.25
vt 0.34375 0.75
vt 0.34375 0.3125
vt 0.34375 0.8125
vt 0.34375 0.375
vt 0.34375 0.875
vt 0.34375 0.4375
vt 0.34375 0.5
vt 0.34375 0.5625
vt 0.3125 0.375
vt 0.3125 0.4375
vt 0.3125 0.875
vt 0.3125 0.5
vt 0.3125 0.5625
vt 0.3125 0.125
vt 0.3125 0.625
vt 0.3125 0.1875
vt 0.3125 0.6875
vt 0.3125 0.25
vt 0.3125 0.75
vt 0.3125 0.3125
vt 0.3125 0.8125
vt 0.28125 0.625
vt 0.28125 0.6875
vt 0.28125 0.1875
vt 0.28125 0.25
vt 0.28125 0.75
vt 0.28125 0.3125
vt 0.28125 0.8125
vt 0.28125 0.375
vt 0.28125 0.875
vt 0.28125 0.4375
vt 0.28125 0.5
vt 0.28125 0.5625
vt 0.28125 0.125
vt 0.25 0.875
vt 0.25 0.4375
vt 0.25 0.5
vt 0.25 0.5625
vt 0.25 0.125
vt 0.25 0.625
vt 0.25 0.1875
vt 0.25 0.6875
vt 0.25 0.25
vt 0.25 0.75
vt 0.25 0.3125
vt 0.25 0.8125
vt 0.25 0.375
vt 0.21875 0.6875
vt 0.21875 0.75
vt 0.21875 0.25
vt 0.21875 0.3125
vt 0.21875 0.8125
vt 0.21875 0.375
vt 0.21875 0.875
vt 0.21875 0.4375
vt 0.21875 0.5
vt 0.21875 0.5625
vt 0.21875 0.125
vt 0.21875 0.625
vt 0.21875 0.1875
vt 0.1875 0.5
vt 0.1875 0.5625
vt 0.1875 0.125
vt 0.1875 0.625
vt 0.1875 0.1875
vt 0.1875 0.6875
vt 0.1875 0.25
vt 0.1875 0.75
vt 0.1875 0.3125
vt 0.1875 0.8125
vt 0.1875 0.375
vt 0.1875 0.875
vt 0.1875 0.4375
vt 0.15625 0.25
vt 0.15625 0.3125
vt 0.15625 0.75
vt 0.15625 0.8125
vt 0.15625 0.375
vt 0.15625 0.875
vt 0.15625 0.4375
vt 0.15625 0.5
vt 0.15625 0.5625
vt 0.15625 0.125
vt 0.15625 0.625
vt 0.15625 0.1875
vt 0.15625 0.6875
vt 0.125 0.5
vt 0.125 0.5625
vt 0.125 0.125
vt 0.125 0.625
vt 0.125 0.1875
vt 0.125 0.6875
vt 0.125 0.25
vt 0.125 0.75
vt 0.125 0.3125
vt 0.125 0.8125
vt 0.125 0.375
vt 0.125 0.875
vt 0.125 0.4375
vt 0.09375 0.75
vt 0.09375 0.8125
vt 0.09375 0.3125
vt 0.09375 0.375
vt 0.09375 0.875
vt 0.09375 0.4375
vt 0.09375 0.5
vt 0.09375 0.5625
vt 0.09375 0.125
vt 0.09375 0.625
vt 0.09375 0.1875
vt 0.09375 0.6875
vt 0.09375 0.25
vt 0.0625 0.125
vt 0.0625 0.5625
vt 0.0625 0.625
vt 0.0625 0.1875
vt 0.0625 0.6875
vt 0.0625 0.25
vt 0.0625 0.75
vt 0.0625 0.3125
vt 0.0625 0.8125
vt 0.0625 0.375
vt 0.0625 0.875
vt 0.0625 0.4375
vt 0.0625 0.5
vt 0.03125 0.3125
vt 0.03125 0.375
vt 0.03125 0.8125
vt 0.03125 0.875
vt 0.03125 0.4375
vt 0.03125 0.5
vt 0.03125 0.5625
vt 0.03125 0.125
vt 0.03125 0.625
vt 0.03125 0.1875
vt 0.03125 0.6875
vt 0.03125 0.25
vt 0.03125 0.75
vt 0 0.5625
vt 0 0.625
vt 0 0.125
vt 0 0.1875
vt 0 0.6875
vt 0 0.25
vt 0 0.75
vt 0 0.3125
vt 0 0.8125
vt 0 0.375
vt 0 0.875
vt 0 0.4375
vt 0 0.5
vt 1 0.875
vt 1 0.8125
vt 0.96875 0.8125
vt 0.96875 0.875
vt 1 0.4375
vt 1 0.375
vt 0.96875 0.375
vt 0.96875 0.4375
vt 1 0.5
vt 0.96875 0.5
vt 1 0.5625
vt 0.96875 0.5625
vt 1 0.125
vt 0.96875 0.125
vt 1 0.625
vt 0.96875 0.625
vt 1 0.1875
vt 0.96875 0.1875
vt 1 0.6875
vt 0.96875 0.6875
vt 1 0.25
vt 0.96875 0.25
vt 1 0.75
vt 0.96875 0.75
vt 1 0.3125
vt 0.96875 0.3125
vt 0.9375 0.625
vt 0.9375 0.6875
vt 0.9375 0.1875
vt 0.9375 0.25
vt 0.9375 0.75
vt 0.9375 0.3125
vt 0.9375 0.8125
vt 0.9375 0.375
vt 0.9375 0.875
vt 0.9375 0.4375
vt 0.9375 0.5
vt 0.9375 0.5625
vt 0.9375 0.125
vt 0.90625 0.875
vt 0.90625 0.4375
vt 0.90625 0.5
vt 0.90625 0.5625
vt 0.90625 0.125
vt 0.90625 0.625
vt 0.90625 0.1875
vt 0.90625 0.6875
vt 0.90625 0.25
vt 0.90625 0.75
vt 0.90625 0.3125
vt 0.90625 0.8125
vt 0.90625 0.375
vt 0.875 0.1875
vt 0.875 0.25
vt 0.875 0.6875
vt 0.875 0.75
vt 0.875 0.3125
vt 0.875 0.8125
vt 0.875 0.375
vt 0.875 0.875
vt 0.875 0.4375
vt 0.875 0.5
vt 0.875 0.5625
vt 0.875 0.125
vt 0.875 0.625
vt 0.84375 0.4375
vt 0.84375 0.5
vt 0.84375 0.5625
vt 0.84375 0.125
vt 0.84375 0.625
vt 0.84375 0.1875
vt 0.84375 0.6875
vt 0.84375 0.25
vt 0.84375 0.75
vt 0.84375 0.3125
vt 0.84375 0.8125
vt 0.84375 0.375
vt 0.84375 0.875
vt 0.8125 0.6875
vt 0.8125 0.75
vt 0.8125 0.25
vt 0.8125 0.3125
vt 0.8125 0.8125
vt 0.8125 0.375
vt 0.8125 0.875
vt 0.8125 0.4375
vt 0.8125 0.5
vt 0.8125 0.5625
vt 0.8125 0.125
vt 0.8125 0.625
vt 0.8125 0.1875
vt 0.78125 0.5
vt 0.78125 0.5625
vt 0.78125 0.125
vt 0.78125 0.625
vt 0.78125 0.1875
vt 0.78125 0.6875
vt 0.78125 0.25
vt 0.78125 0.75
vt 0.78125 0.3125
vt 0.78125 0.8125
vt 0.78125 0.375
vt 0.78125 0.875
vt 0.78125 0.4375
usemtl mat5
f 3859/3339/2875 3860/3340/2875 3861/3341/2875
f 3862/3342/2876 3863/3343/2876 3864/3344/2876
f 3861/3341/2877 3865/3345/2877 3866/3346/2877
f 3867/3347/2878 3864/3344/2878 3868/3348/2878
f 3866/3346/2879 3869/3349/2879 3870/3350/2879
f 3871/3351/2880 3868/3348/2880 3872/3352/2880
f 3870/3350/2881 3873/3353/2881 3874/3354/2881
f 3875/3355/2882 3872/3352/2882 3876/3356/2882
f 3874/3354/2883 3877/3357/2883 3878/3358/2883
f 3879/3359/2884 3876/3356/2884 3880/3360/2884
f 3878/3358/2885 3881/3361/2885 3882/3362/2885
f 3883/3363/2886 3880/3360/2886 3884/3364/2886
f 3885/3365/2887 3884/3364/2887 3886/3366/2887
f 3882/3362/2888 3887/3367/2888 3888/3368/2888
f 3888/3368/2889 3889/3369/2889 3890/3370/2889
f 3891/3371/2890 3886/3366/2890 3892/3372/2890
f 3890/3370/2891 3893/3373/2891 3894/3374/2891
f 3895/3375/2892 3892/3372/2892 3896/3376/2892
f 3894/3374/2893 3897/3377/2893 3898/3378/2893
f 3899/3379/2894 3896/3376/2894 3900/3380/2894
f 3898/3378/2895 3901/3381/2895 3902/3382/2895
f 3903/3383/2896 3900/3380/2896 3904/3384/2896
f 3902/3382/2897 3905/3385/2897 3906/3386/2897
f 3907/3387/2898 3904/3384/2898 3908/3388/2898
f 3906/3386/2899 3909/3389/2899 3910/3390/2899
f 3911/3391/2900 3908/3388/2900 3912/3392/2900
f 3910/3390/2901 3913/3393/2901 3914/3394/2901
f 3915/3395/2902 3912/3392/2902 3916/3396/2902
f 3914/3394/2903 3917/3397/2903 3918/3398/2903
f 3919/3399/2904 3916/3396/2904 3920/3400/2904
f 3918/3398/2905 3921/3401/2905 3922/3402/2905
f 3923/3403/2906 3920/3400/2906 3924/3404/2906
f 3922/3402/2907 3925/3405/2907 3926/3406/2907
f 3927/3407/2908 3924/3404/2908 3928/3408/2908
f 3926/3406/2909 3929/3409/2909 3930/3410/2909
f 3931/3411/2910 3928/3408/2910 3932/3412/2910
f 3930/3410/2911 3933/3413/2911 3934/3414/2911
f 3935/3415/2912 3932/3412/2912 3936/3416/2912
f 3934/3414/2913 3937/3417/2913 3938/3418/2913
f 3939/3419/2914 3936/3416/2914 3940/3420/2914
f 3938/3418/2915 3941/3421/2915 3942/3422/2915
f 3943/3423/2916 3940/3420/2916 3944/3424/2916
f 3942/3422/2917 3945/3425/2917 3946/3426/2917
f 3947/3427/2918 3944/3424/2918 3948/3428/2918
f 3946/3426/2919 3949/3429/2919 3950/3430/2919
f 3951/3431/2920 3948/3428/2920 3952/3432/2920
f 3950/3430/2921 3953/3433/2921 3954/3434/2921
f 3955/3435/2922 3952/3432/2922 3956/3436/2922
f 3957/3437/2923 3958/3438/2923 3959/3439/2923
f 3960/3440/2924 3961/3441/2924 3962/3442/2924
f 3959/3439/2925 3963/3443/2925 3964/3444/2925
f 3965/3445/2926 3962/3442/2926 3966/3446/2926
f 3964/3444/2927 3967/3447/2927 3968/3448/2927
f 3969/3449/2928 3966/3446/2928 3970/3450/2928
f 3968/3448/2929 3971/3451/2929 3972/3452/2929
f 3973/3453/2930 3970/3450/2930 3974/3454/2930
f 3972/3452/2931 3975/3455/2931 3976/3456/2931
f 3977/3457/2932 3974/3454/2932 3978/3458/2932
f 3976/3456/2933 3979/3459/2933 3980/3460/2933
f 3981/3461/2934 3978/3458/2934 3982/3462/2934
f 3980/3460/2935 3983/3463/2935 3984/3464/2935
f 3985/3465/2936 3982/3462/2936 3986/3466/2936
f 3984/3464/2937 3987/3467/2937 3859/3339/2937
f 3988/3468/2938 3986/3466/2938 3863/3343/2938
f 3989/3469/2939 3990/3470/2939 3991/3471/2939
f 3989/3469/2939 3991/3471/2939 3992/3472/2939
f 3993/3473/2940 3994/3474/2940 3995/3475/2940
f 3993/3473/2940 3995/3475/2940 3996/3476/2940
f 3997/3477/2941 3989/3469/2941 3992/3472/2941
f 3997/3477/2941 3992/3472/2941 3998/3478/2941
f 3999/3479/2942 3993/3473/2942 3996/3476/2942
f 3999/3479/2942 3996/3476/2942 4000/3480/2942
f 4001/3481/2943 3997/3477/2943 3998/3478/2943
f 4001/3481/2943 3998/3478/2943 4002/3482/2943
f 4003/3483/2944 3999/3479/2944 4000/3480/2944
f 4003/3483/2944 4000/3480/2944 4004/3484/2944
f 3863/3343/2945 4001/3481/2945 4002/3482/2945
f 3863/3343/2945 4002/3482/2945 3864/3344/2945
f 4005/3485/2946 4003/3483/2946 4004/3484/2946
f 4005/3485/2946 4004/3484/2946 4006/3486/2946
f 4007/3487/2947 4005/3485/2947 4006/3486/2947
f 4007/3487/2947 4006/3486/2947 4008/3488/2947
f 4009/3489/2948 3859/3339/2948 3861/3341/2948
f 4009/3489/2948 3861/3341/2948 4010/3490/2948
f 4011/3491/2949 4007/3487/2949 4008/3488/2949
f 4011/3491/2949 4008/3488/2949 4012/3492/2949
f 4013/3493/2950 4009/3489/2950 4010/3490/2950
f 4013/3493/2950 4010/3490/2950 4014/3494/2950
f 3990/3470/2951 4011/3491/2951 4012/3492/2951
f 3990/3470/2951 4012/3492/2951 3991/3471/2951
f 3994/3474/2952 4013/3493/2952 4014/3494/2952
f 3994/3474/2952 4014/3494/2952 3995/3475/2952
f 3991/3471/2953 4012/3492/2953 4015/3495/2953
f 3991/3471/2953 4015/3495/2953 4016/3496/2953
f 3995/3475/2954 4014/3494/2954 4017/3497/2954
f 3995/3475/2954 4017/3497/2954 4018/3498/2954
f 3992/3472/2955 3991/3471/2955 4016/3496/2955
f 3992/3472/2955 4016/3496/2955 4019/3499/2955
f 3996/3476/2956 3995/3475/2956 4018/3498/2956
f 3996/3476/2956 4018/3498/2956 4020/3500/2956
f 3998/3478/2957 3992/3472/2957 4019/3499/2957
f 3998/3478/2957 4019/3499/2957 4021/3501/2957
f 4000/3480/2958 3996/3476/2958 4020/3500/2958
f 4000/3480/2958 4020/3500/2958 4022/3502/2958
f 4002/3482/2959 3998/3478/2959 4021/3501/2959
f 4002/3482/2959 4021/3501/2959 4023/3503/2959
f 4004/3484/2960 4000/3480/2960 4022/3502/2960
f 4004/3484/2960 4022/3502/2960 4024/3504/2960
f 3864/3344/2961 4002/3482/2961 4023/3503/2961
f 3864/3344/2961 4023/3503/2961 3868/3348/2961
f 4006/3486/2962 4004/3484/2962 4024/3504/2962
f 4006/3486/2962 4024/3504/2962 4025/3505/2962
f 4008/3488/2963 4006/3486/2963 4025/3505/2963
f 4008/3488/2963 4025/3505/2963 4026/3506/2963
f 4010/3490/2964 3861/3341/2964 3866/3346/2964
f 4010/3490/2964 3866/3346/2964 4027/3507/2964
f 4012/3492/2965 4008/3488/2965 4026/3506/2965
f 4012/3492/2965 4026/3506/2965 4015/3495/2965
f 4014/3494/2966 4010/3490/2966 4027/3507/2966
f 4014/3494/2966 4027/3507/2966 4017/3497/2966
f 3868/3348/2967 4023/3503/2967 4028/3508/2967
f 3868/3348/2967 4028/3508/2967 3872/3352/2967
f 4025/3505/2968 4024/3504/2968 4029/3509/2968
f 4025/3505/2968 4029/3509/2968 4030/3510/2968
f 4026/3506/2969 4025/3505/2969 4030/3510/2969
f 4026/3506/2969 4030/3510/2969 4031/3511/2969
f 4027/3507/2970 3866/3346/2970 3870/3350/2970
f 4027/3507/2970 3870/3350/2970 4032/3512/2970
f 4015/3495/2971 4026/3506/2971 4031/3511/2971
f 4015/3495/2971 4031/3511/2971 4033/3513/2971
f 4017/3497/2972 4027/3507/2972 4032/3512/2972
f 4017/3497/2972 4032/3512/2972 4034/3514/2972
f 4016/3496/2973 4015/3495/2973 4033/3513/2973
f 4016/3496/2973 4033/3513/2973 4035/3515/2973
f 4018/3498/2974 4017/3497/2974 4034/3514/2974
f 4018/3498/2974 4034/3514/2974 4036/3516/2974
f 4019/3499/2975 4016/3496/2975 4035/3515/2975
f 4019/3499/2975 4035/3515/2975 4037/3517/2975
f 4020/3500/2976 4018/3498/2976 4036/3516/2976
f 4020/3500/2976 4036/3516/2976 4038/3518/2976
f 4021/3501/2977 4019/3499/2977 4037/3517/2977
f 4021/3501/2977 4037/3517/2977 4039/3519/2977
f 4022/3502/2978 4020/3500/2978 4038/3518/2978
f 4022/3502/2978 4038/3518/2978 4040/3520/2978
f 4023/3503/2979 4021/3501/2979 4039/3519/2979
f 4023/3503/2979 4039/3519/2979 4028/3508/2979
f 4024/3504/2980 4022/3502/2980 4040/3520/2980
f 4024/3504/2980 4040/3520/2980 4029/3509/2980
f 4036/3516/2981 4034/3514/2981 4041/3521/2981
f 4036/3516/2981 4041/3521/2981 4042/3522/2981
f 4037/3517/2982 4035/3515/2982 4043/3523/2982
f 4037/3517/2982 4043/3523/2982 4044/3524/2982
f 4038/3518/2983 4036/3516/2983 4042/3522/2983
f 4038/3518/2983 4042/3522/2983 4045/3525/2983
f 4039/3519/2984 4037/3517/2984 4044/3524/2984
f 4039/3519/2984 4044/3524/2984 4046/3526/2984
f 4040/3520/2985 4038/3518/2985 4045/3525/2985
f 4040/3520/2985 4045/3525/2985 4047/3527/2985
f 4028/3508/2986 4039/3519/2986 4046/3526/2986
f 4028/3508/2986 4046/3526/2986 4048/3528/2986
f 4029/3509/2987 4040/3520/2987 4047/3527/2987
f 4029/3509/2987 4047/3527/2987 4049/3529/2987
f 3872/3352/2988 4028/3508/2988 4048/3528/2988
f 3872/3352/2988 4048/3528/2988 3876/3356/2988
f 4030/3510/2989 4029/3509/2989 4049/3529/2989
f 4030/3510/2989 4049/3529/2989 4050/3530/2989
f 4031/3511/2990 4030/3510/2990 4050/3530/2990
f 4031/3511/2990 4050/3530/2990 4051/3531/2990
f 4032/3512/2991 3870/3350/2991 3874/3354/2991
f 4032/3512/2991 3874/3354/2991 4052/3532/2991
f 4033/3513/2992 4031/3511/2992 4051/3531/2992
f 4033/3513/2992 4051/3531/2992 4053/3533/2992
f 4034/3514/2993 4032/3512/2993 4052/3532/2993
f 4034/3514/2993 4052/3532/2993 4041/3521/2993
f 4035/3515/2994 4033/3513/2994 4053/3533/2994
f 4035/3515/2994 4053/3533/2994 4043/3523/2994
f 4050/3530/2995 4049/3529/2995 4054/3534/2995
f 4050/3530/2995 4054/3534/2995 4055/3535/2995
f 4051/3531/2996 4050/3530/2996 4055/3535/2996
f 4051/3531/2996 4055/3535/2996 4056/3536/2996
f 4052/3532/2997 3874/3354/2997 3878/3358/2997
f 4052/3532/2997 3878/3358/2997 4057/3537/2997
f 4053/3533/2998 4051/3531/2998 4056/3536/2998
f 4053/3533/2998 4056/3536/2998 4058/3538/2998
f 4041/3521/2999 4052/3532/2999 4057/3537/2999
f 4041/3521/2999 4057/3537/2999 4059/3539/2999
f 4043/3523/3000 4053/3533/3000 4058/3538/3000
f 4043/3523/3000 4058/3538/3000 4060/3540/3000
f 4042/3522/3001 4041/3521/3001 4059/3539/3001
f 4042/3522/3001 4059/3539/3001 4061/3541/3001
f 4044/3524/3002 4043/3523/3002 4060/3540/3002
f 4044/3524/3002 4060/3540/3002 4062/3542/3002
f 4045/3525/3003 4042/3522/3003 4061/3541/3003
f 4045/3525/3003 4061/3541/3003 4063/3543/3003
f 4046/3526/3004 4044/3524/3004 4062/3542/3004
f 4046/3526/3004 4062/3542/3004 4064/3544/3004
f 4047/3527/3005 4045/3525/3005 4063/3543/3005
f 4047/3527/3005 4063/3543/3005 4065/3545/3005
f 4048/3528/3006 4046/3526/3006 4064/3544/3006
f 4048/3528/3006 4064/3544/3006 4066/3546/3006
f 4049/3529/3007 4047/3527/3007 4065/3545/3007
f 4049/3529/3007 4065/3545/3007 4054/3534/3007
f 3876/3356/3008 4048/3528/3008 4066/3546/3008
f 3876/3356/3008 4066/3546/3008 3880/3360/3008
f 4062/3542/3009 4060/3540/3009 4067/3547/3009
f 4062/3542/3009 4067/3547/3009 4068/3548/3009
f 4063/3543/3010 4061/3541/3010 4069/3549/3010
f 4063/3543/3010 4069/3549/3010 4070/3550/3010
f 4064/3544/3011 4062/3542/3011 4068/3548/3011
f 4064/3544/3011 4068/3548/3011 4071/3551/3011
f 4065/3545/3012 4063/3543/3012 4070/3550/3012
f 4065/3545/3012 4070/3550/3012 4072/3552/3012
f 4066/3546/3013 4064/3544/3013 4071/3551/3013
f 4066/3546/3013 4071/3551/3013 4073/3553/3013
f 4054/3534/3014 4065/3545/3014 4072/3552/3014
f 4054/3534/3014 4072/3552/3014 4074/3554/3014
f 3880/3360/3015 4066/3546/3015 4073/3553/3015
f 3880/3360/3015 4073/3553/3015 3884/3364/3015
f 4055/3535/3016 4054/3534/3016 4074/3554/3016
f 4055/3535/3016 4074/3554/3016 4075/3555/3016
f 4056/3536/3017 4055/3535/3017 4075/3555/3017
f 4056/3536/3017 4075/3555/3017 4076/3556/3017
f 4057/3537/3018 3878/3358/3018 3882/3362/3018
f 4057/3537/3018 3882/3362/3018 4077/3557/3018
f 4058/3538/3019 4056/3536/3019 4076/3556/3019
f 4058/3538/3019 4076/3556/3019 4078/3558/3019
f 4059/3539/3020 4057/3537/3020 4077/3557/3020
f 4059/3539/3020 4077/3557/3020 4079/3559/3020
f 4060/3540/3021 4058/3538/3021 4078/3558/3021
f 4060/3540/3021 4078/3558/3021 4067/3547/3021
f 4061/3541/3022 4059/3539/3022 4079/3559/3022
f 4061/3541/3022 4079/3559/3022 4069/3549/3022
f 4076/3556/3023 4075/3555/3023 4080/3560/3023
f 4076/3556/3023 4080/3560/3023 4081/3561/3023
f 4077/3557/3024 3882/3362/3024 3888/3368/3024
f 4077/3557/3024 3888/3368/3024 4082/3562/3024
f 4078/3558/3025 4076/3556/3025 4081/3561/3025
f 4078/3558/3025 4081/3561/3025 4083/3563/3025
f 4079/3559/3026 4077/3557/3026 4082/3562/3026
f 4079/3559/3026 4082/3562/3026 4084/3564/3026
f 4067/3547/3027 4078/3558/3027 4083/3563/3027
f 4067/3547/3027 4083/3563/3027 4085/3565/3027
f 4069/3549/3028 4079/3559/3028 4084/3564/3028
f 4069/3549/3028 4084/3564/3028 4086/3566/3028
f 4068/3548/3029 4067/3547/3029 4085/3565/3029
f 4068/3548/3029 4085/3565/3029 4087/3567/3029
f 4070/3550/3030 4069/3549/3030 4086/3566/3030
f 4070/3550/3030 4086/3566/3030 4088/3568/3030
f 4071/3551/3031 4068/3548/3031 4087/3567/3031
f 4071/3551/3031 4087/3567/3031 4089/3569/3031
f 4072/3552/3032 4070/3550/3032 4088/3568/3032
f 4072/3552/3032 4088/3568/3032 4090/3570/3032
f 4073/3553/3033 4071/3551/3033 4089/3569/3033
f 4073/3553/3033 4089/3569/3033 4091/3571/3033
f 4074/3554/3034 4072/3552/3034 4090/3570/3034
f 4074/3554/3034 4090/3570/3034 4092/3572/3034
f 3884/3364/3035 4073/3553/3035 4091/3571/3035
f 3884/3364/3035 4091/3571/3035 3886/3366/3035
f 4075/3555/3036 4074/3554/3036 4092/3572/3036
f 4075/3555/3036 4092/3572/3036 4080/3560/3036
f 4089/3569/3037 4087/3567/3037 4093/3573/3037
f 4089/3569/3037 4093/3573/3037 4094/3574/3037
f 4090/3570/3038 4088/3568/3038 4095/3575/3038
f 4090/3570/3038 4095/3575/3038 4096/3576/3038
f 4091/3571/3039 4089/3569/3039 4094/3574/3039
f 4091/3571/3039 4094/3574/3039 4097/3577/3039
f 4092/3572/3040 4090/3570/3040 4096/3576/3040
f 4092/3572/3040 4096/3576/3040 4098/3578/3040
f 3886/3366/3041 4091/3571/3041 4097/3577/3041
f 3886/3366/3041 4097/3577/3041 3892/3372/3041
f 4080/3560/3042 4092/3572/3042 4098/3578/3042
f 4080/3560/3042 4098/3578/3042 4099/3579/3042
f 4081/3561/3043 4080/3560/3043 4099/3579/3043
f 4081/3561/3043 4099/3579/3043 4100/3580/3043
f 4082/3562/3044 3888/3368/3044 3890/3370/3044
f 4082/3562/3044 3890/3370/3044 4101/3581/3044
f 4083/3563/3045 4081/3561/3045 4100/3580/3045
f 4083/3563/3045 4100/3580/3045 4102/3582/3045
f 4084/3564/3046 4082/3562/3046 4101/3581/3046
f 4084/3564/3046 4101/3581/3046 4103/3583/3046
f 4085/3565/3047 4083/3563/3047 4102/3582/3047
f 4085/3565/3047 4102/3582/3047 4104/3584/3047
f 4086/3566/3048 4084/3564/3048 4103/3583/3048
f 4086/3566/3048 4103/3583/3048 4105/3585/3048
f 4087/3567/3049 4085/3565/3049 4104/3584/3049
f 4087/3567/3049 4104/3584/3049 4093/3573/3049
f 4088/3568/3050 4086/3566/3050 4105/3585/3050
f 4088/3568/3050 4105/3585/3050 4095/3575/3050
f 4101/3581/3051 3890/3370/3051 3894/3374/3051
f 4101/3581/3051 3894/3374/3051 4106/3586/3051
f 4102/3582/3052 4100/3580/3052 4107/3587/3052
f 4102/3582/3052 4107/3587/3052 4108/3588/3052
f 4103/3583/3053 4101/3581/3053 4106/3586/3053
f 4103/3583/3053 4106/3586/3053 4109/3589/3053
f 4104/3584/3054 4102/3582/3054 4108/3588/3054
f 4104/3584/3054 4108/3588/3054 4110/3590/3054
f 4105/3585/3055 4103/3583/3055 4109/3589/3055
f 4105/3585/3055 4109/3589/3055 4111/3591/3055
f 4093/3573/3056 4104/3584/3056 4110/3590/3056
f 4093/3573/3056 4110/3590/3056 4112/3592/3056
f 4095/3575/3057 4105/3585/3057 4111/3591/3057
f 4095/3575/3057 4111/3591/3057 4113/3593/3057
f 4094/3574/3058 4093/3573/3058 4112/3592/3058
f 4094/3574/3058 4112/3592/3058 4114/3594/3058
f 4096/3576/3059 4095/3575/3059 4113/3593/3059
f 4096/3576/3059 4113/3593/3059 4115/3595/3059
f 4097/3577/3060 4094/3574/3060 4114/3594/3060
f 4097/3577/3060 4114/3594/3060 4116/3596/3060
f 4098/3578/3061 4096/3576/3061 4115/3595/3061
f 4098/3578/3061 4115/3595/3061 4117/3597/3061
f 3892/3372/3062 4097/3577/3062 4116/3596/3062
f 3892/3372/3062 4116/3596/3062 3896/3376/3062
f 4099/3579/3063 4098/3578/3063 4117/3597/3063
f 4099/3579/3063 4117/3597/3063 4118/3598/3063
f 4100/3580/3064 4099/3579/3064 4118/3598/3064
f 4100/3580/3064 4118/3598/3064 4107/3587/3064
f 4115/3595/3065 4113/3593/3065 4119/3599/3065
f 4115/3595/3065 4119/3599/3065 4120/3600/3065
f 4116/3596/3066 4114/3594/3066 4121/3601/3066
f 4116/3596/3066 4121/3601/3066 4122/3602/3066
f 4117/3597/3067 4115/3595/3067 4120/3600/3067
f 4117/3597/3067 4120/3600/3067 4123/3603/3067
f 3896/3376/3068 4116/3596/3068 4122/3602/3068
f 3896/3376/3068 4122/3602/3068 3900/3380/3068
f 4118/3598/3069 4117/3597/3069 4123/3603/3069
f 4118/3598/3069 4123/3603/3069 4124/3604/3069
f 4107/3587/3070 4118/3598/3070 4124/3604/3070
f 4107/3587/3070 4124/3604/3070 4125/3605/3070
f 4106/3586/3071 3894/3374/3071 3898/3378/3071
f 4106/3586/3071 3898/3378/3071 4126/3606/3071
f 4108/3588/3072 4107/3587/3072 4125/3605/3072
f 4108/3588/3072 4125/3605/3072 4127/3607/3072
f 4109/3589/3073 4106/3586/3073 4126/3606/3073
f 4109/3589/3073 4126/3606/3073 4128/3608/3073
f 4110/3590/3074 4108/3588/3074 4127/3607/3074
f 4110/3590/3074 4127/3607/3074 4129/3609/3074
f 4111/3591/3075 4109/3589/3075 4128/3608/3075
f 4111/3591/3075 4128/3608/3075 4130/3610/3075
f 4112/3592/3076 4110/3590/3076 4129/3609/3076
f 4112/3592/3076 4129/3609/3076 4131/3611/3076
f 4113/3593/3077 4111/3591/3077 4130/3610/3077
f 4113/3593/3077 4130/3610/3077 4119/3599/3077
f 4114/3594/3078 4112/3592/3078 4131/3611/3078
f 4114/3594/3078 4131/3611/3078 4121/3601/3078
f 4127/3607/3079 4125/3605/3079 4132/3612/3079
f 4127/3607/3079 4132/3612/3079 4133/3613/3079
f 4128/3608/3080 4126/3606/3080 4134/3614/3080
f 4128/3608/3080 4134/3614/3080 4135/3615/3080
f 4129/3609/3081 4127/3607/3081 4133/3613/3081
f 4129/3609/3081 4133/3613/3081 4136/3616/3081
f 4130/3610/3082 4128/3608/3082 4135/3615/3082
f 4130/3610/3082 4135/3615/3082 4137/3617/3082
f 4131/3611/3083 4129/3609/3083 4136/3616/3083
f 4131/3611/3083 4136/3616/3083 4138/3618/3083
f 4119/3599/3084 4130/3610/3084 4137/3617/3084
f 4119/3599/3084 4137/3617/3084 4139/3619/3084
f 4121/3601/3085 4131/3611/3085 4138/3618/3085
f 4121/3601/3085 4138/3618/3085 4140/3620/3085
f 4120/3600/3086 4119/3599/3086 4139/3619/3086
f 4120/3600/3086 4139/3619/3086 4141/3621/3086
f 4122/3602/3087 4121/3601/3087 4140/3620/3087
f 4122/3602/3087 4140/3620/3087 4142/3622/3087
f 4123/3603/3088 4120/3600/3088 4141/3621/3088
f 4123/3603/3088 4141/3621/3088 4143/3623/3088
f 3900/3380/3089 4122/3602/3089 4142/3622/3089
f 3900/3380/3089 4142/3622/3089 3904/3384/3089
f 4124/3604/3090 4123/3603/3090 4143/3623/3090
f 4124/3604/3090 4143/3623/3090 4144/3624/3090
f 4125/3605/3091 4124/3604/3091 4144/3624/3091
f 4125/3605/3091 4144/3624/3091 4132/3612/3091
f 4126/3606/3092 3898/3378/3092 3902/3382/3092
f 4126/3606/3092 3902/3382/3092 4134/3614/3092
f 4142/3622/3093 4140/3620/3093 4145/3625/3093
f 4142/3622/3093 4145/3625/3093 4146/3626/3093
f 4143/3623/3094 4141/3621/3094 4147/3627/3094
f 4143/3623/3094 4147/3627/3094 4148/3628/3094
f 3904/3384/3095 4142/3622/3095 4146/3626/3095
f 3904/3384/3095 4146/3626/3095 3908/3388/3095
f 4144/3624/3096 4143/3623/3096 4148/3628/3096
f 4144/3624/3096 4148/3628/3096 4149/3629/3096
f 4132/3612/3097 4144/3624/3097 4149/3629/3097
f 4132/3612/3097 4149/3629/3097 4150/3630/3097
f 4134/3614/3098 3902/3382/3098 3906/3386/3098
f 4134/3614/3098 3906/3386/3098 4151/3631/3098
f 4133/3613/3099 4132/3612/3099 4150/3630/3099
f 4133/3613/3099 4150/3630/3099 4152/3632/3099
f 4135/3615/3100 4134/3614/3100 4151/3631/3100
f 4135/3615/3100 4151/3631/3100 4153/3633/3100
f 4136/3616/3101 4133/3613/3101 4152/3632/3101
f 4136/3616/3101 4152/3632/3101 4154/3634/3101
f 4137/3617/3102 4135/3615/3102 4153/3633/3102
f 4137/3617/3102 4153/3633/3102 4155/3635/3102
f 4138/3618/3103 4136/3616/3103 4154/3634/3103
f 4138/3618/3103 4154/3634/3103 4156/3636/3103
f 4139/3619/3104 4137/3617/3104 4155/3635/3104
f 4139/3619/3104 4155/3635/3104 4157/3637/3104
f 4140/3620/3105 4138/3618/3105 4156/3636/3105
f 4140/3620/3105 4156/3636/3105 4145/3625/3105
f 4141/3621/3106 4139/3619/3106 4157/3637/3106
f 4141/3621/3106 4157/3637/3106 4147/3627/3106
f 4153/3633/3107 4151/3631/3107 4158/3638/3107
f 4153/3633/3107 4158/3638/3107 4159/3639/3107
f 4154/3634/3108 4152/3632/3108 4160/3640/3108
f 4154/3634/3108 4160/3640/3108 4161/3641/3108
f 4155/3635/3109 4153/3633/3109 4159/3639/3109
f 4155/3635/3109 4159/3639/3109 4162/3642/3109
f 4156/3636/3110 4154/3634/3110 4161/3641/3110
f 4156/3636/3110 4161/3641/3110 4163/3643/3110
f 4157/3637/3111 4155/3635/3111 4162/3642/3111
f 4157/3637/3111 4162/3642/3111 4164/3644/3111
f 4145/3625/3112 4156/3636/3112 4163/3643/3112
f 4145/3625/3112 4163/3643/3112 4165/3645/3112
f 4147/3627/3113 4157/3637/3113 4164/3644/3113
f 4147/3627/3113 4164/3644/3113 4166/3646/3113
f 4146/3626/3114 4145/3625/3114 4165/3645/3114
f 4146/3626/3114 4165/3645/3114 4167/3647/3114
f 4148/3628/3115 4147/3627/3115 4166/3646/3115
f 4148/3628/3115 4166/3646/3115 4168/3648/3115
f 3908/3388/3116 4146/3626/3116 4167/3647/3116
f 3908/3388/3116 4167/3647/3116 3912/3392/3116
f 4149/3629/3117 4148/3628/3117 4168/3648/3117
f 4149/3629/3117 4168/3648/3117 4169/3649/3117
f 4150/3630/3118 4149/3629/3118 4169/3649/3118
f 4150/3630/3118 4169/3649/3118 4170/3650/3118
f 4151/3631/3119 3906/3386/3119 3910/3390/3119
f 4151/3631/3119 3910/3390/3119 4158/3638/3119
f 4152/3632/3120 4150/3630/3120 4170/3650/3120
f 4152/3632/3120 4170/3650/3120 4160/3640/3120
f 4168/3648/3121 4166/3646/3121 4171/3651/3121
f 4168/3648/3121 4171/3651/3121 4172/3652/3121
f 3912/3392/3122 4167/3647/3122 4173/3653/3122
f 3912/3392/3122 4173/3653/3122 3916/3396/3122
f 4169/3649/3123 4168/3648/3123 4172/3652/3123
f 4169/3649/3123 4172/3652/3123 4174/3654/3123
f 4170/3650/3124 4169/3649/3124 4174/3654/3124
f 4170/3650/3124 4174/3654/3124 4175/3655/3124
f 4158/3638/3125 3910/3390/3125 3914/3394/3125
f 4158/3638/3125 3914/3394/3125 4176/3656/3125
f 4160/3640/3126 4170/3650/3126 4175/3655/3126
f 4160/3640/3126 4175/3655/3126 4177/3657/3126
f 4159/3639/3127 4158/3638/3127 4176/3656/3127
f 4159/3639/3127 4176/3656/3127 4178/3658/3127
f 4161/3641/3128 4160/3640/3128 4177/3657/3128
f 4161/3641/3128 4177/3657/3128 4179/3659/3128
f 4162/3642/3129 4159/3639/3129 4178/3658/3129
f 4162/3642/3129 4178/3658/3129 4180/3660/3129
f 4163/3643/3130 4161/3641/3130 4179/3659/3130
f 4163/3643/3130 4179/3659/3130 4181/3661/3130
f 4164/3644/3131 4162/3642/3131 4180/3660/3131
f 4164/3644/3131 4180/3660/3131 4182/3662/3131
f 4165/3645/3132 4163/3643/3132 4181/3661/3132
f 4165/3645/3132 4181/3661/3132 4183/3663/3132
f 4166/3646/3133 4164/3644/3133 4182/3662/3133
f 4166/3646/3133 4182/3662/3133 4171/3651/3133
f 4167/3647/3134 4165/3645/3134 4183/3663/3134
f 4167/3647/3134 4183/3663/3134 4173/3653/3134
f 4179/3659/3135 4177/3657/3135 4184/3664/3135
f 4179/3659/3135 4184/3664/3135 4185/3665/3135
f 4180/3660/3136 4178/3658/3136 4186/3666/3136
f 4180/3660/3136 4186/3666/3136 4187/3667/3136
f 4181/3661/3137 4179/3659/3137 4185/3665/3137
f 4181/3661/3137 4185/3665/3137 4188/3668/3137
f 4182/3662/3138 4180/3660/3138 4187/3667/3138
f 4182/3662/3138 4187/3667/3138 4189/3669/3138
f 4183/3663/3139 4181/3661/3139 4188/3668/3139
f 4183/3663/3139 4188/3668/3139 4190/3670/3139
f 4171/3651/3140 4182/3662/3140 4189/3669/3140
f 4171/3651/3140 4189/3669/3140 4191/3671/3140
f 4173/3653/3141 4183/3663/3141 4190/3670/3141
f 4173/3653/3141 4190/3670/3141 4192/3672/3141
f 4172/3652/3142 4171/3651/3142 4191/3671/3142
f 4172/3652/3142 4191/3671/3142 4193/3673/3142
f 3916/3396/3143 4173/3653/3143 4192/3672/3143
f 3916/3396/3143 4192/3672/3143 3920/3400/3143
f 4174/3654/3144 4172/3652/3144 4193/3673/3144
f 4174/3654/3144 4193/3673/3144 4194/3674/3144
f 4175/3655/3145 4174/3654/3145 4194/3674/3145
f 4175/3655/3145 4194/3674/3145 4195/3675/3145
f 4176/3656/3146 3914/3394/3146 3918/3398/3146
f 4176/3656/3146 3918/3398/3146 4196/3676/3146
f 4177/3657/3147 4175/3655/3147 4195/3675/3147
f 4177/3657/3147 4195/3675/3147 4184/3664/3147
f 4178/3658/3148 4176/3656/3148 4196/3676/3148
f 4178/3658/3148 4196/3676/3148 4186/3666/3148
f 3920/3400/3149 4192/3672/3149 4197/3677/3149
f 3920/3400/3149 4197/3677/3149 3924/3404/3149
f 4194/3674/3150 4193/3673/3150 4198/3678/3150
f 4194/3674/3150 4198/3678/3150 4199/3679/3150
f 4195/3675/3151 4194/3674/3151 4199/3679/3151
f 4195/3675/3151 4199/3679/3151 4200/3680/3151
f 4196/3676/3152 3918/3398/3152 3922/3402/3152
f 4196/3676/3152 3922/3402/3152 4201/3681/3152
f 4184/3664/3153 4195/3675/3153 4200/3680/3153
f 4184/3664/3153 4200/3680/3153 4202/3682/3153
f 4186/3666/3154 4196/3676/3154 4201/3681/3154
f 4186/3666/3154 4201/3681/3154 4203/3683/3154
f 4185/3665/3155 4184/3664/3155 4202/3682/3155
f 4185/3665/3155 4202/3682/3155 4204/3684/3155
f 4187/3667/3156 4186/3666/3156 4203/3683/3156
f 4187/3667/3156 4203/3683/3156 4205/3685/3156
f 4188/3668/3157 4185/3665/3157 4204/3684/3157
f 4188/3668/3157 4204/3684/3157 4206/3686/3157
f 4189/3669/3158 4187/3667/3158 4205/3685/3158
f 4189/3669/3158 4205/3685/3158 4207/3687/3158
f 4190/3670/3159 4188/3668/3159 4206/3686/3159
f 4190/3670/3159 4206/3686/3159 4208/3688/3159
f 4191/3671/3160 4189/3669/3160 4207/3687/3160
f 4191/3671/3160 4207/3687/3160 4209/3689/3160
f 4192/3672/3161 4190/3670/3161 4208/3688/3161
f 4192/3672/3161 4208/3688/3161 4197/3677/3161
f 4193/3673/3162 4191/3671/3162 4209/3689/3162
f 4193/3673/3162 4209/3689/3162 4198/3678/3162
f 4206/3686/3163 4204/3684/3163 4210/3690/3163
f 4206/3686/3163 4210/3690/3163 4211/3691/3163
f 4207/3687/3164 4205/3685/3164 4212/3692/3164
f 4207/3687/3164 4212/3692/3164 4213/3693/3164
f 4208/3688/3165 4206/3686/3165 4211/3691/3165
f 4208/3688/3165 4211/3691/3165 4214/3694/3165
f 4209/3689/3166 4207/3687/3166 4213/3693/3166
f 4209/3689/3166 4213/3693/3166 4215/3695/3166
f 4197/3677/3167 4208/3688/3167 4214/3694/3167
f 4197/3677/3167 4214/3694/3167 4216/3696/3167
f 4198/3678/3168 4209/3689/3168 4215/3695/3168
f 4198/3678/3168 4215/3695/3168 4217/3697/3168
f 3924/3404/3169 4197/3677/3169 4216/3696/3169
f 3924/3404/3169 4216/3696/3169 3928/3408/3169
f 4199/3679/3170 4198/3678/3170 4217/3697/3170
f 4199/3679/3170 4217/3697/3170 4218/3698/3170
f 4200/3680/3171 4199/3679/3171 4218/3698/3171
f 4200/3680/3171 4218/3698/3171 4219/3699/3171
f 4201/3681/3172 3922/3402/3172 3926/3406/3172
f 4201/3681/3172 3926/3406/3172 4220/3700/3172
f 4202/3682/3173 4200/3680/3173 4219/3699/3173
f 4202/3682/3173 4219/3699/3173 4221/3701/3173
f 4203/3683/3174 4201/3681/3174 4220/3700/3174
f 4203/3683/3174 4220/3700/3174 4222/3702/3174
f 4204/3684/3175 4202/3682/3175 4221/3701/3175
f 4204/3684/3175 4221/3701/3175 4210/3690/3175
f 4205/3685/3176 4203/3683/3176 4222/3702/3176
f 4205/3685/3176 4222/3702/3176 4212/3692/3176
f 4219/3699/3177 4218/3698/3177 4223/3703/3177
f 4219/3699/3177 4223/3703/3177 4224/3704/3177
f 4220/3700/3178 3926/3406/3178 3930/3410/3178
f 4220/3700/3178 3930/3410/3178 4225/3705/3178
f 4221/3701/3179 4219/3699/3179 4224/3704/3179
f 4221/3701/3179 4224/3704/3179 4226/3706/3179
f 4222/3702/3180 4220/3700/3180 4225/3705/3180
f 4222/3702/3180 4225/3705/3180 4227/3707/3180
f 4210/3690/3181 4221/3701/3181 4226/3706/3181
f 4210/3690/3181 4226/3706/3181 4228/3708/3181
f 4212/3692/3182 4222/3702/3182 4227/3707/3182
f 4212/3692/3182 4227/3707/3182 4229/3709/3182
f 4211/3691/3183 4210/3690/3183 4228/3708/3183
f 4211/3691/3183 4228/3708/3183 4230/3710/3183
f 4213/3693/3184 4212/3692/3184 4229/3709/3184
f 4213/3693/3184 4229/3709/3184 4231/3711/3184
f 4214/3694/3185 4211/3691/3185 4230/3710/3185
f 4214/3694/3185 4230/3710/3185 4232/3712/3185
f 4215/3695/3186 4213/3693/3186 4231/3711/3186
f 4215/3695/3186 4231/3711/3186 4233/3713/3186
f 4216/3696/3187 4214/3694/3187 4232/3712/3187
f 4216/3696/3187 4232/3712/3187 4234/3714/3187
f 4217/3697/3188 4215/3695/3188 4233/3713/3188
f 4217/3697/3188 4233/3713/3188 4235/3715/3188
f 3928/3408/3189 4216/3696/3189 4234/3714/3189
f 3928/3408/3189 4234/3714/3189 3932/3412/3189
f 4218/3698/3190 4217/3697/3190 4235/3715/3190
f 4218/3698/3190 4235/3715/3190 4223/3703/3190
f 4231/3711/3191 4229/3709/3191 4236/3716/3191
f 4231/3711/3191 4236/3716/3191 4237/3717/3191
f 4232/3712/3192 4230/3710/3192 4238/3718/3192
f 4232/3712/3192 4238/3718/3192 4239/3719/3192
f 4233/3713/3193 4231/3711/3193 4237/3717/3193
f 4233/3713/3193 4237/3717/3193 4240/3720/3193
f 4234/3714/3194 4232/3712/3194 4239/3719/3194
f 4234/3714/3194 4239/3719/3194 4241/3721/3194
f 4235/3715/3195 4233/3713/3195 4240/3720/3195
f 4235/3715/3195 4240/3720/3195 4242/3722/3195
f 3932/3412/3196 4234/3714/3196 4241/3721/3196
f 3932/3412/3196 4241/3721/3196 3936/3416/3196
f 4223/3703/3197 4235/3715/3197 4242/3722/3197
f 4223/3703/3197 4242/3722/3197 4243/3723/3197
f 4224/3704/3198 4223/3703/3198 4243/3723/3198
f 4224/3704/3198 4243/3723/3198 4244/3724/3198
f 4225/3705/3199 3930/3410/3199 3934/3414/3199
f 4225/3705/3199 3934/3414/3199 4245/3725/3199
f 4226/3706/3200 4224/3704/3200 4244/3724/3200
f 4226/3706/3200 4244/3724/3200 4246/3726/3200
f 4227/3707/3201 4225/3705/3201 4245/3725/3201
f 4227/3707/3201 4245/3725/3201 4247/3727/3201
f 4228/3708/3202 4226/3706/3202 4246/3726/3202
f 4228/3708/3202 4246/3726/3202 4248/3728/3202
f 4229/3709/3203 4227/3707/3203 4247/3727/3203
f 4229/3709/3203 4247/3727/3203 4236/3716/3203
f 4230/3710/3204 4228/3708/3204 4248/3728/3204
f 4230/3710/3204 4248/3728/3204 4238/3718/3204
f 4244/3724/3205 4243/3723/3205 4249/3729/3205
f 4244/3724/3205 4249/3729/3205 4250/3730/3205
f 4245/3725/3206 3934/3414/3206 3938/3418/3206
f 4245/3725/3206 3938/3418/3206 4251/3731/3206
f 4246/3726/3207 4244/3724/3207 4250/3730/3207
f 4246/3726/3207 4250/3730/3207 4252/3732/3207
f 4247/3727/3208 4245/3725/3208 4251/3731/3208
f 4247/3727/3208 4251/3731/3208 4253/3733/3208
f 4248/3728/3209 4246/3726/3209 4252/3732/3209
f 4248/3728/3209 4252/3732/3209 4254/3734/3209
f 4236/3716/3210 4247/3727/3210 4253/3733/3210
f 4236/3716/3210 4253/3733/3210 4255/3735/3210
f 4238/3718/3211 4248/3728/3211 4254/3734/3211
f 4238/3718/3211 4254/3734/3211 4256/3736/3211
f 4237/3717/3212 4236/3716/3212 4255/3735/3212
f 4237/3717/3212 4255/3735/3212 4257/3737/3212
f 4239/3719/3213 4238/3718/3213 4256/3736/3213
f 4239/3719/3213 4256/3736/3213 4258/3738/3213
f 4240/3720/3214 4237/3717/3214 4257/3737/3214
f 4240/3720/3214 4257/3737/3214 4259/3739/3214
f 4241/3721/3215 4239/3719/3215 4258/3738/3215
f 4241/3721/3215 4258/3738/3215 4260/3740/3215
f 4242/3722/3216 4240/3720/3216 4259/3739/3216
f 4242/3722/3216 4259/3739/3216 4261/3741/3216
f 3936/3416/3217 4241/3721/3217 4260/3740/3217
f 3936/3416/3217 4260/3740/3217 3940/3420/3217
f 4243/3723/3218 4242/3722/3218 4261/3741/3218
f 4243/3723/3218 4261/3741/3218 4249/3729/3218
f 4258/3738/3219 4256/3736/3219 4262/3742/3219
f 4258/3738/3219 4262/3742/3219 4263/3743/3219
f 4259/3739/3220 4257/3737/3220 4264/3744/3220
f 4259/3739/3220 4264/3744/3220 4265/3745/3220
f 4260/3740/3221 4258/3738/3221 4263/3743/3221
f 4260/3740/3221 4263/3743/3221 4266/3746/3221
f 4261/3741/3222 4259/3739/3222 4265/3745/3222
f 4261/3741/3222 4265/3745/3222 4267/3747/3222
f 3940/3420/3223 4260/3740/3223 4266/3746/3223
f 3940/3420/3223 4266/3746/3223 3944/3424/3223
f 4249/3729/3224 4261/3741/3224 4267/3747/3224
f 4249/3729/3224 4267/3747/3224 4268/3748/3224
f 4250/3730/3225 4249/3729/3225 4268/3748/3225
f 4250/3730/3225 4268/3748/3225 4269/3749/3225
f 4251/3731/3226 3938/3418/3226 3942/3422/3226
f 4251/3731/3226 3942/3422/3226 4270/3750/3226
f 4252/3732/3227 4250/3730/3227 4269/3749/3227
f 4252/3732/3227 4269/3749/3227 4271/3751/3227
f 4253/3733/3228 4251/3731/3228 4270/3750/3228
f 4253/3733/3228 4270/3750/3228 4272/3752/3228
f 4254/3734/3229 4252/3732/3229 4271/3751/3229
f 4254/3734/3229 4271/3751/3229 4273/3753/3229
f 4255/3735/3230 4253/3733/3230 4272/3752/3230
f 4255/3735/3230 4272/3752/3230 4274/3754/3230
f 4256/3736/3231 4254/3734/3231 4273/3753/3231
f 4256/3736/3231 4273/3753/3231 4262/3742/3231
f 4257/3737/3232 4255/3735/3232 4274/3754/3232
f 4257/3737/3232 4274/3754/3232 4264/3744/3232
f 4270/3750/3233 3942/3422/3233 3946/3426/3233
f 4270/3750/3233 3946/3426/3233 4275/3755/3233
f 4271/3751/3234 4269/3749/3234 4276/3756/3234
f 4271/3751/3234 4276/3756/3234 4277/3757/3234
f 4272/3752/3235 4270/3750/3235 4275/3755/3235
f 4272/3752/3235 4275/3755/3235 4278/3758/3235
f 4273/3753/3236 4271/3751/3236 4277/3757/3236
f 4273/3753/3236 4277/3757/3236 4279/3759/3236
f 4274/3754/3237 4272/3752/3237 4278/3758/3237
f 4274/3754/3237 4278/3758/3237 4280/3760/3237
f 4262/3742/3238 4273/3753/3238 4279/3759/3238
f 4262/3742/3238 4279/3759/3238 4281/3761/3238
f 4264/3744/3239 4274/3754/3239 4280/3760/3239
f 4264/3744/3239 4280/3760/3239 4282/3762/3239
f 4263/3743/3240 4262/3742/3240 4281/3761/3240
f 4263/3743/3240 4281/3761/3240 4283/3763/3240
f 4265/3745/3241 4264/3744/3241 4282/3762/3241
f 4265/3745/3241 4282/3762/3241 4284/3764/3241
f 4266/3746/3242 4263/3743/3242 4283/3763/3242
f 4266/3746/3242 4283/3763/3242 4285/3765/3242
f 4267/3747/3243 4265/3745/3243 4284/3764/3243
f 4267/3747/3243 4284/3764/3243 4286/3766/3243
f 3944/3424/3244 4266/3746/3244 4285/3765/3244
f 3944/3424/3244 4285/3765/3244 3948/3428/3244
f 4268/3748/3245 4267/3747/3245 4286/3766/3245
f 4268/3748/3245 4286/3766/3245 4287/3767/3245
f 4269/3749/3246 4268/3748/3246 4287/3767/3246
f 4269/3749/3246 4287/3767/3246 4276/3756/3246
f 4284/3764/3247 4282/3762/3247 4288/3768/3247
f 4284/3764/3247 4288/3768/3247 4289/3769/3247
f 4285/3765/3248 4283/3763/3248 4290/3770/3248
f 4285/3765/3248 4290/3770/3248 4291/3771/3248
f 4286/3766/3249 4284/3764/3249 4289/3769/3249
f 4286/3766/3249 4289/3769/3249 4292/3772/3249
f 3948/3428/3250 4285/3765/3250 4291/3771/3250
f 3948/3428/3250 4291/3771/3250 3952/3432/3250
f 4287/3767/3251 4286/3766/3251 4292/3772/3251
f 4287/3767/3251 4292/3772/3251 4293/3773/3251
f 4276/3756/3252 4287/3767/3252 4293/3773/3252
f 4276/3756/3252 4293/3773/3252 4294/3774/3252
f 4275/3755/3253 3946/3426/3253 3950/3430/3253
f 4275/3755/3253 3950/3430/3253 4295/3775/3253
f 4277/3757/3254 4276/3756/3254 4294/3774/3254
f 4277/3757/3254 4294/3774/3254 4296/3776/3254
f 4278/3758/3255 4275/3755/3255 4295/3775/3255
f 4278/3758/3255 4295/3775/3255 4297/3777/3255
f 4279/3759/3256 4277/3757/3256 4296/3776/3256
f 4279/3759/3256 4296/3776/3256 4298/3778/3256
f 4280/3760/3257 4278/3758/3257 4297/3777/3257
f 4280/3760/3257 4297/3777/3257 4299/3779/3257
f 4281/3761/3258 4279/3759/3258 4298/3778/3258
f 4281/3761/3258 4298/3778/3258 4300/3780/3258
f 4282/3762/3259 4280/3760/3259 4299/3779/3259
f 4282/3762/3259 4299/3779/3259 4288/3768/3259
f 4283/3763/3260 4281/3761/3260 4300/3780/3260
f 4283/3763/3260 4300/3780/3260 4290/3770/3260
f 4296/3776/3261 4294/3774/3261 4301/3781/3261
f 4296/3776/3261 4301/3781/3261 4302/3782/3261
f 4297/3777/3262 4295/3775/3262 4303/3783/3262
f 4297/3777/3262 4303/3783/3262 4304/3784/3262
f 4298/3778/3263 4296/3776/3263 4302/3782/3263
f 4298/3778/3263 4302/3782/3263 4305/3785/3263
f 4299/3779/3264 4297/3777/3264 4304/3784/3264
f 4299/3779/3264 4304/3784/3264 4306/3786/3264
f 4300/3780/3265 4298/3778/3265 4305/3785/3265
f 4300/3780/3265 4305/3785/3265 4307/3787/3265
f 4288/3768/3266 4299/3779/3266 4306/3786/3266
f 4288/3768/3266 4306/3786/3266 4308/3788/3266
f 4290/3770/3267 4300/3780/3267 4307/3787/3267
f 4290/3770/3267 4307/3787/3267 4309/3789/3267
f 4289/3769/3268 4288/3768/3268 4308/3788/3268
f 4289/3769/3268 4308/3788/3268 4310/3790/3268
f 4291/3771/3269 4290/3770/3269 4309/3789/3269
f 4291/3771/3269 4309/3789/3269 4311/3791/3269
f 4292/3772/3270 4289/3769/3270 4310/3790/3270
f 4292/3772/3270 4310/3790/3270 4312/3792/3270
f 3952/3432/3271 4291/3771/3271 4311/3791/3271
f 3952/3432/3271 4311/3791/3271 3956/3436/3271
f 4293/3773/3272 4292/3772/3272 4312/3792/3272
f 4293/3773/3272 4312/3792/3272 4313/3793/3272
f 4294/3774/3273 4293/3773/3273 4313/3793/3273
f 4294/3774/3273 4313/3793/3273 4301/3781/3273
f 4295/3775/3274 3950/3430/3274 3954/3434/3274
f 4295/3775/3274 3954/3434/3274 4303/3783/3274
f 4314/3794/3275 4315/3795/3275 4316/3796/3275
f 4314/3794/3275 4316/3796/3275 4317/3797/3275
f 4318/3798/3276 4319/3799/3276 4320/3800/3276
f 4318/3798/3276 4320/3800/3276 4321/3801/3276
f 3961/3441/3277 4314/3794/3277 4317/3797/3277
f 3961/3441/3277 4317/3797/3277 3962/3442/3277
f 4322/3802/3278 4318/3798/3278 4321/3801/3278
f 4322/3802/3278 4321/3801/3278 4323/3803/3278
f 4324/3804/3279 4322/3802/3279 4323/3803/3279
f 4324/3804/3279 4323/3803/3279 4325/3805/3279
f 4326/3806/3280 3957/3437/3280 3959/3439/3280
f 4326/3806/3280 3959/3439/3280 4327/3807/3280
f 4328/3808/3281 4324/3804/3281 4325/3805/3281
f 4328/3808/3281 4325/3805/3281 4329/3809/3281
f 4330/3810/3282 4326/3806/3282 4327/3807/3282
f 4330/3810/3282 4327/3807/3282 4331/3811/3282
f 4332/3812/3283 4328/3808/3283 4329/3809/3283
f 4332/3812/3283 4329/3809/3283 4333/3813/3283
f 4334/3814/3284 4330/3810/3284 4331/3811/3284
f 4334/3814/3284 4331/3811/3284 4335/3815/3284
f 4336/3816/3285 4332/3812/3285 4333/3813/3285
f 4336/3816/3285 4333/3813/3285 4337/3817/3285
f 4338/3818/3286 4334/3814/3286 4335/3815/3286
f 4338/3818/3286 4335/3815/3286 4339/3819/3286
f 4315/3795/3287 4336/3816/3287 4337/3817/3287
f 4315/3795/3287 4337/3817/3287 4316/3796/3287
f 4319/3799/3288 4338/3818/3288 4339/3819/3288
f 4319/3799/3288 4339/3819/3288 4320/3800/3288
f 4333/3813/3289 4329/3809/3289 4340/3820/3289
f 4333/3813/3289 4340/3820/3289 4341/3821/3289
f 4335/3815/3290 4331/3811/3290 4342/3822/3290
f 4335/3815/3290 4342/3822/3290 4343/3823/3290
f 4337/3817/3291 4333/3813/3291 4341/3821/3291
f 4337/3817/3291 4341/3821/3291 4344/3824/3291
f 4339/3819/3292 4335/3815/3292 4343/3823/3292
f 4339/3819/3292 4343/3823/3292 4345/3825/3292
f 4316/3796/3293 4337/3817/3293 4344/3824/3293
f 4316/3796/3293 4344/3824/3293 4346/3826/3293
f 4320/3800/3294 4339/3819/3294 4345/3825/3294
f 4320/3800/3294 4345/3825/3294 4347/3827/3294
f 4317/3797/3295 4316/3796/3295 4346/3826/3295
f 4317/3797/3295 4346/3826/3295 4348/3828/3295
f 4321/3801/3296 4320/3800/3296 4347/3827/3296
f 4321/3801/3296 4347/3827/3296 4349/3829/3296
f 3962/3442/3297 4317/3797/3297 4348/3828/3297
f 3962/3442/3297 4348/3828/3297 3966/3446/3297
f 4323/3803/3298 4321/3801/3298 4349/3829/3298
f 4323/3803/3298 4349/3829/3298 4350/3830/3298
f 4325/3805/3299 4323/3803/3299 4350/3830/3299
f 4325/3805/3299 4350/3830/3299 4351/3831/3299
f 4327/3807/3300 3959/3439/3300 3964/3444/3300
f 4327/3807/3300 3964/3444/3300 4352/3832/3300
f 4329/3809/3301 4325/3805/3301 4351/3831/3301
f 4329/3809/3301 4351/3831/3301 4340/3820/3301
f 4331/3811/3302 4327/3807/3302 4352/3832/3302
f 4331/3811/3302 4352/3832/3302 4342/3822/3302
f 3966/3446/3303 4348/3828/3303 4353/3833/3303
f 3966/3446/3303 4353/3833/3303 3970/3450/3303
f 4350/3830/3304 4349/3829/3304 4354/3834/3304
f 4350/3830/3304 4354/3834/3304 4355/3835/3304
f 4351/3831/3305 4350/3830/3305 4355/3835/3305
f 4351/3831/3305 4355/3835/3305 4356/3836/3305
f 4352/3832/3306 3964/3444/3306 3968/3448/3306
f 4352/3832/3306 3968/3448/3306 4357/3837/3306
f 4340/3820/3307 4351/3831/3307 4356/3836/3307
f 4340/3820/3307 4356/3836/3307 4358/3838/3307
f 4342/3822/3308 4352/3832/3308 4357/3837/3308
f 4342/3822/3308 4357/3837/3308 4359/3839/3308
f 4341/3821/3309 4340/3820/3309 4358/3838/3309
f 4341/3821/3309 4358/3838/3309 4360/3840/3309
f 4343/3823/3310 4342/3822/3310 4359/3839/3310
f 4343/3823/3310 4359/3839/3310 4361/3841/3310
f 4344/3824/3311 4341/3821/3311 4360/3840/3311
f 4344/3824/3311 4360/3840/3311 4362/3842/3311
f 4345/3825/3312 4343/3823/3312 4361/3841/3312
f 4345/3825/3312 4361/3841/3312 4363/3843/3312
f 4346/3826/3313 4344/3824/3313 4362/3842/3313
f 4346/3826/3313 4362/3842/3313 4364/3844/3313
f 4347/3827/3314 4345/3825/3314 4363/3843/3314
f 4347/3827/3314 4363/3843/3314 4365/3845/3314
f 4348/3828/3315 4346/3826/3315 4364/3844/3315
f 4348/3828/3315 4364/3844/3315 4353/3833/3315
f 4349/3829/3316 4347/3827/3316 4365/3845/3316
f 4349/3829/3316 4365/3845/3316 4354/3834/3316
f 4361/3841/3317 4359/3839/3317 4366/3846/3317
f 4361/3841/3317 4366/3846/3317 4367/3847/3317
f 4362/3842/3318 4360/3840/3318 4368/3848/3318
f 4362/3842/3318 4368/3848/3318 4369/3849/3318
f 4363/3843/3319 4361/3841/3319 4367/3847/3319
f 4363/3843/3319 4367/3847/3319 4370/3850/3319
f 4364/3844/3320 4362/3842/3320 4369/3849/3320
f 4364/3844/3320 4369/3849/3320 4371/3851/3320
f 4365/3845/3321 4363/3843/3321 4370/3850/3321
f 4365/3845/3321 4370/3850/3321 4372/3852/3321
f 4353/3833/3322 4364/3844/3322 4371/3851/3322
f 4353/3833/3322 4371/3851/3322 4373/3853/3322
f 4354/3834/3323 4365/3845/3323 4372/3852/3323
f 4354/3834/3323 4372/3852/3323 4374/3854/3323
f 3970/3450/3324 4353/3833/3324 4373/3853/3324
f 3970/3450/3324 4373/3853/3324 3974/3454/3324
f 4355/3835/3325 4354/3834/3325 4374/3854/3325
f 4355/3835/3325 4374/3854/3325 4375/3855/3325
f 4356/3836/3326 4355/3835/3326 4375/3855/3326
f 4356/3836/3326 4375/3855/3326 4376/3856/3326
f 4357/3837/3327 3968/3448/3327 3972/3452/3327
f 4357/3837/3327 3972/3452/3327 4377/3857/3327
f 4358/3838/3328 4356/3836/3328 4376/3856/3328
f 4358/3838/3328 4376/3856/3328 4378/3858/3328
f 4359/3839/3329 4357/3837/3329 4377/3857/3329
f 4359/3839/3329 4377/3857/3329 4366/3846/3329
f 4360/3840/3330 4358/3838/3330 4378/3858/3330
f 4360/3840/3330 4378/3858/3330 4368/3848/3330
f 4375/3855/3331 4374/3854/3331 4379/3859/3331
f 4375/3855/3331 4379/3859/3331 4380/3860/3331
f 4376/3856/3332 4375/3855/3332 4380/3860/3332
f 4376/3856/3332 4380/3860/3332 4381/3861/3332
f 4377/3857/3333 3972/3452/3333 3976/3456/3333
f 4377/3857/3333 3976/3456/3333 4382/3862/3333
f 4378/3858/3334 4376/3856/3334 4381/3861/3334
f 4378/3858/3334 4381/3861/3334 4383/3863/3334
f 4366/3846/3335 4377/3857/3335 4382/3862/3335
f 4366/3846/3335 4382/3862/3335 4384/3864/3335
f 4368/3848/3336 4378/3858/3336 4383/3863/3336
f 4368/3848/3336 4383/3863/3336 4385/3865/3336
f 4367/3847/3337 4366/3846/3337 4384/3864/3337
f 4367/3847/3337 4384/3864/3337 4386/3866/3337
f 4369/3849/3338 4368/3848/3338 4385/3865/3338
f 4369/3849/3338 4385/3865/3338 4387/3867/3338
f 4370/3850/3339 4367/3847/3339 4386/3866/3339
f 4370/3850/3339 4386/3866/3339 4388/3868/3339
f 4371/3851/3340 4369/3849/3340 4387/3867/3340
f 4371/3851/3340 4387/3867/3340 4389/3869/3340
f 4372/3852/3341 4370/3850/3341 4388/3868/3341
f 4372/3852/3341 4388/3868/3341 4390/3870/3341
f 4373/3853/3342 4371/3851/3342 4389/3869/3342
f 4373/3853/3342 4389/3869/3342 4391/3871/3342
f 4374/3854/3343 4372/3852/3343 4390/3870/3343
f 4374/3854/3343 4390/3870/3343 4379/3859/3343
f 3974/3454/3344 4373/3853/3344 4391/3871/3344
f 3974/3454/3344 4391/3871/3344 3978/3458/3344
f 4387/3867/3345 4385/3865/3345 4392/3872/3345
f 4387/3867/3345 4392/3872/3345 4393/3873/3345
f 4388/3868/3346 4386/3866/3346 4394/3874/3346
f 4388/3868/3346 4394/3874/3346 4395/3875/3346
f 4389/3869/3347 4387/3867/3347 4393/3873/3347
f 4389/3869/3347 4393/3873/3347 4396/3876/3347
f 4390/3870/3348 4388/3868/3348 4395/3875/3348
f 4390/3870/3348 4395/3875/3348 4397/3877/3348
f 4391/3871/3349 4389/3869/3349 4396/3876/3349
f 4391/3871/3349 4396/3876/3349 4398/3878/3349
f 4379/3859/3350 4390/3870/3350 4397/3877/3350
f 4379/3859/3350 4397/3877/3350 4399/3879/3350
f 3978/3458/3351 4391/3871/3351 4398/3878/3351
f 3978/3458/3351 4398/3878/3351 3982/3462/3351
f 4380/3860/3352 4379/3859/3352 4399/3879/3352
f 4380/3860/3352 4399/3879/3352 4400/3880/3352
f 4381/3861/3353 4380/3860/3353 4400/3880/3353
f 4381/3861/3353 4400/3880/3353 4401/3881/3353
f 4382/3862/3354 3976/3456/3354 3980/3460/3354
f 4382/3862/3354 3980/3460/3354 4402/3882/3354
f 4383/3863/3355 4381/3861/3355 4401/3881/3355
f 4383/3863/3355 4401/3881/3355 4403/3883/3355
f 4384/3864/3356 4382/3862/3356 4402/3882/3356
f 4384/3864/3356 4402/3882/3356 4404/3884/3356
f 4385/3865/3357 4383/3863/3357 4403/3883/3357
f 4385/3865/3357 4403/3883/3357 4392/3872/3357
f 4386/3866/3358 4384/3864/3358 4404/3884/3358
f 4386/3866/3358 4404/3884/3358 4394/3874/3358
f 4401/3881/3359 4400/3880/3359 4405/3885/3359
f 4401/3881/3359 4405/3885/3359 4406/3886/3359
f 4402/3882/3360 3980/3460/3360 3984/3464/3360
f 4402/3882/3360 3984/3464/3360 4407/3887/3360
f 4403/3883/3361 4401/3881/3361 4406/3886/3361
f 4403/3883/3361 4406/3886/3361 4408/3888/3361
f 4404/3884/3362 4402/3882/3362 4407/3887/3362
f 4404/3884/3362 4407/3887/3362 4409/3889/3362
f 4392/3872/3363 4403/3883/3363 4408/3888/3363
f 4392/3872/3363 4408/3888/3363 4410/3890/3363
f 4394/3874/3364 4404/3884/3364 4409/3889/3364
f 4394/3874/3364 4409/3889/3364 4411/3891/3364
f 4393/3873/3365 4392/3872/3365 4410/3890/3365
f 4393/3873/3365 4410/3890/3365 4412/3892/3365
f 4395/3875/3366 4394/3874/3366 4411/3891/3366
f 4395/3875/3366 4411/3891/3366 4413/3893/3366
f 4396/3876/3367 4393/3873/3367 4412/3892/3367
f 4396/3876/3367 4412/3892/3367 4414/3894/3367
f 4397/3877/3368 4395/3875/3368 4413/3893/3368
f 4397/3877/3368 4413/3893/3368 4415/3895/3368
f 4398/3878/3369 4396/3876/3369 4414/3894/3369
f 4398/3878/3369 4414/3894/3369 4416/3896/3369
f 4399/3879/3370 4397/3877/3370 4415/3895/3370
f 4399/3879/3370 4415/3895/3370 4417/3897/3370
f 3982/3462/3371 4398/3878/3371 4416/3896/3371
f 3982/3462/3371 4416/3896/3371 3986/3466/3371
f 4400/3880/3372 4399/3879/3372 4417/3897/3372
f 4400/3880/3372 4417/3897/3372 4405/3885/3372
f 4413/3893/3373 4411/3891/3373 3994/3474/3373
f 4413/3893/3373 3994/3474/3373 3993/3473/3373
f 4414/3894/3374 4412/3892/3374 3989/3469/3374
f 4414/3894/3374 3989/3469/3374 3997/3477/3374
f 4415/3895/3375 4413/3893/3375 3993/3473/3375
f 4415/3895/3375 3993/3473/3375 3999/3479/3375
f 4416/3896/3376 4414/3894/3376 3997/3477/3376
f 4416/3896/3376 3997/3477/3376 4001/3481/3376
f 4417/3897/3377 4415/3895/3377 3999/3479/3377
f 4417/3897/3377 3999/3479/3377 4003/3483/3377
f 3986/3466/3378 4416/3896/3378 4001/3481/3378
f 3986/3466/3378 4001/3481/3378 3863/3343/3378
f 4405/3885/3379 4417/3897/3379 4003/3483/3379
f 4405/3885/3379 4003/3483/3379 4005/3485/3379
f 4406/3886/3380 4405/3885/3380 4005/3485/3380
f 4406/3886/3380 4005/3485/3380 4007/3487/3380
f 4407/3887/3381 3984/3464/3381 3859/3339/3381
f 4407/3887/3381 3859/3339/3381 4009/3489/3381
f 4408/3888/3382 4406/3886/3382 4007/3487/3382
f 4408/3888/3382 4007/3487/3382 4011/3491/3382
f 4409/3889/3383 4407/3887/3383 4009/3489/3383
f 4409/3889/3383 4009/3489/3383 4013/3493/3383
f 4410/3890/3384 4408/3888/3384 4011/3491/3384
f 4410/3890/3384 4011/3491/3384 3990/3470/3384
f 4411/3891/3385 4409/3889/3385 4013/3493/3385
f 4411/3891/3385 4013/3493/3385 3994/3474/3385
f 4412/3892/3386 4410/3890/3386 3990/3470/3386
f 4412/3892/3386 3990/3470/3386 3989/3469/3386
# Vertices: 559, normals: 512, texture coordinates: 559, faces: 960

o obj24
v 0.00126797 -0.01593489 -1.36886328
v -0.00019325 4.65562997 -0.79510396
v 0.09536803 4.65562878 -0.78932368
v 0.15333123 -0.01593418 -1.35966509
v 0.44862016 -0.01592713 -1.28688198
v 0.2809374 4.65561663 -0.74358653
v 0.36823963 4.65560591 -0.70429646
v 0.58753978 -0.01592092 -1.22435861
v 0.45016967 4.65559233 -0.65477001
v 0.71790986 -0.01591304 -1.1455459
v 0.71790986 -0.01591304 -1.1455459
v 0.52553289 4.65557636 -0.59572911
v 0.83782951 -0.01590379 -1.0515936
v 0.83782951 -0.01590379 -1.0515936
v 0.59323029 4.65555825 -0.52803469
v 0.94554994 -0.01589316 -0.94387132
v 0.94554994 -0.01589316 -0.94387132
v 0.65227459 4.655538 -0.45267388
v 1.03950033 -0.01588146 -0.82395036
v 0.70180504 4.65551656 -0.37074539
v 1.11831078 -0.01586886 -0.69357927
v 0.74109904 4.65549368 -0.28344387
v 1.18083188 -0.01585561 -0.55465932
v 1.18083188 -0.01585561 -0.55465932
v 0.76958368 4.65547009 -0.19204227
v 1.22615239 -0.01584193 -0.40921621
v 1.22615239 -0.01584193 -0.40921621
v 0.78684322 4.65544627 -0.09787341
v 1.25361106 -0.01582802 -0.25937091
v 0.79262624 4.65542244 -0.00231043
v 1.2628077 -0.01581417 -0.10730866
v 0.78684805 4.65539885 0.09325315
v 1.25360832 -0.01580049 0.04475331
v 1.25360832 -0.01580049 0.04475331
v 0.76959298 4.65537622 0.18742374
v 1.22614715 -0.01578724 0.19459753
v 1.22614715 -0.01578724 0.19459753
v 0.74111233 4.65535454 0.27882813
v 1.18082437 -0.01577458 0.34003901
v 0.70182155 4.65533405 0.36613331
v 1.11830137 -0.01576269 0.4789569
v 1.11830137 -0.01576269 0.4789569
v 0.65229337 4.65531499 0.4480661
v 1.0394896 -0.0157517 0.60932543
v 1.0394896 -0.0157517 0.60932543
v 0.5932502 4.65529783 0.52343158
v 0.94553856 -0.01574173 0.72924377
v 0.94553856 -0.01574173 0.72924377
v 0.5255528 4.65528282 0.59113083
v 0.83781807 -0.01573289 0.83696319
v 0.83781807 -0.01573289 0.83696319
v 0.45018845 4.65526948 0.65017644
v 0.71789907 -0.01572525 0.93091287
v 0.36825617 4.65525852 0.6997073
v 0.5875303 -0.01571886 1.00972308
v -0.58499442 -0.01571754 1.00972296
v -0.36864259 4.65525638 0.69970742
v -0.45057489 4.65526686 0.65017662
v -0.71536325 -0.01572364 0.93091275
v -0.71536325 -0.01572364 0.93091275
v -0.52593933 4.65527949 0.59113101
v -0.83528219 -0.01573098 0.83696307
v -0.83528219 -0.01573098 0.83696307
v -0.5936368 4.65529426 0.52343176
v -0.94300262 -0.01573958 0.72924366
v -0.94300262 -0.01573958 0.72924366
v -0.65268002 4.65531093 0.44806624
v -1.03695355 -0.01574932 0.60932537
v -1.03695355 -0.01574932 0.60932537
v -0.70220832 4.65532952 0.36613343
v -1.11576531 -0.01576007 0.47895684
v -1.11576531 -0.01576007 0.47895684
v -0.74149911 4.65534953 0.27882822
v -1.17828831 -0.01577177 0.34003898
v -1.17828831 -0.01577177 0.34003898
v -0.76997982 4.65537097 0.18742375
v -1.22361097 -0.01578426 0.19459753
v -1.22361097 -0.01578426 0.19459753
v -0.78723494 4.65539361 0.09325309
v -1.25107214 -0.01579739 0.04475334
v -1.25107214 -0.01579739 0.04475334
v -0.79301314 4.65541696 -0.00231055
v -1.26027152 -0.01581101 -0.10730859
v -0.78723018 4.65544078 -0.09787361
v -1.25107488 -0.01582486 -0.25937079
v -0.76997058 4.65546461 -0.19204254
v -1.22361622 -0.01583877 -0.40921606
v -0.74148594 4.6554882 -0.2834442
v -1.17829582 -0.01585251 -0.55465914
v -1.17829582 -0.01585251 -0.55465914
v -0.70219193 4.65551131 -0.37074575
v -1.11577473 -0.01586588 -0.69357909
v -1.11577473 -0.01586588 -0.69357909
v -0.65266149 4.65553323 -0.45267427
v -1.03696427 -0.0158786 -0.82395012
v -0.59361713 4.65555372 -0.5280351
v -0.94301389 -0.01589054 -0.94387108
v -0.5259196 4.65557231 -0.59572947
v -0.83529345 -0.0159014 -1.05159336
v -0.83529345 -0.0159014 -1.05159336
v -0.45055636 4.65558899 -0.65477037
v -0.71537386 -0.01591107 -1.14554578
v -0.71537386 -0.01591107 -1.14554578
v -0.36862629 4.65560305 -0.70429682
v -0.58500372 -0.01591925 -1.2243585
v -0.58500372 -0.01591925 -1.2243585
v -0.28132396 4.65561448 -0.74358677
v -0.44608419 -0.01592582 -1.28688186
v -0.44608419 -0.01592582 -1.28688186
v -0.18992248 4.65562282 -0.7720676
v -0.30064108 -0.01593071 -1.3322044
v -0.30064108 -0.01593071 -1.3322044
v -0.09575455 4.65562807 -0.78932374
v -0.15079531 -0.01593376 -1.35966497
v 0.18953594 4.65562426 -0.77206742
v 0.30317702 -0.01593155 -1.33220452
v 0.30317702 -0.01593155 -1.33220452
v 0.44862016 -0.01592713 -1.28688198
v -0.15079531 -0.01593376 -1.35966497
v -0.00019325 4.65562997 -0.79510396
v 0.00126797 -0.01593489 -1.36886328
v -0.00020929 4.70617424 -0.77513933
v 0.09308445 4.70617376 -0.76949614
v 0.09308445 4.70617376 -0.76949614
v -0.00020929 4.70617424 -0.77513933
v -0.00022103 4.74317514 -0.73319019
v 0.08811803 4.74317538 -0.72784663
v -0.00022533 4.75671851 -0.68049682
v 0.08179952 4.75671851 -0.67553515
v 0.09308445 4.70617376 -0.76949614
v 0.18501779 4.70617138 -0.75264913
v 0.18501779 4.70617138 -0.75264913
v 0.09308445 4.70617376 -0.76949614
v 0.17516875 4.74317443 -0.71189416
v 0.16262789 4.75671852 -0.66072292
v 0.18501779 4.70617138 -0.75264913
v 0.27425026 4.70616757 -0.72484362
v 0.27425026 4.70616757 -0.72484362
v 0.18501779 4.70617138 -0.75264913
v 0.25966215 4.74317348 -0.68556512
v 0.24108196 4.75671852 -0.6362756
v 0.27425026 4.70616757 -0.72484362
v 0.35948064 4.70616233 -0.68648529
v 0.35948064 4.70616233 -0.68648529
v 0.27425026 4.70616757 -0.72484362
v 0.34036594 4.74317229 -0.64924348
v 0.31601729 4.75671853 -0.60254998
v 0.35948064 4.70616233 -0.68648529
v 0.43946611 4.70615542 -0.63813353
v 0.43946611 4.70615542 -0.63813353
v 0.35948064 4.70616233 -0.68648529
v 0.416103 4.74317015 -0.60345925
v 0.38634043 4.75671853 -0.56003816
v 0.43946611 4.70615542 -0.63813353
v 0.51304029 4.70614757 -0.58049292
v 0.51304029 4.70614757 -0.58049292
v 0.43946611 4.70615542 -0.63813353
v 0.48576926 4.74316825 -0.54887946
v 0.451027 4.75671854 -0.50935949
v 0.51304029 4.70614757 -0.58049292
v 0.57913052 4.70613852 -0.51440424
v 0.57913052 4.70613852 -0.51440424
v 0.51304029 4.70614757 -0.58049292
v 0.54834895 4.74316588 -0.48630015
v 0.50913351 4.75671855 -0.45125295
v 0.57913052 4.70613852 -0.51440424
v 0.63677268 4.70612828 -0.44083122
v 0.63677268 4.70612828 -0.44083122
v 0.57913052 4.70613852 -0.51440424
v 0.60292898 4.74316303 -0.41663434
v 0.55981182 4.75671856 -0.38656678
v 0.63677268 4.70612828 -0.44083122
v 0.68512665 4.70611756 -0.36084641
v 0.68512665 4.70611756 -0.36084641
v 0.63677268 4.70612828 -0.44083122
v 0.64871417 4.74316018 -0.34089698
v 0.60232435 4.75671857 -0.31624254
v 0.68512665 4.70611756 -0.36084641
v 0.72348688 4.70610613 -0.27561651
v 0.72348688 4.70610613 -0.27561651
v 0.68512665 4.70611756 -0.36084641
v 0.68503611 4.7431571 -0.26019372
v 0.63604961 4.75671859 -0.24130813
v 0.72348688 4.70610613 -0.27561651
v 0.7512943 4.70609422 -0.18638393
v 0.7512943 4.70609422 -0.18638393
v 0.72348688 4.70610613 -0.27561651
v 0.71136574 4.74315353 -0.17570021
v 0.66049699 4.7567186 -0.16285383
v 0.7512943 4.70609422 -0.18638393
v 0.76814304 4.70608232 -0.09445014
v 0.76814304 4.70608232 -0.09445014
v 0.7512943 4.70609422 -0.18638393
v 0.72731875 4.74315045 -0.08864939
v 0.67530923 4.75671861 -0.08202547
v 0.76814304 4.70608232 -0.09445014
v 0.7737876 4.70607041 -0.00115553
v 0.7737876 4.70607041 -0.00115553
v 0.76814304 4.70608232 -0.09445014
v 0.73266266 4.74314736 -0.00031009
v 0.6802709 4.75671862 -6.3E-07
v 0.7737876 4.70607041 -0.00115553
v 0.76814537 4.70605875 0.09213937
v 0.76814537 4.70605875 0.09213937
v 0.7737876 4.70607041 -0.00115553
v 0.72731934 4.74314428 0.08802928
v 0.67530923 4.75671864 0.08202421
v 0.76814537 4.70605875 0.09213937
v 0.75129889 4.70604756 0.18407402
v 0.75129889 4.70604756 0.18407402
v 0.76814537 4.70605875 0.09213937
v 0.711367 4.74314167 0.17508036
v 0.66049699 4.75671865 0.16285257
v 0.75129889 4.70604756 0.18407402
v 0.72349356 4.7060366 0.27330801
v 0.72349356 4.7060366 0.27330801
v 0.75129889 4.70604756 0.18407402
v 0.68503796 4.74313834 0.25957432
v 0.63604961 4.75671866 0.2413069
v 0.72349356 4.7060366 0.27330801
v 0.68513499 4.70602636 0.35853985
v 0.68513499 4.70602636 0.35853985
v 0.72349356 4.7060366 0.27330801
v 0.64871638 4.74313574 0.34027824
v 0.60232417 4.75671868 0.31624165
v 0.68513499 4.70602636 0.35853985
v 0.6367821 4.70601684 0.4385266
v 0.6367821 4.70601684 0.4385266
v 0.68513499 4.70602636 0.35853985
v 0.60293166 4.74313313 0.41601559
v 0.55981224 4.75671869 0.38656487
v 0.6367821 4.70601684 0.4385266
v 0.57914047 4.70600827 0.51210204
v 0.57914047 4.70600827 0.51210204
v 0.6367821 4.70601684 0.4385266
v 0.54835157 4.74313099 0.48568239
v 0.50913333 4.7567187 0.4512518
v 0.57914047 4.70600827 0.51210204
v 0.51305037 4.70600089 0.57819316
v 0.51305037 4.70600089 0.57819316
v 0.57914047 4.70600827 0.51210204
v 0.48577206 4.74312909 0.5482622
v 0.45102717 4.75671871 0.50935795
v 0.51305037 4.70600089 0.57819316
v 0.43947544 4.70599422 0.63583597
v 0.43947544 4.70599422 0.63583597
v 0.51305037 4.70600089 0.57819316
v 0.41610544 4.74312743 0.60284253
v 0.38634043 4.75671872 0.56003674
v 0.43947544 4.70599422 0.63583597
v 0.35948896 4.70598851 0.68419012
v 0.35948896 4.70598851 0.68419012
v 0.43947544 4.70599422 0.63583597
v 0.34036811 4.7431253 0.6486276
v 0.31601708 4.75671872 0.60254868
v 0.28095075 4.65524995 0.73900101
v 0.35948896 4.70598851 0.68419012
v 0.27425694 4.70598422 0.72255024
v 0.27425694 4.70598422 0.72255024
v 0.35948896 4.70598851 0.68419012
v 0.2596639 4.74312435 0.68494966
v 0.24108186 4.75671873 0.6362743
v 0.18954534 4.65524375 0.76748476
v 0.27425694 4.70598422 0.72255024
v 0.18502247 4.70598137 0.75035718
v 0.18502247 4.70598137 0.75035718
v 0.27425694 4.70598422 0.72255024
v 0.17516993 4.74312387 0.71127917
v 0.16262772 4.75671873 0.66072168
v 0.09537294 4.6552397 0.78474269
v 0.18502247 4.70598137 0.75035718
v 0.09308691 4.70597922 0.76720502
v 0.09308691 4.70597922 0.76720502
v 0.18502247 4.70598137 0.75035718
v 0.08811869 4.74312316 0.72723182
v 0.08179952 4.75671873 0.67553391
v -0.00019313 4.65523827 0.79052356
v 0.09308691 4.70597922 0.76720502
v -0.00020923 4.70597851 0.77284869
v -0.00020923 4.70597851 0.77284869
v 0.09308691 4.70597922 0.76720502
v -0.00022102 4.74312292 0.73257561
v -0.00022533 4.75671874 0.68049558
v -0.0957592 4.65523922 0.78474274
v -0.00020923 4.70597851 0.77284869
v -0.09350537 4.70597899 0.76720508
v -0.09350537 4.70597899 0.76720508
v -0.00020923 4.70597851 0.77284869
v -0.08856073 4.74312316 0.72723188
v -0.08225018 4.75671873 0.67553391
v -0.18993163 4.65524256 0.76748482
v -0.09350537 4.70597899 0.76720508
v -0.18544095 4.70598065 0.75035723
v -0.18544095 4.70598065 0.75035723
v -0.09350537 4.70597899 0.76720508
v -0.17561197 4.7431234 0.71127923
v -0.16307838 4.75671873 0.66072168
v -0.28133708 4.65524828 0.73900113
v -0.18544095 4.70598065 0.75035723
v -0.27467542 4.70598351 0.7225503
v -0.27467542 4.70598351 0.7225503
v -0.18544095 4.70598065 0.75035723
v -0.26010596 4.74312435 0.68494972
v -0.24153257 4.75671873 0.6362743
v -0.27467542 4.70598351 0.7225503
v -0.35990744 4.70598756 0.68419012
v -0.35990744 4.70598756 0.68419012
v -0.27467542 4.70598351 0.7225503
v -0.34081014 4.7431253 0.64862748
v -0.31646778 4.75671872 0.60254868
v -0.35990744 4.70598756 0.68419012
v -0.43989401 4.70599279 0.63583609
v -0.43989401 4.70599279 0.63583609
v -0.35990744 4.70598756 0.68419012
v -0.41654753 4.74312672 0.60284259
v -0.3867911 4.75671872 0.56003674
v -0.43989401 4.70599279 0.63583609
v -0.51346891 4.70599898 0.57819316
v -0.51346891 4.70599898 0.57819316
v -0.43989401 4.70599279 0.63583609
v -0.48621415 4.74312814 0.54826214
v -0.45147785 4.75671871 0.50935795
v -0.51346891 4.70599898 0.57819316
v -0.57955907 4.7060066 0.5121021
v -0.57955907 4.7060066 0.5121021
v -0.51346891 4.70599898 0.57819316
v -0.5487936 4.74313075 0.48568239
v -0.509584 4.7567187 0.45125177
v -0.57955907 4.7060066 0.5121021
v -0.63720082 4.70601469 0.43852666
v -0.63720082 4.70601469 0.43852666
v -0.57955907 4.7060066 0.5121021
v -0.60337381 4.74313241 0.41601562
v -0.56026291 4.75671869 0.3865649
v -0.63720082 4.70601469 0.43852666
v -0.6855536 4.70602422 0.35853991
v -0.6855536 4.70602422 0.35853991
v -0.63720082 4.70601469 0.43852666
v -0.64915834 4.74313526 0.34027838
v -0.60277467 4.75671868 0.31624198
v -0.6855536 4.70602422 0.35853991
v -0.72391228 4.70603422 0.27330804
v -0.72391228 4.70603422 0.27330804
v -0.6855536 4.70602422 0.35853991
v -0.68548004 4.74313811 0.2595742
v -0.63650028 4.75671866 0.24130669
v -0.72391228 4.70603422 0.27330804
v -0.75171773 4.70604469 0.18407405
v -0.75171773 4.70604469 0.18407405
v -0.72391228 4.70603422 0.27330804
v -0.71180914 4.74314048 0.17508039
v -0.66094755 4.75671865 0.16285263
v -0.75171773 4.70604469 0.18407405
v -0.76856409 4.70605612 0.09213931
v -0.76856409 4.70605612 0.09213931
v -0.75171773 4.70604469 0.18407405
v -0.72776149 4.74314356 0.08802922
v -0.6757599 4.75671864 0.08202409
v -0.76856409 4.70605612 0.09213931
v -0.77420626 4.70606779 -0.00115559
v -0.77420626 4.70606779 -0.00115559
v -0.76856409 4.70605612 0.09213931
v -0.73310469 4.74314689 -0.0003101
v -0.68072151 4.75671862 -6.3E-07
v -0.77420626 4.70606779 -0.00115559
v -0.76856176 4.7060797 -0.09445021
v -0.76856176 4.7060797 -0.09445021
v -0.77420626 4.70606779 -0.00115559
v -0.72776078 4.74314997 -0.08864934
v -0.6757599 4.75671861 -0.08202535
v -0.76856176 4.7060797 -0.09445021
v -0.75171314 4.7060916 -0.18638408
v -0.75171314 4.7060916 -0.18638408
v -0.76856176 4.7060797 -0.09445021
v -0.71180795 4.74315306 -0.1757003
v -0.66094755 4.7567186 -0.16285389
v -0.75171314 4.7060916 -0.18638408
v -0.72390567 4.70610327 -0.27561666
v -0.72390567 4.70610327 -0.27561666
v -0.75171314 4.7060916 -0.18638408
v -0.6854782 4.74315614 -0.26019369
v -0.63650028 4.75671859 -0.24130792
v -0.72390567 4.70610327 -0.27561666
v -0.68554543 4.70611494 -0.36084665
v -0.68554543 4.70611494 -0.36084665
v -0.72390567 4.70610327 -0.27561666
v -0.64915632 4.74315947 -0.34089722
v -0.60277485 4.75671857 -0.31624283
v -0.68554543 4.70611494 -0.36084665
v -0.63719146 4.70612589 -0.44083143
v -0.63719146 4.70612589 -0.44083143
v -0.68554543 4.70611494 -0.36084665
v -0.60337107 4.74316232 -0.4166344
v -0.56026249 4.75671856 -0.38656678
v -0.63719146 4.70612589 -0.44083143
v -0.5795493 4.70613613 -0.51440448
v -0.5795493 4.70613613 -0.51440448
v -0.63719146 4.70612589 -0.44083143
v -0.54879116 4.74316493 -0.48630024
v -0.50958418 4.75671855 -0.45125295
v -0.5795493 4.70613613 -0.51440448
v -0.51345902 4.70614542 -0.5804931
v -0.51345902 4.70614542 -0.5804931
v -0.5795493 4.70613613 -0.51440448
v -0.48621138 4.74316754 -0.54887952
v -0.45147764 4.75671854 -0.50935949
v -0.51345902 4.70614542 -0.5804931
v -0.43988477 4.70615376 -0.63813365
v -0.43988477 4.70615376 -0.63813365
v -0.51345902 4.70614542 -0.5804931
v -0.41654508 4.74316968 -0.60345925
v -0.38679119 4.75671853 -0.5600381
v -0.43988477 4.70615376 -0.63813365
v -0.3598993 4.7061609 -0.68648553
v -0.3598993 4.7061609 -0.68648553
v -0.43988477 4.70615376 -0.63813365
v -0.34080797 4.74317181 -0.6492436
v -0.31646778 4.75671853 -0.6025501
v -0.3598993 4.7061609 -0.68648553
v -0.2746689 4.70616662 -0.72484374
v -0.2746689 4.70616662 -0.72484374
v -0.3598993 4.7061609 -0.68648553
v -0.26010429 4.74317348 -0.68556512
v -0.24153269 4.75671852 -0.63627554
v -0.2746689 4.70616662 -0.72484374
v -0.18543639 4.70617066 -0.75264925
v -0.18543639 4.70617066 -0.75264925
v -0.2746689 4.70616662 -0.72484374
v -0.17561084 4.74317419 -0.71189428
v -0.16307856 4.75671852 -0.66072292
v -0.18543639 4.70617066 -0.75264925
v -0.09350304 4.70617328 -0.7694962
v -0.09350304 4.70617328 -0.7694962
v -0.18543639 4.70617066 -0.75264925
v -0.0885601 4.7431749 -0.72784669
v -0.08225018 4.75671851 -0.67553515
v -0.09350304 4.70617328 -0.7694962
v -0.00020929 4.70617424 -0.77513933
v -0.00020929 4.70617424 -0.77513933
v -0.09350304 4.70617328 -0.7694962
v -0.48329567 0.08282486 0.7516715
v -0.43575295 1.2825399 0.6601321
v -0.43575295 1.28253995 0.96366106
v -0.48329567 0.08282491 1.01089644
v 0.39728265 1.2825399 0.6601321
v 0.31397911 1.31995248 0.66013209
v 0.34689986 0.08282486 0.7516715
v 0.43914377 0.08282486 0.7516715
v 0.31397911 1.31995254 1.00396696
v 0.31397911 1.31995248 0.66013209
v 0.39728265 1.28253995 0.98109607
v 0.147372 1.37108314 1.03599646
v 0.147372 1.37108307 0.66013208
v 0.23067554 1.3498826 0.66013209
v 0.23067554 1.34988266 1.022414
v -0.1025387 1.38480102 0.66013208
v -0.01923513 1.3935306 0.66013208
v -0.01923513 1.39353066 1.04328015
v -0.1025387 1.38480109 1.03892078
v -0.26914584 1.3498826 0.66013209
v -0.26914584 1.34988265 1.01494351
v -0.35244938 1.31995254 0.99144927
v -0.35244938 1.31995248 0.66013209
v -0.39105167 0.08282491 1.05361366
v -0.39105167 0.08282486 0.7516715
v -0.48329567 0.08282486 0.7516715
v -0.48329567 0.08282491 1.01089644
v -0.02207592 0.08282492 1.12646377
v -0.02207592 0.08282486 0.7516715
v -0.11431987 0.08282486 0.7516715
v -0.11431989 0.08282492 1.12072253
v 0.25465595 0.08282492 1.09619951
v 0.25465595 0.08282486 0.7516715
v 0.16241198 0.08282486 0.7516715
v 0.16241198 0.08282492 1.11359298
v -0.39105167 0.08282486 0.7516715
v -0.35244938 1.31995248 0.66013209
v -0.29880776 0.08282486 0.7516715
v -0.26914584 1.3498826 0.66013209
v -0.20656383 0.08282486 0.7516715
v -0.18584227 1.37108307 0.66013208
v -0.11431987 0.08282486 0.7516715
v -0.1025387 1.38480102 0.66013208
v -0.02207592 0.08282486 0.7516715
v -0.01923513 1.3935306 0.66013208
v 0.07016803 0.08282486 0.7516715
v 0.06406843 1.38480102 0.66013208
v 0.16241198 0.08282486 0.7516715
v 0.147372 1.37108307 0.66013208
v 0.25465595 0.08282486 0.7516715
v 0.23067554 1.3498826 0.66013209
v 0.15272219 -0.04611743 -1.35524981
v 0.00127741 -0.04611779 -1.36441045
v 0.15030926 -0.06821311 -1.33581726
v 0.00128432 -0.06821323 -1.34483151
v 0.00128432 -0.06821323 -1.34483151
v 0.15030926 -0.06821311 -1.33581726
v 0.14673902 -0.07630062 -1.30657439
v 0.00128685 -0.07630062 -1.31537251
v 1.22118423 -0.0460712 -0.40866883
v 1.17604754 -0.04607808 -0.55352051
v 1.20170221 -0.06820056 -0.40436263
v 1.15728614 -0.06820249 -0.54689974
v 1.15728614 -0.06820249 -0.54689974
v 1.20170221 -0.06820056 -0.40436263
v 1.17292652 -0.07630047 -0.3974515
v 1.12957499 -0.07630049 -0.53657115
v 0.94171462 -0.04602101 0.72516706
v 1.0352839 -0.04602603 0.60573533
v 0.92670009 -0.06818702 0.7113609
v 1.01877449 -0.06818835 0.5938367
v 1.01877449 -0.06818835 0.5938367
v 0.92670009 -0.06818702 0.7113609
v 0.90451799 -0.07630029 0.69152465
v 0.9943851 -0.07630031 0.57681772
v 0.00126789 -0.01570697 1.15422286
v -0.15079265 -0.01570751 1.14502491
v -0.15016606 -0.04600389 1.1392615
v 0.00127737 -0.04600359 1.14842226
v -0.1477403 -0.06818243 1.11884202
v 0.00128431 -0.06818231 1.12785651
v 0.00128431 -0.06818231 1.12785651
v -0.1477403 -0.06818243 1.11884202
v -0.14416533 -0.07630023 1.08923783
v 0.00128685 -0.07630023 1.09803607
v -1.11122033 -0.04603023 0.47589597
v -1.03272889 -0.04602484 0.60573527
v -1.09344289 -0.06818957 0.46607116
v -1.01620565 -0.06818812 0.5938367
v -1.01620565 -0.06818812 0.5938367
v -1.09344289 -0.06818957 0.46607116
v -1.06719682 -0.07630033 0.45211497
v -0.99181125 -0.07630031 0.5768179
v -1.11122486 -0.04608323 -0.69187528
v -1.17349264 -0.04607653 -0.55352039
v -1.09344408 -0.06820382 -0.68304396
v -1.15471766 -0.06820201 -0.54689974
v -1.15471766 -0.06820201 -0.54689974
v -1.09344408 -0.06820382 -0.68304396
v -1.06719682 -0.07630051 -0.66945147
v -1.1270015 -0.07630049 -0.53657109
v -0.14416533 -0.07630062 -1.30657439
v -0.14774066 -0.06821299 -1.33581726
v 0.00128432 -0.06821323 -1.34483151
v 0.00128432 -0.06821323 -1.34483151
v -0.14774066 -0.06821299 -1.33581726
v -0.1501674 -0.04611719 -1.35524981
v 0.00127741 -0.04611779 -1.36441045
v 0.30195858 -0.04611611 -1.32790117
v 0.15272219 -0.04611743 -1.35524981
v 0.29716116 -0.06821274 -1.30890565
v 0.15030926 -0.06821311 -1.33581726
v 0.15030926 -0.06821311 -1.33581726
v 0.29716116 -0.06821274 -1.30890565
v 0.29007026 -0.07630061 -1.28030793
v 0.94172029 -0.04609686 -0.94114911
v 0.83443747 -0.04610218 -1.04843288
v 0.92670158 -0.06820756 -0.92833447
v 0.82113264 -0.06820889 -1.03390365
v 0.82113264 -0.06820889 -1.03390365
v 0.92670158 -0.06820756 -0.92833447
v 0.90451799 -0.07630055 -0.90886121
v 0.8014801 -0.07630057 -1.01189928
v 1.2211816 -0.0460438 0.19269121
v 1.24853072 -0.04605045 0.04345568
v 1.20170161 -0.06819319 0.18739025
v 1.22861323 -0.068195 0.04053867
v 1.22861323 -0.068195 0.04053867
v 1.20170161 -0.06819319 0.18739025
v 1.17292652 -0.07630038 0.18011501
v 1.19919297 -0.0763004 0.03678392
v 0.5875303 -0.01571886 1.00972308
v 0.44861253 -0.01571378 1.0722443
v 0.44680642 -0.04600701 1.06677617
v 0.58516024 -0.04600952 1.00450839
v 0.4396972 -0.06818315 1.04751422
v 0.57584129 -0.06818376 0.986241
v 0.57584129 -0.06818376 0.986241
v 0.4396972 -0.06818315 1.04751422
v 0.42918991 -0.07630024 1.01961985
v 0.5620703 -0.07630025 0.95981535
v -0.30063587 -0.01570948 1.11756528
v -0.2994011 -0.04600485 1.1119131
v -0.15016606 -0.04600389 1.1392615
v -0.29459172 -0.06818255 1.09193029
v -0.1477403 -0.06818243 1.11884202
v -0.1477403 -0.06818243 1.11884202
v -0.29459172 -0.06818255 1.09193029
v -0.28749641 -0.07630023 1.06297138
v -1.03273437 -0.04608957 -0.82171607
v -1.11122486 -0.04608323 -0.69187528
v -1.0162072 -0.06820551 -0.81081009
v -1.09344408 -0.06820382 -0.68304396
v -1.09344408 -0.06820382 -0.68304396
v -1.0162072 -0.06820551 -0.81081009
v -0.99181125 -0.07630053 -0.79415446
v 0.44681015 -0.04611384 -1.28276329
v 0.30195858 -0.04611611 -1.32790117
v 0.43969809 -0.06821202 -1.26448934
v 0.29716116 -0.06821274 -1.30890565
v 0.29716116 -0.06821274 -1.30890565
v 0.43969809 -0.06821202 -1.26448934
v 0.42918958 -0.07630061 -1.23695664
v 1.24853215 -0.0460642 -0.25943272
v 1.22118423 -0.0460712 -0.40866883
v 1.22861383 -0.06819863 -0.25751088
v 1.20170221 -0.06820056 -0.40436263
v 1.20170221 -0.06820056 -0.40436263
v 1.22861383 -0.06819863 -0.25751088
v 1.19919297 -0.07630045 -0.25412039
v 1.17604384 -0.04603746 0.33754212
v 1.2211816 -0.0460438 0.19269121
v 1.15728519 -0.06819138 0.32992718
v 1.20170161 -0.06819319 0.18739025
v 1.20170161 -0.06819319 0.18739025
v 1.15728519 -0.06819138 0.32992718
v 1.12957499 -0.07630035 0.31923462
v -0.44607668 -0.01571283 1.07224418
v -0.44425159 -0.04600653 1.06677593
v -0.2994011 -0.04600485 1.1119131
v -0.43712853 -0.06818304 1.0475141
v -0.29459172 -0.06818255 1.09193029
v -0.29459172 -0.06818255 1.09193029
v -0.43712853 -0.06818304 1.0475141
v -0.42661612 -0.07630024 1.01961985
v -1.21862683 -0.04604231 0.19269129
v -1.17348883 -0.04603609 0.33754197
v -1.19913289 -0.06819271 0.18739034
v -1.15471647 -0.06819114 0.32992703
v -1.15471647 -0.06819114 0.32992703
v -1.19913289 -0.06819271 0.18739034
v -1.17035279 -0.07630038 0.18011515
v -1.1270015 -0.07630035 0.3192345
v -0.93916545 -0.04609555 -0.94114899
v -1.03273437 -0.04608957 -0.82171607
v -0.92413298 -0.0682072 -0.92833447
v -1.0162072 -0.06820551 -0.81081009
v -1.0162072 -0.06820551 -0.81081009
v -0.92413298 -0.0682072 -0.92833447
v -0.90194432 -0.07630055 -0.90886121
v 1.03528926 -0.046091 -0.82171619
v 0.94172029 -0.04609686 -0.94114911
v 1.0187758 -0.06820587 -0.81081015
v 0.92670158 -0.06820756 -0.92833447
v 0.92670158 -0.06820756 -0.92833447
v 1.0187758 -0.06820587 -0.81081015
v 0.99438486 -0.07630053 -0.79415464
v 0.83443169 -0.04601658 0.83244934
v 0.94171462 -0.04602101 0.72516706
v 0.82113091 -0.06818581 0.81692972
v 0.92670009 -0.06818702 0.7113609
v 0.92670009 -0.06818702 0.7113609
v 0.82113091 -0.06818581 0.81692972
v 0.80147974 -0.07630028 0.7945629
v 0.44861253 -0.01571378 1.0722443
v 0.30317163 -0.01571014 1.11756528
v 0.30195581 -0.04600521 1.1119131
v 0.44680642 -0.04600701 1.06677617
v 0.29716032 -0.06818279 1.09193041
v 0.4396972 -0.06818315 1.04751422
v 0.4396972 -0.06818315 1.04751422
v 0.29716032 -0.06818279 1.09193041
v 0.29007008 -0.07630023 1.06297138
v -0.58499442 -0.01571754 1.00972296
v -0.58260541 -0.04600892 1.00450839
v -0.44425159 -0.04600653 1.06677593
v -0.57327257 -0.06818376 0.98624089
v -0.43712853 -0.06818304 1.0475141
v -0.43712853 -0.06818304 1.0475141
v -0.57327257 -0.06818376 0.98624089
v -0.55949657 -0.07630025 0.95981535
v -1.24597582 -0.0460489 0.04345571
v -1.21862683 -0.04604231 0.19269129
v -1.22604463 -0.06819452 0.0405387
v -1.19913289 -0.06819271 0.18739034
v -1.19913289 -0.06819271 0.18739034
v -1.22604463 -0.06819452 0.0405387
v -1.19661925 -0.0763004 0.03678392
v -0.83188258 -0.04610099 -1.04843264
v -0.93916545 -0.04609555 -0.94114899
v -0.81856404 -0.06820865 -1.03390365
v -0.92413298 -0.0682072 -0.92833447
v -0.92413298 -0.0682072 -0.92833447
v -0.81856404 -0.06820865 -1.03390365
v -0.79890643 -0.07630057 -1.01189928
v -0.1501674 -0.04611719 -1.35524981
v -0.29940372 -0.04611564 -1.32790105
v -0.14774066 -0.06821299 -1.33581726
v -0.29459249 -0.06821251 -1.30890565
v -0.29459249 -0.06821251 -1.30890565
v -0.14774066 -0.06821299 -1.33581726
v -0.2874965 -0.07630061 -1.28030793
v -0.83187697 -0.04601563 0.83244934
v -0.712445 -0.04601192 0.92601784
v -0.81856237 -0.06818558 0.81692978
v -0.70103823 -0.06818449 0.90900394
v -0.70103823 -0.06818449 0.90900394
v -0.81856237 -0.06818558 0.81692978
v -0.79890607 -0.07630028 0.7945629
v -0.68419932 -0.07630026 0.88442984
v 0.58516495 -0.04611073 -1.22049444
v 0.44681015 -0.04611384 -1.28276329
v 0.57584237 -0.06821118 -1.20321565
v 0.43969809 -0.06821202 -1.26448934
v 0.43969809 -0.06821202 -1.26448934
v 0.57584237 -0.06821118 -1.20321565
v 0.56207006 -0.0763006 -1.17715197
v 1.11377499 -0.04603154 0.47589594
v 1.17604384 -0.04603746 0.33754212
v 1.09601149 -0.06818992 0.46607116
v 1.15728519 -0.06819138 0.32992718
v 1.15728519 -0.06819138 0.32992718
v 1.09601149 -0.06818992 0.46607116
v 1.06977043 -0.07630033 0.45211509
v -0.712445 -0.04601192 0.92601784
v -0.58260541 -0.04600892 1.00450839
v -0.70103823 -0.06818449 0.90900394
v -0.57327257 -0.06818376 0.98624089
v -0.57327257 -0.06818376 0.98624089
v -0.70103823 -0.06818449 0.90900394
v -1.25513718 -0.04605571 -0.10798842
v -1.24597582 -0.0460489 0.04345571
v -1.23505911 -0.06819634 -0.10848609
v -1.22604463 -0.06819452 0.0405387
v -1.22604463 -0.06819452 0.0405387
v -1.23505911 -0.06819634 -0.10848609
v -1.20541737 -0.07630042 -0.10866825
v -0.71245037 -0.04610583 -1.14200264
v -0.83188258 -0.04610099 -1.04843264
v -0.70103978 -0.06820997 -1.12597816
v -0.81856404 -0.06820865 -1.03390365
v -0.81856404 -0.06820865 -1.03390365
v -0.70103978 -0.06820997 -1.12597816
v -0.68419962 -0.07630058 -1.10176616
v 1.11377988 -0.04608466 -0.69187546
v 1.03528926 -0.046091 -0.82171619
v 1.09601281 -0.06820418 -0.68304426
v 1.0187758 -0.06820587 -0.81081015
v 1.0187758 -0.06820587 -0.81081015
v 1.09601281 -0.06820418 -0.68304426
v 1.06977031 -0.07630051 -0.66945177
v 1.25769231 -0.04605726 -0.10798846
v 1.24853215 -0.0460642 -0.25943272
v 1.23762796 -0.06819669 -0.1084861
v 1.22861383 -0.06819863 -0.25751088
v 1.22861383 -0.06819863 -0.25751088
v 1.23762796 -0.06819669 -0.1084861
v 1.2079911 -0.07630042 -0.10866825
v 0.71499978 -0.04601275 0.9260179
v 0.83443169 -0.04601658 0.83244934
v 0.70360677 -0.06818473 0.90900394
v 0.82113091 -0.06818581 0.81692972
v 0.82113091 -0.06818581 0.81692972
v 0.70360677 -0.06818473 0.90900394
v 0.68677299 -0.07630026 0.88442984
v 0.30317163 -0.01571014 1.11756528
v 0.15332843 -0.01570781 1.14502491
v 0.15272079 -0.04600401 1.1392615
v 0.30195581 -0.04600521 1.1119131
v 0.1503089 -0.06818243 1.11884202
v 0.29716032 -0.06818279 1.09193041
v 0.29716032 -0.06818279 1.09193041
v 0.1503089 -0.06818243 1.11884202
v 0.14673902 -0.07630023 1.08923783
v -1.24597725 -0.04606265 -0.25943266
v -1.25513718 -0.04605571 -0.10798842
v -1.2260451 -0.06819827 -0.25751088
v -1.23505911 -0.06819634 -0.10848609
v -1.23505911 -0.06819634 -0.10848609
v -1.2260451 -0.06819827 -0.25751088
v -1.19661925 -0.07630045 -0.25412039
v -0.58261 -0.0461099 -1.22049432
v -0.71245037 -0.04610583 -1.14200264
v -0.57327365 -0.06821094 -1.20321553
v -0.70103978 -0.06820997 -1.12597816
v -0.70103978 -0.06820997 -1.12597816
v -0.57327365 -0.06821094 -1.20321553
v -0.55949633 -0.0763006 -1.17715197
v 0.71500514 -0.04610679 -1.14200287
v 0.58516495 -0.04611073 -1.22049444
v 0.70360814 -0.06821009 -1.12597852
v 0.57584237 -0.06821118 -1.20321565
v 0.57584237 -0.06821118 -1.20321565
v 0.70360814 -0.06821009 -1.12597852
v 0.68677263 -0.07630058 -1.10176664
v 1.17604754 -0.04607808 -0.55352051
v 1.11377988 -0.04608466 -0.69187546
v 1.15728614 -0.06820249 -0.54689974
v 1.09601281 -0.06820418 -0.68304426
v 1.09601281 -0.06820418 -0.68304426
v 1.15728614 -0.06820249 -0.54689974
v 0.58516024 -0.04600952 1.00450839
v 0.71499978 -0.04601275 0.9260179
v 0.57584129 -0.06818376 0.986241
v 0.70360677 -0.06818473 0.90900394
v 0.70360677 -0.06818473 0.90900394
v 0.57584129 -0.06818376 0.986241
v -0.93915979 -0.04601994 0.72516694
v -0.83187697 -0.04601563 0.83244934
v -0.92413143 -0.06818667 0.71136084
v -0.81856237 -0.06818558 0.81692978
v -0.81856237 -0.06818558 0.81692978
v -0.92413143 -0.06818667 0.71136084
v -0.90194432 -0.07630029 0.69152465
v -1.21862945 -0.04606959 -0.4086688
v -1.24597725 -0.04606265 -0.25943266
v -1.19913361 -0.06820008 -0.40436271
v -1.2260451 -0.06819827 -0.25751088
v -1.2260451 -0.06819827 -0.25751088
v -1.19913361 -0.06820008 -0.40436271
v -1.17035279 -0.07630047 -0.39745167
v -0.44425534 -0.04611325 -1.28276317
v -0.58261 -0.0461099 -1.22049432
v -0.43712946 -0.06821202 -1.26448922
v -0.57327365 -0.06821094 -1.20321553
v -0.57327365 -0.06821094 -1.20321553
v -0.43712946 -0.06821202 -1.26448922
v -0.42661594 -0.07630061 -1.23695652
v 0.83443747 -0.04610218 -1.04843288
v 0.71500514 -0.04610679 -1.14200287
v 0.82113264 -0.06820889 -1.03390365
v 0.70360814 -0.06821009 -1.12597852
v 0.70360814 -0.06821009 -1.12597852
v 0.82113264 -0.06820889 -1.03390365
v 1.24853072 -0.04605045 0.04345568
v 1.25769231 -0.04605726 -0.10798846
v 1.22861323 -0.068195 0.04053867
v 1.23762796 -0.06819669 -0.1084861
v 1.23762796 -0.06819669 -0.1084861
v 1.22861323 -0.068195 0.04053867
v 1.0352839 -0.04602603 0.60573533
v 1.11377499 -0.04603154 0.47589594
v 1.01877449 -0.06818835 0.5938367
v 1.09601149 -0.06818992 0.46607116
v 1.09601149 -0.06818992 0.46607116
v 1.01877449 -0.06818835 0.5938367
v 0.00126789 -0.01570697 1.15422286
v 0.00127737 -0.04600359 1.14842226
v 0.15272079 -0.04600401 1.1392615
v 0.00128431 -0.06818231 1.12785651
v 0.1503089 -0.06818243 1.11884202
v 0.1503089 -0.06818243 1.11884202
v 0.00128431 -0.06818231 1.12785651
v -1.03272889 -0.04602484 0.60573527
v -0.93915979 -0.04601994 0.72516694
v -1.01620565 -0.06818812 0.5938367
v -0.92413143 -0.06818667 0.71136084
v -0.92413143 -0.06818667 0.71136084
v -1.01620565 -0.06818812 0.5938367
v -1.17349264 -0.04607653 -0.55352039
v -1.21862945 -0.04606959 -0.4086688
v -1.15471766 -0.06820201 -0.54689974
v -1.19913361 -0.06820008 -0.40436271
v -1.19913361 -0.06820008 -0.40436271
v -1.15471766 -0.06820201 -0.54689974
v -0.29940372 -0.04611564 -1.32790105
v -0.44425534 -0.04611325 -1.28276317
v -0.29459249 -0.06821251 -1.30890565
v -0.43712946 -0.06821202 -1.26448922
v -0.43712946 -0.06821202 -1.26448922
v -0.29459249 -0.06821251 -1.30890565
v -1.17348883 -0.04603609 0.33754197
v -1.11122033 -0.04603023 0.47589597
v -1.15471647 -0.06819114 0.32992703
v -1.09344289 -0.06818957 0.46607116
v -1.09344289 -0.06818957 0.46607116
v -1.15471647 -0.06819114 0.32992703
v 0.43914377 0.08282491 1.03035211
v 0.40515428 1.19500821 0.98586702
v 0.38664647 0.08282491 1.05466294
v 0.26059213 0.08282492 1.09508013
v 0.34689986 0.08282491 1.06740701
v 0.39728265 1.28253995 0.98109607
v 0.31397911 1.31995254 1.00396696
v 0.27029833 1.33564659 1.0162833
v 0.13072215 0.08282492 1.11956846
v 0.25465595 0.08282492 1.09619951
v 0.16241198 0.08282492 1.11359298
v 0.23067554 1.34988266 1.022414
v 0.147372 1.37108314 1.03599646
v 0.13609858 1.37293958 1.0379149
v -0.00106965 0.08282492 1.12777125
v 0.07016803 0.08282492 1.12333738
v 0.06406843 1.38480109 1.04134824
v 0.00082776 1.39142823 1.04465749
v -0.13286146 0.08282492 1.11956846
v -0.02207592 0.08282492 1.12646377
v -0.11431989 0.08282492 1.12072253
v -0.01923513 1.39353066 1.04328015
v -0.1025387 1.38480109 1.03892078
v -0.13435347 1.37956202 1.03740408
v -0.26273143 0.08282492 1.09508013
v -0.20656384 0.08282492 1.10567104
v -0.18584226 1.37108313 1.02864077
v -0.26826524 1.35010677 1.01519945
v -0.38878577 0.08282491 1.05466294
v -0.29880776 0.08282492 1.0835129
v -0.35244938 1.31995254 0.99144927
v -0.39971798 1.29872368 0.97846762
v -0.26914584 1.34988265 1.01494351
v -0.48329567 0.08282491 1.01089644
v -0.39105167 0.08282491 1.05361366
v -0.43575295 1.28253995 0.96366106
v 0.40515428 1.19500821 0.98586702
v 0.43914377 0.08282491 1.03035211
v 0.38664647 0.08282491 1.05466294
v 0.34689986 0.08282486 0.7516715
v 0.34689986 0.08282491 1.06740701
v -0.43575295 1.28253995 0.96366106
v -0.43575295 1.2825399 0.6601321
v -0.39971798 1.29872368 0.97846762
v 0.27029833 1.33564659 1.0162833
v 0.06406843 1.38480109 1.04134824
v 0.06406843 1.38480102 0.66013208
v 0.13609858 1.37293958 1.0379149
v 0.00082776 1.39142823 1.04465749
v -0.18584226 1.37108313 1.02864077
v -0.18584227 1.37108307 0.66013208
v -0.13435347 1.37956202 1.03740408
v -0.26826524 1.35010677 1.01519945
v -0.38878577 0.08282491 1.05466294
v -0.29880776 0.08282486 0.7516715
v -0.29880776 0.08282492 1.0835129
v -0.26273143 0.08282492 1.09508013
v -0.20656383 0.08282486 0.7516715
v -0.20656384 0.08282492 1.10567104
v -0.13286146 0.08282492 1.11956846
v -0.00106965 0.08282492 1.12777125
v 0.07016803 0.08282486 0.7516715
v 0.07016803 0.08282492 1.12333738
v 0.13072215 0.08282492 1.11956846
v 0.26059213 0.08282492 1.09508013
vn -0 0.99993 -0.01207
vn -0 0.9694 0.24547
vn 0.11686 0.96236 0.24535
vn 0.12053 0.99264 -0.01219
vn 0.35458 0.93493 -0.01337
vn 0.34389 0.90669 0.24424
vn 0.4508 0.85884 0.24325
vn 0.46468 0.88536 -0.01441
vn 0.55122 0.79849 0.242
vn 0.568 0.82288 -0.01573
vn 0.6437 0.7265 0.2405
vn 0.66302 0.7484 -0.01732
vn 0.7269 0.64389 0.23877
vn 0.74838 0.663 -0.01914
vn 0.79961 0.55184 0.23684
vn 0.8228 0.56793 -0.02118
vn 0.86075 0.45167 0.23473
vn 0.88521 0.46459 -0.0234
vn 0.90943 0.34481 0.23247
vn 0.93471 0.35449 -0.02578
vn 0.94491 0.23281 0.2301
vn 0.97055 0.23922 -0.02827
vn 0.96665 0.11729 0.22765
vn 0.99224 0.12048 -0.03083
vn 0.97432 -8E-05 0.22516
vn 0.99944 0 -0.03344
vn 0.96778 -0.11759 0.22265
vn 0.99206 -0.12046 -0.03606
vn 0.9471 -0.23352 0.22018
vn 0.97022 -0.23913 -0.03864
vn 0.91255 -0.34616 0.21777
vn 0.93423 -0.3543 -0.04115
vn 0.86463 -0.45387 0.21546
vn 0.88462 -0.46428 -0.04356
vn 0.80401 -0.55505 0.21329
vn 0.82212 -0.56746 -0.04581
vn 0.73158 -0.6482 0.21128
vn 0.74765 -0.66236 -0.0479
vn 0.64837 -0.73194 0.20947
vn 0.6623 -0.74758 -0.04977
vn 0.55562 -0.80503 0.20788
vn 0.56732 -0.82189 -0.05142
vn 0.44652 -0.87049 0.20706
vn 0.45613 -0.88836 -0.05246
vn -0.45507 -0.88893 -0.05207
vn -0.44539 -0.87096 0.20748
vn -0.55566 -0.80509 0.20755
vn -0.56731 -0.82188 -0.05176
vn -0.64843 -0.732 0.20908
vn -0.66229 -0.74756 -0.05017
vn -0.73165 -0.64826 0.21084
vn -0.74764 -0.66234 -0.04835
vn -0.8041 -0.55511 0.21281
vn -0.8221 -0.56745 -0.04631
vn -0.86473 -0.45392 0.21495
vn -0.8846 -0.46427 -0.04409
vn -0.91266 -0.34621 0.21723
vn -0.9342 -0.35429 -0.04172
vn -0.94722 -0.23355 0.21962
vn -0.9702 -0.23913 -0.03923
vn -0.96791 -0.11761 0.22208
vn -0.99204 -0.12045 -0.03666
vn -0.97446 -8E-05 0.22458
vn -0.99942 0 -0.03405
vn -0.96679 0.1173 0.22708
vn -0.99222 0.12048 -0.03143
vn -0.94504 0.23285 0.22954
vn -0.97054 0.23922 -0.02885
vn -0.90955 0.34486 0.23194
vn -0.93469 0.35448 -0.02634
vn -0.86086 0.45173 0.23422
vn -0.8852 0.46459 -0.02394
vn -0.79971 0.55191 0.23637
vn -0.82279 0.56793 -0.02168
vn -0.72698 0.64396 0.23834
vn -0.74837 0.66299 -0.01959
vn -0.64377 0.72657 0.24012
vn -0.66302 0.74839 -0.01772
vn -0.55127 0.79856 0.24168
vn -0.56799 0.82288 -0.01608
vn -0.45083 0.8589 0.24299
vn -0.46468 0.88536 -0.01469
vn -0.34391 0.90674 0.24404
vn -0.35457 0.93493 -0.01358
vn -0.23206 0.94139 0.2448
vn -0.2393 0.97086 -0.01277
vn -0.11687 0.96238 0.24528
vn -0.12053 0.99263 -0.01226
vn 0.23205 0.94136 0.24494
vn 0.2393 0.97086 -0.01262
vn -0 0.82138 0.57039
vn 0.09904 0.81543 0.57032
vn -0 0.4751 0.87993
vn 0.05729 0.47166 0.87992
vn -0 0.1302 0.99149
vn 0.0157 0.12925 0.99149
vn 0.19669 0.79772 0.57006
vn 0.11379 0.46142 0.87985
vn 0.03117 0.12644 0.99148
vn 0.29154 0.76847 0.56962
vn 0.16867 0.44452 0.87975
vn 0.0462 0.12179 0.99148
vn 0.38227 0.72808 0.569
vn 0.22117 0.42118 0.8796
vn 0.06057 0.11537 0.99147
vn 0.46758 0.67713 0.56822
vn 0.27055 0.39173 0.8794
vn 0.07408 0.10728 0.99147
vn 0.54624 0.6163 0.56728
vn 0.31609 0.35656 0.87918
vn 0.08652 0.09762 0.99146
vn 0.61712 0.54644 0.56619
vn 0.35714 0.31617 0.87891
vn 0.09772 0.08653 0.99145
vn 0.67918 0.46853 0.56497
vn 0.39311 0.27111 0.87861
vn 0.10751 0.07417 0.99143
vn 0.73151 0.38365 0.56365
vn 0.42345 0.22201 0.87829
vn 0.11576 0.06071 0.99142
vn 0.77333 0.29301 0.56223
vn 0.44772 0.16957 0.87795
vn 0.12233 0.04635 0.99141
vn 0.804 0.19789 0.56073
vn 0.46555 0.11451 0.87758
vn 0.12714 0.0313 0.99139
vn 0.82303 0.09966 0.55919
vn 0.47664 0.05764 0.87721
vn 0.1301 0.01576 0.99138
vn 0.8301 -0.00028 0.55762
vn 0.48081 -0.00023 0.87683
vn 0.13117 -4E-05 0.99136
vn 0.82507 -0.10046 0.55603
vn 0.47797 -0.05827 0.87644
vn 0.13032 -0.01586 0.99134
vn 0.80796 -0.19942 0.55447
vn 0.46813 -0.11562 0.87606
vn 0.12757 -0.03148 0.99133
vn 0.77898 -0.2957 0.55294
vn 0.45142 -0.17143 0.87569
vn 0.12295 -0.04667 0.99131
vn 0.73852 -0.38788 0.55148
vn 0.42804 -0.22488 0.87534
vn 0.11653 -0.0612 0.9913
vn 0.68714 -0.47458 0.5501
vn 0.39831 -0.27517 0.875
vn 0.10838 -0.07485 0.99129
vn 0.62557 -0.55448 0.54882
vn 0.36267 -0.32153 0.87469
vn 0.09864 -0.08743 0.99127
vn 0.55469 -0.62639 0.54767
vn 0.32162 -0.36327 0.87441
vn 0.08744 -0.09874 0.99126
vn 0.47554 -0.68922 0.54666
vn 0.27575 -0.39974 0.87417
vn 0.07494 -0.10862 0.99125
vn 0.38928 -0.74199 0.54581
vn 0.22575 -0.43038 0.87396
vn 0.06134 -0.11692 0.99125
vn 0.33853 -0.91818 0.20576
vn 0.29719 -0.78391 0.54513
vn 0.17236 -0.45472 0.8738
vn 0.04682 -0.1235 0.99124
vn 0.23423 -0.95039 0.20468
vn 0.20064 -0.81432 0.54463
vn 0.11637 -0.47239 0.87368
vn 0.03161 -0.12828 0.99123
vn 0.11799 -0.97179 0.20419
vn 0.10108 -0.83277 0.54432
vn 0.05863 -0.4831 0.8736
vn 0.01592 -0.13117 0.99123
vn -0 -0.97897 0.204
vn -0 -0.83896 0.5442
vn -0 -0.4867 0.87357
vn -0 -0.13214 0.99123
vn -0.11799 -0.97181 0.20412
vn -0.10109 -0.8328 0.54427
vn -0.05864 -0.48312 0.87359
vn -0.01592 -0.13117 0.99123
vn -0.23424 -0.95042 0.20454
vn -0.20066 -0.81438 0.54454
vn -0.11639 -0.47242 0.87365
vn -0.03161 -0.12828 0.99123
vn -0.33735 -0.91852 0.20621
vn -0.29723 -0.78398 0.545
vn -0.17239 -0.45477 0.87376
vn -0.04683 -0.12351 0.99124
vn -0.38934 -0.74209 0.54564
vn -0.22579 -0.43044 0.87392
vn -0.06135 -0.11692 0.99124
vn -0.47562 -0.68932 0.54646
vn -0.27581 -0.39981 0.87412
vn -0.07496 -0.10863 0.99125
vn -0.5548 -0.62651 0.54743
vn -0.32169 -0.36335 0.87435
vn -0.08746 -0.09876 0.99126
vn -0.62571 -0.5546 0.54855
vn -0.36276 -0.32161 0.87463
vn -0.09866 -0.08744 0.99127
vn -0.68731 -0.47469 0.54979
vn -0.39843 -0.27524 0.87493
vn -0.1084 -0.07486 0.99128
vn -0.73872 -0.38798 0.55115
vn -0.42816 -0.22495 0.87526
vn -0.11655 -0.06121 0.9913
vn -0.7792 -0.29578 0.5526
vn -0.45156 -0.17148 0.87561
vn -0.12298 -0.04668 0.99131
vn -0.80819 -0.19947 0.55411
vn -0.46829 -0.11565 0.87597
vn -0.1276 -0.03149 0.99133
vn -0.82531 -0.10048 0.55567
vn -0.47813 -0.05829 0.87635
vn -0.13035 -0.01587 0.99134
vn -0.83034 -0.00028 0.55725
vn -0.48097 -0.00023 0.87674
vn -0.1312 -4E-05 0.99136
vn -0.82327 0.09969 0.55883
vn -0.4768 0.05766 0.87712
vn -0.13013 0.01576 0.99137
vn -0.80423 0.19795 0.56038
vn -0.4657 0.11455 0.8775
vn -0.12717 0.0313 0.99139
vn -0.77355 0.29309 0.56189
vn -0.44787 0.16962 0.87786
vn -0.12236 0.04636 0.9914
vn -0.73171 0.38375 0.56333
vn -0.42358 0.22208 0.87821
vn -0.11578 0.06073 0.99142
vn -0.67935 0.46864 0.56468
vn -0.39322 0.27119 0.87854
vn -0.10754 0.07418 0.99143
vn -0.61726 0.54656 0.56592
vn -0.35724 0.31625 0.87884
vn -0.09774 0.08654 0.99144
vn -0.54635 0.61642 0.56704
vn -0.31616 0.35664 0.87912
vn -0.08653 0.09763 0.99145
vn -0.46766 0.67724 0.56801
vn -0.2706 0.3918 0.87935
vn -0.07409 0.10729 0.99146
vn -0.38233 0.72818 0.56883
vn -0.22121 0.42125 0.87955
vn -0.06058 0.11538 0.99147
vn -0.29158 0.76854 0.56949
vn -0.1687 0.44457 0.87971
vn -0.04621 0.1218 0.99148
vn -0.19671 0.79777 0.56997
vn -0.1138 0.46146 0.87983
vn -0.03118 0.12645 0.99148
vn -0.09905 0.81546 0.57027
vn -0.0573 0.47168 0.8799
vn -0.0157 0.12926 0.99149
vn 0.99922 0 -0.0396
vn 0.01607 -0.99702 0.0754
vn 0.01379 -0.99716 0.074
vn 0.0143 -0.99713 0.07431
vn -0.36845 0 -0.92965
vn -0.37419 0 -0.92735
vn -0.40969 0 -0.91222
vn -0.20043 -0 -0.97971
vn -0.20475 -0 -0.97881
vn -0.29272 0 -0.9562
vn -0.28834 0 -0.95753
vn 0.13341 -0 -0.99106
vn -0 -0 -1
vn -0.00399 -0 -0.99999
vn 0.13249 -0 -0.99118
vn 0.29272 -0 -0.9562
vn 0.28496 -0 -0.95854
vn 0.36845 0 -0.92965
vn 0.37419 0 -0.92735
vn 0 0 1
vn 0 0 1
vn 0 0 1
vn -0 0 1
vn -0 0 1
vn 0 0 1
vn -0 0 1
vn -0 0 1
vn 0 0 1
vn 0 0 1
vn -0.01608 -0.99702 0.07547
vn -0.01432 -0.99713 0.07438
vn -0.0138 -0.99716 0.07406
vn -0.0106 -0.99732 0.07245
vn -0.01017 -0.99733 0.07227
vn -0.0071 -0.99744 0.07111
vn -0.00686 -0.99745 0.07102
vn -0.0045 -0.99752 0.07025
vn -0.0044 -0.99752 0.07022
vn -1E-05 -0.99755 0.06991
vn 0 -0.99755 0.06991
vn 0.0045 -0.99752 0.07023
vn 0.0044 -0.99752 0.0702
vn 0.00709 -0.99745 0.07107
vn 0.00686 -0.99745 0.071
vn 0.01059 -0.99732 0.0724
vn 0.01017 -0.99734 0.07223
vn 0.11916 0.98207 -0.14606
vn 1E-05 0.98929 -0.14594
vn -1E-05 0.74844 -0.6632
vn 0.09026 0.74294 -0.66325
vn 0.09016 0.74295 -0.66325
vn 1E-05 0.74844 -0.6632
vn -0 0.26474 -0.96432
vn 0.03192 0.2628 -0.96432
vn 0.0167 0.13759 -0.99035
vn 0 0.1386 -0.99035
vn 0.95797 0.23695 -0.16173
vn 0.9228 0.3508 -0.1593
vn 0.69549 0.26328 -0.66856
vn 0.72132 0.17731 -0.66953
vn 0.7211 0.17821 -0.66952
vn 0.69518 0.26412 -0.66855
vn 0.24697 0.0936 -0.96449
vn 0.25634 0.06312 -0.96452
vn 0.13419 0.0331 -0.9904
vn 0.12927 0.04906 -0.99039
vn 0.7366 -0.65173 -0.18077
vn 0.81012 -0.55835 -0.17876
vn 0.60602 -0.41878 -0.67628
vn 0.5506 -0.48827 -0.67708
vn 0.55107 -0.48774 -0.67707
vn 0.60647 -0.41814 -0.67628
vn 0.21653 -0.14953 -0.96476
vn 0.19686 -0.17447 -0.96478
vn 0.10309 -0.0913 -0.99047
vn 0.11339 -0.07824 -0.99047
vn 0.00043 -0.99932 0.03682
vn -0.12384 -0.99141 0.04201
vn -0.11848 -0.97501 -0.18793
vn 1E-05 -0.98216 -0.18805
vn -1E-05 -0.73327 -0.67994
vn -0.08834 -0.72797 -0.6799
vn -0.08844 -0.72795 -0.6799
vn 1E-05 -0.73327 -0.67994
vn -0 -0.26267 -0.96489
vn -0.03166 -0.26076 -0.96488
vn -0.01658 -0.1365 -0.9905
vn 0 -0.1375 -0.9905
vn -0.8718 -0.45673 -0.17709
vn -0.81004 -0.55831 -0.17924
vn -0.60588 -0.41868 -0.67647
vn -0.6526 -0.34299 -0.67563
vn -0.65299 -0.34226 -0.67562
vn -0.60632 -0.41805 -0.67647
vn -0.21652 -0.14951 -0.96476
vn -0.23305 -0.12238 -0.96473
vn -0.12203 -0.06402 -0.99046
vn -0.11338 -0.07823 -0.99047
vn -0.87406 0.45958 -0.15752
vn -0.92271 0.35078 -0.15985
vn -0.69531 0.26321 -0.66878
vn -0.65925 0.34551 -0.66785
vn -0.65886 0.34627 -0.66784
vn -0.695 0.26405 -0.66877
vn -0.24694 0.09359 -0.9645
vn -0.23396 0.12273 -0.96447
vn -0.12246 0.0643 -0.99039
vn -0.12926 0.04905 -0.9904
vn -0.0167 0.13759 -0.99035
vn -0.03192 0.2628 -0.96432
vn -0.09014 0.74293 -0.66327
vn -0.09027 0.74291 -0.66327
vn -0.11913 0.98207 -0.14613
vn 0.23655 0.96051 -0.14649
vn 0.17918 0.72648 -0.66342
vn 0.17896 0.72653 -0.66342
vn 0.06337 0.25702 -0.96433
vn 0.03316 0.13457 -0.99035
vn 0.73931 0.65579 -0.15285
vn 0.6551 0.74028 -0.15106
vn 0.49534 0.55863 -0.66526
vn 0.55861 0.4944 -0.66597
vn 0.55814 0.49494 -0.66597
vn 0.49487 0.55905 -0.66526
vn 0.17543 0.19795 -0.96439
vn 0.19795 0.17531 -0.96441
vn 0.1036 0.09181 -0.99037
vn 0.09181 0.10367 -0.99037
vn 0.9567 -0.23497 -0.17181
vn 0.97848 -0.11798 -0.1693
vn 0.73461 -0.08968 -0.67254
vn 0.71757 -0.17734 -0.67353
vn 0.7178 -0.17645 -0.67352
vn 0.73473 -0.08874 -0.67253
vn 0.2617 -0.03184 -0.96463
vn 0.25583 -0.06312 -0.96466
vn 0.13394 -0.03298 -0.99044
vn 0.13701 -0.01661 -0.99043
vn 0.353 -0.93558 -0.00881
vn 0.34866 -0.91849 -0.18659
vn 0.45701 -0.8699 -0.18552
vn 0.34099 -0.65019 -0.67895
vn 0.26005 -0.68617 -0.67937
vn 0.26037 -0.68605 -0.67937
vn 0.34139 -0.64999 -0.67895
vn 0.12211 -0.23271 -0.96485
vn 0.09315 -0.24568 -0.96486
vn 0.04878 -0.1286 -0.9905
vn 0.06395 -0.12181 -0.99049
vn -0.2456 -0.96751 0.06
vn -0.23525 -0.95367 -0.18751
vn -0.17543 -0.71217 -0.67973
vn -0.17563 -0.71212 -0.67973
vn -0.06285 -0.25507 -0.96488
vn -0.03292 -0.13352 -0.9905
vn -0.8126 0.56174 -0.15532
vn -0.61343 0.42292 -0.66696
vn -0.61298 0.42359 -0.66696
vn -0.21755 0.1501 -0.96444
vn -0.11386 0.07862 -0.99038
vn 0.35048 0.92493 -0.14721
vn 0.2654 0.69932 -0.66371
vn 0.26509 0.69944 -0.66371
vn 0.09388 0.24747 -0.96434
vn 0.04913 0.12957 -0.99035
vn 0.97913 0.11972 -0.16423
vn 0.73654 0.08895 -0.67052
vn 0.73643 0.08989 -0.67051
vn 0.26196 0.03174 -0.96456
vn 0.13714 0.01668 -0.99041
vn 0.92099 -0.34845 -0.17424
vn 0.69014 -0.26222 -0.6745
vn 0.69046 -0.26139 -0.67449
vn 0.24624 -0.09345 -0.96469
vn 0.12893 -0.04887 -0.99045
vn -0.35113 -0.93628 -0.00898
vn -0.34863 -0.91846 -0.18679
vn -0.26003 -0.6861 -0.67945
vn -0.26033 -0.68599 -0.67945
vn -0.09315 -0.24567 -0.96487
vn -0.04878 -0.1286 -0.9905
vn -0.9566 -0.23495 -0.17238
vn -0.9209 -0.34842 -0.17479
vn -0.68996 -0.26214 -0.67472
vn -0.71737 -0.17729 -0.67376
vn -0.71759 -0.17641 -0.67375
vn -0.69028 -0.26132 -0.67471
vn -0.24621 -0.09344 -0.9647
vn -0.2558 -0.06311 -0.96467
vn -0.13393 -0.03298 -0.99044
vn -0.12892 -0.04886 -0.99045
vn -0.73925 0.65576 -0.15328
vn -0.5585 0.49429 -0.66615
vn -0.55802 0.49484 -0.66614
vn -0.19793 0.17529 -0.96441
vn -0.1036 0.09181 -0.99037
vn 0.81267 0.56177 -0.15483
vn 0.61357 0.42303 -0.66677
vn 0.61313 0.42368 -0.66676
vn 0.21757 0.15011 -0.96443
vn 0.11387 0.07863 -0.99038
vn 0.65239 -0.73556 -0.18259
vn 0.48732 -0.55055 -0.6778
vn 0.4878 -0.55014 -0.67779
vn 0.17434 -0.19685 -0.96481
vn 0.0913 -0.10302 -0.99048
vn 0.24618 -0.96699 0.06571
vn 0.23528 -0.9537 -0.18737
vn 0.17543 -0.71223 -0.67968
vn 0.17565 -0.71217 -0.67968
vn 0.06285 -0.25507 -0.96488
vn 0.03292 -0.13352 -0.9905
vn -0.45696 -0.86987 -0.18579
vn -0.34096 -0.6501 -0.67905
vn -0.34133 -0.64991 -0.67905
vn -0.1221 -0.2327 -0.96485
vn -0.06394 -0.1218 -0.99049
vn -0.97838 -0.11797 -0.16988
vn -0.7344 -0.08965 -0.67277
vn -0.73452 -0.08872 -0.67276
vn -0.26167 -0.03184 -0.96463
vn -0.13699 -0.0166 -0.99043
vn -0.65505 0.74025 -0.15146
vn -0.49525 0.55852 -0.66541
vn -0.49477 0.55896 -0.66541
vn -0.17542 0.19794 -0.96439
vn -0.09181 0.10366 -0.99037
vn -0.23652 0.9605 -0.14663
vn -0.17918 0.72643 -0.66347
vn -0.17894 0.72649 -0.66347
vn -0.06337 0.25701 -0.96433
vn -0.03316 0.13456 -0.99035
vn -0.65233 -0.73552 -0.18297
vn -0.55869 -0.80859 -0.18451
vn -0.41706 -0.60467 -0.67855
vn -0.48724 -0.55044 -0.67795
vn -0.4877 -0.55004 -0.67794
vn -0.41749 -0.60438 -0.67855
vn -0.14929 -0.21634 -0.96484
vn -0.17433 -0.19684 -0.96481
vn -0.09129 -0.10301 -0.99048
vn -0.07818 -0.11323 -0.99049
vn 0.45925 0.87585 -0.14823
vn 0.34764 0.66188 -0.66412
vn 0.34725 0.66209 -0.66412
vn 0.12301 0.23431 -0.96435
vn 0.06438 0.12269 -0.99036
vn 0.87189 -0.45677 -0.17657
vn 0.65277 -0.34308 -0.67542
vn 0.65317 -0.34234 -0.67541
vn 0.23308 -0.12239 -0.96473
vn 0.12204 -0.06402 -0.99046
vn -0.9859 0.00083 -0.16735
vn -0.74076 -0.00048 -0.67177
vn -0.74077 0.00047 -0.67175
vn -0.26372 -7E-05 -0.9646
vn -0.13806 3E-05 -0.99042
vn -0.56125 0.81396 -0.14986
vn -0.4246 0.61465 -0.66477
vn -0.42414 0.61497 -0.66477
vn -0.15032 0.21771 -0.96437
vn -0.07867 0.114 -0.99036
vn 0.87414 0.45961 -0.15699
vn 0.65941 0.3456 -0.66764
vn 0.65902 0.34635 -0.66763
vn 0.23398 0.12274 -0.96446
vn 0.12247 0.06431 -0.99039
vn 0.986 0.00083 -0.16676
vn 0.74098 -0.00048 -0.67153
vn 0.74098 0.00047 -0.67152
vn 0.26375 -6E-05 -0.96459
vn 0.13808 3E-05 -0.99042
vn 0.55874 -0.80863 -0.18418
vn 0.41712 -0.60478 -0.67842
vn 0.41756 -0.60447 -0.67842
vn 0.1493 -0.21636 -0.96483
vn 0.07819 -0.11324 -0.99049
vn 0.12463 -0.99118 0.04499
vn 0.1185 -0.97502 -0.18786
vn 0.08833 -0.72799 -0.67987
vn 0.08846 -0.72798 -0.67987
vn 0.03165 -0.26076 -0.96488
vn 0.01658 -0.1365 -0.9905
vn -0.97903 0.11971 -0.16481
vn -0.73633 0.08892 -0.67075
vn -0.73623 0.08986 -0.67074
vn -0.26193 0.03174 -0.96456
vn -0.13712 0.01668 -0.99041
vn -0.45922 0.87582 -0.14851
vn -0.3476 0.66179 -0.66423
vn -0.34719 0.66201 -0.66423
vn -0.123 0.2343 -0.96435
vn -0.06437 0.12268 -0.99036
vn 0.5613 0.814 -0.14952
vn 0.42466 0.61475 -0.66464
vn 0.42422 0.61506 -0.66464
vn 0.15033 0.21772 -0.96437
vn 0.07867 0.11401 -0.99036
vn -0.73652 -0.65169 -0.18121
vn -0.55049 -0.48815 -0.67725
vn -0.55095 -0.48764 -0.67725
vn -0.19685 -0.17445 -0.96479
vn -0.10308 -0.09129 -0.99048
vn -0.95788 0.23693 -0.1623
vn -0.72112 0.17725 -0.66975
vn -0.7209 0.17816 -0.66974
vn -0.25631 0.06311 -0.96453
vn -0.13417 0.0331 -0.99041
vn -0.35044 0.92491 -0.14742
vn -0.26538 0.69925 -0.66379
vn -0.26505 0.69938 -0.66379
vn -0.09388 0.24746 -0.96434
vn -0.04913 0.12957 -0.99035
vn 0.37622 -0.92298 0.08106
vn 0.37483 -0.92355 0.08102
vn 0.31971 -0.91531 0.24495
vn 0.21847 -0.92665 0.30593
vn 0.28392 -0.89902 0.33339
vn 0.29659 -0.95177 0.07855
vn 0.25144 -0.96469 0.07842
vn 0.11042 -0.95563 0.27311
vn 0.17492 -0.94183 0.28698
vn 0.17971 -0.98063 0.07787
vn 0.1265 -0.98891 0.07785
vn -0.00087 -0.9655 0.26039
vn 0.05906 -0.96346 0.26126
vn 0.0602 -0.99517 0.07751
vn 0.00404 -0.99697 0.07763
vn -0.11222 -0.95671 0.26855
vn -0.05911 -0.96416 0.25864
vn -0.0602 -0.99518 0.07747
vn -0.12647 -0.98892 0.07777
vn -0.22055 -0.92905 0.29703
vn -0.17533 -0.94405 0.27934
vn -0.17971 -0.98064 0.07776
vn -0.24789 -0.96562 0.07825
vn -0.31946 -0.91788 0.23547
vn -0.28517 -0.903 0.32134
vn -0.29659 -0.95178 0.07836
vn -0.34428 -0.93531 0.08166
vn -0.37169 -0.9246 0.08349
vn -0.99937 -0.00801 -0.03454
vn -0 0 1
vn 0.40969 0 -0.91222
vn -0.33813 0 -0.9411
vn -0.13249 -0 -0.99118
vn -0.13341 -0 -0.99106
vn -0.16249 -0 -0.98671
vn -0.10422 -0 -0.99455
vn 0.20043 -0 -0.97971
vn 0.20475 -0 -0.97881
vn 0.16249 -0 -0.98671
vn 0.24664 -0 -0.96911
vn -0 0 1
vn -0 0 1
vn -0 0 1
vn -0 0 1
vn 0 0 1
vn 0 0 1
vn 0 0 1
vn -0 0 1
vt 1 0.49376
vt 1 0.01061
vt 0.98077 0.01061
vt 0.98077 0.49376
vt 0.94231 0.49376
vt 0.94231 0.01061
vt 0.92308 0.01061
vt 0.92308 0.49376
vt 0.90385 0.01061
vt 0.90385 0.49375
vt 0.90385 0.49375
vt 0.88462 0.01061
vt 0.88462 0.49375
vt 0.88462 0.49375
vt 0.86538 0.01061
vt 0.86538 0.49375
vt 0.86538 0.49375
vt 0.84615 0.01062
vt 0.84615 0.49375
vt 0.82692 0.01062
vt 0.82692 0.49375
vt 0.80769 0.01062
vt 0.80769 0.49375
vt 0.80769 0.49375
vt 0.78846 0.01062
vt 0.78846 0.49375
vt 0.78846 0.49375
vt 0.76923 0.01063
vt 0.76923 0.49375
vt 0.75 0.01063
vt 0.75 0.49374
vt 0.73077 0.01063
vt 0.73077 0.49374
vt 0.73077 0.49374
vt 0.71154 0.01063
vt 0.71154 0.49374
vt 0.71154 0.49374
vt 0.69231 0.01063
vt 0.69231 0.49374
vt 0.67308 0.01064
vt 0.67308 0.49374
vt 0.67308 0.49374
vt 0.65385 0.01064
vt 0.65385 0.49374
vt 0.65385 0.49374
vt 0.63462 0.01064
vt 0.63462 0.49374
vt 0.63462 0.49374
vt 0.61538 0.01064
vt 0.61538 0.49374
vt 0.61538 0.49374
vt 0.59615 0.01064
vt 0.59615 0.49374
vt 0.57692 0.01065
vt 0.57692 0.49373
vt 0.42308 0.49373
vt 0.42308 0.01065
vt 0.40385 0.01064
vt 0.40385 0.49373
vt 0.40385 0.49373
vt 0.38461 0.01064
vt 0.38461 0.49374
vt 0.38461 0.49374
vt 0.36538 0.01064
vt 0.36538 0.49374
vt 0.36538 0.49374
vt 0.34615 0.01064
vt 0.34615 0.49374
vt 0.34615 0.49374
vt 0.32692 0.01064
vt 0.32692 0.49374
vt 0.32692 0.49374
vt 0.30769 0.01064
vt 0.30769 0.49374
vt 0.30769 0.49374
vt 0.28846 0.01063
vt 0.28846 0.49374
vt 0.28846 0.49374
vt 0.26923 0.01063
vt 0.26923 0.49374
vt 0.26923 0.49374
vt 0.25 0.01063
vt 0.25 0.49374
vt 0.23077 0.01063
vt 0.23077 0.49375
vt 0.21154 0.01062
vt 0.21154 0.49375
vt 0.19231 0.01062
vt 0.19231 0.49375
vt 0.19231 0.49375
vt 0.17308 0.01062
vt 0.17308 0.49375
vt 0.17308 0.49375
vt 0.15385 0.01062
vt 0.15385 0.49375
vt 0.13461 0.01061
vt 0.13461 0.49375
vt 0.11538 0.01061
vt 0.11538 0.49375
vt 0.11538 0.49375
vt 0.09615 0.01061
vt 0.09615 0.49375
vt 0.09615 0.49375
vt 0.07692 0.01061
vt 0.07692 0.49376
vt 0.07692 0.49376
vt 0.05769 0.01061
vt 0.05769 0.49376
vt 0.05769 0.49376
vt 0.03846 0.01061
vt 0.03846 0.49376
vt 0.03846 0.49376
vt 0.01923 0.01061
vt 0.01923 0.49376
vt 0.96154 0.01061
vt 0.96154 0.49376
vt 0.96154 0.49376
vt 0.94231 0.49376
vt 0.01923 0.49376
vt -0 0.01061
vt -0 0.49376
vt 0.99991 0
vt 0.98088 0
vt 0.27875 0.51174
vt 0.25014 0.51001
vt 0.25 0.52513
vt 0.2771 0.52677
vt 0.25 0.54129
vt 0.27516 0.54281
vt 0.9807 0
vt 0.96168 0
vt 0.30722 0.51693
vt 0.27903 0.51177
vt 0.30379 0.53166
vt 0.29995 0.54735
vt 0.9615 0
vt 0.94248 0
vt 0.33486 0.52552
vt 0.30749 0.51699
vt 0.32971 0.53973
vt 0.32401 0.55485
vt 0.9423 0
vt 0.92327 0
vt 0.36126 0.53737
vt 0.33512 0.5256
vt 0.35446 0.55087
vt 0.34699 0.56519
vt 0.92308 0
vt 0.90407 0
vt 0.38605 0.55231
vt 0.36153 0.53749
vt 0.37769 0.56492
vt 0.36856 0.57823
vt 0.90385 0
vt 0.88486 0
vt 0.40886 0.57013
vt 0.38634 0.55248
vt 0.39906 0.58166
vt 0.3884 0.59378
vt 0.88462 0
vt 0.86565 0
vt 0.42936 0.59056
vt 0.40915 0.57036
vt 0.41825 0.60085
vt 0.40622 0.6116
vt 0.86538 0
vt 0.84644 0
vt 0.44725 0.61332
vt 0.42964 0.59085
vt 0.43499 0.62222
vt 0.42177 0.63144
vt 0.84615 0
vt 0.82723 0
vt 0.46227 0.63807
vt 0.44752 0.61366
vt 0.44903 0.64544
vt 0.43481 0.65301
vt 0.82692 0
vt 0.80801 0
vt 0.47421 0.66446
vt 0.46251 0.63847
vt 0.46017 0.6702
vt 0.44515 0.67599
vt 0.80769 0
vt 0.78879 0
vt 0.48288 0.69209
vt 0.4744 0.66489
vt 0.46825 0.69611
vt 0.45265 0.70005
vt 0.78846 0
vt 0.76957 0
vt 0.48816 0.72057
vt 0.48303 0.69256
vt 0.47314 0.72281
vt 0.45719 0.72484
vt 0.76923 0
vt 0.75034 0
vt 0.48997 0.74949
vt 0.48825 0.72107
vt 0.47478 0.74991
vt 0.45871 0.75
vt 0.75 0
vt 0.73111 0
vt 0.48828 0.77842
vt 0.49 0.75
vt 0.47314 0.777
vt 0.45719 0.77516
vt 0.73077 0
vt 0.71187 0
vt 0.48312 0.80694
vt 0.48825 0.77893
vt 0.46825 0.8037
vt 0.45265 0.79995
vt 0.71154 0
vt 0.69264 0
vt 0.47455 0.83463
vt 0.48303 0.80744
vt 0.46017 0.82961
vt 0.44515 0.82401
vt 0.69231 0
vt 0.6734 0
vt 0.46271 0.86109
vt 0.4744 0.83511
vt 0.44903 0.85437
vt 0.43481 0.84699
vt 0.67308 0
vt 0.65415 0
vt 0.44776 0.88594
vt 0.46251 0.86153
vt 0.43499 0.87759
vt 0.42177 0.86856
vt 0.65385 0
vt 0.63491 0
vt 0.42991 0.9088
vt 0.44752 0.88634
vt 0.41825 0.89896
vt 0.40622 0.8884
vt 0.63462 0
vt 0.61566 0
vt 0.40944 0.92935
vt 0.42964 0.90915
vt 0.39906 0.91816
vt 0.3884 0.90622
vt 0.61538 0
vt 0.59641 0
vt 0.38663 0.94728
vt 0.40915 0.92964
vt 0.37769 0.9349
vt 0.36856 0.92177
vt 0.59615 0
vt 0.57715 0
vt 0.36183 0.96233
vt 0.38634 0.94752
vt 0.35446 0.94894
vt 0.34699 0.93481
vt 0.55769 0.01065
vt 0.57692 0
vt 0.5579 0
vt 0.33539 0.97428
vt 0.36153 0.96251
vt 0.32971 0.96008
vt 0.32401 0.94515
vt 0.53846 0.01065
vt 0.55766 0
vt 0.53864 0
vt 0.30769 0.98295
vt 0.33506 0.97442
vt 0.30379 0.96815
vt 0.29995 0.95265
vt 0.51923 0.01065
vt 0.5384 0
vt 0.51938 0
vt 0.27915 0.98821
vt 0.30735 0.98304
vt 0.2771 0.97305
vt 0.27516 0.95719
vt 0.5 0.01065
vt 0.51914 0
vt 0.50012 0
vt 0.25018 0.98999
vt 0.2788 0.98826
vt 0.25 0.97469
vt 0.25 0.95871
vt 0.48077 0.01065
vt 0.49988 0
vt 0.48086 0
vt 0.22121 0.98826
vt 0.24983 0.98999
vt 0.22291 0.97305
vt 0.22484 0.95719
vt 0.46154 0.01065
vt 0.48063 0
vt 0.4616 0
vt 0.19266 0.98304
vt 0.22086 0.98821
vt 0.19621 0.96815
vt 0.20005 0.95265
vt 0.44231 0.01065
vt 0.46137 0
vt 0.44234 0
vt 0.16495 0.97442
vt 0.19232 0.98295
vt 0.17029 0.96008
vt 0.17599 0.94515
vt 0.44211 0
vt 0.42309 0
vt 0.13848 0.96252
vt 0.16462 0.97428
vt 0.14554 0.94894
vt 0.15301 0.93481
vt 0.42285 0
vt 0.40385 0
vt 0.11366 0.94752
vt 0.13818 0.96234
vt 0.12231 0.9349
vt 0.13144 0.92177
vt 0.4036 0
vt 0.38461 0
vt 0.09085 0.92964
vt 0.11337 0.94729
vt 0.10094 0.91816
vt 0.1116 0.90622
vt 0.38435 0
vt 0.36538 0
vt 0.07036 0.90915
vt 0.09056 0.92936
vt 0.08175 0.89896
vt 0.09378 0.8884
vt 0.3651 0
vt 0.34615 0
vt 0.05248 0.88634
vt 0.07009 0.90881
vt 0.06501 0.87759
vt 0.07823 0.86856
vt 0.34585 0
vt 0.32692 0
vt 0.03749 0.86153
vt 0.05225 0.88594
vt 0.05097 0.85437
vt 0.06519 0.84699
vt 0.3266 0
vt 0.30769 0
vt 0.0256 0.83511
vt 0.03729 0.8611
vt 0.03983 0.82961
vt 0.05485 0.82401
vt 0.30736 0
vt 0.28846 0
vt 0.01697 0.80744
vt 0.02545 0.83463
vt 0.03175 0.8037
vt 0.04735 0.79995
vt 0.28813 0
vt 0.26923 0
vt 0.01175 0.77893
vt 0.01688 0.80694
vt 0.02686 0.777
vt 0.04281 0.77516
vt 0.26889 0
vt 0.25 0
vt 0.01 0.75
vt 0.01172 0.77842
vt 0.02522 0.74991
vt 0.04129 0.75
vt 0.24966 0
vt 0.23077 0
vt 0.01175 0.72107
vt 0.01003 0.74949
vt 0.02686 0.72281
vt 0.04281 0.72484
vt 0.23043 0
vt 0.21154 0
vt 0.01697 0.69256
vt 0.01184 0.72057
vt 0.03175 0.69611
vt 0.04735 0.70005
vt 0.21121 0
vt 0.19231 0
vt 0.0256 0.66489
vt 0.01712 0.69209
vt 0.03983 0.6702
vt 0.05485 0.67599
vt 0.19199 0
vt 0.17308 0
vt 0.03749 0.63847
vt 0.02579 0.66445
vt 0.05097 0.64544
vt 0.06519 0.65301
vt 0.17277 0
vt 0.15385 0
vt 0.05248 0.61366
vt 0.03773 0.63807
vt 0.06501 0.62222
vt 0.07823 0.63144
vt 0.15355 0
vt 0.13461 0
vt 0.07036 0.59085
vt 0.05275 0.61332
vt 0.08175 0.60085
vt 0.09378 0.6116
vt 0.13434 0
vt 0.11538 0
vt 0.09085 0.57036
vt 0.07065 0.59056
vt 0.10095 0.58166
vt 0.1116 0.59378
vt 0.11513 0
vt 0.09615 0
vt 0.11366 0.55248
vt 0.09115 0.57012
vt 0.12231 0.56492
vt 0.13144 0.57823
vt 0.09592 0
vt 0.07692 0
vt 0.13847 0.53749
vt 0.11396 0.55231
vt 0.14554 0.55087
vt 0.15301 0.56519
vt 0.07672 0
vt 0.0577 0
vt 0.16489 0.5256
vt 0.13875 0.53736
vt 0.17029 0.53973
vt 0.17599 0.55485
vt 0.05751 0
vt 0.03849 0
vt 0.19252 0.51699
vt 0.16515 0.52552
vt 0.19621 0.53166
vt 0.20005 0.54735
vt 0.03831 0
vt 0.01929 0
vt 0.22098 0.51177
vt 0.19279 0.51693
vt 0.22291 0.52677
vt 0.22484 0.54281
vt 0.01911 0
vt 9E-05 0
vt 0.24987 0.51001
vt 0.22125 0.51174
vt 0.375 0.75
vt 0.625 0.75
vt 0.625 0.86615
vt 0.375 0.87027
vt 0.625 0.5
vt 0.625 0.525
vt 0.375 0.525
vt 0.375 0.5
vt 0.65 0.36843
vt 0.65 0.5
vt 0.625 0.37718
vt 0.7 0.35618
vt 0.7 0.5
vt 0.675 0.5
vt 0.675 0.36137
vt 0.775 0.5
vt 0.75 0.5
vt 0.75 0.35339
vt 0.775 0.35506
vt 0.825 0.5
vt 0.825 0.36423
vt 0.85 0.37322
vt 0.85 0.5
vt 0.15 0.35991
vt 0.15 0.5
vt 0.125 0.5
vt 0.125 0.37973
vt 0.25 0.32611
vt 0.25 0.5
vt 0.225 0.5
vt 0.225 0.32877
vt 0.325 0.34015
vt 0.325 0.5
vt 0.3 0.5
vt 0.3 0.33208
vt 0.375 0.725
vt 0.625 0.725
vt 0.375 0.7
vt 0.625 0.7
vt 0.375 0.675
vt 0.625 0.675
vt 0.375 0.65
vt 0.625 0.65
vt 0.375 0.625
vt 0.625 0.625
vt 0.375 0.6
vt 0.625 0.6
vt 0.375 0.575
vt 0.625 0.575
vt 0.375 0.55
vt 0.625 0.55
vt 0.98083 0.49678
vt 0.99994 0.49678
vt 0.98101 0.5
vt 0.99976 0.5
vt 0.75036 0.51002
vt 0.77857 0.51173
vt 0.77754 0.5232
vt 0.75 0.52153
vt 0.78853 0.49678
vt 0.80763 0.49679
vt 0.78868 0.5
vt 0.80743 0.5
vt 0.97452 0.66527
vt 0.98293 0.69225
vt 0.97183 0.69532
vt 0.96362 0.66898
vt 0.63468 0.4968
vt 0.65379 0.4968
vt 0.63483 0.5
vt 0.65359 0.5
vt 0.94728 0.88664
vt 0.92985 0.90889
vt 0.92101 0.9015
vt 0.93803 0.87978
vt 0.5 0.49373
vt 0.48077 0.49373
vt 0.48083 0.4968
vt 0.49994 0.4968
vt 0.48101 0.5
vt 0.49976 0.5
vt 0.74964 0.98998
vt 0.72143 0.98827
vt 0.72246 0.9768
vt 0.75 0.97847
vt 0.32698 0.4968
vt 0.34609 0.49679
vt 0.32718 0.5
vt 0.34594 0.5
vt 0.55231 0.88605
vt 0.53769 0.86186
vt 0.5477 0.85617
vt 0.56197 0.87979
vt 0.17314 0.49678
vt 0.19224 0.49678
vt 0.17333 0.5
vt 0.19209 0.5
vt 0.52573 0.6646
vt 0.53733 0.63882
vt 0.5477 0.64383
vt 0.53638 0.66898
vt 0.72246 0.5232
vt 0.72143 0.51173
vt 0.74964 0.51002
vt 0.00024 0.5
vt 0.01899 0.5
vt 0.01917 0.49678
vt 6E-05 0.49678
vt 0.9616 0.49678
vt 0.98071 0.49678
vt 0.96177 0.5
vt 0.98053 0.5
vt 0.77929 0.51182
vt 0.80709 0.51691
vt 0.80468 0.52817
vt 0.86545 0.49678
vt 0.88456 0.49678
vt 0.86561 0.5
vt 0.88436 0.5
vt 0.90942 0.57063
vt 0.92941 0.59061
vt 0.92101 0.5985
vt 0.9015 0.57899
vt 0.7116 0.49679
vt 0.73071 0.49679
vt 0.71175 0.5
vt 0.73051 0.5
vt 0.98818 0.77931
vt 0.98308 0.80712
vt 0.97183 0.80468
vt 0.9768 0.77754
vt 0.57692 0.49373
vt 0.55769 0.49373
vt 0.55775 0.4968
vt 0.57686 0.4968
vt 0.55792 0.5
vt 0.57668 0.5
vt 0.86119 0.96266
vt 0.83542 0.97426
vt 0.83102 0.96362
vt 0.85617 0.9523
vt 0.46154 0.49373
vt 0.4616 0.4968
vt 0.48071 0.4968
vt 0.46178 0.5
vt 0.48054 0.5
vt 0.72073 0.98819
vt 0.69292 0.98309
vt 0.69532 0.97183
vt 0.15391 0.49678
vt 0.17301 0.49678
vt 0.1541 0.5
vt 0.17286 0.5
vt 0.53766 0.63819
vt 0.55228 0.614
vt 0.56197 0.62021
vt 0.94237 0.49678
vt 0.96148 0.49678
vt 0.94254 0.5
vt 0.96129 0.5
vt 0.80779 0.51708
vt 0.83477 0.52549
vt 0.83102 0.53638
vt 0.76929 0.49679
vt 0.7884 0.49679
vt 0.76945 0.5
vt 0.7882 0.5
vt 0.9831 0.69295
vt 0.98819 0.72075
vt 0.9768 0.72246
vt 0.69237 0.49679
vt 0.71148 0.49679
vt 0.69252 0.5
vt 0.71128 0.5
vt 0.98291 0.80781
vt 0.9745 0.8348
vt 0.96362 0.83102
vt 0.44231 0.49373
vt 0.44237 0.4968
vt 0.46148 0.4968
vt 0.44255 0.5
vt 0.46131 0.5
vt 0.69223 0.98292
vt 0.66525 0.97451
vt 0.66898 0.96362
vt 0.28852 0.49679
vt 0.30763 0.49679
vt 0.28872 0.5
vt 0.30748 0.5
vt 0.5255 0.8348
vt 0.51709 0.80781
vt 0.52817 0.80468
vt 0.53638 0.83102
vt 0.13467 0.49678
vt 0.15378 0.49678
vt 0.13487 0.5
vt 0.15363 0.5
vt 0.55269 0.6134
vt 0.57012 0.59115
vt 0.57899 0.5985
vt 0.84622 0.49678
vt 0.86532 0.49678
vt 0.84637 0.5
vt 0.86513 0.5
vt 0.92988 0.59115
vt 0.94731 0.6134
vt 0.93803 0.62021
vt 0.61545 0.4968
vt 0.63455 0.4968
vt 0.61561 0.5
vt 0.63436 0.5
vt 0.92937 0.90942
vt 0.90938 0.92941
vt 0.9015 0.92101
vt 0.55769 0.49373
vt 0.53846 0.49373
vt 0.53852 0.4968
vt 0.55763 0.4968
vt 0.53869 0.5
vt 0.55745 0.5
vt 0.83475 0.97451
vt 0.80777 0.98292
vt 0.80468 0.97183
vt 0.42308 0.49373
vt 0.42314 0.4968
vt 0.44224 0.4968
vt 0.42332 0.5
vt 0.44208 0.5
vt 0.66458 0.97426
vt 0.6388 0.96266
vt 0.64383 0.9523
vt 0.26929 0.49679
vt 0.2884 0.49679
vt 0.26949 0.5
vt 0.28825 0.5
vt 0.51692 0.80712
vt 0.51182 0.77931
vt 0.5232 0.77754
vt 0.11544 0.49678
vt 0.13455 0.49678
vt 0.11564 0.5
vt 0.13439 0.5
vt 0.57059 0.59062
vt 0.59058 0.57063
vt 0.5985 0.57899
vt 0.01929 0.49678
vt 0.0384 0.49678
vt 0.01947 0.5
vt 0.03823 0.5
vt 0.69291 0.51691
vt 0.72071 0.51182
vt 0.69532 0.52817
vt 0.38468 0.4968
vt 0.40378 0.4968
vt 0.38487 0.5
vt 0.40362 0.5
vt 0.6134 0.94731
vt 0.59115 0.92988
vt 0.5985 0.92101
vt 0.62022 0.93803
vt 0.92314 0.49678
vt 0.94225 0.49678
vt 0.9233 0.5
vt 0.94206 0.5
vt 0.83544 0.52575
vt 0.86122 0.53735
vt 0.85617 0.5477
vt 0.67314 0.49679
vt 0.69225 0.49679
vt 0.67329 0.5
vt 0.69205 0.5
vt 0.97424 0.83546
vt 0.96264 0.86124
vt 0.9523 0.85617
vt 0.40391 0.4968
vt 0.42301 0.4968
vt 0.40409 0.5
vt 0.42285 0.5
vt 0.63818 0.96233
vt 0.61399 0.94771
vt 0.25006 0.49679
vt 0.26917 0.49679
vt 0.25026 0.5
vt 0.26902 0.5
vt 0.51173 0.77861
vt 0.51002 0.75039
vt 0.52153 0.75
vt 0.09621 0.49678
vt 0.11532 0.49678
vt 0.0964 0.5
vt 0.11516 0.5
vt 0.59111 0.57015
vt 0.61337 0.55272
vt 0.62021 0.56197
vt 0.82699 0.49678
vt 0.84609 0.49678
vt 0.82714 0.5
vt 0.8459 0.5
vt 0.94772 0.614
vt 0.96234 0.63819
vt 0.9523 0.64383
vt 0.75006 0.49679
vt 0.76917 0.49679
vt 0.75021 0.5
vt 0.76897 0.5
vt 0.98827 0.72146
vt 0.98998 0.74968
vt 0.97847 0.75
vt 0.59622 0.4968
vt 0.61532 0.4968
vt 0.59638 0.5
vt 0.61513 0.5
vt 0.90885 0.92988
vt 0.8866 0.94731
vt 0.87979 0.93803
vt 0.53846 0.49373
vt 0.51923 0.49373
vt 0.51929 0.4968
vt 0.5384 0.4968
vt 0.51946 0.5
vt 0.53822 0.5
vt 0.80708 0.98309
vt 0.77927 0.98819
vt 0.77754 0.9768
vt 0.23083 0.49679
vt 0.24994 0.49679
vt 0.23103 0.5
vt 0.24979 0.5
vt 0.51002 0.74968
vt 0.51173 0.72146
vt 0.5232 0.72246
vt 0.07698 0.49678
vt 0.09609 0.49678
vt 0.07717 0.5
vt 0.09593 0.5
vt 0.61395 0.55231
vt 0.63814 0.53768
vt 0.64383 0.5477
vt 0.90391 0.49678
vt 0.92302 0.49678
vt 0.90407 0.5
vt 0.92283 0.5
vt 0.86185 0.53768
vt 0.88604 0.55231
vt 0.87979 0.56197
vt 0.80776 0.49678
vt 0.82686 0.49678
vt 0.80791 0.5
vt 0.82667 0.5
vt 0.96267 0.63882
vt 0.97427 0.6646
vt 0.57699 0.4968
vt 0.59609 0.4968
vt 0.57715 0.5
vt 0.5959 0.5
vt 0.88601 0.94771
vt 0.86182 0.96233
vt 0.36544 0.4968
vt 0.38455 0.4968
vt 0.36564 0.5
vt 0.38439 0.5
vt 0.59061 0.92941
vt 0.57063 0.90942
vt 0.57899 0.9015
vt 0.2116 0.49679
vt 0.2307 0.49679
vt 0.2118 0.5
vt 0.23055 0.5
vt 0.51181 0.72075
vt 0.5169 0.69295
vt 0.52817 0.69532
vt 0.05775 0.49678
vt 0.07686 0.49678
vt 0.05794 0.5
vt 0.0767 0.5
vt 0.63878 0.53735
vt 0.66456 0.52575
vt 0.66898 0.53638
vt 0.88468 0.49678
vt 0.90379 0.49678
vt 0.88484 0.5
vt 0.9036 0.5
vt 0.88663 0.55272
vt 0.90888 0.57015
vt 0.73083 0.49679
vt 0.74994 0.49679
vt 0.73098 0.5
vt 0.74974 0.5
vt 0.98998 0.75039
vt 0.98827 0.77861
vt 0.65391 0.49679
vt 0.67302 0.4968
vt 0.65406 0.5
vt 0.67282 0.5
vt 0.96231 0.86186
vt 0.94769 0.88606
vt 0.5 0.49373
vt 0.50006 0.4968
vt 0.51917 0.4968
vt 0.50024 0.5
vt 0.51899 0.5
vt 0.77857 0.98827
vt 0.75035 0.98998
vt 0.34621 0.4968
vt 0.36532 0.4968
vt 0.34641 0.5
vt 0.36516 0.5
vt 0.57015 0.90889
vt 0.55272 0.88664
vt 0.19237 0.49679
vt 0.21147 0.49678
vt 0.19257 0.5
vt 0.21132 0.5
vt 0.51707 0.69225
vt 0.52548 0.66527
vt 0.03852 0.49678
vt 0.05763 0.49678
vt 0.03871 0.5
vt 0.05746 0.5
vt 0.66523 0.52549
vt 0.69221 0.51708
vt 0.30775 0.49679
vt 0.32686 0.49679
vt 0.30795 0.5
vt 0.32671 0.5
vt 0.53736 0.86124
vt 0.52576 0.83546
vt 0.56608 0.48354
vt 0.55769 0.36852
vt 0.55769 0.48354
vt 0.53846 0.48354
vt 0.55163 0.48354
vt 0.55699 0.35946
vt 0.54487 0.35559
vt 0.53846 0.35397
vt 0.51923 0.48354
vt 0.53758 0.48354
vt 0.52393 0.48354
vt 0.53281 0.3525
vt 0.52085 0.35031
vt 0.51923 0.35011
vt 0.5 0.48354
vt 0.51039 0.48354
vt 0.509 0.34889
vt 0.5 0.3482
vt 0.48077 0.48354
vt 0.49693 0.48354
vt 0.48348 0.48354
vt 0.49714 0.34798
vt 0.48529 0.34889
vt 0.48077 0.34943
vt 0.46154 0.48354
vt 0.46986 0.48354
vt 0.47336 0.35031
vt 0.46154 0.35248
vt 0.44231 0.48354
vt 0.45603 0.48354
vt 0.44919 0.35559
vt 0.44231 0.35779
vt 0.46141 0.3525
vt 0.42722 0.48354
vt 0.44194 0.48354
vt 0.43683 0.35946
vt 0.60676 0.37653
vt 0.375 0.3707
vt 0.36077 0.35942
vt 0.35 0.5
vt 0.35 0.35351
vt 0.875 0.38385
vt 0.875 0.5
vt 0.86419 0.37819
vt 0.66311 0.36372
vt 0.725 0.35413
vt 0.725 0.5
vt 0.70338 0.35544
vt 0.74398 0.35286
vt 0.8 0.35899
vt 0.8 0.5
vt 0.78455 0.35564
vt 0.82474 0.36413
vt 0.15061 0.35942
vt 0.175 0.5
vt 0.175 0.34603
vt 0.18478 0.34067
vt 0.2 0.5
vt 0.2 0.33575
vt 0.21997 0.3293
vt 0.25569 0.3255
vt 0.275 0.5
vt 0.275 0.32756
vt 0.29141 0.3293
vt 0.32661 0.34067
usemtl mat0
f 4418/3898/3387 4419/3899/3388 4420/3900/3389
f 4418/3898/3387 4420/3900/3389 4421/3901/3390
f 4422/3902/3391 4423/3903/3392 4424/3904/3393
f 4422/3902/3391 4424/3904/3393 4425/3905/3394
f 4425/3905/3394 4424/3904/3393 4426/3906/3395
f 4425/3905/3394 4426/3906/3395 4427/3907/3396
f 4428/3908/3396 4426/3906/3395 4429/3909/3397
f 4428/3908/3396 4429/3909/3397 4430/3910/3398
f 4431/3911/3398 4429/3909/3397 4432/3912/3399
f 4431/3911/3398 4432/3912/3399 4433/3913/3400
f 4434/3914/3400 4432/3912/3399 4435/3915/3401
f 4434/3914/3400 4435/3915/3401 4436/3916/3402
f 4436/3916/3402 4435/3915/3401 4437/3917/3403
f 4436/3916/3402 4437/3917/3403 4438/3918/3404
f 4438/3918/3404 4437/3917/3403 4439/3919/3405
f 4438/3918/3404 4439/3919/3405 4440/3920/3406
f 4441/3921/3406 4439/3919/3405 4442/3922/3407
f 4441/3921/3406 4442/3922/3407 4443/3923/3408
f 4444/3924/3408 4442/3922/3407 4445/3925/3409
f 4444/3924/3408 4445/3925/3409 4446/3926/3410
f 4446/3926/3410 4445/3925/3409 4447/3927/3411
f 4446/3926/3410 4447/3927/3411 4448/3928/3412
f 4448/3928/3412 4447/3927/3411 4449/3929/3413
f 4448/3928/3412 4449/3929/3413 4450/3930/3414
f 4451/3931/3414 4449/3929/3413 4452/3932/3415
f 4451/3931/3414 4452/3932/3415 4453/3933/3416
f 4454/3934/3416 4452/3932/3415 4455/3935/3417
f 4454/3934/3416 4455/3935/3417 4456/3936/3418
f 4456/3936/3418 4455/3935/3417 4457/3937/3419
f 4456/3936/3418 4457/3937/3419 4458/3938/3420
f 4459/3939/3420 4457/3937/3419 4460/3940/3421
f 4459/3939/3420 4460/3940/3421 4461/3941/3422
f 4462/3942/3422 4460/3940/3421 4463/3943/3423
f 4462/3942/3422 4463/3943/3423 4464/3944/3424
f 4465/3945/3424 4463/3943/3423 4466/3946/3425
f 4465/3945/3424 4466/3946/3425 4467/3947/3426
f 4468/3948/3426 4466/3946/3425 4469/3949/3427
f 4468/3948/3426 4469/3949/3427 4470/3950/3428
f 4470/3950/3428 4469/3949/3427 4471/3951/3429
f 4470/3950/3428 4471/3951/3429 4472/3952/3430
f 4473/3953/3431 4474/3954/3432 4475/3955/3433
f 4473/3953/3431 4475/3955/3433 4476/3956/3434
f 4477/3957/3434 4475/3955/3433 4478/3958/3435
f 4477/3957/3434 4478/3958/3435 4479/3959/3436
f 4480/3960/3436 4478/3958/3435 4481/3961/3437
f 4480/3960/3436 4481/3961/3437 4482/3962/3438
f 4483/3963/3438 4481/3961/3437 4484/3964/3439
f 4483/3963/3438 4484/3964/3439 4485/3965/3440
f 4486/3966/3440 4484/3964/3439 4487/3967/3441
f 4486/3966/3440 4487/3967/3441 4488/3968/3442
f 4489/3969/3442 4487/3967/3441 4490/3970/3443
f 4489/3969/3442 4490/3970/3443 4491/3971/3444
f 4492/3972/3444 4490/3970/3443 4493/3973/3445
f 4492/3972/3444 4493/3973/3445 4494/3974/3446
f 4495/3975/3446 4493/3973/3445 4496/3976/3447
f 4495/3975/3446 4496/3976/3447 4497/3977/3448
f 4498/3978/3448 4496/3976/3447 4499/3979/3449
f 4498/3978/3448 4499/3979/3449 4500/3980/3450
f 4500/3980/3450 4499/3979/3449 4501/3981/3451
f 4500/3980/3450 4501/3981/3451 4502/3982/3452
f 4502/3982/3452 4501/3981/3451 4503/3983/3453
f 4502/3982/3452 4503/3983/3453 4504/3984/3454
f 4504/3984/3454 4503/3983/3453 4505/3985/3455
f 4504/3984/3454 4505/3985/3455 4506/3986/3456
f 4507/3987/3456 4505/3985/3455 4508/3988/3457
f 4507/3987/3456 4508/3988/3457 4509/3989/3458
f 4510/3990/3458 4508/3988/3457 4511/3991/3459
f 4510/3990/3458 4511/3991/3459 4512/3992/3460
f 4512/3992/3460 4511/3991/3459 4513/3993/3461
f 4512/3992/3460 4513/3993/3461 4514/3994/3462
f 4514/3994/3462 4513/3993/3461 4515/3995/3463
f 4514/3994/3462 4515/3995/3463 4516/3996/3464
f 4517/3997/3464 4515/3995/3463 4518/3998/3465
f 4517/3997/3464 4518/3998/3465 4519/3999/3466
f 4520/4000/3466 4518/3998/3465 4521/4001/3467
f 4520/4000/3466 4521/4001/3467 4522/4002/3468
f 4523/4003/3468 4521/4001/3467 4524/4004/3469
f 4523/4003/3468 4524/4004/3469 4525/4005/3470
f 4526/4006/3470 4524/4004/3469 4527/4007/3471
f 4526/4006/3470 4527/4007/3471 4528/4008/3472
f 4529/4009/3472 4527/4007/3471 4530/4010/3473
f 4529/4009/3472 4530/4010/3473 4531/4011/3474
f 4421/3901/3390 4420/3900/3389 4532/4012/3475
f 4421/3901/3390 4532/4012/3475 4533/4013/3476
f 4534/4014/3476 4532/4012/3475 4423/3903/3392
f 4534/4014/3476 4423/3903/3392 4535/4015/3391
f 4536/4016/3474 4530/4010/3473 4537/4017/3388
f 4536/4016/3474 4537/4017/3388 4538/4018/3387
f 4420/3900/3389 4419/3899/3388 4539/4019/3477
f 4420/3900/3389 4539/4019/3477 4540/4020/3478
f 4541/4021/3478 4542/4022/3477 4543/4023/3479
f 4541/4021/3478 4543/4023/3479 4544/4024/3480
f 4544/4024/3480 4543/4023/3479 4545/4025/3481
f 4544/4024/3480 4545/4025/3481 4546/4026/3482
f 4532/4012/3475 4420/3900/3389 4547/4027/3478
f 4532/4012/3475 4547/4027/3478 4548/4028/3483
f 4549/4029/3483 4550/4030/3478 4544/4024/3480
f 4549/4029/3483 4544/4024/3480 4551/4031/3484
f 4551/4031/3484 4544/4024/3480 4546/4026/3482
f 4551/4031/3484 4546/4026/3482 4552/4032/3485
f 4423/3903/3392 4532/4012/3475 4553/4033/3483
f 4423/3903/3392 4553/4033/3483 4554/4034/3486
f 4555/4035/3486 4556/4036/3483 4551/4031/3484
f 4555/4035/3486 4551/4031/3484 4557/4037/3487
f 4557/4037/3487 4551/4031/3484 4552/4032/3485
f 4557/4037/3487 4552/4032/3485 4558/4038/3488
f 4424/3904/3393 4423/3903/3392 4559/4039/3486
f 4424/3904/3393 4559/4039/3486 4560/4040/3489
f 4561/4041/3489 4562/4042/3486 4557/4037/3487
f 4561/4041/3489 4557/4037/3487 4563/4043/3490
f 4563/4043/3490 4557/4037/3487 4558/4038/3488
f 4563/4043/3490 4558/4038/3488 4564/4044/3491
f 4426/3906/3395 4424/3904/3393 4565/4045/3489
f 4426/3906/3395 4565/4045/3489 4566/4046/3492
f 4567/4047/3492 4568/4048/3489 4563/4043/3490
f 4567/4047/3492 4563/4043/3490 4569/4049/3493
f 4569/4049/3493 4563/4043/3490 4564/4044/3491
f 4569/4049/3493 4564/4044/3491 4570/4050/3494
f 4429/3909/3397 4426/3906/3395 4571/4051/3492
f 4429/3909/3397 4571/4051/3492 4572/4052/3495
f 4573/4053/3495 4574/4054/3492 4569/4049/3493
f 4573/4053/3495 4569/4049/3493 4575/4055/3496
f 4575/4055/3496 4569/4049/3493 4570/4050/3494
f 4575/4055/3496 4570/4050/3494 4576/4056/3497
f 4432/3912/3399 4429/3909/3397 4577/4057/3495
f 4432/3912/3399 4577/4057/3495 4578/4058/3498
f 4579/4059/3498 4580/4060/3495 4575/4055/3496
f 4579/4059/3498 4575/4055/3496 4581/4061/3499
f 4581/4061/3499 4575/4055/3496 4576/4056/3497
f 4581/4061/3499 4576/4056/3497 4582/4062/3500
f 4435/3915/3401 4432/3912/3399 4583/4063/3498
f 4435/3915/3401 4583/4063/3498 4584/4064/3501
f 4585/4065/3501 4586/4066/3498 4581/4061/3499
f 4585/4065/3501 4581/4061/3499 4587/4067/3502
f 4587/4067/3502 4581/4061/3499 4582/4062/3500
f 4587/4067/3502 4582/4062/3500 4588/4068/3503
f 4437/3917/3403 4435/3915/3401 4589/4069/3501
f 4437/3917/3403 4589/4069/3501 4590/4070/3504
f 4591/4071/3504 4592/4072/3501 4587/4067/3502
f 4591/4071/3504 4587/4067/3502 4593/4073/3505
f 4593/4073/3505 4587/4067/3502 4588/4068/3503
f 4593/4073/3505 4588/4068/3503 4594/4074/3506
f 4439/3919/3405 4437/3917/3403 4595/4075/3504
f 4439/3919/3405 4595/4075/3504 4596/4076/3507
f 4597/4077/3507 4598/4078/3504 4593/4073/3505
f 4597/4077/3507 4593/4073/3505 4599/4079/3508
f 4599/4079/3508 4593/4073/3505 4594/4074/3506
f 4599/4079/3508 4594/4074/3506 4600/4080/3509
f 4442/3922/3407 4439/3919/3405 4601/4081/3507
f 4442/3922/3407 4601/4081/3507 4602/4082/3510
f 4603/4083/3510 4604/4084/3507 4599/4079/3508
f 4603/4083/3510 4599/4079/3508 4605/4085/3511
f 4605/4085/3511 4599/4079/3508 4600/4080/3509
f 4605/4085/3511 4600/4080/3509 4606/4086/3512
f 4445/3925/3409 4442/3922/3407 4607/4087/3510
f 4445/3925/3409 4607/4087/3510 4608/4088/3513
f 4609/4089/3513 4610/4090/3510 4605/4085/3511
f 4609/4089/3513 4605/4085/3511 4611/4091/3514
f 4611/4091/3514 4605/4085/3511 4606/4086/3512
f 4611/4091/3514 4606/4086/3512 4612/4092/3515
f 4447/3927/3411 4445/3925/3409 4613/4093/3513
f 4447/3927/3411 4613/4093/3513 4614/4094/3516
f 4615/4095/3516 4616/4096/3513 4611/4091/3514
f 4615/4095/3516 4611/4091/3514 4617/4097/3517
f 4617/4097/3517 4611/4091/3514 4612/4092/3515
f 4617/4097/3517 4612/4092/3515 4618/4098/3518
f 4449/3929/3413 4447/3927/3411 4619/4099/3516
f 4449/3929/3413 4619/4099/3516 4620/4100/3519
f 4621/4101/3519 4622/4102/3516 4617/4097/3517
f 4621/4101/3519 4617/4097/3517 4623/4103/3520
f 4623/4103/3520 4617/4097/3517 4618/4098/3518
f 4623/4103/3520 4618/4098/3518 4624/4104/3521
f 4452/3932/3415 4449/3929/3413 4625/4105/3519
f 4452/3932/3415 4625/4105/3519 4626/4106/3522
f 4627/4107/3522 4628/4108/3519 4623/4103/3520
f 4627/4107/3522 4623/4103/3520 4629/4109/3523
f 4629/4109/3523 4623/4103/3520 4624/4104/3521
f 4629/4109/3523 4624/4104/3521 4630/4110/3524
f 4455/3935/3417 4452/3932/3415 4631/4111/3522
f 4455/3935/3417 4631/4111/3522 4632/4112/3525
f 4633/4113/3525 4634/4114/3522 4629/4109/3523
f 4633/4113/3525 4629/4109/3523 4635/4115/3526
f 4635/4115/3526 4629/4109/3523 4630/4110/3524
f 4635/4115/3526 4630/4110/3524 4636/4116/3527
f 4457/3937/3419 4455/3935/3417 4637/4117/3525
f 4457/3937/3419 4637/4117/3525 4638/4118/3528
f 4639/4119/3528 4640/4120/3525 4635/4115/3526
f 4639/4119/3528 4635/4115/3526 4641/4121/3529
f 4641/4121/3529 4635/4115/3526 4636/4116/3527
f 4641/4121/3529 4636/4116/3527 4642/4122/3530
f 4460/3940/3421 4457/3937/3419 4643/4123/3528
f 4460/3940/3421 4643/4123/3528 4644/4124/3531
f 4645/4125/3531 4646/4126/3528 4641/4121/3529
f 4645/4125/3531 4641/4121/3529 4647/4127/3532
f 4647/4127/3532 4641/4121/3529 4642/4122/3530
f 4647/4127/3532 4642/4122/3530 4648/4128/3533
f 4463/3943/3423 4460/3940/3421 4649/4129/3531
f 4463/3943/3423 4649/4129/3531 4650/4130/3534
f 4651/4131/3534 4652/4132/3531 4647/4127/3532
f 4651/4131/3534 4647/4127/3532 4653/4133/3535
f 4653/4133/3535 4647/4127/3532 4648/4128/3533
f 4653/4133/3535 4648/4128/3533 4654/4134/3536
f 4466/3946/3425 4463/3943/3423 4655/4135/3534
f 4466/3946/3425 4655/4135/3534 4656/4136/3537
f 4657/4137/3537 4658/4138/3534 4653/4133/3535
f 4657/4137/3537 4653/4133/3535 4659/4139/3538
f 4659/4139/3538 4653/4133/3535 4654/4134/3536
f 4659/4139/3538 4654/4134/3536 4660/4140/3539
f 4469/3949/3427 4466/3946/3425 4661/4141/3537
f 4469/3949/3427 4661/4141/3537 4662/4142/3540
f 4663/4143/3540 4664/4144/3537 4659/4139/3538
f 4663/4143/3540 4659/4139/3538 4665/4145/3541
f 4665/4145/3541 4659/4139/3538 4660/4140/3539
f 4665/4145/3541 4660/4140/3539 4666/4146/3542
f 4471/3951/3429 4469/3949/3427 4667/4147/3540
f 4471/3951/3429 4667/4147/3540 4668/4148/3543
f 4669/4149/3543 4670/4150/3540 4665/4145/3541
f 4669/4149/3543 4665/4145/3541 4671/4151/3544
f 4671/4151/3544 4665/4145/3541 4666/4146/3542
f 4671/4151/3544 4666/4146/3542 4672/4152/3545
f 4673/4153/3546 4471/3951/3429 4674/4154/3543
f 4673/4153/3546 4674/4154/3543 4675/4155/3547
f 4676/4156/3547 4677/4157/3543 4671/4151/3544
f 4676/4156/3547 4671/4151/3544 4678/4158/3548
f 4678/4158/3548 4671/4151/3544 4672/4152/3545
f 4678/4158/3548 4672/4152/3545 4679/4159/3549
f 4680/4160/3550 4673/4153/3546 4681/4161/3547
f 4680/4160/3550 4681/4161/3547 4682/4162/3551
f 4683/4163/3551 4684/4164/3547 4678/4158/3548
f 4683/4163/3551 4678/4158/3548 4685/4165/3552
f 4685/4165/3552 4678/4158/3548 4679/4159/3549
f 4685/4165/3552 4679/4159/3549 4686/4166/3553
f 4687/4167/3554 4680/4160/3550 4688/4168/3551
f 4687/4167/3554 4688/4168/3551 4689/4169/3555
f 4690/4170/3555 4691/4171/3551 4685/4165/3552
f 4690/4170/3555 4685/4165/3552 4692/4172/3556
f 4692/4172/3556 4685/4165/3552 4686/4166/3553
f 4692/4172/3556 4686/4166/3553 4693/4173/3557
f 4694/4174/3558 4687/4167/3554 4695/4175/3555
f 4694/4174/3558 4695/4175/3555 4696/4176/3559
f 4697/4177/3559 4698/4178/3555 4692/4172/3556
f 4697/4177/3559 4692/4172/3556 4699/4179/3560
f 4699/4179/3560 4692/4172/3556 4693/4173/3557
f 4699/4179/3560 4693/4173/3557 4700/4180/3561
f 4701/4181/3562 4694/4174/3558 4702/4182/3559
f 4701/4181/3562 4702/4182/3559 4703/4183/3563
f 4704/4184/3563 4705/4185/3559 4699/4179/3560
f 4704/4184/3563 4699/4179/3560 4706/4186/3564
f 4706/4186/3564 4699/4179/3560 4700/4180/3561
f 4706/4186/3564 4700/4180/3561 4707/4187/3565
f 4708/4188/3566 4701/4181/3562 4709/4189/3563
f 4708/4188/3566 4709/4189/3563 4710/4190/3567
f 4711/4191/3567 4712/4192/3563 4706/4186/3564
f 4711/4191/3567 4706/4186/3564 4713/4193/3568
f 4713/4193/3568 4706/4186/3564 4707/4187/3565
f 4713/4193/3568 4707/4187/3565 4714/4194/3569
f 4715/4195/3570 4708/4188/3566 4716/4196/3567
f 4715/4195/3570 4716/4196/3567 4717/4197/3571
f 4718/4198/3571 4719/4199/3567 4713/4193/3568
f 4718/4198/3571 4713/4193/3568 4720/4200/3572
f 4720/4200/3572 4713/4193/3568 4714/4194/3569
f 4720/4200/3572 4714/4194/3569 4721/4201/3573
f 4474/3954/3432 4715/4195/3570 4722/4202/3571
f 4474/3954/3432 4722/4202/3571 4723/4203/3574
f 4724/4204/3574 4725/4205/3571 4720/4200/3572
f 4724/4204/3574 4720/4200/3572 4726/4206/3575
f 4726/4206/3575 4720/4200/3572 4721/4201/3573
f 4726/4206/3575 4721/4201/3573 4727/4207/3576
f 4475/3955/3433 4474/3954/3432 4728/4208/3574
f 4475/3955/3433 4728/4208/3574 4729/4209/3577
f 4730/4210/3577 4731/4211/3574 4726/4206/3575
f 4730/4210/3577 4726/4206/3575 4732/4212/3578
f 4732/4212/3578 4726/4206/3575 4727/4207/3576
f 4732/4212/3578 4727/4207/3576 4733/4213/3579
f 4478/3958/3435 4475/3955/3433 4734/4214/3577
f 4478/3958/3435 4734/4214/3577 4735/4215/3580
f 4736/4216/3580 4737/4217/3577 4732/4212/3578
f 4736/4216/3580 4732/4212/3578 4738/4218/3581
f 4738/4218/3581 4732/4212/3578 4733/4213/3579
f 4738/4218/3581 4733/4213/3579 4739/4219/3582
f 4481/3961/3437 4478/3958/3435 4740/4220/3580
f 4481/3961/3437 4740/4220/3580 4741/4221/3583
f 4742/4222/3583 4743/4223/3580 4738/4218/3581
f 4742/4222/3583 4738/4218/3581 4744/4224/3584
f 4744/4224/3584 4738/4218/3581 4739/4219/3582
f 4744/4224/3584 4739/4219/3582 4745/4225/3585
f 4484/3964/3439 4481/3961/3437 4746/4226/3583
f 4484/3964/3439 4746/4226/3583 4747/4227/3586
f 4748/4228/3586 4749/4229/3583 4744/4224/3584
f 4748/4228/3586 4744/4224/3584 4750/4230/3587
f 4750/4230/3587 4744/4224/3584 4745/4225/3585
f 4750/4230/3587 4745/4225/3585 4751/4231/3588
f 4487/3967/3441 4484/3964/3439 4752/4232/3586
f 4487/3967/3441 4752/4232/3586 4753/4233/3589
f 4754/4234/3589 4755/4235/3586 4750/4230/3587
f 4754/4234/3589 4750/4230/3587 4756/4236/3590
f 4756/4236/3590 4750/4230/3587 4751/4231/3588
f 4756/4236/3590 4751/4231/3588 4757/4237/3591
f 4490/3970/3443 4487/3967/3441 4758/4238/3589
f 4490/3970/3443 4758/4238/3589 4759/4239/3592
f 4760/4240/3592 4761/4241/3589 4756/4236/3590
f 4760/4240/3592 4756/4236/3590 4762/4242/3593
f 4762/4242/3593 4756/4236/3590 4757/4237/3591
f 4762/4242/3593 4757/4237/3591 4763/4243/3594
f 4493/3973/3445 4490/3970/3443 4764/4244/3592
f 4493/3973/3445 4764/4244/3592 4765/4245/3595
f 4766/4246/3595 4767/4247/3592 4762/4242/3593
f 4766/4246/3595 4762/4242/3593 4768/4248/3596
f 4768/4248/3596 4762/4242/3593 4763/4243/3594
f 4768/4248/3596 4763/4243/3594 4769/4249/3597
f 4496/3976/3447 4493/3973/3445 4770/4250/3595
f 4496/3976/3447 4770/4250/3595 4771/4251/3598
f 4772/4252/3598 4773/4253/3595 4768/4248/3596
f 4772/4252/3598 4768/4248/3596 4774/4254/3599
f 4774/4254/3599 4768/4248/3596 4769/4249/3597
f 4774/4254/3599 4769/4249/3597 4775/4255/3600
f 4499/3979/3449 4496/3976/3447 4776/4256/3598
f 4499/3979/3449 4776/4256/3598 4777/4257/3601
f 4778/4258/3601 4779/4259/3598 4774/4254/3599
f 4778/4258/3601 4774/4254/3599 4780/4260/3602
f 4780/4260/3602 4774/4254/3599 4775/4255/3600
f 4780/4260/3602 4775/4255/3600 4781/4261/3603
f 4501/3981/3451 4499/3979/3449 4782/4262/3601
f 4501/3981/3451 4782/4262/3601 4783/4263/3604
f 4784/4264/3604 4785/4265/3601 4780/4260/3602
f 4784/4264/3604 4780/4260/3602 4786/4266/3605
f 4786/4266/3605 4780/4260/3602 4781/4261/3603
f 4786/4266/3605 4781/4261/3603 4787/4267/3606
f 4503/3983/3453 4501/3981/3451 4788/4268/3604
f 4503/3983/3453 4788/4268/3604 4789/4269/3607
f 4790/4270/3607 4791/4271/3604 4786/4266/3605
f 4790/4270/3607 4786/4266/3605 4792/4272/3608
f 4792/4272/3608 4786/4266/3605 4787/4267/3606
f 4792/4272/3608 4787/4267/3606 4793/4273/3609
f 4505/3985/3455 4503/3983/3453 4794/4274/3607
f 4505/3985/3455 4794/4274/3607 4795/4275/3610
f 4796/4276/3610 4797/4277/3607 4792/4272/3608
f 4796/4276/3610 4792/4272/3608 4798/4278/3611
f 4798/4278/3611 4792/4272/3608 4793/4273/3609
f 4798/4278/3611 4793/4273/3609 4799/4279/3612
f 4508/3988/3457 4505/3985/3455 4800/4280/3610
f 4508/3988/3457 4800/4280/3610 4801/4281/3613
f 4802/4282/3613 4803/4283/3610 4798/4278/3611
f 4802/4282/3613 4798/4278/3611 4804/4284/3614
f 4804/4284/3614 4798/4278/3611 4799/4279/3612
f 4804/4284/3614 4799/4279/3612 4805/4285/3615
f 4511/3991/3459 4508/3988/3457 4806/4286/3613
f 4511/3991/3459 4806/4286/3613 4807/4287/3616
f 4808/4288/3616 4809/4289/3613 4804/4284/3614
f 4808/4288/3616 4804/4284/3614 4810/4290/3617
f 4810/4290/3617 4804/4284/3614 4805/4285/3615
f 4810/4290/3617 4805/4285/3615 4811/4291/3618
f 4513/3993/3461 4511/3991/3459 4812/4292/3616
f 4513/3993/3461 4812/4292/3616 4813/4293/3619
f 4814/4294/3619 4815/4295/3616 4810/4290/3617
f 4814/4294/3619 4810/4290/3617 4816/4296/3620
f 4816/4296/3620 4810/4290/3617 4811/4291/3618
f 4816/4296/3620 4811/4291/3618 4817/4297/3621
f 4515/3995/3463 4513/3993/3461 4818/4298/3619
f 4515/3995/3463 4818/4298/3619 4819/4299/3622
f 4820/4300/3622 4821/4301/3619 4816/4296/3620
f 4820/4300/3622 4816/4296/3620 4822/4302/3623
f 4822/4302/3623 4816/4296/3620 4817/4297/3621
f 4822/4302/3623 4817/4297/3621 4823/4303/3624
f 4518/3998/3465 4515/3995/3463 4824/4304/3622
f 4518/3998/3465 4824/4304/3622 4825/4305/3625
f 4826/4306/3625 4827/4307/3622 4822/4302/3623
f 4826/4306/3625 4822/4302/3623 4828/4308/3626
f 4828/4308/3626 4822/4302/3623 4823/4303/3624
f 4828/4308/3626 4823/4303/3624 4829/4309/3627
f 4521/4001/3467 4518/3998/3465 4830/4310/3625
f 4521/4001/3467 4830/4310/3625 4831/4311/3628
f 4832/4312/3628 4833/4313/3625 4828/4308/3626
f 4832/4312/3628 4828/4308/3626 4834/4314/3629
f 4834/4314/3629 4828/4308/3626 4829/4309/3627
f 4834/4314/3629 4829/4309/3627 4835/4315/3630
f 4524/4004/3469 4521/4001/3467 4836/4316/3628
f 4524/4004/3469 4836/4316/3628 4837/4317/3631
f 4838/4318/3631 4839/4319/3628 4834/4314/3629
f 4838/4318/3631 4834/4314/3629 4840/4320/3632
f 4840/4320/3632 4834/4314/3629 4835/4315/3630
f 4840/4320/3632 4835/4315/3630 4841/4321/3633
f 4527/4007/3471 4524/4004/3469 4842/4322/3631
f 4527/4007/3471 4842/4322/3631 4843/4323/3634
f 4844/4324/3634 4845/4325/3631 4840/4320/3632
f 4844/4324/3634 4840/4320/3632 4846/4326/3635
f 4846/4326/3635 4840/4320/3632 4841/4321/3633
f 4846/4326/3635 4841/4321/3633 4847/4327/3636
f 4530/4010/3473 4527/4007/3471 4848/4328/3634
f 4530/4010/3473 4848/4328/3634 4849/4329/3637
f 4850/4330/3637 4851/4331/3634 4846/4326/3635
f 4850/4330/3637 4846/4326/3635 4852/4332/3638
f 4852/4332/3638 4846/4326/3635 4847/4327/3636
f 4852/4332/3638 4847/4327/3636 4853/4333/3639
f 4537/4017/3388 4530/4010/3473 4854/4334/3637
f 4537/4017/3388 4854/4334/3637 4855/4335/3477
f 4856/4336/3477 4857/4337/3637 4852/4332/3638
f 4856/4336/3477 4852/4332/3638 4543/4023/3479
f 4543/4023/3479 4852/4332/3638 4853/4333/3639
f 4543/4023/3479 4853/4333/3639 4545/4025/3481
f 4858/4338/3640 4859/4339/3640 4860/4340/3640
f 4858/4338/3640 4860/4340/3640 4861/4341/3640
f 4862/4342/3641 4863/4343/3642 4864/4344/3643
f 4862/4342/3641 4864/4344/3643 4865/4345/3641
f 4866/4346/3644 4867/4347/3645 4862/4342/3646
f 4866/4346/3644 4862/4342/3646 4868/4348/3646
f 4869/4349/3647 4870/4350/3648 4871/4351/3649
f 4869/4349/3647 4871/4351/3649 4872/4352/3650
f 4873/4353/3651 4874/4354/3652 4875/4355/3653
f 4873/4353/3651 4875/4355/3653 4876/4356/3654
f 4877/4357/3655 4878/4358/3656 4879/4359/3657
f 4877/4357/3655 4879/4359/3657 4880/4360/3658
f 4881/4361/3659 4882/4362/3660 4883/4363/3661
f 4881/4361/3659 4883/4363/3661 4884/4364/3661
f 4885/4365/3662 4886/4366/3663 4887/4367/3664
f 4885/4365/3662 4887/4367/3664 4888/4368/3664
f 4889/4369/3665 4890/4370/3666 4891/4371/3667
f 4889/4369/3665 4891/4371/3667 4892/4372/3668
f 4859/4339/3669 4858/4338/3669 4893/4373/3670
f 4859/4339/3669 4893/4373/3670 4894/4374/3671
f 4894/4374/3671 4893/4373/3670 4895/4375/3672
f 4894/4374/3671 4895/4375/3672 4896/4376/3673
f 4896/4376/3673 4895/4375/3672 4897/4377/3674
f 4896/4376/3673 4897/4377/3674 4898/4378/3675
f 4897/4377/3674 4899/4379/3676 4900/4380/3677
f 4897/4377/3674 4900/4380/3677 4898/4378/3675
f 4899/4379/3676 4901/4381/3678 4902/4382/3679
f 4899/4379/3676 4902/4382/3679 4900/4380/3677
f 4901/4381/3678 4903/4383/3680 4904/4384/3681
f 4901/4381/3678 4904/4384/3681 4902/4382/3679
f 4903/4383/3680 4905/4385/3682 4906/4386/3683
f 4903/4383/3680 4906/4386/3683 4904/4384/3681
f 4905/4385/3682 4907/4387/3684 4908/4388/3685
f 4905/4385/3682 4908/4388/3685 4906/4386/3683
f 4908/4388/3685 4907/4387/3684 4864/4344/3643
f 4908/4388/3685 4864/4344/3643 4863/4343/3642
f 4418/3898/3387 4421/3901/3390 4909/4389/3686
f 4418/3898/3387 4909/4389/3686 4910/4390/3687
f 4910/4390/3688 4909/4389/3689 4911/4391/3690
f 4910/4390/3688 4911/4391/3690 4912/4392/3691
f 4913/4393/3692 4914/4394/3693 4915/4395/3694
f 4913/4393/3692 4915/4395/3694 4916/4396/3695
f 4441/3921/3406 4443/3923/3408 4917/4397/3696
f 4441/3921/3406 4917/4397/3696 4918/4398/3697
f 4918/4398/3698 4917/4397/3699 4919/4399/3700
f 4918/4398/3698 4919/4399/3700 4920/4400/3701
f 4921/4401/3702 4922/4402/3703 4923/4403/3704
f 4921/4401/3702 4923/4403/3704 4924/4404/3705
f 4462/3942/3422 4464/3944/3424 4925/4405/3706
f 4462/3942/3422 4925/4405/3706 4926/4406/3707
f 4926/4406/3708 4925/4405/3709 4927/4407/3710
f 4926/4406/3708 4927/4407/3710 4928/4408/3711
f 4929/4409/3712 4930/4410/3713 4931/4411/3714
f 4929/4409/3712 4931/4411/3714 4932/4412/3715
f 4933/4413/3716 4934/4414/3717 4935/4415/3718
f 4933/4413/3716 4935/4415/3718 4936/4416/3719
f 4936/4416/3720 4935/4415/3721 4937/4417/3722
f 4936/4416/3720 4937/4417/3722 4938/4418/3723
f 4939/4419/3724 4940/4420/3725 4941/4421/3726
f 4939/4419/3724 4941/4421/3726 4942/4422/3727
f 4486/3966/3440 4488/3968/3442 4943/4423/3728
f 4486/3966/3440 4943/4423/3728 4944/4424/3729
f 4944/4424/3730 4943/4423/3731 4945/4425/3732
f 4944/4424/3730 4945/4425/3732 4946/4426/3733
f 4947/4427/3734 4948/4428/3735 4949/4429/3736
f 4947/4427/3734 4949/4429/3736 4950/4430/3737
f 4507/3987/3456 4509/3989/3458 4951/4431/3738
f 4507/3987/3456 4951/4431/3738 4952/4432/3739
f 4952/4432/3740 4951/4431/3741 4953/4433/3742
f 4952/4432/3740 4953/4433/3742 4954/4434/3743
f 4955/4435/3744 4956/4436/3745 4957/4437/3746
f 4955/4435/3744 4957/4437/3746 4958/4438/3747
f 4916/4396/3695 4959/4439/3748 4960/4440/3749
f 4916/4396/3695 4960/4440/3749 4961/4441/3692
f 4962/4442/3691 4963/4443/3750 4964/4444/3751
f 4962/4442/3691 4964/4444/3751 4965/4445/3688
f 4965/4445/3687 4964/4444/3752 4536/4016/3474
f 4965/4445/3687 4536/4016/3474 4538/4018/3387
f 4421/3901/3390 4533/4013/3476 4966/4446/3753
f 4421/3901/3390 4966/4446/3753 4967/4447/3686
f 4967/4447/3689 4966/4446/3754 4968/4448/3755
f 4967/4447/3689 4968/4448/3755 4969/4449/3690
f 4970/4450/3693 4971/4451/3756 4972/4452/3757
f 4970/4450/3693 4972/4452/3757 4915/4395/3694
f 4431/3911/3398 4433/3913/3400 4973/4453/3758
f 4431/3911/3398 4973/4453/3758 4974/4454/3759
f 4974/4454/3760 4973/4453/3761 4975/4455/3762
f 4974/4454/3760 4975/4455/3762 4976/4456/3763
f 4977/4457/3764 4978/4458/3765 4979/4459/3766
f 4977/4457/3764 4979/4459/3766 4980/4460/3767
f 4451/3931/3414 4453/3933/3416 4981/4461/3768
f 4451/3931/3414 4981/4461/3768 4982/4462/3769
f 4982/4462/3770 4981/4461/3771 4983/4463/3772
f 4982/4462/3770 4983/4463/3772 4984/4464/3773
f 4985/4465/3774 4986/4466/3775 4987/4467/3776
f 4985/4465/3774 4987/4467/3776 4988/4468/3777
f 4989/4469/3430 4990/4470/3778 4991/4471/3779
f 4989/4469/3430 4991/4471/3779 4992/4472/3780
f 4992/4472/3781 4991/4471/3782 4993/4473/3783
f 4992/4472/3781 4993/4473/3783 4994/4474/3784
f 4995/4475/3785 4996/4476/3786 4997/4477/3787
f 4995/4475/3785 4997/4477/3787 4998/4478/3788
f 4934/4414/3717 4999/4479/3789 5000/4480/3790
f 4934/4414/3717 5000/4480/3790 5001/4481/3718
f 5001/4481/3721 5000/4480/3791 5002/4482/3792
f 5001/4481/3721 5002/4482/3792 5003/4483/3722
f 5004/4484/3725 5005/4485/3793 5006/4486/3794
f 5004/4484/3725 5006/4486/3794 4941/4421/3726
f 4510/3990/3458 4512/3992/3460 5007/4487/3795
f 4510/3990/3458 5007/4487/3795 5008/4488/3738
f 5008/4488/3741 5007/4487/3796 5009/4489/3797
f 5008/4488/3741 5009/4489/3797 5010/4490/3742
f 5011/4491/3745 5012/4492/3798 5013/4493/3799
f 5011/4491/3745 5013/4493/3799 4957/4437/3746
f 4534/4014/3476 4535/4015/3391 5014/4494/3800
f 4534/4014/3476 5014/4494/3800 5015/4495/3753
f 5015/4495/3754 5014/4494/3801 5016/4496/3802
f 5015/4495/3754 5016/4496/3802 5017/4497/3755
f 5018/4498/3756 5019/4499/3803 5020/4500/3804
f 5018/4498/3756 5020/4500/3804 4972/4452/3757
f 4444/3924/3408 4446/3926/3410 5021/4501/3805
f 4444/3924/3408 5021/4501/3805 5022/4502/3696
f 5022/4502/3699 5021/4501/3806 5023/4503/3807
f 5022/4502/3699 5023/4503/3807 5024/4504/3700
f 5025/4505/3703 5026/4506/3808 5027/4507/3809
f 5025/4505/3703 5027/4507/3809 4923/4403/3704
f 4454/3934/3416 4456/3936/3418 5028/4508/3810
f 4454/3934/3416 5028/4508/3810 5029/4509/3768
f 5029/4509/3771 5028/4508/3811 5030/4510/3812
f 5029/4509/3771 5030/4510/3812 5031/4511/3772
f 5032/4512/3775 5033/4513/3813 5034/4514/3814
f 5032/4512/3775 5034/4514/3814 4987/4467/3776
f 4999/4479/3789 5035/4515/3815 5036/4516/3816
f 4999/4479/3789 5036/4516/3816 5037/4517/3790
f 5037/4517/3791 5036/4516/3817 5038/4518/3818
f 5037/4517/3791 5038/4518/3818 5039/4519/3792
f 5040/4520/3793 5041/4521/3819 5042/4522/3820
f 5040/4520/3793 5042/4522/3820 5006/4486/3794
f 4492/3972/3444 4494/3974/3446 5043/4523/3821
f 4492/3972/3444 5043/4523/3821 5044/4524/3822
f 5044/4524/3823 5043/4523/3824 5045/4525/3825
f 5044/4524/3823 5045/4525/3825 5046/4526/3826
f 5047/4527/3827 5048/4528/3828 5049/4529/3829
f 5047/4527/3827 5049/4529/3829 5050/4530/3830
f 4512/3992/3460 4514/3994/3462 5051/4531/3831
f 4512/3992/3460 5051/4531/3831 5052/4532/3795
f 5052/4532/3796 5051/4531/3832 5053/4533/3833
f 5052/4532/3796 5053/4533/3833 5054/4534/3797
f 5055/4535/3798 5056/4536/3834 5057/4537/3835
f 5055/4535/3798 5057/4537/3835 5013/4493/3799
f 4434/3914/3400 4436/3916/3402 5058/4538/3836
f 4434/3914/3400 5058/4538/3836 5059/4539/3758
f 5059/4539/3761 5058/4538/3837 5060/4540/3838
f 5059/4539/3761 5060/4540/3838 5061/4541/3762
f 5062/4542/3765 5063/4543/3839 5064/4544/3840
f 5062/4542/3765 5064/4544/3840 4979/4459/3766
f 4465/3945/3424 4467/3947/3426 5065/4545/3841
f 4465/3945/3424 5065/4545/3841 5066/4546/3706
f 5066/4546/3709 5065/4545/3842 5067/4547/3843
f 5066/4546/3709 5067/4547/3843 5068/4548/3710
f 5069/4549/3713 5070/4550/3844 5071/4551/3845
f 5069/4549/3713 5071/4551/3845 4931/4411/3714
f 5072/4552/3778 5073/4553/3846 5074/4554/3847
f 5072/4552/3778 5074/4554/3847 5075/4555/3779
f 5075/4555/3782 5074/4554/3848 5076/4556/3849
f 5075/4555/3782 5076/4556/3849 5077/4557/3783
f 5078/4558/3786 5079/4559/3850 5080/4560/3851
f 5078/4558/3786 5080/4560/3851 4997/4477/3787
f 5035/4515/3815 5081/4561/3431 5082/4562/3852
f 5035/4515/3815 5082/4562/3852 5083/4563/3816
f 5083/4563/3817 5082/4562/3853 5084/4564/3854
f 5083/4563/3817 5084/4564/3854 5085/4565/3818
f 5086/4566/3819 5087/4567/3855 5088/4568/3856
f 5086/4566/3819 5088/4568/3856 5042/4522/3820
f 4495/3975/3446 4497/3977/3448 5089/4569/3857
f 4495/3975/3446 5089/4569/3857 5090/4570/3821
f 5090/4570/3824 5089/4569/3858 5091/4571/3859
f 5090/4570/3824 5091/4571/3859 5092/4572/3825
f 5093/4573/3828 5094/4574/3860 5095/4575/3861
f 5093/4573/3828 5095/4575/3861 5049/4529/3829
f 4514/3994/3462 4516/3996/3464 5096/4576/3862
f 4514/3994/3462 5096/4576/3862 5097/4577/3831
f 5097/4577/3832 5096/4576/3863 5098/4578/3864
f 5097/4577/3832 5098/4578/3864 5099/4579/3833
f 5100/4580/3834 5101/4581/3865 5102/4582/3866
f 5100/4580/3834 5102/4582/3866 5057/4537/3835
f 4529/4009/3472 4531/4011/3474 5103/4583/3752
f 4529/4009/3472 5103/4583/3752 5104/4584/3867
f 5104/4584/3868 5103/4583/3751 5105/4585/3750
f 5104/4584/3868 5105/4585/3750 5106/4586/3869
f 5107/4587/3870 5108/4588/3749 4959/4439/3748
f 5107/4587/3870 4959/4439/3748 5109/4589/3871
f 4477/3957/3434 4479/3959/3436 5110/4590/3872
f 4477/3957/3434 5110/4590/3872 5111/4591/3873
f 5111/4591/3874 5110/4590/3875 5112/4592/3876
f 5111/4591/3874 5112/4592/3876 5113/4593/3877
f 5114/4594/3878 5115/4595/3879 5116/4596/3880
f 5114/4594/3878 5116/4596/3880 5117/4597/3881
f 4422/3902/3391 4425/3905/3394 5118/4598/3882
f 4422/3902/3391 5118/4598/3882 5119/4599/3800
f 5119/4599/3801 5118/4598/3883 5120/4600/3884
f 5119/4599/3801 5120/4600/3884 5121/4601/3802
f 5122/4602/3803 5123/4603/3885 5124/4604/3886
f 5122/4602/3803 5124/4604/3886 5020/4500/3804
f 4456/3936/3418 4458/3938/3420 5125/4605/3887
f 4456/3936/3418 5125/4605/3887 5126/4606/3810
f 5126/4606/3811 5125/4605/3888 5127/4607/3889
f 5126/4606/3811 5127/4607/3889 5128/4608/3812
f 5129/4609/3813 5130/4610/3890 5131/4611/3891
f 5129/4609/3813 5131/4611/3891 5034/4514/3814
f 4473/3953/3431 4476/3956/3434 5132/4612/3873
f 4473/3953/3431 5132/4612/3873 5133/4613/3852
f 5133/4613/3853 5132/4612/3874 5134/4614/3877
f 5133/4613/3853 5134/4614/3877 5135/4615/3854
f 5136/4616/3855 5137/4617/3878 5117/4597/3881
f 5136/4616/3855 5117/4597/3881 5088/4568/3856
f 4498/3978/3448 4500/3980/3450 5138/4618/3892
f 4498/3978/3448 5138/4618/3892 5139/4619/3857
f 5139/4619/3858 5138/4618/3893 5140/4620/3894
f 5139/4619/3858 5140/4620/3894 5141/4621/3859
f 5142/4622/3860 5143/4623/3895 5144/4624/3896
f 5142/4622/3860 5144/4624/3896 5095/4575/3861
f 4517/3997/3464 4519/3999/3466 5145/4625/3897
f 4517/3997/3464 5145/4625/3897 5146/4626/3862
f 5146/4626/3863 5145/4625/3898 5147/4627/3899
f 5146/4626/3863 5147/4627/3899 5148/4628/3864
f 5149/4629/3865 5150/4630/3900 5151/4631/3901
f 5149/4629/3865 5151/4631/3901 5102/4582/3866
f 4436/3916/3402 4438/3918/3404 5152/4632/3902
f 4436/3916/3402 5152/4632/3902 5153/4633/3836
f 5153/4633/3837 5152/4632/3903 5154/4634/3904
f 5153/4633/3837 5154/4634/3904 5155/4635/3838
f 5156/4636/3839 5157/4637/3905 5158/4638/3906
f 5156/4636/3839 5158/4638/3906 5064/4544/3840
f 4446/3926/3410 4448/3928/3412 5159/4639/3907
f 4446/3926/3410 5159/4639/3907 5160/4640/3805
f 5160/4640/3806 5159/4639/3908 5161/4641/3909
f 5160/4640/3806 5161/4641/3909 5162/4642/3807
f 5163/4643/3808 5164/4644/3910 5165/4645/3911
f 5163/4643/3808 5165/4645/3911 5027/4507/3809
f 4468/3948/3426 4470/3950/3428 5166/4646/3912
f 4468/3948/3426 5166/4646/3912 5167/4647/3841
f 5167/4647/3842 5166/4646/3913 5168/4648/3914
f 5167/4647/3842 5168/4648/3914 5169/4649/3843
f 5170/4650/3844 5171/4651/3915 5172/4652/3916
f 5170/4650/3844 5172/4652/3916 5071/4551/3845
f 5173/4653/3846 5174/4654/3917 5175/4655/3918
f 5173/4653/3846 5175/4655/3918 5176/4656/3847
f 5176/4656/3848 5175/4655/3919 5177/4657/3920
f 5176/4656/3848 5177/4657/3920 5178/4658/3849
f 5179/4659/3850 5180/4660/3921 5181/4661/3922
f 5179/4659/3850 5181/4661/3922 5080/4560/3851
f 4500/3980/3450 4502/3982/3452 5182/4662/3923
f 4500/3980/3450 5182/4662/3923 5183/4663/3892
f 5183/4663/3893 5182/4662/3924 5184/4664/3925
f 5183/4663/3893 5184/4664/3925 5185/4665/3894
f 5186/4666/3895 5187/4667/3926 5188/4668/3927
f 5186/4666/3895 5188/4668/3927 5144/4624/3896
f 4520/4000/3466 4522/4002/3468 5189/4669/3928
f 4520/4000/3466 5189/4669/3928 5190/4670/3897
f 5190/4670/3898 5189/4669/3929 5191/4671/3930
f 5190/4670/3898 5191/4671/3930 5192/4672/3899
f 5193/4673/3900 5194/4674/3931 5195/4675/3932
f 5193/4673/3900 5195/4675/3932 5151/4631/3901
f 4425/3905/3394 4427/3907/3396 5196/4676/3933
f 4425/3905/3394 5196/4676/3933 5197/4677/3882
f 5197/4677/3883 5196/4676/3934 5198/4678/3935
f 5197/4677/3883 5198/4678/3935 5199/4679/3884
f 5200/4680/3885 5201/4681/3936 5202/4682/3937
f 5200/4680/3885 5202/4682/3937 5124/4604/3886
f 4438/3918/3404 4440/3920/3406 5203/4683/3697
f 4438/3918/3404 5203/4683/3697 5204/4684/3902
f 5204/4684/3903 5203/4683/3698 5205/4685/3701
f 5204/4684/3903 5205/4685/3701 5206/4686/3904
f 5207/4687/3905 5208/4688/3702 4924/4404/3705
f 5207/4687/3905 4924/4404/3705 5158/4638/3906
f 4470/3950/3428 4472/3952/3430 5209/4689/3780
f 4470/3950/3428 5209/4689/3780 5210/4690/3912
f 5210/4690/3913 5209/4689/3781 5211/4691/3784
f 5210/4690/3913 5211/4691/3784 5212/4692/3914
f 5213/4693/3915 5214/4694/3785 4998/4478/3788
f 5213/4693/3915 4998/4478/3788 5172/4652/3916
f 4480/3960/3436 4482/3962/3438 5215/4695/3938
f 4480/3960/3436 5215/4695/3938 5216/4696/3872
f 5216/4696/3875 5215/4695/3939 5217/4697/3940
f 5216/4696/3875 5217/4697/3940 5218/4698/3876
f 5219/4699/3879 5220/4700/3941 5221/4701/3942
f 5219/4699/3879 5221/4701/3942 5116/4596/3880
f 4502/3982/3452 4504/3984/3454 5222/4702/3943
f 4502/3982/3452 5222/4702/3943 5223/4703/3923
f 5223/4703/3924 5222/4702/3944 5224/4704/3945
f 5223/4703/3924 5224/4704/3945 5225/4705/3925
f 5226/4706/3926 5227/4707/3946 5228/4708/3947
f 5226/4706/3926 5228/4708/3947 5188/4668/3927
f 4523/4003/3468 4525/4005/3470 5229/4709/3948
f 4523/4003/3468 5229/4709/3948 5230/4710/3928
f 5230/4710/3929 5229/4709/3949 5231/4711/3950
f 5230/4710/3929 5231/4711/3950 5232/4712/3930
f 5233/4713/3931 5234/4714/3951 5235/4715/3952
f 5233/4713/3931 5235/4715/3952 5195/4675/3932
f 4428/3908/3396 4430/3910/3398 5236/4716/3759
f 4428/3908/3396 5236/4716/3759 5237/4717/3933
f 5237/4717/3934 5236/4716/3760 5238/4718/3763
f 5237/4717/3934 5238/4718/3763 5239/4719/3935
f 5240/4720/3936 5241/4721/3764 4980/4460/3767
f 5240/4720/3936 4980/4460/3767 5202/4682/3937
f 4448/3928/3412 4450/3930/3414 5242/4722/3769
f 4448/3928/3412 5242/4722/3769 5243/4723/3907
f 5243/4723/3908 5242/4722/3770 5244/4724/3773
f 5243/4723/3908 5244/4724/3773 5245/4725/3909
f 5246/4726/3910 5247/4727/3774 4988/4468/3777
f 5246/4726/3910 4988/4468/3777 5165/4645/3911
f 4459/3939/3420 4461/3941/3422 5248/4728/3707
f 4459/3939/3420 5248/4728/3707 5249/4729/3887
f 5249/4729/3888 5248/4728/3708 5250/4730/3711
f 5249/4729/3888 5250/4730/3711 5251/4731/3889
f 5252/4732/3890 5253/4733/3712 4932/4412/3715
f 5252/4732/3890 4932/4412/3715 5131/4611/3891
f 5174/4654/3917 5254/4734/3716 5255/4735/3719
f 5174/4654/3917 5255/4735/3719 5256/4736/3918
f 5256/4736/3919 5255/4735/3720 5257/4737/3723
f 5256/4736/3919 5257/4737/3723 5258/4738/3920
f 5259/4739/3921 5260/4740/3724 4942/4422/3727
f 5259/4739/3921 4942/4422/3727 5181/4661/3922
f 4483/3963/3438 4485/3965/3440 5261/4741/3729
f 4483/3963/3438 5261/4741/3729 5262/4742/3938
f 5262/4742/3939 5261/4741/3730 5263/4743/3733
f 5262/4742/3939 5263/4743/3733 5264/4744/3940
f 5265/4745/3941 5266/4746/3734 4950/4430/3737
f 5265/4745/3941 4950/4430/3737 5221/4701/3942
f 4504/3984/3454 4506/3986/3456 5267/4747/3739
f 4504/3984/3454 5267/4747/3739 5268/4748/3943
f 5268/4748/3944 5267/4747/3740 5269/4749/3743
f 5268/4748/3944 5269/4749/3743 5270/4750/3945
f 5271/4751/3946 5272/4752/3744 4958/4438/3747
f 5271/4751/3946 4958/4438/3747 5228/4708/3947
f 4526/4006/3470 4528/4008/3472 5273/4753/3867
f 4526/4006/3470 5273/4753/3867 5274/4754/3948
f 5274/4754/3949 5273/4753/3868 5275/4755/3869
f 5274/4754/3949 5275/4755/3869 5276/4756/3950
f 5277/4757/3951 5278/4758/3870 5109/4589/3871
f 5277/4757/3951 5109/4589/3871 5235/4715/3952
f 4489/3969/3442 4491/3971/3444 5279/4759/3822
f 4489/3969/3442 5279/4759/3822 5280/4760/3728
f 5280/4760/3731 5279/4759/3823 5281/4761/3826
f 5280/4760/3731 5281/4761/3826 5282/4762/3732
f 5283/4763/3735 5284/4764/3827 5050/4530/3830
f 5283/4763/3735 5050/4530/3830 4949/4429/3736
f 4471/3951/3429 4990/4470/3778 4989/4469/3430
f 4990/4470/3778 4471/3951/3429 5285/4765/3953
f 5285/4765/3953 4471/3951/3429 5286/4766/3954
f 5286/4766/3954 4471/3951/3429 4673/4153/3546
f 5287/4767/3955 4990/4470/3778 5285/4765/3953
f 5287/4767/3955 5073/4553/3846 5072/4552/3778
f 5073/4553/3846 5287/4767/3955 5288/4768/3956
f 5288/4768/3956 5287/4767/3955 5289/4769/3957
f 4673/4153/3546 5290/4770/3958 5286/4766/3954
f 5290/4770/3958 4673/4153/3546 5291/4771/3958
f 5291/4771/3958 4673/4153/3546 5292/4772/3959
f 5292/4772/3959 4673/4153/3546 4680/4160/3550
f 5288/4768/3956 5174/4654/3917 5173/4653/3846
f 5174/4654/3917 5288/4768/3956 5293/4773/3960
f 5293/4773/3960 5288/4768/3956 5294/4774/3961
f 5293/4773/3960 5294/4774/3961 5295/4775/3961
f 4680/4160/3550 5296/4776/3962 5292/4772/3959
f 5296/4776/3962 4680/4160/3550 5297/4777/3962
f 5297/4777/3962 4680/4160/3550 5298/4778/3963
f 5298/4778/3963 4680/4160/3550 4687/4167/3554
f 5293/4773/3960 5254/4734/3716 5174/4654/3917
f 5254/4734/3716 5293/4773/3960 5299/4779/3964
f 5299/4779/3964 5293/4773/3960 5300/4780/3965
f 4687/4167/3554 5301/4781/3966 5298/4778/3963
f 5301/4781/3966 4687/4167/3554 5302/4782/3967
f 5302/4782/3967 4687/4167/3554 4694/4174/3558
f 4933/4413/3716 5303/4783/3968 4934/4414/3717
f 5303/4783/3968 4933/4413/3716 5299/4779/3964
f 5303/4783/3968 5299/4779/3964 5304/4784/3969
f 5303/4783/3968 5304/4784/3969 5305/4785/3969
f 4694/4174/3558 5306/4786/3970 5302/4782/3967
f 5307/4787/3970 4701/4181/3562 5308/4788/3971
f 4701/4181/3562 5307/4787/3970 5306/4786/3970
f 4701/4181/3562 5306/4786/3970 4694/4174/3558
f 4934/4414/3717 5309/4789/3972 4999/4479/3789
f 5309/4789/3972 4934/4414/3717 5303/4783/3968
f 5309/4789/3972 5303/4783/3968 5310/4790/3973
f 5311/4791/3974 4708/4188/3566 5312/4792/3975
f 4708/4188/3566 5311/4791/3974 5308/4788/3971
f 4708/4188/3566 5308/4788/3971 4701/4181/3562
f 4999/4479/3789 5313/4793/3976 5035/4515/3815
f 5313/4793/3976 4999/4479/3789 5309/4789/3972
f 5313/4793/3976 5309/4789/3972 5314/4794/3977
f 5315/4795/3978 4715/4195/3570 5316/4796/3979
f 4715/4195/3570 5315/4795/3978 5317/4797/3978
f 4715/4195/3570 5317/4797/3978 5312/4792/3975
f 4715/4195/3570 5312/4792/3975 4708/4188/3566
f 5081/4561/3431 5318/4798/3980 4474/3954/3432
f 5318/4798/3980 5081/4561/3431 5035/4515/3815
f 5318/4798/3980 5035/4515/3815 5313/4793/3976
f 5318/4798/3980 5313/4793/3976 5319/4799/3980
f 4474/3954/3432 5318/4798/3980 5320/4800/3980
f 4474/3954/3432 5320/4800/3980 5316/4796/3979
f 4474/3954/3432 5316/4796/3979 4715/4195/3570
f 4775/4255/3600 4787/4267/3606 4781/4261/3603
f 4787/4267/3606 4775/4255/3600 4769/4249/3597
f 4787/4267/3606 4769/4249/3597 4793/4273/3609
f 4793/4273/3609 4769/4249/3597 4763/4243/3594
f 4793/4273/3609 4763/4243/3594 4799/4279/3612
f 4799/4279/3612 4763/4243/3594 4757/4237/3591
f 4799/4279/3612 4757/4237/3591 4805/4285/3615
f 4805/4285/3615 4757/4237/3591 4811/4291/3618
f 4811/4291/3618 4757/4237/3591 4751/4231/3588
f 4811/4291/3618 4751/4231/3588 4745/4225/3585
f 4811/4291/3618 4745/4225/3585 4817/4297/3621
f 4817/4297/3621 4745/4225/3585 4823/4303/3624
f 4823/4303/3624 4745/4225/3585 4739/4219/3582
f 4823/4303/3624 4739/4219/3582 4733/4213/3579
f 4823/4303/3624 4733/4213/3579 4829/4309/3627
f 4829/4309/3627 4733/4213/3579 4835/4315/3630
f 4835/4315/3630 4733/4213/3579 4727/4207/3576
f 4835/4315/3630 4727/4207/3576 4721/4201/3573
f 4835/4315/3630 4721/4201/3573 4841/4321/3633
f 4841/4321/3633 4721/4201/3573 4847/4327/3636
f 4847/4327/3636 4721/4201/3573 4714/4194/3569
f 4847/4327/3636 4714/4194/3569 4853/4333/3639
f 4853/4333/3639 4714/4194/3569 4707/4187/3565
f 4853/4333/3639 4707/4187/3565 4700/4180/3561
f 4853/4333/3639 4700/4180/3561 4545/4025/3481
f 4545/4025/3481 4700/4180/3561 4693/4173/3557
f 4545/4025/3481 4693/4173/3557 4546/4026/3482
f 4546/4026/3482 4693/4173/3557 4686/4166/3553
f 4546/4026/3482 4686/4166/3553 4552/4032/3485
f 4552/4032/3485 4686/4166/3553 4679/4159/3549
f 4552/4032/3485 4679/4159/3549 4558/4038/3488
f 4558/4038/3488 4679/4159/3549 4672/4152/3545
f 4558/4038/3488 4672/4152/3545 4564/4044/3491
f 4564/4044/3491 4672/4152/3545 4666/4146/3542
f 4564/4044/3491 4666/4146/3542 4570/4050/3494
f 4570/4050/3494 4666/4146/3542 4660/4140/3539
f 4570/4050/3494 4660/4140/3539 4576/4056/3497
f 4576/4056/3497 4660/4140/3539 4582/4062/3500
f 4582/4062/3500 4660/4140/3539 4654/4134/3536
f 4582/4062/3500 4654/4134/3536 4648/4128/3533
f 4582/4062/3500 4648/4128/3533 4588/4068/3503
f 4588/4068/3503 4648/4128/3533 4594/4074/3506
f 4594/4074/3506 4648/4128/3533 4642/4122/3530
f 4594/4074/3506 4642/4122/3530 4636/4116/3527
f 4594/4074/3506 4636/4116/3527 4600/4080/3509
f 4600/4080/3509 4636/4116/3527 4630/4110/3524
f 4600/4080/3509 4630/4110/3524 4606/4086/3512
f 4606/4086/3512 4630/4110/3524 4624/4104/3521
f 4606/4086/3512 4624/4104/3521 4612/4092/3515
f 4612/4092/3515 4624/4104/3521 4618/4098/3518
f 5321/4801/3981 4865/4345/3981 5322/4802/3981
f 4865/4345/3981 5321/4801/3981 4868/4348/3981
f 4865/4345/3981 4868/4348/3981 4862/4342/3981
f 5323/4803/3664 5324/4804/3666 5325/4805/3982
f 5324/4804/3666 5323/4803/3664 4865/4345/3664
f 4865/4345/3664 5323/4803/3664 5322/4802/3664
f 4880/4360/3658 5326/4806/3983 5327/4807/3983
f 5326/4806/3983 4880/4360/3658 5328/4808/3983
f 5328/4808/3983 4880/4360/3658 4879/4359/3657
f 4867/4347/3645 4872/4352/3650 4871/4351/3649
f 4872/4352/3650 4867/4347/3645 5329/4809/3984
f 5329/4809/3984 4867/4347/3645 4866/4346/3644
f 4870/4350/3648 5330/4810/3985 5331/4811/3986
f 5330/4810/3985 4870/4350/3648 5332/4812/3987
f 5332/4812/3987 4870/4350/3648 4869/4349/3647
f 5331/4811/3986 4875/4355/3653 4874/4354/3652
f 4875/4355/3653 5331/4811/3986 5333/4813/3988
f 5333/4813/3988 5331/4811/3986 5330/4810/3985
f 4873/4353/3651 5334/4814/3989 5335/4815/3990
f 5334/4814/3989 4873/4353/3651 5336/4816/3991
f 5336/4816/3991 4873/4353/3651 4876/4356/3654
f 5335/4815/3990 4878/4358/3656 4877/4357/3655
f 4878/4358/3656 5335/4815/3990 5337/4817/3992
f 5337/4817/3992 5335/4815/3990 5334/4814/3989
f 5338/4818/3993 4882/4362/3660 4881/4361/3659
f 4882/4362/3660 5338/4818/3993 5339/4819/3994
f 5339/4819/3994 5338/4818/3993 5340/4820/3995
f 5341/4821/3664 5339/4819/3994 5340/4820/3995
f 5339/4819/3994 5341/4821/3664 5342/4822/3664
f 5342/4822/3664 5341/4821/3664 5343/4823/3664
f 5344/4824/3664 5342/4822/3664 5343/4823/3664
f 5342/4822/3664 5344/4824/3664 4887/4367/3664
f 4887/4367/3664 5344/4824/3664 4888/4368/3664
f 5345/4825/3996 4886/4366/3663 4885/4365/3662
f 4886/4366/3663 5345/4825/3996 5346/4826/3997
f 5346/4826/3997 5345/4825/3996 5347/4827/3998
f 5348/4828/3999 5346/4826/3997 5347/4827/3998
f 5346/4826/3997 5348/4828/3999 4891/4371/3667
f 4891/4371/3667 5348/4828/3999 4892/4372/3668
f 5349/4829/4000 4890/4370/3666 4889/4369/3665
f 4890/4370/3666 5349/4829/4000 5324/4804/3666
f 5324/4804/3666 5349/4829/4000 5325/4805/3982
f 5188/4668/3927 5095/4575/3861 5144/4624/3896
f 5095/4575/3861 5188/4668/3927 5228/4708/3947
f 5095/4575/3861 5228/4708/3947 5049/4529/3829
f 5049/4529/3829 5228/4708/3947 4958/4438/3747
f 5049/4529/3829 4958/4438/3747 5050/4530/3830
f 5050/4530/3830 4958/4438/3747 4957/4437/3746
f 5050/4530/3830 4957/4437/3746 4949/4429/3736
f 4949/4429/3736 4957/4437/3746 5013/4493/3799
f 4949/4429/3736 5013/4493/3799 4950/4430/3737
f 4950/4430/3737 5013/4493/3799 5057/4537/3835
f 4950/4430/3737 5057/4537/3835 5221/4701/3942
f 5221/4701/3942 5057/4537/3835 5102/4582/3866
f 5221/4701/3942 5102/4582/3866 5116/4596/3880
f 5116/4596/3880 5102/4582/3866 5151/4631/3901
f 5116/4596/3880 5151/4631/3901 5117/4597/3881
f 5117/4597/3881 5151/4631/3901 5195/4675/3932
f 5117/4597/3881 5195/4675/3932 5088/4568/3856
f 5088/4568/3856 5195/4675/3932 5042/4522/3820
f 5042/4522/3820 5195/4675/3932 5235/4715/3952
f 5042/4522/3820 5235/4715/3952 5006/4486/3794
f 5006/4486/3794 5235/4715/3952 5109/4589/3871
f 5006/4486/3794 5109/4589/3871 4959/4439/3748
f 5006/4486/3794 4959/4439/3748 4941/4421/3726
f 4941/4421/3726 4959/4439/3748 4916/4396/3695
f 4941/4421/3726 4916/4396/3695 4942/4422/3727
f 4942/4422/3727 4916/4396/3695 5181/4661/3922
f 5181/4661/3922 4916/4396/3695 4915/4395/3694
f 5181/4661/3922 4915/4395/3694 4972/4452/3757
f 5181/4661/3922 4972/4452/3757 5080/4560/3851
f 5080/4560/3851 4972/4452/3757 4997/4477/3787
f 4997/4477/3787 4972/4452/3757 5020/4500/3804
f 4997/4477/3787 5020/4500/3804 5124/4604/3886
f 4997/4477/3787 5124/4604/3886 4998/4478/3788
f 4998/4478/3788 5124/4604/3886 5202/4682/3937
f 4998/4478/3788 5202/4682/3937 5172/4652/3916
f 5172/4652/3916 5202/4682/3937 4980/4460/3767
f 5172/4652/3916 4980/4460/3767 5071/4551/3845
f 5071/4551/3845 4980/4460/3767 4931/4411/3714
f 4931/4411/3714 4980/4460/3767 4979/4459/3766
f 4931/4411/3714 4979/4459/3766 5064/4544/3840
f 4931/4411/3714 5064/4544/3840 4932/4412/3715
f 4932/4412/3715 5064/4544/3840 5158/4638/3906
f 4932/4412/3715 5158/4638/3906 5131/4611/3891
f 5131/4611/3891 5158/4638/3906 4924/4404/3705
f 5131/4611/3891 4924/4404/3705 5034/4514/3814
f 5034/4514/3814 4924/4404/3705 4923/4403/3704
f 5034/4514/3814 4923/4403/3704 4987/4467/3776
f 4987/4467/3776 4923/4403/3704 5027/4507/3809
f 4987/4467/3776 5027/4507/3809 4988/4468/3777
f 4988/4468/3777 5027/4507/3809 5165/4645/3911
# Vertices: 932, normals: 614, texture coordinates: 932, faces: 944

o obj25
v 0.39832514 1.28780351 0.89597677
v 0.3148688 1.3251038 0.89598463
v 0.40050521 0.08800553 0.96397173
v 0.50621431 0.0880885 0.96396589
v -0.43679666 1.28780971 0.89597641
v -0.55183541 0.0880947 0.96396553
v -0.44612636 0.08801131 0.96397144
v -0.35333954 1.32510866 0.89598439
v -0.34028574 0.08785831 0.96398199
v -0.26979935 1.35489909 0.89599398
v -0.23446117 0.08775239 0.96398908
v -0.18628229 1.37600312 0.89600041
v -0.1286962 0.08768605 0.96399325
v -0.1028213 1.38965941 0.89600429
v -0.02281029 0.08766042 0.96399504
v -0.01923475 1.39836619 0.89600589
v 0.08307613 0.08768438 0.96399331
v 0.06435117 1.38965795 0.89600435
v 0.1888408 0.08774971 0.9639892
v 0.14781215 1.37600083 0.89600053
v 0.29466497 0.0878542 0.96398222
v 0.23132902 1.35489563 0.89599416
v 0.39728265 1.2825399 0.80313169
v 0.50517182 0.08282486 0.87112081
v 0.39957552 0.08282486 0.87112081
v 0.31397911 1.31995248 0.80313168
v -0.43575295 1.2825399 0.80313169
v -0.35244938 1.31995248 0.80313168
v -0.44519528 0.08282486 0.87112081
v -0.55079167 0.08282486 0.87112081
v -0.26914584 1.3498826 0.80313168
v -0.33959895 0.08282486 0.87112081
v -0.18584227 1.37108307 0.80313167
v -0.2340026 0.08282486 0.87112081
v -0.1025387 1.38480102 0.80313167
v -0.12840624 0.08282486 0.87112081
v -0.01923513 1.3935306 0.80313167
v -0.02280988 0.08282486 0.87112081
v 0.06406843 1.38480102 0.80313167
v 0.08278648 0.08282486 0.87112081
v 0.147372 1.37108307 0.80313167
v 0.18838284 0.08282486 0.87112081
v 0.23067554 1.3498826 0.80313168
v 0.29397919 0.08282486 0.87112081
vn 0.01121 -0.99833 0.0566
vn -0.01122 -0.99833 0.05666
vn -0.00868 -0.99846 0.05478
vn -0.006 -0.99855 0.05342
vn -0.00382 -0.99861 0.05253
vn -0.0024 -0.99864 0.052
vn 0.0024 -0.99864 0.05199
vn 0.00381 -0.99861 0.05251
vn 0.00599 -0.99856 0.05338
vn 0.00867 -0.99846 0.05473
vn -0.01121 0.99833 -0.0566
vn 0.01122 0.99833 -0.05666
vn 0.00868 0.99846 -0.05478
vn 0.00599 0.99855 -0.05342
vn 0.00381 0.99861 -0.05253
vn 0.0024 0.99864 -0.052
vn -0.0024 0.99864 -0.05199
vn -0.00381 0.99861 -0.05251
vn -0.00599 0.99856 -0.05338
vn -0.00867 0.99846 -0.05473
vn 0.99593 0.01621 0.08864
vn 0.00039 -0.05615 -0.99842
vn -0.0005 -0.05355 -0.99856
vn 0.16176 0.05249 0.98543
vn -0.00073 -0.05494 -0.99849
vn -0.24546 0.05323 0.96794
vn -0.40823 0.05541 0.9112
vn -0.16176 0.05251 0.98543
vn 0.24547 0.0532 0.96794
vn -0.99539 0.01655 0.09451
vn -0.0004 -0.05622 -0.99842
vn 0.40824 0.05535 0.9112
vn 0.00072 -0.05489 -0.99849
vn -0.00012 -0.05213 -0.99864
vn -0.10377 0.05199 0.99324
vn 0.00031 -0.0526 -0.99862
vn -0.00031 -0.05263 -0.99861
vn -0.3365 0.05429 0.94012
vn 0.33651 0.05425 0.94011
vn 0.00049 -0.05351 -0.99857
vn 0.10378 0.05199 0.99324
vn 0.00011 -0.05212 -0.99864
vt 0.625 0.5
vt 0.625 0.525
vt 0.375 0.525
vt 0.375 0.5
vt 0.625 0.75
vt 0.375 0.75
vt 0.375 0.725
vt 0.625 0.725
vt 0.375 0.7
vt 0.625 0.7
vt 0.375 0.675
vt 0.625 0.675
vt 0.375 0.65
vt 0.625 0.65
vt 0.375 0.625
vt 0.625 0.625
vt 0.375 0.6
vt 0.625 0.6
vt 0.375 0.575
vt 0.625 0.575
vt 0.375 0.55
vt 0.625 0.55
usemtl mat5
f 5350/4830/4001 5351/4831/4001 5352/4832/4001
f 5350/4830/4001 5352/4832/4001 5353/4833/4001
f 5354/4834/4002 5355/4835/4002 5356/4836/4002
f 5354/4834/4002 5356/4836/4002 5357/4837/4002
f 5357/4837/4003 5356/4836/4003 5358/4838/4003
f 5357/4837/4003 5358/4838/4003 5359/4839/4003
f 5359/4839/4004 5358/4838/4004 5360/4840/4004
f 5359/4839/4004 5360/4840/4004 5361/4841/4004
f 5360/4840/4005 5362/4842/4005 5363/4843/4005
f 5360/4840/4005 5363/4843/4005 5361/4841/4005
f 5362/4842/4006 5364/4844/4006 5365/4845/4006
f 5362/4842/4006 5365/4845/4006 5363/4843/4006
f 5364/4844/4007 5366/4846/4007 5367/4847/4007
f 5364/4844/4007 5367/4847/4007 5365/4845/4007
f 5366/4846/4008 5368/4848/4008 5369/4849/4008
f 5366/4846/4008 5369/4849/4008 5367/4847/4008
f 5368/4848/4009 5370/4850/4009 5371/4851/4009
f 5368/4848/4009 5371/4851/4009 5369/4849/4009
f 5371/4851/4010 5370/4850/4010 5352/4832/4010
f 5371/4851/4010 5352/4832/4010 5351/4831/4010
f 5372/4830/4011 5373/4833/4011 5374/4832/4011
f 5372/4830/4011 5374/4832/4011 5375/4831/4011
f 5376/4834/4012 5377/4837/4012 5378/4836/4012
f 5376/4834/4012 5378/4836/4012 5379/4835/4012
f 5377/4837/4013 5380/4839/4013 5381/4838/4013
f 5377/4837/4013 5381/4838/4013 5378/4836/4013
f 5380/4839/4014 5382/4841/4014 5383/4840/4014
f 5380/4839/4014 5383/4840/4014 5381/4838/4014
f 5383/4840/4015 5382/4841/4015 5384/4843/4015
f 5383/4840/4015 5384/4843/4015 5385/4842/4015
f 5385/4842/4016 5384/4843/4016 5386/4845/4016
f 5385/4842/4016 5386/4845/4016 5387/4844/4016
f 5387/4844/4017 5386/4845/4017 5388/4847/4017
f 5387/4844/4017 5388/4847/4017 5389/4846/4017
f 5389/4846/4018 5388/4847/4018 5390/4849/4018
f 5389/4846/4018 5390/4849/4018 5391/4848/4018
f 5391/4848/4019 5390/4849/4019 5392/4851/4019
f 5391/4848/4019 5392/4851/4019 5393/4850/4019
f 5392/4851/4020 5375/4831/4020 5374/4832/4020
f 5392/4851/4020 5374/4832/4020 5393/4850/4020
f 5350/4830/4021 5353/4833/4021 5373/4833/4021
f 5350/4830/4021 5373/4833/4021 5372/4830/4021
f 5353/4833/4022 5352/4832/4022 5374/4832/4022
f 5353/4833/4022 5374/4832/4022 5373/4833/4022
f 5360/4840/4023 5358/4838/4023 5381/4838/4023
f 5360/4840/4023 5381/4838/4023 5383/4840/4023
f 5367/4847/4024 5369/4849/4024 5390/4849/4024
f 5367/4847/4024 5390/4849/4024 5388/4847/4024
f 5358/4838/4025 5356/4836/4025 5378/4836/4025
f 5358/4838/4025 5378/4836/4025 5381/4838/4025
f 5359/4839/4026 5361/4841/4026 5382/4841/4026
f 5359/4839/4026 5382/4841/4026 5380/4839/4026
f 5354/4834/4027 5357/4837/4027 5377/4837/4027
f 5354/4834/4027 5377/4837/4027 5376/4834/4027
f 5361/4841/4028 5363/4843/4028 5384/4843/4028
f 5361/4841/4028 5384/4843/4028 5382/4841/4028
f 5369/4849/4029 5371/4851/4029 5392/4851/4029
f 5369/4849/4029 5392/4851/4029 5390/4849/4029
f 5355/4835/4030 5354/4834/4030 5376/4834/4030
f 5355/4835/4030 5376/4834/4030 5379/4835/4030
f 5356/4836/4031 5355/4835/4031 5379/4835/4031
f 5356/4836/4031 5379/4835/4031 5378/4836/4031
f 5351/4831/4032 5350/4830/4032 5372/4830/4032
f 5351/4831/4032 5372/4830/4032 5375/4831/4032
f 5352/4832/4033 5370/4850/4033 5393/4850/4033
f 5352/4832/4033 5393/4850/4033 5374/4832/4033
f 5364/4844/4034 5362/4842/4034 5385/4842/4034
f 5364/4844/4034 5385/4842/4034 5387/4844/4034
f 5363/4843/4035 5365/4845/4035 5386/4845/4035
f 5363/4843/4035 5386/4845/4035 5384/4843/4035
f 5368/4848/4036 5366/4846/4036 5389/4846/4036
f 5368/4848/4036 5389/4846/4036 5391/4848/4036
f 5362/4842/4037 5360/4840/4037 5383/4840/4037
f 5362/4842/4037 5383/4840/4037 5385/4842/4037
f 5357/4837/4038 5359/4839/4038 5380/4839/4038
f 5357/4837/4038 5380/4839/4038 5377/4837/4038
f 5371/4851/4039 5351/4831/4039 5375/4831/4039
f 5371/4851/4039 5375/4831/4039 5392/4851/4039
f 5370/4850/4040 5368/4848/4040 5391/4848/4040
f 5370/4850/4040 5391/4848/4040 5393/4850/4040
f 5365/4845/4041 5367/4847/4041 5388/4847/4041
f 5365/4845/4041 5388/4847/4041 5386/4845/4041
f 5366/4846/4042 5364/4844/4042 5387/4844/4042
f 5366/4846/4042 5387/4844/4042 5389/4846/4042
# Vertices: 44, normals: 42, texture coordinates: 22, faces: 84

