# File generated by FabConvert.com - Free Image and 3D model conversion tools

mtllib mtl/sushis.mtl

# Leaf_03_Free_0
o obj1
v -2.48918928 1.43078238 -17.71925316
v -2.4452005 1.81640269 -17.12119503
v -0.75686699 1.40559237 -16.81945166
v -0.67099912 1.1234499 -17.79062632
v -0.80503944 1.07622583 -18.22728626
v -0.77634329 1.12904661 -19.19040592
v -1.87978888 1.03535136 -18.58362599
v 0.17847126 1.54880496 -19.55033199
v -0.44052353 1.22586741 -19.26927243
v -0.23081958 1.11941788 -17.89159845
v 0.50826246 1.1882212 -17.88348134
v -1.89671148 0.97648525 -19.29070436
v -1.44598157 1.08224003 -19.72152176
v -1.88176421 2.04539843 -16.5113345
v -1.22336716 1.76388798 -16.44239628
v 1.23213768 1.40883526 -18.22158266
v 1.3968879 1.72087405 -18.80652216
v 0.87304875 1.77777195 -19.35111482
v -2.05065304 1.17538854 -20.70588289
v -2.47736372 0.96911963 -20.29512863
v -2.68319011 1.66375251 -22.16607477
v -2.82977711 1.47860011 -22.03032702
vn 0.21175 0.4084 0.8879
vn 0.28889 0.54211 0.78909
vn 0.24088 0.37941 0.89332
vn 0.11158 0.24024 0.96428
vn -0.07074 -0.00305 0.99749
vn -0.17547 -0.03591 0.98383
vn 0.01156 0.15855 0.98728
vn -0.30941 -0.24978 0.91754
vn -0.32906 -0.10163 0.93883
vn -0.15767 -0.1693 0.97287
vn -0.1338 -0.23475 0.9628
vn -0.143 -0.04707 0.9886
vn -0.11548 -0.12119 0.98589
vn 0.30838 0.52346 0.79428
vn 0.40059 0.32017 0.8585
vn -0.24665 -0.30463 0.91998
vn -0.30147 -0.38129 0.87392
vn -0.37077 -0.39276 0.84159
vn -0.15657 -0.27919 0.94738
vn -0.25289 -0.23355 0.93888
vn -0.49312 -0.34996 0.79647
vn -0.60359 -0.33502 0.72349
usemtl mat0
f 1//1 2//2 3//3
f 3//3 4//4 1//1
f 5//5 6//6 7//7
f 8//8 9//9 10//10
f 10//10 11//11 8//8
f 9//9 6//6 5//5
f 5//5 10//10 9//9
f 12//12 7//7 6//6
f 6//6 13//13 12//12
f 7//7 1//1 4//4
f 4//4 5//5 7//7
f 3//3 2//2 14//14
f 14//14 15//15 3//3
f 16//16 17//17 18//18
f 8//8 11//11 16//16
f 16//16 18//18 8//8
f 19//19 20//20 12//12
f 12//12 13//13 19//19
f 21//21 22//22 20//20
f 20//20 19//19 21//21
# Vertices: 22, normals: 22, texture coordinates: 0, faces: 20

# Leaf_03009_1
o obj2
v 7.73447365 6.59071946 8.55481892
v 7.22130983 6.9763397 8.8650953
v 7.71756389 6.5655293 10.50681731
v 8.62217567 6.28338697 10.1431812
v 8.95065612 6.23616298 9.82578656
v 9.82217504 6.28898392 9.41483928
v 8.78117082 6.19528856 8.70626029
v 10.57577089 6.70874232 10.10281509
v 10.0446834 6.38580471 9.67843917
v 8.911689 6.27935499 10.4897868
v 9.23943683 6.3481583 11.15227422
v 9.40378149 6.13642255 8.37069783
v 9.99209644 6.24217742 8.57720802
v 6.9330611 7.20533529 9.64374992
v 7.17002391 6.92382487 10.2618823
v 9.86890691 6.5687724 11.64428552
v 10.46498627 6.88081128 11.52602234
v 10.71300318 6.93770929 10.81224642
v 10.5954807 6.33532607 7.59205742
v 10.03593623 6.1290571 7.3978641
v 11.61038472 6.82369026 6.366401
v 11.42294142 6.63853788 6.29726173
vn 0.43972 0.13521 0.8879
vn 0.58915 0.1739 0.78909
vn 0.43945 0.09411 0.89332
vn 0.24956 0.0888 0.96428
vn -0.05176 0.04831 0.99749
vn -0.1486 0.09999 0.98383
vn 0.12119 0.10288 0.98728
vn -0.39502 0.04562 0.91754
vn -0.30312 0.16348 0.93883
vn -0.23126 -0.0062 0.97287
vn -0.26122 -0.0691 0.9628
vn -0.1338 0.06901 0.9886
vn -0.16738 -0.00257 0.98589
vn 0.58951 0.14693 0.79428
vn 0.50913 -0.06133 0.8585
vn -0.39016 -0.03758 0.91998
vn -0.48326 -0.05221 0.87392
vn -0.54001 -0.01082 0.84159
vn -0.30888 -0.08401 0.94738
vn -0.34383 0.01668 0.93888
vn -0.59524 0.10645 0.79647
vn -0.66201 0.19572 0.72349
usemtl mat0
f 23//23 24//24 25//25
f 25//25 26//26 23//23
f 27//27 28//28 29//29
f 30//30 31//31 32//32
f 32//32 33//33 30//30
f 31//31 28//28 27//27
f 27//27 32//32 31//31
f 34//34 29//29 28//28
f 28//28 35//35 34//34
f 29//29 23//23 26//26
f 26//26 27//27 29//29
f 25//25 24//24 36//36
f 36//36 37//37 25//25
f 38//38 39//39 40//40
f 30//30 33//33 38//38
f 38//38 40//40 30//30
f 41//41 42//42 34//34
f 34//34 35//35 41//41
f 43//43 44//44 42//42
f 42//42 41//41 43//43
# Vertices: 22, normals: 22, texture coordinates: 0, faces: 20

# Chopstick001_2
o obj3
v -22.69619242 8.28925224 -16.18198131
v -15.77552653 8.36451687 -1.62241268
v -15.36043882 7.56382447 -1.81121142
v -22.21892333 7.36861396 -16.39906265
v -23.65099393 8.29556093 -15.72314284
v -16.60593063 8.37000364 -1.223355
v -24.12852798 7.38151833 -15.48138822
v -17.02124921 7.57504757 -1.01309911
v -23.91695361 7.37480373 -15.97433179
v -23.62164439 7.94004958 -16.12383458
v -23.03119286 7.93614838 -16.40758235
v -22.73604817 7.36682364 -16.5418252
v -0.77288479 8.52767608 29.93986474
v -0.49259281 7.98700237 29.81237587
v -15.060331 7.57236633 -1.17288823
v -15.47269743 8.3678102 -0.98532736
v -1.33362004 8.53138068 30.20932985
v -16.29765772 8.37326094 -0.58888481
v -1.61406475 7.99458087 30.35131017
v -16.71025453 7.58351579 -0.3800079
v -15.46143525 7.56979198 -1.37140516
v -15.74967092 8.12579146 -1.24030393
v -16.32630235 8.12960158 -0.96319828
v -16.61470106 7.57758528 -0.81719737
v -0.47181872 7.99082592 30.09585071
v -0.70521963 8.44104688 30.20200865
v -1.17214492 8.44413152 30.42639324
v -1.40567393 7.99713647 30.54461889
v -0.70961116 7.99375383 30.30793885
v -0.80505568 8.17786553 30.35135004
v -0.99599614 8.17912702 30.44311131
v -1.09149636 7.99633462 30.49145688
v -22.85564924 8.20015287 -16.39765434
v -22.4232316 7.36603095 -16.59433444
v -23.72072418 8.2058687 -15.98193456
v -24.15338326 7.37772275 -15.76289733
v -22.69668195 6.45442952 -16.15719872
v -15.77595199 6.76874513 -1.60085813
v -23.65148514 6.46102515 -15.69836273
v -16.60635599 6.77448146 -1.20180385
v -23.03149691 6.80148971 -16.39225473
v -23.62194887 6.80556851 -16.10851008
v -0.77317463 7.45011898 29.9544193
v -15.47312033 6.78249867 -0.96391457
v -1.33390706 7.45399286 30.22388297
v -16.29808243 6.78819746 -0.56747444
v -15.74996859 7.01768989 -1.22533613
v -16.32659985 7.02167328 -0.94823266
v -0.70546036 7.54376085 30.21413036
v -1.17238499 7.54698661 30.4385146
v -0.80515423 7.81093297 30.35630957
v -0.99609706 7.8122522 30.44806536
v -22.85609422 6.53775632 -16.37519861
v -23.721169 6.54373217 -15.95948226
vn 0.13002 -0.86318 0.48786
vn -0.02131 -0.86874 0.49481
vn -0.03149 -0.99949 -0.00599
vn 0.14284 -0.98971 -0.008
vn 0.15558 -0.00945 0.98778
vn 0.00451 -0.00606 0.99997
vn 0.00451 -0.00606 0.99997
vn 0.15558 -0.00945 0.98778
vn 0.18808 0.98215 0.00401
vn 0.01437 0.99988 0.00619
vn 0.0184 0.86278 0.50525
vn 0.16934 0.85037 0.49819
vn 0.98657 0.16298 -0.01072
vn 0.98636 0.06925 0.14934
vn 0.9821 -0.11619 0.14823
vn 0.97806 -0.20792 -0.01298
vn -0.17063 -0.85457 0.4905
vn -0.203 -0.97917 -0.00382
vn -0.03149 -0.99949 -0.00599
vn -0.02131 -0.86874 0.49481
vn -0.14514 -0.00256 0.98941
vn -0.14515 -0.00256 0.98941
vn 0.00451 -0.00606 0.99997
vn 0.00451 -0.00606 0.99997
vn -0.1579 0.98742 0.00817
vn -0.13143 0.85553 0.5008
vn 0.0184 0.86278 0.50525
vn 0.01437 0.99988 0.00619
vn -0.64161 -0.76703 0.00276
vn -0.64161 -0.76703 0.00276
vn -0.57991 -0.70176 0.41381
vn -0.57991 -0.70175 0.41381
vn -0.55869 0.00787 0.82934
vn -0.55869 0.00787 0.82934
vn -0.55869 0.00787 0.82934
vn -0.55869 0.00787 0.82934
vn -0.54728 0.72255 0.42238
vn -0.54728 0.72255 0.42238
vn -0.60577 0.79555 0.01228
vn -0.60577 0.79555 0.01229
vn 0.59734 -0.80189 -0.01222
vn 0.59734 -0.80189 -0.01222
vn 0.54863 -0.73251 0.40302
vn 0.54863 -0.73251 0.40302
vn 0.57003 -0.01797 0.82143
vn 0.57003 -0.01797 0.82143
vn 0.57003 -0.01797 0.82143
vn 0.57003 -0.01797 0.82143
vn 0.58156 0.70166 0.41165
vn 0.58156 0.70166 0.41165
vn 0.63348 0.77375 -0.00262
vn 0.63348 0.77375 -0.00262
vn -0.38736 -0.92193 -0.00126
vn -0.33558 -0.81512 0.47219
vn -0.31116 0.00148 0.95036
vn -0.31116 0.00147 0.95036
vn -0.29802 0.8239 0.48206
vn -0.34469 0.93866 0.01008
vn -0.98671 -0.16214 0.01073
vn -0.96698 -0.25467 0.0099
vn -0.96095 -0.11785 0.25037
vn -0.98269 -0.07083 0.1712
vn -0.9546 0.15879 0.25204
vn -0.97846 0.11374 0.1723
vn -0.95428 0.29861 0.01327
vn -0.97824 0.20706 0.01297
vn 0.29655 -0.83325 0.46665
vn 0.33065 -0.9437 -0.00995
vn 0.32111 -0.01301 0.94695
vn 0.32111 -0.013 0.94695
vn 0.37357 0.9276 0.00145
vn 0.33435 0.81307 0.47658
vn 0.95995 -0.16241 0.2283
vn 0.95389 -0.29985 -0.01328
vn 0.96632 0.11548 0.22996
vn 0.96664 0.25594 -0.00989
vn 0.11824 -0.85688 -0.50177
vn -0.03323 -0.86237 -0.50518
vn 0.132 0.00315 -0.99124
vn 0.132 0.00315 -0.99125
vn -0.01932 0.00667 -0.99979
vn -0.01932 0.00667 -0.99979
vn 0.15755 0.85667 -0.49121
vn 0.00649 0.86914 -0.49452
vn 0.97828 -0.11415 -0.17306
vn 0.98253 0.0713 -0.1719
vn -0.1824 -0.84828 -0.49714
vn -0.03323 -0.86237 -0.50518
vn -0.16868 0.01001 -0.98562
vn -0.01932 0.00667 -0.99979
vn -0.01932 0.00667 -0.99979
vn -0.16868 0.01001 -0.98562
vn 0.00649 0.86914 -0.49452
vn -0.14319 0.86181 -0.4866
vn -0.58972 -0.69651 -0.40878
vn -0.58972 -0.69652 -0.40878
vn -0.5783 0.01835 -0.81562
vn -0.5783 0.01835 -0.81562
vn -0.5783 0.01835 -0.81562
vn -0.5783 0.01835 -0.81562
vn -0.55708 0.72779 -0.39999
vn -0.55707 0.72779 -0.39999
vn 0.53877 -0.72724 -0.42527
vn 0.53877 -0.72724 -0.42527
vn 0.5503 -0.00742 -0.83494
vn 0.5503 -0.00742 -0.83494
vn 0.5503 -0.00742 -0.83494
vn 0.5503 -0.00742 -0.83494
vn 0.57169 0.70694 -0.41643
vn 0.57169 0.70693 -0.41643
vn -0.34686 -0.80909 -0.4744
vn -0.33371 0.01353 -0.94258
vn -0.33371 0.01352 -0.94258
vn -0.30929 0.82992 -0.4643
vn -0.9865 -0.0688 -0.14862
vn -0.96666 -0.1148 -0.22888
vn -0.98226 0.11581 -0.14747
vn -0.96032 0.16184 -0.22716
vn 0.28523 -0.82719 -0.48415
vn 0.29846 -0.0009 -0.95442
vn 0.29846 -0.0009 -0.95442
vn 0.32301 0.81913 -0.474
vn 0.95421 -0.15934 -0.25315
vn 0.96059 0.11855 -0.25143
usemtl mat0
f 45//45 46//46 47//47
f 47//47 48//48 45//45
f 49//49 50//50 46//51
f 46//51 45//52 49//49
f 51//53 52//54 50//55
f 50//55 49//56 51//53
f 53//57 54//58 55//59
f 55//59 56//60 53//57
f 57//61 58//62 59//63
f 59//63 60//64 57//61
f 61//65 57//66 60//67
f 60//67 62//68 61//65
f 63//69 61//70 62//71
f 62//71 64//72 63//69
f 65//73 47//74 46//75
f 46//75 66//76 65//73
f 66//77 46//78 50//79
f 50//79 67//80 66//77
f 67//81 50//82 52//83
f 52//83 68//84 67//81
f 59//85 65//86 66//87
f 66//87 60//88 59//85
f 60//89 66//90 67//91
f 67//91 62//92 60//89
f 62//93 67//94 68//95
f 68//95 64//96 62//93
f 69//97 58//62 57//61
f 57//61 70//98 69//97
f 70//99 57//66 61//65
f 61//65 71//100 70//99
f 71//101 61//70 63//69
f 63//69 72//102 71//101
f 73//103 69//104 70//105
f 70//105 74//106 73//103
f 74//106 70//105 71//107
f 71//107 75//108 74//106
f 75//108 71//107 72//109
f 72//109 76//110 75//108
f 77//111 45//45 48//48
f 48//48 78//112 77//111
f 79//113 49//49 45//52
f 45//52 77//114 79//113
f 80//115 51//53 49//56
f 49//56 79//116 80//115
f 55//59 77//117 78//118
f 78//118 56//60 55//59
f 54//58 79//119 77//117
f 77//117 55//59 54//58
f 53//57 80//120 79//119
f 79//119 54//58 53//57
f 74//106 75//108 76//110
f 76//110 73//103 74//106
f 81//121 48//48 47//47
f 47//47 82//122 81//121
f 83//123 81//124 82//125
f 82//125 84//126 83//123
f 51//53 83//127 84//128
f 84//128 52//54 51//53
f 53//57 56//60 85//129
f 85//129 86//130 53//57
f 87//131 88//132 59//63
f 59//63 58//62 87//131
f 89//133 90//134 88//135
f 88//135 87//136 89//133
f 63//69 64//72 90//137
f 90//137 89//138 63//69
f 65//73 91//139 82//140
f 82//140 47//74 65//73
f 91//141 92//142 84//143
f 84//143 82//144 91//141
f 92//145 68//84 52//83
f 52//83 84//146 92//145
f 59//85 88//147 91//148
f 91//148 65//86 59//85
f 88//149 90//150 92//151
f 92//151 91//152 88//149
f 90//153 64//96 68//95
f 68//95 92//154 90//153
f 69//97 93//155 87//131
f 87//131 58//62 69//97
f 93//156 94//157 89//133
f 89//133 87//136 93//156
f 94//158 72//102 63//69
f 63//69 89//138 94//158
f 73//103 95//159 93//160
f 93//160 69//104 73//103
f 95//159 96//161 94//162
f 94//162 93//160 95//159
f 96//161 76//110 72//109
f 72//109 94//162 96//161
f 97//163 78//112 48//48
f 48//48 81//121 97//163
f 98//164 97//165 81//124
f 81//124 83//123 98//164
f 80//115 98//166 83//127
f 83//127 51//53 80//115
f 85//129 56//60 78//118
f 78//118 97//167 85//129
f 86//130 85//129 97//167
f 97//167 98//168 86//130
f 53//57 86//130 98//168
f 98//168 80//120 53//57
f 95//159 73//103 76//110
f 76//110 96//161 95//159
# Vertices: 54, normals: 124, texture coordinates: 0, faces: 104

# Leaf_03004_3
o obj4
v 12.70113254 1.95079863 5.54069427
v 12.74512142 2.33641882 6.13875243
v 14.43345493 1.92560827 6.44049579
v 14.51932268 1.64346602 5.46932099
v 14.38528237 1.59624208 5.03266098
v 14.41397848 1.64906311 4.06954136
v 13.31053292 1.55536777 4.6763213
v 15.36879298 2.06882147 3.70961539
v 14.74979829 1.74588388 3.99067488
v 14.95950222 1.63943402 5.36834882
v 15.69858431 1.70823727 5.37646593
v 13.29361032 1.49650183 3.96924291
v 13.74434016 1.6022567 3.5384256
v 13.30855775 2.56541432 6.74861298
v 13.96695468 2.28390384 6.81755109
v 16.58720961 2.24089028 4.45342523
v 16.06337058 2.29778837 3.90883262
v 13.13966872 1.69540548 2.55406454
v 12.71295798 1.4891365 2.96481873
v 12.50713166 2.18376985 1.09387259
v 12.36054453 1.99861748 1.22962031
vn 0.43972 0.13521 0.8879
vn 0.58915 0.1739 0.78909
vn 0.43945 0.09411 0.89332
vn 0.24956 0.0888 0.96428
vn -0.05176 0.04831 0.99749
vn -0.1486 0.09999 0.98383
vn 0.12119 0.10288 0.98728
vn -0.39502 0.04562 0.91754
vn -0.30312 0.16348 0.93883
vn -0.23126 -0.0062 0.97287
vn -0.26122 -0.0691 0.9628
vn -0.1338 0.06901 0.9886
vn -0.16738 -0.00257 0.98589
vn 0.58951 0.14693 0.79428
vn 0.50913 -0.06133 0.8585
vn -0.39016 -0.03758 0.91998
vn -0.48326 -0.05221 0.87392
vn -0.54001 -0.01082 0.84159
vn -0.30888 -0.08401 0.94738
vn -0.34383 0.01668 0.93888
vn -0.59524 0.10645 0.79647
vn -0.66201 0.19572 0.72349
usemtl mat0
f 99//169 100//170 101//171
f 101//171 102//172 99//169
f 103//173 104//174 105//175
f 106//176 107//177 108//178
f 108//178 109//179 106//176
f 107//177 104//174 103//173
f 103//173 108//178 107//177
f 110//180 105//175 104//174
f 104//174 111//181 110//180
f 105//175 99//169 102//172
f 102//172 103//173 105//175
f 101//171 100//170 112//182
f 112//182 113//183 101//171
f 114//184 115//185 116//186
f 106//176 109//179 114//184
f 114//184 116//186 106//176
f 117//187 118//188 110//180
f 110//180 111//181 117//187
f 119//189 120//190 118//188
f 118//188 117//187 119//189
# Vertices: 22, normals: 22, texture coordinates: 0, faces: 20

# Leaf_03002_4
o obj5
v 1.69136693 1.95362745 21.29473742
v 1.24514003 2.33924769 21.69534957
v 2.03912234 1.92843729 23.21558354
v 2.8599567 1.64629497 22.68948026
v 3.12341753 1.59907099 22.3163487
v 3.90290937 1.65189193 21.74994305
v 2.7479358 1.55819656 21.24813627
v 4.77168023 2.07165033 22.28515759
v 4.1707115 1.74871272 21.96737554
v 3.2090803 1.64226299 22.97595211
v 3.65473016 1.7110663 23.56561677
v 3.29696589 1.49933056 20.80225268
v 3.91348853 1.60508543 20.89531594
v 1.10730445 2.56824328 22.51412408
v 1.45548547 2.28673286 23.0771596
v 4.36497738 1.93168041 23.93148094
v 4.92850444 2.2437193 23.70402977
v 5.03892584 2.3006173 22.95650347
v 4.32237536 1.69823408 19.81485038
v 3.73641664 1.49196511 19.72851709
v 5.09065521 2.18659828 18.42129023
v 4.89360063 2.00144591 18.38835509
vn 0.43972 0.13521 0.8879
vn 0.58915 0.1739 0.78909
vn 0.43945 0.09411 0.89332
vn 0.24956 0.0888 0.96428
vn -0.05176 0.04831 0.99749
vn -0.1486 0.09999 0.98383
vn 0.12119 0.10288 0.98728
vn -0.39502 0.04562 0.91754
vn -0.30312 0.16348 0.93883
vn -0.23126 -0.0062 0.97287
vn -0.26122 -0.0691 0.9628
vn -0.1338 0.06901 0.9886
vn -0.16738 -0.00257 0.98589
vn 0.58951 0.14693 0.79428
vn 0.50913 -0.06133 0.8585
vn -0.39016 -0.03758 0.91998
vn -0.48326 -0.05221 0.87392
vn -0.54001 -0.01082 0.84159
vn -0.30888 -0.08401 0.94738
vn -0.34383 0.01668 0.93888
vn -0.59524 0.10645 0.79647
vn -0.66201 0.19572 0.72349
usemtl mat0
f 121//191 122//192 123//193
f 123//193 124//194 121//191
f 125//195 126//196 127//197
f 128//198 129//199 130//200
f 130//200 131//201 128//198
f 129//199 126//196 125//195
f 125//195 130//200 129//199
f 132//202 127//197 126//196
f 126//196 133//203 132//202
f 127//197 121//191 124//194
f 124//194 125//195 127//197
f 123//193 122//192 134//204
f 134//204 135//205 123//193
f 136//206 137//207 138//208
f 128//198 131//201 136//206
f 136//206 138//208 128//198
f 139//209 140//210 132//202
f 132//202 133//203 139//209
f 141//211 142//212 140//210
f 140//210 139//209 141//211
# Vertices: 22, normals: 22, texture coordinates: 0, faces: 20

# Leaf_03001_5
o obj6
v -7.02404648 6.7719056 -5.99749481
v -6.88624964 7.15752579 -5.4138677
v -5.17145476 6.74671533 -5.38228137
v -5.2398901 6.46457308 -6.35484003
v -5.44114581 6.41734913 -6.7648826
v -5.56476583 6.47017015 -7.7204667
v -6.55865571 6.37647476 -6.94718998
v -4.67869789 6.88992855 -8.22653095
v -5.24559536 6.56699094 -7.85132953
v -4.82115474 6.4605411 -6.52399709
v -4.09004897 6.52934439 -6.63259071
v -6.686926 6.31760881 -7.64274224
v -6.30981399 6.4233637 -8.1392777
v -6.2336493 7.38652132 -4.90054211
v -5.57262202 7.10501089 -4.93634637
v -3.42858446 6.74995851 -7.08066703
v -3.35818695 7.06199743 -7.68427365
v -3.96138829 7.11889549 -8.13939626
v -7.06222001 6.51651244 -9.01590729
v -7.41877923 6.31024344 -8.54297329
v -7.91721711 7.00487676 -10.35801149
v -8.04055056 6.81972438 -10.20083614
vn 0.43972 0.13521 0.8879
vn 0.58915 0.1739 0.78909
vn 0.43945 0.09411 0.89332
vn 0.24956 0.0888 0.96428
vn -0.05176 0.04831 0.99749
vn -0.1486 0.09999 0.98383
vn 0.12119 0.10288 0.98728
vn -0.39502 0.04562 0.91754
vn -0.30312 0.16348 0.93883
vn -0.23126 -0.0062 0.97287
vn -0.26122 -0.0691 0.9628
vn -0.1338 0.06901 0.9886
vn -0.16738 -0.00257 0.98589
vn 0.58951 0.14693 0.79428
vn 0.50913 -0.06133 0.8585
vn -0.39016 -0.03758 0.91998
vn -0.48326 -0.05221 0.87392
vn -0.54001 -0.01082 0.84159
vn -0.30888 -0.08401 0.94738
vn -0.34383 0.01668 0.93888
vn -0.59524 0.10645 0.79647
vn -0.66201 0.19572 0.72349
usemtl mat0
f 143//213 144//214 145//215
f 145//215 146//216 143//213
f 147//217 148//218 149//219
f 150//220 151//221 152//222
f 152//222 153//223 150//220
f 151//221 148//218 147//217
f 147//217 152//222 151//221
f 154//224 149//219 148//218
f 148//218 155//225 154//224
f 149//219 143//213 146//216
f 146//216 147//217 149//219
f 145//215 144//214 156//226
f 156//226 157//227 145//215
f 158//228 159//229 160//230
f 150//220 153//223 158//228
f 158//228 160//230 150//220
f 161//231 162//232 154//224
f 154//224 155//225 161//231
f 163//233 164//234 162//232
f 162//232 161//231 163//233
# Vertices: 22, normals: 22, texture coordinates: 0, faces: 20

# Nigiri_Sake_Free_6
o obj7
v 8.31663986 6.42727497 7.35344409
v 10.00053254 5.37322616 6.80638501
v 10.09558704 7.2594143 7.36444735
v 8.55369684 8.31346254 7.79925486
v 3.96512379 11.18723374 5.14042567
v 2.19752402 10.51045676 6.53775163
v 3.56278657 9.96074724 8.26478885
v 5.4554109 10.63752351 7.05098411
v -1.3611238 10.6375191 -1.77635612
v 0.51423986 10.6375189 -2.94777999
v -0.5880523 9.16083373 -4.27586064
v -2.46106568 8.7928504 -3.64877874
v 1.80667625 9.1516441 6.61719255
v 3.13771762 8.3375809 8.3009371
v 0.04561995 9.3301697 4.38948065
v 0.3248001 10.53312178 4.16878234
v -1.54792327 10.5104545 1.79981513
v -1.71543653 9.15164151 2.16177045
v -0.81352773 6.65940169 -4.2763665
v -2.40951176 6.2914187 -3.86828287
v -2.64657024 8.17760705 -4.31409276
v -1.19258496 8.54558932 -4.60992521
v -3.36977574 8.33757616 -0.19968586
v 2.81467535 8.337577 -4.15534923
v 4.14571208 9.15164224 -2.47160569
v 8.3681908 8.92870567 7.1339384
v 6.40727435 9.30597898 7.90000071
v 7.01180142 8.69073617 8.23406584
v 2.38960287 9.96074299 -4.11920189
v 3.75486747 10.5104553 -2.39216335
v -4.33407682 7.74809135 -3.02169301
v -4.10055327 7.13284702 -4.01825984
v -4.00549579 5.24665924 -3.46019689
v -4.30520135 5.8619033 -2.41130984
v 1.87219274 6.9658548 -4.73395625
v 0.78245499 6.35060989 -4.68445152
v 0.26139715 8.23679772 -4.90575865
v 1.28496014 8.85204208 -4.90294392
v -3.23648858 9.96074245 -0.60493382
v 6.63275239 6.80454862 7.9005085
v 4.94885859 6.50504599 8.44756929
v 3.85911972 7.12028961 8.49707383
v 9.37393647 8.33758209 4.21812696
v 10.30023661 5.98847007 5.75749739
v 4.44635129 9.00647695 8.66605939
v 9.24064521 9.96074926 4.62337681
v 10.32911059 7.87465776 6.36787919
v 0.21967259 11.18722999 0.40248794
v 1.98727012 11.18723051 -0.99483762
v 7.66782691 9.15164483 1.98381723
v 5.90676986 9.33017044 -0.24389423
v 5.6275899 10.53312259 -0.02319724
v 7.50031476 10.51045831 2.3457713
v 7.34802713 10.63752332 5.83718022
v 5.73271778 11.18723426 3.74309741
v 5.46990898 8.39123408 8.66887283
v 2.09239782 11.20989802 2.77145722
v 3.85999563 11.2098978 1.37412868
v -2.40186448 5.97815962 -1.41617828
v -2.41982336 5.76224404 -1.38155502
v -2.44804393 5.71171341 -1.1270877
v -2.45844643 6.02616497 -1.14719128
v -2.29535992 5.45950481 -1.23066135
v -1.72066684 5.48671648 -0.61971262
v -1.87229957 5.71188628 -0.40367358
v -1.62175517 5.75254628 -1.87211391
v -1.03539149 5.7839571 -1.25936476
v -1.35646793 5.55134872 -0.95483789
v -1.93820331 5.5762507 -1.54700631
v -1.78484651 6.31920412 -1.78864515
v -1.11203003 6.41145898 -1.16295826
v -0.9136125 6.1283898 -1.28695469
v -1.6179319 6.07322094 -1.90458658
v -1.89023833 6.07390934 -0.4365577
v -1.52849998 6.34928246 -0.78034002
v -2.14537787 6.26512469 -1.45107871
v -1.96252424 6.16928874 -1.8345489
v -2.20592502 6.16616419 -1.60852436
v -2.29550186 5.60857152 -1.47060918
v -2.05459665 5.62142597 -1.69486384
v -1.85615751 5.79970007 -1.88898576
v -1.82397138 6.02184006 -1.93597438
v -2.12901156 5.88892994 -1.65258034
v 0.67432993 6.77243652 -4.14552427
v 0.5577682 6.59543793 -4.10279181
v 0.41982313 6.63398131 -3.88448645
v 0.54711741 6.91325197 -3.93483565
v 0.48537501 6.32512047 -3.89101311
v 0.76652006 6.32779423 -3.11731725
v 0.64968155 6.64478647 -3.00835107
v 1.41814132 6.16730408 -4.20964424
v 1.7103665 6.17021329 -3.42995663
v 1.22812115 6.16188747 -3.27080328
v 0.95542543 6.21377077 -4.03544073
v 1.4798799 6.75543484 -4.25346977
v 1.8665222 6.78658864 -3.4324184
v 1.96614689 6.42829953 -3.4355338
v 1.56471818 6.44361518 -4.26568271
v 0.79467562 6.96554252 -3.07737926
v 1.34370015 6.98663415 -3.25849617
v 1.02486 6.93022641 -4.09727135
v 1.28270262 6.66950523 -4.35334255
v 0.98987804 6.81685388 -4.25255261
v 0.63405172 6.38884934 -4.11693484
v 0.92807435 6.25159175 -4.21805521
v 1.24242813 6.28591488 -4.32475871
v 1.37827345 6.45995597 -4.37317596
v 0.95837866 6.52917654 -4.23513981
v 4.06619902 5.83200517 -2.8532563
v 4.01404253 5.63521344 -2.91535611
v 3.81343807 5.63238389 -2.93762701
v 3.87006425 5.93158581 -2.87646338
v 3.84433125 5.34265355 -2.87108918
v 3.30779198 5.3383634 -2.34949266
v 3.18609117 5.6194222 -2.41553577
v 4.3018606 5.37730369 -2.26971744
v 3.76311717 5.37476927 -1.73724419
v 3.53421215 5.26939119 -2.04492111
v 4.06358917 5.32783272 -2.55974209
v 4.32759528 5.96623492 -2.27509574
v 3.77660058 6.00501921 -1.65536092
v 3.8141822 5.67277912 -1.5582731
v 4.36724047 5.6774523 -2.19578575
v 3.25952403 5.96367778 -2.35063866
v 3.51963979 6.0949919 -2.00102876
v 4.10019778 6.04485824 -2.57407041
v 4.36461023 5.85460536 -2.46102682
v 4.21677236 5.93925314 -2.65543223
v 4.04940764 5.44789337 -2.84975521
v 4.19739201 5.3733442 -2.65516913
v 4.34782351 5.47049124 -2.45752387
v 4.40872912 5.66823133 -2.38265451
v 4.20701015 5.65124899 -2.65539046
v 5.13151367 7.7480602 -2.11858578
v 5.15512307 7.53361201 -2.07625713
v 4.91831233 7.40124201 -2.09528552
v 4.85531525 7.692778 -2.19153739
v 5.08179613 7.24944541 -1.88145309
v 4.45076083 7.27191346 -1.37476816
v 4.18337383 7.36517775 -1.58321084
v 5.61316968 7.92644102 -1.32280643
v 4.97882445 7.95592417 -0.80655328
v 4.75134519 7.54826729 -1.04703319
v 5.35030295 7.56573509 -1.57518846
v 5.38669103 8.369771 -1.63289482
v 4.72035506 8.47864643 -1.05399218
v 4.9105166 8.31920554 -0.78879153
v 5.56022231 8.23195057 -1.40730277
v 4.12067487 7.70187412 -1.69926635
v 4.37412229 8.17358533 -1.43200144
v 5.08077186 8.10353302 -1.96023343
v 5.47808767 8.18961296 -1.75422378
v 5.26456968 8.04109491 -1.98442248
v 5.2792192 7.45890376 -1.91634829
v 5.48850563 7.61502885 -1.6912022
v 5.62579953 7.90045932 -1.55198331
v 5.61223593 8.12888033 -1.58255568
v 5.37865483 7.82425883 -1.83528529
v 8.20768964 6.23308481 2.19073345
v 8.13828562 6.08119669 2.04988607
v 7.90004139 6.15328383 1.93509736
v 7.98537028 6.40345946 2.10427779
v 7.89376949 5.83824646 1.94132021
v 7.13023175 5.83025651 2.24167472
v 7.02560996 6.1670356 2.19255888
v 8.31998666 5.5079741 2.78521351
v 7.55158928 5.49860802 3.09639073
v 7.33096902 5.58073495 2.64362117
v 8.08981065 5.64132694 2.361525
v 8.41159192 6.07318681 2.9481687
v 7.6135051 6.07741182 3.35587378
v 7.60439043 5.70813563 3.38567886
v 8.41322359 5.75166353 2.97193312
v 7.13500273 6.45403889 2.38524644
v 7.38687073 6.37195443 2.90281147
v 8.2094219 6.33044309 2.55419155
v 8.48567937 6.01767352 2.74114147
v 8.35762587 6.21749899 2.4939058
v 8.1479371 5.86444729 2.08444157
v 8.27714507 5.67431634 2.33462281
v 8.42593168 5.64903182 2.63485253
v 8.50323965 5.79443588 2.79323932
v 8.31680973 5.94105924 2.41279253
v 8.87428117 8.07434838 2.82541046
v 8.85400665 7.85671021 2.79320574
v 8.6246748 7.79502125 2.65674436
v 8.63870573 8.11015771 2.65791377
v 8.6745922 7.54945983 2.83635815
v 7.88767603 7.55941924 3.0804822
v 7.73164672 7.77321194 2.85255046
v 9.0303347 7.87957322 3.71665789
v 8.23737909 7.89382994 3.97038852
v 8.07156195 7.64360511 3.5508419
v 8.84178919 7.68485967 3.29253073
v 8.99445046 8.44027036 3.53820857
v 8.1563056 8.51610652 3.86344279
v 8.20989203 8.24122632 4.09246027
v 9.05076195 8.20166741 3.73590361
v 7.75917549 8.13634579 2.85285075
v 7.9462741 8.43159561 3.32590101
v 8.80663437 8.36658851 3.07009838
v 9.10630454 8.28965685 3.39956176
v 8.98034912 8.2733769 3.08452235
v 8.8976786 7.70864783 2.94178664
v 9.02259019 7.7345461 3.25388437
v 9.12970793 7.92395629 3.51594334
v 9.15637468 8.14855219 3.56622242
v 9.00199381 7.99915197 3.17067541
v 2.97454491 8.13853216 -4.00650485
v 2.85500913 7.97365601 -4.08911314
v 2.58955238 8.02919302 -4.07933873
v 2.72972849 8.29470155 -3.98485833
v 2.61099967 7.71600414 -4.05313499
v 2.12109606 7.71204761 -3.41648213
v 1.98237956 8.04021365 -3.4281416
v 3.42868306 7.4697482 -3.49371332
v 2.94033178 7.46519265 -2.84504193
v 2.51553505 7.50291936 -3.14376328
v 3.00691368 7.56062531 -3.76491298
v 3.54741243 8.0484443 -3.42544188
v 3.08252432 8.06467365 -2.67763232
v 3.11772968 7.69939964 -2.62612193
v 3.58502171 7.73048818 -3.38716708
v 2.15218575 8.34500723 -3.32656788
v 2.63662082 8.31361277 -2.9855995
v 3.15527734 8.26589765 -3.69084128
v 3.50785749 7.97791856 -3.64163574
v 3.25790762 8.15255046 -3.80976072
v 2.89709582 7.76109915 -4.05103803
v 3.148807 7.59639441 -3.88140653
v 3.43041494 7.60048202 -3.68616929
v 3.56610971 7.76059184 -3.5914918
v 3.20247833 7.86950811 -3.8463367
v 2.03628135 5.9302074 6.55835658
v 2.09051664 5.73398576 6.61690477
v 2.29119318 5.72947769 6.63863141
v 2.23148693 6.02819623 6.58281831
v 2.2629777 5.43876944 6.56709247
v 2.79824007 5.41917414 6.04394511
v 2.9173422 5.70025271 6.11461159
v 1.80364637 5.46700536 5.96730992
v 2.34106825 5.44894079 5.4333093
v 2.57175527 5.34687924 5.7386546
v 2.04310617 5.42043667 6.25595176
v 1.77215268 6.05643039 5.98304322
v 2.32120543 6.07794161 5.36244822
v 2.28664274 5.74421518 5.25962579
v 1.73514499 5.76652372 5.89876565
v 2.84037839 6.04414002 6.05589462
v 2.57812575 6.17168757 5.70913639
v 1.99950733 6.13826454 6.28290039
v 1.73669443 5.94862415 6.16716422
v 1.88417495 6.03536673 6.3627304
v 2.05682828 5.54577356 6.54810278
v 1.90910133 5.46912959 6.35253213
v 1.75723615 5.56418779 6.15690893
v 1.69421094 5.76121186 6.08562547
v 1.89675963 5.74719839 6.35763276
v 0.95042535 7.84410806 5.8596248
v 0.92881494 7.629072 5.81359739
v 1.16695729 7.4945581 5.82972717
v 1.22733139 7.78729106 5.93093953
v 1.00444169 7.34045454 5.61359517
v 1.63396965 7.34691504 5.10559558
v 1.90094388 7.44129028 5.31505448
v 0.46507926 8.01273804 5.06795477
v 1.09782391 8.02600222 4.55049872
v 1.32988193 7.62036229 4.78335271
v 0.73209111 7.6539116 5.31344661
v 0.68796635 8.4595725 5.38530323
v 1.35176764 8.55074591 4.80648959
v 1.16252363 8.38831799 4.53890891
v 0.51523731 8.31933317 5.15767796
v 1.96062564 7.77956473 5.43686695
v 1.70190711 8.24904551 5.178404
v 0.99728838 8.19618 5.7073129
v 0.5986406 8.28258771 5.50374514
v 0.81417155 8.13609592 5.73087723
v 0.80506229 7.55266571 5.65265107
v 0.5937003 7.70681651 5.43069602
v 0.45327083 7.99114778 5.29676955
v 0.46467022 8.22004601 5.33130668
v 0.70184995 7.91762736 5.57819736
v -2.12139148 6.2806805 1.53038979
v -2.05015349 6.13065787 1.6684478
v -1.81234512 6.20241219 1.78393121
v -1.90054062 6.45038239 1.61928855
v -1.80300023 5.88712644 1.7721868
v -1.04016881 5.86558098 1.46970888
v -0.9387325 6.2022555 1.52445972
v -2.22804542 5.545521 0.92336706
v -1.46036591 5.52234703 0.61002805
v -1.2394439 5.61061804 1.06379857
v -1.99814136 5.68438806 1.34892143
v -2.32558767 6.10877658 0.77047239
v -1.52859423 6.09709055 0.36074187
v -1.51593457 5.72708559 0.32445602
v -2.32412736 5.78675931 0.74108772
v -1.05140987 6.48687417 1.33700856
v -1.30373906 6.39776551 0.8185026
v -2.12497669 6.37131266 1.1685415
v -2.39861678 6.05787806 0.97676724
v -2.27191705 6.26101241 1.22723947
v -2.05776575 5.91331977 1.63012097
v -2.18572128 5.71983876 1.37687432
v -2.33499552 5.69051286 1.07649486
v -2.4141151 5.83380584 0.92080038
v -2.22819145 5.9855977 1.30344317
v -2.80756424 8.11747576 0.92937553
v -2.78507876 7.90017996 0.9577349
v -2.55481708 7.83862589 1.0925832
v -2.57193926 8.1539542 1.09695361
v -2.60276902 7.59018904 0.90875585
v -1.81659642 7.58739988 0.66277959
v -1.66210788 7.80385325 0.89411562
v -2.96390462 7.90769893 0.0348814
v -2.17175926 7.90896549 -0.22064539
v -2.00246009 7.66476682 0.19422644
v -2.77241203 7.71887148 0.45524756
v -2.93307821 8.47146242 0.22308278
v -2.09652553 8.53252024 -0.10300381
v -2.14798036 8.25387743 -0.33674915
v -2.98753563 8.22971526 0.0213075
v -1.69319543 8.16734696 0.90022755
v -1.88434716 8.45580543 0.4326787
v -2.74339239 8.4045194 0.6895589
v -3.04310615 8.32456381 0.35941381
v -2.9162183 8.31283032 0.67393635
v -2.82766479 7.74977543 0.80663892
v -2.95359562 7.77117308 0.4952229
v -3.06321117 7.95686311 0.23667235
v -3.09220287 8.18084842 0.19036919
v -2.93538678 8.03716962 0.58302487
v 3.10811908 8.24730771 7.74947494
v 3.22946914 8.08268714 7.82892721
v 3.49434195 8.13528563 7.81945789
v 3.3513386 8.40055423 7.72993986
v 3.47590125 7.82176594 7.78782873
v 3.96424341 7.80084871 7.14971892
v 4.09976528 8.12785544 7.16676766
v 2.65929268 7.5735723 7.22600098
v 3.14605812 7.55184928 6.57586183
v 3.57120074 7.5907136 6.87425907
v 3.08081914 7.66511893 7.49780485
v 2.53472854 8.15236002 7.16811621
v 2.99758322 8.14982521 6.41923525
v 2.96583282 7.78388174 6.36141844
v 2.5001436 7.83401533 7.12437129
v 3.92672927 8.43259534 7.07091514
v 3.44178513 8.39989879 6.73051861
v 2.92536769 8.37071088 7.43640525
v 2.57550692 8.08543075 7.38303604
v 2.82414802 8.26062261 7.55363195
v 3.1893735 7.86981511 7.78723454
v 2.93887086 7.70454332 7.61530907
v 2.65675518 7.70793442 7.42079415
v 2.51926365 7.86773148 7.32922798
v 2.88243919 7.97762237 7.5851338
v 5.78332976 6.22503006 7.20259259
v 5.89044452 6.05644929 7.11548304
v 5.99803892 6.12756188 6.89007651
v 5.88261247 6.39591691 7.00362146
v 5.9304316 5.82215382 6.85157383
v 5.55060976 5.94578594 6.12624898
v 5.65532245 6.27480683 6.05895342
v 5.05072218 5.62170831 7.25483467
v 4.65917834 5.74655236 6.52504693
v 5.11362315 5.76061008 6.30657541
v 5.48458495 5.69224506 7.0334373
v 5.0029064 6.19546991 7.4068864
v 4.51310589 6.35503347 6.65311151
v 4.41082981 6.00155315 6.60702227
v 4.91699488 5.88635752 7.3758857
v 5.52542792 6.58128797 6.20023128
v 5.00818868 6.57675284 6.4508785
v 5.43315303 6.38986261 7.22624481
v 5.20956167 6.09429541 7.46560854
v 5.48683838 6.25383179 7.35509256
v 5.81452572 5.8508155 7.10341611
v 5.53623647 5.70118952 7.21614491
v 5.2407539 5.72007658 7.3664369
v 5.11533827 5.88495403 7.46104919
v 5.51204369 5.97255429 7.28451475
v 8.42301701 6.8705138 5.45700527
v 8.43708073 6.65372779 5.41601855
v 8.42562173 6.59833622 5.15779969
v 8.43633604 6.91308991 5.18198236
v 8.29385263 6.34969696 5.27858854
v 7.63392751 6.37277001 4.7552022
v 7.74738607 6.59237901 4.52218339
v 7.72945885 6.66206174 6.0205337
v 7.05775325 6.68943955 5.49713748
v 7.32774255 6.44762215 5.14301962
v 7.99122569 6.47625817 5.64763589
v 7.87194748 7.22545265 5.92392938
v 7.11278249 7.31446688 5.40139667
v 6.93951999 7.0358571 5.54862615
v 7.72807081 6.98342615 6.0592137
v 7.7670936 6.95485367 4.55884075
v 7.46290725 7.24061666 4.95873255
v 8.17406033 7.161155 5.53440931
v 8.05490506 7.07424665 5.94091859
v 8.25887997 7.06426395 5.68041649
v 8.33009002 6.50305677 5.52000223
v 8.12821132 6.52271069 5.77855562
v 7.96197769 6.7067885 6.00392336
v 7.93580827 6.93018653 6.0594037
v 8.19249754 6.78865134 5.73046283
v -2.46670093 8.84612236 0.52156006
v -2.81151715 8.8391928 -0.41535362
v -3.06937876 7.41582493 -0.45591248
v -2.77892756 7.42221358 0.44150622
v 0.23891185 9.87523907 -1.46034596
v -0.38523334 9.60600402 -2.21963533
v -1.90871651 9.62625044 -0.89656588
v -1.35760005 9.89608229 -0.11404598
v -0.69240439 8.80779085 -2.60347868
v -2.31278981 8.82937392 -1.19104511
v 3.97598953 6.03124073 7.7492976
v 4.80025601 6.02484409 7.52294375
v 4.79282928 7.45208826 7.83159872
v 3.93860345 7.45859209 8.05268538
v 1.00780823 4.94408668 3.3517944
v 3.01025457 4.9195446 1.83512744
v 4.38399869 4.92787871 3.49772846
v 2.47142454 4.95135908 4.95063321
v -0.18085907 7.44475165 4.26454814
v 0.00672419 6.01805447 4.11533876
v 1.51253179 6.02558467 5.76540282
v 1.41412024 7.45258976 6.02204268
v -0.88226157 7.38204417 -2.8615457
v -2.64721248 7.40668481 -1.20157497
v -0.65799202 5.95894811 -2.60355346
v -2.33961675 5.98127224 -1.14578628
v 4.06938926 5.22955892 7.21671831
v 3.10542907 6.03075421 7.2105871
v 3.40289066 5.22935992 6.82297003
v -0.36341581 5.16439255 -2.25839848
v -1.88689898 5.18463953 -0.93532923
v 0.26333709 4.90274616 -1.50374254
v -1.33317481 4.92358956 -0.15744238
v 4.68759206 5.22476127 7.04695385
v -2.41537127 5.99706271 0.5076217
v -2.76018749 5.9901325 -0.42929188
v -2.20232639 5.19128516 -0.39795685
v -1.95729356 5.19664876 0.31501314
v 0.38449415 5.21715035 3.82522613
v -0.89919414 5.20765766 2.08848208
v -0.27505416 4.93459865 1.61605215
v 1.84893557 5.22442834 5.42506676
v -1.31832953 6.00830892 2.32837055
v 4.02540085 4.95629048 6.34856255
v 3.09551135 7.45806284 7.57383508
v 5.7609823 4.93629609 5.17111079
v 6.3826893 5.2055615 5.93224641
v 6.6686314 6.00365984 6.29191636
v 6.88562994 7.42944872 6.5696801
v 6.67505381 8.85275135 6.3415688
v 4.8668534 8.87318885 7.52597046
v 6.36087251 9.64717279 5.97101069
v 4.66577527 9.66637238 7.08571775
v 5.73655818 9.90878975 5.21450775
v 4.00097645 9.9287832 6.39195951
v 3.09386862 8.88005601 7.27281053
v 3.9644293 8.88054337 7.81152215
v 4.04757238 9.67116946 7.25548184
v 3.38107273 9.67097084 6.86173393
v -1.59423794 7.43423112 2.36950633
v 0.98338281 9.91658015 3.39519089
v 0.36267699 9.65876183 3.86398929
v 1.8271185 9.66603982 5.46383029
v 2.44699945 9.92385218 4.99402942
v -0.02472042 8.86723603 4.1534197
v 1.49129568 8.87482882 5.81587818
v 1.64188868 4.91114473 0.16845217
v 4.35957382 9.90037144 3.54112486
v 2.98582956 9.89203769 1.87852376
v -2.22414355 9.6328957 -0.35919369
v -1.97911109 9.63826024 0.35377658
v -0.29947902 9.90709118 1.65944836
v -0.9210113 9.64926913 2.12724519
v -1.35998274 8.8574278 2.35405718
v 1.617464 9.88363764 0.21184838
v 2.89550512 8.78040311 -3.53981363
v 2.90786198 7.35251642 -3.86570924
v 2.0647651 7.35290098 -4.34455023
v 2.02494482 8.77991687 -4.07852376
v 1.97796724 9.85520203 -2.64042851
v 1.31577649 9.58673142 -3.33881982
v 1.12252072 8.78727064 -3.79297355
v 8.77754916 5.97239303 4.11256212
v 9.0727475 7.39566795 4.16404689
v 8.65058047 7.40480807 4.909709
v 8.35697879 5.98125329 4.82905614
v 5.019985 4.89491347 0.31294305
v 6.30284776 4.90440151 2.04868567
v 6.18422781 7.36674123 -0.55641447
v 7.59760854 7.37680523 1.33862389
v 7.33569232 5.95421624 1.35489968
v 6.01063766 5.94447049 -0.43206834
v 1.21053927 7.35940407 -4.12346394
v 1.21710603 5.93768125 -3.83967333
v 8.22751191 5.17859755 4.06732717
v 7.98247834 5.17323264 3.35435718
v 8.43273368 5.96546281 3.17564854
v 1.33759347 5.14512032 -3.37758297
v 2.00239182 4.88270893 -2.6838251
v 7.91208525 5.18524207 4.6047001
v 2.9119334 5.93177131 -3.52731705
v 2.04137289 5.9312848 -4.0660283
v 1.95579571 5.14032342 -3.54734818
v 2.62229503 5.14052167 -3.15359952
v 3.55636906 4.88764052 -1.28589501
v 4.17624968 5.14545307 -1.75569551
v 5.64069156 5.15273049 -0.15585525
v 6.92437892 5.16222375 1.58088952
v 4.50483034 5.93694058 -2.0821324
v 7.36096878 4.91541022 3.82218038
v 8.78230077 7.38836568 3.26662017
v 8.30216375 8.83108557 4.92404257
v 7.89026697 9.62685261 4.64346308
v 7.33654355 9.88790294 3.86557641
v 8.45607412 8.8143375 3.2114374
v 8.80089071 8.82126744 4.14835126
v 8.205694 9.62020809 4.10609032
v 7.96066155 9.61484356 3.39312043
v 4.58925026 7.35844622 -2.31391237
v 4.9955605 9.86740657 0.35633954
v 6.27842252 9.87689405 2.09208247
v 6.9025625 9.60383541 1.61965279
v 5.61887403 9.59434197 -0.11709228
v 7.34935631 8.80303207 1.3789401
v 6.01409455 8.7932242 -0.42042168
v 1.93397798 9.58193397 -3.50858465
v 2.60047782 9.58213296 -3.11483636
v 4.15443233 9.58706473 -1.71693236
v 3.53194387 9.8601338 -1.24249861
v 4.49807863 8.78563216 -2.08288016
vn 0.1944 -0.95718 -0.21451
vn 0.35195 -0.17506 -0.9195
vn 0.67201 -0.73673 0.07505
vn 0.41528 -0.84908 0.32649
vn -0.0428 -0.18032 0.98268
vn -0.49095 -0.50786 0.70785
vn -0.26629 -0.77182 0.57739
vn 0.16252 -0.49385 0.85423
vn -0.33962 0.28417 0.89661
vn -0.12648 0.45279 0.8826
vn -0.22492 0.7119 0.66529
vn -0.44846 0.51626 0.72963
vn -0.72616 -0.41307 -0.5496
vn -0.72403 -0.49895 -0.47627
vn -0.65707 -0.51943 -0.54631
vn -0.55412 -0.43805 0.70786
vn -0.613 -0.36634 0.70002
vn -0.59465 -0.57021 -0.56679
vn -0.25449 0.88373 -0.39276
vn 0.11362 0.60846 -0.78541
vn -0.37069 0.86522 0.33762
vn -0.25411 0.91575 0.31118
vn -0.59996 -0.64871 -0.46821
vn 0.76535 0.40313 -0.50172
vn 0.72237 0.41332 -0.55439
vn 0.47379 -0.53823 0.69701
vn 0.27783 -0.72218 0.63345
vn 0.31163 -0.89772 0.31143
vn 0.31852 0.73002 0.60467
vn 0.4937 0.50665 0.7068
vn -0.91144 0.1796 0.37017
vn -0.65122 0.75586 0.0677
vn -0.26402 0.21684 -0.93982
vn -0.58273 -0.45219 -0.67524
vn 0.63229 0.32854 -0.70162
vn 0.26134 0.34576 -0.90119
vn -0.14243 0.98614 0.0851
vn 0.09223 0.94131 0.32471
vn -0.7643 -0.09667 0.63758
vn 0.19181 -0.84423 -0.50049
vn -0.17501 -0.17614 -0.96868
vn -0.6521 -0.31231 -0.69082
vn 0.56489 0.71213 -0.41687
vn 0.49018 0.56225 -0.66603
vn 0.00622 -0.96256 0.27101
vn 0.75875 0.08958 0.6452
vn 0.92063 -0.1416 0.36385
vn -0.1787 -0.00393 0.9839
vn 0.04367 0.17932 0.98282
vn 0.57768 0.59406 -0.55981
vn 0.65322 0.51639 -0.55376
vn 0.55292 0.43709 0.70939
vn 0.60258 0.37597 0.70395
vn 0.35858 -0.31901 0.8773
vn 0.17756 0.00362 0.9841
vn 0.17691 -0.97936 0.09776
vn -0.11397 -0.09009 0.98939
vn 0.11397 0.09009 0.98939
vn -0.86455 0.44885 0.22603
vn -0.88578 0.42428 -0.18808
vn -0.91196 -0.24681 -0.32775
vn -0.8715 -0.2157 0.44041
vn -0.4527 0.01471 -0.89154
vn -0.25699 -0.22375 -0.94016
vn -0.72246 -0.60151 -0.34095
vn 0.3641 0.72658 -0.58268
vn 0.56801 0.57264 -0.59114
vn 0.21933 0.20864 -0.95308
vn 0.07563 0.34087 -0.93706
vn -0.0138 0.54419 0.83885
vn 0.21844 0.3671 0.90417
vn 0.64138 0.72422 0.25324
vn 0.38333 0.89764 0.2175
vn -0.69398 -0.52043 0.49753
vn -0.27897 -0.13787 0.95035
vn -0.47117 0.07929 0.87847
vn -0.49893 0.77046 0.39682
vn -0.70276 0.5663 0.43062
vn -0.61616 0.56059 -0.55325
vn -0.38462 0.69764 -0.60445
vn -0.26172 0.8736 -0.41028
vn -0.23774 0.9679 0.08157
vn -0.66628 0.74196 -0.07461
vn -0.4563 0.80568 0.37772
vn -0.66262 0.74881 0.01466
vn -0.98779 0.13984 0.06867
vn -0.61602 0.23932 0.7505
vn -0.74618 0.11168 -0.65631
vn -0.67892 -0.20242 -0.70576
vn -0.95822 -0.272 0.08853
vn 0.30574 0.43868 -0.84503
vn 0.42792 0.20513 -0.88023
vn -0.15442 -0.02428 -0.98771
vn -0.22304 0.16255 -0.96116
vn 0.52098 0.58966 0.61716
vn 0.67946 0.34372 0.64822
vn 0.89586 0.41351 -0.16259
vn 0.71943 0.67567 -0.16089
vn -0.54585 -0.10603 0.83115
vn 0.12962 0.11507 0.98486
vn 0.01309 0.38179 0.92416
vn 0.01464 0.9457 0.3247
vn -0.19719 0.85993 0.47077
vn -0.54661 0.71332 -0.43862
vn -0.33795 0.72884 -0.59546
vn -0.09481 0.85401 -0.51154
vn 0.16821 0.98191 -0.08691
vn -0.32273 0.94603 -0.02941
vn 0.53338 0.78475 0.3157
vn 0.4526 0.89142 -0.02303
vn -0.28511 0.95812 -0.02683
vn -0.13618 0.75674 0.63937
vn -0.14017 0.67187 -0.72729
vn -0.39581 0.47805 -0.78409
vn -0.65361 0.7565 -0.02238
vn 0.63499 -0.25611 -0.72883
vn 0.50844 -0.45214 -0.73285
vn 0.07424 -0.01642 -0.99711
vn 0.22654 0.12712 -0.96567
vn 0.70689 -0.22165 0.67169
vn 0.56405 -0.45948 0.68609
vn 0.74391 -0.66655 -0.04797
vn 0.89286 -0.44775 -0.04813
vn -0.43668 0.5516 0.71067
vn 0.03452 0.05175 0.99806
vn 0.25836 0.26016 0.93036
vn 0.89589 0.30707 0.32108
vn 0.69226 0.54576 0.47215
vn 0.51702 0.73384 -0.44065
vn 0.65847 0.46014 -0.59556
vn 0.86152 0.26735 -0.43163
vn 0.98834 0.14682 -0.04041
vn 0.80016 0.59885 -0.03343
vn 0.43043 0.89827 0.08849
vn 0.51953 0.80188 -0.29509
vn -0.06184 0.77913 -0.6238
vn -0.23663 0.96616 0.10264
vn 0.30333 0.16432 -0.93861
vn 0.05452 -0.03849 -0.99777
vn -0.41513 0.60565 -0.67886
vn 0.82302 -0.51608 -0.2373
vn 0.64057 -0.7296 -0.23948
vn 0.42261 -0.50633 -0.75168
vn 0.56332 -0.35714 -0.74507
vn 0.29733 0.29446 0.90823
vn 0.07429 0.09989 0.99222
vn 0.56462 -0.53485 0.6286
vn 0.78076 -0.2814 0.55788
vn -0.551 0.82599 0.11891
vn -0.3529 0.56982 0.74213
vn -0.11251 0.72723 0.67711
vn 0.65045 0.63508 0.41662
vn 0.47093 0.81711 0.3325
vn 0.7324 0.43268 -0.52571
vn 0.85432 0.21134 -0.47485
vn 0.96062 0.15973 -0.22736
vn 0.91857 0.29304 0.26525
vn 0.76012 0.64747 -0.05482
vn 0.76999 0.48217 0.41788
vn 0.67635 0.72922 0.10393
vn 0.08602 0.96728 0.23868
vn 0.24301 0.49719 0.83291
vn 0.03484 0.85785 -0.51272
vn -0.26081 0.79901 -0.54181
vn -0.28788 0.91803 0.27267
vn 0.39883 -0.11885 -0.90929
vn 0.15375 -0.23157 -0.96059
vn -0.08417 0.33003 -0.94021
vn 0.09725 0.40926 -0.90722
vn 0.65117 -0.5787 0.49101
vn 0.39067 -0.76104 0.51788
vn 0.4219 -0.83401 -0.35556
vn 0.70262 -0.63231 -0.32636
vn -0.0835 0.4182 0.90451
vn 0.16439 -0.2762 0.94694
vn 0.42479 -0.12617 0.89646
vn 0.95834 0.03778 0.28313
vn 0.85488 0.22144 0.46919
vn 0.6261 0.69481 -0.35389
vn 0.65151 0.52478 -0.54786
vn 0.80624 0.28199 -0.52005
vn 0.98555 -0.04123 -0.16426
vn 0.89374 0.44852 -0.00798
vn 0.73804 0.6301 0.24141
vn 0.73874 0.65486 -0.15946
vn 0.16765 0.93133 -0.32329
vn 0.15639 0.88573 0.43707
vn 0.23537 0.39498 -0.88803
vn -0.06731 0.33155 -0.94103
vn -0.21373 0.91498 -0.34225
vn 0.52445 -0.63533 -0.56685
vn 0.27702 -0.75625 -0.59275
vn 0.11656 -0.30311 -0.9458
vn 0.30025 -0.22048 -0.92803
vn 0.47851 -0.18055 0.85932
vn 0.2024 -0.30687 0.92998
vn 0.3674 -0.88746 0.27826
vn 0.65939 -0.71117 0.24382
vn -0.17606 0.86195 0.47545
vn -0.03241 0.34584 0.93773
vn 0.24079 0.43021 0.87002
vn 0.88568 0.19443 0.42161
vn 0.7745 0.45465 0.43982
vn 0.77043 0.34884 -0.53362
vn 0.80716 0.08965 -0.58349
vn 0.91642 -0.08644 -0.39077
vn 0.98401 -0.14015 0.10994
vn 0.93394 0.35456 -0.04516
vn 0.4157 0.81703 0.39956
vn 0.23603 0.96938 0.06779
vn -0.41772 0.89399 0.16215
vn -0.08638 0.59866 0.79633
vn -0.35614 0.72896 -0.58462
vn -0.58741 0.514 -0.6251
vn -0.73114 0.65503 0.19072
vn 0.46968 0.05369 -0.8812
vn 0.32023 -0.17702 -0.93065
vn -0.17051 0.18019 -0.96874
vn -0.05185 0.34546 -0.937
vn 0.81861 -0.13071 0.55928
vn 0.6894 -0.41665 0.59257
vn 0.81461 -0.51469 -0.26742
vn 0.94821 -0.19775 -0.24858
vn -0.33302 0.35991 0.87153
vn 0.21968 -0.09641 0.9708
vn 0.37385 0.16048 0.9135
vn 0.79023 0.52877 0.30974
vn 0.60557 0.64166 0.4707
vn 0.23991 0.88818 -0.3919
vn 0.35607 0.74349 -0.56607
vn 0.59793 0.61724 -0.51136
vn 0.88402 0.45078 -0.12369
vn 0.56636 0.82407 -0.01171
vn -0.53269 -0.78894 0.30629
vn -0.45012 -0.89206 -0.04032
vn 0.28715 -0.95721 -0.03605
vn 0.1417 -0.75557 0.63956
vn 0.13767 -0.67399 -0.7258
vn 0.38133 -0.48341 -0.78798
vn 0.65504 -0.75476 -0.03564
vn -0.64004 0.24488 -0.72827
vn -0.51661 0.43611 -0.73683
vn -0.08475 -0.00213 -0.9964
vn -0.23299 -0.14285 -0.96193
vn -0.70407 0.22794 0.67255
vn -0.55987 0.47268 0.68052
vn -0.74587 0.66391 -0.0538
vn -0.8944 0.44469 -0.04801
vn 0.45271 -0.54567 0.7052
vn -0.02331 -0.0341 0.99915
vn -0.254 -0.25029 0.93426
vn -0.89845 -0.30784 0.31309
vn -0.69583 -0.54604 0.46653
vn -0.51331 -0.73341 -0.44568
vn -0.6527 -0.46519 -0.59798
vn -0.85732 -0.27242 -0.43679
vn -0.98748 -0.15 -0.04878
vn -0.79784 -0.60065 -0.05176
vn -0.42683 -0.90138 0.07301
vn -0.51574 -0.79973 -0.30733
vn 0.05968 -0.77855 -0.62474
vn 0.24031 -0.96574 0.09795
vn -0.30703 -0.17106 -0.9362
vn -0.06591 0.02094 -0.99761
vn 0.40323 -0.60781 -0.68409
vn -0.82558 0.5124 -0.23633
vn -0.64476 0.72373 -0.24597
vn -0.43384 0.49364 -0.75373
vn -0.57169 0.3434 -0.74515
vn -0.29334 -0.28736 0.9118
vn -0.06134 -0.08509 0.99448
vn -0.55995 0.54738 0.62196
vn -0.77923 0.28501 0.55818
vn 0.55586 -0.82489 0.10284
vn 0.36701 -0.56229 0.74104
vn 0.12126 -0.72658 0.67629
vn -0.65279 -0.63735 0.40945
vn -0.46849 -0.82241 0.32274
vn -0.72526 -0.43814 -0.53108
vn -0.84897 -0.21782 -0.48146
vn -0.95837 -0.16557 -0.23264
vn -0.92061 -0.29511 0.25571
vn -0.75735 -0.64887 -0.07342
vn -0.7736 -0.48128 0.4122
vn -0.67517 -0.73247 0.08735
vn -0.08261 -0.9698 0.22949
vn -0.2403 -0.49489 0.83507
vn -0.03598 -0.8566 -0.51472
vn 0.25269 -0.79554 -0.55069
vn 0.2956 -0.92005 0.25715
vn -0.4049 0.10757 -0.90801
vn -0.16632 0.21733 -0.96182
vn 0.07402 -0.34288 -0.93646
vn -0.10313 -0.4192 -0.90202
vn -0.64831 0.58076 0.49236
vn -0.38581 0.76677 0.51305
vn -0.4291 0.82894 -0.3588
vn -0.70753 0.628 -0.32406
vn 0.09765 -0.41346 0.90527
vn -0.1544 0.29198 0.94388
vn -0.41999 0.13821 0.89694
vn -0.95982 -0.03792 0.27805
vn -0.85936 -0.21721 0.46295
vn -0.62346 -0.69311 -0.3618
vn -0.64754 -0.5279 -0.54955
vn -0.80114 -0.28872 -0.52423
vn -0.98488 0.03841 -0.16895
vn -0.89227 -0.45083 -0.02467
vn -0.73779 -0.63463 0.23
vn -0.73551 -0.65458 -0.17477
vn -0.16655 -0.92871 -0.33129
vn -0.15238 -0.88801 0.43385
vn -0.23682 -0.40011 -0.88534
vn 0.05564 -0.33852 -0.93931
vn 0.21 -0.91044 -0.35636
vn -0.53103 0.63038 -0.56624
vn -0.28714 0.74977 -0.59615
vn -0.12798 0.28707 -0.94932
vn -0.30959 0.20406 -0.92872
vn -0.4738 0.18837 0.86025
vn -0.19148 0.31955 0.92802
vn -0.36464 0.8893 0.27601
vn -0.65862 0.71063 0.24745
vn 0.18589 -0.86573 0.4647
vn 0.04405 -0.33383 0.9416
vn -0.23665 -0.42354 0.87442
vn -0.8892 -0.19156 0.41548
vn -0.7771 -0.45423 0.43565
vn -0.76531 -0.35666 -0.53581
vn -0.80301 -0.1003 -0.58747
vn -0.91586 0.08026 -0.39339
vn -0.98488 0.13691 0.10617
vn -0.93203 -0.35728 -0.06057
vn -0.41575 -0.82082 0.39167
vn -0.23366 -0.97094 0.05176
vn 0.42144 -0.89323 0.15665
vn 0.09251 -0.59576 0.79782
vn 0.35317 -0.7299 -0.58525
vn 0.5757 -0.5189 -0.63191
vn 0.73753 -0.65152 0.17769
vn -0.47226 -0.06491 -0.87906
vn -0.32857 0.15755 -0.93124
vn 0.15971 -0.19666 -0.96738
vn 0.0434 -0.35737 -0.93295
vn -0.81806 0.13492 0.55908
vn -0.68864 0.42855 0.58492
vn -0.81645 0.50616 -0.27788
vn -0.94885 0.19226 -0.25044
vn 0.34908 -0.34822 0.86999
vn -0.21076 0.11458 0.9708
vn -0.36975 -0.15032 0.91689
vn -0.79266 -0.5301 0.30114
vn -0.60873 -0.64336 0.46425
vn -0.23984 -0.88528 -0.39845
vn -0.35451 -0.7421 -0.56886
vn -0.59363 -0.61795 -0.51551
vn -0.88138 -0.45289 -0.13441
vn -0.56413 -0.82508 -0.03165
vn 0.56698 -0.78779 0.24068
vn 0.75476 -0.64735 -0.10615
vn 0.99848 -0.0181 0.05215
vn 0.65713 -0.26993 0.70379
vn 0.74286 0.09322 -0.66293
vn 0.63676 0.39608 -0.66156
vn 0.91619 0.37642 0.13749
vn -0.26598 -0.33299 -0.90464
vn -0.4147 -0.11894 -0.90215
vn 0.12773 0.1949 -0.97247
vn 0.21943 0.01803 -0.97546
vn -0.43362 -0.74301 0.50981
vn -0.62377 -0.52666 0.57754
vn -0.83758 -0.49135 -0.23881
vn -0.63188 -0.72438 -0.27567
vn 0.54437 0.04786 0.83748
vn -0.09259 -0.28055 0.95536
vn 0.05623 -0.51912 0.85285
vn 0.10925 -0.98074 0.16193
vn 0.317 -0.89112 0.32467
vn 0.62489 -0.55578 -0.54829
vn 0.41207 -0.57362 -0.70793
vn 0.18784 -0.74104 -0.64465
vn -0.04618 -0.96605 -0.25421
vn 0.43968 -0.87814 -0.18855
vn 0.92444 -0.30639 0.22701
vn 0.94181 -0.2813 -0.18401
vn 0.86778 0.38087 -0.31921
vn 0.82714 0.34663 0.44236
vn 0.4482 0.04522 -0.89279
vn 0.2235 0.25241 -0.94146
vn 0.63134 0.70134 -0.33096
vn -0.25467 -0.77078 -0.58398
vn -0.47528 -0.64673 -0.59652
vn -0.19291 -0.25308 -0.94802
vn -0.03287 -0.35996 -0.93239
vn 0.09908 -0.53091 0.84162
vn -0.16059 -0.38665 0.90814
vn -0.53263 -0.81144 0.24058
vn -0.24814 -0.94615 0.20789
vn 0.60856 0.61917 0.49627
vn 0.263 0.1951 0.94487
vn 0.48375 0.00939 0.87516
vn 0.61676 -0.67945 0.39744
vn 0.7885 -0.44194 0.42774
vn 0.68913 -0.46395 -0.55665
vn 0.47997 -0.63566 -0.60461
vn 0.38905 -0.82247 -0.41494
vn 0.37996 -0.92231 0.07055
vn 0.77332 -0.62901 -0.07957
vn -0.84405 -0.40013 0.35704
vn -0.91969 0.09836 0.38013
vn -0.99482 0.10086 -0.01247
vn -0.90852 -0.41749 -0.01706
vn -0.07786 0.11908 0.98983
vn -0.36348 0.49231 0.7909
vn -0.476 0.38707 0.78968
vn -0.17562 0.02184 0.98422
vn -0.56113 0.74536 0.35997
vn -0.70895 0.60411 0.36392
vn -0.13069 -0.91697 -0.37695
vn 0.3759 -0.85375 -0.36029
vn 0.39447 -0.91881 -0.01364
vn -0.13136 -0.9912 -0.01658
vn -0.13437 -0.11586 -0.98413
vn -0.0052 -0.00931 -0.99994
vn -0.0052 -0.00931 -0.99994
vn -0.12336 -0.12943 -0.98389
vn -0.77193 -0.6355 -0.01641
vn -0.72414 -0.59776 -0.34394
vn -0.66258 -0.66305 -0.34837
vn -0.70669 -0.70731 -0.01718
vn -0.60438 0.79667 -0.00581
vn -0.78224 0.62294 -0.00698
vn -0.56819 0.74404 -0.3515
vn -0.72428 0.58749 -0.36093
vn -0.09382 -0.64529 -0.75815
vn -0.56018 -0.74594 -0.36023
vn -0.36239 -0.52035 -0.77324
vn -0.38102 0.491 -0.78342
vn -0.49241 0.38012 -0.78297
vn -0.08848 0.10115 -0.99093
vn -0.18472 0.00458 -0.98278
vn 0.2404 -0.58023 -0.77816
vn -0.83921 -0.40351 -0.36455
vn -0.9194 0.08251 -0.38458
vn -0.6409 0.05332 -0.76577
vn -0.57383 -0.25394 -0.77861
vn -0.49143 -0.40857 -0.76913
vn -0.52712 -0.3571 -0.77112
vn -0.14473 -0.10169 -0.98423
vn -0.44925 -0.45429 -0.76928
vn -0.77637 -0.52407 -0.35015
vn -0.03382 -0.19133 -0.98094
vn -0.58911 -0.80783 -0.01867
vn 0.07785 -0.11909 -0.98983
vn 0.37 -0.50096 -0.78239
vn 0.56157 -0.74661 -0.35665
vn 0.60435 -0.79662 -0.01292
vn 0.56716 -0.74319 0.35496
vn 0.39571 -0.84728 0.3543
vn 0.37432 -0.48228 0.79201
vn 0.24783 -0.56523 0.78683
vn 0.08847 -0.10115 0.99093
vn -0.02441 -0.17501 0.98426
vn -0.56246 -0.74888 0.35046
vn -0.11852 -0.92259 0.36711
vn -0.0823 -0.63309 0.7697
vn -0.35678 -0.50801 0.78399
vn -0.83028 -0.5571 -0.01651
vn -0.12566 -0.09883 0.98714
vn -0.48677 -0.3972 0.778
vn -0.44457 -0.44288 0.7786
vn -0.11458 -0.11263 0.98701
vn -0.72855 -0.59803 0.33403
vn -0.66655 -0.66425 0.33835
vn -0.0052 -0.00931 -0.99994
vn 0.0052 0.00931 0.99994
vn 0.0052 0.00931 0.99994
vn -0.62689 0.0678 0.77615
vn -0.56557 -0.24086 0.78874
vn -0.13607 -0.08443 0.98709
vn -0.52163 -0.34512 0.78026
vn -0.78098 -0.5232 0.34107
vn 0.0052 0.00931 0.99994
vn 0.55893 0.74571 0.36265
vn 0.58922 0.80797 -0.00055
vn 0.13146 0.99132 -0.00119
vn 0.11966 0.91847 0.37695
vn 0.03381 0.19133 0.98094
vn -0.23768 0.57219 0.78493
vn -0.38941 0.84711 0.36161
vn 0.92078 -0.08684 -0.38029
vn 0.99489 -0.10082 -0.00596
vn 0.78198 -0.62323 -0.00988
vn 0.71927 -0.59242 -0.36289
vn 0.12566 0.09883 -0.98714
vn 0.13607 0.08443 -0.98709
vn 0.77207 0.63554 0.0012
vn 0.83044 0.55711 0.00017
vn 0.78175 0.52373 -0.33849
vn 0.72919 0.59858 -0.33164
vn -0.39479 0.91877 -0.00293
vn -0.38221 0.8541 -0.35274
vn 0.6387 -0.06246 -0.76691
vn 0.57539 0.24437 -0.78052
vn 0.84456 0.40146 -0.35432
vn -0.25057 0.57348 -0.77996
vn 0.02439 0.17501 -0.98426
vn 0.48334 -0.39175 -0.78289
vn 0.56379 0.74916 -0.3477
vn 0.1296 0.92126 -0.36671
vn 0.08969 0.64308 -0.76053
vn 0.3621 0.51689 -0.7757
vn 0.11458 0.11263 -0.98701
vn 0.45039 0.4493 -0.77154
vn 0.49309 0.40244 -0.7713
vn 0.52903 0.34964 -0.77323
vn 0.66719 0.66492 -0.33577
vn 0.17562 -0.02185 -0.98422
vn 0.9087 0.41744 -0.00256
vn 0.714 -0.5994 0.36183
vn 0.48514 -0.37527 0.78982
vn 0.18472 -0.0046 0.98278
vn 0.83878 0.40225 0.36694
vn 0.91842 -0.09423 0.38422
vn 0.62941 -0.05853 0.77487
vn 0.56425 0.25063 0.78664
vn 0.70683 0.70739 0.00098
vn 0.13437 0.11586 0.98413
vn 0.14473 0.10169 0.98423
vn 0.51992 0.35279 0.77796
vn 0.4853 0.40357 0.77564
vn 0.77564 0.5236 0.35245
vn 0.72355 0.59726 0.34607
vn 0.08659 0.6357 0.76707
vn 0.35726 0.51182 0.78128
vn 0.44362 0.44814 0.77612
vn 0.12336 0.12943 0.98389
vn 0.66199 0.66242 0.35067
usemtl mat0
f 165//235 166//236 167//237
f 167//237 168//238 165//235
f 169//239 170//240 171//241
f 171//241 172//242 169//239
f 173//243 174//244 175//245
f 175//245 176//246 173//243
f 171//241 170//240 177//247
f 177//247 178//248 171//241
f 179//249 180//250 181//251
f 181//251 182//252 179//249
f 183//253 184//254 185//255
f 185//255 186//256 183//253
f 187//257 188//258 189//259
f 189//259 182//252 187//257
f 190//260 191//261 192//262
f 192//262 168//238 190//260
f 189//259 188//258 193//263
f 193//263 194//264 189//259
f 195//265 196//266 197//267
f 197//267 198//268 195//265
f 199//269 200//270 201//271
f 201//271 202//272 199//269
f 176//246 195//265 203//273
f 203//273 173//243 176//246
f 204//274 205//275 206//276
f 165//235 204//274 206//276
f 166//236 165//235 206//276
f 206//276 178//248 207//277
f 166//236 206//276 207//277
f 166//236 207//277 208//278
f 209//279 171//241 178//248
f 178//248 206//276 209//279
f 207//277 210//280 211//281
f 211//281 208//278 207//277
f 212//282 213//283 174//244
f 174//244 173//243 212//282
f 214//284 215//285 216//286
f 216//286 217//287 214//284
f 203//273 187//257 182//252
f 182//252 181//251 203//273
f 186//256 185//255 176//246
f 176//246 175//245 186//256
f 218//288 210//280 217//287
f 217//287 219//289 218//288
f 179//249 177//247 170//240
f 170//240 180//250 179//249
f 209//279 206//276 205//275
f 205//275 220//290 209//279
f 174//244 193//263 202//272
f 202//272 175//245 174//244
f 200//270 199//269 188//258
f 186//256 201//271 200//270
f 200//270 183//253 186//256
f 198//268 197//267 184//254
f 198//268 184//254 183//253
f 200//270 198//268 183//253
f 173//243 203//273 181//251
f 181//251 212//282 173//243
f 181//251 180//250 221//291
f 221//291 212//282 181//251
f 217//287 216//286 222//292
f 222//292 219//289 217//287
f 187//257 198//268 200//270
f 200//270 188//258 187//257
f 191//261 209//279 220//290
f 220//290 192//262 191//261
f 208//278 211//281 167//237
f 167//237 166//236 208//278
f 192//262 220//290 205//275
f 205//275 204//274 192//262
f 196//266 195//265 176//246
f 176//246 185//255 196//266
f 172//242 218//288 219//289
f 219//289 169//239 172//242
f 216//286 194//264 213//283
f 213//283 222//292 216//286
f 188//258 199//269 202//272
f 202//272 193//263 188//258
f 167//237 211//281 190//260
f 190//260 168//238 167//237
f 175//245 202//272 201//271
f 201//271 186//256 175//245
f 172//242 171//241 209//279
f 209//279 191//261 172//242
f 189//259 194//264 216//286
f 216//286 215//285 189//259
f 213//283 194//264 193//263
f 193//263 174//244 213//283
f 215//285 179//249 182//252
f 182//252 189//259 215//285
f 178//248 177//247 214//284
f 214//284 207//277 178//248
f 222//292 213//283 212//282
f 212//282 221//291 222//292
f 184//254 197//267 196//266
f 196//266 185//255 184//254
f 195//265 198//268 187//257
f 187//257 203//273 195//265
f 190//260 211//281 210//280
f 210//280 218//288 190//260
f 168//238 192//262 204//274
f 204//274 165//235 168//238
f 214//284 217//287 210//280
f 210//280 207//277 214//284
f 180//250 170//240 169//239
f 169//239 221//291 180//250
f 191//261 190//260 218//288
f 218//288 172//242 191//261
f 215//285 214//284 177//247
f 177//247 179//249 215//285
f 219//289 222//292 221//291
f 221//291 169//239 219//289
f 223//293 224//294 225//295
f 225//295 226//296 223//293
f 227//297 228//298 229//299
f 229//299 225//295 227//297
f 230//300 231//301 232//302
f 232//302 233//303 230//300
f 234//304 235//305 236//306
f 236//306 237//307 234//304
f 226//296 238//308 239//309
f 239//309 240//310 226//296
f 241//311 242//312 240//310
f 240//310 234//304 241//311
f 243//313 244//314 233//303
f 233//303 227//297 243//313
f 245//315 246//316 237//307
f 237//307 230//300 245//315
f 241//311 246//316 247//317
f 247//317 242//312 241//311
f 242//312 247//317 224//294
f 224//294 223//293 242//312
f 244//314 245//315 230//300
f 230//300 233//303 244//314
f 242//312 223//293 226//296
f 226//296 240//310 242//312
f 240//310 239//309 235//305
f 235//305 234//304 240//310
f 233//303 232//302 228//298
f 228//298 227//297 233//303
f 247//317 244//314 243//313
f 243//313 224//294 247//317
f 246//316 245//315 244//314
f 244//314 247//317 246//316
f 246//316 241//311 234//304
f 234//304 237//307 246//316
f 237//307 236//306 231//301
f 231//301 230//300 237//307
f 225//295 229//299 238//308
f 238//308 226//296 225//295
f 224//294 243//313 227//297
f 227//297 225//295 224//294
f 248//318 249//319 250//320
f 250//320 251//321 248//318
f 252//322 253//323 254//324
f 254//324 250//320 252//322
f 255//325 256//326 257//327
f 257//327 258//328 255//325
f 259//329 260//330 261//331
f 261//331 262//332 259//329
f 251//321 263//333 264//334
f 264//334 265//335 251//321
f 266//336 267//337 265//335
f 265//335 259//329 266//336
f 268//338 269//339 258//328
f 258//328 252//322 268//338
f 270//340 271//341 262//332
f 262//332 255//325 270//340
f 266//336 271//341 272//342
f 272//342 267//337 266//336
f 267//337 272//342 249//319
f 249//319 248//318 267//337
f 269//339 270//340 255//325
f 255//325 258//328 269//339
f 267//337 248//318 251//321
f 251//321 265//335 267//337
f 265//335 264//334 260//330
f 260//330 259//329 265//335
f 258//328 257//327 253//323
f 253//323 252//322 258//328
f 272//342 269//339 268//338
f 268//338 249//319 272//342
f 271//341 270//340 269//339
f 269//339 272//342 271//341
f 271//341 266//336 259//329
f 259//329 262//332 271//341
f 262//332 261//331 256//326
f 256//326 255//325 262//332
f 250//320 254//324 263//333
f 263//333 251//321 250//320
f 249//319 268//338 252//322
f 252//322 250//320 249//319
f 273//343 274//344 275//345
f 275//345 276//346 273//343
f 277//347 278//348 279//349
f 279//349 275//345 277//347
f 280//350 281//351 282//352
f 282//352 283//353 280//350
f 284//354 285//355 286//356
f 286//356 287//357 284//354
f 276//346 288//358 289//359
f 289//359 290//360 276//346
f 291//361 292//362 290//360
f 290//360 284//354 291//361
f 293//363 294//364 283//353
f 283//353 277//347 293//363
f 295//365 296//366 287//357
f 287//357 280//350 295//365
f 291//361 296//366 297//367
f 297//367 292//362 291//361
f 292//362 297//367 274//344
f 274//344 273//343 292//362
f 294//364 295//365 280//350
f 280//350 283//353 294//364
f 292//362 273//343 276//346
f 276//346 290//360 292//362
f 290//360 289//359 285//355
f 285//355 284//354 290//360
f 283//353 282//352 278//348
f 278//348 277//347 283//353
f 297//367 294//364 293//363
f 293//363 274//344 297//367
f 296//366 295//365 294//364
f 294//364 297//367 296//366
f 296//366 291//361 284//354
f 284//354 287//357 296//366
f 287//357 286//356 281//351
f 281//351 280//350 287//357
f 275//345 279//349 288//358
f 288//358 276//346 275//345
f 274//344 293//363 277//347
f 277//347 275//345 274//344
f 298//368 299//369 300//370
f 300//370 301//371 298//368
f 302//372 303//373 304//374
f 304//374 300//370 302//372
f 305//375 306//376 307//377
f 307//377 308//378 305//375
f 309//379 310//380 311//381
f 311//381 312//382 309//379
f 301//371 313//383 314//384
f 314//384 315//385 301//371
f 316//386 317//387 315//385
f 315//385 309//379 316//386
f 318//388 319//389 308//378
f 308//378 302//372 318//388
f 320//390 321//391 312//382
f 312//382 305//375 320//390
f 316//386 321//391 322//392
f 322//392 317//387 316//386
f 317//387 322//392 299//369
f 299//369 298//368 317//387
f 319//389 320//390 305//375
f 305//375 308//378 319//389
f 317//387 298//368 301//371
f 301//371 315//385 317//387
f 315//385 314//384 310//380
f 310//380 309//379 315//385
f 308//378 307//377 303//373
f 303//373 302//372 308//378
f 322//392 319//389 318//388
f 318//388 299//369 322//392
f 321//391 320//390 319//389
f 319//389 322//392 321//391
f 321//391 316//386 309//379
f 309//379 312//382 321//391
f 312//382 311//381 306//376
f 306//376 305//375 312//382
f 300//370 304//374 313//383
f 313//383 301//371 300//370
f 299//369 318//388 302//372
f 302//372 300//370 299//369
f 323//393 324//394 325//395
f 325//395 326//396 323//393
f 327//397 328//398 329//399
f 329//399 325//395 327//397
f 330//400 331//401 332//402
f 332//402 333//403 330//400
f 334//404 335//405 336//406
f 336//406 337//407 334//404
f 326//396 338//408 339//409
f 339//409 340//410 326//396
f 341//411 342//412 340//410
f 340//410 334//404 341//411
f 343//413 344//414 333//403
f 333//403 327//397 343//413
f 345//415 346//416 337//407
f 337//407 330//400 345//415
f 341//411 346//416 347//417
f 347//417 342//412 341//411
f 342//412 347//417 324//394
f 324//394 323//393 342//412
f 344//414 345//415 330//400
f 330//400 333//403 344//414
f 342//412 323//393 326//396
f 326//396 340//410 342//412
f 340//410 339//409 335//405
f 335//405 334//404 340//410
f 333//403 332//402 328//398
f 328//398 327//397 333//403
f 347//417 344//414 343//413
f 343//413 324//394 347//417
f 346//416 345//415 344//414
f 344//414 347//417 346//416
f 346//416 341//411 334//404
f 334//404 337//407 346//416
f 337//407 336//406 331//401
f 331//401 330//400 337//407
f 325//395 329//399 338//408
f 338//408 326//396 325//395
f 324//394 343//413 327//397
f 327//397 325//395 324//394
f 348//418 349//419 350//420
f 350//420 351//421 348//418
f 352//422 353//423 354//424
f 354//424 350//420 352//422
f 355//425 356//426 357//427
f 357//427 358//428 355//425
f 359//429 360//430 361//431
f 361//431 362//432 359//429
f 351//421 363//433 364//434
f 364//434 365//435 351//421
f 366//436 367//437 365//435
f 365//435 359//429 366//436
f 368//438 369//439 358//428
f 358//428 352//422 368//438
f 370//440 371//441 362//432
f 362//432 355//425 370//440
f 366//436 371//441 372//442
f 372//442 367//437 366//436
f 367//437 372//442 349//419
f 349//419 348//418 367//437
f 369//439 370//440 355//425
f 355//425 358//428 369//439
f 367//437 348//418 351//421
f 351//421 365//435 367//437
f 365//435 364//434 360//430
f 360//430 359//429 365//435
f 358//428 357//427 353//423
f 353//423 352//422 358//428
f 372//442 369//439 368//438
f 368//438 349//419 372//442
f 371//441 370//440 369//439
f 369//439 372//442 371//441
f 371//441 366//436 359//429
f 359//429 362//432 371//441
f 362//432 361//431 356//426
f 356//426 355//425 362//432
f 350//420 354//424 363//433
f 363//433 351//421 350//420
f 349//419 368//438 352//422
f 352//422 350//420 349//419
f 373//443 374//444 375//445
f 375//445 376//446 373//443
f 377//447 378//448 379//449
f 379//449 375//445 377//447
f 380//450 381//451 382//452
f 382//452 383//453 380//450
f 384//454 385//455 386//456
f 386//456 387//457 384//454
f 376//446 388//458 389//459
f 389//459 390//460 376//446
f 391//461 392//462 390//460
f 390//460 384//454 391//461
f 393//463 394//464 383//453
f 383//453 377//447 393//463
f 395//465 396//466 387//457
f 387//457 380//450 395//465
f 391//461 396//466 397//467
f 397//467 392//462 391//461
f 392//462 397//467 374//444
f 374//444 373//443 392//462
f 394//464 395//465 380//450
f 380//450 383//453 394//464
f 392//462 373//443 376//446
f 376//446 390//460 392//462
f 390//460 389//459 385//455
f 385//455 384//454 390//460
f 383//453 382//452 378//448
f 378//448 377//447 383//453
f 397//467 394//464 393//463
f 393//463 374//444 397//467
f 396//466 395//465 394//464
f 394//464 397//467 396//466
f 396//466 391//461 384//454
f 384//454 387//457 396//466
f 387//457 386//456 381//451
f 381//451 380//450 387//457
f 375//445 379//449 388//458
f 388//458 376//446 375//445
f 374//444 393//463 377//447
f 377//447 375//445 374//444
f 398//468 399//469 400//470
f 400//470 401//471 398//468
f 402//472 403//473 404//474
f 404//474 400//470 402//472
f 405//475 406//476 407//477
f 407//477 408//478 405//475
f 409//479 410//480 411//481
f 411//481 412//482 409//479
f 401//471 413//483 414//484
f 414//484 415//485 401//471
f 416//486 417//487 415//485
f 415//485 409//479 416//486
f 418//488 419//489 408//478
f 408//478 402//472 418//488
f 420//490 421//491 412//482
f 412//482 405//475 420//490
f 416//486 421//491 422//492
f 422//492 417//487 416//486
f 417//487 422//492 399//469
f 399//469 398//468 417//487
f 419//489 420//490 405//475
f 405//475 408//478 419//489
f 417//487 398//468 401//471
f 401//471 415//485 417//487
f 415//485 414//484 410//480
f 410//480 409//479 415//485
f 408//478 407//477 403//473
f 403//473 402//472 408//478
f 422//492 419//489 418//488
f 418//488 399//469 422//492
f 421//491 420//490 419//489
f 419//489 422//492 421//491
f 421//491 416//486 409//479
f 409//479 412//482 421//491
f 412//482 411//481 406//476
f 406//476 405//475 412//482
f 400//470 404//474 413//483
f 413//483 401//471 400//470
f 399//469 418//488 402//472
f 402//472 400//470 399//469
f 423//493 424//494 425//495
f 425//495 426//496 423//493
f 427//497 428//498 429//499
f 429//499 425//495 427//497
f 430//500 431//501 432//502
f 432//502 433//503 430//500
f 434//504 435//505 436//506
f 436//506 437//507 434//504
f 426//496 438//508 439//509
f 439//509 440//510 426//496
f 441//511 442//512 440//510
f 440//510 434//504 441//511
f 443//513 444//514 433//503
f 433//503 427//497 443//513
f 445//515 446//516 437//507
f 437//507 430//500 445//515
f 441//511 446//516 447//517
f 447//517 442//512 441//511
f 442//512 447//517 424//494
f 424//494 423//493 442//512
f 444//514 445//515 430//500
f 430//500 433//503 444//514
f 442//512 423//493 426//496
f 426//496 440//510 442//512
f 440//510 439//509 435//505
f 435//505 434//504 440//510
f 433//503 432//502 428//498
f 428//498 427//497 433//503
f 447//517 444//514 443//513
f 443//513 424//494 447//517
f 446//516 445//515 444//514
f 444//514 447//517 446//516
f 446//516 441//511 434//504
f 434//504 437//507 446//516
f 437//507 436//506 431//501
f 431//501 430//500 437//507
f 425//495 429//499 438//508
f 438//508 426//496 425//495
f 424//494 443//513 427//497
f 427//497 425//495 424//494
f 448//518 449//519 450//520
f 450//520 451//521 448//518
f 452//522 453//523 454//524
f 454//524 450//520 452//522
f 455//525 456//526 457//527
f 457//527 458//528 455//525
f 459//529 460//530 461//531
f 461//531 462//532 459//529
f 451//521 463//533 464//534
f 464//534 465//535 451//521
f 466//536 467//537 465//535
f 465//535 459//529 466//536
f 468//538 469//539 458//528
f 458//528 452//522 468//538
f 470//540 471//541 462//532
f 462//532 455//525 470//540
f 466//536 471//541 472//542
f 472//542 467//537 466//536
f 467//537 472//542 449//519
f 449//519 448//518 467//537
f 469//539 470//540 455//525
f 455//525 458//528 469//539
f 467//537 448//518 451//521
f 451//521 465//535 467//537
f 465//535 464//534 460//530
f 460//530 459//529 465//535
f 458//528 457//527 453//523
f 453//523 452//522 458//528
f 472//542 469//539 468//538
f 468//538 449//519 472//542
f 471//541 470//540 469//539
f 469//539 472//542 471//541
f 471//541 466//536 459//529
f 459//529 462//532 471//541
f 462//532 461//531 456//526
f 456//526 455//525 462//532
f 450//520 454//524 463//533
f 463//533 451//521 450//520
f 449//519 468//538 452//522
f 452//522 450//520 449//519
f 473//543 474//544 475//545
f 475//545 476//546 473//543
f 477//547 478//548 479//549
f 479//549 475//545 477//547
f 480//550 481//551 482//552
f 482//552 483//553 480//550
f 484//554 485//555 486//556
f 486//556 487//557 484//554
f 476//546 488//558 489//559
f 489//559 490//560 476//546
f 491//561 492//562 490//560
f 490//560 484//554 491//561
f 493//563 494//564 483//553
f 483//553 477//547 493//563
f 495//565 496//566 487//557
f 487//557 480//550 495//565
f 491//561 496//566 497//567
f 497//567 492//562 491//561
f 492//562 497//567 474//544
f 474//544 473//543 492//562
f 494//564 495//565 480//550
f 480//550 483//553 494//564
f 492//562 473//543 476//546
f 476//546 490//560 492//562
f 490//560 489//559 485//555
f 485//555 484//554 490//560
f 483//553 482//552 478//548
f 478//548 477//547 483//553
f 497//567 494//564 493//563
f 493//563 474//544 497//567
f 496//566 495//565 494//564
f 494//564 497//567 496//566
f 496//566 491//561 484//554
f 484//554 487//557 496//566
f 487//557 486//556 481//551
f 481//551 480//550 487//557
f 475//545 479//549 488//558
f 488//558 476//546 475//545
f 474//544 493//563 477//547
f 477//547 475//545 474//544
f 498//568 499//569 500//570
f 500//570 501//571 498//568
f 502//572 503//573 504//574
f 504//574 500//570 502//572
f 505//575 506//576 507//577
f 507//577 508//578 505//575
f 509//579 510//580 511//581
f 511//581 512//582 509//579
f 501//571 513//583 514//584
f 514//584 515//585 501//571
f 516//586 517//587 515//585
f 515//585 509//579 516//586
f 518//588 519//589 508//578
f 508//578 502//572 518//588
f 520//590 521//591 512//582
f 512//582 505//575 520//590
f 516//586 521//591 522//592
f 522//592 517//587 516//586
f 517//587 522//592 499//569
f 499//569 498//568 517//587
f 519//589 520//590 505//575
f 505//575 508//578 519//589
f 517//587 498//568 501//571
f 501//571 515//585 517//587
f 515//585 514//584 510//580
f 510//580 509//579 515//585
f 508//578 507//577 503//573
f 503//573 502//572 508//578
f 522//592 519//589 518//588
f 518//588 499//569 522//592
f 521//591 520//590 519//589
f 519//589 522//592 521//591
f 521//591 516//586 509//579
f 509//579 512//582 521//591
f 512//582 511//581 506//576
f 506//576 505//575 512//582
f 500//570 504//574 513//583
f 513//583 501//571 500//570
f 499//569 518//588 502//572
f 502//572 500//570 499//569
f 523//593 524//594 525//595
f 525//595 526//596 523//593
f 527//597 528//598 529//599
f 529//599 525//595 527//597
f 530//600 531//601 532//602
f 532//602 533//603 530//600
f 534//604 535//605 536//606
f 536//606 537//607 534//604
f 526//596 538//608 539//609
f 539//609 540//610 526//596
f 541//611 542//612 540//610
f 540//610 534//604 541//611
f 543//613 544//614 533//603
f 533//603 527//597 543//613
f 545//615 546//616 537//607
f 537//607 530//600 545//615
f 541//611 546//616 547//617
f 547//617 542//612 541//611
f 542//612 547//617 524//594
f 524//594 523//593 542//612
f 544//614 545//615 530//600
f 530//600 533//603 544//614
f 542//612 523//593 526//596
f 526//596 540//610 542//612
f 540//610 539//609 535//605
f 535//605 534//604 540//610
f 533//603 532//602 528//598
f 528//598 527//597 533//603
f 547//617 544//614 543//613
f 543//613 524//594 547//617
f 546//616 545//615 544//614
f 544//614 547//617 546//616
f 546//616 541//611 534//604
f 534//604 537//607 546//616
f 537//607 536//606 531//601
f 531//601 530//600 537//607
f 525//595 529//599 538//608
f 538//608 526//596 525//595
f 524//594 543//613 527//597
f 527//597 525//595 524//594
f 548//618 549//619 550//620
f 550//620 551//621 548//618
f 552//622 553//623 554//624
f 554//624 550//620 552//622
f 555//625 556//626 557//627
f 557//627 558//628 555//625
f 559//629 560//630 561//631
f 561//631 562//632 559//629
f 551//621 563//633 564//634
f 564//634 565//635 551//621
f 566//636 567//637 565//635
f 565//635 559//629 566//636
f 568//638 569//639 558//628
f 558//628 552//622 568//638
f 570//640 571//641 562//632
f 562//632 555//625 570//640
f 566//636 571//641 572//642
f 572//642 567//637 566//636
f 567//637 572//642 549//619
f 549//619 548//618 567//637
f 569//639 570//640 555//625
f 555//625 558//628 569//639
f 567//637 548//618 551//621
f 551//621 565//635 567//637
f 565//635 564//634 560//630
f 560//630 559//629 565//635
f 558//628 557//627 553//623
f 553//623 552//622 558//628
f 572//642 569//639 568//638
f 568//638 549//619 572//642
f 571//641 570//640 569//639
f 569//639 572//642 571//641
f 571//641 566//636 559//629
f 559//629 562//632 571//641
f 562//632 561//631 556//626
f 556//626 555//625 562//632
f 550//620 554//624 563//633
f 563//633 551//621 550//620
f 549//619 568//638 552//622
f 552//622 550//620 549//619
f 573//643 574//644 575//645
f 575//645 576//646 573//643
f 577//647 578//648 579//649
f 579//649 580//650 577//647
f 578//648 581//651 582//652
f 582//652 579//649 578//648
f 583//653 584//654 585//655
f 585//655 586//656 583//653
f 587//657 588//658 589//659
f 589//659 590//660 587//657
f 591//661 592//662 593//663
f 593//663 594//664 591//661
f 595//665 596//666 582//652
f 582//652 581//651 595//665
f 595//665 597//667 598//668
f 598//668 596//666 595//665
f 599//669 583//653 600//670
f 600//670 601//671 599//669
f 602//672 603//673 598//668
f 598//668 597//667 602//672
f 604//674 605//675 603//673
f 603//673 602//672 604//674
f 606//676 584//654 583//653
f 583//653 599//669 606//676
f 607//677 576//646 575//645
f 575//645 608//678 607//677
f 609//679 603//673 605//675
f 605//675 610//680 609//679
f 587//657 611//681 612//682
f 612//682 613//683 587//657
f 611//681 614//684 593//663
f 593//663 592//662 611//681
f 587//657 590//660 614//684
f 614//684 611//681 587//657
f 611//681 592//662 615//685
f 615//685 612//682 611//681
f 599//669 601//671 616//686
f 616//686 606//676 599//669
f 600//670 583//653 586//656
f 586//656 617//687 600//670
f 603//673 609//679 608//678
f 608//678 598//668 603//673
f 618//688 619//689 606//676
f 606//676 616//686 618//688
f 619//689 620//690 584//654
f 584//654 606//676 619//689
f 621//691 585//655 584//654
f 584//654 620//690 621//691
f 621//691 622//692 623//693
f 623//693 585//655 621//691
f 624//694 625//695 623//693
f 623//693 622//692 624//694
f 626//696 627//697 625//695
f 625//695 624//694 626//696
f 609//679 610//680 607//677
f 607//677 608//678 609//679
f 628//698 617//687 586//656
f 586//656 629//699 628//698
f 630//700 625//695 627//697
f 627//697 631//701 630//700
f 591//661 632//702 615//685
f 615//685 592//662 591//661
f 633//703 634//704 635//705
f 635//705 636//706 633//703
f 634//704 637//707 638//708
f 638//708 635//705 634//704
f 587//657 613//683 639//709
f 639//709 588//658 587//657
f 608//678 575//645 596//666
f 596//666 598//668 608//678
f 590//660 589//659 618//688
f 618//688 616//686 590//660
f 625//695 630//700 629//699
f 629//699 623//693 625//695
f 594//664 593//663 600//670
f 600//670 617//687 594//664
f 614//684 601//671 600//670
f 600//670 593//663 614//684
f 630//700 631//701 628//698
f 628//698 629//699 630//700
f 590//660 616//686 601//671
f 601//671 614//684 590//660
f 636//706 635//705 631//701
f 631//701 627//697 636//706
f 591//661 594//664 638//708
f 638//708 637//707 591//661
f 633//703 636//706 640//710
f 640//710 641//711 633//703
f 629//699 586//656 585//655
f 585//655 623//693 629//699
f 635//705 638//708 628//698
f 628//698 631//701 635//705
f 594//664 617//687 628//698
f 628//698 638//708 594//664
f 636//706 627//697 626//696
f 626//696 640//710 636//706
f 642//712 643//713 580//650
f 580//650 579//649 642//712
f 633//703 644//714 645//715
f 645//715 634//704 633//703
f 634//704 645//715 646//716
f 646//716 637//707 634//704
f 613//683 605//675 604//674
f 604//674 639//709 613//683
f 579//649 582//652 574//644
f 574//644 642//712 579//649
f 632//702 576//646 607//677
f 607//677 615//685 632//702
f 612//682 615//685 607//677
f 607//677 610//680 612//682
f 642//712 574//644 573//643
f 573//643 643//713 642//712
f 613//683 612//682 610//680
f 610//680 605//675 613//683
f 644//714 580//650 643//713
f 643//713 645//715 644//714
f 591//661 637//707 646//716
f 646//716 632//702 591//661
f 633//703 641//711 647//717
f 647//717 644//714 633//703
f 574//644 582//652 596//666
f 596//666 575//645 574//644
f 645//715 643//713 573//643
f 573//643 646//716 645//715
f 632//702 646//716 573//643
f 573//643 576//646 632//702
f 644//714 647//717 577//647
f 577//647 580//650 644//714
f 648//718 649//719 650//720
f 650//720 651//721 648//718
f 577//647 652//722 653//723
f 653//723 578//648 577//647
f 578//648 653//723 654//724
f 654//724 581//651 578//648
f 655//725 656//726 657//727
f 657//727 658//728 655//725
f 659//729 660//730 589//659
f 589//659 588//658 659//729
f 661//731 662//732 663//733
f 663//733 664//734 661//731
f 595//665 581//651 654//724
f 654//724 665//735 595//665
f 595//665 665//735 666//736
f 666//736 597//667 595//665
f 667//737 668//738 669//739
f 669//739 655//725 667//737
f 602//672 597//667 666//736
f 666//736 670//740 602//672
f 604//674 602//672 670//740
f 670//740 671//741 604//674
f 672//742 667//737 655//725
f 655//725 658//728 672//742
f 673//743 674//744 650//720
f 650//720 649//719 673//743
f 675//745 676//746 671//741
f 671//741 670//740 675//745
f 659//729 677//747 678//748
f 678//748 679//749 659//729
f 679//749 664//734 663//733
f 663//733 680//750 679//749
f 659//729 679//749 680//750
f 680//750 660//730 659//729
f 679//749 678//748 681//751
f 681//751 664//734 679//749
f 667//737 672//742 682//752
f 682//752 668//738 667//737
f 669//739 683//753 656//726
f 656//726 655//725 669//739
f 670//740 666//736 674//744
f 674//744 675//745 670//740
f 618//688 682//752 672//742
f 672//742 619//689 618//688
f 619//689 672//742 658//728
f 658//728 620//690 619//689
f 621//691 620//690 658//728
f 658//728 657//727 621//691
f 621//691 657//727 684//754
f 684//754 622//692 621//691
f 624//694 622//692 684//754
f 684//754 685//755 624//694
f 626//696 624//694 685//755
f 685//755 686//756 626//696
f 675//745 674//744 673//743
f 673//743 676//746 675//745
f 687//757 688//758 656//726
f 656//726 683//753 687//757
f 689//759 690//760 686//756
f 686//756 685//755 689//759
f 661//731 664//734 681//751
f 681//751 691//761 661//731
f 692//762 693//763 694//764
f 694//764 695//765 692//762
f 695//765 694//764 696//766
f 696//766 697//767 695//765
f 659//729 588//658 639//709
f 639//709 677//747 659//729
f 674//744 666//736 665//735
f 665//735 650//720 674//744
f 660//730 682//752 618//688
f 618//688 589//659 660//730
f 685//755 684//754 688//758
f 688//758 689//759 685//755
f 662//732 683//753 669//739
f 669//739 663//733 662//732
f 680//750 663//733 669//739
f 669//739 668//738 680//750
f 689//759 688//758 687//757
f 687//757 690//760 689//759
f 660//730 680//750 668//738
f 668//738 682//752 660//730
f 693//763 686//756 690//760
f 690//760 694//764 693//763
f 661//731 697//767 696//766
f 696//766 662//732 661//731
f 692//762 641//711 640//710
f 640//710 693//763 692//762
f 688//758 684//754 657//727
f 657//727 656//726 688//758
f 694//764 690//760 687//757
f 687//757 696//766 694//764
f 662//732 696//766 687//757
f 687//757 683//753 662//732
f 693//763 640//710 626//696
f 626//696 686//756 693//763
f 698//768 653//723 652//722
f 652//722 699//769 698//768
f 692//762 695//765 700//770
f 700//770 701//771 692//762
f 695//765 697//767 702//772
f 702//772 700//770 695//765
f 677//747 639//709 604//674
f 604//674 671//741 677//747
f 653//723 698//768 651//721
f 651//721 654//724 653//723
f 691//761 681//751 673//743
f 673//743 649//719 691//761
f 678//748 676//746 673//743
f 673//743 681//751 678//748
f 698//768 699//769 648//718
f 648//718 651//721 698//768
f 677//747 671//741 676//746
f 676//746 678//748 677//747
f 701//771 700//770 699//769
f 699//769 652//722 701//771
f 661//731 691//761 702//772
f 702//772 697//767 661//731
f 692//762 701//771 647//717
f 647//717 641//711 692//762
f 651//721 650//720 665//735
f 665//735 654//724 651//721
f 700//770 702//772 648//718
f 648//718 699//769 700//770
f 691//761 649//719 648//718
f 648//718 702//772 691//761
f 701//771 652//722 577//647
f 577//647 647//717 701//771
# Vertices: 538, normals: 538, texture coordinates: 0, faces: 928

# Plate_01_Free_7
o obj8
v -13.87417465 7.33263418 -12.92721131
v -14.05130774 6.98342789 -11.82083132
v -0.49335626 6.98342969 -12.20967415
v -0.54294956 7.33263596 -13.47999819
v -13.03548962 3.69735632 -0.82269098
v -12.96862364 3.69735642 0.90690901
v -13.7538895 5.15575561 0.93726686
v -13.82360756 5.15575531 -0.86611544
v 10.28497964 3.69735765 -14.38930967
v -0.56140893 3.69735604 -13.96999249
v -0.58137639 7.11611671 -14.48647474
v 11.05028167 7.11611849 -14.93615006
v -13.24853748 3.69735442 -12.52247283
v -13.44126165 3.69735461 -11.31872275
v -14.24649358 6.76690806 -11.80484607
v -14.05377239 7.11611508 -13.00859843
v 12.99844831 7.11611864 -14.054426
v 13.28352988 6.76691235 -12.86914586
v 12.51823008 3.69735817 -12.32230702
v 12.23314777 3.69735798 -13.50758412
v -12.5595361 3.69735429 -13.26688865
v -13.36476952 7.11611496 -13.75301425
v -11.374259 3.69735462 -13.55197319
v -12.17949241 7.11611492 -14.03809731
v 12.25403175 7.11611853 -14.74342738
v 11.48873121 3.69735787 -14.1965855
v -11.28949448 3.48083521 -13.27687686
v -0.55066324 3.48083681 -13.69203513
v 12.99086809 3.69736017 -0.0966739
v 12.69588768 3.48084089 -0.08527006
v 12.62933612 3.48084061 -1.8067274
v 12.92400211 3.69735988 -1.82627273
v -13.55837733 5.37227544 0.9297084
v -13.62814158 5.37227514 -0.87487717
v -0.57315989 7.33263583 -14.27393802
v 11.08394712 7.33263762 -14.72459682
v -12.37889454 3.48083506 -13.01485484
v 12.22545356 3.48083891 -12.25390767
v 11.96343079 3.48083873 -13.34330773
v 12.1903263 7.33263839 -14.54746374
v -12.96694428 3.48083517 -12.37951105
v -13.14407736 3.48083535 -11.27313187
v 11.328087 3.48083864 -13.93135672
v 10.22170708 3.48083842 -14.10849129
v -13.28612566 7.33263483 -13.5625551
v -12.19672486 7.33263478 -13.82457712
v 12.78687268 7.33263848 -13.99532356
v 13.09291571 6.98343184 -12.73491475
v -0.00564848 5.37227722 0.4057656
v -0.07242851 5.37227693 -1.32162097
v -0.51852646 3.48083695 -12.86076044
v -0.47608255 3.48083713 -11.7628712
v -14.10553157 5.88514883 -8.15860405
v -13.30600381 3.69735518 -7.82004484
v -13.96456957 5.36286968 -4.51236023
v -13.17074597 3.69735575 -4.32136805
v 13.42449337 5.88515275 -9.22290235
v 12.65348792 3.69735874 -8.82362762
v 13.56545538 5.36287361 -5.57665816
v 12.78874576 3.69735931 -5.32494971
v 13.70641738 5.15575961 -1.93041346
v 12.36008108 3.48083948 -8.77151301
v 12.4947086 3.48084005 -5.28911946
v -13.00944984 3.48083591 -7.79073646
v -12.87482232 3.48083648 -4.3083444
v -12.7401948 3.48083705 -0.82595113
v -13.91025186 6.10166791 -8.17218053
v -13.76919746 5.57938877 -4.52352869
v 13.23770136 6.10167225 -8.98976478
v 13.37726414 5.5793931 -5.37971216
v 13.51682693 5.3722791 -1.76966126
v -0.353047 6.10166971 -8.58032409
v -0.21273771 5.57939093 -4.95097259
v -0.34145464 3.4808377 -8.28047653
v -0.20682679 3.48083826 -4.79808373
v -0.072199 3.48083883 -1.31569093
v -0.0056482 3.48083911 0.4057659
v 13.77613544 5.1557599 -0.12703228
v -12.67364323 3.48083733 0.89550524
v 13.58062327 5.37227936 -0.11947388
v -0.34855145 1.28314196 -8.4518358
v -0.19429025 1.28314261 -4.46159056
v -12.3769708 1.28314082 -3.99061329
v -12.53123134 1.28314017 -7.98085853
v -12.63720691 1.55162734 -3.98055281
v -12.63720691 4.22053502 -3.98055325
v -12.7914682 4.22053437 -7.97079849
v -12.7914682 1.55162669 -7.97079805
v -0.17974562 1.55162918 -4.08536721
v -0.179746 4.22053686 -4.08536764
v -12.36242577 4.22053508 -3.61439037
v -12.36242577 1.5516274 -3.61438993
v -12.54577637 1.55162663 -8.35708309
v -0.36309613 1.55162841 -8.82805962
v -12.54577637 4.22053431 -8.35708352
v -0.36309652 4.22053609 -8.82806005
v 11.79556176 1.28314374 -8.92132222
v 11.94982231 1.28314439 -4.93107698
v 12.21005842 1.55163091 -4.94113754
v 12.05579787 1.55163026 -8.93138278
v 12.05579787 4.22053794 -8.93138322
v 12.21005842 4.22053859 -4.94113798
v 11.96436733 1.55163097 -4.55485325
v 11.96436733 4.22053865 -4.55485369
v 11.78101674 1.5516302 -9.29754603
v 11.78101674 4.22053788 -9.29754647
v -12.80342489 7.3326387 14.76965151
v 0.53068749 7.33264048 14.29156861
v 0.48205899 6.9834338 13.02120892
v -13.06544691 6.98343204 13.68025151
v -12.90175766 3.69735689 2.63651143
v -13.68417144 5.1557559 2.74065168
v 11.39650121 3.69736233 14.36220965
v 12.20173761 7.11612335 14.84833415
v 0.57007913 7.11612156 15.29800947
v 0.55011259 3.69736073 14.78152684
v -12.21090332 3.69735879 14.31782207
v -12.97620386 7.11611962 14.86466284
v -13.26128542 6.76691221 13.67938281
v -12.49598563 3.6973586 13.13254199
v 14.07601684 7.11612318 13.81883527
v 13.27078193 3.69736235 13.33271078
v 13.4635061 3.69736216 12.1289607
v 14.26873952 6.76691651 12.61508451
v -11.46648675 3.6973589 15.00682345
v -12.2317858 7.11611974 15.55366422
v -10.26273742 3.6973593 15.19954613
v -11.02803648 7.11611977 15.7463869
v 13.38701546 7.1161233 14.56325109
v 12.58178055 3.69736247 14.0771266
v -10.19946411 3.4808398 14.91872931
v 0.53936695 3.48084141 14.50357104
v 13.05773407 3.69736045 1.63292725
v 12.76243776 3.48084117 1.63618971
v -13.48861307 5.37227573 2.73429648
v 12.21897006 7.3326424 14.63481388
v 0.56186253 7.33264061 15.08547268
v -11.30584255 3.48083958 14.74159325
v 12.98918724 3.48084306 13.18974907
v 13.16632181 3.48084288 12.08336989
v 13.3083716 7.3326431 14.37279186
v -12.2032091 3.48083931 13.0641442
v -11.94118708 3.48083949 14.15354575
v 11.31173745 3.48084302 14.08711488
v 12.40113899 3.48084316 13.82509137
v -11.06170192 7.33263957 15.53483359
v -12.16808036 7.33263954 15.3577005
v 14.06833082 6.98343595 12.49596981
v 13.86051029 7.33264301 13.77624325
v 0.06113164 5.3722775 2.13315458
v 0.50723022 3.48084127 13.67229635
v 0.46478626 3.48084109 12.57440562
v -13.40224743 5.88515179 10.03314034
v -12.63124347 3.69735803 9.63386557
v -13.54320943 5.36287146 6.38689631
v -12.76650131 3.69735746 6.1351884
v 13.32824826 3.69736159 8.63028205
v 14.12777752 5.88515572 8.96884054
v 13.19299042 3.69736102 5.13160451
v 13.98681551 5.36287538 5.32259615
v 13.84585351 5.1557602 1.67635123
v 13.03169429 3.48084231 8.60097597
v 12.89706677 3.48084174 5.11858242
v -12.33783662 3.48083874 9.58174954
v -12.47246489 3.48083818 6.09935748
v -12.60709316 3.48083761 2.61696393
v -13.2065028 6.10167088 10.03159952
v -13.34755719 5.57939055 6.38294747
v 13.92354518 6.10167514 8.75081938
v 13.7839824 5.57939481 5.14076693
v 13.64441812 5.37227963 1.53071582
v 0.34174994 6.10167264 9.39185765
v 0.20144084 5.57939268 5.76250596
v 0.33015839 3.48084053 9.09201095
v 0.19553057 3.48083996 5.60961815
v 0.06090268 3.48083939 2.12722516
v 0.33631241 1.28314484 9.26340819
v -11.84636801 1.28314306 9.73438547
v -12.00062931 1.28314241 5.74413949
v 0.18205118 1.28314419 5.27316221
v -12.26086542 1.55162892 5.75419996
v -12.10660413 1.55162957 9.74444594
v -12.10660413 4.22053725 9.74444551
v -12.26086542 4.2205366 5.75419953
v 0.16750653 1.55163065 4.89693839
v -12.01517358 1.55162886 5.36791567
v -12.01517358 4.22053654 5.36791523
v 0.16750614 4.22053833 4.89693796
v -11.83182299 1.55162963 10.11060845
v 0.35085704 1.55163142 9.63963192
v -11.83182299 4.22053731 10.11060802
v 0.35085664 4.2205391 9.63963149
v 12.3261638 1.28314598 4.80367579
v 12.48042509 1.28314663 8.79392178
v 12.58639991 1.55163249 4.79361523
v 12.58639991 4.22054017 4.7936148
v 12.7406612 4.22054082 8.78386078
v 12.7406612 1.55163314 8.78386121
v 12.31161952 4.22054011 4.42745154
v 12.31161952 1.55163243 4.42745198
v 12.49497011 1.55163321 9.17014551
v 12.49497011 4.22054089 9.17014507
vn 0.00615 -0.20991 0.9777
vn 0.0078 -0.26678 0.96373
vn 0.00923 -0.25073 0.96801
vn 0.00534 -0.13341 0.99105
vn -0.87967 -0.03401 -0.47436
vn -0.87967 -0.03401 -0.47436
vn -0.87967 -0.03401 -0.47436
vn -0.88354 -0.03033 -0.46738
vn 0.04614 0.98473 -0.16784
vn -0.0382 0.98803 -0.14949
vn -0.0382 0.98803 -0.14949
vn 0.07172 0.98228 -0.17317
vn -0.86266 0.42447 -0.27504
vn -0.95686 0.07103 -0.28173
vn -0.95567 0.14103 -0.25846
vn -0.83648 0.47954 -0.26521
vn 0.79776 0.53708 -0.27411
vn 0.93479 0.2267 -0.27345
vn 0.94968 0.15297 -0.27333
vn 0.83445 0.48364 -0.26416
vn -0.47064 0.8513 -0.2319
vn -0.50943 0.82706 -0.23759
vn -0.12203 0.97823 -0.16784
vn -0.14734 0.97381 -0.17317
vn 0.44404 0.86393 -0.23759
vn 0.40352 0.88509 -0.2319
vn -0.07782 0.60169 -0.79493
vn -0.08744 0.59934 -0.79571
vn -0.02373 0.61378 -0.78912
vn -0.02373 0.61378 -0.78912
vn 0.59099 0.02285 -0.80635
vn 0.59099 0.02285 -0.80635
vn 0.59099 0.02285 -0.80635
vn 0.59099 0.02285 -0.80636
vn -0.74139 -0.02866 0.67046
vn -0.74139 -0.02866 0.67046
vn -0.74045 -0.04795 0.67039
vn -0.74048 -0.04734 0.67041
vn 0.03667 0.71763 0.69546
vn -0.02756 0.71284 0.70078
vn -0.02756 0.71284 0.70078
vn 0.05056 0.71827 0.69393
vn -0.2817 0.50107 -0.81828
vn -0.29568 0.49169 -0.81903
vn 0.58 0.08274 -0.81041
vn 0.58108 0.07731 -0.81016
vn 0.4889 0.28429 -0.82472
vn 0.48731 0.28694 -0.82474
vn -0.73224 -0.14775 0.66483
vn -0.73127 -0.13303 0.66899
vn -0.68876 0.26186 0.67604
vn -0.71037 0.21518 0.67012
vn 0.3329 0.64833 0.68472
vn 0.30829 0.65842 0.68662
vn -0.50801 0.24846 -0.82474
vn -0.50939 0.24569 -0.82471
vn -0.58532 0.03222 -0.81016
vn -0.58465 0.03772 -0.81041
vn 0.25684 0.51305 -0.81903
vn 0.24217 0.52132 -0.81828
vn 0.03113 0.6059 -0.79493
vn 0.04091 0.6043 -0.79571
vn -0.35821 0.63265 0.68661
vn -0.38196 0.62069 0.68472
vn -0.10587 0.71222 0.69392
vn -0.09197 0.71266 0.69546
vn 0.6689 0.22518 0.70843
vn 0.6286 0.3299 0.70429
vn 0.76824 -0.07051 0.63626
vn 0.76735 -0.05988 0.63842
vn -0 -0 1
vn -0 -0 1
vn 0.0009 -0.02846 0.99959
vn 0.00094 -0.02841 0.9996
vn -0 0 1
vn -0 -0 1
vn -0 -0 1
vn 0.00713 -0.18453 0.9828
vn 0 0 -1
vn 0 0 -1
vn 0 0 -1
vn 0 -0 -1
vn 0 -0 -1
vn 0 0 -1
vn 0 0 -1
vn 0 0 -1
vn -0.94756 -0.0004 -0.31958
vn -0.93453 -0.01695 -0.35549
vn -0.91113 -0.01475 -0.41184
vn -0.90025 -0.02517 -0.43465
vn 0.94476 0.07276 -0.31958
vn 0.93305 0.05525 -0.35549
vn 0.90955 0.05564 -0.41185
vn 0.89951 0.04441 -0.43465
vn 0.88324 0.03797 -0.46738
vn 0.87967 0.03401 -0.47436
vn 0.59099 0.02285 -0.80635
vn 0.59099 0.02285 -0.80635
vn 0.59099 0.02285 -0.80636
vn -0.59099 -0.02285 -0.80635
vn -0.59099 -0.02285 -0.80635
vn -0.59099 -0.02285 -0.80635
vn -0.59099 -0.02285 -0.80635
vn -0.59099 -0.02285 -0.80635
vn -0.59099 -0.02285 -0.80635
vn -0.72903 -0.15304 0.66715
vn -0.72808 -0.15962 0.66664
vn -0.73674 -0.09377 0.66965
vn -0.73645 -0.09691 0.66951
vn 0.79923 -0.0902 0.59422
vn 0.79303 -0.07422 0.60465
vn 0.77303 -0.04233 0.63295
vn 0.7659 -0.02575 0.64244
vn 0.75072 0.00463 0.66061
vn 0.74651 0.01552 0.66519
vn 0.00866 -0.24629 0.96916
vn 0.00604 -0.18889 0.98198
vn 0.00568 -0.18585 0.98256
vn 0.00306 -0.09968 0.99501
vn 0.00319 -0.09998 0.99498
vn 0.00094 -0.02851 0.99959
vn 0 -0 -1
vn 0 0 -1
vn 0 0 -1
vn 0 0 -1
vn 0 0 -1
vn 0 0 -1
vn 0 0 -1
vn -0 -0 1
vn 0 -0 1
vn 0 0 -1
vn 0 0 -1
vn 0 0 -1
vn 0 0 -1
vn 0 0 -1
vn 0.00576 -0.18861 0.98204
vn 0.00317 -0.09937 0.99505
vn 0 0 -1
vn 0 0 -1
vn 0.87967 0.03401 -0.47436
vn 0.87967 0.03401 -0.47436
vn -0.59099 -0.02285 -0.80635
vn -0.59099 -0.02285 -0.80636
vn 0.74139 0.02866 0.67046
vn 0.74139 0.02866 0.67046
vn 0 0 -1
vn -0 -0 1
vn 0 0 -1
vn 0 0 -1
vn 0 0 -1
vn 0 0 -1
vn -0.99925 -0.03863 0
vn -0.99925 -0.03863 0
vn 0.03863 -0.99925 -0
vn 0.03863 -0.99925 -0
vn 0.03863 -0.99925 -0
vn 0.03863 -0.99925 0
vn -0.65961 0.41953 -0.62362
vn -0.62525 -0.46921 -0.62362
vn -0.02243 0.58017 -0.81419
vn -0.02243 0.58017 -0.81419
vn -0.02243 0.58017 -0.81419
vn -0.02243 0.58017 -0.81419
vn -0.71726 -0.02773 -0.69626
vn -0.71726 -0.02773 -0.69626
vn -0.71726 -0.02773 -0.69626
vn -0.71726 -0.02773 -0.69626
vn -0.79983 -0.60022 0
vn -0.79983 -0.60022 0
vn -0.84379 0.53668 0
vn -0.84379 0.53668 0
vn -0.84379 0.53668 0
vn -0.84379 0.53668 0
vn -0.03863 0.99925 0
vn -0.03863 0.99925 0
vn -0.03863 0.99925 0
vn -0.03863 0.99925 0
vn 0.02243 -0.58017 -0.81419
vn 0.02243 -0.58017 -0.81419
vn 0.02243 -0.58017 -0.81419
vn 0 0 -1
vn 0 0 -1
vn 0.99925 0.03863 0
vn 0.99925 0.03863 0
vn 0.99925 0.03863 0
vn 0.99925 0.03863 0
vn 0.03863 -0.99925 0
vn 0.03863 -0.99925 -0
vn 0.62525 0.46921 -0.62362
vn 0.65961 -0.41954 -0.62362
vn -0.02243 0.58017 -0.81419
vn -0.02243 0.58017 -0.81419
vn 0.71726 0.02773 -0.69626
vn 0.71726 0.02773 -0.69626
vn 0.84379 -0.53668 0
vn 0.84379 -0.53668 0
vn 0.84379 -0.53668 0
vn 0.84379 -0.53668 0
vn 0.79983 0.60022 0
vn -0.03863 0.99925 0
vn -0.03863 0.99925 0
vn 0.02243 -0.58017 -0.81419
vn 0.02243 -0.58017 -0.81419
vn -0.01007 0.20976 0.9777
vn -0.00497 0.13343 0.99105
vn -0.01015 0.25069 0.96801
vn -0.01282 0.26658 0.96373
vn -0.87967 -0.03401 -0.47436
vn -0.88324 -0.03797 -0.46738
vn 0.12203 -0.97823 -0.16784
vn 0.14734 -0.97381 -0.17317
vn 0.0382 -0.98803 -0.14949
vn 0.0382 -0.98803 -0.14949
vn -0.82731 -0.48981 -0.27504
vn -0.79697 -0.54269 -0.26521
vn -0.94193 -0.21439 -0.25846
vn -0.94852 -0.14469 -0.28173
vn 0.83684 -0.47388 -0.27411
vn 0.8693 -0.41777 -0.26416
vn 0.95865 -0.07919 -0.27333
vn 0.9495 -0.15385 -0.27345
vn -0.40351 -0.8851 -0.2319
vn -0.44405 -0.86393 -0.23759
vn -0.04614 -0.98473 -0.16784
vn -0.07172 -0.98228 -0.17317
vn 0.50942 -0.82707 -0.23759
vn 0.47065 -0.8513 -0.2319
vn -0.03113 -0.6059 -0.79493
vn 0.02373 -0.61378 -0.78912
vn 0.02373 -0.61378 -0.78912
vn -0.04091 -0.6043 -0.79571
vn 0.59099 0.02285 -0.80636
vn 0.59099 0.02285 -0.80636
vn -0.74193 -0.00997 0.6704
vn -0.74195 -0.00936 0.67039
vn 0.09196 -0.71265 0.69547
vn 0.10587 -0.71221 0.69393
vn 0.02756 -0.71285 0.70078
vn 0.02756 -0.71285 0.70078
vn -0.25684 -0.51305 -0.81903
vn -0.24217 -0.52132 -0.81828
vn 0.58465 -0.03772 -0.81041
vn 0.50801 -0.24846 -0.82474
vn 0.50939 -0.2457 -0.82472
vn 0.58532 -0.03222 -0.81016
vn -0.74146 0.09079 0.66483
vn -0.69164 -0.26938 0.67013
vn -0.66649 -0.31425 0.67604
vn -0.73935 0.07618 0.669
vn 0.3582 -0.63266 0.68661
vn 0.38197 -0.62069 0.68472
vn -0.48731 -0.28694 -0.82474
vn -0.58 -0.08274 -0.81041
vn -0.58108 -0.07731 -0.81016
vn -0.4889 -0.28429 -0.82471
vn 0.29569 -0.49169 -0.81903
vn 0.08744 -0.59934 -0.79571
vn 0.07781 -0.60169 -0.79493
vn 0.28169 -0.50107 -0.81828
vn -0.3083 -0.65841 0.68662
vn -0.03667 -0.71763 0.69546
vn -0.05056 -0.71827 0.69393
vn -0.3329 -0.64833 0.68473
vn 0.68429 -0.17287 0.70843
vn 0.76044 0.11894 0.63842
vn 0.76051 0.12961 0.63626
vn 0.65219 -0.28039 0.70429
vn -0.00126 0.0284 0.9996
vn -0.0013 0.02845 0.99959
vn -0 -0 1
vn -0 -0 1
vn -0 -0 1
vn -0.00713 0.18453 0.9828
vn 0 0 -1
vn 0 0 -1
vn 0 -0 -1
vn 0 0 -1
vn 0 0 -1
vn 0 -0 -1
vn 0 0 -1
vn 0 -0 -1
vn -0.94476 -0.07276 -0.31958
vn -0.93305 -0.05525 -0.35549
vn -0.90955 -0.05564 -0.41184
vn -0.89951 -0.04441 -0.43465
vn 0.93453 0.01695 -0.35549
vn 0.94756 0.0004 -0.31958
vn 0.90025 0.02517 -0.43465
vn 0.91113 0.01475 -0.41185
vn 0.87967 0.03401 -0.47436
vn 0.88354 0.03033 -0.46738
vn 0.59099 0.02285 -0.80635
vn 0.59099 0.02285 -0.80635
vn 0.59099 0.02285 -0.80635
vn 0.59099 0.02285 -0.80635
vn -0.59099 -0.02285 -0.80635
vn -0.59099 -0.02285 -0.80635
vn -0.59099 -0.02285 -0.80635
vn -0.59099 -0.02285 -0.80635
vn -0.59099 -0.02285 -0.80635
vn -0.59099 -0.02285 -0.80635
vn -0.73824 0.10293 0.66664
vn -0.73867 0.09629 0.66715
vn -0.74173 0.03976 0.66951
vn -0.74178 0.03661 0.66965
vn 0.78988 0.15164 0.59422
vn 0.78493 0.13522 0.60465
vn 0.76746 0.10189 0.63295
vn 0.76163 0.0848 0.64244
vn 0.74883 0.05334 0.66061
vn 0.74548 0.04216 0.66519
vn -0.01038 0.24622 0.96916
vn -0.00868 0.18574 0.98256
vn -0.00856 0.18879 0.98198
vn -0.00454 0.09993 0.99498
vn -0.00465 0.09962 0.99501
vn -0.00126 0.0285 0.99959
vn 0 0 -1
vn 0 0 -1
vn 0 0 -1
vn 0 0 -1
vn 0 0 -1
vn 0 0 -1
vn 0 0 -1
vn 0 0 1
vn -0 0 1
vn 0 0 -1
vn 0 -0 -1
vn 0 -0 -1
vn -0.00882 0.18849 0.98204
vn -0.00451 0.09932 0.99505
vn 0 0 -1
vn 0 0 -1
vn 0 0 -1
vn 0 0 -1
vn 0 0 -1
vn 0 0 -1
vn -0.99925 -0.03863 0
vn -0.99925 -0.03863 0
vn -0.03863 0.99925 0
vn -0.03863 0.99925 0
vn -0.03863 0.99925 0
vn -0.03863 0.99925 0
vn -0.62525 -0.46921 -0.62362
vn -0.65961 0.41954 -0.62362
vn 0.02243 -0.58017 -0.81419
vn 0.02243 -0.58017 -0.81419
vn 0.02243 -0.58017 -0.81419
vn 0.02243 -0.58017 -0.81419
vn -0.71726 -0.02773 -0.69626
vn -0.71726 -0.02773 -0.69626
vn -0.71726 -0.02773 -0.69626
vn -0.71726 -0.02773 -0.69626
vn -0.84379 0.53668 0
vn -0.84379 0.53668 0
vn -0.84379 0.53668 0
vn -0.84379 0.53668 0
vn -0.79983 -0.60022 0
vn 0.03863 -0.99925 -0
vn 0.03863 -0.99925 -0
vn 0.03863 -0.99925 -0
vn 0.03863 -0.99925 0
vn -0.02243 0.58017 -0.81419
vn -0.02243 0.58017 -0.81419
vn -0.02243 0.58017 -0.81419
vn -0.02243 0.58017 -0.81419
vn 0 0 -1
vn 0 0 -1
vn 0.99925 0.03863 0
vn 0.99925 0.03863 0
vn -0.03863 0.99925 0
vn -0.03863 0.99925 0
vn 0.65961 -0.41953 -0.62362
vn 0.62525 0.46921 -0.62362
vn 0.02243 -0.58017 -0.81419
vn 0.02243 -0.58017 -0.81419
vn 0.71726 0.02773 -0.69626
vn 0.71726 0.02773 -0.69626
vn 0.71726 0.02773 -0.69626
vn 0.71726 0.02773 -0.69626
vn 0.79984 0.60022 0
vn 0.84379 -0.53668 0
vn 0.03863 -0.99925 0
vn 0.03863 -0.99925 0
vn -0.02243 0.58017 -0.81419
vn -0.02243 0.58017 -0.81419
usemtl mat0
f 703//773 704//774 705//775
f 705//775 706//776 703//773
f 707//777 708//778 709//779
f 709//779 710//780 707//777
f 711//781 712//782 713//783
f 713//783 714//784 711//781
f 715//785 716//786 717//787
f 717//787 718//788 715//785
f 719//789 720//790 721//791
f 721//791 722//792 719//789
f 723//793 715//785 718//788
f 718//788 724//794 723//793
f 725//795 723//793 724//794
f 724//794 726//796 725//795
f 727//797 719//789 722//792
f 722//792 728//798 727//797
f 714//784 727//797 728//798
f 728//798 711//781 714//784
f 729//799 725//800 712//801
f 712//801 730//802 729//799
f 731//803 732//804 733//805
f 733//805 734//806 731//803
f 709//807 735//808 736//809
f 736//809 710//810 709//807
f 714//811 713//812 737//813
f 737//813 738//814 714//811
f 725//800 729//799 739//815
f 739//815 723//816 725//800
f 721//817 740//818 741//819
f 741//819 722//820 721//817
f 717//821 704//822 703//823
f 703//823 718//824 717//821
f 714//811 738//814 742//825
f 742//825 727//826 714//811
f 715//827 743//828 744//829
f 744//829 716//830 715//827
f 723//816 739//815 743//828
f 743//828 715//827 723//816
f 728//831 745//832 746//833
f 746//833 711//834 728//831
f 722//820 741//819 745//832
f 745//832 728//831 722//820
f 724//835 747//836 748//837
f 748//837 726//838 724//835
f 718//824 703//823 747//836
f 747//836 724//835 718//824
f 719//839 749//840 750//841
f 750//841 720//842 719//839
f 727//826 742//825 749//840
f 749//840 719//839 727//826
f 735//843 751//844 752//845
f 752//845 736//846 735//843
f 738//847 737//848 706//776
f 742//849 738//847 706//776
f 749//850 742//849 706//776
f 729//851 730//852 753//853
f 739//854 729//851 753//853
f 743//855 739//854 753//853
f 741//856 740//857 754//858
f 754//858 753//853 741//856
f 755//859 717//787 716//786
f 716//786 756//860 755//859
f 757//861 755//859 756//860
f 756//860 758//862 757//861
f 710//780 757//861 758//862
f 758//862 707//777 710//780
f 721//791 720//790 759//863
f 759//863 760//864 721//791
f 760//864 759//863 761//865
f 761//865 762//866 760//864
f 762//866 761//865 763//867
f 763//867 734//868 762//866
f 740//818 721//817 760//869
f 760//869 764//870 740//818
f 764//870 760//869 762//871
f 762//871 765//871 764//870
f 765//871 762//871 734//806
f 734//806 733//805 765//871
f 756//872 716//830 744//829
f 744//829 766//873 756//872
f 758//874 756//872 766//873
f 766//873 767//875 758//874
f 707//876 758//874 767//875
f 767//875 768//877 707//876
f 704//822 717//821 755//878
f 755//878 769//879 704//822
f 769//879 755//878 757//880
f 757//880 770//881 769//879
f 770//881 757//880 710//810
f 710//810 736//809 770//881
f 759//882 720//842 750//841
f 750//841 771//883 759//882
f 761//884 759//882 771//883
f 771//883 772//885 761//884
f 763//886 761//884 772//885
f 772//885 773//887 763//886
f 750//888 705//775 774//889
f 774//889 771//890 750//888
f 771//890 774//889 775//891
f 775//891 772//892 771//890
f 772//892 775//891 752//845
f 752//845 773//893 772//892
f 744//894 754//858 776//895
f 776//895 766//896 744//894
f 766//896 776//895 777//897
f 777//897 767//898 766//896
f 767//898 777//897 778//899
f 778//899 768//900 767//898
f 750//888 749//850 706//776
f 706//776 705//775 750//888
f 725//795 726//796 713//783
f 713//783 712//782 725//795
f 712//801 711//834 746//833
f 746//833 730//802 712//801
f 726//838 748//837 737//813
f 737//813 713//812 726//838
f 748//901 747//902 703//773
f 748//901 703//773 706//776
f 737//848 748//901 706//776
f 733//903 732//904 779//905
f 779//905 778//899 733//903
f 746//906 745//907 741//856
f 746//906 741//856 753//853
f 730//852 746//906 753//853
f 754//858 744//894 743//855
f 743//855 753//853 754//858
f 704//774 769//908 774//889
f 774//889 705//775 704//774
f 769//908 770//909 775//891
f 775//891 774//889 769//908
f 770//909 736//846 752//845
f 752//845 775//891 770//909
f 740//857 764//910 776//895
f 776//895 754//858 740//857
f 764//910 765//911 777//897
f 777//897 776//895 764//910
f 765//911 733//903 778//899
f 778//899 777//897 765//911
f 734//868 763//867 780//912
f 780//912 731//913 734//868
f 707//876 768//877 781//914
f 781//914 708//915 707//876
f 780//916 763//886 773//887
f 773//887 782//917 780//916
f 768//900 778//899 779//905
f 779//905 781//918 768//900
f 773//893 752//845 751//844
f 751//844 782//919 773//893
f 783//920 784//921 785//922
f 785//922 786//923 783//920
f 787//924 788//924 789//924
f 789//925 790//925 787//925
f 791//926 792//927 793//928
f 793//929 794//929 791//929
f 790//930 795//930 786//930
f 785//931 794//931 787//931
f 795//932 796//933 783//934
f 783//934 786//935 795//932
f 785//936 787//937 790//938
f 790//938 786//939 785//936
f 794//940 793//940 788//940
f 788//941 787//941 794//941
f 795//942 790//943 789//944
f 789//944 797//945 795//942
f 795//946 797//947 798//948
f 798//948 796//949 795//946
f 794//950 785//951 784//952
f 784//952 791//952 794//950
f 783//920 799//953 800//954
f 800//954 784//921 783//920
f 801//955 802//956 803//957
f 803//957 804//958 801//955
f 791//926 805//959 806//960
f 806//960 792//927 791//926
f 802//961 799//961 807//961
f 800//962 801//962 805//962
f 807//963 799//964 783//934
f 783//934 796//933 807//963
f 800//965 799//966 802//965
f 802//965 801//966 800//965
f 805//967 801//968 804//969
f 804//969 806//970 805//967
f 807//971 808//971 803//971
f 803//971 802//971 807//971
f 807//972 796//949 798//948
f 798//948 808//973 807//972
f 805//974 791//952 784//952
f 784//952 800//975 805//974
f 809//976 810//977 811//978
f 811//978 812//979 809//976
f 813//980 814//981 709//779
f 709//779 708//778 813//980
f 815//982 816//983 817//984
f 817//984 818//985 815//982
f 819//986 820//987 821//988
f 821//988 822//989 819//986
f 823//990 824//991 825//992
f 825//992 826//993 823//990
f 827//994 828//995 820//987
f 820//987 819//986 827//994
f 829//996 830//997 828//995
f 828//995 827//994 829//996
f 831//998 832//999 824//991
f 824//991 823//990 831//998
f 816//983 815//982 832//999
f 832//999 831//998 816//983
f 833//1000 834//1001 818//1002
f 818//1002 829//1003 833//1000
f 731//803 835//1004 836//1005
f 836//1005 732//804 731//803
f 709//807 814//1006 837//1007
f 837//1007 735//808 709//807
f 816//1008 838//1009 839//1010
f 839//1010 817//1011 816//1008
f 829//1003 827//1012 840//1013
f 840//1013 833//1000 829//1003
f 825//1014 824//1015 841//1016
f 841//1016 842//1017 825//1014
f 821//1018 820//1019 809//1020
f 809//1020 812//1021 821//1018
f 816//1008 831//1022 843//1023
f 843//1023 838//1009 816//1008
f 819//1024 822//1025 844//1026
f 844//1026 845//1027 819//1024
f 827//1012 819//1024 845//1027
f 845//1027 840//1013 827//1012
f 832//1028 815//1029 846//1030
f 846//1030 847//1031 832//1028
f 824//1015 832//1028 847//1031
f 847//1031 841//1016 824//1015
f 828//1032 830//1033 848//1034
f 848//1034 849//1035 828//1032
f 820//1019 828//1032 849//1035
f 849//1035 809//1020 820//1019
f 823//1036 826//1037 850//1038
f 850//1038 851//1039 823//1036
f 831//1022 823//1036 851//1039
f 851//1039 843//1023 831//1022
f 735//843 837//1040 852//1041
f 852//1041 751//844 735//843
f 810//977 839//1042 838//1043
f 810//977 838//1043 843//1044
f 851//1045 810//977 843//1044
f 853//1046 834//1047 833//1048
f 853//1046 833//1048 840//1049
f 845//1050 853//1046 840//1049
f 841//1051 853//1046 854//1052
f 854//1052 842//1053 841//1051
f 855//1054 856//1055 822//989
f 822//989 821//988 855//1054
f 857//1056 858//1057 856//1055
f 856//1055 855//1054 857//1056
f 814//981 813//980 858//1057
f 858//1057 857//1056 814//981
f 825//992 859//1058 860//1059
f 860//1059 826//993 825//992
f 859//1058 861//1060 862//1061
f 862//1061 860//1059 859//1058
f 861//1060 835//1062 863//1063
f 863//1063 862//1061 861//1060
f 842//1017 864//1064 859//1065
f 859//1065 825//1014 842//1017
f 864//1064 865//1066 861//1067
f 861//1067 859//1065 864//1064
f 865//1066 836//1005 835//1004
f 835//1004 861//1067 865//1066
f 856//1068 866//1069 844//1026
f 844//1026 822//1025 856//1068
f 858//1070 867//1071 866//1069
f 866//1069 856//1068 858//1070
f 813//1072 868//1073 867//1071
f 867//1071 858//1070 813//1072
f 812//1021 869//1074 855//1075
f 855//1075 821//1018 812//1021
f 869//1074 870//1076 857//1077
f 857//1077 855//1075 869//1074
f 870//1076 837//1007 814//1006
f 814//1006 857//1077 870//1076
f 860//1078 871//1079 850//1038
f 850//1038 826//1037 860//1078
f 862//1080 872//1081 871//1079
f 871//1079 860//1078 862//1080
f 863//1082 873//1083 872//1081
f 872//1081 862//1080 863//1082
f 850//1084 871//1085 874//1086
f 874//1086 811//978 850//1084
f 871//1085 872//1087 875//1088
f 875//1088 874//1086 871//1085
f 872//1087 873//1089 852//1041
f 852//1041 875//1088 872//1087
f 844//1090 866//1091 876//1092
f 876//1092 854//1052 844//1090
f 866//1091 867//1093 877//1094
f 877//1094 876//1092 866//1091
f 867//1093 868//1095 878//1096
f 878//1096 877//1094 867//1093
f 850//1084 811//978 810//977
f 810//977 851//1045 850//1084
f 829//996 818//985 817//984
f 817//984 830//997 829//996
f 818//1002 834//1001 846//1030
f 846//1030 815//1029 818//1002
f 830//1033 817//1011 839//1010
f 839//1010 848//1034 830//1033
f 809//976 849//1097 848//1098
f 810//977 809//976 848//1098
f 839//1042 810//977 848//1098
f 836//1099 878//1096 779//905
f 779//905 732//904 836//1099
f 841//1051 847//1100 846//1101
f 853//1046 841//1051 846//1101
f 834//1047 853//1046 846//1101
f 854//1052 853//1046 845//1050
f 845//1050 844//1090 854//1052
f 812//979 811//978 874//1086
f 874//1086 869//1102 812//979
f 869//1102 874//1086 875//1088
f 875//1088 870//1103 869//1102
f 870//1103 875//1088 852//1041
f 852//1041 837//1040 870//1103
f 842//1053 854//1052 876//1092
f 876//1092 864//1104 842//1053
f 864//1104 876//1092 877//1094
f 877//1094 865//1105 864//1104
f 865//1105 877//1094 878//1096
f 878//1096 836//1099 865//1105
f 835//1062 731//913 780//912
f 780//912 863//1063 835//1062
f 813//1072 708//915 781//914
f 781//914 868//1073 813//1072
f 780//916 782//917 873//1083
f 873//1083 863//1082 780//916
f 868//1095 781//918 779//905
f 779//905 878//1096 868//1095
f 873//1089 782//919 751//844
f 751//844 852//1041 873//1089
f 879//1106 880//1107 881//1108
f 881//1108 882//1109 879//1106
f 883//1110 884//1111 885//1110
f 885//1110 886//1111 883//1110
f 887//1112 888//1113 889//1114
f 889//1114 890//1115 887//1112
f 884//1116 880//1116 891//1116
f 881//1117 883//1117 888//1117
f 891//1118 880//1119 879//1120
f 879//1120 892//1121 891//1118
f 881//1122 880//1123 884//1124
f 884//1124 883//1125 881//1122
f 888//1126 883//1127 886//1128
f 886//1128 889//1129 888//1126
f 891//1130 893//1130 885//1130
f 885//1130 884//1130 891//1130
f 891//1131 892//1132 894//1133
f 894//1133 893//1134 891//1131
f 888//1135 887//1136 882//1137
f 882//1137 881//1138 888//1135
f 879//1106 882//1109 895//1139
f 895//1139 896//1140 879//1106
f 897//1141 898//1141 899//1141
f 899//1142 900//1142 897//1142
f 887//1112 890//1115 901//1143
f 901//1144 902//1144 887//1144
f 900//1145 903//1145 896//1145
f 895//1146 902//1146 897//1146
f 903//1147 892//1121 879//1120
f 879//1120 896//1148 903//1147
f 895//1149 897//1150 900//1151
f 900//1151 896//1152 895//1149
f 902//1153 901//1153 898//1153
f 898//971 897//971 902//971
f 903//1154 900//970 899//967
f 899//967 904//968 903//1154
f 903//1155 904//1156 894//1133
f 894//1133 892//1132 903//1155
f 902//1157 895//1158 882//1137
f 882//1137 887//1136 902//1157
# Vertices: 202, normals: 386, texture coordinates: 0, faces: 376

# Leaf_02_Free_8
o obj9
v -0.0460289 11.48757651 -0.29337058
v 0.72040306 11.34447415 0.92492894
v 1.74334021 11.45625372 0.31550319
v 1.23250698 11.77478956 -0.90884875
v -0.17943518 11.92758607 -2.07762955
v -0.32658093 11.65455097 -1.26921264
v -1.8504899 12.43598668 2.51460166
v -0.38141699 11.54379474 1.62152045
v -1.4401509 11.69027298 0.87107543
v -1.73217366 11.82777987 1.12065629
v -2.74077123 12.42758339 1.56081978
v -2.99155666 11.91004025 -0.23104766
v -3.97337592 12.33243326 -0.00525933
v -3.25925062 12.39996231 0.94666949
v -2.58106897 11.85130113 0.06087592
v 1.37184849 11.3075117 2.86169031
v 0.31440062 11.44908062 2.11406214
v -0.31707096 11.86218234 2.97220635
v 1.78218232 11.20954431 2.10732947
v 1.6439314 11.22526615 2.35759931
v 2.47501032 11.16156775 3.6268305
v 2.52299839 11.1373165 3.43097206
v -4.10744017 12.11331732 -0.85275254
v -2.67457674 11.75375572 -2.16334193
v -4.18857625 11.9031805 -2.54246195
v 2.32546171 11.19934095 3.69089915
v 0.95105478 11.30937301 1.29288167
v -1.80508588 11.62505483 -0.89593109
v -0.78384048 11.68407985 -1.5529626
v -2.07938785 11.84633105 -2.70419803
v -2.15959615 11.69370649 -1.72357922
vn 0.01737 -0.10598 0.99422
vn 0.07235 -0.05747 0.99572
vn -0.04212 -0.17926 0.9829
vn -0.10157 -0.26355 0.95928
vn -0.1408 -0.2937 0.94547
vn -0.13311 -0.25649 0.95734
vn 0.35547 0.3053 0.88342
vn 0.25567 0.13943 0.95666
vn 0.22349 0.16361 0.96088
vn 0.25404 0.26534 0.93009
vn 0.36311 0.34655 0.8649
vn 0.25655 0.15698 0.9537
vn 0.31734 0.30184 0.89899
vn 0.3309 0.28542 0.89947
vn 0.26737 0.18721 0.94523
vn 0.19918 0.08992 0.97583
vn 0.22814 0.13579 0.96411
vn 0.34307 0.23128 0.91039
vn 0.08542 -0.02585 0.99601
vn 0.14637 0.03169 0.98872
vn 0.19402 0.08004 0.97773
vn 0.21593 0.0677 0.97406
vn 0.17306 0.08011 0.98165
vn 0.17582 0.07886 0.98126
vn 0.12922 0.12849 0.98326
vn 0.20127 0.10441 0.97395
vn 0.08387 -0.04427 0.99549
vn 0.11167 -0.00369 0.99374
vn 0.01305 -0.12719 0.99179
vn -0.01204 -0.15282 0.98818
vn -0.00867 -0.12591 0.992
usemtl mat0
f 905//1159 906//1160 907//1161
f 907//1161 908//1162 905//1159
f 908//1162 909//1163 910//1164
f 910//1164 905//1159 908//1162
f 911//1165 912//1166 913//1167
f 911//1165 913//1167 914//1168
f 911//1165 914//1168 915//1169
f 916//1170 917//1171 918//1172
f 918//1172 919//1173 916//1170
f 920//1174 921//1175 922//1176
f 923//1177 924//1178 925//1179
f 925//1179 926//1180 923//1177
f 927//1181 928//1182 929//1183
f 912//1166 906//1160 905//1159
f 905//1159 913//1167 912//1166
f 920//1174 930//1184 925//1179
f 925//1179 924//1178 920//1174
f 907//1161 906//1160 931//1185
f 921//1175 931//1185 906//1160
f 906//1160 912//1166 921//1175
f 922//1176 921//1175 912//1166
f 912//1166 911//1165 922//1176
f 932//1186 916//1170 919//1173
f 933//1187 934//1188 935//1189
f 935//1189 932//1186 933//1187
f 916//1170 932//1186 928//1182
f 928//1182 927//1181 916//1170
f 932//1186 919//1173 913//1167
f 932//1186 913//1167 905//1159
f 932//1186 905//1159 933//1187
f 913//1167 919//1173 918//1172
f 918//1172 914//1168 913//1167
f 920//1174 924//1178 931//1185
f 931//1185 921//1175 920//1174
f 923//1177 907//1161 931//1185
f 931//1185 924//1178 923//1177
# Vertices: 31, normals: 31, texture coordinates: 0, faces: 36

# Maki_01_Free_9
o obj10
v 5.6934359 7.79107508 -4.58438753
v 7.55196153 7.94957286 -5.87182197
v 7.55196153 9.9934759 -5.6201941
v 5.69288688 9.83492345 -4.33231561
v 8.37060972 8.12173356 -7.27023481
v 8.37060972 10.16563642 -7.01860696
v 8.19995491 8.40521242 -9.57285418
v 8.19995491 10.44911564 -9.32122629
v 6.94100609 8.64423457 -11.51436317
v 6.94100609 10.68813794 -11.26273489
v 5.43958102 8.72162016 -12.14294377
v 5.43958102 10.76552352 -11.89131549
v 3.17413038 8.71184668 -12.06355516
v 3.17358351 10.75569524 -11.81148322
v 5.69288679 5.74711723 -4.83557173
v 7.55196134 5.90567 -6.12344982
v 8.37060972 6.07783053 -7.52186277
v 8.19995491 6.36130939 -9.82448214
v 6.94100591 6.60033135 -11.76599106
v 5.43958092 6.67771693 -12.39457166
v 3.15611776 6.66839163 -12.31882499
v 1.14919855 8.54666311 -10.72181553
v 1.1514814 10.59050666 -10.46970441
v 0.45091113 8.36388055 -9.23712441
v 0.43632439 10.41018415 -9.00499708
v 0.66761127 8.09770893 -7.07508818
v 0.66596395 10.14144791 -6.82212769
v 1.81418894 7.86148403 -5.156299
v 1.81002556 9.90604655 -4.91002789
v 3.25495568 7.77587223 -4.46089922
v 3.26055134 9.81908762 -4.20368573
v 1.1514814 6.50270039 -10.97296017
v 0.43632439 6.32237826 -9.50825289
v 0.66596395 6.05364202 -7.32538349
v 1.81002537 5.81824061 -5.41328323
v 3.26055125 5.73128176 -4.70694181
v 1.25751173 10.7793905 -10.31040169
v 3.2345775 10.93884409 -11.60559988
v 0.60341446 10.61184053 -8.949439
v 0.84725669 10.35413993 -6.85621198
v 1.92085294 10.13033521 -5.03830821
v 3.26811815 10.0445411 -4.34142763
v 5.63249918 10.06243594 -4.48678222
v 7.44575164 10.21519778 -5.72762529
v 8.18749568 10.37753371 -7.04623282
v 8.01981999 10.64713971 -9.23617007
v 6.8267723 10.87485971 -11.08587337
v 5.43514746 10.95004713 -11.69659897
v 1.34753375 10.68910792 -10.19161025
v 3.29341939 10.84354451 -11.44605688
v 0.77278069 10.53149796 -8.91139045
v 1.01966313 10.28665431 -6.92259356
v 2.02754861 10.07289798 -5.18631002
v 3.26249743 9.98921468 -4.50657492
v 5.57727576 10.00882659 -4.66587675
v 7.35255139 10.15629391 -5.86371396
v 8.01666057 10.30917711 -7.1055428
v 7.85103156 10.56571666 -9.18933896
v 6.72066449 10.78284626 -10.95302265
v 5.43758966 10.8561871 -11.54874892
v 4.39306388 10.42409294 -8.03897064
v 1.25751173 6.2808187 -10.86422783
v 3.23457741 6.44027266 -12.15942598
v 0.60341446 6.11326869 -9.50326478
v 0.84725669 5.85556846 -7.41003772
v 1.92085276 5.63176336 -5.59213398
v 3.26811806 5.54596963 -4.89525337
v 5.63249909 5.56386414 -5.04060837
v 7.44575145 5.71662631 -6.28145102
v 8.18749568 5.87896187 -7.6000586
v 8.01981999 6.14856824 -9.7899958
v 6.82677212 6.37628791 -11.63969951
v 5.43514736 6.45147534 -12.25042512
v 1.34753375 6.33959321 -10.72708536
v 3.2934193 6.49403023 -11.98153232
v 0.77278069 6.18198363 -9.44686551
v 1.01966313 5.93713995 -7.45806844
v 2.02754824 5.72338323 -5.72178476
v 3.26249715 5.63970035 -5.04204998
v 5.57727576 5.65931198 -5.2013526
v 7.35255121 5.80677955 -6.39918884
v 8.01666057 5.95966278 -7.64101786
v 7.85103156 6.21620196 -9.72481407
v 6.7206643 6.43333156 -11.48849776
v 5.43758957 6.50667244 -12.0842244
v 4.39306374 6.07457898 -8.5744457
v 6.43031368 10.49959271 -7.05680141
v 6.56244936 10.53669078 -7.20560112
v 6.51821526 10.40538557 -7.37681939
v 6.29882453 10.35327264 -7.18998539
v 6.80059338 10.43960493 -7.40873589
v 6.92941485 9.72496706 -7.48435561
v 6.63788965 9.62606699 -7.52554616
v 7.11412331 10.39014161 -6.64740985
v 7.24571193 9.66678912 -6.71700253
v 7.16130114 9.71198786 -7.13260842
v 6.98770801 10.4072259 -7.03949844
v 6.61235409 10.30381371 -6.42866143
v 6.74383169 9.5094761 -6.43632887
v 7.07697919 9.53730346 -6.45762093
v 6.90103094 10.33624208 -6.44508508
v 6.38463846 9.57554232 -7.30774715
v 6.47064684 9.52206279 -6.83151298
v 6.37443154 10.31081232 -6.77418077
v 6.63480511 10.46733115 -6.56024631
v 6.45140162 10.46573108 -6.77338122
v 6.75757243 10.55589673 -7.19948304
v 6.93243495 10.55563174 -6.98264697
v 6.9620674 10.52363804 -6.70292382
v 6.83622839 10.48474865 -6.53863464
v 6.6961897 10.51161473 -6.87986345
v 1.84994931 10.5812261 -7.23897558
v 1.76723799 10.61141595 -7.40676884
v 1.64220421 10.47403105 -7.43294468
v 1.73044665 10.42922153 -7.17536667
v 1.69861665 10.51328383 -7.69169497
v 1.8066348 9.82995112 -7.85614867
v 1.70139572 9.72410421 -7.61744191
v 2.403878 10.52283957 -7.69965779
v 2.51905354 9.83164178 -7.86470761
v 2.15772646 9.84643232 -7.93611197
v 2.05303984 10.51096714 -7.72670359
v 2.43570557 10.43878143 -7.18332968
v 2.61224801 9.6836308 -7.32874923
v 2.69391867 9.71897663 -7.62864889
v 2.50658462 10.47747657 -7.44219685
v 1.80321424 9.68170924 -7.31902818
v 2.21422663 9.66282511 -7.22783016
v 2.08870875 10.41679229 -7.09604791
v 2.30993754 10.58745839 -7.24416864
v 2.08557615 10.56713328 -7.1582721
v 1.82918175 10.63604939 -7.57573402
v 2.05413787 10.65456475 -7.65286338
v 2.2891737 10.64228452 -7.58092876
v 2.38634864 10.61153733 -7.41325176
v 2.06956076 10.6117545 -7.40995167
v 4.28742463 10.82340048 -10.3847744
v 4.30008619 10.90784821 -10.56831163
v 4.18164939 10.78945456 -10.71138188
v 4.12387894 10.66503069 -10.45266135
v 4.38326516 10.89491319 -10.88503823
v 4.53749025 10.24624219 -11.18246222
v 4.29422457 10.08430982 -11.07727374
v 5.08817923 10.83974942 -10.46028226
v 5.24933156 10.18269236 -10.75643033
v 4.93119673 10.25152352 -11.03201884
v 4.75420547 10.86863848 -10.70035126
v 4.82879129 10.60987074 -10.02790586
v 5.03587541 9.87755957 -10.29087702
v 5.28506464 9.9880866 -10.48556527
v 5.04479249 10.71343156 -10.19305545
v 4.22749663 9.94972553 -10.77468483
v 4.58372836 9.86661103 -10.45336373
v 4.43474719 10.59666569 -10.17141423
v 4.74718637 10.78742113 -10.10773806
v 4.47571746 10.76462541 -10.17738681
v 4.45659328 10.97333097 -10.66678389
v 4.72368686 10.99183465 -10.58988496
v 4.91635964 10.93735438 -10.38974552
v 4.9180801 10.8510087 -10.19770343
v 4.60189105 10.88037711 -10.38726038
v 5.40491039 10.50538604 -6.3123564
v 5.60726863 10.50911691 -6.3085269
v 5.68549823 10.40455241 -6.48589654
v 5.39603005 10.4102102 -6.52984096
v 5.89698548 10.3562154 -6.29917828
v 5.92149267 9.63943322 -6.43571902
v 5.74830272 9.6320478 -6.69343168
v 5.5225206 10.18205533 -5.58516916
v 5.54290651 9.45586046 -5.71792133
v 5.80620649 9.54297141 -6.04192994
v 5.73663241 10.25349249 -5.93021828
v 5.02156717 10.23605431 -5.81583227
v 4.98419166 9.43921272 -5.92521288
v 5.21945925 9.36944285 -5.69718573
v 5.22525506 10.18344739 -5.61483631
v 5.41411838 9.64767936 -6.74035627
v 5.10522485 9.54937991 -6.37706754
v 5.12734427 10.32827786 -6.211238
v 5.16067501 10.39179457 -5.84666296
v 5.20133827 10.45373608 -6.11791095
v 5.73164583 10.47016817 -6.16192342
v 5.68240838 10.40876894 -5.89471435
v 5.48741011 10.3565778 -5.69622365
v 5.27725387 10.34857857 -5.68577892
v 5.44616035 10.43098177 -6.00429183
vn 0.32426 -0.94597 -0
vn 0.73584 -0.67716 0
vn 0.69474 -0.64232 0.32367
vn 0.304 -0.88874 0.34312
vn 0.97447 -0.22452 0
vn 0.91512 -0.21283 0.34242
vn 0.9484 0.31707 -0
vn 0.89043 0.29729 0.34461
vn 0.64349 0.76545 -0
vn 0.60528 0.7196 0.34031
vn 0.18115 0.98345 0.00027
vn 0.16543 0.93189 0.32281
vn -0.30716 0.95166 0.00151
vn -0.28805 0.89345 0.34463
vn 0.304 -0.88874 -0.34312
vn 0.69474 -0.64232 -0.32367
vn 0.91512 -0.21283 -0.34242
vn 0.89043 0.29729 -0.34461
vn 0.60528 0.7196 -0.34031
vn 0.16601 0.93169 -0.3231
vn -0.29161 0.88944 -0.35194
vn -0.75676 0.65369 -0
vn -0.71044 0.62657 0.32044
vn -0.98623 0.16535 -0
vn -0.93415 0.16134 0.31834
vn -0.95007 -0.31204 0
vn -0.89094 -0.2935 0.34655
vn -0.67738 -0.73563 0
vn -0.63771 -0.69178 0.33878
vn -0.19936 -0.97993 0
vn -0.18267 -0.93221 0.31243
vn -0.71171 0.62544 -0.31983
vn -0.93415 0.16134 -0.31834
vn -0.89093 -0.2935 -0.34655
vn -0.63771 -0.69178 -0.33878
vn -0.18267 -0.93221 -0.31243
vn -0.24986 0.19051 0.94935
vn -0.09061 0.28813 0.95329
vn -0.32907 0.05294 0.94282
vn -0.27129 -0.08863 0.95841
vn -0.21626 -0.2137 0.95266
vn -0.0784 -0.3101 0.94747
vn 0.09873 -0.28719 0.95277
vn 0.23216 -0.19179 0.95358
vn 0.3043 -0.06447 0.95039
vn 0.28038 0.09332 0.95534
vn 0.20392 0.23052 0.95146
vn 0.06581 0.29134 0.95435
vn 0.21435 -0.16269 0.96311
vn 0.06833 -0.21773 0.97362
vn 0.23434 -0.03207 0.97163
vn 0.20766 0.06848 0.9758
vn 0.16807 0.16387 0.97206
vn 0.06719 0.25769 0.96389
vn -0.07463 0.21565 0.97361
vn -0.19867 0.16442 0.96618
vn -0.22945 0.04606 0.97223
vn -0.21604 -0.07184 0.97374
vn -0.15644 -0.17235 0.97253
vn -0.05523 -0.24994 0.96668
vn 0 0 1
vn -0.25046 0.18916 -0.94947
vn -0.0813 0.27873 -0.95692
vn -0.32907 0.05294 -0.94282
vn -0.27129 -0.08863 -0.95841
vn -0.21626 -0.2137 -0.95266
vn -0.0784 -0.3101 -0.94747
vn 0.09873 -0.28718 -0.95277
vn 0.23216 -0.19179 -0.95358
vn 0.3043 -0.06447 -0.95039
vn 0.28038 0.09332 -0.95534
vn 0.20392 0.23052 -0.95146
vn 0.06581 0.29134 -0.95435
vn 0.21435 -0.16269 -0.96311
vn 0.06833 -0.21773 -0.97361
vn 0.23434 -0.03207 -0.97163
vn 0.20766 0.06848 -0.9758
vn 0.16808 0.16387 -0.97206
vn 0.06719 0.25769 -0.96389
vn -0.07463 0.21565 -0.97361
vn -0.19867 0.16442 -0.96618
vn -0.22945 0.04606 -0.97223
vn -0.21605 -0.07184 -0.97374
vn -0.15644 -0.17235 -0.97253
vn -0.05523 -0.24994 -0.96668
vn -0 -0 -1
vn -0.54325 0.09172 0.83454
vn -0.27528 0.36688 0.8886
vn -0.39191 0.8367 0.38253
vn -0.91012 0.31587 0.26815
vn 0.37647 0.82739 0.41677
vn 0.46161 0.87975 0.1138
vn -0.37111 0.92846 -0.01544
vn 0.8598 -0.22343 0.45915
vn 0.94069 -0.25696 0.2215
vn 0.90534 0.3792 0.19125
vn 0.84152 0.37544 0.38843
vn -0.4489 -0.83469 0.31903
vn -0.4037 -0.9142 0.03559
vn 0.41827 -0.89248 0.16894
vn 0.34116 -0.82342 0.45342
vn -0.9361 0.33953 -0.09191
vn -0.91599 -0.39038 -0.0925
vn -0.91047 -0.35345 0.21475
vn -0.33989 -0.40909 0.84683
vn -0.56504 -0.20215 0.79991
vn 0.18488 0.39001 0.90206
vn 0.42154 0.2128 0.88149
vn 0.39607 -0.08583 0.9142
vn 0.08966 -0.44173 0.89266
vn -0.12441 -6E-05 0.99223
vn -0.29727 -0.42226 0.85635
vn -0.45879 -0.06905 0.88586
vn -0.94596 -0.0416 0.32161
vn -0.65427 -0.71013 0.26008
vn -0.6574 0.67475 0.33547
vn -0.6448 0.76373 0.03072
vn -0.99528 -0.00909 -0.09666
vn 0.53361 0.72748 0.43131
vn 0.61784 0.75318 0.22584
vn -0.00026 0.9891 0.14722
vn -0.02354 0.94088 0.33792
vn 0.62657 -0.68565 0.37053
vn 0.73745 -0.66394 0.12393
vn 0.9709 0.07646 0.22697
vn 0.88335 0.04976 0.46607
vn -0.65578 -0.74653 -0.11245
vn 0.0398 -0.99822 -0.04435
vn -0.00039 -0.9666 0.25627
vn 0.30035 -0.39655 0.86749
vn 0.00202 -0.55939 0.8289
vn -0.305 0.36623 0.87912
vn -0.01336 0.53131 0.84707
vn 0.26706 0.38332 0.88416
vn 0.47033 -0.01272 0.8824
vn -0.00507 -0.04655 0.9989
vn -0.53936 -0.41737 0.73136
vn -0.49453 -0.05687 0.8673
vn -0.83871 0.35245 0.41515
vn -0.93158 -0.33372 0.14417
vn -0.22292 0.78226 0.58171
vn -0.16791 0.93648 0.3079
vn -0.8528 0.5205 0.0426
vn 0.79118 0.22454 0.56887
vn 0.89042 0.29486 0.34671
vn 0.48176 0.78223 0.39499
vn 0.42104 0.7009 0.57573
vn 0.12433 -0.98464 0.12258
vn 0.22557 -0.96157 -0.15656
vn 0.85931 -0.49714 0.12017
vn 0.73886 -0.54713 0.39337
vn -0.94435 -0.25438 -0.20856
vn -0.4896 -0.81798 -0.30198
vn -0.5263 -0.85029 0.00364
vn -0.07706 -0.69712 0.7128
vn -0.37797 -0.65433 0.65497
vn -0.14257 0.22465 0.96395
vn 0.15378 0.22614 0.96188
vn 0.31096 -0.03087 0.94992
vn 0.28202 -0.48408 0.82833
vn -0.16014 -0.28067 0.94635
vn -0.2234 0.28406 0.93242
vn 0.16258 0.2523 0.95389
vn 0.41025 0.74648 0.52389
vn -0.32824 0.81721 0.47373
vn 0.90111 0.16737 0.39998
vn 0.97512 0.20188 0.09157
vn 0.46622 0.87364 0.13927
vn 0.41599 -0.87325 0.25374
vn 0.42636 -0.90455 0.00262
vn 0.88566 -0.46307 0.03427
vn 0.85516 -0.45984 0.23927
vn -0.90296 -0.27305 0.33183
vn -0.95375 -0.29802 0.03943
vn -0.3979 -0.91742 0.00388
vn -0.37558 -0.87589 0.30292
vn -0.35167 0.92708 0.12984
vn -0.89428 0.44301 0.06327
vn -0.84155 0.39825 0.36495
vn -0.47255 -0.19035 0.8605
vn -0.46348 0.1184 0.87816
vn 0.47792 -0.07457 0.87523
vn 0.49427 -0.35851 0.79194
vn 0.2528 -0.53866 0.8037
vn -0.21719 -0.53733 0.81493
vn -0.01229 -0.11652 0.99311
usemtl mat0
f 936//1190 937//1191 938//1192
f 938//1192 939//1193 936//1190
f 937//1191 940//1194 941//1195
f 941//1195 938//1192 937//1191
f 940//1194 942//1196 943//1197
f 943//1197 941//1195 940//1194
f 942//1196 944//1198 945//1199
f 945//1199 943//1197 942//1196
f 944//1198 946//1200 947//1201
f 947//1201 945//1199 944//1198
f 946//1200 948//1202 949//1203
f 949//1203 947//1201 946//1200
f 936//1190 950//1204 951//1205
f 951//1205 937//1191 936//1190
f 937//1191 951//1205 952//1206
f 952//1206 940//1194 937//1191
f 940//1194 952//1206 953//1207
f 953//1207 942//1196 940//1194
f 942//1196 953//1207 954//1208
f 954//1208 944//1198 942//1196
f 944//1198 954//1208 955//1209
f 955//1209 946//1200 944//1198
f 946//1200 955//1209 956//1210
f 956//1210 948//1202 946//1200
f 948//1202 957//1211 958//1212
f 958//1212 949//1203 948//1202
f 957//1211 959//1213 960//1214
f 960//1214 958//1212 957//1211
f 959//1213 961//1215 962//1216
f 962//1216 960//1214 959//1213
f 961//1215 963//1217 964//1218
f 964//1218 962//1216 961//1215
f 963//1217 965//1219 966//1220
f 966//1220 964//1218 963//1217
f 965//1219 936//1190 939//1193
f 939//1193 966//1220 965//1219
f 948//1202 956//1210 967//1221
f 967//1221 957//1211 948//1202
f 957//1211 967//1221 968//1222
f 968//1222 959//1213 957//1211
f 959//1213 968//1222 969//1223
f 969//1223 961//1215 959//1213
f 961//1215 969//1223 970//1224
f 970//1224 963//1217 961//1215
f 963//1217 970//1224 971//1225
f 971//1225 965//1219 963//1217
f 965//1219 971//1225 950//1204
f 950//1204 936//1190 965//1219
f 972//1226 973//1227 949//1203
f 949//1203 958//1212 972//1226
f 974//1228 972//1226 958//1212
f 958//1212 960//1214 974//1228
f 975//1229 974//1228 960//1214
f 960//1214 962//1216 975//1229
f 976//1230 975//1229 962//1216
f 962//1216 964//1218 976//1230
f 977//1231 976//1230 964//1218
f 964//1218 966//1220 977//1231
f 978//1232 977//1231 966//1220
f 966//1220 939//1193 978//1232
f 979//1233 978//1232 939//1193
f 939//1193 938//1192 979//1233
f 980//1234 979//1233 938//1192
f 938//1192 941//1195 980//1234
f 981//1235 980//1234 941//1195
f 941//1195 943//1197 981//1235
f 982//1236 981//1235 943//1197
f 943//1197 945//1199 982//1236
f 983//1237 982//1236 945//1199
f 945//1199 947//1201 983//1237
f 973//1227 983//1237 947//1201
f 947//1201 949//1203 973//1227
f 984//1238 985//1239 973//1227
f 973//1227 972//1226 984//1238
f 986//1240 984//1238 972//1226
f 972//1226 974//1228 986//1240
f 987//1241 986//1240 974//1228
f 974//1228 975//1229 987//1241
f 988//1242 987//1241 975//1229
f 975//1229 976//1230 988//1242
f 989//1243 988//1242 976//1230
f 976//1230 977//1231 989//1243
f 990//1244 989//1243 977//1231
f 977//1231 978//1232 990//1244
f 991//1245 990//1244 978//1232
f 978//1232 979//1233 991//1245
f 992//1246 991//1245 979//1233
f 979//1233 980//1234 992//1246
f 993//1247 992//1246 980//1234
f 980//1234 981//1235 993//1247
f 994//1248 993//1247 981//1235
f 981//1235 982//1236 994//1248
f 995//1249 994//1248 982//1236
f 982//1236 983//1237 995//1249
f 985//1239 995//1249 983//1237
f 983//1237 973//1227 985//1239
f 996//1250 987//1241 988//1242
f 990//1244 991//1245 996//1250
f 996//1250 991//1245 992//1246
f 996//1250 992//1246 993//1247
f 994//1248 995//1249 996//1250
f 984//1238 986//1240 996//1250
f 996//1250 986//1240 987//1241
f 989//1243 990//1244 996//1250
f 996//1250 993//1247 994//1248
f 995//1249 985//1239 996//1250
f 996//1250 985//1239 984//1238
f 996//1250 988//1242 989//1243
f 997//1251 967//1221 956//1210
f 956//1210 998//1252 997//1251
f 999//1253 968//1222 967//1221
f 967//1221 997//1251 999//1253
f 1000//1254 969//1223 968//1222
f 968//1222 999//1253 1000//1254
f 1001//1255 970//1224 969//1223
f 969//1223 1000//1254 1001//1255
f 1002//1256 971//1225 970//1224
f 970//1224 1001//1255 1002//1256
f 1003//1257 950//1204 971//1225
f 971//1225 1002//1256 1003//1257
f 1004//1258 951//1205 950//1204
f 950//1204 1003//1257 1004//1258
f 1005//1259 952//1206 951//1205
f 951//1205 1004//1258 1005//1259
f 1006//1260 953//1207 952//1206
f 952//1206 1005//1259 1006//1260
f 1007//1261 954//1208 953//1207
f 953//1207 1006//1260 1007//1261
f 1008//1262 955//1209 954//1208
f 954//1208 1007//1261 1008//1262
f 998//1252 956//1210 955//1209
f 955//1209 1008//1262 998//1252
f 1009//1263 997//1251 998//1252
f 998//1252 1010//1264 1009//1263
f 1011//1265 999//1253 997//1251
f 997//1251 1009//1263 1011//1265
f 1012//1266 1000//1254 999//1253
f 999//1253 1011//1265 1012//1266
f 1013//1267 1001//1255 1000//1254
f 1000//1254 1012//1266 1013//1267
f 1014//1268 1002//1256 1001//1255
f 1001//1255 1013//1267 1014//1268
f 1015//1269 1003//1257 1002//1256
f 1002//1256 1014//1268 1015//1269
f 1016//1270 1004//1258 1003//1257
f 1003//1257 1015//1269 1016//1270
f 1017//1271 1005//1259 1004//1258
f 1004//1258 1016//1270 1017//1271
f 1018//1272 1006//1260 1005//1259
f 1005//1259 1017//1271 1018//1272
f 1019//1273 1007//1261 1006//1260
f 1006//1260 1018//1272 1019//1273
f 1020//1274 1008//1262 1007//1261
f 1007//1261 1019//1273 1020//1274
f 1010//1264 998//1252 1008//1262
f 1008//1262 1020//1274 1010//1264
f 1021//1275 1013//1267 1012//1266
f 1015//1269 1021//1275 1016//1270
f 1021//1275 1017//1271 1016//1270
f 1021//1275 1018//1272 1017//1271
f 1019//1273 1021//1275 1020//1274
f 1009//1263 1021//1275 1011//1265
f 1021//1275 1012//1266 1011//1265
f 1014//1268 1021//1275 1015//1269
f 1021//1275 1019//1273 1018//1272
f 1020//1274 1021//1275 1010//1264
f 1021//1275 1009//1263 1010//1264
f 1021//1275 1014//1268 1013//1267
f 1022//1276 1023//1277 1024//1278
f 1024//1278 1025//1279 1022//1276
f 1026//1280 1027//1281 1028//1282
f 1028//1282 1024//1278 1026//1280
f 1029//1283 1030//1284 1031//1285
f 1031//1285 1032//1286 1029//1283
f 1033//1287 1034//1288 1035//1289
f 1035//1289 1036//1290 1033//1287
f 1025//1279 1037//1291 1038//1292
f 1038//1292 1039//1293 1025//1279
f 1040//1294 1041//1295 1039//1293
f 1039//1293 1033//1287 1040//1294
f 1042//1296 1043//1297 1032//1286
f 1032//1286 1026//1280 1042//1296
f 1044//1298 1045//1299 1036//1290
f 1036//1290 1029//1283 1044//1298
f 1040//1294 1045//1299 1046//1300
f 1046//1300 1041//1295 1040//1294
f 1041//1295 1046//1300 1023//1277
f 1023//1277 1022//1276 1041//1295
f 1043//1297 1044//1298 1029//1283
f 1029//1283 1032//1286 1043//1297
f 1041//1295 1022//1276 1025//1279
f 1025//1279 1039//1293 1041//1295
f 1039//1293 1038//1292 1034//1288
f 1034//1288 1033//1287 1039//1293
f 1032//1286 1031//1285 1027//1281
f 1027//1281 1026//1280 1032//1286
f 1046//1300 1043//1297 1042//1296
f 1042//1296 1023//1277 1046//1300
f 1045//1299 1044//1298 1043//1297
f 1043//1297 1046//1300 1045//1299
f 1045//1299 1040//1294 1033//1287
f 1033//1287 1036//1290 1045//1299
f 1036//1290 1035//1289 1030//1284
f 1030//1284 1029//1283 1036//1290
f 1024//1278 1028//1282 1037//1291
f 1037//1291 1025//1279 1024//1278
f 1023//1277 1042//1296 1026//1280
f 1026//1280 1024//1278 1023//1277
f 1047//1301 1048//1302 1049//1303
f 1049//1303 1050//1304 1047//1301
f 1051//1305 1052//1306 1053//1307
f 1053//1307 1049//1303 1051//1305
f 1054//1308 1055//1309 1056//1310
f 1056//1310 1057//1311 1054//1308
f 1058//1312 1059//1313 1060//1314
f 1060//1314 1061//1315 1058//1312
f 1050//1304 1062//1316 1063//1317
f 1063//1317 1064//1318 1050//1304
f 1065//1319 1066//1320 1064//1318
f 1064//1318 1058//1312 1065//1319
f 1067//1321 1068//1322 1057//1311
f 1057//1311 1051//1305 1067//1321
f 1069//1323 1070//1324 1061//1315
f 1061//1315 1054//1308 1069//1323
f 1065//1319 1070//1324 1071//1325
f 1071//1325 1066//1320 1065//1319
f 1066//1320 1071//1325 1048//1302
f 1048//1302 1047//1301 1066//1320
f 1068//1322 1069//1323 1054//1308
f 1054//1308 1057//1311 1068//1322
f 1066//1320 1047//1301 1050//1304
f 1050//1304 1064//1318 1066//1320
f 1064//1318 1063//1317 1059//1313
f 1059//1313 1058//1312 1064//1318
f 1057//1311 1056//1310 1052//1306
f 1052//1306 1051//1305 1057//1311
f 1071//1325 1068//1322 1067//1321
f 1067//1321 1048//1302 1071//1325
f 1070//1324 1069//1323 1068//1322
f 1068//1322 1071//1325 1070//1324
f 1070//1324 1065//1319 1058//1312
f 1058//1312 1061//1315 1070//1324
f 1061//1315 1060//1314 1055//1309
f 1055//1309 1054//1308 1061//1315
f 1049//1303 1053//1307 1062//1316
f 1062//1316 1050//1304 1049//1303
f 1048//1302 1067//1321 1051//1305
f 1051//1305 1049//1303 1048//1302
f 1072//1326 1073//1327 1074//1328
f 1074//1328 1075//1329 1072//1326
f 1076//1330 1077//1331 1078//1332
f 1078//1332 1074//1328 1076//1330
f 1079//1333 1080//1334 1081//1335
f 1081//1335 1082//1336 1079//1333
f 1083//1337 1084//1338 1085//1339
f 1085//1339 1086//1340 1083//1337
f 1075//1329 1087//1341 1088//1342
f 1088//1342 1089//1343 1075//1329
f 1090//1344 1091//1345 1089//1343
f 1089//1343 1083//1337 1090//1344
f 1092//1346 1093//1347 1082//1336
f 1082//1336 1076//1330 1092//1346
f 1094//1348 1095//1349 1086//1340
f 1086//1340 1079//1333 1094//1348
f 1090//1344 1095//1349 1096//1350
f 1096//1350 1091//1345 1090//1344
f 1091//1345 1096//1350 1073//1327
f 1073//1327 1072//1326 1091//1345
f 1093//1347 1094//1348 1079//1333
f 1079//1333 1082//1336 1093//1347
f 1091//1345 1072//1326 1075//1329
f 1075//1329 1089//1343 1091//1345
f 1089//1343 1088//1342 1084//1338
f 1084//1338 1083//1337 1089//1343
f 1082//1336 1081//1335 1077//1331
f 1077//1331 1076//1330 1082//1336
f 1096//1350 1093//1347 1092//1346
f 1092//1346 1073//1327 1096//1350
f 1095//1349 1094//1348 1093//1347
f 1093//1347 1096//1350 1095//1349
f 1095//1349 1090//1344 1083//1337
f 1083//1337 1086//1340 1095//1349
f 1086//1340 1085//1339 1080//1334
f 1080//1334 1079//1333 1086//1340
f 1074//1328 1078//1332 1087//1341
f 1087//1341 1075//1329 1074//1328
f 1073//1327 1092//1346 1076//1330
f 1076//1330 1074//1328 1073//1327
f 1097//1351 1098//1352 1099//1353
f 1099//1353 1100//1354 1097//1351
f 1101//1355 1102//1356 1103//1357
f 1103//1357 1099//1353 1101//1355
f 1104//1358 1105//1359 1106//1360
f 1106//1360 1107//1361 1104//1358
f 1108//1362 1109//1363 1110//1364
f 1110//1364 1111//1365 1108//1362
f 1100//1354 1112//1366 1113//1367
f 1113//1367 1114//1368 1100//1354
f 1115//1369 1116//1370 1114//1368
f 1114//1368 1108//1362 1115//1369
f 1117//1371 1118//1372 1107//1361
f 1107//1361 1101//1355 1117//1371
f 1119//1373 1120//1374 1111//1365
f 1111//1365 1104//1358 1119//1373
f 1115//1369 1120//1374 1121//1375
f 1121//1375 1116//1370 1115//1369
f 1116//1370 1121//1375 1098//1352
f 1098//1352 1097//1351 1116//1370
f 1118//1372 1119//1373 1104//1358
f 1104//1358 1107//1361 1118//1372
f 1116//1370 1097//1351 1100//1354
f 1100//1354 1114//1368 1116//1370
f 1114//1368 1113//1367 1109//1363
f 1109//1363 1108//1362 1114//1368
f 1107//1361 1106//1360 1102//1356
f 1102//1356 1101//1355 1107//1361
f 1121//1375 1118//1372 1117//1371
f 1117//1371 1098//1352 1121//1375
f 1120//1374 1119//1373 1118//1372
f 1118//1372 1121//1375 1120//1374
f 1120//1374 1115//1369 1108//1362
f 1108//1362 1111//1365 1120//1374
f 1111//1365 1110//1364 1105//1359
f 1105//1359 1104//1358 1111//1365
f 1099//1353 1103//1357 1112//1366
f 1112//1366 1100//1354 1099//1353
f 1098//1352 1117//1371 1101//1355
f 1101//1355 1099//1353 1098//1352
# Vertices: 186, normals: 186, texture coordinates: 0, faces: 328

# Nigiri_Sake002_10
o obj11
v -1.39200348 6.95836552 7.78609701
v 0.34965534 5.90431677 7.46767444
v 0.36970142 7.79050478 8.03341945
v -1.21629625 8.84455316 8.25945743
v -5.4108174 11.71832455 5.01440414
v -7.34843888 11.04154772 6.1644267
v -6.22480478 10.49183742 8.05758439
v -4.18765723 11.16861394 7.10607092
v -9.77059888 11.16861083 -2.54886835
v -7.75619131 11.16861088 -3.46067081
v -8.67220733 9.69192619 -4.92346296
v -10.6119446 9.32394259 -4.55086163
v -7.74637725 9.68273463 6.19122003
v -6.65090739 8.868671 8.03692092
v -9.19575602 9.86126055 3.74922888
v -8.88972208 11.06421304 3.56759068
v -10.43100484 11.04154567 0.97075687
v -10.64513473 9.68273304 1.30723929
v -8.89561561 7.19049411 -4.95392927
v -10.53167607 6.82251106 -4.76156798
v -10.70738527 8.70869954 -5.23492759
v -9.22698152 9.07668166 -5.33490521
v -11.97096896 8.86866802 -1.25312773
v -5.31567816 8.8686693 -4.35180769
v -4.22021283 9.68273449 -2.50610787
v -1.31173823 9.45979622 7.57538926
v -3.35706888 9.83706962 8.07405605
v -2.80230011 9.22182655 8.48549758
v -5.74178448 10.49183522 -4.37247087
v -4.61814853 11.04154712 -2.47931226
v -12.55167933 8.27918363 -4.17825639
v -12.18778684 7.66393946 -5.13494845
v -12.1677366 5.77775155 -4.56920296
v -12.60417811 6.39299544 -3.56945032
v -6.17290564 7.49694727 -5.0505359
v -7.25955657 6.88170237 -5.14629297
v -7.74658107 8.76789029 -5.43488411
v -6.73247111 9.38313482 -5.29606604
v -11.78500758 10.49183431 -1.6370676
v -3.13365828 7.33563911 8.10452434
v -4.87531867 7.03613622 8.42294828
v -5.96197015 7.65137985 8.32719028
v 0.07258946 8.86867301 4.81910209
v 0.78609512 6.51956076 6.46792069
v -5.40240523 9.53756729 8.57271909
v -0.11337601 10.49184017 5.20304378
v 0.73359449 8.40574821 7.07672578
v -8.4933869 11.71832138 -0.17926727
v -6.55576756 11.71832211 -1.32928942
v -1.32145325 9.68273607 2.37787421
v -2.7708327 9.86126199 -0.06411662
v -3.07686633 11.06421411 0.11752061
v -1.53558218 11.04154992 2.71435605
v -2.15051758 11.16861399 6.15455673
v -3.47320121 11.71832528 3.86437888
v -4.38830046 8.92232423 8.711535
v -6.95210256 11.74098912 2.41756884
v -5.01448247 11.74098911 1.26754376
v -10.84997492 6.50925158 -2.33019751
v -10.87237619 6.29333599 -2.29826788
v -10.93416434 6.24280527 -2.04980815
v -10.94180284 6.55725684 -2.07111565
v -10.76906957 5.99059679 -2.13217216
v -10.28066768 6.01780822 -1.4502673
v -10.45966667 6.24297811 -1.25629615
v -10.01619249 6.28363834 -2.67841463
v -9.51646299 6.31504901 -1.99317445
v -9.87516208 6.0824405 -1.73401882
v -10.37303957 6.10734272 -2.39824579
v -10.18892977 6.85029615 -2.61736051
v -9.60523336 6.9425508 -1.90780798
v -9.39209765 6.65948164 -2.00433563
v -10.00808792 6.604313 -2.71009101
v -10.47307598 6.60500116 -1.29127232
v -10.06885825 6.88037423 -1.58393124
v -10.59112459 6.79621668 -2.33070221
v -10.35893079 6.70038074 -2.68647
v -10.6302108 6.69725617 -2.49479787
v -10.73732189 6.13966348 -2.37001019
v -10.46875063 6.15251796 -2.56026002
v -10.24627365 6.33079209 -2.72628816
v -10.20812858 6.55293208 -2.76858234
v -10.54812528 6.42002193 -2.52824159
v -7.43834432 7.30352883 -4.62651554
v -7.55955132 7.1265304 -4.59965302
v -7.72528474 7.16507359 -4.4016166
v -7.59242827 7.44434427 -4.43460195
v -7.65944677 6.85621276 -4.39937406
v -7.48361775 6.85888643 -3.59517781
v -7.61390135 7.17587865 -3.50270513
v -6.69260918 6.69839651 -4.59121711
v -6.50659423 6.70130544 -3.77960944
v -7.0057132 6.69297974 -3.68595676
v -7.17437184 6.74486313 -4.48005202
v -6.62559392 7.28652727 -4.62644828
v -6.35149663 7.31768101 -3.76129631
v -6.25234165 6.95939173 -3.75114393
v -6.53988493 6.97470763 -4.62727844
v -7.46101953 7.49663472 -3.55185178
v -6.8927949 7.51772644 -3.65839817
v -7.097336 7.46131878 -4.53210672
v -6.80774933 7.20059762 -4.75163969
v -7.11137141 7.34794624 -4.6906594
v -7.48206467 6.91994165 -4.60353284
v -7.17721134 6.7826841 -4.66468161
v -6.85146533 6.81700727 -4.72866173
v -6.71039051 6.99104838 -4.75859593
v -7.14490564 7.06026889 -4.67758707
v -4.24830039 6.36309729 -2.89494065
v -4.29174125 6.16630564 -2.96342116
v -4.48760676 6.16347605 -3.01215428
v -4.43961116 6.46267798 -2.94400797
v -4.46583016 5.87374572 -2.94210114
v -5.06692908 5.86945551 -2.49643565
v -5.17877347 6.15051429 -2.57806682
v -4.0922798 5.90839579 -2.28525916
v -4.69700864 5.90586131 -1.82910654
v -4.88299391 5.80048317 -2.16447534
v -4.28989429 5.85892476 -2.60437654
v -4.06605864 6.49732693 -2.28716966
v -4.69452692 6.53611116 -1.74615783
v -4.6701815 6.20387108 -1.6449363
v -4.03730514 6.20854432 -2.20329448
v -5.11461639 6.49476988 -2.50398632
v -4.90327013 6.62608388 -2.12290877
v -4.25170621 6.57595038 -2.6137127
v -4.00466238 6.38569746 -2.46653227
v -4.12535275 6.4703453 -2.67886043
v -4.26540804 5.97898558 -2.89370202
v -4.14459637 5.90443626 -2.68117533
v -4.02176569 6.00158333 -2.46529146
v -3.97135015 6.19932335 -2.38299192
v -4.135034 6.18234105 -2.68011657
v -3.2900708 8.27915226 -2.02520949
v -3.27229619 8.06470408 -1.98011841
v -3.5044776 7.93233404 -2.03044921
v -3.55412457 8.22387001 -2.13421958
v -3.3708617 7.78053748 -1.7967873
v -4.06363674 7.80300545 -1.37845956
v -4.30095048 7.89626968 -1.62058829
v -2.91844417 8.45753283 -1.17247792
v -3.61577107 8.48701591 -0.74510654
v -3.80927365 8.07935916 -1.0136848
v -3.14543831 8.09682703 -1.4575554
v -3.10170395 8.90086313 -1.50991377
v -3.83906423 9.00973848 -1.02470023
v -3.68583367 8.85029727 -0.73658026
v -2.95969263 8.76304237 -1.2632608
v -4.34766992 8.23296604 -1.74394662
v -4.13198924 8.7046773 -1.44536982
v -3.3614072 8.63462508 -1.87500467
v -2.99499369 8.7207051 -1.61802018
v -3.17602481 8.572187 -1.87455328
v -3.17055233 7.98999567 -1.80513597
v -2.9930437 8.14612081 -1.55417351
v -2.87546934 8.43155112 -1.39794333
v -2.8848497 8.65997213 -1.43004678
v -3.08277161 8.35535095 -1.71157717
v -0.81387756 6.76417596 2.65470079
v -0.86394782 6.61228801 2.50587908
v -1.08482358 6.68437511 2.36044668
v -1.02273547 6.93455076 2.53946635
v -1.09186713 6.36933783 2.3657805
v -1.88854847 6.36134777 2.56199898
v -1.98571456 6.69812693 2.4994149
v -0.78158175 6.03906531 3.25883146
v -1.58451776 6.02969912 3.46513057
v -1.74300925 6.11182618 2.98705754
v -0.95340881 6.17241827 2.80831141
v -0.71244522 6.60427795 3.43251529
v -1.55763581 6.60850295 3.73054069
v -1.57063056 6.23922675 3.7588697
v -0.71398625 6.28275467 3.45628587
v -1.9028997 6.98513006 2.7049313
v -1.72204872 6.90304568 3.25137802
v -0.86046304 6.86153427 3.01516533
v -0.61150167 6.54876476 3.23717063
v -0.70556189 6.74859019 2.97511019
v -0.85897456 6.39553862 2.54141062
v -0.76416087 6.20540761 2.80654407
v -0.65659389 6.18012304 3.12388413
v -0.60102096 6.32552713 3.29113991
v -0.73523693 6.47215053 2.88929188
v -0.23754564 8.6054395 3.37233633
v -0.25336052 8.38780133 3.33772329
v -0.46252289 8.32611231 3.17199432
v -0.44877167 8.64124915 3.17501827
v -0.43691868 8.08055091 3.35664885
v -1.24929764 8.0905104 3.49402854
v -1.37365162 8.30430324 3.24738278
v -0.20132084 8.41066441 4.27641755
v -1.02096295 8.42492102 4.42251595
v -1.12955259 8.17469613 3.98465398
v -0.33182845 8.21595082 3.83099506
v -0.21317132 8.97136154 4.09478245
v -1.08710454 9.04719758 4.30574462
v -1.0644294 8.77231741 4.539852
v -0.18363268 8.73275824 4.29820748
v -1.34640723 8.66743709 3.25133907
v -1.22383489 8.9626866 3.74505811
v -0.33711071 8.89767963 3.60586408
v -0.08388365 8.82074804 3.97223042
v -0.16685434 8.80446806 3.6432463
v -0.22982208 8.23973896 3.49078956
v -0.14749526 8.26563727 3.81671966
v -0.07615482 8.4550475 4.09068962
v -0.05640662 8.67964303 4.14406689
v -0.15685093 8.53024313 3.73151144
v -5.17700788 8.66962449 -4.18303705
v -5.28450486 8.50474832 -4.28079899
v -5.54890597 8.56028528 -4.30638928
v -5.42252946 8.82579384 -4.19411789
v -5.53113137 8.24709641 -4.277568
v -6.1012988 8.24313983 -3.71166928
v -6.23723525 8.57130585 -3.74166034
v -4.79504657 8.00084045 -3.61444094
v -5.36527269 7.99628485 -3.0364236
v -5.74660216 8.03401148 -3.38894944
v -5.17703298 8.09171766 -3.93928635
v -4.68644336 8.57953677 -3.53099593
v -5.24658968 8.59576571 -2.85160162
v -5.21854211 8.2304917 -2.79586963
v -4.65425442 8.26158027 -3.48806254
v -6.08243428 8.87609946 -3.61842064
v -5.64761001 8.84470474 -3.21609645
v -5.03982932 8.79699003 -3.84615452
v -4.69691586 8.50901101 -3.75052877
v -4.92230543 8.68364285 -3.95038014
v -5.24785155 8.29219147 -4.2374682
v -5.02091678 8.12748678 -4.03588924
v -4.76775315 8.13157426 -3.80495937
v -4.64584438 8.2916843 -3.69308815
v -4.97238208 8.40060049 -3.99399793
v -7.51098951 6.46129806 6.16341952
v -7.46501643 6.26507633 6.22865596
v -7.26900706 6.2605683 6.27685924
v -7.32076649 6.55928683 6.21360653
v -7.28746495 5.96986004 6.20220483
v -6.68742565 5.9502648 5.75483286
v -6.57877142 6.23134339 5.84070092
v -7.66301263 5.99809604 5.54669883
v -7.05939055 5.98003152 5.08885666
v -6.87132931 5.87797003 5.42215123
v -7.46403656 5.95152741 5.86460392
v -7.69631772 6.58752116 5.55810697
v -7.06966 6.60903243 5.01598465
v -7.09025119 6.27530599 4.90948038
v -7.72179714 6.29761448 5.46965896
v -6.64724919 6.57523069 5.77227641
v -6.86109239 6.70277836 5.39374148
v -7.51082995 6.66935508 5.88551938
v -7.75593068 6.47971483 5.73588249
v -7.63574863 6.56645735 5.94931394
v -7.48926221 6.07686412 6.15598707
v -7.60968795 6.0002203 5.94251874
v -7.73420836 6.09527847 5.72844823
v -7.78720117 6.29230253 5.64942123
v -7.62259794 6.27828901 5.94593372
v -8.49435431 8.37519877 5.32657849
v -8.50965639 8.16016271 5.2780873
v -8.27577003 8.02564885 5.3257224
v -8.2293818 8.31838182 5.43406082
v -8.40812049 7.87154525 5.08990962
v -7.71666487 7.87800583 4.67007853
v -7.47989531 7.97238112 4.91315963
v -8.87018459 8.54382899 4.47742945
v -8.17428404 8.55709325 4.04865338
v -7.97523011 8.15145319 4.31028144
v -8.6381665 8.18500242 4.75622864
v -8.69144935 8.99066352 4.82158433
v -7.9566135 9.081837 4.33612236
v -8.10861789 8.91940903 4.04576491
v -8.8323953 8.85042414 4.57302291
v -7.43693142 8.31065558 5.04182293
v -7.65900611 8.78013631 4.75127021
v -8.42766522 8.72727071 5.18184577
v -8.79572337 8.81367834 4.92710459
v -8.61228942 8.6671866 5.18086535
v -8.61092174 8.08375657 5.10212215
v -8.79091182 8.23790714 4.85404626
v -8.912297 8.52223875 4.7026451
v -8.90558884 8.75113699 4.73839106
v -8.70332408 8.44871801 5.01461227
v -10.96358025 6.81177193 0.62750827
v -10.91132192 6.66174932 0.77380889
v -10.69097017 6.7335035 0.91987219
v -10.75650274 6.98147386 0.74496896
v -10.68014773 6.41821784 0.90947381
v -9.88388443 6.3966725 0.71105694
v -9.7906236 6.73334694 0.77880287
v -10.988617 6.07661256 0.01169563
v -10.18610497 6.0534387 -0.19684145
v -10.02744717 6.1417096 0.28226392
v -10.81730693 6.21547959 0.46402912
v -11.06497436 6.6398682 -0.15280588
v -10.22059845 6.6281822 -0.45298378
v -10.20322856 6.25817723 -0.48726535
v -11.05962184 6.31785094 -0.18173573
v -9.87738985 7.01796577 0.57803994
v -10.05857272 6.92885704 0.03059938
v -10.91904517 6.90240406 0.26839319
v -11.16477181 6.5889696 0.04195388
v -11.07248259 6.79210379 0.30704247
v -10.9137731 6.44441121 0.73481037
v -11.00693779 6.25093027 0.46680522
v -11.11496828 6.22160441 0.14925206
v -11.17269477 6.36489738 -0.01557632
v -11.03927277 6.51668919 0.38838123
v -11.56379382 8.64856741 -0.05936498
v -11.54527639 8.43127161 -0.02826886
v -11.33497824 8.36971759 0.13598417
v -11.35252925 8.6850459 0.13804065
v -11.35807445 8.12128054 -0.05258513
v -10.54618597 8.11849149 -0.19189952
v -10.42381163 8.33494472 0.05791554
v -11.59987141 8.4387905 -0.96670233
v -10.78079389 8.44005718 -1.11468841
v -10.66813157 8.19585856 -0.68099713
v -11.46594318 8.24996311 -0.52461605
v -11.59432949 9.002554 -0.7760733
v -10.72186151 9.06361195 -0.98809188
v -10.74179594 8.78496912 -1.22660217
v -11.62148866 8.7608072 -0.98329611
v -10.45543551 8.69843843 0.05984205
v -10.58275605 8.9868972 -0.42896317
v -11.46831973 8.93561105 -0.28852623
v -11.72149987 8.85565539 -0.65557407
v -11.6375368 8.84392193 -0.32697838
v -11.56740428 8.28086707 -0.18368454
v -11.65083194 8.30226468 -0.50907391
v -11.72511453 8.48795468 -0.77989852
v -11.74769564 8.71193998 -0.82964424
v -11.64445328 8.56826123 -0.41963098
v -6.60695576 8.77839815 7.48641706
v -6.49724085 8.61377761 7.58129147
v -6.23345921 8.66637615 7.60710731
v -6.36329732 8.93164471 7.49937818
v -6.24753289 8.35285645 7.57330761
v -5.67871946 8.33193926 7.00575713
v -5.54666522 8.65894601 7.04066568
v -6.98223248 8.10466282 6.90793807
v -6.41338304 8.08293984 6.32825558
v -6.03166768 8.12180407 6.68050644
v -6.60056697 8.19620935 7.23335077
v -7.0979991 8.68345033 6.83401297
v -6.53972571 8.68091593 6.15328703
v -6.56351085 8.31497245 6.09176295
v -7.12646372 8.36510601 6.78605956
v -5.70542794 8.96368588 6.92266708
v -6.14083287 8.9309896 6.52084222
v -6.74647978 8.90180127 7.15183713
v -7.0861447 8.61652145 7.05244583
v -6.86238085 8.79171299 7.25457243
v -6.53144005 8.40090557 7.53463974
v -6.75687218 8.23563373 7.33094826
v -7.01063499 8.23902477 7.10066643
v -7.13473804 8.39882217 6.9916401
v -6.80879333 8.50871276 7.29354118
v -3.88279542 6.75612054 7.2999131
v -3.7650541 6.58753979 7.22781134
v -3.62845822 6.65865239 7.01870344
v -3.75795044 6.92700741 7.11590142
v -3.69034885 6.35324441 6.97155728
v -3.97040786 6.4768766 6.20218923
v -3.85768052 6.8058976 6.14940629
v -4.61584732 6.15279886 7.25433032
v -4.90693109 6.27764299 6.47898097
v -4.42748314 6.29170077 6.32284165
v -4.15640975 6.22333558 7.09255584
v -4.68344611 6.72656047 7.39867844
v -5.06872765 6.88612409 6.58649674
v -5.16397122 6.53264374 6.52722407
v -4.76447597 6.41744796 7.3565355
v -4.0051984 7.11237854 6.27216876
v -4.55116022 7.10784353 6.45185341
v -4.23300913 6.92095322 7.27681825
v -4.48642791 6.62538591 7.48434383
v -4.1969235 6.78492224 7.41165716
v -3.83869581 6.38190599 7.20576235
v -4.12949755 6.23228006 7.28050694
v -4.4423329 6.25116707 7.39019755
v -4.57920959 6.41604451 7.46730285
v -4.16256229 6.50364474 7.34505529
v -1.03453856 7.40160463 5.92061681
v -1.01515247 7.18481862 5.88186264
v -0.99219347 7.12942703 5.62441147
v -0.98478811 7.44418073 5.64980363
v -1.13884623 6.88078775 5.72661676
v -1.72336107 6.90386085 5.12017117
v -1.57994133 7.12346985 4.90429733
v -1.79683612 7.19315248 6.38697511
v -2.3930259 7.22053034 5.77895337
v -2.07837 6.97871296 5.46385738
v -1.48783395 7.00734893 6.0521727
v -1.64277314 7.75654341 6.31016343
v -2.32576125 7.84555767 5.69137484
v -2.51705316 7.56694787 5.81427229
v -1.80335243 7.51451689 6.42512722
v -1.56528044 7.48594452 4.94324889
v -1.91991299 7.77170748 5.29916798
v -1.29157418 7.69224579 5.9642488
v -1.46369629 7.60533726 6.35131679
v -1.22691061 7.59535477 6.12023315
v -1.13501364 7.03414758 5.9707054
v -1.36946273 7.05380149 6.20013623
v -1.56417257 7.23787928 6.40141303
v -1.5974827 7.46127713 6.45292335
v -1.29935498 7.31974214 6.16101327
v -11.17175606 9.37721404 -0.41826325
v -11.38900042 9.37028437 -1.39269147
v -11.63918486 7.94691683 -1.46716011
v -11.47057423 7.9533052 -0.53910146
v -8.2267528 10.40633109 -2.02302091
v -8.74445423 10.13709589 -2.85852249
v -10.43025618 10.15734214 -1.74965541
v -9.98802299 10.42717412 -0.9008346
v -8.99788862 9.33888302 -3.27978324
v -10.79160986 9.3604659 -2.09522309
v -5.74675975 6.56233113 7.6015784
v -4.89972281 6.55593452 7.48677497
v -4.94810304 7.98317861 7.79170537
v -5.82413344 7.9896825 7.89730646
v -8.10419679 5.47517782 2.84861845
v -5.91795161 5.45063598 1.61152414
v -4.77734781 5.45896986 3.44194442
v -6.86604419 5.48245 4.62778572
v -9.40362313 7.97584263 3.59530573
v -9.19787398 6.54914548 3.47234888
v -7.92471206 6.55667547 5.30789433
v -8.05635749 7.98368056 5.54917945
v -9.1517659 7.91313629 -3.56079305
v -11.12166656 7.93777673 -2.15010366
v -8.96377234 6.49004028 -3.27528445
v -10.82421361 6.51236413 -2.05393139
v -5.58341019 5.76064949 7.08613557
v -6.53800509 6.56184472 6.95195117
v -6.19166887 5.76045055 6.60730449
v -8.7176789 5.69548461 -2.8940431
v -10.40348085 5.71573141 -1.78517602
v -8.19677695 5.43383818 -2.06278717
v -9.95804731 5.45468121 -0.94060119
v -4.94812985 5.75585175 7.00003425
v -11.11902963 6.52815431 -0.42525712
v -11.3362738 6.52122426 -1.39968502
v -10.78752562 5.72237702 -1.29448962
v -10.63941767 5.72774052 -0.55527992
v -8.78489977 5.74824141 3.23501416
v -9.82639298 5.73874895 1.34307653
v -9.1450047 5.46569002 0.95778362
v -7.54606264 5.75551918 5.01528439
v -10.27369103 6.53940025 1.52513543
v -5.51163288 5.48738118 6.21983463
v -6.59610953 7.98915327 7.31065949
v -3.63496619 5.46738702 5.28348107
v -3.11992667 5.7366522 6.12048849
v -2.88432006 6.53475052 6.51496882
v -2.70616059 7.96053935 6.81910753
v -2.88455313 9.38384193 6.56503514
v -4.83411851 9.40427921 7.49862588
v -3.14670158 10.1782633 6.15600971
v -4.9749048 10.19746267 7.0355555
v -3.66494111 10.43988048 5.32324807
v -5.54160789 10.45987409 6.25960126
v -6.55773237 9.4111468 7.01208676
v -5.76648682 9.41163359 7.66171472
v -5.61018501 10.20226003 7.12165631
v -6.21844471 10.20206165 6.64282497
v -10.55261907 7.9653225 1.52923913
v -8.13417267 10.4476711 2.8883847
v -8.81167509 10.18985307 3.27053478
v -7.57283765 10.19713065 5.05080481
v -6.89601989 10.45494309 4.6675519
v -9.23410041 9.39832685 3.5059136
v -7.95246784 9.40591962 5.35510018
v -7.05268333 5.44223634 -0.22221942
v -4.80732344 10.43146259 3.48171077
v -5.94792729 10.42312888 1.65129032
v -10.81430095 10.16398775 -1.25896901
v -10.66619332 10.169352 -0.51975912
v -9.17498041 10.43818255 0.99754979
v -9.85316831 10.18036043 1.37859713
v -10.31838855 9.3885194 1.54505901
v -7.08265871 10.41472924 -0.18245322
v -5.31736842 9.31149545 -3.73098961
v -5.26181069 7.88360875 -4.05235263
v -6.03379238 7.88399332 -4.63899152
v -6.10861388 9.31100904 -4.38061633
v -6.34629347 10.3862939 -2.96152023
v -6.90979635 10.11782351 -3.74171995
v -7.04098208 9.31836304 -4.21752842
v -0.50447856 6.50348402 4.6352152
v -0.21874082 7.926759 4.72547454
v -0.73625963 7.93589891 5.40841796
v -1.01653843 6.51234416 5.28946137
v -3.72375365 5.4260051 0.36992938
v -2.68294569 5.4354929 2.26076467
v -2.45430281 7.89783301 -0.33699173
v -1.30530404 7.9078966 1.72907161
v -1.56706041 6.48530766 1.71039485
v -2.64287834 6.47556224 -0.23681863
v -6.90982278 7.89049647 -4.53339043
v -6.9410292 6.46877357 -4.25124457
v -1.04362544 5.70968845 4.51728299
v -1.19173393 5.70432383 3.77807275
v -0.72172241 6.49655397 3.66078711
v -6.88302118 5.6762126 -3.77724046
v -6.31631811 5.41380099 -3.00128663
v -1.42766983 5.71633294 5.00797003
v -5.30274663 6.46286357 -3.71642138
v -6.0939918 6.46237715 -4.3660487
v -6.24774121 5.67141561 -3.86334243
v -5.63948184 5.67161381 -3.38451089
v -4.96190617 5.41873236 -1.40923702
v -4.28508877 5.67654499 -1.79249016
v -3.04625094 5.6838222 -0.0122202
v -2.00475843 5.69331521 1.87971771
v -3.91604001 6.46803263 -2.07236368
v -1.86990283 5.44650133 4.15914954
v -0.3873458 7.91945681 3.79740863
v -1.08349074 9.36217635 5.37632055
v -1.45444567 10.15794367 5.04349051
v -1.89987873 10.41899424 4.19891539
v -0.70334518 9.34542858 3.6993611
v -0.48610031 9.35235826 4.67378945
v -1.07040128 10.1512988 4.55280347
v -1.21850856 10.14593493 3.81359381
v -3.80156594 7.88953836 -2.29086852
v -3.75372905 10.39849801 0.40969572
v -2.71292146 10.40798544 2.3005311
v -2.03153316 10.13492687 1.91523861
v -3.07302649 10.12543386 0.02330003
v -1.55671247 9.33412359 1.73603849
v -2.64100007 9.32431614 -0.22481521
v -6.27451689 10.11302615 -3.82782204
v -5.66625717 10.11322491 -3.34899029
v -4.3118641 10.11815665 -1.75696955
v -4.99188198 10.39122564 -1.36947101
v -3.9226325 9.31672412 -2.07400156
vn -0.44109 -0.87145 -0.21451
vn 0.16753 -0.35559 -0.9195
vn 0.07029 -0.9947 0.07505
vn -0.20078 -0.92363 0.32649
vn -0.1454 -0.11492 0.98268
vn -0.70009 -0.09394 0.70785
vn -0.68755 -0.44034 0.57739
vn -0.17877 -0.4882 0.85423
vn -0.09019 0.43354 0.89661
vn 0.18158 0.43364 0.8826
vn 0.26504 0.69795 0.66529
vn -0.03165 0.68311 0.72963
vn -0.82583 0.12629 -0.5496
vn -0.87741 0.05759 -0.47627
vn -0.83759 0 -0.54631
vn -0.70636 0 0.70786
vn -0.70807 0.09277 0.70002
vn -0.82011 -0.07854 -0.56679
vn 0.3484 0.85109 -0.39276
vn 0.46647 0.40686 -0.78541
vn 0.24576 0.90863 0.33762
vn 0.36856 0.87598 0.31118
vn -0.87296 -0.13683 -0.46821
vn 0.85041 -0.15839 -0.50172
vn 0.823 -0.12374 -0.55439
vn 0.0379 -0.71605 0.69701
vn -0.22991 -0.73884 0.63345
vn -0.31225 -0.8975 0.31143
vn 0.7026 0.37515 0.60467
vn 0.7015 0.09128 0.7068
vn -0.60363 0.70612 0.37017
vn -0.04212 0.99682 0.0677
vn -0.07264 0.33384 -0.93982
vn -0.73757 0.00665 -0.67524
vn 0.69976 -0.13439 -0.70162
vn 0.41944 0.10917 -0.90119
vn 0.49982 0.86194 0.0851
vn 0.65611 0.68124 0.32471
vn -0.65953 0.39814 0.63758
vn -0.37308 -0.78123 -0.50049
vn -0.24652 -0.02965 -0.96868
vn -0.70524 0.1594 -0.69082
vn 0.88477 0.20833 -0.41687
vn 0.73322 0.13709 -0.66603
vn -0.59205 -0.75897 0.27101
vn 0.65078 -0.40026 0.6452
vn 0.63441 -0.68201 0.36385
vn -0.14262 0.10773 0.9839
vn 0.14547 0.11359 0.98282
vn 0.82158 0.10778 -0.55981
vn 0.83268 -0 -0.55376
vn 0.70482 -1E-05 0.70939
vn 0.70587 -0.07875 0.70395
vn 0.08346 -0.47263 0.8773
vn 0.14154 -0.10728 0.9841
vn -0.46857 -0.878 0.09776
vn -0.14528 0 0.98939
vn 0.14528 0 0.98939
vn -0.39987 0.88826 0.22604
vn -0.43176 0.88216 -0.18808
vn -0.86847 0.37193 -0.32775
vn -0.81744 0.37125 0.44041
vn -0.34601 0.29228 -0.89154
vn -0.34036 -0.01615 -0.94016
vn -0.93978 -0.02384 -0.34095
vn 0.73622 0.34419 -0.58268
vn 0.80072 0.09697 -0.59114
vn 0.30145 0.02766 -0.95308
vn 0.27072 0.2205 -0.93706
vn 0.32666 0.43547 0.83885
vn 0.39902 0.15252 0.90417
vn 0.95228 0.17039 0.25324
vn 0.85739 0.46646 0.2175
vn -0.86716 0.0221 0.49753
vn -0.30435 0.06484 0.95035
vn -0.32045 0.3544 0.87847
vn 0.0864 0.91382 0.39682
vn -0.20011 0.88007 0.43062
vn -0.13571 0.82188 -0.55326
vn 0.13091 0.78581 -0.60445
vn 0.33645 0.84763 -0.41028
vn 0.41374 0.90673 0.08157
vn -0.06256 0.99525 -0.07461
vn 0.14169 0.91502 0.37772
vn -0.05544 0.99835 0.01466
vn -0.68818 0.72228 0.06867
vn -0.33485 0.56977 0.7505
vn -0.51611 0.55036 -0.65631
vn -0.65813 0.26224 -0.70576
vn -0.92038 0.38087 0.08853
vn 0.5119 0.15453 -0.84503
vn 0.46291 -0.10446 -0.88023
vn -0.13619 0.07672 -0.98771
vn -0.07417 0.26584 -0.96116
vn 0.77438 0.13949 0.61716
vn 0.74618 -0.15173 0.64822
vn 0.95923 -0.23118 -0.16259
vn 0.9834 0.0839 -0.16089
vn -0.49396 0.25533 0.83115
vn 0.17304 0.00989 0.98486
vn 0.24704 0.29139 0.92416
vn 0.59796 0.73281 0.3247
vn 0.3786 0.79689 0.47077
vn 0.01356 0.89857 -0.43862
vn 0.18688 0.78134 -0.59546
vn 0.45524 0.72876 -0.51154
vn 0.74089 0.66598 -0.08691
vn 0.33351 0.94229 -0.02941
vn 0.9051 0.28485 0.3157
vn 0.90787 0.41862 -0.02303
vn 0.37052 0.92844 -0.02683
vn 0.36246 0.6781 0.63937
vn 0.3067 0.614 -0.72729
vn -0.01405 0.62048 -0.78409
vn -0.0436 0.9988 -0.02238
vn 0.33931 -0.5947 -0.72883
vn 0.11847 -0.67 -0.73285
vn 0.04805 -0.05892 -0.99711
vn 0.25654 -0.04077 -0.96567
vn 0.41709 -0.61226 0.67169
vn 0.15754 -0.71025 0.68609
vn 0.17022 -0.98424 -0.04797
vn 0.42276 -0.90496 -0.04813
vn -0.00049 0.70353 0.71067
vn 0.05917 0.01918 0.99806
vn 0.36402 0.04387 0.93036
vn 0.89324 -0.3147 0.32108
vn 0.88152 -0.00117 0.47215
vn 0.86068 0.25505 -0.44065
vn 0.80192 -0.04738 -0.59556
vn 0.84164 -0.32454 -0.43163
vn 0.86639 -0.49774 -0.04041
vn 0.99909 -0.02643 -0.03343
vn 0.89473 0.43774 0.08849
vn 0.90485 0.30687 -0.29509
vn 0.43467 0.64957 -0.6238
vn 0.41354 0.90468 0.10264
vn 0.33986 -0.0592 -0.93861
vn 0.01891 -0.06401 -0.99777
vn 0.04993 0.73257 -0.67886
vn 0.3256 -0.91525 -0.2373
vn 0.05005 -0.96961 -0.23948
vn 0.01753 -0.65929 -0.75168
vn 0.22043 -0.62951 -0.74507
vn 0.41586 0.04661 0.90823
vn 0.12022 0.03229 0.99222
vn 0.11124 -0.76973 0.6286
vn 0.43797 -0.70494 0.55788
vn 0.07998 0.98968 0.11891
vn 0.07653 0.66587 0.74213
vn 0.36274 0.64027 0.67711
vn 0.90412 0.09483 0.41662
vn 0.87617 0.34896 0.3325
vn 0.84288 -0.11477 -0.52571
vn 0.80126 -0.36401 -0.47485
vn 0.85264 -0.47043 -0.22736
vn 0.90233 -0.33977 0.26525
vn 0.99783 0.03654 -0.05482
vn 0.90306 -0.09926 0.41788
vn 0.98281 0.15262 0.10393
vn 0.66734 0.70547 0.23868
vn 0.49897 0.23933 0.83291
vn 0.55933 0.65136 -0.51272
vn 0.29091 0.78855 -0.54181
vn 0.34349 0.8987 0.27267
vn 0.23917 -0.34057 -0.90929
vn -0.02299 -0.27701 -0.96059
vn 0.13864 0.3111 -0.94021
vn 0.3301 0.26075 -0.90722
vn 0.15195 -0.8578 0.49101
vn -0.16548 -0.8393 0.51788
vn -0.18624 -0.91591 -0.35556
vn 0.15906 -0.93177 -0.32636
vn 0.19384 0.37985 0.90451
vn -0.04233 -0.31862 0.94694
vn 0.255 -0.36241 0.89646
vn 0.77523 -0.56468 0.28313
vn 0.80797 -0.35644 0.46919
vn 0.92205 0.15679 -0.35389
vn 0.83654 0.00765 -0.54786
vn 0.80736 -0.27878 -0.52005
vn 0.74758 -0.64354 -0.16426
vn 0.97927 -0.2024 -0.00798
vn 0.96973 0.0366 0.24141
vn 0.98564 0.05559 -0.15946
vn 0.70908 0.62664 -0.32329
vn 0.67197 0.59785 0.43707
vn 0.42959 0.16389 -0.88803
vn 0.15281 0.30183 -0.94103
vn 0.39976 0.85033 -0.34225
vn 0.01742 -0.82364 -0.56685
vn -0.25167 -0.76506 -0.59275
vn -0.09654 -0.31006 -0.9458
vn 0.09881 -0.35917 -0.92803
vn 0.26341 -0.43839 0.85932
vn -0.03152 -0.36625 0.92998
vn -0.26215 -0.92404 0.27826
vn 0.07624 -0.96682 0.24382
vn 0.39643 0.78536 0.47545
vn 0.18905 0.2914 0.93773
vn 0.45569 0.18816 0.87002
vn 0.81538 -0.39673 0.42162
vn 0.88954 -0.12365 0.43982
vn 0.82072 -0.20412 -0.53362
vn 0.6888 -0.43023 -0.58349
vn 0.66531 -0.63613 -0.39077
vn 0.68502 -0.72018 0.10994
vn 0.95254 -0.30104 -0.04516
vn 0.83279 0.38315 0.39956
vn 0.78632 0.61409 0.06779
vn 0.22672 0.96037 0.16215
vn 0.3035 0.5232 0.79633
vn 0.17268 0.79272 -0.58462
vn -0.14205 0.76751 -0.6251
vn -0.16735 0.96728 0.19072
vn 0.40176 -0.24915 -0.8812
vn 0.14144 -0.33746 -0.93065
vn -0.02201 0.2471 -0.96874
vn 0.17356 0.30316 -0.937
vn 0.56112 -0.6102 0.55928
vn 0.28244 -0.75438 0.59257
vn 0.31986 -0.90894 -0.26742
vn 0.62122 -0.74316 -0.24858
vn -0.03805 0.48887 0.87153
vn 0.11254 -0.21187 0.9708
vn 0.3928 -0.10595 0.9135
vn 0.94784 -0.07525 0.30974
vn 0.87298 0.12783 0.4707
vn 0.73901 0.54798 -0.3919
vn 0.74041 0.36243 -0.56608
vn 0.85185 0.11341 -0.51136
vn 0.97305 -0.1946 -0.12369
vn 0.95535 0.29524 -0.01171
vn -0.90715 -0.28856 0.30629
vn -0.90632 -0.42065 -0.04033
vn -0.36835 -0.92899 -0.03605
vn -0.3574 -0.68061 0.63956
vn -0.30998 -0.61411 -0.7258
vn -0.00064 -0.6157 -0.78798
vn 0.0458 -0.99831 -0.03564
vn -0.35024 0.58903 -0.72827
vn -0.13482 0.6625 -0.73683
vn -0.0678 0.05089 -0.9964
vn -0.27137 0.03243 -0.96193
vn -0.41097 0.61545 0.67255
vn -0.14607 0.71802 0.68052
vn -0.17339 0.98338 -0.0538
vn -0.42586 0.90351 -0.04801
vn 0.01674 -0.70881 0.7052
vn -0.03943 -0.0123 0.99915
vn -0.35447 -0.03883 0.93426
vn -0.89572 0.31568 0.3131
vn -0.8845 0.00316 0.46654
vn -0.85751 -0.25701 -0.44568
vn -0.80052 0.03984 -0.59798
vn -0.84149 0.31796 -0.43679
vn -0.86768 0.49472 -0.04878
vn -0.99838 0.02359 -0.05176
vn -0.89383 -0.44241 0.07301
vn -0.90054 -0.30753 -0.30733
vn -0.436 -0.64777 -0.62474
vn -0.41038 -0.90664 0.09795
vn -0.34694 0.05622 -0.9362
vn -0.03873 0.0573 -0.99761
vn -0.06061 -0.72688 -0.68409
vn -0.32989 0.91396 -0.23633
vn -0.05698 0.9676 -0.24597
vn -0.03421 0.6563 -0.75373
vn -0.23552 0.62392 -0.74515
vn -0.40832 -0.04351 0.9118
vn -0.10089 -0.02871 0.99448
vn -0.09981 0.77666 0.62196
vn -0.43454 0.70683 0.55818
vn -0.07549 -0.99183 0.10284
vn -0.06079 -0.66871 0.74104
vn -0.35547 -0.64519 0.67629
vn -0.90736 -0.09515 0.40945
vn -0.87754 -0.35462 0.32274
vn -0.84066 0.10606 -0.53108
vn -0.80108 0.35562 -0.48146
vn -0.8545 0.46445 -0.23264
vn -0.90521 0.33941 0.25571
vn -0.99652 -0.03936 -0.07342
vn -0.90534 0.1022 0.4122
vn -0.9839 -0.15591 0.08735
vn -0.66623 -0.70956 0.22949
vn -0.49541 -0.23921 0.83507
vn -0.55945 -0.64968 -0.51472
vn -0.29513 -0.78079 -0.55069
vn -0.33868 -0.90508 0.25715
vn -0.25093 0.33549 -0.90801
vn 0.0043 0.27364 -0.96182
vn -0.15457 -0.31488 -0.93646
vn -0.34087 -0.26489 -0.90202
vn -0.14843 0.85765 0.49236
vn 0.17285 0.84078 0.51305
vn 0.17745 0.91639 -0.3588
vn -0.16558 0.93143 -0.32406
vn -0.1798 -0.38491 0.90527
vn 0.05995 0.3248 0.94388
vn -0.24377 0.36888 0.89694
vn -0.77648 0.56549 0.27805
vn -0.80885 0.36254 0.46295
vn -0.91892 -0.15709 -0.3618
vn -0.83536 -0.01255 -0.54955
vn -0.80753 0.27033 -0.52423
vn -0.74879 0.64091 -0.16895
vn -0.97955 0.19968 -0.02467
vn -0.97235 -0.04031 0.23
vn -0.98294 -0.05738 -0.17477
vn -0.7066 -0.62527 -0.33129
vn -0.67024 -0.60213 0.43385
vn -0.43391 -0.16701 -0.88534
vn -0.16628 -0.30007 -0.93931
vn -0.39987 -0.84446 -0.35636
vn -0.02565 0.82384 -0.56624
vn 0.23972 0.76625 -0.59615
vn 0.07763 0.30457 -0.94932
vn -0.11632 0.35208 -0.92872
vn -0.25486 0.4416 0.86025
vn 0.04796 0.36942 0.92802
vn 0.26545 0.92377 0.27601
vn -0.07598 0.96592 0.24745
vn -0.39106 -0.79444 0.4647
vn -0.17247 -0.2892 0.9416
vn -0.44831 -0.1855 0.87442
vn -0.81636 0.40117 0.41548
vn -0.89131 0.12559 0.43565
vn -0.82156 0.19481 -0.53581
vn -0.69215 0.4193 -0.58747
vn -0.6687 0.63094 -0.39339
vn -0.68771 0.71818 0.10617
vn -0.95273 0.29773 -0.06057
vn -0.83518 -0.38608 0.39168
vn -0.78544 -0.61677 0.05176
vn -0.22333 -0.96207 0.15665
vn -0.29689 -0.52473 0.79782
vn -0.1756 -0.79161 -0.58525
vn 0.12982 -0.76409 -0.63191
vn 0.17454 -0.96848 0.17769
vn -0.41074 0.24195 -0.87906
vn -0.16005 0.32736 -0.93124
vn 0.00333 -0.25332 -0.96738
vn -0.18757 -0.30727 -0.93295
vn -0.55808 0.61316 0.55908
vn -0.27446 0.76325 0.58492
vn -0.3266 0.90339 -0.27788
vn -0.62512 0.73926 -0.25044
vn 0.05789 -0.48966 0.86999
vn -0.09428 0.22059 0.9708
vn -0.38328 0.11137 0.91689
vn -0.95057 0.07571 0.30114
vn -0.87652 -0.1272 0.46425
vn -0.73716 -0.54575 -0.39845
vn -0.73832 -0.36232 -0.56886
vn -0.84891 -0.11663 -0.51551
vn -0.97228 0.1913 -0.13441
vn -0.95422 -0.29742 -0.03165
vn -0.04376 -0.96962 0.24068
vn 0.19064 -0.9759 -0.10615
vn 0.77206 -0.63341 0.05215
vn 0.34811 -0.61927 0.70379
vn 0.64057 -0.38756 -0.66293
vn 0.74516 -0.08417 -0.66156
vn 0.95217 -0.27288 0.13749
vn -0.41516 -0.09628 -0.90464
vn -0.39909 0.16387 -0.90215
vn 0.22107 0.07369 -0.97247
vn 0.18332 -0.12193 -0.97546
vn -0.80095 -0.31397 0.50981
vn -0.81594 -0.02632 0.57754
vn -0.96178 0.13398 -0.23881
vn -0.94493 -0.1764 -0.27567
vn 0.45673 -0.30005 0.83748
vn -0.24662 -0.16267 0.95536
vn -0.27782 -0.44211 0.85285
vn -0.5225 -0.83712 0.16193
vn -0.30395 -0.89566 0.32467
vn 0.14554 -0.82352 -0.54829
vn -0.03247 -0.70554 -0.70793
vn -0.3122 -0.69782 -0.64465
vn -0.63532 -0.72921 -0.25421
vn -0.19966 -0.96155 -0.18855
vn 0.5352 -0.81365 0.22701
vn 0.56439 -0.80474 -0.18401
vn 0.91696 -0.23937 -0.3192
vn 0.86384 -0.24103 0.44236
vn 0.37965 -0.24248 -0.89279
vn 0.33186 0.0594 -0.94146
vn 0.93021 0.15866 -0.33096
vn -0.67779 -0.44673 -0.58398
vn -0.77392 -0.2126 -0.59652
vn -0.30828 -0.0789 -0.94802
vn -0.24901 -0.262 -0.93239
vn -0.25152 -0.47793 0.84162
vn -0.36576 -0.20373 0.90814
vn -0.92105 -0.30625 0.24058
vn -0.78142 -0.58836 0.2079
vn 0.86138 0.10833 0.49627
vn 0.3273 -0.01005 0.94487
vn 0.38532 -0.29263 0.87516
vn 0.06248 -0.9155 0.39744
vn 0.3445 -0.83568 0.42774
vn 0.25289 -0.79132 -0.55665
vn -0.01768 -0.79632 -0.60461
vn -0.20485 -0.88649 -0.41494
vn -0.2739 -0.95917 0.07055
vn 0.21657 -0.97302 -0.07957
vn -0.91028 0.20954 0.35704
vn -0.66048 0.64751 0.38013
vn -0.71787 0.69607 -0.01247
vn -0.97163 0.2359 -0.01706
vn 0.01277 0.1417 0.98983
vn 0.02016 0.61162 0.7909
vn -0.13337 0.59884 0.78968
vn -0.12423 0.12604 0.98422
vn 0.02204 0.9327 0.35997
vn -0.18152 0.91357 0.36392
vn -0.67118 -0.6383 -0.37695
vn -0.23457 -0.90287 -0.36029
vn -0.26035 -0.96542 -0.01364
vn -0.71774 -0.69611 -0.01658
vn -0.17726 -0.00756 -0.98414
vn -0.00986 -0.00408 -0.99994
vn -0.00986 -0.00408 -0.99994
vn -0.17704 -0.02504 -0.98389
vn -0.99967 -0.01982 -0.01641
vn -0.93878 -0.01985 -0.34394
vn -0.93097 -0.10925 -0.34837
vn -0.99303 -0.11662 -0.01718
vn 0.01993 0.99978 -0.00581
vn -0.22733 0.97379 -0.00698
vn 0.01568 0.93606 -0.3515
vn -0.20384 0.91004 -0.36093
vn -0.47378 -0.44804 -0.75815
vn -0.90205 -0.23778 -0.36023
vn -0.60699 -0.18347 -0.77324
vn 0.0056 0.62147 -0.78342
vn -0.15056 0.60356 -0.78297
vn -0.00668 0.13422 -0.99093
vn -0.14207 0.11815 -0.98278
vn -0.17124 -0.60427 -0.77816
vn -0.90859 0.20389 -0.36455
vn -0.67008 0.63489 -0.38458
vn -0.46971 0.43928 -0.76577
vn -0.60764 0.15665 -0.77861
vn -0.63889 -0.01576 -0.76913
vn -0.63497 0.04676 -0.77112
vn -0.1766 0.00998 -0.98423
vn -0.63416 -0.07778 -0.76928
vn -0.93405 0.07034 -0.35015
vn -0.14519 -0.12912 -0.98094
vn -0.96313 -0.26839 -0.01867
vn -0.01278 -0.1417 -0.98983
vn -0.02041 -0.62245 -0.78239
vn -0.02247 -0.93397 -0.35666
vn -0.01992 -0.99972 -0.01292
vn -0.01596 -0.93475 0.35496
vn -0.21502 -0.91008 0.3543
vn -0.00544 -0.61048 0.79201
vn -0.15611 -0.5971 0.78683
vn 0.00667 -0.13422 0.99093
vn -0.12768 -0.12216 0.98426
vn -0.90566 -0.23867 0.35046
vn -0.66513 -0.65026 0.36711
vn -0.45717 -0.44561 0.76969
vn -0.59493 -0.17726 0.78399
vn -0.99683 0.07787 -0.01651
vn -0.15987 0.0004 0.98714
vn -0.62819 -0.00973 0.778
vn -0.62341 -0.07173 0.7786
vn -0.15973 -0.01729 0.98701
vn -0.9424 -0.01733 0.33403
vn -0.93483 -0.10772 0.33835
vn -0.00986 -0.00408 -0.99994
vn 0.00986 0.00408 0.99994
vn 0.00986 0.00408 0.99994
vn -0.44974 0.44195 0.77615
vn -0.59305 0.16179 0.78874
vn -0.15911 0.01815 0.98709
vn -0.62323 0.05275 0.78026
vn -0.93713 0.07389 0.34107
vn 0.00986 0.00408 0.99994
vn 0.90092 0.23838 0.36265
vn 0.9633 0.26843 -0.00055
vn 0.7179 0.69615 -0.00119
vn 0.66346 0.64632 0.37695
vn 0.14518 0.12913 0.98094
vn 0.16839 0.59627 0.78493
vn 0.21985 0.90604 0.36161
vn 0.66848 -0.63915 -0.38029
vn 0.71794 -0.69608 -0.00596
vn 0.22695 -0.97386 -0.00988
vn 0.19686 -0.9108 -0.36289
vn 0.15987 -0.0004 -0.98714
vn 0.15911 -0.01815 -0.98709
vn 0.9998 0.01976 0.0012
vn 0.99696 -0.07796 0.00017
vn 0.93806 -0.07395 -0.33849
vn 0.94325 0.01737 -0.33164
vn 0.26007 0.96558 -0.00293
vn 0.22984 0.90705 -0.35274
vn 0.46232 -0.44509 -0.76691
vn 0.60293 -0.16512 -0.78052
vn 0.91151 -0.20882 -0.35432
vn 0.15908 0.60528 -0.77996
vn 0.12767 0.12217 -0.98426
vn 0.13622 -0.60707 -0.78289
vn 0.90688 0.23806 -0.3477
vn 0.67299 0.64234 -0.36671
vn 0.46917 0.44887 -0.76053
vn 0.60461 0.18093 -0.7757
vn 0.15973 0.01729 -0.98701
vn 0.63196 0.07316 -0.77154
vn 0.63639 0.00991 -0.7713
vn 0.63184 -0.0538 -0.77323
vn 0.93575 0.10786 -0.33577
vn 0.12422 -0.12605 -0.98422
vn 0.97174 -0.23606 -0.00256
vn 0.1884 -0.91301 0.36183
vn 0.14786 -0.59525 0.78982
vn 0.14206 -0.11816 0.98278
vn 0.90746 -0.20461 0.36694
vn 0.66204 -0.64349 0.38422
vn 0.45746 -0.43625 0.77487
vn 0.59807 -0.15331 0.78664
vn 0.99318 0.11659 0.00098
vn 0.17726 0.00756 0.98413
vn 0.1766 -0.00998 0.98423
vn 0.62665 -0.04567 0.77796
vn 0.63098 0.01563 0.77564
vn 0.93319 -0.07027 0.35245
vn 0.938 0.01983 0.34607
vn 0.46216 0.44499 0.76707
vn 0.59767 0.17996 0.78128
vn 0.62593 0.07645 0.77612
vn 0.17704 0.02504 0.98389
vn 0.93012 0.10913 0.35067
usemtl mat0
f 1122//1376 1123//1377 1124//1378
f 1124//1378 1125//1379 1122//1376
f 1126//1380 1127//1381 1128//1382
f 1128//1382 1129//1383 1126//1380
f 1130//1384 1131//1385 1132//1386
f 1132//1386 1133//1387 1130//1384
f 1128//1382 1127//1381 1134//1388
f 1134//1388 1135//1389 1128//1382
f 1136//1390 1137//1391 1138//1392
f 1138//1392 1139//1393 1136//1390
f 1140//1394 1141//1395 1142//1396
f 1142//1396 1143//1397 1140//1394
f 1144//1398 1145//1399 1146//1400
f 1146//1400 1139//1393 1144//1398
f 1147//1401 1148//1402 1149//1403
f 1149//1403 1125//1379 1147//1401
f 1146//1400 1145//1399 1150//1404
f 1150//1404 1151//1405 1146//1400
f 1152//1406 1153//1407 1154//1408
f 1154//1408 1155//1409 1152//1406
f 1156//1410 1157//1411 1158//1412
f 1158//1412 1159//1413 1156//1410
f 1133//1387 1152//1406 1160//1414
f 1160//1414 1130//1384 1133//1387
f 1161//1415 1162//1416 1163//1417
f 1122//1376 1161//1415 1163//1417
f 1123//1377 1122//1376 1163//1417
f 1163//1417 1135//1389 1164//1418
f 1123//1377 1163//1417 1164//1418
f 1123//1377 1164//1418 1165//1419
f 1166//1420 1128//1382 1135//1389
f 1135//1389 1163//1417 1166//1420
f 1164//1418 1167//1421 1168//1422
f 1168//1422 1165//1419 1164//1418
f 1169//1423 1170//1424 1131//1385
f 1131//1385 1130//1384 1169//1423
f 1171//1425 1172//1426 1173//1427
f 1173//1427 1174//1428 1171//1425
f 1160//1414 1144//1398 1139//1393
f 1139//1393 1138//1392 1160//1414
f 1143//1397 1142//1396 1133//1387
f 1133//1387 1132//1386 1143//1397
f 1175//1429 1167//1421 1174//1428
f 1174//1428 1176//1430 1175//1429
f 1136//1390 1134//1388 1127//1381
f 1127//1381 1137//1391 1136//1390
f 1166//1420 1163//1417 1162//1416
f 1162//1416 1177//1431 1166//1420
f 1131//1385 1150//1404 1159//1413
f 1159//1413 1132//1386 1131//1385
f 1157//1411 1156//1410 1145//1399
f 1143//1397 1158//1412 1157//1411
f 1157//1411 1140//1394 1143//1397
f 1155//1409 1154//1408 1141//1395
f 1155//1409 1141//1395 1140//1394
f 1157//1411 1155//1409 1140//1394
f 1130//1384 1160//1414 1138//1392
f 1138//1392 1169//1423 1130//1384
f 1138//1392 1137//1391 1178//1432
f 1178//1432 1169//1423 1138//1392
f 1174//1428 1173//1427 1179//1433
f 1179//1433 1176//1430 1174//1428
f 1144//1398 1155//1409 1157//1411
f 1157//1411 1145//1399 1144//1398
f 1148//1402 1166//1420 1177//1431
f 1177//1431 1149//1403 1148//1402
f 1165//1419 1168//1422 1124//1378
f 1124//1378 1123//1377 1165//1419
f 1149//1403 1177//1431 1162//1416
f 1162//1416 1161//1415 1149//1403
f 1153//1407 1152//1406 1133//1387
f 1133//1387 1142//1396 1153//1407
f 1129//1383 1175//1429 1176//1430
f 1176//1430 1126//1380 1129//1383
f 1173//1427 1151//1405 1170//1424
f 1170//1424 1179//1433 1173//1427
f 1145//1399 1156//1410 1159//1413
f 1159//1413 1150//1404 1145//1399
f 1124//1378 1168//1422 1147//1401
f 1147//1401 1125//1379 1124//1378
f 1132//1386 1159//1413 1158//1412
f 1158//1412 1143//1397 1132//1386
f 1129//1383 1128//1382 1166//1420
f 1166//1420 1148//1402 1129//1383
f 1146//1400 1151//1405 1173//1427
f 1173//1427 1172//1426 1146//1400
f 1170//1424 1151//1405 1150//1404
f 1150//1404 1131//1385 1170//1424
f 1172//1426 1136//1390 1139//1393
f 1139//1393 1146//1400 1172//1426
f 1135//1389 1134//1388 1171//1425
f 1171//1425 1164//1418 1135//1389
f 1179//1433 1170//1424 1169//1423
f 1169//1423 1178//1432 1179//1433
f 1141//1395 1154//1408 1153//1407
f 1153//1407 1142//1396 1141//1395
f 1152//1406 1155//1409 1144//1398
f 1144//1398 1160//1414 1152//1406
f 1147//1401 1168//1422 1167//1421
f 1167//1421 1175//1429 1147//1401
f 1125//1379 1149//1403 1161//1415
f 1161//1415 1122//1376 1125//1379
f 1171//1425 1174//1428 1167//1421
f 1167//1421 1164//1418 1171//1425
f 1137//1391 1127//1381 1126//1380
f 1126//1380 1178//1432 1137//1391
f 1148//1402 1147//1401 1175//1429
f 1175//1429 1129//1383 1148//1402
f 1172//1426 1171//1425 1134//1388
f 1134//1388 1136//1390 1172//1426
f 1176//1430 1179//1433 1178//1432
f 1178//1432 1126//1380 1176//1430
f 1180//1434 1181//1435 1182//1436
f 1182//1436 1183//1437 1180//1434
f 1184//1438 1185//1439 1186//1440
f 1186//1440 1182//1436 1184//1438
f 1187//1441 1188//1442 1189//1443
f 1189//1443 1190//1444 1187//1441
f 1191//1445 1192//1446 1193//1447
f 1193//1447 1194//1448 1191//1445
f 1183//1437 1195//1449 1196//1450
f 1196//1450 1197//1451 1183//1437
f 1198//1452 1199//1453 1197//1451
f 1197//1451 1191//1445 1198//1452
f 1200//1454 1201//1455 1190//1444
f 1190//1444 1184//1438 1200//1454
f 1202//1456 1203//1457 1194//1448
f 1194//1448 1187//1441 1202//1456
f 1198//1452 1203//1457 1204//1458
f 1204//1458 1199//1453 1198//1452
f 1199//1453 1204//1458 1181//1435
f 1181//1435 1180//1434 1199//1453
f 1201//1455 1202//1456 1187//1441
f 1187//1441 1190//1444 1201//1455
f 1199//1453 1180//1434 1183//1437
f 1183//1437 1197//1451 1199//1453
f 1197//1451 1196//1450 1192//1446
f 1192//1446 1191//1445 1197//1451
f 1190//1444 1189//1443 1185//1439
f 1185//1439 1184//1438 1190//1444
f 1204//1458 1201//1455 1200//1454
f 1200//1454 1181//1435 1204//1458
f 1203//1457 1202//1456 1201//1455
f 1201//1455 1204//1458 1203//1457
f 1203//1457 1198//1452 1191//1445
f 1191//1445 1194//1448 1203//1457
f 1194//1448 1193//1447 1188//1442
f 1188//1442 1187//1441 1194//1448
f 1182//1436 1186//1440 1195//1449
f 1195//1449 1183//1437 1182//1436
f 1181//1435 1200//1454 1184//1438
f 1184//1438 1182//1436 1181//1435
f 1205//1459 1206//1460 1207//1461
f 1207//1461 1208//1462 1205//1459
f 1209//1463 1210//1464 1211//1465
f 1211//1465 1207//1461 1209//1463
f 1212//1466 1213//1467 1214//1468
f 1214//1468 1215//1469 1212//1466
f 1216//1470 1217//1471 1218//1472
f 1218//1472 1219//1473 1216//1470
f 1208//1462 1220//1474 1221//1475
f 1221//1475 1222//1476 1208//1462
f 1223//1477 1224//1478 1222//1476
f 1222//1476 1216//1470 1223//1477
f 1225//1479 1226//1480 1215//1469
f 1215//1469 1209//1463 1225//1479
f 1227//1481 1228//1482 1219//1473
f 1219//1473 1212//1466 1227//1481
f 1223//1477 1228//1482 1229//1483
f 1229//1483 1224//1478 1223//1477
f 1224//1478 1229//1483 1206//1460
f 1206//1460 1205//1459 1224//1478
f 1226//1480 1227//1481 1212//1466
f 1212//1466 1215//1469 1226//1480
f 1224//1478 1205//1459 1208//1462
f 1208//1462 1222//1476 1224//1478
f 1222//1476 1221//1475 1217//1471
f 1217//1471 1216//1470 1222//1476
f 1215//1469 1214//1468 1210//1464
f 1210//1464 1209//1463 1215//1469
f 1229//1483 1226//1480 1225//1479
f 1225//1479 1206//1460 1229//1483
f 1228//1482 1227//1481 1226//1480
f 1226//1480 1229//1483 1228//1482
f 1228//1482 1223//1477 1216//1470
f 1216//1470 1219//1473 1228//1482
f 1219//1473 1218//1472 1213//1467
f 1213//1467 1212//1466 1219//1473
f 1207//1461 1211//1465 1220//1474
f 1220//1474 1208//1462 1207//1461
f 1206//1460 1225//1479 1209//1463
f 1209//1463 1207//1461 1206//1460
f 1230//1484 1231//1485 1232//1486
f 1232//1486 1233//1487 1230//1484
f 1234//1488 1235//1489 1236//1490
f 1236//1490 1232//1486 1234//1488
f 1237//1491 1238//1492 1239//1493
f 1239//1493 1240//1494 1237//1491
f 1241//1495 1242//1496 1243//1497
f 1243//1497 1244//1498 1241//1495
f 1233//1487 1245//1499 1246//1500
f 1246//1500 1247//1501 1233//1487
f 1248//1502 1249//1503 1247//1501
f 1247//1501 1241//1495 1248//1502
f 1250//1504 1251//1505 1240//1494
f 1240//1494 1234//1488 1250//1504
f 1252//1506 1253//1507 1244//1498
f 1244//1498 1237//1491 1252//1506
f 1248//1502 1253//1507 1254//1508
f 1254//1508 1249//1503 1248//1502
f 1249//1503 1254//1508 1231//1485
f 1231//1485 1230//1484 1249//1503
f 1251//1505 1252//1506 1237//1491
f 1237//1491 1240//1494 1251//1505
f 1249//1503 1230//1484 1233//1487
f 1233//1487 1247//1501 1249//1503
f 1247//1501 1246//1500 1242//1496
f 1242//1496 1241//1495 1247//1501
f 1240//1494 1239//1493 1235//1489
f 1235//1489 1234//1488 1240//1494
f 1254//1508 1251//1505 1250//1504
f 1250//1504 1231//1485 1254//1508
f 1253//1507 1252//1506 1251//1505
f 1251//1505 1254//1508 1253//1507
f 1253//1507 1248//1502 1241//1495
f 1241//1495 1244//1498 1253//1507
f 1244//1498 1243//1497 1238//1492
f 1238//1492 1237//1491 1244//1498
f 1232//1486 1236//1490 1245//1499
f 1245//1499 1233//1487 1232//1486
f 1231//1485 1250//1504 1234//1488
f 1234//1488 1232//1486 1231//1485
f 1255//1509 1256//1510 1257//1511
f 1257//1511 1258//1512 1255//1509
f 1259//1513 1260//1514 1261//1515
f 1261//1515 1257//1511 1259//1513
f 1262//1516 1263//1517 1264//1518
f 1264//1518 1265//1519 1262//1516
f 1266//1520 1267//1521 1268//1522
f 1268//1522 1269//1523 1266//1520
f 1258//1512 1270//1524 1271//1525
f 1271//1525 1272//1526 1258//1512
f 1273//1527 1274//1528 1272//1526
f 1272//1526 1266//1520 1273//1527
f 1275//1529 1276//1530 1265//1519
f 1265//1519 1259//1513 1275//1529
f 1277//1531 1278//1532 1269//1523
f 1269//1523 1262//1516 1277//1531
f 1273//1527 1278//1532 1279//1533
f 1279//1533 1274//1528 1273//1527
f 1274//1528 1279//1533 1256//1510
f 1256//1510 1255//1509 1274//1528
f 1276//1530 1277//1531 1262//1516
f 1262//1516 1265//1519 1276//1530
f 1274//1528 1255//1509 1258//1512
f 1258//1512 1272//1526 1274//1528
f 1272//1526 1271//1525 1267//1521
f 1267//1521 1266//1520 1272//1526
f 1265//1519 1264//1518 1260//1514
f 1260//1514 1259//1513 1265//1519
f 1279//1533 1276//1530 1275//1529
f 1275//1529 1256//1510 1279//1533
f 1278//1532 1277//1531 1276//1530
f 1276//1530 1279//1533 1278//1532
f 1278//1532 1273//1527 1266//1520
f 1266//1520 1269//1523 1278//1532
f 1269//1523 1268//1522 1263//1517
f 1263//1517 1262//1516 1269//1523
f 1257//1511 1261//1515 1270//1524
f 1270//1524 1258//1512 1257//1511
f 1256//1510 1275//1529 1259//1513
f 1259//1513 1257//1511 1256//1510
f 1280//1534 1281//1535 1282//1536
f 1282//1536 1283//1537 1280//1534
f 1284//1538 1285//1539 1286//1540
f 1286//1540 1282//1536 1284//1538
f 1287//1541 1288//1542 1289//1543
f 1289//1543 1290//1544 1287//1541
f 1291//1545 1292//1546 1293//1547
f 1293//1547 1294//1548 1291//1545
f 1283//1537 1295//1549 1296//1550
f 1296//1550 1297//1551 1283//1537
f 1298//1552 1299//1553 1297//1551
f 1297//1551 1291//1545 1298//1552
f 1300//1554 1301//1555 1290//1544
f 1290//1544 1284//1538 1300//1554
f 1302//1556 1303//1557 1294//1548
f 1294//1548 1287//1541 1302//1556
f 1298//1552 1303//1557 1304//1558
f 1304//1558 1299//1553 1298//1552
f 1299//1553 1304//1558 1281//1535
f 1281//1535 1280//1534 1299//1553
f 1301//1555 1302//1556 1287//1541
f 1287//1541 1290//1544 1301//1555
f 1299//1553 1280//1534 1283//1537
f 1283//1537 1297//1551 1299//1553
f 1297//1551 1296//1550 1292//1546
f 1292//1546 1291//1545 1297//1551
f 1290//1544 1289//1543 1285//1539
f 1285//1539 1284//1538 1290//1544
f 1304//1558 1301//1555 1300//1554
f 1300//1554 1281//1535 1304//1558
f 1303//1557 1302//1556 1301//1555
f 1301//1555 1304//1558 1303//1557
f 1303//1557 1298//1552 1291//1545
f 1291//1545 1294//1548 1303//1557
f 1294//1548 1293//1547 1288//1542
f 1288//1542 1287//1541 1294//1548
f 1282//1536 1286//1540 1295//1549
f 1295//1549 1283//1537 1282//1536
f 1281//1535 1300//1554 1284//1538
f 1284//1538 1282//1536 1281//1535
f 1305//1559 1306//1560 1307//1561
f 1307//1561 1308//1562 1305//1559
f 1309//1563 1310//1564 1311//1565
f 1311//1565 1307//1561 1309//1563
f 1312//1566 1313//1567 1314//1568
f 1314//1568 1315//1569 1312//1566
f 1316//1570 1317//1571 1318//1572
f 1318//1572 1319//1573 1316//1570
f 1308//1562 1320//1574 1321//1575
f 1321//1575 1322//1576 1308//1562
f 1323//1577 1324//1578 1322//1576
f 1322//1576 1316//1570 1323//1577
f 1325//1579 1326//1580 1315//1569
f 1315//1569 1309//1563 1325//1579
f 1327//1581 1328//1582 1319//1573
f 1319//1573 1312//1566 1327//1581
f 1323//1577 1328//1582 1329//1583
f 1329//1583 1324//1578 1323//1577
f 1324//1578 1329//1583 1306//1560
f 1306//1560 1305//1559 1324//1578
f 1326//1580 1327//1581 1312//1566
f 1312//1566 1315//1569 1326//1580
f 1324//1578 1305//1559 1308//1562
f 1308//1562 1322//1576 1324//1578
f 1322//1576 1321//1575 1317//1571
f 1317//1571 1316//1570 1322//1576
f 1315//1569 1314//1568 1310//1564
f 1310//1564 1309//1563 1315//1569
f 1329//1583 1326//1580 1325//1579
f 1325//1579 1306//1560 1329//1583
f 1328//1582 1327//1581 1326//1580
f 1326//1580 1329//1583 1328//1582
f 1328//1582 1323//1577 1316//1570
f 1316//1570 1319//1573 1328//1582
f 1319//1573 1318//1572 1313//1567
f 1313//1567 1312//1566 1319//1573
f 1307//1561 1311//1565 1320//1574
f 1320//1574 1308//1562 1307//1561
f 1306//1560 1325//1579 1309//1563
f 1309//1563 1307//1561 1306//1560
f 1330//1584 1331//1585 1332//1586
f 1332//1586 1333//1587 1330//1584
f 1334//1588 1335//1589 1336//1590
f 1336//1590 1332//1586 1334//1588
f 1337//1591 1338//1592 1339//1593
f 1339//1593 1340//1594 1337//1591
f 1341//1595 1342//1596 1343//1597
f 1343//1597 1344//1598 1341//1595
f 1333//1587 1345//1599 1346//1600
f 1346//1600 1347//1601 1333//1587
f 1348//1602 1349//1603 1347//1601
f 1347//1601 1341//1595 1348//1602
f 1350//1604 1351//1605 1340//1594
f 1340//1594 1334//1588 1350//1604
f 1352//1606 1353//1607 1344//1598
f 1344//1598 1337//1591 1352//1606
f 1348//1602 1353//1607 1354//1608
f 1354//1608 1349//1603 1348//1602
f 1349//1603 1354//1608 1331//1585
f 1331//1585 1330//1584 1349//1603
f 1351//1605 1352//1606 1337//1591
f 1337//1591 1340//1594 1351//1605
f 1349//1603 1330//1584 1333//1587
f 1333//1587 1347//1601 1349//1603
f 1347//1601 1346//1600 1342//1596
f 1342//1596 1341//1595 1347//1601
f 1340//1594 1339//1593 1335//1589
f 1335//1589 1334//1588 1340//1594
f 1354//1608 1351//1605 1350//1604
f 1350//1604 1331//1585 1354//1608
f 1353//1607 1352//1606 1351//1605
f 1351//1605 1354//1608 1353//1607
f 1353//1607 1348//1602 1341//1595
f 1341//1595 1344//1598 1353//1607
f 1344//1598 1343//1597 1338//1592
f 1338//1592 1337//1591 1344//1598
f 1332//1586 1336//1590 1345//1599
f 1345//1599 1333//1587 1332//1586
f 1331//1585 1350//1604 1334//1588
f 1334//1588 1332//1586 1331//1585
f 1355//1609 1356//1610 1357//1611
f 1357//1611 1358//1612 1355//1609
f 1359//1613 1360//1614 1361//1615
f 1361//1615 1357//1611 1359//1613
f 1362//1616 1363//1617 1364//1618
f 1364//1618 1365//1619 1362//1616
f 1366//1620 1367//1621 1368//1622
f 1368//1622 1369//1623 1366//1620
f 1358//1612 1370//1624 1371//1625
f 1371//1625 1372//1626 1358//1612
f 1373//1627 1374//1628 1372//1626
f 1372//1626 1366//1620 1373//1627
f 1375//1629 1376//1630 1365//1619
f 1365//1619 1359//1613 1375//1629
f 1377//1631 1378//1632 1369//1623
f 1369//1623 1362//1616 1377//1631
f 1373//1627 1378//1632 1379//1633
f 1379//1633 1374//1628 1373//1627
f 1374//1628 1379//1633 1356//1610
f 1356//1610 1355//1609 1374//1628
f 1376//1630 1377//1631 1362//1616
f 1362//1616 1365//1619 1376//1630
f 1374//1628 1355//1609 1358//1612
f 1358//1612 1372//1626 1374//1628
f 1372//1626 1371//1625 1367//1621
f 1367//1621 1366//1620 1372//1626
f 1365//1619 1364//1618 1360//1614
f 1360//1614 1359//1613 1365//1619
f 1379//1633 1376//1630 1375//1629
f 1375//1629 1356//1610 1379//1633
f 1378//1632 1377//1631 1376//1630
f 1376//1630 1379//1633 1378//1632
f 1378//1632 1373//1627 1366//1620
f 1366//1620 1369//1623 1378//1632
f 1369//1623 1368//1622 1363//1617
f 1363//1617 1362//1616 1369//1623
f 1357//1611 1361//1615 1370//1624
f 1370//1624 1358//1612 1357//1611
f 1356//1610 1375//1629 1359//1613
f 1359//1613 1357//1611 1356//1610
f 1380//1634 1381//1635 1382//1636
f 1382//1636 1383//1637 1380//1634
f 1384//1638 1385//1639 1386//1640
f 1386//1640 1382//1636 1384//1638
f 1387//1641 1388//1642 1389//1643
f 1389//1643 1390//1644 1387//1641
f 1391//1645 1392//1646 1393//1647
f 1393//1647 1394//1648 1391//1645
f 1383//1637 1395//1649 1396//1650
f 1396//1650 1397//1651 1383//1637
f 1398//1652 1399//1653 1397//1651
f 1397//1651 1391//1645 1398//1652
f 1400//1654 1401//1655 1390//1644
f 1390//1644 1384//1638 1400//1654
f 1402//1656 1403//1657 1394//1648
f 1394//1648 1387//1641 1402//1656
f 1398//1652 1403//1657 1404//1658
f 1404//1658 1399//1653 1398//1652
f 1399//1653 1404//1658 1381//1635
f 1381//1635 1380//1634 1399//1653
f 1401//1655 1402//1656 1387//1641
f 1387//1641 1390//1644 1401//1655
f 1399//1653 1380//1634 1383//1637
f 1383//1637 1397//1651 1399//1653
f 1397//1651 1396//1650 1392//1646
f 1392//1646 1391//1645 1397//1651
f 1390//1644 1389//1643 1385//1639
f 1385//1639 1384//1638 1390//1644
f 1404//1658 1401//1655 1400//1654
f 1400//1654 1381//1635 1404//1658
f 1403//1657 1402//1656 1401//1655
f 1401//1655 1404//1658 1403//1657
f 1403//1657 1398//1652 1391//1645
f 1391//1645 1394//1648 1403//1657
f 1394//1648 1393//1647 1388//1642
f 1388//1642 1387//1641 1394//1648
f 1382//1636 1386//1640 1395//1649
f 1395//1649 1383//1637 1382//1636
f 1381//1635 1400//1654 1384//1638
f 1384//1638 1382//1636 1381//1635
f 1405//1659 1406//1660 1407//1661
f 1407//1661 1408//1662 1405//1659
f 1409//1663 1410//1664 1411//1665
f 1411//1665 1407//1661 1409//1663
f 1412//1666 1413//1667 1414//1668
f 1414//1668 1415//1669 1412//1666
f 1416//1670 1417//1671 1418//1672
f 1418//1672 1419//1673 1416//1670
f 1408//1662 1420//1674 1421//1675
f 1421//1675 1422//1676 1408//1662
f 1423//1677 1424//1678 1422//1676
f 1422//1676 1416//1670 1423//1677
f 1425//1679 1426//1680 1415//1669
f 1415//1669 1409//1663 1425//1679
f 1427//1681 1428//1682 1419//1673
f 1419//1673 1412//1666 1427//1681
f 1423//1677 1428//1682 1429//1683
f 1429//1683 1424//1678 1423//1677
f 1424//1678 1429//1683 1406//1660
f 1406//1660 1405//1659 1424//1678
f 1426//1680 1427//1681 1412//1666
f 1412//1666 1415//1669 1426//1680
f 1424//1678 1405//1659 1408//1662
f 1408//1662 1422//1676 1424//1678
f 1422//1676 1421//1675 1417//1671
f 1417//1671 1416//1670 1422//1676
f 1415//1669 1414//1668 1410//1664
f 1410//1664 1409//1663 1415//1669
f 1429//1683 1426//1680 1425//1679
f 1425//1679 1406//1660 1429//1683
f 1428//1682 1427//1681 1426//1680
f 1426//1680 1429//1683 1428//1682
f 1428//1682 1423//1677 1416//1670
f 1416//1670 1419//1673 1428//1682
f 1419//1673 1418//1672 1413//1667
f 1413//1667 1412//1666 1419//1673
f 1407//1661 1411//1665 1420//1674
f 1420//1674 1408//1662 1407//1661
f 1406//1660 1425//1679 1409//1663
f 1409//1663 1407//1661 1406//1660
f 1430//1684 1431//1685 1432//1686
f 1432//1686 1433//1687 1430//1684
f 1434//1688 1435//1689 1436//1690
f 1436//1690 1432//1686 1434//1688
f 1437//1691 1438//1692 1439//1693
f 1439//1693 1440//1694 1437//1691
f 1441//1695 1442//1696 1443//1697
f 1443//1697 1444//1698 1441//1695
f 1433//1687 1445//1699 1446//1700
f 1446//1700 1447//1701 1433//1687
f 1448//1702 1449//1703 1447//1701
f 1447//1701 1441//1695 1448//1702
f 1450//1704 1451//1705 1440//1694
f 1440//1694 1434//1688 1450//1704
f 1452//1706 1453//1707 1444//1698
f 1444//1698 1437//1691 1452//1706
f 1448//1702 1453//1707 1454//1708
f 1454//1708 1449//1703 1448//1702
f 1449//1703 1454//1708 1431//1685
f 1431//1685 1430//1684 1449//1703
f 1451//1705 1452//1706 1437//1691
f 1437//1691 1440//1694 1451//1705
f 1449//1703 1430//1684 1433//1687
f 1433//1687 1447//1701 1449//1703
f 1447//1701 1446//1700 1442//1696
f 1442//1696 1441//1695 1447//1701
f 1440//1694 1439//1693 1435//1689
f 1435//1689 1434//1688 1440//1694
f 1454//1708 1451//1705 1450//1704
f 1450//1704 1431//1685 1454//1708
f 1453//1707 1452//1706 1451//1705
f 1451//1705 1454//1708 1453//1707
f 1453//1707 1448//1702 1441//1695
f 1441//1695 1444//1698 1453//1707
f 1444//1698 1443//1697 1438//1692
f 1438//1692 1437//1691 1444//1698
f 1432//1686 1436//1690 1445//1699
f 1445//1699 1433//1687 1432//1686
f 1431//1685 1450//1704 1434//1688
f 1434//1688 1432//1686 1431//1685
f 1455//1709 1456//1710 1457//1711
f 1457//1711 1458//1712 1455//1709
f 1459//1713 1460//1714 1461//1715
f 1461//1715 1457//1711 1459//1713
f 1462//1716 1463//1717 1464//1718
f 1464//1718 1465//1719 1462//1716
f 1466//1720 1467//1721 1468//1722
f 1468//1722 1469//1723 1466//1720
f 1458//1712 1470//1724 1471//1725
f 1471//1725 1472//1726 1458//1712
f 1473//1727 1474//1728 1472//1726
f 1472//1726 1466//1720 1473//1727
f 1475//1729 1476//1730 1465//1719
f 1465//1719 1459//1713 1475//1729
f 1477//1731 1478//1732 1469//1723
f 1469//1723 1462//1716 1477//1731
f 1473//1727 1478//1732 1479//1733
f 1479//1733 1474//1728 1473//1727
f 1474//1728 1479//1733 1456//1710
f 1456//1710 1455//1709 1474//1728
f 1476//1730 1477//1731 1462//1716
f 1462//1716 1465//1719 1476//1730
f 1474//1728 1455//1709 1458//1712
f 1458//1712 1472//1726 1474//1728
f 1472//1726 1471//1725 1467//1721
f 1467//1721 1466//1720 1472//1726
f 1465//1719 1464//1718 1460//1714
f 1460//1714 1459//1713 1465//1719
f 1479//1733 1476//1730 1475//1729
f 1475//1729 1456//1710 1479//1733
f 1478//1732 1477//1731 1476//1730
f 1476//1730 1479//1733 1478//1732
f 1478//1732 1473//1727 1466//1720
f 1466//1720 1469//1723 1478//1732
f 1469//1723 1468//1722 1463//1717
f 1463//1717 1462//1716 1469//1723
f 1457//1711 1461//1715 1470//1724
f 1470//1724 1458//1712 1457//1711
f 1456//1710 1475//1729 1459//1713
f 1459//1713 1457//1711 1456//1710
f 1480//1734 1481//1735 1482//1736
f 1482//1736 1483//1737 1480//1734
f 1484//1738 1485//1739 1486//1740
f 1486//1740 1482//1736 1484//1738
f 1487//1741 1488//1742 1489//1743
f 1489//1743 1490//1744 1487//1741
f 1491//1745 1492//1746 1493//1747
f 1493//1747 1494//1748 1491//1745
f 1483//1737 1495//1749 1496//1750
f 1496//1750 1497//1751 1483//1737
f 1498//1752 1499//1753 1497//1751
f 1497//1751 1491//1745 1498//1752
f 1500//1754 1501//1755 1490//1744
f 1490//1744 1484//1738 1500//1754
f 1502//1756 1503//1757 1494//1748
f 1494//1748 1487//1741 1502//1756
f 1498//1752 1503//1757 1504//1758
f 1504//1758 1499//1753 1498//1752
f 1499//1753 1504//1758 1481//1735
f 1481//1735 1480//1734 1499//1753
f 1501//1755 1502//1756 1487//1741
f 1487//1741 1490//1744 1501//1755
f 1499//1753 1480//1734 1483//1737
f 1483//1737 1497//1751 1499//1753
f 1497//1751 1496//1750 1492//1746
f 1492//1746 1491//1745 1497//1751
f 1490//1744 1489//1743 1485//1739
f 1485//1739 1484//1738 1490//1744
f 1504//1758 1501//1755 1500//1754
f 1500//1754 1481//1735 1504//1758
f 1503//1757 1502//1756 1501//1755
f 1501//1755 1504//1758 1503//1757
f 1503//1757 1498//1752 1491//1745
f 1491//1745 1494//1748 1503//1757
f 1494//1748 1493//1747 1488//1742
f 1488//1742 1487//1741 1494//1748
f 1482//1736 1486//1740 1495//1749
f 1495//1749 1483//1737 1482//1736
f 1481//1735 1500//1754 1484//1738
f 1484//1738 1482//1736 1481//1735
f 1505//1759 1506//1760 1507//1761
f 1507//1761 1508//1762 1505//1759
f 1509//1763 1510//1764 1511//1765
f 1511//1765 1507//1761 1509//1763
f 1512//1766 1513//1767 1514//1768
f 1514//1768 1515//1769 1512//1766
f 1516//1770 1517//1771 1518//1772
f 1518//1772 1519//1773 1516//1770
f 1508//1762 1520//1774 1521//1775
f 1521//1775 1522//1776 1508//1762
f 1523//1777 1524//1778 1522//1776
f 1522//1776 1516//1770 1523//1777
f 1525//1779 1526//1780 1515//1769
f 1515//1769 1509//1763 1525//1779
f 1527//1781 1528//1782 1519//1773
f 1519//1773 1512//1766 1527//1781
f 1523//1777 1528//1782 1529//1783
f 1529//1783 1524//1778 1523//1777
f 1524//1778 1529//1783 1506//1760
f 1506//1760 1505//1759 1524//1778
f 1526//1780 1527//1781 1512//1766
f 1512//1766 1515//1769 1526//1780
f 1524//1778 1505//1759 1508//1762
f 1508//1762 1522//1776 1524//1778
f 1522//1776 1521//1775 1517//1771
f 1517//1771 1516//1770 1522//1776
f 1515//1769 1514//1768 1510//1764
f 1510//1764 1509//1763 1515//1769
f 1529//1783 1526//1780 1525//1779
f 1525//1779 1506//1760 1529//1783
f 1528//1782 1527//1781 1526//1780
f 1526//1780 1529//1783 1528//1782
f 1528//1782 1523//1777 1516//1770
f 1516//1770 1519//1773 1528//1782
f 1519//1773 1518//1772 1513//1767
f 1513//1767 1512//1766 1519//1773
f 1507//1761 1511//1765 1520//1774
f 1520//1774 1508//1762 1507//1761
f 1506//1760 1525//1779 1509//1763
f 1509//1763 1507//1761 1506//1760
f 1530//1784 1531//1785 1532//1786
f 1532//1786 1533//1787 1530//1784
f 1534//1788 1535//1789 1536//1790
f 1536//1790 1537//1791 1534//1788
f 1535//1789 1538//1792 1539//1793
f 1539//1793 1536//1790 1535//1789
f 1540//1794 1541//1795 1542//1796
f 1542//1796 1543//1797 1540//1794
f 1544//1798 1545//1799 1546//1800
f 1546//1800 1547//1801 1544//1798
f 1548//1802 1549//1803 1550//1804
f 1550//1804 1551//1805 1548//1802
f 1552//1806 1553//1807 1539//1793
f 1539//1793 1538//1792 1552//1806
f 1552//1806 1554//1808 1555//1809
f 1555//1809 1553//1807 1552//1806
f 1556//1810 1540//1794 1557//1811
f 1557//1811 1558//1812 1556//1810
f 1559//1813 1560//1814 1555//1809
f 1555//1809 1554//1808 1559//1813
f 1561//1815 1562//1816 1560//1814
f 1560//1814 1559//1813 1561//1815
f 1563//1817 1541//1795 1540//1794
f 1540//1794 1556//1810 1563//1817
f 1564//1818 1533//1787 1532//1786
f 1532//1786 1565//1819 1564//1818
f 1566//1820 1560//1814 1562//1816
f 1562//1816 1567//1821 1566//1820
f 1544//1798 1568//1822 1569//1823
f 1569//1823 1570//1824 1544//1798
f 1568//1822 1571//1825 1550//1804
f 1550//1804 1549//1803 1568//1822
f 1544//1798 1547//1801 1571//1825
f 1571//1825 1568//1822 1544//1798
f 1568//1822 1549//1803 1572//1826
f 1572//1826 1569//1823 1568//1822
f 1556//1810 1558//1812 1573//1827
f 1573//1827 1563//1817 1556//1810
f 1557//1811 1540//1794 1543//1797
f 1543//1797 1574//1828 1557//1811
f 1560//1814 1566//1820 1565//1819
f 1565//1819 1555//1809 1560//1814
f 1575//1829 1576//1830 1563//1817
f 1563//1817 1573//1827 1575//1829
f 1576//1830 1577//1831 1541//1795
f 1541//1795 1563//1817 1576//1830
f 1578//1832 1542//1796 1541//1795
f 1541//1795 1577//1831 1578//1832
f 1578//1832 1579//1833 1580//1834
f 1580//1834 1542//1796 1578//1832
f 1581//1835 1582//1836 1580//1834
f 1580//1834 1579//1833 1581//1835
f 1583//1837 1584//1838 1582//1836
f 1582//1836 1581//1835 1583//1837
f 1566//1820 1567//1821 1564//1818
f 1564//1818 1565//1819 1566//1820
f 1585//1839 1574//1828 1543//1797
f 1543//1797 1586//1840 1585//1839
f 1587//1841 1582//1836 1584//1838
f 1584//1838 1588//1842 1587//1841
f 1548//1802 1589//1843 1572//1826
f 1572//1826 1549//1803 1548//1802
f 1590//1844 1591//1845 1592//1846
f 1592//1846 1593//1847 1590//1844
f 1591//1845 1594//1848 1595//1849
f 1595//1849 1592//1846 1591//1845
f 1544//1798 1570//1824 1596//1850
f 1596//1850 1545//1799 1544//1798
f 1565//1819 1532//1786 1553//1807
f 1553//1807 1555//1809 1565//1819
f 1547//1801 1546//1800 1575//1829
f 1575//1829 1573//1827 1547//1801
f 1582//1836 1587//1841 1586//1840
f 1586//1840 1580//1834 1582//1836
f 1551//1805 1550//1804 1557//1811
f 1557//1811 1574//1828 1551//1805
f 1571//1825 1558//1812 1557//1811
f 1557//1811 1550//1804 1571//1825
f 1587//1841 1588//1842 1585//1839
f 1585//1839 1586//1840 1587//1841
f 1547//1801 1573//1827 1558//1812
f 1558//1812 1571//1825 1547//1801
f 1593//1847 1592//1846 1588//1842
f 1588//1842 1584//1838 1593//1847
f 1548//1802 1551//1805 1595//1849
f 1595//1849 1594//1848 1548//1802
f 1590//1844 1593//1847 1597//1851
f 1597//1851 1598//1852 1590//1844
f 1586//1840 1543//1797 1542//1796
f 1542//1796 1580//1834 1586//1840
f 1592//1846 1595//1849 1585//1839
f 1585//1839 1588//1842 1592//1846
f 1551//1805 1574//1828 1585//1839
f 1585//1839 1595//1849 1551//1805
f 1593//1847 1584//1838 1583//1837
f 1583//1837 1597//1851 1593//1847
f 1599//1853 1600//1854 1537//1791
f 1537//1791 1536//1790 1599//1853
f 1590//1844 1601//1855 1602//1856
f 1602//1856 1591//1845 1590//1844
f 1591//1845 1602//1856 1603//1857
f 1603//1857 1594//1848 1591//1845
f 1570//1824 1562//1816 1561//1815
f 1561//1815 1596//1850 1570//1824
f 1536//1790 1539//1793 1531//1785
f 1531//1785 1599//1853 1536//1790
f 1589//1843 1533//1787 1564//1818
f 1564//1818 1572//1826 1589//1843
f 1569//1823 1572//1826 1564//1818
f 1564//1818 1567//1821 1569//1823
f 1599//1853 1531//1785 1530//1784
f 1530//1784 1600//1854 1599//1853
f 1570//1824 1569//1823 1567//1821
f 1567//1821 1562//1816 1570//1824
f 1601//1855 1537//1791 1600//1854
f 1600//1854 1602//1856 1601//1855
f 1548//1802 1594//1848 1603//1857
f 1603//1857 1589//1843 1548//1802
f 1590//1844 1598//1852 1604//1858
f 1604//1858 1601//1855 1590//1844
f 1531//1785 1539//1793 1553//1807
f 1553//1807 1532//1786 1531//1785
f 1602//1856 1600//1854 1530//1784
f 1530//1784 1603//1857 1602//1856
f 1589//1843 1603//1857 1530//1784
f 1530//1784 1533//1787 1589//1843
f 1601//1855 1604//1858 1534//1788
f 1534//1788 1537//1791 1601//1855
f 1605//1859 1606//1860 1607//1861
f 1607//1861 1608//1862 1605//1859
f 1534//1788 1609//1863 1610//1864
f 1610//1864 1535//1789 1534//1788
f 1535//1789 1610//1864 1611//1865
f 1611//1865 1538//1792 1535//1789
f 1612//1866 1613//1867 1614//1868
f 1614//1868 1615//1869 1612//1866
f 1616//1870 1617//1871 1546//1800
f 1546//1800 1545//1799 1616//1870
f 1618//1872 1619//1873 1620//1874
f 1620//1874 1621//1875 1618//1872
f 1552//1806 1538//1792 1611//1865
f 1611//1865 1622//1876 1552//1806
f 1552//1806 1622//1876 1623//1877
f 1623//1877 1554//1808 1552//1806
f 1624//1878 1625//1879 1626//1880
f 1626//1880 1612//1866 1624//1878
f 1559//1813 1554//1808 1623//1877
f 1623//1877 1627//1881 1559//1813
f 1561//1815 1559//1813 1627//1881
f 1627//1881 1628//1882 1561//1815
f 1629//1883 1624//1878 1612//1866
f 1612//1866 1615//1869 1629//1883
f 1630//1884 1631//1885 1607//1861
f 1607//1861 1606//1860 1630//1884
f 1632//1886 1633//1887 1628//1882
f 1628//1882 1627//1881 1632//1886
f 1616//1870 1634//1888 1635//1889
f 1635//1889 1636//1890 1616//1870
f 1636//1890 1621//1875 1620//1874
f 1620//1874 1637//1891 1636//1890
f 1616//1870 1636//1890 1637//1891
f 1637//1891 1617//1871 1616//1870
f 1636//1890 1635//1889 1638//1892
f 1638//1892 1621//1875 1636//1890
f 1624//1878 1629//1883 1639//1893
f 1639//1893 1625//1879 1624//1878
f 1626//1880 1640//1894 1613//1867
f 1613//1867 1612//1866 1626//1880
f 1627//1881 1623//1877 1631//1885
f 1631//1885 1632//1886 1627//1881
f 1575//1829 1639//1893 1629//1883
f 1629//1883 1576//1830 1575//1829
f 1576//1830 1629//1883 1615//1869
f 1615//1869 1577//1831 1576//1830
f 1578//1832 1577//1831 1615//1869
f 1615//1869 1614//1868 1578//1832
f 1578//1832 1614//1868 1641//1895
f 1641//1895 1579//1833 1578//1832
f 1581//1835 1579//1833 1641//1895
f 1641//1895 1642//1896 1581//1835
f 1583//1837 1581//1835 1642//1896
f 1642//1896 1643//1897 1583//1837
f 1632//1886 1631//1885 1630//1884
f 1630//1884 1633//1887 1632//1886
f 1644//1898 1645//1899 1613//1867
f 1613//1867 1640//1894 1644//1898
f 1646//1900 1647//1901 1643//1897
f 1643//1897 1642//1896 1646//1900
f 1618//1872 1621//1875 1638//1892
f 1638//1892 1648//1902 1618//1872
f 1649//1903 1650//1904 1651//1905
f 1651//1905 1652//1906 1649//1903
f 1652//1906 1651//1905 1653//1907
f 1653//1907 1654//1908 1652//1906
f 1616//1870 1545//1799 1596//1850
f 1596//1850 1634//1888 1616//1870
f 1631//1885 1623//1877 1622//1876
f 1622//1876 1607//1861 1631//1885
f 1617//1871 1639//1893 1575//1829
f 1575//1829 1546//1800 1617//1871
f 1642//1896 1641//1895 1645//1899
f 1645//1899 1646//1900 1642//1896
f 1619//1873 1640//1894 1626//1880
f 1626//1880 1620//1874 1619//1873
f 1637//1891 1620//1874 1626//1880
f 1626//1880 1625//1879 1637//1891
f 1646//1900 1645//1899 1644//1898
f 1644//1898 1647//1901 1646//1900
f 1617//1871 1637//1891 1625//1879
f 1625//1879 1639//1893 1617//1871
f 1650//1904 1643//1897 1647//1901
f 1647//1901 1651//1905 1650//1904
f 1618//1872 1654//1908 1653//1907
f 1653//1907 1619//1873 1618//1872
f 1649//1903 1598//1852 1597//1851
f 1597//1851 1650//1904 1649//1903
f 1645//1899 1641//1895 1614//1868
f 1614//1868 1613//1867 1645//1899
f 1651//1905 1647//1901 1644//1898
f 1644//1898 1653//1907 1651//1905
f 1619//1873 1653//1907 1644//1898
f 1644//1898 1640//1894 1619//1873
f 1650//1904 1597//1851 1583//1837
f 1583//1837 1643//1897 1650//1904
f 1655//1909 1610//1864 1609//1863
f 1609//1863 1656//1910 1655//1909
f 1649//1903 1652//1906 1657//1911
f 1657//1911 1658//1912 1649//1903
f 1652//1906 1654//1908 1659//1913
f 1659//1913 1657//1911 1652//1906
f 1634//1888 1596//1850 1561//1815
f 1561//1815 1628//1882 1634//1888
f 1610//1864 1655//1909 1608//1862
f 1608//1862 1611//1865 1610//1864
f 1648//1902 1638//1892 1630//1884
f 1630//1884 1606//1860 1648//1902
f 1635//1889 1633//1887 1630//1884
f 1630//1884 1638//1892 1635//1889
f 1655//1909 1656//1910 1605//1859
f 1605//1859 1608//1862 1655//1909
f 1634//1888 1628//1882 1633//1887
f 1633//1887 1635//1889 1634//1888
f 1658//1912 1657//1911 1656//1910
f 1656//1910 1609//1863 1658//1912
f 1618//1872 1648//1902 1659//1913
f 1659//1913 1654//1908 1618//1872
f 1649//1903 1658//1912 1604//1858
f 1604//1858 1598//1852 1649//1903
f 1608//1862 1607//1861 1622//1876
f 1622//1876 1611//1865 1608//1862
f 1657//1911 1659//1913 1605//1859
f 1605//1859 1656//1910 1657//1911
f 1648//1902 1606//1860 1605//1859
f 1605//1859 1659//1913 1648//1902
f 1658//1912 1609//1863 1534//1788
f 1534//1788 1604//1858 1658//1912
# Vertices: 538, normals: 538, texture coordinates: 0, faces: 928

# Chopstick_Free_11
o obj12
v -19.4876917 8.47926873 -18.26436393
v -13.19419 8.55453524 -3.42291766
v -12.77142878 7.75384278 -3.59384354
v -19.00160018 7.55863035 -18.4608952
v -20.46119127 8.48557758 -17.84665905
v -14.04085591 8.56002227 -3.05963406
v -20.94860005 7.57153517 -17.62548842
v -14.46476284 7.76506626 -2.86727968
v -20.71619782 7.56482044 -18.10896106
v -20.4147816 8.13006617 -18.24573444
v -19.81276724 8.12616481 -18.50404607
v -19.51216686 7.55684004 -18.62557985
v 0.44888404 8.71769869 28.75041637
v 0.73435751 8.17702485 28.63499803
v -12.49881436 7.76238469 -2.94330317
v -12.91880368 8.55782868 -2.77349786
v -0.12283254 8.72140335 28.99572525
v -13.75991947 8.56327959 -2.41259509
v -0.40907639 8.18460357 29.12561578
v -14.18104845 7.77353456 -2.22150247
v -12.89108846 7.75981039 -3.15874416
v -13.18465251 8.31580994 -3.04005389
v -13.77257596 8.31962021 -2.78778953
v -14.06693853 7.76760392 -2.6542199
v 0.74302477 8.18084844 28.91909761
v 0.50530878 8.63106953 29.01520704
v 0.02923977 8.63415429 29.21947514
v -0.2091192 8.18715924 29.32763678
v 0.4964031 8.18377646 29.12085337
v 0.39919463 8.36788813 29.16015664
v 0.20451468 8.36914962 29.24368957
v 0.10704023 8.18635727 29.28792221
v -19.63780674 8.39016934 -18.48664156
v -19.19739547 7.55604729 -18.66470136
v -20.51982287 8.39588539 -18.10818932
v -20.96142921 7.56773952 -17.90780135
v -19.4892377 6.64444596 -18.23962472
v -13.19553445 6.95876351 -3.40140013
v -20.4627395 6.65104184 -17.82192283
v -14.04220036 6.96450005 -3.03812025
v -19.81372464 6.99150616 -18.48874537
v -20.41573974 6.99558512 -18.23043673
v 0.44797358 7.64014153 28.76494518
v -12.92013976 6.9725171 -2.75212226
v -0.12374002 7.6440155 29.01025406
v -13.76125704 6.97821611 -2.3912221
v -13.1855883 7.20770837 -3.02511232
v -13.77351157 7.21169187 -2.77285019
v 0.50455105 7.73378345 29.02730693
v 0.02848279 7.7370093 29.23157503
v 0.39888468 8.00095561 29.16510388
v 0.20420325 8.00227484 29.24863681
v -19.63920969 6.72777275 -18.46422398
v -20.52122506 6.73374883 -18.08577621
vn 0.73124 0.47674 0.48786
vn 0.79913 0.34138 0.49482
vn 0.9223 0.38642 -0.00599
vn 0.84102 0.54095 -0.008
vn -0.05601 0.14545 0.98778
vn 0.00364 0.00662 0.99997
vn 0.00364 0.00662 0.99997
vn -0.05601 0.14545 0.98778
vn -0.97156 -0.23677 0.00401
vn -0.91555 -0.40215 0.00619
vn -0.79251 -0.34155 0.50525
vn -0.8439 -0.1991 0.49818
vn -0.55796 0.8298 -0.01072
vn -0.47261 0.86853 0.14933
vn -0.30215 0.94167 0.14823
vn -0.21703 0.97608 -0.01298
vn 0.84826 0.19966 0.4905
vn 0.97505 0.22196 -0.00382
vn 0.9223 0.38642 -0.00599
vn 0.79914 0.34138 0.49481
vn 0.06261 -0.13097 0.98941
vn 0.06261 -0.13097 0.98941
vn 0.00364 0.00662 0.99997
vn 0.00364 0.00662 0.99997
vn -0.83268 -0.55369 0.00817
vn -0.72369 -0.47484 0.5008
vn -0.79251 -0.34155 0.50525
vn -0.91555 -0.40215 0.00619
vn 0.96421 -0.26514 0.00276
vn 0.96421 -0.26514 0.00276
vn 0.87921 -0.23612 0.41381
vn 0.87921 -0.23612 0.41381
vn 0.22485 -0.51151 0.82934
vn 0.22485 -0.51151 0.82934
vn 0.22485 -0.51151 0.82934
vn 0.22485 -0.51151 0.82934
vn -0.43003 -0.79792 0.42238
vn -0.43003 -0.79792 0.42238
vn -0.47214 -0.88144 0.01228
vn -0.47214 -0.88144 0.01228
vn 0.48141 0.87641 -0.01222
vn 0.48141 0.87641 -0.01222
vn 0.43853 0.80329 0.40302
vn 0.43853 0.80329 0.40302
vn -0.22038 0.52602 0.82143
vn -0.22038 0.52602 0.82143
vn -0.22038 0.52602 0.82143
vn -0.22038 0.52602 0.82143
vn -0.87981 0.23765 0.41165
vn -0.87981 0.23766 0.41165
vn -0.96695 0.25495 -0.00262
vn -0.96695 0.25495 -0.00262
vn 0.99953 0.03048 -0.00126
vn 0.88087 0.03322 0.47219
vn 0.12787 -0.28367 0.95036
vn 0.12788 -0.28368 0.95035
vn -0.62573 -0.61325 0.48206
vn -0.71075 -0.70337 0.01008
vn 0.55726 -0.83027 0.01073
vn 0.63323 -0.7739 0.0099
vn 0.50627 -0.82523 0.25038
vn 0.47254 -0.86452 0.1712
vn 0.25199 -0.93433 0.25204
vn 0.30285 -0.93734 0.1723
vn 0.12466 -0.99211 0.01327
vn 0.21788 -0.97589 0.01297
vn 0.63485 0.6158 0.46665
vn 0.72117 0.69269 -0.00995
vn -0.12152 0.29751 0.94695
vn -0.12152 0.29752 0.94695
vn -0.99897 -0.04537 0.00145
vn -0.8785 -0.03351 0.47656
vn -0.25091 0.94071 0.22829
vn -0.12336 0.99227 -0.01327
vn -0.50635 0.8311 0.22995
vn -0.63425 0.77306 -0.00989
vn 0.7304 0.46341 -0.50176
vn 0.79829 0.3279 -0.50518
vn -0.05768 0.11878 -0.99124
vn -0.05768 0.11877 -0.99125
vn 0.00196 -0.02035 -0.99979
vn 0.00196 -0.02035 -0.99979
vn -0.84474 -0.21244 -0.49121
vn -0.79335 -0.35503 -0.49452
vn -0.30242 0.93733 -0.17305
vn -0.47288 0.86419 -0.1719
vn 0.84742 0.18635 -0.49714
vn 0.79829 0.3279 -0.50518
vn 0.06094 -0.1576 -0.98562
vn 0.00196 -0.02035 -0.99979
vn 0.00196 -0.02035 -0.99979
vn 0.06094 -0.1576 -0.98562
vn -0.79335 -0.35503 -0.49452
vn -0.72452 -0.48815 -0.48659
vn 0.87851 -0.24722 -0.40878
vn 0.87851 -0.24722 -0.40878
vn 0.22347 -0.53369 -0.81562
vn 0.22347 -0.53369 -0.81562
vn 0.22347 -0.53369 -0.81562
vn 0.22347 -0.53369 -0.81562
vn -0.43072 -0.809 -0.39999
vn -0.43072 -0.809 -0.39999
vn 0.43783 0.79212 -0.42527
vn 0.43783 0.79212 -0.42527
vn -0.22177 0.50368 -0.83494
vn -0.22177 0.50368 -0.83494
vn -0.22177 0.50368 -0.83494
vn -0.22177 0.50368 -0.83494
vn -0.88051 0.22649 -0.41642
vn -0.88051 0.22649 -0.41642
vn 0.88007 0.02047 -0.47441
vn 0.12628 -0.30919 -0.94258
vn 0.12628 -0.3092 -0.94258
vn -0.62653 -0.62601 -0.46429
vn 0.47227 -0.86883 -0.14862
vn 0.50587 -0.83169 -0.22888
vn 0.30258 -0.94165 -0.14748
vn 0.25159 -0.9408 -0.22717
vn 0.63404 0.60299 -0.48415
vn -0.12312 0.27188 -0.95442
vn -0.12312 0.27188 -0.95442
vn -0.8793 -0.04632 -0.474
vn -0.25131 0.93421 -0.25315
vn -0.50676 0.82461 -0.25143
usemtl mat0
f 1660//1914 1661//1915 1662//1916
f 1662//1916 1663//1917 1660//1914
f 1664//1918 1665//1919 1661//1920
f 1661//1920 1660//1921 1664//1918
f 1666//1922 1667//1923 1665//1924
f 1665//1924 1664//1925 1666//1922
f 1668//1926 1669//1927 1670//1928
f 1670//1928 1671//1929 1668//1926
f 1672//1930 1673//1931 1674//1932
f 1674//1932 1675//1933 1672//1930
f 1676//1934 1672//1935 1675//1936
f 1675//1936 1677//1937 1676//1934
f 1678//1938 1676//1939 1677//1940
f 1677//1940 1679//1941 1678//1938
f 1680//1942 1662//1943 1661//1944
f 1661//1944 1681//1945 1680//1942
f 1681//1946 1661//1947 1665//1948
f 1665//1948 1682//1949 1681//1946
f 1682//1950 1665//1951 1667//1952
f 1667//1952 1683//1953 1682//1950
f 1674//1954 1680//1955 1681//1956
f 1681//1956 1675//1957 1674//1954
f 1675//1958 1681//1959 1682//1960
f 1682//1960 1677//1961 1675//1958
f 1677//1962 1682//1963 1683//1964
f 1683//1964 1679//1965 1677//1962
f 1684//1966 1673//1931 1672//1930
f 1672//1930 1685//1967 1684//1966
f 1685//1968 1672//1935 1676//1934
f 1676//1934 1686//1969 1685//1968
f 1686//1970 1676//1939 1678//1938
f 1678//1938 1687//1971 1686//1970
f 1688//1972 1684//1973 1685//1974
f 1685//1974 1689//1975 1688//1972
f 1689//1975 1685//1974 1686//1976
f 1686//1976 1690//1977 1689//1975
f 1690//1977 1686//1976 1687//1978
f 1687//1978 1691//1979 1690//1977
f 1692//1980 1660//1914 1663//1917
f 1663//1917 1693//1981 1692//1980
f 1694//1982 1664//1918 1660//1921
f 1660//1921 1692//1983 1694//1982
f 1695//1984 1666//1922 1664//1925
f 1664//1925 1694//1985 1695//1984
f 1670//1928 1692//1986 1693//1987
f 1693//1987 1671//1929 1670//1928
f 1669//1927 1694//1988 1692//1986
f 1692//1986 1670//1928 1669//1927
f 1668//1926 1695//1989 1694//1988
f 1694//1988 1669//1927 1668//1926
f 1689//1975 1690//1977 1691//1979
f 1691//1979 1688//1972 1689//1975
f 1696//1990 1663//1917 1662//1916
f 1662//1916 1697//1991 1696//1990
f 1698//1992 1696//1993 1697//1994
f 1697//1994 1699//1995 1698//1992
f 1666//1922 1698//1996 1699//1997
f 1699//1997 1667//1923 1666//1922
f 1668//1926 1671//1929 1700//1998
f 1700//1998 1701//1999 1668//1926
f 1702//2000 1703//2001 1674//1932
f 1674//1932 1673//1931 1702//2000
f 1704//2002 1705//2003 1703//2004
f 1703//2004 1702//2005 1704//2002
f 1678//1938 1679//1941 1705//2006
f 1705//2006 1704//2007 1678//1938
f 1680//1942 1706//2008 1697//2009
f 1697//2009 1662//1943 1680//1942
f 1706//2010 1707//2011 1699//2012
f 1699//2012 1697//2013 1706//2010
f 1707//2014 1683//1953 1667//1952
f 1667//1952 1699//2015 1707//2014
f 1674//1954 1703//2016 1706//2017
f 1706//2017 1680//1955 1674//1954
f 1703//2018 1705//2019 1707//2020
f 1707//2020 1706//2021 1703//2018
f 1705//2022 1679//1965 1683//1964
f 1683//1964 1707//2023 1705//2022
f 1684//1966 1708//2024 1702//2000
f 1702//2000 1673//1931 1684//1966
f 1708//2025 1709//2026 1704//2002
f 1704//2002 1702//2005 1708//2025
f 1709//2027 1687//1971 1678//1938
f 1678//1938 1704//2007 1709//2027
f 1688//1972 1710//2028 1708//2029
f 1708//2029 1684//1973 1688//1972
f 1710//2028 1711//2030 1709//2031
f 1709//2031 1708//2029 1710//2028
f 1711//2030 1691//1979 1687//1978
f 1687//1978 1709//2031 1711//2030
f 1712//2032 1693//1981 1663//1917
f 1663//1917 1696//1990 1712//2032
f 1713//2033 1712//2034 1696//1993
f 1696//1993 1698//1992 1713//2033
f 1695//1984 1713//2035 1698//1996
f 1698//1996 1666//1922 1695//1984
f 1700//1998 1671//1929 1693//1987
f 1693//1987 1712//2036 1700//1998
f 1701//1999 1700//1998 1712//2036
f 1712//2036 1713//2037 1701//1999
f 1668//1926 1701//1999 1713//2037
f 1713//2037 1695//1989 1668//1926
f 1710//2028 1688//1972 1691//1979
f 1691//1979 1711//2030 1710//2028
# Vertices: 54, normals: 124, texture coordinates: 0, faces: 104
