# File generated by FabConvert.com - Free Image and 3D model conversion tools

mtllib mtl/wheat.mtl

o obj1
v 3.74409389 2.10525489 -2.3128109
v 4.00099182 0.220824 -1.83204901
v 3.96042204 0.218933 -1.78911996
v 3.39353895 2.03281307 -1.97667599
v 4.00913286 0.224576 -1.82613695
v 3.76245809 2.12367201 -2.28889704
v 3.4119029 2.05122995 -1.95276201
v 3.96856308 0.22268599 -1.78320801
v 3.4119029 2.05122995 -1.95276201
v 2.42810202 3.16241002 -2.47332811
v 3.72960997 9.59061146 -1.92700195
v 3.71537399 9.27428627 -1.93188
v 3.96940899 9.09576321 -1.57932699
v 3.98522592 9.44723606 -1.57390702
v 4.39800692 9.24562168 -1.69368505
v 4.41224289 9.56194592 -1.68880701
v 3.93172908 11.66987514 -1.80323994
v 4.11779499 11.5545311 -1.652583
v 4.1636548 11.554636 -1.79457498
v 3.71537399 9.27428627 -1.93188
v 4.09283686 9.0958004 -1.942366
v 3.96940899 9.09576321 -1.57932699
v 4.10833216 9.4472847 -1.937078
v 4.36510801 11.65169144 -1.65307498
v 3.72960997 9.59061146 -1.92700195
v 3.7564311 9.67744446 -1.89800501
v 3.99840903 9.55314064 -1.59707797
v 3.7564311 9.67744446 -1.89800501
v 4.10462379 9.55318928 -1.91083503
v 4.38137817 9.65120411 -1.680161
v 3.77465296 10.08236504 -1.89176095
v 4.01621294 9.94878483 -1.59097695
v 3.77465296 10.08236504 -1.89176095
v 4.122015 9.94885159 -1.90490198
v 4.39960003 10.05612564 -1.67391706
v 3.80121899 10.1616354 -1.86271703
v 4.0320878 10.04456139 -1.62349105
v 3.80121899 10.1616354 -1.86271703
v 4.11472797 10.04462433 -1.86962104
v 4.36829519 10.13783169 -1.66550398
v 3.81680799 10.50803947 -1.85737503
v 4.04731703 10.38293552 -1.61827302
v 3.81680799 10.50803947 -1.85737503
v 4.129601 10.38301563 -1.86454403
v 4.383883 10.48423576 -1.66016197
v 3.83699703 10.5868721 -1.83890903
v 4.05953598 10.47141838 -1.641119
v 3.83699703 10.5868721 -1.83890903
v 4.12533379 10.47149467 -1.83907795
v 4.36395788 10.56475735 -1.65601301
v 3.85319591 10.94686699 -1.833359
v 4.07613897 10.84034538 -1.63542998
v 3.85319591 10.94686699 -1.833359
v 4.14156723 10.84043884 -1.83353305
v 4.3801589 10.92475224 -1.65046203
v 3.87407994 11.00522232 -1.82446396
v 4.08486414 10.9193182 -1.64945996
v 3.87407994 11.00522232 -1.82446396
v 4.13994312 10.91940689 -1.81707597
v 4.36364317 10.98468018 -1.654742
v 3.88723612 11.29760075 -1.81995595
v 4.09847498 11.22178459 -1.64479697
v 3.88723612 11.29760075 -1.81995595
v 4.15325403 11.22188473 -1.81252801
v 4.37680006 11.27705765 -1.65023398
v 3.9186511 11.37924004 -1.80772102
v 4.10706806 11.31615067 -1.65625894
v 3.9186511 11.37924004 -1.80772102
v 4.15322685 11.31624317 -1.798136
v 4.35203123 11.36105728 -1.65755606
v 3.93172908 11.66987514 -1.80323994
v 4.11779499 11.5545311 -1.652583
v 3.82788491 8.28316402 -2.15724206
v 4.00329208 6.99650002 -1.82898498
v 3.97558999 6.99520922 -1.79967403
v 3.58853102 8.23370075 -1.92773402
v 4.0088501 6.99906206 -1.82494795
v 3.84042406 8.29573917 -2.14091396
v 3.60106897 8.2462759 -1.91140604
v 3.98114896 6.99777222 -1.79563701
v 3.60106897 8.2462759 -1.91140604
v 2.92934394 9.00497532 -2.26684093
v 4.06255579 9.09576321 -1.85117304
v 4.02192211 0.161506 -1.86509597
v 3.94411206 0.161506 -1.86633694
v 3.98538995 9.08662033 -1.852193
v 3.9188869 0.161506 -1.79271901
v 3.96016502 9.08662033 -1.77857494
v 3.981107 0.161506 -1.74597895
v 4.02174091 9.09576321 -1.73205602
v 4.08502197 9.10141563 -1.77692401
v 4.04478598 0.161506 -1.79071105
v 4.02192211 0.161506 -1.86509597
v 4.06255579 9.09576321 -1.85117304
v 3.94411206 0.161506 -1.86633694
v 4.02192211 0.161506 -1.86509597
v 3.982162 0.161506 -1.812168
v 4.04478598 0.161506 -1.79071105
v 4.20763206 7.97434092 -1.28578103
v 3.98579907 5.90642118 -1.76360202
v 4.02727699 5.90061712 -1.81670499
v 4.58450222 7.92361403 -1.70105398
v 3.97689795 5.9124651 -1.76924801
v 4.18210697 7.99272823 -1.31164002
v 4.55897713 7.94199991 -1.72691298
v 4.01837587 5.90666103 -1.82235098
v 4.58450222 7.92361403 -1.70105398
v 5.28548288 8.77147675 -1.25791597
v 4.19231892 3.71738291 -1.29365301
v 3.99017906 2.01054406 -1.764727
v 4.03165579 2.00474 -1.81782997
v 4.56918907 3.66665506 -1.70892596
v 3.98127794 2.01658797 -1.77037299
v 4.16679382 3.73576999 -1.31951201
v 4.54366398 3.6850419 -1.73478496
v 4.0227561 2.01078391 -1.823475
v 4.56918907 3.66665506 -1.70892596
v 5.28986311 4.87559986 -1.25904095
v 3.94736195 4.98225403 -2.18022609
v 3.99679708 3.30901504 -1.84174097
v 3.96357989 3.30746603 -1.80659401
v 3.65002894 4.97211885 -1.90855801
v 4.00346184 3.31208706 -1.8369
v 3.96600509 4.99144602 -2.15941095
v 3.66867089 4.98131084 -1.88774204
v 3.97024488 3.31053901 -1.80175304
v 3.66867089 4.98131084 -1.88774204
v 3.20132899 6.42055321 -2.19808888
v 6.4586792 1.87217402 -1.36586797
v 6.34941912 0.27088001 -1.739025
v 6.38341999 0.26890799 -1.78755105
v 6.77070093 1.85914803 -1.74818099
v 6.34048223 0.274746 -1.74370301
v 6.43239212 1.88374305 -1.38777494
v 6.74441385 1.870718 -1.770087
v 6.37448311 0.27277401 -1.79223001
v 6.4586792 1.87217402 -1.36586797
v 7.22629118 4.25860786 -1.44897997
v 6.80017996 8.42225647 -1.69566798
v 6.69048882 8.11634541 -1.72571802
v 6.8977108 7.84652519 -1.40851998
v 7.01958895 8.18642616 -1.37513101
v 7.34877014 7.8947649 -1.54116702
v 7.45845985 8.20067596 -1.51111698
v 7.62992287 10.39763641 -1.41489005
v 7.7810359 10.22444153 -1.288252
v 7.818048 10.22525215 -1.43280101
v 6.69048882 8.11634541 -1.72571802
v 6.99819279 7.8468051 -1.77856898
v 6.8977108 7.84652519 -1.40851998
v 7.11975908 8.18681335 -1.74528599
v 8.04779434 10.25706768 -1.298774
v 6.80017996 8.42225647 -1.69566798
v 6.853652 8.49802971 -1.66159105
v 7.06316185 8.28886509 -1.39035201
v 6.853652 8.49802971 -1.66159105
v 7.14956903 8.28924084 -1.71013105
v 7.45629406 8.29519653 -1.49285603
v 6.99406481 8.88962173 -1.623124
v 7.20035791 8.67148685 -1.35276604
v 6.99406481 8.88962173 -1.623124
v 7.28636503 8.67199802 -1.67268002
v 7.59670687 8.68678856 -1.45438898
v 7.04500484 8.95804691 -1.58960795
v 7.24298477 8.76413155 -1.37831497
v 7.04500484 8.95804691 -1.58960795
v 7.31012106 8.76462269 -1.62911797
v 7.59181976 8.77404118 -1.43695402
v 7.16512489 9.29304695 -1.55669999
v 7.360322 9.09136772 -1.34616995
v 7.16512489 9.29304695 -1.55669999
v 7.42711592 9.09197617 -1.597085
v 7.71193981 9.10904312 -1.40404606
v 7.20928812 9.36357594 -1.53327405
v 7.3977108 9.17695141 -1.36244202
v 7.20928812 9.36357594 -1.53327405
v 7.45107508 9.17754078 -1.56410897
v 7.7174058 9.19262314 -1.39178205
v 7.33412313 9.71172047 -1.49907506
v 7.52564287 9.53373528 -1.32739401
v 7.33412313 9.71172047 -1.49907506
v 7.57864904 9.53444672 -1.529176
v 7.84223986 9.54076767 -1.35758305
v 7.37227678 9.76283932 -1.48691702
v 7.55723476 9.61011982 -1.33543396
v 7.37227678 9.76283932 -1.48691702
v 7.60181904 9.61080265 -1.50613999
v 7.84432411 9.60403824 -1.35565901
v 7.47366381 10.04559231 -1.45914102
v 7.66211987 9.90262985 -1.30669999
v 7.47366381 10.04559231 -1.45914102
v 7.70641279 9.90340996 -1.47749805
v 7.94571018 9.88679123 -1.32788396
v 7.52914 10.11656857 -1.4425
v 7.69837618 9.99390984 -1.31089795
v 7.52914 10.11656857 -1.4425
v 7.7356739 9.99462223 -1.455356
v 7.94701195 9.97600079 -1.32638395
v 7.62992287 10.39763641 -1.41489005
v 7.7810359 10.22444153 -1.288252
v 6.06894398 3.01648903 -2.00543499
v 6.28008318 2.21640491 -1.80843997
v 6.28085899 2.21740389 -1.75482297
v 6.11936712 3.03124595 -1.48447204
v 6.28729582 2.21853209 -1.80859005
v 6.10460901 3.02759004 -2.00924706
v 6.15503311 3.04234695 -1.48828399
v 6.28807211 2.21953106 -1.75497305
v 6.15503311 3.04234695 -1.48828399
v 5.52762794 5.04005003 -1.92798495
v 6.27514601 5.03598404 -1.85153699
v 6.39733124 0.156165 -1.81806397
v 6.32069492 0.144087 -1.81412494
v 6.19853878 5.03039694 -1.84759104
v 6.30013418 0.144087 -1.73907101
v 6.17797804 5.03039694 -1.77253604
v 6.36406183 0.156165 -1.69662297
v 6.24187803 5.03598404 -1.73009706
v 6.42413378 0.163629 -1.74544406
v 6.3019309 5.03943777 -1.77892196
v 6.3019309 5.03943777 -1.77892196
v 6.42413378 0.163629 -1.74544406
v 6.39733124 0.156165 -1.81806397
v 6.3612709 0.15282699 -1.76266599
v 6.36406183 0.156165 -1.69662297
v 6.42413378 0.163629 -1.74544406
v 6.86970091 7.85719109 -1.58303404
v 6.93387318 7.84652519 -1.540519
v 6.89026308 7.85719109 -1.65808797
v 6.96714306 7.84652519 -1.66196001
v 6.99409485 7.83993292 -1.58929896
v 6.99409485 7.83993292 -1.58929896
v 6.67665005 7.44379282 -1.95840204
v 6.49722719 6.13787889 -1.76682699
v 6.47360992 6.13913918 -1.73846197
v 6.46385479 7.45963097 -1.73703694
v 6.5028758 6.13927889 -1.76336503
v 6.69285202 7.44787884 -1.94316196
v 6.48005819 7.46371794 -1.72179699
v 6.47925901 6.14053917 -1.73500097
v 6.48005819 7.46371794 -1.72179699
v 6.31431293 8.63691902 -1.87966299
v 6.74359512 6.32571411 -1.21482205
v 6.24965811 5.05267715 -1.74426305
v 6.28604698 5.04270601 -1.80032003
v 7.07844687 6.23301983 -1.65707695
v 6.24191618 5.06066513 -1.74892998
v 6.7210741 6.35026979 -1.23777795
v 7.05592489 6.25757599 -1.68003201
v 6.27830601 5.05069399 -1.80498695
v 7.07844687 6.23301983 -1.65707695
v 8.1183548 6.56605721 -1.17312098
v -2.35411811 1.99228001 -1.12305105
v -2.76602411 0.097141 -1.48006797
v -2.74349999 0.095239 -1.53467095
v -2.14703798 1.91942596 -1.562361
v -2.77574205 0.100914 -1.48267603
v -2.37982297 2.01080108 -1.13881099
v -2.17274189 1.93794799 -1.57812095
v -2.75321698 0.099014 -1.53727901
v -2.17274189 1.93794799 -1.57812095
v -1.06781304 3.0554409 -1.44401801
v -2.47863412 9.52016354 -1.48850095
v -2.46359491 9.20204353 -1.48904002
v -2.82695508 9.02250671 -1.72736001
v -2.84366393 9.37597561 -1.72676206
v -3.18626308 9.17321587 -1.46722102
v -3.20130205 9.49133778 -1.46668303
v -2.71165299 11.6112442 -1.53175199
v -2.93930602 11.49524498 -1.60586202
v -2.9313271 11.49535084 -1.45686102
v -2.46359491 9.20204353 -1.48904002
v -2.81231809 9.02254295 -1.34419203
v -2.82695508 9.02250671 -1.72736001
v -2.82867908 9.3760252 -1.34358597
v -3.17007303 11.59295654 -1.51691401
v -2.47863412 9.52016354 -1.48850095
v -2.51405406 9.60749054 -1.50598204
v -2.8476851 9.48248196 -1.70040798
v -2.51405406 9.60749054 -1.50598204
v -2.83460593 9.48253155 -1.36941898
v -3.17557311 9.58110237 -1.48580003
v -2.53330398 10.01471424 -1.50529301
v -2.86649299 9.88037491 -1.69973505
v -2.53330398 10.01471424 -1.50529301
v -2.85296893 9.88044167 -1.36873603
v -3.19482303 9.98832512 -1.485111
v -2.5685029 10.09443378 -1.52290905
v -2.86968303 9.97669506 -1.66369295
v -2.5685029 10.09443378 -1.52290905
v -2.85878801 9.97675896 -1.40428901
v -3.16860104 10.07049561 -1.50416803
v -2.5849719 10.44280529 -1.52231896
v -2.88577104 10.31699371 -1.66311705
v -2.5849719 10.44280529 -1.52231896
v -2.87449288 10.31707287 -1.40370798
v -3.18506908 10.41886806 -1.50357795
v -2.61043 10.5220871 -1.53233898
v -2.88900709 10.40597725 -1.637411
v -2.61043 10.5220871 -1.53233898
v -2.87962008 10.40605354 -1.42901504
v -3.16794705 10.49984741 -1.51458204
v -2.62754297 10.88412762 -1.531726
v -2.90654612 10.77700138 -1.636783
v -2.62754297 10.88412762 -1.531726
v -2.89676189 10.77709389 -1.42838502
v -3.18506193 10.86188698 -1.51396894
v -2.65022802 10.94281483 -1.53255999
v -2.90967393 10.85642147 -1.62056005
v -2.65022802 10.94281483 -1.53255999
v -2.90113401 10.85651207 -1.44433403
v -3.16810703 10.92215633 -1.51588094
v -2.66412592 11.2368536 -1.53206205
v -2.92405105 11.16060734 -1.62004495
v -2.66412592 11.2368536 -1.53206205
v -2.91518998 11.16070747 -1.44381797
v -3.18200493 11.21619415 -1.51538396
v -2.69783807 11.31895733 -1.53224695
v -2.92797399 11.25551033 -1.60626698
v -2.69783807 11.31895733 -1.53224695
v -2.92031503 11.25560188 -1.45726705
v -3.15625691 11.30067062 -1.51740897
v -2.71165299 11.6112442 -1.53175199
v -2.93930602 11.49524498 -1.60586202
v -2.48802304 8.20528984 -1.23834002
v -2.76926804 6.91131401 -1.48210597
v -2.75388789 6.91001701 -1.51938903
v -2.346632 8.15554619 -1.53829503
v -2.77590299 6.91389084 -1.48388696
v -2.50557399 8.21793747 -1.24910104
v -2.36418295 8.16819286 -1.54905605
v -2.76052308 6.91259384 -1.52116895
v -2.36418295 8.16819286 -1.54905605
v -1.60975206 8.93120193 -1.45749199
v -2.81666994 9.02250671 -1.44018304
v -2.77374411 0.037487 -1.44172001
v -2.70064092 0.037487 -1.46840096
v -2.74424601 9.01331139 -1.46684003
v -2.70342708 0.037487 -1.54617095
v -2.74703193 9.01331139 -1.54461002
v -2.77825093 0.037487 -1.56755495
v -2.82117701 9.02250671 -1.56601703
v -2.8642149 9.02819061 -1.50147796
v -2.82171011 0.037487 -1.50300002
v -2.77374411 0.037487 -1.44172001
v -2.81666994 9.02250671 -1.44018304
v -2.70064092 0.037487 -1.46840096
v -2.77374411 0.037487 -1.44172001
v -2.75555396 0.037487 -1.50537002
v -2.82171011 0.037487 -1.50300002
v -3.15443802 7.89471197 -1.91623795
v -2.77632689 5.81504297 -1.54941905
v -2.79605889 5.80920601 -1.48499203
v -3.35777497 7.84369707 -1.39361298
v -2.76599598 5.82112122 -1.54733205
v -3.12135005 7.91320276 -1.90122294
v -3.32468796 7.86218691 -1.37859797
v -2.78572798 5.81528378 -1.48290396
v -3.35777497 7.84369707 -1.39361298
v -4.17090511 8.69637775 -1.55660605
v -3.13732195 3.61356711 -1.91436505
v -2.78001404 1.89703 -1.54680204
v -2.79974699 1.89119303 -1.48237395
v -3.3406589 3.56255102 -1.39173996
v -2.76968193 1.90310895 -1.54471505
v -3.10423493 3.63205791 -1.899351
v -3.30757189 3.58104205 -1.37672603
v -2.78941488 1.89727199 -1.48028696
v -3.3406589 3.56255102 -1.39173996
v -4.17459202 4.77836514 -1.55398798
v -2.59136796 4.88562489 -1.17412901
v -2.75863791 3.202878 -1.47251904
v -2.74019599 3.20132089 -1.51722395
v -2.4109199 4.87543201 -1.53419805
v -2.76659489 3.2059679 -1.47465396
v -2.61622405 4.8948698 -1.18689597
v -2.435776 4.88467693 -1.546965
v -2.74815297 3.20441198 -1.51935995
v -2.435776 4.88467693 -1.546965
v -1.88833106 6.3320961 -1.42437696
v 0.060627 1.734828 -2.17314792
v 0.49569699 0.157171 -1.759781
v 0.46695599 0.15185399 -1.70822203
v -0.20958699 1.68836796 -1.76286805
v 0.50416303 0.162706 -1.75609398
v 0.086208 1.75166702 -2.15420699
v -0.18400601 1.70520699 -1.743927
v 0.47542199 0.15739 -1.70453501
v 0.060627 1.734828 -2.17314792
v -1.12508905 4.01691008 -2.09607792
v -1.45277905 8.28700066 -2.02691603
v -1.28613496 7.99807596 -1.99735606
v -1.46754301 7.67918587 -2.28462791
v -1.65270305 8.00021172 -2.31747198
v -1.90736604 7.66101599 -2.11167502
v -2.0740099 7.9499402 -2.14123511
v -2.65561008 10.12932587 -2.29264498
v -2.78306389 9.92511463 -2.39874601
v -2.806849 9.92634678 -2.25144601
v -1.28613496 7.99807596 -1.99735606
v -1.53372896 7.67961121 -1.90693605
v -1.46754301 7.67918587 -2.28462791
v -1.718593 8.00080013 -1.93970704
v -3.0498879 9.91549683 -2.364187
v -1.45277905 8.28700066 -2.02691603
v -1.52219999 8.35316086 -2.05825901
v -1.71300197 8.09697723 -2.30156708
v -1.52219999 8.35316086 -2.05825901
v -1.76980305 8.09754753 -1.97522604
v -2.0909071 8.04461575 -2.16269994
v -1.73551595 8.7230072 -2.09609795
v -1.92143202 8.45835018 -2.33853889
v -1.73551595 8.7230072 -2.09609795
v -1.97785604 8.45912838 -2.01210594
v -2.30422497 8.41446304 -2.20053911
v -1.80104899 8.78220367 -2.12688208
v -1.978091 8.54586411 -2.31212401
v -1.80104899 8.78220367 -2.12688208
v -2.0220561 8.54661179 -2.05624199
v -2.31704092 8.50230026 -2.2212019
v -1.98353899 9.09860039 -2.15925193
v -2.15635204 8.85492897 -2.34374499
v -1.98353899 9.09860039 -2.15925193
v -2.1999929 8.85585499 -2.08778596
v -2.49953103 8.81869793 -2.25357199
v -2.041924 9.16144753 -2.18070412
v -2.20738506 8.93576908 -2.32682395
v -2.041924 9.16144753 -2.18070412
v -2.2421639 8.93666553 -2.1211381
v -2.52137399 8.90140247 -2.26799297
v -2.23157406 9.49026108 -2.21434498
v -2.40174103 9.27273941 -2.36129999
v -2.23157406 9.49026108 -2.21434498
v -2.43618202 9.27382183 -2.15553689
v -2.71102405 9.23021221 -2.30163407
v -2.2794981 9.53503704 -2.22451591
v -2.44611096 9.34489346 -2.35281801
v -2.2794981 9.53503704 -2.22451591
v -2.47500896 9.3459301 -2.17877102
v -2.72489905 9.2934742 -2.30541897
v -2.43352604 9.80208778 -2.25183797
v -2.60545492 9.6211586 -2.38108301
v -2.43352604 9.80208778 -2.25183797
v -2.63407707 9.62234592 -2.20697498
v -2.87892699 9.56052494 -2.33274102
v -2.50250006 9.86386585 -2.265486
v -2.6574831 9.70738316 -2.37647104
v -2.50250006 9.86386585 -2.265486
v -2.68154001 9.70846558 -2.22922993
v -2.89677811 9.65003777 -2.33702803
v -2.65561008 10.12932587 -2.29264498
v -2.78306389 9.92511463 -2.39874601
v 0.28820699 2.9774611 -1.61089694
v 0.21122999 2.12953401 -1.76085198
v 0.20558301 2.12805104 -1.814165
v 0.19032 2.9612391 -2.12502193
v 0.20377401 2.13052106 -1.76009297
v 0.25150099 2.98306298 -1.60410297
v 0.153614 2.96684098 -2.11822701
v 0.198127 2.1290381 -1.81340504
v 0.153614 2.96684098 -2.11822701
v 0.439567 5.09782791 -1.80517101
v -0.29982999 4.97009993 -1.81061602
v 0.476762 0.037487 -1.67286205
v 0.55383599 0.037487 -1.68361294
v -0.22398201 4.97662687 -1.82158506
v 0.56742799 0.037487 -1.76023698
v -0.21039 4.97662687 -1.89820802
v 0.49875399 0.037487 -1.79684198
v -0.27783799 4.97009993 -1.93459594
v 0.44272 0.037487 -1.74284101
v -0.33311501 4.96606588 -1.88046098
v -0.33311501 4.96606588 -1.88046098
v 0.44272 0.037487 -1.74284101
v 0.476762 0.037487 -1.67286205
v 0.5079 0.037487 -1.73127902
v 0.49875399 0.037487 -1.79684198
v 0.44272 0.037487 -1.74284101
v -1.42672098 7.70211983 -2.11396503
v -1.49144697 7.67918587 -2.14986897
v -1.44031298 7.70211983 -2.03734112
v -1.51343906 7.67918587 -2.02588892
v -1.54504299 7.66501188 -2.0954361
v -1.54504299 7.66501188 -2.0954361
v -1.12818897 7.33364296 -1.745134
v -0.72825098 6.03968 -1.90999198
v -0.707798 6.04349804 -1.940485
v -0.94173503 7.37406397 -1.98599505
v -0.73435497 6.0400281 -1.91294897
v -1.14617598 7.3344779 -1.75890505
v -0.95972198 7.37489891 -1.99976504
v -0.713902 6.04384518 -1.94344199
v -0.95972198 7.37489891 -1.99976504
v -0.99948901 8.5893364 -1.89666402
v -1.05301404 6.16476679 -2.44218493
v -0.28730601 4.98627281 -1.92031205
v -0.31625599 4.97285414 -1.86077297
v -1.32568705 6.03708982 -1.96749997
v -0.28077301 4.99576521 -1.91665804
v -1.03342998 6.19411707 -2.42226911
v -1.30610204 6.06644106 -1.94758499
v -0.30972299 4.98234606 -1.85712004
v -1.32568705 6.03708982 -1.96749997
v -2.44984102 6.18364811 -2.36189389
v 2.19641495 2.15793991 -1.20747006
v 1.78450894 0.102196 -1.56448805
v 1.80703402 0.100134 -1.61909103
v 2.40349507 2.07891202 -1.64678001
v 1.774791 0.10629 -1.56709599
v 2.17071104 2.17803097 -1.22323096
v 2.37779093 2.09900403 -1.66254103
v 1.79731596 0.104228 -1.62169898
v 2.37779093 2.09900403 -1.66254103
v 3.4827199 3.3111999 -1.52843797
v 2.07189894 10.32378101 -1.57292104
v 2.0869379 9.97870064 -1.57345998
v 1.72357798 9.78394985 -1.81177998
v 1.70686901 10.1673727 -1.81118202
v 1.36426997 9.94743061 -1.55164099
v 1.34923196 10.29251194 -1.55110204
v 1.83887994 12.59207153 -1.61617196
v 1.61122704 12.46624088 -1.69028103
v 1.61920702 12.46635628 -1.54128098
v 2.0869379 9.97870064 -1.57345998
v 1.73821497 9.783988 -1.42861199
v 1.72357798 9.78394985 -1.81177998
v 1.72185397 10.16742706 -1.42800498
v 1.38046098 12.57223415 -1.60133398
v 2.07189894 10.32378101 -1.57292104
v 2.036479 10.41850853 -1.59040201
v 1.70284903 10.28290462 -1.78482795
v 2.036479 10.41850853 -1.59040201
v 1.715927 10.28295898 -1.45383799
v 1.37495995 10.38988304 -1.57021999
v 2.01722908 10.86024189 -1.58971202
v 1.68403995 10.71451759 -1.78415406
v 2.01722908 10.86024189 -1.58971202
v 1.69756401 10.71459007 -1.45315599
v 1.35571003 10.83161545 -1.56953001
v 1.98203003 10.94671822 -1.60732901
v 1.68085003 10.8190012 -1.74811304
v 1.98203003 10.94671822 -1.60732901
v 1.691746 10.81907082 -1.48870802
v 1.38193297 10.92075062 -1.588588
v 1.96556199 11.32461262 -1.60673904
v 1.66476297 11.18813896 -1.74753702
v 1.96556199 11.32461262 -1.60673904
v 1.67604005 11.18822384 -1.48812795
v 1.36546504 11.29864597 -1.58799803
v 1.94010305 11.41061306 -1.61675894
v 1.66152596 11.2846632 -1.72183096
v 1.94010305 11.41061306 -1.61675894
v 1.67091405 11.28474712 -1.51343405
v 1.382586 11.38648796 -1.599002
v 1.92298901 11.80333424 -1.61614597
v 1.64398801 11.68712997 -1.72120297
v 1.92298901 11.80333424 -1.61614597
v 1.65377104 11.68723106 -1.51280403
v 1.36547196 11.77921009 -1.59838903
v 1.90030599 11.86699486 -1.61697996
v 1.64085996 11.7732811 -1.70498002
v 1.90030599 11.86699486 -1.61697996
v 1.64939904 11.77337837 -1.52875304
v 1.38242602 11.84458637 -1.60030103
v 1.88640702 12.18595219 -1.61648202
v 1.62648201 12.10324478 -1.70446503
v 1.88640702 12.18595219 -1.61648202
v 1.63534296 12.10335445 -1.52823806
v 1.36852801 12.16354179 -1.59980297
v 1.85269499 12.27501392 -1.61666703
v 1.62255895 12.20619011 -1.69068694
v 1.85269499 12.27501392 -1.61666703
v 1.63021803 12.20629025 -1.54168606
v 1.39427602 12.25517845 -1.60182905
v 1.83887994 12.59207153 -1.61617196
v 1.61122704 12.46624088 -1.69028103
v 2.06250906 8.8974762 -1.32275999
v 1.78126597 7.49384308 -1.56652606
v 1.79664505 7.49243498 -1.60380805
v 2.20390105 8.8435173 -1.622715
v 1.77462995 7.49663782 -1.56830704
v 2.04495907 8.9111948 -1.33352101
v 2.18635011 8.85723591 -1.63347602
v 1.79000998 7.4952302 -1.60558903
v 2.18635011 8.85723591 -1.63347602
v 2.94078112 9.68490696 -1.54191196
v 1.733863 9.78394985 -1.52460206
v 1.77678895 0.037487 -1.52613997
v 1.84989202 0.037487 -1.55282104
v 1.80628598 9.77397537 -1.55125904
v 1.84710598 0.037487 -1.63059103
v 1.80350101 9.77397537 -1.62902904
v 1.772282 0.037487 -1.65197396
v 1.72935605 9.78394985 -1.650437
v 1.68631804 9.7901144 -1.58589804
v 1.72882295 0.037487 -1.58741999
v 1.77678895 0.037487 -1.52613997
v 1.733863 9.78394985 -1.52460206
v 1.84989202 0.037487 -1.55282104
v 1.77678895 0.037487 -1.52613997
v 1.79497898 0.037487 -1.58978903
v 1.72882295 0.037487 -1.58741999
v 1.39609504 8.5605793 -2.00065804
v 1.77420604 6.304667 -1.63383901
v 1.75447404 6.29833412 -1.56941199
v 1.19275796 8.50524044 -1.47803199
v 1.78453803 6.31126022 -1.63175201
v 1.42918301 8.58063698 -1.98564303
v 1.22584605 8.52529812 -1.46301794
v 1.76480603 6.30492783 -1.56732404
v 1.19275796 8.50524044 -1.47803199
v 0.37962899 9.43018246 -1.64102495
v 1.41321099 3.91662502 -1.99878502
v 1.77051902 2.05461907 -1.63122201
v 1.75078702 2.04828691 -1.56679404
v 1.20987403 3.86128497 -1.47616005
v 1.78085101 2.06121206 -1.62913406
v 1.44629896 3.93668294 -1.98377097
v 1.242962 3.88134289 -1.461146
v 1.76111901 2.0548799 -1.56470704
v 1.20987403 3.86128497 -1.47616005
v 0.37594199 5.18013382 -1.63840795
v 1.95916498 5.29648399 -1.25854897
v 1.79189503 3.47113204 -1.55693901
v 1.81033695 3.46944308 -1.60164404
v 2.13961291 5.28542709 -1.61861801
v 1.78393805 3.47448301 -1.55907404
v 1.93430901 5.30651188 -1.27131605
v 2.11475706 5.29545498 -1.63138497
v 1.80237997 3.47279501 -1.60377896
v 2.11475706 5.29545498 -1.63138497
v 2.66220188 6.86553717 -1.50879705
v -0.17123599 2.10525489 1.12093401
v 0.085662 0.220824 1.60169601
v 0.045091 0.218933 1.64462399
v -0.52179098 2.03281307 1.45706904
v 0.093803 0.224576 1.60760796
v -0.152872 2.12367201 1.14484799
v -0.50342703 2.05122995 1.48098302
v 0.053233 0.22268599 1.65053701
v -0.50342703 2.05122995 1.48098302
v -1.48722804 3.16241002 0.96041697
v -0.18572 9.59061146 1.50674295
v -0.199956 9.27428627 1.50186503
v 0.054079 9.09576321 1.85441804
v 0.069896 9.44723606 1.85983801
v 0.48267701 9.24562168 1.74005997
v 0.49691299 9.56194592 1.74493694
v 0.016398 11.66987514 1.63050497
v 0.202464 11.5545311 1.78116202
v 0.24832501 11.554636 1.63917005
v -0.199956 9.27428627 1.50186503
v 0.177507 9.0958004 1.49137902
v 0.054079 9.09576321 1.85441804
v 0.193002 9.4472847 1.49666595
v 0.44977799 11.65169144 1.78067005
v -0.18572 9.59061146 1.50674295
v -0.15889899 9.67744446 1.53574002
v 0.083079 9.55314064 1.83666694
v -0.15889899 9.67744446 1.53574002
v 0.189294 9.55318928 1.52291
v 0.466048 9.65120411 1.75358403
v -0.14067701 10.08236504 1.54198396
v 0.100883 9.94878483 1.84276795
v -0.14067701 10.08236504 1.54198396
v 0.20668501 9.94885159 1.52884305
v 0.48427001 10.05612564 1.75982797
v -0.114111 10.1616354 1.57102799
v 0.116758 10.04456139 1.81025398
v -0.114111 10.1616354 1.57102799
v 0.199398 10.04462433 1.56412399
v 0.45296401 10.13783169 1.76824105
v -0.098522 10.50803947 1.57637
v 0.13198601 10.38293552 1.81547201
v -0.098522 10.50803947 1.57637
v 0.21427099 10.38301563 1.56920099
v 0.46855301 10.48423576 1.77358198
v -0.078334 10.5868721 1.59483504
v 0.144206 10.47141838 1.79262602
v -0.078334 10.5868721 1.59483504
v 0.210004 10.47149467 1.594666
v 0.44862801 10.56475735 1.77773201
v -0.062134 10.94686699 1.60038602
v 0.160809 10.84034538 1.79831398
v -0.062134 10.94686699 1.60038602
v 0.226237 10.84043884 1.60021102
v 0.464829 10.92475224 1.783283
v -0.04125 11.00522232 1.60928094
v 0.169534 10.9193182 1.784284
v -0.04125 11.00522232 1.60928094
v 0.224613 10.91940689 1.61666906
v 0.448313 10.98468018 1.77900195
v -0.028094 11.29760075 1.61378896
v 0.183144 11.22178459 1.78894806
v -0.028094 11.29760075 1.61378896
v 0.237923 11.22188473 1.62121701
v 0.46146899 11.27705765 1.78350997
v 0.00332 11.37924004 1.62602305
v 0.191737 11.31615067 1.77748597
v 0.00332 11.37924004 1.62602305
v 0.23789699 11.31624317 1.63560903
v 0.436701 11.36105728 1.77618897
v 0.016398 11.66987514 1.63050497
v 0.202464 11.5545311 1.78116202
v -0.087445 8.28316402 1.27650201
v 0.087961 6.99650002 1.60476005
v 0.06026 6.99520922 1.63407099
v -0.32679901 8.23370075 1.50601101
v 0.09352 6.99906206 1.60879695
v -0.074906 8.29573917 1.29283094
v -0.31426099 8.2462759 1.52233899
v 0.065819 6.99777222 1.63810802
v -0.31426099 8.2462759 1.52233899
v -0.98598599 9.00497532 1.16690302
v 0.14722601 9.09576321 1.58257198
v 0.106592 0.161506 1.56864905
v 0.028782 0.161506 1.56740797
v 0.07006 9.08662033 1.58155096
v 0.003557 0.161506 1.64102602
v 0.044835 9.08662033 1.65516901
v 0.065777 0.161506 1.687765
v 0.106411 9.09576321 1.701689
v 0.16969199 9.10141563 1.65682101
v 0.129456 0.161506 1.64303398
v 0.106592 0.161506 1.56864905
v 0.14722601 9.09576321 1.58257198
v 0.028782 0.161506 1.56740797
v 0.106592 0.161506 1.56864905
v 0.066832 0.161506 1.62157595
v 0.129456 0.161506 1.64303398
v 0.29230201 7.97434092 2.147964
v 0.070469 5.90642118 1.67014205
v 0.111946 5.90061712 1.61704004
v 0.66917199 7.92361403 1.73269105
v 0.061568 5.9124651 1.66449702
v 0.26677701 7.99272823 2.12210488
v 0.64364702 7.94199991 1.70683205
v 0.103046 5.90666103 1.61139405
v 0.66917199 7.92361403 1.73269105
v 1.37015295 8.77147675 2.17582893
v 0.27698901 3.71738291 2.1400919
v 0.074848 2.01054406 1.66901696
v 0.116326 2.00474 1.61591494
v 0.65385902 3.66665506 1.72481799
v 0.065948 2.01658797 1.66337204
v 0.25146401 3.73576999 2.11423302
v 0.62833399 3.6850419 1.69895899
v 0.107425 2.01078391 1.61026895
v 0.65385902 3.66665506 1.72481799
v 1.37453306 4.87559986 2.17470407
v 0.032032 4.98225403 1.25351906
v 0.081466 3.30901504 1.59200394
v 0.04825 3.30746603 1.62715101
v -0.265302 4.97211885 1.52518702
v 0.088132 3.31208706 1.59684503
v 0.050675 4.99144602 1.27433395
v -0.246659 4.98131084 1.54600203
v 0.054915 3.31053901 1.63199198
v -0.246659 4.98131084 1.54600203
v -0.71400201 6.42055321 1.23565602
v 2.54334903 1.87217402 2.0678761
v 2.43408799 0.27088001 1.69472003
v 2.46809006 0.26890799 1.64619398
v 2.855371 1.85914803 1.68556404
v 2.42515206 0.274746 1.69004095
v 2.51706195 1.88374305 2.04596996
v 2.82908297 1.870718 1.66365802
v 2.45915294 0.27277401 1.64151394
v 2.54334903 1.87217402 2.0678761
v 3.31096005 4.25860786 1.98476398
v 2.88485003 8.42225647 1.73807704
v 2.77515888 8.11634541 1.70802605
v 2.98237991 7.84652519 2.02522397
v 3.10425901 8.18642616 2.05861402
v 3.43343997 7.8947649 1.89257705
v 3.54312992 8.20067596 1.92262805
v 3.71459198 10.39763641 2.0188539
v 3.86570597 10.22444153 2.14549303
v 3.90271807 10.22525215 2.0009439
v 2.77515888 8.11634541 1.70802605
v 3.0828619 7.8468051 1.65517604
v 2.98237991 7.84652519 2.02522397
v 3.20442891 8.18681335 1.68845904
v 4.13246393 10.25706768 2.1349709
v 2.88485003 8.42225647 1.73807704
v 2.93832207 8.49802971 1.77215397
v 3.14783096 8.28886509 2.0433929
v 2.93832207 8.49802971 1.77215397
v 3.2342391 8.28924084 1.72361302
v 3.54096389 8.29519653 1.940889
v 3.07873392 8.88962173 1.81062102
v 3.28502798 8.67148685 2.08097911
v 3.07873392 8.88962173 1.81062102
v 3.3710351 8.67199802 1.76106405
v 3.68137598 8.68678856 1.97935605
v 3.12967396 8.95804691 1.844136
v 3.32765388 8.76413155 2.05542898
v 3.12967396 8.95804691 1.844136
v 3.39478993 8.76462269 1.80462694
v 3.67649007 8.77404118 1.99679101
v 3.24979496 9.29304695 1.87704396
v 3.44499207 9.09136772 2.08757496
v 3.24979496 9.29304695 1.87704396
v 3.51178598 9.09197617 1.83666003
v 3.79661012 9.10904312 2.02969909
v 3.29395795 9.36357594 1.90047002
v 3.48237991 9.17695141 2.07130194
v 3.29395795 9.36357594 1.90047002
v 3.53574395 9.17754078 1.86963606
v 3.8020761 9.19262314 2.0419631
v 3.41879201 9.71172047 1.93466902
v 3.61031199 9.53373528 2.10634995
v 3.41879201 9.71172047 1.93466902
v 3.66331911 9.53444672 1.90456903
v 3.92690897 9.54076767 2.0761621
v 3.45694709 9.76283932 1.94682801
v 3.64190507 9.61011982 2.09831095
v 3.45694709 9.76283932 1.94682801
v 3.68648791 9.61080265 1.92760503
v 3.92899299 9.60403824 2.07808495
v 3.55833292 10.04559231 1.97460401
v 3.74678993 9.90262985 2.12704492
v 3.55833292 10.04559231 1.97460401
v 3.79108191 9.90340996 1.95624697
v 4.03037977 9.88679123 2.10586095
v 3.61381006 10.11656857 1.99124396
v 3.78304505 9.99390984 2.12284708
v 3.61381006 10.11656857 1.99124396
v 3.82034397 9.99462223 1.97838902
v 4.03168201 9.97600079 2.10736108
v 3.71459198 10.39763641 2.0188539
v 3.86570597 10.22444153 2.14549303
v 2.15361309 3.01648903 1.42831004
v 2.36475301 2.21640491 1.62530398
v 2.36552906 2.21740389 1.67892206
v 2.20403695 3.03124595 1.94927299
v 2.37196589 2.21853209 1.62515497
v 2.18927908 3.02759004 1.42449701
v 2.23970294 3.04234695 1.94545996
v 2.37274098 2.21953106 1.67877197
v 2.23970294 3.04234695 1.94545996
v 1.61229801 5.04005003 1.505759
v 2.35981703 5.03598404 1.58220696
v 2.48200107 0.156165 1.61568105
v 2.40536499 0.144087 1.61961901
v 2.28320909 5.03039694 1.58615398
v 2.38480306 0.144087 1.69467402
v 2.26264691 5.03039694 1.66120803
v 2.4487319 0.156165 1.73712099
v 2.32654691 5.03598404 1.70364797
v 2.50880289 0.163629 1.68830097
v 2.38660002 5.03943777 1.65482199
v 2.38660002 5.03943777 1.65482199
v 2.50880289 0.163629 1.68830097
v 2.48200107 0.156165 1.61568105
v 2.44594097 0.15282699 1.67107904
v 2.4487319 0.156165 1.73712099
v 2.50880289 0.163629 1.68830097
v 2.95437002 7.85719109 1.85071099
v 3.018543 7.84652519 1.89322495
v 2.97493196 7.85719109 1.77565706
v 3.05181193 7.84652519 1.77178502
v 3.07876492 7.83993292 1.84444594
v 3.07876492 7.83993292 1.84444594
v 2.76132011 7.44379282 1.47534204
v 2.58189702 6.13787889 1.66691804
v 2.55827999 6.13913918 1.69528198
v 2.5485239 7.45963097 1.69670701
v 2.58754492 6.13927889 1.67038
v 2.77752209 7.44787884 1.49058199
v 2.56472707 7.46371794 1.71194804
v 2.56392908 6.14053917 1.69874406
v 2.56472707 7.46371794 1.71194804
v 2.398983 8.63691902 1.55408204
v 2.82826495 6.32571411 2.2189219
v 2.33432698 5.05267715 1.68948197
v 2.37071705 5.04270601 1.633425
v 3.16311598 6.23301983 1.77666795
v 2.32658505 5.06066513 1.68481398
v 2.80574298 6.35026979 2.19596696
v 3.14059496 6.25757599 1.75371301
v 2.36297488 5.05069399 1.628757
v 3.16311598 6.23301983 1.77666795
v 4.20302391 6.56605721 2.26062393
v -6.2694478 1.99228001 2.31069398
v -6.681355 0.097141 1.95367706
v -6.65883017 0.095239 1.89907396
v -6.06236792 1.91942596 1.87138402
v -6.69107199 0.100914 1.951069
v -6.29515314 2.01080108 2.29493403
v -6.08807182 1.93794799 1.85562396
v -6.66854811 0.099014 1.89646602
v -6.08807182 1.93794799 1.85562396
v -4.98314285 3.0554409 1.98972702
v -6.39396381 9.52016354 1.94524395
v -6.3789258 9.20204353 1.94470501
v -6.74228621 9.02250671 1.70638394
v -6.75899506 9.37597561 1.70698297
v -7.10159302 9.17321587 1.96652305
v -7.11663198 9.49133778 1.967062
v -6.62698412 11.6112442 1.90199304
v -6.85463715 11.49524498 1.82788301
v -6.8466568 11.49535084 1.97688401
v -6.3789258 9.20204353 1.94470501
v -6.72764778 9.02254295 2.08955312
v -6.74228621 9.02250671 1.70638394
v -6.74400902 9.3760252 2.09015894
v -7.08540297 11.59295654 1.91682994
v -6.39396381 9.52016354 1.94524395
v -6.42938423 9.60749054 1.92776299
v -6.76301479 9.48248196 1.73333597
v -6.42938423 9.60749054 1.92776299
v -6.74993706 9.48253155 2.06432605
v -7.09090281 9.58110237 1.947945
v -6.44863415 10.01471424 1.92845201
v -6.78182411 9.88037491 1.73400998
v -6.44863415 10.01471424 1.92845201
v -6.76830006 9.88044167 2.06500793
v -7.1101532 9.98832512 1.94863403
v -6.48383284 10.09443378 1.91083598
v -6.7850132 9.97669506 1.770051
v -6.48383284 10.09443378 1.91083598
v -6.77411795 9.97675896 2.0294559
v -7.08393097 10.07049561 1.92957699
v -6.50030184 10.44280529 1.91142499
v -6.80110121 10.31699371 1.77062798
v -6.50030184 10.44280529 1.91142499
v -6.78982401 10.31707287 2.03003693
v -7.10039902 10.41886806 1.93016696
v -6.52576113 10.5220871 1.90140605
v -6.80433702 10.40597725 1.79633296
v -6.52576113 10.5220871 1.90140605
v -6.79495001 10.40605354 2.00472999
v -7.08327723 10.49984741 1.91916299
v -6.54287386 10.88412762 1.90201902
v -6.821877 10.77700138 1.79696202
v -6.54287386 10.88412762 1.90201902
v -6.81209183 10.77709389 2.00535989
v -7.10039186 10.86188698 1.91977596
v -6.56555796 10.94281483 1.90118504
v -6.8250041 10.85642147 1.81318498
v -6.56555796 10.94281483 1.90118504
v -6.81646395 10.85651207 1.989411
v -7.08343697 10.92215633 1.91786301
v -6.57945585 11.2368536 1.90168202
v -6.83938217 11.16060734 1.81369996
v -6.57945585 11.2368536 1.90168202
v -6.83052111 11.16070747 1.98992705
v -7.09733582 11.21619415 1.91836095
v -6.61316776 11.31895733 1.90149796
v -6.84330511 11.25551033 1.82747698
v -6.61316776 11.31895733 1.90149796
v -6.8356452 11.25560188 1.97647798
v -7.07158804 11.30067062 1.91633606
v -6.62698412 11.6112442 1.90199304
v -6.85463715 11.49524498 1.82788301
v -6.40335417 8.20528984 2.19540501
v -6.68459797 6.91131401 1.95163798
v -6.66921806 6.91001701 1.91435599
v -6.26196194 8.15554619 1.89545
v -6.69123316 6.91389084 1.949857
v -6.42090511 8.21793747 2.18464398
v -6.27951384 8.16819286 1.88468897
v -6.67585421 6.91259384 1.91257501
v -6.27951384 8.16819286 1.88468897
v -5.52508307 8.93120193 1.97625303
v -6.73199987 9.02250671 1.99356198
v -6.68907404 0.037487 1.99202502
v -6.61597204 0.037487 1.965343
v -6.65957689 9.01331139 1.966905
v -6.61875677 0.037487 1.887573
v -6.66236305 9.01331139 1.889135
v -6.6935811 0.037487 1.86618996
v -6.73650694 9.02250671 1.86772704
v -6.77954483 9.02819061 1.93226695
v -6.737041 0.037487 1.93074405
v -6.68907404 0.037487 1.99202502
v -6.73199987 9.02250671 1.99356198
v -6.61597204 0.037487 1.965343
v -6.68907404 0.037487 1.99202502
v -6.67088509 0.037487 1.92837501
v -6.737041 0.037487 1.93074405
v -7.06976795 7.89471197 1.51750696
v -6.69165707 5.81504297 1.88432503
v -6.71139002 5.80920601 1.948753
v -7.2731061 7.84369707 2.04013205
v -6.68132591 5.82112122 1.88641298
v -7.03668118 7.91320276 1.53252101
v -7.24001789 7.86218691 2.05514598
v -6.70105791 5.81528378 1.95084
v -7.2731061 7.84369707 2.04013205
v -8.08623505 8.69637775 1.87713897
v -7.05265188 3.61356711 1.51937902
v -6.69534397 1.89703 1.88694298
v -6.71507692 1.89119303 1.95137
v -7.25599003 3.56255102 2.04200411
v -6.68501282 1.90310895 1.88902998
v -7.01956511 3.63205791 1.53439403
v -7.22290182 3.58104205 2.057019
v -6.70474482 1.89727199 1.95345795
v -7.25599003 3.56255102 2.04200411
v -8.08992195 4.77836514 1.87975597
v -6.50669813 4.88562489 2.2596159
v -6.67396879 3.202878 1.96122599
v -6.65552711 3.20132089 1.91652
v -6.32625103 4.87543201 1.89954698
v -6.68192482 3.2059679 1.95908999
v -6.53155518 4.8948698 2.24684906
v -6.35110617 4.88467693 1.88678002
v -6.6634841 3.20441198 1.91438496
v -6.35110617 4.88467693 1.88678002
v -5.80366087 6.3320961 2.00936699
v -3.85470295 1.734828 1.26059699
v -3.41963291 0.157171 1.67396402
v -3.44837403 0.15185399 1.72552204
v -4.12491703 1.68836796 1.67087698
v -3.41116691 0.162706 1.67765105
v -3.82912207 1.75166702 1.27953804
v -4.09933615 1.70520699 1.68981802
v -3.43990898 0.15739 1.72920895
v -3.85470295 1.734828 1.26059699
v -5.04042006 4.01691008 1.33766603
v -5.36810923 8.28700066 1.406829
v -5.20146513 7.99807596 1.43638897
v -5.38287401 7.67918587 1.14911699
v -5.56803322 8.00021172 1.11627197
v -5.82269621 7.66101599 1.32206905
v -5.98933983 7.9499402 1.29251003
v -6.57094002 10.12932587 1.14109898
v -6.69839382 9.92511463 1.03499806
v -6.72217989 9.92634678 1.18229902
v -5.20146513 7.99807596 1.43638897
v -5.44905901 7.67961121 1.52680898
v -5.38287401 7.67918587 1.14911699
v -5.63392305 8.00080013 1.49403799
v -6.96521902 9.91549683 1.06955802
v -5.36810923 8.28700066 1.406829
v -5.43753004 8.35316086 1.37548494
v -5.62833214 8.09697723 1.13217795
v -5.43753004 8.35316086 1.37548494
v -5.68513393 8.09754753 1.45851898
v -6.00623798 8.04461575 1.27104402
v -5.65084696 8.7230072 1.33764696
v -5.83676291 8.45835018 1.09520602
v -5.65084696 8.7230072 1.33764696
v -5.89318705 8.45912838 1.42163897
v -6.2195549 8.41446304 1.23320496
v -5.71637917 8.78220367 1.30686295
v -5.89342213 8.54586411 1.12162006
v -5.71637917 8.78220367 1.30686295
v -5.93738699 8.54661179 1.37750304
v -6.23237085 8.50230026 1.21254301
v -5.89886904 9.09860039 1.27449203
v -6.07168198 8.85492897 1.09000003
v -5.89886904 9.09860039 1.27449203
v -6.11532307 8.85585499 1.34595799
v -6.41486216 8.81869793 1.18017197
v -5.95725393 9.16144753 1.25304103
v -6.122715 8.93576908 1.10692
v -5.95725393 9.16144753 1.25304103
v -6.15749407 8.93666553 1.31260705
v -6.43670416 8.90140247 1.16575098
v -6.14690399 9.49026108 1.21940005
v -6.31707096 9.27273941 1.07244503
v -6.14690399 9.49026108 1.21940005
v -6.35151196 9.27382183 1.27820802
v -6.62635517 9.23021221 1.13211095
v -6.19482899 9.53503704 1.20922804
v -6.36144209 9.34489346 1.08092701
v -6.19482899 9.53503704 1.20922804
v -6.3903389 9.3459301 1.25497401
v -6.64022923 9.2934742 1.12832499
v -6.34885597 9.80208778 1.18190598
v -6.52078485 9.6211586 1.05266201
v -6.34885597 9.80208778 1.18190598
v -6.54940701 9.62234592 1.22677004
v -6.79425812 9.56052494 1.10100305
v -6.41782999 9.86386585 1.16825902
v -6.57281399 9.70738316 1.05727398
v -6.41782999 9.86386585 1.16825902
v -6.5968709 9.70846558 1.20451498
v -6.81210804 9.65003777 1.096717
v -6.57094002 10.12932587 1.14109898
v -6.69839382 9.92511463 1.03499806
v -3.62712407 2.9774611 1.82284701
v -3.70409989 2.12953401 1.67289197
v -3.70974708 2.12805104 1.61958003
v -3.72500992 2.9612391 1.30872297
v -3.71155596 2.13052106 1.67365205
v -3.66382909 2.98306298 1.82964206
v -3.76171589 2.96684098 1.31551695
v -3.71720409 2.1290381 1.62033904
v -3.76171589 2.96684098 1.31551695
v -3.47576308 5.09782791 1.62857401
v -4.21515989 4.97009993 1.62312901
v -3.43856812 0.037487 1.76088297
v -3.36149502 0.037487 1.75013101
v -4.13931179 4.97662687 1.61215997
v -3.34790301 0.037487 1.67350698
v -4.12572002 4.97662687 1.53553605
v -3.41657591 0.037487 1.63690305
v -4.19316816 4.97009993 1.49914896
v -3.47261 0.037487 1.69090402
v -4.24844599 4.96606588 1.55328405
v -4.24844599 4.96606588 1.55328405
v -3.47261 0.037487 1.69090402
v -3.43856812 0.037487 1.76088297
v -3.40742993 0.037487 1.70246601
v -3.41657591 0.037487 1.63690305
v -3.47261 0.037487 1.69090402
v -5.34205198 7.70211983 1.31977999
v -5.40677786 7.67918587 1.28387594
v -5.35564423 7.70211983 1.39640403
v -5.42877007 7.67918587 1.40785599
v -5.46037292 7.66501188 1.33830905
v -5.46037292 7.66501188 1.33830905
v -5.04351902 7.33364296 1.68860996
v -4.64358091 6.03968 1.52375305
v -4.62312889 6.04349804 1.49326003
v -4.8570652 7.37406397 1.44774997
v -4.64968491 6.0400281 1.52079499
v -5.06150579 7.3344779 1.67483902
v -4.87505293 7.37489891 1.43397903
v -4.62923193 6.04384518 1.49030197
v -4.87505293 7.37489891 1.43397903
v -4.91482019 8.5893364 1.537081
v -4.96834517 6.16476679 0.99155998
v -4.20263577 4.98627281 1.51343298
v -4.23158598 4.97285414 1.57297206
v -5.24101782 6.03708982 1.46624398
v -4.1961031 4.99576521 1.51708603
v -4.94876003 6.19411707 1.01147497
v -5.22143316 6.06644106 1.48616004
v -4.22505283 4.98234606 1.57662499
v -5.24101782 6.03708982 1.46624398
v -6.36517191 6.18364811 1.07185102
v -1.71891499 2.15793991 2.22627401
v -2.13082099 0.102196 1.86925697
v -2.10829592 0.100134 1.81465399
v -1.51183498 2.07891202 1.78696406
v -2.14053893 0.10629 1.86664903
v -1.74461997 2.17803097 2.21051407
v -1.53753901 2.09900403 1.77120399
v -2.1180141 0.104228 1.81204605
v -1.53753901 2.09900403 1.77120399
v -0.43261001 3.3111999 1.90530705
v -1.843431 10.32378101 1.86082399
v -1.82839203 9.97870064 1.86028504
v -2.19175196 9.78394985 1.62196505
v -2.208462 10.1673727 1.622563
v -2.55105996 9.94743061 1.88210404
v -2.56609893 10.29251194 1.88264203
v -2.07645106 12.59207153 1.81757295
v -2.30410409 12.46624088 1.74346304
v -2.29612398 12.46635628 1.89246404
v -1.82839203 9.97870064 1.86028504
v -2.17711496 9.783988 2.00513291
v -2.19175196 9.78394985 1.62196505
v -2.19347596 10.16742706 2.00573897
v -2.53486991 12.57223415 1.83241105
v -1.843431 10.32378101 1.86082399
v -1.87885106 10.41850853 1.84334302
v -2.21248102 10.28290462 1.64891696
v -1.87885106 10.41850853 1.84334302
v -2.19940305 10.28295898 1.97990596
v -2.54036999 10.38988304 1.86352503
v -1.89810097 10.86024189 1.84403205
v -2.2312901 10.71451759 1.64959002
v -1.89810097 10.86024189 1.84403205
v -2.21776605 10.71459007 1.98058903
v -2.5596199 10.83161545 1.86421394
v -1.93330002 10.94671822 1.82641602
v -2.2344799 10.8190012 1.68563199
v -1.93330002 10.94671822 1.82641602
v -2.22358489 10.81907082 1.94503605
v -2.53339791 10.92075062 1.84515703
v -1.94976902 11.32461262 1.82700598
v -2.25056696 11.18813896 1.68620801
v -1.94976902 11.32461262 1.82700598
v -2.23929 11.18822384 1.94561696
v -2.54986501 11.29864597 1.84574699
v -1.97522795 11.41061306 1.81698596
v -2.25380397 11.2846632 1.71191394
v -1.97522795 11.41061306 1.81698596
v -2.24441695 11.28474712 1.92031002
v -2.53274393 11.38648796 1.83474302
v -1.99234104 11.80333424 1.81759906
v -2.27134299 11.68712997 1.71254206
v -1.99234104 11.80333424 1.81759906
v -2.26155901 11.68723106 1.92094004
v -2.54985905 11.77921009 1.835356
v -2.0150249 11.86699486 1.81676495
v -2.27447104 11.7732811 1.72876501
v -2.0150249 11.86699486 1.81676495
v -2.26593089 11.77337837 1.90499103
v -2.53290391 11.84458637 1.833444
v -2.02892303 12.18595219 1.81726301
v -2.28884912 12.10324478 1.72927999
v -2.02892303 12.18595219 1.81726301
v -2.2799871 12.10335445 1.90550697
v -2.546803 12.16354179 1.83394098
v -2.06263494 12.27501392 1.81707799
v -2.29277205 12.20619011 1.74305701
v -2.06263494 12.27501392 1.81707799
v -2.2851131 12.20629025 1.89205801
v -2.52105403 12.25517845 1.83191597
v -2.07645106 12.59207153 1.81757295
v -2.30410409 12.46624088 1.74346304
v -1.85282099 8.8974762 2.11098504
v -2.13406491 7.49384308 1.86721802
v -2.11868501 7.49243498 1.82993603
v -1.711429 8.8435173 1.81103003
v -2.1407001 7.49663782 1.86543798
v -1.87037098 8.9111948 2.10022402
v -1.72897995 8.85723591 1.80026901
v -2.12531996 7.4952302 1.82815599
v -1.72897995 8.85723591 1.80026901
v -0.974549 9.68490696 1.89183295
v -2.18146801 9.78394985 1.90914202
v -2.13854194 0.037487 1.90760505
v -2.06543899 0.037487 1.88092399
v -2.10904408 9.77397537 1.88248503
v -2.06822395 0.037487 1.80315399
v -2.11183 9.77397537 1.80471504
v -2.14304805 0.037487 1.78176999
v -2.18597388 9.78394985 1.78330803
v -2.22901201 9.7901144 1.84784698
v -2.18650699 0.037487 1.84632504
v -2.13854194 0.037487 1.90760505
v -2.18146801 9.78394985 1.90914202
v -2.06543899 0.037487 1.88092399
v -2.13854194 0.037487 1.90760505
v -2.12035203 0.037487 1.84395504
v -2.18650699 0.037487 1.84632504
v -2.5192349 8.5605793 1.43308699
v -2.14112401 6.304667 1.79990602
v -2.16085601 6.29833412 1.86433303
v -2.72257209 8.50524044 1.95571196
v -2.13079309 6.31126022 1.80199301
v -2.48614693 8.58063698 1.448102
v -2.68948507 8.52529812 1.97072601
v -2.15052509 6.30492783 1.86642098
v -2.72257209 8.50524044 1.95571196
v -3.53570199 9.43018246 1.79271901
v -2.50211906 3.91662502 1.43496001
v -2.14481091 2.05461907 1.80252302
v -2.16454291 2.04828691 1.86695004
v -2.70545602 3.86128497 1.95758498
v -2.13448 2.06121206 1.80461001
v -2.46903205 3.93668294 1.44997394
v -2.672369 3.88134289 1.97259903
v -2.154212 2.0548799 1.86903799
v -2.70545602 3.86128497 1.95758498
v -3.5393889 5.18013382 1.79533696
v -1.95616496 5.29648399 2.17519593
v -2.12343597 3.47113204 1.87680602
v -2.10499406 3.46944308 1.83210099
v -1.77571702 5.28542709 1.81512702
v -2.131392 3.47448301 1.87467098
v -1.98102105 5.30651188 2.16242909
v -1.80057299 5.29545498 1.80236006
v -2.11295009 3.47279501 1.829965
v -1.80057299 5.29545498 1.80236006
v -1.25312805 6.86553717 1.92494702
v -1.19480801 2.21460795 0.48801199
v -1.43433499 0.196356 -0.001636
v -1.39225399 0.19433101 -0.043085
v -0.83244699 2.13702202 0.164639
v -1.44225895 0.20037501 -0.007836
v -1.21230495 2.23433304 0.463456
v -0.84994298 2.1567471 0.140084
v -1.40017796 0.198351 -0.049285
v -0.84994298 2.1567471 0.140084
v 0.114595 3.34683609 0.69552797
v -1.16652501 10.23152447 0.102969
v -1.15247297 9.89273739 0.108353
v -1.39372694 9.70153713 -0.253066
v -1.40934002 10.0779686 -0.25904801
v -1.82614303 9.86203766 -0.154121
v -1.84019494 10.20082474 -0.15950499
v -1.36408401 12.45844555 -0.027947
v -1.54463899 12.33491039 -0.185167
v -1.59555197 12.33502293 -0.044908
v -1.15247297 9.89273739 0.108353
v -1.53006995 9.70157623 0.105323
v -1.39372694 9.70153713 -0.253066
v -1.54536498 10.07802105 0.099484
v -1.79181194 12.43897057 -0.193528
v -1.16652501 10.23152447 0.102969
v -1.19229102 10.32452393 0.073031
v -1.42334402 10.19139385 -0.23636401
v -1.19229102 10.32452393 0.073031
v -1.54071999 10.1914463 0.07339
v -1.80904102 10.29642105 -0.167041
v -1.21027803 10.75820065 0.066139
v -1.44091797 10.61513424 -0.24309801
v -1.21027803 10.75820065 0.066139
v -1.55788803 10.61520576 0.066838
v -1.82702804 10.73009777 -0.173933
v -1.23578703 10.84310055 0.036162
v -1.45794594 10.7177124 -0.211173
v -1.23578703 10.84310055 0.036162
v -1.54934299 10.71778011 0.031841
v -1.79544103 10.81760597 -0.18122099
v -1.25117505 11.21410275 0.030266
v -1.472978 11.08011723 -0.216933
v -1.25117505 11.21410275 0.030266
v -1.56402504 11.08020115 0.026235
v -1.81082904 11.18861008 -0.187117
v -1.27068996 11.29853439 0.011089
v -1.48600805 11.17488194 -0.194539
v -1.27068996 11.29853439 0.011089
v -1.55884898 11.17496395 0.000938
v -1.79076803 11.27484894 -0.19055
v -1.28667998 11.68409443 0.004963
v -1.50239599 11.57000828 -0.200818
v -1.28667998 11.68409443 0.004963
v -1.57487297 11.57010746 -0.005184
v -1.80675995 11.66040897 -0.196678
v -1.30723202 11.74659348 -0.004674
v -1.51161802 11.6545887 -0.18711001
v -1.30723202 11.74659348 -0.004674
v -1.57266104 11.65468407 -0.021573
v -1.79040694 11.72459221 -0.191809
v -1.32021904 12.05973434 -0.00965
v -1.52505302 11.9785347 -0.192257
v -1.32021904 12.05973434 -0.00965
v -1.58580005 11.97864246 -0.026594
v -1.80339396 12.03773212 -0.196785
v -1.35117495 12.14717102 -0.023001
v -1.53404999 12.07960224 -0.18110999
v -1.35117495 12.14717102 -0.023001
v -1.58525896 12.07970047 -0.040976
v -1.77890301 12.12769699 -0.188582
v -1.36408401 12.45844555 -0.027947
v -1.54463899 12.33491039 -0.185167
v -1.27297795 8.83123207 0.32954401
v -1.43652296 7.453197 -0.00478
v -1.40779102 7.45181513 -0.033081
v -1.02556205 8.77825642 0.10875
v -1.44193399 7.4559412 -0.009014
v -1.28492403 8.84469986 0.312778
v -1.03750896 8.79172421 0.091984
v -1.41320097 7.45455885 -0.037315
v -1.03750896 8.79172421 0.091984
v -0.37893501 9.60430145 0.47123301
v -1.496544 9.70153713 0.015272
v -1.45643401 0.132827 0.030641
v -1.37871897 0.132827 0.034666
v -1.41946399 9.6917448 0.019054
v -1.35087502 0.132827 -0.038002
v -1.39162004 9.6917448 -0.053614
v -1.41138196 0.132827 -0.086939
v -1.45149195 9.70153713 -0.102308
v -1.51633799 9.7075901 -0.059733
v -1.47662103 0.132827 -0.044515
v -1.45643401 0.132827 0.030641
v -1.496544 9.70153713 0.015272
v -1.37871897 0.132827 0.034666
v -1.45643401 0.132827 0.030641
v -1.41480601 0.132827 -0.02083
v -1.47662103 0.132827 -0.044515
v -1.62129104 8.50047874 -0.55495
v -1.41670203 6.28570795 -0.069495
v -1.46005297 6.27949095 -0.017911
v -2.01278305 8.44614887 -0.153432
v -1.40800905 6.29218102 -0.063534
v -1.59670806 8.52017117 -0.52819401
v -1.988199 8.46584129 -0.12667599
v -1.45136094 6.28596497 -0.01195
v -2.01278305 8.44614887 -0.153432
v -2.69745398 9.35422134 -0.62137502
v -1.60626996 3.94121909 -0.54653502
v -1.42111897 2.1131711 -0.068528
v -1.46447003 2.10695505 -0.016944
v -1.99776101 3.88688898 -0.145016
v -1.41242599 2.11964512 -0.062567
v -1.58168602 3.96091104 -0.51977903
v -1.97317803 3.90658092 -0.11826
v -1.455778 2.11342812 -0.010983
v -1.99776101 3.88688898 -0.145016
v -2.70187092 5.18168497 -0.62040699
v -1.39320099 5.29591322 0.34823799
v -1.43048894 3.50384998 0.0082
v -1.39603496 3.50219202 -0.025736
v -1.08633399 5.28505802 0.087385
v -1.43697703 3.50714111 0.003124
v -1.41108704 5.305758 0.32676801
v -1.10422003 5.2949028 0.065916
v -1.40252399 3.5054841 -0.030812
v -1.10422003 5.2949028 0.065916
v -0.64828497 6.83634996 0.39278999
v -3.87376189 1.964975 -0.55548102
v -3.77792692 0.24996699 -0.178654
v -3.81364298 0.24785499 -0.131375
v -4.19926786 1.95102406 -0.184582
v -3.76916409 0.25410801 -0.173658
v -3.8482759 1.97736502 -0.53264803
v -4.17378092 1.96341503 -0.16174801
v -3.8048799 0.25199601 -0.126379
v -3.87376189 1.964975 -0.55548102
v -4.643857 4.52087784 -0.49989599
v -4.22684813 8.98020172 -0.238116
v -4.11830282 8.65256691 -0.20415901
v -4.31403923 8.36358547 -0.52857
v -4.43464422 8.72762489 -0.56629997
v -4.769557 8.41525173 -0.41215199
v -4.87810087 8.74288654 -0.446109
v -5.04601002 11.09585953 -0.54841101
v -5.19249392 10.91036797 -0.68037599
v -5.2346549 10.91123486 -0.53724498
v -4.11830282 8.65256691 -0.20415901
v -4.427701 8.36388493 -0.16235501
v -4.31403923 8.36358547 -0.52857
v -4.54799795 8.72803879 -0.199968
v -5.45945692 10.94530964 -0.67940903
v -4.22684813 8.98020172 -0.238116
v -4.27906609 9.06135654 -0.27408499
v -4.47873402 8.83733845 -0.55264902
v -4.27906609 9.06135654 -0.27408499
v -4.57653093 8.8377409 -0.236167
v -4.87528276 8.84411907 -0.46428099
v -4.41801214 9.48075676 -0.31755301
v -4.61449718 9.24713135 -0.59512103
v -4.41801214 9.48075676 -0.31755301
v -4.7118988 9.24767876 -0.27849001
v -5.01422882 9.26351929 -0.50774902
v -4.46772003 9.55404091 -0.35286999
v -4.65801096 9.34635353 -0.57111299
v -4.46772003 9.55404091 -0.35286999
v -4.73407984 9.34688091 -0.32287499
v -5.00872087 9.35696793 -0.52499801
v -4.586586 9.91283035 -0.39005601
v -4.77412319 9.69682884 -0.60743803
v -4.586586 9.91283035 -0.39005601
v -4.84985399 9.69748116 -0.359074
v -5.12758589 9.71575928 -0.56218398
v -4.62988186 9.98836803 -0.415048
v -4.81206989 9.7884903 -0.59251398
v -4.62988186 9.98836803 -0.415048
v -4.87261677 9.78912163 -0.392887
v -5.13260984 9.80527496 -0.57463598
v -4.75341177 10.36123562 -0.453693
v -4.93866491 10.17061043 -0.63211799
v -4.75341177 10.36123562 -0.453693
v -4.99885893 10.17137241 -0.43236399
v -5.25614023 10.17814255 -0.61328101
v -4.79110718 10.41598415 -0.46720901
v -4.97052479 10.25241947 -0.62521499
v -4.79110718 10.41598415 -0.46720901
v -5.02119017 10.25315094 -0.45621401
v -5.25815296 10.24590588 -0.61527699
v -4.89143515 10.71881676 -0.49859601
v -5.07431507 10.56570053 -0.65768403
v -4.89143515 10.71881676 -0.49859601
v -5.12469196 10.5665369 -0.488581
v -5.35848093 10.54873753 -0.64666402
v -4.94628 10.79483318 -0.51721102
v -5.11069679 10.66346359 -0.65478599
v -4.94628 10.79483318 -0.51721102
v -5.15314198 10.66422653 -0.511756
v -5.35972786 10.64428329 -0.64820898
v -5.04601002 11.09585953 -0.54841101
v -5.19249392 10.91036797 -0.68037599
v -3.5071671 3.190552 0.097624
v -3.71112108 2.33365107 -0.106801
v -3.70997691 2.33472109 -0.160411
v -3.53891301 3.206357 -0.42480999
v -3.71833491 2.33592892 -0.106909
v -3.5429461 3.20244098 0.100158
v -3.57469201 3.21824598 -0.42227599
v -3.71719003 2.33699894 -0.16052
v -3.57469201 3.21824598 -0.42227599
v -2.96342707 5.35781288 0.039599
v -3.70773005 5.35345793 -0.063555
v -3.82863808 0.127106 -0.10138
v -3.75190997 0.11417 -0.102573
v -3.63103008 5.34747505 -0.064757
v -3.72867489 0.11417 -0.176843
v -3.607795 5.34747505 -0.139027
v -3.791044 0.127106 -0.221552
v -3.67013502 5.35345793 -0.183727
v -3.85282397 0.13510101 -0.174913
v -3.73189807 5.35715818 -0.137082
v -3.73189807 5.35715818 -0.137082
v -3.85282397 0.13510101 -0.174913
v -3.82863808 0.127106 -0.10138
v -3.79061794 0.123531 -0.155452
v -3.791044 0.127106 -0.221552
v -3.85282397 0.13510101 -0.174913
v -4.29229307 8.37500954 -0.35316601
v -4.35490179 8.36358547 -0.39794999
v -4.31552792 8.37500954 -0.278896
v -4.39249706 8.36358547 -0.277778
v -4.41683197 8.35652637 -0.35135701
v -4.41683197 8.35652637 -0.35135701
v -4.11280107 7.93225384 0.028872
v -3.92663598 6.53360319 -0.15616
v -3.90201902 6.53495216 -0.18366
v -3.89221907 7.94921684 -0.184735
v -3.93215704 6.53510189 -0.159821
v -4.12844801 7.9366312 0.013061
v -3.907866 7.95359516 -0.200546
v -3.90754008 6.53645182 -0.18732201
v -3.907866 7.95359516 -0.200546
v -3.74787688 9.21010876 -0.036849
v -4.15309 6.73477697 -0.71662802
v -3.67841697 5.37133598 -0.169848
v -3.71679091 5.36065817 -0.115129
v -4.50355482 6.63549995 -0.28664199
v -3.67084694 5.37989187 -0.16490699
v -4.13140392 6.76107597 -0.69288099
v -4.48187017 6.66179991 -0.26289499
v -3.70921993 5.36921406 -0.110188
v -4.50355482 6.63549995 -0.28664199
v -5.52547598 6.99218702 -0.80750698
v 4.94207907 2.09361005 -0.48272401
v 5.34094286 0.06389 -0.111193
v 5.31647921 0.061854 -0.057431
v 4.71940899 2.01558208 -0.051107
v 5.3505621 0.067932 -0.108239
v 4.96720314 2.113446 -0.46605399
v 4.74453211 2.03541899 -0.034437
v 5.32609701 0.065896 -0.054477
v 4.74453211 2.03541899 -0.034437
v 3.64511108 3.23227 -0.208001
v 5.05343485 10.15607643 -0.113051
v 5.03838682 9.81536484 -0.113051
v 5.39298391 9.62307835 0.13812201
v 5.40970421 10.00164795 0.13812201
v 5.76137304 9.78448963 -0.10899
v 5.77642107 10.12520218 -0.10899
v 5.28475809 12.39565086 -0.061488
v 5.50961208 12.2714138 0.020722
v 5.50696993 12.27152729 -0.12846901
v 5.03838682 9.81536484 -0.113051
v 5.39207077 9.62311554 -0.245325
v 5.39298391 9.62307835 0.13812201
v 5.40844202 10.00170135 -0.245345
v 5.74341393 12.37606525 -0.059909
v 5.05343485 10.15607643 -0.113051
v 5.08820677 10.24960423 -0.094314
v 5.41466522 10.11571789 0.111929
v 5.08820677 10.24960423 -0.094314
v 5.41344213 10.11577129 -0.219317
v 5.7500248 10.22134113 -0.090806
v 5.10747004 10.68574524 -0.094314
v 5.43348598 10.5418663 0.111929
v 5.10747004 10.68574524 -0.094314
v 5.43181705 10.54193783 -0.21934099
v 5.76928711 10.65748215 -0.090806
v 5.14201498 10.77112675 -0.075449
v 5.43796301 10.64502716 0.076025
v 5.14201498 10.77112675 -0.075449
v 5.43635893 10.64509487 -0.183603
v 5.74239922 10.74548817 -0.0727
v 5.15849495 11.14423847 -0.075449
v 5.45406199 11.00949097 0.076025
v 5.15849495 11.14423847 -0.075449
v 5.45207596 11.00957584 -0.183621
v 5.75887823 11.11859989 -0.0727
v 5.18357801 11.22914886 -0.064524
v 5.45821619 11.10479355 0.050451
v 5.18357801 11.22914886 -0.064524
v 5.45629311 11.10487747 -0.15814801
v 5.74137306 11.2053299 -0.062316
v 5.20070314 11.61689854 -0.064524
v 5.47576618 11.50216579 0.050451
v 5.20070314 11.61689854 -0.064524
v 5.47344685 11.50226498 -0.15816399
v 5.75849915 11.59307957 -0.062316
v 5.22334194 11.67975426 -0.062879
v 5.47947216 11.58722591 0.034351
v 5.22334194 11.67975426 -0.062879
v 5.47724485 11.58732224 -0.142069
v 5.74148703 11.65762806 -0.061011
v 5.2372489 11.99467373 -0.062879
v 5.49385881 11.91301346 0.034351
v 5.2372489 11.99467373 -0.062879
v 5.49131107 11.91312027 -0.14208101
v 5.75539398 11.97254658 -0.061011
v 5.27093315 12.08260727 -0.061488
v 5.4982729 12.01465511 0.020722
v 5.27093315 12.08260727 -0.061488
v 5.49595213 12.01475334 -0.12845699
v 5.72958899 12.06302261 -0.059909
v 5.28475809 12.39565086 -0.061488
v 5.50961208 12.2714138 0.020722
v 5.07177305 8.74782753 -0.36271599
v 5.34411192 7.3619628 -0.109039
v 5.32740688 7.36057281 -0.072332
v 4.91973591 8.69455147 -0.068014
v 5.35067892 7.36472321 -0.107022
v 5.08892679 8.76137257 -0.35133401
v 4.93689108 8.70809746 -0.056631
v 5.33397484 7.36333323 -0.070314
v 4.93689108 8.70809746 -0.056631
v 4.18622017 9.52528954 -0.175138
v 5.39298391 9.62307835 -0.14924
v 5.3500309 0 -0.14924
v 5.27602005 0 -0.125192
v 5.31965399 9.61322975 -0.125192
v 5.27602005 0 -0.047372
v 5.31965399 9.61322975 -0.047372
v 5.3500309 0 -0.023324
v 5.39298391 9.62307835 -0.023324
v 5.4383049 9.62916565 -0.086282
v 5.39577293 0 -0.086282
v 5.3500309 0 -0.14924
v 5.39298391 9.62307835 -0.14924
v 5.27602005 0 -0.125192
v 5.3500309 0 -0.14924
v 5.32957506 0 -0.086282
v 5.39577293 0 -0.086282
v 5.71349716 8.41519547 0.338599
v 5.34875679 6.18784094 -0.041517
v 5.37078285 6.18158913 -0.105197
v 5.93541002 8.3605566 -0.176413
v 5.33850718 6.1943512 -0.043973
v 5.68096781 8.43499947 0.32240999
v 5.90288115 8.3803606 -0.19260199
v 5.36053324 6.18809891 -0.107653
v 5.93541002 8.3605566 -0.176413
v 6.74218416 9.27378941 0.015578
v 5.69645882 3.83003092 0.33611599
v 5.3525362 1.99159598 -0.044001
v 5.37456083 1.98534501 -0.107681
v 5.91837215 3.77539206 -0.17889699
v 5.34228611 1.998106 -0.046457
v 5.66392994 3.84983492 0.31992701
v 5.8858428 3.79519606 -0.195086
v 5.36431122 1.99185503 -0.110137
v 5.91837215 3.77539206 -0.17889699
v 6.7459631 5.07754517 0.013094
v 5.17734909 5.19242191 -0.42318699
v 5.33383322 3.39017701 -0.119001
v 5.31380177 3.38850999 -0.074985
v 4.98412895 5.1815052 -0.069807
v 5.34170723 3.39348602 -0.116583
v 5.20173216 5.20232296 -0.409538
v 5.00851202 5.19140577 -0.056158
v 5.32167721 3.391819 -0.072566
v 5.00851202 5.19140577 -0.056158
v 4.46580601 6.741611 -0.19826099
v 2.49129701 1.81787503 0.48027399
v 2.07130098 0.12818301 0.0516
v 2.10186911 0.122489 0.001104
v 2.77602196 1.768116 0.079928
v 2.06297207 0.134112 0.047613
v 2.46640992 1.83590996 0.46043
v 2.75113606 1.78615105 0.060084
v 2.09353995 0.128418 -0.002884
v 2.49129701 1.81787503 0.48027399
v 3.67901206 4.26201582 0.445692
v 4.00896692 8.83534145 0.388302
v 3.84348798 8.52589989 0.352797
v 4.01449919 8.18436337 0.64637798
v 4.19836378 8.5281868 0.68582797
v 4.46022892 8.16490269 0.48927799
v 4.62570906 8.47434425 0.52478302
v 5.20151711 10.80849648 0.69691199
v 5.32509184 10.58978367 0.80750698
v 5.35413408 10.5911026 0.66115201
v 3.84348798 8.52589989 0.352797
v 4.09416008 8.18481922 0.27129701
v 4.01449919 8.18436337 0.64637798
v 4.2777319 8.52881622 0.31066301
v 5.59298182 10.57948303 0.78252
v 4.00896692 8.83534145 0.388302
v 4.07722092 8.90619946 0.42210999
v 4.25919294 8.63182354 0.67209101
v 4.07722092 8.90619946 0.42210999
v 4.3276391 8.63243389 0.347992
v 4.64182711 8.57574368 0.546839
v 4.28904819 9.30230999 0.46755999
v 4.46616697 9.01885891 0.71649897
v 4.28904819 9.30230999 0.46755999
v 4.53423786 9.01969242 0.392295
v 4.85365391 8.97185516 0.59228897
v 4.35343599 9.36571026 0.500669
v 4.52373505 9.11258698 0.69212902
v 4.35343599 9.36571026 0.500669
v 4.57682991 9.11338806 0.437985
v 4.86572218 9.06592941 0.613397
v 4.53464985 9.70457554 0.53955102
v 4.70074987 9.4435997 0.73010999
v 4.53464985 9.70457554 0.53955102
v 4.75352383 9.44459248 0.47587699
v 5.04693699 9.4047966 0.65227801
v 4.59222984 9.77188683 0.56307799
v 4.7523551 9.53018093 0.71502697
v 4.59222984 9.77188683 0.56307799
v 4.79447412 9.53114128 0.51071697
v 5.06824923 9.49337292 0.66747099
v 4.78055477 10.12404919 0.60348499
v 4.94535303 9.89108086 0.75643599
v 4.78055477 10.12404919 0.60348499
v 4.98713589 9.89223957 0.55203801
v 5.25657415 9.84553337 0.70787799
v 4.82808399 10.1720047 0.61536598
v 4.98999882 9.96835709 0.74954802
v 4.82808399 10.1720047 0.61536598
v 5.02510691 9.96946907 0.57664698
v 5.2703042 9.91328812 0.71215802
v 4.98103619 10.45802021 0.64818299
v 5.14822912 10.26424217 0.78349799
v 4.98103619 10.45802021 0.64818299
v 5.18306398 10.26551437 0.61052603
v 5.42325592 10.19930267 0.74497497
v 5.0494771 10.52418518 0.66429001
v 5.20038795 10.35659027 0.78075099
v 5.0494771 10.52418518 0.66429001
v 5.22970104 10.35774899 0.63446498
v 5.44094181 10.29517269 0.74989802
v 5.20151711 10.80849648 0.69691199
v 5.32509184 10.58978367 0.80750698
v 2.28398705 3.14875197 -0.089761
v 2.35554695 2.24060988 0.062853
v 2.35928202 2.23902202 0.116333
v 2.36341 3.13137889 0.42753699
v 2.3630259 2.24166799 0.06236
v 2.32091188 3.15475202 -0.095238
v 2.40033507 3.13737893 0.422061
v 2.36676097 2.24008012 0.115841
v 2.40033507 3.13737893 0.422061
v 2.12577009 5.41969395 0.098971
v 2.86449909 5.28289604 0.130876
v 2.09333396 0 -0.034585
v 2.01592493 0 -0.026599
v 2.788306 5.289886 0.13912299
v 1.99960005 0 0.049489
v 2.771981 5.289886 0.215211
v 2.06691909 0 0.088528
v 2.83808303 5.28289604 0.25398901
v 2.12485003 0 0.036567
v 2.89526296 5.27857494 0.201867
v 2.89526296 5.27857494 0.201867
v 2.12485003 0 0.036567
v 2.09333396 0 -0.034585
v 2.06012607 0 0.02268
v 2.06691909 0 0.088528
v 2.12485003 0 0.036567
v 3.97981095 8.2089262 0.474363
v 4.04321098 8.18436337 0.51256102
v 3.99613595 8.2089262 0.398274
v 4.0696249 8.18436337 0.389447
v 4.09872007 8.16918373 0.46008
v 4.09872007 8.16918373 0.46008
v 3.69467092 7.81428289 0.095084
v 3.28908896 6.42843103 0.24552099
v 3.2675581 6.43251896 0.27526301
v 3.49971509 7.85757399 0.32911599
v 3.29508305 6.42880297 0.248696
v 3.71215296 7.81517696 0.10949
v 3.51719904 7.85846806 0.34352201
v 3.27355099 6.43289089 0.27843699
v 3.51719904 7.85846806 0.34352201
v 3.56063008 9.15914726 0.24191
v 3.59459591 6.56239986 0.78899699
v 2.84805703 5.30021811 0.240053
v 2.87911892 5.2858448 0.18158799
v 3.88408399 6.4256568 0.32437599
v 2.84165812 5.31038284 0.236168
v 3.575737 6.59383392 0.76839399
v 3.86522388 6.45709085 0.303772
v 2.87272096 5.29601097 0.17770401
v 3.88408399 6.4256568 0.32437599
v 4.993402 6.58262205 0.75875199
v 0.39144 2.271034 -0.56122702
v 0.79030502 0.069305 -0.189696
v 0.76583999 0.067096 -0.135934
v 0.16877 2.18639398 -0.12961
v 0.799923 0.073689 -0.18674099
v 0.41656399 2.29255199 -0.54455698
v 0.193893 2.20791197 -0.11294
v 0.77545798 0.071481 -0.13298
v 0.193893 2.20791197 -0.11294
v -0.90552801 3.50619102 -0.28650299
v 0.50279599 11.01676083 -0.191554
v 0.487748 10.64717484 -0.191554
v 0.84234601 10.43859386 0.059619
v 0.85906601 10.84924507 0.059619
v 1.21073401 10.6136837 -0.187493
v 1.22578204 10.98327065 -0.187493
v 0.734119 13.4461298 -0.139991
v 0.958974 13.31136417 -0.057781
v 0.95633203 13.3114872 -0.206971
v 0.487748 10.64717484 -0.191554
v 0.84143198 10.43863487 -0.32382801
v 0.84234601 10.43859386 0.059619
v 0.857804 10.84930325 -0.32384801
v 1.19277501 13.42488384 -0.138412
v 0.50279599 11.01676083 -0.191554
v 0.53756899 11.11821461 -0.17281701
v 0.86402601 10.97298145 0.033426
v 0.53756899 11.11821461 -0.17281701
v 0.86280298 10.97303963 -0.29781899
v 1.199386 11.08755684 -0.16930901
v 0.556831 11.59131718 -0.17281701
v 0.88284701 11.43524456 0.033426
v 0.556831 11.59131718 -0.17281701
v 0.88117802 11.43532181 -0.29784399
v 1.21864903 11.56065845 -0.16930901
v 0.59137702 11.68393421 -0.153951
v 0.88732499 11.54714775 -0.002478
v 0.59137702 11.68393421 -0.153951
v 0.88572103 11.54722214 -0.262106
v 1.19175994 11.65612316 -0.15120199
v 0.60785598 12.08866501 -0.153951
v 0.903422 11.94249916 -0.002478
v 0.60785598 12.08866501 -0.153951
v 0.90143698 11.94259071 -0.262124
v 1.20823896 12.06085396 -0.15120199
v 0.63293999 12.18077183 -0.14302699
v 0.90757698 12.04587841 -0.028051
v 0.63293999 12.18077183 -0.14302699
v 0.90565503 12.04596806 -0.23665
v 1.19073498 12.15493393 -0.140818
v 0.65006399 12.60138226 -0.14302699
v 0.92512703 12.47692585 -0.028051
v 0.65006399 12.60138226 -0.14302699
v 0.92280799 12.47703362 -0.23666701
v 1.20785999 12.57554436 -0.140818
v 0.67270303 12.66956329 -0.14138199
v 0.92883402 12.56919479 -0.044152
v 0.67270303 12.66956329 -0.14138199
v 0.92660701 12.56929874 -0.220571
v 1.19084799 12.64556313 -0.139514
v 0.686611 13.01117134 -0.14138199
v 0.94322097 12.92259026 -0.044152
v 0.686611 13.01117134 -0.14138199
v 0.94067299 12.9227066 -0.22058301
v 1.20475495 12.98716927 -0.139514
v 0.72029501 13.10655689 -0.139991
v 0.94763398 13.03284645 -0.057781
v 0.72029501 13.10655689 -0.139991
v 0.94531298 13.03295326 -0.20695999
v 1.17895103 13.08531284 -0.138412
v 0.734119 13.4461298 -0.139991
v 0.958974 13.31136417 -0.057781
v 0.52113402 9.48916912 -0.441219
v 0.79347301 7.98585796 -0.18754201
v 0.77676898 7.98435116 -0.15083399
v 0.36909699 9.43137836 -0.146516
v 0.80004001 7.98885202 -0.185525
v 0.538288 9.50386143 -0.429836
v 0.38625199 9.44607067 -0.135134
v 0.78333598 7.98734379 -0.148817
v 0.38625199 9.44607067 -0.135134
v -0.364418 10.33251762 -0.25364101
v 0.84234601 10.43859386 -0.227743
v 0.79939198 0 -0.227743
v 0.72538102 0 -0.203695
v 0.76901501 10.4279108 -0.203695
v 0.72538102 0 -0.125875
v 0.76901501 10.4279108 -0.125875
v 0.79939198 0 -0.101827
v 0.84234601 10.43859386 -0.101827
v 0.88766599 10.44519615 -0.164785
v 0.84513402 0 -0.164785
v 0.79939198 0 -0.227743
v 0.84234601 10.43859386 -0.227743
v 0.72538102 0 -0.203695
v 0.79939198 0 -0.227743
v 0.77893603 0 -0.164785
v 0.84513402 0 -0.164785
v 1.16285801 9.1283474 0.26009601
v 0.79811901 6.71223402 -0.12002
v 0.820144 6.70545197 -0.1837
v 1.38477099 9.06907845 -0.25491601
v 0.78786802 6.71929598 -0.122476
v 1.13032901 9.14982986 0.243907
v 1.35224199 9.09056091 -0.27110499
v 0.80989403 6.71251392 -0.186156
v 1.38477099 9.06907845 -0.25491601
v 2.19154501 10.05970383 -0.062925
v 1.14582098 4.15461016 0.257613
v 0.80189699 2.16037607 -0.122503
v 0.82392198 2.15359402 -0.186184
v 1.367733 4.09533978 -0.25740001
v 0.79164702 2.16743803 -0.124959
v 1.11329198 4.17609215 0.24142399
v 1.33520401 4.1168232 -0.27358899
v 0.81367201 2.16065598 -0.188639
v 1.367733 4.09533978 -0.25740001
v 2.19532394 5.50784492 -0.065409
v 0.62671 5.63245678 -0.50168997
v 0.78319401 3.67747998 -0.197504
v 0.76316398 3.6756711 -0.153487
v 0.43349099 5.62061501 -0.14831001
v 0.79106897 3.68107009 -0.195085
v 0.65109301 5.64319801 -0.48804101
v 0.457874 5.63135576 -0.134661
v 0.77103901 3.67926192 -0.151069
v 0.457874 5.63135576 -0.134661
v -0.084833 7.31293392 -0.27676401
v -1.19480801 2.21460795 3.75983906
v -1.43433499 0.196356 3.27019095
v -1.39225399 0.19433101 3.22874188
v -0.83244699 2.13702202 3.43646598
v -1.44225895 0.20037501 3.26399112
v -1.21230495 2.23433304 3.7352829
v -0.84994298 2.1567471 3.41191101
v -1.40017796 0.198351 3.22254205
v -0.84994298 2.1567471 3.41191101
v 0.114595 3.34683609 3.96735406
v -1.16652501 10.23152447 3.37479591
v -1.15247297 9.89273739 3.38017988
v -1.39372694 9.70153713 3.01876092
v -1.40934002 10.0779686 3.012779
v -1.82614303 9.86203766 3.11770606
v -1.84019494 10.20082474 3.11232209
v -1.36408401 12.45844555 3.24387908
v -1.54463899 12.33491039 3.08665895
v -1.59555197 12.33502293 3.22691894
v -1.15247297 9.89273739 3.38017988
v -1.53006995 9.70157623 3.37715006
v -1.39372694 9.70153713 3.01876092
v -1.54536498 10.07802105 3.37131095
v -1.79181194 12.43897057 3.07829905
v -1.16652501 10.23152447 3.37479591
v -1.19229102 10.32452393 3.34485698
v -1.42334402 10.19139385 3.0354619
v -1.19229102 10.32452393 3.34485698
v -1.54071999 10.1914463 3.34521699
v -1.80904102 10.29642105 3.10478497
v -1.21027803 10.75820065 3.33796501
v -1.44091797 10.61513424 3.02872801
v -1.21027803 10.75820065 3.33796501
v -1.55788803 10.61520576 3.33866501
v -1.82702804 10.73009777 3.097893
v -1.23578703 10.84310055 3.30798888
v -1.45794594 10.7177124 3.06065297
v -1.23578703 10.84310055 3.30798888
v -1.54934299 10.71778011 3.30366802
v -1.79544103 10.81760597 3.09060597
v -1.25117505 11.21410275 3.30209303
v -1.472978 11.08011723 3.05489397
v -1.25117505 11.21410275 3.30209303
v -1.56402504 11.08020115 3.29806209
v -1.81082904 11.18861008 3.08470988
v -1.27068996 11.29853439 3.28291607
v -1.48600805 11.17488194 3.07728791
v -1.27068996 11.29853439 3.28291607
v -1.55884898 11.17496395 3.27276492
v -1.79076803 11.27484894 3.08127689
v -1.28667998 11.68409443 3.27678895
v -1.50239599 11.57000828 3.07100797
v -1.28667998 11.68409443 3.27678895
v -1.57487297 11.57010746 3.26664305
v -1.80675995 11.66040897 3.07514906
v -1.30723202 11.74659348 3.26715302
v -1.51161802 11.6545887 3.08471704
v -1.30723202 11.74659348 3.26715302
v -1.57266104 11.65468407 3.25025392
v -1.79040694 11.72459221 3.08001804
v -1.32021904 12.05973434 3.26217699
v -1.52505302 11.9785347 3.0795691
v -1.32021904 12.05973434 3.26217699
v -1.58580005 11.97864246 3.24523306
v -1.80339396 12.03773212 3.07504201
v -1.35117495 12.14717102 3.24882603
v -1.53404999 12.07960224 3.09071589
v -1.35117495 12.14717102 3.24882603
v -1.58525896 12.07970047 3.23085093
v -1.77890301 12.12769699 3.08324504
v -1.36408401 12.45844555 3.24387908
v -1.54463899 12.33491039 3.08665895
v -1.27297795 8.83123207 3.60137105
v -1.43652296 7.453197 3.26704597
v -1.40779102 7.45181513 3.23874497
v -1.02556205 8.77825642 3.38057709
v -1.44193399 7.4559412 3.26281309
v -1.28492403 8.84469986 3.58460498
v -1.03750896 8.79172421 3.36381102
v -1.41320097 7.45455885 3.23451209
v -1.03750896 8.79172421 3.36381102
v -0.37893501 9.60430145 3.74306011
v -1.496544 9.70153713 3.28709888
v -1.45643401 0.132827 3.30246806
v -1.37871897 0.132827 3.30649304
v -1.41946399 9.6917448 3.29088092
v -1.35087502 0.132827 3.23382401
v -1.39162004 9.6917448 3.21821189
v -1.41138196 0.132827 3.18488789
v -1.45149195 9.70153713 3.16951895
v -1.51633799 9.7075901 3.21209311
v -1.47662103 0.132827 3.2273109
v -1.45643401 0.132827 3.30246806
v -1.496544 9.70153713 3.28709888
v -1.37871897 0.132827 3.30649304
v -1.45643401 0.132827 3.30246806
v -1.41480601 0.132827 3.25099707
v -1.47662103 0.132827 3.2273109
v -1.62129104 8.50047874 2.71687698
v -1.41670203 6.28570795 3.20233202
v -1.46005297 6.27949095 3.25391603
v -2.01278305 8.44614887 3.11839509
v -1.40800905 6.29218102 3.20829201
v -1.59670806 8.52017117 2.74363303
v -1.988199 8.46584129 3.1451509
v -1.45136094 6.28596497 3.25987601
v -2.01278305 8.44614887 3.11839509
v -2.69745398 9.35422134 2.6504519
v -1.60626996 3.94121909 2.72529197
v -1.42111897 2.1131711 3.20329905
v -1.46447003 2.10695505 3.25488305
v -1.99776101 3.88688898 3.12681103
v -1.41242599 2.11964512 3.20925999
v -1.58168602 3.96091104 2.75204802
v -1.97317803 3.90658092 3.15356708
v -1.455778 2.11342812 3.26084399
v -1.99776101 3.88688898 3.12681103
v -2.70187092 5.18168497 2.65141892
v -1.39320099 5.29591322 3.62006402
v -1.43048894 3.50384998 3.28002691
v -1.39603496 3.50219202 3.24609089
v -1.08633399 5.28505802 3.35921192
v -1.43697703 3.50714111 3.27495003
v -1.41108704 5.305758 3.5985949
v -1.10422003 5.2949028 3.33774304
v -1.40252399 3.5054841 3.241014
v -1.10422003 5.2949028 3.33774304
v -0.64828497 6.83634996 3.66461706
v -3.87376189 1.964975 2.71634603
v -3.77792692 0.24996699 3.09317303
v -3.81364298 0.24785499 3.14045191
v -4.19926786 1.95102406 3.08724499
v -3.76916409 0.25410801 3.09816909
v -3.8482759 1.97736502 2.7391789
v -4.17378092 1.96341503 3.1100781
v -3.8048799 0.25199601 3.14544797
v -3.87376189 1.964975 2.71634603
v -4.643857 4.52087784 2.77193093
v -4.22684813 8.98020172 3.03371096
v -4.11830282 8.65256691 3.06766796
v -4.31403923 8.36358547 2.74325705
v -4.43464422 8.72762489 2.70552707
v -4.769557 8.41525173 2.85967493
v -4.87810087 8.74288654 2.82571697
v -5.04601002 11.09585953 2.72341609
v -5.19249392 10.91036797 2.59144998
v -5.2346549 10.91123486 2.73458195
v -4.11830282 8.65256691 3.06766796
v -4.427701 8.36388493 3.10947108
v -4.31403923 8.36358547 2.74325705
v -4.54799795 8.72803879 3.07185888
v -5.45945692 10.94530964 2.59241796
v -4.22684813 8.98020172 3.03371096
v -4.27906609 9.06135654 2.99774194
v -4.47873402 8.83733845 2.71917796
v -4.27906609 9.06135654 2.99774194
v -4.57653093 8.8377409 3.03566003
v -4.87528276 8.84411907 2.8075459
v -4.41801214 9.48075676 2.95427394
v -4.61449718 9.24713135 2.67670608
v -4.41801214 9.48075676 2.95427394
v -4.7118988 9.24767876 2.99333692
v -5.01422882 9.26351929 2.7640779
v -4.46772003 9.55404091 2.918957
v -4.65801096 9.34635353 2.70071292
v -4.46772003 9.55404091 2.918957
v -4.73407984 9.34688091 2.94895196
v -5.00872087 9.35696793 2.74682903
v -4.586586 9.91283035 2.88177109
v -4.77412319 9.69682884 2.6643889
v -4.586586 9.91283035 2.88177109
v -4.84985399 9.69748116 2.91275311
v -5.12758589 9.71575928 2.70964289
v -4.62988186 9.98836803 2.8567791
v -4.81206989 9.7884903 2.67931294
v -4.62988186 9.98836803 2.8567791
v -4.87261677 9.78912163 2.87894011
v -5.13260984 9.80527496 2.697191
v -4.75341177 10.36123562 2.81813407
v -4.93866491 10.17061043 2.639709
v -4.75341177 10.36123562 2.81813407
v -4.99885893 10.17137241 2.839463
v -5.25614023 10.17814255 2.65854597
v -4.79110718 10.41598415 2.80461788
v -4.97052479 10.25241947 2.64661193
v -4.79110718 10.41598415 2.80461788
v -5.02119017 10.25315094 2.81561303
v -5.25815296 10.24590588 2.65654898
v -4.89143515 10.71881676 2.77323103
v -5.07431507 10.56570053 2.61414194
v -4.89143515 10.71881676 2.77323103
v -5.12469196 10.5665369 2.78324604
v -5.35848093 10.54873753 2.62516308
v -4.94628 10.79483318 2.75461507
v -5.11069679 10.66346359 2.61703992
v -4.94628 10.79483318 2.75461507
v -5.15314198 10.66422653 2.76007104
v -5.35972786 10.64428329 2.62361789
v -5.04601002 11.09585953 2.72341609
v -5.19249392 10.91036797 2.59144998
v -3.5071671 3.190552 3.36945105
v -3.71112108 2.33365107 3.16502595
v -3.70997691 2.33472109 3.11141491
v -3.53891301 3.206357 2.84701705
v -3.71833491 2.33592892 3.16491699
v -3.5429461 3.20244098 3.37198496
v -3.57469201 3.21824598 2.84955096
v -3.71719003 2.33699894 3.11130691
v -3.57469201 3.21824598 2.84955096
v -2.96342707 5.35781288 3.31142592
v -3.70773005 5.35345793 3.20827198
v -3.82863808 0.127106 3.17044711
v -3.75190997 0.11417 3.16925406
v -3.63103008 5.34747505 3.20707011
v -3.72867489 0.11417 3.0949831
v -3.607795 5.34747505 3.1328001
v -3.791044 0.127106 3.05027509
v -3.67013502 5.35345793 3.08809996
v -3.85282397 0.13510101 3.09691405
v -3.73189807 5.35715818 3.13474488
v -3.73189807 5.35715818 3.13474488
v -3.85282397 0.13510101 3.09691405
v -3.82863808 0.127106 3.17044711
v -3.79061794 0.123531 3.11637497
v -3.791044 0.127106 3.05027509
v -3.85282397 0.13510101 3.09691405
v -4.29229307 8.37500954 2.91866112
v -4.35490179 8.36358547 2.87387705
v -4.31552792 8.37500954 2.99293089
v -4.39249706 8.36358547 2.99404907
v -4.41683197 8.35652637 2.92047
v -4.41683197 8.35652637 2.92047
v -4.11280107 7.93225384 3.30069804
v -3.92663598 6.53360319 3.1156671
v -3.90201902 6.53495216 3.088166
v -3.89221907 7.94921684 3.08709097
v -3.93215704 6.53510189 3.11200595
v -4.12844801 7.9366312 3.28488803
v -3.907866 7.95359516 3.07128096
v -3.90754008 6.53645182 3.08450508
v -3.907866 7.95359516 3.07128096
v -3.74787688 9.21010876 3.23497796
v -4.15309 6.73477697 2.55519891
v -3.67841697 5.37133598 3.10197902
v -3.71679091 5.36065817 3.15669799
v -4.50355482 6.63549995 2.98518491
v -3.67084694 5.37989187 3.10692
v -4.13140392 6.76107597 2.57894611
v -4.48187017 6.66179991 3.00893211
v -3.70921993 5.36921406 3.16163898
v -4.50355482 6.63549995 2.98518491
v -5.52547598 6.99218702 2.46431994
v 4.94207907 2.09361005 2.78910303
v 5.34094286 0.06389 3.16063404
v 5.31647921 0.061854 3.214396
v 4.71940899 2.01558208 3.22072005
v 5.3505621 0.067932 3.16358805
v 4.96720314 2.113446 2.80577302
v 4.74453211 2.03541899 3.23739004
v 5.32609701 0.065896 3.21735001
v 4.74453211 2.03541899 3.23739004
v 3.64511108 3.23227 3.06382608
v 5.05343485 10.15607643 3.15877604
v 5.03838682 9.81536484 3.15877604
v 5.39298391 9.62307835 3.40994906
v 5.40970421 10.00164795 3.40994906
v 5.76137304 9.78448963 3.16283607
v 5.77642107 10.12520218 3.16283607
v 5.28475809 12.39565086 3.21033907
v 5.50961208 12.2714138 3.29254889
v 5.50696993 12.27152729 3.14335799
v 5.03838682 9.81536484 3.15877604
v 5.39207077 9.62311554 3.02650189
v 5.39298391 9.62307835 3.40994906
v 5.40844202 10.00170135 3.02648211
v 5.74341393 12.37606525 3.21191812
v 5.05343485 10.15607643 3.15877604
v 5.08820677 10.24960423 3.17751288
v 5.41466522 10.11571789 3.38375592
v 5.08820677 10.24960423 3.17751288
v 5.41344213 10.11577129 3.05251002
v 5.7500248 10.22134113 3.18102098
v 5.10747004 10.68574524 3.17751288
v 5.43348598 10.5418663 3.38375592
v 5.10747004 10.68574524 3.17751288
v 5.43181705 10.54193783 3.05248594
v 5.76928711 10.65748215 3.18102098
v 5.14201498 10.77112675 3.19637799
v 5.43796301 10.64502716 3.34785199
v 5.14201498 10.77112675 3.19637799
v 5.43635893 10.64509487 3.08822298
v 5.74239922 10.74548817 3.19912696
v 5.15849495 11.14423847 3.19637799
v 5.45406199 11.00949097 3.34785199
v 5.15849495 11.14423847 3.19637799
v 5.45207596 11.00957584 3.0882051
v 5.75887823 11.11859989 3.19912696
v 5.18357801 11.22914886 3.20730305
v 5.45821619 11.10479355 3.32227802
v 5.18357801 11.22914886 3.20730305
v 5.45629311 11.10487747 3.11367893
v 5.74137306 11.2053299 3.20951104
v 5.20070314 11.61689854 3.20730305
v 5.47576618 11.50216579 3.32227802
v 5.20070314 11.61689854 3.20730305
v 5.47344685 11.50226498 3.11366296
v 5.75849915 11.59307957 3.20951104
v 5.22334194 11.67975426 3.2089479
v 5.47947216 11.58722591 3.3061769
v 5.22334194 11.67975426 3.2089479
v 5.47724485 11.58732224 3.12975788
v 5.74148703 11.65762806 3.21081495
v 5.2372489 11.99467373 3.2089479
v 5.49385881 11.91301346 3.3061769
v 5.2372489 11.99467373 3.2089479
v 5.49131107 11.91312027 3.12974596
v 5.75539398 11.97254658 3.21081495
v 5.27093315 12.08260727 3.21033907
v 5.4982729 12.01465511 3.29254889
v 5.27093315 12.08260727 3.21033907
v 5.49595213 12.01475334 3.14336991
v 5.72958899 12.06302261 3.21191812
v 5.28475809 12.39565086 3.21033907
v 5.50961208 12.2714138 3.29254889
v 5.07177305 8.74782753 2.90911102
v 5.34411192 7.3619628 3.16278696
v 5.32740688 7.36057281 3.19949508
v 4.91973591 8.69455147 3.20381308
v 5.35067892 7.36472321 3.16480398
v 5.08892679 8.76137257 2.92049289
v 4.93689108 8.70809746 3.21519494
v 5.33397484 7.36333323 3.2015121
v 4.93689108 8.70809746 3.21519494
v 4.18622017 9.52528954 3.09668899
v 5.39298391 9.62307835 3.12258697
v 5.3500309 0 3.12258697
v 5.27602005 0 3.14663506
v 5.31965399 9.61322975 3.14663506
v 5.27602005 0 3.22445512
v 5.31965399 9.61322975 3.22445512
v 5.3500309 0 3.24850202
v 5.39298391 9.62307835 3.24850202
v 5.4383049 9.62916565 3.18554497
v 5.39577293 0 3.18554497
v 5.3500309 0 3.12258697
v 5.39298391 9.62307835 3.12258697
v 5.27602005 0 3.14663506
v 5.3500309 0 3.12258697
v 5.32957506 0 3.18554497
v 5.39577293 0 3.18554497
v 5.71349716 8.41519547 3.61042595
v 5.34875679 6.18784094 3.23030996
v 5.37078285 6.18158913 3.16663003
v 5.93541002 8.3605566 3.09541392
v 5.33850718 6.1943512 3.22785401
v 5.68096781 8.43499947 3.59423709
v 5.90288115 8.3803606 3.07922506
v 5.36053324 6.18809891 3.16417408
v 5.93541002 8.3605566 3.09541392
v 6.74218416 9.27378941 3.28740501
v 5.69645882 3.83003092 3.6079421
v 5.3525362 1.99159598 3.22782612
v 5.37456083 1.98534501 3.16414595
v 5.91837215 3.77539206 3.09293008
v 5.34228611 1.998106 3.22536993
v 5.66392994 3.84983492 3.59175301
v 5.8858428 3.79519606 3.07674098
v 5.36431122 1.99185503 3.16169
v 5.91837215 3.77539206 3.09293008
v 6.7459631 5.07754517 3.28492093
v 5.17734909 5.19242191 2.84863997
v 5.33383322 3.39017701 3.15282607
v 5.31380177 3.38850999 3.19684196
v 4.98412895 5.1815052 3.20201993
v 5.34170723 3.39348602 3.15524411
v 5.20173216 5.20232296 2.862288
v 5.00851202 5.19140577 3.21566796
v 5.32167721 3.391819 3.19926095
v 5.00851202 5.19140577 3.21566796
v 4.46580601 6.741611 3.07356596
v 2.49129701 1.81787503 3.75210094
v 2.07130098 0.12818301 3.32342696
v 2.10186911 0.122489 3.27292991
v 2.77602196 1.768116 3.3517549
v 2.06297207 0.134112 3.31943989
v 2.46640992 1.83590996 3.73225594
v 2.75113606 1.78615105 3.33190989
v 2.09353995 0.128418 3.26894307
v 2.49129701 1.81787503 3.75210094
v 3.67901206 4.26201582 3.71751904
v 4.00896692 8.83534145 3.66012907
v 3.84348798 8.52589989 3.62462401
v 4.01449919 8.18436337 3.91820502
v 4.19836378 8.5281868 3.95765495
v 4.46022892 8.16490269 3.76110411
v 4.62570906 8.47434425 3.79660892
v 5.20151711 10.80849648 3.96873903
v 5.32509184 10.58978367 4.07933378
v 5.35413408 10.5911026 3.93297911
v 3.84348798 8.52589989 3.62462401
v 4.09416008 8.18481922 3.54312301
v 4.01449919 8.18436337 3.91820502
v 4.2777319 8.52881622 3.58248997
v 5.59298182 10.57948303 4.05434704
v 4.00896692 8.83534145 3.66012907
v 4.07722092 8.90619946 3.69393706
v 4.25919294 8.63182354 3.94391799
v 4.07722092 8.90619946 3.69393706
v 4.3276391 8.63243389 3.61981893
v 4.64182711 8.57574368 3.81866598
v 4.28904819 9.30230999 3.73938704
v 4.46616697 9.01885891 3.98832607
v 4.28904819 9.30230999 3.73938704
v 4.53423786 9.01969242 3.66412091
v 4.85365391 8.97185516 3.86411595
v 4.35343599 9.36571026 3.77249599
v 4.52373505 9.11258698 3.96395612
v 4.35343599 9.36571026 3.77249599
v 4.57682991 9.11338806 3.70981097
v 4.86572218 9.06592941 3.88522291
v 4.53464985 9.70457554 3.81137705
v 4.70074987 9.4435997 4.00193596
v 4.53464985 9.70457554 3.81137705
v 4.75352383 9.44459248 3.74770403
v 5.04693699 9.4047966 3.92410493
v 4.59222984 9.77188683 3.83490491
v 4.7523551 9.53018093 3.98685408
v 4.59222984 9.77188683 3.83490491
v 4.79447412 9.53114128 3.7825439
v 5.06824923 9.49337292 3.93929791
v 4.78055477 10.12404919 3.87531209
v 4.94535303 9.89108086 4.02826309
v 4.78055477 10.12404919 3.87531209
v 4.98713589 9.89223957 3.82386494
v 5.25657415 9.84553337 3.9797051
v 4.82808399 10.1720047 3.88719201
v 4.98999882 9.96835709 4.02137518
v 4.82808399 10.1720047 3.88719201
v 5.02510691 9.96946907 3.84847403
v 5.2703042 9.91328812 3.98398495
v 4.98103619 10.45802021 3.92001009
v 5.14822912 10.26424217 4.05532503
v 4.98103619 10.45802021 3.92001009
v 5.18306398 10.26551437 3.88235211
v 5.42325592 10.19930267 4.01680183
v 5.0494771 10.52418518 3.93611693
v 5.20038795 10.35659027 4.05257702
v 5.0494771 10.52418518 3.93611693
v 5.22970104 10.35774899 3.90629196
v 5.44094181 10.29517269 4.02172518
v 5.20151711 10.80849648 3.96873903
v 5.32509184 10.58978367 4.07933378
v 2.28398705 3.14875197 3.18206501
v 2.35554695 2.24060988 3.33467889
v 2.35928202 2.23902202 3.38815999
v 2.36341 3.13137889 3.69936395
v 2.3630259 2.24166799 3.33418703
v 2.32091188 3.15475202 3.17658901
v 2.40033507 3.13737893 3.69388795
v 2.36676097 2.24008012 3.38766789
v 2.40033507 3.13737893 3.69388795
v 2.12577009 5.41969395 3.37079692
v 2.86449909 5.28289604 3.40270209
v 2.09333396 0 3.23724198
v 2.01592493 0 3.24522805
v 2.788306 5.289886 3.41094899
v 1.99960005 0 3.321316
v 2.771981 5.289886 3.4870379
v 2.06691909 0 3.3603549
v 2.83808303 5.28289604 3.52581596
v 2.12485003 0 3.30839396
v 2.89526296 5.27857494 3.47369409
v 2.89526296 5.27857494 3.47369409
v 2.12485003 0 3.30839396
v 2.09333396 0 3.23724198
v 2.06012607 0 3.29450703
v 2.06691909 0 3.3603549
v 2.12485003 0 3.30839396
v 3.97981095 8.2089262 3.74619007
v 4.04321098 8.18436337 3.78438807
v 3.99613595 8.2089262 3.67010093
v 4.0696249 8.18436337 3.66127396
v 4.09872007 8.16918373 3.73190689
v 4.09872007 8.16918373 3.73190689
v 3.69467092 7.81428289 3.36691093
v 3.28908896 6.42843103 3.51734805
v 3.2675581 6.43251896 3.54709005
v 3.49971509 7.85757399 3.60094309
v 3.29508305 6.42880297 3.52052212
v 3.71215296 7.81517696 3.3813169
v 3.51719904 7.85846806 3.61534905
v 3.27355099 6.43289089 3.55026388
v 3.51719904 7.85846806 3.61534905
v 3.56063008 9.15914726 3.51373696
v 3.59459591 6.56239986 4.06082392
v 2.84805703 5.30021811 3.51187992
v 2.87911892 5.2858448 3.45341492
v 3.88408399 6.4256568 3.59620309
v 2.84165812 5.31038284 3.50799489
v 3.575737 6.59383392 4.04021978
v 3.86522388 6.45709085 3.57559896
v 2.87272096 5.29601097 3.44952989
v 3.88408399 6.4256568 3.59620309
v 4.993402 6.58262205 4.03057909
v 0.39144 2.271034 2.7105999
v 0.79030502 0.069305 3.08213091
v 0.76583999 0.067096 3.13589311
v 0.16877 2.18639398 3.14221692
v 0.799923 0.073689 3.08508492
v 0.41656399 2.29255199 2.72726989
v 0.193893 2.20791197 3.15888691
v 0.77545798 0.071481 3.13884711
v 0.193893 2.20791197 3.15888691
v -0.90552801 3.50619102 2.98532295
v 0.50279599 11.01676083 3.08027291
v 0.487748 10.64717484 3.08027291
v 0.84234601 10.43859386 3.33144593
v 0.85906601 10.84924507 3.33144593
v 1.21073401 10.6136837 3.08433294
v 1.22578204 10.98327065 3.08433294
v 0.734119 13.4461298 3.13183594
v 0.958974 13.31136417 3.214046
v 0.95633203 13.3114872 3.0648551
v 0.487748 10.64717484 3.08027291
v 0.84143198 10.43863487 2.947999
v 0.84234601 10.43859386 3.33144593
v 0.857804 10.84930325 2.94797897
v 1.19277501 13.42488384 3.13341498
v 0.50279599 11.01676083 3.08027291
v 0.53756899 11.11821461 3.09900999
v 0.86402601 10.97298145 3.30525303
v 0.53756899 11.11821461 3.09900999
v 0.86280298 10.97303963 2.97400689
v 1.199386 11.08755684 3.10251808
v 0.556831 11.59131718 3.09900999
v 0.88284701 11.43524456 3.30525303
v 0.556831 11.59131718 3.09900999
v 0.88117802 11.43532181 2.97398305
v 1.21864903 11.56065845 3.10251808
v 0.59137702 11.68393421 3.1178751
v 0.88732499 11.54714775 3.2693491
v 0.59137702 11.68393421 3.1178751
v 0.88572103 11.54722214 3.00972104
v 1.19175994 11.65612316 3.12062407
v 0.60785598 12.08866501 3.1178751
v 0.903422 11.94249916 3.2693491
v 0.60785598 12.08866501 3.1178751
v 0.90143698 11.94259071 3.00970197
v 1.20823896 12.06085396 3.12062407
v 0.63293999 12.18077183 3.12879992
v 0.90757698 12.04587841 3.24377489
v 0.63293999 12.18077183 3.12879992
v 0.90565503 12.04596806 3.03517604
v 1.19073498 12.15493393 3.13100791
v 0.65006399 12.60138226 3.12879992
v 0.92512703 12.47692585 3.24377489
v 0.65006399 12.60138226 3.12879992
v 0.92280799 12.47703362 3.03516006
v 1.20785999 12.57554436 3.13100791
v 0.67270303 12.66956329 3.130445
v 0.92883402 12.56919479 3.22767401
v 0.67270303 12.66956329 3.130445
v 0.92660701 12.56929874 3.05125499
v 1.19084799 12.64556313 3.13231301
v 0.686611 13.01117134 3.130445
v 0.94322097 12.92259026 3.22767496
v 0.686611 13.01117134 3.130445
v 0.94067299 12.9227066 3.05124307
v 1.20475495 12.98716927 3.13231301
v 0.72029501 13.10655689 3.13183594
v 0.94763398 13.03284645 3.214046
v 0.72029501 13.10655689 3.13183594
v 0.94531298 13.03295326 3.06486702
v 1.17895103 13.08531284 3.13341498
v 0.734119 13.4461298 3.13183594
v 0.958974 13.31136417 3.214046
v 0.52113402 9.48916912 2.83060789
v 0.79347301 7.98585796 3.08428502
v 0.77676898 7.98435116 3.12099195
v 0.36909699 9.43137836 3.12530994
v 0.80004001 7.98885202 3.08630204
v 0.538288 9.50386143 2.84198999
v 0.38625199 9.44607067 3.136693
v 0.78333598 7.98734379 3.12300897
v 0.38625199 9.44607067 3.136693
v -0.364418 10.33251762 3.01818609
v 0.84234601 10.43859386 3.04408407
v 0.79939198 0 3.04408407
v 0.72538102 0 3.06813192
v 0.76901501 10.4279108 3.06813192
v 0.72538102 0 3.14595199
v 0.76901501 10.4279108 3.14595199
v 0.79939198 0 3.17000008
v 0.84234601 10.43859386 3.17000008
v 0.88766599 10.44519615 3.10704207
v 0.84513402 0 3.10704207
v 0.79939198 0 3.04408407
v 0.84234601 10.43859386 3.04408407
v 0.72538102 0 3.06813192
v 0.79939198 0 3.04408407
v 0.77893603 0 3.10704207
v 0.84513402 0 3.10704207
v 1.16285801 9.1283474 3.53192306
v 0.79811901 6.71223402 3.15180707
v 0.820144 6.70545197 3.0881269
v 1.38477099 9.06907845 3.01691103
v 0.78786802 6.71929598 3.14935088
v 1.13032901 9.14982986 3.51573396
v 1.35224199 9.09056091 3.00072193
v 0.80989403 6.71251392 3.08567095
v 1.38477099 9.06907845 3.01691103
v 2.19154501 10.05970383 3.20890188
v 1.14582098 4.15461016 3.52943897
v 0.80189699 2.16037607 3.14932299
v 0.82392198 2.15359402 3.08564305
v 1.367733 4.09533978 3.01442695
v 0.79164702 2.16743803 3.14686799
v 1.11329198 4.17609215 3.51325011
v 1.33520401 4.1168232 2.99823809
v 0.81367201 2.16065598 3.0831871
v 1.367733 4.09533978 3.01442695
v 2.19532394 5.50784492 3.20641804
v 0.62671 5.63245678 2.77013707
v 0.78319401 3.67747998 3.07432294
v 0.76316398 3.6756711 3.11833906
v 0.43349099 5.62061501 3.12351704
v 0.79106897 3.68107009 3.07674098
v 0.65109301 5.64319801 2.78378606
v 0.457874 5.63135576 3.13716602
v 0.77103901 3.67926192 3.12075806
v 0.457874 5.63135576 3.13716602
v -0.084833 7.31293392 2.99506307
v -1.19480801 2.21460795 -2.78381395
v -1.43433499 0.196356 -3.27346301
v -1.39225399 0.19433101 -3.31491208
v -0.83244699 2.13702202 -3.10718703
v -1.44225895 0.20037501 -3.27966309
v -1.21230495 2.23433304 -2.80837107
v -0.84994298 2.1567471 -3.13174295
v -1.40017796 0.198351 -3.32111192
v -0.84994298 2.1567471 -3.13174295
v 0.114595 3.34683609 -2.57629895
v -1.16652501 10.23152447 -3.16885805
v -1.15247297 9.89273739 -3.16347408
v -1.39372694 9.70153713 -3.52489305
v -1.40934002 10.0779686 -3.53087497
v -1.82614303 9.86203766 -3.4259479
v -1.84019494 10.20082474 -3.43133211
v -1.36408401 12.45844555 -3.29977393
v -1.54463899 12.33491039 -3.45699406
v -1.59555197 12.33502293 -3.31673503
v -1.15247297 9.89273739 -3.16347408
v -1.53006995 9.70157623 -3.16650391
v -1.39372694 9.70153713 -3.52489305
v -1.54536498 10.07802105 -3.17234302
v -1.79181194 12.43897057 -3.46535492
v -1.16652501 10.23152447 -3.16885805
v -1.19229102 10.32452393 -3.19879603
v -1.42334402 10.19139385 -3.50819111
v -1.19229102 10.32452393 -3.19879603
v -1.54071999 10.1914463 -3.19843602
v -1.80904102 10.29642105 -3.43886805
v -1.21027803 10.75820065 -3.205688
v -1.44091797 10.61513424 -3.514925
v -1.21027803 10.75820065 -3.205688
v -1.55788803 10.61520576 -3.204988
v -1.82702804 10.73009777 -3.44576001
v -1.23578703 10.84310055 -3.23566508
v -1.45794594 10.7177124 -3.48300004
v -1.23578703 10.84310055 -3.23566508
v -1.54934299 10.71778011 -3.23998499
v -1.79544103 10.81760597 -3.45304704
v -1.25117505 11.21410275 -3.24156094
v -1.472978 11.08011723 -3.48875999
v -1.25117505 11.21410275 -3.24156094
v -1.56402504 11.08020115 -3.24559212
v -1.81082904 11.18861008 -3.45894289
v -1.27068996 11.29853439 -3.26073694
v -1.48600805 11.17488194 -3.46636605
v -1.27068996 11.29853439 -3.26073694
v -1.55884898 11.17496395 -3.27088809
v -1.79076803 11.27484894 -3.46237707
v -1.28667998 11.68409443 -3.26686406
v -1.50239599 11.57000828 -3.47264504
v -1.28667998 11.68409443 -3.26686406
v -1.57487297 11.57010746 -3.27701092
v -1.80675995 11.66040897 -3.46850395
v -1.30723202 11.74659348 -3.27650094
v -1.51161802 11.6545887 -3.45893598
v -1.30723202 11.74659348 -3.27650094
v -1.57266104 11.65468407 -3.29340005
v -1.79040694 11.72459221 -3.46363497
v -1.32021904 12.05973434 -3.28147697
v -1.52505302 11.9785347 -3.46408391
v -1.32021904 12.05973434 -3.28147697
v -1.58580005 11.97864246 -3.29842091
v -1.80339396 12.03773212 -3.468611
v -1.35117495 12.14717102 -3.29482794
v -1.53404999 12.07960224 -3.45293689
v -1.35117495 12.14717102 -3.29482794
v -1.58525896 12.07970047 -3.31280303
v -1.77890301 12.12769699 -3.46040797
v -1.36408401 12.45844555 -3.29977393
v -1.54463899 12.33491039 -3.45699406
v -1.27297795 8.83123207 -2.94228196
v -1.43652296 7.453197 -3.27660704
v -1.40779102 7.45181513 -3.30490804
v -1.02556205 8.77825642 -3.16307712
v -1.44193399 7.4559412 -3.28083992
v -1.28492403 8.84469986 -2.95904899
v -1.03750896 8.79172421 -3.17984295
v -1.41320097 7.45455885 -3.30914092
v -1.03750896 8.79172421 -3.17984295
v -0.37893501 9.60430145 -2.8005929
v -1.496544 9.70153713 -3.25655508
v -1.45643401 0.132827 -3.2411859
v -1.37871897 0.132827 -3.23716092
v -1.41946399 9.6917448 -3.25277305
v -1.35087502 0.132827 -3.309829
v -1.39162004 9.6917448 -3.32544088
v -1.41138196 0.132827 -3.35876608
v -1.45149195 9.70153713 -3.37413406
v -1.51633799 9.7075901 -3.3315599
v -1.47662103 0.132827 -3.31634212
v -1.45643401 0.132827 -3.2411859
v -1.496544 9.70153713 -3.25655508
v -1.37871897 0.132827 -3.23716092
v -1.45643401 0.132827 -3.2411859
v -1.41480601 0.132827 -3.2926569
v -1.47662103 0.132827 -3.31634212
v -1.62129104 8.50047874 -3.82677698
v -1.41670203 6.28570795 -3.34132195
v -1.46005297 6.27949095 -3.28973794
v -2.01278305 8.44614887 -3.42525792
v -1.40800905 6.29218102 -3.335361
v -1.59670806 8.52017117 -3.80002093
v -1.988199 8.46584129 -3.39850211
v -1.45136094 6.28596497 -3.283777
v -2.01278305 8.44614887 -3.42525792
v -2.69745398 9.35422134 -3.89320111
v -1.60626996 3.94121909 -3.818362
v -1.42111897 2.1131711 -3.34035397
v -1.46447003 2.10695505 -3.28876996
v -1.99776101 3.88688898 -3.41684294
v -1.41242599 2.11964512 -3.33439398
v -1.58168602 3.96091104 -3.791605
v -1.97317803 3.90658092 -3.39008689
v -1.455778 2.11342812 -3.28280997
v -1.99776101 3.88688898 -3.41684294
v -2.70187092 5.18168497 -3.89223409
v -1.39320099 5.29591322 -2.92358899
v -1.43048894 3.50384998 -3.26362705
v -1.39603496 3.50219202 -3.29756308
v -1.08633399 5.28505802 -3.18444204
v -1.43697703 3.50714111 -3.26870298
v -1.41108704 5.305758 -2.94505811
v -1.10422003 5.2949028 -3.20591092
v -1.40252399 3.5054841 -3.30263901
v -1.10422003 5.2949028 -3.20591092
v -0.64828497 6.83634996 -2.87903595
v -3.87376189 1.964975 -3.82730794
v -3.77792692 0.24996699 -3.45047998
v -3.81364298 0.24785499 -3.40320206
v -4.19926786 1.95102406 -3.45640802
v -3.76916409 0.25410801 -3.44548512
v -3.8482759 1.97736502 -3.80447507
v -4.17378092 1.96341503 -3.43357491
v -3.8048799 0.25199601 -3.398206
v -3.87376189 1.964975 -3.82730794
v -4.643857 4.52087784 -3.77172303
v -4.22684813 8.98020172 -3.50994301
v -4.11830282 8.65256691 -3.47598505
v -4.31403923 8.36358547 -3.80039597
v -4.43464422 8.72762489 -3.8381269
v -4.769557 8.41525173 -3.68397903
v -4.87810087 8.74288654 -3.71793604
v -5.04601002 11.09585953 -3.82023811
v -5.19249392 10.91036797 -3.95220304
v -5.2346549 10.91123486 -3.80907202
v -4.11830282 8.65256691 -3.47598505
v -4.427701 8.36388493 -3.43418193
v -4.31403923 8.36358547 -3.80039597
v -4.54799795 8.72803879 -3.47179508
v -5.45945692 10.94530964 -3.95123506
v -4.22684813 8.98020172 -3.50994301
v -4.27906609 9.06135654 -3.54591203
v -4.47873402 8.83733845 -3.82447505
v -4.27906609 9.06135654 -3.54591203
v -4.57653093 8.8377409 -3.50799298
v -4.87528276 8.84411907 -3.73610806
v -4.41801214 9.48075676 -3.58937907
v -4.61449718 9.24713135 -3.86694789
v -4.41801214 9.48075676 -3.58937907
v -4.7118988 9.24767876 -3.5503161
v -5.01422882 9.26351929 -3.77957606
v -4.46772003 9.55404091 -3.62469697
v -4.65801096 9.34635353 -3.84294009
v -4.46772003 9.55404091 -3.62469697
v -4.73407984 9.34688091 -3.59470105
v -5.00872087 9.35696793 -3.79682398
v -4.586586 9.91283035 -3.66188312
v -4.77412319 9.69682884 -3.87926507
v -4.586586 9.91283035 -3.66188312
v -4.84985399 9.69748116 -3.6309011
v -5.12758589 9.71575928 -3.83401108
v -4.62988186 9.98836803 -3.68687391
v -4.81206989 9.7884903 -3.86434102
v -4.62988186 9.98836803 -3.68687391
v -4.87261677 9.78912163 -3.6647141
v -5.13260984 9.80527496 -3.84646201
v -4.75341177 10.36123562 -3.7255199
v -4.93866491 10.17061043 -3.90394497
v -4.75341177 10.36123562 -3.7255199
v -4.99885893 10.17137241 -3.70419002
v -5.25614023 10.17814255 -3.88510799
v -4.79110718 10.41598415 -3.73903608
v -4.97052479 10.25241947 -3.89704204
v -4.79110718 10.41598415 -3.73903608
v -5.02119017 10.25315094 -3.72804093
v -5.25815296 10.24590588 -3.88710403
v -4.89143515 10.71881676 -3.77042198
v -5.07431507 10.56570053 -3.92951107
v -4.89143515 10.71881676 -3.77042198
v -5.12469196 10.5665369 -3.76040792
v -5.35848093 10.54873753 -3.91848993
v -4.94628 10.79483318 -3.78903794
v -5.11069679 10.66346359 -3.92661309
v -4.94628 10.79483318 -3.78903794
v -5.15314198 10.66422653 -3.78358293
v -5.35972786 10.64428329 -3.92003608
v -5.04601002 11.09585953 -3.82023811
v -5.19249392 10.91036797 -3.95220304
v -3.5071671 3.190552 -3.17420197
v -3.71112108 2.33365107 -3.37862802
v -3.70997691 2.33472109 -3.4322381
v -3.53891301 3.206357 -3.69663596
v -3.71833491 2.33592892 -3.37873602
v -3.5429461 3.20244098 -3.17166901
v -3.57469201 3.21824598 -3.694103
v -3.71719003 2.33699894 -3.43234706
v -3.57469201 3.21824598 -3.694103
v -2.96342707 5.35781288 -3.23222804
v -3.70773005 5.35345793 -3.33538103
v -3.82863808 0.127106 -3.3732059
v -3.75190997 0.11417 -3.3743999
v -3.63103008 5.34747505 -3.3365829
v -3.72867489 0.11417 -3.44866991
v -3.607795 5.34747505 -3.4108541
v -3.791044 0.127106 -3.49337792
v -3.67013502 5.35345793 -3.45555305
v -3.85282397 0.13510101 -3.44673896
v -3.73189807 5.35715818 -3.40890908
v -3.73189807 5.35715818 -3.40890908
v -3.85282397 0.13510101 -3.44673896
v -3.82863808 0.127106 -3.3732059
v -3.79061794 0.123531 -3.427279
v -3.791044 0.127106 -3.49337792
v -3.85282397 0.13510101 -3.44673896
v -4.29229307 8.37500954 -3.62499309
v -4.35490179 8.36358547 -3.66977596
v -4.31552792 8.37500954 -3.55072188
v -4.39249706 8.36358547 -3.54960394
v -4.41683197 8.35652637 -3.62318397
v -4.41683197 8.35652637 -3.62318397
v -4.11280107 7.93225384 -3.24295497
v -3.92663598 6.53360319 -3.42798591
v -3.90201902 6.53495216 -3.45548701
v -3.89221907 7.94921684 -3.45656204
v -3.93215704 6.53510189 -3.43164802
v -4.12844801 7.9366312 -3.25876498
v -3.907866 7.95359516 -3.47237301
v -3.90754008 6.53645182 -3.45914888
v -3.907866 7.95359516 -3.47237301
v -3.74787688 9.21010876 -3.308676
v -4.15309 6.73477697 -3.98845506
v -3.67841697 5.37133598 -3.44167495
v -3.71679091 5.36065817 -3.38695598
v -4.50355482 6.63549995 -3.5584681
v -3.67084694 5.37989187 -3.43673301
v -4.13140392 6.76107597 -3.96470809
v -4.48187017 6.66179991 -3.53472209
v -3.70921993 5.36921406 -3.38201499
v -4.50355482 6.63549995 -3.5584681
v -5.52547598 6.99218702 -4.07933378
v 4.94207907 2.09361005 -3.75455093
v 5.34094286 0.06389 -3.38301897
v 5.31647921 0.061854 -3.32925797
v 4.71940899 2.01558208 -3.32293391
v 5.3505621 0.067932 -3.38006496
v 4.96720314 2.113446 -3.73787999
v 4.74453211 2.03541899 -3.30626297
v 5.32609701 0.065896 -3.32630301
v 4.74453211 2.03541899 -3.30626297
v 3.64511108 3.23227 -3.47982693
v 5.05343485 10.15607643 -3.38487792
v 5.03838682 9.81536484 -3.38487792
v 5.39298391 9.62307835 -3.1337049
v 5.40970421 10.00164795 -3.1337049
v 5.76137304 9.78448963 -3.38081694
v 5.77642107 10.12520218 -3.38081694
v 5.28475809 12.39565086 -3.33331394
v 5.50961208 12.2714138 -3.25110412
v 5.50696993 12.27152729 -3.40029502
v 5.03838682 9.81536484 -3.38487792
v 5.39207077 9.62311554 -3.51715207
v 5.39298391 9.62307835 -3.1337049
v 5.40844202 10.00170135 -3.5171721
v 5.74341393 12.37606525 -3.3317349
v 5.05343485 10.15607643 -3.38487792
v 5.08820677 10.24960423 -3.36613989
v 5.41466522 10.11571789 -3.15989804
v 5.08820677 10.24960423 -3.36613989
v 5.41344213 10.11577129 -3.49114299
v 5.7500248 10.22134113 -3.36263299
v 5.10747004 10.68574524 -3.36613989
v 5.43348598 10.5418663 -3.15989804
v 5.10747004 10.68574524 -3.36613989
v 5.43181705 10.54193783 -3.49116802
v 5.76928711 10.65748215 -3.36263299
v 5.14201498 10.77112675 -3.34727502
v 5.43796301 10.64502716 -3.19580197
v 5.14201498 10.77112675 -3.34727502
v 5.43635893 10.64509487 -3.45543003
v 5.74239922 10.74548817 -3.34452605
v 5.15849495 11.14423847 -3.34727502
v 5.45406199 11.00949097 -3.19580197
v 5.15849495 11.14423847 -3.34727502
v 5.45207596 11.00957584 -3.45544791
v 5.75887823 11.11859989 -3.34452605
v 5.18357801 11.22914886 -3.33635092
v 5.45821619 11.10479355 -3.22137499
v 5.18357801 11.22914886 -3.33635092
v 5.45629311 11.10487747 -3.42997408
v 5.74137306 11.2053299 -3.33414197
v 5.20070314 11.61689854 -3.33635092
v 5.47576618 11.50216579 -3.22137499
v 5.20070314 11.61689854 -3.33635092
v 5.47344685 11.50226498 -3.42999101
v 5.75849915 11.59307957 -3.33414197
v 5.22334194 11.67975426 -3.33470607
v 5.47947216 11.58722591 -3.23747611
v 5.22334194 11.67975426 -3.33470607
v 5.47724485 11.58732224 -3.41389489
v 5.74148703 11.65762806 -3.33283806
v 5.2372489 11.99467373 -3.33470607
v 5.49385881 11.91301346 -3.23747611
v 5.2372489 11.99467373 -3.33470607
v 5.49131107 11.91312027 -3.41390705
v 5.75539398 11.97254658 -3.33283806
v 5.27093315 12.08260727 -3.33331394
v 5.4982729 12.01465511 -3.25110412
v 5.27093315 12.08260727 -3.33331394
v 5.49595213 12.01475334 -3.40028405
v 5.72958899 12.06302261 -3.3317349
v 5.28475809 12.39565086 -3.33331394
v 5.50961208 12.2714138 -3.25110412
v 5.07177305 8.74782753 -3.63454199
v 5.34411192 7.3619628 -3.38086605
v 5.32740688 7.36057281 -3.34415793
v 4.91973591 8.69455147 -3.33983994
v 5.35067892 7.36472321 -3.37884903
v 5.08892679 8.76137257 -3.62315989
v 4.93689108 8.70809746 -3.32845807
v 5.33397484 7.36333323 -3.34214091
v 4.93689108 8.70809746 -3.32845807
v 4.18622017 9.52528954 -3.44696498
v 5.39298391 9.62307835 -3.421067
v 5.3500309 0 -3.421067
v 5.27602005 0 -3.39701891
v 5.31965399 9.61322975 -3.39701891
v 5.27602005 0 -3.31919909
v 5.31965399 9.61322975 -3.31919909
v 5.3500309 0 -3.295151
v 5.39298391 9.62307835 -3.295151
v 5.4383049 9.62916565 -3.358109
v 5.39577293 0 -3.358109
v 5.3500309 0 -3.421067
v 5.39298391 9.62307835 -3.421067
v 5.27602005 0 -3.39701891
v 5.3500309 0 -3.421067
v 5.32957506 0 -3.358109
v 5.39577293 0 -3.358109
v 5.71349716 8.41519547 -2.93322706
v 5.34875679 6.18784094 -3.313344
v 5.37078285 6.18158913 -3.37702394
v 5.93541002 8.3605566 -3.44824004
v 5.33850718 6.1943512 -3.315799
v 5.68096781 8.43499947 -2.94941592
v 5.90288115 8.3803606 -3.4644289
v 5.36053324 6.18809891 -3.37947989
v 5.93541002 8.3605566 -3.44824004
v 6.74218416 9.27378941 -3.25624895
v 5.69645882 3.83003092 -2.93571091
v 5.3525362 1.99159598 -3.31582689
v 5.37456083 1.98534501 -3.37950802
v 5.91837215 3.77539206 -3.45072389
v 5.34228611 1.998106 -3.31828308
v 5.66392994 3.84983492 -2.95190001
v 5.8858428 3.79519606 -3.46691298
v 5.36431122 1.99185503 -3.38196301
v 5.91837215 3.77539206 -3.45072389
v 6.7459631 5.07754517 -3.25873208
v 5.17734909 5.19242191 -3.695014
v 5.33383322 3.39017701 -3.39082789
v 5.31380177 3.38850999 -3.34681106
v 4.98412895 5.1815052 -3.34163404
v 5.34170723 3.39348602 -3.3884089
v 5.20173216 5.20232296 -3.68136501
v 5.00851202 5.19140577 -3.32798505
v 5.32167721 3.391819 -3.34439301
v 5.00851202 5.19140577 -3.32798505
v 4.46580601 6.741611 -3.47008801
v 2.49129701 1.81787503 -2.79155207
v 2.07130098 0.12818301 -3.22022605
v 2.10186911 0.122489 -3.2707231
v 2.77602196 1.768116 -3.19189811
v 2.06297207 0.134112 -3.22421408
v 2.46640992 1.83590996 -2.81139708
v 2.75113606 1.78615105 -3.21174312
v 2.09353995 0.128418 -3.27471089
v 2.49129701 1.81787503 -2.79155207
v 3.67901206 4.26201582 -2.82613397
v 4.00896692 8.83534145 -2.88352489
v 3.84348798 8.52589989 -2.91902995
v 4.01449919 8.18436337 -2.62544894
v 4.19836378 8.5281868 -2.58599901
v 4.46022892 8.16490269 -2.7825489
v 4.62570906 8.47434425 -2.74704409
v 5.20151711 10.80849648 -2.57491493
v 5.32509184 10.58978367 -2.46431994
v 5.35413408 10.5911026 -2.6106739
v 3.84348798 8.52589989 -2.91902995
v 4.09416008 8.18481922 -3.00053
v 4.01449919 8.18436337 -2.62544894
v 4.2777319 8.52881622 -2.961164
v 5.59298182 10.57948303 -2.48930693
v 4.00896692 8.83534145 -2.88352489
v 4.07722092 8.90619946 -2.84971595
v 4.25919294 8.63182354 -2.59973598
v 4.07722092 8.90619946 -2.84971595
v 4.3276391 8.63243389 -2.92383504
v 4.64182711 8.57574368 -2.72498798
v 4.28904819 9.30230999 -2.80426693
v 4.46616697 9.01885891 -2.55532789
v 4.28904819 9.30230999 -2.80426693
v 4.53423786 9.01969242 -2.8795321
v 4.85365391 8.97185516 -2.67953801
v 4.35343599 9.36571026 -2.77115798
v 4.52373505 9.11258698 -2.57969689
v 4.35343599 9.36571026 -2.77115798
v 4.57682991 9.11338806 -2.83384204
v 4.86572218 9.06592941 -2.6584301
v 4.53464985 9.70457554 -2.73227596
v 4.70074987 9.4435997 -2.54171705
v 4.53464985 9.70457554 -2.73227596
v 4.75352383 9.44459248 -2.79594898
v 5.04693699 9.4047966 -2.61954904
v 4.59222984 9.77188683 -2.70874906
v 4.7523551 9.53018093 -2.55679989
v 4.59222984 9.77188683 -2.70874906
v 4.79447412 9.53114128 -2.76111007
v 5.06824923 9.49337292 -2.6043551
v 4.78055477 10.12404919 -2.66834211
v 4.94535303 9.89108086 -2.51538992
v 4.78055477 10.12404919 -2.66834211
v 4.98713589 9.89223957 -2.71978903
v 5.25657415 9.84553337 -2.56394792
v 4.82808399 10.1720047 -2.656461
v 4.98999882 9.96835709 -2.52227902
v 4.82808399 10.1720047 -2.656461
v 5.02510691 9.96946907 -2.69517994
v 5.2703042 9.91328812 -2.55966902
v 4.98103619 10.45802021 -2.62364411
v 5.14822912 10.26424217 -2.48832893
v 4.98103619 10.45802021 -2.62364411
v 5.18306398 10.26551437 -2.6613009
v 5.42325592 10.19930267 -2.52685094
v 5.0494771 10.52418518 -2.60753608
v 5.20038795 10.35659027 -2.49107599
v 5.0494771 10.52418518 -2.60753608
v 5.22970104 10.35774899 -2.63736105
v 5.44094181 10.29517269 -2.52192903
v 5.20151711 10.80849648 -2.57491493
v 5.32509184 10.58978367 -2.46431994
v 2.28398705 3.14875197 -3.361588
v 2.35554695 2.24060988 -3.20897388
v 2.35928202 2.23902202 -3.15549302
v 2.36341 3.13137889 -2.84428906
v 2.3630259 2.24166799 -3.20946598
v 2.32091188 3.15475202 -3.367064
v 2.40033507 3.13737893 -2.84976602
v 2.36676097 2.24008012 -3.15598607
v 2.40033507 3.13737893 -2.84976602
v 2.12577009 5.41969395 -3.17285609
v 2.86449909 5.28289604 -3.14095092
v 2.09333396 0 -3.30641198
v 2.01592493 0 -3.29842591
v 2.788306 5.289886 -3.13270402
v 1.99960005 0 -3.22233701
v 2.771981 5.289886 -3.05661607
v 2.06691909 0 -3.18329906
v 2.83808303 5.28289604 -3.017838
v 2.12485003 0 -3.23525906
v 2.89526296 5.27857494 -3.06996012
v 2.89526296 5.27857494 -3.06996012
v 2.12485003 0 -3.23525906
v 2.09333396 0 -3.30641198
v 2.06012607 0 -3.24914694
v 2.06691909 0 -3.18329906
v 2.12485003 0 -3.23525906
v 3.97981095 8.2089262 -2.79746389
v 4.04321098 8.18436337 -2.7592659
v 3.99613595 8.2089262 -2.87355208
v 4.0696249 8.18436337 -2.88238001
v 4.09872007 8.16918373 -2.81174588
v 4.09872007 8.16918373 -2.81174588
v 3.69467092 7.81428289 -3.17674303
v 3.28908896 6.42843103 -3.02630496
v 3.2675581 6.43251896 -2.99656391
v 3.49971509 7.85757399 -2.94270992
v 3.29508305 6.42880297 -3.02313089
v 3.71215296 7.81517696 -3.16233706
v 3.51719904 7.85846806 -2.92830491
v 3.27355099 6.43289089 -2.99339008
v 3.51719904 7.85846806 -2.92830491
v 3.56063008 9.15914726 -3.029917
v 3.59459591 6.56239986 -2.48282909
v 2.84805703 5.30021811 -3.03177404
v 2.87911892 5.2858448 -3.09023809
v 3.88408399 6.4256568 -2.94745111
v 2.84165812 5.31038284 -3.03565907
v 3.575737 6.59383392 -2.50343299
v 3.86522388 6.45709085 -2.96805406
v 2.87272096 5.29601097 -3.09412289
v 3.88408399 6.4256568 -2.94745111
v 4.993402 6.58262205 -2.51307511
v 0.39144 2.271034 -3.83305407
v 0.79030502 0.069305 -3.4615221
v 0.76583999 0.067096 -3.4077611
v 0.16877 2.18639398 -3.40143609
v 0.799923 0.073689 -3.4585681
v 0.41656399 2.29255199 -3.81638288
v 0.193893 2.20791197 -3.3847661
v 0.77545798 0.071481 -3.4048059
v 0.193893 2.20791197 -3.3847661
v -0.90552801 3.50619102 -3.55833006
v 0.50279599 11.01676083 -3.46338105
v 0.487748 10.64717484 -3.46338105
v 0.84234601 10.43859386 -3.21220803
v 0.85906601 10.84924507 -3.21220803
v 1.21073401 10.6136837 -3.45932007
v 1.22578204 10.98327065 -3.45932007
v 0.734119 13.4461298 -3.41181707
v 0.958974 13.31136417 -3.32960701
v 0.95633203 13.3114872 -3.47879791
v 0.487748 10.64717484 -3.46338105
v 0.84143198 10.43863487 -3.59565401
v 0.84234601 10.43859386 -3.21220803
v 0.857804 10.84930325 -3.59567499
v 1.19277501 13.42488384 -3.41023803
v 0.50279599 11.01676083 -3.46338105
v 0.53756899 11.11821461 -3.44464302
v 0.86402601 10.97298145 -3.23839998
v 0.53756899 11.11821461 -3.44464302
v 0.86280298 10.97303963 -3.56964588
v 1.199386 11.08755684 -3.44113588
v 0.556831 11.59131718 -3.44464302
v 0.88284701 11.43524456 -3.23839998
v 0.556831 11.59131718 -3.44464302
v 0.88117802 11.43532181 -3.56967092
v 1.21864903 11.56065845 -3.44113588
v 0.59137702 11.68393421 -3.42577791
v 0.88732499 11.54714775 -3.27430511
v 0.59137702 11.68393421 -3.42577791
v 0.88572103 11.54722214 -3.53393292
v 1.19175994 11.65612316 -3.42302895
v 0.60785598 12.08866501 -3.42577791
v 0.903422 11.94249916 -3.27430511
v 0.60785598 12.08866501 -3.42577791
v 0.90143698 11.94259071 -3.53395104
v 1.20823896 12.06085396 -3.42302895
v 0.63293999 12.18077183 -3.41485405
v 0.90757698 12.04587841 -3.29987788
v 0.63293999 12.18077183 -3.41485405
v 0.90565503 12.04596806 -3.50847697
v 1.19073498 12.15493393 -3.4126451
v 0.65006399 12.60138226 -3.41485405
v 0.92512703 12.47692585 -3.29987788
v 0.65006399 12.60138226 -3.41485405
v 0.92280799 12.47703362 -3.50849295
v 1.20785999 12.57554436 -3.4126451
v 0.67270303 12.66956329 -3.41320801
v 0.92883402 12.56919479 -3.315979
v 0.67270303 12.66956329 -3.41320801
v 0.92660701 12.56929874 -3.49239802
v 1.19084799 12.64556313 -3.41134095
v 0.686611 13.01117134 -3.41320801
v 0.94322097 12.92259026 -3.315979
v 0.686611 13.01117134 -3.41320801
v 0.94067299 12.9227066 -3.49240994
v 1.20475495 12.98716927 -3.41134095
v 0.72029501 13.10655689 -3.41181707
v 0.94763398 13.03284645 -3.32960701
v 0.72029501 13.10655689 -3.41181707
v 0.94531298 13.03295326 -3.47878695
v 1.17895103 13.08531284 -3.41023803
v 0.734119 13.4461298 -3.41181707
v 0.958974 13.31136417 -3.32960701
v 0.52113402 9.48916912 -3.71304488
v 0.79347301 7.98585796 -3.45936894
v 0.77676898 7.98435116 -3.42266107
v 0.36909699 9.43137836 -3.41834307
v 0.80004001 7.98885202 -3.45735192
v 0.538288 9.50386143 -3.70166302
v 0.38625199 9.44607067 -3.40696096
v 0.78333598 7.98734379 -3.42064404
v 0.38625199 9.44607067 -3.40696096
v -0.364418 10.33251762 -3.52546811
v 0.84234601 10.43859386 -3.49956894
v 0.79939198 0 -3.49956894
v 0.72538102 0 -3.47552204
v 0.76901501 10.4279108 -3.47552204
v 0.72538102 0 -3.39770198
v 0.76901501 10.4279108 -3.39770198
v 0.79939198 0 -3.37365389
v 0.84234601 10.43859386 -3.37365389
v 0.88766599 10.44519615 -3.43661189
v 0.84513402 0 -3.43661189
v 0.79939198 0 -3.49956894
v 0.84234601 10.43859386 -3.49956894
v 0.72538102 0 -3.47552204
v 0.79939198 0 -3.49956894
v 0.77893603 0 -3.43661189
v 0.84513402 0 -3.43661189
v 1.16285801 9.1283474 -3.01172996
v 0.79811901 6.71223402 -3.39184594
v 0.820144 6.70545197 -3.45552707
v 1.38477099 9.06907845 -3.52674294
v 0.78786802 6.71929598 -3.39430189
v 1.13032901 9.14982986 -3.02791905
v 1.35224199 9.09056091 -3.54293203
v 0.80989403 6.71251392 -3.45798302
v 1.38477099 9.06907845 -3.52674294
v 2.19154501 10.05970383 -3.33475208
v 1.14582098 4.15461016 -3.01421404
v 0.80189699 2.16037607 -3.39433002
v 0.82392198 2.15359402 -3.45800996
v 1.367733 4.09533978 -3.52922702
v 0.79164702 2.16743803 -3.39678597
v 1.11329198 4.17609215 -3.0304029
v 1.33520401 4.1168232 -3.54541492
v 0.81367201 2.16065598 -3.46046591
v 1.367733 4.09533978 -3.52922702
v 2.19532394 5.50784492 -3.33723497
v 0.62671 5.63245678 -3.77351594
v 0.78319401 3.67747998 -3.46933103
v 0.76316398 3.6756711 -3.42531395
v 0.43349099 5.62061501 -3.42013597
v 0.79106897 3.68107009 -3.46691203
v 0.65109301 5.64319801 -3.75986791
v 0.457874 5.63135576 -3.40648794
v 0.77103901 3.67926192 -3.42289495
v 0.457874 5.63135576 -3.40648794
v -0.084833 7.31293392 -3.5485909
vn -0.6424 -0.27253 -0.71628
vn 0.64582 0.26089 0.71753
vn 0.27385 -0.93685 0.21754
vn -0.68546 -0.14141 0.71424
vn 0.76703 -0.05728 -0.63905
vn 0.47619 0.48101 -0.73612
vn 0.43774 0.66898 0.6007
vn -0.66165 -0.25557 0.70492
vn -0.44983 -0.65256 -0.60977
vn -0.80448 0.02705 0.59337
vn 0.26646 -0.02685 0.96347
vn 0.43625 0.88862 0.14155
vn -0.42625 -0.89291 -0.14501
vn 0.63641 -0.01659 -0.77117
vn -0.36336 0.92431 -0.11667
vn 0.35625 -0.92652 0.12102
vn -0.02032 0.01612 -0.99966
vn -0.02032 0.01612 -0.99966
vn -0.76002 0.13856 0.63495
vn -0.76002 0.13855 0.63495
vn 0.06811 0.26732 -0.9612
vn 0.56347 0.24108 -0.79018
vn 0.21363 0.09173 0.9726
vn -0.77397 0.02507 0.63272
vn -0.03117 0.01659 -0.99938
vn 0.64356 -0.01699 -0.76521
vn 0.21802 -0.02486 0.97563
vn 0.21802 -0.02486 0.97563
vn -0.69642 0.18261 0.69401
vn 0.09807 0.33373 -0.93755
vn 0.5299 0.3096 -0.78953
vn 0.13004 0.14451 0.98092
vn -0.71415 0.02135 0.69966
vn -0.01631 0.01594 -0.99974
vn 0.63045 -0.01624 -0.77606
vn 0.12974 -0.02113 0.99132
vn -0.64596 0.14474 0.74953
vn -0.64596 0.14474 0.74953
vn 0.08632 0.24532 -0.96559
vn 0.54777 0.21987 -0.80722
vn 0.05382 0.11222 0.99222
vn -0.65896 0.01806 0.75196
vn 0.00517 0.01499 -0.99987
vn 0.6122 -0.01521 -0.79056
vn 0.05431 -0.01784 0.99836
vn -0.60213 0.15908 0.78239
vn -0.60213 0.15908 0.78239
vn 0.0722 0.17128 -0.98257
vn 0.56175 0.14478 -0.81454
vn 0.00096 0.13075 0.99142
vn -0.63467 0.01665 0.7726
vn 0.03203 0.01379 -0.99939
vn 0.58981 -0.01395 -0.80742
vn 0.02279 -0.01644 0.99961
vn -0.59915 0.13273 0.78956
vn 0.07147 0.13673 -0.98803
vn 0.56177 0.1106 -0.81987
vn -0.00713 0.10409 0.99454
vn -0.6232 0.01599 0.7819
vn 0.04413 0.01323 -0.99894
vn 0.57917 -0.01334 -0.8151
vn 0.00819 -0.01578 0.99984
vn -0.6424 -0.27253 -0.71628
vn 0.64582 0.26089 0.71753
vn 0.27386 -0.93683 0.2176
vn -0.68546 -0.14141 0.71425
vn 0.76704 -0.05727 -0.63904
vn 0.47619 0.48101 -0.73612
vn 0.43775 0.66898 0.6007
vn -0.66165 -0.25557 0.70491
vn -0.44983 -0.65256 -0.60977
vn -0.44983 -0.65256 -0.60977
vn 0.0145 0.0015 -0.99989
vn -0.946 0.00489 -0.32414
vn -0.60177 0.0015 0.79867
vn 0.57671 -0.00388 0.81694
vn 0.57671 -0.00388 0.81694
vn 0.95654 -0.00388 -0.29158
vn 0 -1 0
vn 0.71145 -0.23173 0.66343
vn -0.71448 0.21878 -0.66457
vn -0.43398 -0.86718 -0.24424
vn 0.61903 -0.12714 -0.775
vn -0.70518 -0.08611 0.70378
vn -0.39944 0.51355 0.75942
vn -0.47598 0.71019 -0.51872
vn 0.6496 -0.14723 -0.74589
vn 0.49434 -0.68704 0.53255
vn 0.7023 -0.26776 0.6596
vn -0.70638 0.25221 -0.66137
vn -0.70638 0.25221 -0.66137
vn -0.43398 -0.86719 -0.2442
vn -0.43398 -0.86719 -0.2442
vn 0.60897 -0.14704 -0.77944
vn -0.71135 -0.10646 0.69473
vn -0.47388 0.42603 0.77067
vn -0.56323 0.58586 -0.58271
vn 0.66262 -0.11987 -0.7393
vn 0.57621 -0.56371 0.59179
vn 0.57621 -0.56371 0.59179
vn -0.6674 -0.1683 -0.72544
vn 0.66897 0.15631 0.72667
vn 0.27385 -0.93684 0.21757
vn -0.68831 -0.08635 0.72026
vn 0.73385 -0.11305 -0.66984
vn 0.63169 0.31888 -0.7066
vn 0.63169 0.31889 -0.7066
vn 0.62451 0.35302 0.69668
vn -0.72274 -0.08684 0.68564
vn -0.62927 -0.33511 -0.70122
vn -0.62927 -0.33511 -0.70122
vn 0.76082 -0.19824 0.61794
vn -0.76339 0.18297 -0.61948
vn -0.31006 -0.93365 -0.17931
vn 0.56463 -0.11834 -0.81682
vn -0.63363 -0.13336 0.76206
vn -0.56939 0.21082 0.79458
vn -0.7492 0.23449 -0.61944
vn 0.63377 -0.02392 -0.77315
vn 0.75202 -0.22025 0.62126
vn -0.73403 0.19943 0.64917
vn 0.29597 -0.19792 0.93447
vn 0.67405 0.71726 0.17661
vn 0.67405 0.71726 0.17661
vn -0.66544 -0.72412 -0.18124
vn 0.56785 -0.12351 -0.81381
vn -0.12236 0.99215 -0.02577
vn 0.11516 -0.99288 0.03052
vn -0.06491 0.12037 -0.9906
vn -0.66056 0.28627 0.69405
vn 0.08513 0.326 -0.94153
vn 0.56449 0.14133 -0.81325
vn 0.27648 -0.07292 0.95825
vn -0.70363 0.1849 0.68608
vn -0.07518 0.12392 -0.98944
vn 0.57487 -0.12654 -0.8084
vn 0.25079 -0.1833 0.95053
vn -0.58606 0.30328 0.75137
vn 0.13191 0.37749 -0.91657
vn 0.55036 0.21578 -0.80656
vn 0.55036 0.21578 -0.80656
vn 0.21025 -1E-05 0.97765
vn -0.64435 0.15753 0.74833
vn -0.06111 0.11904 -0.99101
vn 0.56201 -0.12097 -0.81824
vn 0.16805 -0.15588 0.97338
vn -0.54507 0.24804 0.80086
vn 0.09684 0.30059 -0.94883
vn 0.54284 0.12759 -0.83009
vn 0.12928 -0.00925 0.99156
vn -0.58996 0.13332 0.79635
vn -0.04077 0.11195 -0.99288
vn 0.54411 -0.11328 -0.83133
vn 0.09699 -0.13169 0.98653
vn 0.09699 -0.13169 0.98653
vn -0.4981 0.2456 0.83161
vn -0.4981 0.2456 0.83161
vn 0.06375 0.23697 -0.96942
vn 0.53615 0.05362 -0.84242
vn 0.08316 0.02358 0.99626
vn -0.5661 0.12292 0.81512
vn -0.0153 0.103 -0.99456
vn 0.52219 -0.10394 -0.84647
vn 0.0672 -0.12138 0.99033
vn -0.50159 0.2194 0.83682
vn -0.50159 0.2194 0.83682
vn 0.05408 0.20541 -0.97718
vn 0.52696 0.02206 -0.84961
vn 0.06877 0.0006 0.99763
vn -0.55485 0.11805 0.82353
vn -0.0038 0.09892 -0.99509
vn 0.51178 -0.09953 -0.85333
vn 0.05337 -0.11656 0.99175
vn 0.05337 -0.11656 0.99175
vn -0.96925 -0.228 0.09262
vn 0.9769 0.19274 -0.09233
vn 0.2831 -0.95899 0.01377
vn 0.17329 -0.27876 0.9446
vn -0.01458 -0.24324 -0.96986
vn -0.10903 0.00888 -0.994
vn 0.95534 0.27795 -0.10034
vn 0.03407 0.22502 0.97376
vn -0.96019 -0.2607 0.10032
vn -0.96019 -0.2607 0.10032
vn -0.05045 -0.00811 -0.99869
vn -0.96414 -0.02591 -0.26413
vn -0.55241 -0.00811 0.83354
vn 0.62947 0.0211 0.77674
vn 0.93745 0.0211 -0.34747
vn 0.1577 -0.98654 0.0432
vn 0.1577 -0.98654 0.0432
vn 0.1577 -0.98654 0.0432
vn 0.1577 -0.98654 0.0432
vn 0.1577 -0.98654 0.0432
vn -0.54888 0.07877 0.83218
vn -0.93484 0.24593 -0.25611
vn -0.04811 0.07877 -0.99573
vn 0.91694 -0.20298 -0.34355
vn 0.61381 -0.20298 0.76291
vn -0.7263 -0.00285 -0.68737
vn 0.72586 -0.00908 0.68778
vn 0.14267 -0.97639 0.1622
vn -0.64929 -0.00641 0.76052
vn 0.66555 -0.19632 -0.72007
vn 0.63214 0.24058 -0.73656
vn 0.71439 0.19149 0.67303
vn -0.68529 0.00118 0.72827
vn -0.71622 -0.17289 -0.67612
vn 0.64451 -0.49556 0.58226
vn -0.65405 0.47854 -0.58585
vn -0.611 -0.74636 -0.26387
vn 0.5036 -0.23687 -0.83083
vn -0.69152 -0.03048 0.72171
vn -0.13044 0.61061 0.78111
vn -0.13219 0.9453 -0.29821
vn 0.48208 -0.32022 -0.81551
vn 0.15432 -0.93705 0.31324
vn 0.15432 -0.93705 0.31324
vn 0.85651 -0.2711 0.4392
vn -0.86013 0.25952 -0.43913
vn -0.33522 -0.93619 -0.10569
vn -0.33522 -0.93619 -0.10569
vn 0.38457 -0.14063 -0.91232
vn -0.4876 -0.05695 0.8712
vn -0.18153 0.47893 0.85888
vn -0.62527 0.66689 -0.40533
vn 0.36577 -0.25422 -0.89531
vn 0.63976 -0.65043 0.40944
vn 0.53891 0.0269 -0.84193
vn -0.59355 -0.0267 -0.80435
vn -0.46007 0.88756 0.024
vn 0.45195 -0.89188 -0.01718
vn -0.31836 -0.0165 0.94783
vn 0.3829 0.92355 -0.02116
vn -0.3778 -0.92577 0.01452
vn 0.37665 0.01603 0.92621
vn 0.48258 0.13779 -0.86495
vn 0.28043 0.26592 0.92231
vn -0.24351 0.2398 0.93979
vn -0.24352 0.2398 0.93979
vn -0.54751 0.09122 -0.83181
vn 0.49635 0.02493 -0.86776
vn 0.49636 0.02493 -0.86776
vn 0.38668 0.01649 0.92207
vn -0.32717 -0.01689 0.94481
vn -0.32717 -0.01689 0.94481
vn -0.55267 -0.02472 -0.83303
vn 0.40207 0.18161 -0.89742
vn 0.40207 0.18161 -0.89742
vn 0.24403 0.33206 0.91115
vn -0.21244 0.30802 0.92736
vn -0.47246 0.14371 -0.86956
vn 0.41654 0.02123 -0.90887
vn 0.37293 0.01585 0.92772
vn -0.31105 -0.01615 0.95026
vn -0.47584 -0.02101 -0.87928
vn 0.33505 0.14394 -0.93114
vn 0.26497 0.24401 0.93287
vn -0.22274 0.21868 0.95003
vn -0.40531 0.1116 -0.90734
vn 0.34629 0.01796 -0.93796
vn 0.35292 0.0149 0.93553
vn -0.28881 -0.01512 0.95727
vn -0.40793 -0.01774 -0.91284
vn 0.28238 0.15821 -0.94617
vn 0.28419 0.17033 0.94352
vn -0.23314 0.14397 0.96172
vn -0.35566 0.13002 -0.92553
vn -0.35566 0.13002 -0.92553
vn 0.31622 0.01655 -0.94854
vn 0.32768 0.01371 0.94469
vn -0.26187 -0.01387 0.965
vn -0.26187 -0.01387 0.965
vn -0.37894 -0.01635 -0.92528
vn 0.27701 0.13199 -0.95176
vn 0.28681 0.13597 0.94829
vn 0.28681 0.13597 0.94829
vn -0.23124 0.10998 0.96666
vn -0.34921 0.1035 -0.93131
vn 0.30218 0.0159 -0.95312
vn 0.3162 0.01315 0.9486
vn -0.24919 -0.01327 0.96836
vn -0.36539 -0.0157 -0.93072
vn -0.86013 0.25952 -0.43912
vn -0.33522 -0.93619 -0.10574
vn 0.38456 -0.14062 -0.91233
vn -0.4876 -0.05695 0.8712
vn -0.18151 0.4789 0.8589
vn -0.18151 0.4789 0.8589
vn -0.62527 0.66689 -0.40533
vn 0.36575 -0.25421 -0.89532
vn 0.34421 0.0015 0.93889
vn 0.99935 0.00486 -0.0358
vn 0.27617 0.0015 -0.96111
vn -0.83083 -0.00385 -0.55651
vn -0.78889 -0.00385 0.61453
vn -0.902 -0.23049 -0.36507
vn 0.90521 0.2176 0.36504
vn 0.4947 -0.86599 0.07305
vn -0.30078 -0.12644 0.94528
vn 0.4067 -0.08563 -0.90954
vn 0.10142 0.51142 -0.85332
vn 0.10142 0.51142 -0.85332
vn 0.63187 0.70819 0.31497
vn 0.63187 0.70819 0.31497
vn -0.33975 -0.14641 0.92905
vn -0.6539 -0.68498 -0.32128
vn -0.89217 -0.26636 -0.36481
vn 0.89658 0.25087 0.36498
vn 0.49472 -0.86598 0.07306
vn -0.28981 -0.14623 0.94585
vn 0.4157 -0.10587 -0.90332
vn 0.4157 -0.10587 -0.90332
vn 0.16694 0.42405 -0.89012
vn 0.16694 0.42405 -0.89012
vn 0.73586 0.58368 0.34327
vn -0.35427 -0.11922 0.92751
vn -0.75115 -0.56153 -0.34706
vn 0.88291 -0.16738 0.43869
vn -0.8848 0.15545 -0.43927
vn -0.33522 -0.93619 -0.10568
vn 0.38504 -0.08587 -0.9189
vn -0.44561 -0.11242 0.88814
vn -0.33724 0.31726 0.88635
vn -0.33724 0.31726 0.88635
vn -0.83302 0.35127 -0.42741
vn 0.4296 -0.08635 -0.89888
vn 0.83904 -0.33343 0.42992
vn 0.83904 -0.33343 0.42992
vn -0.76647 -0.35412 -0.53584
vn 0.77161 0.34001 0.53759
vn 0.48207 -0.85737 0.18033
vn -0.46314 -0.17411 0.86901
vn 0.57687 -0.05348 -0.81508
vn 0.45497 0.2651 -0.85013
vn 0.74936 0.38692 0.53735
vn -0.54997 -0.09753 0.82947
vn -0.54997 -0.09753 0.82947
vn -0.75458 -0.37385 -0.53931
vn 0.63047 0.28997 -0.72002
vn -0.34015 -0.28778 -0.89525
vn -0.80747 0.5742 -0.13519
vn 0.80059 -0.58241 0.14095
vn -0.46572 -0.17979 0.86648
vn -0.03789 0.99918 -0.01449
vn 0.0448 -0.99896 0.00898
vn 0.13118 0.17526 0.97574
vn 0.541 0.35865 -0.76072
vn -0.05342 0.34505 0.93706
vn -0.50576 0.07586 0.85933
vn -0.3433 -0.16528 -0.92457
vn 0.59988 0.2689 -0.75355
vn 0.14056 0.18042 0.97349
vn -0.47259 -0.18421 0.86182
vn -0.29968 -0.26657 -0.91604
vn 0.46046 0.35933 -0.8117
vn -0.10998 0.38563 0.91607
vn -0.10997 0.38563 0.91607
vn -0.50493 0.14997 0.85003
vn -0.29195 -0.08442 -0.9527
vn 0.54086 0.22916 -0.80929
vn 0.1277 0.17333 0.97655
vn -0.46002 -0.17611 0.87027
vn -0.22505 -0.22675 -0.9476
vn 0.42472 0.29645 -0.85541
vn -0.06017 0.31874 0.94593
vn -0.48071 0.06724 0.8743
vn -0.21227 -0.0797 -0.97396
vn 0.48732 0.19397 -0.85141
vn 0.48732 0.19397 -0.85141
vn 0.10906 0.16301 0.98058
vn -0.44258 -0.16492 0.88144
vn -0.16045 -0.19161 -0.96827
vn 0.37642 0.28437 -0.88172
vn 0.37642 0.28437 -0.88172
vn -0.01562 0.26403 0.96439
vn -0.46087 -0.00229 0.88747
vn -0.17276 -0.04018 -0.98414
vn 0.46399 0.17885 -0.8676
vn 0.08566 0.14998 0.98497
vn -0.42127 -0.15134 0.89422
vn -0.13323 -0.17662 -0.97522
vn 0.38353 0.25945 -0.88633
vn -0.00036 0.23564 0.97184
vn -0.00036 0.23564 0.97184
vn -0.44606 -0.0307 0.89448
vn -0.15505 -0.05982 -0.98609
vn 0.45301 0.17178 -0.8748
vn 0.07509 0.14405 0.98672
vn -0.41119 -0.14492 0.89996
vn -0.12057 -0.16961 -0.97811
vn 0.98266 -0.05307 -0.17764
vn 0.98266 -0.05308 -0.17764
vn -0.9837 0.01763 0.17894
vn -0.12705 -0.99105 0.04102
vn -0.20802 -0.34471 -0.91537
vn 0.13878 -0.18521 0.97285
vn 0.19268 0.07588 0.97832
vn -0.97759 0.10432 0.18284
vn -0.1553 0.16395 -0.97417
vn 0.97915 -0.08673 -0.18369
vn 0.13839 0.04942 0.98914
vn 0.97227 0.15793 0.17247
vn 0.47015 0.04942 -0.8812
vn -0.68864 -0.12834 -0.71365
vn -0.89209 -0.12834 0.43326
vn -0.89208 -0.12834 0.43326
vn 0.45273 0.13249 -0.88175
vn 0.45273 0.13249 -0.88175
vn 0.89681 0.41282 0.15908
vn 0.12184 0.13249 0.98367
vn -0.83481 -0.33997 0.43303
vn -0.63494 -0.33997 -0.69374
vn -0.63494 -0.33997 -0.69374
vn 0.7725 0.15861 0.61489
vn -0.77007 -0.17 -0.61489
vn 0.00275 -0.99247 -0.12244
vn 0.57127 0.07169 -0.81763
vn -0.55789 -0.27158 0.78422
vn -0.59586 0.15613 0.78776
vn -0.79258 0.02577 -0.60922
vn 0.60811 0.0869 -0.78908
vn 0.79133 -0.00733 0.61135
vn 0.79133 -0.00733 0.61135
vn -0.60301 -0.6185 -0.50382
vn 0.61524 0.60382 0.50684
vn 0.75772 -0.61038 0.23086
vn -0.38326 -0.27696 0.88114
vn 0.62003 0.05785 -0.78244
vn -0.039 0.57875 -0.81457
vn 0.00403 0.96509 0.2619
vn -0.35036 -0.35447 0.86695
vn -0.0288 -0.96101 -0.27503
vn 0.86128 -0.25131 0.44164
vn 0.86128 -0.25131 0.44164
vn -0.86451 0.24046 -0.44136
vn -0.35972 -0.92614 -0.11342
vn -0.35972 -0.92614 -0.11341
vn 0.38514 -0.12983 -0.91368
vn -0.48773 -0.05251 0.87141
vn -0.18473 0.44931 0.87407
vn -0.64726 0.6364 -0.41958
vn 0.36755 -0.2355 -0.89969
vn 0.66111 -0.61962 0.42309
vn 0.53894 0.0248 -0.84198
vn 0.53894 0.0248 -0.84198
vn -0.59358 -0.02461 -0.8044
vn -0.48996 0.87137 0.02556
vn 0.48162 -0.87619 -0.01831
vn -0.31836 -0.01521 0.94785
vn 0.41005 0.91178 -0.02266
vn -0.40474 -0.9143 0.01555
vn 0.37666 0.01478 0.92623
vn 0.48327 0.1272 -0.86618
vn 0.48327 0.1272 -0.86618
vn 0.28193 0.24645 0.92724
vn -0.24457 0.22202 0.94387
vn -0.24457 0.22203 0.94387
vn -0.54785 0.08415 -0.83233
vn 0.49638 0.02299 -0.8678
vn 0.38669 0.0152 0.92209
vn -0.32718 -0.01557 0.94483
vn -0.55269 -0.02278 -0.83307
vn -0.55269 -0.02279 -0.83307
vn 0.40307 0.16783 -0.89965
vn 0.24607 0.30868 0.91878
vn -0.21397 0.286 0.93404
vn -0.47319 0.13269 -0.87091
vn 0.41656 0.01957 -0.9089
vn 0.37294 0.01461 0.92774
vn -0.31105 -0.01488 0.95028
vn -0.31106 -0.01489 0.95028
vn -0.47586 -0.01936 -0.87931
vn 0.33557 0.1329 -0.93259
vn 0.26616 0.22597 0.93707
vn -0.22355 0.20233 0.95346
vn -0.40569 0.10298 -0.90819
vn 0.3463 0.01655 -0.93798
vn 0.35293 0.01374 0.93555
vn -0.28882 -0.01394 0.95728
vn -0.40794 -0.01635 -0.91286
vn 0.28291 0.14612 -0.94795
vn 0.28482 0.15737 0.94558
vn -0.23351 0.13293 0.96322
vn -0.35611 0.12001 -0.92671
vn 0.31623 0.01526 -0.94856
vn 0.32768 0.01264 0.94471
vn -0.26188 -0.01279 0.96502
vn -0.37895 -0.01507 -0.9253
vn 0.27737 0.12183 -0.95301
vn 0.28721 0.12553 0.94961
vn -0.23145 0.10148 0.96754
vn -0.34949 0.09549 -0.93206
vn 0.30218 0.01465 -0.95314
vn 0.31621 0.01212 0.94861
vn -0.24919 -0.01223 0.96838
vn -0.36539 -0.01447 -0.93074
vn 0.86128 -0.25131 0.44164
vn -0.86451 0.24046 -0.44136
vn -0.35971 -0.92615 -0.11341
vn 0.38513 -0.12983 -0.91369
vn -0.48773 -0.05251 0.87141
vn -0.18472 0.44929 0.87408
vn 0.36754 -0.23549 -0.8997
vn 0.66111 -0.61962 0.42309
vn 0.34421 0.00138 0.93889
vn 0.99935 0.00448 -0.03579
vn 0.27617 0.00138 -0.96111
vn -0.83083 -0.00355 -0.55651
vn -0.78889 -0.00355 0.61452
vn -0.90562 -0.21334 -0.36653
vn 0.90844 0.20132 0.36634
vn 0.52519 -0.84745 0.07754
vn -0.30114 -0.1167 0.94641
vn 0.40692 -0.07898 -0.91004
vn 0.10348 0.481 -0.87059
vn 0.6571 0.67893 0.32754
vn -0.34031 -0.13519 0.93054
vn -0.34031 -0.13519 0.93054
vn -0.67823 -0.65496 -0.33323
vn -0.89696 -0.24687 -0.36676
vn 0.90084 0.23237 0.36672
vn 0.52518 -0.84745 0.07756
vn -0.29028 -0.13502 0.94737
vn -0.29028 -0.13502 0.94737
vn 0.41605 -0.09768 -0.90408
vn 0.16924 0.39631 -0.90239
vn 0.75543 0.55239 0.35241
vn 0.75543 0.55239 0.35241
vn -0.35464 -0.11002 0.92851
vn -0.76959 -0.53037 -0.35558
vn 0.88478 -0.15463 0.43961
vn -0.88641 0.14356 -0.44007
vn -0.88641 0.14356 -0.44007
vn -0.35973 -0.92614 -0.1134
vn 0.38525 -0.0792 -0.91941
vn -0.44604 -0.10373 0.88898
vn -0.33984 0.29472 0.89311
vn -0.84085 0.32687 -0.43143
vn 0.42982 -0.07965 -0.8994
vn 0.84614 -0.30998 0.43356
vn 0.64582 0.26089 0.71753
vn 0.27385 -0.93685 0.21755
vn -0.68546 -0.14141 0.71424
vn 0.76703 -0.05728 -0.63905
vn 0.76703 -0.05728 -0.63905
vn 0.47619 0.48101 -0.73612
vn -0.66165 -0.25557 0.70492
vn -0.44983 -0.65256 -0.60977
vn 0.43625 0.88862 0.14154
vn 0.43625 0.88862 0.14154
vn -0.36336 0.92431 -0.11669
vn -0.76002 0.13855 0.63495
vn 0.06811 0.26732 -0.9612
vn 0.56346 0.24108 -0.79018
vn 0.21363 0.09174 0.9726
vn -0.77398 0.02507 0.63272
vn 0.64356 -0.01699 -0.76521
vn -0.69642 0.18261 0.69401
vn 0.09807 0.33373 -0.93755
vn 0.5299 0.3096 -0.78953
vn 0.13004 0.14451 0.98092
vn -0.71416 0.02135 0.69966
vn 0.63046 -0.01624 -0.77606
vn -0.64595 0.14474 0.74953
vn 0.08632 0.24532 -0.96559
vn 0.54777 0.21987 -0.80722
vn 0.54777 0.21987 -0.80722
vn 0.05382 0.11222 0.99222
vn 0.05382 0.11222 0.99222
vn 0.00517 0.01499 -0.99987
vn 0.6122 -0.0152 -0.79056
vn 0.05431 -0.01784 0.99836
vn -0.60214 0.15908 0.78238
vn 0.0722 0.17127 -0.98257
vn 0.56175 0.14478 -0.81454
vn 0.00096 0.13074 0.99142
vn -0.63467 0.01665 0.7726
vn 0.58981 -0.01395 -0.80742
vn 0.02279 -0.01644 0.99961
vn -0.59915 0.13272 0.78956
vn 0.07147 0.13673 -0.98803
vn 0.56176 0.1106 -0.81987
vn -0.00713 0.10409 0.99454
vn 0.04413 0.01322 -0.99894
vn 0.57917 -0.01334 -0.8151
vn 0.00819 -0.01578 0.99984
vn 0.64582 0.26089 0.71753
vn 0.27385 -0.93683 0.21759
vn -0.68546 -0.14141 0.71425
vn 0.76702 -0.05727 -0.63906
vn 0.4762 0.48101 -0.73612
vn 0.43775 0.66898 0.6007
vn -0.66164 -0.25556 0.70493
vn 0.0145 0.0015 -0.99989
vn -0.60177 0.0015 0.79867
vn -0.60177 0.00151 0.79867
vn 0.57671 -0.00388 0.81694
vn 0.95654 -0.00388 -0.29158
vn -0.71448 0.21878 -0.66457
vn -0.43398 -0.86719 -0.24421
vn 0.61903 -0.12714 -0.77501
vn -0.70517 -0.08611 0.70379
vn -0.39943 0.51355 0.75942
vn -0.47599 0.71019 -0.51872
vn 0.64959 -0.14722 -0.74589
vn 0.7023 -0.26776 0.65961
vn 0.7023 -0.26776 0.6596
vn -0.70638 0.25221 -0.66137
vn -0.43399 -0.86719 -0.24419
vn -0.43399 -0.86719 -0.24419
vn 0.60897 -0.14704 -0.77944
vn -0.71135 -0.10646 0.69473
vn -0.47388 0.42603 0.77067
vn -0.56323 0.58586 -0.58271
vn 0.66262 -0.11988 -0.7393
vn -0.6674 -0.1683 -0.72543
vn -0.6674 -0.1683 -0.72543
vn 0.27385 -0.93685 0.21754
vn -0.68831 -0.08635 0.72026
vn 0.73383 -0.11305 -0.66986
vn 0.73383 -0.11305 -0.66986
vn 0.73383 -0.11305 -0.66986
vn 0.63171 0.31889 -0.70658
vn 0.62451 0.35302 0.69668
vn -0.72273 -0.08684 0.68565
vn -0.62927 -0.33511 -0.70123
vn 0.76082 -0.19824 0.61794
vn -0.76339 0.18297 -0.61948
vn -0.76339 0.18297 -0.61948
vn -0.31007 -0.93365 -0.17931
vn 0.56463 -0.11834 -0.81681
vn -0.63362 -0.13336 0.76206
vn -0.56939 0.21082 0.79457
vn 0.63377 -0.02392 -0.77315
vn -0.73403 0.19943 0.64917
vn 0.67406 0.71726 0.17661
vn -0.66544 -0.72412 -0.18124
vn 0.56785 -0.12351 -0.81381
vn -0.06491 0.12037 -0.9906
vn -0.66057 0.28627 0.69405
vn 0.08513 0.326 -0.94153
vn 0.08513 0.326 -0.94153
vn 0.56449 0.14133 -0.81325
vn 0.25079 -0.1833 0.95053
vn -0.58606 0.30328 0.75137
vn 0.13191 0.37749 -0.91657
vn 0.21025 -1E-05 0.97765
vn -0.64435 0.15753 0.74833
vn -0.06112 0.11904 -0.99101
vn -0.06112 0.11904 -0.99101
vn 0.56201 -0.12097 -0.81824
vn -0.54507 0.24804 0.80086
vn -0.54507 0.24804 0.80086
vn 0.09684 0.30059 -0.94883
vn 0.54284 0.12759 -0.83009
vn 0.12928 -0.00925 0.99156
vn -0.58996 0.13331 0.79635
vn -0.04077 0.11195 -0.99288
vn -0.4981 0.24561 0.83161
vn -0.4981 0.24561 0.83161
vn 0.53615 0.05362 -0.84242
vn 0.08316 0.02358 0.99626
vn -0.5661 0.12292 0.81512
vn -0.01529 0.103 -0.99456
vn 0.52219 -0.10394 -0.84647
vn 0.0672 -0.12138 0.99033
vn -0.50159 0.21941 0.83682
vn 0.05408 0.20541 -0.97718
vn 0.52696 0.02207 -0.84961
vn 0.06877 0.0006 0.99763
vn -0.55485 0.11805 0.82353
vn 0.51178 -0.09953 -0.85333
vn 0.05337 -0.11656 0.99175
vn 0.2831 -0.95899 0.01377
vn 0.17329 -0.27877 0.9446
vn -0.01459 -0.24324 -0.96986
vn 0.95534 0.27795 -0.10034
vn 0.03407 0.22503 0.97376
vn -0.05046 -0.00811 -0.99869
vn -0.96414 -0.02591 -0.26413
vn 0.62947 0.0211 0.77674
vn 0.62947 0.0211 0.77674
vn 0.93745 0.0211 -0.34747
vn 0.1577 -0.98654 0.0432
vn 0.1577 -0.98654 0.0432
vn -0.54888 0.07877 0.83218
vn -0.04812 0.07877 -0.99573
vn 0.91694 -0.20298 -0.34355
vn 0.61381 -0.20298 0.76291
vn 0.72587 -0.00908 0.68778
vn 0.72586 -0.00908 0.68778
vn 0.14266 -0.97638 0.16225
vn -0.64927 -0.00641 0.76053
vn -0.64927 -0.00641 0.76053
vn 0.66556 -0.19632 -0.72006
vn 0.63213 0.24058 -0.73657
vn 0.71439 0.19149 0.67303
vn -0.71622 -0.17289 -0.67612
vn -0.611 -0.74636 -0.26387
vn 0.5036 -0.23687 -0.83083
vn 0.5036 -0.23687 -0.83083
vn -0.69152 -0.03047 0.72171
vn -0.13045 0.61061 0.78111
vn 0.48208 -0.32022 -0.81551
vn 0.48208 -0.32022 -0.81551
vn 0.15432 -0.93705 0.31324
vn -0.33523 -0.93619 -0.10569
vn 0.38458 -0.14063 -0.91232
vn -0.48762 -0.05695 0.8712
vn -0.18153 0.47893 0.85888
vn 0.36577 -0.25422 -0.89531
vn -0.59355 -0.0267 -0.80435
vn -0.46007 0.88756 0.024
vn -0.46007 0.88756 0.024
vn 0.45195 -0.89188 -0.01718
vn 0.48258 0.13779 -0.86495
vn 0.28043 0.26592 0.92231
vn -0.24352 0.2398 0.93979
vn -0.54751 0.09122 -0.83181
vn -0.54751 0.09122 -0.83181
vn 0.49635 0.02493 -0.86776
vn 0.49636 0.02493 -0.86776
vn 0.38668 0.01649 0.92207
vn -0.55267 -0.02472 -0.83303
vn 0.40207 0.18161 -0.89742
vn 0.40207 0.18161 -0.89742
vn 0.24403 0.33206 0.91115
vn -0.21244 0.30801 0.92736
vn -0.47246 0.14371 -0.86956
vn 0.41654 0.02123 -0.90887
vn 0.41654 0.02123 -0.90887
vn 0.37293 0.01585 0.92772
vn -0.47584 -0.02101 -0.87928
vn 0.33505 0.14394 -0.93114
vn 0.26497 0.24401 0.93287
vn -0.22274 0.21869 0.95003
vn -0.4053 0.1116 -0.90734
vn 0.34629 0.01796 -0.93796
vn -0.40793 -0.01774 -0.91284
vn 0.28419 0.17034 0.94352
vn -0.23314 0.14398 0.96172
vn -0.35566 0.13002 -0.92553
vn 0.32768 0.01371 0.94469
vn -0.26187 -0.01387 0.965
vn 0.27701 0.13199 -0.95176
vn 0.28681 0.13597 0.94829
vn 0.28681 0.13597 0.94829
vn -0.34921 0.10351 -0.93131
vn 0.30218 0.0159 -0.95312
vn 0.3162 0.01315 0.9486
vn -0.24919 -0.01327 0.96836
vn -0.36539 -0.01569 -0.93072
vn 0.85651 -0.2711 0.4392
vn -0.86013 0.25952 -0.43912
vn -0.33524 -0.93618 -0.10575
vn -0.33524 -0.93618 -0.10575
vn -0.33524 -0.93618 -0.10575
vn 0.38455 -0.14062 -0.91233
vn -0.48759 -0.05695 0.87121
vn 0.63976 -0.65043 0.40943
vn 0.34421 0.0015 0.93889
vn 0.27617 0.0015 -0.96111
vn -0.83083 -0.00385 -0.55651
vn -0.78889 -0.00385 0.61453
vn 0.49469 -0.866 0.07305
vn 0.10143 0.51143 -0.85332
vn -0.33976 -0.14642 0.92905
vn -0.33976 -0.14642 0.92905
vn -0.6539 -0.68498 -0.32128
vn -0.89217 -0.26636 -0.36481
vn 0.49473 -0.86597 0.07306
vn 0.49473 -0.86597 0.07306
vn -0.2898 -0.14623 0.94585
vn 0.4157 -0.10587 -0.90332
vn 0.16694 0.42405 -0.89012
vn 0.73586 0.58368 0.34327
vn -0.75115 -0.56153 -0.34706
vn 0.88291 -0.16738 0.43869
vn -0.33521 -0.9362 -0.10568
vn 0.38504 -0.08587 -0.9189
vn -0.44561 -0.11242 0.88814
vn -0.33725 0.31726 0.88635
vn -0.83302 0.35127 -0.42741
vn 0.42958 -0.08635 -0.89889
vn 0.48207 -0.85737 0.18033
vn -0.46314 -0.17411 0.86901
vn 0.57687 -0.05348 -0.81509
vn 0.45497 0.2651 -0.85013
vn 0.74936 0.38692 0.53735
vn -0.54997 -0.09753 0.82947
vn 0.63047 0.28997 -0.72002
vn -0.34015 -0.28778 -0.89525
vn -0.80747 0.57421 -0.13519
vn 0.80058 -0.58241 0.14095
vn 0.13118 0.17526 0.97574
vn 0.541 0.35866 -0.76072
vn -0.05341 0.34505 0.93706
vn -0.05341 0.34505 0.93706
vn -0.50576 0.07586 0.85933
vn -0.3433 -0.16528 -0.92457
vn -0.47259 -0.18421 0.86182
vn 0.46046 0.35933 -0.8117
vn 0.46046 0.35933 -0.8117
vn -0.10998 0.38563 0.91608
vn -0.50493 0.14997 0.85003
vn -0.29195 -0.08442 -0.9527
vn 0.54086 0.22916 -0.80929
vn 0.1277 0.17333 0.97655
vn -0.46002 -0.17611 0.87027
vn -0.22505 -0.22675 -0.9476
vn 0.42472 0.29645 -0.85541
vn -0.06017 0.31874 0.94593
vn -0.48071 0.06725 0.8743
vn -0.21227 -0.0797 -0.97396
vn 0.37642 0.28437 -0.88172
vn -0.01562 0.26403 0.96439
vn -0.46087 -0.00229 0.88747
vn -0.17276 -0.04018 -0.98414
vn 0.46399 0.17885 -0.8676
vn -0.42127 -0.15134 0.89422
vn -0.42127 -0.15134 0.89422
vn -0.13323 -0.17662 -0.97522
vn 0.38353 0.25945 -0.88633
vn -0.00036 0.23564 0.97184
vn -0.44606 -0.03071 0.89448
vn -0.15505 -0.05982 -0.98609
vn 0.45301 0.17178 -0.8748
vn 0.98266 -0.05308 -0.17764
vn -0.12705 -0.99105 0.04102
vn -0.20802 -0.34471 -0.91537
vn 0.13879 -0.18521 0.97285
vn 0.19267 0.07588 0.97832
vn -0.1553 0.16395 -0.97417
vn 0.97227 0.15793 0.17246
vn 0.47015 0.04942 -0.8812
vn -0.68864 -0.12834 -0.71365
vn 0.45273 0.13249 -0.88175
vn 0.89681 0.41282 0.15908
vn -0.83481 -0.33997 0.43303
vn -0.63494 -0.33997 -0.69374
vn 0.7725 0.15861 0.61489
vn -0.77007 -0.17 -0.61489
vn 0.00275 -0.99248 -0.12241
vn -0.55788 -0.27158 0.78423
vn -0.59586 0.15613 0.78776
vn -0.79258 0.02577 -0.60922
vn 0.60812 0.0869 -0.78907
vn -0.60301 -0.6185 -0.50382
vn 0.61524 0.60382 0.50684
vn 0.7577 -0.61041 0.23085
vn -0.38327 -0.27696 0.88114
vn 0.62003 0.05786 -0.78244
vn 0.62004 0.05786 -0.78244
vn -0.039 0.57874 -0.81458
vn -0.35036 -0.35448 0.86694
vn 0.86128 -0.25131 0.44164
vn 0.38514 -0.12983 -0.91368
vn -0.48772 -0.05252 0.87142
vn -0.48772 -0.05252 0.87142
vn -0.18473 0.44931 0.87407
vn -0.18473 0.44931 0.87407
vn -0.64726 0.6364 -0.41959
vn 0.36756 -0.2355 -0.89969
vn 0.36756 -0.2355 -0.89969
vn 0.53894 0.0248 -0.84198
vn -0.48996 0.87137 0.02556
vn 0.48162 -0.87619 -0.01831
vn 0.41005 0.91178 -0.02265
vn 0.37666 0.01478 0.92623
vn 0.48327 0.12721 -0.86618
vn 0.28192 0.24645 0.92724
vn 0.28192 0.24645 0.92724
vn -0.24457 0.22202 0.94387
vn -0.54785 0.08415 -0.83233
vn 0.49638 0.02299 -0.8678
vn 0.49638 0.02298 -0.8678
vn -0.32718 -0.01557 0.94483
vn 0.40307 0.16783 -0.89965
vn 0.24607 0.30868 0.91879
vn -0.21397 0.286 0.93404
vn -0.21397 0.286 0.93403
vn -0.4732 0.13269 -0.87091
vn 0.41656 0.01957 -0.9089
vn -0.31105 -0.01488 0.95028
vn 0.33557 0.1329 -0.93259
vn 0.33557 0.1329 -0.93259
vn 0.26616 0.22596 0.93707
vn 0.26616 0.22596 0.93707
vn -0.22355 0.20233 0.95346
vn -0.40568 0.10298 -0.90819
vn -0.40569 0.10298 -0.90819
vn -0.28882 -0.01394 0.95728
vn -0.40794 -0.01635 -0.91286
vn -0.40794 -0.01635 -0.91286
vn 0.28481 0.15737 0.94558
vn -0.23351 0.13294 0.96322
vn -0.3561 0.12001 -0.92671
vn 0.32768 0.01264 0.94471
vn -0.26188 -0.01279 0.96502
vn -0.37895 -0.01507 -0.92529
vn 0.27737 0.12183 -0.95301
vn 0.28721 0.12553 0.94961
vn -0.23145 0.10148 0.96754
vn -0.34949 0.09549 -0.93206
vn 0.30218 0.01466 -0.95314
vn 0.31621 0.01212 0.94861
vn 0.31621 0.01212 0.94861
vn -0.36539 -0.01447 -0.93074
vn -0.86451 0.24046 -0.44136
vn -0.3597 -0.92615 -0.11341
vn 0.38514 -0.12983 -0.91368
vn -0.48773 -0.05252 0.87142
vn -0.18472 0.44929 0.87408
vn -0.64726 0.6364 -0.41958
vn 0.36753 -0.23548 -0.8997
vn 0.66111 -0.61962 0.42309
vn 0.34422 0.00138 0.93889
vn 0.99935 0.00448 -0.03579
vn 0.27617 0.00138 -0.96111
vn -0.83083 -0.00355 -0.55651
vn -0.90562 -0.21334 -0.36653
vn 0.52519 -0.84744 0.07754
vn -0.30113 -0.1167 0.94642
vn 0.10347 0.48099 -0.8706
vn 0.6571 0.67893 0.32754
vn -0.3403 -0.13518 0.93055
vn -0.67822 -0.65496 -0.33323
vn 0.52519 -0.84745 0.07756
vn -0.29028 -0.13502 0.94737
vn -0.29028 -0.13502 0.94737
vn 0.41605 -0.09768 -0.90408
vn 0.41605 -0.09768 -0.90408
vn 0.16924 0.3963 -0.90239
vn -0.35464 -0.11002 0.92851
vn -0.35973 -0.92614 -0.11341
vn 0.38526 -0.0792 -0.91941
vn -0.44605 -0.10373 0.88898
vn -0.44605 -0.10373 0.88898
vn -0.33985 0.29472 0.89311
vn -0.84085 0.32687 -0.43143
vn 0.42983 -0.07965 -0.89939
vn 0.6193 -0.25568 0.74236
vn -0.62245 0.24466 -0.74344
vn -0.28224 -0.92853 -0.24118
vn 0.7115 -0.1322 -0.69014
vn -0.78958 -0.05349 0.61132
vn -0.50985 0.45593 0.72951
vn -0.50985 0.45593 0.72951
vn -0.42844 0.64336 -0.63446
vn 0.68935 -0.23963 -0.68365
vn 0.68935 -0.23963 -0.68365
vn 0.4399 -0.62664 0.64328
vn 0.82523 0.02526 -0.56422
vn -0.23182 -0.02507 -0.97244
vn -0.45452 0.87519 -0.16569
vn 0.44409 -0.87989 0.16904
vn -0.66361 -0.01549 0.74791
vn 0.38039 0.91457 0.13734
vn -0.3728 -0.91702 -0.14173
vn -0.01547 0.01505 0.99977
vn 0.78323 0.12953 -0.60809
vn -0.10294 0.25075 0.96256
vn -0.5936 0.22594 0.77239
vn -0.17878 0.0857 -0.98015
vn 0.79616 0.02341 -0.60464
vn -0.00462 0.01549 0.99987
vn -0.67055 -0.01586 0.74169
vn -0.18297 -0.02321 -0.98284
vn 0.72235 0.17086 -0.67008
vn -0.13252 0.31385 0.94018
vn -0.56128 0.29087 0.77483
vn -0.09498 0.13511 -0.98627
vn 0.73876 0.01994 -0.67367
vn -0.01949 0.01488 0.9997
vn -0.65784 -0.01516 0.75301
vn -0.09418 -0.01973 -0.99536
vn 0.67327 0.13533 -0.72691
vn -0.12129 0.22994 0.96562
vn -0.5781 0.20593 0.78955
vn -0.01829 0.10487 -0.99432
vn 0.68547 0.01686 -0.72791
vn -0.04095 0.014 0.99906
vn -0.64011 -0.0142 0.76815
vn -0.64011 -0.0142 0.76815
vn -0.01855 -0.01666 -0.99969
vn 0.63078 0.14878 -0.76157
vn -0.10752 0.16022 0.98121
vn -0.59133 0.13536 0.79499
vn -0.59133 0.13536 0.79499
vn 0.03457 0.12221 -0.9919
vn 0.66193 0.01554 -0.74941
vn -0.06778 0.01288 0.99762
vn -0.06778 0.01288 0.99762
vn -0.61834 -0.01302 0.7858
vn 0.013 -0.01535 -0.9998
vn 0.62773 0.12406 -0.76848
vn -0.10691 0.12782 0.98602
vn -0.59121 0.10334 0.79987
vn 0.04275 0.09725 -0.99434
vn 0.65079 0.01493 -0.75911
vn -0.07986 0.01235 0.99673
vn -0.60798 -0.01246 0.79386
vn 0.0276 -0.01474 -0.99951
vn 0.6193 -0.25568 0.74236
vn -0.28225 -0.92852 -0.24122
vn 0.71149 -0.1322 -0.69014
vn -0.78958 -0.05349 0.61131
vn -0.50985 0.45593 0.72951
vn 0.68932 -0.23961 -0.68368
vn 0.4399 -0.62664 0.64329
vn -0.05028 0.00141 0.99873
vn -0.05028 0.00141 0.99873
vn 0.93379 0.00457 0.35779
vn 0.62997 0.0014 -0.77662
vn -0.5471 -0.00362 -0.83706
vn -0.96636 -0.00362 0.25716
vn -0.96636 -0.00362 0.25715
vn -0.68963 -0.21711 -0.69085
vn 0.69236 0.2049 0.69184
vn 0.44707 -0.85181 0.27304
vn -0.64704 -0.11884 0.75314
vn -0.64704 -0.11884 0.75314
vn 0.73026 -0.08044 -0.67841
vn 0.73026 -0.08044 -0.67841
vn 0.43375 0.48781 -0.75757
vn 0.47265 0.68564 0.55363
vn -0.67682 -0.13766 0.72316
vn -0.49002 -0.66182 -0.56733
vn -0.68138 -0.25117 -0.68748
vn 0.68506 0.23645 0.68905
vn 0.44706 -0.8518 0.27308
vn -0.63736 -0.13748 0.7582
vn 0.73629 -0.09947 -0.66931
vn 0.50709 0.40248 -0.76215
vn 0.55434 0.55946 0.6162
vn -0.68929 -0.11204 0.71577
vn -0.68929 -0.11204 0.71577
vn -0.56632 -0.5374 -0.62489
vn 0.64217 -0.15743 0.75022
vn -0.64354 0.14617 -0.75133
vn -0.64354 0.14617 -0.75132
vn -0.28225 -0.92853 -0.24119
vn 0.71399 -0.08066 -0.6955
vn 0.71399 -0.08067 -0.6955
vn -0.75796 -0.10564 0.64369
vn -0.66091 0.2997 0.68803
vn -0.60402 0.33227 -0.7244
vn 0.74718 -0.08112 -0.65965
vn 0.60817 -0.31517 0.72856
vn -0.74008 -0.18557 -0.64641
vn 0.74233 0.17121 0.6478
vn 0.32198 -0.92496 0.20192
vn -0.59404 -0.1106 0.7968
vn 0.66125 -0.12466 -0.73974
vn 0.59917 0.1974 -0.7759
vn 0.72913 0.21972 0.64815
vn -0.66106 -0.02234 0.75
vn -0.73158 -0.20629 -0.6498
vn 0.75873 0.18668 -0.62408
vn 0.75873 0.18668 -0.62408
vn -0.263 -0.18526 -0.94684
vn -0.69046 0.69294 -0.20758
vn 0.68184 -0.70004 0.2122
vn -0.5972 -0.11543 0.79374
vn 0.12983 0.99101 0.03225
vn -0.12196 -0.99184 -0.03704
vn 0.02944 0.11249 0.99322
vn 0.68861 0.26871 -0.67351
vn -0.11959 0.30648 0.94434
vn -0.11959 0.30648 0.94434
vn -0.59399 0.13213 0.79354
vn -0.24209 -0.06811 -0.96786
vn -0.24209 -0.0681 -0.96786
vn 0.72934 0.17302 -0.66192
vn 0.03975 0.11582 0.99247
vn -0.60406 -0.11827 0.78811
vn -0.21708 -0.17152 -0.96097
vn 0.61622 0.28486 -0.73425
vn -0.16616 0.35572 0.9197
vn -0.58061 0.20208 0.78871
vn -0.17513 -1E-05 -0.98455
vn 0.67179 0.14732 -0.72594
vn 0.02563 0.11125 0.99346
vn -0.59149 -0.11305 0.79835
vn -0.13331 -0.14577 -0.9803
vn 0.57566 0.23252 -0.78393
vn -0.1315 0.28229 0.95027
vn -0.5728 0.11925 0.81098
vn -0.09371 -0.00864 -0.99556
vn 0.61879 0.12462 -0.77561
vn 0.00521 0.10461 0.9945
vn 0.00521 0.10461 0.9945
vn -0.57399 -0.10585 0.81199
vn -0.06169 -0.12309 -0.99048
vn 0.5296 0.23021 -0.81642
vn -0.09877 0.22206 0.97002
vn -0.56606 0.05007 0.82284
vn -0.04745 0.02201 -0.99863
vn 0.59549 0.11488 -0.79511
vn -0.02033 0.09624 0.99515
vn -0.55253 -0.09712 0.82781
vn -0.03174 -0.11344 -0.99304
vn 0.53287 0.20549 -0.82087
vn -0.08926 0.19231 0.97727
vn -0.55705 0.0206 0.83022
vn -0.03303 0.00056 -0.99945
vn 0.58449 0.11032 -0.80387
vn 0.58449 0.11032 -0.80387
vn -0.03183 0.09242 0.99521
vn -0.03184 0.09242 0.99521
vn -0.54234 -0.09299 0.835
vn -0.01786 -0.10893 -0.99389
vn 0.9752 -0.21359 -0.05806
vn -0.98192 0.18039 0.05745
vn -0.30072 -0.95337 -0.02545
vn -0.14007 -0.2616 -0.95496
vn -0.02021 -0.22798 0.97346
vn 0.07338 0.00829 0.99727
vn -0.9631 0.26082 0.06641
vn 0.00081 0.21079 -0.97753
vn 0.96739 -0.24448 -0.06618
vn 0.96739 -0.24448 -0.06618
vn 0.01468 -0.00757 0.99986
vn 0.95411 -0.0242 0.29848
vn 0.58189 -0.00757 -0.81323
vn -0.60128 0.0197 -0.79879
vn -0.94932 0.0197 0.31371
vn -0.16681 -0.98461 -0.05218
vn -0.1668 -0.98461 -0.05218
vn -0.16681 -0.98461 -0.05218
vn -0.16681 -0.98461 -0.05218
vn -0.16681 -0.98461 -0.05219
vn 0.57855 0.07357 -0.81232
vn 0.92868 0.23052 0.29053
vn 0.01245 0.07357 0.99721
vn -0.93111 -0.19002 0.31134
vn -0.93111 -0.19002 0.31134
vn -0.58767 -0.19002 -0.78647
vn 0.70123 -0.00266 0.71293
vn -0.70079 -0.00848 -0.71332
vn -0.14596 -0.97307 -0.17839
vn 0.67609 -0.00598 -0.73679
vn -0.69262 -0.18376 0.69751
vn -0.69262 -0.18376 0.69751
vn -0.66054 0.22546 0.71614
vn -0.69147 0.17922 -0.69982
vn 0.71092 0.0011 -0.70327
vn 0.71092 0.0011 -0.70327
vn 0.69289 -0.16173 0.70267
vn -0.63331 -0.47016 -0.61471
vn 0.64216 0.45351 0.61803
vn 0.62385 -0.72317 0.29636
vn -0.53495 -0.22197 0.81521
vn 0.71695 -0.02846 -0.69654
vn 0.16224 0.58424 -0.7952
vn 0.12905 0.93799 0.32175
vn -0.51435 -0.30095 0.80304
vn -0.15181 -0.92876 -0.33817
vn -0.84423 -0.25433 -0.4718
vn -0.84423 -0.25433 -0.4718
vn 0.84753 0.24336 0.47167
vn 0.35156 -0.9278 0.12484
vn -0.41751 -0.13147 0.89911
vn 0.51859 -0.05319 -0.85337
vn 0.21534 0.45389 -0.86465
vn 0.62855 0.64122 0.44019
vn -0.39924 -0.23835 0.88532
vn -0.64237 -0.62448 -0.44429
vn -0.56873 0.02512 0.82214
vn 0.56441 -0.02493 0.82512
vn 0.48582 0.87402 -0.00793
vn 0.48582 0.87402 -0.00793
vn -0.47727 -0.87876 0.00105
vn 0.35208 -0.01541 -0.93584
vn -0.40627 0.91372 0.00788
vn 0.40073 -0.91619 -0.00105
vn -0.34327 0.01497 -0.93912
vn -0.51385 0.12881 0.84815
vn -0.24836 0.24942 -0.93601
vn 0.27802 0.22473 -0.93392
vn 0.27802 0.22473 -0.93392
vn 0.51766 0.08522 0.85133
vn 0.51766 0.08522 0.85133
vn -0.52712 0.02328 0.84947
vn -0.35344 0.0154 -0.93533
vn 0.36078 -0.01577 -0.93252
vn 0.52252 -0.02308 0.85231
vn -0.43485 0.16992 0.88432
vn -0.21277 0.31225 -0.92587
vn -0.21277 0.31225 -0.92587
vn 0.24701 0.28936 -0.9248
vn 0.24701 0.28936 -0.9248
vn 0.44162 0.13436 0.88708
vn -0.44882 0.01982 0.8934
vn -0.33949 0.0148 -0.94049
vn 0.34486 -0.01508 -0.93853
vn 0.44408 -0.01961 0.89577
vn -0.36865 0.13457 0.91978
vn -0.2323 0.22871 -0.94537
vn 0.25739 0.20482 -0.94435
vn 0.37286 0.10428 0.92201
vn -0.37965 0.01677 0.92498
vn -0.31922 0.01392 -0.94758
vn 0.32289 -0.01412 -0.94633
vn 0.3229 -0.01412 -0.94633
vn 0.37501 -0.01656 0.92687
vn -0.31657 0.14795 0.93696
vn -0.25071 0.15934 -0.95486
vn -0.25071 0.15934 -0.95486
vn 0.26777 0.13461 -0.95403
vn 0.32265 0.12153 0.93868
vn -0.34997 0.01546 0.93663
vn -0.29365 0.0128 -0.95583
vn 0.29625 -0.01295 -0.95502
vn 0.34559 -0.01526 0.93826
vn 0.34559 -0.01526 0.93826
vn -0.31124 0.12337 0.94229
vn -0.25299 0.12711 -0.95908
vn 0.2659 0.10276 -0.95851
vn 0.31587 0.09671 0.94386
vn -0.3361 0.01484 0.94171
vn -0.28205 0.01228 -0.95932
vn 0.28369 -0.01239 -0.95884
vn 0.33185 -0.01465 0.94322
vn -0.84423 -0.25433 -0.4718
vn 0.84753 0.24336 0.47167
vn 0.35156 -0.9278 0.12486
vn -0.41749 -0.13147 0.89912
vn 0.51859 -0.05319 -0.85337
vn 0.21533 0.45388 -0.86465
vn 0.62855 0.64122 0.44019
vn -0.39922 -0.23834 0.88534
vn -0.64237 -0.62448 -0.44429
vn -0.64237 -0.62448 -0.44429
vn -0.31039 0.0014 -0.95061
vn -0.99999 0.00454 0
vn -0.31039 0.0014 0.95061
vn 0.81038 -0.0036 0.5859
vn 0.81038 -0.0036 -0.5859
vn 0.8914 -0.21595 0.39848
vn 0.8914 -0.21594 0.39847
vn -0.89428 0.20379 -0.39841
vn -0.51728 -0.85048 -0.09541
vn 0.33477 -0.11818 -0.93486
vn -0.4392 -0.07998 0.89482
vn -0.13417 0.4857 0.86377
vn -0.64115 0.68358 -0.34878
vn 0.37331 -0.13689 -0.91755
vn 0.37331 -0.13689 -0.91755
vn 0.66221 -0.65971 0.35533
vn 0.88257 -0.24984 0.39832
vn 0.88257 -0.24984 0.39832
vn -0.88652 0.23519 -0.39845
vn -0.51728 -0.85048 -0.09543
vn -0.51728 -0.85048 -0.09542
vn 0.32392 -0.13672 -0.93615
vn 0.32392 -0.13672 -0.93615
vn -0.44809 -0.09892 0.8885
vn -0.44809 -0.09892 0.8885
vn -0.20102 0.40059 0.89394
vn -0.73943 0.55728 -0.37773
vn 0.38758 -0.11141 -0.91508
vn 0.75364 -0.53523 0.38152
vn -0.86821 -0.15656 -0.47085
vn 0.86986 0.14536 0.47139
vn 0.35158 -0.9278 0.12485
vn -0.41789 -0.08021 0.90495
vn 0.47751 -0.10505 -0.87232
vn 0.37116 0.29815 -0.8794
vn 0.82373 0.3306 0.46061
vn -0.46171 -0.08066 0.88336
vn -0.82905 -0.31356 -0.46299
vn -0.82905 -0.31356 -0.46299
vn 0.75287 -0.33333 0.56751
vn 0.75287 -0.33333 0.56752
vn -0.75751 0.31984 -0.5691
vn -0.49943 -0.84114 -0.20748
vn 0.49491 -0.16288 -0.85354
vn -0.60578 -0.04994 0.79406
vn -0.60578 -0.04994 0.79406
vn -0.48731 0.24865 0.83708
vn -0.73676 0.36478 -0.56932
vn 0.57966 -0.09112 -0.80975
vn 0.74147 -0.35223 0.57111
vn -0.6594 0.27222 0.70078
vn 0.30954 -0.27014 0.91171
vn 0.81963 0.54784 0.16758
vn -0.8129 -0.55601 -0.17333
vn 0.49746 -0.16822 -0.85102
vn 0.04 0.99906 0.01694
vn -0.0476 -0.9988 -0.01132
vn -0.09636 0.16396 -0.98175
vn -0.57262 0.33767 0.74705
vn 0.08759 0.32466 -0.94177
vn 0.53639 0.07086 -0.84099
vn 0.53639 0.07086 -0.84099
vn 0.31053 -0.1546 0.93791
vn -0.62939 0.25224 0.73502
vn -0.10585 0.16882 -0.97995
vn 0.50423 -0.17238 -0.84619
vn 0.26792 -0.25003 0.93043
vn -0.49332 0.33832 0.80136
vn 0.14407 0.36354 -0.92037
vn 0.5358 0.14022 -0.83262
vn 0.5358 0.14022 -0.83262
vn 0.25778 -0.07886 0.96298
vn -0.57141 0.21469 0.79209
vn -0.09284 0.16215 -0.98239
vn -0.09284 0.16215 -0.98239
vn 0.49185 -0.16476 -0.85495
vn 0.19162 -0.21242 0.95821
vn -0.45765 0.27836 0.84443
vn 0.0946 0.29956 -0.94937
vn 0.09461 0.29956 -0.94937
vn 0.51185 0.06281 -0.85678
vn 0.17735 -0.07445 0.98133
vn -0.51874 0.18155 0.83544
vn -0.07402 0.15246 -0.98553
vn 0.47467 -0.15425 -0.86654
vn 0.12599 -0.17932 0.97569
vn -0.40987 0.26691 0.87222
vn 0.05035 0.24764 -0.96754
vn 0.49234 -0.00214 -0.8704
vn 0.13744 -0.03752 0.9898
vn -0.49576 0.16734 0.85219
vn -0.05042 0.14024 -0.98883
vn 0.45367 -0.14151 -0.87986
vn 0.09844 -0.16524 0.98133
vn -0.41681 0.2433 0.87583
vn 0.03527 0.2208 -0.97468
vn 0.47781 -0.02867 -0.87799
vn 0.11969 -0.05587 0.99124
vn -0.48494 0.1607 0.85965
vn -0.03978 0.13468 -0.99009
vn 0.44373 -0.13549 -0.88586
vn 0.08565 -0.15866 0.98361
vn -0.98857 -0.04957 0.14238
vn 0.9895 0.01646 -0.14362
vn 0.13735 -0.98975 -0.03898
vn 0.17647 -0.32433 0.92934
vn -0.1041 -0.17331 -0.97935
vn -0.1576 0.07088 -0.98496
vn 0.9842 0.09747 -0.14783
vn 0.12055 0.15334 0.98079
vn -0.98557 -0.08101 0.1486
vn -0.10291 0.04615 -0.99362
vn -0.96702 0.1477 -0.20748
vn -0.50147 0.04615 0.86394
vn 0.66336 -0.11996 0.73862
vn 0.90798 -0.11996 -0.40148
vn -0.48454 0.12385 0.86595
vn -0.90044 0.38973 -0.1932
vn -0.08665 0.12385 -0.98851
vn -0.08665 0.12385 -0.98851
vn 0.85614 -0.31981 -0.40588
vn 0.61428 -0.31981 0.72138
vn -0.75121 0.14833 -0.64318
vn -0.75121 0.14833 -0.64318
vn 0.74896 -0.15903 0.64325
vn -0.00764 -0.99139 0.13072
vn -0.60036 0.06696 0.79692
vn 0.58838 -0.25478 -0.76739
vn 0.62465 0.14601 -0.76714
vn 0.7703 0.02406 0.63723
vn -0.63628 0.08118 0.76717
vn -0.76894 -0.00685 -0.63928
vn 0.59948 -0.5922 0.53845
vn -0.61116 0.57744 -0.54134
vn -0.76752 -0.58404 -0.26422
vn 0.4166 -0.25987 -0.87116
vn -0.64778 0.05402 0.75991
vn 0.01004 0.55236 0.83355
vn 0.0057 0.96026 -0.27907
vn 0.38429 -0.33367 -0.8608
vn 0.02017 -0.95565 0.29382
vn -0.84836 -0.23561 -0.47411
vn 0.85132 0.22536 0.47378
vn 0.37675 -0.9166 0.13379
vn -0.41805 -0.12136 0.90028
vn 0.5187 -0.04904 -0.85355
vn 0.21875 0.42506 -0.87834
vn 0.6489 0.61026 0.45444
vn -0.40095 -0.22067 0.88912
vn -0.66204 -0.59332 -0.4579
vn -0.56876 0.02316 0.82218
vn 0.56443 -0.02298 0.82516
vn 0.51633 0.85635 -0.00842
vn -0.5076 -0.86159 0.00112
vn 0.35209 -0.0142 -0.93586
vn -0.43441 0.90068 0.00842
vn 0.42866 -0.90347 -0.00112
vn -0.34327 0.0138 -0.93913
vn -0.34328 0.0138 -0.93913
vn -0.51449 0.11889 0.84921
vn -0.24953 0.23101 -0.94041
vn -0.24953 0.23101 -0.94041
vn 0.27908 0.20796 -0.93748
vn 0.51794 0.0786 0.8518
vn -0.52714 0.02146 0.84951
vn -0.35344 0.0142 -0.93535
vn 0.36079 -0.01454 -0.93253
vn 0.52254 -0.02127 0.85235
vn -0.43579 0.15699 0.88625
vn -0.21434 0.28999 -0.93272
vn 0.24857 0.26844 -0.93067
vn 0.44222 0.12403 0.88829
vn -0.44883 0.01828 0.89343
vn -0.3395 0.01364 -0.94051
vn 0.34487 -0.0139 -0.93855
vn 0.44409 -0.01808 0.8958
vn -0.36915 0.12423 0.92103
vn -0.23322 0.21168 -0.94911
vn 0.2582 0.18941 -0.94734
vn 0.37317 0.09621 0.92276
vn -0.37965 0.01546 0.925
vn -0.37965 0.01546 0.925
vn -0.31923 0.01283 -0.94759
vn 0.3229 -0.01301 -0.94634
vn 0.37501 -0.01527 0.92689
vn -0.3171 0.13662 0.9385
vn -0.25119 0.14717 -0.95669
vn 0.26814 0.12426 -0.95533
vn 0.32301 0.11216 0.93973
vn -0.34998 0.01425 0.93665
vn -0.29366 0.0118 -0.95584
vn 0.29625 -0.01194 -0.95504
vn 0.34559 -0.01407 0.93828
vn -0.3116 0.11386 0.94337
vn -0.25329 0.11732 -0.96025
vn 0.26611 0.09481 -0.95927
vn 0.31609 0.08921 0.94452
vn -0.33611 0.01368 0.94172
vn -0.28206 0.01132 -0.95933
vn 0.28369 -0.01142 -0.95885
vn 0.33185 -0.01351 0.94323
vn 0.85132 0.22535 0.47378
vn 0.37675 -0.91661 0.13376
vn -0.41805 -0.12136 0.90028
vn 0.51869 -0.04904 -0.85355
vn 0.21874 0.42504 -0.87835
vn 0.6489 0.61026 0.45444
vn -0.40096 -0.22068 0.88912
vn -0.66204 -0.59333 -0.45789
vn -0.31039 0.00129 -0.95061
vn -0.99999 0.00418 0
vn -0.31039 0.00129 0.95061
vn 0.81038 -0.00332 0.58589
vn 0.81038 -0.00332 -0.58589
vn 0.89453 -0.19977 0.39988
vn -0.89708 0.18846 -0.39966
vn -0.54791 -0.83041 -0.10107
vn 0.33511 -0.10905 -0.93585
vn -0.43941 -0.07377 0.89525
vn -0.13661 0.45591 0.87948
vn -0.6649 0.65351 -0.3617
vn 0.37383 -0.12637 -0.91885
vn 0.68497 -0.62907 0.36754
vn 0.88673 -0.2314 0.4002
vn -0.89023 0.21772 -0.40011
vn -0.54789 -0.83042 -0.10107
vn 0.32437 -0.12621 -0.93747
vn -0.44842 -0.09126 0.88915
vn -0.20348 0.37381 0.90491
vn -0.20348 0.37381 0.90491
vn -0.75729 0.52616 -0.38686
vn 0.38795 -0.1028 -0.91593
vn 0.77039 -0.50438 0.39
vn -0.86981 -0.1446 -0.47172
vn 0.87125 0.13422 0.47214
vn 0.37677 -0.91659 0.13379
vn -0.41809 -0.07398 0.90539
vn 0.47791 -0.09692 -0.87305
vn 0.37367 0.27672 -0.88532
vn 0.37367 0.27672 -0.88532
vn 0.83058 0.30731 0.46444
vn -0.46192 -0.07439 0.88379
vn -0.83524 -0.29122 -0.46645
vn 0.6193 -0.25568 0.74235
vn -0.62245 0.24466 -0.74344
vn -0.28223 -0.92853 -0.24118
vn 0.7115 -0.1322 -0.69014
vn -0.78958 -0.05349 0.61131
vn -0.50986 0.45593 0.7295
vn -0.42844 0.64336 -0.63446
vn 0.68935 -0.23963 -0.68365
vn 0.4399 -0.62664 0.64328
vn -0.23182 -0.02507 -0.97244
vn -0.45452 0.87519 -0.16569
vn 0.38039 0.91457 0.13734
vn -0.3728 -0.91702 -0.14173
vn 0.78323 0.12953 -0.60809
vn -0.10294 0.25075 0.96256
vn -0.5936 0.22594 0.77239
vn -0.17878 0.0857 -0.98015
vn -0.00462 0.01549 0.99987
vn -0.18297 -0.02321 -0.98284
vn -0.18297 -0.02321 -0.98284
vn 0.72236 0.17086 -0.67008
vn -0.13252 0.31385 0.94018
vn -0.01949 0.01488 0.9997
vn -0.65784 -0.01516 0.75301
vn 0.67327 0.13532 -0.72691
vn -0.12129 0.22994 0.96562
vn -0.01855 -0.01666 -0.99969
vn 0.63078 0.14878 -0.76157
vn -0.10752 0.16022 0.98121
vn -0.59133 0.13536 0.79499
vn 0.03456 0.12221 -0.9919
vn 0.66193 0.01554 -0.74941
vn -0.06778 0.01288 0.99762
vn -0.06778 0.01287 0.99762
vn 0.013 -0.01535 -0.9998
vn -0.10691 0.12782 0.98602
vn -0.59121 0.10334 0.79987
vn 0.04275 0.09725 -0.99434
vn 0.65079 0.01493 -0.75911
vn -0.60798 -0.01246 0.79386
vn -0.62245 0.24467 -0.74344
vn -0.28224 -0.92852 -0.24122
vn 0.71149 -0.1322 -0.69015
vn -0.78957 -0.05349 0.61132
vn -0.50984 0.45593 0.72951
vn 0.68933 -0.23961 -0.68368
vn 0.4399 -0.62664 0.64329
vn 0.93379 0.00457 0.3578
vn 0.62997 0.0014 -0.77662
vn -0.5471 -0.00362 -0.83706
vn -0.96636 -0.00362 0.25715
vn -0.68963 -0.21711 -0.69085
vn 0.69236 0.2049 0.69184
vn 0.44707 -0.85181 0.27304
vn -0.64704 -0.11883 0.75314
vn 0.73026 -0.08044 -0.67842
vn 0.43375 0.48781 -0.75756
vn -0.67682 -0.13765 0.72316
vn -0.68138 -0.25117 -0.68748
vn 0.44706 -0.8518 0.27309
vn -0.63735 -0.13748 0.75821
vn 0.73629 -0.09947 -0.66931
vn 0.73629 -0.09947 -0.66931
vn 0.50708 0.40248 -0.76215
vn 0.55434 0.55946 0.6162
vn -0.6893 -0.11203 0.71576
vn -0.28225 -0.92853 -0.24119
vn 0.71399 -0.08067 -0.69549
vn -0.75796 -0.10564 0.64369
vn -0.66091 0.2997 0.68803
vn 0.74718 -0.08112 -0.65965
vn 0.32198 -0.92496 0.20192
vn -0.59403 -0.1106 0.7968
vn 0.66125 -0.12466 -0.73974
vn 0.59916 0.1974 -0.77591
vn -0.66106 -0.02234 0.75
vn -0.73158 -0.20629 -0.6498
vn 0.75873 0.18668 -0.62408
vn -0.263 -0.18527 -0.94684
vn -0.69046 0.69294 -0.20758
vn -0.5972 -0.11543 0.79374
vn 0.68861 0.26871 -0.67351
vn -0.11959 0.30648 0.94434
vn -0.594 0.13213 0.79354
vn -0.594 0.13213 0.79354
vn -0.24209 -0.0681 -0.96786
vn -0.24209 -0.0681 -0.96786
vn 0.61622 0.28486 -0.73425
vn -0.16616 0.35572 0.9197
vn -0.58061 0.20207 0.78871
vn -0.17513 -1E-05 -0.98455
vn -0.17513 -1E-05 -0.98455
vn 0.02563 0.11125 0.99346
vn -0.59149 -0.11305 0.79835
vn -0.13332 -0.14577 -0.9803
vn 0.57566 0.23252 -0.78393
vn 0.57566 0.23252 -0.78393
vn -0.1315 0.28229 0.95027
vn -0.5728 0.11925 0.81098
vn -0.09371 -0.00864 -0.99556
vn 0.61879 0.12462 -0.77561
vn -0.57399 -0.10585 0.81199
vn -0.06169 -0.12309 -0.99048
vn 0.5296 0.23021 -0.81641
vn -0.09876 0.22206 0.97002
vn -0.56606 0.05007 0.82284
vn -0.04745 0.02201 -0.99863
vn 0.59549 0.11488 -0.79511
vn -0.02032 0.09624 0.99515
vn -0.03174 -0.11344 -0.99304
vn 0.53287 0.20549 -0.82087
vn -0.08926 0.19231 0.97727
vn -0.55705 0.0206 0.83022
vn -0.03303 0.00056 -0.99945
vn -0.03183 0.09242 0.99521
vn -0.03183 0.09242 0.99521
vn -0.54234 -0.09299 0.835
vn -0.01786 -0.10893 -0.99389
vn 0.9752 -0.21359 -0.05806
vn 0.9752 -0.21359 -0.05806
vn -0.30073 -0.95337 -0.02545
vn -0.14006 -0.2616 -0.95496
vn -0.02022 -0.22798 0.97346
vn 0.07337 0.00829 0.99727
vn 0.00081 0.21079 -0.97753
vn 0.96739 -0.24448 -0.06618
vn 0.96739 -0.24448 -0.06618
vn 0.01468 -0.00757 0.99986
vn 0.95411 -0.0242 0.29849
vn 0.58189 -0.00757 -0.81323
vn 0.58189 -0.00757 -0.81323
vn -0.60128 0.0197 -0.79879
vn -0.1668 -0.98461 -0.05218
vn -0.16681 -0.98461 -0.05218
vn 0.57855 0.07357 -0.81232
vn 0.92868 0.23052 0.29053
vn 0.92868 0.23052 0.29053
vn 0.01245 0.07357 0.99721
vn -0.93111 -0.19002 0.31134
vn 0.70123 -0.00266 0.71293
vn -0.70079 -0.00848 -0.71332
vn -0.14596 -0.97307 -0.1784
vn 0.67608 -0.00598 -0.7368
vn -0.6926 -0.18376 0.69752
vn -0.66054 0.22546 0.71613
vn -0.69147 0.17922 -0.69982
vn 0.71091 0.0011 -0.70329
vn 0.69289 -0.16173 0.70267
vn 0.69289 -0.16173 0.70267
vn 0.62385 -0.72317 0.29636
vn -0.53494 -0.22197 0.81521
vn -0.53494 -0.22197 0.81521
vn 0.71695 -0.02846 -0.69654
vn 0.16224 0.58424 -0.7952
vn -0.51435 -0.30096 0.80304
vn -0.15181 -0.92876 -0.33817
vn 0.35156 -0.9278 0.12484
vn -0.4175 -0.13147 0.89911
vn 0.51858 -0.05319 -0.85337
vn 0.21534 0.45389 -0.86465
vn -0.39924 -0.23835 0.88532
vn -0.56873 0.02512 0.82214
vn 0.56441 -0.02493 0.82512
vn 0.35208 -0.01541 -0.93584
vn -0.40627 0.91372 0.00788
vn -0.51385 0.12881 0.84815
vn -0.24836 0.24942 -0.93601
vn -0.52712 0.02328 0.84947
vn -0.35344 0.0154 -0.93533
vn 0.52252 -0.02308 0.85231
vn -0.43485 0.16992 0.88432
vn -0.21277 0.31226 -0.92587
vn 0.24701 0.28936 -0.9248
vn 0.44162 0.13436 0.88708
vn -0.44882 0.01982 0.8934
vn -0.3395 0.0148 -0.94049
vn 0.34487 -0.01508 -0.93853
vn -0.36865 0.13457 0.91978
vn -0.36865 0.13457 0.91978
vn -0.2323 0.22871 -0.94537
vn 0.25739 0.20481 -0.94435
vn 0.25739 0.20481 -0.94435
vn 0.37287 0.10428 0.92201
vn 0.37287 0.10428 0.92201
vn 0.32289 -0.01412 -0.94633
vn 0.37501 -0.01656 0.92687
vn -0.31657 0.14796 0.93696
vn -0.25071 0.15933 -0.95486
vn -0.25071 0.15934 -0.95486
vn 0.32265 0.12154 0.93868
vn -0.34997 0.01546 0.93663
vn -0.29365 0.0128 -0.95583
vn 0.29625 -0.01295 -0.95502
vn 0.34559 -0.01526 0.93826
vn -0.25298 0.12711 -0.95908
vn 0.26589 0.10277 -0.95851
vn 0.31587 0.09671 0.94386
vn -0.3361 0.01484 0.94171
vn -0.28205 0.01228 -0.95932
vn 0.33185 -0.01466 0.94322
vn 0.84753 0.24336 0.47167
vn 0.35156 -0.9278 0.12486
vn -0.4175 -0.13147 0.89912
vn 0.51858 -0.05319 -0.85337
vn 0.21533 0.45388 -0.86465
vn 0.62855 0.64122 0.44019
vn -0.39922 -0.23834 0.88533
vn -0.64237 -0.62448 -0.44429
vn -0.31039 0.0014 -0.95061
vn -0.31039 0.0014 0.95061
vn -0.31039 0.0014 0.95061
vn 0.81038 -0.0036 0.5859
vn 0.8914 -0.21594 0.39847
vn -0.51728 -0.85048 -0.0954
vn 0.33477 -0.11818 -0.93486
vn -0.43921 -0.07998 0.89482
vn -0.13417 0.48571 0.86376
vn 0.3733 -0.13689 -0.91755
vn 0.66221 -0.65971 0.35533
vn 0.88257 -0.24984 0.39832
vn -0.88652 0.23519 -0.39845
vn -0.88653 0.23519 -0.39845
vn -0.51728 -0.85048 -0.09542
vn -0.51728 -0.85048 -0.09542
vn 0.32391 -0.13672 -0.93616
vn 0.32391 -0.13672 -0.93616
vn -0.4481 -0.09892 0.8885
vn -0.201 0.40058 0.89394
vn 0.38759 -0.11141 -0.91507
vn -0.86821 -0.15656 -0.47085
vn 0.35157 -0.9278 0.12485
vn -0.41789 -0.08021 0.90495
vn -0.41789 -0.08021 0.90495
vn 0.4775 -0.10506 -0.87233
vn 0.37115 0.29816 -0.8794
vn -0.46169 -0.08067 0.88336
vn -0.82905 -0.31356 -0.46299
vn -0.75751 0.31984 -0.5691
vn -0.49943 -0.84114 -0.20749
vn 0.4949 -0.16289 -0.85354
vn -0.60579 -0.04994 0.79406
vn -0.60579 -0.04994 0.79406
vn -0.48731 0.24865 0.83708
vn 0.57966 -0.09112 -0.80975
vn 0.74146 -0.35223 0.57111
vn 0.81963 0.54783 0.16758
vn -0.8129 -0.55601 -0.17333
vn 0.49747 -0.16822 -0.85102
vn -0.57262 0.33767 0.74705
vn -0.57262 0.33767 0.74705
vn 0.08759 0.32466 -0.94177
vn 0.53639 0.07086 -0.84099
vn 0.31053 -0.1546 0.93791
vn -0.62939 0.25224 0.73501
vn -0.10585 0.16882 -0.97995
vn 0.26792 -0.25003 0.93043
vn -0.49331 0.33832 0.80136
vn -0.49331 0.33832 0.80136
vn 0.14407 0.36354 -0.92037
vn 0.5358 0.14022 -0.83262
vn 0.25778 -0.07886 0.96298
vn -0.57141 0.21469 0.79209
vn -0.09285 0.16215 -0.98239
vn 0.19162 -0.21242 0.95821
vn -0.45765 0.27836 0.84443
vn 0.09461 0.29956 -0.94937
vn 0.17734 -0.07445 0.98133
vn 0.12599 -0.17933 0.97569
vn -0.40987 0.26691 0.87222
vn 0.05035 0.24764 -0.96754
vn 0.49234 -0.00213 -0.8704
vn 0.13744 -0.03752 0.9898
vn 0.13744 -0.03752 0.9898
vn -0.49576 0.16734 0.85218
vn -0.05043 0.14024 -0.98883
vn 0.45368 -0.14151 -0.87986
vn 0.09844 -0.16524 0.98133
vn 0.03527 0.2208 -0.97468
vn 0.47781 -0.02868 -0.87799
vn 0.11969 -0.05587 0.99124
vn -0.03978 0.13468 -0.99009
vn 0.44373 -0.13549 -0.88586
vn 0.08565 -0.15866 0.98361
vn 0.13736 -0.98975 -0.03898
vn 0.17647 -0.32434 0.92934
vn -0.10409 -0.17331 -0.97935
vn -0.15761 0.07088 -0.98496
vn 0.9842 0.09747 -0.14783
vn 0.12055 0.15334 0.98079
vn -0.10291 0.04615 -0.99362
vn -0.10291 0.04615 -0.99362
vn -0.96702 0.1477 -0.20749
vn -0.50147 0.04615 0.86394
vn -0.50147 0.04615 0.86394
vn 0.66336 -0.11996 0.73862
vn -0.48454 0.12385 0.86596
vn -0.48454 0.12385 0.86596
vn -0.08666 0.12385 -0.98851
vn 0.85615 -0.3198 -0.40588
vn 0.61428 -0.31981 0.72138
vn 0.74896 -0.15903 0.64325
vn -0.00764 -0.99139 0.13073
vn -0.60037 0.06696 0.79692
vn 0.58839 -0.25478 -0.76739
vn 0.62463 0.14601 -0.76715
vn 0.7703 0.02406 0.63723
vn -0.63627 0.08118 0.76718
vn -0.76894 -0.00685 -0.63928
vn 0.59948 -0.5922 0.53845
vn -0.61116 0.57744 -0.54134
vn -0.76751 -0.58406 -0.26422
vn 0.4166 -0.25987 -0.87116
vn -0.6478 0.05402 0.75989
vn 0.01004 0.55236 0.83354
vn 0.0057 0.96026 -0.27907
vn 0.38429 -0.33366 -0.86081
vn -0.84836 -0.23561 -0.47411
vn -0.84836 -0.23561 -0.47411
vn 0.85132 0.22536 0.47378
vn 0.37675 -0.9166 0.13379
vn -0.41806 -0.12136 0.90028
vn 0.5187 -0.04904 -0.85355
vn 0.21875 0.42506 -0.87834
vn 0.6489 0.61026 0.45444
vn -0.40095 -0.22067 0.88912
vn -0.66204 -0.59333 -0.4579
vn -0.4344 0.90068 0.00842
vn -0.51449 0.11889 0.84921
vn -0.24953 0.23101 -0.94041
vn -0.24953 0.23101 -0.94041
vn 0.27908 0.20796 -0.93748
vn 0.51794 0.0786 0.8518
vn -0.35344 0.0142 -0.93535
vn -0.4358 0.15699 0.88625
vn -0.21434 0.28999 -0.93272
vn 0.24857 0.26844 -0.93067
vn 0.44222 0.12403 0.88829
vn 0.34487 -0.0139 -0.93855
vn -0.36915 0.12423 0.92103
vn -0.23322 0.21168 -0.94911
vn 0.25821 0.18941 -0.94734
vn 0.25821 0.18941 -0.94734
vn 0.25821 0.18941 -0.94734
vn 0.37317 0.09621 0.92276
vn -0.3171 0.13662 0.9385
vn 0.26814 0.12426 -0.95533
vn 0.32301 0.11216 0.93973
vn -0.34998 0.01425 0.93665
vn -0.29366 0.0118 -0.95584
vn -0.3116 0.11387 0.94337
vn -0.25329 0.11732 -0.96025
vn 0.33185 -0.01351 0.94323
vn 0.33185 -0.01351 0.94323
vn 0.37676 -0.91661 0.13376
vn -0.41806 -0.12135 0.90028
vn -0.41806 -0.12136 0.90028
vn 0.5187 -0.04904 -0.85355
vn 0.21872 0.42504 -0.87835
vn 0.6489 0.61026 0.45444
vn -0.40096 -0.22068 0.88912
vn -0.31039 0.00129 -0.95061
vn -0.31039 0.00129 -0.95061
vn 0.81038 -0.00332 -0.58589
vn -0.89708 0.18846 -0.39966
vn 0.33512 -0.10906 -0.93584
vn -0.43942 -0.07377 0.89525
vn -0.13661 0.45591 0.87948
vn -0.6649 0.65352 -0.36171
vn 0.37385 -0.12637 -0.91884
vn 0.88673 -0.2314 0.4002
vn -0.89023 0.21772 -0.40011
vn -0.54789 -0.83042 -0.10107
vn -0.54789 -0.83042 -0.10107
vn 0.32436 -0.12621 -0.93747
vn -0.44841 -0.09126 0.88916
vn -0.20349 0.37382 0.90491
vn -0.20349 0.37381 0.90491
vn -0.75729 0.52616 -0.38686
vn 0.38794 -0.1028 -0.91593
vn -0.86981 -0.1446 -0.47172
vn 0.37678 -0.91659 0.1338
vn -0.41809 -0.07398 0.90539
vn 0.47791 -0.09692 -0.87304
vn 0.47791 -0.09692 -0.87305
vn 0.37369 0.27672 -0.88532
vn -0.46192 -0.0744 0.88379
vn 0.6193 -0.25568 0.74235
vn -0.28223 -0.92853 -0.24118
vn 0.7115 -0.1322 -0.69014
vn -0.78958 -0.05349 0.61131
vn -0.50985 0.45594 0.7295
vn -0.42844 0.64336 -0.63446
vn -0.66361 -0.01549 0.74791
vn -0.01547 0.01505 0.99977
vn -0.10294 0.25075 0.96256
vn -0.17878 0.0857 -0.98015
vn -0.00462 0.01549 0.99987
vn -0.13252 0.31385 0.94018
vn -0.09418 -0.01973 -0.99536
vn -0.01855 -0.01666 -0.99969
vn 0.63078 0.14878 -0.76157
vn -0.10752 0.16022 0.98121
vn 0.66193 0.01554 -0.74941
vn -0.06778 0.01288 0.99762
vn 0.62773 0.12406 -0.76848
vn 0.62773 0.12406 -0.76848
vn 0.65079 0.01493 -0.75911
vn -0.60798 -0.01246 0.79386
vn 0.0276 -0.01474 -0.99951
vn -0.28224 -0.92852 -0.24122
vn -0.78958 -0.05349 0.61131
vn 0.68932 -0.23961 -0.68369
vn 0.4399 -0.62664 0.64329
vn 0.62997 0.00141 -0.77662
vn -0.5471 -0.00362 -0.83706
vn -0.5471 -0.00362 -0.83706
vn 0.73026 -0.08044 -0.67841
vn -0.67682 -0.13766 0.72317
vn 0.68506 0.23645 0.68905
vn 0.44706 -0.8518 0.27309
vn -0.63737 -0.13748 0.7582
vn 0.73629 -0.09947 -0.66932
vn 0.50709 0.40248 -0.76215
vn 0.55434 0.55946 0.6162
vn -0.68929 -0.11203 0.71577
vn -0.28224 -0.92853 -0.24119
vn 0.71399 -0.08067 -0.6955
vn -0.60402 0.33227 -0.7244
vn 0.74719 -0.08112 -0.65965
vn 0.74233 0.17121 0.6478
vn -0.59405 -0.1106 0.79679
vn 0.66125 -0.12466 -0.73973
vn 0.59917 0.1974 -0.77591
vn 0.75873 0.18668 -0.62408
vn -0.5972 -0.11543 0.79374
vn -0.24209 -0.0681 -0.96786
vn 0.03976 0.11582 0.99247
vn -0.60406 -0.11827 0.78811
vn 0.61622 0.28486 -0.73425
vn -0.16616 0.35572 0.9197
vn -0.16616 0.35572 0.9197
vn -0.58061 0.20207 0.78871
vn -0.1315 0.28229 0.95027
vn -0.09371 -0.00864 -0.99556
vn 0.00521 0.10461 0.9945
vn 0.00521 0.10461 0.9945
vn -0.57399 -0.10585 0.81199
vn -0.04745 0.02201 -0.99863
vn 0.59549 0.11488 -0.79511
vn -0.55253 -0.09712 0.82781
vn -0.03174 -0.11344 -0.99304
vn 0.53287 0.20549 -0.82087
vn -0.03303 0.00056 -0.99945
vn -0.03184 0.09242 0.99521
vn -0.01786 -0.10893 -0.99389
vn -0.30073 -0.95337 -0.02545
vn -0.14007 -0.2616 -0.95496
vn -0.02021 -0.22798 0.97346
vn 0.58189 -0.00757 -0.81323
vn -0.1668 -0.98461 -0.05218
vn 0.57855 0.07357 -0.81232
vn 0.92868 0.23052 0.29053
vn 0.01245 0.07357 0.99721
vn -0.58767 -0.19002 -0.78647
vn -0.58767 -0.19002 -0.78647
vn 0.70123 -0.00266 0.71293
vn -0.14596 -0.97307 -0.1784
vn -0.69262 -0.18375 0.69751
vn -0.66053 0.22547 0.71615
vn 0.71091 0.0011 -0.70328
vn 0.69289 -0.16173 0.70267
vn -0.63331 -0.47016 -0.61471
vn 0.62385 -0.72317 0.29636
vn -0.53493 -0.22197 0.81521
vn 0.16224 0.58424 -0.7952
vn -0.51434 -0.30096 0.80304
vn -0.15181 -0.92876 -0.33817
vn -0.15181 -0.92876 -0.33817
vn -0.84423 -0.25433 -0.4718
vn -0.84423 -0.25433 -0.4718
vn 0.35156 -0.9278 0.12484
vn 0.51859 -0.05319 -0.85337
vn 0.21535 0.45389 -0.86464
vn 0.62855 0.64122 0.44019
vn -0.39924 -0.23835 0.88532
vn 0.56441 -0.02493 0.82512
vn -0.34327 0.01497 -0.93912
vn -0.24837 0.24942 -0.93601
vn 0.36078 -0.01577 -0.93252
vn 0.52252 -0.02308 0.85232
vn 0.247 0.28936 -0.9248
vn 0.44162 0.13436 0.88708
vn 0.44408 -0.01961 0.89577
vn -0.36865 0.13457 0.91978
vn -0.2323 0.22871 -0.94537
vn 0.37286 0.10428 0.92201
vn -0.37965 0.01677 0.92498
vn -0.31922 0.01392 -0.94758
vn -0.31657 0.14796 0.93696
vn 0.26777 0.13461 -0.95403
vn 0.32265 0.12153 0.93868
vn 0.32265 0.12153 0.93868
vn -0.25298 0.12711 -0.95908
vn 0.26589 0.10277 -0.95851
vn 0.31587 0.09671 0.94386
vn -0.39921 -0.23834 0.88534
vn -0.64237 -0.62448 -0.44429
vn -0.31039 0.0014 -0.95061
vn 0.81038 -0.0036 0.5859
vn 0.81038 -0.0036 -0.58589
vn -0.51728 -0.85048 -0.0954
vn -0.51728 -0.85048 -0.09543
vn -0.20101 0.40058 0.89394
vn -0.86821 -0.15656 -0.47085
vn 0.35157 -0.9278 0.12485
vn -0.4179 -0.08021 0.90494
vn 0.47751 -0.10505 -0.87232
vn -0.46171 -0.08066 0.88336
vn -0.75751 0.31984 -0.5691
vn -0.49943 -0.84114 -0.20748
vn -0.49943 -0.84114 -0.20749
vn 0.49491 -0.16289 -0.85354
vn -0.60578 -0.04994 0.79407
vn -0.4873 0.24865 0.83708
vn 0.57966 -0.09112 -0.80975
vn -0.6594 0.27222 0.70078
vn 0.81963 0.54784 0.16758
vn -0.09636 0.16396 -0.98175
vn -0.57262 0.33767 0.74705
vn 0.08759 0.32466 -0.94177
vn 0.53639 0.07086 -0.84099
vn 0.50423 -0.17238 -0.84619
vn 0.14407 0.36354 -0.92037
vn 0.5358 0.14022 -0.83262
vn 0.25778 -0.07886 0.96298
vn -0.45765 0.27836 0.84443
vn 0.09461 0.29956 -0.94937
vn -0.51874 0.18155 0.83544
vn -0.51874 0.18155 0.83544
vn -0.07401 0.15246 -0.98553
vn 0.47467 -0.15425 -0.86654
vn 0.05035 0.24764 -0.96754
vn 0.49234 -0.00214 -0.8704
vn 0.13744 -0.03752 0.9898
vn -0.49576 0.16734 0.85219
vn -0.05042 0.14024 -0.98883
vn 0.45367 -0.14151 -0.87986
vn -0.41681 0.2433 0.87583
vn 0.03527 0.2208 -0.97468
vn 0.47781 -0.02868 -0.87799
vn 0.11969 -0.05587 0.99124
vn 0.11969 -0.05587 0.99124
vn -0.48495 0.1607 0.85965
vn -0.48495 0.1607 0.85965
vn -0.03978 0.13468 -0.99009
vn 0.08565 -0.15866 0.98361
vn 0.13736 -0.98975 -0.03898
vn 0.17648 -0.32433 0.92933
vn -0.10409 -0.17331 -0.97935
vn -0.15762 0.07088 -0.98495
vn 0.12056 0.15334 0.98079
vn -0.96702 0.1477 -0.20748
vn -0.50147 0.04615 0.86394
vn 0.66336 -0.11996 0.73863
vn -0.90044 0.38973 -0.19319
vn -0.08665 0.12385 -0.98851
vn -0.00764 -0.99139 0.13073
vn -0.60034 0.06696 0.79694
vn 0.62464 0.14601 -0.76714
vn 0.7703 0.02406 0.63723
vn 0.7703 0.02406 0.63723
vn -0.76751 -0.58405 -0.26421
vn -0.64779 0.05403 0.7599
vn 0.01004 0.55236 0.83355
vn -0.41805 -0.12136 0.90028
vn -0.41805 -0.12136 0.90028
vn 0.51869 -0.04904 -0.85356
vn 0.56443 -0.02298 0.82516
vn 0.51633 0.85635 -0.00842
vn -0.43441 0.90068 0.00842
vn 0.51794 0.0786 0.8518
vn -0.21434 0.28999 -0.93272
vn 0.24857 0.26844 -0.93067
vn 0.24857 0.26844 -0.93067
vn 0.44222 0.12403 0.88829
vn -0.44883 0.01827 0.89343
vn 0.44409 -0.01808 0.8958
vn 0.25821 0.18941 -0.94734
vn 0.37317 0.09621 0.92276
vn 0.37501 -0.01527 0.92689
vn -0.31709 0.13662 0.9385
vn 0.32301 0.11216 0.93973
vn -0.29366 0.0118 -0.95584
vn 0.29625 -0.01194 -0.95504
vn 0.26611 0.09481 -0.95927
vn 0.26611 0.09481 -0.95927
vn 0.2837 -0.01142 -0.95885
vn 0.33185 -0.01351 0.94324
vn -0.41804 -0.12136 0.90028
vn 0.21873 0.42504 -0.87835
vn -0.31039 0.00129 -0.95061
vn -0.3104 0.00129 0.95061
vn 0.81038 -0.00332 0.58589
vn 0.81038 -0.00332 -0.5859
vn 0.33511 -0.10906 -0.93585
vn -0.43941 -0.07377 0.89525
vn -0.1366 0.45591 0.87948
vn 0.37384 -0.12638 -0.91884
vn 0.32437 -0.12621 -0.93747
vn 0.37677 -0.91659 0.1338
vn -0.41807 -0.07398 0.9054
vt 0.4855 1.26525
vt 0.25155 1.11258
vt 0.24459 1.1036
vt 0.54147 1.20114
vt 0.25295 1.11455
vt 0.48079 1.26897
vt 0.4344 1.34056
vt 0.24293 1.10213
vt 0.54695 1.19711
vt 0.72029 1.4463
vt 0.42305 1.64544
vt 0.45779 1.64207
vt 0.47999 1.68534
vt 0.4422 1.6872
vt 0.46449 1.73132
vt 0.42922 1.7292
vt 0.1993 1.76901
vt 0.19583 1.74398
vt 0.21072 1.7452
vt 0.45764 1.80682
vt 0.4664 1.7698
vt 0.50036 1.77298
vt 0.43549 1.76723
vt 0.20267 1.72064
vt 0.42035 1.80402
vt 0.4139 1.64983
vt 0.43036 1.6879
vt 0.41025 1.80052
vt 0.42487 1.76604
vt 0.4193 1.72815
vt 0.36933 1.65437
vt 0.38764 1.69029
vt 0.36621 1.79415
vt 0.38442 1.76184
vt 0.37568 1.72708
vt 0.36123 1.65877
vt 0.37672 1.69113
vt 0.35772 1.79051
vt 0.37376 1.76047
vt 0.36671 1.7262
vt 0.32399 1.6619
vt 0.34025 1.69341
vt 0.32099 1.78575
vt 0.33807 1.75654
vt 0.32913 1.72526
vt 0.31588 1.66482
vt 0.33033 1.69395
vt 0.31279 1.78309
vt 0.32827 1.75552
vt 0.32034 1.72471
vt 0.27736 1.66684
vt 0.29051 1.69548
vt 0.27452 1.7792
vt 0.2888 1.75213
vt 0.28147 1.72379
vt 0.27126 1.66909
vt 0.28177 1.69589
vt 0.26852 1.7767
vt 0.28009 1.75128
vt 0.27497 1.72361
vt 0.24006 1.67077
vt 0.24929 1.69721
vt 0.23755 1.77346
vt 0.2475 1.74842
vt 0.24331 1.7229
vt 0.23151 1.67408
vt 0.23895 1.69782
vt 0.22921 1.76973
vt 0.23702 1.74727
vt 0.23419 1.7227
vt 0.20047 1.67583
vt 0.21376 1.69877
vt 0.76916 1.58672
vt 0.77499 1.30742
vt 0.77893 1.29676
vt 0.85318 1.60031
vt 0.77406 1.30965
vt 0.76352 1.58468
vt 0.67822 1.58317
vt 0.7793 1.29457
vt 0.85949 1.60283
vt 0.73969 1.88173
vt 0.00797 1.00704
vt 0.98087 1.00935
vt 0.98088 1.01709
vt 0.00898 1.01471
vt 0.98087 1.02483
vt 0.00896 1.02244
vt 0.98081 1.03256
vt 0.00791 1.03011
vt 0.00726 1.03782
vt 0.98077 1.0403
vt 0.98077 1.04804
vt 0.00787 1.04553
vt 0.98824 1.02249
vt 0.99274 1.02877
vt 0.98616 1.02873
vt 0.98815 1.035
vt 0.58984 1.69291
vt 0.52499 1.41344
vt 0.52045 1.40241
vt 0.68083 1.66
vt 0.52382 1.41387
vt 0.58576 1.69886
vt 0.49978 1.73784
vt 0.52021 1.40711
vt 0.4948 1.74145
vt 0.6983 1.87784
vt 0.09652 1.69197
vt 0.07459 1.97853
vt 0.07488 1.988
vt 0.00849 1.68356
vt 0.07544 1.97842
vt 0.10264 1.68926
vt 0.1894 1.69147
vt 0.07553 1.98585
vt 0.19546 1.69133
vt 0.09773 1.43711
vt 0.25065 1.26775
vt 0.01425 1.10913
vt 0.00935 1.10295
vt 0.30455 1.20985
vt 0.01612 1.11118
vt 0.24525 1.26837
vt 0.20395 1.33702
vt 0.00781 1.10213
vt 0.31117 1.20771
vt 0.47523 1.49206
vt 0.99589 1.84853
vt 0.89086 1.99489
vt 0.89102 1.99019
vt 0.89597 1.85806
vt 0.88937 1.99286
vt 0.78224 1.84479
vt 0.8882 1.85698
vt 0.89077 1.99004
vt 0.77251 1.84456
vt 0.893 1.55075
vt 0.36806 1.98752
vt 0.33318 1.9865
vt 0.31659 1.94078
vt 0.35432 1.94369
vt 0.33775 1.89711
vt 0.37248 1.90365
vt 0.60557 1.89306
vt 0.60587 1.91832
vt 0.59125 1.91524
vt 0.35403 1.82308
vt 0.34069 1.8587
vt 0.30741 1.85127
vt 0.37103 1.86514
vt 0.59615 1.94061
vt 0.39067 1.83054
vt 0.3777 1.98431
vt 0.36616 1.94448
vt 0.40026 1.83528
vt 0.38142 1.86765
vt 0.38218 1.90594
vt 0.42248 1.98541
vt 0.40884 1.94748
vt 0.44315 1.84714
vt 0.42102 1.8769
vt 0.42533 1.91249
vt 0.43107 1.98206
vt 0.41977 1.94801
vt 0.45112 1.85181
vt 0.43143 1.87959
vt 0.43411 1.91448
vt 0.46841 1.98364
vt 0.45624 1.95034
vt 0.48695 1.86115
vt 0.46633 1.88799
vt 0.47127 1.92014
vt 0.47682 1.98176
vt 0.46615 1.95105
vt 0.49475 1.86482
vt 0.47593 1.89023
vt 0.47993 1.92179
vt 0.5153 1.9846
vt 0.50585 1.95454
vt 0.53223 1.87349
vt 0.51466 1.89855
vt 0.51837 1.92759
vt 0.52162 1.98314
vt 0.51457 1.95523
vt 0.53787 1.87672
vt 0.5232 1.90049
vt 0.5248 1.92858
vt 0.55279 1.98539
vt 0.54696 1.958
vt 0.56819 1.88384
vt 0.55517 1.90742
vt 0.55612 1.93326
vt 0.56169 1.98318
vt 0.55729 1.95869
vt 0.57599 1.88858
vt 0.56542 1.90988
vt 0.56514 1.93461
vt 0.5927 1.98535
vt 0.5824 1.96092
vt 0.89344 1.37297
vt 0.8782 1.30027
vt 0.87419 1.27028
vt 0.96484 1.34631
vt 0.87856 1.3043
vt 0.88797 1.37309
vt 0.81434 1.38945
vt 0.87317 1.26661
vt 0.9699 1.34436
vt 0.99219 1.68358
vt 0.31421 1.06346
vt 0.83501 1.06265
vt 0.83614 1.07033
vt 0.31547 1.07096
vt 0.83615 1.07809
vt 0.31547 1.07869
vt 0.83504 1.08577
vt 0.31423 1.08619
vt 0.83436 1.09349
vt 0.31349 1.09385
vt 0.31344 1.0558
vt 0.83432 1.05493
vt 0.84351 1.06793
vt 0.84148 1.0742
vt 0.84352 1.08047
vt 0.84807 1.07419
vt 0.00843 1.07908
vt 0.00788 1.08682
vt 0.00842 1.07132
vt 0.00785 1.06358
vt 0.00749 1.05584
vt 0.00754 1.09456
vt 0.21946 1.45462
vt 0.43903 1.60321
vt 0.44275 1.60854
vt 0.16475 1.51137
vt 0.43708 1.60106
vt 0.22498 1.45415
vt 0.26773 1.38728
vt 0.44466 1.60933
vt 0.15775 1.51336
vt 0.00781 1.22912
vt 0.69249 1.1942
vt 0.47022 1.10339
vt 0.45721 1.10213
vt 0.73687 1.10657
vt 0.46896 1.10446
vt 0.69452 1.20051
vt 0.67328 1.29227
vt 0.45936 1.10351
vt 0.67518 1.29851
vt 0.9118 1.25121
usemtl mat0
f 1/1/1 2/2/1 3/3/1
f 1/1/1 3/3/1 4/4/1
f 5/5/2 6/6/2 7/7/2
f 5/5/2 7/7/2 8/8/2
f 2/2/3 5/5/3 8/8/3
f 2/2/3 8/8/3 3/3/3
f 4/4/4 3/3/4 8/8/4
f 4/4/4 8/8/4 9/9/4
f 6/6/5 5/5/5 2/2/5
f 6/6/5 2/2/5 1/1/5
f 6/6/6 1/1/6 10/10/6
f 10/10/7 7/7/7 6/6/7
f 4/4/8 9/9/8 10/10/8
f 1/1/9 4/4/9 10/10/9
f 11/11/10 12/12/10 13/13/10
f 11/11/10 13/13/10 14/14/10
f 14/14/11 13/13/11 15/15/11
f 14/14/11 15/15/11 16/16/11
f 17/17/12 18/18/12 19/19/12
f 20/20/13 21/21/13 22/22/13
f 15/15/14 21/21/14 23/23/14
f 15/15/14 23/23/14 16/16/14
f 19/19/15 18/18/15 24/24/15
f 22/22/16 21/21/16 15/15/16
f 20/20/17 25/25/17 23/23/17
f 20/20/17 23/23/17 21/21/18
f 26/26/19 11/11/19 14/14/20
f 26/26/19 14/14/20 27/27/19
f 25/25/21 28/28/21 29/29/21
f 25/25/21 29/29/21 23/23/21
f 30/30/22 16/16/22 23/23/22
f 30/30/22 23/23/22 29/29/22
f 27/27/23 14/14/23 16/16/23
f 27/27/23 16/16/23 30/30/23
f 31/31/24 26/26/24 27/27/24
f 31/31/24 27/27/24 32/32/24
f 28/28/25 33/33/25 34/34/25
f 28/28/25 34/34/25 29/29/25
f 35/35/26 30/30/26 29/29/26
f 35/35/26 29/29/26 34/34/26
f 32/32/27 27/27/27 30/30/28
f 32/32/27 30/30/28 35/35/28
f 36/36/29 31/31/29 32/32/29
f 36/36/29 32/32/29 37/37/29
f 33/33/30 38/38/30 39/39/30
f 33/33/30 39/39/30 34/34/30
f 40/40/31 35/35/31 34/34/31
f 40/40/31 34/34/31 39/39/31
f 37/37/32 32/32/32 35/35/32
f 37/37/32 35/35/32 40/40/32
f 41/41/33 36/36/33 37/37/33
f 41/41/33 37/37/33 42/42/33
f 38/38/34 43/43/34 44/44/34
f 38/38/34 44/44/34 39/39/34
f 45/45/35 40/40/35 39/39/35
f 45/45/35 39/39/35 44/44/35
f 42/42/36 37/37/36 40/40/36
f 42/42/36 40/40/36 45/45/36
f 46/46/37 41/41/38 42/42/37
f 46/46/37 42/42/37 47/47/38
f 43/43/39 48/48/39 49/49/39
f 43/43/39 49/49/39 44/44/39
f 50/50/40 45/45/40 44/44/40
f 50/50/40 44/44/40 49/49/40
f 47/47/41 42/42/41 45/45/41
f 47/47/41 45/45/41 50/50/41
f 51/51/42 46/46/42 47/47/42
f 51/51/42 47/47/42 52/52/42
f 48/48/43 53/53/43 54/54/43
f 48/48/43 54/54/43 49/49/43
f 55/55/44 50/50/44 49/49/44
f 55/55/44 49/49/44 54/54/44
f 52/52/45 47/47/45 50/50/45
f 52/52/45 50/50/45 55/55/45
f 56/56/46 51/51/46 52/52/46
f 56/56/46 52/52/46 57/57/47
f 53/53/48 58/58/48 59/59/48
f 53/53/48 59/59/48 54/54/48
f 60/60/49 55/55/49 54/54/49
f 60/60/49 54/54/49 59/59/49
f 57/57/50 52/52/50 55/55/50
f 57/57/50 55/55/50 60/60/50
f 61/61/51 56/56/51 57/57/51
f 61/61/51 57/57/51 62/62/51
f 58/58/52 63/63/52 64/64/52
f 58/58/52 64/64/52 59/59/52
f 65/65/53 60/60/53 59/59/53
f 65/65/53 59/59/53 64/64/53
f 62/62/54 57/57/54 60/60/54
f 62/62/54 60/60/54 65/65/54
f 66/66/55 61/61/55 62/62/55
f 66/66/55 62/62/55 67/67/55
f 63/63/56 68/68/56 69/69/56
f 63/63/56 69/69/56 64/64/56
f 70/70/57 65/65/57 64/64/57
f 70/70/57 64/64/57 69/69/57
f 67/67/58 62/62/58 65/65/58
f 67/67/58 65/65/58 70/70/58
f 71/71/59 66/66/59 67/67/59
f 71/71/59 67/67/59 72/72/59
f 68/68/60 17/17/60 19/19/60
f 68/68/60 19/19/60 69/69/60
f 24/24/61 70/70/61 69/69/61
f 24/24/61 69/69/61 19/19/61
f 72/72/62 67/67/62 70/70/62
f 72/72/62 70/70/62 24/24/62
f 73/73/63 74/74/63 75/75/63
f 73/73/63 75/75/63 76/76/63
f 77/77/64 78/78/64 79/79/64
f 77/77/64 79/79/64 80/80/64
f 74/74/65 77/77/65 80/80/65
f 74/74/65 80/80/65 75/75/65
f 76/76/66 75/75/66 80/80/66
f 76/76/66 80/80/66 81/81/66
f 78/78/67 77/77/67 74/74/67
f 78/78/67 74/74/67 73/73/67
f 78/78/68 73/73/68 82/82/68
f 82/82/69 79/79/69 78/78/69
f 76/76/70 81/81/70 82/82/70
f 73/73/71 76/76/72 82/82/72
f 83/83/73 84/84/73 85/85/73
f 83/83/73 85/85/73 86/86/73
f 86/86/74 85/85/74 87/87/74
f 86/86/74 87/87/74 88/88/74
f 88/88/75 87/87/75 89/89/75
f 88/88/75 89/89/75 90/90/75
f 91/91/76 90/90/77 89/89/76
f 91/91/76 89/89/76 92/92/77
f 91/91/78 92/92/78 93/93/78
f 91/91/78 93/93/78 94/94/78
f 95/95/79 96/96/79 97/97/79
f 87/87/79 95/95/79 97/97/79
f 89/89/79 87/87/79 97/97/79
f 98/98/79 89/89/79 97/97/79
f 96/96/79 98/98/79 97/97/79
f 99/99/80 100/100/80 101/101/80
f 99/99/80 101/101/80 102/102/80
f 103/103/81 104/104/81 105/105/81
f 103/103/81 105/105/81 106/106/81
f 100/100/82 103/103/82 106/106/82
f 100/100/82 106/106/82 101/101/82
f 107/107/83 101/101/83 106/106/83
f 107/107/83 106/106/83 105/105/83
f 104/104/84 103/103/84 100/100/84
f 104/104/84 100/100/84 99/99/84
f 104/104/85 99/99/85 108/108/85
f 108/108/86 105/105/86 104/104/86
f 107/107/87 105/105/87 108/108/87
f 99/99/88 102/102/88 108/108/88
f 109/109/89 110/110/89 111/111/89
f 109/109/89 111/111/89 112/112/89
f 113/113/90 114/114/90 115/115/90
f 113/113/90 115/115/90 116/116/91
f 110/110/92 113/113/93 116/116/93
f 110/110/92 116/116/93 111/111/92
f 117/117/94 111/111/94 116/116/94
f 117/117/94 116/116/94 115/115/94
f 114/114/95 113/113/95 110/110/95
f 114/114/95 110/110/95 109/109/95
f 114/114/96 109/109/96 118/118/96
f 118/118/97 115/115/97 114/114/97
f 117/117/98 115/115/98 118/118/98
f 109/109/99 112/112/100 118/118/99
f 119/119/101 120/120/101 121/121/101
f 119/119/101 121/121/101 122/122/101
f 123/123/102 124/124/102 125/125/102
f 123/123/102 125/125/102 126/126/102
f 120/120/103 123/123/103 126/126/103
f 120/120/103 126/126/103 121/121/103
f 122/122/104 121/121/104 126/126/104
f 122/122/104 126/126/104 127/127/104
f 124/124/105 123/123/105 120/120/105
f 124/124/105 120/120/105 119/119/105
f 124/124/106 119/119/107 128/128/106
f 128/128/108 125/125/108 124/124/108
f 122/122/109 127/127/109 128/128/109
f 119/119/110 122/122/110 128/128/111
f 129/129/112 130/130/112 131/131/112
f 129/129/112 131/131/112 132/132/112
f 133/133/113 134/134/113 135/135/113
f 133/133/113 135/135/113 136/136/113
f 130/130/114 133/133/114 136/136/114
f 130/130/114 136/136/114 131/131/114
f 132/132/115 131/131/115 136/136/115
f 132/132/115 136/136/115 135/135/115
f 134/134/116 133/133/116 130/130/116
f 134/134/116 130/130/116 137/137/116
f 134/134/117 137/137/117 138/138/117
f 138/138/118 135/135/118 134/134/118
f 132/132/119 135/135/119 138/138/119
f 129/129/120 132/132/120 138/138/120
f 139/139/121 140/140/121 141/141/121
f 139/139/121 141/141/121 142/142/121
f 142/142/122 141/141/122 143/143/122
f 142/142/122 143/143/122 144/144/122
f 145/145/123 146/146/124 147/147/124
f 148/148/125 149/149/125 150/150/125
f 143/143/126 149/149/126 151/151/126
f 143/143/126 151/151/126 144/144/126
f 147/147/127 146/146/127 152/152/127
f 150/150/128 149/149/128 143/143/128
f 148/148/129 153/153/129 151/151/129
f 148/148/129 151/151/129 149/149/129
f 154/154/130 139/139/130 142/142/130
f 154/154/130 142/142/130 155/155/130
f 153/153/131 156/156/131 157/157/131
f 153/153/131 157/157/131 151/151/131
f 158/158/132 144/144/132 151/151/132
f 158/158/132 151/151/132 157/157/132
f 155/155/133 142/142/133 144/144/133
f 155/155/133 144/144/133 158/158/133
f 159/159/134 154/154/134 155/155/134
f 159/159/134 155/155/134 160/160/134
f 156/156/135 161/161/135 162/162/135
f 156/156/135 162/162/135 157/157/135
f 163/163/136 158/158/136 157/157/136
f 163/163/136 157/157/136 162/162/136
f 160/160/137 155/155/137 158/158/137
f 160/160/137 158/158/137 163/163/137
f 164/164/138 159/159/138 160/160/138
f 164/164/138 160/160/138 165/165/138
f 161/161/139 166/166/139 167/167/139
f 161/161/139 167/167/139 162/162/139
f 168/168/140 163/163/141 162/162/140
f 168/168/140 162/162/140 167/167/140
f 165/165/142 160/160/142 163/163/142
f 165/165/142 163/163/142 168/168/142
f 169/169/143 164/164/143 165/165/143
f 169/169/143 165/165/143 170/170/143
f 166/166/144 171/171/144 172/172/144
f 166/166/144 172/172/144 167/167/144
f 173/173/145 168/168/145 167/167/145
f 173/173/145 167/167/145 172/172/145
f 170/170/146 165/165/146 168/168/146
f 170/170/146 168/168/146 173/173/146
f 174/174/147 169/169/147 170/170/147
f 174/174/147 170/170/147 175/175/147
f 171/171/148 176/176/148 177/177/148
f 171/171/148 177/177/148 172/172/148
f 178/178/149 173/173/149 172/172/149
f 178/178/149 172/172/149 177/177/149
f 175/175/150 170/170/150 173/173/150
f 175/175/150 173/173/150 178/178/150
f 179/179/151 174/174/151 175/175/151
f 179/179/151 175/175/151 180/180/151
f 176/176/152 181/181/152 182/182/152
f 176/176/152 182/182/152 177/177/152
f 183/183/153 178/178/153 177/177/153
f 183/183/153 177/177/153 182/182/153
f 180/180/154 175/175/154 178/178/155
f 180/180/154 178/178/155 183/183/154
f 184/184/156 179/179/157 180/180/157
f 184/184/156 180/180/157 185/185/157
f 181/181/158 186/186/158 187/187/158
f 181/181/158 187/187/158 182/182/158
f 188/188/159 183/183/159 182/182/159
f 188/188/159 182/182/159 187/187/159
f 185/185/160 180/180/160 183/183/160
f 185/185/160 183/183/160 188/188/160
f 189/189/161 184/184/161 185/185/161
f 189/189/161 185/185/161 190/190/161
f 186/186/162 191/191/162 192/192/162
f 186/186/162 192/192/162 187/187/162
f 193/193/163 188/188/163 187/187/163
f 193/193/163 187/187/163 192/192/163
f 190/190/164 185/185/164 188/188/164
f 190/190/164 188/188/164 193/193/164
f 194/194/165 189/189/165 190/190/165
f 194/194/165 190/190/165 195/195/166
f 191/191/167 196/196/167 197/197/167
f 191/191/167 197/197/167 192/192/167
f 198/198/168 193/193/168 192/192/168
f 198/198/168 192/192/168 197/197/168
f 195/195/169 190/190/169 193/193/169
f 195/195/169 193/193/169 198/198/169
f 199/199/170 194/194/170 195/195/170
f 199/199/170 195/195/170 200/200/170
f 196/196/171 145/145/171 147/147/171
f 196/196/171 147/147/171 197/197/171
f 152/152/172 198/198/172 197/197/172
f 152/152/172 197/197/172 147/147/172
f 200/200/173 195/195/174 198/198/173
f 200/200/173 198/198/173 152/152/174
f 201/201/175 202/202/175 203/203/175
f 201/201/175 203/203/175 204/204/175
f 205/205/176 206/206/176 207/207/176
f 205/205/176 207/207/176 208/208/176
f 202/202/177 205/205/177 208/208/177
f 202/202/177 208/208/177 203/203/177
f 204/204/178 203/203/178 208/208/178
f 204/204/178 208/208/178 209/209/178
f 206/206/179 205/205/179 202/202/179
f 206/206/179 202/202/179 201/201/179
f 206/206/180 201/201/180 210/210/180
f 210/210/181 207/207/181 206/206/181
f 204/204/182 209/209/182 210/210/182
f 201/201/183 204/204/184 210/210/184
f 211/211/185 212/212/185 213/213/185
f 211/211/185 213/213/185 214/214/185
f 214/214/186 213/213/186 215/215/186
f 214/214/186 215/215/186 216/216/186
f 216/216/187 215/215/187 217/217/187
f 216/216/187 217/217/187 218/218/187
f 218/218/188 217/217/188 219/219/188
f 218/218/188 219/219/188 220/220/188
f 221/221/189 222/222/189 212/212/189
f 221/221/189 212/212/189 211/211/189
f 213/213/190 223/223/190 224/224/190
f 215/215/191 213/213/191 224/224/191
f 225/225/192 215/215/192 224/224/192
f 226/226/193 225/225/193 224/224/193
f 223/223/194 226/226/194 224/224/194
f 227/227/195 216/216/195 218/218/195
f 227/227/195 218/218/195 228/228/195
f 229/229/196 214/214/196 216/216/196
f 229/229/196 216/216/196 227/227/196
f 230/230/197 211/211/197 214/214/197
f 230/230/197 214/214/197 229/229/197
f 231/231/198 221/221/198 211/211/198
f 231/231/198 211/211/198 230/230/198
f 228/228/199 218/218/199 220/220/199
f 228/228/199 220/220/199 232/232/199
f 233/233/200 234/234/200 235/235/200
f 233/233/200 235/235/200 236/236/200
f 237/237/201 238/238/201 239/239/201
f 237/237/201 239/239/201 240/240/201
f 234/234/202 237/237/202 240/240/202
f 234/234/202 240/240/202 235/235/202
f 236/236/203 235/235/203 240/240/203
f 236/236/203 240/240/203 241/241/203
f 238/238/204 237/237/204 234/234/204
f 238/238/204 234/234/204 233/233/204
f 238/238/205 233/233/205 242/242/205
f 242/242/206 239/239/206 238/238/206
f 236/236/207 241/241/207 242/242/207
f 233/233/208 236/236/208 242/242/208
f 243/243/209 244/244/209 245/245/209
f 243/243/209 245/245/209 246/246/209
f 247/247/210 248/248/210 249/249/210
f 247/247/210 249/249/210 250/250/210
f 244/244/211 247/247/211 250/250/211
f 244/244/211 250/250/211 245/245/211
f 251/251/212 245/245/212 250/250/212
f 251/251/212 250/250/212 249/249/212
f 248/248/213 247/247/213 244/244/213
f 248/248/213 244/244/213 243/243/213
f 248/248/214 243/243/214 252/252/214
f 252/252/215 249/249/215 248/248/215
f 251/251/216 249/249/216 252/252/216
f 243/243/217 246/246/218 252/252/217
f 253/1/219 254/2/219 255/3/219
f 253/1/219 255/3/219 256/4/219
f 257/5/220 258/6/220 259/7/220
f 257/5/220 259/7/220 260/8/220
f 254/2/221 257/5/222 260/8/222
f 254/2/221 260/8/222 255/3/222
f 256/4/223 255/3/223 260/8/223
f 256/4/223 260/8/223 261/9/223
f 258/6/224 257/5/224 254/2/224
f 258/6/224 254/2/224 253/1/224
f 258/6/225 253/1/225 262/10/225
f 262/10/226 259/7/226 258/6/226
f 256/4/227 261/9/227 262/10/227
f 253/1/228 256/4/228 262/10/228
f 263/11/229 264/12/229 265/13/229
f 263/11/229 265/13/229 266/14/229
f 266/14/230 265/13/230 267/15/230
f 266/14/230 267/15/230 268/16/230
f 269/17/231 270/18/231 271/19/231
f 272/20/232 273/21/232 274/22/232
f 267/15/233 273/21/233 275/23/233
f 267/15/233 275/23/233 268/16/233
f 271/19/234 270/18/234 276/24/234
f 274/22/235 273/21/235 267/15/235
f 272/20/236 277/25/236 275/23/236
f 272/20/236 275/23/236 273/21/236
f 278/26/237 263/11/237 266/14/237
f 278/26/237 266/14/237 279/27/237
f 277/25/238 280/28/238 281/29/238
f 277/25/238 281/29/238 275/23/238
f 282/30/239 268/16/240 275/23/239
f 282/30/239 275/23/239 281/29/240
f 279/27/241 266/14/241 268/16/241
f 279/27/241 268/16/241 282/30/241
f 283/31/242 278/26/242 279/27/243
f 283/31/242 279/27/243 284/32/243
f 280/28/244 285/33/244 286/34/244
f 280/28/244 286/34/244 281/29/244
f 287/35/245 282/30/246 281/29/245
f 287/35/245 281/29/245 286/34/246
f 284/32/247 279/27/247 282/30/247
f 284/32/247 282/30/247 287/35/247
f 288/36/248 283/31/249 284/32/249
f 288/36/248 284/32/249 289/37/249
f 285/33/250 290/38/250 291/39/250
f 285/33/250 291/39/250 286/34/250
f 292/40/251 287/35/251 286/34/251
f 292/40/251 286/34/251 291/39/251
f 289/37/252 284/32/252 287/35/252
f 289/37/252 287/35/252 292/40/252
f 293/41/253 288/36/253 289/37/253
f 293/41/253 289/37/253 294/42/253
f 290/38/254 295/43/254 296/44/254
f 290/38/254 296/44/254 291/39/254
f 297/45/255 292/40/255 291/39/255
f 297/45/255 291/39/255 296/44/255
f 294/42/256 289/37/256 292/40/256
f 294/42/256 292/40/256 297/45/256
f 298/46/257 293/41/257 294/42/257
f 298/46/257 294/42/257 299/47/257
f 295/43/258 300/48/258 301/49/258
f 295/43/258 301/49/258 296/44/258
f 302/50/259 297/45/259 296/44/259
f 302/50/259 296/44/259 301/49/259
f 299/47/260 294/42/260 297/45/260
f 299/47/260 297/45/260 302/50/260
f 303/51/261 298/46/261 299/47/261
f 303/51/261 299/47/261 304/52/261
f 300/48/262 305/53/262 306/54/262
f 300/48/262 306/54/262 301/49/262
f 307/55/263 302/50/263 301/49/263
f 307/55/263 301/49/263 306/54/263
f 304/52/264 299/47/264 302/50/264
f 304/52/264 302/50/264 307/55/264
f 308/56/265 303/51/265 304/52/265
f 308/56/265 304/52/265 309/57/265
f 305/53/266 310/58/266 311/59/266
f 305/53/266 311/59/266 306/54/266
f 312/60/267 307/55/267 306/54/267
f 312/60/267 306/54/267 311/59/267
f 309/57/268 304/52/269 307/55/269
f 309/57/268 307/55/269 312/60/269
f 313/61/270 308/56/270 309/57/270
f 313/61/270 309/57/270 314/62/270
f 310/58/271 315/63/271 316/64/271
f 310/58/271 316/64/271 311/59/271
f 317/65/272 312/60/272 311/59/272
f 317/65/272 311/59/272 316/64/273
f 314/62/274 309/57/274 312/60/274
f 314/62/274 312/60/274 317/65/274
f 318/66/275 313/61/275 314/62/275
f 318/66/275 314/62/275 319/67/275
f 315/63/276 320/68/276 321/69/276
f 315/63/276 321/69/276 316/64/277
f 322/70/278 317/65/278 316/64/278
f 322/70/278 316/64/278 321/69/278
f 319/67/279 314/62/279 317/65/279
f 319/67/279 317/65/279 322/70/279
f 323/71/280 318/66/280 319/67/280
f 323/71/280 319/67/280 324/72/280
f 320/68/281 269/17/281 271/19/281
f 320/68/281 271/19/281 321/69/281
f 276/24/282 322/70/282 321/69/282
f 276/24/282 321/69/282 271/19/282
f 324/72/283 319/67/283 322/70/283
f 324/72/283 322/70/283 276/24/283
f 325/73/219 326/74/219 327/75/219
f 325/73/219 327/75/219 328/76/219
f 329/77/284 330/78/284 331/79/284
f 329/77/284 331/79/284 332/80/284
f 326/74/285 329/77/285 332/80/285
f 326/74/285 332/80/285 327/75/285
f 328/76/286 327/75/286 332/80/286
f 328/76/286 332/80/286 333/81/286
f 330/78/287 329/77/287 326/74/287
f 330/78/287 326/74/287 325/73/287
f 330/78/288 325/73/289 334/82/288
f 334/82/290 331/79/290 330/78/290
f 328/76/291 333/81/291 334/82/291
f 325/73/228 328/76/228 334/82/228
f 335/83/292 336/84/292 337/85/292
f 335/83/292 337/85/292 338/86/292
f 338/86/293 337/85/293 339/87/293
f 338/86/293 339/87/293 340/88/293
f 340/88/294 339/87/294 341/89/294
f 340/88/294 341/89/294 342/90/294
f 343/91/295 342/90/295 341/89/295
f 343/91/295 341/89/295 344/92/295
f 343/91/296 344/92/296 345/93/296
f 343/91/296 345/93/296 346/94/296
f 347/95/79 348/96/79 349/97/79
f 339/87/79 347/95/79 349/97/79
f 341/89/79 339/87/79 349/97/79
f 350/98/79 341/89/79 349/97/79
f 348/96/79 350/98/79 349/97/79
f 351/99/297 352/100/297 353/101/297
f 351/99/297 353/101/297 354/102/297
f 355/103/298 356/104/298 357/105/298
f 355/103/298 357/105/298 358/106/298
f 352/100/299 355/103/299 358/106/299
f 352/100/299 358/106/299 353/101/299
f 359/107/300 353/101/300 358/106/300
f 359/107/300 358/106/300 357/105/300
f 356/104/301 355/103/301 352/100/301
f 356/104/301 352/100/301 351/99/301
f 356/104/302 351/99/303 360/108/303
f 360/108/304 357/105/305 356/104/305
f 359/107/306 357/105/306 360/108/306
f 351/99/307 354/102/307 360/108/307
f 361/109/308 362/110/308 363/111/308
f 361/109/308 363/111/308 364/112/308
f 365/113/309 366/114/309 367/115/309
f 365/113/309 367/115/309 368/116/309
f 362/110/310 365/113/310 368/116/310
f 362/110/310 368/116/310 363/111/310
f 369/117/311 363/111/311 368/116/311
f 369/117/311 368/116/311 367/115/311
f 366/114/312 365/113/312 362/110/313
f 366/114/312 362/110/313 361/109/312
f 366/114/314 361/109/315 370/118/314
f 370/118/316 367/115/316 366/114/316
f 369/117/317 367/115/317 370/118/317
f 361/109/318 364/112/318 370/118/318
f 371/119/319 372/120/319 373/121/319
f 371/119/319 373/121/319 374/122/319
f 375/123/320 376/124/320 377/125/320
f 375/123/320 377/125/320 378/126/320
f 372/120/321 375/123/321 378/126/321
f 372/120/321 378/126/321 373/121/321
f 374/122/322 373/121/322 378/126/322
f 374/122/322 378/126/322 379/127/322
f 376/124/323 375/123/323 372/120/323
f 376/124/323 372/120/323 371/119/323
f 376/124/324 371/119/325 380/128/324
f 380/128/326 377/125/326 376/124/326
f 374/122/327 379/127/327 380/128/327
f 371/119/328 374/122/328 380/128/329
f 381/129/330 382/130/330 383/131/330
f 381/129/330 383/131/330 384/132/330
f 385/133/331 386/134/331 387/135/331
f 385/133/331 387/135/331 388/136/331
f 382/130/332 385/133/332 388/136/332
f 382/130/332 388/136/332 383/131/332
f 384/132/333 383/131/333 388/136/333
f 384/132/333 388/136/333 387/135/333
f 386/134/334 385/133/334 382/130/334
f 386/134/334 382/130/334 389/137/334
f 386/134/335 389/137/335 390/138/335
f 390/138/336 387/135/336 386/134/336
f 384/132/337 387/135/338 390/138/338
f 381/129/339 384/132/339 390/138/339
f 391/139/340 392/140/340 393/141/340
f 391/139/340 393/141/340 394/142/340
f 394/142/341 393/141/341 395/143/341
f 394/142/341 395/143/341 396/144/341
f 397/145/342 398/146/342 399/147/342
f 400/148/343 401/149/343 402/150/343
f 395/143/344 401/149/344 403/151/344
f 395/143/344 403/151/344 396/144/344
f 399/147/345 398/146/345 404/152/345
f 402/150/346 401/149/346 395/143/346
f 400/148/347 405/153/347 403/151/347
f 400/148/347 403/151/347 401/149/347
f 406/154/348 391/139/348 394/142/348
f 406/154/348 394/142/348 407/155/348
f 405/153/349 408/156/349 409/157/349
f 405/153/349 409/157/349 403/151/349
f 410/158/350 396/144/350 403/151/350
f 410/158/350 403/151/350 409/157/350
f 407/155/351 394/142/351 396/144/351
f 407/155/351 396/144/351 410/158/351
f 411/159/352 406/154/352 407/155/352
f 411/159/352 407/155/352 412/160/352
f 408/156/353 413/161/353 414/162/353
f 408/156/353 414/162/353 409/157/353
f 415/163/354 410/158/354 409/157/354
f 415/163/354 409/157/354 414/162/354
f 412/160/355 407/155/355 410/158/355
f 412/160/355 410/158/355 415/163/355
f 416/164/356 411/159/356 412/160/356
f 416/164/356 412/160/356 417/165/356
f 413/161/357 418/166/358 419/167/357
f 413/161/357 419/167/357 414/162/358
f 420/168/359 415/163/359 414/162/359
f 420/168/359 414/162/359 419/167/359
f 417/165/360 412/160/360 415/163/360
f 417/165/360 415/163/360 420/168/360
f 421/169/361 416/164/361 417/165/361
f 421/169/361 417/165/361 422/170/361
f 418/166/362 423/171/362 424/172/362
f 418/166/362 424/172/362 419/167/362
f 425/173/363 420/168/363 419/167/363
f 425/173/363 419/167/363 424/172/363
f 422/170/364 417/165/364 420/168/364
f 422/170/364 420/168/364 425/173/364
f 426/174/365 421/169/365 422/170/365
f 426/174/365 422/170/365 427/175/365
f 423/171/366 428/176/366 429/177/366
f 423/171/366 429/177/366 424/172/366
f 430/178/367 425/173/367 424/172/367
f 430/178/367 424/172/367 429/177/367
f 427/175/368 422/170/368 425/173/368
f 427/175/368 425/173/368 430/178/368
f 431/179/369 426/174/370 427/175/370
f 431/179/369 427/175/370 432/180/370
f 428/176/371 433/181/371 434/182/371
f 428/176/371 434/182/371 429/177/371
f 435/183/372 430/178/372 429/177/372
f 435/183/372 429/177/372 434/182/372
f 432/180/373 427/175/373 430/178/373
f 432/180/373 430/178/373 435/183/373
f 436/184/374 431/179/375 432/180/375
f 436/184/374 432/180/375 437/185/374
f 433/181/376 438/186/376 439/187/376
f 433/181/376 439/187/376 434/182/376
f 440/188/377 435/183/377 434/182/377
f 440/188/377 434/182/377 439/187/377
f 437/185/378 432/180/378 435/183/378
f 437/185/378 435/183/378 440/188/378
f 441/189/379 436/184/379 437/185/379
f 441/189/379 437/185/379 442/190/379
f 438/186/380 443/191/380 444/192/380
f 438/186/380 444/192/380 439/187/380
f 445/193/381 440/188/381 439/187/381
f 445/193/381 439/187/381 444/192/381
f 442/190/382 437/185/382 440/188/382
f 442/190/382 440/188/382 445/193/382
f 446/194/383 441/189/383 442/190/383
f 446/194/383 442/190/383 447/195/383
f 443/191/384 448/196/385 449/197/385
f 443/191/384 449/197/385 444/192/385
f 450/198/386 445/193/386 444/192/386
f 450/198/386 444/192/386 449/197/386
f 447/195/387 442/190/387 445/193/387
f 447/195/387 445/193/387 450/198/387
f 451/199/388 446/194/388 447/195/388
f 451/199/388 447/195/388 452/200/388
f 448/196/389 397/145/389 399/147/389
f 448/196/389 399/147/389 449/197/389
f 404/152/390 450/198/390 449/197/390
f 404/152/390 449/197/390 399/147/390
f 452/200/391 447/195/391 450/198/391
f 452/200/391 450/198/391 404/152/391
f 453/201/392 454/202/393 455/203/392
f 453/201/392 455/203/392 456/204/392
f 457/205/394 458/206/394 459/207/394
f 457/205/394 459/207/394 460/208/394
f 454/202/395 457/205/395 460/208/395
f 454/202/395 460/208/395 455/203/395
f 456/204/396 455/203/396 460/208/396
f 456/204/396 460/208/396 461/209/396
f 458/206/397 457/205/397 454/202/397
f 458/206/397 454/202/397 453/201/397
f 458/206/398 453/201/398 462/210/398
f 462/210/399 459/207/399 458/206/399
f 456/204/400 461/209/400 462/210/400
f 453/201/401 456/204/401 462/210/401
f 463/211/402 464/212/402 465/213/402
f 463/211/402 465/213/402 466/214/402
f 466/214/403 465/213/403 467/215/403
f 466/214/403 467/215/403 468/216/403
f 468/216/404 467/215/404 469/217/404
f 468/216/404 469/217/404 470/218/404
f 470/218/405 469/217/405 471/219/405
f 470/218/405 471/219/405 472/220/405
f 473/221/406 474/222/406 464/212/406
f 473/221/406 464/212/406 463/211/407
f 465/213/79 475/223/79 476/224/79
f 467/215/79 465/213/79 476/224/79
f 477/225/79 467/215/79 476/224/79
f 478/226/79 477/225/79 476/224/79
f 475/223/79 478/226/79 476/224/79
f 479/227/408 468/216/408 470/218/409
f 479/227/408 470/218/409 480/228/409
f 481/229/410 466/214/410 468/216/410
f 481/229/410 468/216/410 479/227/410
f 482/230/411 463/211/411 466/214/411
f 482/230/411 466/214/411 481/229/411
f 483/231/412 473/221/412 463/211/412
f 483/231/412 463/211/412 482/230/412
f 480/228/413 470/218/413 472/220/413
f 480/228/413 472/220/413 484/232/414
f 485/233/415 486/234/415 487/235/415
f 485/233/415 487/235/415 488/236/415
f 489/237/416 490/238/416 491/239/416
f 489/237/416 491/239/416 492/240/416
f 486/234/417 489/237/417 492/240/417
f 486/234/417 492/240/417 487/235/417
f 488/236/418 487/235/418 492/240/418
f 488/236/418 492/240/418 493/241/418
f 490/238/419 489/237/419 486/234/419
f 490/238/419 486/234/419 485/233/419
f 490/238/420 485/233/420 494/242/420
f 494/242/421 491/239/421 490/238/421
f 488/236/422 493/241/422 494/242/422
f 485/233/423 488/236/424 494/242/423
f 495/243/425 496/244/425 497/245/425
f 495/243/425 497/245/425 498/246/425
f 499/247/426 500/248/426 501/249/426
f 499/247/426 501/249/426 502/250/426
f 496/244/427 499/247/427 502/250/427
f 496/244/427 502/250/427 497/245/427
f 503/251/428 497/245/428 502/250/428
f 503/251/428 502/250/428 501/249/428
f 500/248/429 499/247/429 496/244/429
f 500/248/429 496/244/429 495/243/429
f 500/248/430 495/243/430 504/252/430
f 504/252/431 501/249/431 500/248/431
f 503/251/432 501/249/432 504/252/432
f 495/243/433 498/246/433 504/252/433
f 505/1/434 506/2/434 507/3/435
f 505/1/434 507/3/435 508/4/434
f 509/5/436 510/6/436 511/7/436
f 509/5/436 511/7/436 512/8/436
f 506/2/437 509/5/437 512/8/438
f 506/2/437 512/8/438 507/3/438
f 508/4/439 507/3/439 512/8/439
f 508/4/439 512/8/439 513/9/439
f 510/6/440 509/5/440 506/2/440
f 510/6/440 506/2/440 505/1/440
f 510/6/441 505/1/441 514/10/441
f 514/10/442 511/7/442 510/6/442
f 508/4/443 513/9/443 514/10/443
f 505/1/444 508/4/444 514/10/444
f 515/11/445 516/12/446 517/13/445
f 515/11/445 517/13/445 518/14/445
f 518/14/447 517/13/447 519/15/447
f 518/14/447 519/15/447 520/16/447
f 521/17/448 522/18/448 523/19/448
f 524/20/449 525/21/449 526/22/449
f 519/15/450 525/21/450 527/23/450
f 519/15/450 527/23/450 520/16/450
f 523/19/451 522/18/451 528/24/451
f 526/22/452 525/21/452 519/15/452
f 524/20/453 529/25/453 527/23/453
f 524/20/453 527/23/453 525/21/453
f 530/26/454 515/11/455 518/14/455
f 530/26/454 518/14/455 531/27/455
f 529/25/456 532/28/456 533/29/456
f 529/25/456 533/29/456 527/23/456
f 534/30/457 520/16/458 527/23/457
f 534/30/457 527/23/457 533/29/458
f 531/27/459 518/14/459 520/16/459
f 531/27/459 520/16/459 534/30/459
f 535/31/460 530/26/460 531/27/460
f 535/31/460 531/27/460 536/32/460
f 532/28/461 537/33/461 538/34/461
f 532/28/461 538/34/461 533/29/461
f 539/35/462 534/30/462 533/29/462
f 539/35/462 533/29/462 538/34/462
f 536/32/463 531/27/464 534/30/463
f 536/32/463 534/30/463 539/35/463
f 540/36/465 535/31/465 536/32/465
f 540/36/465 536/32/465 541/37/465
f 537/33/466 542/38/466 543/39/466
f 537/33/466 543/39/466 538/34/466
f 544/40/467 539/35/467 538/34/467
f 544/40/467 538/34/467 543/39/467
f 541/37/468 536/32/468 539/35/468
f 541/37/468 539/35/468 544/40/468
f 545/41/469 540/36/469 541/37/469
f 545/41/469 541/37/469 546/42/469
f 542/38/470 547/43/470 548/44/470
f 542/38/470 548/44/470 543/39/470
f 549/45/471 544/40/472 543/39/471
f 549/45/471 543/39/471 548/44/472
f 546/42/473 541/37/473 544/40/473
f 546/42/473 544/40/473 549/45/473
f 550/46/474 545/41/474 546/42/474
f 550/46/474 546/42/474 551/47/474
f 547/43/475 552/48/475 553/49/475
f 547/43/475 553/49/475 548/44/475
f 554/50/476 549/45/476 548/44/476
f 554/50/476 548/44/476 553/49/476
f 551/47/477 546/42/477 549/45/477
f 551/47/477 549/45/477 554/50/477
f 555/51/478 550/46/478 551/47/478
f 555/51/478 551/47/478 556/52/478
f 552/48/479 557/53/479 558/54/479
f 552/48/479 558/54/479 553/49/479
f 559/55/480 554/50/480 553/49/480
f 559/55/480 553/49/480 558/54/480
f 556/52/481 551/47/481 554/50/481
f 556/52/481 554/50/481 559/55/481
f 560/56/482 555/51/482 556/52/482
f 560/56/482 556/52/482 561/57/482
f 557/53/483 562/58/483 563/59/483
f 557/53/483 563/59/483 558/54/483
f 564/60/484 559/55/484 558/54/484
f 564/60/484 558/54/484 563/59/484
f 561/57/485 556/52/485 559/55/485
f 561/57/485 559/55/485 564/60/485
f 565/61/486 560/56/486 561/57/486
f 565/61/486 561/57/486 566/62/486
f 562/58/487 567/63/487 568/64/487
f 562/58/487 568/64/487 563/59/487
f 569/65/488 564/60/488 563/59/488
f 569/65/488 563/59/488 568/64/488
f 566/62/489 561/57/489 564/60/489
f 566/62/489 564/60/489 569/65/489
f 570/66/490 565/61/490 566/62/490
f 570/66/490 566/62/490 571/67/490
f 567/63/491 572/68/491 573/69/491
f 567/63/491 573/69/491 568/64/491
f 574/70/492 569/65/492 568/64/492
f 574/70/492 568/64/492 573/69/492
f 571/67/493 566/62/493 569/65/493
f 571/67/493 569/65/493 574/70/493
f 575/71/494 570/66/494 571/67/494
f 575/71/494 571/67/494 576/72/494
f 572/68/495 521/17/495 523/19/495
f 572/68/495 523/19/495 573/69/495
f 528/24/496 574/70/496 573/69/496
f 528/24/496 573/69/496 523/19/496
f 576/72/497 571/67/497 574/70/497
f 576/72/497 574/70/497 528/24/497
f 577/73/498 578/74/498 579/75/498
f 577/73/498 579/75/498 580/76/498
f 581/77/499 582/78/499 583/79/499
f 581/77/499 583/79/499 584/80/499
f 578/74/500 581/77/500 584/80/500
f 578/74/500 584/80/500 579/75/500
f 580/76/501 579/75/501 584/80/501
f 580/76/501 584/80/501 585/81/501
f 582/78/502 581/77/502 578/74/502
f 582/78/502 578/74/502 577/73/502
f 582/78/503 577/73/503 586/82/503
f 586/82/442 583/79/442 582/78/442
f 580/76/504 585/81/504 586/82/504
f 577/73/505 580/76/505 586/82/505
f 587/83/506 588/84/506 589/85/506
f 587/83/506 589/85/506 590/86/506
f 590/86/507 589/85/507 591/87/507
f 590/86/507 591/87/507 592/88/507
f 592/88/508 591/87/508 593/89/508
f 592/88/508 593/89/508 594/90/508
f 595/91/509 594/90/509 593/89/509
f 595/91/509 593/89/509 596/92/509
f 595/91/510 596/92/510 597/93/510
f 595/91/510 597/93/510 598/94/510
f 599/95/79 600/96/79 601/97/79
f 591/87/79 599/95/79 601/97/79
f 593/89/79 591/87/79 601/97/79
f 602/98/79 593/89/79 601/97/79
f 600/96/79 602/98/79 601/97/79
f 603/99/511 604/100/511 605/101/511
f 603/99/511 605/101/511 606/102/511
f 607/103/512 608/104/512 609/105/512
f 607/103/512 609/105/512 610/106/512
f 604/100/513 607/103/513 610/106/513
f 604/100/513 610/106/513 605/101/513
f 611/107/514 605/101/514 610/106/514
f 611/107/514 610/106/514 609/105/514
f 608/104/515 607/103/515 604/100/515
f 608/104/515 604/100/515 603/99/515
f 608/104/516 603/99/516 612/108/516
f 612/108/517 609/105/517 608/104/517
f 611/107/518 609/105/519 612/108/518
f 603/99/520 606/102/520 612/108/520
f 613/109/521 614/110/521 615/111/521
f 613/109/521 615/111/521 616/112/521
f 617/113/522 618/114/522 619/115/522
f 617/113/522 619/115/522 620/116/522
f 614/110/523 617/113/523 620/116/523
f 614/110/523 620/116/523 615/111/523
f 621/117/524 615/111/525 620/116/525
f 621/117/524 620/116/525 619/115/525
f 618/114/526 617/113/526 614/110/526
f 618/114/526 614/110/526 613/109/526
f 618/114/527 613/109/527 622/118/527
f 622/118/528 619/115/528 618/114/529
f 621/117/530 619/115/530 622/118/530
f 613/109/531 616/112/531 622/118/531
f 623/119/532 624/120/532 625/121/532
f 623/119/532 625/121/532 626/122/532
f 627/123/533 628/124/534 629/125/534
f 627/123/533 629/125/534 630/126/534
f 624/120/535 627/123/535 630/126/535
f 624/120/535 630/126/535 625/121/535
f 626/122/536 625/121/536 630/126/536
f 626/122/536 630/126/536 631/127/536
f 628/124/537 627/123/537 624/120/537
f 628/124/537 624/120/537 623/119/537
f 628/124/538 623/119/538 632/128/538
f 632/128/539 629/125/539 628/124/539
f 626/122/540 631/127/540 632/128/540
f 623/119/541 626/122/541 632/128/541
f 633/1/1 634/2/1 635/3/1
f 633/1/1 635/3/1 636/4/1
f 637/5/542 638/6/542 639/7/542
f 637/5/542 639/7/542 640/8/542
f 634/2/543 637/5/543 640/8/543
f 634/2/543 640/8/543 635/3/543
f 636/4/544 635/3/544 640/8/544
f 636/4/544 640/8/544 641/9/544
f 638/6/545 637/5/546 634/2/546
f 638/6/545 634/2/546 633/1/545
f 638/6/547 633/1/547 642/10/547
f 642/10/69 639/7/69 638/6/69
f 636/4/548 641/9/548 642/10/548
f 633/1/9 636/4/549 642/10/9
f 643/11/10 644/12/10 645/13/10
f 643/11/10 645/13/10 646/14/10
f 646/14/11 645/13/11 647/15/11
f 646/14/11 647/15/11 648/16/11
f 649/17/550 650/18/551 651/19/551
f 652/20/13 653/21/13 654/22/13
f 647/15/14 653/21/14 655/23/14
f 647/15/14 655/23/14 648/16/14
f 651/19/552 650/18/552 656/24/552
f 654/22/16 653/21/16 647/15/16
f 652/20/17 657/25/18 655/23/17
f 652/20/17 655/23/17 653/21/18
f 658/26/553 643/11/553 646/14/553
f 658/26/553 646/14/553 659/27/553
f 657/25/554 660/28/554 661/29/554
f 657/25/554 661/29/554 655/23/554
f 662/30/555 648/16/555 655/23/555
f 662/30/555 655/23/555 661/29/555
f 659/27/556 646/14/556 648/16/556
f 659/27/556 648/16/556 662/30/556
f 663/31/557 658/26/557 659/27/557
f 663/31/557 659/27/557 664/32/557
f 660/28/25 665/33/25 666/34/25
f 660/28/25 666/34/25 661/29/25
f 667/35/558 662/30/558 661/29/558
f 667/35/558 661/29/558 666/34/558
f 664/32/28 659/27/28 662/30/28
f 664/32/28 662/30/28 667/35/28
f 668/36/559 663/31/559 664/32/559
f 668/36/559 664/32/559 669/37/559
f 665/33/560 670/38/560 671/39/560
f 665/33/560 671/39/560 666/34/560
f 672/40/561 667/35/561 666/34/561
f 672/40/561 666/34/561 671/39/561
f 669/37/562 664/32/562 667/35/562
f 669/37/562 667/35/562 672/40/562
f 673/41/563 668/36/563 669/37/563
f 673/41/563 669/37/563 674/42/563
f 670/38/34 675/43/34 676/44/34
f 670/38/34 676/44/34 671/39/34
f 677/45/564 672/40/564 671/39/564
f 677/45/564 671/39/564 676/44/564
f 674/42/36 669/37/36 672/40/36
f 674/42/36 672/40/36 677/45/36
f 678/46/565 673/41/565 674/42/565
f 678/46/565 674/42/565 679/47/565
f 675/43/566 680/48/566 681/49/566
f 675/43/566 681/49/566 676/44/566
f 682/50/567 677/45/567 676/44/567
f 682/50/567 676/44/567 681/49/568
f 679/47/569 674/42/569 677/45/569
f 679/47/569 677/45/569 682/50/570
f 683/51/42 678/46/42 679/47/42
f 683/51/42 679/47/42 684/52/42
f 680/48/571 685/53/571 686/54/571
f 680/48/571 686/54/571 681/49/571
f 687/55/572 682/50/572 681/49/572
f 687/55/572 681/49/572 686/54/572
f 684/52/573 679/47/573 682/50/573
f 684/52/573 682/50/573 687/55/573
f 688/56/574 683/51/574 684/52/574
f 688/56/574 684/52/574 689/57/574
f 685/53/575 690/58/575 691/59/575
f 685/53/575 691/59/575 686/54/575
f 692/60/576 687/55/576 686/54/576
f 692/60/576 686/54/576 691/59/576
f 689/57/577 684/52/577 687/55/577
f 689/57/577 687/55/577 692/60/577
f 693/61/578 688/56/578 689/57/578
f 693/61/578 689/57/578 694/62/578
f 690/58/52 695/63/52 696/64/52
f 690/58/52 696/64/52 691/59/52
f 697/65/579 692/60/579 691/59/579
f 697/65/579 691/59/579 696/64/579
f 694/62/580 689/57/580 692/60/580
f 694/62/580 692/60/580 697/65/580
f 698/66/581 693/61/581 694/62/581
f 698/66/581 694/62/581 699/67/581
f 695/63/582 700/68/582 701/69/582
f 695/63/582 701/69/582 696/64/582
f 702/70/583 697/65/583 696/64/583
f 702/70/583 696/64/583 701/69/583
f 699/67/584 694/62/584 697/65/584
f 699/67/584 697/65/584 702/70/584
f 703/71/59 698/66/59 699/67/59
f 703/71/59 699/67/59 704/72/59
f 700/68/585 649/17/585 651/19/585
f 700/68/585 651/19/585 701/69/585
f 656/24/586 702/70/586 701/69/586
f 656/24/586 701/69/586 651/19/586
f 704/72/587 699/67/587 702/70/587
f 704/72/587 702/70/587 656/24/587
f 705/73/63 706/74/63 707/75/63
f 705/73/63 707/75/63 708/76/63
f 709/77/588 710/78/588 711/79/588
f 709/77/588 711/79/588 712/80/588
f 706/74/589 709/77/589 712/80/589
f 706/74/589 712/80/589 707/75/589
f 708/76/590 707/75/590 712/80/590
f 708/76/590 712/80/590 713/81/590
f 710/78/591 709/77/591 706/74/591
f 710/78/591 706/74/591 705/73/591
f 710/78/592 705/73/592 714/82/592
f 714/82/593 711/79/593 710/78/593
f 708/76/594 713/81/594 714/82/594
f 705/73/71 708/76/71 714/82/71
f 715/83/595 716/84/595 717/85/595
f 715/83/595 717/85/595 718/86/595
f 718/86/74 717/85/74 719/87/74
f 718/86/74 719/87/74 720/88/74
f 720/88/596 719/87/597 721/89/597
f 720/88/596 721/89/597 722/90/596
f 723/91/598 722/90/598 721/89/598
f 723/91/598 721/89/598 724/92/598
f 723/91/599 724/92/599 725/93/599
f 723/91/599 725/93/599 726/94/599
f 727/95/79 728/96/79 729/97/79
f 719/87/79 727/95/79 729/97/79
f 721/89/79 719/87/79 729/97/79
f 730/98/79 721/89/79 729/97/79
f 728/96/79 730/98/79 729/97/79
f 731/99/80 732/100/80 733/101/80
f 731/99/80 733/101/80 734/102/80
f 735/103/81 736/104/600 737/105/600
f 735/103/81 737/105/600 738/106/600
f 732/100/601 735/103/601 738/106/601
f 732/100/601 738/106/601 733/101/601
f 739/107/602 733/101/602 738/106/602
f 739/107/602 738/106/602 737/105/602
f 736/104/603 735/103/603 732/100/603
f 736/104/603 732/100/603 731/99/603
f 736/104/604 731/99/604 740/108/604
f 740/108/605 737/105/86 736/104/605
f 739/107/606 737/105/606 740/108/606
f 731/99/88 734/102/88 740/108/88
f 741/109/607 742/110/608 743/111/608
f 741/109/607 743/111/608 744/112/608
f 745/113/609 746/114/609 747/115/609
f 745/113/609 747/115/609 748/116/90
f 742/110/610 745/113/610 748/116/610
f 742/110/610 748/116/610 743/111/611
f 749/117/612 743/111/612 748/116/612
f 749/117/612 748/116/612 747/115/612
f 746/114/613 745/113/613 742/110/613
f 746/114/613 742/110/613 741/109/613
f 746/114/614 741/109/614 750/118/614
f 750/118/97 747/115/97 746/114/615
f 749/117/616 747/115/616 750/118/616
f 741/109/99 744/112/99 750/118/99
f 751/119/617 752/120/617 753/121/617
f 751/119/617 753/121/617 754/122/618
f 755/123/102 756/124/102 757/125/102
f 755/123/102 757/125/102 758/126/102
f 752/120/619 755/123/619 758/126/619
f 752/120/619 758/126/619 753/121/619
f 754/122/620 753/121/620 758/126/620
f 754/122/620 758/126/620 759/127/620
f 756/124/621 755/123/622 752/120/622
f 756/124/621 752/120/622 751/119/623
f 756/124/624 751/119/624 760/128/624
f 760/128/625 757/125/625 756/124/625
f 754/122/626 759/127/626 760/128/626
f 751/119/627 754/122/627 760/128/627
f 761/129/112 762/130/112 763/131/628
f 761/129/112 763/131/628 764/132/628
f 765/133/629 766/134/630 767/135/630
f 765/133/629 767/135/630 768/136/629
f 762/130/631 765/133/631 768/136/631
f 762/130/631 768/136/631 763/131/631
f 764/132/632 763/131/632 768/136/632
f 764/132/632 768/136/632 767/135/632
f 766/134/633 765/133/633 762/130/633
f 766/134/633 762/130/633 769/137/633
f 766/134/634 769/137/634 770/138/634
f 770/138/118 767/135/118 766/134/118
f 764/132/635 767/135/635 770/138/635
f 761/129/120 764/132/120 770/138/120
f 771/139/636 772/140/636 773/141/636
f 771/139/636 773/141/636 774/142/636
f 774/142/122 773/141/122 775/143/122
f 774/142/122 775/143/122 776/144/122
f 777/145/637 778/146/637 779/147/637
f 780/148/638 781/149/638 782/150/638
f 775/143/639 781/149/639 783/151/639
f 775/143/639 783/151/639 776/144/639
f 779/147/127 778/146/127 784/152/127
f 782/150/128 781/149/128 775/143/128
f 780/148/640 785/153/640 783/151/640
f 780/148/640 783/151/640 781/149/640
f 786/154/641 771/139/641 774/142/641
f 786/154/641 774/142/641 787/155/641
f 785/153/642 788/156/643 789/157/642
f 785/153/642 789/157/642 783/151/642
f 790/158/644 776/144/644 783/151/644
f 790/158/644 783/151/644 789/157/644
f 787/155/133 774/142/133 776/144/133
f 787/155/133 776/144/133 790/158/133
f 791/159/134 786/154/134 787/155/134
f 791/159/134 787/155/134 792/160/134
f 788/156/135 793/161/135 794/162/135
f 788/156/135 794/162/135 789/157/135
f 795/163/136 790/158/136 789/157/136
f 795/163/136 789/157/136 794/162/136
f 792/160/645 787/155/645 790/158/645
f 792/160/645 790/158/645 795/163/645
f 796/164/646 791/159/646 792/160/646
f 796/164/646 792/160/646 797/165/646
f 793/161/647 798/166/647 799/167/647
f 793/161/647 799/167/647 794/162/647
f 800/168/140 795/163/141 794/162/140
f 800/168/140 794/162/140 799/167/141
f 797/165/648 792/160/648 795/163/648
f 797/165/648 795/163/648 800/168/648
f 801/169/649 796/164/649 797/165/649
f 801/169/649 797/165/649 802/170/649
f 798/166/650 803/171/651 804/172/651
f 798/166/650 804/172/651 799/167/650
f 805/173/652 800/168/652 799/167/652
f 805/173/652 799/167/652 804/172/652
f 802/170/146 797/165/146 800/168/146
f 802/170/146 800/168/146 805/173/146
f 806/174/653 801/169/653 802/170/654
f 806/174/653 802/170/654 807/175/654
f 803/171/655 808/176/655 809/177/655
f 803/171/655 809/177/655 804/172/655
f 810/178/656 805/173/656 804/172/656
f 810/178/656 804/172/656 809/177/656
f 807/175/657 802/170/657 805/173/657
f 807/175/657 805/173/657 810/178/657
f 811/179/658 806/174/658 807/175/658
f 811/179/658 807/175/658 812/180/658
f 808/176/659 813/181/659 814/182/659
f 808/176/659 814/182/659 809/177/659
f 815/183/153 810/178/153 809/177/153
f 815/183/153 809/177/153 814/182/153
f 812/180/154 807/175/154 810/178/154
f 812/180/154 810/178/154 815/183/154
f 816/184/660 811/179/660 812/180/661
f 816/184/660 812/180/661 817/185/660
f 813/181/158 818/186/158 819/187/158
f 813/181/158 819/187/158 814/182/158
f 820/188/662 815/183/662 814/182/662
f 820/188/662 814/182/662 819/187/662
f 817/185/663 812/180/663 815/183/663
f 817/185/663 815/183/663 820/188/663
f 821/189/664 816/184/664 817/185/664
f 821/189/664 817/185/664 822/190/664
f 818/186/665 823/191/665 824/192/665
f 818/186/665 824/192/665 819/187/665
f 825/193/666 820/188/666 819/187/666
f 825/193/666 819/187/666 824/192/666
f 822/190/667 817/185/667 820/188/667
f 822/190/667 820/188/667 825/193/667
f 826/194/668 821/189/668 822/190/668
f 826/194/668 822/190/668 827/195/668
f 823/191/669 828/196/669 829/197/669
f 823/191/669 829/197/669 824/192/669
f 830/198/670 825/193/670 824/192/670
f 830/198/670 824/192/670 829/197/670
f 827/195/671 822/190/671 825/193/671
f 827/195/671 825/193/671 830/198/671
f 831/199/672 826/194/672 827/195/672
f 831/199/672 827/195/672 832/200/672
f 828/196/171 777/145/171 779/147/171
f 828/196/171 779/147/171 829/197/171
f 784/152/673 830/198/673 829/197/673
f 784/152/673 829/197/673 779/147/673
f 832/200/674 827/195/674 830/198/674
f 832/200/674 830/198/674 784/152/674
f 833/201/175 834/202/175 835/203/175
f 833/201/175 835/203/175 836/204/175
f 837/205/176 838/206/176 839/207/176
f 837/205/176 839/207/176 840/208/176
f 834/202/675 837/205/675 840/208/675
f 834/202/675 840/208/675 835/203/675
f 836/204/676 835/203/676 840/208/676
f 836/204/676 840/208/676 841/209/676
f 838/206/677 837/205/677 834/202/677
f 838/206/677 834/202/677 833/201/677
f 838/206/180 833/201/180 842/210/180
f 842/210/678 839/207/678 838/206/678
f 836/204/679 841/209/679 842/210/679
f 833/201/183 836/204/183 842/210/183
f 843/211/680 844/212/680 845/213/680
f 843/211/680 845/213/680 846/214/680
f 846/214/681 845/213/681 847/215/681
f 846/214/681 847/215/681 848/216/681
f 848/216/187 847/215/187 849/217/187
f 848/216/187 849/217/187 850/218/187
f 850/218/682 849/217/682 851/219/683
f 850/218/682 851/219/683 852/220/682
f 853/221/684 854/222/684 844/212/684
f 853/221/684 844/212/684 843/211/684
f 845/213/685 855/223/685 856/224/685
f 847/215/191 845/213/191 856/224/191
f 857/225/194 847/215/194 856/224/194
f 858/226/194 857/225/194 856/224/194
f 855/223/686 858/226/686 856/224/686
f 859/227/687 848/216/687 850/218/687
f 859/227/687 850/218/687 860/228/687
f 861/229/196 846/214/196 848/216/196
f 861/229/196 848/216/196 859/227/196
f 862/230/688 843/211/688 846/214/688
f 862/230/688 846/214/688 861/229/688
f 863/231/689 853/221/689 843/211/689
f 863/231/689 843/211/689 862/230/689
f 860/228/690 850/218/690 852/220/690
f 860/228/690 852/220/690 864/232/690
f 865/233/200 866/234/200 867/235/200
f 865/233/200 867/235/200 868/236/200
f 869/237/691 870/238/692 871/239/692
f 869/237/691 871/239/692 872/240/691
f 866/234/693 869/237/693 872/240/693
f 866/234/693 872/240/693 867/235/693
f 868/236/694 867/235/694 872/240/694
f 868/236/694 872/240/694 873/241/695
f 870/238/696 869/237/696 866/234/696
f 870/238/696 866/234/696 865/233/696
f 870/238/697 865/233/697 874/242/697
f 874/242/698 871/239/698 870/238/698
f 868/236/207 873/241/207 874/242/207
f 865/233/699 868/236/699 874/242/699
f 875/243/209 876/244/209 877/245/209
f 875/243/209 877/245/209 878/246/209
f 879/247/210 880/248/210 881/249/210
f 879/247/210 881/249/210 882/250/210
f 876/244/700 879/247/700 882/250/700
f 876/244/700 882/250/700 877/245/700
f 883/251/701 877/245/701 882/250/702
f 883/251/701 882/250/702 881/249/702
f 880/248/703 879/247/703 876/244/703
f 880/248/703 876/244/703 875/243/703
f 880/248/704 875/243/704 884/252/704
f 884/252/215 881/249/215 880/248/215
f 883/251/705 881/249/705 884/252/706
f 875/243/218 878/246/707 884/252/707
f 885/1/219 886/2/219 887/3/219
f 885/1/219 887/3/219 888/4/219
f 889/5/220 890/6/220 891/7/220
f 889/5/220 891/7/220 892/8/220
f 886/2/708 889/5/708 892/8/708
f 886/2/708 892/8/708 887/3/708
f 888/4/709 887/3/709 892/8/709
f 888/4/709 892/8/709 893/9/709
f 890/6/710 889/5/710 886/2/710
f 890/6/710 886/2/710 885/1/710
f 890/6/711 885/1/711 894/10/711
f 894/10/290 891/7/290 890/6/290
f 888/4/712 893/9/712 894/10/712
f 885/1/228 888/4/228 894/10/228
f 895/11/229 896/12/229 897/13/229
f 895/11/229 897/13/229 898/14/229
f 898/14/713 897/13/713 899/15/713
f 898/14/713 899/15/713 900/16/713
f 901/17/714 902/18/714 903/19/715
f 904/20/716 905/21/716 906/22/716
f 899/15/233 905/21/233 907/23/233
f 899/15/233 907/23/233 900/16/233
f 903/19/234 902/18/234 908/24/234
f 906/22/235 905/21/235 899/15/235
f 904/20/236 909/25/236 907/23/236
f 904/20/236 907/23/236 905/21/236
f 910/26/717 895/11/237 898/14/237
f 910/26/717 898/14/237 911/27/237
f 909/25/718 912/28/718 913/29/718
f 909/25/718 913/29/718 907/23/718
f 914/30/719 900/16/719 907/23/719
f 914/30/719 907/23/719 913/29/719
f 911/27/720 898/14/721 900/16/720
f 911/27/720 900/16/720 914/30/720
f 915/31/722 910/26/722 911/27/723
f 915/31/722 911/27/723 916/32/722
f 912/28/724 917/33/724 918/34/724
f 912/28/724 918/34/724 913/29/724
f 919/35/245 914/30/245 913/29/245
f 919/35/245 913/29/245 918/34/245
f 916/32/725 911/27/725 914/30/725
f 916/32/725 914/30/725 919/35/725
f 920/36/726 915/31/726 916/32/726
f 920/36/726 916/32/726 921/37/727
f 917/33/728 922/38/728 923/39/728
f 917/33/728 923/39/728 918/34/728
f 924/40/729 919/35/729 918/34/729
f 924/40/729 918/34/729 923/39/729
f 921/37/730 916/32/730 919/35/730
f 921/37/730 919/35/730 924/40/730
f 925/41/731 920/36/731 921/37/732
f 925/41/731 921/37/732 926/42/731
f 922/38/733 927/43/733 928/44/733
f 922/38/733 928/44/733 923/39/733
f 929/45/255 924/40/255 923/39/255
f 929/45/255 923/39/255 928/44/255
f 926/42/734 921/37/734 924/40/734
f 926/42/734 924/40/734 929/45/734
f 930/46/735 925/41/735 926/42/735
f 930/46/735 926/42/735 931/47/735
f 927/43/736 932/48/736 933/49/736
f 927/43/736 933/49/736 928/44/736
f 934/50/737 929/45/737 928/44/737
f 934/50/737 928/44/737 933/49/737
f 931/47/738 926/42/738 929/45/738
f 931/47/738 929/45/738 934/50/738
f 935/51/739 930/46/739 931/47/739
f 935/51/739 931/47/739 936/52/739
f 932/48/262 937/53/262 938/54/262
f 932/48/262 938/54/262 933/49/262
f 939/55/263 934/50/263 933/49/263
f 939/55/263 933/49/263 938/54/263
f 936/52/740 931/47/740 934/50/740
f 936/52/740 934/50/740 939/55/740
f 940/56/265 935/51/265 936/52/265
f 940/56/265 936/52/265 941/57/265
f 937/53/741 942/58/741 943/59/741
f 937/53/741 943/59/741 938/54/741
f 944/60/742 939/55/742 938/54/742
f 944/60/742 938/54/742 943/59/742
f 941/57/743 936/52/743 939/55/743
f 941/57/743 939/55/743 944/60/743
f 945/61/270 940/56/270 941/57/270
f 945/61/270 941/57/270 946/62/270
f 942/58/744 947/63/744 948/64/744
f 942/58/744 948/64/744 943/59/744
f 949/65/745 944/60/745 943/59/745
f 949/65/745 943/59/745 948/64/745
f 946/62/274 941/57/274 944/60/274
f 946/62/274 944/60/274 949/65/274
f 950/66/746 945/61/746 946/62/746
f 950/66/746 946/62/746 951/67/746
f 947/63/747 952/68/748 953/69/747
f 947/63/747 953/69/747 948/64/747
f 954/70/278 949/65/278 948/64/278
f 954/70/278 948/64/278 953/69/278
f 951/67/749 946/62/749 949/65/749
f 951/67/749 949/65/749 954/70/749
f 955/71/750 950/66/280 951/67/280
f 955/71/750 951/67/280 956/72/750
f 952/68/751 901/17/751 903/19/751
f 952/68/751 903/19/751 953/69/751
f 908/24/752 954/70/752 953/69/752
f 908/24/752 953/69/752 903/19/752
f 956/72/753 951/67/753 954/70/753
f 956/72/753 954/70/753 908/24/753
f 957/73/754 958/74/754 959/75/754
f 957/73/754 959/75/754 960/76/754
f 961/77/755 962/78/755 963/79/755
f 961/77/755 963/79/755 964/80/755
f 958/74/756 961/77/757 964/80/758
f 958/74/756 964/80/758 959/75/758
f 960/76/759 959/75/759 964/80/759
f 960/76/759 964/80/759 965/81/759
f 962/78/760 961/77/760 958/74/760
f 962/78/760 958/74/760 957/73/760
f 962/78/288 957/73/288 966/82/288
f 966/82/290 963/79/290 962/78/290
f 960/76/291 965/81/291 966/82/291
f 957/73/761 960/76/761 966/82/761
f 967/83/762 968/84/762 969/85/762
f 967/83/762 969/85/762 970/86/762
f 970/86/293 969/85/293 971/87/293
f 970/86/293 971/87/293 972/88/293
f 972/88/763 971/87/763 973/89/763
f 972/88/763 973/89/763 974/90/763
f 975/91/764 974/90/764 973/89/295
f 975/91/764 973/89/295 976/92/764
f 975/91/765 976/92/765 977/93/765
f 975/91/765 977/93/765 978/94/765
f 979/95/79 980/96/79 981/97/79
f 971/87/79 979/95/79 981/97/79
f 973/89/79 971/87/79 981/97/79
f 982/98/79 973/89/79 981/97/79
f 980/96/79 982/98/79 981/97/79
f 983/99/297 984/100/297 985/101/297
f 983/99/297 985/101/297 986/102/297
f 987/103/298 988/104/298 989/105/298
f 987/103/298 989/105/298 990/106/298
f 984/100/766 987/103/766 990/106/766
f 984/100/766 990/106/766 985/101/766
f 991/107/300 985/101/300 990/106/300
f 991/107/300 990/106/300 989/105/300
f 988/104/301 987/103/301 984/100/301
f 988/104/301 984/100/301 983/99/301
f 988/104/767 983/99/767 992/108/767
f 992/108/305 989/105/305 988/104/305
f 991/107/768 989/105/769 992/108/769
f 983/99/770 986/102/770 992/108/770
f 993/109/308 994/110/771 995/111/771
f 993/109/308 995/111/771 996/112/771
f 997/113/309 998/114/309 999/115/309
f 997/113/309 999/115/309 1000/116/309
f 994/110/772 997/113/773 1000/116/772
f 994/110/772 1000/116/772 995/111/773
f 1001/117/774 995/111/774 1000/116/774
f 1001/117/774 1000/116/774 999/115/774
f 998/114/775 997/113/775 994/110/775
f 998/114/775 994/110/775 993/109/775
f 998/114/776 993/109/776 1002/118/776
f 1002/118/777 999/115/777 998/114/777
f 1001/117/317 999/115/317 1002/118/317
f 993/109/778 996/112/318 1002/118/318
f 1003/119/779 1004/120/779 1005/121/779
f 1003/119/779 1005/121/779 1006/122/779
f 1007/123/320 1008/124/320 1009/125/320
f 1007/123/320 1009/125/320 1010/126/320
f 1004/120/780 1007/123/780 1010/126/780
f 1004/120/780 1010/126/780 1005/121/780
f 1006/122/781 1005/121/781 1010/126/781
f 1006/122/781 1010/126/781 1011/127/781
f 1008/124/782 1007/123/782 1004/120/782
f 1008/124/782 1004/120/782 1003/119/782
f 1008/124/783 1003/119/783 1012/128/783
f 1012/128/784 1009/125/784 1008/124/784
f 1006/122/785 1011/127/785 1012/128/785
f 1003/119/328 1006/122/329 1012/128/328
f 1013/129/330 1014/130/330 1015/131/330
f 1013/129/330 1015/131/330 1016/132/330
f 1017/133/331 1018/134/331 1019/135/331
f 1017/133/331 1019/135/331 1020/136/331
f 1014/130/786 1017/133/786 1020/136/786
f 1014/130/786 1020/136/786 1015/131/786
f 1016/132/787 1015/131/787 1020/136/787
f 1016/132/787 1020/136/787 1019/135/787
f 1018/134/788 1017/133/788 1014/130/788
f 1018/134/788 1014/130/788 1021/137/788
f 1018/134/789 1021/137/789 1022/138/789
f 1022/138/790 1019/135/790 1018/134/790
f 1016/132/791 1019/135/791 1022/138/791
f 1013/129/339 1016/132/339 1022/138/339
f 1023/139/792 1024/140/792 1025/141/792
f 1023/139/792 1025/141/792 1026/142/792
f 1026/142/793 1025/141/793 1027/143/793
f 1026/142/793 1027/143/793 1028/144/793
f 1029/145/794 1030/146/794 1031/147/794
f 1032/148/795 1033/149/795 1034/150/795
f 1027/143/344 1033/149/344 1035/151/344
f 1027/143/344 1035/151/344 1028/144/344
f 1031/147/345 1030/146/345 1036/152/345
f 1034/150/346 1033/149/346 1027/143/346
f 1032/148/796 1037/153/796 1035/151/796
f 1032/148/796 1035/151/796 1033/149/796
f 1038/154/797 1023/139/797 1026/142/797
f 1038/154/797 1026/142/797 1039/155/797
f 1037/153/798 1040/156/798 1041/157/799
f 1037/153/798 1041/157/799 1035/151/798
f 1042/158/800 1028/144/800 1035/151/800
f 1042/158/800 1035/151/800 1041/157/800
f 1039/155/801 1026/142/801 1028/144/801
f 1039/155/801 1028/144/801 1042/158/801
f 1043/159/352 1038/154/352 1039/155/352
f 1043/159/352 1039/155/352 1044/160/352
f 1040/156/353 1045/161/353 1046/162/353
f 1040/156/353 1046/162/353 1041/157/353
f 1047/163/802 1042/158/802 1041/157/802
f 1047/163/802 1041/157/802 1046/162/802
f 1044/160/355 1039/155/355 1042/158/355
f 1044/160/355 1042/158/355 1047/163/355
f 1048/164/803 1043/159/804 1044/160/804
f 1048/164/803 1044/160/804 1049/165/804
f 1045/161/805 1050/166/805 1051/167/805
f 1045/161/805 1051/167/805 1046/162/805
f 1052/168/806 1047/163/806 1046/162/806
f 1052/168/806 1046/162/806 1051/167/806
f 1049/165/807 1044/160/807 1047/163/807
f 1049/165/807 1047/163/807 1052/168/807
f 1053/169/808 1048/164/808 1049/165/808
f 1053/169/808 1049/165/808 1054/170/808
f 1050/166/809 1055/171/809 1056/172/809
f 1050/166/809 1056/172/809 1051/167/809
f 1057/173/810 1052/168/810 1051/167/810
f 1057/173/810 1051/167/810 1056/172/810
f 1054/170/811 1049/165/811 1052/168/811
f 1054/170/811 1052/168/811 1057/173/811
f 1058/174/812 1053/169/812 1054/170/812
f 1058/174/812 1054/170/812 1059/175/812
f 1055/171/813 1060/176/813 1061/177/813
f 1055/171/813 1061/177/813 1056/172/813
f 1062/178/814 1057/173/814 1056/172/814
f 1062/178/814 1056/172/814 1061/177/814
f 1059/175/815 1054/170/815 1057/173/815
f 1059/175/815 1057/173/815 1062/178/815
f 1063/179/370 1058/174/370 1059/175/370
f 1063/179/370 1059/175/370 1064/180/370
f 1060/176/371 1065/181/371 1066/182/371
f 1060/176/371 1066/182/371 1061/177/371
f 1067/183/372 1062/178/372 1061/177/372
f 1067/183/372 1061/177/372 1066/182/372
f 1064/180/373 1059/175/373 1062/178/373
f 1064/180/373 1062/178/373 1067/183/373
f 1068/184/816 1063/179/816 1064/180/816
f 1068/184/816 1064/180/816 1069/185/816
f 1065/181/817 1070/186/817 1071/187/817
f 1065/181/817 1071/187/817 1066/182/817
f 1072/188/818 1067/183/818 1066/182/818
f 1072/188/818 1066/182/818 1071/187/818
f 1069/185/819 1064/180/819 1067/183/819
f 1069/185/819 1067/183/819 1072/188/819
f 1073/189/820 1068/184/820 1069/185/820
f 1073/189/820 1069/185/820 1074/190/820
f 1070/186/380 1075/191/380 1076/192/380
f 1070/186/380 1076/192/380 1071/187/380
f 1077/193/821 1072/188/822 1071/187/822
f 1077/193/821 1071/187/822 1076/192/381
f 1074/190/823 1069/185/823 1072/188/823
f 1074/190/823 1072/188/823 1077/193/823
f 1078/194/824 1073/189/824 1074/190/824
f 1078/194/824 1074/190/824 1079/195/824
f 1075/191/825 1080/196/825 1081/197/825
f 1075/191/825 1081/197/825 1076/192/825
f 1082/198/826 1077/193/826 1076/192/826
f 1082/198/826 1076/192/826 1081/197/826
f 1079/195/827 1074/190/827 1077/193/827
f 1079/195/827 1077/193/827 1082/198/827
f 1083/199/828 1078/194/828 1079/195/828
f 1083/199/828 1079/195/828 1084/200/828
f 1080/196/389 1029/145/389 1031/147/389
f 1080/196/389 1031/147/389 1081/197/389
f 1036/152/390 1082/198/390 1081/197/390
f 1036/152/390 1081/197/390 1031/147/390
f 1084/200/391 1079/195/391 1082/198/391
f 1084/200/391 1082/198/391 1036/152/391
f 1085/201/829 1086/202/829 1087/203/829
f 1085/201/829 1087/203/829 1088/204/829
f 1089/205/394 1090/206/394 1091/207/394
f 1089/205/394 1091/207/394 1092/208/394
f 1086/202/830 1089/205/830 1092/208/830
f 1086/202/830 1092/208/830 1087/203/830
f 1088/204/831 1087/203/831 1092/208/831
f 1088/204/831 1092/208/831 1093/209/831
f 1090/206/832 1089/205/832 1086/202/832
f 1090/206/832 1086/202/832 1085/201/832
f 1090/206/833 1085/201/833 1094/210/833
f 1094/210/399 1091/207/399 1090/206/399
f 1088/204/834 1093/209/834 1094/210/834
f 1085/201/401 1088/204/401 1094/210/401
f 1095/211/402 1096/212/402 1097/213/402
f 1095/211/402 1097/213/402 1098/214/402
f 1098/214/835 1097/213/835 1099/215/835
f 1098/214/835 1099/215/835 1100/216/835
f 1100/216/836 1099/215/836 1101/217/836
f 1100/216/836 1101/217/836 1102/218/836
f 1102/218/837 1101/217/837 1103/219/837
f 1102/218/837 1103/219/837 1104/220/837
f 1105/221/406 1106/222/406 1096/212/406
f 1105/221/406 1096/212/406 1095/211/406
f 1097/213/79 1107/223/79 1108/224/79
f 1099/215/79 1097/213/79 1108/224/79
f 1109/225/79 1099/215/79 1108/224/79
f 1110/226/79 1109/225/79 1108/224/79
f 1107/223/79 1110/226/79 1108/224/79
f 1111/227/838 1100/216/838 1102/218/838
f 1111/227/838 1102/218/838 1112/228/838
f 1113/229/410 1098/214/839 1100/216/410
f 1113/229/410 1100/216/410 1111/227/839
f 1114/230/411 1095/211/411 1098/214/411
f 1114/230/411 1098/214/411 1113/229/411
f 1115/231/840 1105/221/840 1095/211/840
f 1115/231/840 1095/211/840 1114/230/840
f 1112/228/841 1102/218/841 1104/220/841
f 1112/228/841 1104/220/841 1116/232/841
f 1117/233/842 1118/234/842 1119/235/842
f 1117/233/842 1119/235/842 1120/236/842
f 1121/237/843 1122/238/843 1123/239/843
f 1121/237/843 1123/239/843 1124/240/843
f 1118/234/844 1121/237/844 1124/240/844
f 1118/234/844 1124/240/844 1119/235/844
f 1120/236/418 1119/235/418 1124/240/418
f 1120/236/418 1124/240/418 1125/241/418
f 1122/238/845 1121/237/845 1118/234/845
f 1122/238/845 1118/234/845 1117/233/845
f 1122/238/846 1117/233/846 1126/242/846
f 1126/242/847 1123/239/847 1122/238/847
f 1120/236/848 1125/241/848 1126/242/848
f 1117/233/424 1120/236/424 1126/242/424
f 1127/243/849 1128/244/849 1129/245/849
f 1127/243/849 1129/245/849 1130/246/849
f 1131/247/426 1132/248/850 1133/249/426
f 1131/247/426 1133/249/426 1134/250/850
f 1128/244/851 1131/247/851 1134/250/851
f 1128/244/851 1134/250/851 1129/245/851
f 1135/251/852 1129/245/852 1134/250/852
f 1135/251/852 1134/250/852 1133/249/852
f 1132/248/853 1131/247/854 1128/244/854
f 1132/248/853 1128/244/854 1127/243/854
f 1132/248/855 1127/243/855 1136/252/855
f 1136/252/431 1133/249/431 1132/248/431
f 1135/251/856 1133/249/856 1136/252/856
f 1127/243/433 1130/246/433 1136/252/433
f 1137/1/857 1138/2/857 1139/3/857
f 1137/1/857 1139/3/857 1140/4/857
f 1141/5/499 1142/6/499 1143/7/499
f 1141/5/499 1143/7/499 1144/8/499
f 1138/2/438 1141/5/438 1144/8/438
f 1138/2/438 1144/8/438 1139/3/438
f 1140/4/858 1139/3/858 1144/8/858
f 1140/4/858 1144/8/858 1145/9/858
f 1142/6/859 1141/5/859 1138/2/860
f 1142/6/859 1138/2/860 1137/1/859
f 1142/6/861 1137/1/861 1146/10/862
f 1146/10/863 1143/7/863 1142/6/863
f 1140/4/864 1145/9/865 1146/10/865
f 1137/1/444 1140/4/444 1146/10/444
f 1147/11/866 1148/12/445 1149/13/866
f 1147/11/866 1149/13/866 1150/14/445
f 1150/14/447 1149/13/447 1151/15/447
f 1150/14/447 1151/15/447 1152/16/447
f 1153/17/867 1154/18/867 1155/19/867
f 1156/20/868 1157/21/868 1158/22/868
f 1151/15/450 1157/21/450 1159/23/450
f 1151/15/450 1159/23/450 1152/16/450
f 1155/19/869 1154/18/869 1160/24/869
f 1158/22/452 1157/21/452 1151/15/452
f 1156/20/870 1161/25/870 1159/23/870
f 1156/20/870 1159/23/870 1157/21/870
f 1162/26/871 1147/11/871 1150/14/871
f 1162/26/871 1150/14/871 1163/27/871
f 1161/25/872 1164/28/873 1165/29/872
f 1161/25/872 1165/29/872 1159/23/872
f 1166/30/874 1152/16/874 1159/23/874
f 1166/30/874 1159/23/874 1165/29/874
f 1163/27/875 1150/14/875 1152/16/875
f 1163/27/875 1152/16/875 1166/30/875
f 1167/31/876 1162/26/877 1163/27/876
f 1167/31/876 1163/27/876 1168/32/877
f 1164/28/461 1169/33/461 1170/34/461
f 1164/28/461 1170/34/461 1165/29/461
f 1171/35/878 1166/30/878 1165/29/878
f 1171/35/878 1165/29/878 1170/34/878
f 1168/32/463 1163/27/463 1166/30/463
f 1168/32/463 1166/30/463 1171/35/463
f 1172/36/879 1167/31/879 1168/32/879
f 1172/36/879 1168/32/879 1173/37/879
f 1169/33/880 1174/38/880 1175/39/880
f 1169/33/880 1175/39/880 1170/34/880
f 1176/40/881 1171/35/882 1170/34/882
f 1176/40/881 1170/34/882 1175/39/882
f 1173/37/883 1168/32/883 1171/35/883
f 1173/37/883 1171/35/883 1176/40/883
f 1177/41/884 1172/36/884 1173/37/884
f 1177/41/884 1173/37/884 1178/42/884
f 1174/38/470 1179/43/470 1180/44/470
f 1174/38/470 1180/44/470 1175/39/470
f 1181/45/885 1176/40/885 1175/39/885
f 1181/45/885 1175/39/885 1180/44/885
f 1178/42/473 1173/37/473 1176/40/473
f 1178/42/473 1176/40/473 1181/45/473
f 1182/46/886 1177/41/886 1178/42/887
f 1182/46/886 1178/42/887 1183/47/887
f 1179/43/888 1184/48/889 1185/49/888
f 1179/43/888 1185/49/888 1180/44/888
f 1186/50/890 1181/45/890 1180/44/890
f 1186/50/890 1180/44/890 1185/49/890
f 1183/47/891 1178/42/892 1181/45/892
f 1183/47/891 1181/45/892 1186/50/892
f 1187/51/478 1182/46/478 1183/47/478
f 1187/51/478 1183/47/478 1188/52/478
f 1184/48/479 1189/53/479 1190/54/479
f 1184/48/479 1190/54/479 1185/49/479
f 1191/55/893 1186/50/893 1185/49/893
f 1191/55/893 1185/49/893 1190/54/893
f 1188/52/894 1183/47/894 1186/50/895
f 1188/52/894 1186/50/895 1191/55/895
f 1192/56/482 1187/51/482 1188/52/482
f 1192/56/482 1188/52/482 1193/57/482
f 1189/53/483 1194/58/483 1195/59/483
f 1189/53/483 1195/59/483 1190/54/896
f 1196/60/897 1191/55/897 1190/54/897
f 1196/60/897 1190/54/897 1195/59/897
f 1193/57/898 1188/52/898 1191/55/898
f 1193/57/898 1191/55/898 1196/60/898
f 1197/61/486 1192/56/486 1193/57/486
f 1197/61/486 1193/57/486 1198/62/486
f 1194/58/899 1199/63/899 1200/64/899
f 1194/58/899 1200/64/899 1195/59/899
f 1201/65/900 1196/60/900 1195/59/900
f 1201/65/900 1195/59/900 1200/64/900
f 1198/62/901 1193/57/901 1196/60/901
f 1198/62/901 1196/60/901 1201/65/901
f 1202/66/902 1197/61/902 1198/62/902
f 1202/66/902 1198/62/902 1203/67/902
f 1199/63/903 1204/68/903 1205/69/903
f 1199/63/903 1205/69/903 1200/64/903
f 1206/70/904 1201/65/904 1200/64/904
f 1206/70/904 1200/64/904 1205/69/904
f 1203/67/905 1198/62/905 1201/65/905
f 1203/67/905 1201/65/905 1206/70/905
f 1207/71/906 1202/66/906 1203/67/906
f 1207/71/906 1203/67/906 1208/72/906
f 1204/68/907 1153/17/908 1155/19/908
f 1204/68/907 1155/19/908 1205/69/908
f 1160/24/496 1206/70/496 1205/69/496
f 1160/24/496 1205/69/496 1155/19/496
f 1208/72/909 1203/67/909 1206/70/909
f 1208/72/909 1206/70/909 1160/24/909
f 1209/73/857 1210/74/857 1211/75/857
f 1209/73/857 1211/75/857 1212/76/857
f 1213/77/910 1214/78/910 1215/79/910
f 1213/77/910 1215/79/910 1216/80/910
f 1210/74/911 1213/77/911 1216/80/911
f 1210/74/911 1216/80/911 1211/75/911
f 1212/76/912 1211/75/912 1216/80/912
f 1212/76/912 1216/80/912 1217/81/912
f 1214/78/913 1213/77/913 1210/74/913
f 1214/78/913 1210/74/913 1209/73/913
f 1214/78/914 1209/73/914 1218/82/914
f 1218/82/915 1215/79/915 1214/78/915
f 1212/76/916 1217/81/916 1218/82/916
f 1209/73/917 1212/76/917 1218/82/917
f 1219/83/918 1220/84/918 1221/85/918
f 1219/83/918 1221/85/918 1222/86/918
f 1222/86/919 1221/85/919 1223/87/919
f 1222/86/919 1223/87/919 1224/88/919
f 1224/88/920 1223/87/920 1225/89/920
f 1224/88/920 1225/89/920 1226/90/920
f 1227/91/921 1226/90/921 1225/89/921
f 1227/91/921 1225/89/921 1228/92/921
f 1227/91/510 1228/92/510 1229/93/510
f 1227/91/510 1229/93/510 1230/94/510
f 1231/95/79 1232/96/79 1233/97/79
f 1223/87/79 1231/95/79 1233/97/79
f 1225/89/79 1223/87/79 1233/97/79
f 1234/98/79 1225/89/79 1233/97/79
f 1232/96/79 1234/98/79 1233/97/79
f 1235/99/922 1236/100/922 1237/101/922
f 1235/99/922 1237/101/922 1238/102/922
f 1239/103/512 1240/104/512 1241/105/512
f 1239/103/512 1241/105/512 1242/106/512
f 1236/100/923 1239/103/923 1242/106/923
f 1236/100/923 1242/106/923 1237/101/923
f 1243/107/924 1237/101/924 1242/106/924
f 1243/107/924 1242/106/924 1241/105/924
f 1240/104/515 1239/103/515 1236/100/515
f 1240/104/515 1236/100/515 1235/99/515
f 1240/104/925 1235/99/925 1244/108/925
f 1244/108/926 1241/105/926 1240/104/926
f 1243/107/927 1241/105/927 1244/108/927
f 1235/99/928 1238/102/928 1244/108/928
f 1245/109/521 1246/110/521 1247/111/521
f 1245/109/521 1247/111/521 1248/112/521
f 1249/113/522 1250/114/522 1251/115/522
f 1249/113/522 1251/115/522 1252/116/522
f 1246/110/929 1249/113/929 1252/116/929
f 1246/110/929 1252/116/929 1247/111/929
f 1253/117/930 1247/111/931 1252/116/930
f 1253/117/930 1252/116/930 1251/115/930
f 1250/114/932 1249/113/933 1246/110/932
f 1250/114/932 1246/110/932 1245/109/933
f 1250/114/934 1245/109/934 1254/118/934
f 1254/118/529 1251/115/529 1250/114/529
f 1253/117/935 1251/115/935 1254/118/935
f 1245/109/531 1248/112/531 1254/118/531
f 1255/119/532 1256/120/532 1257/121/532
f 1255/119/532 1257/121/532 1258/122/532
f 1259/123/533 1260/124/533 1261/125/533
f 1259/123/533 1261/125/533 1262/126/533
f 1256/120/936 1259/123/936 1262/126/936
f 1256/120/936 1262/126/936 1257/121/936
f 1258/122/937 1257/121/937 1262/126/937
f 1258/122/937 1262/126/937 1263/127/937
f 1260/124/938 1259/123/939 1256/120/939
f 1260/124/938 1256/120/939 1255/119/939
f 1260/124/940 1255/119/940 1264/128/940
f 1264/128/941 1261/125/941 1260/124/941
f 1258/122/942 1263/127/942 1264/128/942
f 1255/119/541 1258/122/541 1264/128/541
f 1265/1/943 1266/2/943 1267/3/943
f 1265/1/943 1267/3/943 1268/4/943
f 1269/5/944 1270/6/944 1271/7/944
f 1269/5/944 1271/7/944 1272/8/944
f 1266/2/945 1269/5/945 1272/8/945
f 1266/2/945 1272/8/945 1267/3/945
f 1268/4/946 1267/3/946 1272/8/946
f 1268/4/946 1272/8/946 1273/9/946
f 1270/6/947 1269/5/947 1266/2/947
f 1270/6/947 1266/2/947 1265/1/947
f 1270/6/948 1265/1/948 1274/10/949
f 1274/10/950 1271/7/950 1270/6/950
f 1268/4/951 1273/9/951 1274/10/952
f 1265/1/953 1268/4/953 1274/10/953
f 1275/11/954 1276/12/954 1277/13/954
f 1275/11/954 1277/13/954 1278/14/954
f 1278/14/955 1277/13/955 1279/15/955
f 1278/14/955 1279/15/955 1280/16/955
f 1281/17/956 1282/18/956 1283/19/956
f 1284/20/957 1285/21/957 1286/22/957
f 1279/15/958 1285/21/958 1287/23/958
f 1279/15/958 1287/23/958 1280/16/958
f 1283/19/959 1282/18/959 1288/24/959
f 1286/22/960 1285/21/960 1279/15/960
f 1284/20/961 1289/25/961 1287/23/961
f 1284/20/961 1287/23/961 1285/21/961
f 1290/26/962 1275/11/962 1278/14/962
f 1290/26/962 1278/14/962 1291/27/962
f 1289/25/963 1292/28/963 1293/29/963
f 1289/25/963 1293/29/963 1287/23/963
f 1294/30/964 1280/16/964 1287/23/964
f 1294/30/964 1287/23/964 1293/29/964
f 1291/27/965 1278/14/965 1280/16/965
f 1291/27/965 1280/16/965 1294/30/965
f 1295/31/966 1290/26/966 1291/27/966
f 1295/31/966 1291/27/966 1296/32/966
f 1292/28/967 1297/33/967 1298/34/967
f 1292/28/967 1298/34/967 1293/29/967
f 1299/35/968 1294/30/968 1293/29/968
f 1299/35/968 1293/29/968 1298/34/968
f 1296/32/969 1291/27/969 1294/30/969
f 1296/32/969 1294/30/969 1299/35/969
f 1300/36/970 1295/31/970 1296/32/970
f 1300/36/970 1296/32/970 1301/37/970
f 1297/33/971 1302/38/971 1303/39/971
f 1297/33/971 1303/39/971 1298/34/971
f 1304/40/972 1299/35/972 1298/34/972
f 1304/40/972 1298/34/972 1303/39/972
f 1301/37/973 1296/32/973 1299/35/973
f 1301/37/973 1299/35/973 1304/40/973
f 1305/41/974 1300/36/974 1301/37/974
f 1305/41/974 1301/37/974 1306/42/974
f 1302/38/975 1307/43/975 1308/44/975
f 1302/38/975 1308/44/975 1303/39/975
f 1309/45/976 1304/40/976 1303/39/976
f 1309/45/976 1303/39/976 1308/44/976
f 1306/42/977 1301/37/977 1304/40/977
f 1306/42/977 1304/40/977 1309/45/977
f 1310/46/978 1305/41/978 1306/42/978
f 1310/46/978 1306/42/978 1311/47/978
f 1307/43/979 1312/48/979 1313/49/979
f 1307/43/979 1313/49/979 1308/44/979
f 1314/50/980 1309/45/980 1308/44/980
f 1314/50/980 1308/44/980 1313/49/980
f 1311/47/981 1306/42/981 1309/45/981
f 1311/47/981 1309/45/981 1314/50/981
f 1315/51/982 1310/46/982 1311/47/982
f 1315/51/982 1311/47/982 1316/52/982
f 1312/48/983 1317/53/983 1318/54/983
f 1312/48/983 1318/54/983 1313/49/983
f 1319/55/984 1314/50/985 1313/49/985
f 1319/55/984 1313/49/985 1318/54/984
f 1316/52/986 1311/47/986 1314/50/986
f 1316/52/986 1314/50/986 1319/55/986
f 1320/56/987 1315/51/987 1316/52/987
f 1320/56/987 1316/52/987 1321/57/987
f 1317/53/988 1322/58/988 1323/59/988
f 1317/53/988 1323/59/988 1318/54/988
f 1324/60/989 1319/55/990 1318/54/990
f 1324/60/989 1318/54/990 1323/59/990
f 1321/57/991 1316/52/991 1319/55/991
f 1321/57/991 1319/55/991 1324/60/991
f 1325/61/992 1320/56/992 1321/57/992
f 1325/61/992 1321/57/992 1326/62/992
f 1322/58/993 1327/63/994 1328/64/993
f 1322/58/993 1328/64/993 1323/59/994
f 1329/65/995 1324/60/995 1323/59/995
f 1329/65/995 1323/59/995 1328/64/995
f 1326/62/996 1321/57/996 1324/60/996
f 1326/62/996 1324/60/996 1329/65/996
f 1330/66/997 1325/61/997 1326/62/997
f 1330/66/997 1326/62/997 1331/67/997
f 1327/63/998 1332/68/998 1333/69/998
f 1327/63/998 1333/69/998 1328/64/998
f 1334/70/999 1329/65/999 1328/64/999
f 1334/70/999 1328/64/999 1333/69/999
f 1331/67/1000 1326/62/1000 1329/65/1000
f 1331/67/1000 1329/65/1000 1334/70/1000
f 1335/71/1001 1330/66/1001 1331/67/1001
f 1335/71/1001 1331/67/1001 1336/72/1001
f 1332/68/1002 1281/17/1002 1283/19/1002
f 1332/68/1002 1283/19/1002 1333/69/1002
f 1288/24/1003 1334/70/1003 1333/69/1003
f 1288/24/1003 1333/69/1003 1283/19/1003
f 1336/72/1004 1331/67/1004 1334/70/1004
f 1336/72/1004 1334/70/1004 1288/24/1004
f 1337/73/1005 1338/74/1005 1339/75/1005
f 1337/73/1005 1339/75/1005 1340/76/1005
f 1341/77/944 1342/78/944 1343/79/944
f 1341/77/944 1343/79/944 1344/80/944
f 1338/74/1006 1341/77/1006 1344/80/1006
f 1338/74/1006 1344/80/1006 1339/75/1006
f 1340/76/1007 1339/75/1007 1344/80/1007
f 1340/76/1007 1344/80/1007 1345/81/1007
f 1342/78/1008 1341/77/1008 1338/74/1008
f 1342/78/1008 1338/74/1008 1337/73/1008
f 1342/78/1009 1337/73/1009 1346/82/1009
f 1346/82/950 1343/79/950 1342/78/950
f 1340/76/1010 1345/81/1010 1346/82/1010
f 1337/73/1011 1340/76/1011 1346/82/1011
f 1347/83/1012 1348/84/1012 1349/85/1013
f 1347/83/1012 1349/85/1013 1350/86/1013
f 1350/86/1014 1349/85/1014 1351/87/1014
f 1350/86/1014 1351/87/1014 1352/88/1014
f 1352/88/1015 1351/87/1015 1353/89/1015
f 1352/88/1015 1353/89/1015 1354/90/1015
f 1355/91/1016 1354/90/1016 1353/89/1016
f 1355/91/1016 1353/89/1016 1356/92/1016
f 1355/91/1017 1356/92/1017 1357/93/1018
f 1355/91/1017 1357/93/1018 1358/94/1017
f 1359/95/79 1360/96/79 1361/97/79
f 1351/87/79 1359/95/79 1361/97/79
f 1353/89/79 1351/87/79 1361/97/79
f 1362/98/79 1353/89/79 1361/97/79
f 1360/96/79 1362/98/79 1361/97/79
f 1363/99/1019 1364/100/1019 1365/101/1019
f 1363/99/1019 1365/101/1019 1366/102/1019
f 1367/103/1020 1368/104/1020 1369/105/1020
f 1367/103/1020 1369/105/1020 1370/106/1020
f 1364/100/1021 1367/103/1021 1370/106/1021
f 1364/100/1021 1370/106/1021 1365/101/1021
f 1371/107/1022 1365/101/1023 1370/106/1023
f 1371/107/1022 1370/106/1023 1369/105/1022
f 1368/104/1024 1367/103/1024 1364/100/1025
f 1368/104/1024 1364/100/1025 1363/99/1025
f 1368/104/1026 1363/99/1026 1372/108/1026
f 1372/108/1027 1369/105/1027 1368/104/1027
f 1371/107/1028 1369/105/1028 1372/108/1028
f 1363/99/1029 1366/102/1029 1372/108/1029
f 1373/109/1030 1374/110/1030 1375/111/1030
f 1373/109/1030 1375/111/1030 1376/112/1030
f 1377/113/1031 1378/114/1031 1379/115/1031
f 1377/113/1031 1379/115/1031 1380/116/1031
f 1374/110/1032 1377/113/1032 1380/116/1032
f 1374/110/1032 1380/116/1032 1375/111/1032
f 1381/117/1033 1375/111/1033 1380/116/1033
f 1381/117/1033 1380/116/1033 1379/115/1033
f 1378/114/1034 1377/113/1034 1374/110/1034
f 1378/114/1034 1374/110/1034 1373/109/1034
f 1378/114/1035 1373/109/1035 1382/118/1035
f 1382/118/1036 1379/115/1036 1378/114/1036
f 1381/117/1037 1379/115/1038 1382/118/1038
f 1373/109/1039 1376/112/1039 1382/118/1039
f 1383/119/1040 1384/120/1040 1385/121/1040
f 1383/119/1040 1385/121/1040 1386/122/1040
f 1387/123/1041 1388/124/1042 1389/125/1042
f 1387/123/1041 1389/125/1042 1390/126/1042
f 1384/120/1043 1387/123/1043 1390/126/1043
f 1384/120/1043 1390/126/1043 1385/121/1043
f 1386/122/1044 1385/121/1045 1390/126/1044
f 1386/122/1044 1390/126/1044 1391/127/1045
f 1388/124/1046 1387/123/1046 1384/120/1046
f 1388/124/1046 1384/120/1046 1383/119/1046
f 1388/124/1047 1383/119/1047 1392/128/1047
f 1392/128/1048 1389/125/1048 1388/124/1048
f 1386/122/1049 1391/127/1049 1392/128/1049
f 1383/119/1050 1386/122/1050 1392/128/1050
f 1393/129/1051 1394/130/1051 1395/131/1051
f 1393/129/1051 1395/131/1051 1396/132/1051
f 1397/133/1052 1398/134/1052 1399/135/1052
f 1397/133/1052 1399/135/1052 1400/136/1052
f 1394/130/1053 1397/133/1053 1400/136/1053
f 1394/130/1053 1400/136/1053 1395/131/1053
f 1396/132/1054 1395/131/1054 1400/136/1054
f 1396/132/1054 1400/136/1054 1399/135/1054
f 1398/134/1055 1397/133/1055 1394/130/1055
f 1398/134/1055 1394/130/1055 1401/137/1055
f 1398/134/1056 1401/137/1056 1402/138/1056
f 1402/138/1057 1399/135/1057 1398/134/1057
f 1396/132/1058 1399/135/1058 1402/138/1058
f 1393/129/1059 1396/132/1059 1402/138/1059
f 1403/139/1060 1404/140/1061 1405/141/1060
f 1403/139/1060 1405/141/1060 1406/142/1060
f 1406/142/1062 1405/141/1062 1407/143/1062
f 1406/142/1062 1407/143/1062 1408/144/1062
f 1409/145/1063 1410/146/1063 1411/147/1063
f 1412/148/1064 1413/149/1064 1414/150/1064
f 1407/143/1065 1413/149/1065 1415/151/1065
f 1407/143/1065 1415/151/1065 1408/144/1065
f 1411/147/1066 1410/146/1066 1416/152/1066
f 1414/150/1067 1413/149/1067 1407/143/1067
f 1412/148/1068 1417/153/1068 1415/151/1068
f 1412/148/1068 1415/151/1068 1413/149/1068
f 1418/154/1069 1403/139/1069 1406/142/1069
f 1418/154/1069 1406/142/1069 1419/155/1069
f 1417/153/1070 1420/156/1070 1421/157/1070
f 1417/153/1070 1421/157/1070 1415/151/1071
f 1422/158/1072 1408/144/1072 1415/151/1072
f 1422/158/1072 1415/151/1072 1421/157/1072
f 1419/155/1073 1406/142/1074 1408/144/1073
f 1419/155/1073 1408/144/1073 1422/158/1073
f 1423/159/1075 1418/154/1075 1419/155/1075
f 1423/159/1075 1419/155/1075 1424/160/1075
f 1420/156/1076 1425/161/1076 1426/162/1076
f 1420/156/1076 1426/162/1076 1421/157/1076
f 1427/163/1077 1422/158/1077 1421/157/1077
f 1427/163/1077 1421/157/1077 1426/162/1077
f 1424/160/1078 1419/155/1078 1422/158/1078
f 1424/160/1078 1422/158/1078 1427/163/1078
f 1428/164/1079 1423/159/1079 1424/160/1079
f 1428/164/1079 1424/160/1079 1429/165/1079
f 1425/161/1080 1430/166/1080 1431/167/1080
f 1425/161/1080 1431/167/1080 1426/162/1080
f 1432/168/1081 1427/163/1081 1426/162/1081
f 1432/168/1081 1426/162/1081 1431/167/1081
f 1429/165/1082 1424/160/1082 1427/163/1082
f 1429/165/1082 1427/163/1082 1432/168/1082
f 1433/169/1083 1428/164/1083 1429/165/1083
f 1433/169/1083 1429/165/1083 1434/170/1083
f 1430/166/1084 1435/171/1084 1436/172/1084
f 1430/166/1084 1436/172/1084 1431/167/1084
f 1437/173/1085 1432/168/1085 1431/167/1085
f 1437/173/1085 1431/167/1085 1436/172/1085
f 1434/170/1086 1429/165/1086 1432/168/1086
f 1434/170/1086 1432/168/1086 1437/173/1086
f 1438/174/1087 1433/169/1087 1434/170/1087
f 1438/174/1087 1434/170/1087 1439/175/1087
f 1435/171/1088 1440/176/1088 1441/177/1088
f 1435/171/1088 1441/177/1088 1436/172/1088
f 1442/178/1089 1437/173/1089 1436/172/1089
f 1442/178/1089 1436/172/1089 1441/177/1089
f 1439/175/1090 1434/170/1090 1437/173/1090
f 1439/175/1090 1437/173/1090 1442/178/1090
f 1443/179/1091 1438/174/1091 1439/175/1091
f 1443/179/1091 1439/175/1091 1444/180/1091
f 1440/176/1092 1445/181/1092 1446/182/1092
f 1440/176/1092 1446/182/1092 1441/177/1093
f 1447/183/1094 1442/178/1094 1441/177/1094
f 1447/183/1094 1441/177/1094 1446/182/1094
f 1444/180/1095 1439/175/1095 1442/178/1095
f 1444/180/1095 1442/178/1095 1447/183/1095
f 1448/184/1096 1443/179/1096 1444/180/1096
f 1448/184/1096 1444/180/1096 1449/185/1096
f 1445/181/1097 1450/186/1097 1451/187/1097
f 1445/181/1097 1451/187/1097 1446/182/1097
f 1452/188/1098 1447/183/1098 1446/182/1098
f 1452/188/1098 1446/182/1098 1451/187/1098
f 1449/185/1099 1444/180/1099 1447/183/1099
f 1449/185/1099 1447/183/1099 1452/188/1099
f 1453/189/1100 1448/184/1100 1449/185/1100
f 1453/189/1100 1449/185/1100 1454/190/1100
f 1450/186/1101 1455/191/1101 1456/192/1101
f 1450/186/1101 1456/192/1101 1451/187/1101
f 1457/193/1102 1452/188/1102 1451/187/1102
f 1457/193/1102 1451/187/1102 1456/192/1102
f 1454/190/1103 1449/185/1103 1452/188/1103
f 1454/190/1103 1452/188/1103 1457/193/1103
f 1458/194/1104 1453/189/1104 1454/190/1104
f 1458/194/1104 1454/190/1104 1459/195/1104
f 1455/191/1105 1460/196/1105 1461/197/1105
f 1455/191/1105 1461/197/1105 1456/192/1105
f 1462/198/1106 1457/193/1106 1456/192/1106
f 1462/198/1106 1456/192/1106 1461/197/1106
f 1459/195/1107 1454/190/1107 1457/193/1107
f 1459/195/1107 1457/193/1107 1462/198/1107
f 1463/199/1108 1458/194/1109 1459/195/1108
f 1463/199/1108 1459/195/1108 1464/200/1109
f 1460/196/1110 1409/145/1111 1411/147/1111
f 1460/196/1110 1411/147/1111 1461/197/1110
f 1416/152/1112 1462/198/1112 1461/197/1112
f 1416/152/1112 1461/197/1112 1411/147/1112
f 1464/200/1113 1459/195/1113 1462/198/1113
f 1464/200/1113 1462/198/1113 1416/152/1113
f 1465/201/1114 1466/202/1114 1467/203/1114
f 1465/201/1114 1467/203/1114 1468/204/1114
f 1469/205/1115 1470/206/1115 1471/207/1115
f 1469/205/1115 1471/207/1115 1472/208/1115
f 1466/202/1116 1469/205/1116 1472/208/1116
f 1466/202/1116 1472/208/1116 1467/203/1116
f 1468/204/1117 1467/203/1117 1472/208/1117
f 1468/204/1117 1472/208/1117 1473/209/1117
f 1470/206/1118 1469/205/1118 1466/202/1118
f 1470/206/1118 1466/202/1118 1465/201/1118
f 1470/206/1119 1465/201/1119 1474/210/1119
f 1474/210/1120 1471/207/1120 1470/206/1120
f 1468/204/1121 1473/209/1121 1474/210/1121
f 1465/201/1122 1468/204/1123 1474/210/1122
f 1475/211/1124 1476/212/1124 1477/213/1124
f 1475/211/1124 1477/213/1124 1478/214/1124
f 1478/214/1125 1477/213/1125 1479/215/1125
f 1478/214/1125 1479/215/1125 1480/216/1125
f 1480/216/1126 1479/215/1126 1481/217/1126
f 1480/216/1126 1481/217/1126 1482/218/1126
f 1482/218/1127 1481/217/1127 1483/219/1127
f 1482/218/1127 1483/219/1127 1484/220/1127
f 1485/221/1128 1486/222/1128 1476/212/1128
f 1485/221/1128 1476/212/1128 1475/211/1128
f 1477/213/1129 1487/223/1129 1488/224/1129
f 1479/215/1129 1477/213/1129 1488/224/1129
f 1489/225/1130 1479/215/1130 1488/224/1130
f 1490/226/1131 1489/225/1131 1488/224/1131
f 1487/223/1132 1490/226/1133 1488/224/1132
f 1491/227/1134 1480/216/1134 1482/218/1134
f 1491/227/1134 1482/218/1134 1492/228/1134
f 1493/229/1135 1478/214/1135 1480/216/1135
f 1493/229/1135 1480/216/1135 1491/227/1135
f 1494/230/1136 1475/211/1136 1478/214/1136
f 1494/230/1136 1478/214/1136 1493/229/1136
f 1495/231/1137 1485/221/1137 1475/211/1138
f 1495/231/1137 1475/211/1138 1494/230/1138
f 1492/228/1139 1482/218/1139 1484/220/1139
f 1492/228/1139 1484/220/1139 1496/232/1139
f 1497/233/1140 1498/234/1140 1499/235/1140
f 1497/233/1140 1499/235/1140 1500/236/1140
f 1501/237/1141 1502/238/1141 1503/239/1141
f 1501/237/1141 1503/239/1141 1504/240/1141
f 1498/234/1142 1501/237/1142 1504/240/1142
f 1498/234/1142 1504/240/1142 1499/235/1142
f 1500/236/1143 1499/235/1143 1504/240/1143
f 1500/236/1143 1504/240/1143 1505/241/1143
f 1502/238/1144 1501/237/1145 1498/234/1145
f 1502/238/1144 1498/234/1145 1497/233/1145
f 1502/238/1146 1497/233/1146 1506/242/1146
f 1506/242/1147 1503/239/1147 1502/238/1147
f 1500/236/1148 1505/241/1149 1506/242/1148
f 1497/233/1150 1500/236/1150 1506/242/1150
f 1507/243/1151 1508/244/1151 1509/245/1151
f 1507/243/1151 1509/245/1151 1510/246/1151
f 1511/247/1152 1512/248/1152 1513/249/1152
f 1511/247/1152 1513/249/1152 1514/250/1152
f 1508/244/1153 1511/247/1153 1514/250/1153
f 1508/244/1153 1514/250/1153 1509/245/1153
f 1515/251/1154 1509/245/1154 1514/250/1154
f 1515/251/1154 1514/250/1154 1513/249/1154
f 1512/248/1155 1511/247/1155 1508/244/1155
f 1512/248/1155 1508/244/1155 1507/243/1155
f 1512/248/1156 1507/243/1156 1516/252/1156
f 1516/252/1157 1513/249/1157 1512/248/1157
f 1515/251/1158 1513/249/1158 1516/252/1158
f 1507/243/1159 1510/246/1159 1516/252/1159
f 1517/1/1160 1518/2/1161 1519/3/1160
f 1517/1/1160 1519/3/1160 1520/4/1161
f 1521/5/1162 1522/6/1162 1523/7/1162
f 1521/5/1162 1523/7/1162 1524/8/1162
f 1518/2/1163 1521/5/1163 1524/8/1163
f 1518/2/1163 1524/8/1163 1519/3/1163
f 1520/4/1164 1519/3/1164 1524/8/1164
f 1520/4/1164 1524/8/1164 1525/9/1164
f 1522/6/1165 1521/5/1165 1518/2/1165
f 1522/6/1165 1518/2/1165 1517/1/1165
f 1522/6/1166 1517/1/1166 1526/10/1166
f 1526/10/1167 1523/7/1167 1522/6/1167
f 1520/4/1168 1525/9/1168 1526/10/1168
f 1517/1/1169 1520/4/1169 1526/10/1169
f 1527/11/1170 1528/12/1170 1529/13/1170
f 1527/11/1170 1529/13/1170 1530/14/1170
f 1530/14/1171 1529/13/1171 1531/15/1171
f 1530/14/1171 1531/15/1171 1532/16/1171
f 1533/17/1172 1534/18/1173 1535/19/1172
f 1536/20/1174 1537/21/1174 1538/22/1174
f 1531/15/1175 1537/21/1175 1539/23/1175
f 1531/15/1175 1539/23/1175 1532/16/1175
f 1535/19/1176 1534/18/1176 1540/24/1176
f 1538/22/1177 1537/21/1177 1531/15/1177
f 1536/20/1178 1541/25/1178 1539/23/1178
f 1536/20/1178 1539/23/1178 1537/21/1178
f 1542/26/1179 1527/11/1179 1530/14/1179
f 1542/26/1179 1530/14/1179 1543/27/1179
f 1541/25/1180 1544/28/1180 1545/29/1180
f 1541/25/1180 1545/29/1180 1539/23/1180
f 1546/30/1181 1532/16/1182 1539/23/1182
f 1546/30/1181 1539/23/1182 1545/29/1181
f 1543/27/1183 1530/14/1184 1532/16/1183
f 1543/27/1183 1532/16/1183 1546/30/1183
f 1547/31/1185 1542/26/1185 1543/27/1185
f 1547/31/1185 1543/27/1185 1548/32/1185
f 1544/28/1186 1549/33/1186 1550/34/1186
f 1544/28/1186 1550/34/1186 1545/29/1186
f 1551/35/1187 1546/30/1187 1545/29/1187
f 1551/35/1187 1545/29/1187 1550/34/1187
f 1548/32/1188 1543/27/1188 1546/30/1188
f 1548/32/1188 1546/30/1188 1551/35/1188
f 1552/36/1189 1547/31/1189 1548/32/1189
f 1552/36/1189 1548/32/1189 1553/37/1189
f 1549/33/1190 1554/38/1191 1555/39/1190
f 1549/33/1190 1555/39/1190 1550/34/1190
f 1556/40/1192 1551/35/1192 1550/34/1193
f 1556/40/1192 1550/34/1193 1555/39/1192
f 1553/37/1194 1548/32/1194 1551/35/1194
f 1553/37/1194 1551/35/1194 1556/40/1194
f 1557/41/1195 1552/36/1195 1553/37/1195
f 1557/41/1195 1553/37/1195 1558/42/1195
f 1554/38/1196 1559/43/1196 1560/44/1196
f 1554/38/1196 1560/44/1196 1555/39/1196
f 1561/45/1197 1556/40/1197 1555/39/1197
f 1561/45/1197 1555/39/1197 1560/44/1197
f 1558/42/1198 1553/37/1198 1556/40/1198
f 1558/42/1198 1556/40/1198 1561/45/1198
f 1562/46/1199 1557/41/1199 1558/42/1199
f 1562/46/1199 1558/42/1199 1563/47/1199
f 1559/43/1200 1564/48/1200 1565/49/1200
f 1559/43/1200 1565/49/1200 1560/44/1200
f 1566/50/1201 1561/45/1201 1560/44/1201
f 1566/50/1201 1560/44/1201 1565/49/1201
f 1563/47/1202 1558/42/1202 1561/45/1202
f 1563/47/1202 1561/45/1202 1566/50/1202
f 1567/51/1203 1562/46/1203 1563/47/1203
f 1567/51/1203 1563/47/1203 1568/52/1203
f 1564/48/1204 1569/53/1204 1570/54/1204
f 1564/48/1204 1570/54/1204 1565/49/1204
f 1571/55/1205 1566/50/1205 1565/49/1206
f 1571/55/1205 1565/49/1206 1570/54/1206
f 1568/52/1207 1563/47/1207 1566/50/1207
f 1568/52/1207 1566/50/1207 1571/55/1207
f 1572/56/1208 1567/51/1208 1568/52/1208
f 1572/56/1208 1568/52/1208 1573/57/1208
f 1569/53/1209 1574/58/1209 1575/59/1210
f 1569/53/1209 1575/59/1210 1570/54/1209
f 1576/60/1211 1571/55/1211 1570/54/1211
f 1576/60/1211 1570/54/1211 1575/59/1211
f 1573/57/1212 1568/52/1212 1571/55/1212
f 1573/57/1212 1571/55/1212 1576/60/1212
f 1577/61/1213 1572/56/1213 1573/57/1213
f 1577/61/1213 1573/57/1213 1578/62/1213
f 1574/58/1214 1579/63/1214 1580/64/1214
f 1574/58/1214 1580/64/1214 1575/59/1214
f 1581/65/1215 1576/60/1215 1575/59/1215
f 1581/65/1215 1575/59/1215 1580/64/1215
f 1578/62/1216 1573/57/1216 1576/60/1217
f 1578/62/1216 1576/60/1217 1581/65/1216
f 1582/66/1218 1577/61/1218 1578/62/1218
f 1582/66/1218 1578/62/1218 1583/67/1218
f 1579/63/1219 1584/68/1219 1585/69/1219
f 1579/63/1219 1585/69/1219 1580/64/1219
f 1586/70/1220 1581/65/1220 1580/64/1220
f 1586/70/1220 1580/64/1220 1585/69/1220
f 1583/67/1221 1578/62/1221 1581/65/1221
f 1583/67/1221 1581/65/1221 1586/70/1221
f 1587/71/1222 1582/66/1222 1583/67/1222
f 1587/71/1222 1583/67/1222 1588/72/1222
f 1584/68/1223 1533/17/1223 1535/19/1223
f 1584/68/1223 1535/19/1223 1585/69/1223
f 1540/24/1224 1586/70/1224 1585/69/1224
f 1540/24/1224 1585/69/1224 1535/19/1224
f 1588/72/1225 1583/67/1225 1586/70/1225
f 1588/72/1225 1586/70/1225 1540/24/1225
f 1589/73/1226 1590/74/1226 1591/75/1226
f 1589/73/1226 1591/75/1226 1592/76/1226
f 1593/77/1227 1594/78/1227 1595/79/1227
f 1593/77/1227 1595/79/1227 1596/80/1227
f 1590/74/1228 1593/77/1228 1596/80/1228
f 1590/74/1228 1596/80/1228 1591/75/1228
f 1592/76/1229 1591/75/1229 1596/80/1229
f 1592/76/1229 1596/80/1229 1597/81/1229
f 1594/78/1230 1593/77/1230 1590/74/1230
f 1594/78/1230 1590/74/1230 1589/73/1230
f 1594/78/1231 1589/73/1231 1598/82/1231
f 1598/82/1232 1595/79/1232 1594/78/1232
f 1592/76/1233 1597/81/1233 1598/82/1233
f 1589/73/1234 1592/76/1235 1598/82/1235
f 1599/83/1236 1600/84/1236 1601/85/1236
f 1599/83/1236 1601/85/1236 1602/86/1236
f 1602/86/1237 1601/85/1237 1603/87/1237
f 1602/86/1237 1603/87/1237 1604/88/1237
f 1604/88/1238 1603/87/1238 1605/89/1238
f 1604/88/1238 1605/89/1238 1606/90/1238
f 1607/91/1239 1606/90/1239 1605/89/1239
f 1607/91/1239 1605/89/1239 1608/92/1239
f 1607/91/1240 1608/92/1240 1609/93/1240
f 1607/91/1240 1609/93/1240 1610/94/1240
f 1611/95/79 1612/96/79 1613/97/79
f 1603/87/79 1611/95/79 1613/97/79
f 1605/89/79 1603/87/79 1613/97/79
f 1614/98/79 1605/89/79 1613/97/79
f 1612/96/79 1614/98/79 1613/97/79
f 1615/99/1241 1616/100/1241 1617/101/1242
f 1615/99/1241 1617/101/1242 1618/102/1242
f 1619/103/1243 1620/104/1243 1621/105/1243
f 1619/103/1243 1621/105/1243 1622/106/1243
f 1616/100/1244 1619/103/1244 1622/106/1244
f 1616/100/1244 1622/106/1244 1617/101/1244
f 1623/107/1245 1617/101/1245 1622/106/1245
f 1623/107/1245 1622/106/1245 1621/105/1245
f 1620/104/1246 1619/103/1246 1616/100/1246
f 1620/104/1246 1616/100/1246 1615/99/1246
f 1620/104/1247 1615/99/1247 1624/108/1247
f 1624/108/1248 1621/105/1248 1620/104/1248
f 1623/107/1249 1621/105/1250 1624/108/1249
f 1615/99/1251 1618/102/1251 1624/108/1251
f 1625/109/1252 1626/110/1252 1627/111/1252
f 1625/109/1252 1627/111/1252 1628/112/1253
f 1629/113/1254 1630/114/1254 1631/115/1254
f 1629/113/1254 1631/115/1254 1632/116/1254
f 1626/110/1255 1629/113/1256 1632/116/1256
f 1626/110/1255 1632/116/1256 1627/111/1256
f 1633/117/1257 1627/111/1258 1632/116/1258
f 1633/117/1257 1632/116/1258 1631/115/1258
f 1630/114/1259 1629/113/1259 1626/110/1259
f 1630/114/1259 1626/110/1259 1625/109/1260
f 1630/114/1261 1625/109/1261 1634/118/1261
f 1634/118/1262 1631/115/1262 1630/114/1262
f 1633/117/1263 1631/115/1263 1634/118/1263
f 1625/109/1264 1628/112/1264 1634/118/1264
f 1635/119/1265 1636/120/1265 1637/121/1265
f 1635/119/1265 1637/121/1265 1638/122/1265
f 1639/123/1266 1640/124/1266 1641/125/1266
f 1639/123/1266 1641/125/1266 1642/126/1266
f 1636/120/1267 1639/123/1267 1642/126/1267
f 1636/120/1267 1642/126/1267 1637/121/1267
f 1638/122/1268 1637/121/1268 1642/126/1268
f 1638/122/1268 1642/126/1268 1643/127/1268
f 1640/124/1269 1639/123/1269 1636/120/1269
f 1640/124/1269 1636/120/1269 1635/119/1269
f 1640/124/1270 1635/119/1270 1644/128/1270
f 1644/128/1271 1641/125/1271 1640/124/1271
f 1638/122/1272 1643/127/1272 1644/128/1272
f 1635/119/1273 1638/122/1274 1644/128/1274
f 1645/129/1275 1646/130/1276 1647/131/1275
f 1645/129/1275 1647/131/1275 1648/132/1276
f 1649/133/1277 1650/134/1277 1651/135/1277
f 1649/133/1277 1651/135/1277 1652/136/1277
f 1646/130/1278 1649/133/1278 1652/136/1278
f 1646/130/1278 1652/136/1278 1647/131/1278
f 1648/132/1279 1647/131/1279 1652/136/1279
f 1648/132/1279 1652/136/1279 1651/135/1279
f 1650/134/1280 1649/133/1280 1646/130/1281
f 1650/134/1280 1646/130/1281 1653/137/1281
f 1650/134/1282 1653/137/1282 1654/138/1282
f 1654/138/1283 1651/135/1283 1650/134/1283
f 1648/132/1284 1651/135/1284 1654/138/1284
f 1645/129/1285 1648/132/1285 1654/138/1285
f 1655/139/1286 1656/140/1286 1657/141/1286
f 1655/139/1286 1657/141/1286 1658/142/1286
f 1658/142/1287 1657/141/1287 1659/143/1287
f 1658/142/1287 1659/143/1287 1660/144/1287
f 1661/145/1288 1662/146/1288 1663/147/1288
f 1664/148/1289 1665/149/1289 1666/150/1289
f 1659/143/1290 1665/149/1290 1667/151/1290
f 1659/143/1290 1667/151/1290 1660/144/1290
f 1663/147/1291 1662/146/1291 1668/152/1291
f 1666/150/1292 1665/149/1292 1659/143/1292
f 1664/148/1293 1669/153/1293 1667/151/1293
f 1664/148/1293 1667/151/1293 1665/149/1293
f 1670/154/1294 1655/139/1294 1658/142/1294
f 1670/154/1294 1658/142/1294 1671/155/1294
f 1669/153/1295 1672/156/1295 1673/157/1295
f 1669/153/1295 1673/157/1295 1667/151/1295
f 1674/158/1296 1660/144/1297 1667/151/1297
f 1674/158/1296 1667/151/1297 1673/157/1297
f 1671/155/1298 1658/142/1298 1660/144/1298
f 1671/155/1298 1660/144/1298 1674/158/1298
f 1675/159/1299 1670/154/1299 1671/155/1299
f 1675/159/1299 1671/155/1299 1676/160/1299
f 1672/156/1300 1677/161/1300 1678/162/1300
f 1672/156/1300 1678/162/1300 1673/157/1300
f 1679/163/1301 1674/158/1301 1673/157/1301
f 1679/163/1301 1673/157/1301 1678/162/1301
f 1676/160/1302 1671/155/1302 1674/158/1302
f 1676/160/1302 1674/158/1302 1679/163/1302
f 1680/164/1303 1675/159/1303 1676/160/1303
f 1680/164/1303 1676/160/1303 1681/165/1303
f 1677/161/1304 1682/166/1304 1683/167/1304
f 1677/161/1304 1683/167/1304 1678/162/1304
f 1684/168/1305 1679/163/1305 1678/162/1305
f 1684/168/1305 1678/162/1305 1683/167/1306
f 1681/165/1307 1676/160/1307 1679/163/1307
f 1681/165/1307 1679/163/1307 1684/168/1307
f 1685/169/1308 1680/164/1308 1681/165/1308
f 1685/169/1308 1681/165/1308 1686/170/1308
f 1682/166/1309 1687/171/1309 1688/172/1310
f 1682/166/1309 1688/172/1310 1683/167/1310
f 1689/173/1311 1684/168/1311 1683/167/1311
f 1689/173/1311 1683/167/1311 1688/172/1311
f 1686/170/1312 1681/165/1312 1684/168/1312
f 1686/170/1312 1684/168/1312 1689/173/1312
f 1690/174/1313 1685/169/1313 1686/170/1313
f 1690/174/1313 1686/170/1313 1691/175/1313
f 1687/171/1314 1692/176/1315 1693/177/1314
f 1687/171/1314 1693/177/1314 1688/172/1314
f 1694/178/1316 1689/173/1316 1688/172/1316
f 1694/178/1316 1688/172/1316 1693/177/1316
f 1691/175/1317 1686/170/1317 1689/173/1317
f 1691/175/1317 1689/173/1317 1694/178/1317
f 1695/179/1318 1690/174/1318 1691/175/1318
f 1695/179/1318 1691/175/1318 1696/180/1318
f 1692/176/1319 1697/181/1319 1698/182/1319
f 1692/176/1319 1698/182/1319 1693/177/1319
f 1699/183/1320 1694/178/1320 1693/177/1320
f 1699/183/1320 1693/177/1320 1698/182/1320
f 1696/180/1321 1691/175/1321 1694/178/1321
f 1696/180/1321 1694/178/1321 1699/183/1321
f 1700/184/1322 1695/179/1322 1696/180/1322
f 1700/184/1322 1696/180/1322 1701/185/1322
f 1697/181/1323 1702/186/1323 1703/187/1323
f 1697/181/1323 1703/187/1323 1698/182/1323
f 1704/188/1324 1699/183/1324 1698/182/1324
f 1704/188/1324 1698/182/1324 1703/187/1324
f 1701/185/1325 1696/180/1325 1699/183/1325
f 1701/185/1325 1699/183/1325 1704/188/1325
f 1705/189/1326 1700/184/1326 1701/185/1326
f 1705/189/1326 1701/185/1326 1706/190/1326
f 1702/186/1327 1707/191/1327 1708/192/1327
f 1702/186/1327 1708/192/1327 1703/187/1327
f 1709/193/1328 1704/188/1328 1703/187/1328
f 1709/193/1328 1703/187/1328 1708/192/1328
f 1706/190/1329 1701/185/1329 1704/188/1329
f 1706/190/1329 1704/188/1329 1709/193/1329
f 1710/194/1330 1705/189/1330 1706/190/1330
f 1710/194/1330 1706/190/1330 1711/195/1330
f 1707/191/1331 1712/196/1331 1713/197/1331
f 1707/191/1331 1713/197/1331 1708/192/1331
f 1714/198/1332 1709/193/1332 1708/192/1332
f 1714/198/1332 1708/192/1332 1713/197/1332
f 1711/195/1333 1706/190/1333 1709/193/1333
f 1711/195/1333 1709/193/1333 1714/198/1333
f 1715/199/1334 1710/194/1334 1711/195/1334
f 1715/199/1334 1711/195/1334 1716/200/1334
f 1712/196/1335 1661/145/1335 1663/147/1335
f 1712/196/1335 1663/147/1335 1713/197/1335
f 1668/152/1336 1714/198/1336 1713/197/1336
f 1668/152/1336 1713/197/1336 1663/147/1336
f 1716/200/1337 1711/195/1337 1714/198/1337
f 1716/200/1337 1714/198/1337 1668/152/1337
f 1717/201/1338 1718/202/1338 1719/203/1338
f 1717/201/1338 1719/203/1338 1720/204/1338
f 1721/205/1339 1722/206/1339 1723/207/1339
f 1721/205/1339 1723/207/1339 1724/208/1339
f 1718/202/1340 1721/205/1340 1724/208/1340
f 1718/202/1340 1724/208/1340 1719/203/1340
f 1720/204/1341 1719/203/1341 1724/208/1341
f 1720/204/1341 1724/208/1341 1725/209/1341
f 1722/206/1342 1721/205/1342 1718/202/1342
f 1722/206/1342 1718/202/1342 1717/201/1342
f 1722/206/1343 1717/201/1343 1726/210/1343
f 1726/210/1344 1723/207/1344 1722/206/1344
f 1720/204/1345 1725/209/1345 1726/210/1345
f 1717/201/1346 1720/204/1346 1726/210/1346
f 1727/211/1347 1728/212/1347 1729/213/1347
f 1727/211/1347 1729/213/1347 1730/214/1347
f 1730/214/1348 1729/213/1348 1731/215/1348
f 1730/214/1348 1731/215/1348 1732/216/1348
f 1732/216/1349 1731/215/1349 1733/217/1349
f 1732/216/1349 1733/217/1349 1734/218/1349
f 1734/218/1350 1733/217/1350 1735/219/1350
f 1734/218/1350 1735/219/1350 1736/220/1350
f 1737/221/1351 1738/222/1351 1728/212/1351
f 1737/221/1351 1728/212/1351 1727/211/1351
f 1729/213/79 1739/223/79 1740/224/79
f 1731/215/79 1729/213/79 1740/224/79
f 1741/225/79 1731/215/79 1740/224/79
f 1742/226/79 1741/225/79 1740/224/79
f 1739/223/79 1742/226/79 1740/224/79
f 1743/227/1352 1732/216/1352 1734/218/1352
f 1743/227/1352 1734/218/1352 1744/228/1352
f 1745/229/1353 1730/214/1353 1732/216/1353
f 1745/229/1353 1732/216/1353 1743/227/1353
f 1746/230/1354 1727/211/1354 1730/214/1355
f 1746/230/1354 1730/214/1355 1745/229/1355
f 1747/231/1356 1737/221/1356 1727/211/1356
f 1747/231/1356 1727/211/1356 1746/230/1356
f 1744/228/1357 1734/218/1357 1736/220/1357
f 1744/228/1357 1736/220/1357 1748/232/1357
f 1749/233/1358 1750/234/1358 1751/235/1358
f 1749/233/1358 1751/235/1358 1752/236/1359
f 1753/237/1360 1754/238/1360 1755/239/1360
f 1753/237/1360 1755/239/1360 1756/240/1360
f 1750/234/1361 1753/237/1361 1756/240/1361
f 1750/234/1361 1756/240/1361 1751/235/1361
f 1752/236/1362 1751/235/1362 1756/240/1362
f 1752/236/1362 1756/240/1362 1757/241/1362
f 1754/238/1363 1753/237/1363 1750/234/1363
f 1754/238/1363 1750/234/1363 1749/233/1363
f 1754/238/1364 1749/233/1364 1758/242/1364
f 1758/242/1365 1755/239/1365 1754/238/1365
f 1752/236/1366 1757/241/1366 1758/242/1366
f 1749/233/1367 1752/236/1367 1758/242/1367
f 1759/243/1368 1760/244/1368 1761/245/1368
f 1759/243/1368 1761/245/1368 1762/246/1368
f 1763/247/1369 1764/248/1369 1765/249/1369
f 1763/247/1369 1765/249/1369 1766/250/1369
f 1760/244/1370 1763/247/1370 1766/250/1370
f 1760/244/1370 1766/250/1370 1761/245/1370
f 1767/251/1371 1761/245/1371 1766/250/1371
f 1767/251/1371 1766/250/1371 1765/249/1371
f 1764/248/1372 1763/247/1372 1760/244/1372
f 1764/248/1372 1760/244/1372 1759/243/1372
f 1764/248/1373 1759/243/1373 1768/252/1373
f 1768/252/1374 1765/249/1374 1764/248/1374
f 1767/251/1375 1765/249/1375 1768/252/1375
f 1759/243/1376 1762/246/1376 1768/252/1376
f 1769/1/1377 1770/2/1377 1771/3/1377
f 1769/1/1377 1771/3/1377 1772/4/1377
f 1773/5/1378 1774/6/1378 1775/7/1378
f 1773/5/1378 1775/7/1378 1776/8/1378
f 1770/2/1379 1773/5/1379 1776/8/1379
f 1770/2/1379 1776/8/1379 1771/3/1379
f 1772/4/1380 1771/3/1380 1776/8/1380
f 1772/4/1380 1776/8/1380 1777/9/1380
f 1774/6/1381 1773/5/1381 1770/2/1381
f 1774/6/1381 1770/2/1381 1769/1/1381
f 1774/6/1382 1769/1/1382 1778/10/1382
f 1778/10/1383 1775/7/1383 1774/6/1383
f 1772/4/1384 1777/9/1384 1778/10/1384
f 1769/1/1385 1772/4/1385 1778/10/1385
f 1779/11/1386 1780/12/1386 1781/13/1386
f 1779/11/1386 1781/13/1386 1782/14/1386
f 1782/14/1387 1781/13/1387 1783/15/1387
f 1782/14/1387 1783/15/1387 1784/16/1387
f 1785/17/1388 1786/18/1388 1787/19/1388
f 1788/20/1389 1789/21/1389 1790/22/1389
f 1783/15/1390 1789/21/1390 1791/23/1390
f 1783/15/1390 1791/23/1390 1784/16/1390
f 1787/19/1391 1786/18/1391 1792/24/1391
f 1790/22/1392 1789/21/1392 1783/15/1392
f 1788/20/1393 1793/25/1394 1791/23/1393
f 1788/20/1393 1791/23/1393 1789/21/1393
f 1794/26/1395 1779/11/1395 1782/14/1395
f 1794/26/1395 1782/14/1395 1795/27/1395
f 1793/25/1396 1796/28/1397 1797/29/1396
f 1793/25/1396 1797/29/1396 1791/23/1396
f 1798/30/1398 1784/16/1398 1791/23/1398
f 1798/30/1398 1791/23/1398 1797/29/1398
f 1795/27/1399 1782/14/1399 1784/16/1399
f 1795/27/1399 1784/16/1399 1798/30/1399
f 1799/31/1400 1794/26/1400 1795/27/1400
f 1799/31/1400 1795/27/1400 1800/32/1400
f 1796/28/1401 1801/33/1401 1802/34/1401
f 1796/28/1401 1802/34/1401 1797/29/1401
f 1803/35/1402 1798/30/1402 1797/29/1402
f 1803/35/1402 1797/29/1402 1802/34/1402
f 1800/32/1403 1795/27/1403 1798/30/1403
f 1800/32/1403 1798/30/1403 1803/35/1403
f 1804/36/1404 1799/31/1404 1800/32/1404
f 1804/36/1404 1800/32/1404 1805/37/1404
f 1801/33/1405 1806/38/1405 1807/39/1405
f 1801/33/1405 1807/39/1405 1802/34/1405
f 1808/40/1406 1803/35/1406 1802/34/1406
f 1808/40/1406 1802/34/1406 1807/39/1406
f 1805/37/1407 1800/32/1407 1803/35/1407
f 1805/37/1407 1803/35/1407 1808/40/1407
f 1809/41/1408 1804/36/1408 1805/37/1408
f 1809/41/1408 1805/37/1408 1810/42/1408
f 1806/38/1409 1811/43/1409 1812/44/1409
f 1806/38/1409 1812/44/1409 1807/39/1409
f 1813/45/1410 1808/40/1410 1807/39/1410
f 1813/45/1410 1807/39/1410 1812/44/1410
f 1810/42/1411 1805/37/1411 1808/40/1411
f 1810/42/1411 1808/40/1411 1813/45/1411
f 1814/46/1412 1809/41/1412 1810/42/1412
f 1814/46/1412 1810/42/1412 1815/47/1412
f 1811/43/1413 1816/48/1413 1817/49/1413
f 1811/43/1413 1817/49/1413 1812/44/1413
f 1818/50/1414 1813/45/1414 1812/44/1414
f 1818/50/1414 1812/44/1414 1817/49/1414
f 1815/47/1415 1810/42/1415 1813/45/1415
f 1815/47/1415 1813/45/1415 1818/50/1415
f 1819/51/1416 1814/46/1417 1815/47/1416
f 1819/51/1416 1815/47/1416 1820/52/1416
f 1816/48/1418 1821/53/1418 1822/54/1418
f 1816/48/1418 1822/54/1418 1817/49/1418
f 1823/55/1419 1818/50/1419 1817/49/1419
f 1823/55/1419 1817/49/1419 1822/54/1419
f 1820/52/1420 1815/47/1420 1818/50/1420
f 1820/52/1420 1818/50/1420 1823/55/1420
f 1824/56/1421 1819/51/1421 1820/52/1421
f 1824/56/1421 1820/52/1421 1825/57/1421
f 1821/53/1422 1826/58/1422 1827/59/1422
f 1821/53/1422 1827/59/1422 1822/54/1422
f 1828/60/1423 1823/55/1423 1822/54/1423
f 1828/60/1423 1822/54/1423 1827/59/1423
f 1825/57/1424 1820/52/1424 1823/55/1424
f 1825/57/1424 1823/55/1424 1828/60/1424
f 1829/61/1425 1824/56/1425 1825/57/1425
f 1829/61/1425 1825/57/1425 1830/62/1425
f 1826/58/1426 1831/63/1426 1832/64/1426
f 1826/58/1426 1832/64/1426 1827/59/1426
f 1833/65/1427 1828/60/1427 1827/59/1427
f 1833/65/1427 1827/59/1427 1832/64/1427
f 1830/62/1428 1825/57/1428 1828/60/1428
f 1830/62/1428 1828/60/1428 1833/65/1428
f 1834/66/1429 1829/61/1429 1830/62/1429
f 1834/66/1429 1830/62/1429 1835/67/1429
f 1831/63/1430 1836/68/1430 1837/69/1430
f 1831/63/1430 1837/69/1430 1832/64/1430
f 1838/70/1431 1833/65/1431 1832/64/1431
f 1838/70/1431 1832/64/1431 1837/69/1431
f 1835/67/1432 1830/62/1432 1833/65/1432
f 1835/67/1432 1833/65/1432 1838/70/1432
f 1839/71/1433 1834/66/1433 1835/67/1433
f 1839/71/1433 1835/67/1433 1840/72/1433
f 1836/68/1434 1785/17/1434 1787/19/1434
f 1836/68/1434 1787/19/1434 1837/69/1434
f 1792/24/1435 1838/70/1435 1837/69/1435
f 1792/24/1435 1837/69/1435 1787/19/1435
f 1840/72/1436 1835/67/1436 1838/70/1436
f 1840/72/1436 1838/70/1436 1792/24/1436
f 1841/73/1377 1842/74/1377 1843/75/1377
f 1841/73/1377 1843/75/1377 1844/76/1377
f 1845/77/1437 1846/78/1437 1847/79/1437
f 1845/77/1437 1847/79/1437 1848/80/1437
f 1842/74/1438 1845/77/1438 1848/80/1438
f 1842/74/1438 1848/80/1438 1843/75/1438
f 1844/76/1439 1843/75/1439 1848/80/1439
f 1844/76/1439 1848/80/1439 1849/81/1439
f 1846/78/1440 1845/77/1440 1842/74/1440
f 1846/78/1440 1842/74/1440 1841/73/1440
f 1846/78/1441 1841/73/1441 1850/82/1441
f 1850/82/1442 1847/79/1442 1846/78/1442
f 1844/76/1443 1849/81/1443 1850/82/1443
f 1841/73/1444 1844/76/1444 1850/82/1444
f 1851/83/1445 1852/84/1445 1853/85/1445
f 1851/83/1445 1853/85/1445 1854/86/1445
f 1854/86/1446 1853/85/1446 1855/87/1446
f 1854/86/1446 1855/87/1446 1856/88/1446
f 1856/88/1447 1855/87/1447 1857/89/1447
f 1856/88/1447 1857/89/1447 1858/90/1447
f 1859/91/1448 1858/90/1448 1857/89/1448
f 1859/91/1448 1857/89/1448 1860/92/1448
f 1859/91/1449 1860/92/1449 1861/93/1449
f 1859/91/1449 1861/93/1449 1862/94/1449
f 1863/95/79 1864/96/79 1865/97/79
f 1855/87/79 1863/95/79 1865/97/79
f 1857/89/79 1855/87/79 1865/97/79
f 1866/98/79 1857/89/79 1865/97/79
f 1864/96/79 1866/98/79 1865/97/79
f 1867/99/1450 1868/100/1450 1869/101/1450
f 1867/99/1450 1869/101/1450 1870/102/1450
f 1871/103/1451 1872/104/1451 1873/105/1451
f 1871/103/1451 1873/105/1451 1874/106/1451
f 1868/100/1452 1871/103/1452 1874/106/1452
f 1868/100/1452 1874/106/1452 1869/101/1452
f 1875/107/1453 1869/101/1453 1874/106/1453
f 1875/107/1453 1874/106/1453 1873/105/1453
f 1872/104/1454 1871/103/1454 1868/100/1454
f 1872/104/1454 1868/100/1454 1867/99/1454
f 1872/104/1455 1867/99/1455 1876/108/1455
f 1876/108/1456 1873/105/1456 1872/104/1456
f 1875/107/1457 1873/105/1457 1876/108/1457
f 1867/99/1458 1870/102/1458 1876/108/1458
f 1877/109/1459 1878/110/1459 1879/111/1459
f 1877/109/1459 1879/111/1459 1880/112/1459
f 1881/113/1460 1882/114/1460 1883/115/1460
f 1881/113/1460 1883/115/1460 1884/116/1460
f 1878/110/1461 1881/113/1461 1884/116/1461
f 1878/110/1461 1884/116/1461 1879/111/1461
f 1885/117/1462 1879/111/1462 1884/116/1462
f 1885/117/1462 1884/116/1462 1883/115/1462
f 1882/114/1463 1881/113/1463 1878/110/1463
f 1882/114/1463 1878/110/1463 1877/109/1463
f 1882/114/1464 1877/109/1464 1886/118/1465
f 1886/118/1466 1883/115/1466 1882/114/1466
f 1885/117/1467 1883/115/1467 1886/118/1467
f 1877/109/1468 1880/112/1468 1886/118/1468
f 1887/119/1469 1888/120/1469 1889/121/1469
f 1887/119/1469 1889/121/1469 1890/122/1469
f 1891/123/1470 1892/124/1470 1893/125/1470
f 1891/123/1470 1893/125/1470 1894/126/1470
f 1888/120/1471 1891/123/1471 1894/126/1471
f 1888/120/1471 1894/126/1471 1889/121/1471
f 1890/122/1472 1889/121/1472 1894/126/1472
f 1890/122/1472 1894/126/1472 1895/127/1472
f 1892/124/1473 1891/123/1473 1888/120/1473
f 1892/124/1473 1888/120/1473 1887/119/1473
f 1892/124/1474 1887/119/1475 1896/128/1475
f 1896/128/1476 1893/125/1476 1892/124/1476
f 1890/122/1477 1895/127/1477 1896/128/1477
f 1887/119/1478 1890/122/1478 1896/128/1478
f 1897/1/1479 1898/2/1479 1899/3/1479
f 1897/1/1479 1899/3/1479 1900/4/1479
f 1901/5/1480 1902/6/1480 1903/7/1480
f 1901/5/1480 1903/7/1480 1904/8/1480
f 1898/2/1481 1901/5/1481 1904/8/1481
f 1898/2/1481 1904/8/1481 1899/3/1481
f 1900/4/1482 1899/3/1482 1904/8/1482
f 1900/4/1482 1904/8/1482 1905/9/1482
f 1902/6/1483 1901/5/1483 1898/2/1483
f 1902/6/1483 1898/2/1483 1897/1/1483
f 1902/6/1484 1897/1/1484 1906/10/1484
f 1906/10/1485 1903/7/1485 1902/6/1485
f 1900/4/1486 1905/9/1486 1906/10/1486
f 1897/1/1487 1900/4/1487 1906/10/1487
f 1907/11/954 1908/12/954 1909/13/954
f 1907/11/954 1909/13/954 1910/14/954
f 1910/14/1488 1909/13/1488 1911/15/1488
f 1910/14/1488 1911/15/1488 1912/16/1488
f 1913/17/1489 1914/18/1489 1915/19/1489
f 1916/20/957 1917/21/957 1918/22/957
f 1911/15/958 1917/21/958 1919/23/958
f 1911/15/958 1919/23/958 1912/16/958
f 1915/19/1490 1914/18/1490 1920/24/1490
f 1918/22/1491 1917/21/1491 1911/15/1491
f 1916/20/961 1921/25/961 1919/23/961
f 1916/20/961 1919/23/961 1917/21/961
f 1922/26/1492 1907/11/1492 1910/14/1492
f 1922/26/1492 1910/14/1492 1923/27/1492
f 1921/25/1493 1924/28/1493 1925/29/1493
f 1921/25/1493 1925/29/1493 1919/23/1493
f 1926/30/1494 1912/16/964 1919/23/964
f 1926/30/1494 1919/23/964 1925/29/964
f 1923/27/1495 1910/14/1495 1912/16/1495
f 1923/27/1495 1912/16/1495 1926/30/1495
f 1927/31/966 1922/26/966 1923/27/966
f 1927/31/966 1923/27/966 1928/32/966
f 1924/28/1496 1929/33/1496 1930/34/1496
f 1924/28/1496 1930/34/1496 1925/29/1496
f 1931/35/968 1926/30/968 1925/29/968
f 1931/35/968 1925/29/968 1930/34/968
f 1928/32/1497 1923/27/1497 1926/30/1498
f 1928/32/1497 1926/30/1498 1931/35/1497
f 1932/36/1499 1927/31/1499 1928/32/1499
f 1932/36/1499 1928/32/1499 1933/37/1499
f 1929/33/1500 1934/38/1500 1935/39/1500
f 1929/33/1500 1935/39/1500 1930/34/1500
f 1936/40/972 1931/35/972 1930/34/972
f 1936/40/972 1930/34/972 1935/39/972
f 1933/37/973 1928/32/973 1931/35/973
f 1933/37/973 1931/35/973 1936/40/973
f 1937/41/974 1932/36/974 1933/37/974
f 1937/41/974 1933/37/974 1938/42/974
f 1934/38/1501 1939/43/1501 1940/44/1501
f 1934/38/1501 1940/44/1501 1935/39/1501
f 1941/45/976 1936/40/1502 1935/39/976
f 1941/45/976 1935/39/976 1940/44/976
f 1938/42/977 1933/37/977 1936/40/977
f 1938/42/977 1936/40/977 1941/45/977
f 1942/46/1503 1937/41/1503 1938/42/1503
f 1942/46/1503 1938/42/1503 1943/47/1503
f 1939/43/1504 1944/48/1504 1945/49/1504
f 1939/43/1504 1945/49/1504 1940/44/1504
f 1946/50/980 1941/45/980 1940/44/980
f 1946/50/980 1940/44/980 1945/49/980
f 1943/47/981 1938/42/981 1941/45/981
f 1943/47/981 1941/45/981 1946/50/981
f 1947/51/982 1942/46/982 1943/47/982
f 1947/51/982 1943/47/982 1948/52/982
f 1944/48/983 1949/53/983 1950/54/983
f 1944/48/983 1950/54/983 1945/49/983
f 1951/55/985 1946/50/985 1945/49/985
f 1951/55/985 1945/49/985 1950/54/985
f 1948/52/1505 1943/47/1505 1946/50/1505
f 1948/52/1505 1946/50/1505 1951/55/1505
f 1952/56/987 1947/51/987 1948/52/1506
f 1952/56/987 1948/52/1506 1953/57/987
f 1949/53/1507 1954/58/1507 1955/59/1507
f 1949/53/1507 1955/59/1507 1950/54/1507
f 1956/60/1508 1951/55/1508 1950/54/1508
f 1956/60/1508 1950/54/1508 1955/59/1508
f 1953/57/1509 1948/52/1509 1951/55/1509
f 1953/57/1509 1951/55/1509 1956/60/1509
f 1957/61/1510 1952/56/1510 1953/57/1510
f 1957/61/1510 1953/57/1510 1958/62/1510
f 1954/58/1511 1959/63/1512 1960/64/1512
f 1954/58/1511 1960/64/1512 1955/59/1512
f 1961/65/995 1956/60/995 1955/59/995
f 1961/65/995 1955/59/995 1960/64/995
f 1958/62/1513 1953/57/1513 1956/60/1513
f 1958/62/1513 1956/60/1513 1961/65/1513
f 1962/66/997 1957/61/997 1958/62/997
f 1962/66/997 1958/62/997 1963/67/997
f 1959/63/1514 1964/68/1514 1965/69/1514
f 1959/63/1514 1965/69/1514 1960/64/1514
f 1966/70/1515 1961/65/1515 1960/64/1515
f 1966/70/1515 1960/64/1515 1965/69/1515
f 1963/67/1516 1958/62/1516 1961/65/1516
f 1963/67/1516 1961/65/1516 1966/70/1516
f 1967/71/1517 1962/66/1517 1963/67/1517
f 1967/71/1517 1963/67/1517 1968/72/1517
f 1964/68/1002 1913/17/1002 1915/19/1002
f 1964/68/1002 1915/19/1002 1965/69/1002
f 1920/24/1518 1966/70/1518 1965/69/1518
f 1920/24/1518 1965/69/1518 1915/19/1518
f 1968/72/1004 1963/67/1004 1966/70/1004
f 1968/72/1004 1966/70/1004 1920/24/1004
f 1969/73/1005 1970/74/1005 1971/75/1005
f 1969/73/1005 1971/75/1005 1972/76/1005
f 1973/77/1519 1974/78/1519 1975/79/1519
f 1973/77/1519 1975/79/1519 1976/80/1519
f 1970/74/1520 1973/77/1520 1976/80/1520
f 1970/74/1520 1976/80/1520 1971/75/1520
f 1972/76/1521 1971/75/1521 1976/80/1521
f 1972/76/1521 1976/80/1521 1977/81/1521
f 1974/78/1522 1973/77/1522 1970/74/1522
f 1974/78/1522 1970/74/1522 1969/73/1522
f 1974/78/1523 1969/73/1523 1978/82/1523
f 1978/82/950 1975/79/950 1974/78/950
f 1972/76/1524 1977/81/1524 1978/82/1524
f 1969/73/1525 1972/76/1525 1978/82/1525
f 1979/83/1012 1980/84/1012 1981/85/1012
f 1979/83/1012 1981/85/1012 1982/86/1012
f 1982/86/1526 1981/85/1526 1983/87/1526
f 1982/86/1526 1983/87/1526 1984/88/1526
f 1984/88/1527 1983/87/1527 1985/89/1527
f 1984/88/1527 1985/89/1527 1986/90/1527
f 1987/91/1528 1986/90/1528 1985/89/1528
f 1987/91/1528 1985/89/1528 1988/92/1528
f 1987/91/1529 1988/92/1529 1989/93/1529
f 1987/91/1529 1989/93/1529 1990/94/1529
f 1991/95/79 1992/96/79 1993/97/79
f 1983/87/79 1991/95/79 1993/97/79
f 1985/89/79 1983/87/79 1993/97/79
f 1994/98/79 1985/89/79 1993/97/79
f 1992/96/79 1994/98/79 1993/97/79
f 1995/99/1530 1996/100/1530 1997/101/1530
f 1995/99/1530 1997/101/1530 1998/102/1530
f 1999/103/1531 2000/104/1531 2001/105/1531
f 1999/103/1531 2001/105/1531 2002/106/1531
f 1996/100/1532 1999/103/1532 2002/106/1532
f 1996/100/1532 2002/106/1532 1997/101/1532
f 2003/107/1533 1997/101/1533 2002/106/1533
f 2003/107/1533 2002/106/1533 2001/105/1533
f 2000/104/1534 1999/103/1534 1996/100/1534
f 2000/104/1534 1996/100/1534 1995/99/1534
f 2000/104/1535 1995/99/1535 2004/108/1535
f 2004/108/1027 2001/105/1027 2000/104/1027
f 2003/107/1536 2001/105/1536 2004/108/1536
f 1995/99/1029 1998/102/1029 2004/108/1029
f 2005/109/1537 2006/110/1537 2007/111/1537
f 2005/109/1537 2007/111/1537 2008/112/1537
f 2009/113/1031 2010/114/1031 2011/115/1031
f 2009/113/1031 2011/115/1031 2012/116/1031
f 2006/110/1538 2009/113/1538 2012/116/1538
f 2006/110/1538 2012/116/1538 2007/111/1538
f 2013/117/1539 2007/111/1539 2012/116/1539
f 2013/117/1539 2012/116/1539 2011/115/1539
f 2010/114/1540 2009/113/1540 2006/110/1541
f 2010/114/1540 2006/110/1541 2005/109/1540
f 2010/114/1542 2005/109/1542 2014/118/1542
f 2014/118/1543 2011/115/1543 2010/114/1543
f 2013/117/1544 2011/115/1544 2014/118/1544
f 2005/109/1039 2008/112/1039 2014/118/1039
f 2015/119/1040 2016/120/1040 2017/121/1040
f 2015/119/1040 2017/121/1040 2018/122/1040
f 2019/123/1041 2020/124/1042 2021/125/1042
f 2019/123/1041 2021/125/1042 2022/126/1041
f 2016/120/1545 2019/123/1545 2022/126/1545
f 2016/120/1545 2022/126/1545 2017/121/1545
f 2018/122/1546 2017/121/1546 2022/126/1546
f 2018/122/1546 2022/126/1546 2023/127/1546
f 2020/124/1547 2019/123/1547 2016/120/1547
f 2020/124/1547 2016/120/1547 2015/119/1547
f 2020/124/1548 2015/119/1548 2024/128/1548
f 2024/128/1048 2021/125/1048 2020/124/1048
f 2018/122/1549 2023/127/1549 2024/128/1549
f 2015/119/1050 2018/122/1050 2024/128/1050
f 2025/129/1051 2026/130/1051 2027/131/1051
f 2025/129/1051 2027/131/1051 2028/132/1051
f 2029/133/1052 2030/134/1052 2031/135/1052
f 2029/133/1052 2031/135/1052 2032/136/1052
f 2026/130/1550 2029/133/1550 2032/136/1550
f 2026/130/1550 2032/136/1550 2027/131/1550
f 2028/132/1551 2027/131/1551 2032/136/1551
f 2028/132/1551 2032/136/1551 2031/135/1551
f 2030/134/1552 2029/133/1552 2026/130/1552
f 2030/134/1552 2026/130/1552 2033/137/1552
f 2030/134/1553 2033/137/1553 2034/138/1553
f 2034/138/1057 2031/135/1057 2030/134/1057
f 2028/132/1554 2031/135/1554 2034/138/1554
f 2025/129/1555 2028/132/1555 2034/138/1555
f 2035/139/1556 2036/140/1556 2037/141/1556
f 2035/139/1556 2037/141/1556 2038/142/1556
f 2038/142/1557 2037/141/1557 2039/143/1557
f 2038/142/1557 2039/143/1557 2040/144/1557
f 2041/145/1558 2042/146/1558 2043/147/1558
f 2044/148/1064 2045/149/1064 2046/150/1064
f 2039/143/1559 2045/149/1559 2047/151/1559
f 2039/143/1559 2047/151/1559 2040/144/1559
f 2043/147/1066 2042/146/1066 2048/152/1066
f 2046/150/1067 2045/149/1067 2039/143/1067
f 2044/148/1068 2049/153/1068 2047/151/1068
f 2044/148/1068 2047/151/1068 2045/149/1068
f 2050/154/1560 2035/139/1560 2038/142/1560
f 2050/154/1560 2038/142/1560 2051/155/1560
f 2049/153/1561 2052/156/1561 2053/157/1561
f 2049/153/1561 2053/157/1561 2047/151/1561
f 2054/158/1562 2040/144/1562 2047/151/1563
f 2054/158/1562 2047/151/1563 2053/157/1563
f 2051/155/1564 2038/142/1565 2040/144/1565
f 2051/155/1564 2040/144/1565 2054/158/1564
f 2055/159/1075 2050/154/1075 2051/155/1075
f 2055/159/1075 2051/155/1075 2056/160/1075
f 2052/156/1076 2057/161/1076 2058/162/1076
f 2052/156/1076 2058/162/1076 2053/157/1076
f 2059/163/1077 2054/158/1077 2053/157/1077
f 2059/163/1077 2053/157/1077 2058/162/1077
f 2056/160/1078 2051/155/1078 2054/158/1078
f 2056/160/1078 2054/158/1078 2059/163/1078
f 2060/164/1566 2055/159/1566 2056/160/1566
f 2060/164/1566 2056/160/1566 2061/165/1566
f 2057/161/1567 2062/166/1567 2063/167/1567
f 2057/161/1567 2063/167/1567 2058/162/1567
f 2064/168/1568 2059/163/1568 2058/162/1568
f 2064/168/1568 2058/162/1568 2063/167/1568
f 2061/165/1569 2056/160/1569 2059/163/1570
f 2061/165/1569 2059/163/1570 2064/168/1569
f 2065/169/1083 2060/164/1083 2061/165/1083
f 2065/169/1083 2061/165/1083 2066/170/1083
f 2062/166/1571 2067/171/1571 2068/172/1571
f 2062/166/1571 2068/172/1571 2063/167/1571
f 2069/173/1572 2064/168/1085 2063/167/1572
f 2069/173/1572 2063/167/1572 2068/172/1572
f 2066/170/1573 2061/165/1573 2064/168/1573
f 2066/170/1573 2064/168/1573 2069/173/1573
f 2070/174/1574 2065/169/1575 2066/170/1575
f 2070/174/1574 2066/170/1575 2071/175/1575
f 2067/171/1576 2072/176/1576 2073/177/1576
f 2067/171/1576 2073/177/1576 2068/172/1576
f 2074/178/1577 2069/173/1577 2068/172/1577
f 2074/178/1577 2068/172/1577 2073/177/1577
f 2071/175/1578 2066/170/1578 2069/173/1578
f 2071/175/1578 2069/173/1578 2074/178/1578
f 2075/179/1579 2070/174/1579 2071/175/1579
f 2075/179/1579 2071/175/1579 2076/180/1579
f 2072/176/1092 2077/181/1092 2078/182/1092
f 2072/176/1092 2078/182/1092 2073/177/1093
f 2079/183/1580 2074/178/1580 2073/177/1580
f 2079/183/1580 2073/177/1580 2078/182/1580
f 2076/180/1581 2071/175/1581 2074/178/1581
f 2076/180/1581 2074/178/1581 2079/183/1581
f 2080/184/1582 2075/179/1582 2076/180/1582
f 2080/184/1582 2076/180/1582 2081/185/1582
f 2077/181/1583 2082/186/1583 2083/187/1583
f 2077/181/1583 2083/187/1583 2078/182/1583
f 2084/188/1584 2079/183/1584 2078/182/1584
f 2084/188/1584 2078/182/1584 2083/187/1584
f 2081/185/1585 2076/180/1585 2079/183/1585
f 2081/185/1585 2079/183/1585 2084/188/1585
f 2085/189/1586 2080/184/1586 2081/185/1586
f 2085/189/1586 2081/185/1586 2086/190/1586
f 2082/186/1587 2087/191/1587 2088/192/1587
f 2082/186/1587 2088/192/1587 2083/187/1587
f 2089/193/1102 2084/188/1102 2083/187/1102
f 2089/193/1102 2083/187/1102 2088/192/1102
f 2086/190/1588 2081/185/1588 2084/188/1588
f 2086/190/1588 2084/188/1588 2089/193/1588
f 2090/194/1589 2085/189/1589 2086/190/1589
f 2090/194/1589 2086/190/1589 2091/195/1589
f 2087/191/1590 2092/196/1590 2093/197/1590
f 2087/191/1590 2093/197/1590 2088/192/1590
f 2094/198/1591 2089/193/1591 2088/192/1591
f 2094/198/1591 2088/192/1591 2093/197/1591
f 2091/195/1592 2086/190/1592 2089/193/1592
f 2091/195/1592 2089/193/1592 2094/198/1592
f 2095/199/1109 2090/194/1109 2091/195/1109
f 2095/199/1109 2091/195/1109 2096/200/1109
f 2092/196/1593 2041/145/1594 2043/147/1594
f 2092/196/1593 2043/147/1594 2093/197/1593
f 2048/152/1595 2094/198/1595 2093/197/1595
f 2048/152/1595 2093/197/1595 2043/147/1595
f 2096/200/1596 2091/195/1596 2094/198/1596
f 2096/200/1596 2094/198/1596 2048/152/1596
f 2097/201/1597 2098/202/1598 2099/203/1597
f 2097/201/1597 2099/203/1597 2100/204/1597
f 2101/205/1115 2102/206/1115 2103/207/1115
f 2101/205/1115 2103/207/1115 2104/208/1115
f 2098/202/1599 2101/205/1599 2104/208/1599
f 2098/202/1599 2104/208/1599 2099/203/1599
f 2100/204/1600 2099/203/1600 2104/208/1600
f 2100/204/1600 2104/208/1600 2105/209/1600
f 2102/206/1601 2101/205/1601 2098/202/1601
f 2102/206/1601 2098/202/1601 2097/201/1601
f 2102/206/1602 2097/201/1602 2106/210/1602
f 2106/210/1120 2103/207/1120 2102/206/1120
f 2100/204/1603 2105/209/1603 2106/210/1603
f 2097/201/1604 2100/204/1605 2106/210/1605
f 2107/211/1606 2108/212/1606 2109/213/1606
f 2107/211/1606 2109/213/1606 2110/214/1606
f 2110/214/1607 2109/213/1607 2111/215/1607
f 2110/214/1607 2111/215/1607 2112/216/1607
f 2112/216/1608 2111/215/1609 2113/217/1609
f 2112/216/1608 2113/217/1609 2114/218/1609
f 2114/218/1610 2113/217/1610 2115/219/1610
f 2114/218/1610 2115/219/1610 2116/220/1610
f 2117/221/1128 2118/222/1128 2108/212/1128
f 2117/221/1128 2108/212/1128 2107/211/1128
f 2109/213/1129 2119/223/1129 2120/224/1129
f 2111/215/1611 2109/213/1611 2120/224/1611
f 2121/225/1129 2111/215/1129 2120/224/1129
f 2122/226/1612 2121/225/1612 2120/224/1612
f 2119/223/1131 2122/226/1131 2120/224/1131
f 2123/227/1613 2112/216/1613 2114/218/1613
f 2123/227/1613 2114/218/1613 2124/228/1613
f 2125/229/1614 2110/214/1615 2112/216/1614
f 2125/229/1614 2112/216/1614 2123/227/1615
f 2126/230/1616 2107/211/1616 2110/214/1616
f 2126/230/1616 2110/214/1616 2125/229/1616
f 2127/231/1617 2117/221/1617 2107/211/1617
f 2127/231/1617 2107/211/1617 2126/230/1617
f 2124/228/1139 2114/218/1139 2116/220/1139
f 2124/228/1139 2116/220/1139 2128/232/1139
f 2129/233/1618 2130/234/1618 2131/235/1618
f 2129/233/1618 2131/235/1618 2132/236/1618
f 2133/237/1619 2134/238/1619 2135/239/1619
f 2133/237/1619 2135/239/1619 2136/240/1619
f 2130/234/1620 2133/237/1620 2136/240/1620
f 2130/234/1620 2136/240/1620 2131/235/1620
f 2132/236/1621 2131/235/1621 2136/240/1621
f 2132/236/1621 2136/240/1621 2137/241/1621
f 2134/238/1622 2133/237/1622 2130/234/1622
f 2134/238/1622 2130/234/1622 2129/233/1622
f 2134/238/1623 2129/233/1623 2138/242/1623
f 2138/242/1624 2135/239/1624 2134/238/1624
f 2132/236/1625 2137/241/1625 2138/242/1625
f 2129/233/1626 2132/236/1627 2138/242/1627
f 2139/243/1151 2140/244/1151 2141/245/1151
f 2139/243/1151 2141/245/1151 2142/246/1151
f 2143/247/1152 2144/248/1152 2145/249/1152
f 2143/247/1152 2145/249/1152 2146/250/1152
f 2140/244/1628 2143/247/1628 2146/250/1628
f 2140/244/1628 2146/250/1628 2141/245/1628
f 2147/251/1629 2141/245/1629 2146/250/1630
f 2147/251/1629 2146/250/1630 2145/249/1630
f 2144/248/1631 2143/247/1631 2140/244/1631
f 2144/248/1631 2140/244/1631 2139/243/1631
f 2144/248/1632 2139/243/1632 2148/252/1632
f 2148/252/1157 2145/249/1157 2144/248/1157
f 2147/251/1633 2145/249/1633 2148/252/1633
f 2139/243/1159 2142/246/1634 2148/252/1159
f 2149/1/1161 2150/2/1160 2151/3/1160
f 2149/1/1161 2151/3/1160 2152/4/1160
f 2153/5/1162 2154/6/1162 2155/7/1162
f 2153/5/1162 2155/7/1162 2156/8/1162
f 2150/2/1635 2153/5/1635 2156/8/1635
f 2150/2/1635 2156/8/1635 2151/3/1635
f 2152/4/1636 2151/3/1636 2156/8/1636
f 2152/4/1636 2156/8/1636 2157/9/1636
f 2154/6/1637 2153/5/1637 2150/2/1637
f 2154/6/1637 2150/2/1637 2149/1/1637
f 2154/6/1638 2149/1/1638 2158/10/1638
f 2158/10/1167 2155/7/1167 2154/6/1167
f 2152/4/1639 2157/9/1639 2158/10/1639
f 2149/1/1169 2152/4/1169 2158/10/1169
f 2159/11/1640 2160/12/1640 2161/13/1640
f 2159/11/1640 2161/13/1640 2162/14/1640
f 2162/14/1641 2161/13/1641 2163/15/1641
f 2162/14/1641 2163/15/1641 2164/16/1641
f 2165/17/1173 2166/18/1173 2167/19/1173
f 2168/20/1174 2169/21/1174 2170/22/1174
f 2163/15/1642 2169/21/1642 2171/23/1642
f 2163/15/1642 2171/23/1642 2164/16/1642
f 2167/19/1643 2166/18/1643 2172/24/1643
f 2170/22/1177 2169/21/1177 2163/15/1177
f 2168/20/1178 2173/25/1178 2171/23/1178
f 2168/20/1178 2171/23/1178 2169/21/1178
f 2174/26/1644 2159/11/1644 2162/14/1644
f 2174/26/1644 2162/14/1644 2175/27/1644
f 2173/25/1645 2176/28/1645 2177/29/1645
f 2173/25/1645 2177/29/1645 2171/23/1645
f 2178/30/1181 2164/16/1181 2171/23/1181
f 2178/30/1181 2171/23/1181 2177/29/1181
f 2175/27/1184 2162/14/1184 2164/16/1184
f 2175/27/1184 2164/16/1184 2178/30/1184
f 2179/31/1646 2174/26/1646 2175/27/1646
f 2179/31/1646 2175/27/1646 2180/32/1646
f 2176/28/1186 2181/33/1647 2182/34/1647
f 2176/28/1186 2182/34/1647 2177/29/1647
f 2183/35/1187 2178/30/1187 2177/29/1187
f 2183/35/1187 2177/29/1187 2182/34/1187
f 2180/32/1648 2175/27/1648 2178/30/1648
f 2180/32/1648 2178/30/1648 2183/35/1648
f 2184/36/1649 2179/31/1649 2180/32/1649
f 2184/36/1649 2180/32/1649 2185/37/1649
f 2181/33/1650 2186/38/1650 2187/39/1650
f 2181/33/1650 2187/39/1650 2182/34/1650
f 2188/40/1651 2183/35/1651 2182/34/1651
f 2188/40/1651 2182/34/1651 2187/39/1651
f 2185/37/1652 2180/32/1652 2183/35/1652
f 2185/37/1652 2183/35/1652 2188/40/1652
f 2189/41/1653 2184/36/1653 2185/37/1653
f 2189/41/1653 2185/37/1653 2190/42/1653
f 2186/38/1654 2191/43/1654 2192/44/1654
f 2186/38/1654 2192/44/1654 2187/39/1654
f 2193/45/1655 2188/40/1655 2187/39/1655
f 2193/45/1655 2187/39/1655 2192/44/1655
f 2190/42/1198 2185/37/1198 2188/40/1198
f 2190/42/1198 2188/40/1198 2193/45/1198
f 2194/46/1656 2189/41/1656 2190/42/1656
f 2194/46/1656 2190/42/1656 2195/47/1657
f 2191/43/1658 2196/48/1658 2197/49/1658
f 2191/43/1658 2197/49/1658 2192/44/1658
f 2198/50/1659 2193/45/1660 2192/44/1660
f 2198/50/1659 2192/44/1660 2197/49/1659
f 2195/47/1661 2190/42/1661 2193/45/1662
f 2195/47/1661 2193/45/1662 2198/50/1662
f 2199/51/1203 2194/46/1203 2195/47/1203
f 2199/51/1203 2195/47/1203 2200/52/1203
f 2196/48/1204 2201/53/1204 2202/54/1204
f 2196/48/1204 2202/54/1204 2197/49/1204
f 2203/55/1663 2198/50/1663 2197/49/1663
f 2203/55/1663 2197/49/1663 2202/54/1663
f 2200/52/1664 2195/47/1664 2198/50/1664
f 2200/52/1664 2198/50/1664 2203/55/1664
f 2204/56/1665 2199/51/1665 2200/52/1665
f 2204/56/1665 2200/52/1665 2205/57/1665
f 2201/53/1666 2206/58/1667 2207/59/1667
f 2201/53/1666 2207/59/1667 2202/54/1666
f 2208/60/1211 2203/55/1211 2202/54/1211
f 2208/60/1211 2202/54/1211 2207/59/1211
f 2205/57/1668 2200/52/1668 2203/55/1668
f 2205/57/1668 2203/55/1668 2208/60/1668
f 2209/61/1669 2204/56/1669 2205/57/1669
f 2209/61/1669 2205/57/1669 2210/62/1669
f 2206/58/1670 2211/63/1670 2212/64/1670
f 2206/58/1670 2212/64/1670 2207/59/1670
f 2213/65/1671 2208/60/1671 2207/59/1671
f 2213/65/1671 2207/59/1671 2212/64/1671
f 2210/62/1672 2205/57/1672 2208/60/1672
f 2210/62/1672 2208/60/1672 2213/65/1672
f 2214/66/1218 2209/61/1218 2210/62/1218
f 2214/66/1218 2210/62/1218 2215/67/1218
f 2211/63/1673 2216/68/1673 2217/69/1673
f 2211/63/1673 2217/69/1673 2212/64/1673
f 2218/70/1674 2213/65/1674 2212/64/1674
f 2218/70/1674 2212/64/1674 2217/69/1674
f 2215/67/1675 2210/62/1675 2213/65/1675
f 2215/67/1675 2213/65/1675 2218/70/1675
f 2219/71/1676 2214/66/1676 2215/67/1676
f 2219/71/1676 2215/67/1676 2220/72/1676
f 2216/68/1677 2165/17/1677 2167/19/1677
f 2216/68/1677 2167/19/1677 2217/69/1677
f 2172/24/1224 2218/70/1224 2217/69/1224
f 2172/24/1224 2217/69/1224 2167/19/1224
f 2220/72/1678 2215/67/1678 2218/70/1678
f 2220/72/1678 2218/70/1678 2172/24/1678
f 2221/73/1226 2222/74/1226 2223/75/1226
f 2221/73/1226 2223/75/1226 2224/76/1226
f 2225/77/1679 2226/78/1679 2227/79/1679
f 2225/77/1679 2227/79/1679 2228/80/1679
f 2222/74/1680 2225/77/1680 2228/80/1680
f 2222/74/1680 2228/80/1680 2223/75/1680
f 2224/76/1681 2223/75/1681 2228/80/1681
f 2224/76/1681 2228/80/1681 2229/81/1681
f 2226/78/1682 2225/77/1682 2222/74/1682
f 2226/78/1682 2222/74/1682 2221/73/1682
f 2226/78/1683 2221/73/1683 2230/82/1683
f 2230/82/1684 2227/79/1232 2226/78/1684
f 2224/76/1685 2229/81/1685 2230/82/1685
f 2221/73/1686 2224/76/1235 2230/82/1235
f 2231/83/1687 2232/84/1687 2233/85/1687
f 2231/83/1687 2233/85/1687 2234/86/1687
f 2234/86/1237 2233/85/1237 2235/87/1237
f 2234/86/1237 2235/87/1237 2236/88/1237
f 2236/88/1688 2235/87/1689 2237/89/1688
f 2236/88/1688 2237/89/1688 2238/90/1688
f 2239/91/1690 2238/90/1690 2237/89/1690
f 2239/91/1690 2237/89/1690 2240/92/1690
f 2239/91/1240 2240/92/1240 2241/93/1240
f 2239/91/1240 2241/93/1240 2242/94/1240
f 2243/95/79 2244/96/79 2245/97/79
f 2235/87/79 2243/95/79 2245/97/79
f 2237/89/79 2235/87/79 2245/97/79
f 2246/98/79 2237/89/79 2245/97/79
f 2244/96/79 2246/98/79 2245/97/79
f 2247/99/1691 2248/100/1242 2249/101/1242
f 2247/99/1691 2249/101/1242 2250/102/1242
f 2251/103/1243 2252/104/1243 2253/105/1243
f 2251/103/1243 2253/105/1243 2254/106/1243
f 2248/100/1692 2251/103/1692 2254/106/1692
f 2248/100/1692 2254/106/1692 2249/101/1692
f 2255/107/1693 2249/101/1693 2254/106/1693
f 2255/107/1693 2254/106/1693 2253/105/1693
f 2252/104/1694 2251/103/1694 2248/100/1694
f 2252/104/1694 2248/100/1694 2247/99/1694
f 2252/104/1695 2247/99/1695 2256/108/1695
f 2256/108/1248 2253/105/1248 2252/104/1248
f 2255/107/1696 2253/105/1696 2256/108/1696
f 2247/99/1697 2250/102/1697 2256/108/1697
f 2257/109/1698 2258/110/1698 2259/111/1698
f 2257/109/1698 2259/111/1698 2260/112/1698
f 2261/113/1699 2262/114/1699 2263/115/1700
f 2261/113/1699 2263/115/1700 2264/116/1699
f 2258/110/1701 2261/113/1701 2264/116/1702
f 2258/110/1701 2264/116/1702 2259/111/1702
f 2265/117/1703 2259/111/1704 2264/116/1703
f 2265/117/1703 2264/116/1703 2263/115/1704
f 2262/114/1705 2261/113/1705 2258/110/1705
f 2262/114/1705 2258/110/1705 2257/109/1705
f 2262/114/1706 2257/109/1706 2266/118/1706
f 2266/118/1262 2263/115/1262 2262/114/1262
f 2265/117/1707 2263/115/1707 2266/118/1707
f 2257/109/1264 2260/112/1264 2266/118/1264
f 2267/119/1708 2268/120/1265 2269/121/1265
f 2267/119/1708 2269/121/1265 2270/122/1265
f 2271/123/1266 2272/124/1266 2273/125/1266
f 2271/123/1266 2273/125/1266 2274/126/1266
f 2268/120/1709 2271/123/1709 2274/126/1709
f 2268/120/1709 2274/126/1709 2269/121/1709
f 2270/122/1710 2269/121/1710 2274/126/1710
f 2270/122/1710 2274/126/1710 2275/127/1711
f 2272/124/1712 2271/123/1712 2268/120/1712
f 2272/124/1712 2268/120/1712 2267/119/1712
f 2272/124/1713 2267/119/1713 2276/128/1713
f 2276/128/1271 2273/125/1271 2272/124/1271
f 2270/122/1714 2275/127/1714 2276/128/1714
f 2267/119/1715 2270/122/1715 2276/128/1715
f 2277/129/1276 2278/130/1276 2279/131/1276
f 2277/129/1276 2279/131/1276 2280/132/1276
f 2281/133/1716 2282/134/1716 2283/135/1716
f 2281/133/1716 2283/135/1716 2284/136/1716
f 2278/130/1717 2281/133/1717 2284/136/1717
f 2278/130/1717 2284/136/1717 2279/131/1717
f 2280/132/1718 2279/131/1718 2284/136/1718
f 2280/132/1718 2284/136/1718 2283/135/1718
f 2282/134/1719 2281/133/1720 2278/130/1719
f 2282/134/1719 2278/130/1719 2285/137/1720
f 2282/134/1721 2285/137/1721 2286/138/1721
f 2286/138/1283 2283/135/1283 2282/134/1283
f 2280/132/1722 2283/135/1722 2286/138/1722
f 2277/129/1723 2280/132/1723 2286/138/1723
f 2287/139/1286 2288/140/1286 2289/141/1286
f 2287/139/1286 2289/141/1286 2290/142/1286
f 2290/142/1287 2289/141/1287 2291/143/1287
f 2290/142/1287 2291/143/1287 2292/144/1287
f 2293/145/1724 2294/146/1724 2295/147/1724
f 2296/148/1725 2297/149/1725 2298/150/1725
f 2291/143/1726 2297/149/1726 2299/151/1726
f 2291/143/1726 2299/151/1726 2292/144/1726
f 2295/147/1291 2294/146/1291 2300/152/1291
f 2298/150/1292 2297/149/1292 2291/143/1292
f 2296/148/1293 2301/153/1293 2299/151/1293
f 2296/148/1293 2299/151/1293 2297/149/1293
f 2302/154/1727 2287/139/1728 2290/142/1727
f 2302/154/1727 2290/142/1727 2303/155/1727
f 2301/153/1729 2304/156/1729 2305/157/1729
f 2301/153/1729 2305/157/1729 2299/151/1729
f 2306/158/1730 2292/144/1730 2299/151/1730
f 2306/158/1730 2299/151/1730 2305/157/1730
f 2303/155/1731 2290/142/1731 2292/144/1731
f 2303/155/1731 2292/144/1731 2306/158/1731
f 2307/159/1732 2302/154/1732 2303/155/1732
f 2307/159/1732 2303/155/1732 2308/160/1732
f 2304/156/1733 2309/161/1733 2310/162/1733
f 2304/156/1733 2310/162/1733 2305/157/1733
f 2311/163/1301 2306/158/1301 2305/157/1301
f 2311/163/1301 2305/157/1301 2310/162/1301
f 2308/160/1734 2303/155/1734 2306/158/1734
f 2308/160/1734 2306/158/1734 2311/163/1734
f 2312/164/1735 2307/159/1736 2308/160/1736
f 2312/164/1735 2308/160/1736 2313/165/1735
f 2309/161/1737 2314/166/1737 2315/167/1737
f 2309/161/1737 2315/167/1737 2310/162/1737
f 2316/168/1738 2311/163/1738 2310/162/1738
f 2316/168/1738 2310/162/1738 2315/167/1738
f 2313/165/1739 2308/160/1739 2311/163/1739
f 2313/165/1739 2311/163/1739 2316/168/1739
f 2317/169/1308 2312/164/1308 2313/165/1740
f 2317/169/1308 2313/165/1740 2318/170/1308
f 2314/166/1741 2319/171/1741 2320/172/1741
f 2314/166/1741 2320/172/1741 2315/167/1741
f 2321/173/1311 2316/168/1311 2315/167/1311
f 2321/173/1311 2315/167/1311 2320/172/1311
f 2318/170/1742 2313/165/1742 2316/168/1742
f 2318/170/1742 2316/168/1742 2321/173/1742
f 2322/174/1743 2317/169/1743 2318/170/1743
f 2322/174/1743 2318/170/1743 2323/175/1743
f 2319/171/1744 2324/176/1744 2325/177/1744
f 2319/171/1744 2325/177/1744 2320/172/1744
f 2326/178/1316 2321/173/1316 2320/172/1316
f 2326/178/1316 2320/172/1316 2325/177/1316
f 2323/175/1745 2318/170/1745 2321/173/1745
f 2323/175/1745 2321/173/1745 2326/178/1745
f 2327/179/1318 2322/174/1318 2323/175/1318
f 2327/179/1318 2323/175/1318 2328/180/1318
f 2324/176/1319 2329/181/1319 2330/182/1319
f 2324/176/1319 2330/182/1319 2325/177/1319
f 2331/183/1320 2326/178/1320 2325/177/1320
f 2331/183/1320 2325/177/1320 2330/182/1320
f 2328/180/1746 2323/175/1746 2326/178/1746
f 2328/180/1746 2326/178/1746 2331/183/1746
f 2332/184/1747 2327/179/1747 2328/180/1747
f 2332/184/1747 2328/180/1747 2333/185/1747
f 2329/181/1748 2334/186/1748 2335/187/1748
f 2329/181/1748 2335/187/1748 2330/182/1748
f 2336/188/1749 2331/183/1749 2330/182/1749
f 2336/188/1749 2330/182/1749 2335/187/1749
f 2333/185/1750 2328/180/1751 2331/183/1751
f 2333/185/1750 2331/183/1751 2336/188/1750
f 2337/189/1752 2332/184/1752 2333/185/1752
f 2337/189/1752 2333/185/1752 2338/190/1752
f 2334/186/1327 2339/191/1753 2340/192/1753
f 2334/186/1327 2340/192/1753 2335/187/1327
f 2341/193/1754 2336/188/1754 2335/187/1754
f 2341/193/1754 2335/187/1754 2340/192/1754
f 2338/190/1755 2333/185/1755 2336/188/1755
f 2338/190/1755 2336/188/1755 2341/193/1755
f 2342/194/1330 2337/189/1330 2338/190/1330
f 2342/194/1330 2338/190/1330 2343/195/1330
f 2339/191/1756 2344/196/1756 2345/197/1756
f 2339/191/1756 2345/197/1756 2340/192/1756
f 2346/198/1757 2341/193/1757 2340/192/1757
f 2346/198/1757 2340/192/1757 2345/197/1757
f 2343/195/1758 2338/190/1758 2341/193/1758
f 2343/195/1758 2341/193/1758 2346/198/1758
f 2347/199/1334 2342/194/1334 2343/195/1334
f 2347/199/1334 2343/195/1334 2348/200/1334
f 2344/196/1759 2293/145/1759 2295/147/1759
f 2344/196/1759 2295/147/1759 2345/197/1759
f 2300/152/1760 2346/198/1760 2345/197/1760
f 2300/152/1760 2345/197/1760 2295/147/1760
f 2348/200/1761 2343/195/1761 2346/198/1761
f 2348/200/1761 2346/198/1761 2300/152/1761
f 2349/201/1338 2350/202/1338 2351/203/1338
f 2349/201/1338 2351/203/1338 2352/204/1338
f 2353/205/1339 2354/206/1339 2355/207/1339
f 2353/205/1339 2355/207/1339 2356/208/1339
f 2350/202/1762 2353/205/1762 2356/208/1762
f 2350/202/1762 2356/208/1762 2351/203/1762
f 2352/204/1763 2351/203/1763 2356/208/1763
f 2352/204/1763 2356/208/1763 2357/209/1763
f 2354/206/1764 2353/205/1764 2350/202/1764
f 2354/206/1764 2350/202/1764 2349/201/1764
f 2354/206/1765 2349/201/1765 2358/210/1765
f 2358/210/1766 2355/207/1344 2354/206/1344
f 2352/204/1767 2357/209/1767 2358/210/1767
f 2349/201/1346 2352/204/1346 2358/210/1346
f 2359/211/1768 2360/212/1768 2361/213/1769
f 2359/211/1768 2361/213/1769 2362/214/1769
f 2362/214/1770 2361/213/1770 2363/215/1770
f 2362/214/1770 2363/215/1770 2364/216/1770
f 2364/216/1771 2363/215/1771 2365/217/1771
f 2364/216/1771 2365/217/1771 2366/218/1772
f 2366/218/1773 2365/217/1773 2367/219/1773
f 2366/218/1773 2367/219/1773 2368/220/1773
f 2369/221/1351 2370/222/1351 2360/212/1351
f 2369/221/1351 2360/212/1351 2359/211/1351
f 2361/213/79 2371/223/79 2372/224/79
f 2363/215/79 2361/213/79 2372/224/79
f 2373/225/79 2363/215/79 2372/224/79
f 2374/226/79 2373/225/79 2372/224/79
f 2371/223/79 2374/226/79 2372/224/79
f 2375/227/1774 2364/216/1774 2366/218/1774
f 2375/227/1774 2366/218/1774 2376/228/1775
f 2377/229/1353 2362/214/1353 2364/216/1353
f 2377/229/1353 2364/216/1353 2375/227/1353
f 2378/230/1776 2359/211/1776 2362/214/1776
f 2378/230/1776 2362/214/1776 2377/229/1776
f 2379/231/1777 2369/221/1777 2359/211/1777
f 2379/231/1777 2359/211/1777 2378/230/1777
f 2376/228/1778 2366/218/1778 2368/220/1778
f 2376/228/1778 2368/220/1778 2380/232/1778
f 2381/233/1359 2382/234/1359 2383/235/1359
f 2381/233/1359 2383/235/1359 2384/236/1359
f 2385/237/1779 2386/238/1779 2387/239/1779
f 2385/237/1779 2387/239/1779 2388/240/1779
f 2382/234/1780 2385/237/1780 2388/240/1780
f 2382/234/1780 2388/240/1780 2383/235/1780
f 2384/236/1781 2383/235/1781 2388/240/1781
f 2384/236/1781 2388/240/1781 2389/241/1781
f 2386/238/1782 2385/237/1782 2382/234/1782
f 2386/238/1782 2382/234/1782 2381/233/1782
f 2386/238/1783 2381/233/1783 2390/242/1783
f 2390/242/1784 2387/239/1784 2386/238/1784
f 2384/236/1785 2389/241/1785 2390/242/1785
f 2381/233/1786 2384/236/1786 2390/242/1786
f 2391/243/1787 2392/244/1787 2393/245/1787
f 2391/243/1787 2393/245/1787 2394/246/1787
f 2395/247/1788 2396/248/1788 2397/249/1788
f 2395/247/1788 2397/249/1788 2398/250/1788
f 2392/244/1789 2395/247/1789 2398/250/1789
f 2392/244/1789 2398/250/1789 2393/245/1789
f 2399/251/1790 2393/245/1790 2398/250/1790
f 2399/251/1790 2398/250/1790 2397/249/1790
f 2396/248/1791 2395/247/1791 2392/244/1791
f 2396/248/1791 2392/244/1791 2391/243/1791
f 2396/248/1792 2391/243/1792 2400/252/1792
f 2400/252/1793 2397/249/1793 2396/248/1793
f 2399/251/1794 2397/249/1794 2400/252/1794
f 2391/243/1376 2394/246/1376 2400/252/1376
f 2401/1/1795 2402/2/1796 2403/3/1795
f 2401/1/1795 2403/3/1795 2404/4/1796
f 2405/5/1797 2406/6/1797 2407/7/1797
f 2405/5/1797 2407/7/1797 2408/8/1378
f 2402/2/1798 2405/5/1798 2408/8/1798
f 2402/2/1798 2408/8/1798 2403/3/1798
f 2404/4/1799 2403/3/1799 2408/8/1799
f 2404/4/1799 2408/8/1799 2409/9/1799
f 2406/6/1800 2405/5/1800 2402/2/1800
f 2406/6/1800 2402/2/1800 2401/1/1800
f 2406/6/1801 2401/1/1801 2410/10/1801
f 2410/10/1802 2407/7/1802 2406/6/1802
f 2404/4/1803 2409/9/1803 2410/10/1803
f 2401/1/1804 2404/4/1804 2410/10/1804
f 2411/11/1386 2412/12/1386 2413/13/1386
f 2411/11/1386 2413/13/1386 2414/14/1386
f 2414/14/1387 2413/13/1387 2415/15/1387
f 2414/14/1387 2415/15/1387 2416/16/1387
f 2417/17/1388 2418/18/1388 2419/19/1388
f 2420/20/1389 2421/21/1389 2422/22/1389
f 2415/15/1390 2421/21/1390 2423/23/1390
f 2415/15/1390 2423/23/1390 2416/16/1390
f 2419/19/1805 2418/18/1805 2424/24/1805
f 2422/22/1392 2421/21/1392 2415/15/1392
f 2420/20/1393 2425/25/1393 2423/23/1393
f 2420/20/1393 2423/23/1393 2421/21/1393
f 2426/26/1806 2411/11/1806 2414/14/1806
f 2426/26/1806 2414/14/1806 2427/27/1806
f 2425/25/1807 2428/28/1807 2429/29/1808
f 2425/25/1807 2429/29/1808 2423/23/1808
f 2430/30/1809 2416/16/1809 2423/23/1809
f 2430/30/1809 2423/23/1809 2429/29/1809
f 2427/27/1810 2414/14/1810 2416/16/1810
f 2427/27/1810 2416/16/1810 2430/30/1810
f 2431/31/1400 2426/26/1400 2427/27/1400
f 2431/31/1400 2427/27/1400 2432/32/1400
f 2428/28/1811 2433/33/1811 2434/34/1811
f 2428/28/1811 2434/34/1811 2429/29/1811
f 2435/35/1402 2430/30/1402 2429/29/1402
f 2435/35/1402 2429/29/1402 2434/34/1402
f 2432/32/1403 2427/27/1403 2430/30/1403
f 2432/32/1403 2430/30/1403 2435/35/1403
f 2436/36/1812 2431/31/1812 2432/32/1812
f 2436/36/1812 2432/32/1812 2437/37/1812
f 2433/33/1813 2438/38/1813 2439/39/1405
f 2433/33/1813 2439/39/1405 2434/34/1813
f 2440/40/1814 2435/35/1814 2434/34/1814
f 2440/40/1814 2434/34/1814 2439/39/1814
f 2437/37/1815 2432/32/1815 2435/35/1815
f 2437/37/1815 2435/35/1815 2440/40/1815
f 2441/41/1408 2436/36/1408 2437/37/1408
f 2441/41/1408 2437/37/1408 2442/42/1408
f 2438/38/1409 2443/43/1409 2444/44/1409
f 2438/38/1409 2444/44/1409 2439/39/1409
f 2445/45/1816 2440/40/1816 2439/39/1816
f 2445/45/1816 2439/39/1816 2444/44/1816
f 2442/42/1411 2437/37/1411 2440/40/1411
f 2442/42/1411 2440/40/1411 2445/45/1411
f 2446/46/1817 2441/41/1817 2442/42/1817
f 2446/46/1817 2442/42/1817 2447/47/1817
f 2443/43/1818 2448/48/1818 2449/49/1818
f 2443/43/1818 2449/49/1818 2444/44/1818
f 2450/50/1819 2445/45/1820 2444/44/1821
f 2450/50/1819 2444/44/1821 2449/49/1819
f 2447/47/1822 2442/42/1822 2445/45/1822
f 2447/47/1822 2445/45/1822 2450/50/1822
f 2451/51/1416 2446/46/1416 2447/47/1416
f 2451/51/1416 2447/47/1416 2452/52/1417
f 2448/48/1418 2453/53/1418 2454/54/1418
f 2448/48/1418 2454/54/1418 2449/49/1418
f 2455/55/1419 2450/50/1419 2449/49/1419
f 2455/55/1419 2449/49/1419 2454/54/1419
f 2452/52/1420 2447/47/1420 2450/50/1420
f 2452/52/1420 2450/50/1420 2455/55/1420
f 2456/56/1823 2451/51/1823 2452/52/1823
f 2456/56/1823 2452/52/1823 2457/57/1823
f 2453/53/1422 2458/58/1422 2459/59/1422
f 2453/53/1422 2459/59/1422 2454/54/1422
f 2460/60/1824 2455/55/1824 2454/54/1824
f 2460/60/1824 2454/54/1824 2459/59/1824
f 2457/57/1825 2452/52/1825 2455/55/1825
f 2457/57/1825 2455/55/1825 2460/60/1825
f 2461/61/1826 2456/56/1826 2457/57/1826
f 2461/61/1826 2457/57/1826 2462/62/1826
f 2458/58/1827 2463/63/1827 2464/64/1827
f 2458/58/1827 2464/64/1827 2459/59/1827
f 2465/65/1427 2460/60/1427 2459/59/1427
f 2465/65/1427 2459/59/1427 2464/64/1427
f 2462/62/1428 2457/57/1428 2460/60/1428
f 2462/62/1428 2460/60/1428 2465/65/1428
f 2466/66/1429 2461/61/1429 2462/62/1828
f 2466/66/1429 2462/62/1828 2467/67/1429
f 2463/63/1829 2468/68/1829 2469/69/1829
f 2463/63/1829 2469/69/1829 2464/64/1829
f 2470/70/1431 2465/65/1431 2464/64/1431
f 2470/70/1431 2464/64/1431 2469/69/1431
f 2467/67/1432 2462/62/1432 2465/65/1432
f 2467/67/1432 2465/65/1432 2470/70/1432
f 2471/71/1433 2466/66/1433 2467/67/1433
f 2471/71/1433 2467/67/1433 2472/72/1433
f 2468/68/1434 2417/17/1434 2419/19/1434
f 2468/68/1434 2419/19/1434 2469/69/1434
f 2424/24/1435 2470/70/1435 2469/69/1435
f 2424/24/1435 2469/69/1435 2419/19/1435
f 2472/72/1830 2467/67/1831 2470/70/1830
f 2472/72/1830 2470/70/1830 2424/24/1830
f 2473/73/1377 2474/74/1377 2475/75/1377
f 2473/73/1377 2475/75/1377 2476/76/1377
f 2477/77/1797 2478/78/1797 2479/79/1797
f 2477/77/1797 2479/79/1797 2480/80/1797
f 2474/74/1832 2477/77/1832 2480/80/1832
f 2474/74/1832 2480/80/1832 2475/75/1832
f 2476/76/1833 2475/75/1833 2480/80/1834
f 2476/76/1833 2480/80/1834 2481/81/1834
f 2478/78/1835 2477/77/1835 2474/74/1835
f 2478/78/1835 2474/74/1835 2473/73/1835
f 2478/78/1836 2473/73/1836 2482/82/1836
f 2482/82/1837 2479/79/1837 2478/78/1837
f 2476/76/1838 2481/81/1838 2482/82/1838
f 2473/73/1444 2476/76/1444 2482/82/1444
f 2483/83/1839 2484/84/1839 2485/85/1839
f 2483/83/1839 2485/85/1839 2486/86/1840
f 2486/86/1446 2485/85/1446 2487/87/1446
f 2486/86/1446 2487/87/1446 2488/88/1446
f 2488/88/1447 2487/87/1447 2489/89/1447
f 2488/88/1447 2489/89/1447 2490/90/1447
f 2491/91/1448 2490/90/1448 2489/89/1448
f 2491/91/1448 2489/89/1448 2492/92/1448
f 2491/91/1841 2492/92/1841 2493/93/1841
f 2491/91/1841 2493/93/1841 2494/94/1841
f 2495/95/79 2496/96/79 2497/97/79
f 2487/87/79 2495/95/79 2497/97/79
f 2489/89/79 2487/87/79 2497/97/79
f 2498/98/79 2489/89/79 2497/97/79
f 2496/96/79 2498/98/79 2497/97/79
f 2499/99/1450 2500/100/1450 2501/101/1450
f 2499/99/1450 2501/101/1450 2502/102/1450
f 2503/103/1451 2504/104/1451 2505/105/1842
f 2503/103/1451 2505/105/1842 2506/106/1842
f 2500/100/1452 2503/103/1452 2506/106/1452
f 2500/100/1452 2506/106/1452 2501/101/1452
f 2507/107/1843 2501/101/1843 2506/106/1843
f 2507/107/1843 2506/106/1843 2505/105/1843
f 2504/104/1844 2503/103/1844 2500/100/1844
f 2504/104/1844 2500/100/1844 2499/99/1844
f 2504/104/1845 2499/99/1845 2508/108/1845
f 2508/108/1846 2505/105/1846 2504/104/1846
f 2507/107/1847 2505/105/1847 2508/108/1847
f 2499/99/1458 2502/102/1458 2508/108/1458
f 2509/109/1848 2510/110/1848 2511/111/1848
f 2509/109/1848 2511/111/1848 2512/112/1848
f 2513/113/1460 2514/114/1460 2515/115/1460
f 2513/113/1460 2515/115/1460 2516/116/1849
f 2510/110/1850 2513/113/1851 2516/116/1851
f 2510/110/1850 2516/116/1851 2511/111/1851
f 2517/117/1852 2511/111/1852 2516/116/1852
f 2517/117/1852 2516/116/1852 2515/115/1852
f 2514/114/1853 2513/113/1853 2510/110/1853
f 2514/114/1853 2510/110/1853 2509/109/1853
f 2514/114/1854 2509/109/1854 2518/118/1855
f 2518/118/1856 2515/115/1856 2514/114/1856
f 2517/117/1857 2515/115/1857 2518/118/1857
f 2509/109/1468 2512/112/1468 2518/118/1468
f 2519/119/1858 2520/120/1858 2521/121/1858
f 2519/119/1858 2521/121/1858 2522/122/1858
f 2523/123/1470 2524/124/1470 2525/125/1470
f 2523/123/1470 2525/125/1470 2526/126/1470
f 2520/120/1859 2523/123/1859 2526/126/1859
f 2520/120/1859 2526/126/1859 2521/121/1859
f 2522/122/1860 2521/121/1860 2526/126/1860
f 2522/122/1860 2526/126/1860 2527/127/1860
f 2524/124/1861 2523/123/1862 2520/120/1862
f 2524/124/1861 2520/120/1862 2519/119/1861
f 2524/124/1863 2519/119/1863 2528/128/1863
f 2528/128/1476 2525/125/1476 2524/124/1476
f 2522/122/1864 2527/127/1864 2528/128/1864
f 2519/119/1478 2522/122/1478 2528/128/1478
f 2529/1/1865 2530/2/1865 2531/3/1865
f 2529/1/1865 2531/3/1865 2532/4/1865
f 2533/5/1480 2534/6/1480 2535/7/1480
f 2533/5/1480 2535/7/1480 2536/8/1480
f 2530/2/1866 2533/5/1866 2536/8/1866
f 2530/2/1866 2536/8/1866 2531/3/1866
f 2532/4/1867 2531/3/1867 2536/8/1867
f 2532/4/1867 2536/8/1867 2537/9/1867
f 2534/6/1868 2533/5/1868 2530/2/1868
f 2534/6/1868 2530/2/1868 2529/1/1868
f 2534/6/1869 2529/1/1869 2538/10/1869
f 2538/10/1870 2535/7/1870 2534/6/1870
f 2532/4/1486 2537/9/1486 2538/10/1486
f 2529/1/953 2532/4/953 2538/10/953
f 2539/11/954 2540/12/954 2541/13/954
f 2539/11/954 2541/13/954 2542/14/954
f 2542/14/955 2541/13/955 2543/15/955
f 2542/14/955 2543/15/955 2544/16/955
f 2545/17/1489 2546/18/1489 2547/19/1489
f 2548/20/957 2549/21/957 2550/22/957
f 2543/15/1871 2549/21/1871 2551/23/1871
f 2543/15/1871 2551/23/1871 2544/16/1871
f 2547/19/1490 2546/18/1490 2552/24/1490
f 2550/22/960 2549/21/960 2543/15/960
f 2548/20/1872 2553/25/1872 2551/23/1872
f 2548/20/1872 2551/23/1872 2549/21/1872
f 2554/26/1492 2539/11/1492 2542/14/1492
f 2554/26/1492 2542/14/1492 2555/27/1492
f 2553/25/1873 2556/28/1873 2557/29/1873
f 2553/25/1873 2557/29/1873 2551/23/1873
f 2558/30/964 2544/16/964 2551/23/964
f 2558/30/964 2551/23/964 2557/29/964
f 2555/27/1874 2542/14/1874 2544/16/1874
f 2555/27/1874 2544/16/1874 2558/30/1874
f 2559/31/966 2554/26/966 2555/27/966
f 2559/31/966 2555/27/966 2560/32/966
f 2556/28/1875 2561/33/1875 2562/34/1875
f 2556/28/1875 2562/34/1875 2557/29/1875
f 2563/35/968 2558/30/968 2557/29/968
f 2563/35/968 2557/29/968 2562/34/968
f 2560/32/1497 2555/27/1497 2558/30/1497
f 2560/32/1497 2558/30/1497 2563/35/1497
f 2564/36/1499 2559/31/1499 2560/32/1499
f 2564/36/1499 2560/32/1499 2565/37/1499
f 2561/33/1876 2566/38/1876 2567/39/1876
f 2561/33/1876 2567/39/1876 2562/34/1876
f 2568/40/972 2563/35/972 2562/34/972
f 2568/40/972 2562/34/972 2567/39/972
f 2565/37/973 2560/32/973 2563/35/973
f 2565/37/973 2563/35/973 2568/40/973
f 2569/41/974 2564/36/974 2565/37/974
f 2569/41/974 2565/37/974 2570/42/974
f 2566/38/1501 2571/43/1501 2572/44/1501
f 2566/38/1501 2572/44/1501 2567/39/1501
f 2573/45/976 2568/40/976 2567/39/976
f 2573/45/976 2567/39/976 2572/44/976
f 2570/42/1877 2565/37/1877 2568/40/1877
f 2570/42/1877 2568/40/1877 2573/45/1877
f 2574/46/978 2569/41/978 2570/42/978
f 2574/46/978 2570/42/978 2575/47/978
f 2571/43/979 2576/48/979 2577/49/979
f 2571/43/979 2577/49/979 2572/44/979
f 2578/50/980 2573/45/980 2572/44/980
f 2578/50/980 2572/44/980 2577/49/980
f 2575/47/981 2570/42/981 2573/45/981
f 2575/47/981 2573/45/981 2578/50/981
f 2579/51/982 2574/46/982 2575/47/982
f 2579/51/982 2575/47/982 2580/52/982
f 2576/48/983 2581/53/983 2582/54/983
f 2576/48/983 2582/54/983 2577/49/983
f 2583/55/985 2578/50/985 2577/49/985
f 2583/55/985 2577/49/985 2582/54/985
f 2580/52/1878 2575/47/1878 2578/50/1878
f 2580/52/1878 2578/50/1878 2583/55/1878
f 2584/56/987 2579/51/987 2580/52/1879
f 2584/56/987 2580/52/1879 2585/57/987
f 2581/53/1880 2586/58/1880 2587/59/1880
f 2581/53/1880 2587/59/1880 2582/54/1880
f 2588/60/1508 2583/55/1508 2582/54/1508
f 2588/60/1508 2582/54/1508 2587/59/1508
f 2585/57/1509 2580/52/1509 2583/55/1509
f 2585/57/1509 2583/55/1509 2588/60/1509
f 2589/61/1881 2584/56/1881 2585/57/1881
f 2589/61/1881 2585/57/1881 2590/62/1881
f 2586/58/1882 2591/63/1882 2592/64/1882
f 2586/58/1882 2592/64/1882 2587/59/1882
f 2593/65/995 2588/60/995 2587/59/995
f 2593/65/995 2587/59/995 2592/64/995
f 2590/62/996 2585/57/996 2588/60/996
f 2590/62/996 2588/60/996 2593/65/996
f 2594/66/1883 2589/61/1883 2590/62/1883
f 2594/66/1883 2590/62/1883 2595/67/1884
f 2591/63/1514 2596/68/1514 2597/69/1514
f 2591/63/1514 2597/69/1514 2592/64/1514
f 2598/70/1515 2593/65/1515 2592/64/1515
f 2598/70/1515 2592/64/1515 2597/69/1515
f 2595/67/1516 2590/62/1516 2593/65/1516
f 2595/67/1516 2593/65/1516 2598/70/1516
f 2599/71/1885 2594/66/1885 2595/67/1885
f 2599/71/1885 2595/67/1885 2600/72/1885
f 2596/68/1002 2545/17/1002 2547/19/1002
f 2596/68/1002 2547/19/1002 2597/69/1002
f 2552/24/1886 2598/70/1886 2597/69/1886
f 2552/24/1886 2597/69/1886 2547/19/1886
f 2600/72/1887 2595/67/1887 2598/70/1887
f 2600/72/1887 2598/70/1887 2552/24/1887
f 2601/73/943 2602/74/943 2603/75/943
f 2601/73/943 2603/75/943 2604/76/943
f 2605/77/1519 2606/78/1519 2607/79/1519
f 2605/77/1519 2607/79/1519 2608/80/1519
f 2602/74/1888 2605/77/1888 2608/80/1888
f 2602/74/1888 2608/80/1888 2603/75/1888
f 2604/76/1521 2603/75/1521 2608/80/1521
f 2604/76/1521 2608/80/1521 2609/81/1521
f 2606/78/1889 2605/77/1889 2602/74/1889
f 2606/78/1889 2602/74/1889 2601/73/1889
f 2606/78/1523 2601/73/1523 2610/82/1523
f 2610/82/950 2607/79/950 2606/78/950
f 2604/76/1890 2609/81/1890 2610/82/1890
f 2601/73/1891 2604/76/1011 2610/82/1011
f 2611/83/1012 2612/84/1012 2613/85/1012
f 2611/83/1012 2613/85/1012 2614/86/1012
f 2614/86/1526 2613/85/1526 2615/87/1526
f 2614/86/1526 2615/87/1526 2616/88/1526
f 2616/88/1892 2615/87/1892 2617/89/1892
f 2616/88/1892 2617/89/1892 2618/90/1892
f 2619/91/1893 2618/90/1893 2617/89/1893
f 2619/91/1893 2617/89/1893 2620/92/1894
f 2619/91/1018 2620/92/1018 2621/93/1017
f 2619/91/1018 2621/93/1017 2622/94/1017
f 2623/95/79 2624/96/79 2625/97/79
f 2615/87/79 2623/95/79 2625/97/79
f 2617/89/79 2615/87/79 2625/97/79
f 2626/98/79 2617/89/79 2625/97/79
f 2624/96/79 2626/98/79 2625/97/79
f 2627/99/1530 2628/100/1530 2629/101/1530
f 2627/99/1530 2629/101/1530 2630/102/1530
f 2631/103/1531 2632/104/1531 2633/105/1531
f 2631/103/1531 2633/105/1531 2634/106/1531
f 2628/100/1532 2631/103/1532 2634/106/1532
f 2628/100/1532 2634/106/1532 2629/101/1532
f 2635/107/1533 2629/101/1533 2634/106/1533
f 2635/107/1533 2634/106/1533 2633/105/1533
f 2632/104/1895 2631/103/1895 2628/100/1025
f 2632/104/1895 2628/100/1025 2627/99/1025
f 2632/104/1535 2627/99/1535 2636/108/1535
f 2636/108/1027 2633/105/1027 2632/104/1027
f 2635/107/1896 2633/105/1896 2636/108/1896
f 2627/99/1029 2630/102/1029 2636/108/1029
f 2637/109/1030 2638/110/1030 2639/111/1030
f 2637/109/1030 2639/111/1030 2640/112/1030
f 2641/113/1897 2642/114/1897 2643/115/1897
f 2641/113/1897 2643/115/1897 2644/116/1897
f 2638/110/1898 2641/113/1898 2644/116/1898
f 2638/110/1898 2644/116/1898 2639/111/1898
f 2645/117/1899 2639/111/1899 2644/116/1899
f 2645/117/1899 2644/116/1899 2643/115/1899
f 2642/114/1900 2641/113/1900 2638/110/1900
f 2642/114/1900 2638/110/1900 2637/109/1900
f 2642/114/1901 2637/109/1901 2646/118/1901
f 2646/118/1902 2643/115/1902 2642/114/1902
f 2645/117/1903 2643/115/1903 2646/118/1903
f 2637/109/1039 2640/112/1039 2646/118/1039
f 2647/119/1040 2648/120/1040 2649/121/1040
f 2647/119/1040 2649/121/1040 2650/122/1040
f 2651/123/1042 2652/124/1042 2653/125/1042
f 2651/123/1042 2653/125/1042 2654/126/1042
f 2648/120/1904 2651/123/1904 2654/126/1904
f 2648/120/1904 2654/126/1904 2649/121/1904
f 2650/122/1905 2649/121/1905 2654/126/1905
f 2650/122/1905 2654/126/1905 2655/127/1905
f 2652/124/1547 2651/123/1547 2648/120/1547
f 2652/124/1547 2648/120/1547 2647/119/1547
f 2652/124/1548 2647/119/1548 2656/128/1548
f 2656/128/1906 2653/125/1906 2652/124/1906
f 2650/122/1907 2655/127/1907 2656/128/1907
f 2647/119/1050 2650/122/1050 2656/128/1050
f 2657/129/1051 2658/130/1051 2659/131/1051
f 2657/129/1051 2659/131/1051 2660/132/1051
f 2661/133/1908 2662/134/1908 2663/135/1908
f 2661/133/1908 2663/135/1908 2664/136/1908
f 2658/130/1053 2661/133/1053 2664/136/1053
f 2658/130/1053 2664/136/1053 2659/131/1053
f 2660/132/1909 2659/131/1909 2664/136/1909
f 2660/132/1909 2664/136/1909 2663/135/1909
f 2662/134/1910 2661/133/1910 2658/130/1910
f 2662/134/1910 2658/130/1910 2665/137/1910
f 2662/134/1911 2665/137/1911 2666/138/1911
f 2666/138/1057 2663/135/1057 2662/134/1057
f 2660/132/1554 2663/135/1554 2666/138/1554
f 2657/129/1555 2660/132/1555 2666/138/1555
f 2667/139/1556 2668/140/1556 2669/141/1556
f 2667/139/1556 2669/141/1556 2670/142/1912
f 2670/142/1557 2669/141/1557 2671/143/1557
f 2670/142/1557 2671/143/1557 2672/144/1557
f 2673/145/1558 2674/146/1558 2675/147/1558
f 2676/148/1064 2677/149/1064 2678/150/1064
f 2671/143/1559 2677/149/1559 2679/151/1913
f 2671/143/1559 2679/151/1913 2672/144/1559
f 2675/147/1066 2674/146/1066 2680/152/1066
f 2678/150/1067 2677/149/1067 2671/143/1067
f 2676/148/1068 2681/153/1068 2679/151/1068
f 2676/148/1068 2679/151/1068 2677/149/1068
f 2682/154/1560 2667/139/1560 2670/142/1560
f 2682/154/1560 2670/142/1560 2683/155/1560
f 2681/153/1070 2684/156/1070 2685/157/1070
f 2681/153/1070 2685/157/1070 2679/151/1070
f 2686/158/1072 2672/144/1072 2679/151/1072
f 2686/158/1072 2679/151/1072 2685/157/1072
f 2683/155/1914 2670/142/1914 2672/144/1914
f 2683/155/1914 2672/144/1914 2686/158/1914
f 2687/159/1075 2682/154/1075 2683/155/1075
f 2687/159/1075 2683/155/1075 2688/160/1075
f 2684/156/1915 2689/161/1915 2690/162/1915
f 2684/156/1915 2690/162/1915 2685/157/1915
f 2691/163/1916 2686/158/1916 2685/157/1916
f 2691/163/1916 2685/157/1916 2690/162/1916
f 2688/160/1078 2683/155/1078 2686/158/1078
f 2688/160/1078 2686/158/1078 2691/163/1078
f 2692/164/1917 2687/159/1917 2688/160/1917
f 2692/164/1917 2688/160/1917 2693/165/1917
f 2689/161/1918 2694/166/1918 2695/167/1919
f 2689/161/1918 2695/167/1919 2690/162/1919
f 2696/168/1920 2691/163/1920 2690/162/1920
f 2696/168/1920 2690/162/1920 2695/167/1920
f 2693/165/1570 2688/160/1570 2691/163/1569
f 2693/165/1570 2691/163/1569 2696/168/1570
f 2697/169/1083 2692/164/1083 2693/165/1083
f 2697/169/1083 2693/165/1083 2698/170/1083
f 2694/166/1084 2699/171/1084 2700/172/1084
f 2694/166/1084 2700/172/1084 2695/167/1084
f 2701/173/1572 2696/168/1085 2695/167/1572
f 2701/173/1572 2695/167/1572 2700/172/1572
f 2698/170/1573 2693/165/1573 2696/168/1573
f 2698/170/1573 2696/168/1573 2701/173/1573
f 2702/174/1574 2697/169/1575 2698/170/1575
f 2702/174/1574 2698/170/1575 2703/175/1575
f 2699/171/1921 2704/176/1921 2705/177/1921
f 2699/171/1921 2705/177/1921 2700/172/1921
f 2706/178/1577 2701/173/1577 2700/172/1577
f 2706/178/1577 2700/172/1577 2705/177/1577
f 2703/175/1922 2698/170/1922 2701/173/1922
f 2703/175/1922 2701/173/1922 2706/178/1922
f 2707/179/1579 2702/174/1579 2703/175/1579
f 2707/179/1579 2703/175/1579 2708/180/1579
f 2704/176/1923 2709/181/1923 2710/182/1923
f 2704/176/1923 2710/182/1923 2705/177/1924
f 2711/183/1094 2706/178/1925 2705/177/1094
f 2711/183/1094 2705/177/1094 2710/182/1094
f 2708/180/1095 2703/175/1095 2706/178/1095
f 2708/180/1095 2706/178/1095 2711/183/1095
f 2712/184/1582 2707/179/1582 2708/180/1582
f 2712/184/1582 2708/180/1582 2713/185/1582
f 2709/181/1583 2714/186/1583 2715/187/1583
f 2709/181/1583 2715/187/1583 2710/182/1583
f 2716/188/1584 2711/183/1584 2710/182/1584
f 2716/188/1584 2710/182/1584 2715/187/1584
f 2713/185/1926 2708/180/1926 2711/183/1926
f 2713/185/1926 2711/183/1926 2716/188/1926
f 2717/189/1927 2712/184/1927 2713/185/1927
f 2717/189/1927 2713/185/1927 2718/190/1927
f 2714/186/1587 2719/191/1587 2720/192/1587
f 2714/186/1587 2720/192/1587 2715/187/1587
f 2721/193/1928 2716/188/1928 2715/187/1928
f 2721/193/1928 2715/187/1928 2720/192/1928
f 2718/190/1929 2713/185/1929 2716/188/1929
f 2718/190/1929 2716/188/1929 2721/193/1929
f 2722/194/1930 2717/189/1930 2718/190/1930
f 2722/194/1930 2718/190/1930 2723/195/1930
f 2719/191/1105 2724/196/1105 2725/197/1105
f 2719/191/1105 2725/197/1105 2720/192/1105
f 2726/198/1591 2721/193/1591 2720/192/1591
f 2726/198/1591 2720/192/1591 2725/197/1591
f 2723/195/1931 2718/190/1931 2721/193/1931
f 2723/195/1931 2721/193/1931 2726/198/1931
f 2727/199/1109 2722/194/1109 2723/195/1109
f 2727/199/1109 2723/195/1109 2728/200/1109
f 2724/196/1932 2673/145/1932 2675/147/1932
f 2724/196/1932 2675/147/1932 2725/197/1932
f 2680/152/1595 2726/198/1595 2725/197/1595
f 2680/152/1595 2725/197/1595 2675/147/1595
f 2728/200/1933 2723/195/1933 2726/198/1933
f 2728/200/1933 2726/198/1933 2680/152/1933
f 2729/201/1597 2730/202/1597 2731/203/1597
f 2729/201/1597 2731/203/1597 2732/204/1597
f 2733/205/1115 2734/206/1115 2735/207/1115
f 2733/205/1115 2735/207/1115 2736/208/1115
f 2730/202/1934 2733/205/1934 2736/208/1934
f 2730/202/1934 2736/208/1934 2731/203/1934
f 2732/204/1935 2731/203/1935 2736/208/1935
f 2732/204/1935 2736/208/1935 2737/209/1935
f 2734/206/1936 2733/205/1936 2730/202/1936
f 2734/206/1936 2730/202/1936 2729/201/1936
f 2734/206/1602 2729/201/1602 2738/210/1602
f 2738/210/1120 2735/207/1120 2734/206/1120
f 2732/204/1603 2737/209/1603 2738/210/1603
f 2729/201/1122 2732/204/1122 2738/210/1122
f 2739/211/1606 2740/212/1606 2741/213/1606
f 2739/211/1606 2741/213/1606 2742/214/1606
f 2742/214/1607 2741/213/1607 2743/215/1607
f 2742/214/1607 2743/215/1607 2744/216/1607
f 2744/216/1937 2743/215/1937 2745/217/1937
f 2744/216/1937 2745/217/1937 2746/218/1937
f 2746/218/1610 2745/217/1610 2747/219/1610
f 2746/218/1610 2747/219/1610 2748/220/1610
f 2749/221/1128 2750/222/1128 2740/212/1128
f 2749/221/1128 2740/212/1128 2739/211/1128
f 2741/213/1130 2751/223/1130 2752/224/1130
f 2743/215/1131 2741/213/1131 2752/224/1131
f 2753/225/1938 2743/215/1938 2752/224/1938
f 2754/226/1612 2753/225/1612 2752/224/1612
f 2751/223/1612 2754/226/1612 2752/224/1612
f 2755/227/1939 2744/216/1939 2746/218/1939
f 2755/227/1939 2746/218/1939 2756/228/1939
f 2757/229/1940 2742/214/1940 2744/216/1940
f 2757/229/1940 2744/216/1940 2755/227/1940
f 2758/230/1941 2739/211/1941 2742/214/1941
f 2758/230/1941 2742/214/1941 2757/229/1941
f 2759/231/1617 2749/221/1617 2739/211/1617
f 2759/231/1617 2739/211/1617 2758/230/1617
f 2756/228/1942 2746/218/1942 2748/220/1943
f 2756/228/1942 2748/220/1943 2760/232/1942
f 2761/233/1944 2762/234/1944 2763/235/1944
f 2761/233/1944 2763/235/1944 2764/236/1944
f 2765/237/1619 2766/238/1619 2767/239/1619
f 2765/237/1619 2767/239/1619 2768/240/1619
f 2762/234/1945 2765/237/1945 2768/240/1945
f 2762/234/1945 2768/240/1945 2763/235/1945
f 2764/236/1621 2763/235/1621 2768/240/1621
f 2764/236/1621 2768/240/1621 2769/241/1621
f 2766/238/1946 2765/237/1946 2762/234/1946
f 2766/238/1946 2762/234/1946 2761/233/1946
f 2766/238/1947 2761/233/1947 2770/242/1947
f 2770/242/1624 2767/239/1624 2766/238/1624
f 2764/236/1948 2769/241/1948 2770/242/1948
f 2761/233/1949 2764/236/1949 2770/242/1949
f 2771/243/1950 2772/244/1950 2773/245/1950
f 2771/243/1950 2773/245/1950 2774/246/1950
f 2775/247/1152 2776/248/1152 2777/249/1152
f 2775/247/1152 2777/249/1152 2778/250/1152
f 2772/244/1951 2775/247/1951 2778/250/1951
f 2772/244/1951 2778/250/1951 2773/245/1951
f 2779/251/1952 2773/245/1952 2778/250/1952
f 2779/251/1952 2778/250/1952 2777/249/1952
f 2776/248/1631 2775/247/1631 2772/244/1631
f 2776/248/1631 2772/244/1631 2771/243/1631
f 2776/248/1953 2771/243/1953 2780/252/1953
f 2780/252/1157 2777/249/1157 2776/248/1157
f 2779/251/1954 2777/249/1954 2780/252/1954
f 2771/243/1955 2774/246/1956 2780/252/1955
f 2781/1/1957 2782/2/1957 2783/3/1958
f 2781/1/1957 2783/3/1958 2784/4/1958
f 2785/5/1162 2786/6/1162 2787/7/1162
f 2785/5/1162 2787/7/1162 2788/8/1162
f 2782/2/1959 2785/5/1959 2788/8/1959
f 2782/2/1959 2788/8/1959 2783/3/1959
f 2784/4/1636 2783/3/1636 2788/8/1636
f 2784/4/1636 2788/8/1636 2789/9/1636
f 2786/6/1960 2785/5/1960 2782/2/1960
f 2786/6/1960 2782/2/1960 2781/1/1960
f 2786/6/1961 2781/1/1961 2790/10/1961
f 2790/10/1962 2787/7/1962 2786/6/1962
f 2784/4/1963 2789/9/1963 2790/10/1963
f 2781/1/1169 2784/4/1169 2790/10/1169
f 2791/11/1170 2792/12/1170 2793/13/1170
f 2791/11/1170 2793/13/1170 2794/14/1170
f 2794/14/1641 2793/13/1964 2795/15/1964
f 2794/14/1641 2795/15/1964 2796/16/1964
f 2797/17/1173 2798/18/1173 2799/19/1173
f 2800/20/1174 2801/21/1174 2802/22/1174
f 2795/15/1642 2801/21/1642 2803/23/1642
f 2795/15/1642 2803/23/1642 2796/16/1642
f 2799/19/1643 2798/18/1643 2804/24/1643
f 2802/22/1177 2801/21/1177 2795/15/1177
f 2800/20/1965 2805/25/1965 2803/23/1178
f 2800/20/1965 2803/23/1178 2801/21/1965
f 2806/26/1644 2791/11/1644 2794/14/1644
f 2806/26/1644 2794/14/1644 2807/27/1644
f 2805/25/1966 2808/28/1966 2809/29/1966
f 2805/25/1966 2809/29/1966 2803/23/1966
f 2810/30/1181 2796/16/1181 2803/23/1181
f 2810/30/1181 2803/23/1181 2809/29/1181
f 2807/27/1184 2794/14/1184 2796/16/1184
f 2807/27/1184 2796/16/1184 2810/30/1184
f 2811/31/1185 2806/26/1185 2807/27/1185
f 2811/31/1185 2807/27/1185 2812/32/1185
f 2808/28/1186 2813/33/1186 2814/34/1186
f 2808/28/1186 2814/34/1186 2809/29/1186
f 2815/35/1967 2810/30/1967 2809/29/1967
f 2815/35/1967 2809/29/1967 2814/34/1967
f 2812/32/1968 2807/27/1968 2810/30/1968
f 2812/32/1968 2810/30/1968 2815/35/1968
f 2816/36/1649 2811/31/1649 2812/32/1649
f 2816/36/1649 2812/32/1649 2817/37/1649
f 2813/33/1650 2818/38/1650 2819/39/1650
f 2813/33/1650 2819/39/1650 2814/34/1650
f 2820/40/1969 2815/35/1969 2814/34/1969
f 2820/40/1969 2814/34/1969 2819/39/1969
f 2817/37/1970 2812/32/1970 2815/35/1652
f 2817/37/1970 2815/35/1652 2820/40/1970
f 2821/41/1653 2816/36/1653 2817/37/1653
f 2821/41/1653 2817/37/1653 2822/42/1653
f 2818/38/1654 2823/43/1196 2824/44/1654
f 2818/38/1654 2824/44/1654 2819/39/1196
f 2825/45/1655 2820/40/1655 2819/39/1655
f 2825/45/1655 2819/39/1655 2824/44/1655
f 2822/42/1971 2817/37/1971 2820/40/1198
f 2822/42/1971 2820/40/1198 2825/45/1971
f 2826/46/1972 2821/41/1972 2822/42/1972
f 2826/46/1972 2822/42/1972 2827/47/1972
f 2823/43/1973 2828/48/1973 2829/49/1973
f 2823/43/1973 2829/49/1973 2824/44/1973
f 2830/50/1660 2825/45/1660 2824/44/1660
f 2830/50/1660 2824/44/1660 2829/49/1660
f 2827/47/1974 2822/42/1974 2825/45/1974
f 2827/47/1974 2825/45/1974 2830/50/1974
f 2831/51/1975 2826/46/1975 2827/47/1975
f 2831/51/1975 2827/47/1975 2832/52/1975
f 2828/48/1976 2833/53/1976 2834/54/1976
f 2828/48/1976 2834/54/1976 2829/49/1976
f 2835/55/1205 2830/50/1205 2829/49/1205
f 2835/55/1205 2829/49/1205 2834/54/1205
f 2832/52/1664 2827/47/1664 2830/50/1664
f 2832/52/1664 2830/50/1664 2835/55/1664
f 2836/56/1977 2831/51/1977 2832/52/1977
f 2836/56/1977 2832/52/1977 2837/57/1977
f 2833/53/1666 2838/58/1666 2839/59/1666
f 2833/53/1666 2839/59/1666 2834/54/1666
f 2840/60/1978 2835/55/1978 2834/54/1978
f 2840/60/1978 2834/54/1978 2839/59/1978
f 2837/57/1979 2832/52/1980 2835/55/1979
f 2837/57/1979 2835/55/1979 2840/60/1980
f 2841/61/1213 2836/56/1213 2837/57/1213
f 2841/61/1213 2837/57/1213 2842/62/1213
f 2838/58/1214 2843/63/1214 2844/64/1214
f 2838/58/1214 2844/64/1214 2839/59/1214
f 2845/65/1671 2840/60/1671 2839/59/1671
f 2845/65/1671 2839/59/1671 2844/64/1671
f 2842/62/1672 2837/57/1672 2840/60/1672
f 2842/62/1672 2840/60/1672 2845/65/1672
f 2846/66/1218 2841/61/1218 2842/62/1218
f 2846/66/1218 2842/62/1218 2847/67/1218
f 2843/63/1981 2848/68/1981 2849/69/1981
f 2843/63/1981 2849/69/1981 2844/64/1981
f 2850/70/1982 2845/65/1982 2844/64/1982
f 2850/70/1982 2844/64/1982 2849/69/1982
f 2847/67/1983 2842/62/1983 2845/65/1983
f 2847/67/1983 2845/65/1983 2850/70/1983
f 2851/71/1676 2846/66/1676 2847/67/1676
f 2851/71/1676 2847/67/1676 2852/72/1676
f 2848/68/1223 2797/17/1223 2799/19/1223
f 2848/68/1223 2799/19/1223 2849/69/1223
f 2804/24/1224 2850/70/1224 2849/69/1224
f 2804/24/1224 2849/69/1224 2799/19/1224
f 2852/72/1225 2847/67/1225 2850/70/1225
f 2852/72/1225 2850/70/1225 2804/24/1225
f 2853/73/1226 2854/74/1226 2855/75/1226
f 2853/73/1226 2855/75/1226 2856/76/1226
f 2857/77/1679 2858/78/1679 2859/79/1679
f 2857/77/1679 2859/79/1679 2860/80/1679
f 2854/74/1680 2857/77/1680 2860/80/1680
f 2854/74/1680 2860/80/1680 2855/75/1680
f 2856/76/1681 2855/75/1681 2860/80/1681
f 2856/76/1681 2860/80/1681 2861/81/1681
f 2858/78/1682 2857/77/1682 2854/74/1682
f 2858/78/1682 2854/74/1682 2853/73/1682
f 2858/78/1683 2853/73/1683 2862/82/1683
f 2862/82/1232 2859/79/1232 2858/78/1232
f 2856/76/1984 2861/81/1984 2862/82/1984
f 2853/73/1985 2856/76/1985 2862/82/1985
f 2863/83/1986 2864/84/1986 2865/85/1986
f 2863/83/1986 2865/85/1986 2866/86/1986
f 2866/86/1237 2865/85/1237 2867/87/1237
f 2866/86/1237 2867/87/1237 2868/88/1237
f 2868/88/1689 2867/87/1688 2869/89/1688
f 2868/88/1689 2869/89/1688 2870/90/1688
f 2871/91/1987 2870/90/1987 2869/89/1987
f 2871/91/1987 2869/89/1987 2872/92/1987
f 2871/91/1988 2872/92/1988 2873/93/1988
f 2871/91/1988 2873/93/1988 2874/94/1988
f 2875/95/79 2876/96/79 2877/97/79
f 2867/87/79 2875/95/79 2877/97/79
f 2869/89/79 2867/87/79 2877/97/79
f 2878/98/79 2869/89/79 2877/97/79
f 2876/96/79 2878/98/79 2877/97/79
f 2879/99/1691 2880/100/1691 2881/101/1242
f 2879/99/1691 2881/101/1242 2882/102/1242
f 2883/103/1243 2884/104/1243 2885/105/1243
f 2883/103/1243 2885/105/1243 2886/106/1243
f 2880/100/1989 2883/103/1989 2886/106/1989
f 2880/100/1989 2886/106/1989 2881/101/1989
f 2887/107/1693 2881/101/1693 2886/106/1693
f 2887/107/1693 2886/106/1693 2885/105/1693
f 2884/104/1694 2883/103/1694 2880/100/1694
f 2884/104/1694 2880/100/1694 2879/99/1694
f 2884/104/1695 2879/99/1695 2888/108/1695
f 2888/108/1248 2885/105/1248 2884/104/1248
f 2887/107/1696 2885/105/1696 2888/108/1696
f 2879/99/1697 2882/102/1697 2888/108/1697
f 2889/109/1698 2890/110/1698 2891/111/1698
f 2889/109/1698 2891/111/1698 2892/112/1698
f 2893/113/1699 2894/114/1699 2895/115/1699
f 2893/113/1699 2895/115/1699 2896/116/1699
f 2890/110/1990 2893/113/1990 2896/116/1990
f 2890/110/1990 2896/116/1990 2891/111/1990
f 2897/117/1704 2891/111/1704 2896/116/1704
f 2897/117/1704 2896/116/1704 2895/115/1703
f 2894/114/1705 2893/113/1705 2890/110/1705
f 2894/114/1705 2890/110/1705 2889/109/1705
f 2894/114/1991 2889/109/1991 2898/118/1991
f 2898/118/1262 2895/115/1262 2894/114/1262
f 2897/117/1707 2895/115/1707 2898/118/1707
f 2889/109/1264 2892/112/1264 2898/118/1264
f 2899/119/1992 2900/120/1992 2901/121/1992
f 2899/119/1992 2901/121/1992 2902/122/1992
f 2903/123/1266 2904/124/1266 2905/125/1266
f 2903/123/1266 2905/125/1266 2906/126/1266
f 2900/120/1993 2903/123/1993 2906/126/1993
f 2900/120/1993 2906/126/1993 2901/121/1993
f 2902/122/1994 2901/121/1994 2906/126/1994
f 2902/122/1994 2906/126/1994 2907/127/1994
f 2904/124/1995 2903/123/1995 2900/120/1995
f 2904/124/1995 2900/120/1995 2899/119/1995
f 2904/124/1713 2899/119/1713 2908/128/1713
f 2908/128/1271 2905/125/1271 2904/124/1271
f 2902/122/1996 2907/127/1996 2908/128/1996
f 2899/119/1715 2902/122/1715 2908/128/1715
f 2909/129/1275 2910/130/1275 2911/131/1275
f 2909/129/1275 2911/131/1275 2912/132/1276
f 2913/133/1997 2914/134/1997 2915/135/1997
f 2913/133/1997 2915/135/1997 2916/136/1997
f 2910/130/1998 2913/133/1998 2916/136/1999
f 2910/130/1998 2916/136/1999 2911/131/1999
f 2912/132/2000 2911/131/2000 2916/136/2000
f 2912/132/2000 2916/136/2000 2915/135/2000
f 2914/134/2001 2913/133/2001 2910/130/2001
f 2914/134/2001 2910/130/2001 2917/137/2001
f 2914/134/2002 2917/137/2002 2918/138/2002
f 2918/138/1283 2915/135/1283 2914/134/1283
f 2912/132/2003 2915/135/2003 2918/138/2003
f 2909/129/1285 2912/132/1285 2918/138/1285
f 2919/139/2004 2920/140/2004 2921/141/2004
f 2919/139/2004 2921/141/2004 2922/142/2004
f 2922/142/1287 2921/141/1287 2923/143/1287
f 2922/142/1287 2923/143/1287 2924/144/1287
f 2925/145/2005 2926/146/2005 2927/147/2005
f 2928/148/1289 2929/149/1289 2930/150/1289
f 2923/143/1726 2929/149/1726 2931/151/1726
f 2923/143/1726 2931/151/1726 2924/144/1726
f 2927/147/1291 2926/146/1291 2932/152/1291
f 2930/150/1292 2929/149/1292 2923/143/1292
f 2928/148/2006 2933/153/2006 2931/151/2006
f 2928/148/2006 2931/151/2006 2929/149/2006
f 2934/154/2007 2919/139/2007 2922/142/2007
f 2934/154/2007 2922/142/2007 2935/155/2007
f 2933/153/2008 2936/156/2008 2937/157/2008
f 2933/153/2008 2937/157/2008 2931/151/2008
f 2938/158/2009 2924/144/2009 2931/151/2009
f 2938/158/2009 2931/151/2009 2937/157/2009
f 2935/155/1731 2922/142/1731 2924/144/1731
f 2935/155/1731 2924/144/1731 2938/158/1731
f 2939/159/1732 2934/154/1732 2935/155/1732
f 2939/159/1732 2935/155/1732 2940/160/1732
f 2936/156/1300 2941/161/1300 2942/162/1300
f 2936/156/1300 2942/162/1300 2937/157/1300
f 2943/163/2010 2938/158/2010 2937/157/2010
f 2943/163/2010 2937/157/2010 2942/162/2010
f 2940/160/1302 2935/155/1302 2938/158/1302
f 2940/160/1302 2938/158/1302 2943/163/1302
f 2944/164/1735 2939/159/1735 2940/160/1735
f 2944/164/1735 2940/160/1735 2945/165/1735
f 2941/161/2011 2946/166/2011 2947/167/2011
f 2941/161/2011 2947/167/2011 2942/162/2011
f 2948/168/2012 2943/163/2012 2942/162/2012
f 2948/168/2012 2942/162/2012 2947/167/2012
f 2945/165/2013 2940/160/2013 2943/163/2013
f 2945/165/2013 2943/163/2013 2948/168/2013
f 2949/169/1308 2944/164/1308 2945/165/1308
f 2949/169/1308 2945/165/1308 2950/170/1308
f 2946/166/1741 2951/171/1741 2952/172/1741
f 2946/166/1741 2952/172/1741 2947/167/1741
f 2953/173/1311 2948/168/1311 2947/167/1311
f 2953/173/1311 2947/167/1311 2952/172/1311
f 2950/170/1742 2945/165/1742 2948/168/1742
f 2950/170/1742 2948/168/1742 2953/173/1742
f 2954/174/2014 2949/169/2014 2950/170/2014
f 2954/174/2014 2950/170/2014 2955/175/2014
f 2951/171/2015 2956/176/2015 2957/177/2015
f 2951/171/2015 2957/177/2015 2952/172/2015
f 2958/178/1316 2953/173/1316 2952/172/1316
f 2958/178/1316 2952/172/1316 2957/177/1316
f 2955/175/1317 2950/170/1317 2953/173/1317
f 2955/175/1317 2953/173/1317 2958/178/1317
f 2959/179/2016 2954/174/2017 2955/175/2016
f 2959/179/2016 2955/175/2016 2960/180/2017
f 2956/176/2018 2961/181/2018 2962/182/2018
f 2956/176/2018 2962/182/2018 2957/177/2018
f 2963/183/2019 2958/178/2019 2957/177/2019
f 2963/183/2019 2957/177/2019 2962/182/2019
f 2960/180/1321 2955/175/1746 2958/178/1321
f 2960/180/1321 2958/178/1321 2963/183/1321
f 2964/184/1322 2959/179/1322 2960/180/1322
f 2964/184/1322 2960/180/1322 2965/185/1322
f 2961/181/2020 2966/186/2020 2967/187/2020
f 2961/181/2020 2967/187/2020 2962/182/2020
f 2968/188/2021 2963/183/2021 2962/182/2021
f 2968/188/2021 2962/182/2021 2967/187/2021
f 2965/185/2022 2960/180/2022 2963/183/2022
f 2965/185/2022 2963/183/2022 2968/188/2022
f 2969/189/2023 2964/184/2023 2965/185/2023
f 2969/189/2023 2965/185/2023 2970/190/2023
f 2966/186/2024 2971/191/2024 2972/192/2024
f 2966/186/2024 2972/192/2024 2967/187/2024
f 2973/193/2025 2968/188/2025 2967/187/2025
f 2973/193/2025 2967/187/2025 2972/192/1754
f 2970/190/1329 2965/185/1329 2968/188/1329
f 2970/190/1329 2968/188/1329 2973/193/1329
f 2974/194/2026 2969/189/2026 2970/190/2026
f 2974/194/2026 2970/190/2026 2975/195/2026
f 2971/191/2027 2976/196/2027 2977/197/2027
f 2971/191/2027 2977/197/2027 2972/192/2027
f 2978/198/2028 2973/193/2028 2972/192/2028
f 2978/198/2028 2972/192/2028 2977/197/2028
f 2975/195/2029 2970/190/2030 2973/193/2029
f 2975/195/2029 2973/193/2029 2978/198/2029
f 2979/199/2031 2974/194/2032 2975/195/2031
f 2979/199/2031 2975/195/2031 2980/200/2031
f 2976/196/2033 2925/145/2033 2927/147/2033
f 2976/196/2033 2927/147/2033 2977/197/2033
f 2932/152/1336 2978/198/1336 2977/197/1336
f 2932/152/1336 2977/197/1336 2927/147/1336
f 2980/200/2034 2975/195/1761 2978/198/1761
f 2980/200/2034 2978/198/1761 2932/152/1761
f 2981/201/1338 2982/202/1338 2983/203/1338
f 2981/201/1338 2983/203/1338 2984/204/1338
f 2985/205/1339 2986/206/1339 2987/207/1339
f 2985/205/1339 2987/207/1339 2988/208/1339
f 2982/202/2035 2985/205/2035 2988/208/2035
f 2982/202/2035 2988/208/2035 2983/203/2035
f 2984/204/2036 2983/203/2036 2988/208/2036
f 2984/204/2036 2988/208/2036 2989/209/2036
f 2986/206/1764 2985/205/2037 2982/202/1764
f 2986/206/1764 2982/202/1764 2981/201/1764
f 2986/206/2038 2981/201/2038 2990/210/2038
f 2990/210/1766 2987/207/1344 2986/206/1344
f 2984/204/2039 2989/209/2039 2990/210/2039
f 2981/201/1346 2984/204/1346 2990/210/1346
f 2991/211/1768 2992/212/1768 2993/213/1769
f 2991/211/1768 2993/213/1769 2994/214/1769
f 2994/214/1348 2993/213/1348 2995/215/2040
f 2994/214/1348 2995/215/2040 2996/216/1348
f 2996/216/2041 2995/215/2041 2997/217/2041
f 2996/216/2041 2997/217/2041 2998/218/2041
f 2998/218/2042 2997/217/2042 2999/219/2042
f 2998/218/2042 2999/219/2042 3000/220/2042
f 3001/221/1351 3002/222/1351 2992/212/1351
f 3001/221/1351 2992/212/1351 2991/211/1351
f 2993/213/79 3003/223/79 3004/224/79
f 2995/215/79 2993/213/79 3004/224/79
f 3005/225/79 2995/215/79 3004/224/79
f 3006/226/79 3005/225/79 3004/224/79
f 3003/223/79 3006/226/79 3004/224/79
f 3007/227/1774 2996/216/1774 2998/218/1774
f 3007/227/1774 2998/218/1774 3008/228/1775
f 3009/229/2043 2994/214/2043 2996/216/2043
f 3009/229/2043 2996/216/2043 3007/227/2043
f 3010/230/2044 2991/211/2044 2994/214/2044
f 3010/230/2044 2994/214/2044 3009/229/2044
f 3011/231/1356 3001/221/1356 2991/211/1356
f 3011/231/1356 2991/211/1356 3010/230/1356
f 3008/228/1778 2998/218/1778 3000/220/1778
f 3008/228/1778 3000/220/1778 3012/232/1778
f 3013/233/1359 3014/234/1359 3015/235/1359
f 3013/233/1359 3015/235/1359 3016/236/1359
f 3017/237/1779 3018/238/1779 3019/239/1779
f 3017/237/1779 3019/239/1779 3020/240/1779
f 3014/234/2045 3017/237/2045 3020/240/2045
f 3014/234/2045 3020/240/2045 3015/235/2045
f 3016/236/2046 3015/235/2046 3020/240/2046
f 3016/236/2046 3020/240/2046 3021/241/2046
f 3018/238/1782 3017/237/1782 3014/234/1782
f 3018/238/1782 3014/234/1782 3013/233/1782
f 3018/238/2047 3013/233/2047 3022/242/2047
f 3022/242/2048 3019/239/2048 3018/238/2049
f 3016/236/1785 3021/241/1785 3022/242/1785
f 3013/233/1786 3016/236/1786 3022/242/1786
f 3023/243/1368 3024/244/1368 3025/245/1368
f 3023/243/1368 3025/245/1368 3026/246/1368
f 3027/247/1788 3028/248/1788 3029/249/1788
f 3027/247/1788 3029/249/1788 3030/250/1788
f 3024/244/2050 3027/247/2050 3030/250/2050
f 3024/244/2050 3030/250/2050 3025/245/2050
f 3031/251/1790 3025/245/1790 3030/250/1790
f 3031/251/1790 3030/250/1790 3029/249/1790
f 3028/248/2051 3027/247/2051 3024/244/2051
f 3028/248/2051 3024/244/2051 3023/243/2051
f 3028/248/2052 3023/243/2052 3032/252/2052
f 3032/252/1793 3029/249/1793 3028/248/1793
f 3031/251/1794 3029/249/1794 3032/252/1794
f 3023/243/1376 3026/246/1376 3032/252/1376
f 3033/1/1377 3034/2/1377 3035/3/1377
f 3033/1/1377 3035/3/1377 3036/4/1377
f 3037/5/1378 3038/6/1378 3039/7/1378
f 3037/5/1378 3039/7/1378 3040/8/1378
f 3034/2/1798 3037/5/1798 3040/8/1798
f 3034/2/1798 3040/8/1798 3035/3/1798
f 3036/4/2053 3035/3/2053 3040/8/2054
f 3036/4/2053 3040/8/2054 3041/9/2053
f 3038/6/2055 3037/5/2055 3034/2/2055
f 3038/6/2055 3034/2/2055 3033/1/2055
f 3038/6/1801 3033/1/1801 3042/10/1801
f 3042/10/1802 3039/7/1802 3038/6/1802
f 3036/4/1803 3041/9/1803 3042/10/1803
f 3033/1/1804 3036/4/1804 3042/10/1804
f 3043/11/1386 3044/12/1386 3045/13/1386
f 3043/11/1386 3045/13/1386 3046/14/1386
f 3046/14/2056 3045/13/2056 3047/15/2056
f 3046/14/2056 3047/15/2056 3048/16/2056
f 3049/17/2057 3050/18/2057 3051/19/2057
f 3052/20/1389 3053/21/1389 3054/22/1389
f 3047/15/1390 3053/21/1390 3055/23/1390
f 3047/15/1390 3055/23/1390 3048/16/1390
f 3051/19/2058 3050/18/2058 3056/24/2058
f 3054/22/1392 3053/21/1392 3047/15/1392
f 3052/20/1393 3057/25/1393 3055/23/1393
f 3052/20/1393 3055/23/1393 3053/21/1393
f 3058/26/1806 3043/11/1806 3046/14/1806
f 3058/26/1806 3046/14/1806 3059/27/1806
f 3057/25/1807 3060/28/1808 3061/29/1807
f 3057/25/1807 3061/29/1807 3055/23/1808
f 3062/30/1809 3048/16/1809 3055/23/1809
f 3062/30/1809 3055/23/1809 3061/29/1809
f 3059/27/2059 3046/14/2059 3048/16/2059
f 3059/27/2059 3048/16/2059 3062/30/2059
f 3063/31/1400 3058/26/1400 3059/27/1400
f 3063/31/1400 3059/27/1400 3064/32/1400
f 3060/28/1401 3065/33/1401 3066/34/1401
f 3060/28/1401 3066/34/1401 3061/29/1401
f 3067/35/1402 3062/30/1402 3061/29/1402
f 3067/35/1402 3061/29/1402 3066/34/1402
f 3064/32/1403 3059/27/1403 3062/30/1403
f 3064/32/1403 3062/30/1403 3067/35/1403
f 3068/36/1812 3063/31/1812 3064/32/1812
f 3068/36/1812 3064/32/1812 3069/37/1812
f 3065/33/2060 3070/38/2060 3071/39/2060
f 3065/33/2060 3071/39/2060 3066/34/2060
f 3072/40/2061 3067/35/2062 3066/34/2061
f 3072/40/2061 3066/34/2061 3071/39/2061
f 3069/37/2063 3064/32/2063 3067/35/2063
f 3069/37/2063 3067/35/2063 3072/40/2063
f 3073/41/2064 3068/36/2064 3069/37/2064
f 3073/41/2064 3069/37/2064 3074/42/2064
f 3070/38/1409 3075/43/1409 3076/44/1409
f 3070/38/1409 3076/44/1409 3071/39/1409
f 3077/45/1816 3072/40/1816 3071/39/1816
f 3077/45/1816 3071/39/1816 3076/44/1816
f 3074/42/2065 3069/37/1411 3072/40/1411
f 3074/42/2065 3072/40/1411 3077/45/1411
f 3078/46/1817 3073/41/1817 3074/42/1817
f 3078/46/1817 3074/42/1817 3079/47/1817
f 3075/43/1818 3080/48/1818 3081/49/1818
f 3075/43/1818 3081/49/1818 3076/44/1818
f 3082/50/1820 3077/45/2066 3076/44/1820
f 3082/50/1820 3076/44/1820 3081/49/1821
f 3079/47/2067 3074/42/2067 3077/45/2067
f 3079/47/2067 3077/45/2067 3082/50/2067
f 3083/51/1416 3078/46/1416 3079/47/1416
f 3083/51/1416 3079/47/1416 3084/52/1417
f 3080/48/1418 3085/53/1418 3086/54/1418
f 3080/48/1418 3086/54/1418 3081/49/1418
f 3087/55/1419 3082/50/1419 3081/49/1419
f 3087/55/1419 3081/49/1419 3086/54/1419
f 3084/52/2068 3079/47/2068 3082/50/2068
f 3084/52/2068 3082/50/2068 3087/55/2068
f 3088/56/2069 3083/51/2069 3084/52/2069
f 3088/56/2069 3084/52/2069 3089/57/2069
f 3085/53/1422 3090/58/1422 3091/59/1422
f 3085/53/1422 3091/59/1422 3086/54/1422
f 3092/60/1423 3087/55/1423 3086/54/1423
f 3092/60/1423 3086/54/1423 3091/59/1423
f 3089/57/2070 3084/52/2070 3087/55/2070
f 3089/57/2070 3087/55/2070 3092/60/2070
f 3093/61/1425 3088/56/1425 3089/57/1425
f 3093/61/1425 3089/57/1425 3094/62/1425
f 3090/58/2071 3095/63/2071 3096/64/2071
f 3090/58/2071 3096/64/2071 3091/59/2071
f 3097/65/2072 3092/60/2072 3091/59/2072
f 3097/65/2072 3091/59/2072 3096/64/2072
f 3094/62/1428 3089/57/1428 3092/60/1428
f 3094/62/1428 3092/60/1428 3097/65/1428
f 3098/66/1429 3093/61/1429 3094/62/1429
f 3098/66/1429 3094/62/1429 3099/67/1429
f 3095/63/1829 3100/68/1829 3101/69/1829
f 3095/63/1829 3101/69/1829 3096/64/1829
f 3102/70/2073 3097/65/2074 3096/64/2074
f 3102/70/2073 3096/64/2074 3101/69/2074
f 3099/67/1432 3094/62/1432 3097/65/1432
f 3099/67/1432 3097/65/1432 3102/70/1432
f 3103/71/1433 3098/66/1433 3099/67/1433
f 3103/71/1433 3099/67/1433 3104/72/1433
f 3100/68/1434 3049/17/1434 3051/19/1434
f 3100/68/1434 3051/19/1434 3101/69/1434
f 3056/24/2075 3102/70/2075 3101/69/2075
f 3056/24/2075 3101/69/2075 3051/19/2075
f 3104/72/2076 3099/67/2076 3102/70/2076
f 3104/72/2076 3102/70/2076 3056/24/2076
f 3105/73/1377 3106/74/1377 3107/75/1377
f 3105/73/1377 3107/75/1377 3108/76/1377
f 3109/77/1797 3110/78/1797 3111/79/1797
f 3109/77/1797 3111/79/1797 3112/80/1797
f 3106/74/1832 3109/77/1832 3112/80/1832
f 3106/74/1832 3112/80/1832 3107/75/1832
f 3108/76/2077 3107/75/2077 3112/80/2077
f 3108/76/2077 3112/80/2077 3113/81/2077
f 3110/78/1835 3109/77/1835 3106/74/1835
f 3110/78/1835 3106/74/1835 3105/73/1835
f 3110/78/2078 3105/73/2078 3114/82/2078
f 3114/82/1442 3111/79/1442 3110/78/1442
f 3108/76/1838 3113/81/1838 3114/82/1838
f 3105/73/1444 3108/76/1444 3114/82/1444
f 3115/83/2079 3116/84/2079 3117/85/2079
f 3115/83/2079 3117/85/2079 3118/86/2079
f 3118/86/1446 3117/85/1446 3119/87/1446
f 3118/86/1446 3119/87/1446 3120/88/1446
f 3120/88/2080 3119/87/2080 3121/89/2080
f 3120/88/2080 3121/89/2080 3122/90/2080
f 3123/91/2081 3122/90/2081 3121/89/2081
f 3123/91/2081 3121/89/2081 3124/92/2081
f 3123/91/2082 3124/92/2082 3125/93/2082
f 3123/91/2082 3125/93/2082 3126/94/2082
f 3127/95/79 3128/96/79 3129/97/79
f 3119/87/79 3127/95/79 3129/97/79
f 3121/89/79 3119/87/79 3129/97/79
f 3130/98/79 3121/89/79 3129/97/79
f 3128/96/79 3130/98/79 3129/97/79
f 3131/99/1450 3132/100/1450 3133/101/1450
f 3131/99/1450 3133/101/1450 3134/102/1450
f 3135/103/1842 3136/104/1842 3137/105/1842
f 3135/103/1842 3137/105/1842 3138/106/1842
f 3132/100/1452 3135/103/1452 3138/106/1452
f 3132/100/1452 3138/106/1452 3133/101/1452
f 3139/107/2083 3133/101/2083 3138/106/2083
f 3139/107/2083 3138/106/2083 3137/105/2083
f 3136/104/2084 3135/103/2084 3132/100/2084
f 3136/104/2084 3132/100/2084 3131/99/2084
f 3136/104/2085 3131/99/2085 3140/108/2085
f 3140/108/1846 3137/105/1846 3136/104/1846
f 3139/107/2086 3137/105/2086 3140/108/2086
f 3131/99/1458 3134/102/1458 3140/108/1458
f 3141/109/1459 3142/110/1459 3143/111/1459
f 3141/109/1459 3143/111/1459 3144/112/1459
f 3145/113/1460 3146/114/1460 3147/115/1460
f 3145/113/1460 3147/115/1460 3148/116/1460
f 3142/110/1850 3145/113/1851 3148/116/1851
f 3142/110/1850 3148/116/1851 3143/111/1851
f 3149/117/2087 3143/111/2087 3148/116/2087
f 3149/117/2087 3148/116/2087 3147/115/2087
f 3146/114/1463 3145/113/1463 3142/110/1463
f 3146/114/1463 3142/110/1463 3141/109/1463
f 3146/114/1854 3141/109/1854 3150/118/1855
f 3150/118/1466 3147/115/1466 3146/114/1466
f 3149/117/1857 3147/115/1857 3150/118/1857
f 3141/109/1468 3144/112/1468 3150/118/1468
f 3151/119/1858 3152/120/1858 3153/121/1858
f 3151/119/1858 3153/121/1858 3154/122/1858
f 3155/123/1470 3156/124/1470 3157/125/1470
f 3155/123/1470 3157/125/1470 3158/126/1470
f 3152/120/2088 3155/123/2088 3158/126/2088
f 3152/120/2088 3158/126/2088 3153/121/2088
f 3154/122/2089 3153/121/2089 3158/126/2089
f 3154/122/2089 3158/126/2089 3159/127/2089
f 3156/124/1861 3155/123/1862 3152/120/1861
f 3156/124/1861 3152/120/1861 3151/119/1861
f 3156/124/1863 3151/119/1863 3160/128/1863
f 3160/128/1476 3157/125/1476 3156/124/1476
f 3154/122/1864 3159/127/1864 3160/128/1864
f 3151/119/1478 3154/122/1478 3160/128/1478
# Vertices: 3160, normals: 2089, texture coordinates: 252, faces: 4385
